video_id,frame_idx,true_wrist_x,true_wrist_y,occluded,yolo_wrist_x,yolo_wrist_y,yolo_conf,mp_wrist_x,mp_wrist_y,mp_wrist_vis,lm0_x,lm0_y,lm0_z,lm1_x,lm1_y,lm1_z,lm2_x,lm2_y,lm2_z,lm3_x,lm3_y,lm3_z,lm4_x,lm4_y,lm4_z,lm5_x,lm5_y,lm5_z,lm6_x,lm6_y,lm6_z,lm7_x,lm7_y,lm7_z,lm8_x,lm8_y,lm8_z,lm9_x,lm9_y,lm9_z,lm10_x,lm10_y,lm10_z,lm11_x,lm11_y,lm11_z,lm12_x,lm12_y,lm12_z,lm13_x,lm13_y,lm13_z,lm14_x,lm14_y,lm14_z,lm15_x,lm15_y,lm15_z,lm16_x,lm16_y,lm16_z,lm17_x,lm17_y,lm17_z,lm18_x,lm18_y,lm18_z,lm19_x,lm19_y,lm19_z,lm20_x,lm20_y,lm20_z,lm21_x,lm21_y,lm21_z,lm22_x,lm22_y,lm22_z,lm23_x,lm23_y,lm23_z,lm24_x,lm24_y,lm24_z,lm25_x,lm25_y,lm25_z,lm26_x,lm26_y,lm26_z,lm27_x,lm27_y,lm27_z,lm28_x,lm28_y,lm28_z,lm29_x,lm29_y,lm29_z,lm30_x,lm30_y,lm30_z,lm31_x,lm31_y,lm31_z,lm32_x,lm32_y,lm32_z
1.16.26_HA1,0,691.29,528.64,0,691.29,528.64,0.989,699.81,544.07,0.9958,0.399165,0.274923,-0.088815,0.393886,0.261461,-0.077415,0.392888,0.261038,-0.077614,0.39196,0.260708,-0.077568,0.393211,0.261412,-0.108306,0.39158,0.261013,-0.108535,0.389895,0.260743,-0.108675,0.381398,0.266894,-0.020283,0.378343,0.267626,-0.159505,0.395371,0.287736,-0.062886,0.394322,0.287708,-0.104329,0.36474,0.333828,0.08812,0.352622,0.335663,-0.21528,0.353015,0.426728,0.160504,0.326875,0.427951,-0.255645,0.371524,0.481635,0.123949,0.364484,0.503769,-0.237445,0.375529,0.501419,0.128074,0.368096,0.527373,-0.263792,0.381739,0.500945,0.101437,0.375792,0.519544,-0.253159,0.378634,0.493636,0.111796,0.374109,0.512626,-0.231674,0.324838,0.514458,0.093704,0.333299,0.523135,-0.0938,0.287971,0.624002,0.178028,0.38735,0.62266,-0.03087,0.229723,0.712301,0.239824,0.381486,0.767526,0.051762,0.211256,0.713814,0.243296,0.369432,0.795714,0.059535,0.238252,0.774042,0.218644,0.416211,0.785649,0.031409
1.16.26_HA1,1,698.69,529.41,0,698.69,529.41,0.9878,699.82,540.37,0.9958,0.400084,0.274258,-0.080464,0.394929,0.261345,-0.070173,0.393985,0.261005,-0.070338,0.393081,0.260707,-0.070302,0.394107,0.261321,-0.098606,0.392491,0.261008,-0.098822,0.390778,0.260781,-0.09895,0.382481,0.266836,-0.016204,0.379266,0.267772,-0.14418,0.396156,0.287503,-0.05562,0.395221,0.287617,-0.093747,0.367089,0.335049,0.088122,0.353807,0.335861,-0.19155,0.351896,0.42643,0.159857,0.326963,0.427953,-0.219568,0.371032,0.478423,0.129049,0.364487,0.500347,-0.195888,0.372773,0.497829,0.13298,0.368175,0.522473,-0.218565,0.378796,0.496341,0.109095,0.375621,0.515167,-0.209801,0.37797,0.487387,0.118191,0.374041,0.507055,-0.190828,0.324842,0.514463,0.090114,0.334105,0.523209,-0.090189,0.287763,0.624406,0.17025,0.387645,0.622698,-0.039058,0.229941,0.713592,0.22919,0.381519,0.766322,0.034426,0.211901,0.713897,0.232692,0.369657,0.794029,0.041599,0.238128,0.772648,0.212939,0.416341,0.784272,0.016051
1.16.26_HA1,2,701.96,528.64,0,701.96,528.64,0.9868,701.1,540.38,0.996,0.401475,0.273758,-0.087956,0.39681,0.261183,-0.078758,0.396039,0.260874,-0.078905,0.395278,0.260587,-0.078871,0.395692,0.261226,-0.105283,0.394109,0.260975,-0.105481,0.392438,0.260775,-0.105596,0.384845,0.266328,-0.026708,0.381249,0.267547,-0.144454,0.398188,0.286989,-0.063679,0.396848,0.287337,-0.099121,0.368015,0.335045,0.075328,0.355796,0.335904,-0.196161,0.352028,0.426322,0.129747,0.328087,0.428664,-0.221454,0.371034,0.478471,0.084588,0.365157,0.500353,-0.197067,0.37274,0.49808,0.084397,0.368387,0.522286,-0.220836,0.378881,0.496433,0.061403,0.375613,0.515269,-0.212796,0.377824,0.487475,0.073636,0.374045,0.507271,-0.192326,0.325053,0.514018,0.088918,0.334882,0.522964,-0.088987,0.2878,0.624365,0.175841,0.387676,0.623001,-0.031261,0.231336,0.713602,0.240794,0.381868,0.766478,0.036703,0.213791,0.7135,0.244751,0.370281,0.794106,0.044705,0.238264,0.771489,0.223673,0.416929,0.783964,0.017824
1.16.26_HA1,3,707.36,529.87,0,707.36,529.87,0.9848,702.29,539.82,0.9962,0.404321,0.271765,-0.08794,0.399951,0.260045,-0.078712,0.399175,0.259899,-0.078865,0.398389,0.259723,-0.078831,0.398681,0.260177,-0.105295,0.397179,0.260184,-0.105495,0.395475,0.260116,-0.105611,0.388336,0.265071,-0.026117,0.384848,0.266524,-0.146659,0.401454,0.285232,-0.063659,0.400184,0.285713,-0.099351,0.370524,0.334687,0.077344,0.359556,0.335689,-0.197278,0.352271,0.425502,0.137368,0.329644,0.427898,-0.22403,0.370992,0.47841,0.096128,0.365776,0.499837,-0.199864,0.372789,0.498126,0.097511,0.369007,0.521185,-0.223996,0.378453,0.49615,0.073352,0.37583,0.514379,-0.21508,0.377788,0.487697,0.084782,0.374395,0.506225,-0.194748,0.325623,0.512789,0.089013,0.335759,0.522118,-0.089082,0.288553,0.623884,0.174752,0.387675,0.62348,-0.029271,0.233535,0.713445,0.236939,0.381896,0.766479,0.043499,0.216581,0.713501,0.240507,0.370481,0.794108,0.051192,0.239067,0.771157,0.218994,0.416902,0.783673,0.024221
1.16.26_HA1,4,708.35,527.56,0,708.35,527.56,0.9909,704.29,538.19,0.9962,0.408884,0.270947,-0.086819,0.404441,0.25942,-0.077848,0.403589,0.259325,-0.077995,0.402748,0.259181,-0.077964,0.403169,0.259614,-0.104134,0.401581,0.259733,-0.104341,0.39986,0.259726,-0.104463,0.392759,0.264162,-0.025464,0.389235,0.265714,-0.146748,0.405573,0.284468,-0.062985,0.40452,0.284997,-0.098469,0.373262,0.333926,0.078469,0.363341,0.33554,-0.194507,0.352094,0.422383,0.161898,0.332421,0.42704,-0.225269,0.370554,0.475545,0.173495,0.36682,0.498327,-0.207236,0.372687,0.494947,0.183539,0.369921,0.51997,-0.231825,0.378255,0.492827,0.158585,0.376613,0.513556,-0.222324,0.377847,0.48442,0.163442,0.375388,0.505211,-0.20201,0.326091,0.510369,0.088656,0.335724,0.519092,-0.088723,0.289525,0.623411,0.174236,0.387515,0.623372,-0.029348,0.235672,0.713085,0.232602,0.381894,0.767356,0.039286,0.219631,0.71267,0.235903,0.370517,0.79475,0.046058,0.239836,0.771131,0.215632,0.41693,0.783541,0.018928
1.16.26_HA1,5,712.7,528.39,0,712.7,528.39,0.9885,708.88,538.35,0.9962,0.413223,0.270148,-0.086037,0.408684,0.259053,-0.077239,0.407713,0.259013,-0.077388,0.406655,0.258896,-0.077361,0.407978,0.259316,-0.103704,0.406537,0.259491,-0.103915,0.404855,0.259521,-0.104043,0.396247,0.263464,-0.025363,0.394544,0.265151,-0.148058,0.40998,0.28375,-0.06275,0.409192,0.284394,-0.098524,0.376241,0.332493,0.07661,0.367342,0.334923,-0.197292,0.352265,0.417879,0.170233,0.336948,0.425273,-0.229639,0.370765,0.473373,0.190179,0.369206,0.498471,-0.208272,0.372711,0.490379,0.201924,0.372027,0.520225,-0.233418,0.378295,0.489831,0.175276,0.37879,0.513596,-0.223594,0.378012,0.483594,0.179622,0.37745,0.505484,-0.202211,0.326493,0.508023,0.088096,0.336768,0.517985,-0.088167,0.291231,0.623,0.174243,0.38711,0.623389,-0.018254,0.238406,0.713044,0.231262,0.381916,0.76721,0.055171,0.222068,0.71169,0.234499,0.370517,0.79458,0.062548,0.239888,0.770967,0.213985,0.416535,0.783721,0.040206
1.16.26_HA1,6,714.57,529.34,0,714.57,529.34,0.9883,713.07,540.39,0.9963,0.417264,0.269994,-0.08878,0.412545,0.258791,-0.079569,0.411515,0.258772,-0.079724,0.410298,0.258703,-0.079692,0.411984,0.259066,-0.106468,0.410606,0.259314,-0.106681,0.40881,0.259441,-0.106816,0.399488,0.263217,-0.027973,0.397759,0.265062,-0.151003,0.413221,0.28363,-0.06534,0.412595,0.284311,-0.101582,0.379346,0.331685,0.074916,0.370483,0.33428,-0.199224,0.356483,0.418014,0.162498,0.340243,0.425314,-0.232206,0.371929,0.473571,0.172966,0.371388,0.500359,-0.209718,0.373813,0.490763,0.178165,0.374083,0.521403,-0.23466,0.379613,0.490436,0.153556,0.381583,0.514347,-0.225274,0.379433,0.485524,0.161972,0.380107,0.506531,-0.204226,0.327412,0.505979,0.088172,0.337646,0.516351,-0.088245,0.293233,0.621833,0.174278,0.386438,0.623519,-0.015072,0.240582,0.713017,0.229539,0.381805,0.767245,0.064597,0.224065,0.711702,0.232354,0.370557,0.794952,0.072233,0.240278,0.770965,0.207969,0.416044,0.783794,0.046572
1.16.26_HA1,7,714.58,529.58,0,714.58,529.58,0.9848,716.26,541.43,0.9964,0.420583,0.270046,-0.099594,0.41599,0.258701,-0.089298,0.415183,0.258664,-0.089462,0.414309,0.258593,-0.089421,0.415055,0.258988,-0.116803,0.413331,0.259271,-0.117025,0.411336,0.259446,-0.11717,0.403142,0.263158,-0.035213,0.400471,0.265074,-0.159272,0.416691,0.283672,-0.074989,0.415678,0.284351,-0.111926,0.383392,0.331018,0.069582,0.374179,0.333835,-0.205185,0.360182,0.417831,0.157452,0.342997,0.425363,-0.23298,0.372778,0.473806,0.156895,0.373053,0.50132,-0.211901,0.374597,0.490853,0.161227,0.375389,0.522271,-0.236773,0.380435,0.491157,0.136393,0.382737,0.515227,-0.227001,0.380339,0.487217,0.145706,0.381319,0.507481,-0.206258,0.328339,0.503686,0.087887,0.338854,0.515147,-0.087962,0.294682,0.620979,0.173004,0.385569,0.62401,-0.007377,0.24292,0.713014,0.22483,0.381768,0.767523,0.077768,0.226609,0.711476,0.227192,0.370539,0.79552,0.085844,0.240667,0.770984,0.197376,0.416023,0.784251,0.05744
1.16.26_HA1,8,715.79,529.17,0,715.79,529.17,0.9834,718.51,542.36,0.9966,0.423055,0.270113,-0.10126,0.418785,0.258691,-0.090753,0.417928,0.258654,-0.090917,0.417036,0.258592,-0.09087,0.417813,0.258966,-0.1187,0.416038,0.259257,-0.118918,0.414065,0.259449,-0.119063,0.406012,0.263112,-0.036786,0.403342,0.265089,-0.162237,0.418804,0.283706,-0.076575,0.417937,0.284372,-0.114059,0.385022,0.330636,0.066911,0.377193,0.333178,-0.209395,0.361568,0.418201,0.130479,0.346499,0.425487,-0.233476,0.372754,0.47879,0.09153,0.374226,0.502183,-0.203236,0.374572,0.498795,0.09369,0.376193,0.523801,-0.227516,0.380423,0.498963,0.067575,0.383563,0.517495,-0.218889,0.380292,0.494887,0.079417,0.382458,0.508649,-0.198055,0.329359,0.502114,0.087576,0.340336,0.513935,-0.087653,0.296069,0.620429,0.179781,0.384676,0.624249,-0.001846,0.2439,0.713021,0.241398,0.381782,0.767604,0.084863,0.228035,0.711397,0.244804,0.371353,0.795871,0.092974,0.242534,0.7712,0.215451,0.416026,0.784281,0.064862
1.16.26_HA1,9,717.63,529.68,0,717.63,529.68,0.9845,720.61,545.46,0.9967,0.425377,0.270098,-0.099344,0.420904,0.258695,-0.088839,0.419863,0.258654,-0.089007,0.418731,0.258595,-0.088961,0.420328,0.258974,-0.117126,0.418786,0.259261,-0.117345,0.417003,0.259473,-0.117488,0.408407,0.263132,-0.03792,0.406646,0.26512,-0.162168,0.421371,0.283683,-0.074868,0.420726,0.284364,-0.112569,0.385453,0.330029,0.063235,0.380049,0.333255,-0.21018,0.360923,0.418468,0.13219,0.34881,0.426165,-0.227237,0.370971,0.484485,0.104325,0.375318,0.505056,-0.184961,0.37319,0.507431,0.108016,0.376959,0.526768,-0.206885,0.379357,0.508155,0.081956,0.384263,0.520772,-0.198822,0.379394,0.503777,0.092501,0.383032,0.512371,-0.179919,0.329934,0.499207,0.086832,0.342026,0.512246,-0.086914,0.297412,0.619448,0.183306,0.384035,0.624698,0.015245,0.245288,0.713019,0.243044,0.381781,0.767611,0.104113,0.228455,0.711611,0.246455,0.371683,0.796173,0.112739,0.245271,0.771784,0.221134,0.416025,0.784366,0.090614
1.16.26_HA1,10,719.63,529.91,0,719.63,529.91,0.9833,722.18,549.48,0.9969,0.427216,0.270108,-0.103927,0.422374,0.258638,-0.09364,0.42144,0.258592,-0.093801,0.420473,0.258541,-0.093754,0.421648,0.258892,-0.121155,0.42011,0.25917,-0.121372,0.418341,0.259416,-0.121519,0.410516,0.26298,-0.042113,0.408711,0.265049,-0.164657,0.423266,0.283657,-0.079821,0.422659,0.284353,-0.116621,0.387747,0.329618,0.061063,0.383298,0.332968,-0.213245,0.363619,0.418514,0.122532,0.35055,0.426883,-0.229601,0.373794,0.492948,0.084519,0.376137,0.50878,-0.194821,0.376337,0.508725,0.086987,0.377682,0.531102,-0.21889,0.38267,0.509426,0.060005,0.385245,0.525069,-0.21033,0.382521,0.505026,0.072158,0.383898,0.516677,-0.189854,0.330428,0.49853,0.086724,0.342189,0.511997,-0.086804,0.298187,0.618642,0.192528,0.383152,0.625943,0.018262,0.247043,0.713004,0.267028,0.381801,0.767653,0.115378,0.230792,0.711708,0.271888,0.371953,0.796944,0.124636,0.245883,0.772063,0.243434,0.416103,0.785065,0.096138
1.16.26_HA1,11,721.62,531.65,0,721.62,531.65,0.9844,725.42,552.29,0.997,0.429219,0.270437,-0.102408,0.424342,0.25884,-0.092101,0.423368,0.258785,-0.092265,0.422389,0.258749,-0.092217,0.42362,0.259098,-0.119888,0.422099,0.259384,-0.120108,0.420362,0.259695,-0.120252,0.412228,0.263007,-0.040496,0.410625,0.265152,-0.164673,0.424899,0.283906,-0.078395,0.424357,0.284635,-0.115627,0.386392,0.328254,0.062762,0.385066,0.333122,-0.214896,0.362995,0.418776,0.130241,0.352771,0.427245,-0.230267,0.374776,0.494692,0.097621,0.377823,0.511384,-0.200424,0.377607,0.508429,0.099891,0.380272,0.534969,-0.224788,0.38405,0.509239,0.074103,0.387833,0.528173,-0.215909,0.383801,0.504817,0.085626,0.386291,0.519377,-0.195328,0.330467,0.498622,0.086899,0.342686,0.512312,-0.086979,0.298979,0.61778,0.203493,0.382093,0.626324,0.014024,0.249174,0.713002,0.279514,0.381756,0.767755,0.105673,0.23332,0.712381,0.284476,0.372057,0.797292,0.114489,0.247028,0.77217,0.258406,0.416103,0.785315,0.087341
1.16.26_HA1,12,725.08,535.05,0,725.08,535.05,0.984,726.78,556.03,0.997,0.43153,0.270465,-0.104555,0.426213,0.258899,-0.094496,0.425119,0.258831,-0.094661,0.424056,0.258782,-0.094613,0.425746,0.25921,-0.121809,0.42437,0.259497,-0.122024,0.422867,0.259799,-0.122168,0.414617,0.263019,-0.04369,0.413675,0.265166,-0.165953,0.427723,0.283867,-0.080879,0.427256,0.284647,-0.117507,0.389438,0.328402,0.058395,0.387753,0.333332,-0.215525,0.365885,0.42077,0.114681,0.354396,0.427816,-0.231687,0.379971,0.504836,0.069943,0.378531,0.514844,-0.202213,0.383412,0.516379,0.071195,0.380862,0.539171,-0.227308,0.389042,0.515446,0.04332,0.388592,0.533454,-0.218667,0.389326,0.509956,0.057035,0.386882,0.524558,-0.19741,0.331078,0.498968,0.086039,0.343848,0.512615,-0.086116,0.299659,0.617594,0.202924,0.381065,0.628323,0.026599,0.251094,0.712988,0.287693,0.381755,0.767965,0.131334,0.236339,0.71296,0.293412,0.372206,0.798202,0.141175,0.248566,0.771039,0.267314,0.415987,0.785467,0.115579
1.16.26_HA1,13,726.68,538.31,0,726.68,538.31,0.9851,729.31,558.54,0.9972,0.432697,0.270478,-0.108403,0.427422,0.259046,-0.098297,0.426256,0.258976,-0.098465,0.425186,0.258915,-0.098417,0.427119,0.259517,-0.125621,0.42578,0.259888,-0.125839,0.424398,0.260258,-0.125981,0.41627,0.263315,-0.047406,0.415573,0.265665,-0.169795,0.429207,0.283889,-0.084825,0.428603,0.28471,-0.121457,0.389401,0.328093,0.056861,0.388034,0.333866,-0.219922,0.367793,0.421372,0.116001,0.356365,0.429934,-0.234648,0.385672,0.501527,0.07222,0.37985,0.517163,-0.203466,0.388371,0.515998,0.07422,0.381937,0.541202,-0.227434,0.394256,0.51396,0.045898,0.389699,0.535996,-0.219739,0.394311,0.508184,0.059204,0.388278,0.527207,-0.198208,0.331363,0.499087,0.086075,0.344425,0.512854,-0.086155,0.300525,0.617605,0.197635,0.380028,0.630172,0.026816,0.251409,0.713119,0.272438,0.381733,0.768742,0.132925,0.236083,0.713925,0.277089,0.372242,0.799206,0.142901,0.248266,0.771856,0.25217,0.415919,0.786197,0.115172
1.16.26_HA1,14,735.0,549.0,0,728.24,539.82,0.9859,729.81,561.19,0.9971,0.434024,0.270753,-0.116772,0.428535,0.25929,-0.106702,0.42729,0.259172,-0.10688,0.426133,0.259088,-0.106837,0.42842,0.259884,-0.134063,0.427125,0.260263,-0.134273,0.425731,0.260658,-0.134414,0.4174,0.26358,-0.05471,0.416837,0.266145,-0.177234,0.430388,0.284146,-0.092797,0.429992,0.285216,-0.129486,0.393942,0.329692,0.050709,0.389728,0.334214,-0.224917,0.37518,0.426592,0.103538,0.357168,0.432319,-0.239724,0.394674,0.504485,0.048143,0.380112,0.519623,-0.211165,0.397388,0.523525,0.047886,0.382071,0.542791,-0.238777,0.399254,0.523679,0.018674,0.38957,0.538971,-0.232618,0.399273,0.515851,0.03454,0.388177,0.530586,-0.207488,0.331688,0.499115,0.086205,0.344243,0.513076,-0.086283,0.301127,0.617616,0.202611,0.379434,0.631578,0.024261,0.252446,0.713269,0.289097,0.381703,0.770487,0.130044,0.237151,0.713993,0.29456,0.372257,0.800551,0.139647,0.249784,0.77261,0.262117,0.415911,0.786782,0.107742
1.16.26_HA1,15,735.0,551.0,0,729.44,544.65,0.9864,731.58,560.32,0.9971,0.434495,0.272082,-0.112658,0.429459,0.26018,-0.102618,0.428356,0.26009,-0.102796,0.427241,0.260104,-0.10275,0.429289,0.260717,-0.129985,0.428112,0.261154,-0.130201,0.426772,0.261736,-0.130343,0.418016,0.264293,-0.051051,0.416975,0.26714,-0.174062,0.430714,0.285846,-0.088763,0.430287,0.286655,-0.125458,0.394319,0.329701,0.05319,0.391164,0.334779,-0.222903,0.372791,0.42698,0.107159,0.357917,0.433536,-0.239589,0.39089,0.501876,0.056239,0.381032,0.518819,-0.211508,0.393078,0.521451,0.056739,0.384185,0.541711,-0.239318,0.396654,0.521749,0.029466,0.391056,0.5373,-0.232689,0.396232,0.515139,0.04353,0.389445,0.529041,-0.207821,0.332053,0.498727,0.08523,0.344324,0.513089,-0.085312,0.301481,0.617643,0.19884,0.37887,0.632896,0.029094,0.253936,0.713382,0.276786,0.381553,0.772171,0.132444,0.237443,0.713708,0.28163,0.372125,0.802031,0.142148,0.250496,0.77344,0.251731,0.415995,0.786938,0.11316
1.16.26_HA1,16,732.74,547.73,0,732.74,547.73,0.9877,731.21,562.92,0.9972,0.43506,0.272468,-0.111961,0.430155,0.26056,-0.102075,0.429095,0.260468,-0.102259,0.428059,0.260533,-0.102213,0.429765,0.261035,-0.129158,0.428486,0.261475,-0.129379,0.427087,0.262147,-0.12952,0.418881,0.264729,-0.051054,0.417441,0.267706,-0.17263,0.431702,0.286489,-0.088238,0.431105,0.287207,-0.12454,0.39708,0.330887,0.054116,0.391904,0.335216,-0.221832,0.374639,0.427805,0.115516,0.357854,0.434775,-0.239983,0.392793,0.500246,0.074222,0.380838,0.521219,-0.214086,0.395072,0.51971,0.076437,0.383669,0.545093,-0.242153,0.398262,0.519604,0.048814,0.391056,0.540186,-0.235254,0.398126,0.513069,0.061659,0.389628,0.531755,-0.210503,0.33292,0.499052,0.08511,0.344627,0.513161,-0.085192,0.301328,0.617702,0.192559,0.378311,0.634048,0.033975,0.254412,0.714005,0.271235,0.38139,0.772987,0.142069,0.237906,0.713609,0.275937,0.372027,0.802673,0.152174,0.250249,0.775588,0.238347,0.416032,0.787016,0.124396
1.16.26_HA1,17,735.07,553.95,0,735.07,553.95,0.988,732.11,563.95,0.9973,0.435353,0.272802,-0.117049,0.430507,0.260784,-0.106872,0.429496,0.260717,-0.10705,0.428464,0.260828,-0.106996,0.430158,0.261241,-0.13383,0.428952,0.261717,-0.134058,0.427588,0.262477,-0.134206,0.419284,0.26516,-0.054619,0.417832,0.268335,-0.175441,0.43221,0.286993,-0.092864,0.431658,0.287664,-0.128983,0.39513,0.330774,0.052805,0.393633,0.33601,-0.224284,0.372933,0.427846,0.115129,0.358246,0.435658,-0.242943,0.390334,0.499357,0.074191,0.381305,0.52218,-0.21584,0.392921,0.519507,0.076562,0.384456,0.545889,-0.243688,0.396396,0.519838,0.048745,0.392035,0.540142,-0.235653,0.395985,0.514074,0.061561,0.390553,0.531562,-0.211643,0.333022,0.499311,0.085087,0.345233,0.513258,-0.085171,0.301811,0.617751,0.192148,0.37771,0.634636,0.042415,0.255299,0.715189,0.269686,0.3813,0.774563,0.154386,0.238674,0.714769,0.27444,0.372009,0.804513,0.164999,0.25108,0.775546,0.240681,0.416033,0.787559,0.138057
1.16.26_HA1,18,737.49,557.22,0,737.49,557.22,0.9878,734.41,566.31,0.9973,0.435596,0.272803,-0.113749,0.430709,0.260972,-0.103508,0.429666,0.260999,-0.103687,0.428637,0.26122,-0.103635,0.430396,0.261414,-0.131083,0.429187,0.261966,-0.131305,0.427896,0.262781,-0.131449,0.420165,0.265959,-0.052958,0.419074,0.269006,-0.175366,0.432596,0.286994,-0.089627,0.432229,0.287696,-0.126309,0.395704,0.332353,0.051886,0.394171,0.337626,-0.22214,0.374836,0.429315,0.11549,0.35863,0.438031,-0.23743,0.391854,0.498843,0.079207,0.382504,0.524365,-0.212343,0.393364,0.518964,0.082015,0.385594,0.548321,-0.239366,0.399059,0.518673,0.054438,0.393587,0.542691,-0.230979,0.398866,0.512817,0.066796,0.392427,0.53387,-0.208004,0.333254,0.499458,0.083297,0.345534,0.51407,-0.083382,0.302447,0.617767,0.182762,0.377387,0.635613,0.042459,0.256273,0.716095,0.250759,0.38129,0.775131,0.151866,0.2396,0.715851,0.25445,0.371998,0.805382,0.162303,0.251062,0.775968,0.221074,0.416068,0.787957,0.138014
1.16.26_HA1,19,740.93,559.71,0,740.93,559.71,0.9878,738.11,569.18,0.9973,0.435575,0.274509,-0.114869,0.430804,0.262571,-0.105167,0.429751,0.262647,-0.105347,0.428655,0.262954,-0.105295,0.430563,0.262975,-0.131848,0.429383,0.263596,-0.132073,0.428053,0.264514,-0.132216,0.419723,0.26776,-0.055838,0.418647,0.270985,-0.174836,0.432368,0.288266,-0.091491,0.431935,0.289008,-0.127132,0.396651,0.33314,0.04843,0.394244,0.339104,-0.221583,0.376114,0.430464,0.107817,0.359859,0.440606,-0.237665,0.392738,0.49914,0.063427,0.384434,0.52702,-0.214055,0.393976,0.518431,0.064495,0.387525,0.551555,-0.241573,0.400078,0.518131,0.036539,0.395373,0.546174,-0.23323,0.400077,0.512135,0.050701,0.39445,0.537148,-0.209816,0.33368,0.49961,0.082622,0.346061,0.514131,-0.082706,0.302916,0.617812,0.179337,0.377122,0.637172,0.037658,0.256136,0.71698,0.248564,0.381152,0.7764,0.146181,0.239515,0.717179,0.252333,0.371826,0.806844,0.15632,0.251092,0.775928,0.218917,0.416067,0.788498,0.130221
1.16.26_HA1,20,744.48,562.46,0,744.48,562.46,0.9881,738.69,569.58,0.9973,0.435856,0.275245,-0.116187,0.430919,0.263672,-0.1062,0.429837,0.263879,-0.106377,0.428699,0.264306,-0.106328,0.430751,0.263996,-0.133187,0.429624,0.264672,-0.133414,0.428357,0.265618,-0.133558,0.419746,0.269286,-0.055257,0.419138,0.272307,-0.175848,0.432806,0.288941,-0.092436,0.432518,0.289606,-0.12854,0.39778,0.336158,0.051008,0.393865,0.340782,-0.223576,0.377114,0.432161,0.109642,0.360203,0.443198,-0.239431,0.394662,0.499272,0.057881,0.384737,0.527387,-0.216875,0.398276,0.517801,0.05805,0.388307,0.551865,-0.24516,0.40197,0.517399,0.029413,0.396482,0.545365,-0.237194,0.401612,0.51137,0.044634,0.395436,0.536521,-0.212776,0.334005,0.499635,0.082673,0.345854,0.51428,-0.082764,0.302855,0.617968,0.174024,0.377259,0.637568,0.033573,0.256226,0.717631,0.240573,0.381028,0.77841,0.134902,0.239289,0.718732,0.243966,0.371772,0.808186,0.144566,0.251491,0.776385,0.209108,0.415953,0.78907,0.12007
1.16.26_HA1,21,745.36,561.52,0,745.36,561.52,0.9873,739.69,570.39,0.9974,0.436193,0.276052,-0.114351,0.431198,0.264675,-0.104434,0.430084,0.26496,-0.104613,0.428936,0.265398,-0.104565,0.431103,0.265001,-0.131435,0.429981,0.265724,-0.131662,0.428745,0.266615,-0.131804,0.419854,0.270177,-0.053915,0.419313,0.273239,-0.174494,0.433065,0.289779,-0.090727,0.432815,0.29031,-0.126851,0.396662,0.336056,0.051272,0.394196,0.341704,-0.222839,0.376642,0.432114,0.106043,0.361021,0.444691,-0.238869,0.395096,0.499162,0.049823,0.385256,0.528143,-0.216817,0.398285,0.515992,0.048981,0.389444,0.552507,-0.244939,0.402704,0.516887,0.021034,0.397471,0.545341,-0.236789,0.401795,0.511084,0.036737,0.396064,0.537108,-0.212717,0.334207,0.499776,0.082464,0.345954,0.51451,-0.082554,0.302968,0.617983,0.16849,0.377246,0.63904,0.03046,0.256477,0.718022,0.231433,0.380959,0.779818,0.132637,0.239873,0.718613,0.234551,0.371687,0.808805,0.142265,0.251295,0.778158,0.200722,0.415852,0.790238,0.11694
1.16.26_HA1,22,751.79,563.98,0,751.79,563.98,0.9884,741.9,574.55,0.9976,0.436347,0.276203,-0.131054,0.431277,0.264987,-0.121521,0.430218,0.265264,-0.121707,0.429118,0.265687,-0.121662,0.431119,0.26535,-0.147358,0.429961,0.266105,-0.14759,0.428654,0.267031,-0.147733,0.420081,0.270397,-0.070718,0.41916,0.273667,-0.185925,0.433359,0.289952,-0.107346,0.43298,0.290446,-0.141897,0.397825,0.336429,0.037809,0.393999,0.343096,-0.226834,0.378122,0.433349,0.102935,0.362366,0.448471,-0.239022,0.397083,0.498847,0.058908,0.386409,0.531989,-0.216948,0.401497,0.515714,0.059699,0.390592,0.555811,-0.244923,0.405047,0.516395,0.031435,0.398741,0.548217,-0.236995,0.403734,0.510569,0.046095,0.397782,0.54,-0.212888,0.334615,0.499909,0.081009,0.345883,0.514961,-0.081097,0.302926,0.618226,0.166168,0.377336,0.640903,0.036377,0.25601,0.719776,0.235308,0.380803,0.781058,0.154055,0.239397,0.720018,0.239026,0.37152,0.809901,0.16532,0.25137,0.778861,0.206461,0.41585,0.790903,0.141358
1.16.26_HA1,23,754.69,563.45,0,754.69,563.45,0.9886,743.25,572.85,0.9977,0.436184,0.276215,-0.126884,0.431231,0.265102,-0.116612,0.430146,0.265418,-0.116796,0.429051,0.265855,-0.116749,0.431093,0.265504,-0.143356,0.429907,0.266321,-0.143584,0.428586,0.267263,-0.143728,0.419875,0.270711,-0.064039,0.418906,0.274075,-0.182959,0.433307,0.290107,-0.102516,0.432937,0.290584,-0.13826,0.398737,0.337519,0.043423,0.393989,0.344117,-0.22738,0.381735,0.433394,0.106151,0.362676,0.449066,-0.243385,0.399939,0.498471,0.049871,0.387111,0.53042,-0.223848,0.403807,0.515472,0.049104,0.392018,0.554066,-0.253235,0.406808,0.516007,0.019728,0.400241,0.546656,-0.244898,0.405149,0.510166,0.03622,0.398819,0.538473,-0.21961,0.334924,0.500068,0.081245,0.345798,0.515245,-0.081336,0.303325,0.618353,0.165455,0.377371,0.641994,0.031892,0.256234,0.720132,0.233071,0.380755,0.782192,0.143319,0.239455,0.720004,0.236521,0.371484,0.81076,0.153669,0.251284,0.779712,0.201317,0.415784,0.79226,0.127207
1.16.26_HA1,24,763.47,563.51,0,763.47,563.51,0.9896,748.86,571.79,0.9978,0.436235,0.276452,-0.127422,0.431341,0.265446,-0.116835,0.430294,0.265778,-0.117024,0.429237,0.266227,-0.11698,0.431155,0.265894,-0.143687,0.429924,0.266763,-0.143913,0.428545,0.267762,-0.144056,0.419834,0.271069,-0.062693,0.41875,0.274507,-0.182317,0.433214,0.29058,-0.102591,0.432749,0.291005,-0.138466,0.399056,0.339042,0.046182,0.39318,0.345302,-0.227307,0.384716,0.433333,0.109332,0.362831,0.45111,-0.246352,0.402379,0.498211,0.059845,0.390031,0.529437,-0.230343,0.40625,0.515352,0.060522,0.394877,0.552828,-0.26021,0.409385,0.516329,0.031813,0.402259,0.54557,-0.251771,0.406901,0.509967,0.046694,0.400919,0.537398,-0.226161,0.334854,0.500293,0.081568,0.345657,0.515371,-0.081658,0.303099,0.61911,0.164082,0.377369,0.642634,0.029034,0.255837,0.720962,0.2325,0.380749,0.782718,0.138763,0.239204,0.721174,0.236022,0.371421,0.810786,0.148967,0.251276,0.780705,0.199566,0.415899,0.793822,0.121564
1.16.26_HA1,25,761.0,567.0,0,757.27,556.86,0.9885,754.28,570.81,0.998,0.435805,0.27662,-0.13499,0.430949,0.265792,-0.124289,0.429952,0.266128,-0.124484,0.428963,0.266567,-0.124441,0.430685,0.266272,-0.150063,0.429425,0.267179,-0.150287,0.428013,0.268214,-0.150428,0.419588,0.271373,-0.067884,0.418251,0.274954,-0.183319,0.432916,0.290894,-0.109517,0.432334,0.291322,-0.143995,0.399515,0.340722,0.042223,0.39274,0.34624,-0.226617,0.385145,0.433468,0.09565,0.363458,0.453412,-0.246289,0.405444,0.498047,0.029156,0.392855,0.528527,-0.231688,0.410463,0.515283,0.027043,0.400442,0.552773,-0.261121,0.414075,0.51623,-0.001919,0.40666,0.545127,-0.253135,0.411135,0.509849,0.015685,0.404751,0.536563,-0.227717,0.335121,0.500725,0.08167,0.345584,0.515408,-0.081753,0.302937,0.6197,0.166852,0.377356,0.643465,0.01487,0.255782,0.721792,0.235087,0.380748,0.782963,0.121644,0.239138,0.721332,0.23901,0.371414,0.810474,0.131773,0.251526,0.782417,0.201827,0.415966,0.794924,0.10453
1.16.26_HA1,26,766.46,556.92,0,766.46,556.92,0.9895,758.48,570.11,0.9981,0.435324,0.278199,-0.142345,0.430676,0.266644,-0.131043,0.429777,0.266878,-0.131243,0.428924,0.267191,-0.1312,0.430241,0.267266,-0.15651,0.428911,0.268233,-0.156733,0.427433,0.269264,-0.156873,0.419212,0.271903,-0.071595,0.417521,0.275804,-0.185456,0.432356,0.292378,-0.115855,0.431585,0.292989,-0.149916,0.399614,0.341457,0.040534,0.392115,0.347178,-0.226385,0.385053,0.433905,0.097772,0.363585,0.453915,-0.250314,0.407113,0.497789,0.037346,0.39504,0.527881,-0.245683,0.412232,0.514832,0.036029,0.402775,0.552207,-0.276546,0.415547,0.515738,0.006868,0.408768,0.544505,-0.268417,0.412851,0.509403,0.024005,0.406652,0.535868,-0.241895,0.335209,0.501062,0.081623,0.345482,0.515543,-0.081706,0.302846,0.619983,0.166989,0.377338,0.64489,0.00798,0.255501,0.721945,0.236991,0.380764,0.783145,0.110866,0.238879,0.721654,0.240913,0.371414,0.810463,0.120512,0.251457,0.783104,0.204851,0.416225,0.795766,0.091378
1.16.26_HA1,27,772.73,555.55,0,772.73,555.55,0.9887,758.66,569.7,0.9983,0.434919,0.27814,-0.140634,0.430168,0.266603,-0.128749,0.429227,0.266854,-0.128948,0.428336,0.267172,-0.128906,0.429783,0.267243,-0.154927,0.428455,0.268247,-0.155152,0.426955,0.269277,-0.15529,0.418652,0.272149,-0.068532,0.416985,0.275985,-0.184932,0.431815,0.292336,-0.113939,0.431076,0.292957,-0.148933,0.399262,0.34248,0.043269,0.391715,0.347822,-0.227086,0.387865,0.434874,0.099442,0.362981,0.453012,-0.258243,0.411717,0.497573,0.048733,0.395138,0.527502,-0.260424,0.417251,0.514743,0.048809,0.402484,0.552161,-0.292542,0.421169,0.515548,0.020371,0.40875,0.54392,-0.284006,0.418015,0.50919,0.035818,0.40666,0.535341,-0.256647,0.335239,0.501459,0.081654,0.34545,0.515572,-0.081736,0.302875,0.620718,0.161838,0.377399,0.645274,-0.001858,0.255263,0.722473,0.227475,0.380764,0.783879,0.091342,0.2388,0.721519,0.230587,0.371412,0.811258,0.099766,0.25119,0.784809,0.19098,0.416506,0.796105,0.067357
1.16.26_HA1,28,777.59,549.65,0,777.59,549.65,0.9895,766.28,568.52,0.9983,0.4341,0.27808,-0.142199,0.429513,0.266603,-0.130658,0.428634,0.266885,-0.130852,0.427851,0.267202,-0.13081,0.429057,0.267269,-0.157103,0.427744,0.268315,-0.157327,0.426367,0.269333,-0.157462,0.418396,0.272309,-0.070698,0.416792,0.276104,-0.188431,0.431107,0.292268,-0.115618,0.430444,0.292897,-0.150986,0.398527,0.342483,0.042062,0.39156,0.348874,-0.230004,0.387355,0.43566,0.095595,0.363311,0.45476,-0.260803,0.41346,0.497491,0.028829,0.399104,0.526409,-0.260957,0.420206,0.514617,0.026548,0.407652,0.549605,-0.293012,0.423049,0.515529,-0.003038,0.414172,0.541564,-0.28463,0.420214,0.509124,0.015017,0.411633,0.533813,-0.257213,0.3352,0.501821,0.081766,0.345379,0.51589,-0.08185,0.302952,0.621416,0.164366,0.377385,0.6462,-0.004003,0.255034,0.72323,0.231083,0.380746,0.785523,0.085504,0.238542,0.722635,0.234446,0.371352,0.81178,0.093658,0.251116,0.784562,0.198004,0.416494,0.796838,0.060294
1.16.26_HA1,29,791.04,549.33,0,791.04,549.33,0.9898,768.62,565.8,0.9984,0.433174,0.278083,-0.138188,0.42855,0.266564,-0.12726,0.427545,0.26685,-0.127446,0.426629,0.267166,-0.127404,0.428288,0.267221,-0.153791,0.427007,0.268254,-0.154016,0.425665,0.269259,-0.154152,0.417267,0.272287,-0.069994,0.416106,0.276026,-0.188177,0.429968,0.292205,-0.112485,0.429493,0.292831,-0.14797,0.398202,0.342325,0.041542,0.390913,0.349248,-0.23038,0.385447,0.435549,0.091734,0.363161,0.456599,-0.258046,0.411363,0.493698,0.022643,0.400324,0.523887,-0.250144,0.417495,0.508791,0.020323,0.409467,0.544271,-0.280196,0.421856,0.50905,-0.007645,0.415183,0.535718,-0.271733,0.418074,0.501774,0.009355,0.412877,0.52901,-0.246069,0.33513,0.50326,0.081923,0.345369,0.51712,-0.082005,0.302855,0.622483,0.164674,0.377201,0.6467,-0.00576,0.254853,0.724606,0.231982,0.380607,0.785906,0.084068,0.238325,0.72379,0.235495,0.371264,0.812551,0.09254,0.250927,0.787796,0.19971,0.415344,0.798275,0.061714
1.16.26_HA1,30,794.0,549.0,0,795.96,541.7,0.9913,772.08,561.27,0.9984,0.431006,0.277972,-0.143331,0.42632,0.266354,-0.131831,0.425245,0.26666,-0.132014,0.424218,0.267005,-0.131971,0.42623,0.267019,-0.158547,0.424984,0.268087,-0.158773,0.42361,0.269143,-0.158915,0.415048,0.272105,-0.072143,0.414017,0.275913,-0.191262,0.427738,0.292031,-0.11675,0.427349,0.292656,-0.152471,0.397105,0.342119,0.041531,0.389467,0.349141,-0.233099,0.385226,0.435518,0.092363,0.364276,0.458271,-0.261227,0.412648,0.487652,0.023034,0.402124,0.519692,-0.253407,0.41873,0.500204,0.020901,0.411701,0.537949,-0.283826,0.42366,0.500597,-0.007283,0.417618,0.528676,-0.274768,0.420158,0.495257,0.009642,0.414329,0.522559,-0.249137,0.334786,0.503768,0.082037,0.344954,0.517555,-0.082115,0.3028,0.623834,0.165153,0.377031,0.646425,-0.010456,0.254757,0.725866,0.232356,0.380633,0.785933,0.07858,0.238214,0.724945,0.235824,0.371311,0.81324,0.086982,0.250844,0.788404,0.199063,0.415354,0.79909,0.054697
1.16.26_HA1,31,797.0,540.0,0,798.83,534.48,0.9925,780.55,554.98,0.9982,0.427758,0.277626,-0.14209,0.42286,0.26599,-0.130617,0.421842,0.266314,-0.130806,0.420858,0.266688,-0.130768,0.422549,0.266695,-0.157189,0.421111,0.267869,-0.157407,0.419445,0.269049,-0.157542,0.411189,0.271961,-0.070937,0.409393,0.275858,-0.189636,0.424573,0.291723,-0.115572,0.423877,0.292408,-0.151099,0.396292,0.342515,0.03967,0.38522,0.349294,-0.231711,0.387885,0.435379,0.078552,0.36534,0.459362,-0.258763,0.418509,0.486053,-0.008911,0.406536,0.513874,-0.247712,0.427621,0.49724,-0.015383,0.416217,0.530423,-0.277387,0.431419,0.49582,-0.043043,0.421522,0.521155,-0.268695,0.427581,0.491616,-0.022737,0.41779,0.514646,-0.24345,0.334763,0.506679,0.081851,0.344602,0.518268,-0.081917,0.30221,0.626766,0.161125,0.376915,0.647262,-0.00997,0.254672,0.727414,0.230687,0.380632,0.786282,0.079941,0.238131,0.727328,0.234308,0.37132,0.813837,0.088239,0.250784,0.788596,0.195678,0.415389,0.799219,0.054913
1.16.26_HA1,32,802.0,535.0,0,798.88,530.38,0.9932,780.83,546.59,0.9981,0.424826,0.276103,-0.152104,0.41934,0.265022,-0.139206,0.418308,0.265396,-0.139391,0.417302,0.265831,-0.139357,0.419094,0.265833,-0.167509,0.417711,0.267144,-0.167725,0.416131,0.268495,-0.167851,0.407618,0.271661,-0.074662,0.405993,0.27575,-0.20037,0.421788,0.290644,-0.12389,0.421151,0.291442,-0.161567,0.392701,0.342361,0.039441,0.38126,0.349953,-0.241289,0.387778,0.435318,0.080569,0.365194,0.459493,-0.272735,0.420274,0.47877,-0.007523,0.406682,0.506098,-0.25984,0.432196,0.487463,-0.012752,0.416566,0.518884,-0.290419,0.436696,0.483619,-0.041585,0.421022,0.50959,-0.280811,0.43034,0.481508,-0.021951,0.418074,0.504595,-0.255456,0.333761,0.507668,0.082487,0.343808,0.518746,-0.082547,0.302135,0.628365,0.147338,0.376437,0.647154,-0.006803,0.254471,0.728984,0.202938,0.380688,0.786019,0.086904,0.237999,0.727706,0.20497,0.371783,0.81388,0.095518,0.249659,0.791879,0.160458,0.414572,0.799865,0.062769
1.16.26_HA1,33,804.0,526.0,0,804.26,522.91,0.9926,785.53,540.39,0.9972,0.420877,0.275224,-0.145878,0.415376,0.264207,-0.134778,0.41432,0.264655,-0.134961,0.413341,0.265089,-0.134919,0.414956,0.265034,-0.161586,0.413455,0.26638,-0.161808,0.411844,0.267653,-0.161943,0.403444,0.271185,-0.067144,0.401616,0.275121,-0.196791,0.4177,0.290038,-0.120227,0.416884,0.290839,-0.155886,0.391488,0.342267,0.047244,0.377238,0.34988,-0.238586,0.390053,0.435101,0.081529,0.365769,0.459095,-0.272849,0.422849,0.476772,-0.025785,0.409129,0.50036,-0.259699,0.433392,0.486287,-0.034432,0.419229,0.51261,-0.291056,0.437633,0.481614,-0.062978,0.424407,0.502472,-0.281513,0.432127,0.478267,-0.040816,0.420503,0.497301,-0.255483,0.333723,0.509034,0.0838,0.342317,0.518749,-0.083841,0.301915,0.629835,0.136957,0.37631,0.647972,-0.01692,0.254255,0.729523,0.186992,0.380694,0.786164,0.072425,0.2378,0.728527,0.188366,0.371922,0.814738,0.080221,0.249662,0.791948,0.141742,0.414596,0.80048,0.043935
1.16.26_HA1,34,806.64,516.24,0,806.64,516.24,0.9931,790.31,532.38,0.9968,0.416391,0.273323,-0.150508,0.410862,0.262398,-0.13784,0.410033,0.262954,-0.138031,0.409291,0.263454,-0.137996,0.410022,0.263183,-0.166574,0.408443,0.264666,-0.166786,0.406874,0.265987,-0.166925,0.399336,0.270112,-0.068651,0.397071,0.273987,-0.199977,0.413684,0.289015,-0.121764,0.412508,0.289861,-0.159946,0.389429,0.342137,0.045805,0.373961,0.349204,-0.24546,0.389839,0.434123,0.063113,0.366666,0.45821,-0.285347,0.423663,0.472296,-0.060697,0.411621,0.492941,-0.280024,0.434155,0.480959,-0.072808,0.422785,0.502216,-0.315016,0.43867,0.474814,-0.101725,0.427834,0.489861,-0.305472,0.43351,0.471624,-0.076424,0.423551,0.486371,-0.276246,0.333705,0.511702,0.085016,0.340623,0.519323,-0.085028,0.301187,0.631838,0.145858,0.37546,0.648813,-0.017,0.253556,0.730366,0.204995,0.380708,0.786981,0.080091,0.237612,0.729207,0.207555,0.371933,0.816342,0.088508,0.249366,0.794475,0.163327,0.414517,0.801605,0.04895
1.16.26_HA1,35,810.0,503.0,0,810.46,513.04,0.9962,796.01,524.07,0.9967,0.412974,0.27188,-0.157228,0.40746,0.260723,-0.143326,0.406736,0.261183,-0.143527,0.406085,0.26157,-0.143488,0.406502,0.261622,-0.172692,0.404933,0.263151,-0.172899,0.403282,0.264489,-0.173037,0.395626,0.268438,-0.07102,0.393175,0.272497,-0.202858,0.410492,0.287488,-0.126608,0.408879,0.288585,-0.165682,0.388429,0.34204,0.042924,0.370486,0.349031,-0.248047,0.390704,0.430528,0.049589,0.367478,0.45755,-0.287105,0.42578,0.4628,-0.087816,0.414587,0.485251,-0.281383,0.43683,0.468622,-0.102609,0.426131,0.493725,-0.317265,0.440618,0.463521,-0.13119,0.430626,0.480777,-0.308135,0.4355,0.461269,-0.103729,0.426213,0.477291,-0.277867,0.33369,0.512875,0.085193,0.339016,0.519783,-0.085197,0.300576,0.633568,0.14894,0.374795,0.648909,-0.014037,0.252872,0.731052,0.211388,0.380708,0.786885,0.080761,0.237362,0.731406,0.214022,0.371961,0.816138,0.090288,0.249355,0.794186,0.16496,0.414051,0.801891,0.057532
1.16.26_HA1,36,811.0,489.0,0,807.75,500.74,0.9958,804.46,512.56,0.9965,0.408062,0.269993,-0.153224,0.40243,0.258666,-0.139811,0.401691,0.259069,-0.14001,0.401028,0.259443,-0.139972,0.401393,0.25959,-0.169026,0.399797,0.261107,-0.169234,0.398134,0.262474,-0.169365,0.390847,0.266438,-0.070091,0.387877,0.270648,-0.200623,0.406042,0.285191,-0.12335,0.40443,0.286667,-0.162172,0.385833,0.341741,0.043057,0.366947,0.348806,-0.245257,0.39022,0.426851,0.058985,0.368883,0.457064,-0.279064,0.427611,0.452505,-0.061181,0.41899,0.474592,-0.275349,0.437147,0.45833,-0.072584,0.429389,0.481589,-0.307635,0.439783,0.452384,-0.100247,0.432996,0.468649,-0.298056,0.436372,0.450163,-0.076274,0.428928,0.465015,-0.270643,0.333622,0.514641,0.085113,0.337543,0.520568,-0.085115,0.300014,0.634638,0.139037,0.3742,0.650229,0.003249,0.252239,0.732439,0.193313,0.38071,0.787068,0.119388,0.236585,0.732019,0.194858,0.371941,0.817032,0.129681,0.24926,0.797363,0.141675,0.413004,0.802806,0.090849
1.16.26_HA1,37,809.0,480.0,0,807.16,491.1,0.9951,806.11,498.56,0.9961,0.403516,0.269149,-0.154902,0.39796,0.257615,-0.141716,0.397323,0.257994,-0.141916,0.396735,0.258338,-0.141873,0.39687,0.258579,-0.170827,0.395358,0.260027,-0.171031,0.393738,0.261311,-0.171145,0.386596,0.265519,-0.071453,0.383429,0.26976,-0.200971,0.401765,0.28449,-0.124543,0.400177,0.286038,-0.163153,0.382503,0.341667,0.03884,0.36256,0.348769,-0.243225,0.390021,0.423244,0.021164,0.368935,0.456666,-0.277291,0.42933,0.440996,-0.144819,0.419851,0.461626,-0.249934,0.438339,0.447152,-0.165407,0.430143,0.468764,-0.282097,0.44027,0.437999,-0.19001,0.433203,0.454492,-0.276056,0.436692,0.436024,-0.160214,0.428682,0.450864,-0.24727,0.33359,0.515726,0.084421,0.335919,0.520936,-0.084408,0.299452,0.636359,0.126512,0.373837,0.651123,0.009791,0.250491,0.734009,0.171604,0.380704,0.787548,0.120393,0.234483,0.732818,0.171957,0.371587,0.817621,0.12948,0.249086,0.798171,0.11621,0.413048,0.804,0.08838
1.16.26_HA1,38,807.06,474.64,0,807.06,474.64,0.9933,810.42,480.34,0.9959,0.400094,0.26887,-0.147663,0.394591,0.257044,-0.134297,0.393771,0.2573,-0.134491,0.393,0.257524,-0.134442,0.393778,0.258045,-0.164958,0.392317,0.259308,-0.165142,0.390701,0.260397,-0.165217,0.382369,0.264652,-0.063535,0.380254,0.268516,-0.196394,0.397759,0.284007,-0.116224,0.396175,0.285503,-0.156253,0.376421,0.340095,0.042198,0.359347,0.348626,-0.236304,0.389531,0.419742,0.031953,0.370136,0.456358,-0.254687,0.427396,0.426911,-0.124848,0.422094,0.444762,-0.207307,0.436826,0.430625,-0.143276,0.43325,0.448611,-0.234952,0.437736,0.421001,-0.166096,0.434549,0.43377,-0.227757,0.433528,0.419177,-0.139386,0.429025,0.432125,-0.203868,0.332956,0.517648,0.083547,0.335025,0.522924,-0.083533,0.298329,0.637649,0.121426,0.373294,0.651451,0.021656,0.248875,0.734983,0.159853,0.380317,0.788708,0.131076,0.231934,0.733105,0.159809,0.371308,0.818221,0.140073,0.248148,0.79885,0.109135,0.412522,0.804079,0.101701
1.16.26_HA1,39,795.0,460.0,0,798.88,461.55,0.9939,805.72,464.42,0.9951,0.395794,0.26823,-0.13435,0.390155,0.255998,-0.122245,0.38927,0.256191,-0.122437,0.388399,0.256354,-0.122392,0.389431,0.256914,-0.152588,0.387997,0.257996,-0.152764,0.386343,0.258923,-0.152834,0.377442,0.263325,-0.056319,0.375322,0.266855,-0.188758,0.393076,0.283369,-0.104788,0.391574,0.28466,-0.144564,0.371498,0.339386,0.044206,0.355798,0.347197,-0.229827,0.388937,0.418118,0.016017,0.369785,0.455241,-0.24184,0.427547,0.419462,-0.165828,0.419648,0.430022,-0.188798,0.436547,0.419222,-0.188387,0.431384,0.427998,-0.214791,0.436323,0.408703,-0.208731,0.431381,0.413115,-0.20786,0.432199,0.408835,-0.180091,0.426141,0.414406,-0.18533,0.332701,0.519529,0.083477,0.333828,0.523907,-0.083461,0.296931,0.63875,0.13206,0.372749,0.652296,0.020705,0.247309,0.736432,0.182823,0.380134,0.789565,0.116002,0.230322,0.736737,0.184335,0.371209,0.818952,0.122582,0.248045,0.799559,0.138706,0.412785,0.804514,0.078286
1.16.26_HA1,40,800.0,444.0,0,801.8,446.27,0.9931,802.67,450.5,0.9944,0.391589,0.265815,-0.110965,0.386035,0.253936,-0.10033,0.385175,0.254054,-0.100507,0.384223,0.254181,-0.10046,0.385579,0.254703,-0.129255,0.384295,0.255584,-0.129454,0.382724,0.25657,-0.129532,0.374082,0.261164,-0.042628,0.372508,0.263913,-0.169765,0.388971,0.280555,-0.08469,0.388014,0.281741,-0.122738,0.366796,0.337239,0.052924,0.352498,0.345587,-0.215292,0.388239,0.413836,0.019624,0.36956,0.452582,-0.213688,0.425504,0.404438,-0.154097,0.418057,0.417127,-0.136186,0.433869,0.40062,-0.174569,0.429121,0.413351,-0.155808,0.434367,0.38819,-0.191978,0.428773,0.39977,-0.149383,0.430411,0.389703,-0.167085,0.424062,0.400018,-0.132199,0.331626,0.520584,0.082692,0.333211,0.52543,-0.082683,0.295882,0.639279,0.12314,0.372385,0.653671,0.022903,0.245959,0.736649,0.154251,0.380129,0.791404,0.114201,0.22875,0.738469,0.153921,0.370859,0.820123,0.121355,0.247701,0.800098,0.111858,0.413513,0.806806,0.080089
1.16.26_HA1,41,788.0,433.0,0,791.59,438.73,0.9871,798.66,436.14,0.9938,0.386874,0.26421,-0.109041,0.381376,0.252662,-0.098336,0.380558,0.252713,-0.098511,0.37961,0.252772,-0.098461,0.380943,0.253424,-0.126681,0.37964,0.254231,-0.126887,0.377964,0.255262,-0.126975,0.369622,0.25993,-0.040128,0.367763,0.26225,-0.164946,0.383879,0.278392,-0.082637,0.382967,0.279795,-0.120016,0.362772,0.334706,0.054156,0.347599,0.342912,-0.212052,0.387297,0.407612,0.003818,0.369115,0.449186,-0.219613,0.423816,0.386942,-0.186981,0.415967,0.403836,-0.154928,0.432158,0.379831,-0.211,0.42696,0.398854,-0.177418,0.433532,0.368834,-0.227586,0.427436,0.387378,-0.170599,0.429744,0.370809,-0.20022,0.423129,0.38712,-0.151175,0.330233,0.521235,0.081598,0.332252,0.526428,-0.081605,0.294767,0.639971,0.119004,0.37152,0.655625,0.026701,0.244777,0.736601,0.150793,0.379893,0.792247,0.114647,0.227896,0.738135,0.150638,0.370686,0.821704,0.12169,0.246499,0.800561,0.10423,0.413339,0.8091,0.080285
1.16.26_HA1,42,777.0,415.0,0,789.94,422.24,0.956,796.29,420.22,0.9928,0.382179,0.26372,-0.113273,0.376915,0.252118,-0.102917,0.376184,0.252147,-0.103097,0.375445,0.252215,-0.103048,0.37639,0.252777,-0.130704,0.375255,0.253539,-0.130913,0.373696,0.254568,-0.131012,0.36557,0.259339,-0.044593,0.363346,0.261445,-0.168068,0.379087,0.27772,-0.08703,0.378189,0.279347,-0.123766,0.357834,0.33127,0.052117,0.344929,0.341856,-0.214442,0.384178,0.403549,-0.007424,0.368808,0.443547,-0.215661,0.421905,0.370053,-0.195875,0.414734,0.38909,-0.137138,0.431676,0.361909,-0.219601,0.425116,0.38216,-0.156577,0.428378,0.351503,-0.232399,0.42467,0.37145,-0.151691,0.423807,0.35403,-0.207429,0.419554,0.373521,-0.133532,0.326985,0.521803,0.081377,0.331714,0.528118,-0.081398,0.293574,0.641318,0.1343,0.370828,0.655883,0.019144,0.243215,0.737345,0.173819,0.379788,0.792562,0.089418,0.226347,0.738778,0.175808,0.370475,0.821743,0.095292,0.246523,0.800202,0.151054,0.413537,0.808863,0.059486
1.16.26_HA1,43,775.0,401.0,0,782.22,408.27,0.9512,794.0,407.78,0.9919,0.377084,0.263376,-0.107849,0.371709,0.251729,-0.099449,0.370798,0.251743,-0.099629,0.369844,0.25182,-0.099585,0.371561,0.252256,-0.126843,0.370624,0.252854,-0.127052,0.36945,0.253658,-0.127137,0.360193,0.258626,-0.0467,0.35953,0.26007,-0.168804,0.373926,0.277282,-0.083718,0.373666,0.278737,-0.119899,0.351804,0.328807,0.049363,0.342006,0.340944,-0.214316,0.37798,0.400517,-0.005481,0.368758,0.439533,-0.204309,0.415368,0.359172,-0.180751,0.413544,0.377578,-0.104776,0.426612,0.352563,-0.201761,0.425014,0.369267,-0.11878,0.419811,0.343654,-0.213134,0.418894,0.356551,-0.114352,0.415594,0.345637,-0.191399,0.413861,0.359174,-0.100813,0.324282,0.523066,0.080752,0.331258,0.529665,-0.080786,0.292492,0.642296,0.135342,0.369752,0.656677,0.019689,0.241933,0.738439,0.174231,0.379614,0.793421,0.092851,0.224531,0.739624,0.17563,0.370341,0.822175,0.099828,0.246288,0.800534,0.150063,0.413573,0.80997,0.068656
1.16.26_HA1,44,764.0,393.0,0,777.46,385.07,0.9547,784.8,392.34,0.9904,0.372464,0.262994,-0.099644,0.367352,0.251317,-0.092294,0.366264,0.251289,-0.092482,0.365341,0.251374,-0.092437,0.367218,0.251777,-0.118992,0.366116,0.252246,-0.119203,0.364984,0.252921,-0.119293,0.355996,0.258016,-0.044608,0.354823,0.259242,-0.162576,0.369387,0.276942,-0.076875,0.369301,0.278186,-0.112035,0.347321,0.328092,0.048243,0.338767,0.340081,-0.206222,0.371545,0.401154,-0.003926,0.368475,0.433075,-0.182368,0.405239,0.356294,-0.173647,0.408749,0.363278,-0.06673,0.415814,0.346677,-0.193585,0.418972,0.34922,-0.076059,0.40805,0.33907,-0.203557,0.409062,0.338516,-0.073881,0.404762,0.342107,-0.183551,0.405127,0.343702,-0.063177,0.322364,0.524623,0.078465,0.330302,0.531493,-0.078523,0.291589,0.643728,0.108618,0.3688,0.656696,0.01951,0.239354,0.742005,0.11615,0.379402,0.793541,0.09299,0.221251,0.743324,0.114198,0.370167,0.822806,0.099622,0.245505,0.801698,0.084298,0.413591,0.810196,0.070203
1.16.26_HA1,45,754.0,373.0,0,760.28,381.76,0.9767,768.46,384.23,0.9876,0.367023,0.262853,-0.095243,0.362484,0.250957,-0.088155,0.361241,0.250895,-0.088342,0.360214,0.250978,-0.088299,0.362163,0.251376,-0.115335,0.360825,0.251769,-0.11555,0.359536,0.252375,-0.115622,0.350432,0.257772,-0.042049,0.348809,0.258739,-0.161198,0.363813,0.276866,-0.072531,0.363748,0.278142,-0.108283,0.342671,0.32719,0.048235,0.333835,0.339767,-0.202765,0.367676,0.398983,0.006393,0.367554,0.426495,-0.183142,0.397184,0.352152,-0.151978,0.400242,0.355765,-0.073236,0.407981,0.335817,-0.170143,0.40975,0.336356,-0.083075,0.401348,0.327976,-0.181141,0.400345,0.328326,-0.080802,0.397548,0.334774,-0.162011,0.396664,0.333725,-0.069998,0.319736,0.525368,0.077341,0.328687,0.532596,-0.077393,0.291157,0.644594,0.095909,0.367596,0.656509,0.024841,0.237517,0.743427,0.098153,0.379301,0.793365,0.109682,0.219268,0.744926,0.095608,0.370138,0.823008,0.117431,0.245078,0.802495,0.062749,0.413386,0.809896,0.095466
1.16.26_HA1,46,742.0,366.0,0,749.81,364.79,0.9825,752.35,371.89,0.9804,0.362459,0.263006,-0.102144,0.358041,0.251156,-0.093644,0.356891,0.251135,-0.093837,0.355809,0.251256,-0.093792,0.357471,0.251578,-0.120839,0.355851,0.252037,-0.121051,0.354276,0.252708,-0.121128,0.346415,0.258042,-0.042964,0.343527,0.259217,-0.161754,0.35972,0.277139,-0.077805,0.35908,0.278401,-0.113603,0.344501,0.327663,0.044759,0.327561,0.339842,-0.200367,0.369728,0.389509,-0.012813,0.366863,0.418755,-0.17505,0.394747,0.33728,-0.200662,0.39185,0.344345,-0.061914,0.403306,0.321606,-0.225185,0.400909,0.32452,-0.072674,0.397202,0.315226,-0.233733,0.391579,0.317843,-0.072951,0.393376,0.32199,-0.210505,0.388746,0.32527,-0.059742,0.319605,0.526688,0.075742,0.326205,0.533224,-0.075793,0.290525,0.646174,0.101028,0.365798,0.657716,0.032847,0.235703,0.744206,0.122924,0.379171,0.793186,0.11802,0.217507,0.746831,0.122232,0.370097,0.823042,0.125102,0.244589,0.802942,0.082444,0.413332,0.809666,0.094215
1.16.26_HA1,47,732.0,357.0,0,741.89,354.62,0.9892,740.88,351.62,0.977,0.357741,0.263218,-0.085867,0.353295,0.251334,-0.077551,0.352126,0.251321,-0.077735,0.351127,0.251447,-0.07768,0.352647,0.251799,-0.104518,0.351034,0.252304,-0.10473,0.34952,0.253005,-0.104798,0.341391,0.258261,-0.027695,0.338644,0.259536,-0.146199,0.354522,0.277363,-0.061959,0.354045,0.278616,-0.097607,0.34084,0.328054,0.052977,0.322101,0.339901,-0.188991,0.371387,0.385473,-0.007107,0.366155,0.411685,-0.167977,0.389935,0.324897,-0.19533,0.385875,0.325576,-0.052554,0.395874,0.30335,-0.21895,0.392621,0.305495,-0.062708,0.390621,0.29895,-0.22427,0.384754,0.303682,-0.062216,0.386933,0.30776,-0.203792,0.381642,0.31186,-0.049944,0.318435,0.527273,0.075704,0.321688,0.533252,-0.075758,0.288791,0.650744,0.103062,0.364318,0.658088,0.028176,0.233063,0.746389,0.127877,0.379002,0.793909,0.110086,0.215071,0.75013,0.127509,0.370094,0.824189,0.115664,0.244286,0.804283,0.088375,0.413344,0.809853,0.080151
1.16.26_HA1,48,721.0,344.0,0,732.45,343.7,0.9924,729.25,342.82,0.9782,0.35393,0.263435,-0.081836,0.349075,0.251774,-0.073416,0.348181,0.251817,-0.073594,0.347329,0.251971,-0.073537,0.348117,0.252109,-0.099948,0.346288,0.252556,-0.100157,0.344508,0.253215,-0.100225,0.337799,0.258881,-0.022208,0.333702,0.259883,-0.139177,0.350546,0.277632,-0.057604,0.349619,0.278798,-0.092758,0.338485,0.328383,0.060016,0.317316,0.340031,-0.182,0.372536,0.38023,-0.00032,0.365351,0.403784,-0.15973,0.386355,0.31228,-0.183203,0.379819,0.317427,-0.041988,0.391006,0.293794,-0.205788,0.384851,0.298937,-0.051611,0.386189,0.289925,-0.209232,0.378485,0.297525,-0.052877,0.3828,0.297095,-0.19061,0.375619,0.304331,-0.039804,0.316798,0.527599,0.075324,0.319052,0.533396,-0.075384,0.286971,0.653574,0.09615,0.363079,0.658992,0.025652,0.229732,0.74854,0.116426,0.378803,0.794302,0.094647,0.212201,0.753726,0.115817,0.369995,0.824745,0.099509,0.244045,0.805245,0.078618,0.41331,0.810232,0.063845
1.16.26_HA1,49,712.0,330.0,0,722.75,340.7,0.9911,721.71,332.73,0.9794,0.350279,0.265418,-0.074915,0.345216,0.25339,-0.066695,0.344234,0.253206,-0.066863,0.343324,0.253102,-0.066805,0.34438,0.253804,-0.092931,0.342668,0.253991,-0.093142,0.341042,0.254397,-0.093221,0.333923,0.260448,-0.016169,0.330643,0.26096,-0.133067,0.347654,0.278762,-0.051064,0.346602,0.279747,-0.086158,0.333863,0.328773,0.064244,0.313387,0.340183,-0.176444,0.371502,0.377004,0.006141,0.364005,0.394841,-0.158021,0.37996,0.303184,-0.167922,0.37589,0.308084,-0.045881,0.381274,0.282824,-0.18865,0.380779,0.284735,-0.055748,0.377123,0.280163,-0.191236,0.37236,0.283245,-0.0568,0.374871,0.289148,-0.174633,0.370625,0.293139,-0.043512,0.315137,0.529535,0.07478,0.316937,0.534689,-0.074857,0.28314,0.656279,0.119213,0.361734,0.659637,0.007902,0.226995,0.750627,0.182274,0.378662,0.795194,0.058564,0.209809,0.758249,0.186715,0.369728,0.826945,0.062306,0.243297,0.80528,0.158914,0.413419,0.811271,0.022971
1.16.26_HA1,50,704.0,324.0,0,716.87,331.01,0.9934,712.97,326.38,0.9802,0.345864,0.268675,-0.084589,0.340971,0.255878,-0.075644,0.340215,0.25549,-0.075817,0.339441,0.255153,-0.075761,0.339877,0.256329,-0.101913,0.337964,0.256318,-0.102125,0.335817,0.256553,-0.102213,0.329462,0.262947,-0.021157,0.324723,0.263378,-0.137954,0.342499,0.281654,-0.059239,0.341294,0.282448,-0.09437,0.329819,0.330196,0.066049,0.309292,0.341656,-0.180761,0.369284,0.375175,0.00958,0.362134,0.383653,-0.176055,0.377258,0.30049,-0.153959,0.371341,0.302203,-0.085987,0.380342,0.280107,-0.17182,0.375789,0.276687,-0.100284,0.375663,0.277319,-0.178297,0.36964,0.27273,-0.100051,0.372989,0.284645,-0.170084,0.367731,0.283207,-0.083742,0.312839,0.532229,0.075156,0.315198,0.537385,-0.075233,0.281276,0.658334,0.13482,0.361036,0.660531,-0.002748,0.224317,0.753284,0.206028,0.378613,0.796393,0.056867,0.206944,0.761451,0.210831,0.369676,0.827426,0.061606,0.242202,0.805715,0.181488,0.413549,0.812115,0.020816
1.16.26_HA1,51,696.0,318.0,0,705.53,319.32,0.9943,707.9,320.26,0.9815,0.341279,0.272499,-0.087445,0.336678,0.259436,-0.078545,0.336046,0.258735,-0.078715,0.335504,0.258017,-0.078667,0.335201,0.25992,-0.105224,0.333384,0.259796,-0.105436,0.331204,0.25985,-0.105532,0.324875,0.266182,-0.022938,0.320521,0.267178,-0.142371,0.337919,0.285069,-0.061311,0.336327,0.285795,-0.097136,0.322215,0.331089,0.071805,0.305414,0.343159,-0.185925,0.366121,0.368733,0.074126,0.359571,0.378209,-0.185495,0.375099,0.292465,-0.027285,0.368696,0.296541,-0.103388,0.380548,0.274992,-0.035835,0.374575,0.274191,-0.119177,0.374943,0.269637,-0.043564,0.367109,0.268878,-0.125965,0.372378,0.278826,-0.034902,0.365434,0.277911,-0.104933,0.30834,0.53403,0.076503,0.31323,0.539751,-0.076598,0.278388,0.661116,0.16708,0.359881,0.661303,-0.014825,0.221909,0.756547,0.254267,0.378169,0.797582,0.042226,0.204349,0.768983,0.260649,0.369293,0.828705,0.046552,0.241783,0.80583,0.23643,0.413548,0.812095,0.004038
1.16.26_HA1,52,690.0,316.0,0,699.27,316.8,0.9948,703.69,308.17,0.9817,0.336467,0.273843,-0.092401,0.332046,0.260909,-0.083161,0.331549,0.260199,-0.083337,0.331138,0.259436,-0.083291,0.330473,0.261634,-0.110071,0.328655,0.261718,-0.110283,0.326527,0.262061,-0.110382,0.320346,0.269325,-0.024598,0.3155,0.271093,-0.145446,0.333594,0.287966,-0.066212,0.332137,0.288334,-0.102293,0.318769,0.332389,0.0732,0.301545,0.345354,-0.189182,0.36407,0.360837,0.096573,0.358912,0.368977,-0.232736,0.371665,0.278059,0.01574,0.366505,0.285346,-0.223805,0.377503,0.261855,0.009363,0.372724,0.263292,-0.252038,0.371376,0.256289,0.000599,0.365022,0.25836,-0.250806,0.369038,0.264843,0.00882,0.363583,0.266477,-0.223762,0.30659,0.53552,0.07737,0.309663,0.541917,-0.07747,0.276479,0.663451,0.173596,0.358263,0.661879,-0.019695,0.219808,0.759808,0.271204,0.378128,0.798238,0.0489,0.202401,0.773929,0.278429,0.369297,0.829197,0.054005,0.24114,0.806284,0.24843,0.413559,0.812187,0.005246
1.16.26_HA1,53,684.0,306.0,0,696.53,311.59,0.9956,698.36,303.21,0.9799,0.332158,0.275338,-0.086189,0.327914,0.262294,-0.076119,0.327465,0.261465,-0.076302,0.327053,0.260625,-0.076282,0.326423,0.263452,-0.10299,0.324628,0.2637,-0.103203,0.322526,0.26416,-0.103317,0.315955,0.271605,-0.016713,0.311393,0.27358,-0.138411,0.329165,0.2903,-0.059236,0.32758,0.290121,-0.095635,0.314635,0.334876,0.080279,0.298451,0.347864,-0.184538,0.362551,0.357044,0.122624,0.356869,0.363017,-0.239849,0.370196,0.274005,0.062683,0.363727,0.280749,-0.238885,0.375501,0.256646,0.059596,0.36899,0.257682,-0.267868,0.369622,0.250848,0.048821,0.361743,0.253698,-0.264946,0.367554,0.259735,0.055571,0.360584,0.261534,-0.238494,0.303841,0.537732,0.077765,0.307671,0.544482,-0.077868,0.274801,0.665608,0.169024,0.356455,0.661645,-0.021298,0.217344,0.763877,0.260375,0.377817,0.798665,0.044666,0.200641,0.778568,0.266719,0.369166,0.830288,0.049187,0.24018,0.806907,0.2337,0.412721,0.812916,-0.002999
1.16.26_HA1,54,681.0,298.0,0,692.75,308.89,0.9904,693.08,300.52,0.975,0.328122,0.27822,-0.090141,0.323892,0.265028,-0.079831,0.323468,0.264014,-0.080017,0.323096,0.263066,-0.079998,0.322176,0.266354,-0.107381,0.320416,0.266684,-0.107595,0.318275,0.267185,-0.107708,0.311207,0.274582,-0.019457,0.306643,0.276905,-0.143835,0.324989,0.293483,-0.062828,0.323217,0.29277,-0.100153,0.310349,0.338982,0.080915,0.295237,0.350853,-0.184769,0.359008,0.354819,0.13973,0.353542,0.359166,-0.277929,0.368225,0.272814,0.095391,0.360978,0.278261,-0.305082,0.373321,0.254272,0.095216,0.366419,0.254206,-0.340148,0.368805,0.248173,0.080088,0.359662,0.250004,-0.334212,0.366382,0.256236,0.086907,0.357681,0.257935,-0.304536,0.300817,0.540047,0.081615,0.304906,0.546701,-0.081708,0.273729,0.668305,0.177992,0.354678,0.661561,-0.027665,0.215878,0.765547,0.277278,0.377458,0.799323,0.043145,0.199268,0.781587,0.284252,0.36921,0.830999,0.047877,0.239023,0.8068,0.249774,0.412421,0.812731,-0.0077
1.16.26_HA1,55,681.0,298.0,0,692.37,301.7,0.9927,691.02,294.8,0.9728,0.324076,0.28393,-0.090923,0.320301,0.270315,-0.081538,0.320036,0.269587,-0.081717,0.319902,0.269024,-0.081675,0.318208,0.271031,-0.108046,0.316414,0.27125,-0.108256,0.314251,0.271752,-0.108338,0.308371,0.278625,-0.021696,0.302417,0.280894,-0.146919,0.320894,0.298466,-0.065578,0.318853,0.297746,-0.101527,0.310287,0.342696,0.078539,0.290081,0.353223,-0.188148,0.356719,0.352799,0.123765,0.349181,0.35493,-0.288056,0.367655,0.268355,0.059707,0.359905,0.272958,-0.316217,0.373281,0.249114,0.055957,0.365786,0.251973,-0.352693,0.368143,0.244035,0.041208,0.358974,0.247072,-0.345765,0.36594,0.250995,0.050884,0.357268,0.253364,-0.315309,0.299499,0.543806,0.083696,0.302505,0.549931,-0.083776,0.27295,0.669009,0.189033,0.35326,0.662404,-0.044288,0.215271,0.768147,0.299104,0.377331,0.801035,0.021513,0.198002,0.784834,0.307146,0.369214,0.833197,0.025716,0.238215,0.806727,0.271053,0.412225,0.812561,-0.035529
1.16.26_HA1,56,677.0,295.0,0,692.94,295.48,0.9935,691.84,293.87,0.9676,0.320053,0.287808,-0.082299,0.315972,0.27437,-0.07165,0.315328,0.273819,-0.071841,0.314894,0.273523,-0.071814,0.314182,0.274771,-0.099233,0.312478,0.274799,-0.099451,0.310482,0.275146,-0.099568,0.304199,0.281104,-0.010219,0.29871,0.283175,-0.137026,0.316401,0.301985,-0.054866,0.314536,0.301425,-0.092398,0.307524,0.346131,0.083842,0.286158,0.354603,-0.185683,0.354382,0.353385,0.111722,0.345383,0.35265,-0.26199,0.367248,0.269481,0.023062,0.360335,0.272101,-0.240017,0.373301,0.251828,0.01644,0.367321,0.251695,-0.267676,0.369478,0.245654,0.00352,0.36094,0.246742,-0.262089,0.366938,0.251943,0.014348,0.359007,0.252864,-0.238093,0.299675,0.545822,0.083574,0.29975,0.552126,-0.083651,0.272358,0.668784,0.192166,0.35158,0.66434,-0.039159,0.214489,0.768355,0.305845,0.377298,0.801139,0.02714,0.197754,0.786003,0.314608,0.36933,0.833382,0.031496,0.237664,0.80681,0.282826,0.412343,0.812548,-0.026399
1.16.26_HA1,57,677.0,295.0,0,694.09,294.79,0.994,692.41,295.93,0.9626,0.316542,0.290466,-0.093031,0.312112,0.277071,-0.081764,0.311597,0.276352,-0.081972,0.311246,0.275751,-0.081974,0.309786,0.277715,-0.109055,0.307844,0.277815,-0.109277,0.305713,0.278151,-0.109433,0.300218,0.283408,-0.010479,0.29416,0.285977,-0.138753,0.313106,0.304917,-0.06219,0.310876,0.304341,-0.099908,0.303411,0.34751,0.081239,0.282174,0.356255,-0.185783,0.351481,0.351495,0.093478,0.340872,0.353811,-0.258652,0.367557,0.270948,-0.000324,0.36063,0.274014,-0.249887,0.374142,0.251611,-0.007983,0.366777,0.254621,-0.279208,0.369848,0.245413,-0.020833,0.361319,0.248676,-0.27315,0.367173,0.251099,-0.009166,0.35902,0.254031,-0.248192,0.297986,0.547751,0.083477,0.295846,0.554029,-0.083547,0.271663,0.669434,0.208669,0.350121,0.665325,-0.047055,0.213978,0.768948,0.335115,0.376947,0.80123,0.021151,0.19705,0.787365,0.345129,0.369234,0.833564,0.025747,0.23667,0.807369,0.311513,0.412364,0.81243,-0.036467
1.16.26_HA1,58,683.0,294.0,0,698.28,296.71,0.9948,693.8,291.4,0.9544,0.312343,0.291726,-0.09562,0.307532,0.278765,-0.083999,0.306928,0.278094,-0.084206,0.306506,0.277513,-0.084215,0.305366,0.279419,-0.110194,0.303319,0.27958,-0.110422,0.301233,0.279962,-0.110605,0.295915,0.284816,-0.015719,0.289674,0.287645,-0.142841,0.309053,0.30572,-0.062497,0.306637,0.305712,-0.10072,0.300319,0.348923,0.07699,0.278564,0.357105,-0.189288,0.348604,0.351673,0.091864,0.336522,0.350005,-0.257906,0.368761,0.271477,0.004687,0.361354,0.269819,-0.256633,0.37547,0.254282,-0.002426,0.368756,0.250771,-0.287912,0.371682,0.246162,-0.017852,0.36389,0.245438,-0.280019,0.369263,0.251153,-0.005066,0.362066,0.251204,-0.254659,0.295836,0.548244,0.08356,0.294021,0.554402,-0.083622,0.271338,0.668864,0.203294,0.347931,0.666593,-0.048689,0.213315,0.770583,0.313646,0.376362,0.802275,0.010278,0.197205,0.789917,0.321664,0.368796,0.834887,0.013778,0.237078,0.809129,0.283408,0.412376,0.812455,-0.052772
1.16.26_HA1,59,677.0,294.0,0,704.12,299.44,0.9947,692.51,296.11,0.9502,0.308956,0.294563,-0.096371,0.303926,0.281514,-0.08501,0.302994,0.280819,-0.085212,0.302329,0.280299,-0.08521,0.302004,0.282323,-0.111489,0.299973,0.282416,-0.111713,0.297622,0.282735,-0.111875,0.292309,0.28741,-0.017737,0.285978,0.289795,-0.141685,0.305318,0.308532,-0.064816,0.303023,0.308929,-0.102486,0.298664,0.350821,0.077172,0.275728,0.357866,-0.190377,0.346423,0.351049,0.091016,0.331401,0.347382,-0.261202,0.369444,0.278015,-0.003515,0.360683,0.274181,-0.267483,0.377599,0.261727,-0.012212,0.369137,0.257102,-0.300648,0.372733,0.251919,-0.028426,0.364358,0.250215,-0.291174,0.370225,0.256998,-0.01383,0.362589,0.255418,-0.265151,0.2952,0.549156,0.084464,0.291343,0.554805,-0.084505,0.269773,0.6701,0.194506,0.345814,0.666869,-0.068723,0.21251,0.771683,0.305147,0.375897,0.802423,-0.02293,0.196693,0.791434,0.313123,0.368758,0.835345,-0.021074,0.237065,0.809291,0.27231,0.412268,0.81238,-0.093567
1.16.26_HA1,60,680.0,297.0,0,706.11,299.56,0.9943,693.05,298.18,0.9454,0.305259,0.295826,-0.09643,0.299715,0.2825,-0.085059,0.298813,0.28195,-0.085257,0.298105,0.281585,-0.08525,0.298194,0.28307,-0.111813,0.296077,0.283072,-0.112034,0.293541,0.283323,-0.112187,0.288204,0.288139,-0.017887,0.281802,0.290332,-0.141883,0.301837,0.309945,-0.06556,0.299738,0.309831,-0.103007,0.296915,0.351413,0.078786,0.270937,0.357629,-0.191828,0.344358,0.351762,0.102188,0.325313,0.348015,-0.270133,0.370997,0.284003,0.023925,0.360964,0.276094,-0.286259,0.378837,0.267375,0.018341,0.37097,0.259397,-0.322199,0.375009,0.257176,-0.001937,0.366561,0.252416,-0.309782,0.372264,0.262721,0.012423,0.363671,0.257729,-0.283277,0.294883,0.549792,0.086097,0.289966,0.555778,-0.086111,0.268469,0.67088,0.204135,0.34496,0.668515,-0.067574,0.212236,0.772848,0.323694,0.375431,0.802835,-0.016819,0.196633,0.793397,0.332447,0.368755,0.836236,-0.014287,0.23715,0.80987,0.290478,0.412122,0.812334,-0.086541
1.16.26_HA1,61,683.0,302.0,0,711.37,295.53,0.9874,694.14,301.59,0.9449,0.301802,0.297197,-0.090487,0.296219,0.283418,-0.079252,0.295178,0.282969,-0.07944,0.294254,0.282717,-0.079425,0.295142,0.283964,-0.107191,0.293281,0.284045,-0.107414,0.290952,0.284375,-0.107556,0.284319,0.289463,-0.012108,0.278997,0.291595,-0.140433,0.298363,0.311714,-0.059967,0.296676,0.311191,-0.098576,0.291502,0.352459,0.087019,0.268545,0.357811,-0.19287,0.339719,0.351424,0.118606,0.321411,0.348445,-0.281614,0.370824,0.28913,0.049667,0.361533,0.279251,-0.307626,0.379535,0.272452,0.046512,0.372145,0.26218,-0.346129,0.376409,0.264267,0.023748,0.368347,0.25637,-0.331119,0.373509,0.269679,0.037475,0.365186,0.261788,-0.303888,0.292725,0.549726,0.089058,0.288407,0.554886,-0.089055,0.268068,0.671083,0.203874,0.343912,0.669237,-0.077578,0.211863,0.773577,0.320339,0.374882,0.803649,-0.035385,0.196533,0.79446,0.32896,0.368276,0.836784,-0.033557,0.236325,0.810634,0.289207,0.410354,0.812181,-0.10575
1.16.26_HA1,62,683.0,313.0,0,709.7,301.38,0.9863,695.58,307.88,0.9458,0.298815,0.29687,-0.089011,0.293879,0.283533,-0.077536,0.292883,0.282949,-0.077723,0.291997,0.282546,-0.077704,0.292302,0.284194,-0.105167,0.290146,0.284305,-0.105391,0.287995,0.284688,-0.105524,0.28178,0.289665,-0.009542,0.276405,0.291786,-0.136065,0.295595,0.311306,-0.058579,0.293566,0.31108,-0.096591,0.290786,0.352369,0.088048,0.265638,0.35776,-0.191776,0.337707,0.350072,0.121447,0.317732,0.35014,-0.280899,0.370439,0.293247,0.05886,0.362283,0.285072,-0.309873,0.380158,0.278014,0.056562,0.372869,0.27076,-0.348358,0.377503,0.270059,0.033456,0.369602,0.26386,-0.333755,0.374557,0.274977,0.046787,0.366458,0.268723,-0.306351,0.293197,0.549029,0.089027,0.287063,0.554384,-0.089021,0.267894,0.671238,0.197164,0.342708,0.66949,-0.090236,0.211802,0.77436,0.310007,0.374271,0.804348,-0.058539,0.195726,0.795254,0.318452,0.368078,0.837424,-0.057703,0.236209,0.810836,0.280228,0.409854,0.812135,-0.131306
1.16.26_HA1,63,687.0,314.0,0,713.61,304.89,0.9876,697.7,313.55,0.9439,0.296303,0.296399,-0.08902,0.291585,0.28337,-0.077868,0.290451,0.282878,-0.078053,0.289461,0.282493,-0.078033,0.290162,0.284026,-0.105915,0.288111,0.284192,-0.106135,0.286103,0.284569,-0.10626,0.279353,0.289659,-0.010969,0.27452,0.29171,-0.138796,0.293289,0.310835,-0.058903,0.291629,0.310995,-0.097391,0.286181,0.352094,0.087996,0.264299,0.357715,-0.195218,0.332782,0.350824,0.124874,0.316681,0.351921,-0.296008,0.370184,0.296288,0.065034,0.363385,0.290328,-0.330318,0.380201,0.280217,0.063546,0.373911,0.276679,-0.370432,0.378215,0.273147,0.039035,0.370425,0.269474,-0.355189,0.375282,0.278697,0.052506,0.367335,0.274259,-0.326677,0.292009,0.548828,0.090936,0.286737,0.554048,-0.090926,0.268177,0.67055,0.1963,0.341718,0.67007,-0.090977,0.211679,0.775232,0.306234,0.373934,0.804192,-0.060902,0.195422,0.796389,0.314242,0.36804,0.837241,-0.060483,0.236411,0.81078,0.274598,0.40978,0.810722,-0.135627
1.16.26_HA1,64,694.0,323.0,0,711.02,316.95,0.9885,699.97,317.92,0.9453,0.294411,0.296131,-0.094481,0.290081,0.283243,-0.082762,0.289311,0.282707,-0.082955,0.288477,0.282242,-0.082936,0.288597,0.283954,-0.111521,0.28646,0.284124,-0.111748,0.284203,0.284487,-0.11187,0.277937,0.289447,-0.013077,0.272752,0.291473,-0.142748,0.291315,0.31055,-0.062365,0.289381,0.310961,-0.102186,0.285315,0.352061,0.084988,0.263425,0.357794,-0.204317,0.332676,0.352089,0.132765,0.314498,0.352653,-0.313959,0.371212,0.301855,0.09096,0.364569,0.294372,-0.360735,0.380932,0.293356,0.09271,0.374663,0.28047,-0.40305,0.378638,0.284941,0.065848,0.374388,0.273523,-0.387032,0.37548,0.288321,0.0782,0.369431,0.278333,-0.357046,0.291942,0.548411,0.091618,0.28655,0.553803,-0.091611,0.268461,0.670395,0.193295,0.340722,0.669792,-0.091698,0.211656,0.776722,0.29846,0.372701,0.804251,-0.04968,0.19534,0.796489,0.305966,0.368024,0.837392,-0.047914,0.236598,0.811488,0.264909,0.409817,0.809183,-0.121493
1.16.26_HA1,65,699.0,331.0,0,715.43,331.69,0.9892,700.79,319.14,0.9467,0.29315,0.295246,-0.095477,0.288693,0.282745,-0.083642,0.287902,0.28218,-0.083835,0.286977,0.281651,-0.083819,0.287259,0.283512,-0.112755,0.285131,0.283705,-0.11298,0.282829,0.284049,-0.113098,0.276244,0.288955,-0.014864,0.271381,0.291094,-0.144866,0.290138,0.309767,-0.062824,0.288286,0.310275,-0.103463,0.283062,0.351951,0.083133,0.263475,0.35793,-0.20813,0.331639,0.352762,0.128577,0.314916,0.352913,-0.312934,0.372006,0.30847,0.083453,0.364995,0.295501,-0.359288,0.381435,0.303681,0.084412,0.375969,0.284082,-0.402022,0.378967,0.296028,0.057824,0.37702,0.277681,-0.386819,0.375967,0.298701,0.070706,0.371613,0.281649,-0.355895,0.291171,0.547931,0.091832,0.286282,0.553456,-0.091821,0.268725,0.669816,0.1917,0.33966,0.669498,-0.101294,0.211868,0.777055,0.294393,0.371773,0.804569,-0.068955,0.195105,0.796919,0.301631,0.367924,0.837648,-0.068312,0.236733,0.811748,0.26055,0.409879,0.808156,-0.144498
1.16.26_HA1,66,700.0,345.0,0,714.57,343.52,0.99,701.52,329.02,0.9442,0.291507,0.294483,-0.093041,0.287234,0.282165,-0.081793,0.286465,0.281603,-0.081981,0.285531,0.281061,-0.081959,0.285876,0.282936,-0.110861,0.283857,0.283149,-0.111081,0.28168,0.283483,-0.1112,0.274744,0.288462,-0.015092,0.270741,0.290583,-0.145298,0.288643,0.309014,-0.062116,0.286863,0.309591,-0.102248,0.279077,0.352134,0.08419,0.264112,0.357873,-0.208237,0.325879,0.352991,0.127683,0.316322,0.355081,-0.300884,0.371529,0.319588,0.073481,0.365373,0.304651,-0.331667,0.381804,0.318879,0.073362,0.37799,0.299774,-0.371797,0.379371,0.312606,0.046281,0.379334,0.294024,-0.357371,0.376385,0.315185,0.060271,0.373428,0.296195,-0.32806,0.289983,0.547457,0.091492,0.286318,0.55304,-0.091493,0.269211,0.669429,0.189359,0.33848,0.669461,-0.088888,0.212351,0.775978,0.288635,0.370938,0.804418,-0.052577,0.195375,0.795471,0.295556,0.367698,0.837381,-0.051286,0.23676,0.81178,0.2557,0.409743,0.80424,-0.122982
1.16.26_HA1,67,703.0,358.0,0,717.71,355.37,0.9904,702.27,341.03,0.9448,0.290378,0.294456,-0.085259,0.28627,0.282437,-0.074929,0.285586,0.281866,-0.075106,0.284709,0.281264,-0.07508,0.285071,0.283066,-0.102744,0.283509,0.283193,-0.102952,0.281484,0.283405,-0.103052,0.274003,0.288274,-0.011102,0.270364,0.290256,-0.137617,0.287408,0.3091,-0.056004,0.285801,0.309644,-0.094261,0.277149,0.352477,0.087144,0.263195,0.357762,-0.200357,0.323872,0.355414,0.125143,0.316694,0.356525,-0.288725,0.370974,0.334698,0.068295,0.365767,0.315767,-0.309643,0.381649,0.331788,0.067547,0.380008,0.310045,-0.347625,0.379734,0.325929,0.042191,0.381154,0.306058,-0.333732,0.376744,0.328246,0.055792,0.375382,0.308228,-0.306018,0.288365,0.547138,0.09102,0.285722,0.552707,-0.091026,0.26912,0.669062,0.188295,0.337771,0.669286,-0.099738,0.212642,0.776224,0.285618,0.370459,0.804532,-0.074748,0.195779,0.795619,0.292295,0.367499,0.837855,-0.074462,0.237126,0.811833,0.253398,0.409708,0.802217,-0.145829
1.16.26_HA1,68,703.0,365.0,0,718.81,369.28,0.9899,705.1,363.93,0.9435,0.289846,0.294064,-0.085915,0.285918,0.282185,-0.076012,0.285135,0.281668,-0.07619,0.284286,0.281118,-0.076162,0.284834,0.282758,-0.103887,0.283465,0.282854,-0.104092,0.281819,0.28302,-0.104193,0.27328,0.287855,-0.01293,0.270121,0.289862,-0.138747,0.286405,0.308675,-0.057452,0.285208,0.309202,-0.095655,0.274366,0.352373,0.086154,0.26352,0.357599,-0.202736,0.322505,0.355753,0.11944,0.319428,0.356688,-0.285236,0.370885,0.343817,0.048705,0.367242,0.336971,-0.30045,0.381857,0.342734,0.045396,0.382029,0.33664,-0.337244,0.379764,0.337031,0.023507,0.383022,0.32998,-0.324557,0.376978,0.337353,0.03701,0.377328,0.3312,-0.296985,0.286967,0.546855,0.090673,0.285962,0.552454,-0.090681,0.269198,0.668804,0.187044,0.337042,0.669651,-0.091465,0.213104,0.775385,0.284855,0.369679,0.804721,-0.064305,0.195942,0.794416,0.29198,0.367291,0.83792,-0.063825,0.237176,0.812078,0.254282,0.40945,0.799788,-0.134618
1.16.26_HA1,69,704.0,382.0,0,718.17,384.93,0.9909,711.84,382.97,0.9449,0.289336,0.293874,-0.086307,0.285981,0.28196,-0.076884,0.285209,0.281471,-0.077065,0.284439,0.280937,-0.077036,0.284814,0.282476,-0.104335,0.283259,0.28255,-0.10454,0.281638,0.282683,-0.10464,0.273413,0.287547,-0.013709,0.269628,0.289548,-0.139979,0.286196,0.308623,-0.058386,0.285032,0.30893,-0.095901,0.273373,0.352295,0.086003,0.26374,0.357455,-0.201021,0.322473,0.360836,0.114919,0.321311,0.361991,-0.277136,0.371334,0.3555,0.048023,0.370748,0.354603,-0.298272,0.382076,0.355977,0.045577,0.384776,0.355923,-0.335378,0.380878,0.350765,0.020322,0.385485,0.351918,-0.323857,0.377317,0.351809,0.035333,0.379909,0.352169,-0.294252,0.286579,0.546676,0.089008,0.286559,0.552338,-0.089045,0.268593,0.668539,0.181608,0.336426,0.670296,-0.072659,0.213388,0.775128,0.275296,0.36867,0.804677,-0.044485,0.196102,0.794274,0.282235,0.367248,0.837743,-0.041632,0.237396,0.812158,0.244018,0.408933,0.795442,-0.106955
1.16.26_HA1,70,705.0,396.0,0,717.57,398.19,0.9885,718.14,397.15,0.9453,0.289077,0.293573,-0.087293,0.286043,0.281653,-0.077874,0.285278,0.281163,-0.078056,0.284519,0.28063,-0.078027,0.284919,0.282167,-0.105308,0.283334,0.282245,-0.105514,0.281734,0.282394,-0.105614,0.273458,0.287399,-0.018424,0.269781,0.289495,-0.140759,0.286185,0.308318,-0.059492,0.284984,0.308615,-0.096826,0.272779,0.352099,0.079164,0.263527,0.356881,-0.200939,0.32182,0.363536,0.11282,0.322889,0.367052,-0.276859,0.370851,0.365039,0.048703,0.374029,0.367729,-0.291769,0.382099,0.366892,0.047153,0.388007,0.371483,-0.32737,0.380953,0.362165,0.020883,0.388073,0.365893,-0.316404,0.377396,0.362584,0.035921,0.383157,0.36527,-0.288197,0.285729,0.546077,0.086609,0.287278,0.551794,-0.08668,0.268182,0.668255,0.158347,0.335396,0.670392,-0.061653,0.213602,0.774964,0.233911,0.368239,0.804569,-0.034612,0.196302,0.794809,0.238772,0.36695,0.838049,-0.03289,0.237943,0.812212,0.195882,0.407435,0.793356,-0.101404
1.16.26_HA1,71,710.0,410.0,0,716.37,415.72,0.9873,719.34,414.1,0.9478,0.289733,0.293551,-0.08963,0.28633,0.281554,-0.08085,0.285516,0.281054,-0.081037,0.284713,0.280513,-0.081007,0.285301,0.282062,-0.107697,0.283631,0.282149,-0.107896,0.281957,0.282331,-0.107984,0.27386,0.287164,-0.023033,0.270159,0.289412,-0.143675,0.286993,0.308278,-0.062685,0.285945,0.308493,-0.099245,0.27505,0.352028,0.071722,0.263737,0.356952,-0.201745,0.322635,0.366757,0.110576,0.323158,0.376121,-0.275749,0.371208,0.37229,0.043916,0.374658,0.383423,-0.291409,0.382137,0.375438,0.041371,0.3885,0.386931,-0.327746,0.381755,0.370908,0.015665,0.388746,0.380286,-0.317658,0.378279,0.37017,0.031129,0.383617,0.378852,-0.288542,0.28629,0.545745,0.085186,0.287649,0.551768,-0.085255,0.267843,0.668078,0.16277,0.334621,0.67071,-0.059387,0.213836,0.775376,0.247239,0.368265,0.805149,-0.03229,0.196548,0.795626,0.25302,0.366781,0.838701,-0.031677,0.237976,0.812323,0.212233,0.407129,0.792901,-0.103784
1.16.26_HA1,72,707.0,428.0,0,714.87,432.56,0.9891,720.85,430.17,0.946,0.290791,0.293406,-0.092024,0.287289,0.281459,-0.083448,0.286451,0.280969,-0.083631,0.285653,0.280456,-0.083595,0.286099,0.281907,-0.110454,0.284475,0.281989,-0.110646,0.282896,0.2822,-0.110733,0.27454,0.286948,-0.025914,0.271027,0.289327,-0.148284,0.287939,0.308086,-0.065278,0.286728,0.308389,-0.102074,0.276038,0.351862,0.069964,0.264542,0.357019,-0.206456,0.323563,0.376691,0.097627,0.323527,0.386284,-0.275619,0.371498,0.391593,0.024039,0.375443,0.398304,-0.288135,0.382352,0.396099,0.020163,0.388728,0.404034,-0.323692,0.382625,0.391966,-0.00702,0.389421,0.397669,-0.313308,0.378409,0.390548,0.010579,0.384618,0.395915,-0.285225,0.286201,0.544793,0.085203,0.287611,0.550893,-0.08527,0.267049,0.667967,0.165487,0.333871,0.670753,-0.062533,0.213546,0.777542,0.259477,0.367809,0.805079,-0.035275,0.196478,0.797253,0.266314,0.36633,0.83867,-0.034919,0.237842,0.813571,0.222939,0.406536,0.792636,-0.109197
1.16.26_HA1,73,707.0,436.0,0,716.19,445.91,0.9844,721.38,446.78,0.9447,0.29208,0.293159,-0.104353,0.28854,0.281346,-0.09498,0.287717,0.280823,-0.095151,0.286917,0.280245,-0.095112,0.287416,0.281852,-0.123161,0.285773,0.281932,-0.123353,0.284178,0.282103,-0.123437,0.275817,0.286424,-0.034113,0.272443,0.289125,-0.162004,0.289152,0.307808,-0.07604,0.288005,0.308068,-0.114336,0.273869,0.351587,0.068168,0.265685,0.356711,-0.217634,0.320857,0.384806,0.097723,0.322938,0.395176,-0.282,0.371439,0.40683,0.024072,0.375717,0.413685,-0.288319,0.38156,0.408379,0.020257,0.388479,0.420748,-0.323324,0.382236,0.40571,-0.006011,0.389175,0.413584,-0.313773,0.378439,0.405256,0.010958,0.38449,0.412124,-0.285367,0.285483,0.544007,0.08598,0.288072,0.549923,-0.086066,0.26662,0.667825,0.175843,0.333258,0.671661,-0.042998,0.213597,0.778432,0.272323,0.367546,0.805123,-0.004981,0.196462,0.797354,0.279374,0.366351,0.83916,-0.004092,0.237456,0.814623,0.237229,0.406658,0.79201,-0.079148
1.16.26_HA1,74,704.0,452.0,0,715.3,457.1,0.9879,721.24,460.2,0.941,0.293432,0.292961,-0.10372,0.289783,0.281183,-0.094031,0.28907,0.280693,-0.094203,0.288352,0.280156,-0.094165,0.288757,0.28173,-0.121943,0.287194,0.281882,-0.12214,0.285565,0.281998,-0.122228,0.27716,0.286174,-0.032737,0.273624,0.288637,-0.159625,0.290461,0.307673,-0.075342,0.289335,0.30798,-0.113307,0.273407,0.35156,0.068724,0.266437,0.355478,-0.214768,0.321734,0.39208,0.103269,0.322218,0.402749,-0.280458,0.369529,0.417356,0.037943,0.375643,0.42611,-0.287082,0.381599,0.427784,0.035843,0.388174,0.440034,-0.323113,0.382275,0.426583,0.009716,0.388522,0.434356,-0.311988,0.378496,0.423741,0.025257,0.384169,0.431244,-0.284082,0.28545,0.543614,0.085975,0.288598,0.549128,-0.086063,0.266259,0.667632,0.177676,0.332946,0.671592,-0.045287,0.213713,0.778189,0.2724,0.36739,0.805222,-0.010537,0.196617,0.797382,0.279337,0.366012,0.839275,-0.010433,0.237848,0.814935,0.238331,0.405936,0.791815,-0.085353
1.16.26_HA1,75,701.0,470.0,0,711.02,467.23,0.9737,718.07,474.18,0.9368,0.294732,0.292785,-0.108791,0.291006,0.281001,-0.098801,0.290323,0.280507,-0.098981,0.289617,0.279974,-0.098949,0.290027,0.281585,-0.126558,0.288514,0.281774,-0.12676,0.286879,0.281945,-0.12685,0.278532,0.286135,-0.036811,0.274997,0.288428,-0.163041,0.291803,0.307507,-0.080266,0.290765,0.307843,-0.118003,0.276248,0.35154,0.065978,0.266906,0.354894,-0.217431,0.322544,0.395131,0.102736,0.320023,0.408175,-0.283777,0.369658,0.429106,0.036316,0.373997,0.439054,-0.291107,0.381708,0.443494,0.033625,0.386179,0.455943,-0.325472,0.382318,0.442468,0.008899,0.38742,0.452931,-0.317261,0.378437,0.437444,0.023862,0.382702,0.44616,-0.288543,0.285992,0.543605,0.085975,0.288917,0.549111,-0.086063,0.264884,0.667836,0.177133,0.332682,0.672172,-0.039762,0.213779,0.779667,0.263593,0.367447,0.805525,-0.001198,0.196731,0.798308,0.269028,0.365992,0.839555,-0.000811,0.237805,0.815457,0.228094,0.405454,0.791514,-0.074603
1.16.26_HA1,76,699.0,484.0,0,706.61,481.96,0.9828,716.53,488.23,0.9332,0.296144,0.292653,-0.12126,0.292369,0.280883,-0.111153,0.291672,0.280426,-0.111334,0.290955,0.27995,-0.111297,0.291337,0.281467,-0.13842,0.289786,0.281676,-0.138622,0.288108,0.281894,-0.138713,0.279928,0.286012,-0.048435,0.276298,0.288352,-0.172862,0.293239,0.307481,-0.092616,0.292114,0.307743,-0.129792,0.277178,0.351513,0.055295,0.267856,0.354877,-0.225023,0.323073,0.402031,0.090162,0.320514,0.41594,-0.291522,0.369721,0.441718,0.02301,0.37319,0.452063,-0.301139,0.381823,0.457865,0.020064,0.385262,0.469933,-0.334686,0.382492,0.457594,-0.005708,0.386901,0.467848,-0.32793,0.378485,0.452534,0.010404,0.382077,0.462726,-0.298833,0.286595,0.54357,0.086023,0.289113,0.548842,-0.086112,0.264815,0.667107,0.183156,0.332332,0.672311,-0.051633,0.213822,0.779342,0.275017,0.367198,0.805465,-0.015126,0.196802,0.797706,0.281142,0.36596,0.839812,-0.014666,0.237562,0.815356,0.243352,0.405448,0.790678,-0.088752
1.16.26_HA1,77,692.0,507.0,0,700.65,495.88,0.987,712.35,502.86,0.9342,0.29677,0.292618,-0.115875,0.293042,0.280838,-0.10574,0.292333,0.28037,-0.105923,0.291622,0.279891,-0.105889,0.291876,0.281387,-0.133138,0.290225,0.28153,-0.133343,0.288429,0.281638,-0.13344,0.280643,0.285725,-0.043633,0.276709,0.28781,-0.168147,0.293799,0.307288,-0.0873,0.292518,0.307525,-0.124615,0.277892,0.351475,0.058694,0.268385,0.354345,-0.220903,0.323526,0.40756,0.099986,0.318892,0.421944,-0.288307,0.367222,0.451359,0.04666,0.371018,0.465607,-0.296796,0.379363,0.467792,0.045908,0.381641,0.485836,-0.331417,0.380861,0.46885,0.020118,0.384309,0.483447,-0.322425,0.377036,0.462842,0.034487,0.380551,0.478216,-0.294176,0.286699,0.543707,0.085982,0.290188,0.548605,-0.086076,0.264627,0.666886,0.187728,0.332238,0.672409,-0.033096,0.213901,0.780315,0.277694,0.36709,0.805423,0.008267,0.196897,0.798782,0.283725,0.365856,0.839957,0.009282,0.237563,0.815865,0.249368,0.405302,0.789752,-0.057713
1.16.26_HA1,78,682.0,520.0,0,691.55,506.3,0.9876,703.63,524.51,0.9396,0.298819,0.292124,-0.115644,0.294786,0.280399,-0.10518,0.294164,0.27999,-0.105366,0.29351,0.279513,-0.105335,0.293568,0.280849,-0.13207,0.291814,0.28097,-0.132273,0.290017,0.281065,-0.132367,0.28225,0.285115,-0.042762,0.278577,0.287137,-0.165601,0.295873,0.30664,-0.087349,0.294672,0.306978,-0.123883,0.282284,0.351458,0.057319,0.268587,0.353999,-0.218419,0.324389,0.413575,0.099209,0.31448,0.429191,-0.287433,0.367313,0.466513,0.042824,0.366474,0.485657,-0.294459,0.378228,0.484929,0.040944,0.374295,0.509043,-0.328999,0.380452,0.487147,0.019131,0.37897,0.505203,-0.322943,0.376761,0.479886,0.031057,0.376016,0.497635,-0.292529,0.287615,0.543633,0.084997,0.290305,0.548537,-0.085078,0.264493,0.666044,0.179985,0.332175,0.672715,-0.061163,0.214081,0.779835,0.266527,0.366972,0.805398,-0.022854,0.196916,0.798486,0.27164,0.365867,0.839904,-0.022373,0.23815,0.816238,0.235347,0.404716,0.789878,-0.091498
1.16.26_HA1,79,671.0,538.0,0,684.28,518.57,0.987,694.62,536.91,0.9451,0.303895,0.291771,-0.113115,0.30018,0.28015,-0.102794,0.299728,0.279678,-0.102979,0.299231,0.279069,-0.102947,0.298596,0.280574,-0.129794,0.296617,0.280649,-0.129997,0.294752,0.280676,-0.130089,0.28742,0.284123,-0.040836,0.283373,0.286418,-0.163857,0.301161,0.305991,-0.084939,0.299539,0.306268,-0.121595,0.286377,0.351351,0.059341,0.271462,0.352677,-0.21725,0.325261,0.423156,0.102312,0.310964,0.434439,-0.281055,0.366943,0.477773,0.043878,0.361783,0.497138,-0.293001,0.377282,0.494441,0.041141,0.369295,0.520623,-0.326437,0.379821,0.4964,0.016261,0.373792,0.515296,-0.320274,0.375599,0.490438,0.031298,0.370894,0.508904,-0.292255,0.288514,0.543806,0.084347,0.29167,0.548599,-0.08444,0.264079,0.665789,0.174562,0.332486,0.674041,-0.030512,0.214097,0.779457,0.251927,0.36704,0.806568,0.019776,0.196998,0.798197,0.256263,0.365728,0.840434,0.021472,0.23838,0.816971,0.221397,0.404774,0.790146,-0.0408
1.16.26_HA1,80,660.0,554.0,0,669.61,539.79,0.9871,678.52,555.67,0.9503,0.308802,0.291468,-0.111953,0.304838,0.28001,-0.101594,0.304383,0.279455,-0.10178,0.303966,0.278726,-0.101747,0.30311,0.280426,-0.128447,0.301068,0.280477,-0.128651,0.299114,0.280486,-0.128742,0.292597,0.283393,-0.039788,0.28798,0.285967,-0.163355,0.305956,0.305606,-0.083878,0.304316,0.305885,-0.120248,0.292251,0.351251,0.060641,0.275188,0.352727,-0.211646,0.325733,0.427766,0.11406,0.309836,0.443502,-0.256865,0.365924,0.490183,0.062982,0.353395,0.514507,-0.260755,0.375688,0.506617,0.06198,0.360332,0.538045,-0.290771,0.378433,0.507697,0.034584,0.365317,0.534454,-0.289029,0.373981,0.502511,0.050183,0.362642,0.527077,-0.260007,0.290203,0.544385,0.083294,0.293498,0.549022,-0.083403,0.26422,0.665502,0.174592,0.332962,0.675396,-0.009686,0.215312,0.778196,0.249877,0.367106,0.806735,0.047856,0.197887,0.798065,0.254151,0.365737,0.840435,0.050576,0.238463,0.816845,0.220915,0.403894,0.790518,-0.007053
1.16.26_HA1,81,646.0,574.0,0,657.17,553.43,0.9911,657.49,569.18,0.9551,0.314475,0.291358,-0.098997,0.310442,0.279906,-0.089173,0.309945,0.27934,-0.089348,0.309502,0.278601,-0.089312,0.308859,0.280338,-0.11509,0.306797,0.280375,-0.115301,0.304674,0.280347,-0.115371,0.298684,0.283112,-0.031639,0.29333,0.285416,-0.149497,0.310898,0.305246,-0.072546,0.309445,0.305361,-0.107537,0.297938,0.351213,0.0707,0.279653,0.351849,-0.200878,0.325663,0.434046,0.133063,0.307917,0.448299,-0.246842,0.363782,0.495945,0.090535,0.342441,0.527015,-0.25038,0.373789,0.513078,0.091602,0.348578,0.551382,-0.279159,0.37647,0.513376,0.063752,0.354877,0.545879,-0.278144,0.372416,0.508754,0.077838,0.352496,0.538282,-0.249647,0.290878,0.545355,0.0831,0.295428,0.549274,-0.083218,0.263944,0.665669,0.167197,0.333168,0.676177,-0.013835,0.215711,0.778056,0.233346,0.367198,0.807378,0.034487,0.198088,0.797947,0.236997,0.365959,0.840838,0.036504,0.23856,0.817434,0.208762,0.404069,0.790588,-0.018492
1.16.26_HA1,82,626.0,585.0,0,628.6,559.37,0.9757,639.27,572.92,0.9578,0.321038,0.29129,-0.096574,0.317363,0.279857,-0.087005,0.316996,0.279261,-0.087183,0.316773,0.278511,-0.08715,0.315395,0.280253,-0.113205,0.313471,0.280273,-0.113418,0.311209,0.28025,-0.113493,0.305646,0.283005,-0.030204,0.29909,0.285177,-0.148875,0.317174,0.305201,-0.070219,0.315356,0.305339,-0.105628,0.301039,0.351014,0.071138,0.284122,0.350282,-0.199385,0.324074,0.438876,0.132595,0.305453,0.448156,-0.251088,0.35939,0.503072,0.093248,0.332951,0.530485,-0.25333,0.369239,0.518737,0.094913,0.33675,0.554031,-0.280494,0.372445,0.520013,0.068264,0.342869,0.549712,-0.279365,0.36732,0.51603,0.081032,0.339943,0.541023,-0.252517,0.293455,0.545742,0.082709,0.300962,0.549396,-0.08284,0.263993,0.665688,0.168538,0.333602,0.676263,-0.004073,0.216379,0.7778,0.237335,0.367207,0.807699,0.044065,0.198905,0.797804,0.241021,0.365976,0.840968,0.045945,0.238972,0.817406,0.209477,0.403512,0.791133,-0.010014
1.16.26_HA1,83,603.0,589.0,0,601.89,584.24,0.9891,622.23,591.81,0.9619,0.326136,0.291235,-0.113126,0.323341,0.279835,-0.102105,0.323192,0.279274,-0.102293,0.323126,0.278559,-0.102249,0.320533,0.280176,-0.128077,0.318514,0.28019,-0.1283,0.316338,0.28017,-0.12839,0.312641,0.28297,-0.037268,0.304755,0.284886,-0.155062,0.323031,0.305185,-0.083832,0.320384,0.305289,-0.119055,0.307272,0.350956,0.069158,0.287551,0.350061,-0.201098,0.323816,0.444036,0.125501,0.297544,0.456897,-0.254433,0.35715,0.51368,0.073974,0.32408,0.547971,-0.27247,0.366495,0.531558,0.073111,0.326689,0.574752,-0.301717,0.368926,0.532156,0.047311,0.334344,0.568549,-0.306074,0.364292,0.527255,0.061562,0.334563,0.557041,-0.273784,0.296431,0.546492,0.082802,0.302436,0.549684,-0.082936,0.266188,0.664145,0.168692,0.335129,0.676276,-0.009619,0.217686,0.776376,0.241715,0.367256,0.807729,0.028159,0.199467,0.796331,0.245664,0.366119,0.841117,0.030012,0.240527,0.81744,0.209171,0.403531,0.792323,-0.031007
1.16.26_HA1,84,577.0,599.0,0,578.5,595.58,0.9936,590.11,609.1,0.9656,0.331645,0.291473,-0.10211,0.328306,0.279826,-0.091115,0.327661,0.279242,-0.091277,0.327173,0.278521,-0.091236,0.326352,0.280171,-0.118124,0.32468,0.280147,-0.118334,0.322846,0.2801,-0.118412,0.316976,0.282918,-0.029076,0.311364,0.284567,-0.15078,0.327849,0.305198,-0.074167,0.326232,0.305237,-0.110548,0.310848,0.351343,0.074871,0.293496,0.349736,-0.201052,0.323152,0.451172,0.131732,0.294801,0.458213,-0.257069,0.353389,0.523171,0.079801,0.307349,0.563986,-0.286527,0.363538,0.541596,0.078592,0.304905,0.589844,-0.318676,0.365899,0.542699,0.048908,0.312574,0.587451,-0.322467,0.360421,0.537386,0.065807,0.314842,0.578614,-0.288443,0.300915,0.547383,0.083461,0.301999,0.549701,-0.083597,0.267527,0.667863,0.13811,0.338111,0.676236,-0.014906,0.226636,0.797018,0.204175,0.367853,0.808316,0.023225,0.200336,0.796298,0.207118,0.366286,0.8424,0.025702,0.243007,0.818076,0.159241,0.403552,0.796889,-0.039435
1.16.26_HA1,85,553.0,602.0,0,559.91,602.43,0.993,562.04,612.23,0.969,0.33782,0.291911,-0.098495,0.334822,0.280022,-0.087068,0.334085,0.279434,-0.087234,0.333308,0.278738,-0.087192,0.333772,0.280337,-0.114895,0.332081,0.280264,-0.115099,0.330079,0.280182,-0.115169,0.322883,0.282921,-0.024738,0.318235,0.284539,-0.150031,0.333956,0.305468,-0.070625,0.332712,0.305515,-0.108085,0.313062,0.351672,0.077542,0.29879,0.3498,-0.201215,0.319426,0.455496,0.138343,0.292391,0.457333,-0.266167,0.346166,0.525697,0.096877,0.29273,0.566876,-0.306679,0.354117,0.544024,0.097159,0.287244,0.592379,-0.339111,0.358528,0.545427,0.068416,0.293539,0.594145,-0.342342,0.352455,0.539728,0.083567,0.296629,0.584493,-0.308872,0.301981,0.550464,0.084435,0.304864,0.551835,-0.084578,0.270844,0.671801,0.139253,0.344032,0.676226,0.000503,0.225424,0.790865,0.208582,0.369098,0.809462,0.080411,0.200813,0.794357,0.212406,0.366403,0.843815,0.085944,0.243554,0.818067,0.175624,0.404767,0.798548,0.032575
1.16.26_HA1,86,525.0,606.0,0,535.37,599.66,0.9922,538.72,606.45,0.9709,0.34442,0.296809,-0.083728,0.342034,0.284737,-0.073959,0.341078,0.283965,-0.074115,0.34023,0.28306,-0.074064,0.341174,0.284802,-0.10193,0.339728,0.284255,-0.102135,0.338238,0.283631,-0.102191,0.330396,0.284789,-0.01757,0.326303,0.285688,-0.144061,0.339709,0.309373,-0.057791,0.338735,0.30882,-0.095565,0.31281,0.352751,0.080304,0.303974,0.351335,-0.195999,0.31495,0.454513,0.131964,0.289713,0.455322,-0.266252,0.338856,0.525504,0.084017,0.280586,0.561527,-0.299017,0.347215,0.550373,0.082682,0.270493,0.588035,-0.331086,0.349752,0.545783,0.056362,0.277484,0.591749,-0.331509,0.347067,0.544699,0.07128,0.282361,0.584755,-0.300139,0.30104,0.552263,0.085008,0.306092,0.552861,-0.085179,0.277129,0.673319,0.15966,0.350243,0.672168,0.02777,0.224523,0.786485,0.237327,0.369805,0.809518,0.109629,0.201584,0.791401,0.2419,0.366788,0.843699,0.114649,0.244014,0.818407,0.214017,0.407028,0.7994,0.061287
1.16.26_HA1,87,502.84,592.04,0,502.84,592.04,0.9948,504.53,601.21,0.9713,0.351442,0.301439,-0.086814,0.349014,0.290023,-0.076657,0.347945,0.289182,-0.07683,0.346922,0.288245,-0.076795,0.348185,0.289937,-0.104361,0.346366,0.289092,-0.104562,0.344597,0.288117,-0.104643,0.337219,0.288853,-0.018944,0.332726,0.28863,-0.145025,0.346275,0.313552,-0.060348,0.345251,0.312672,-0.09793,0.319619,0.355848,0.077774,0.306677,0.35319,-0.19414,0.313369,0.457562,0.097061,0.282118,0.453596,-0.260728,0.333849,0.527891,0.006179,0.262778,0.556675,-0.294473,0.340083,0.548493,-0.004166,0.252327,0.580126,-0.320983,0.342093,0.546746,-0.029294,0.255834,0.584309,-0.327005,0.341324,0.546797,-0.007647,0.260449,0.578434,-0.298156,0.30103,0.551887,0.084576,0.305502,0.552756,-0.084767,0.282334,0.675852,0.130866,0.355011,0.666706,0.008168,0.224056,0.785543,0.17642,0.372028,0.8097,0.076329,0.201667,0.79115,0.177067,0.368501,0.843631,0.079718,0.244792,0.818807,0.133629,0.409929,0.800277,0.021515
1.16.26_HA1,88,471.95,588.38,0,471.95,588.38,0.9945,473.62,597.16,0.9737,0.358804,0.306355,-0.107538,0.355717,0.294235,-0.09886,0.354774,0.293446,-0.099008,0.353719,0.292646,-0.098941,0.355116,0.29426,-0.125727,0.353397,0.293431,-0.125938,0.351456,0.292516,-0.126004,0.344071,0.294232,-0.043197,0.339835,0.293516,-0.16454,0.353511,0.31833,-0.08171,0.352945,0.317253,-0.117967,0.325801,0.361604,0.049162,0.310501,0.356727,-0.198569,0.310749,0.461561,0.064514,0.276845,0.452091,-0.259359,0.319568,0.539867,-0.015528,0.246675,0.552928,-0.291124,0.320462,0.558147,-0.02589,0.236045,0.571582,-0.316614,0.323034,0.556902,-0.050169,0.239236,0.575832,-0.323433,0.322764,0.551077,-0.02868,0.245001,0.57195,-0.296271,0.302374,0.551673,0.083066,0.305224,0.552738,-0.083244,0.285969,0.680141,0.135502,0.361866,0.665984,-0.003102,0.22383,0.784841,0.189942,0.373544,0.809988,0.075012,0.202819,0.789652,0.191637,0.368967,0.843561,0.080034,0.245446,0.818751,0.150285,0.412635,0.800311,0.025368
1.16.26_HA1,89,446.4,575.52,0,446.4,575.52,0.995,446.05,584.67,0.9754,0.366462,0.314189,-0.135803,0.362848,0.301925,-0.128386,0.36184,0.301014,-0.128546,0.360778,0.30014,-0.128476,0.36229,0.302339,-0.154602,0.360559,0.301694,-0.154822,0.358694,0.30096,-0.154885,0.351581,0.303535,-0.073096,0.347686,0.303461,-0.190605,0.361277,0.326191,-0.109722,0.360762,0.325122,-0.144909,0.332374,0.367796,0.017048,0.314407,0.363329,-0.209318,0.308362,0.462387,0.027559,0.27155,0.452275,-0.251823,0.305701,0.53946,-0.055469,0.23232,0.541362,-0.265982,0.302984,0.555951,-0.068607,0.221642,0.554944,-0.289827,0.306445,0.553998,-0.091067,0.223382,0.559896,-0.303625,0.307177,0.547947,-0.067965,0.229198,0.557604,-0.272306,0.303622,0.55174,0.078681,0.304743,0.553076,-0.07886,0.288935,0.685049,0.111182,0.366536,0.663954,0.00023,0.2235,0.783946,0.132487,0.375872,0.809923,0.08311,0.203285,0.789738,0.130643,0.370372,0.843486,0.088403,0.245282,0.818938,0.08418,0.414372,0.80042,0.037407
1.16.26_HA1,90,425.06,555.01,0,425.06,555.01,0.9963,426.54,569.33,0.9776,0.372996,0.324583,-0.13665,0.369444,0.312348,-0.128298,0.368412,0.311395,-0.128442,0.367387,0.310488,-0.128368,0.368959,0.312953,-0.155188,0.367352,0.3125,-0.155407,0.365624,0.311951,-0.155456,0.358724,0.314534,-0.070091,0.354926,0.314886,-0.190636,0.368182,0.336426,-0.109717,0.367606,0.335433,-0.145725,0.336732,0.376114,0.021568,0.320528,0.369976,-0.210076,0.31105,0.466808,0.032089,0.268429,0.449715,-0.254384,0.316511,0.539035,-0.0537,0.222155,0.527157,-0.27561,0.315729,0.553237,-0.065618,0.20623,0.543639,-0.297052,0.319078,0.552707,-0.09016,0.207819,0.544149,-0.318046,0.319242,0.547439,-0.067204,0.215595,0.540759,-0.284147,0.304292,0.552712,0.077919,0.305244,0.55408,-0.078097,0.290711,0.688349,0.092307,0.370324,0.661156,-0.011389,0.223298,0.783363,0.097389,0.378797,0.809104,0.070699,0.203086,0.789752,0.093871,0.372327,0.842786,0.073351,0.243803,0.818957,0.046357,0.417815,0.800381,0.011939
1.16.26_HA1,91,409.87,526.51,0,409.87,526.51,0.9929,408.2,549.95,0.9798,0.379964,0.334708,-0.151411,0.376089,0.322714,-0.142461,0.375085,0.321905,-0.142603,0.374227,0.321171,-0.142518,0.375326,0.323104,-0.170921,0.373697,0.322754,-0.17114,0.371988,0.322414,-0.171194,0.364094,0.325174,-0.081677,0.360487,0.326109,-0.209443,0.375874,0.346716,-0.123563,0.375009,0.345927,-0.161612,0.342511,0.385063,0.012416,0.325213,0.376936,-0.227286,0.312676,0.467967,0.036107,0.266963,0.448225,-0.278105,0.311785,0.538122,-0.035444,0.212604,0.509214,-0.317209,0.308915,0.552317,-0.044384,0.196002,0.51139,-0.34544,0.311924,0.551453,-0.070521,0.195591,0.521552,-0.358768,0.313171,0.546561,-0.049122,0.203147,0.526909,-0.323412,0.305061,0.555943,0.078382,0.305961,0.556453,-0.078552,0.292106,0.692054,0.099019,0.373391,0.65942,-0.016231,0.223052,0.78302,0.118075,0.38274,0.807717,0.059866,0.203012,0.789787,0.116105,0.376806,0.841667,0.06269,0.241514,0.819327,0.068429,0.422384,0.800115,0.005978
1.16.26_HA1,92,405.04,494.3,0,405.04,494.3,0.9922,406.33,512.41,0.9817,0.387728,0.345892,-0.142606,0.384097,0.333851,-0.132842,0.383209,0.333319,-0.132987,0.382388,0.332774,-0.132901,0.383056,0.334086,-0.161176,0.38119,0.333933,-0.161392,0.379318,0.334028,-0.161449,0.372295,0.337352,-0.070822,0.367486,0.338664,-0.198223,0.383507,0.358159,-0.11453,0.381897,0.357851,-0.152515,0.347582,0.392599,0.021586,0.330624,0.387583,-0.221656,0.313463,0.466429,0.052222,0.266232,0.441968,-0.276018,0.316188,0.534885,-0.013038,0.21163,0.47445,-0.318792,0.314334,0.548761,-0.020331,0.194094,0.474039,-0.347798,0.317774,0.54789,-0.047193,0.193943,0.481636,-0.358814,0.31871,0.543134,-0.026831,0.200254,0.486158,-0.324357,0.308185,0.562044,0.078513,0.308003,0.562742,-0.078676,0.291974,0.695978,0.096749,0.378577,0.659098,-0.038836,0.222856,0.783301,0.110983,0.387818,0.80686,0.030158,0.203098,0.790434,0.108433,0.379873,0.839398,0.034163,0.241645,0.819332,0.062423,0.425529,0.798432,-0.008888
1.16.26_HA1,93,404.28,465.38,0,404.28,465.38,0.9953,406.18,471.72,0.9829,0.39385,0.356526,-0.140382,0.390794,0.344626,-0.130182,0.389907,0.344146,-0.130338,0.38905,0.34372,-0.130256,0.389777,0.344532,-0.158522,0.387922,0.344237,-0.158749,0.386069,0.344326,-0.158817,0.378904,0.348143,-0.066756,0.374129,0.349147,-0.194768,0.389383,0.368944,-0.11184,0.388165,0.368739,-0.150033,0.355606,0.402157,0.026299,0.335315,0.395999,-0.220927,0.327902,0.469695,0.072465,0.266971,0.430482,-0.275204,0.322626,0.532099,0.056282,0.211552,0.436781,-0.311377,0.325785,0.543779,0.058072,0.196525,0.432066,-0.338968,0.328471,0.542563,0.028266,0.195514,0.437725,-0.348614,0.326666,0.538629,0.042389,0.20108,0.441912,-0.316771,0.311712,0.570227,0.078865,0.310044,0.5705,-0.079022,0.290301,0.700333,0.11016,0.380647,0.657933,-0.061948,0.222037,0.784014,0.139955,0.392934,0.805476,-0.016137,0.202959,0.791945,0.139207,0.386492,0.838801,-0.013814,0.24081,0.819431,0.094377,0.430204,0.79621,-0.062949
1.16.26_HA1,94,421.41,433.21,0,421.41,433.21,0.9955,423.8,438.51,0.9841,0.400464,0.365413,-0.140073,0.396816,0.353161,-0.129248,0.395819,0.352527,-0.12941,0.394913,0.352032,-0.129326,0.395976,0.353191,-0.156924,0.394282,0.352875,-0.157161,0.39254,0.353024,-0.157249,0.38529,0.35709,-0.062975,0.380239,0.358234,-0.188398,0.39573,0.37715,-0.110326,0.394649,0.377131,-0.147692,0.364702,0.409064,0.028083,0.339515,0.40046,-0.203085,0.32869,0.472351,0.077153,0.272302,0.418529,-0.23916,0.318448,0.52586,0.061858,0.220729,0.406024,-0.272777,0.314377,0.537472,0.061536,0.206434,0.399054,-0.29636,0.319146,0.537098,0.033005,0.204592,0.404077,-0.310467,0.320924,0.532904,0.048666,0.209982,0.408171,-0.279881,0.314838,0.576585,0.079072,0.311957,0.576265,-0.079223,0.288939,0.703403,0.114508,0.384004,0.656632,-0.076045,0.221451,0.784841,0.146648,0.396491,0.804985,-0.048334,0.202749,0.794211,0.145997,0.39061,0.838802,-0.04747,0.240286,0.819379,0.099693,0.434346,0.796179,-0.101372
1.16.26_HA1,95,436.79,399.22,0,436.79,399.22,0.9947,441.28,411.77,0.9845,0.406761,0.371771,-0.150641,0.402283,0.359617,-0.139718,0.401413,0.358937,-0.139903,0.400624,0.358282,-0.139824,0.401607,0.36041,-0.167921,0.400167,0.360449,-0.168145,0.398419,0.360705,-0.168246,0.39004,0.361862,-0.075743,0.386147,0.365044,-0.203868,0.402583,0.383239,-0.122426,0.401719,0.383791,-0.160553,0.368504,0.411609,0.012541,0.345978,0.408918,-0.220437,0.330834,0.471637,0.114822,0.274454,0.403345,-0.287129,0.317808,0.515211,0.16345,0.229836,0.381267,-0.338513,0.312762,0.525737,0.175532,0.215333,0.371279,-0.366811,0.315599,0.530151,0.144487,0.213448,0.377533,-0.375889,0.31835,0.526827,0.151558,0.219132,0.38185,-0.344236,0.317804,0.57853,0.081377,0.314412,0.580687,-0.08154,0.287961,0.704076,0.140901,0.38888,0.657114,-0.072893,0.220207,0.786794,0.1918,0.400679,0.805003,-0.033159,0.201986,0.797916,0.192897,0.394872,0.83889,-0.030637,0.240315,0.818341,0.146914,0.437512,0.797386,-0.081051
1.16.26_HA1,96,452.0,383.37,0,464.93,378.68,0.9846,452.0,383.37,0.9848,0.414386,0.376793,-0.14057,0.410616,0.364792,-0.13015,0.409709,0.363973,-0.130326,0.408849,0.363094,-0.130256,0.409983,0.365647,-0.157971,0.408661,0.365518,-0.158191,0.407067,0.365278,-0.15828,0.397953,0.365489,-0.067575,0.393667,0.368157,-0.194109,0.41026,0.387667,-0.112598,0.409553,0.387825,-0.150138,0.381096,0.416275,0.020797,0.350304,0.408206,-0.206315,0.339638,0.468769,0.115643,0.279224,0.389266,-0.252107,0.322219,0.503184,0.133573,0.235415,0.354972,-0.285457,0.321052,0.511269,0.140383,0.2217,0.344691,-0.306497,0.324164,0.51747,0.111418,0.220403,0.350201,-0.320017,0.325027,0.514227,0.121293,0.225633,0.355842,-0.292948,0.323198,0.580268,0.080893,0.317134,0.582146,-0.081054,0.287269,0.704428,0.136395,0.39287,0.657345,-0.070184,0.218954,0.786662,0.175388,0.402026,0.805952,-0.015966,0.201203,0.797937,0.175288,0.395859,0.839133,-0.014235,0.239582,0.818293,0.127159,0.438745,0.801369,-0.061421
1.16.26_HA1,97,481.21,365.25,0,481.21,365.25,0.9917,470.75,366.8,0.9854,0.419835,0.37967,-0.15838,0.416712,0.36735,-0.147788,0.415586,0.366439,-0.147994,0.414411,0.365464,-0.147933,0.416403,0.368133,-0.174892,0.414999,0.367798,-0.175113,0.413256,0.367327,-0.175212,0.403459,0.366796,-0.084709,0.400668,0.369257,-0.208476,0.415278,0.390771,-0.130514,0.414766,0.390644,-0.167375,0.386818,0.418509,0.010483,0.357545,0.407067,-0.219437,0.369623,0.47753,0.132811,0.294374,0.381892,-0.288448,0.377618,0.532127,0.180805,0.245183,0.339628,-0.345338,0.382836,0.547645,0.196691,0.233122,0.324647,-0.372376,0.384226,0.548293,0.162017,0.232263,0.326714,-0.381132,0.383264,0.543434,0.167229,0.23696,0.333358,-0.351991,0.325753,0.582419,0.081201,0.323605,0.585014,-0.081362,0.287733,0.703104,0.149577,0.396594,0.658401,-0.057993,0.218874,0.78628,0.199799,0.403092,0.807354,-0.008054,0.201233,0.797776,0.200304,0.394424,0.83947,-0.008085,0.239089,0.818197,0.143147,0.440351,0.805971,-0.060665
1.16.26_HA1,98,498.0,352.0,0,501.98,346.04,0.9853,483.83,349.98,0.9856,0.427053,0.379561,-0.133019,0.423899,0.366865,-0.122071,0.422919,0.36599,-0.122261,0.421783,0.365116,-0.122176,0.423447,0.368029,-0.148459,0.422135,0.368122,-0.148675,0.420398,0.368121,-0.148757,0.410019,0.367849,-0.067349,0.407509,0.371487,-0.188164,0.422939,0.391172,-0.109393,0.421725,0.391264,-0.14541,0.384608,0.415253,0.0184,0.367087,0.40686,-0.19804,0.379013,0.478084,0.140203,0.305394,0.371471,-0.265034,0.390138,0.533666,0.173811,0.251995,0.324055,-0.32468,0.39294,0.545488,0.186968,0.241689,0.31055,-0.341064,0.395891,0.546531,0.15509,0.240982,0.310574,-0.35216,0.396192,0.543361,0.160535,0.245321,0.315922,-0.337768,0.328433,0.584435,0.080215,0.333855,0.587777,-0.080373,0.289753,0.700927,0.149193,0.403206,0.658992,-0.04026,0.219981,0.785034,0.199258,0.402807,0.808386,0.000521,0.202288,0.796142,0.200005,0.393269,0.839662,0.001011,0.239703,0.818134,0.145084,0.440367,0.810345,-0.040784
1.16.26_HA1,99,521.27,341.68,0,521.27,341.68,0.9655,488.91,342.02,0.9827,0.432624,0.378657,-0.084036,0.42961,0.365983,-0.0721,0.428599,0.365301,-0.072269,0.427525,0.364664,-0.072189,0.429316,0.366356,-0.098388,0.428069,0.366086,-0.098628,0.426573,0.365842,-0.09873,0.416213,0.367327,-0.011751,0.414287,0.369425,-0.13129,0.428351,0.390605,-0.057817,0.427658,0.390157,-0.093599,0.3981,0.424764,0.067668,0.371576,0.40148,-0.149204,0.383602,0.483842,0.179196,0.315645,0.359521,-0.199005,0.384409,0.534716,0.207552,0.25464,0.316681,-0.231933,0.384099,0.544166,0.219882,0.244887,0.303828,-0.251002,0.387679,0.54501,0.191155,0.245888,0.304053,-0.259658,0.389191,0.541559,0.195565,0.249311,0.309805,-0.238198,0.336957,0.585171,0.080107,0.339972,0.587047,-0.080253,0.294057,0.699164,0.133421,0.407944,0.661383,-0.054913,0.22349,0.782074,0.171946,0.404309,0.810203,-0.024314,0.205467,0.787469,0.1719,0.39458,0.84078,-0.023133,0.239556,0.818967,0.121242,0.441349,0.815316,-0.075374
1.16.26_HA1,100,545.89,337.12,0,545.89,337.12,0.9724,520.87,336.35,0.9841,0.439593,0.375675,-0.097687,0.436299,0.36276,-0.086379,0.435476,0.362207,-0.086548,0.434677,0.36168,-0.086471,0.435399,0.363021,-0.113334,0.433844,0.362808,-0.113564,0.432139,0.362626,-0.113654,0.423023,0.363806,-0.022554,0.420002,0.366007,-0.14605,0.435242,0.388176,-0.070502,0.434058,0.387709,-0.107051,0.404105,0.425703,0.061018,0.378843,0.398082,-0.167864,0.381352,0.487749,0.145834,0.326829,0.349133,-0.226775,0.37661,0.545395,0.140998,0.271288,0.311431,-0.260778,0.375103,0.556853,0.14599,0.255593,0.296709,-0.28783,0.378402,0.557581,0.118722,0.254944,0.296699,-0.297098,0.380031,0.553347,0.12885,0.260604,0.303546,-0.26975,0.344842,0.58473,0.081607,0.347771,0.585598,-0.081736,0.300593,0.698411,0.133547,0.413569,0.664145,-0.07531,0.229775,0.776256,0.17644,0.404988,0.811109,-0.033043,0.211971,0.776082,0.17725,0.394377,0.841168,-0.030809,0.240256,0.819292,0.130048,0.441882,0.821401,-0.088428
1.16.26_HA1,101,552.6,333.86,0,563.49,337.01,0.9383,552.6,333.86,0.9856,0.445804,0.372285,-0.09837,0.441963,0.360273,-0.090682,0.440978,0.359953,-0.090829,0.440006,0.359622,-0.090761,0.441425,0.360339,-0.117694,0.440003,0.36019,-0.117917,0.438401,0.36005,-0.118004,0.429422,0.362734,-0.030568,0.426586,0.364215,-0.154158,0.441183,0.385284,-0.072267,0.440562,0.384537,-0.108834,0.413698,0.427592,0.059676,0.388822,0.395847,-0.17818,0.40055,0.5039,0.13746,0.340079,0.344642,-0.230823,0.401231,0.560684,0.125686,0.28781,0.309132,-0.307098,0.40008,0.572344,0.126364,0.271378,0.295451,-0.336415,0.403703,0.56994,0.105628,0.269987,0.29729,-0.344415,0.405241,0.565874,0.11671,0.276082,0.304191,-0.314453,0.354915,0.584167,0.081684,0.355305,0.584106,-0.081812,0.310058,0.697429,0.131205,0.418398,0.667874,-0.066193,0.237557,0.769836,0.170525,0.406419,0.813087,-0.003255,0.221432,0.764902,0.170364,0.396154,0.842297,0.001908,0.24035,0.819974,0.117958,0.441663,0.827706,-0.054741
1.16.26_HA1,102,567.71,331.12,0,578.73,336.27,0.9476,567.71,331.12,0.9861,0.454463,0.369634,-0.1022,0.450374,0.357182,-0.092222,0.449286,0.356733,-0.092398,0.448161,0.356249,-0.09233,0.449769,0.3574,-0.118959,0.448258,0.357195,-0.119192,0.446511,0.357006,-0.119291,0.437243,0.359543,-0.03197,0.434687,0.36151,-0.153893,0.450226,0.382664,-0.076007,0.449411,0.382057,-0.11236,0.420933,0.421407,0.056487,0.397249,0.394237,-0.175818,0.409166,0.493442,0.156847,0.347903,0.338302,-0.239012,0.411712,0.547769,0.199886,0.295682,0.306589,-0.304787,0.411512,0.559514,0.215012,0.278246,0.293549,-0.327717,0.414788,0.557819,0.184887,0.277704,0.29686,-0.336694,0.41636,0.554051,0.187814,0.284189,0.30443,-0.314067,0.363784,0.582505,0.079295,0.362543,0.582511,-0.079443,0.321467,0.696841,0.107805,0.422729,0.67012,-0.05232,0.246683,0.764447,0.108967,0.406955,0.813633,0.00945,0.230722,0.757027,0.105067,0.395948,0.843073,0.014186,0.240576,0.820021,0.04707,0.442571,0.828645,-0.040207
1.16.26_HA1,103,577.57,331.52,0,571.99,331.46,0.9896,577.57,331.52,0.9872,0.462959,0.366066,-0.078338,0.458122,0.353937,-0.06463,0.456877,0.353489,-0.064794,0.455616,0.353056,-0.064707,0.4577,0.354224,-0.093419,0.456194,0.354109,-0.093628,0.45458,0.354111,-0.09368,0.44502,0.357192,-0.001148,0.443846,0.359529,-0.130975,0.45822,0.379595,-0.051907,0.45757,0.379237,-0.090525,0.420424,0.416624,0.071562,0.40851,0.393113,-0.161303,0.408932,0.488303,0.154708,0.355579,0.333733,-0.228503,0.412021,0.542135,0.092546,0.30082,0.306965,-0.26686,0.413589,0.556731,0.091627,0.284365,0.297243,-0.289534,0.418023,0.551194,0.063468,0.283464,0.30122,-0.295832,0.416628,0.547446,0.077911,0.289264,0.307408,-0.27264,0.368808,0.58173,0.078996,0.373075,0.583023,-0.079162,0.333289,0.697127,0.078269,0.427194,0.673317,-0.009678,0.258421,0.759634,0.044098,0.407169,0.813618,0.077747,0.243774,0.747604,0.036831,0.395687,0.843105,0.084714,0.240928,0.819329,-0.022515,0.4424,0.830253,0.046878
1.16.26_HA1,104,582.52,339.01,0,580.19,340.18,0.9876,582.52,339.01,0.9883,0.470691,0.363436,-0.090351,0.466036,0.351407,-0.077602,0.464791,0.350962,-0.077775,0.463519,0.350498,-0.07769,0.465416,0.351724,-0.105732,0.463737,0.351618,-0.105947,0.462001,0.351587,-0.106007,0.451986,0.354683,-0.014895,0.449844,0.357063,-0.141883,0.466084,0.377051,-0.063748,0.465071,0.376863,-0.101579,0.430735,0.414663,0.064576,0.414835,0.392341,-0.170179,0.421167,0.485133,0.139544,0.362272,0.33276,-0.236183,0.424163,0.537699,0.106953,0.303394,0.313901,-0.273229,0.424065,0.554266,0.111615,0.287087,0.307413,-0.297772,0.425306,0.547126,0.081863,0.286369,0.312621,-0.30398,0.423601,0.543479,0.092873,0.292496,0.318142,-0.278183,0.378044,0.580588,0.076544,0.380933,0.582221,-0.076736,0.349634,0.69981,0.071409,0.430104,0.676788,-0.004621,0.272067,0.750207,0.03507,0.406949,0.815036,0.083028,0.257268,0.735008,0.027503,0.395545,0.84332,0.089827,0.248576,0.808854,-0.03413,0.442524,0.832278,0.047237
1.16.26_HA1,105,594.0,352.0,0,598.41,363.89,0.9442,587.65,347.63,0.9894,0.477156,0.361838,-0.094739,0.472067,0.349545,-0.07978,0.470812,0.349008,-0.079981,0.46961,0.348498,-0.079943,0.471515,0.3499,-0.107867,0.469827,0.349704,-0.108015,0.468119,0.34963,-0.107928,0.458293,0.352706,-0.021996,0.456264,0.355084,-0.143681,0.473662,0.375143,-0.066159,0.472638,0.374838,-0.107077,0.438618,0.414414,0.055376,0.421475,0.39182,-0.175571,0.439946,0.490024,0.062734,0.366297,0.335415,-0.239535,0.458326,0.542718,-0.034405,0.306069,0.321883,-0.273393,0.463632,0.556887,-0.044133,0.289789,0.314468,-0.299737,0.464336,0.550496,-0.073695,0.288419,0.320248,-0.307226,0.462265,0.547673,-0.050833,0.294762,0.32603,-0.281012,0.385962,0.580134,0.073771,0.388758,0.581372,-0.073945,0.365993,0.704133,0.019989,0.434726,0.679707,0.005623,0.285082,0.740772,-0.033746,0.407063,0.81665,0.122202,0.268901,0.729259,-0.043923,0.395851,0.843567,0.13148,0.260629,0.796889,-0.119569,0.441922,0.833921,0.086526
1.16.26_HA1,106,605.0,371.0,0,598.15,370.01,0.994,605.72,357.44,0.9904,0.482183,0.360252,-0.098156,0.477158,0.349324,-0.084125,0.47613,0.348377,-0.084299,0.47509,0.347538,-0.084227,0.476536,0.349811,-0.112472,0.474994,0.349268,-0.112649,0.473268,0.348784,-0.112629,0.464126,0.351314,-0.021362,0.461936,0.353633,-0.147358,0.479744,0.374291,-0.070197,0.478795,0.37441,-0.109656,0.446599,0.414025,0.054557,0.42946,0.391407,-0.178515,0.437364,0.490047,0.069558,0.373167,0.341313,-0.242053,0.444349,0.550906,-0.013556,0.315479,0.330961,-0.276594,0.446393,0.567429,-0.020375,0.299963,0.324853,-0.302894,0.447212,0.563049,-0.050235,0.297786,0.332411,-0.309989,0.446497,0.558827,-0.02936,0.304055,0.336654,-0.283014,0.395941,0.579689,0.074321,0.394767,0.581094,-0.074486,0.380344,0.706688,0.028012,0.439223,0.682731,-0.005973,0.300456,0.730987,-0.012243,0.407235,0.817681,0.091869,0.284252,0.718298,-0.020859,0.396104,0.843453,0.100039,0.275417,0.785435,-0.094527,0.442075,0.836535,0.050515
1.16.26_HA1,107,610.88,389.97,0,610.88,389.97,0.9929,605.02,368.91,0.9913,0.487453,0.355323,-0.12146,0.482692,0.346299,-0.107782,0.481607,0.345993,-0.107945,0.480469,0.345771,-0.107851,0.482372,0.346702,-0.136777,0.481046,0.346779,-0.136968,0.479462,0.347067,-0.136972,0.470575,0.351051,-0.042822,0.469158,0.353269,-0.172451,0.484654,0.369442,-0.094405,0.483902,0.370036,-0.13339,0.451194,0.412548,0.034274,0.436667,0.391171,-0.201366,0.440442,0.4882,0.066433,0.375598,0.349681,-0.262966,0.457244,0.545836,0.007323,0.315114,0.341583,-0.296885,0.463065,0.561393,0.005196,0.299772,0.335064,-0.322023,0.462871,0.557101,-0.025996,0.298883,0.333695,-0.331186,0.46225,0.554094,-0.008398,0.305034,0.337354,-0.303329,0.402911,0.57859,0.074797,0.402491,0.580848,-0.07496,0.398502,0.705858,0.058475,0.44293,0.685932,-0.017989,0.316886,0.723854,0.041898,0.407552,0.818283,0.081031,0.301135,0.707135,0.036101,0.395691,0.843448,0.090076,0.297212,0.778845,-0.027383,0.441932,0.83714,0.04396
1.16.26_HA1,108,622.81,419.06,0,622.81,419.06,0.9912,615.42,399.64,0.992,0.493337,0.348273,-0.131838,0.487686,0.339053,-0.120531,0.486752,0.339477,-0.120683,0.485858,0.339764,-0.120603,0.487282,0.339448,-0.147495,0.486033,0.340204,-0.147685,0.484726,0.340962,-0.147703,0.476428,0.346534,-0.060903,0.47537,0.348856,-0.181594,0.491855,0.362286,-0.106652,0.490987,0.363238,-0.142767,0.45346,0.410681,0.012324,0.446888,0.390901,-0.209322,0.446446,0.48713,0.026254,0.3831,0.35426,-0.268161,0.465456,0.542605,-0.049753,0.32053,0.370036,-0.297447,0.471103,0.557819,-0.056388,0.304715,0.370035,-0.322097,0.472115,0.553565,-0.085824,0.30533,0.383354,-0.331613,0.470482,0.55046,-0.065219,0.312157,0.385125,-0.303696,0.409705,0.575749,0.074528,0.409759,0.580091,-0.074676,0.41888,0.70486,0.070701,0.448052,0.686858,-0.046288,0.337277,0.717434,0.048413,0.406777,0.818956,0.04501,0.322231,0.69989,0.046684,0.395447,0.843434,0.053117,0.320728,0.77102,0.007627,0.42241,0.854877,0.007989
1.16.26_HA1,109,629.0,457.0,0,632.05,451.95,0.9951,634.39,440.57,0.9925,0.498186,0.341849,-0.108387,0.492904,0.332796,-0.096386,0.491877,0.333541,-0.096501,0.490908,0.334104,-0.096414,0.492409,0.33317,-0.124476,0.491072,0.334244,-0.124671,0.489736,0.335213,-0.124697,0.482056,0.341795,-0.035153,0.481005,0.343917,-0.161424,0.496838,0.356023,-0.082988,0.495983,0.357006,-0.120523,0.457073,0.407035,0.034951,0.45532,0.391094,-0.207172,0.427525,0.463772,0.057854,0.388834,0.375709,-0.265931,0.438019,0.507653,0.00775,0.330411,0.407936,-0.300256,0.44754,0.520239,0.005638,0.315541,0.412869,-0.328054,0.450637,0.521133,-0.023366,0.316172,0.427091,-0.335185,0.448082,0.518471,-0.006862,0.322222,0.427705,-0.3053,0.416684,0.573354,0.079019,0.415665,0.578898,-0.079126,0.436285,0.700744,0.083364,0.452061,0.688879,-0.066672,0.356786,0.715075,0.102877,0.40693,0.819006,-0.022144,0.341838,0.699717,0.103185,0.394781,0.842921,-0.019224,0.348803,0.770399,0.073021,0.429601,0.847415,-0.069759
1.16.26_HA1,110,669.0,499.0,0,664.29,500.81,0.9941,654.4,490.11,0.9932,0.503249,0.335415,-0.134306,0.497739,0.325646,-0.122993,0.496677,0.326313,-0.123137,0.495581,0.326917,-0.123077,0.497441,0.326091,-0.150308,0.496177,0.327227,-0.150504,0.494788,0.328301,-0.15054,0.486433,0.335463,-0.063638,0.485895,0.337408,-0.187106,0.501814,0.349225,-0.109611,0.501195,0.350382,-0.146208,0.463954,0.403392,0.02511,0.463648,0.392645,-0.2282,0.453888,0.464502,0.078277,0.398017,0.402225,-0.295499,0.473035,0.509375,0.0851,0.340833,0.453807,-0.338979,0.482461,0.523273,0.091299,0.325538,0.458987,-0.368966,0.483475,0.522833,0.059666,0.32686,0.469047,-0.378025,0.481226,0.519325,0.071038,0.333648,0.470324,-0.345038,0.424821,0.569451,0.081898,0.4231,0.578648,-0.081993,0.452098,0.693088,0.11793,0.456864,0.693535,-0.063868,0.375127,0.715541,0.154128,0.408028,0.818768,0.005833,0.359739,0.706125,0.15422,0.394268,0.840278,0.009851,0.375255,0.774909,0.119993,0.430974,0.843713,-0.05541
1.16.26_HA1,111,687.0,541.0,0,682.41,544.82,0.9965,683.25,535.31,0.9939,0.507795,0.328638,-0.158768,0.502234,0.318732,-0.147989,0.501051,0.319148,-0.148123,0.49988,0.319629,-0.148059,0.50246,0.319038,-0.175829,0.501469,0.319715,-0.176049,0.500373,0.320478,-0.176088,0.49147,0.329017,-0.084154,0.491875,0.330419,-0.209899,0.506284,0.341951,-0.131667,0.505952,0.343169,-0.168914,0.47326,0.400091,0.011637,0.468619,0.392366,-0.248421,0.460976,0.467123,0.044711,0.404209,0.428274,-0.311306,0.481103,0.510247,-0.014837,0.355859,0.495662,-0.356755,0.484968,0.525397,-0.021644,0.339667,0.50643,-0.389711,0.486857,0.523755,-0.050391,0.342337,0.516592,-0.398794,0.485002,0.52068,-0.029591,0.349716,0.514881,-0.362397,0.438717,0.567838,0.083425,0.427743,0.575253,-0.083495,0.47319,0.689261,0.086616,0.460937,0.693959,-0.076124,0.397389,0.721005,0.139292,0.409178,0.818695,0.00715,0.377705,0.713593,0.144619,0.393948,0.838915,0.013433,0.397947,0.77828,0.098658,0.435914,0.842181,-0.038843
1.16.26_HA1,112,736.95,566.45,0,736.95,566.45,0.995,738.49,568.25,0.9939,0.51219,0.322011,-0.136247,0.506309,0.311837,-0.12841,0.504901,0.312043,-0.128495,0.503411,0.312339,-0.128466,0.506987,0.312462,-0.155685,0.506175,0.313071,-0.155876,0.505311,0.313652,-0.155905,0.49454,0.322218,-0.081355,0.496499,0.323412,-0.205591,0.510436,0.335645,-0.113803,0.510504,0.336891,-0.15068,0.475744,0.39577,0.018556,0.472801,0.392307,-0.22908,0.441784,0.466176,0.055478,0.417629,0.450087,-0.29716,0.447888,0.511543,-0.001005,0.38463,0.526159,-0.338723,0.42612,0.526825,-0.008908,0.374205,0.543723,-0.385846,0.42684,0.52486,-0.032228,0.378654,0.548878,-0.3796,0.434988,0.521868,-0.01295,0.382605,0.545911,-0.336599,0.4485,0.567633,0.085608,0.435747,0.574807,-0.08564,0.489655,0.680845,0.114059,0.465311,0.696422,-0.081439,0.4161,0.724796,0.210499,0.411132,0.81735,-0.009755,0.398767,0.715869,0.217451,0.394748,0.837762,-0.003743,0.415288,0.779269,0.192642,0.438925,0.842095,-0.052756
1.16.26_HA1,113,781.0,610.0,0,792.91,610.6,0.9934,951.43,525.03,0.9649,0.516544,0.317309,-0.124114,0.51111,0.307767,-0.11624,0.509838,0.308085,-0.116339,0.508422,0.308484,-0.116356,0.511359,0.308242,-0.14396,0.510447,0.30886,-0.144152,0.509418,0.309429,-0.144188,0.498888,0.317659,-0.068806,0.50018,0.318464,-0.191938,0.514516,0.331517,-0.100504,0.514458,0.332573,-0.137336,0.480143,0.392146,0.034095,0.477861,0.391035,-0.220511,0.469309,0.468655,0.02229,0.440741,0.465307,-0.240865,0.505404,0.485915,-0.131159,0.495538,0.486135,-0.179695,0.513661,0.488801,-0.151681,0.514901,0.493976,-0.19942,0.516032,0.479978,-0.16717,0.515278,0.4916,-0.19004,0.51296,0.478831,-0.142625,0.50488,0.486288,-0.174175,0.456058,0.567656,0.086225,0.441652,0.574169,-0.086237,0.505961,0.662834,0.124233,0.466052,0.699705,-0.106281,0.442079,0.728427,0.209669,0.411569,0.816735,-0.073246,0.427285,0.719476,0.215326,0.394764,0.836415,-0.070371,0.43966,0.781598,0.188858,0.439709,0.843142,-0.121019
1.16.26_HA1,114,841.0,637.0,0,847.77,635.94,0.996,850.45,636.68,0.9682,0.519143,0.312335,-0.127067,0.514186,0.303072,-0.118064,0.512943,0.303351,-0.118183,0.511654,0.3037,-0.118182,0.514477,0.30352,-0.145547,0.513561,0.304102,-0.145751,0.512565,0.304626,-0.145818,0.502526,0.311667,-0.064189,0.503614,0.312917,-0.18864,0.516896,0.327023,-0.102584,0.517174,0.328089,-0.139643,0.484779,0.386614,0.04018,0.485153,0.388747,-0.226016,0.486376,0.468172,0.164194,0.44968,0.489645,-0.243188,0.525778,0.458491,0.232601,0.442944,0.589521,-0.242216,0.537561,0.451053,0.249191,0.4378,0.615737,-0.266465,0.535939,0.439489,0.224661,0.447154,0.61812,-0.269087,0.530577,0.441744,0.224113,0.449621,0.611442,-0.244021,0.463571,0.567217,0.089821,0.449481,0.574113,-0.089777,0.521762,0.646173,0.155241,0.470503,0.704353,-0.084566,0.473419,0.738788,0.251402,0.411345,0.815726,-0.025141,0.45981,0.753153,0.257606,0.394608,0.834913,-0.023016,0.497321,0.784571,0.225581,0.440954,0.844492,-0.070249
1.16.26_HA1,115,915.02,653.29,0,915.02,653.29,0.9965,905.57,648.13,0.9686,0.523066,0.31127,-0.101265,0.517874,0.300298,-0.090269,0.516501,0.300566,-0.090388,0.51505,0.300895,-0.090404,0.518207,0.300806,-0.11892,0.51721,0.301459,-0.119109,0.516124,0.302015,-0.119183,0.505541,0.308018,-0.035045,0.506941,0.309062,-0.16677,0.519772,0.324925,-0.076875,0.52016,0.32592,-0.115955,0.48611,0.381614,0.070354,0.488701,0.38659,-0.212858,0.511976,0.45862,0.214238,0.465319,0.492996,-0.242088,0.545246,0.420528,0.304753,0.47165,0.600123,-0.238588,0.556897,0.410113,0.326005,0.469709,0.628935,-0.262136,0.554217,0.400238,0.30467,0.478518,0.628263,-0.258649,0.54896,0.404569,0.298318,0.480051,0.617961,-0.23767,0.467421,0.566489,0.090155,0.463468,0.574102,-0.090129,0.509438,0.644616,0.157141,0.472723,0.706747,-0.044521,0.487247,0.761351,0.220767,0.412223,0.81495,0.03405,0.485178,0.772951,0.223574,0.394849,0.832762,0.040129,0.505253,0.790767,0.183407,0.441488,0.843688,-0.007353
1.16.26_HA1,116,983.0,642.0,0,974.91,643.5,0.996,971.12,647.38,0.9705,0.527591,0.312068,-0.104007,0.523037,0.300842,-0.092865,0.521452,0.300986,-0.093008,0.519826,0.301235,-0.093006,0.523262,0.301487,-0.121172,0.522011,0.30208,-0.121367,0.520682,0.302626,-0.121439,0.510527,0.307116,-0.036145,0.511461,0.308576,-0.166624,0.523133,0.325088,-0.079013,0.523347,0.325628,-0.117648,0.491986,0.375097,0.069827,0.49246,0.383362,-0.211702,0.522444,0.439485,0.225058,0.489193,0.49979,-0.238251,0.553896,0.399723,0.339125,0.505791,0.599426,-0.21884,0.561852,0.385739,0.365354,0.509883,0.625355,-0.239982,0.563699,0.377021,0.342839,0.517318,0.624147,-0.233748,0.558883,0.381609,0.333163,0.516421,0.614343,-0.216041,0.471877,0.562229,0.090031,0.468549,0.570214,-0.090016,0.538839,0.628961,0.138926,0.475897,0.709962,-0.076458,0.529856,0.760139,0.189642,0.412526,0.814266,-0.050094,0.518922,0.782662,0.191906,0.395385,0.829971,-0.048938,0.566072,0.787788,0.146335,0.441735,0.84391,-0.10407
1.16.26_HA1,117,1054.0,636.0,0,1050.94,631.63,0.9971,1042.38,625.51,0.9704,0.530689,0.312337,-0.106384,0.525425,0.300699,-0.094482,0.523669,0.300292,-0.094621,0.522032,0.299992,-0.094585,0.526132,0.30152,-0.121766,0.525083,0.301676,-0.12197,0.524037,0.301777,-0.122028,0.514055,0.305477,-0.038322,0.515631,0.306908,-0.173487,0.52619,0.325038,-0.080938,0.526926,0.325437,-0.118089,0.500427,0.371145,0.064846,0.495305,0.379673,-0.215207,0.538002,0.416425,0.198019,0.50792,0.489192,-0.243068,0.57073,0.357711,0.279499,0.542906,0.579176,-0.22186,0.579211,0.334906,0.300488,0.548009,0.602589,-0.244384,0.578443,0.329222,0.27969,0.553397,0.599239,-0.234357,0.574902,0.335084,0.273521,0.551643,0.589629,-0.217556,0.485759,0.556654,0.090066,0.475867,0.567207,-0.090045,0.560238,0.616214,0.088009,0.477813,0.710917,-0.110397,0.562729,0.758922,0.126921,0.413045,0.813585,-0.100282,0.553324,0.789292,0.127222,0.396511,0.829222,-0.100916,0.601869,0.781533,0.074979,0.442081,0.844683,-0.167952
1.16.26_HA1,118,1103.0,601.0,0,1110.73,593.02,0.9977,1102.7,599.25,0.965,0.535415,0.312691,-0.102903,0.530662,0.300614,-0.092017,0.529048,0.300029,-0.092174,0.527313,0.299538,-0.092172,0.53117,0.301661,-0.120158,0.530167,0.30176,-0.120354,0.52902,0.301747,-0.120431,0.51904,0.304916,-0.036619,0.520177,0.306323,-0.171537,0.531116,0.325818,-0.077854,0.53169,0.326014,-0.116371,0.504758,0.365542,0.064858,0.500735,0.377924,-0.21375,0.544809,0.394755,0.202292,0.528542,0.484373,-0.246302,0.576596,0.330645,0.287144,0.574324,0.554865,-0.235196,0.584241,0.311003,0.305761,0.58247,0.577002,-0.260324,0.583288,0.302707,0.286102,0.586731,0.569501,-0.251592,0.58031,0.307237,0.281296,0.583594,0.56269,-0.231737,0.500551,0.555949,0.089426,0.483737,0.567327,-0.089417,0.574004,0.608096,0.075821,0.480097,0.710993,-0.131289,0.591507,0.75821,0.126222,0.414311,0.811095,-0.102189,0.583753,0.78658,0.127372,0.397453,0.822832,-0.100788,0.629869,0.767234,0.078752,0.442113,0.845883,-0.164838
1.16.26_HA1,119,1156.0,554.0,0,1160.7,548.54,0.9912,1153.25,569.12,0.9653,0.538084,0.314512,-0.101692,0.534888,0.30178,-0.092428,0.533599,0.301178,-0.092593,0.53224,0.300619,-0.092586,0.535277,0.30236,-0.121066,0.534431,0.302141,-0.121269,0.533625,0.301797,-0.121363,0.523119,0.303582,-0.037441,0.524689,0.304541,-0.173266,0.533869,0.327381,-0.077272,0.534277,0.327105,-0.116603,0.506817,0.36294,0.06219,0.507648,0.375698,-0.223766,0.547932,0.37462,0.194797,0.550626,0.471652,-0.267703,0.579597,0.308218,0.268695,0.600651,0.526966,-0.235767,0.584417,0.291572,0.285622,0.612585,0.543882,-0.276003,0.586384,0.282441,0.262089,0.616491,0.53757,-0.270058,0.584116,0.290639,0.260687,0.611991,0.532592,-0.245739,0.515982,0.554635,0.088905,0.493876,0.567469,-0.088909,0.584021,0.611543,0.086901,0.48091,0.710606,-0.102062,0.620568,0.752468,0.177285,0.415971,0.805594,-0.076835,0.617831,0.77979,0.182765,0.399034,0.815386,-0.057098,0.658966,0.754235,0.132765,0.441871,0.846694,-0.133435
1.16.26_HA1,120,1196.0,499.0,0,1202.95,493.9,0.9799,1194.58,542.97,0.9677,0.544399,0.313843,-0.107816,0.541462,0.301176,-0.100995,0.540296,0.300635,-0.101173,0.539067,0.300057,-0.101152,0.541559,0.301393,-0.130704,0.540623,0.301017,-0.130916,0.5397,0.300526,-0.131061,0.52931,0.301821,-0.049117,0.530618,0.302655,-0.187143,0.540373,0.326251,-0.083705,0.540366,0.325553,-0.125009,0.509552,0.358873,0.058957,0.515089,0.372098,-0.241114,0.55488,0.345641,0.164781,0.568768,0.464823,-0.285733,0.589816,0.289308,0.200109,0.622178,0.502746,-0.260654,0.596066,0.26769,0.211916,0.634541,0.525376,-0.304761,0.59704,0.261398,0.186068,0.638078,0.501309,-0.278559,0.595093,0.268847,0.19016,0.63392,0.495473,-0.255575,0.523872,0.551834,0.089324,0.502084,0.566605,-0.089328,0.593158,0.612262,0.152498,0.484933,0.708696,-0.089054,0.643035,0.739027,0.284338,0.41854,0.801762,-0.034954,0.642991,0.775572,0.293366,0.401783,0.810832,-0.01819,0.679205,0.739491,0.237068,0.441769,0.84699,-0.095259
1.16.26_HA1,121,1225.0,452.0,0,1230.87,443.46,0.9897,1218.49,472.31,0.9704,0.55271,0.314853,-0.131909,0.550177,0.302492,-0.124138,0.549146,0.301954,-0.124334,0.548096,0.301404,-0.124296,0.549549,0.3028,-0.15408,0.548024,0.302473,-0.154293,0.546391,0.302066,-0.154438,0.53723,0.303338,-0.067339,0.535933,0.304516,-0.205881,0.548554,0.326892,-0.105791,0.547916,0.326472,-0.147377,0.525493,0.355873,0.040329,0.521464,0.370514,-0.258572,0.563335,0.328865,0.160596,0.577873,0.433422,-0.323924,0.596433,0.270362,0.175284,0.634628,0.437321,-0.338303,0.602362,0.250873,0.185622,0.648456,0.444896,-0.381844,0.602292,0.242953,0.158928,0.649522,0.428807,-0.36042,0.600625,0.250778,0.16483,0.64467,0.428168,-0.332378,0.537896,0.550209,0.089286,0.510861,0.566117,-0.089285,0.604988,0.617257,0.142747,0.487616,0.707074,-0.103027,0.663154,0.730685,0.243542,0.421647,0.797126,-0.02608,0.663672,0.774797,0.249193,0.404938,0.803181,-0.015778,0.698136,0.731161,0.186467,0.441578,0.848064,-0.090191
1.16.26_HA1,122,1242.0,387.0,0,1243.62,385.14,0.9838,1231.36,397.98,0.9718,0.558343,0.316162,-0.131313,0.555819,0.303811,-0.1233,0.554686,0.303295,-0.123493,0.553501,0.302745,-0.123453,0.555269,0.304146,-0.15243,0.553812,0.303865,-0.152643,0.552372,0.303519,-0.152779,0.542652,0.304822,-0.066853,0.541986,0.306076,-0.200928,0.554381,0.32788,-0.105364,0.55386,0.327721,-0.145647,0.537495,0.352649,0.034148,0.527608,0.364401,-0.255198,0.574246,0.317849,0.118568,0.587392,0.384147,-0.33193,0.607394,0.245555,0.103178,0.641331,0.368504,-0.354835,0.613985,0.221631,0.106261,0.654923,0.366648,-0.396725,0.614011,0.215274,0.081169,0.653744,0.353554,-0.379989,0.61183,0.224655,0.092148,0.649375,0.35499,-0.350649,0.551368,0.546306,0.089261,0.521503,0.562787,-0.089256,0.614469,0.619089,0.133441,0.491659,0.705999,-0.111143,0.678645,0.722099,0.218044,0.425697,0.793389,-0.032267,0.679543,0.76336,0.222223,0.408414,0.795087,-0.025015,0.711768,0.722741,0.159133,0.441465,0.848665,-0.101568
1.16.26_HA1,123,1233.0,331.0,0,1232.28,337.87,0.9828,1230.76,334.38,0.9736,0.564343,0.317145,-0.09718,0.561809,0.305036,-0.08822,0.560819,0.304557,-0.088413,0.559626,0.304035,-0.08837,0.561314,0.305387,-0.117606,0.560102,0.305162,-0.117824,0.558894,0.304845,-0.117974,0.549546,0.306261,-0.033015,0.549299,0.307695,-0.169713,0.561097,0.32862,-0.072091,0.56063,0.328508,-0.112792,0.547387,0.349809,0.056878,0.534519,0.357949,-0.242255,0.582816,0.301215,0.12246,0.590895,0.339433,-0.326535,0.612726,0.23218,0.111104,0.641023,0.309612,-0.362234,0.620246,0.203696,0.115237,0.652401,0.302475,-0.404642,0.62119,0.200003,0.090654,0.651941,0.291717,-0.388145,0.618881,0.210394,0.10008,0.64827,0.294606,-0.358461,0.567043,0.544912,0.088959,0.532697,0.561396,-0.088967,0.627911,0.625989,0.130998,0.499294,0.705625,-0.123264,0.694962,0.719973,0.208499,0.432763,0.787293,-0.047942,0.696213,0.756048,0.21148,0.415188,0.785627,-0.042035,0.725118,0.720896,0.146313,0.441467,0.848203,-0.120407
1.16.26_HA1,124,1221.0,282.0,0,1224.58,262.87,0.9761,1216.22,265.55,0.9591,0.572235,0.315906,-0.106742,0.569831,0.30504,-0.097685,0.569213,0.30464,-0.097933,0.568479,0.304159,-0.097894,0.568072,0.305302,-0.125216,0.566251,0.305127,-0.12545,0.564407,0.304792,-0.125647,0.559101,0.306802,-0.036297,0.55403,0.308256,-0.170193,0.56906,0.327481,-0.078873,0.567348,0.327375,-0.11781,0.557169,0.347993,0.047091,0.534106,0.354511,-0.237581,0.592443,0.292612,0.076796,0.58882,0.306058,-0.33202,0.624974,0.235415,0.019563,0.633448,0.245878,-0.35822,0.631162,0.216594,0.014248,0.642721,0.233111,-0.398216,0.629574,0.211461,-0.005277,0.641878,0.226836,-0.385181,0.629085,0.209368,0.008897,0.639061,0.232196,-0.355738,0.579412,0.545299,0.085436,0.544237,0.561569,-0.085546,0.63722,0.627577,0.155479,0.508066,0.700097,-0.121105,0.705756,0.718324,0.253596,0.440869,0.781747,-0.044873,0.705042,0.752039,0.257675,0.42471,0.779041,-0.039564,0.742097,0.727941,0.179768,0.441373,0.847596,-0.128251
1.16.26_HA1,125,1203.0,237.0,0,1215.13,230.31,0.9625,1210.22,230.41,0.9449,0.577322,0.3068,-0.107911,0.573605,0.296995,-0.098358,0.572965,0.297133,-0.098591,0.572185,0.297059,-0.098548,0.571937,0.29713,-0.125965,0.570121,0.297344,-0.126198,0.568239,0.297249,-0.126371,0.563652,0.302053,-0.033179,0.558591,0.302833,-0.162904,0.575392,0.320055,-0.080199,0.573644,0.319532,-0.118875,0.572564,0.34823,0.050388,0.539851,0.346977,-0.235426,0.60626,0.276786,0.065376,0.594347,0.272772,-0.314434,0.630469,0.208937,-0.024075,0.630323,0.213346,-0.330385,0.637631,0.191119,-0.033983,0.639558,0.198839,-0.366017,0.635971,0.18761,-0.053471,0.637857,0.193014,-0.356625,0.63402,0.191445,-0.035743,0.634954,0.19796,-0.328977,0.592085,0.544288,0.084189,0.558899,0.559235,-0.084328,0.649949,0.628879,0.15762,0.520489,0.693979,-0.112659,0.710899,0.718275,0.258494,0.451041,0.776036,-0.034958,0.708083,0.748301,0.263217,0.436189,0.77166,-0.031078,0.748471,0.737999,0.19303,0.441786,0.847418,-0.102346
1.16.26_HA1,126,1176.0,197.0,0,1182.25,190.64,0.9713,1190.74,198.17,0.9208,0.587873,0.30326,-0.08913,0.587322,0.293653,-0.07625,0.587153,0.294258,-0.076461,0.586751,0.294858,-0.076415,0.585155,0.292646,-0.101204,0.583603,0.292677,-0.101474,0.581941,0.292643,-0.101651,0.580716,0.299821,-0.003865,0.573641,0.297583,-0.120042,0.585771,0.317326,-0.058741,0.583056,0.315553,-0.093757,0.585458,0.347204,0.078868,0.549593,0.342426,-0.179403,0.611997,0.275166,0.077463,0.586614,0.2505,-0.268868,0.626157,0.196599,0.045067,0.620176,0.183492,-0.280554,0.634412,0.186664,0.040415,0.627383,0.16286,-0.317675,0.632429,0.18039,0.020047,0.627313,0.16205,-0.302697,0.631397,0.184976,0.034066,0.625606,0.169187,-0.277449,0.604144,0.544921,0.078664,0.569583,0.55919,-0.078864,0.661535,0.632086,0.145276,0.531559,0.692636,-0.10398,0.719275,0.721347,0.235568,0.462656,0.770287,0.00169,0.718398,0.748574,0.240291,0.449469,0.764743,0.011244,0.755733,0.743649,0.171672,0.444761,0.838884,-0.05858
1.16.26_HA1,127,1148.0,162.0,0,1136.72,148.84,0.9746,1161.81,161.77,0.917,0.596934,0.305219,-0.075128,0.596532,0.295938,-0.059837,0.596905,0.296459,-0.060063,0.597201,0.296984,-0.06002,0.593595,0.294792,-0.082858,0.591815,0.294565,-0.083138,0.589813,0.294222,-0.083307,0.592478,0.301886,0.018556,0.581669,0.298346,-0.089453,0.595267,0.318607,-0.042743,0.591781,0.316401,-0.075427,0.595647,0.348929,0.10239,0.555884,0.339862,-0.133881,0.621816,0.279956,0.158093,0.575314,0.241637,-0.216738,0.634792,0.196159,0.140306,0.605108,0.149783,-0.22881,0.638584,0.175519,0.142991,0.609284,0.12443,-0.260738,0.63511,0.172952,0.126292,0.609552,0.124531,-0.244693,0.632425,0.178815,0.132282,0.609181,0.134372,-0.225186,0.616093,0.544061,0.075511,0.580513,0.557982,-0.075718,0.670533,0.633764,0.140224,0.547134,0.69199,-0.117561,0.722092,0.723967,0.253473,0.476146,0.765705,0.00078,0.71769,0.749963,0.260815,0.462678,0.761145,0.010979,0.752684,0.762177,0.190524,0.455134,0.829632,-0.057893
1.16.26_HA1,128,1109.0,143.0,0,1103.32,140.33,0.9756,1121.09,142.98,0.9191,0.61548,0.30666,-0.086874,0.611782,0.297181,-0.074511,0.611303,0.297531,-0.074717,0.61067,0.297899,-0.074674,0.609642,0.296527,-0.100134,0.607517,0.296416,-0.100385,0.605149,0.296193,-0.100522,0.601871,0.302866,0.000978,0.593247,0.300566,-0.118862,0.612869,0.318627,-0.057985,0.610708,0.317126,-0.093664,0.605509,0.349755,0.085585,0.566727,0.343041,-0.163623,0.628837,0.276524,0.15045,0.566999,0.238776,-0.238054,0.639676,0.199352,0.135381,0.583904,0.132393,-0.239109,0.64378,0.184162,0.138981,0.583245,0.107567,-0.285032,0.638485,0.179374,0.119184,0.585574,0.107731,-0.258484,0.636153,0.183359,0.126275,0.587029,0.115014,-0.226992,0.623421,0.542157,0.075469,0.587136,0.55513,-0.075658,0.678037,0.635366,0.13691,0.562197,0.691337,-0.131492,0.72221,0.732487,0.267421,0.488207,0.761941,0.006786,0.715796,0.75708,0.276088,0.476473,0.753019,0.019805,0.751732,0.785012,0.20688,0.469137,0.828375,-0.047946
1.16.26_HA1,129,1069.7,145.03,0,1069.7,145.03,0.97,1084.65,163.12,0.9251,0.620554,0.307785,-0.165937,0.617171,0.297416,-0.147311,0.61732,0.297499,-0.147607,0.617511,0.297568,-0.147579,0.61356,0.297415,-0.17036,0.610945,0.297464,-0.170682,0.608184,0.297408,-0.170914,0.610328,0.302463,-0.049282,0.598547,0.30219,-0.148167,0.619567,0.319756,-0.127421,0.615923,0.318944,-0.159917,0.619384,0.35063,0.039552,0.575081,0.347936,-0.180475,0.63484,0.277743,0.147683,0.562421,0.259067,-0.296637,0.640441,0.201265,0.144872,0.564923,0.151037,-0.364445,0.642112,0.183663,0.151209,0.561313,0.121883,-0.404711,0.638704,0.182682,0.130262,0.564833,0.118899,-0.389059,0.636662,0.185991,0.136073,0.568098,0.129666,-0.362139,0.636233,0.543532,0.071555,0.602334,0.555845,-0.071775,0.687376,0.638516,0.111247,0.575409,0.69142,-0.118001,0.724663,0.745994,0.261502,0.506171,0.761347,0.060733,0.716182,0.767049,0.272613,0.496464,0.752614,0.077875,0.755543,0.804518,0.206998,0.483057,0.823778,0.011539
1.16.26_HA1,130,1042.87,184.79,0,1042.87,184.79,0.9676,1055.87,178.22,0.9314,0.615739,0.30612,-0.103793,0.614084,0.297019,-0.084844,0.614018,0.297333,-0.08517,0.613976,0.297589,-0.085123,0.612191,0.296773,-0.106374,0.609195,0.296971,-0.106731,0.607744,0.29694,-0.106981,0.609543,0.30305,0.001331,0.600954,0.302208,-0.101172,0.614169,0.317558,-0.068058,0.611897,0.316518,-0.098969,0.623557,0.350156,0.080644,0.583793,0.349592,-0.141536,0.638603,0.274775,0.198911,0.55967,0.264268,-0.257279,0.639782,0.231558,0.231779,0.549934,0.165019,-0.348808,0.639178,0.218344,0.242932,0.543736,0.137137,-0.38879,0.637903,0.21331,0.220836,0.547163,0.135263,-0.367643,0.637339,0.21644,0.223064,0.551263,0.145425,-0.350031,0.645342,0.544421,0.070848,0.615283,0.556571,-0.071109,0.69416,0.643456,0.085157,0.589326,0.692089,-0.112272,0.726098,0.76222,0.254672,0.523578,0.762358,0.065194,0.717567,0.783835,0.253834,0.514914,0.754786,0.081642,0.759368,0.815949,0.173294,0.500712,0.817573,0.014614
1.16.26_HA1,131,1010.0,230.0,0,1010.27,218.23,0.9766,1039.44,203.3,0.9372,0.627228,0.29915,-0.160924,0.627292,0.291418,-0.142766,0.627845,0.29196,-0.143082,0.628487,0.292561,-0.143022,0.623064,0.291291,-0.16467,0.619553,0.291974,-0.165039,0.617647,0.29259,-0.16532,0.624408,0.299429,-0.046701,0.611817,0.300032,-0.138473,0.626691,0.311361,-0.122063,0.62107,0.310929,-0.153226,0.636381,0.346863,0.047089,0.590759,0.351102,-0.164201,0.655219,0.270661,0.173181,0.550997,0.280711,-0.283832,0.64722,0.244407,0.197576,0.541373,0.18824,-0.366896,0.643235,0.233465,0.206688,0.53902,0.168492,-0.404771,0.640732,0.226427,0.185461,0.544969,0.161579,-0.393044,0.641696,0.229139,0.189218,0.543489,0.168296,-0.367248,0.655757,0.545158,0.068863,0.621602,0.557121,-0.069151,0.698519,0.652654,0.092627,0.60204,0.694709,-0.10964,0.726061,0.772422,0.286676,0.539085,0.762932,0.109043,0.71568,0.79276,0.297711,0.528986,0.755725,0.128765,0.757096,0.820131,0.224745,0.514331,0.815099,0.0572
1.16.26_HA1,132,994.0,301.0,0,994.35,281.46,0.9625,1019.73,256.27,0.9429,0.656436,0.300688,-0.0825,0.653563,0.2925,-0.066161,0.653212,0.292925,-0.066445,0.653005,0.293416,-0.066369,0.651402,0.292481,-0.093557,0.649529,0.293079,-0.093873,0.64752,0.293615,-0.094116,0.64595,0.29985,0.013189,0.638698,0.300399,-0.112343,0.652273,0.312766,-0.049332,0.649899,0.312405,-0.087912,0.64614,0.348818,0.093322,0.600275,0.352717,-0.152003,0.659709,0.292154,0.276136,0.550109,0.300898,-0.303843,0.636231,0.267028,0.413335,0.531109,0.237289,-0.429867,0.631349,0.260976,0.442813,0.517272,0.220639,-0.469824,0.62619,0.236667,0.424935,0.521639,0.213536,-0.456557,0.631252,0.242918,0.40981,0.525007,0.218596,-0.429766,0.663133,0.546041,0.070227,0.630079,0.557534,-0.070537,0.702994,0.657572,0.126947,0.618131,0.69613,-0.113182,0.72547,0.777719,0.292012,0.551393,0.762526,0.076152,0.71644,0.798892,0.302307,0.542156,0.752744,0.093152,0.75662,0.82087,0.240255,0.523946,0.811799,0.030707
1.16.26_HA1,133,976.67,358.59,0,976.67,358.59,0.9766,1000.82,316.09,0.947,0.671059,0.304648,-0.086153,0.668282,0.295011,-0.074877,0.667765,0.295064,-0.075105,0.667397,0.295196,-0.075085,0.666188,0.29532,-0.102727,0.664027,0.295678,-0.103008,0.661834,0.295854,-0.103175,0.660736,0.301011,-0.002461,0.651259,0.301366,-0.125126,0.668112,0.316382,-0.059768,0.665381,0.316056,-0.098089,0.660755,0.356609,0.081765,0.610825,0.353273,-0.152273,0.656761,0.43376,0.268235,0.556149,0.345399,-0.253711,0.657186,0.52327,0.256815,0.521259,0.292677,-0.3522,0.655969,0.547158,0.276198,0.502154,0.269567,-0.385458,0.657625,0.53961,0.241599,0.504754,0.256798,-0.381729,0.657459,0.528573,0.245445,0.510471,0.26642,-0.355501,0.673198,0.551784,0.071306,0.640049,0.560937,-0.07155,0.709613,0.663866,0.16962,0.632196,0.70069,-0.12647,0.725621,0.779299,0.335599,0.561351,0.761321,0.045496,0.71628,0.799012,0.3468,0.552413,0.748752,0.065265,0.75561,0.820991,0.290856,0.531619,0.808471,0.022231
1.16.26_HA1,134,999.0,437.0,0,992.06,444.01,0.9797,1001.27,422.08,0.9245,0.681032,0.305776,-0.08974,0.677863,0.296014,-0.077529,0.676976,0.295933,-0.077754,0.676188,0.295893,-0.077707,0.676623,0.296272,-0.10349,0.674643,0.296495,-0.103762,0.672674,0.296515,-0.103951,0.669477,0.301163,-0.006696,0.661643,0.301481,-0.125517,0.677905,0.317782,-0.061277,0.676219,0.317383,-0.097228,0.667788,0.360197,0.076325,0.623879,0.357612,-0.147968,0.66473,0.406918,0.241491,0.572989,0.393555,-0.234903,0.663991,0.43015,0.369853,0.521495,0.390816,-0.296471,0.662334,0.43951,0.399788,0.502976,0.380171,-0.317476,0.66283,0.432233,0.378035,0.504411,0.375946,-0.31893,0.663774,0.430682,0.364373,0.510385,0.380567,-0.30043,0.678162,0.554111,0.072082,0.648021,0.563791,-0.072285,0.715242,0.665149,0.156646,0.643291,0.705724,-0.136682,0.726061,0.780939,0.29925,0.572241,0.761899,0.006715,0.716583,0.800558,0.309168,0.563364,0.74833,0.023087,0.753724,0.820589,0.262252,0.543455,0.805032,-0.008285
1.16.26_HA1,135,1036.0,514.0,0,1033.61,510.37,0.985,1027.11,504.32,0.9186,0.693177,0.306367,-0.090754,0.687693,0.296556,-0.080924,0.686578,0.296513,-0.081139,0.68554,0.296492,-0.081097,0.687063,0.296795,-0.107982,0.685642,0.297046,-0.10822,0.683878,0.297122,-0.1084,0.67671,0.301507,-0.02136,0.67203,0.301589,-0.145288,0.688896,0.318416,-0.066973,0.687929,0.318076,-0.103955,0.674004,0.365567,0.047346,0.635757,0.360915,-0.151009,0.651047,0.43604,0.168643,0.591736,0.43007,-0.232728,0.639117,0.461695,0.282698,0.534954,0.466962,-0.258466,0.644466,0.47204,0.313102,0.513149,0.466338,-0.277446,0.639814,0.462889,0.314721,0.512257,0.464381,-0.282316,0.639111,0.458101,0.286464,0.52009,0.464878,-0.261989,0.683975,0.555188,0.072493,0.655087,0.565112,-0.072703,0.719945,0.665002,0.15948,0.654333,0.707045,-0.129166,0.725457,0.78211,0.289431,0.58498,0.762677,0.000612,0.715315,0.801478,0.298414,0.574231,0.747353,0.015071,0.756709,0.822224,0.262458,0.555919,0.805577,-0.010498
1.16.26_HA1,136,1091.0,569.0,0,1099.94,565.06,0.9843,1079.34,576.56,0.8913,0.703062,0.30663,-0.171514,0.696725,0.296734,-0.16368,0.695433,0.296667,-0.163923,0.69425,0.296617,-0.16391,0.696244,0.296897,-0.190667,0.694827,0.297083,-0.190904,0.693319,0.297313,-0.191095,0.685172,0.302463,-0.106261,0.682151,0.303329,-0.230225,0.698359,0.319342,-0.146189,0.697838,0.319056,-0.183065,0.678687,0.369642,-0.022915,0.645238,0.375565,-0.237032,0.665171,0.448116,0.115305,0.607512,0.465868,-0.254904,0.656174,0.502406,0.222801,0.562156,0.533853,-0.27125,0.653655,0.518771,0.254034,0.550278,0.550261,-0.289904,0.656406,0.514362,0.235233,0.548797,0.55081,-0.296423,0.657432,0.507219,0.219533,0.554269,0.54636,-0.274583,0.688974,0.554995,0.070986,0.660459,0.565134,-0.071112,0.721784,0.664516,0.166641,0.664568,0.706987,-0.100306,0.726133,0.781273,0.288007,0.596771,0.762505,0.051724,0.714974,0.800606,0.295796,0.585598,0.7429,0.067797,0.754856,0.822972,0.257667,0.567072,0.802661,0.043541
1.16.26_HA1,137,1180.0,631.0,0,1177.25,619.5,0.979,1167.04,631.54,0.8985,0.711715,0.306822,-0.20327,0.70554,0.297137,-0.193781,0.703998,0.297081,-0.194002,0.702434,0.297027,-0.193983,0.705188,0.297294,-0.220371,0.703558,0.297489,-0.22058,0.701845,0.297685,-0.220726,0.691632,0.302496,-0.13099,0.690215,0.303634,-0.252428,0.705913,0.320061,-0.176025,0.705774,0.319885,-0.21217,0.682218,0.373142,-0.039455,0.654782,0.387877,-0.265216,0.684446,0.475135,0.019313,0.632105,0.49485,-0.274209,0.687211,0.542642,-0.007606,0.607836,0.584764,-0.26919,0.687194,0.560967,-0.007733,0.601706,0.602139,-0.289416,0.689755,0.55548,-0.030779,0.604616,0.605888,-0.297536,0.689149,0.548674,-0.017778,0.610023,0.598478,-0.272313,0.693456,0.553703,0.070704,0.66749,0.565123,-0.070816,0.72314,0.66212,0.167194,0.673645,0.706874,-0.087435,0.726144,0.779718,0.281637,0.606226,0.762215,0.045177,0.714923,0.799084,0.288527,0.59587,0.743937,0.058995,0.754539,0.821962,0.247249,0.577619,0.80094,0.0229
1.16.26_HA1,138,1276.0,655.0,0,1275.51,650.21,0.9878,1271.74,648.19,0.9039,0.716753,0.308638,-0.199568,0.711919,0.298355,-0.19003,0.710654,0.298235,-0.19023,0.709312,0.298149,-0.1902,0.711749,0.298542,-0.217226,0.710525,0.298645,-0.217422,0.709233,0.298784,-0.217546,0.698987,0.303591,-0.128286,0.698628,0.304765,-0.252664,0.711322,0.32286,-0.172426,0.711501,0.32259,-0.209358,0.68312,0.373776,-0.029429,0.67208,0.387772,-0.281132,0.683471,0.482704,0.029788,0.656589,0.497916,-0.305903,0.688321,0.56773,0.006107,0.662362,0.600179,-0.28298,0.689016,0.591543,0.006836,0.658666,0.623519,-0.306926,0.691395,0.588065,-0.016336,0.666888,0.623201,-0.309472,0.691007,0.579497,-0.003814,0.66974,0.61604,-0.284288,0.695079,0.552324,0.073166,0.672024,0.563646,-0.073272,0.725011,0.6604,0.162565,0.680171,0.705184,-0.090437,0.724912,0.778732,0.278084,0.616893,0.76203,0.043096,0.714119,0.798292,0.287154,0.608029,0.745545,0.056456,0.755481,0.820547,0.238523,0.591123,0.799662,0.024903
1.16.26_HA1,139,1362.0,641.0,0,1359.16,639.09,0.9835,1344.1,635.27,0.8958,0.723771,0.310197,-0.196735,0.718462,0.299436,-0.187612,0.716902,0.299273,-0.187794,0.715293,0.299222,-0.187761,0.718766,0.299631,-0.216554,0.71767,0.299633,-0.216732,0.716522,0.299694,-0.216842,0.705654,0.305576,-0.129132,0.706661,0.306474,-0.261585,0.718841,0.324659,-0.170401,0.719408,0.324474,-0.209584,0.681233,0.376579,-0.024904,0.68451,0.389637,-0.29454,0.672982,0.489289,0.03852,0.674975,0.501098,-0.318136,0.691446,0.563206,0.006281,0.700052,0.588217,-0.284481,0.693953,0.592772,0.004719,0.704614,0.610969,-0.310041,0.698079,0.58436,-0.019916,0.710699,0.604184,-0.30789,0.69758,0.581675,-0.004754,0.708951,0.599121,-0.28297,0.685839,0.552364,0.078269,0.675496,0.562974,-0.078353,0.722231,0.657198,0.181548,0.683819,0.700312,-0.028395,0.724336,0.778202,0.305787,0.626285,0.760909,0.144952,0.714775,0.798417,0.314465,0.61539,0.74236,0.161914,0.753425,0.819122,0.280012,0.604634,0.797546,0.13886
1.16.26_HA1,140,1416.0,604.0,0,1415.54,592.54,0.9842,1403.09,603.11,0.9038,0.72943,0.311331,-0.203335,0.723607,0.299796,-0.195663,0.722145,0.299757,-0.195854,0.720595,0.299893,-0.195842,0.724058,0.300088,-0.221045,0.723165,0.300259,-0.221219,0.722156,0.300531,-0.221325,0.711747,0.306786,-0.14155,0.712989,0.307882,-0.256967,0.72502,0.325656,-0.178758,0.725519,0.325535,-0.213133,0.689755,0.377184,-0.040918,0.690052,0.391181,-0.277491,0.687087,0.487254,0.013961,0.695105,0.501492,-0.304961,0.714349,0.553537,-0.025502,0.730775,0.558439,-0.267319,0.718871,0.567549,-0.028968,0.74009,0.567486,-0.293498,0.724218,0.555676,-0.052591,0.743051,0.556416,-0.289692,0.723973,0.548329,-0.036072,0.73972,0.55379,-0.265066,0.689145,0.551043,0.075603,0.677254,0.560841,-0.075633,0.721249,0.657224,0.174114,0.690892,0.694488,-0.05731,0.724372,0.777373,0.290115,0.631544,0.760222,0.098188,0.713923,0.797892,0.29835,0.620477,0.739434,0.11381,0.755053,0.817891,0.261205,0.606838,0.797734,0.094207
1.16.26_HA1,141,1458.0,559.0,0,1454.27,549.24,0.9829,1448.99,562.8,0.9062,0.73298,0.312208,-0.181565,0.728185,0.300403,-0.168271,0.726944,0.300372,-0.168489,0.725757,0.300468,-0.168453,0.728809,0.300761,-0.19544,0.728051,0.300991,-0.195701,0.727312,0.301288,-0.195886,0.717304,0.307198,-0.110809,0.718995,0.308854,-0.225758,0.729482,0.326402,-0.150738,0.73007,0.326332,-0.187638,0.690161,0.377099,-0.017709,0.703291,0.388521,-0.252064,0.688599,0.481309,0.019776,0.717283,0.487946,-0.249158,0.70599,0.552214,-0.043403,0.75468,0.521108,-0.176018,0.709104,0.570788,-0.048868,0.765119,0.527008,-0.194736,0.71289,0.566657,-0.069241,0.767813,0.514119,-0.188321,0.71212,0.559364,-0.05309,0.765018,0.511756,-0.171729,0.690558,0.549108,0.07379,0.681684,0.558312,-0.073818,0.722218,0.655363,0.172587,0.696297,0.68694,-0.046181,0.724549,0.776817,0.245126,0.636703,0.759704,0.077016,0.713803,0.79729,0.249706,0.625518,0.739754,0.090255,0.754579,0.817059,0.241935,0.61326,0.79641,0.074995
1.16.26_HA1,142,1499.0,528.0,0,1500.13,518.73,0.9871,1495.44,532.58,0.9015,0.738568,0.312212,-0.102321,0.733955,0.300351,-0.095385,0.732811,0.300291,-0.095544,0.731614,0.300341,-0.095511,0.734351,0.300744,-0.11939,0.733508,0.300971,-0.119575,0.732604,0.30125,-0.119658,0.72222,0.30694,-0.059458,0.724124,0.308727,-0.164786,0.735373,0.326321,-0.083394,0.735592,0.326286,-0.115709,0.692184,0.373163,0.024754,0.718006,0.386988,-0.204316,0.704972,0.462017,0.065855,0.742007,0.477215,-0.171027,0.734628,0.504839,0.057681,0.778874,0.49313,-0.064554,0.740331,0.522164,0.061823,0.789378,0.497293,-0.075746,0.743468,0.513876,0.041154,0.788751,0.485851,-0.068427,0.742487,0.507959,0.048856,0.784655,0.484482,-0.059709,0.6886,0.545618,0.073144,0.682938,0.554479,-0.073163,0.72392,0.653233,0.155327,0.701258,0.681863,-0.060207,0.724824,0.776541,0.213512,0.640052,0.759024,0.069222,0.71367,0.7975,0.217185,0.62837,0.74012,0.083329,0.753918,0.817561,0.208843,0.619833,0.796859,0.064318
1.16.26_HA1,143,1532.0,493.0,0,1531.11,492.04,0.9727,1536.28,523.44,0.9056,0.742535,0.312241,-0.044688,0.738013,0.300281,-0.039473,0.736571,0.300157,-0.039624,0.735114,0.300121,-0.039569,0.739114,0.300677,-0.062618,0.738599,0.300846,-0.062813,0.738139,0.301026,-0.062901,0.727425,0.306365,-0.010578,0.731395,0.307403,-0.114904,0.738993,0.326368,-0.029201,0.739964,0.326298,-0.060715,0.704722,0.370323,0.076638,0.72894,0.381032,-0.16721,0.729038,0.450323,0.161477,0.762444,0.464382,-0.128197,0.764556,0.48022,0.216146,0.800148,0.48467,0.003026,0.771306,0.483897,0.238056,0.808355,0.493593,-0.005403,0.775286,0.4717,0.215475,0.805613,0.470377,0.00988,0.775047,0.495028,0.208773,0.803047,0.469834,0.011024,0.686961,0.541665,0.074558,0.686654,0.552981,-0.074541,0.724096,0.648089,0.154604,0.70487,0.677758,-0.064541,0.724484,0.777273,0.214373,0.640723,0.758443,0.025116,0.713456,0.799293,0.218363,0.629308,0.740576,0.033959,0.755321,0.817177,0.203446,0.62457,0.796854,0.034377
1.16.26_HA1,144,1565.0,462.0,0,1559.79,463.77,0.9675,1565.05,498.47,0.9053,0.745563,0.310489,-0.045745,0.740686,0.298912,-0.038443,0.739324,0.298786,-0.038579,0.738004,0.298786,-0.038519,0.742374,0.299565,-0.063015,0.742294,0.299838,-0.063206,0.742323,0.300088,-0.063294,0.730626,0.305354,0.000306,0.73778,0.306339,-0.110456,0.743428,0.324312,-0.027021,0.744981,0.324315,-0.060309,0.715969,0.3679,0.091924,0.737426,0.375998,-0.170717,0.747197,0.443765,0.140401,0.776329,0.455139,-0.146932,0.792401,0.456985,0.09339,0.815133,0.46155,-0.039093,0.803578,0.440697,0.097898,0.823901,0.458814,-0.055293,0.805784,0.431697,0.075805,0.819962,0.437435,-0.043577,0.80331,0.444425,0.082707,0.816599,0.438303,-0.033387,0.690076,0.538283,0.080701,0.688042,0.550025,-0.080663,0.725205,0.64773,0.162316,0.70394,0.676356,-0.067109,0.725227,0.778547,0.220306,0.641176,0.75765,0.021112,0.71347,0.801932,0.227363,0.62883,0.740838,0.031478,0.755131,0.817801,0.21989,0.622422,0.796732,0.018644
1.16.26_HA1,145,1593.0,444.0,0,1588.85,443.15,0.9671,1590.07,463.27,0.9031,0.752257,0.302508,-0.067138,0.746968,0.293094,-0.063978,0.745711,0.293223,-0.064267,0.744507,0.293424,-0.064304,0.747882,0.294113,-0.084993,0.747309,0.294919,-0.085275,0.746851,0.295573,-0.0855,0.735616,0.301991,-0.023808,0.740075,0.303316,-0.13024,0.75058,0.317191,-0.049566,0.751369,0.317312,-0.079222,0.729044,0.365379,0.065565,0.739973,0.372463,-0.207199,0.770965,0.434453,0.095223,0.785773,0.450429,-0.198567,0.820828,0.420293,0.009391,0.828163,0.42895,-0.160793,0.829194,0.40463,0.007457,0.835608,0.416466,-0.187087,0.828248,0.400541,-0.019201,0.832927,0.405091,-0.176922,0.826348,0.405536,-0.003872,0.829552,0.40836,-0.157173,0.694252,0.535377,0.086433,0.690016,0.547148,-0.086369,0.72535,0.647693,0.173467,0.702475,0.674493,-0.069061,0.724137,0.778615,0.271913,0.640202,0.75323,0.023737,0.713329,0.802108,0.279174,0.627899,0.735672,0.035256,0.753509,0.81751,0.246465,0.617941,0.795686,0.020568
1.16.26_HA1,146,1604.0,430.0,0,1598.4,431.77,0.9799,1600.32,442.12,0.899,0.755045,0.298374,-0.090754,0.750049,0.289954,-0.082007,0.748545,0.289963,-0.082206,0.746976,0.290051,-0.082159,0.752236,0.291325,-0.106816,0.75228,0.29215,-0.107039,0.75249,0.292876,-0.107174,0.739061,0.299001,-0.030081,0.748092,0.300734,-0.144734,0.751961,0.312708,-0.067797,0.754524,0.312942,-0.101724,0.733025,0.362649,0.066073,0.74537,0.370354,-0.207528,0.775967,0.423007,0.07417,0.791886,0.447559,-0.208221,0.824903,0.405783,-0.026508,0.833502,0.409368,-0.137059,0.835323,0.393073,-0.030732,0.840366,0.397149,-0.163312,0.832745,0.38806,-0.05415,0.836035,0.387369,-0.152006,0.830456,0.391469,-0.038938,0.833589,0.390869,-0.133071,0.696178,0.53214,0.087453,0.6941,0.544573,-0.087412,0.724778,0.647983,0.185065,0.702544,0.673108,-0.073041,0.723612,0.778844,0.283327,0.638812,0.749125,0.021446,0.713485,0.802641,0.28952,0.626479,0.732502,0.031796,0.751992,0.81725,0.252004,0.617177,0.792791,0.001086
1.16.26_HA1,147,1611.0,430.0,0,1608.76,426.34,0.9758,1614.41,432.18,0.89,0.758021,0.292486,-0.080489,0.753638,0.284511,-0.07038,0.752328,0.284476,-0.070549,0.751064,0.284524,-0.070482,0.755742,0.285981,-0.09575,0.755939,0.286811,-0.095967,0.756256,0.287561,-0.096079,0.744589,0.294171,-0.017137,0.751951,0.295265,-0.132583,0.755602,0.306659,-0.057143,0.757833,0.306982,-0.091679,0.742556,0.361948,0.082571,0.749837,0.364776,-0.19999,0.78328,0.414486,0.081598,0.797034,0.438821,-0.207423,0.834421,0.398523,0.017016,0.84084,0.400167,-0.139624,0.842503,0.389686,0.016798,0.849004,0.392653,-0.166533,0.841531,0.383672,-0.007158,0.844635,0.381449,-0.15362,0.838614,0.385593,0.005017,0.841571,0.38372,-0.135214,0.700352,0.528905,0.089818,0.697593,0.53961,-0.089773,0.724064,0.648018,0.176295,0.700613,0.67066,-0.085374,0.72227,0.778495,0.28126,0.635929,0.746055,-0.004764,0.712562,0.802374,0.28512,0.623255,0.729212,0.003433,0.751598,0.817115,0.239774,0.615699,0.791724,-0.040133
1.16.26_HA1,148,1627.0,423.0,0,1622.29,420.23,0.984,1623.3,423.74,0.8502,0.759535,0.290412,0.014133,0.755503,0.28204,0.016105,0.753915,0.281895,0.015977,0.752386,0.281801,0.016046,0.759143,0.283552,-0.005591,0.759935,0.284297,-0.005791,0.760775,0.284943,-0.005863,0.745407,0.290023,0.030895,0.757728,0.291564,-0.06824,0.756373,0.302677,0.024077,0.760241,0.303201,-0.005691,0.732386,0.355649,0.107565,0.758731,0.360707,-0.150722,0.773174,0.404642,0.120695,0.804236,0.43226,-0.141028,0.819988,0.399386,0.035552,0.845469,0.392353,-0.034006,0.833342,0.383045,0.042094,0.854285,0.384013,-0.049121,0.832775,0.381075,-0.001697,0.8495,0.375826,-0.03639,0.830712,0.387243,0.019596,0.847305,0.37793,-0.028329,0.699244,0.525109,0.088674,0.702937,0.537327,-0.088659,0.722236,0.648209,0.17846,0.700554,0.668811,-0.08566,0.721198,0.778607,0.276575,0.633697,0.741573,0.00402,0.711681,0.802844,0.281574,0.620676,0.724852,0.013747,0.75081,0.816938,0.244674,0.6153,0.791961,-0.021211
1.16.26_HA1,149,1645.0,416.0,0,1628.73,419.18,0.9816,1629.22,418.65,0.8447,0.768577,0.287964,0.04403,0.764411,0.278555,0.04285,0.762916,0.278505,0.042712,0.761632,0.278436,0.042783,0.766849,0.28015,0.023662,0.767218,0.280862,0.023412,0.767724,0.281417,0.023273,0.754639,0.286169,0.044701,0.764654,0.287495,-0.044217,0.766388,0.300614,0.050127,0.769087,0.301366,0.023257,0.732903,0.34576,0.113172,0.768608,0.355674,-0.117478,0.767635,0.389156,0.257208,0.810941,0.428327,-0.076651,0.789454,0.390262,0.422236,0.848553,0.387635,0.079342,0.828038,0.384977,0.460661,0.856723,0.37699,0.077259,0.798905,0.382543,0.4409,0.852703,0.369194,0.095222,0.785757,0.384673,0.419093,0.849704,0.372357,0.088912,0.701211,0.52035,0.086943,0.709315,0.532287,-0.08684,0.721051,0.648761,0.174172,0.699167,0.665137,-0.071462,0.721147,0.779321,0.270375,0.632813,0.739477,0.011379,0.710429,0.803631,0.277734,0.618801,0.724816,0.020965,0.748632,0.816211,0.249063,0.618256,0.792201,-0.010988
1.16.26_HA1,150,1645.0,416.0,0,1644.47,420.43,0.9343,1639.17,417.34,0.8426,0.77242,0.283975,0.034945,0.767817,0.274281,0.034247,0.766349,0.274275,0.034087,0.76496,0.274297,0.034154,0.77046,0.275613,0.014848,0.770887,0.276365,0.014592,0.771421,0.276971,0.01446,0.758115,0.282043,0.039496,0.768578,0.283313,-0.050143,0.769885,0.296965,0.042268,0.772922,0.29782,0.01516,0.731941,0.339041,0.106885,0.773389,0.352998,-0.117678,0.749012,0.388719,0.248889,0.81563,0.426989,-0.083511,0.757895,0.396551,0.397901,0.853737,0.386427,0.057863,0.776731,0.392984,0.431384,0.861454,0.375324,0.053332,0.76447,0.389504,0.411265,0.857284,0.368006,0.069761,0.759878,0.391079,0.393819,0.854391,0.371199,0.066285,0.705933,0.519931,0.08266,0.713469,0.531151,-0.082555,0.721386,0.649157,0.167283,0.69955,0.66394,-0.051256,0.720881,0.779245,0.250966,0.632382,0.738691,0.014147,0.709884,0.803249,0.258686,0.617915,0.725009,0.023607,0.748868,0.816137,0.246831,0.620498,0.793012,0.00234
1.16.26_HA1,151,1657.0,415.0,0,1644.23,420.54,0.9727,1649.52,416.08,0.8407,0.774874,0.281493,0.043246,0.770296,0.271501,0.039648,0.768487,0.27142,0.03949,0.766817,0.271433,0.039555,0.773539,0.272827,0.021154,0.77405,0.27355,0.020902,0.774647,0.274145,0.020772,0.760002,0.278945,0.03433,0.772216,0.280589,-0.051663,0.771385,0.29396,0.047001,0.774869,0.294845,0.021084,0.733617,0.333621,0.099163,0.778154,0.348386,-0.124014,0.726995,0.388378,0.23173,0.818619,0.425865,-0.092964,0.750799,0.398715,0.370484,0.859126,0.385263,0.045147,0.758997,0.395659,0.401751,0.867095,0.374216,0.039224,0.759012,0.3918,0.38226,0.863162,0.366729,0.056225,0.758766,0.393219,0.366219,0.86041,0.369561,0.053768,0.708839,0.518169,0.080019,0.717255,0.528834,-0.07992,0.719525,0.649584,0.169615,0.699718,0.66254,-0.038788,0.720131,0.779089,0.255964,0.630956,0.73745,0.035579,0.709289,0.802776,0.264906,0.615985,0.724248,0.04384,0.749197,0.815945,0.254573,0.622881,0.79361,0.020353
1.16.26_HA1,152,1662.0,422.0,0,1652.3,428.24,0.9668,1652.85,421.76,0.8428,0.774607,0.281435,0.059926,0.770566,0.271226,0.052139,0.768601,0.270903,0.05199,0.766679,0.270621,0.052053,0.775036,0.272605,0.035193,0.776165,0.273129,0.034979,0.777297,0.273493,0.034884,0.760285,0.277226,0.029403,0.776405,0.279193,-0.048863,0.770838,0.292539,0.057292,0.775545,0.293028,0.033745,0.735297,0.33079,0.084428,0.78292,0.345864,-0.128558,0.718492,0.418499,0.113753,0.821362,0.42565,-0.104401,0.74886,0.473882,0.098397,0.860859,0.390519,0.014302,0.752651,0.484648,0.104591,0.869691,0.382685,0.004699,0.753738,0.483349,0.090188,0.866064,0.372671,0.018215,0.751448,0.479155,0.092395,0.862959,0.374715,0.021328,0.709946,0.518567,0.074559,0.721291,0.53001,-0.074539,0.719249,0.649929,0.171673,0.701466,0.662357,-0.02289,0.720082,0.779961,0.25119,0.63125,0.737519,0.044626,0.709377,0.803464,0.257726,0.615828,0.725184,0.051446,0.750088,0.816095,0.248658,0.628674,0.79412,0.025125
1.16.26_HA1,153,1666.0,433.0,0,1655.84,435.79,0.9746,1656.78,425.34,0.8466,0.7806,0.279431,0.068644,0.776951,0.26862,0.061905,0.774918,0.268342,0.061746,0.772869,0.26805,0.061813,0.781301,0.269832,0.043737,0.782296,0.270353,0.043497,0.783264,0.270727,0.04339,0.765516,0.274476,0.039833,0.780649,0.276387,-0.043628,0.775866,0.290505,0.066736,0.780823,0.290731,0.041322,0.737261,0.32882,0.092816,0.786613,0.3434,-0.124522,0.724648,0.412334,0.193298,0.822299,0.425687,-0.094118,0.756263,0.458601,0.30325,0.862906,0.393837,0.044871,0.760574,0.464287,0.331659,0.872327,0.387961,0.040955,0.765371,0.465288,0.31462,0.868291,0.377027,0.056635,0.765598,0.463788,0.299423,0.865014,0.378326,0.053444,0.711548,0.516959,0.073813,0.724546,0.528933,-0.073809,0.720109,0.64992,0.178484,0.702186,0.660634,-0.027032,0.719989,0.779959,0.251755,0.632111,0.738074,0.043191,0.708904,0.803558,0.258417,0.616363,0.726431,0.050885,0.748901,0.815969,0.250217,0.630846,0.79451,0.023173
1.16.26_HA1,154,1672.0,437.0,0,1665.51,439.31,0.9772,1664.62,429.88,0.8551,0.787717,0.278529,0.064458,0.783684,0.266273,0.058572,0.781397,0.26611,0.058405,0.779249,0.266042,0.058466,0.78759,0.267413,0.039593,0.788149,0.267931,0.039351,0.78872,0.26829,0.039241,0.770718,0.272519,0.040642,0.784513,0.273697,-0.046565,0.782832,0.290278,0.064137,0.786974,0.290385,0.037603,0.740549,0.327275,0.100304,0.789989,0.341821,-0.123299,0.736453,0.40901,0.228161,0.823358,0.425694,-0.082946,0.783172,0.452739,0.369225,0.86699,0.398033,0.070042,0.789477,0.449427,0.404408,0.876565,0.392854,0.06813,0.79509,0.454527,0.384177,0.873315,0.382252,0.087161,0.794935,0.458912,0.364997,0.869419,0.383327,0.080171,0.7129,0.515316,0.074082,0.728656,0.528823,-0.074082,0.720921,0.649988,0.179676,0.706998,0.659786,-0.025834,0.720472,0.780299,0.25316,0.634641,0.739516,0.042183,0.70927,0.803841,0.259812,0.618328,0.727914,0.04743,0.749564,0.815969,0.248528,0.635917,0.795607,0.021227
1.16.26_HA1,155,1664.04,449.68,0,1664.04,449.68,0.9831,1666.37,430.75,0.8617,0.793164,0.276411,0.068045,0.788749,0.263775,0.063723,0.786634,0.263713,0.063557,0.784574,0.263833,0.063615,0.792095,0.265098,0.044311,0.792504,0.265751,0.044074,0.792979,0.266262,0.043969,0.775462,0.270948,0.049714,0.788167,0.27191,-0.039572,0.78789,0.28879,0.068856,0.791789,0.288831,0.041721,0.743654,0.326801,0.109409,0.793544,0.341805,-0.117089,0.738621,0.408901,0.237734,0.824005,0.426666,-0.073538,0.775698,0.452769,0.377426,0.867899,0.398847,0.081758,0.780726,0.451333,0.413278,0.878816,0.395376,0.080501,0.787738,0.448583,0.392596,0.875602,0.383333,0.09936,0.786819,0.456454,0.373234,0.871507,0.385586,0.091919,0.715409,0.513533,0.074293,0.732686,0.528489,-0.074281,0.72332,0.649075,0.183288,0.711035,0.658503,-0.040207,0.720437,0.780211,0.253754,0.637833,0.740766,0.001093,0.709083,0.803991,0.260075,0.620395,0.728157,0.005352,0.748988,0.815898,0.247629,0.640681,0.800973,-0.022988
1.16.26_HA1,156,1670.64,456.58,0,1670.64,456.58,0.9814,1667.44,440.3,0.8683,0.79749,0.276812,0.082512,0.792938,0.263766,0.07866,0.790859,0.263595,0.078507,0.788887,0.263648,0.078567,0.796022,0.265095,0.059057,0.796321,0.26566,0.058824,0.796699,0.2661,0.058729,0.779867,0.270403,0.06392,0.791442,0.27161,-0.026067,0.792249,0.288683,0.082841,0.796079,0.288614,0.055539,0.747346,0.326433,0.121039,0.797253,0.342082,-0.107344,0.745802,0.409121,0.236196,0.825444,0.430335,-0.062869,0.786563,0.449081,0.356498,0.868458,0.407688,0.095509,0.797001,0.444186,0.389573,0.880109,0.403977,0.095945,0.802468,0.447825,0.370583,0.87738,0.390403,0.114088,0.801113,0.452693,0.352301,0.87331,0.391826,0.105692,0.718087,0.512592,0.074401,0.737666,0.528261,-0.074392,0.725178,0.647938,0.183117,0.71561,0.65795,-0.043251,0.720896,0.780096,0.24636,0.641984,0.741397,-0.010356,0.709038,0.804074,0.251194,0.624069,0.731036,-0.006639,0.748657,0.816244,0.240423,0.645628,0.808715,-0.036665
1.16.26_HA1,157,1673.29,467.33,0,1673.29,467.33,0.9755,1668.16,451.26,0.8725,0.799249,0.278603,0.09967,0.794834,0.265355,0.095242,0.792563,0.265061,0.095089,0.790464,0.265018,0.095144,0.798361,0.266541,0.075345,0.798708,0.266878,0.075117,0.799109,0.267082,0.075027,0.781441,0.270655,0.07699,0.794234,0.272229,-0.014241,0.793449,0.2902,0.098806,0.797539,0.290149,0.071147,0.751683,0.325524,0.130367,0.798765,0.341588,-0.10006,0.762181,0.409921,0.23786,0.827126,0.435724,-0.062194,0.803321,0.426242,0.349804,0.868832,0.417831,0.090605,0.814796,0.422314,0.381574,0.88023,0.412752,0.090692,0.815837,0.425968,0.364334,0.877618,0.399012,0.108553,0.814267,0.428806,0.3459,0.873461,0.401418,0.100596,0.72094,0.51214,0.074643,0.741758,0.528355,-0.074638,0.726778,0.647634,0.183801,0.719943,0.659207,-0.035738,0.721482,0.780077,0.24569,0.64843,0.74349,-0.003741,0.709259,0.804352,0.250429,0.629642,0.73655,0.000256,0.748025,0.816283,0.237124,0.652288,0.815079,-0.031844
1.16.26_HA1,158,1673.34,481.03,0,1673.34,481.03,0.9771,1670.69,466.27,0.8804,0.803208,0.278216,0.103079,0.798653,0.26465,0.099274,0.796415,0.264325,0.099125,0.794284,0.264277,0.099179,0.801909,0.265955,0.079249,0.802154,0.266344,0.079028,0.802472,0.26663,0.078946,0.784847,0.269946,0.082292,0.797568,0.271718,-0.009261,0.797516,0.289984,0.102542,0.80137,0.289855,0.074811,0.754753,0.324991,0.135582,0.802408,0.34149,-0.096315,0.76529,0.410628,0.234497,0.828048,0.440035,-0.053396,0.808284,0.417839,0.333607,0.87015,0.431733,0.10295,0.818945,0.413527,0.362761,0.881511,0.427778,0.103269,0.823236,0.417379,0.345845,0.879053,0.414497,0.120015,0.821293,0.41991,0.329457,0.874732,0.415936,0.112689,0.72345,0.512422,0.074675,0.74658,0.528672,-0.074668,0.727881,0.646341,0.193251,0.724639,0.659752,-0.03784,0.721936,0.779961,0.254307,0.653982,0.747549,-0.018501,0.709447,0.804163,0.259016,0.634169,0.741593,-0.016046,0.74788,0.816246,0.251891,0.65955,0.820452,-0.046331
1.16.26_HA1,159,1670.17,490.19,0,1670.17,490.19,0.9769,1668.7,480.27,0.8874,0.807497,0.277026,0.082916,0.803095,0.263307,0.080592,0.800986,0.26288,0.080459,0.79904,0.262705,0.080519,0.805856,0.264709,0.060728,0.805989,0.265107,0.060499,0.806218,0.265383,0.060425,0.789439,0.26874,0.071092,0.800659,0.270601,-0.019603,0.801878,0.289342,0.084956,0.805697,0.28936,0.057476,0.757518,0.324639,0.127315,0.806488,0.342661,-0.101003,0.760587,0.410792,0.217594,0.827528,0.4448,-0.056164,0.808273,0.410767,0.297626,0.869112,0.444699,0.094814,0.816296,0.410728,0.322577,0.880131,0.444195,0.094873,0.822713,0.411359,0.305908,0.878065,0.429512,0.108397,0.820755,0.413822,0.293071,0.874097,0.429635,0.103304,0.726225,0.51307,0.07486,0.749888,0.52961,-0.074857,0.730107,0.646553,0.187891,0.728225,0.660808,-0.042541,0.722365,0.780277,0.244534,0.659958,0.754559,-0.034917,0.71009,0.804895,0.248489,0.640047,0.750689,-0.033402,0.748677,0.817331,0.241573,0.666064,0.826111,-0.064044
1.16.26_HA1,160,1675.62,494.73,0,1675.62,494.73,0.9685,1670.26,490.52,0.8953,0.811063,0.274994,0.055401,0.806716,0.261991,0.053591,0.804832,0.261627,0.053449,0.803098,0.261498,0.053514,0.809228,0.263363,0.033242,0.809324,0.26378,0.03301,0.809516,0.264069,0.032919,0.793393,0.26789,0.051769,0.803888,0.269563,-0.041626,0.805926,0.287891,0.060316,0.809322,0.288079,0.032124,0.760965,0.324731,0.114836,0.808918,0.343394,-0.115856,0.764746,0.410636,0.217089,0.82748,0.447915,-0.077891,0.809751,0.407836,0.324059,0.869928,0.454187,0.061784,0.815383,0.402525,0.353373,0.88162,0.455871,0.057595,0.821477,0.404588,0.334168,0.879726,0.441453,0.074759,0.819755,0.407806,0.31946,0.875549,0.440587,0.071053,0.729132,0.514189,0.07494,0.753352,0.53039,-0.074931,0.733227,0.648605,0.185344,0.731727,0.661698,-0.034988,0.722113,0.78149,0.245359,0.667588,0.760971,-0.016706,0.710007,0.806586,0.249954,0.647768,0.758777,-0.013071,0.749507,0.817355,0.240725,0.677222,0.827902,-0.043201
1.16.26_HA1,161,1673.32,505.71,0,1673.32,505.71,0.9736,1669.9,498.49,0.9029,0.815654,0.275637,0.043317,0.811848,0.262574,0.041876,0.810049,0.262191,0.041725,0.808396,0.262031,0.041795,0.814107,0.263807,0.021152,0.814138,0.264119,0.020924,0.814245,0.264298,0.020829,0.798605,0.267623,0.042988,0.808299,0.269145,-0.051928,0.810329,0.288336,0.049314,0.813201,0.28847,0.020681,0.763689,0.324805,0.108916,0.810697,0.34338,-0.122997,0.754417,0.413254,0.214111,0.827258,0.450293,-0.084925,0.779972,0.456878,0.303645,0.869739,0.461566,0.055748,0.787209,0.463193,0.326224,0.88109,0.462918,0.05104,0.797492,0.464137,0.307344,0.88046,0.449608,0.06793,0.805137,0.463647,0.296738,0.87623,0.448472,0.065143,0.733,0.515112,0.074997,0.756361,0.530975,-0.074996,0.736546,0.649897,0.18345,0.736274,0.662344,-0.011202,0.721994,0.781979,0.244797,0.67465,0.769928,0.017759,0.710025,0.807069,0.249784,0.656479,0.771787,0.020509,0.749226,0.817434,0.240636,0.688309,0.832783,-0.003446
1.16.26_HA1,162,1671.9,513.28,0,1671.9,513.28,0.9509,1667.22,508.41,0.9097,0.81897,0.275593,0.038094,0.814913,0.262822,0.036387,0.813267,0.262478,0.036238,0.81166,0.262321,0.036302,0.816814,0.263893,0.015864,0.816758,0.264206,0.015631,0.816774,0.264412,0.015529,0.802086,0.267834,0.038431,0.810828,0.269392,-0.056505,0.814175,0.288483,0.044142,0.816758,0.288563,0.015802,0.767857,0.325067,0.106497,0.812543,0.342647,-0.126946,0.755137,0.416248,0.204788,0.825894,0.453467,-0.096454,0.780802,0.456572,0.28917,0.868342,0.47075,0.046181,0.785258,0.458662,0.313541,0.879728,0.472954,0.040382,0.792997,0.458316,0.294152,0.879203,0.460486,0.049381,0.79672,0.458706,0.283549,0.875174,0.458969,0.051124,0.737006,0.51581,0.074995,0.759775,0.531408,-0.075002,0.738869,0.650807,0.183882,0.743758,0.664225,-0.013895,0.721535,0.781913,0.245518,0.684458,0.777414,0.016148,0.710011,0.806816,0.250537,0.669424,0.783279,0.018285,0.748973,0.817073,0.249491,0.698533,0.83867,-0.004144
1.16.26_HA1,163,1669.66,521.62,0,1669.66,521.62,0.9756,1667.6,518.53,0.9139,0.823152,0.276397,0.03389,0.818639,0.263518,0.03309,0.816955,0.263206,0.032935,0.815239,0.263078,0.032994,0.820224,0.26448,0.012305,0.81997,0.264759,0.012077,0.819811,0.264945,0.011976,0.805372,0.268658,0.037019,0.813519,0.270015,-0.057717,0.818032,0.289303,0.040826,0.820432,0.289339,0.01226,0.77004,0.32612,0.104978,0.814756,0.342842,-0.126244,0.74953,0.424828,0.165521,0.82512,0.456702,-0.101521,0.762526,0.486353,0.195461,0.86854,0.480116,0.025641,0.759132,0.50347,0.211145,0.880124,0.481685,0.018187,0.766987,0.505648,0.192573,0.879756,0.468405,0.029359,0.771109,0.506359,0.189691,0.875508,0.467563,0.031304,0.740148,0.516384,0.074575,0.763753,0.531676,-0.074611,0.738823,0.65072,0.17937,0.752242,0.665328,-0.022433,0.721313,0.781818,0.227181,0.695437,0.781372,0.004167,0.710491,0.8061,0.230963,0.680106,0.787599,0.006605,0.748641,0.817054,0.231611,0.708329,0.845074,-0.007307
1.16.26_HA1,164,1665.34,527.26,0,1665.34,527.26,0.9781,1661.46,526.29,0.918,0.825086,0.276761,0.031752,0.820997,0.263996,0.030458,0.819272,0.263685,0.030304,0.817562,0.263544,0.03036,0.822962,0.264974,0.009802,0.822904,0.265285,0.00958,0.822932,0.265512,0.009482,0.808629,0.269084,0.03509,0.817387,0.270651,-0.060273,0.819863,0.289665,0.038235,0.82283,0.289713,0.009888,0.772492,0.326558,0.09244,0.817018,0.343253,-0.128378,0.750767,0.428049,0.125093,0.82424,0.458814,-0.104445,0.755871,0.497021,0.119003,0.865345,0.487307,0.014283,0.750171,0.515421,0.127968,0.877997,0.489614,0.003922,0.758455,0.513202,0.111164,0.877977,0.47702,0.015454,0.760346,0.516995,0.113028,0.873356,0.476157,0.020949,0.743142,0.516815,0.074415,0.767816,0.53195,-0.074465,0.739325,0.650988,0.179262,0.757372,0.667792,-0.011897,0.72148,0.781729,0.233675,0.706852,0.786301,0.016888,0.710873,0.804349,0.238164,0.688064,0.797495,0.019563,0.747824,0.816875,0.234113,0.723204,0.848392,0.010606
1.16.26_HA1,165,1664.92,536.93,0,1664.92,536.93,0.9807,1658.24,531.54,0.9222,0.827026,0.277279,0.042659,0.823032,0.264614,0.039364,0.821338,0.264312,0.039233,0.819735,0.264169,0.039286,0.825352,0.265598,0.01925,0.825478,0.265921,0.019039,0.8257,0.266158,0.018964,0.811297,0.269725,0.034953,0.820612,0.271341,-0.057212,0.822159,0.290096,0.046143,0.825313,0.290154,0.018717,0.775118,0.327303,0.091236,0.818763,0.343646,-0.128985,0.760717,0.433693,0.114673,0.823547,0.461427,-0.105214,0.757141,0.51862,0.091039,0.863669,0.492169,-0.00934,0.753798,0.532845,0.097284,0.875421,0.497896,-0.021784,0.760919,0.531767,0.080953,0.876775,0.484991,-0.010118,0.761415,0.528528,0.084629,0.872246,0.483157,-0.002675,0.745672,0.516881,0.074454,0.770323,0.532613,-0.074509,0.740773,0.652052,0.173307,0.765944,0.672431,-0.02112,0.721416,0.782057,0.212843,0.715715,0.793646,-0.00327,0.710576,0.804583,0.215384,0.698411,0.810172,-0.00137,0.747798,0.816854,0.214237,0.739417,0.846554,-0.009122
1.16.26_HA1,166,1661.43,539.8,0,1661.43,539.8,0.9781,1653.1,535.71,0.9256,0.832052,0.277642,0.004171,0.828306,0.264813,0.002787,0.826514,0.264591,0.002662,0.82481,0.264508,0.002707,0.830106,0.265956,-0.018156,0.829823,0.266386,-0.018384,0.829612,0.266677,-0.018454,0.816377,0.270308,0.008568,0.823433,0.271869,-0.086391,0.826391,0.290157,0.012321,0.828703,0.290335,-0.016308,0.778564,0.32746,0.078332,0.821759,0.343834,-0.149042,0.778044,0.432019,0.13562,0.822338,0.462652,-0.146724,0.806194,0.498902,0.107683,0.860988,0.496026,-0.069905,0.810411,0.495687,0.117444,0.872024,0.502205,-0.08175,0.815689,0.490994,0.112155,0.874164,0.489075,-0.07109,0.816441,0.491287,0.107435,0.869846,0.487393,-0.06392,0.748104,0.517224,0.075205,0.77475,0.532752,-0.075291,0.742492,0.652085,0.173123,0.774778,0.674229,-0.023503,0.721457,0.780136,0.20409,0.729574,0.797598,-0.034613,0.710353,0.801537,0.20551,0.713034,0.814228,-0.034553,0.744024,0.816332,0.201921,0.751353,0.851827,-0.053661
1.16.26_HA1,167,1661.01,541.28,0,1661.01,541.28,0.978,1651.12,539.14,0.9277,0.83554,0.277761,-0.012856,0.831905,0.264884,-0.01382,0.830191,0.264771,-0.013949,0.82856,0.264768,-0.01391,0.833834,0.266057,-0.03442,0.833663,0.26659,-0.034657,0.833536,0.266965,-0.034749,0.82087,0.270744,-0.004838,0.827919,0.272307,-0.098571,0.830385,0.29029,-0.003357,0.832646,0.290416,-0.031702,0.7821,0.327811,0.06994,0.825027,0.34412,-0.156471,0.780058,0.431595,0.156552,0.822842,0.466353,-0.157242,0.810373,0.452559,0.242191,0.85996,0.499204,-0.083471,0.814758,0.444648,0.26466,0.870878,0.510532,-0.095389,0.81953,0.438014,0.249714,0.872993,0.499592,-0.084826,0.82076,0.440483,0.239288,0.86885,0.495844,-0.077521,0.751576,0.517315,0.075968,0.77827,0.533377,-0.076066,0.745327,0.65215,0.174388,0.783546,0.676201,-0.040775,0.721361,0.779918,0.213205,0.739407,0.807805,-0.050694,0.710158,0.801431,0.215477,0.723227,0.825944,-0.050687,0.734983,0.812686,0.207897,0.76237,0.853807,-0.076875
1.16.26_HA1,168,1658.53,550.02,0,1658.53,550.02,0.9802,1650.49,544.36,0.9338,0.839728,0.278041,-0.059582,0.835904,0.265091,-0.059968,0.834139,0.265004,-0.060112,0.83238,0.265021,-0.060061,0.837536,0.266345,-0.081002,0.837204,0.266915,-0.081231,0.836937,0.267305,-0.081323,0.824017,0.271077,-0.042307,0.830933,0.272628,-0.137393,0.834507,0.290324,-0.046594,0.836449,0.29049,-0.075409,0.786631,0.328174,0.043761,0.82784,0.344724,-0.182921,0.79412,0.43162,0.131988,0.822756,0.468144,-0.183412,0.838805,0.452381,0.182797,0.859629,0.504033,-0.125757,0.846724,0.441852,0.197953,0.870486,0.513741,-0.14455,0.850219,0.43244,0.174832,0.873158,0.504095,-0.132231,0.848775,0.439263,0.17505,0.869235,0.501796,-0.120184,0.755267,0.518054,0.076274,0.782724,0.535418,-0.076371,0.747863,0.652319,0.189516,0.791899,0.677052,-0.018171,0.721402,0.779788,0.251999,0.751869,0.816279,-0.001866,0.710304,0.80135,0.256641,0.736412,0.833126,-0.000464,0.735454,0.810407,0.246499,0.775409,0.854346,-0.025651
1.16.26_HA1,169,1659.17,553.12,0,1659.17,553.12,0.9855,1648.74,548.58,0.937,0.8424,0.278098,-0.049137,0.838261,0.265132,-0.049067,0.836562,0.265042,-0.049195,0.834877,0.265088,-0.049145,0.839952,0.266391,-0.069789,0.839699,0.266956,-0.070027,0.839486,0.267339,-0.070131,0.826674,0.27112,-0.032757,0.833722,0.272742,-0.126833,0.837606,0.290475,-0.03687,0.83946,0.290783,-0.065342,0.789897,0.328209,0.047222,0.829755,0.345757,-0.175174,0.783273,0.426632,0.141136,0.823086,0.469724,-0.172107,0.818313,0.424471,0.234213,0.85872,0.507944,-0.101919,0.824246,0.415947,0.253909,0.869458,0.518267,-0.115775,0.828244,0.407998,0.234511,0.873093,0.508725,-0.105342,0.82882,0.41232,0.22903,0.868944,0.506304,-0.096209,0.759552,0.518996,0.076238,0.78601,0.536565,-0.076336,0.750285,0.652626,0.18684,0.798799,0.677394,-0.019211,0.721539,0.779462,0.248131,0.764818,0.823434,-0.012011,0.710275,0.801086,0.251936,0.749354,0.843904,-0.01028,0.736336,0.809792,0.24605,0.792444,0.86007,-0.035731
1.16.26_HA1,170,1661.31,556.3,0,1661.31,556.3,0.9806,1648.41,553.21,0.9418,0.847523,0.279087,-0.047191,0.843483,0.265676,-0.047388,0.841784,0.265443,-0.047521,0.839998,0.265359,-0.047477,0.844793,0.266786,-0.067901,0.844336,0.267178,-0.068129,0.843917,0.267423,-0.068234,0.831297,0.271251,-0.032228,0.837662,0.272898,-0.12545,0.84237,0.291244,-0.035353,0.843889,0.291552,-0.063578,0.79227,0.328384,0.044551,0.833516,0.347336,-0.171885,0.777965,0.426089,0.1481,0.824461,0.471967,-0.168987,0.806663,0.431498,0.249399,0.858547,0.512231,-0.101474,0.811399,0.428607,0.271658,0.869375,0.523477,-0.114208,0.815626,0.422897,0.251928,0.872966,0.512606,-0.105036,0.816525,0.423849,0.24456,0.868275,0.509987,-0.096138,0.762744,0.520446,0.076007,0.78912,0.538055,-0.076106,0.752791,0.65303,0.186966,0.805598,0.677882,-0.037953,0.722194,0.77947,0.244252,0.778728,0.830267,-0.037492,0.710135,0.801063,0.247102,0.763298,0.85258,-0.036321,0.736815,0.810983,0.244469,0.810296,0.865743,-0.061946
1.16.26_HA1,171,1662.13,558.33,0,1662.13,558.33,0.9812,1649.69,556.51,0.9451,0.852063,0.279179,-0.059344,0.847713,0.265836,-0.057684,0.846046,0.265577,-0.057831,0.844325,0.265437,-0.057795,0.848907,0.266831,-0.078997,0.84833,0.267256,-0.07923,0.847775,0.26755,-0.079352,0.836059,0.271351,-0.035806,0.841107,0.272991,-0.132388,0.847147,0.291405,-0.045191,0.848458,0.291841,-0.07441,0.795722,0.328522,0.044488,0.834876,0.34822,-0.175842,0.775933,0.413055,0.154049,0.825683,0.472752,-0.187808,0.80711,0.429832,0.263401,0.859214,0.515289,-0.139745,0.812923,0.428243,0.285641,0.870616,0.525993,-0.155146,0.817045,0.423204,0.265605,0.873929,0.516105,-0.14551,0.817672,0.424342,0.258287,0.869024,0.513562,-0.13456,0.76714,0.521652,0.075974,0.792116,0.539017,-0.076074,0.755745,0.653656,0.186172,0.811961,0.679116,-0.038986,0.722761,0.77946,0.23686,0.790878,0.832139,-0.02579,0.709563,0.800488,0.23936,0.776425,0.858173,-0.023223,0.73731,0.811077,0.229743,0.825069,0.865824,-0.050038
1.16.26_HA1,172,1664.51,558.3,0,1664.51,558.3,0.965,1651.85,557.93,0.9498,0.855507,0.279394,-0.077927,0.851453,0.266232,-0.076746,0.849885,0.265933,-0.0769,0.84826,0.265729,-0.076864,0.852646,0.267111,-0.097999,0.852155,0.267429,-0.098233,0.851683,0.267625,-0.09836,0.840028,0.271555,-0.054253,0.845075,0.273013,-0.150418,0.850868,0.291676,-0.063403,0.852127,0.292198,-0.092433,0.801198,0.328603,0.032111,0.838062,0.349578,-0.189256,0.781335,0.416335,0.15177,0.82715,0.473538,-0.198855,0.815377,0.431689,0.252276,0.860336,0.516603,-0.150454,0.822034,0.429706,0.273204,0.872335,0.526739,-0.166999,0.825951,0.424722,0.254181,0.875369,0.516533,-0.156513,0.826335,0.42657,0.246943,0.870227,0.513854,-0.145018,0.771063,0.524006,0.075823,0.796152,0.54104,-0.075925,0.758623,0.655261,0.185186,0.819273,0.680628,-0.017357,0.723708,0.779458,0.236486,0.803854,0.837075,0.028763,0.709525,0.799822,0.239295,0.790851,0.866202,0.03385,0.738472,0.814686,0.225649,0.839693,0.866839,0.006176
1.16.26_HA1,173,1664.53,559.12,0,1664.53,559.12,0.9591,1654.44,559.31,0.9541,0.860147,0.280182,-0.064538,0.855662,0.267108,-0.06341,0.854037,0.266825,-0.063561,0.852353,0.266616,-0.063522,0.856788,0.267848,-0.08492,0.856211,0.268089,-0.085153,0.85565,0.268214,-0.085266,0.843849,0.272633,-0.042802,0.848795,0.273701,-0.139852,0.855439,0.292675,-0.050707,0.856494,0.293176,-0.080044,0.806975,0.328712,0.039729,0.84087,0.351121,-0.180993,0.785716,0.413916,0.153891,0.82875,0.474147,-0.187409,0.823692,0.432776,0.250879,0.861685,0.517882,-0.135456,0.830643,0.431724,0.271658,0.87385,0.527505,-0.150693,0.834867,0.427068,0.251171,0.876631,0.516941,-0.140016,0.834487,0.427774,0.245047,0.871672,0.514011,-0.129887,0.775594,0.525853,0.075258,0.800145,0.5429,-0.075363,0.762335,0.656281,0.174661,0.825287,0.682199,-0.014807,0.724429,0.779451,0.214424,0.814613,0.83988,0.024425,0.709456,0.799421,0.216632,0.804166,0.869307,0.028854,0.740721,0.817824,0.204536,0.849345,0.864554,0.006305
1.16.26_HA1,174,1669.17,563.75,0,1669.17,563.75,0.9765,1659.66,562.28,0.958,0.865768,0.280235,-0.074605,0.860828,0.267317,-0.072068,0.85922,0.267188,-0.072227,0.857517,0.267112,-0.07219,0.861564,0.267999,-0.095049,0.860747,0.268346,-0.095278,0.859933,0.268561,-0.095393,0.848243,0.273667,-0.046931,0.852334,0.27437,-0.150282,0.860831,0.293212,-0.059305,0.861516,0.293721,-0.09049,0.812793,0.330722,0.037327,0.842941,0.353823,-0.188761,0.792474,0.426302,0.154706,0.831458,0.475863,-0.194243,0.830303,0.438434,0.246621,0.864406,0.520631,-0.138977,0.834519,0.441743,0.267154,0.876224,0.529413,-0.153922,0.838767,0.437571,0.246823,0.878607,0.519417,-0.143035,0.838812,0.439719,0.240736,0.873895,0.516714,-0.13317,0.781241,0.528786,0.075208,0.805596,0.545425,-0.075312,0.765673,0.658113,0.174806,0.83107,0.684498,-0.00374,0.72527,0.77957,0.219105,0.826361,0.843866,0.032844,0.709395,0.798953,0.221908,0.818551,0.874373,0.037048,0.741364,0.820879,0.210133,0.864777,0.86239,0.016406
1.16.26_HA1,175,1676.79,565.65,0,1676.79,565.65,0.9801,1666.08,562.8,0.9612,0.869667,0.281307,-0.068837,0.864768,0.268442,-0.065792,0.863254,0.268455,-0.065949,0.861615,0.268499,-0.065916,0.865103,0.269044,-0.088475,0.864104,0.269497,-0.088706,0.863055,0.269793,-0.088817,0.852084,0.274972,-0.040579,0.855166,0.275621,-0.142576,0.864378,0.294793,-0.053699,0.86483,0.295356,-0.084457,0.816351,0.331698,0.040945,0.845284,0.356051,-0.182851,0.790811,0.418566,0.159242,0.834231,0.477359,-0.190483,0.826806,0.438693,0.259073,0.867751,0.521112,-0.134216,0.833068,0.441289,0.281179,0.879456,0.53141,-0.14698,0.836557,0.432429,0.260596,0.882147,0.520102,-0.136867,0.835836,0.4343,0.253398,0.877957,0.516941,-0.128334,0.785809,0.530861,0.07449,0.808459,0.546615,-0.074598,0.769645,0.659945,0.159083,0.836834,0.685952,-0.011432,0.726357,0.77951,0.187068,0.837803,0.842663,0.019771,0.7103,0.797254,0.188171,0.830075,0.874545,0.022191,0.742239,0.823084,0.177476,0.876503,0.86005,0.011465
1.16.26_HA1,176,1683.82,569.07,0,1683.82,569.07,0.9831,1672.27,563.73,0.9643,0.872357,0.2827,-0.05593,0.867731,0.270012,-0.053715,0.866211,0.270037,-0.053867,0.864583,0.270095,-0.053833,0.868245,0.270541,-0.076082,0.867427,0.270988,-0.076314,0.866552,0.271284,-0.07642,0.855681,0.276255,-0.032537,0.859157,0.276878,-0.133126,0.867329,0.296423,-0.042218,0.8679,0.297043,-0.072593,0.817903,0.332852,0.046069,0.847535,0.357571,-0.177878,0.791457,0.416162,0.168305,0.83698,0.478057,-0.185689,0.822937,0.43943,0.268755,0.870975,0.521974,-0.131713,0.829168,0.442604,0.291073,0.882378,0.533731,-0.143942,0.83281,0.435298,0.270891,0.885265,0.522023,-0.134245,0.832715,0.436502,0.263287,0.881175,0.518506,-0.125867,0.789919,0.531755,0.073539,0.813397,0.546889,-0.073659,0.772787,0.662776,0.139715,0.842296,0.687,-0.021355,0.727143,0.779608,0.15667,0.847917,0.845122,-0.011215,0.710968,0.796172,0.156827,0.839975,0.877898,-0.009727,0.742344,0.824793,0.146186,0.88666,0.859401,-0.026879
1.16.26_HA1,177,1689.84,569.76,0,1689.84,569.76,0.9795,1680.58,564.98,0.9672,0.875246,0.287116,-0.048866,0.871087,0.274028,-0.046704,0.869753,0.273733,-0.046853,0.868373,0.273513,-0.046815,0.871351,0.274786,-0.069079,0.870326,0.275031,-0.069301,0.86921,0.275179,-0.069404,0.859048,0.279392,-0.028954,0.860688,0.280214,-0.127836,0.870504,0.300702,-0.035749,0.870877,0.301433,-0.066274,0.822191,0.337216,0.048496,0.850398,0.359881,-0.176001,0.795413,0.454122,0.141486,0.840026,0.478525,-0.181126,0.816791,0.529499,0.16095,0.875305,0.523131,-0.115693,0.822734,0.54844,0.172573,0.886852,0.534808,-0.127946,0.826538,0.548308,0.15209,0.889395,0.523013,-0.1176,0.826462,0.541525,0.153439,0.885342,0.51969,-0.109358,0.795235,0.53663,0.073308,0.81918,0.551672,-0.073437,0.776023,0.667885,0.142014,0.848889,0.692774,0.001256,0.728136,0.779602,0.167373,0.855795,0.84715,0.050132,0.710986,0.793412,0.169492,0.847888,0.878133,0.05532,0.742437,0.828004,0.155153,0.892035,0.858617,0.038956
1.16.26_HA1,178,1700.16,572.51,0,1700.16,572.51,0.9772,1690.1,569.01,0.9701,0.878524,0.290712,-0.052039,0.874492,0.277973,-0.048099,0.873224,0.277639,-0.048247,0.871885,0.277353,-0.048197,0.874693,0.278843,-0.071904,0.873695,0.279052,-0.072124,0.872634,0.279161,-0.07221,0.862239,0.282509,-0.025942,0.86386,0.283541,-0.129026,0.873518,0.304576,-0.036776,0.873863,0.305095,-0.068892,0.82656,0.341977,0.052497,0.852236,0.361534,-0.178421,0.808711,0.457106,0.142272,0.843227,0.479955,-0.188299,0.822535,0.539933,0.158219,0.880263,0.526861,-0.124888,0.826327,0.556292,0.17025,0.890872,0.537797,-0.137736,0.82918,0.55011,0.149641,0.893307,0.526054,-0.127615,0.83057,0.54972,0.150556,0.889697,0.522829,-0.118366,0.801879,0.541745,0.073513,0.824923,0.5554,-0.073662,0.781279,0.671822,0.148042,0.854989,0.696557,0.001623,0.729701,0.779564,0.173616,0.860671,0.850077,0.042959,0.711324,0.789925,0.174552,0.851816,0.880647,0.047173,0.74284,0.829129,0.161941,0.898453,0.860333,0.027526
1.16.26_HA1,179,1706.81,574.76,0,1706.81,574.76,0.9754,1695.16,571.76,0.9729,0.881472,0.295347,-0.056738,0.877747,0.28251,-0.052778,0.876407,0.282032,-0.052938,0.875002,0.281575,-0.052893,0.878119,0.28335,-0.076673,0.877192,0.283396,-0.076907,0.876207,0.283329,-0.076991,0.865188,0.285838,-0.026166,0.867334,0.286827,-0.131925,0.876366,0.309105,-0.040468,0.876764,0.309347,-0.072693,0.831945,0.346304,0.053008,0.854617,0.363379,-0.178539,0.815508,0.450287,0.161428,0.845291,0.48007,-0.200248,0.838476,0.511084,0.209415,0.882896,0.529404,-0.1604,0.843141,0.529212,0.22633,0.893364,0.539251,-0.175872,0.846732,0.527513,0.202163,0.896129,0.527636,-0.16592,0.846167,0.52569,0.201215,0.892269,0.524889,-0.154591,0.807543,0.548108,0.073764,0.829274,0.560798,-0.073931,0.787543,0.677073,0.151071,0.861245,0.701095,-0.004423,0.731879,0.779205,0.180126,0.864701,0.85163,0.035968,0.712679,0.787007,0.181544,0.856124,0.880725,0.040226,0.744245,0.830917,0.172767,0.900895,0.864117,0.020755
1.16.26_HA1,180,1717.07,578.84,0,1717.07,578.84,0.975,1702.96,575.16,0.9751,0.884631,0.29863,-0.055527,0.880833,0.285878,-0.05163,0.8795,0.28531,-0.051795,0.878125,0.284749,-0.051754,0.881262,0.28672,-0.075296,0.880399,0.286708,-0.075536,0.879484,0.286582,-0.075627,0.868522,0.288706,-0.024615,0.87079,0.289782,-0.129738,0.879538,0.312357,-0.039166,0.879955,0.312452,-0.071111,0.836191,0.3499,0.057705,0.858159,0.365951,-0.176635,0.815681,0.447875,0.187844,0.8494,0.481854,-0.201697,0.844211,0.49635,0.272196,0.886956,0.532558,-0.164826,0.85069,0.508054,0.293953,0.897886,0.542068,-0.179887,0.853733,0.505239,0.272256,0.900466,0.530477,-0.169845,0.852929,0.504459,0.265816,0.896178,0.527916,-0.159029,0.813137,0.553019,0.074088,0.83538,0.564549,-0.074276,0.794198,0.68302,0.141536,0.867841,0.701047,-0.00682,0.733639,0.778966,0.158514,0.866569,0.851667,0.033622,0.714238,0.784968,0.158831,0.85686,0.881204,0.037885,0.745832,0.833537,0.149772,0.902245,0.867747,0.018934
1.16.26_HA1,181,1726.69,580.97,0,1726.69,580.97,0.9689,1715.98,579.23,0.9772,0.886825,0.301994,-0.053473,0.883231,0.289344,-0.049936,0.881837,0.288751,-0.050099,0.880385,0.288113,-0.050058,0.883755,0.290075,-0.073086,0.882926,0.290005,-0.073318,0.882086,0.289774,-0.073398,0.871013,0.291819,-0.023682,0.87362,0.292619,-0.127531,0.881834,0.315412,-0.037617,0.882363,0.315401,-0.068915,0.837127,0.354673,0.057861,0.861172,0.368413,-0.175257,0.824367,0.458351,0.164107,0.853163,0.483529,-0.192245,0.845125,0.534025,0.196713,0.893742,0.53632,-0.144095,0.85081,0.547502,0.209607,0.905673,0.546266,-0.158043,0.854764,0.546247,0.18938,0.907408,0.534176,-0.148027,0.853866,0.542728,0.189495,0.903173,0.530992,-0.138199,0.818611,0.557415,0.073631,0.842506,0.567673,-0.073829,0.800661,0.686937,0.140235,0.875256,0.701657,-0.0003,0.736257,0.778416,0.160781,0.865894,0.852823,0.045397,0.716526,0.779339,0.161615,0.85532,0.880538,0.050137,0.74661,0.834437,0.156852,0.899307,0.86858,0.036234
1.16.26_HA1,182,1735.82,583.08,0,1735.82,583.08,0.9695,1728.36,581.96,0.9789,0.889748,0.305697,-0.056067,0.88627,0.292683,-0.05263,0.884917,0.292128,-0.052809,0.883533,0.291489,-0.05278,0.886626,0.293387,-0.075742,0.885677,0.293387,-0.07597,0.884721,0.29325,-0.076048,0.874023,0.294996,-0.02543,0.876008,0.295819,-0.129374,0.88475,0.319015,-0.040154,0.885198,0.319094,-0.071355,0.841082,0.360461,0.057273,0.863351,0.371333,-0.174451,0.830492,0.463213,0.168247,0.857375,0.486561,-0.198605,0.859431,0.521832,0.222765,0.900186,0.53885,-0.162714,0.864788,0.529677,0.23871,0.912473,0.547907,-0.17799,0.86791,0.527758,0.216413,0.91391,0.535926,-0.168395,0.865922,0.526167,0.215281,0.909723,0.532811,-0.157415,0.823199,0.562091,0.073512,0.847152,0.570606,-0.073715,0.808454,0.691511,0.136616,0.88203,0.70427,0.00503,0.74109,0.776329,0.152724,0.866754,0.856755,0.055838,0.721128,0.777136,0.153059,0.856271,0.8823,0.060917,0.747352,0.834704,0.145065,0.901134,0.87239,0.044622
1.16.26_HA1,183,1745.35,584.97,0,1745.35,584.97,0.9712,1736.41,584.53,0.9803,0.89231,0.309223,-0.055102,0.888835,0.296212,-0.052751,0.887495,0.295567,-0.052927,0.886137,0.294807,-0.052896,0.889173,0.296973,-0.075097,0.888233,0.296937,-0.075324,0.887334,0.296778,-0.0754,0.876552,0.297744,-0.028171,0.878937,0.298786,-0.128848,0.887259,0.322148,-0.040076,0.88767,0.322147,-0.070303,0.844214,0.363615,0.05363,0.866474,0.372935,-0.173738,0.831256,0.461438,0.157705,0.86274,0.489675,-0.196328,0.860231,0.521491,0.20755,0.904381,0.541234,-0.156859,0.868411,0.537298,0.222762,0.916938,0.549499,-0.171143,0.8684,0.532996,0.201191,0.918391,0.538131,-0.1623,0.870318,0.534866,0.200183,0.913922,0.53544,-0.15171,0.828388,0.566063,0.072622,0.852451,0.572742,-0.072843,0.818252,0.696491,0.127706,0.888311,0.706242,0.011672,0.747054,0.77504,0.130886,0.868266,0.859043,0.06126,0.728055,0.772854,0.129913,0.856903,0.883985,0.066098,0.748672,0.834981,0.118533,0.901738,0.874731,0.048329
1.16.26_HA1,184,1758.49,587.94,0,1758.49,587.94,0.9871,1748.73,586.59,0.982,0.893818,0.313678,-0.060364,0.89037,0.300476,-0.058403,0.88921,0.299587,-0.05858,0.888064,0.298637,-0.058541,0.89077,0.301538,-0.080441,0.88997,0.301375,-0.080673,0.889272,0.301077,-0.080749,0.878814,0.301244,-0.032989,0.881391,0.302729,-0.132215,0.888949,0.326069,-0.044784,0.889458,0.32607,-0.074542,0.847009,0.365443,0.050602,0.868438,0.374412,-0.175655,0.835783,0.462965,0.139089,0.866857,0.49324,-0.204565,0.862019,0.537711,0.166441,0.910799,0.543138,-0.175252,0.869495,0.552988,0.177799,0.923893,0.552009,-0.192076,0.873134,0.553632,0.156547,0.925433,0.540434,-0.182585,0.871891,0.550199,0.158586,0.921059,0.537369,-0.16987,0.833167,0.569189,0.071998,0.856875,0.574983,-0.072227,0.827254,0.701822,0.121219,0.89333,0.708719,0.016617,0.75414,0.772888,0.134872,0.869161,0.859504,0.078748,0.735418,0.768214,0.135092,0.856508,0.883915,0.084692,0.750801,0.835303,0.120797,0.904181,0.87468,0.061825
1.16.26_HA1,185,1771.19,589.11,0,1771.19,589.11,0.9799,1761.62,586.87,0.9835,0.895902,0.316198,-0.058647,0.892698,0.303196,-0.056692,0.891542,0.302239,-0.056864,0.890489,0.301261,-0.05682,0.893139,0.304316,-0.078214,0.892358,0.304131,-0.078445,0.891718,0.303804,-0.078516,0.88129,0.303935,-0.031784,0.884036,0.305532,-0.130685,0.891358,0.329074,-0.043222,0.891787,0.328961,-0.072343,0.850271,0.366885,0.050347,0.870532,0.376222,-0.172569,0.835013,0.469493,0.135384,0.872547,0.496903,-0.198089,0.861527,0.540784,0.165902,0.917512,0.543395,-0.168793,0.867903,0.555972,0.177255,0.9305,0.552319,-0.184688,0.871569,0.558016,0.157457,0.932625,0.540348,-0.174807,0.870387,0.553785,0.158858,0.928194,0.536914,-0.163238,0.837298,0.570384,0.070367,0.86082,0.576084,-0.07061,0.83788,0.704207,0.092648,0.896575,0.707725,0.007776,0.760675,0.770085,0.098639,0.870793,0.859582,0.061005,0.74244,0.762706,0.098161,0.856292,0.883022,0.066326,0.754431,0.834795,0.081465,0.904037,0.876373,0.043056
1.16.26_HA1,186,1782.16,590.05,0,1782.16,590.05,0.9797,1774.61,586.86,0.9844,0.898668,0.31922,-0.051315,0.895616,0.306384,-0.048516,0.894554,0.305411,-0.048686,0.893564,0.304406,-0.048648,0.895713,0.30746,-0.070048,0.89486,0.307274,-0.070284,0.894138,0.30694,-0.070332,0.884214,0.307035,-0.019521,0.886332,0.308714,-0.117165,0.894422,0.332328,-0.034079,0.894471,0.332295,-0.062962,0.852218,0.370769,0.061691,0.872586,0.377814,-0.161864,0.84249,0.469338,0.141439,0.876062,0.498193,-0.194446,0.867012,0.536303,0.17745,0.924276,0.543392,-0.172839,0.873897,0.54877,0.188555,0.938377,0.55251,-0.189709,0.877994,0.550449,0.169128,0.940987,0.539743,-0.179591,0.876553,0.546754,0.170383,0.936679,0.535803,-0.167388,0.841607,0.571185,0.070468,0.864301,0.576865,-0.070703,0.84858,0.707173,0.067363,0.899897,0.709905,-0.024709,0.768367,0.767255,0.057605,0.869891,0.861533,0.016134,0.749896,0.757405,0.055641,0.855559,0.882825,0.020356,0.761427,0.834299,0.036702,0.903748,0.878272,-0.008642
1.16.26_HA1,187,1795.81,586.92,0,1795.81,586.92,0.986,1783.21,584.43,0.9851,0.901507,0.318478,-0.052831,0.898572,0.306399,-0.050034,0.897636,0.305491,-0.050202,0.896753,0.30453,-0.050161,0.898372,0.307481,-0.071794,0.897416,0.307361,-0.072019,0.896576,0.307063,-0.072072,0.887293,0.307663,-0.020681,0.888512,0.309312,-0.118111,0.897165,0.331643,-0.035732,0.896929,0.331536,-0.064832,0.854507,0.37051,0.061562,0.874331,0.378492,-0.162208,0.844974,0.469239,0.130253,0.880034,0.498297,-0.20304,0.864473,0.554612,0.138434,0.928757,0.541135,-0.188283,0.869914,0.572903,0.145747,0.943823,0.550333,-0.207046,0.872538,0.573522,0.126819,0.946884,0.537568,-0.195728,0.873094,0.569808,0.131061,0.942159,0.533482,-0.182409,0.846015,0.572339,0.070521,0.867678,0.578277,-0.070747,0.856247,0.707845,0.07941,0.902694,0.711746,-0.022507,0.775235,0.767013,0.085917,0.870059,0.859547,0.02368,0.756761,0.757218,0.085284,0.8561,0.882187,0.028453,0.771831,0.833943,0.0654,0.904185,0.879634,-0.005403
1.16.26_HA1,188,1809.95,581.14,0,1809.95,581.14,0.9861,1791.85,581.84,0.9826,0.903334,0.320086,-0.031197,0.900789,0.307684,-0.026978,0.899977,0.306757,-0.027131,0.899207,0.305774,-0.027089,0.900391,0.30864,-0.049217,0.899395,0.308451,-0.04943,0.898499,0.308103,-0.049476,0.889661,0.308524,0.003482,0.890309,0.310181,-0.095678,0.899048,0.33306,-0.014107,0.898506,0.332984,-0.043873,0.857578,0.371878,0.079741,0.876913,0.380209,-0.144887,0.85239,0.474196,0.124838,0.884819,0.498109,-0.187479,0.866509,0.565163,0.089964,0.933254,0.538739,-0.167904,0.870743,0.585315,0.090723,0.94973,0.548559,-0.18395,0.874251,0.58453,0.07368,0.952516,0.535468,-0.173086,0.873838,0.574755,0.082172,0.946885,0.531232,-0.161931,0.850445,0.571654,0.070565,0.869649,0.577612,-0.070782,0.865786,0.708049,0.061457,0.90587,0.712735,-0.051876,0.784192,0.766507,0.052068,0.870603,0.859912,-0.030377,0.76504,0.758417,0.049717,0.855945,0.882828,-0.028573,0.78523,0.833454,0.029376,0.903522,0.880418,-0.061315
1.16.26_HA1,189,1819.64,575.39,0,1819.64,575.39,0.9868,1801.83,579.68,0.9797,0.906416,0.320593,-0.033578,0.904139,0.307695,-0.030181,0.903436,0.306776,-0.030339,0.902745,0.305793,-0.030296,0.903486,0.308722,-0.052495,0.902369,0.308585,-0.052718,0.901261,0.308317,-0.052781,0.892428,0.308338,-0.002997,0.892577,0.310513,-0.10207,0.902327,0.333763,-0.017543,0.901611,0.333623,-0.047542,0.86039,0.372007,0.075626,0.879932,0.381231,-0.149755,0.854687,0.478762,0.102535,0.890594,0.499638,-0.187008,0.870952,0.568583,0.062127,0.938452,0.536745,-0.1614,0.871822,0.585482,0.061623,0.954874,0.546371,-0.178538,0.877517,0.587735,0.044729,0.957907,0.533479,-0.168621,0.876739,0.582486,0.054356,0.952857,0.529629,-0.155907,0.853909,0.570163,0.070552,0.872827,0.576263,-0.070755,0.872201,0.707974,0.076889,0.907705,0.713511,-0.058808,0.79182,0.76698,0.08737,0.870021,0.860841,-0.035408,0.772835,0.760804,0.086986,0.853913,0.88279,-0.033297,0.795269,0.833652,0.068454,0.903093,0.881127,-0.066823
1.16.26_HA1,190,1829.39,567.75,0,1829.39,567.75,0.9865,1824.76,578.88,0.9721,0.908907,0.319961,-0.025493,0.906494,0.307559,-0.022379,0.905893,0.306667,-0.022524,0.905362,0.305694,-0.022487,0.905696,0.308705,-0.044318,0.904599,0.308685,-0.044518,0.903621,0.308524,-0.04456,0.895995,0.308428,0.002617,0.895514,0.311152,-0.095298,0.905417,0.333343,-0.010402,0.904542,0.333242,-0.039928,0.864349,0.370671,0.076909,0.884227,0.381733,-0.145331,0.856796,0.478613,0.113407,0.900088,0.50049,-0.186673,0.874424,0.568649,0.084673,0.950397,0.535999,-0.164122,0.875935,0.594089,0.085829,0.964739,0.545965,-0.1832,0.881148,0.586709,0.068648,0.96799,0.528875,-0.172398,0.88038,0.582815,0.077008,0.963817,0.525473,-0.158709,0.857318,0.56926,0.070633,0.877258,0.575925,-0.070835,0.878089,0.707805,0.081216,0.90814,0.713686,-0.059651,0.800978,0.767298,0.100238,0.871098,0.860877,-0.036857,0.783326,0.762907,0.100638,0.854179,0.882962,-0.034964,0.806748,0.834406,0.081018,0.903257,0.881639,-0.071107
1.16.26_HA1,191,1839.91,557.28,0,1839.91,557.28,0.9889,1845.31,569.95,0.9698,0.912148,0.319046,-0.029268,0.909229,0.306586,-0.026426,0.908276,0.305702,-0.026574,0.907406,0.304719,-0.026535,0.90921,0.30767,-0.048265,0.908322,0.30764,-0.048479,0.907549,0.307481,-0.048536,0.897421,0.307575,-0.001849,0.899158,0.310316,-0.100032,0.90777,0.33272,-0.01439,0.907532,0.332433,-0.043978,0.86554,0.369334,0.073933,0.886471,0.381492,-0.14908,0.862672,0.47918,0.116662,0.905257,0.500239,-0.19797,0.876989,0.57694,0.098253,0.961097,0.527732,-0.187931,0.878765,0.594508,0.101542,0.976152,0.530747,-0.211475,0.884679,0.585525,0.082494,0.979163,0.509567,-0.196726,0.884997,0.587951,0.090303,0.973208,0.510109,-0.181736,0.861015,0.569823,0.070763,0.880727,0.576126,-0.070951,0.884735,0.705937,0.094946,0.910061,0.715419,-0.047189,0.81325,0.767891,0.102451,0.870439,0.860628,-0.015471,0.793092,0.764015,0.102548,0.853233,0.882355,-0.012448,0.817391,0.83604,0.097861,0.902747,0.881878,-0.04631
1.16.26_HA1,192,1869.93,546.72,0,1869.93,546.72,0.988,1860.52,557.15,0.9707,0.914792,0.320024,-0.028339,0.911872,0.307025,-0.025653,0.910769,0.30617,-0.025814,0.909724,0.305246,-0.025777,0.912222,0.307976,-0.048145,0.911481,0.307908,-0.048346,0.910868,0.307769,-0.048402,0.899895,0.30773,-0.000899,0.902927,0.310528,-0.101834,0.910098,0.333402,-0.013288,0.910111,0.332794,-0.043735,0.869396,0.368045,0.076532,0.890295,0.382202,-0.151779,0.86766,0.492216,0.120317,0.910049,0.499815,-0.19792,0.888953,0.571542,0.096124,0.969019,0.515879,-0.182894,0.892786,0.588536,0.099524,0.985843,0.514506,-0.206338,0.898262,0.587614,0.079932,0.987254,0.494307,-0.190518,0.898197,0.585121,0.087922,0.981416,0.494991,-0.176235,0.865009,0.571081,0.072822,0.884715,0.57684,-0.072973,0.890464,0.70418,0.107693,0.911279,0.715721,-0.050043,0.822902,0.768786,0.153897,0.870526,0.858921,-0.020361,0.801712,0.764842,0.157113,0.851864,0.881233,-0.017561,0.830883,0.835628,0.138242,0.902426,0.880751,-0.055653
1.16.26_HA1,193,1867.52,536.22,0,1867.52,536.22,0.9916,1870.8,543.15,0.9678,0.918594,0.319668,-0.030653,0.915526,0.30657,-0.028033,0.914331,0.305724,-0.028192,0.913181,0.304815,-0.028154,0.915937,0.307418,-0.050251,0.915134,0.307293,-0.050463,0.91444,0.307104,-0.050525,0.903307,0.307099,-0.003563,0.906169,0.309686,-0.104017,0.913638,0.332985,-0.015694,0.913794,0.332185,-0.045834,0.872664,0.367403,0.074335,0.892632,0.381306,-0.161676,0.874552,0.488331,0.116358,0.913134,0.498749,-0.212374,0.897775,0.571599,0.090352,0.974376,0.50292,-0.197165,0.901229,0.588349,0.094191,0.989858,0.505597,-0.221483,0.90693,0.58833,0.075291,0.990186,0.484559,-0.206499,0.906591,0.583014,0.08239,0.984266,0.483727,-0.190893,0.868418,0.571411,0.076661,0.88644,0.577367,-0.076783,0.900818,0.702555,0.147952,0.913219,0.715903,-0.052199,0.832572,0.77107,0.199912,0.870214,0.857971,-0.026666,0.81078,0.768899,0.203078,0.852288,0.880763,-0.02455,0.84507,0.835382,0.184747,0.901067,0.880847,-0.0647
1.16.26_HA1,194,1877.03,525.34,0,1877.03,525.34,0.9905,1878.86,531.95,0.9695,0.920195,0.320285,-0.031897,0.917303,0.306384,-0.029173,0.916036,0.305617,-0.029336,0.914831,0.304864,-0.029295,0.918237,0.307114,-0.051726,0.917683,0.306953,-0.05194,0.917215,0.30676,-0.052004,0.905484,0.306987,-0.002964,0.908894,0.309281,-0.106257,0.91516,0.333384,-0.01642,0.915889,0.332347,-0.047302,0.875422,0.366696,0.080412,0.894493,0.38096,-0.171701,0.87875,0.489879,0.120327,0.915964,0.498614,-0.22819,0.905835,0.569846,0.088295,0.978571,0.492549,-0.218711,0.908357,0.594849,0.092736,0.994096,0.498842,-0.247047,0.914849,0.595217,0.071121,0.993946,0.476587,-0.22862,0.914697,0.58981,0.079117,0.988321,0.474546,-0.211476,0.871572,0.570769,0.082484,0.889614,0.576974,-0.082579,0.905083,0.701566,0.167234,0.913942,0.716264,-0.059601,0.841453,0.776085,0.235449,0.86909,0.858559,-0.037846,0.821918,0.777689,0.240417,0.853197,0.881613,-0.035964,0.859538,0.835165,0.22169,0.901001,0.880703,-0.080015
1.16.26_HA1,195,1884.56,515.74,0,1884.56,515.74,0.9893,1882.36,522.03,0.9526,0.923707,0.320006,-0.040454,0.921358,0.305986,-0.036616,0.919997,0.305225,-0.036793,0.918679,0.30449,-0.036766,0.922153,0.306626,-0.061483,0.921451,0.306409,-0.06168,0.920818,0.306172,-0.061753,0.908946,0.306452,-0.005321,0.911718,0.308604,-0.118599,0.918377,0.33282,-0.023117,0.919018,0.331835,-0.056911,0.878806,0.366589,0.077637,0.896024,0.380596,-0.182373,0.88857,0.487593,0.1061,0.917949,0.494557,-0.237067,0.91903,0.562871,0.054052,0.980398,0.483361,-0.22205,0.924784,0.589967,0.054589,0.994726,0.489262,-0.24807,0.931007,0.590171,0.034424,0.995142,0.469982,-0.233828,0.929011,0.584461,0.044595,0.989683,0.468318,-0.216253,0.875386,0.569696,0.084583,0.891523,0.576306,-0.084675,0.912047,0.694407,0.16213,0.915976,0.715538,-0.070836,0.852317,0.783117,0.221513,0.870091,0.858348,-0.058605,0.83424,0.788777,0.225093,0.853454,0.880757,-0.05832,0.870801,0.834945,0.203143,0.900744,0.880729,-0.108786
1.16.26_HA1,196,1886.0,503.82,0,1886.0,503.82,0.9855,1892.51,509.55,0.9155,0.926987,0.319554,-0.040087,0.924976,0.305475,-0.03573,0.923598,0.304677,-0.035906,0.922258,0.303918,-0.035889,0.925525,0.306113,-0.061455,0.924604,0.305858,-0.061651,0.923706,0.305599,-0.061722,0.912362,0.306071,-0.002132,0.913974,0.308241,-0.119914,0.921493,0.332124,-0.021882,0.921995,0.331226,-0.056871,0.881789,0.365948,0.085863,0.898286,0.378498,-0.182669,0.899048,0.456312,0.207076,0.925168,0.485485,-0.245569,0.919895,0.43183,0.285116,0.985682,0.471806,-0.24081,0.926592,0.448524,0.30445,0.999114,0.472942,-0.267089,0.929491,0.442519,0.286749,0.998466,0.452245,-0.252723,0.929976,0.443682,0.279762,0.993257,0.453845,-0.235514,0.881154,0.568966,0.088147,0.893678,0.575826,-0.088204,0.920106,0.690268,0.150741,0.917317,0.715181,-0.09998,0.861608,0.788728,0.210928,0.869592,0.857914,-0.096694,0.844119,0.799545,0.215694,0.852945,0.880129,-0.096505,0.877841,0.834865,0.193397,0.900818,0.881523,-0.15105
1.16.26_HA1,197,1890.37,487.42,0,1890.37,487.42,0.9552,1895.62,499.23,0.9022,0.930639,0.318993,-0.033456,0.928183,0.305194,-0.027735,0.926869,0.304505,-0.027905,0.925513,0.303873,-0.027889,0.92857,0.305873,-0.054665,0.927565,0.305773,-0.054865,0.926482,0.30544,-0.054932,0.915062,0.304916,0.009996,0.916026,0.30704,-0.112096,0.924955,0.331938,-0.013422,0.925246,0.33117,-0.049949,0.884729,0.363436,0.098995,0.899844,0.374944,-0.176408,0.905755,0.456942,0.195249,0.930084,0.474929,-0.229743,0.934525,0.469204,0.222643,0.9873,0.462245,-0.220196,0.940305,0.478896,0.234243,0.999959,0.463495,-0.245422,0.943561,0.474281,0.214705,0.999809,0.442469,-0.23197,0.942923,0.473504,0.215256,0.994506,0.443025,-0.215073,0.885255,0.567313,0.087467,0.894565,0.573438,-0.087543,0.926779,0.688257,0.12476,0.915044,0.71409,-0.085532,0.872277,0.799491,0.203356,0.869741,0.857355,-0.085671,0.855116,0.810067,0.213726,0.852529,0.879847,-0.086567,0.887543,0.837154,0.170213,0.902531,0.880979,-0.142624
1.16.26_HA1,198,1897.16,472.56,0,1897.16,472.56,0.9503,1904.02,481.79,0.8598,0.931565,0.319084,-0.019406,0.930284,0.304982,-0.013148,0.929115,0.304181,-0.013309,0.927939,0.303455,-0.01328,0.930339,0.30566,-0.040574,0.929267,0.305437,-0.040773,0.928182,0.305038,-0.040833,0.91771,0.304769,0.025321,0.917796,0.306581,-0.098264,0.925935,0.331494,0.001231,0.926021,0.330859,-0.035928,0.886647,0.361698,0.113668,0.902533,0.371721,-0.167296,0.913329,0.457179,0.178358,0.936854,0.46742,-0.221806,0.938089,0.485121,0.172781,0.991679,0.446103,-0.204254,0.944736,0.496061,0.173431,1.003017,0.439424,-0.22596,0.947697,0.491945,0.155219,1.00412,0.424214,-0.213068,0.9467,0.489736,0.163075,0.997871,0.425514,-0.198541,0.890236,0.565616,0.088523,0.896974,0.571505,-0.088616,0.929793,0.687543,0.122527,0.912764,0.71364,-0.076729,0.884537,0.813239,0.191172,0.870055,0.856995,-0.069363,0.870701,0.830497,0.196866,0.85335,0.879534,-0.070142,0.912096,0.843787,0.164924,0.904324,0.88087,-0.129638
1.16.26_HA1,199,1900.72,469.52,0,1900.72,469.52,0.9468,1908.68,470.85,0.803,0.935223,0.318762,-0.023441,0.93376,0.30464,-0.017755,0.932597,0.303888,-0.017922,0.931348,0.303252,-0.017891,0.934032,0.30534,-0.044422,0.933102,0.305199,-0.044624,0.932124,0.304953,-0.04469,0.920499,0.30335,0.019679,0.921152,0.304684,-0.101508,0.92909,0.331129,-0.003804,0.929354,0.330501,-0.039894,0.888929,0.360391,0.106388,0.904435,0.367594,-0.169119,0.917956,0.461799,0.163305,0.942902,0.460931,-0.220342,0.948134,0.503669,0.096975,0.994105,0.435968,-0.202263,0.95491,0.52751,0.098019,1.004574,0.426189,-0.220629,0.959049,0.522754,0.07776,1.001567,0.411404,-0.210699,0.9572,0.517491,0.086837,0.999014,0.412458,-0.196774,0.895597,0.56414,0.090069,0.899198,0.569645,-0.090157,0.937281,0.684412,0.142422,0.910287,0.713258,-0.082622,0.898037,0.81185,0.23326,0.869036,0.858243,-0.072034,0.884926,0.830224,0.239828,0.853436,0.880329,-0.072528,0.927535,0.8436,0.211284,0.904967,0.883109,-0.133287
1.16.26_HA1,200,1911.53,449.81,0,1911.53,449.81,0.9675,1913.54,458.22,0.7567,0.939234,0.318598,-0.03936,0.937168,0.304608,-0.031593,0.935841,0.303765,-0.031809,0.934549,0.303012,-0.031785,0.937546,0.305227,-0.060566,0.936494,0.304915,-0.060753,0.935422,0.304465,-0.060831,0.923836,0.302015,0.018036,0.924212,0.30281,-0.118595,0.933345,0.330583,-0.017256,0.933607,0.329994,-0.05651,0.894285,0.36034,0.098542,0.907914,0.366506,-0.185525,0.925316,0.467187,0.130842,0.948769,0.455903,-0.231951,0.959084,0.518016,0.059118,0.996637,0.424281,-0.196115,0.968897,0.543767,0.060139,1.00561,0.414548,-0.216308,0.970204,0.542853,0.03795,1.001687,0.399997,-0.20488,0.967349,0.533794,0.048244,0.99926,0.404945,-0.190695,0.900537,0.563737,0.09096,0.901969,0.569022,-0.09105,0.941904,0.681646,0.146412,0.909951,0.713191,-0.074475,0.908727,0.812534,0.224607,0.869385,0.857867,-0.060181,0.895964,0.833933,0.229285,0.855128,0.88011,-0.060596,0.943092,0.84366,0.199287,0.902496,0.883838,-0.1201
1.16.26_HA1,201,1904.76,449.24,0,1904.76,449.24,0.9603,1916.65,444.83,0.7265,0.941682,0.318423,-0.034107,0.939958,0.304181,-0.026606,0.938885,0.303312,-0.026797,0.937771,0.302454,-0.026761,0.939751,0.304598,-0.055264,0.93847,0.304078,-0.055451,0.937121,0.303316,-0.05552,0.926923,0.300511,0.016295,0.925851,0.300849,-0.113588,0.935883,0.33012,-0.012474,0.935668,0.329548,-0.051317,0.896373,0.35932,0.09879,0.912226,0.364386,-0.18362,0.925001,0.467188,0.131533,0.953324,0.450392,-0.228931,0.960333,0.517949,0.076952,0.998253,0.411879,-0.165851,0.968681,0.542728,0.080289,1.008622,0.396421,-0.18479,0.972412,0.541343,0.059258,1.005949,0.388233,-0.170661,0.970268,0.533151,0.066913,1.000024,0.392173,-0.15983,0.902973,0.563461,0.08963,0.905459,0.568932,-0.089729,0.944245,0.679915,0.143279,0.908419,0.715138,-0.071383,0.922521,0.817238,0.212151,0.868512,0.859991,-0.059953,0.909837,0.841331,0.216321,0.854892,0.880198,-0.060666,0.95873,0.844224,0.187832,0.902738,0.887297,-0.117891
1.16.26_HA1,202,1908.0,423.0,0,1896.78,441.33,0.9218,1921.06,429.24,0.6706,0.94267,0.318182,-0.01761,0.941508,0.303978,-0.011426,0.940535,0.303078,-0.011592,0.93957,0.302199,-0.011549,0.941486,0.304393,-0.039442,0.940517,0.303865,-0.039664,0.93959,0.303127,-0.039763,0.929055,0.30024,0.027527,0.928568,0.300425,-0.10032,0.936799,0.329931,0.003425,0.936767,0.329381,-0.035018,0.896277,0.357318,0.111971,0.914778,0.361766,-0.172311,0.914064,0.446916,0.215608,0.958396,0.443341,-0.226886,0.941257,0.440289,0.276955,1.000552,0.397448,-0.16129,0.946475,0.437745,0.295598,1.009372,0.38232,-0.180104,0.949089,0.431494,0.277994,1.006384,0.371613,-0.164772,0.94877,0.4311,0.270895,1.000538,0.376514,-0.154925,0.905911,0.563387,0.09,0.907978,0.568633,-0.09009,0.946847,0.679475,0.138961,0.907503,0.715314,-0.084776,0.93331,0.818428,0.210033,0.867926,0.860745,-0.073479,0.923771,0.845525,0.215365,0.853605,0.880351,-0.073768,0.96916,0.843483,0.182624,0.903215,0.888923,-0.138952
1.16.26_HA1,203,1908.0,421.0,0,1889.05,434.29,0.854,1920.75,415.54,0.6131,0.945634,0.317964,-0.016987,0.944366,0.303796,-0.010839,0.94349,0.302884,-0.010994,0.942681,0.301998,-0.010937,0.944181,0.304223,-0.038491,0.943164,0.303733,-0.038709,0.942192,0.303082,-0.038803,0.932049,0.299836,0.028752,0.930786,0.299709,-0.097795,0.939853,0.329843,0.004124,0.939593,0.329348,-0.033867,0.898608,0.356795,0.11403,0.915536,0.360374,-0.169424,0.918083,0.443782,0.198326,0.962696,0.44011,-0.223757,0.945877,0.441658,0.222733,1.00039,0.384759,-0.158238,0.950513,0.437629,0.235345,1.009671,0.370603,-0.177451,0.952911,0.43307,0.217227,1.004319,0.359685,-0.162233,0.952997,0.433288,0.215486,0.999152,0.365877,-0.151995,0.911034,0.563322,0.09091,0.911246,0.568618,-0.091007,0.948641,0.67956,0.140299,0.907294,0.716249,-0.086761,0.942325,0.820402,0.22447,0.866921,0.861465,-0.073712,0.934643,0.850482,0.230374,0.85235,0.880321,-0.073967,0.979005,0.84304,0.186301,0.902387,0.889874,-0.147246
1.16.26_HA1,204,1905.0,409.0,0,1906.24,401.4,0.8182,1917.34,402.34,0.5638,0.94825,0.317874,0.001058,0.946891,0.303664,0.005065,0.946044,0.302766,0.004919,0.945273,0.301894,0.004976,0.946605,0.304155,-0.021753,0.945581,0.303678,-0.021977,0.944601,0.302897,-0.02208,0.935399,0.299244,0.036611,0.933313,0.299005,-0.087098,0.943151,0.329196,0.019531,0.94271,0.328696,-0.017636,0.899137,0.35454,0.114897,0.917757,0.359244,-0.155473,0.906043,0.408812,0.237006,0.968686,0.434185,-0.189917,0.934405,0.393311,0.345185,0.998615,0.37254,-0.103361,0.945061,0.386345,0.369757,1.006057,0.360047,-0.115293,0.950629,0.380575,0.355531,1.0013,0.350022,-0.100076,0.947093,0.381464,0.341613,0.996369,0.355563,-0.096257,0.914078,0.563433,0.090673,0.913506,0.568613,-0.090748,0.950661,0.680334,0.142406,0.907076,0.717175,-0.098512,0.951589,0.821962,0.23017,0.866261,0.861645,-0.093344,0.944523,0.853036,0.236808,0.851537,0.88024,-0.093745,0.985976,0.842621,0.199555,0.90263,0.88957,-0.162545
1.16.26_HA1,205,1918.04,396.31,0,1900.26,409.04,0.7525,1918.04,396.31,0.5128,0.951001,0.317698,-0.018396,0.949882,0.303535,-0.013812,0.948943,0.302649,-0.013967,0.94816,0.3018,-0.013878,0.94952,0.304012,-0.041104,0.948433,0.303536,-0.041305,0.947373,0.302769,-0.041393,0.938875,0.299235,0.02446,0.936119,0.298962,-0.10244,0.946175,0.329145,0.002714,0.945711,0.328625,-0.03557,0.90472,0.354542,0.103468,0.919553,0.359539,-0.163576,0.928325,0.422096,0.198362,0.972156,0.431339,-0.18394,0.961527,0.408404,0.342158,0.998979,0.366955,-0.075833,0.969182,0.400601,0.33963,1.006085,0.353414,-0.084747,0.97076,0.396291,0.294041,0.999527,0.343286,-0.074494,0.969234,0.39847,0.32552,0.995452,0.350628,-0.070381,0.916975,0.563865,0.089869,0.91687,0.569329,-0.08995,0.953513,0.68145,0.149435,0.906822,0.71973,-0.090339,0.960391,0.823494,0.236883,0.86601,0.861441,-0.074127,0.952904,0.856122,0.242712,0.851236,0.880123,-0.073704,0.992201,0.839501,0.199589,0.902609,0.889056,-0.135613
1.16.26_HA1,206,1907.39,394.89,0,1907.39,394.89,0.8594,1916.73,395.74,0.4813,0.953532,0.317792,-0.015087,0.952579,0.303873,-0.010804,0.951744,0.302993,-0.010954,0.951049,0.302168,-0.010874,0.95216,0.304202,-0.036805,0.951097,0.303646,-0.036999,0.950059,0.302841,-0.037064,0.941914,0.299362,0.023023,0.938995,0.299091,-0.096665,0.94898,0.328997,0.003912,0.948428,0.328487,-0.032156,0.906352,0.354521,0.100663,0.921927,0.359854,-0.159743,0.925202,0.423424,0.152567,0.973387,0.427936,-0.175502,0.963468,0.438444,0.153931,0.998297,0.366425,-0.074742,0.972561,0.43816,0.157442,1.004652,0.350073,-0.084411,0.97506,0.435077,0.136704,0.998739,0.342158,-0.074265,0.972791,0.435164,0.144124,0.994456,0.347891,-0.069524,0.920139,0.564298,0.089407,0.921437,0.570231,-0.08951,0.955124,0.685907,0.152507,0.906927,0.721587,-0.086186,0.969645,0.827899,0.227716,0.865675,0.861215,-0.07191,0.962531,0.861831,0.232193,0.851274,0.880076,-0.072472,0.999543,0.837787,0.192291,0.902835,0.888535,-0.122838
1.16.26_HA1,207,1909.01,392.62,0,1909.01,392.62,0.8731,1913.98,388.36,0.4533,0.956413,0.318726,-0.015631,0.955384,0.305065,-0.010655,0.95457,0.304306,-0.010801,0.953914,0.30365,-0.010724,0.954705,0.304989,-0.036818,0.95346,0.304261,-0.037012,0.952234,0.303359,-0.037075,0.944435,0.300256,0.026144,0.940754,0.299518,-0.094061,0.951428,0.329588,0.004049,0.950766,0.329024,-0.032044,0.91234,0.358141,0.104137,0.923736,0.360202,-0.159055,0.937279,0.428086,0.143425,0.975799,0.423892,-0.186783,0.972864,0.451793,0.104332,0.996863,0.359594,-0.081818,0.981965,0.452601,0.106518,1.00214,0.342685,-0.094095,0.984201,0.44976,0.087539,0.996828,0.333973,-0.09579,0.981666,0.449344,0.094495,0.992756,0.342847,-0.085634,0.924307,0.566342,0.088922,0.923865,0.571454,-0.089024,0.957518,0.688924,0.149327,0.907314,0.723224,-0.082093,0.975288,0.829544,0.223306,0.865707,0.861141,-0.054608,0.967693,0.86336,0.227536,0.851463,0.879701,-0.05415,1.005601,0.837744,0.183905,0.902561,0.888094,-0.116795
1.16.26_HA1,208,1906.17,384.92,0,1906.17,384.92,0.7896,1910.63,379.38,0.4321,0.959444,0.320221,-0.017394,0.958653,0.306827,-0.012433,0.957889,0.306184,-0.012586,0.957311,0.305665,-0.012525,0.957971,0.306464,-0.038763,0.956712,0.305632,-0.038963,0.955503,0.304704,-0.039032,0.948041,0.302089,0.022841,0.943845,0.300974,-0.094802,0.954593,0.330779,0.001824,0.953844,0.33033,-0.034105,0.915463,0.360062,0.094591,0.927579,0.360559,-0.154464,0.938582,0.430864,0.106557,0.982422,0.419957,-0.175143,0.975086,0.458126,0.056404,0.995118,0.351279,-0.084444,0.985145,0.462102,0.05774,0.999057,0.332459,-0.095376,0.988789,0.459018,0.04095,0.994573,0.327142,-0.08921,0.986665,0.45759,0.047496,0.991115,0.336493,-0.081847,0.928587,0.567279,0.084349,0.927821,0.572941,-0.084484,0.960477,0.691038,0.149722,0.90788,0.725042,-0.077995,0.978657,0.827838,0.223201,0.865822,0.860957,-0.050483,0.970612,0.861342,0.227227,0.851222,0.879627,-0.050256,1.007501,0.838714,0.182936,0.902268,0.887823,-0.113083
1.16.26_HA1,209,1909.0,376.0,0,1906.06,387.34,0.8133,1907.63,378.67,0.4049,0.962157,0.323608,-0.014949,0.961219,0.310684,-0.010872,0.960553,0.309907,-0.011025,0.959936,0.309264,-0.010959,0.960396,0.310395,-0.0362,0.959143,0.30945,-0.036389,0.957907,0.308443,-0.03645,0.950076,0.305854,0.021253,0.945852,0.305314,-0.094012,0.9578,0.334278,0.00285,0.956919,0.334036,-0.031964,0.91581,0.363288,0.090762,0.930324,0.362801,-0.154349,0.92859,0.434936,0.124678,0.987272,0.417115,-0.180208,0.96597,0.451481,0.103547,0.993559,0.350619,-0.109567,0.975313,0.451095,0.108714,0.99682,0.330881,-0.124049,0.97923,0.445774,0.091065,0.992956,0.327004,-0.114375,0.976439,0.450074,0.095647,0.989331,0.337341,-0.10512,0.93102,0.569827,0.082681,0.930818,0.575707,-0.08282,0.963802,0.69375,0.148544,0.908274,0.72624,-0.069763,0.980193,0.829148,0.220105,0.86604,0.860775,-0.039278,0.973087,0.862526,0.224018,0.851166,0.879043,-0.03841,1.00697,0.838664,0.182381,0.901805,0.887562,-0.104786
1.16.26_HA1,210,1915.0,371.0,0,1904.24,387.41,0.8409,1902.33,378.24,0.3716,0.964575,0.325821,-0.01875,0.963821,0.312972,-0.016535,0.963031,0.312199,-0.016706,0.962362,0.311526,-0.016629,0.963117,0.312577,-0.040433,0.961773,0.31154,-0.040623,0.960428,0.310451,-0.040683,0.953201,0.308393,0.010705,0.94831,0.307229,-0.099457,0.95979,0.33589,-0.00249,0.958783,0.335771,-0.035817,0.917324,0.364129,0.075164,0.932687,0.365141,-0.155378,0.927262,0.43768,0.131877,0.98845,0.411527,-0.173054,0.966755,0.451918,0.180162,0.990795,0.350219,-0.072733,0.976571,0.451688,0.196991,0.995777,0.332539,-0.079768,0.984439,0.454059,0.177066,0.992553,0.330839,-0.07217,0.977457,0.452172,0.172665,0.988279,0.337775,-0.068858,0.93416,0.571577,0.081096,0.933996,0.577722,-0.081221,0.966406,0.695493,0.151435,0.908939,0.727795,-0.063392,0.980703,0.832714,0.222683,0.866618,0.860304,-0.030883,0.972887,0.86539,0.226764,0.85107,0.878471,-0.029433,1.009034,0.839529,0.184717,0.901461,0.888753,-0.093577
