video_id,frame_idx,true_wrist_x,true_wrist_y,occluded,yolo_wrist_x,yolo_wrist_y,yolo_conf,mp_wrist_x,mp_wrist_y,mp_wrist_vis,lm0_x,lm0_y,lm0_z,lm1_x,lm1_y,lm1_z,lm2_x,lm2_y,lm2_z,lm3_x,lm3_y,lm3_z,lm4_x,lm4_y,lm4_z,lm5_x,lm5_y,lm5_z,lm6_x,lm6_y,lm6_z,lm7_x,lm7_y,lm7_z,lm8_x,lm8_y,lm8_z,lm9_x,lm9_y,lm9_z,lm10_x,lm10_y,lm10_z,lm11_x,lm11_y,lm11_z,lm12_x,lm12_y,lm12_z,lm13_x,lm13_y,lm13_z,lm14_x,lm14_y,lm14_z,lm15_x,lm15_y,lm15_z,lm16_x,lm16_y,lm16_z,lm17_x,lm17_y,lm17_z,lm18_x,lm18_y,lm18_z,lm19_x,lm19_y,lm19_z,lm20_x,lm20_y,lm20_z,lm21_x,lm21_y,lm21_z,lm22_x,lm22_y,lm22_z,lm23_x,lm23_y,lm23_z,lm24_x,lm24_y,lm24_z,lm25_x,lm25_y,lm25_z,lm26_x,lm26_y,lm26_z,lm27_x,lm27_y,lm27_z,lm28_x,lm28_y,lm28_z,lm29_x,lm29_y,lm29_z,lm30_x,lm30_y,lm30_z,lm31_x,lm31_y,lm31_z,lm32_x,lm32_y,lm32_z
1.7.26_AL1,0,692.7,564.56,0,692.7,564.56,0.9919,697.31,572.89,0.9995,0.395538,0.298199,-0.08071,0.395643,0.284649,-0.075302,0.394599,0.283288,-0.07545,0.393719,0.281862,-0.075384,0.395377,0.284552,-0.098073,0.394313,0.283282,-0.098275,0.393426,0.281909,-0.098348,0.382417,0.276133,-0.037568,0.382374,0.276716,-0.140344,0.389104,0.306132,-0.061291,0.388995,0.305472,-0.092137,0.349173,0.331515,0.046475,0.358371,0.344001,-0.182683,0.332161,0.431155,0.079634,0.350852,0.44672,-0.213709,0.329454,0.513706,0.03877,0.363182,0.53045,-0.197614,0.330377,0.525192,0.037749,0.364,0.557784,-0.218956,0.331107,0.52499,0.019133,0.369172,0.55542,-0.215119,0.333034,0.525686,0.030143,0.368205,0.546465,-0.19479,0.316077,0.487728,0.070143,0.331969,0.496654,-0.070301,0.296409,0.604208,0.120539,0.349165,0.618055,0.000662,0.257159,0.706702,0.149749,0.34827,0.74936,0.049619,0.243088,0.71747,0.149681,0.335914,0.774902,0.052414,0.270137,0.766644,0.12154,0.379684,0.785021,0.013357
1.7.26_AL1,1,693.05,565.2,0,693.05,565.2,0.9923,694.23,573.85,0.9994,0.395224,0.297315,-0.120602,0.394922,0.28343,-0.11202,0.394131,0.282325,-0.112181,0.393403,0.281121,-0.112146,0.394333,0.283007,-0.135811,0.393093,0.281723,-0.135983,0.391873,0.280414,-0.136061,0.382331,0.276133,-0.062538,0.380942,0.276444,-0.169317,0.389033,0.305554,-0.097583,0.388617,0.304933,-0.129574,0.35237,0.332306,0.034385,0.358267,0.344635,-0.211627,0.348944,0.433778,0.07437,0.349705,0.44675,-0.240999,0.372181,0.513459,0.021126,0.361576,0.531342,-0.226518,0.378291,0.526485,0.019026,0.362503,0.558964,-0.25216,0.382496,0.529278,-0.006406,0.368245,0.556985,-0.250557,0.377785,0.525685,0.009064,0.367468,0.547616,-0.225218,0.315947,0.489191,0.073992,0.328699,0.497218,-0.074119,0.296352,0.604369,0.157808,0.349411,0.618192,0.00739,0.25739,0.70623,0.217431,0.348429,0.748381,0.091899,0.243149,0.715894,0.220062,0.337343,0.772653,0.098104,0.269853,0.765902,0.187637,0.379744,0.784666,0.060723
1.7.26_AL1,2,692.96,565.69,0,692.96,565.69,0.9921,692.06,574.99,0.9994,0.39519,0.29619,-0.114982,0.394813,0.282101,-0.107277,0.394082,0.281068,-0.107429,0.393387,0.279964,-0.107409,0.393956,0.281528,-0.130715,0.392648,0.280385,-0.13088,0.391359,0.279223,-0.130963,0.38228,0.276049,-0.061634,0.380352,0.276034,-0.16711,0.389027,0.304855,-0.093498,0.388451,0.304237,-0.125036,0.353683,0.332311,0.032777,0.358068,0.344532,-0.209821,0.352123,0.435241,0.074749,0.348661,0.446841,-0.238137,0.375189,0.513491,0.021233,0.360449,0.532394,-0.223688,0.381245,0.527795,0.020558,0.361529,0.559946,-0.249019,0.384478,0.530612,-0.000544,0.367286,0.558107,-0.247063,0.381381,0.525915,0.01246,0.36706,0.548529,-0.222332,0.315684,0.489997,0.074802,0.327515,0.497714,-0.074917,0.296289,0.604457,0.169595,0.349468,0.618213,0.006753,0.257541,0.705931,0.244555,0.348311,0.748384,0.083193,0.243134,0.714913,0.248867,0.337455,0.772237,0.088626,0.26909,0.765812,0.216417,0.379743,0.78464,0.048683
1.7.26_AL1,3,691.77,565.2,0,691.77,565.2,0.9918,691.05,575.72,0.9994,0.394922,0.295324,-0.117749,0.394285,0.280881,-0.10964,0.393624,0.279728,-0.109791,0.392954,0.278571,-0.109773,0.393301,0.28039,-0.133168,0.39204,0.279273,-0.13333,0.390653,0.278056,-0.133418,0.381912,0.275517,-0.063616,0.379689,0.275217,-0.16937,0.388836,0.304065,-0.096198,0.388061,0.303405,-0.12784,0.3535,0.332393,0.03192,0.357826,0.344694,-0.213816,0.35203,0.436013,0.075015,0.34819,0.447222,-0.240916,0.373703,0.513488,0.023523,0.359919,0.533075,-0.223182,0.378319,0.528324,0.021669,0.361298,0.560018,-0.248345,0.382529,0.531208,0.002992,0.36695,0.558168,-0.245845,0.379349,0.525923,0.01557,0.366886,0.548839,-0.22153,0.315469,0.490186,0.075671,0.327108,0.497843,-0.07578,0.29598,0.604497,0.168913,0.349497,0.618213,0.006406,0.257593,0.705761,0.237935,0.34821,0.748366,0.082231,0.243115,0.71481,0.241558,0.337554,0.772179,0.087716,0.268488,0.765237,0.208547,0.379505,0.784626,0.048014
1.7.26_AL1,4,694.16,564.86,0,694.16,564.86,0.9947,690.89,576.35,0.9994,0.394321,0.293452,-0.111247,0.393267,0.278852,-0.103289,0.392669,0.277817,-0.103438,0.392036,0.276817,-0.103413,0.392168,0.278442,-0.126482,0.390928,0.27751,-0.12665,0.389382,0.276379,-0.126734,0.381182,0.274793,-0.058691,0.378405,0.274306,-0.163491,0.388316,0.302561,-0.090023,0.387287,0.302094,-0.121221,0.353378,0.332392,0.033834,0.357234,0.344702,-0.207297,0.351844,0.436095,0.075354,0.347514,0.447335,-0.235635,0.372632,0.513763,0.02529,0.359838,0.533655,-0.218655,0.377452,0.529015,0.023016,0.361205,0.560609,-0.242995,0.381794,0.532569,0.005049,0.366858,0.558689,-0.240293,0.378593,0.526315,0.017562,0.366878,0.549411,-0.216762,0.31501,0.490417,0.075493,0.326167,0.498166,-0.075603,0.295489,0.604446,0.159863,0.349484,0.618203,-0.002494,0.257519,0.705238,0.221653,0.347881,0.748405,0.075415,0.242533,0.713865,0.224663,0.337674,0.772091,0.082194,0.266275,0.764541,0.193597,0.379494,0.784465,0.044644
1.7.26_AL1,5,693.51,563.81,0,693.51,563.81,0.9952,689.88,576.53,0.9994,0.393269,0.291817,-0.116705,0.39178,0.277321,-0.108629,0.39116,0.276373,-0.10878,0.390456,0.275465,-0.108764,0.390742,0.276952,-0.131423,0.389449,0.276051,-0.131586,0.387766,0.274945,-0.131674,0.379721,0.274117,-0.062966,0.376884,0.273503,-0.165774,0.387129,0.300857,-0.095369,0.385995,0.300621,-0.126074,0.353227,0.332358,0.029668,0.356397,0.344661,-0.20861,0.351775,0.436022,0.073476,0.346792,0.44735,-0.236361,0.373224,0.513729,0.027028,0.359314,0.533822,-0.221334,0.377855,0.529287,0.02539,0.360733,0.560601,-0.246666,0.382266,0.532576,0.004677,0.366336,0.558742,-0.244268,0.378785,0.526312,0.017775,0.366505,0.5495,-0.219809,0.314763,0.490398,0.075295,0.324906,0.498158,-0.075405,0.294548,0.604349,0.170339,0.349465,0.617423,-0.00885,0.257303,0.70486,0.246547,0.347443,0.748405,0.066888,0.241875,0.713566,0.250914,0.337656,0.772116,0.073698,0.264629,0.764231,0.219526,0.37948,0.784182,0.03275
1.7.26_AL1,6,693.55,563.59,0,693.55,563.59,0.9952,689.35,576.64,0.9994,0.392326,0.290643,-0.112558,0.39054,0.276439,-0.104537,0.389846,0.275522,-0.104688,0.389015,0.274633,-0.104667,0.389624,0.2761,-0.127699,0.388367,0.275257,-0.127863,0.38667,0.274185,-0.127951,0.378129,0.273262,-0.059657,0.375755,0.272735,-0.163637,0.386038,0.299862,-0.091414,0.384966,0.29969,-0.122631,0.352627,0.33235,0.031705,0.35543,0.344665,-0.208162,0.351197,0.436038,0.073633,0.346364,0.447384,-0.235856,0.373322,0.513745,0.028021,0.359036,0.53393,-0.219405,0.378424,0.529452,0.026697,0.360312,0.560871,-0.244631,0.381663,0.532805,0.004203,0.365947,0.559103,-0.241977,0.379636,0.526383,0.017822,0.366271,0.549822,-0.217728,0.313549,0.490767,0.075536,0.324094,0.498793,-0.075646,0.294153,0.604317,0.174786,0.34936,0.617319,0.002208,0.256918,0.704254,0.249303,0.347059,0.748222,0.084759,0.241371,0.712939,0.253621,0.337651,0.771694,0.091131,0.263172,0.763813,0.222752,0.37906,0.783947,0.052904
1.7.26_AL1,7,692.69,563.59,0,692.69,563.59,0.9953,689.26,576.08,0.9994,0.391056,0.288985,-0.119408,0.388968,0.275007,-0.110889,0.388265,0.274236,-0.111038,0.387439,0.273416,-0.111021,0.388084,0.274646,-0.134443,0.386776,0.273791,-0.134606,0.385025,0.272706,-0.134694,0.376497,0.272274,-0.063836,0.374024,0.271608,-0.169613,0.384756,0.298487,-0.097582,0.383656,0.298376,-0.129274,0.351625,0.331852,0.030661,0.354654,0.344129,-0.213568,0.350119,0.435966,0.073513,0.34629,0.446894,-0.240917,0.371896,0.513619,0.027482,0.358991,0.533411,-0.224906,0.37719,0.529398,0.026511,0.360399,0.560096,-0.250873,0.381189,0.532647,0.002252,0.366016,0.558176,-0.24807,0.377842,0.526341,0.016325,0.366275,0.549185,-0.223223,0.31306,0.490437,0.075917,0.32383,0.498269,-0.076023,0.293285,0.604318,0.167349,0.349007,0.616879,-0.001327,0.255767,0.703978,0.235266,0.346666,0.748225,0.080706,0.240029,0.711934,0.23883,0.337562,0.771704,0.085476,0.261876,0.763544,0.205626,0.378881,0.783957,0.052485
1.7.26_AL1,8,692.06,563.23,0,692.06,563.23,0.9956,688.98,576.06,0.9993,0.389195,0.287825,-0.114121,0.386809,0.273942,-0.106127,0.386075,0.273037,-0.106278,0.385295,0.272054,-0.106254,0.385963,0.273648,-0.129446,0.3846,0.272623,-0.129615,0.383004,0.271494,-0.129702,0.374601,0.271501,-0.060782,0.372634,0.27109,-0.1658,0.383318,0.297444,-0.09284,0.38225,0.297169,-0.124239,0.350778,0.331876,0.031919,0.353346,0.344123,-0.209741,0.349613,0.436033,0.073815,0.345564,0.446889,-0.237675,0.371994,0.513704,0.028039,0.358844,0.533385,-0.221581,0.37653,0.530842,0.027258,0.36044,0.56007,-0.246745,0.381129,0.534149,0.002836,0.366073,0.558073,-0.243785,0.378952,0.52708,0.016751,0.36629,0.549052,-0.219733,0.311964,0.490994,0.07586,0.322593,0.498923,-0.075964,0.292003,0.604191,0.176039,0.348635,0.616696,-0.00207,0.254753,0.703414,0.251475,0.346249,0.748094,0.07578,0.238887,0.711713,0.255792,0.337555,0.771462,0.080274,0.260631,0.763466,0.224167,0.378839,0.783899,0.044456
1.7.26_AL1,9,693.0,562.44,0,693.0,562.44,0.9954,688.89,575.48,0.9993,0.387705,0.285255,-0.114449,0.384833,0.271219,-0.106066,0.383909,0.270458,-0.106221,0.382977,0.269753,-0.1062,0.384077,0.270881,-0.129717,0.382695,0.270024,-0.129885,0.381242,0.269286,-0.129973,0.37233,0.270325,-0.0602,0.370958,0.270049,-0.166383,0.38149,0.295422,-0.093083,0.380688,0.295359,-0.124904,0.349018,0.331852,0.032666,0.35157,0.344106,-0.211079,0.348915,0.435927,0.074577,0.344783,0.446542,-0.237476,0.370738,0.513679,0.028409,0.358799,0.53285,-0.22117,0.375638,0.530756,0.027506,0.360498,0.559379,-0.246643,0.379838,0.533909,0.003816,0.366117,0.557069,-0.243661,0.376814,0.527,0.017492,0.366285,0.548299,-0.21932,0.311753,0.49077,0.075929,0.321937,0.49869,-0.076032,0.290893,0.60417,0.168234,0.34819,0.616343,0.002713,0.253124,0.703093,0.234164,0.345904,0.747962,0.081189,0.237742,0.710732,0.237563,0.337232,0.771257,0.086491,0.259647,0.763348,0.205989,0.378699,0.783818,0.048561
1.7.26_AL1,10,689.25,560.78,0,689.25,560.78,0.996,688.93,575.17,0.9993,0.385661,0.283963,-0.113555,0.382545,0.269295,-0.104981,0.381458,0.268476,-0.105135,0.380412,0.267844,-0.105115,0.381887,0.26913,-0.128428,0.380446,0.268417,-0.128595,0.379067,0.26789,-0.128686,0.369799,0.268952,-0.058982,0.368804,0.269039,-0.164485,0.379591,0.294003,-0.092153,0.378856,0.294026,-0.123682,0.346655,0.331758,0.033321,0.34999,0.344054,-0.209027,0.348231,0.435796,0.074786,0.343519,0.4462,-0.235991,0.370764,0.513608,0.028796,0.35882,0.532566,-0.220004,0.375532,0.530676,0.027964,0.360533,0.558957,-0.2456,0.379733,0.533741,0.003713,0.366135,0.556252,-0.242445,0.377497,0.526939,0.017628,0.366289,0.547728,-0.218109,0.310662,0.490761,0.075816,0.319928,0.498653,-0.07592,0.290228,0.604051,0.165972,0.347741,0.615994,0.000492,0.251826,0.702495,0.233579,0.345395,0.747884,0.077513,0.236566,0.71022,0.237226,0.3371,0.770897,0.082818,0.257126,0.762428,0.205554,0.378177,0.783082,0.044657
1.7.26_AL1,11,688.73,562.25,0,688.73,562.25,0.99,688.57,574.11,0.9992,0.383778,0.282167,-0.113594,0.380435,0.26771,-0.105238,0.379346,0.266958,-0.105393,0.378324,0.266398,-0.105376,0.379746,0.267488,-0.128499,0.378315,0.266826,-0.128665,0.376971,0.266432,-0.128753,0.367687,0.26791,-0.059743,0.366595,0.267992,-0.164313,0.377886,0.292566,-0.092467,0.377068,0.292723,-0.12372,0.345235,0.331716,0.031962,0.347899,0.343762,-0.207703,0.348079,0.435895,0.074685,0.342223,0.445941,-0.235459,0.370172,0.513612,0.029139,0.358632,0.531585,-0.21851,0.375465,0.530706,0.028354,0.360525,0.557608,-0.244868,0.378745,0.533652,0.004017,0.366169,0.554491,-0.241836,0.376664,0.526935,0.017925,0.366293,0.546191,-0.216874,0.309468,0.490659,0.075568,0.318296,0.498158,-0.075666,0.289368,0.604096,0.164736,0.347288,0.615842,0.003933,0.250442,0.702325,0.234369,0.345003,0.747818,0.081643,0.235098,0.709945,0.238318,0.336809,0.770575,0.087261,0.256757,0.762447,0.207234,0.378071,0.782396,0.04939
1.7.26_AL1,12,689.09,561.17,0,689.09,561.17,0.9903,688.06,572.5,0.9992,0.381806,0.279862,-0.111897,0.378356,0.265582,-0.103871,0.377273,0.264948,-0.104025,0.376271,0.264533,-0.104,0.377739,0.265335,-0.127039,0.376412,0.264824,-0.127208,0.375097,0.264579,-0.127295,0.365637,0.266475,-0.059107,0.364525,0.266684,-0.163316,0.37601,0.290989,-0.09086,0.375243,0.290952,-0.122153,0.343742,0.331694,0.034382,0.345838,0.343128,-0.207518,0.347925,0.435823,0.077359,0.341211,0.445281,-0.234976,0.370569,0.513183,0.029177,0.358364,0.530096,-0.218463,0.376572,0.530192,0.028414,0.360504,0.555323,-0.24487,0.379216,0.533013,0.004463,0.366182,0.552097,-0.241455,0.376863,0.526265,0.018236,0.36622,0.544191,-0.216651,0.307598,0.490644,0.076139,0.316584,0.497939,-0.076231,0.289002,0.604077,0.166855,0.346668,0.615072,0.003161,0.249282,0.702147,0.235095,0.344867,0.747404,0.078678,0.234085,0.709653,0.238795,0.336677,0.770342,0.084103,0.255749,0.762478,0.206575,0.377801,0.781767,0.045633
1.7.26_AL1,13,688.33,560.35,0,688.33,560.35,0.9908,687.9,571.66,0.9992,0.379502,0.278574,-0.118673,0.376093,0.264372,-0.10913,0.375129,0.263899,-0.109291,0.37427,0.263625,-0.109274,0.375435,0.264057,-0.132873,0.374161,0.263716,-0.133038,0.372704,0.26354,-0.133134,0.363932,0.265899,-0.059941,0.361922,0.266119,-0.166232,0.374024,0.289971,-0.0962,0.373041,0.289911,-0.128185,0.342575,0.331806,0.033806,0.343989,0.342926,-0.209744,0.347902,0.435788,0.0771,0.340091,0.444715,-0.237359,0.371073,0.512829,0.027835,0.358284,0.529317,-0.224507,0.376594,0.530162,0.027055,0.360529,0.554142,-0.252006,0.380043,0.532924,0.001999,0.366206,0.551207,-0.24819,0.376963,0.526261,0.016328,0.366134,0.543608,-0.222634,0.306192,0.490659,0.076146,0.314667,0.497924,-0.076235,0.288006,0.604008,0.171633,0.34589,0.613977,-0.004661,0.248872,0.702118,0.245928,0.344829,0.746756,0.07566,0.23326,0.709549,0.250274,0.336663,0.769814,0.082303,0.254941,0.762497,0.218254,0.377478,0.781408,0.04336
1.7.26_AL1,14,688.09,561.06,0,688.09,561.06,0.9913,687.95,569.61,0.9992,0.376767,0.277395,-0.121584,0.373622,0.263566,-0.111548,0.372851,0.263188,-0.11171,0.372119,0.262931,-0.111692,0.372898,0.26328,-0.135135,0.37158,0.262974,-0.135301,0.369811,0.262713,-0.135399,0.361939,0.265494,-0.060167,0.358845,0.265642,-0.166145,0.371431,0.288852,-0.098416,0.370208,0.288889,-0.130164,0.340065,0.331819,0.033964,0.34179,0.342855,-0.209084,0.347651,0.435703,0.077272,0.338957,0.444106,-0.236321,0.371066,0.512686,0.028203,0.358306,0.527419,-0.222964,0.376354,0.530143,0.027346,0.360543,0.552319,-0.249335,0.380586,0.532934,0.002678,0.366354,0.549274,-0.246087,0.376826,0.526214,0.016814,0.366154,0.541685,-0.221173,0.305224,0.490789,0.076067,0.313193,0.49793,-0.076158,0.287033,0.603992,0.173127,0.344973,0.613455,-0.004195,0.248138,0.702003,0.245741,0.344846,0.745795,0.076614,0.232272,0.709145,0.249998,0.336661,0.768202,0.083164,0.254097,0.762454,0.218644,0.37694,0.781045,0.045463
1.7.26_AL1,15,687.25,561.67,0,687.25,561.67,0.9915,687.62,567.63,0.9991,0.374158,0.276606,-0.119976,0.370774,0.262708,-0.110331,0.370018,0.262301,-0.110491,0.369298,0.262001,-0.110472,0.37004,0.262467,-0.133725,0.368815,0.262207,-0.133891,0.36714,0.261899,-0.133982,0.358948,0.264799,-0.059969,0.35593,0.264904,-0.165378,0.369092,0.28805,-0.097369,0.367793,0.28823,-0.128848,0.338087,0.331857,0.032979,0.339202,0.342776,-0.208403,0.347622,0.435499,0.076553,0.337553,0.443663,-0.23561,0.370223,0.512004,0.027912,0.358135,0.525586,-0.222605,0.375347,0.529886,0.02722,0.36051,0.550601,-0.248928,0.379588,0.532783,0.002221,0.366342,0.54768,-0.245859,0.375857,0.525714,0.016395,0.366047,0.540306,-0.220965,0.30436,0.490784,0.075805,0.311977,0.497716,-0.075888,0.285718,0.604007,0.17226,0.344083,0.611813,-0.0131,0.247039,0.702022,0.237988,0.344713,0.745436,0.055031,0.2317,0.709066,0.241456,0.336489,0.768238,0.060123,0.25253,0.762287,0.210616,0.376839,0.781001,0.021706
1.7.26_AL1,16,687.56,561.51,0,687.56,561.51,0.9918,687.68,566.89,0.9991,0.371533,0.276133,-0.123473,0.368254,0.262268,-0.113482,0.367518,0.261926,-0.113644,0.3669,0.261702,-0.113629,0.367305,0.261976,-0.136366,0.366036,0.261772,-0.13653,0.364256,0.261544,-0.136622,0.35663,0.264463,-0.0612,0.353133,0.264642,-0.165041,0.366652,0.287597,-0.100192,0.365172,0.287659,-0.131017,0.336825,0.332082,0.032015,0.337089,0.34268,-0.208094,0.347448,0.435483,0.076465,0.335953,0.443473,-0.234157,0.37155,0.512011,0.028045,0.358166,0.524897,-0.221414,0.377526,0.530152,0.027267,0.360463,0.549695,-0.247305,0.381712,0.532976,0.002691,0.366358,0.546622,-0.244134,0.377902,0.525915,0.016682,0.366049,0.539496,-0.219642,0.303899,0.491639,0.075265,0.310426,0.497987,-0.075343,0.284623,0.604083,0.168862,0.343292,0.611536,-0.012286,0.246167,0.702047,0.235907,0.343971,0.745433,0.056821,0.231022,0.70915,0.239623,0.335814,0.768281,0.061944,0.251285,0.762306,0.207771,0.376499,0.781017,0.022879
1.7.26_AL1,17,687.14,559.84,0,687.14,559.84,0.9928,687.41,564.67,0.9991,0.368964,0.27592,-0.129729,0.365806,0.262158,-0.119174,0.365165,0.261829,-0.119339,0.364636,0.261595,-0.11932,0.364771,0.261881,-0.142423,0.363457,0.26168,-0.14259,0.361531,0.261446,-0.142683,0.354453,0.26445,-0.063968,0.350348,0.264542,-0.168608,0.364211,0.287392,-0.105451,0.362581,0.287423,-0.136723,0.336002,0.332307,0.031742,0.334834,0.342419,-0.209244,0.347324,0.43544,0.078042,0.334405,0.443256,-0.236854,0.370994,0.511463,0.031195,0.358024,0.52284,-0.228006,0.377534,0.530123,0.031024,0.36034,0.548387,-0.255194,0.381243,0.53281,0.004747,0.366231,0.545321,-0.251485,0.377588,0.525511,0.019231,0.365845,0.537533,-0.226175,0.302751,0.491683,0.075234,0.308462,0.497981,-0.075313,0.28346,0.604264,0.16214,0.342006,0.610683,-0.014714,0.245407,0.702083,0.224661,0.343823,0.744838,0.056232,0.230124,0.70922,0.227761,0.335671,0.76783,0.061521,0.251078,0.762431,0.192088,0.375769,0.780934,0.021992
1.7.26_AL1,18,686.38,561.12,0,686.38,561.12,0.9919,687.38,564.33,0.9991,0.365882,0.275359,-0.134024,0.362818,0.261908,-0.123277,0.36216,0.261641,-0.123446,0.361502,0.261458,-0.123426,0.361896,0.261708,-0.145817,0.36026,0.261547,-0.145986,0.358288,0.261449,-0.146081,0.351979,0.264525,-0.066527,0.347473,0.26474,-0.16861,0.361444,0.287042,-0.109291,0.359863,0.287101,-0.139634,0.335706,0.333214,0.029279,0.332316,0.34237,-0.208613,0.347228,0.435127,0.07672,0.33295,0.443201,-0.23631,0.371236,0.510896,0.030127,0.358012,0.522524,-0.226596,0.378053,0.529716,0.029831,0.360056,0.548465,-0.253748,0.381314,0.532514,0.003114,0.366171,0.545491,-0.250416,0.377699,0.524967,0.018029,0.365762,0.537542,-0.224896,0.30183,0.492564,0.074236,0.307105,0.498548,-0.074311,0.281488,0.604843,0.16181,0.341069,0.6107,-0.013518,0.24376,0.702492,0.227923,0.343443,0.744731,0.057786,0.228835,0.709436,0.231491,0.335538,0.767586,0.063028,0.249836,0.762445,0.196531,0.37548,0.780557,0.023524
1.7.26_AL1,19,684.6,561.92,0,684.6,561.92,0.9925,686.27,562.63,0.9991,0.363029,0.275113,-0.128352,0.360176,0.261839,-0.118491,0.359279,0.261548,-0.118655,0.358291,0.261329,-0.118632,0.359538,0.261669,-0.141308,0.357972,0.261423,-0.141478,0.356189,0.261257,-0.141569,0.348056,0.264355,-0.06508,0.345329,0.264545,-0.167808,0.358272,0.286872,-0.104774,0.357383,0.28684,-0.135552,0.333934,0.333822,0.029519,0.329267,0.342312,-0.208441,0.347121,0.434792,0.076635,0.331602,0.4431,-0.238495,0.370595,0.510529,0.03033,0.357435,0.520956,-0.231421,0.377324,0.529699,0.030182,0.359418,0.547873,-0.259111,0.380372,0.532428,0.003308,0.365471,0.545089,-0.255905,0.37706,0.524812,0.018083,0.365088,0.536631,-0.229945,0.301103,0.493039,0.07409,0.305534,0.498835,-0.07416,0.280003,0.605575,0.159683,0.340032,0.610456,-0.025294,0.242434,0.703312,0.227418,0.34324,0.74457,0.040349,0.227681,0.710141,0.230777,0.3353,0.767275,0.04505,0.249181,0.762496,0.196253,0.373831,0.780326,0.006239
1.7.26_AL1,20,683.55,561.55,0,683.55,561.55,0.993,685.31,562.33,0.9991,0.36037,0.274721,-0.126326,0.357199,0.261535,-0.116532,0.356295,0.261291,-0.116696,0.355258,0.261127,-0.116676,0.35662,0.26137,-0.139597,0.355088,0.261121,-0.139764,0.353248,0.260988,-0.139853,0.345045,0.264331,-0.064154,0.342457,0.264506,-0.167662,0.355413,0.286617,-0.103134,0.354569,0.286556,-0.134218,0.331269,0.334297,0.029374,0.326999,0.342308,-0.209129,0.346938,0.434268,0.076267,0.330292,0.443111,-0.241461,0.370101,0.509484,0.030372,0.356932,0.520679,-0.237325,0.376545,0.529357,0.030199,0.358394,0.547801,-0.265789,0.379684,0.53204,0.003459,0.364858,0.545094,-0.262703,0.376412,0.523784,0.018186,0.364519,0.536553,-0.235976,0.299423,0.493606,0.074025,0.303952,0.499346,-0.074093,0.277941,0.606876,0.155681,0.338906,0.60969,-0.028693,0.241025,0.704242,0.222253,0.342904,0.744057,0.03364,0.225795,0.711315,0.225515,0.334806,0.767053,0.037901,0.249077,0.762551,0.191448,0.373818,0.780305,-0.002022
1.7.26_AL1,21,682.08,560.77,0,682.08,560.77,0.9929,683.74,561.54,0.999,0.357472,0.274816,-0.125332,0.35453,0.26161,-0.115915,0.353704,0.261341,-0.116073,0.352773,0.261137,-0.116044,0.353872,0.261451,-0.139426,0.352332,0.261166,-0.139599,0.350514,0.261009,-0.139692,0.342318,0.264276,-0.063976,0.339574,0.264495,-0.165998,0.352743,0.286702,-0.102198,0.351763,0.286657,-0.133788,0.329972,0.334765,0.029668,0.324375,0.342237,-0.208159,0.346377,0.433896,0.075513,0.329213,0.443053,-0.240628,0.369795,0.509375,0.030375,0.356117,0.519942,-0.233282,0.376063,0.529363,0.030186,0.357628,0.547257,-0.260648,0.379448,0.532041,0.003593,0.364426,0.544311,-0.257391,0.376222,0.523772,0.018251,0.363977,0.535443,-0.231656,0.298479,0.494179,0.073674,0.302247,0.499706,-0.07374,0.276477,0.607868,0.15342,0.337882,0.609591,-0.025547,0.239749,0.705376,0.219579,0.342703,0.743967,0.035755,0.223934,0.712644,0.222902,0.334449,0.766964,0.039926,0.248624,0.762954,0.190067,0.373961,0.780071,0.000776
1.7.26_AL1,22,680.24,560.83,0,680.24,560.83,0.9928,682.4,560.8,0.999,0.354463,0.274564,-0.122405,0.351568,0.261316,-0.113351,0.35052,0.261036,-0.113517,0.349431,0.260849,-0.113498,0.351053,0.261161,-0.13567,0.349486,0.260861,-0.13584,0.347811,0.26073,-0.135927,0.338992,0.26409,-0.063151,0.336839,0.264323,-0.162027,0.349766,0.28664,-0.100214,0.349051,0.286572,-0.130287,0.328744,0.335381,0.029742,0.321716,0.342223,-0.203725,0.345614,0.433706,0.073594,0.328263,0.443061,-0.233003,0.369555,0.509024,0.029194,0.355414,0.51926,-0.223523,0.375567,0.529354,0.029068,0.357334,0.546192,-0.249927,0.379002,0.532028,0.002894,0.36424,0.542367,-0.247382,0.376157,0.523507,0.017323,0.363402,0.533213,-0.222329,0.29654,0.49533,0.072778,0.300378,0.500635,-0.072842,0.274567,0.608849,0.153106,0.337005,0.609585,-0.028829,0.237793,0.707197,0.219244,0.342314,0.743687,0.032401,0.22217,0.715688,0.222622,0.334034,0.76678,0.036767,0.247969,0.763845,0.190319,0.37386,0.779971,-0.000215
1.7.26_AL1,23,681.38,555.5,0,681.38,555.5,0.9958,680.06,560.77,0.9989,0.351538,0.274255,-0.121515,0.348461,0.2611,-0.11254,0.347385,0.260789,-0.112703,0.34639,0.260575,-0.112683,0.347753,0.260933,-0.135173,0.346166,0.260634,-0.135345,0.344683,0.260536,-0.135433,0.335701,0.263963,-0.062893,0.333357,0.264305,-0.160628,0.347214,0.286146,-0.099355,0.346242,0.286373,-0.12982,0.327749,0.336067,0.030006,0.319257,0.342235,-0.202736,0.344302,0.433281,0.073277,0.327133,0.443076,-0.232997,0.369345,0.508885,0.02856,0.3542,0.519229,-0.224885,0.375331,0.529347,0.028275,0.35607,0.54623,-0.251872,0.378886,0.532007,0.002156,0.363308,0.54239,-0.249541,0.375847,0.523326,0.016723,0.362179,0.533132,-0.223846,0.295527,0.497137,0.072623,0.298523,0.502285,-0.072686,0.272759,0.610424,0.153105,0.336415,0.609661,-0.034069,0.23576,0.709278,0.219545,0.342121,0.743515,0.026068,0.219736,0.718814,0.223024,0.333527,0.766644,0.030284,0.24699,0.764857,0.191858,0.373734,0.779983,-0.007217
1.7.26_AL1,24,676.7,556.73,0,676.7,556.73,0.9952,678.52,560.44,0.9989,0.348823,0.274283,-0.122101,0.345742,0.261173,-0.112692,0.344835,0.26082,-0.112859,0.344094,0.260557,-0.112841,0.34477,0.261042,-0.135378,0.343257,0.260779,-0.135547,0.341824,0.260707,-0.135633,0.333579,0.263964,-0.062403,0.329953,0.264384,-0.160925,0.345129,0.286181,-0.099551,0.343671,0.286454,-0.130091,0.325906,0.336483,0.029843,0.316482,0.34228,-0.203529,0.342929,0.432687,0.07195,0.325777,0.443084,-0.238902,0.368875,0.508268,0.025834,0.353396,0.51893,-0.238059,0.374439,0.529223,0.025059,0.355568,0.545817,-0.266604,0.377675,0.531484,-0.001036,0.362928,0.541817,-0.264257,0.374528,0.522735,0.013993,0.361723,0.532572,-0.237221,0.293203,0.497032,0.072634,0.296938,0.502371,-0.072699,0.27085,0.611147,0.150892,0.335897,0.609578,-0.052303,0.233937,0.710733,0.218835,0.3419,0.74347,-0.001151,0.217537,0.720466,0.222453,0.333013,0.766548,0.002338,0.246214,0.765568,0.19223,0.373737,0.780087,-0.034365
1.7.26_AL1,25,675.4,557.33,0,675.4,557.33,0.9942,676.43,560.38,0.9988,0.345294,0.273833,-0.127767,0.342216,0.260824,-0.117432,0.341579,0.260506,-0.117604,0.341056,0.260268,-0.117589,0.341206,0.26083,-0.139534,0.339942,0.260715,-0.139701,0.338259,0.260752,-0.139788,0.33087,0.263955,-0.063103,0.326143,0.264441,-0.16112,0.342074,0.285954,-0.103652,0.340136,0.286333,-0.133446,0.323299,0.336868,0.029134,0.313739,0.342272,-0.202974,0.341094,0.432181,0.070342,0.324306,0.443116,-0.237123,0.368093,0.508262,0.022453,0.352309,0.51887,-0.237076,0.373275,0.529202,0.021409,0.354877,0.545452,-0.265784,0.37658,0.531304,-0.004221,0.362153,0.541366,-0.262794,0.373241,0.522419,0.010791,0.360949,0.532177,-0.23701,0.291425,0.498239,0.072072,0.2954,0.503112,-0.072139,0.26866,0.612316,0.151231,0.335306,0.609485,-0.040261,0.232589,0.712576,0.221243,0.341734,0.743216,0.020041,0.216911,0.723673,0.225347,0.332806,0.766016,0.024327,0.245265,0.765828,0.195804,0.373211,0.779968,-0.01343
1.7.26_AL1,26,672.11,558.45,0,672.11,558.45,0.9899,673.68,560.03,0.9987,0.342447,0.273962,-0.127496,0.339633,0.260943,-0.117095,0.338781,0.260614,-0.117276,0.338111,0.260367,-0.117265,0.338551,0.26094,-0.138949,0.337027,0.260847,-0.139111,0.335509,0.2609,-0.139192,0.327495,0.264017,-0.061901,0.323454,0.264463,-0.160401,0.338966,0.286131,-0.103508,0.337247,0.286463,-0.133002,0.320637,0.337574,0.029275,0.310892,0.342486,-0.202838,0.339691,0.431685,0.070674,0.322859,0.443183,-0.236836,0.367238,0.507965,0.023006,0.350873,0.518548,-0.23379,0.372432,0.529203,0.021927,0.353109,0.545356,-0.261578,0.375078,0.531314,-0.003705,0.36012,0.541515,-0.25891,0.371681,0.522337,0.01132,0.358673,0.532231,-0.233182,0.289475,0.498918,0.072093,0.293946,0.503693,-0.072159,0.26667,0.612763,0.151524,0.334735,0.609444,-0.04154,0.230763,0.713974,0.223544,0.341318,0.743054,0.017008,0.214689,0.725764,0.227729,0.332201,0.765982,0.021068,0.245012,0.766393,0.198787,0.373132,0.779818,-0.017003
1.7.26_AL1,27,670.26,556.38,0,670.26,556.38,0.9907,670.21,559.74,0.9987,0.339329,0.274099,-0.125678,0.336607,0.261086,-0.114889,0.335739,0.260749,-0.115072,0.335062,0.260495,-0.115059,0.335522,0.261065,-0.136607,0.333985,0.260971,-0.136767,0.332515,0.261024,-0.136834,0.324492,0.26406,-0.059515,0.320534,0.264517,-0.158413,0.335999,0.286264,-0.101563,0.334333,0.286573,-0.130863,0.318242,0.33823,0.03038,0.307885,0.342575,-0.201206,0.338252,0.431122,0.071298,0.320883,0.443283,-0.236795,0.365858,0.507745,0.023201,0.349069,0.518281,-0.232355,0.371198,0.529245,0.022327,0.351008,0.545369,-0.259888,0.373007,0.531311,-0.003113,0.357263,0.541612,-0.257743,0.369581,0.522269,0.011373,0.355964,0.532386,-0.231653,0.287769,0.499763,0.072044,0.293027,0.504416,-0.072112,0.265544,0.613375,0.14807,0.334568,0.609572,-0.037532,0.229048,0.715617,0.218285,0.341123,0.742959,0.02324,0.21319,0.728171,0.222206,0.332,0.765878,0.027483,0.244866,0.766956,0.194263,0.372744,0.779827,-0.00999
1.7.26_AL1,28,667.25,554.73,0,667.25,554.73,0.9914,665.85,559.16,0.9988,0.336395,0.274145,-0.122988,0.333305,0.261168,-0.11243,0.332343,0.260827,-0.112614,0.331558,0.260573,-0.112603,0.332447,0.261148,-0.134037,0.330947,0.261057,-0.134197,0.329525,0.261117,-0.134258,0.321044,0.264108,-0.058311,0.31801,0.264537,-0.157194,0.333116,0.286355,-0.099476,0.331718,0.286647,-0.128582,0.31655,0.33873,0.03044,0.305403,0.342788,-0.200237,0.33645,0.430906,0.071515,0.318854,0.443484,-0.236573,0.363651,0.50696,0.023846,0.346797,0.517744,-0.233647,0.369837,0.529264,0.022935,0.348816,0.54505,-0.261465,0.370706,0.531209,-0.002592,0.354864,0.541239,-0.2602,0.366945,0.521793,0.012073,0.353736,0.531677,-0.233239,0.286974,0.500495,0.071907,0.291808,0.505251,-0.071971,0.263883,0.614124,0.140174,0.334151,0.609592,-0.045593,0.227537,0.717016,0.205349,0.34083,0.742739,0.011087,0.212381,0.730407,0.208597,0.331898,0.765512,0.014889,0.244792,0.767116,0.18032,0.372695,0.779707,-0.022272
1.7.26_AL1,29,665.25,553.6,0,665.25,553.6,0.9912,662.27,559.04,0.9987,0.33315,0.274312,-0.117052,0.330077,0.2613,-0.107039,0.329294,0.260941,-0.107219,0.328675,0.260665,-0.10721,0.329118,0.261271,-0.128569,0.327831,0.26115,-0.128731,0.326232,0.261178,-0.128792,0.318253,0.264136,-0.054626,0.313749,0.264737,-0.152845,0.33002,0.286447,-0.094129,0.328166,0.28669,-0.123147,0.313939,0.339311,0.032016,0.302316,0.342789,-0.196093,0.334342,0.430851,0.071637,0.316726,0.443789,-0.233568,0.361856,0.506985,0.024218,0.344931,0.517625,-0.232481,0.368455,0.529345,0.023427,0.347292,0.544766,-0.259911,0.368846,0.531195,-0.00208,0.353045,0.54094,-0.258015,0.364946,0.521775,0.012438,0.351596,0.531645,-0.231635,0.286087,0.502868,0.071735,0.290025,0.50724,-0.071798,0.262315,0.615035,0.140589,0.333946,0.609604,-0.04662,0.225953,0.719054,0.207547,0.340442,0.742592,0.01065,0.21072,0.732873,0.210994,0.331181,0.765536,0.014604,0.244688,0.767671,0.18245,0.372626,0.779479,-0.022486
1.7.26_AL1,30,661.72,552.0,0,661.72,552.0,0.991,660.03,558.78,0.9986,0.330411,0.274254,-0.113603,0.32713,0.261338,-0.10402,0.326117,0.260976,-0.104201,0.3253,0.260703,-0.104192,0.326318,0.261299,-0.126104,0.324787,0.261168,-0.126264,0.323336,0.2612,-0.126328,0.314813,0.264175,-0.053257,0.311716,0.264785,-0.153155,0.327062,0.286478,-0.091298,0.325637,0.286717,-0.121051,0.311789,0.339684,0.032242,0.299529,0.342821,-0.196645,0.332622,0.43075,0.071795,0.314985,0.443955,-0.233523,0.360134,0.50703,0.024545,0.343765,0.517386,-0.231626,0.366544,0.529803,0.023595,0.346498,0.544258,-0.258912,0.367056,0.531269,-0.001874,0.351972,0.540605,-0.256671,0.363176,0.521788,0.012803,0.35044,0.531549,-0.230544,0.284627,0.503727,0.071744,0.287999,0.508182,-0.071808,0.260511,0.616148,0.14071,0.333576,0.60961,-0.048046,0.224754,0.720209,0.215723,0.340233,0.742527,0.011772,0.210028,0.734462,0.219942,0.331036,0.765542,0.016076,0.244101,0.767649,0.193952,0.3725,0.779435,-0.020136
1.7.26_AL1,31,653.0,556.0,0,659.19,549.53,0.9871,656.8,558.74,0.9985,0.327209,0.274351,-0.11374,0.324014,0.261432,-0.104177,0.323118,0.261063,-0.104355,0.322414,0.260781,-0.104344,0.323152,0.261392,-0.126329,0.321772,0.261252,-0.126491,0.320464,0.261269,-0.12656,0.312213,0.264197,-0.053504,0.308546,0.265031,-0.153716,0.32424,0.286558,-0.091398,0.322521,0.286791,-0.121223,0.309728,0.340401,0.031814,0.296955,0.342997,-0.196807,0.330975,0.430593,0.071896,0.313054,0.444244,-0.235533,0.358492,0.507072,0.02599,0.342085,0.517356,-0.235237,0.364984,0.530571,0.024777,0.345211,0.543949,-0.262872,0.364981,0.531426,-0.000902,0.350124,0.54045,-0.261918,0.361097,0.521802,0.014266,0.348425,0.531561,-0.234848,0.283161,0.504416,0.071759,0.286508,0.509027,-0.071823,0.259312,0.616914,0.142714,0.333154,0.609531,-0.049155,0.223557,0.721382,0.215538,0.339919,0.742226,0.011597,0.208973,0.7368,0.219622,0.330799,0.765138,0.015961,0.243377,0.767616,0.19338,0.371905,0.779242,-0.020376
1.7.26_AL1,32,651.0,554.0,0,660.24,550.7,0.9877,649.91,558.61,0.9985,0.324129,0.274253,-0.113928,0.32085,0.26146,-0.1044,0.32001,0.261079,-0.104576,0.319351,0.260775,-0.104565,0.319976,0.261448,-0.126597,0.318666,0.261318,-0.126761,0.317468,0.261335,-0.126831,0.30941,0.264233,-0.053782,0.305705,0.265328,-0.1541,0.321502,0.286486,-0.091565,0.319869,0.286815,-0.121417,0.307774,0.340844,0.031604,0.293974,0.34314,-0.197345,0.328738,0.430362,0.071954,0.310792,0.444509,-0.238264,0.356307,0.507035,0.026102,0.338495,0.517232,-0.239627,0.362398,0.530649,0.024786,0.342218,0.543559,-0.267905,0.362482,0.531322,-0.000872,0.346321,0.540011,-0.267257,0.358893,0.521684,0.014389,0.345187,0.53123,-0.239464,0.282343,0.505442,0.071771,0.285227,0.510268,-0.071836,0.257941,0.617839,0.143364,0.332822,0.609542,-0.044922,0.222221,0.722192,0.217971,0.339759,0.741587,0.016965,0.207861,0.738332,0.222144,0.330585,0.764921,0.02111,0.242705,0.767738,0.194858,0.371447,0.779119,-0.016567
1.7.26_AL1,33,650.0,552.0,0,655.57,544.89,0.9872,649.51,557.45,0.9985,0.321507,0.274146,-0.111934,0.318502,0.261494,-0.102956,0.317585,0.261114,-0.103131,0.316827,0.260806,-0.103121,0.317555,0.261485,-0.125057,0.315989,0.261356,-0.125217,0.314674,0.261376,-0.125284,0.30708,0.264265,-0.05362,0.303481,0.265441,-0.153606,0.318826,0.286487,-0.090029,0.317226,0.286817,-0.119788,0.30338,0.340838,0.0316,0.292272,0.343177,-0.196407,0.327059,0.430133,0.072037,0.309226,0.444526,-0.235913,0.354743,0.506771,0.026791,0.338288,0.516161,-0.237952,0.360819,0.530615,0.02532,0.342025,0.54227,-0.2657,0.361129,0.530928,-4.4e-05,0.346533,0.538981,-0.266459,0.357492,0.521394,0.015226,0.345041,0.530373,-0.238497,0.280436,0.507223,0.071484,0.285215,0.511908,-0.07155,0.255523,0.619091,0.146519,0.332587,0.609359,-0.039382,0.221342,0.723119,0.222405,0.339653,0.741169,0.023896,0.207821,0.739112,0.226618,0.330459,0.764403,0.02818,0.242833,0.767318,0.199008,0.371354,0.779149,-0.008493
1.7.26_AL1,34,649.0,552.0,0,651.32,542.52,0.9875,647.33,556.84,0.9985,0.318813,0.274074,-0.106274,0.315731,0.261546,-0.097199,0.314973,0.261166,-0.097367,0.314204,0.260854,-0.097352,0.314812,0.261539,-0.119325,0.31311,0.261408,-0.119486,0.311444,0.261424,-0.119547,0.304308,0.264299,-0.047806,0.300829,0.265459,-0.147605,0.315933,0.286457,-0.084217,0.314243,0.286855,-0.114043,0.301763,0.341232,0.036866,0.290177,0.343183,-0.19157,0.325029,0.43004,0.076419,0.307049,0.444515,-0.23259,0.353527,0.506801,0.031293,0.337149,0.515589,-0.237415,0.359419,0.530876,0.029624,0.340459,0.541967,-0.264929,0.360014,0.530926,0.004615,0.345062,0.53877,-0.265941,0.35648,0.521394,0.019821,0.3439,0.530138,-0.238313,0.280363,0.508717,0.071346,0.285452,0.512812,-0.071416,0.254764,0.620708,0.144683,0.331889,0.609371,-0.036873,0.220334,0.724449,0.212181,0.339068,0.741039,0.027018,0.207782,0.740842,0.21551,0.329667,0.764408,0.031348,0.241869,0.767318,0.186807,0.370612,0.779149,-0.004751
1.7.26_AL1,35,649.0,552.0,0,651.0,544.68,0.9879,647.17,555.88,0.9985,0.316347,0.273473,-0.106847,0.313295,0.261281,-0.097757,0.312695,0.260923,-0.097922,0.31206,0.260596,-0.097904,0.312273,0.2613,-0.119909,0.310499,0.261208,-0.120072,0.308714,0.261252,-0.120133,0.302214,0.264296,-0.047939,0.297944,0.265477,-0.147725,0.313745,0.286153,-0.084512,0.31178,0.286589,-0.114384,0.297556,0.34089,0.037923,0.288165,0.342903,-0.191079,0.32309,0.429611,0.076789,0.306031,0.444411,-0.23142,0.351443,0.506535,0.031282,0.337067,0.514699,-0.237333,0.357749,0.530579,0.029627,0.340615,0.541138,-0.264786,0.358495,0.530235,0.004777,0.345224,0.537664,-0.265376,0.355191,0.520777,0.019873,0.343921,0.528967,-0.23797,0.280314,0.509536,0.071262,0.285385,0.513382,-0.071336,0.254607,0.620946,0.145348,0.331547,0.609367,-0.031996,0.220035,0.725166,0.212853,0.338706,0.740925,0.029548,0.20712,0.741358,0.21622,0.329202,0.764378,0.033607,0.242065,0.767331,0.186999,0.37014,0.778811,-0.002881
1.7.26_AL1,36,643.0,550.0,0,649.11,544.56,0.9879,646.45,554.63,0.9986,0.314864,0.272607,-0.10758,0.310879,0.26064,-0.098475,0.310508,0.260249,-0.098641,0.310211,0.259845,-0.098627,0.309658,0.260832,-0.120712,0.308273,0.260847,-0.120874,0.306399,0.260961,-0.120939,0.300169,0.264295,-0.048828,0.295983,0.265487,-0.14901,0.312084,0.285313,-0.085372,0.309877,0.286004,-0.115348,0.295719,0.339635,0.037504,0.286271,0.342512,-0.192297,0.321209,0.428693,0.076713,0.30475,0.44407,-0.23148,0.349984,0.505966,0.031171,0.336691,0.513546,-0.236251,0.356242,0.529915,0.02958,0.340348,0.54008,-0.263162,0.357318,0.529261,0.00466,0.344775,0.536733,-0.263951,0.35397,0.519947,0.019737,0.34368,0.528261,-0.236801,0.279928,0.509445,0.071006,0.285371,0.513488,-0.071089,0.254499,0.620847,0.14584,0.330869,0.609389,-0.019155,0.219898,0.724473,0.213363,0.338429,0.739882,0.052318,0.206207,0.740634,0.216798,0.328586,0.763568,0.057498,0.242361,0.767396,0.188022,0.369853,0.77881,0.021481
1.7.26_AL1,37,635.0,543.0,0,645.08,541.13,0.989,639.62,553.98,0.9986,0.312865,0.271575,-0.106668,0.3086,0.259701,-0.097701,0.308215,0.259248,-0.097868,0.307933,0.258744,-0.097849,0.307371,0.260043,-0.119861,0.306091,0.260132,-0.120027,0.304216,0.260271,-0.120094,0.297654,0.263895,-0.048374,0.29368,0.265134,-0.148313,0.310049,0.284373,-0.084542,0.30776,0.285189,-0.114463,0.294371,0.338697,0.037386,0.283958,0.341825,-0.190681,0.319267,0.428122,0.076832,0.302932,0.442751,-0.228632,0.346273,0.504268,0.031463,0.333134,0.512948,-0.23098,0.353385,0.528451,0.029876,0.338421,0.53843,-0.257224,0.354761,0.527142,0.00535,0.342578,0.534477,-0.257831,0.35155,0.517845,0.020222,0.341008,0.526253,-0.231309,0.279826,0.50917,0.070306,0.284868,0.513229,-0.070395,0.253821,0.621134,0.146244,0.330132,0.609276,-0.021285,0.21957,0.724499,0.213597,0.338396,0.738599,0.048991,0.205764,0.740778,0.217008,0.328411,0.76154,0.054178,0.241873,0.767441,0.188142,0.368649,0.778783,0.01782
1.7.26_AL1,38,630.0,544.0,0,642.34,537.97,0.9885,637.56,552.86,0.9986,0.310601,0.270747,-0.106902,0.30645,0.259046,-0.097792,0.306015,0.258629,-0.097959,0.305718,0.25817,-0.097946,0.305221,0.259461,-0.120262,0.303968,0.259641,-0.120426,0.302106,0.259849,-0.120495,0.295944,0.26355,-0.048798,0.29157,0.264749,-0.149288,0.307635,0.283598,-0.085004,0.305372,0.284481,-0.115173,0.291739,0.338227,0.037124,0.283352,0.341138,-0.191663,0.317608,0.427291,0.076805,0.301035,0.441152,-0.228816,0.34488,0.503427,0.031786,0.332062,0.511909,-0.230715,0.351752,0.527242,0.030311,0.337562,0.53754,-0.257042,0.353374,0.525797,0.006002,0.341913,0.533409,-0.25721,0.350059,0.516579,0.020656,0.340367,0.525057,-0.230792,0.279349,0.509361,0.070238,0.284782,0.513207,-0.070332,0.253274,0.621173,0.152898,0.32956,0.609255,-0.014326,0.21944,0.724636,0.223876,0.338045,0.737446,0.059405,0.205618,0.741507,0.227823,0.32778,0.760744,0.064851,0.241878,0.767689,0.200206,0.368332,0.778787,0.028568
1.7.26_AL1,39,630.0,544.0,0,641.52,536.82,0.995,635.21,551.55,0.9987,0.308738,0.269512,-0.111789,0.304525,0.257998,-0.10255,0.304113,0.257655,-0.102715,0.303839,0.257251,-0.102696,0.303119,0.258345,-0.125342,0.301824,0.258555,-0.125505,0.299932,0.258777,-0.125572,0.293853,0.262708,-0.051162,0.2893,0.263928,-0.153596,0.305594,0.282339,-0.088695,0.303418,0.283385,-0.119416,0.288972,0.335955,0.036438,0.28122,0.339816,-0.195037,0.315468,0.426025,0.076074,0.298907,0.439724,-0.236235,0.343972,0.502608,0.030282,0.330838,0.51069,-0.237867,0.350838,0.526584,0.028497,0.3371,0.536686,-0.26511,0.352736,0.525271,0.004367,0.341563,0.532722,-0.264395,0.349214,0.516026,0.019212,0.339508,0.524261,-0.237504,0.278963,0.508988,0.070326,0.284678,0.512932,-0.070424,0.252782,0.621402,0.156994,0.328881,0.609261,-0.016152,0.219026,0.724347,0.230707,0.337781,0.737578,0.053975,0.205154,0.741456,0.234855,0.327519,0.760862,0.059191,0.241956,0.767731,0.20519,0.368378,0.77879,0.026749
1.7.26_AL1,40,628.0,544.0,0,637.51,534.03,0.9901,633.83,550.37,0.9987,0.307012,0.268352,-0.112499,0.302894,0.256671,-0.103319,0.302271,0.256271,-0.103484,0.301781,0.255847,-0.103462,0.301476,0.257088,-0.125872,0.299755,0.257299,-0.126034,0.298048,0.25751,-0.126103,0.291461,0.261459,-0.051482,0.287489,0.262763,-0.15367,0.303569,0.280635,-0.089178,0.301838,0.281926,-0.119699,0.287816,0.334676,0.036033,0.279408,0.338786,-0.194898,0.31529,0.424436,0.075153,0.297132,0.437393,-0.236019,0.342864,0.500618,0.028248,0.330118,0.509598,-0.237894,0.349438,0.525254,0.025977,0.337361,0.534987,-0.265498,0.351126,0.524121,0.002111,0.341829,0.530902,-0.264481,0.347619,0.514323,0.017323,0.339371,0.522388,-0.237439,0.278764,0.508774,0.070184,0.284138,0.512738,-0.070284,0.252241,0.621562,0.160581,0.327648,0.609269,-0.01858,0.218963,0.723996,0.239743,0.337146,0.737542,0.051851,0.205131,0.740915,0.2444,0.327393,0.761002,0.057017,0.241552,0.767392,0.213553,0.368175,0.778893,0.020036
1.7.26_AL1,41,626.0,542.0,0,634.3,533.66,0.9907,630.27,548.98,0.9988,0.304834,0.265991,-0.110672,0.300999,0.254909,-0.101594,0.3006,0.254659,-0.101762,0.300325,0.254351,-0.101739,0.299093,0.255095,-0.123533,0.297412,0.255364,-0.123702,0.295709,0.25567,-0.123776,0.289924,0.260045,-0.050335,0.285172,0.261215,-0.149529,0.301985,0.278619,-0.087663,0.299879,0.279938,-0.117416,0.288194,0.333863,0.036068,0.277337,0.337664,-0.190314,0.314678,0.423477,0.07551,0.295223,0.435549,-0.231949,0.342397,0.498818,0.030346,0.328267,0.508313,-0.237765,0.349367,0.52374,0.028303,0.336189,0.532584,-0.26544,0.350995,0.523304,0.004501,0.340843,0.528525,-0.263857,0.347003,0.513152,0.019523,0.33839,0.520295,-0.237158,0.278483,0.508546,0.06911,0.283245,0.512553,-0.069212,0.251868,0.62181,0.159342,0.326849,0.609284,-0.019448,0.218809,0.723789,0.234885,0.336652,0.737557,0.050418,0.204832,0.740507,0.23915,0.327183,0.761105,0.055441,0.241557,0.767501,0.209061,0.368102,0.778896,0.016687
1.7.26_AL1,42,624.0,542.0,0,633.53,530.85,0.9954,629.71,548.21,0.9988,0.303138,0.265279,-0.112013,0.298898,0.253808,-0.102715,0.29832,0.253551,-0.102884,0.2979,0.253269,-0.102858,0.297193,0.254043,-0.124923,0.295752,0.254303,-0.125089,0.293962,0.254595,-0.125165,0.287645,0.259052,-0.050498,0.283276,0.260034,-0.150871,0.299765,0.277732,-0.088606,0.297793,0.279053,-0.118752,0.28517,0.33305,0.035996,0.276817,0.337214,-0.192027,0.314322,0.421854,0.075753,0.294722,0.434428,-0.234168,0.342269,0.497791,0.030697,0.327977,0.507605,-0.237147,0.349315,0.522058,0.028817,0.335919,0.531318,-0.264904,0.350596,0.522212,0.004693,0.340317,0.527364,-0.263336,0.346446,0.512238,0.019749,0.337862,0.519447,-0.236499,0.278009,0.508466,0.069168,0.283061,0.51248,-0.069273,0.251985,0.62197,0.164706,0.326072,0.609309,-0.019479,0.218748,0.723935,0.244763,0.336465,0.737575,0.056199,0.204991,0.740319,0.249496,0.327046,0.761182,0.061854,0.241469,0.76749,0.218475,0.368068,0.778899,0.021004
1.7.26_AL1,43,624.0,542.0,0,632.86,530.73,0.9953,628.16,546.09,0.9989,0.302222,0.264521,-0.107399,0.298252,0.253118,-0.097803,0.297845,0.25287,-0.097969,0.297563,0.252563,-0.097937,0.296336,0.253358,-0.120045,0.294502,0.253619,-0.120213,0.292756,0.25394,-0.120283,0.286595,0.258624,-0.044633,0.282095,0.25963,-0.145292,0.299089,0.27729,-0.083698,0.297202,0.278432,-0.11389,0.28396,0.332635,0.041742,0.276018,0.336499,-0.18634,0.313637,0.42075,0.082659,0.293965,0.432706,-0.229499,0.341028,0.496395,0.038886,0.327165,0.505641,-0.234998,0.348925,0.520998,0.037596,0.334506,0.529467,-0.262943,0.349961,0.521695,0.013524,0.339016,0.525765,-0.260741,0.345514,0.511485,0.028035,0.336636,0.517772,-0.234192,0.277657,0.508414,0.069155,0.282437,0.512385,-0.069262,0.25185,0.621968,0.162661,0.325487,0.609436,-0.017092,0.218613,0.723797,0.239276,0.336335,0.737643,0.057248,0.205139,0.740344,0.243691,0.32705,0.761255,0.062725,0.241415,0.767488,0.213397,0.368143,0.778901,0.021959
1.7.26_AL1,44,621.0,540.0,0,632.17,530.62,0.9953,625.75,544.93,0.9989,0.301278,0.264215,-0.107781,0.297366,0.252669,-0.098169,0.297009,0.252403,-0.098336,0.296765,0.252066,-0.098305,0.295535,0.252983,-0.120469,0.293582,0.253209,-0.120637,0.291669,0.253528,-0.120708,0.285425,0.258021,-0.045012,0.280962,0.259178,-0.145986,0.298328,0.277124,-0.084126,0.296287,0.278185,-0.114381,0.282691,0.331681,0.041311,0.274715,0.335582,-0.186703,0.312786,0.419513,0.082112,0.292601,0.431101,-0.228902,0.339752,0.494782,0.03757,0.325909,0.50456,-0.234118,0.347637,0.519317,0.036277,0.332746,0.52881,-0.261782,0.348359,0.520486,0.011976,0.337371,0.525223,-0.260154,0.343651,0.509831,0.026601,0.334968,0.516989,-0.233473,0.277323,0.508276,0.068972,0.281565,0.512287,-0.069082,0.251492,0.621987,0.161341,0.325157,0.609885,-0.018184,0.218287,0.723755,0.237285,0.336211,0.737432,0.057632,0.204835,0.740489,0.241713,0.327146,0.760848,0.063311,0.2415,0.767517,0.211844,0.367072,0.778938,0.022636
1.7.26_AL1,45,625.0,541.0,0,630.67,530.55,0.9953,624.49,544.4,0.9989,0.300536,0.264546,-0.107895,0.296612,0.252965,-0.098489,0.296003,0.252643,-0.098652,0.295438,0.252217,-0.098625,0.295164,0.253288,-0.120878,0.293333,0.25348,-0.121043,0.291261,0.253753,-0.121112,0.284417,0.25806,-0.045899,0.280112,0.259351,-0.146658,0.297537,0.277154,-0.084599,0.295742,0.278264,-0.114919,0.283615,0.331742,0.0408,0.273484,0.335748,-0.18654,0.312814,0.41914,0.081889,0.291877,0.430822,-0.227898,0.339584,0.493628,0.035061,0.325255,0.504075,-0.233985,0.347243,0.518601,0.032784,0.332176,0.528344,-0.261706,0.348115,0.519569,0.009154,0.337175,0.524597,-0.25978,0.34366,0.508847,0.024336,0.334778,0.516202,-0.233222,0.277049,0.508285,0.068387,0.280934,0.512272,-0.068497,0.251306,0.62211,0.159354,0.324953,0.610278,-0.019504,0.217983,0.723767,0.236158,0.336102,0.737432,0.054771,0.204476,0.740413,0.240562,0.327225,0.760906,0.060192,0.241422,0.767514,0.206466,0.366803,0.778921,0.022199
1.7.26_AL1,46,623.0,541.0,0,629.88,531.61,0.9954,622.77,544.47,0.9989,0.299699,0.264508,-0.108251,0.295679,0.252809,-0.098904,0.295105,0.252437,-0.099068,0.294593,0.251992,-0.099041,0.294193,0.253248,-0.121309,0.292276,0.253452,-0.121474,0.29018,0.253738,-0.121544,0.283566,0.257931,-0.046485,0.279146,0.259306,-0.147098,0.296497,0.277051,-0.085087,0.294655,0.278175,-0.115401,0.283931,0.331855,0.040246,0.27265,0.335785,-0.187301,0.313151,0.419195,0.081321,0.291333,0.430858,-0.228187,0.339915,0.493183,0.034764,0.324361,0.50414,-0.23372,0.347669,0.518441,0.032597,0.331237,0.528343,-0.261327,0.348054,0.519501,0.008775,0.336344,0.524643,-0.259763,0.343601,0.508721,0.023939,0.333885,0.516087,-0.233059,0.277239,0.508533,0.06839,0.28053,0.51242,-0.068498,0.250957,0.622537,0.158948,0.324622,0.610652,-0.0204,0.217331,0.723732,0.236118,0.33586,0.737396,0.053452,0.204042,0.740449,0.240581,0.327222,0.760882,0.058933,0.241235,0.767512,0.207117,0.366393,0.778923,0.019973
1.7.26_AL1,47,622.0,541.0,0,628.06,532.42,0.9953,621.62,544.58,0.999,0.299069,0.264346,-0.107773,0.295016,0.252654,-0.098151,0.2945,0.252311,-0.09832,0.294035,0.251889,-0.098294,0.293489,0.253089,-0.120555,0.291483,0.2533,-0.120724,0.28948,0.253626,-0.120801,0.282947,0.258024,-0.04461,0.278308,0.259385,-0.145636,0.2962,0.277075,-0.084239,0.294302,0.278203,-0.114584,0.284425,0.33195,0.04198,0.271976,0.335827,-0.186522,0.312804,0.419197,0.082956,0.290008,0.431164,-0.228043,0.339331,0.492025,0.034962,0.323762,0.504242,-0.233891,0.347092,0.516469,0.032645,0.331168,0.527954,-0.261765,0.347573,0.51746,0.008632,0.33612,0.523643,-0.260552,0.343046,0.507091,0.023986,0.333411,0.515071,-0.233377,0.276921,0.509716,0.068444,0.279884,0.513348,-0.068552,0.250699,0.623007,0.159095,0.324277,0.611275,-0.023226,0.216979,0.723864,0.238435,0.335621,0.737412,0.052486,0.203772,0.740561,0.243104,0.327131,0.760855,0.058069,0.240666,0.767567,0.209523,0.366174,0.778924,0.01884
1.7.26_AL1,48,622.0,541.0,0,624.02,534.93,0.9952,620.58,544.8,0.999,0.2986,0.264076,-0.108812,0.294537,0.252554,-0.099181,0.294017,0.25225,-0.099357,0.293588,0.251859,-0.09933,0.292853,0.252936,-0.121354,0.290819,0.253159,-0.121528,0.288883,0.253526,-0.121611,0.282712,0.258007,-0.045072,0.277736,0.259425,-0.146072,0.295832,0.277009,-0.08508,0.293781,0.278155,-0.115153,0.284966,0.331952,0.041108,0.271695,0.335693,-0.187312,0.31232,0.419216,0.082411,0.289647,0.431512,-0.228253,0.338609,0.491473,0.035309,0.323218,0.504449,-0.233848,0.346092,0.515455,0.033304,0.330433,0.527582,-0.261567,0.347203,0.516595,0.009245,0.335277,0.523218,-0.260565,0.342258,0.506211,0.024386,0.332629,0.514678,-0.23342,0.276144,0.509949,0.068353,0.279562,0.513692,-0.068458,0.250481,0.623335,0.159792,0.324211,0.611613,-0.02431,0.216734,0.724504,0.238607,0.335414,0.737664,0.051833,0.203249,0.741869,0.243142,0.327079,0.761289,0.057455,0.240744,0.767964,0.210866,0.366052,0.779362,0.017659
1.7.26_AL1,49,619.0,547.0,0,623.91,535.26,0.9953,621.31,545.16,0.999,0.298293,0.264275,-0.110421,0.294073,0.252634,-0.100319,0.293472,0.252328,-0.100496,0.292996,0.251943,-0.100466,0.292244,0.252981,-0.122476,0.290288,0.253195,-0.122653,0.288373,0.253567,-0.122741,0.282596,0.258198,-0.045699,0.277546,0.259733,-0.146658,0.295277,0.277182,-0.085902,0.293276,0.278307,-0.115979,0.284349,0.332149,0.040906,0.271545,0.335777,-0.187902,0.312525,0.419321,0.0822,0.289585,0.43182,-0.228591,0.33874,0.491853,0.035281,0.323601,0.504779,-0.234043,0.346121,0.515979,0.033106,0.330994,0.528074,-0.261803,0.347092,0.517025,0.009038,0.335672,0.52373,-0.260724,0.342237,0.506733,0.024355,0.333051,0.515133,-0.233567,0.27581,0.510289,0.068366,0.279571,0.513977,-0.06847,0.250601,0.623687,0.159892,0.324156,0.612387,-0.025277,0.216706,0.725254,0.238044,0.335131,0.738537,0.051433,0.203094,0.743342,0.242448,0.326898,0.763128,0.057072,0.240653,0.76812,0.209808,0.365609,0.77962,0.017082
1.7.26_AL1,50,619.0,547.0,0,619.55,538.32,0.9929,619.72,545.4,0.999,0.298025,0.264424,-0.11237,0.293919,0.252788,-0.102622,0.293348,0.25248,-0.102802,0.292872,0.252094,-0.102776,0.292105,0.253125,-0.124482,0.290168,0.253335,-0.124658,0.288253,0.253698,-0.124746,0.282069,0.25827,-0.048628,0.277318,0.259796,-0.147852,0.295039,0.277328,-0.088168,0.29302,0.278434,-0.117826,0.284051,0.33216,0.037806,0.271365,0.336106,-0.188097,0.312451,0.419178,0.080248,0.289001,0.431858,-0.229061,0.338987,0.491817,0.034826,0.32277,0.505004,-0.235675,0.346383,0.515899,0.032507,0.330498,0.528456,-0.263452,0.347186,0.516568,0.008601,0.335221,0.524026,-0.262758,0.342577,0.506638,0.024014,0.332511,0.51543,-0.235407,0.275955,0.510604,0.06833,0.279574,0.514413,-0.068434,0.250328,0.624002,0.15955,0.323722,0.613434,-0.023917,0.216344,0.725497,0.237955,0.334921,0.738631,0.052747,0.202859,0.743826,0.242284,0.32691,0.763345,0.058267,0.240602,0.768148,0.206598,0.365756,0.77962,0.016418
1.7.26_AL1,51,619.0,547.0,0,622.66,536.38,0.9954,619.32,545.67,0.999,0.297894,0.264518,-0.11225,0.293675,0.252892,-0.102497,0.292976,0.252584,-0.102678,0.292377,0.252189,-0.102652,0.292091,0.253209,-0.124315,0.290129,0.253394,-0.124491,0.288273,0.253737,-0.124579,0.281899,0.258417,-0.048602,0.277385,0.259936,-0.147608,0.294849,0.277437,-0.088129,0.293038,0.278493,-0.117761,0.284717,0.332822,0.037739,0.271304,0.336246,-0.187707,0.312664,0.419325,0.07995,0.288833,0.432081,-0.228803,0.339093,0.49206,0.034152,0.322561,0.505245,-0.235408,0.34642,0.516214,0.031633,0.330165,0.528637,-0.263144,0.347039,0.516861,0.007637,0.335026,0.524101,-0.262538,0.342518,0.506947,0.023325,0.33227,0.515653,-0.235169,0.276184,0.510939,0.06823,0.27932,0.514675,-0.06833,0.250342,0.624323,0.159506,0.323686,0.613989,-0.02526,0.216054,0.725767,0.238171,0.334681,0.739458,0.052719,0.20265,0.743763,0.242556,0.326838,0.764329,0.058102,0.240391,0.768464,0.207425,0.365776,0.779677,0.013751
1.7.26_AL1,52,619.0,547.0,0,622.44,537.79,0.9953,619.87,545.73,0.999,0.297612,0.264649,-0.112352,0.293561,0.252989,-0.102583,0.292937,0.252657,-0.102764,0.292422,0.252228,-0.102739,0.291829,0.253312,-0.124375,0.289975,0.253467,-0.12455,0.288081,0.253754,-0.124638,0.281963,0.258662,-0.048692,0.276975,0.260248,-0.147858,0.294747,0.27752,-0.088204,0.292809,0.278538,-0.117793,0.283115,0.332833,0.03752,0.271658,0.336506,-0.187972,0.312684,0.419371,0.079081,0.289127,0.432195,-0.229463,0.339273,0.492325,0.033356,0.32285,0.505302,-0.237909,0.346555,0.516489,0.030673,0.330218,0.528733,-0.266099,0.347058,0.517117,0.006795,0.335261,0.524378,-0.265499,0.342513,0.50722,0.022575,0.332509,0.515978,-0.237819,0.276318,0.511638,0.068267,0.279487,0.515393,-0.068366,0.250148,0.62451,0.164029,0.323699,0.614738,-0.026207,0.216154,0.725928,0.248456,0.334562,0.740034,0.051227,0.202779,0.743916,0.253523,0.326825,0.765098,0.056632,0.240391,0.768703,0.220812,0.365848,0.779837,0.010787
1.7.26_AL1,53,616.0,550.0,0,622.22,537.72,0.9953,619.79,545.88,0.999,0.298118,0.264674,-0.113821,0.29405,0.253063,-0.10368,0.293513,0.252728,-0.103865,0.293053,0.252291,-0.103841,0.292268,0.25341,-0.125808,0.290272,0.253568,-0.125984,0.288239,0.253855,-0.126075,0.282214,0.258702,-0.048703,0.277288,0.260327,-0.148701,0.295462,0.277603,-0.089348,0.293404,0.27863,-0.119375,0.284176,0.33314,0.037315,0.271525,0.336756,-0.188419,0.312909,0.419473,0.079036,0.289162,0.432645,-0.23103,0.339214,0.492563,0.033109,0.32281,0.505444,-0.240622,0.346517,0.516626,0.030326,0.32991,0.529022,-0.26941,0.346927,0.517304,0.005984,0.334755,0.524694,-0.269353,0.342292,0.507438,0.02215,0.332096,0.516239,-0.240812,0.276526,0.512733,0.068295,0.279412,0.516778,-0.068395,0.250224,0.624521,0.163128,0.323644,0.615015,-0.028023,0.215815,0.726614,0.244597,0.334541,0.740481,0.050957,0.202665,0.74436,0.249308,0.326828,0.765491,0.056461,0.239626,0.769427,0.217576,0.365829,0.779969,0.010609
1.7.26_AL1,54,616.0,550.0,0,621.56,538.63,0.9953,620.6,546.05,0.999,0.298142,0.264717,-0.1134,0.29417,0.253129,-0.103166,0.293629,0.252791,-0.10335,0.2932,0.252348,-0.103322,0.292266,0.253465,-0.125248,0.290441,0.2536,-0.125425,0.288411,0.253876,-0.125515,0.282718,0.258716,-0.047746,0.277534,0.260359,-0.147559,0.295487,0.277676,-0.088803,0.293297,0.278677,-0.118781,0.283613,0.333144,0.037966,0.271532,0.336779,-0.187197,0.312481,0.419485,0.077993,0.289249,0.432926,-0.229857,0.339129,0.492393,0.026017,0.32323,0.505598,-0.238942,0.34632,0.516429,0.022638,0.3299,0.529247,-0.267358,0.346852,0.517365,-0.001288,0.335001,0.52493,-0.267184,0.342122,0.507354,0.014993,0.332283,0.516442,-0.239046,0.276566,0.512599,0.068143,0.279632,0.516891,-0.068242,0.250254,0.624479,0.161925,0.32329,0.61554,-0.027865,0.216022,0.726761,0.241812,0.33437,0.74065,0.050823,0.20261,0.744841,0.246153,0.326765,0.765512,0.056299,0.239688,0.76945,0.210001,0.365624,0.780542,0.010452
1.7.26_AL1,55,616.0,550.0,0,620.99,539.14,0.9951,618.56,546.46,0.999,0.298586,0.264702,-0.112583,0.294554,0.253137,-0.102498,0.294067,0.252808,-0.102684,0.293657,0.252371,-0.102658,0.292777,0.253506,-0.124562,0.290859,0.253652,-0.12474,0.288734,0.253952,-0.124833,0.282998,0.258768,-0.047665,0.277743,0.260385,-0.147505,0.296102,0.277742,-0.088309,0.29387,0.278751,-0.118262,0.284375,0.333286,0.03785,0.271009,0.336818,-0.187372,0.312656,0.419549,0.077723,0.288615,0.433,-0.22984,0.339027,0.492565,0.026448,0.322169,0.505981,-0.238481,0.34616,0.516488,0.023396,0.329039,0.5299,-0.266729,0.34672,0.517552,-0.00063,0.334055,0.525371,-0.266623,0.342152,0.507474,0.015412,0.331332,0.516764,-0.238581,0.276694,0.513161,0.06814,0.279577,0.517486,-0.068238,0.250355,0.624428,0.161723,0.323303,0.616703,-0.027791,0.215821,0.727063,0.240746,0.334236,0.74077,0.050642,0.20252,0.744822,0.245054,0.326742,0.765621,0.05611,0.239656,0.769736,0.209525,0.365661,0.780727,0.008846
1.7.26_AL1,56,616.0,550.0,0,617.58,541.35,0.9928,618.55,547.3,0.999,0.299,0.264763,-0.113036,0.294702,0.253169,-0.102968,0.294063,0.252831,-0.103154,0.293498,0.252401,-0.103127,0.293096,0.25355,-0.125379,0.291173,0.253709,-0.125558,0.289237,0.254016,-0.125652,0.283012,0.258812,-0.048031,0.278375,0.260427,-0.149951,0.296351,0.277794,-0.088751,0.294343,0.278811,-0.119159,0.284583,0.333176,0.037807,0.270917,0.336867,-0.191037,0.312397,0.41912,0.079025,0.288866,0.43332,-0.233704,0.338535,0.492646,0.028853,0.322163,0.506761,-0.241486,0.345706,0.516183,0.026194,0.328573,0.530242,-0.269775,0.346416,0.517475,0.001436,0.33327,0.526141,-0.269825,0.341711,0.50746,0.017525,0.33087,0.517461,-0.241552,0.27681,0.513068,0.068353,0.279765,0.517358,-0.068451,0.250435,0.62438,0.156885,0.32317,0.617201,-0.027542,0.21582,0.727223,0.231223,0.334271,0.741151,0.050533,0.202465,0.745523,0.234967,0.32675,0.766295,0.056094,0.239413,0.769917,0.19647,0.365713,0.781082,0.007019
1.7.26_AL1,57,616.0,550.0,0,615.54,542.01,0.9929,618.5,547.58,0.999,0.299242,0.264784,-0.108345,0.295025,0.253186,-0.098286,0.294438,0.252851,-0.098468,0.293908,0.25243,-0.098437,0.293425,0.253601,-0.120223,0.291468,0.253765,-0.120409,0.289374,0.254061,-0.120499,0.283553,0.258846,-0.043658,0.278439,0.260498,-0.142869,0.296769,0.277843,-0.084303,0.294631,0.278865,-0.114037,0.284948,0.333524,0.040282,0.270527,0.336893,-0.182945,0.312537,0.419192,0.079133,0.288803,0.433371,-0.224128,0.338105,0.492759,0.028779,0.322137,0.507018,-0.232912,0.34472,0.516329,0.02602,0.328512,0.530272,-0.260441,0.345591,0.517546,0.001399,0.333319,0.526193,-0.260692,0.341237,0.507582,0.01748,0.330952,0.517481,-0.233076,0.276838,0.513099,0.067914,0.279016,0.517323,-0.068008,0.250359,0.624473,0.148853,0.323246,0.619046,-0.027456,0.21591,0.727271,0.216069,0.334187,0.741477,0.041398,0.202601,0.74534,0.219185,0.326764,0.766851,0.045387,0.239472,0.770724,0.181382,0.365762,0.781103,-0.00611
1.7.26_AL1,58,616.0,550.0,0,616.36,543.46,0.993,617.17,548.09,0.999,0.29967,0.264804,-0.107231,0.295536,0.253223,-0.097628,0.294981,0.252893,-0.097811,0.294495,0.252476,-0.097785,0.293838,0.253627,-0.119473,0.291882,0.253798,-0.119656,0.289866,0.254112,-0.119747,0.284073,0.258882,-0.044241,0.279015,0.260536,-0.143393,0.297106,0.277879,-0.083804,0.29495,0.278913,-0.113437,0.285056,0.333537,0.039742,0.270521,0.336894,-0.1837,0.312671,0.419252,0.078558,0.28864,0.43371,-0.225004,0.338234,0.492806,0.029278,0.321443,0.507487,-0.23368,0.345026,0.516443,0.026588,0.32751,0.530405,-0.261247,0.345863,0.517649,0.002148,0.332429,0.526315,-0.261743,0.341462,0.50768,0.018097,0.330431,0.517533,-0.234018,0.276896,0.513104,0.067809,0.278943,0.517461,-0.067898,0.25037,0.62455,0.150077,0.323206,0.619012,-0.030659,0.216024,0.727224,0.219292,0.334174,0.741934,0.037079,0.202616,0.74518,0.222386,0.326768,0.766984,0.041394,0.239481,0.770828,0.181943,0.365734,0.781365,-0.008304
1.7.26_AL1,59,616.0,550.0,0,617.3,544.8,0.9928,615.82,548.38,0.999,0.300072,0.264832,-0.108497,0.295988,0.253258,-0.098552,0.295459,0.252928,-0.098742,0.294998,0.252514,-0.098714,0.29423,0.253662,-0.12024,0.292212,0.253836,-0.120429,0.290215,0.254154,-0.120533,0.284562,0.258912,-0.04465,0.279394,0.260567,-0.144055,0.297505,0.277905,-0.084469,0.295277,0.278952,-0.113921,0.286415,0.334448,0.039701,0.270238,0.336829,-0.184086,0.31284,0.419969,0.07528,0.288294,0.434071,-0.225233,0.33827,0.49332,0.019721,0.32074,0.507758,-0.233667,0.344948,0.516724,0.015917,0.326604,0.530432,-0.261252,0.345938,0.517985,-0.008472,0.331991,0.52634,-0.261742,0.341596,0.507964,0.008387,0.330073,0.517577,-0.233998,0.27695,0.51325,0.067693,0.278152,0.517516,-0.067777,0.250411,0.624851,0.150128,0.323078,0.618896,-0.033452,0.216111,0.727249,0.2195,0.33419,0.742383,0.035563,0.202577,0.74521,0.222771,0.32677,0.767673,0.040097,0.239528,0.771142,0.187395,0.365747,0.781919,-0.010351
1.7.26_AL1,60,616.0,550.0,0,617.23,545.54,0.9928,615.93,549.24,0.999,0.300382,0.264857,-0.108419,0.296362,0.25329,-0.098229,0.295853,0.252961,-0.098417,0.295397,0.252545,-0.098389,0.294529,0.253685,-0.120181,0.292571,0.25387,-0.120368,0.290558,0.254196,-0.120468,0.284904,0.25894,-0.043358,0.279772,0.260596,-0.143761,0.297843,0.277931,-0.084345,0.295586,0.278987,-0.114086,0.287479,0.334857,0.041516,0.270672,0.336637,-0.184665,0.312903,0.420211,0.079924,0.288171,0.434496,-0.227267,0.338447,0.494303,0.028905,0.320799,0.508556,-0.236775,0.345179,0.517973,0.026342,0.326501,0.531637,-0.264724,0.346163,0.519009,0.000929,0.331869,0.527802,-0.26477,0.341803,0.508747,0.017233,0.329782,0.518627,-0.236917,0.276966,0.513162,0.067761,0.278318,0.517448,-0.067843,0.250429,0.624817,0.146299,0.323079,0.618839,-0.036942,0.216168,0.727441,0.210461,0.334089,0.742555,0.033798,0.202685,0.745122,0.213247,0.326685,0.767643,0.038755,0.239575,0.771417,0.177805,0.36525,0.782186,-0.007718
1.7.26_AL1,61,611.0,553.0,0,617.87,547.37,0.9928,615.92,549.53,0.999,0.30066,0.264934,-0.104382,0.296655,0.25333,-0.094714,0.296148,0.252998,-0.094898,0.295702,0.252592,-0.094872,0.294795,0.253705,-0.116535,0.292882,0.253883,-0.116721,0.290876,0.254207,-0.116818,0.285152,0.258952,-0.041479,0.280097,0.260622,-0.140765,0.298104,0.277956,-0.080898,0.295829,0.27901,-0.110492,0.287973,0.335416,0.042184,0.270964,0.33652,-0.181956,0.313026,0.420506,0.079708,0.288448,0.434644,-0.223199,0.338421,0.494411,0.026494,0.320792,0.508828,-0.22891,0.345026,0.517995,0.023556,0.32666,0.531552,-0.255558,0.346137,0.51903,-0.001022,0.331967,0.527797,-0.255497,0.341885,0.508792,0.015078,0.329856,0.518689,-0.228897,0.277061,0.513093,0.067716,0.278482,0.517404,-0.067796,0.250496,0.62479,0.146964,0.323146,0.618704,-0.037938,0.21621,0.727497,0.213774,0.334114,0.743257,0.025129,0.202752,0.745032,0.216939,0.326663,0.768186,0.029198,0.239587,0.771642,0.181987,0.365601,0.78243,-0.017677
1.7.26_AL1,62,611.0,553.0,0,616.91,548.95,0.9927,615.79,550.21,0.999,0.300852,0.265074,-0.102976,0.296789,0.253433,-0.093223,0.296216,0.253111,-0.093406,0.295768,0.252716,-0.093378,0.295004,0.253796,-0.114785,0.293116,0.254015,-0.114975,0.291115,0.254395,-0.115071,0.285254,0.259063,-0.039468,0.280333,0.260762,-0.137108,0.298205,0.278001,-0.079382,0.296018,0.279157,-0.108642,0.289456,0.336763,0.042826,0.271082,0.336526,-0.178087,0.313169,0.420953,0.07939,0.288519,0.435112,-0.220731,0.338515,0.495171,0.024935,0.320726,0.50945,-0.228825,0.345108,0.519839,0.021539,0.326358,0.53218,-0.25577,0.34624,0.520859,-0.002843,0.331835,0.528209,-0.25579,0.341966,0.509763,0.01356,0.329901,0.518989,-0.228895,0.278044,0.513432,0.067336,0.278456,0.517403,-0.067412,0.250539,0.625294,0.14379,0.323159,0.618691,-0.041745,0.216277,0.727465,0.208957,0.334,0.743327,0.021175,0.202808,0.744943,0.211904,0.326588,0.768209,0.025354,0.239608,0.771766,0.17508,0.36534,0.782545,-0.022881
1.7.26_AL1,63,611.0,553.0,0,616.29,549.84,0.9931,613.9,550.61,0.9989,0.300919,0.265099,-0.103881,0.296894,0.253446,-0.094132,0.296291,0.253138,-0.094313,0.295785,0.252768,-0.094286,0.295196,0.253807,-0.115824,0.293295,0.25406,-0.116011,0.291304,0.254485,-0.116104,0.285593,0.259204,-0.040423,0.280464,0.260887,-0.13866,0.298363,0.27802,-0.080304,0.296065,0.279168,-0.109733,0.290675,0.337726,0.042574,0.271256,0.33659,-0.179414,0.31324,0.421369,0.078021,0.288505,0.43573,-0.221518,0.338487,0.495266,0.01926,0.319739,0.509824,-0.228919,0.344861,0.519853,0.01512,0.325451,0.532415,-0.255846,0.345688,0.521007,-0.008898,0.330899,0.528417,-0.255957,0.341821,0.509907,0.007925,0.328322,0.519181,-0.229009,0.278085,0.513403,0.067344,0.278433,0.517427,-0.067421,0.250599,0.625438,0.145532,0.323393,0.618731,-0.04021,0.216319,0.727572,0.213413,0.334015,0.743803,0.026278,0.202852,0.744968,0.216697,0.326593,0.768879,0.03081,0.239672,0.772028,0.18064,0.365369,0.783059,-0.016314
1.7.26_AL1,64,611.0,553.0,0,615.05,552.69,0.9873,614.22,551.57,0.9989,0.301116,0.265266,-0.097471,0.297135,0.253774,-0.087473,0.296526,0.253504,-0.087649,0.296025,0.253178,-0.087623,0.295411,0.254048,-0.109532,0.293491,0.25433,-0.109716,0.29154,0.254791,-0.1098,0.285861,0.259404,-0.033974,0.280614,0.260994,-0.133796,0.29858,0.278203,-0.074096,0.296297,0.279461,-0.104005,0.290911,0.338333,0.047652,0.271488,0.336892,-0.176272,0.313289,0.421779,0.080068,0.288678,0.436564,-0.219585,0.338333,0.496034,0.020289,0.319905,0.510717,-0.228316,0.344578,0.520911,0.016885,0.325329,0.533626,-0.255501,0.345411,0.521928,-0.00736,0.330746,0.529619,-0.255613,0.341528,0.51083,0.009015,0.328495,0.520225,-0.228433,0.278091,0.51337,0.067356,0.278735,0.517383,-0.067434,0.250614,0.625712,0.144184,0.323626,0.618692,-0.047377,0.216382,0.72775,0.209415,0.334029,0.744135,0.014644,0.202895,0.745154,0.212454,0.326572,0.769158,0.018875,0.239652,0.77241,0.178816,0.365828,0.783631,-0.025997
1.7.26_AL1,65,611.0,553.0,0,616.09,552.38,0.9926,613.28,553.36,0.9988,0.301394,0.265521,-0.099847,0.297514,0.254141,-0.088838,0.296962,0.253904,-0.089022,0.296533,0.253626,-0.088996,0.295695,0.254466,-0.110861,0.293688,0.254851,-0.111046,0.291729,0.255378,-0.111137,0.286688,0.259945,-0.035825,0.280818,0.261472,-0.135686,0.298976,0.278493,-0.075076,0.296651,0.279781,-0.104913,0.292402,0.341053,0.046539,0.271624,0.338553,-0.177765,0.313812,0.423571,0.077063,0.28883,0.438297,-0.220337,0.338386,0.496758,0.011001,0.319415,0.51237,-0.228717,0.34469,0.521704,0.005789,0.325177,0.534716,-0.255985,0.345545,0.522532,-0.018429,0.330457,0.53043,-0.255974,0.341626,0.511473,-0.000571,0.327744,0.521152,-0.228824,0.278166,0.51453,0.067473,0.27863,0.517996,-0.067545,0.250665,0.627244,0.144452,0.323815,0.61867,-0.04506,0.216424,0.727827,0.210327,0.334025,0.744323,0.020293,0.20292,0.74512,0.213681,0.326546,0.769222,0.024831,0.239669,0.772749,0.180642,0.365738,0.783842,-0.020751
1.7.26_AL1,66,611.0,553.0,0,617.02,553.28,0.9927,613.61,554.44,0.9988,0.301764,0.266345,-0.105518,0.297754,0.255072,-0.094186,0.297249,0.254757,-0.094379,0.296868,0.254375,-0.094356,0.296028,0.255553,-0.115906,0.294191,0.256025,-0.116086,0.292101,0.25663,-0.116178,0.287377,0.261334,-0.037686,0.281166,0.263398,-0.136091,0.299442,0.27925,-0.080265,0.297046,0.280888,-0.109676,0.293401,0.341516,0.044164,0.271704,0.339428,-0.178668,0.314078,0.424035,0.073954,0.288882,0.439562,-0.221086,0.338454,0.49732,0.012696,0.319589,0.513373,-0.228936,0.344777,0.521872,0.008168,0.325203,0.5353,-0.256243,0.345623,0.522712,-0.015793,0.330663,0.530787,-0.256122,0.341687,0.511956,0.00137,0.328107,0.52177,-0.228979,0.27833,0.51505,0.067471,0.278611,0.518204,-0.067542,0.250801,0.627207,0.146292,0.324042,0.618624,-0.047005,0.216437,0.728157,0.213992,0.334033,0.744717,0.02059,0.202945,0.745146,0.217647,0.326349,0.769909,0.025576,0.239687,0.772806,0.189867,0.365809,0.784379,-0.017378
1.7.26_AL1,67,611.0,553.0,0,618.52,552.7,0.9927,614.04,555.62,0.9989,0.302564,0.266864,-0.098258,0.29834,0.255607,-0.088332,0.297799,0.255315,-0.088516,0.297401,0.254958,-0.088494,0.296635,0.255989,-0.110136,0.294925,0.256468,-0.110319,0.292869,0.257051,-0.110407,0.287954,0.261685,-0.035891,0.281929,0.263615,-0.134489,0.299974,0.279801,-0.075057,0.297641,0.281457,-0.104588,0.293757,0.341878,0.044951,0.271841,0.339962,-0.177191,0.314309,0.424547,0.075196,0.288991,0.440233,-0.216678,0.338524,0.497757,0.014526,0.319811,0.51446,-0.220424,0.344736,0.522128,0.010114,0.325416,0.536179,-0.246716,0.345675,0.522887,-0.012812,0.330885,0.531335,-0.246833,0.341746,0.512207,0.003563,0.328305,0.522378,-0.220426,0.278422,0.515341,0.067453,0.279173,0.518683,-0.067524,0.250856,0.627212,0.14636,0.324213,0.618609,-0.045387,0.21645,0.728571,0.212071,0.334174,0.74497,0.019251,0.202966,0.745263,0.215321,0.326354,0.770193,0.023833,0.239695,0.772832,0.186477,0.365859,0.784841,-0.01776
1.7.26_AL1,68,611.0,553.0,0,621.16,552.99,0.9925,614.1,556.96,0.9989,0.303094,0.26723,-0.09711,0.298781,0.255993,-0.087375,0.298173,0.255729,-0.087557,0.297717,0.255406,-0.087534,0.297172,0.256299,-0.109428,0.29556,0.256773,-0.109612,0.293642,0.257338,-0.109705,0.288236,0.262046,-0.035784,0.282677,0.263788,-0.135208,0.300472,0.280141,-0.074376,0.298177,0.281923,-0.104226,0.29388,0.342146,0.045121,0.272076,0.340696,-0.178022,0.314521,0.424561,0.07708,0.289081,0.441234,-0.217533,0.338582,0.498222,0.020874,0.319844,0.515699,-0.219764,0.344799,0.522235,0.018123,0.325601,0.537423,-0.246042,0.345745,0.523098,-0.005499,0.331044,0.532651,-0.245947,0.341772,0.512457,0.009762,0.328438,0.523693,-0.219645,0.278615,0.515788,0.067443,0.279854,0.519261,-0.067514,0.250958,0.627419,0.148728,0.324365,0.618796,-0.041259,0.216548,0.728773,0.215399,0.33418,0.744976,0.023285,0.203234,0.745277,0.21873,0.326433,0.770147,0.027788,0.239626,0.772873,0.189861,0.364935,0.784864,-0.012719
1.7.26_AL1,69,612.0,553.0,0,620.75,552.6,0.9927,614.17,557.9,0.9989,0.303475,0.267877,-0.09821,0.299223,0.256718,-0.088436,0.298675,0.256398,-0.088617,0.298269,0.255997,-0.088592,0.297525,0.257054,-0.110673,0.295966,0.257507,-0.110857,0.294021,0.258014,-0.110948,0.288796,0.26263,-0.036419,0.283155,0.264307,-0.136255,0.300889,0.280813,-0.075239,0.298564,0.282518,-0.105327,0.294476,0.342525,0.044843,0.272305,0.341134,-0.17864,0.314811,0.424741,0.078063,0.289097,0.441972,-0.218443,0.338687,0.49851,0.0265,0.31988,0.516574,-0.221252,0.34495,0.522393,0.024156,0.32577,0.538301,-0.247683,0.345866,0.523254,-3e-06,0.331063,0.533386,-0.247378,0.341786,0.51259,0.015323,0.328605,0.524464,-0.221069,0.278764,0.516046,0.067452,0.279861,0.519571,-0.067523,0.250973,0.62779,0.150415,0.324521,0.618925,-0.041172,0.216559,0.728797,0.218932,0.334212,0.745513,0.023985,0.203254,0.745255,0.222419,0.326437,0.770547,0.028491,0.239639,0.773249,0.193295,0.365469,0.785365,-0.01197
1.7.26_AL1,70,619.0,551.0,0,621.5,551.36,0.9919,614.34,558.38,0.999,0.304056,0.268414,-0.099258,0.299899,0.257165,-0.089562,0.299335,0.25685,-0.089743,0.298927,0.256458,-0.089718,0.298192,0.257465,-0.111759,0.296673,0.257946,-0.111942,0.294729,0.258469,-0.112032,0.289329,0.263051,-0.037179,0.283809,0.264663,-0.136659,0.301385,0.281427,-0.076231,0.299099,0.283101,-0.106279,0.294409,0.342744,0.044601,0.272695,0.342053,-0.179275,0.315062,0.42488,0.078868,0.28922,0.442925,-0.219101,0.33873,0.498637,0.027709,0.319968,0.517016,-0.222144,0.345007,0.522395,0.025396,0.325896,0.539042,-0.248721,0.345906,0.523261,0.001348,0.331179,0.534005,-0.248552,0.341841,0.512675,0.016559,0.328655,0.525012,-0.222004,0.278776,0.516858,0.067627,0.280738,0.520615,-0.067701,0.25122,0.627822,0.150484,0.324687,0.619587,-0.037032,0.21665,0.729246,0.21798,0.334246,0.745746,0.028138,0.203277,0.745431,0.221282,0.326372,0.770763,0.032555,0.239711,0.774013,0.190641,0.36554,0.785644,-0.008197
1.7.26_AL1,71,619.0,552.0,0,619.82,552.51,0.9923,614.6,558.77,0.999,0.304541,0.268849,-0.099206,0.300353,0.257756,-0.089326,0.29987,0.257426,-0.089507,0.299539,0.257004,-0.089482,0.298488,0.258082,-0.1113,0.296958,0.258523,-0.111484,0.295024,0.25902,-0.111572,0.289891,0.263598,-0.036355,0.284208,0.265162,-0.135022,0.301871,0.282009,-0.076052,0.299534,0.283644,-0.105817,0.294855,0.343559,0.045206,0.272757,0.342614,-0.177087,0.31565,0.425352,0.079598,0.289288,0.443467,-0.217005,0.339218,0.49896,0.027721,0.320105,0.517378,-0.22162,0.345392,0.522762,0.025305,0.326015,0.539348,-0.24815,0.346334,0.523649,0.001251,0.331241,0.534233,-0.248102,0.342139,0.513111,0.016576,0.328671,0.525299,-0.221548,0.279158,0.517001,0.067458,0.280592,0.520838,-0.06753,0.251276,0.62812,0.145568,0.324721,0.619683,-0.039603,0.216834,0.729252,0.209829,0.334255,0.746355,0.024412,0.203339,0.745426,0.212794,0.326316,0.771112,0.02885,0.239719,0.774114,0.180879,0.365372,0.786374,-0.012931
1.7.26_AL1,72,616.0,557.0,0,619.71,552.21,0.9922,614.85,559.04,0.999,0.304706,0.269211,-0.099915,0.300587,0.258117,-0.090037,0.300121,0.257793,-0.090219,0.299812,0.257378,-0.090193,0.29873,0.258414,-0.112,0.297238,0.258867,-0.112184,0.295308,0.259336,-0.112273,0.290194,0.263952,-0.036904,0.28462,0.265399,-0.135448,0.302032,0.282456,-0.07669,0.299706,0.283982,-0.106444,0.294963,0.343857,0.044956,0.272875,0.342795,-0.177453,0.315888,0.425736,0.080021,0.289296,0.443622,-0.217541,0.339688,0.499393,0.028778,0.320233,0.517629,-0.221709,0.345905,0.523261,0.026322,0.326094,0.539573,-0.248222,0.346869,0.523955,0.00214,0.331295,0.53429,-0.248228,0.342524,0.513467,0.017574,0.328749,0.525358,-0.221653,0.279175,0.517572,0.067558,0.280527,0.521059,-0.06763,0.251313,0.628686,0.147617,0.324775,0.619919,-0.035541,0.216897,0.729642,0.212943,0.334276,0.747087,0.030924,0.203351,0.745672,0.216067,0.326303,0.771726,0.035659,0.239756,0.774392,0.186474,0.365825,0.786834,-0.004593
1.7.26_AL1,73,617.0,557.0,0,621.3,551.75,0.9917,615.45,559.08,0.999,0.305083,0.269666,-0.099261,0.300988,0.258438,-0.089523,0.300468,0.25811,-0.089703,0.30011,0.257704,-0.089677,0.299204,0.258743,-0.111535,0.297714,0.259235,-0.111717,0.295868,0.259757,-0.111803,0.290483,0.264509,-0.037126,0.285128,0.265822,-0.136004,0.302411,0.282941,-0.076332,0.300204,0.284512,-0.106137,0.294967,0.343959,0.045086,0.273395,0.343063,-0.178049,0.316049,0.426088,0.081263,0.289454,0.443847,-0.218217,0.34001,0.499679,0.031481,0.320549,0.517662,-0.222003,0.346066,0.523763,0.029382,0.326923,0.539643,-0.248589,0.34712,0.524234,0.00511,0.332214,0.534407,-0.248394,0.342736,0.513805,0.020299,0.329729,0.525479,-0.221863,0.279177,0.51756,0.067565,0.28067,0.521272,-0.067637,0.251422,0.629053,0.146383,0.32477,0.619966,-0.03562,0.216911,0.73035,0.209934,0.334285,0.747354,0.029805,0.203363,0.746488,0.212877,0.326226,0.772469,0.034382,0.239791,0.775118,0.182483,0.365843,0.787049,-0.005488
1.7.26_AL1,74,617.0,557.0,0,622.61,552.82,0.9925,615.55,559.09,0.9991,0.305163,0.270011,-0.099594,0.301131,0.258875,-0.089596,0.300648,0.2585,-0.089776,0.300323,0.258032,-0.08975,0.299312,0.259212,-0.11177,0.297821,0.25969,-0.11195,0.295946,0.260153,-0.112033,0.29063,0.264761,-0.037498,0.285258,0.266087,-0.136087,0.3025,0.283218,-0.076389,0.300248,0.284779,-0.106384,0.294965,0.344194,0.045243,0.273551,0.343165,-0.178507,0.316444,0.426296,0.082646,0.289488,0.443857,-0.219489,0.340472,0.500132,0.032703,0.320601,0.517674,-0.224763,0.347012,0.525408,0.030414,0.327037,0.539874,-0.252169,0.347837,0.525641,0.005954,0.33255,0.53477,-0.251608,0.343388,0.515106,0.021429,0.330218,0.525761,-0.224551,0.279369,0.518059,0.067904,0.280918,0.521719,-0.067976,0.251808,0.62917,0.147658,0.324786,0.620583,-0.035498,0.217047,0.73054,0.21349,0.334287,0.747883,0.030647,0.203445,0.746534,0.216767,0.326065,0.773112,0.035345,0.239855,0.775721,0.186442,0.365846,0.787857,-0.00498
1.7.26_AL1,75,617.0,557.0,0,621.24,554.4,0.9883,615.95,559.27,0.9991,0.305352,0.27044,-0.098422,0.301282,0.25923,-0.088484,0.30075,0.2589,-0.088666,0.300385,0.258505,-0.088641,0.299573,0.259522,-0.110779,0.298109,0.260012,-0.110959,0.296326,0.260502,-0.111043,0.290705,0.265362,-0.03635,0.285562,0.266508,-0.136,0.302599,0.283732,-0.075348,0.300456,0.285325,-0.105508,0.294902,0.344428,0.045963,0.273783,0.343716,-0.17875,0.31662,0.42668,0.084132,0.289641,0.444049,-0.219756,0.340717,0.500554,0.034791,0.320808,0.517847,-0.224834,0.347343,0.525489,0.032619,0.327503,0.539898,-0.252225,0.347971,0.525731,0.007947,0.333109,0.534758,-0.251823,0.343431,0.515267,0.023436,0.330536,0.525846,-0.22469,0.27943,0.518175,0.067886,0.280876,0.521885,-0.067958,0.252043,0.62935,0.146324,0.324789,0.620739,-0.035499,0.217054,0.731056,0.21214,0.33429,0.748218,0.030674,0.203458,0.747029,0.215356,0.326065,0.773716,0.035364,0.239861,0.776094,0.184412,0.365991,0.78836,-0.00501
1.7.26_AL1,76,617.0,557.0,0,620.02,555.09,0.9886,616.21,559.31,0.9991,0.305457,0.271262,-0.097826,0.301524,0.259915,-0.087957,0.301008,0.259675,-0.088137,0.300669,0.259396,-0.088112,0.299717,0.260084,-0.110403,0.298236,0.260531,-0.110583,0.296453,0.260994,-0.110668,0.290846,0.265884,-0.035679,0.285731,0.266736,-0.136212,0.302638,0.284404,-0.074701,0.30048,0.285861,-0.105071,0.294848,0.344568,0.046996,0.273901,0.343988,-0.179046,0.316727,0.426685,0.083837,0.289772,0.44425,-0.219735,0.340856,0.500536,0.032775,0.320942,0.517875,-0.221252,0.347437,0.525439,0.030226,0.32776,0.539872,-0.247692,0.348097,0.525699,0.005929,0.333585,0.534717,-0.247173,0.343564,0.515282,0.021408,0.330862,0.525817,-0.220898,0.279471,0.518404,0.067899,0.281301,0.522107,-0.067971,0.252155,0.629363,0.146509,0.324841,0.621178,-0.035424,0.217137,0.731392,0.213052,0.334274,0.748295,0.031389,0.203494,0.747291,0.216344,0.326047,0.773638,0.036173,0.239871,0.776172,0.185091,0.365536,0.788559,-0.003794
1.7.26_AL1,77,617.0,557.0,0,626.55,552.11,0.9919,616.82,559.28,0.9991,0.30548,0.271786,-0.098047,0.301644,0.260649,-0.08838,0.3012,0.26043,-0.088561,0.300932,0.260145,-0.088537,0.29974,0.260762,-0.110804,0.298236,0.261165,-0.110984,0.296447,0.261602,-0.11107,0.291066,0.266405,-0.035711,0.28575,0.267243,-0.135974,0.302663,0.284999,-0.075188,0.300483,0.286336,-0.105503,0.294814,0.345062,0.048351,0.273932,0.344157,-0.178562,0.316731,0.426664,0.084809,0.28982,0.444409,-0.218854,0.340956,0.500523,0.032533,0.321261,0.517848,-0.221302,0.347542,0.525418,0.030178,0.328041,0.539825,-0.248031,0.348258,0.525669,0.005796,0.333852,0.534698,-0.247716,0.343651,0.51526,0.021229,0.331133,0.525801,-0.221073,0.279576,0.519073,0.067947,0.281187,0.522863,-0.06802,0.252162,0.630462,0.146792,0.324893,0.621489,-0.034911,0.217159,0.731408,0.213651,0.334278,0.748606,0.032484,0.2035,0.747376,0.216958,0.326053,0.773642,0.037304,0.239879,0.776998,0.185477,0.365933,0.7891,-0.003504
1.7.26_AL1,78,617.0,557.0,0,627.67,552.81,0.9918,619.21,559.22,0.9991,0.305565,0.272236,-0.09849,0.301697,0.261021,-0.088835,0.301239,0.260781,-0.089015,0.300957,0.26048,-0.088991,0.299813,0.261161,-0.111184,0.298296,0.261601,-0.111364,0.296529,0.262086,-0.111451,0.291107,0.266977,-0.036066,0.285825,0.26777,-0.136219,0.302841,0.285326,-0.075569,0.300655,0.2869,-0.105799,0.294773,0.345358,0.048048,0.274107,0.344388,-0.178677,0.316839,0.426851,0.083993,0.290155,0.444998,-0.21942,0.341102,0.500854,0.028671,0.322503,0.517797,-0.221402,0.347919,0.525366,0.025727,0.32897,0.539808,-0.248322,0.348605,0.525651,0.001424,0.335028,0.534656,-0.248241,0.34382,0.515419,0.017325,0.332211,0.52578,-0.221336,0.279593,0.519163,0.067896,0.281326,0.523168,-0.067969,0.252356,0.630516,0.143611,0.324901,0.621849,-0.034534,0.217168,0.732095,0.207026,0.334362,0.749362,0.03261,0.203518,0.748171,0.20988,0.326091,0.774793,0.037384,0.239846,0.777317,0.176539,0.365707,0.789315,-0.00365
1.7.26_AL1,79,617.0,557.0,0,627.54,552.22,0.9919,620.89,559.31,0.9991,0.305574,0.272797,-0.098916,0.30172,0.261583,-0.089215,0.301287,0.26129,-0.089395,0.301032,0.260915,-0.089372,0.299816,0.261752,-0.111519,0.298296,0.262204,-0.111699,0.296523,0.262682,-0.111785,0.291121,0.267494,-0.03633,0.285833,0.268416,-0.136393,0.302855,0.285856,-0.075892,0.300653,0.287404,-0.106058,0.294687,0.345489,0.04786,0.274225,0.344586,-0.178853,0.316852,0.427534,0.08491,0.290335,0.445219,-0.219529,0.341242,0.501656,0.032118,0.323381,0.517881,-0.222017,0.348029,0.526681,0.02937,0.330331,0.540002,-0.248978,0.348803,0.526666,0.005257,0.336096,0.534859,-0.248832,0.344165,0.516229,0.020913,0.333251,0.525858,-0.221928,0.279683,0.519375,0.067928,0.281533,0.523368,-0.068003,0.252639,0.630639,0.144273,0.32494,0.62223,-0.034515,0.217292,0.732306,0.208808,0.334393,0.749453,0.03292,0.203532,0.748391,0.211705,0.326069,0.774701,0.037744,0.239914,0.777722,0.178093,0.365871,0.789473,-0.003497
1.7.26_AL1,80,617.0,557.0,0,626.21,551.26,0.9919,621.27,559.32,0.9991,0.305631,0.27306,-0.096839,0.301762,0.261829,-0.087249,0.30131,0.261556,-0.087427,0.301038,0.261211,-0.087403,0.299885,0.261971,-0.109742,0.298329,0.262404,-0.109921,0.296569,0.262895,-0.110006,0.291107,0.267604,-0.035344,0.285889,0.268526,-0.136208,0.302883,0.286128,-0.074069,0.300719,0.287705,-0.104491,0.294443,0.345586,0.048505,0.274328,0.345199,-0.178965,0.316814,0.427713,0.086028,0.290656,0.445477,-0.219588,0.341285,0.501629,0.034042,0.323576,0.517888,-0.222446,0.348153,0.526609,0.031626,0.330381,0.539981,-0.249422,0.348876,0.526695,0.007239,0.33615,0.534977,-0.249223,0.344175,0.516211,0.02272,0.33338,0.526032,-0.222341,0.279707,0.51941,0.067982,0.281704,0.523672,-0.068058,0.252636,0.631317,0.144715,0.324971,0.622529,-0.031335,0.217363,0.732461,0.209955,0.334418,0.749789,0.034915,0.203544,0.748703,0.212989,0.326134,0.775048,0.039501,0.239918,0.778428,0.179711,0.365803,0.78987,-0.002712
1.7.26_AL1,81,617.0,557.0,0,624.98,555.95,0.9891,623.89,559.48,0.9991,0.305675,0.273543,-0.103378,0.301825,0.26231,-0.093469,0.301428,0.262011,-0.093643,0.301211,0.261619,-0.093616,0.299889,0.2625,-0.115443,0.298325,0.262914,-0.115617,0.296563,0.263441,-0.115695,0.29113,0.268251,-0.039374,0.285894,0.26924,-0.138543,0.302917,0.286407,-0.079592,0.300721,0.288027,-0.109365,0.294184,0.345564,0.04607,0.274594,0.345588,-0.180015,0.316845,0.427983,0.081549,0.291173,0.446429,-0.2198,0.341448,0.502166,0.026704,0.32494,0.51804,-0.222425,0.348684,0.5269,0.023471,0.331646,0.540562,-0.249267,0.349186,0.527264,-0.000545,0.337335,0.535812,-0.249075,0.344421,0.516986,0.015467,0.334553,0.526749,-0.222278,0.279727,0.519478,0.067963,0.28193,0.52379,-0.068042,0.252653,0.631949,0.145061,0.324978,0.62272,-0.028444,0.217375,0.732956,0.210534,0.334422,0.750089,0.03969,0.203549,0.749016,0.213554,0.326138,0.775188,0.044366,0.239883,0.778707,0.180506,0.365631,0.790025,0.001401
1.7.26_AL1,82,617.0,557.0,0,624.18,555.75,0.9892,623.89,559.54,0.9991,0.3058,0.273934,-0.103598,0.301932,0.262648,-0.093702,0.301521,0.262325,-0.093878,0.30128,0.261932,-0.093851,0.300044,0.263042,-0.115884,0.298388,0.263537,-0.116059,0.296626,0.2641,-0.116141,0.291206,0.268633,-0.039656,0.285982,0.269715,-0.140102,0.303098,0.286738,-0.079803,0.300879,0.288359,-0.109837,0.294169,0.346322,0.046046,0.274633,0.346085,-0.182011,0.316691,0.42812,0.081456,0.291299,0.446654,-0.220781,0.341379,0.502152,0.025292,0.324942,0.518093,-0.2227,0.348575,0.526879,0.021913,0.331783,0.540383,-0.249576,0.349185,0.527248,-0.00236,0.337416,0.53569,-0.249365,0.34442,0.516948,0.013894,0.334604,0.526729,-0.222558,0.279876,0.519772,0.068113,0.281594,0.524045,-0.068193,0.252654,0.632727,0.145033,0.325002,0.623709,-0.029004,0.217377,0.733328,0.211112,0.334423,0.750472,0.039416,0.203555,0.749612,0.214227,0.326161,0.775442,0.044117,0.239888,0.779435,0.180553,0.365636,0.790123,0.000721
1.7.26_AL1,83,623.0,559.0,0,624.38,556.16,0.9893,624.56,559.82,0.9991,0.305761,0.274354,-0.10423,0.301916,0.26308,-0.094303,0.301518,0.26272,-0.094479,0.301278,0.262271,-0.094453,0.299994,0.263466,-0.116458,0.298355,0.263961,-0.116634,0.296576,0.264487,-0.116716,0.291181,0.269099,-0.040268,0.285936,0.270179,-0.140543,0.303055,0.287207,-0.080462,0.300828,0.288724,-0.110459,0.294165,0.346532,0.045743,0.274677,0.346348,-0.182794,0.316757,0.428491,0.081932,0.29152,0.446912,-0.221394,0.34138,0.50248,0.028977,0.325294,0.518354,-0.222761,0.348624,0.526894,0.026389,0.332081,0.54066,-0.249599,0.349239,0.527345,0.001744,0.337622,0.536059,-0.249441,0.344413,0.517126,0.017565,0.334816,0.527158,-0.222651,0.279886,0.519902,0.06815,0.281618,0.524277,-0.06823,0.252646,0.633335,0.145154,0.325021,0.624255,-0.02933,0.217389,0.733559,0.211806,0.334456,0.750812,0.041551,0.203562,0.749627,0.215085,0.326203,0.775559,0.046669,0.239853,0.779395,0.182372,0.365924,0.790352,0.004685
1.7.26_AL1,84,623.0,559.0,0,622.03,553.57,0.9893,625.75,559.86,0.9991,0.305726,0.274633,-0.104196,0.301886,0.263318,-0.094283,0.301481,0.263001,-0.094459,0.301238,0.262608,-0.094433,0.299959,0.263639,-0.116471,0.298333,0.264113,-0.116647,0.296555,0.26462,-0.11673,0.291121,0.269258,-0.040459,0.28592,0.270278,-0.141131,0.303002,0.287406,-0.080442,0.300751,0.288966,-0.110459,0.293582,0.346462,0.045754,0.27481,0.346719,-0.184094,0.316642,0.4285,0.081851,0.291646,0.447287,-0.221731,0.341327,0.5025,0.027605,0.325913,0.518389,-0.221309,0.348619,0.526852,0.024928,0.332917,0.540691,-0.247738,0.349243,0.527342,0.000528,0.338035,0.536169,-0.247009,0.344381,0.517118,0.016212,0.335236,0.527239,-0.220816,0.279882,0.520268,0.068323,0.281974,0.524764,-0.068408,0.252706,0.63333,0.14579,0.325035,0.624632,-0.025163,0.217439,0.734003,0.212088,0.334461,0.751087,0.046656,0.203566,0.750152,0.215391,0.326204,0.775775,0.051811,0.239856,0.779623,0.183027,0.366134,0.790761,0.011123
1.7.26_AL1,85,623.0,559.0,0,625.03,555.9,0.9894,626.14,559.87,0.9991,0.305718,0.275001,-0.102948,0.30188,0.263666,-0.093061,0.301477,0.263352,-0.093238,0.301235,0.26295,-0.093213,0.299953,0.263958,-0.115319,0.298314,0.264414,-0.115496,0.296551,0.264959,-0.11558,0.291051,0.269819,-0.039394,0.285917,0.270865,-0.140222,0.303001,0.287633,-0.079265,0.30075,0.289293,-0.109376,0.293433,0.346527,0.046638,0.274817,0.347199,-0.183175,0.31662,0.428554,0.084436,0.29179,0.447357,-0.220983,0.341344,0.502591,0.031215,0.326113,0.518399,-0.221345,0.348651,0.526809,0.028605,0.333052,0.54068,-0.247901,0.349361,0.527311,0.004134,0.338303,0.536055,-0.247256,0.344445,0.517123,0.019835,0.335535,0.52723,-0.220905,0.2799,0.520638,0.068324,0.281772,0.525215,-0.068409,0.252693,0.633995,0.144545,0.325037,0.625091,-0.025432,0.217468,0.734121,0.20965,0.334463,0.751098,0.044913,0.203571,0.750171,0.21279,0.326205,0.775715,0.049936,0.23986,0.779869,0.179656,0.366062,0.790926,0.008699
1.7.26_AL1,86,623.0,559.0,0,627.43,556.5,0.9893,626.54,559.88,0.9991,0.305707,0.275307,-0.103442,0.301857,0.263969,-0.093409,0.301442,0.263692,-0.09359,0.301185,0.263347,-0.093565,0.299935,0.264258,-0.115703,0.298275,0.264742,-0.115881,0.296527,0.26532,-0.115968,0.291046,0.270102,-0.039465,0.285913,0.27113,-0.140372,0.302998,0.288043,-0.079709,0.300747,0.289659,-0.109888,0.29359,0.347823,0.045605,0.274768,0.347592,-0.183304,0.316644,0.429202,0.081486,0.291858,0.447568,-0.222336,0.34153,0.504008,0.024593,0.326324,0.518406,-0.224465,0.349068,0.528376,0.020983,0.33332,0.540662,-0.251684,0.349809,0.528933,-0.003947,0.33883,0.536036,-0.251048,0.344807,0.518602,0.012953,0.33605,0.527224,-0.224098,0.28005,0.521067,0.068272,0.281163,0.525575,-0.068353,0.252741,0.634445,0.14494,0.325033,0.625029,-0.037382,0.217478,0.734525,0.213894,0.334499,0.751133,0.036358,0.203573,0.750631,0.217367,0.326367,0.775788,0.041824,0.239863,0.779983,0.183277,0.366027,0.791248,-0.00068
1.7.26_AL1,87,623.0,559.0,0,630.39,556.08,0.9895,626.49,559.99,0.9991,0.305621,0.275723,-0.100042,0.301772,0.264407,-0.090229,0.301386,0.264089,-0.090406,0.301151,0.263674,-0.090381,0.299796,0.264719,-0.112294,0.298157,0.265186,-0.11247,0.29635,0.265682,-0.112547,0.291001,0.270256,-0.037805,0.285839,0.271347,-0.137751,0.302848,0.288563,-0.07701,0.300552,0.290044,-0.106906,0.293587,0.347833,0.046538,0.274776,0.347582,-0.181938,0.316694,0.429658,0.085569,0.291869,0.447521,-0.22218,0.341578,0.504534,0.037127,0.326299,0.51851,-0.224709,0.349078,0.528702,0.034876,0.333206,0.540741,-0.251983,0.349801,0.529468,0.010349,0.338724,0.536302,-0.251318,0.344823,0.519343,0.025908,0.335998,0.527661,-0.22436,0.28005,0.521128,0.068277,0.281204,0.525638,-0.068358,0.252742,0.634569,0.141545,0.325038,0.62545,-0.03835,0.217484,0.734897,0.204196,0.334502,0.751594,0.03158,0.203578,0.751199,0.207009,0.326223,0.776165,0.036659,0.239935,0.78029,0.175085,0.366165,0.791534,-0.00378
1.7.26_AL1,88,623.0,559.0,0,628.85,555.94,0.9901,626.42,559.95,0.9991,0.305613,0.275994,-0.100133,0.301701,0.26461,-0.090367,0.301285,0.264318,-0.090544,0.30102,0.263939,-0.090519,0.299747,0.264868,-0.112447,0.298122,0.265313,-0.112624,0.29633,0.265787,-0.112702,0.290819,0.270337,-0.038125,0.28582,0.271396,-0.138202,0.302773,0.288865,-0.077101,0.300478,0.290288,-0.107019,0.293147,0.347778,0.046372,0.274793,0.34787,-0.18212,0.316585,0.42983,0.084913,0.291867,0.447566,-0.22151,0.341357,0.504467,0.036061,0.326261,0.518475,-0.220543,0.348718,0.528668,0.033982,0.333309,0.540638,-0.24706,0.349707,0.529421,0.010091,0.338704,0.536006,-0.246081,0.344705,0.519273,0.025063,0.335996,0.527501,-0.219959,0.280021,0.52167,0.068287,0.281316,0.526392,-0.06837,0.252761,0.634925,0.147829,0.325043,0.625921,-0.032847,0.217495,0.735119,0.217493,0.334516,0.751924,0.038831,0.203594,0.751522,0.221225,0.326223,0.776445,0.04405,0.239961,0.780494,0.191377,0.366394,0.791798,0.004087
1.7.26_AL1,89,623.0,559.0,0,628.34,554.7,0.99,626.51,560.06,0.9991,0.305509,0.276108,-0.099948,0.301678,0.264822,-0.089939,0.301283,0.264514,-0.090116,0.301022,0.264101,-0.09009,0.29964,0.2651,-0.112015,0.297985,0.265522,-0.112194,0.296211,0.266004,-0.112274,0.290816,0.270579,-0.036133,0.285768,0.271765,-0.13604,0.302739,0.289062,-0.076538,0.300399,0.290581,-0.106446,0.293145,0.348495,0.048618,0.274797,0.347924,-0.179716,0.316586,0.430654,0.088088,0.291824,0.447602,-0.220644,0.341355,0.505054,0.039615,0.326305,0.518576,-0.220799,0.348707,0.528773,0.037666,0.333277,0.54067,-0.247355,0.349728,0.529592,0.013443,0.338694,0.53613,-0.246478,0.344803,0.51972,0.028488,0.336051,0.527812,-0.220261,0.280038,0.521789,0.06828,0.281322,0.526581,-0.068362,0.252765,0.634996,0.1411,0.325045,0.626118,-0.041543,0.217498,0.735436,0.202802,0.334505,0.752125,0.025108,0.203605,0.751818,0.205586,0.326218,0.776615,0.029859,0.239963,0.780795,0.174186,0.366742,0.792257,-0.011407
1.7.26_AL1,90,623.0,559.0,0,628.25,555.18,0.9906,626.49,560.04,0.9991,0.305436,0.276394,-0.099514,0.301632,0.265107,-0.089729,0.301226,0.264827,-0.089907,0.300954,0.264454,-0.089882,0.299598,0.265328,-0.111811,0.297925,0.265734,-0.11199,0.296155,0.266204,-0.112072,0.290763,0.270697,-0.036285,0.285688,0.271844,-0.136245,0.302624,0.289396,-0.076341,0.300282,0.290875,-0.106257,0.293141,0.348574,0.048559,0.274792,0.348042,-0.17981,0.316569,0.430837,0.087571,0.291807,0.447738,-0.220612,0.341343,0.505221,0.039372,0.326295,0.518552,-0.221112,0.348701,0.528701,0.037417,0.333212,0.540619,-0.247732,0.349733,0.529556,0.013165,0.338632,0.53612,-0.246919,0.344861,0.519822,0.028237,0.336024,0.527795,-0.22061,0.280037,0.521794,0.068259,0.281322,0.526611,-0.068341,0.252765,0.635373,0.140459,0.325039,0.62616,-0.041181,0.21751,0.736007,0.202416,0.334503,0.752248,0.02547,0.203602,0.752344,0.205239,0.326182,0.776803,0.0302,0.239968,0.781746,0.173856,0.366173,0.792535,-0.010988
1.7.26_AL1,91,623.0,559.0,0,628.51,555.26,0.9905,626.47,560.12,0.9991,0.305348,0.276887,-0.09961,0.301522,0.265518,-0.090016,0.301112,0.265214,-0.090193,0.300834,0.264814,-0.09017,0.299513,0.265736,-0.111923,0.297862,0.266154,-0.112102,0.296125,0.266643,-0.112182,0.290655,0.271361,-0.037225,0.285631,0.272421,-0.136348,0.302587,0.289758,-0.076526,0.300257,0.291402,-0.106293,0.292954,0.348632,0.046627,0.274668,0.348046,-0.179703,0.316549,0.43113,0.082766,0.291722,0.447729,-0.220323,0.341519,0.505226,0.033124,0.326286,0.518626,-0.221278,0.348849,0.529217,0.030443,0.333176,0.540615,-0.247785,0.350026,0.529814,0.006947,0.338579,0.536089,-0.247055,0.345234,0.519917,0.022194,0.335988,0.527776,-0.220813,0.28005,0.522587,0.067854,0.281366,0.526975,-0.067939,0.252839,0.635663,0.137601,0.325032,0.626404,-0.036177,0.217519,0.737019,0.192935,0.334473,0.752543,0.026922,0.20357,0.753169,0.195024,0.326094,0.777189,0.031665,0.239983,0.783164,0.161872,0.366197,0.792764,-0.010007
1.7.26_AL1,92,623.0,559.0,0,629.88,555.01,0.9901,626.42,560.13,0.9991,0.305347,0.277082,-0.099963,0.301511,0.265655,-0.090261,0.301093,0.265367,-0.09044,0.300797,0.264996,-0.090415,0.299514,0.265901,-0.1124,0.297855,0.266316,-0.112582,0.296115,0.266838,-0.112664,0.290621,0.271452,-0.037245,0.285625,0.272554,-0.137356,0.302586,0.28999,-0.076746,0.300262,0.291621,-0.106804,0.292996,0.349679,0.046587,0.27464,0.348142,-0.180348,0.316542,0.431644,0.083277,0.291702,0.447853,-0.221179,0.341517,0.505176,0.033099,0.326259,0.518637,-0.224388,0.348845,0.529069,0.030442,0.333142,0.540433,-0.251478,0.35002,0.52977,0.006759,0.33856,0.535696,-0.250786,0.345225,0.519862,0.022095,0.335964,0.527668,-0.224003,0.280045,0.522632,0.067866,0.280893,0.526946,-0.06795,0.252888,0.635806,0.137625,0.325034,0.626944,-0.03835,0.2175,0.737279,0.196457,0.334474,0.752993,0.027047,0.203557,0.753461,0.198921,0.326105,0.777725,0.031783,0.239966,0.783155,0.164503,0.36615,0.793208,-0.011885
1.7.26_AL1,93,623.0,559.0,0,632.44,551.78,0.9915,626.39,560.16,0.9991,0.305214,0.277738,-0.103047,0.301339,0.266223,-0.09364,0.300917,0.265982,-0.093819,0.30063,0.265679,-0.093795,0.299379,0.266455,-0.115572,0.297782,0.26688,-0.115748,0.296029,0.267373,-0.115824,0.290539,0.272061,-0.040915,0.285467,0.273166,-0.140041,0.302343,0.290616,-0.079693,0.300017,0.292201,-0.109452,0.292192,0.34965,0.044562,0.274647,0.348183,-0.181753,0.31655,0.43184,0.083132,0.291664,0.447835,-0.222909,0.341802,0.505247,0.033637,0.326245,0.518666,-0.226064,0.34921,0.529105,0.031041,0.333113,0.5405,-0.253083,0.350234,0.529883,0.007265,0.338533,0.535764,-0.252372,0.345461,0.520102,0.022622,0.335937,0.52772,-0.225673,0.280002,0.523106,0.067867,0.281175,0.527078,-0.067952,0.252926,0.636202,0.142186,0.325043,0.627566,-0.020192,0.217518,0.737827,0.206203,0.334465,0.75372,0.053201,0.203561,0.753614,0.209353,0.32601,0.778243,0.058464,0.240183,0.784162,0.177178,0.366152,0.793926,0.017774
1.7.26_AL1,94,623.0,559.0,0,632.39,555.39,0.9903,627.15,560.21,0.9991,0.305169,0.278305,-0.104372,0.301317,0.266897,-0.094502,0.300895,0.266663,-0.094682,0.300608,0.266382,-0.094657,0.299351,0.267075,-0.116621,0.297685,0.267419,-0.1168,0.295915,0.267821,-0.116885,0.290536,0.272509,-0.040878,0.28534,0.273492,-0.140161,0.302312,0.291121,-0.080355,0.299976,0.29248,-0.110323,0.292195,0.350788,0.045658,0.274632,0.348499,-0.181827,0.31654,0.432271,0.085227,0.29169,0.448163,-0.222888,0.341801,0.505284,0.033787,0.326641,0.518716,-0.226032,0.349204,0.52907,0.031169,0.333627,0.540454,-0.253063,0.350259,0.529871,0.007176,0.338774,0.535715,-0.252306,0.345468,0.52006,0.022657,0.336126,0.52771,-0.225598,0.280002,0.523821,0.067957,0.28093,0.527598,-0.06804,0.252923,0.637263,0.142358,0.325006,0.628177,-0.023515,0.217507,0.738171,0.206713,0.334461,0.754445,0.047695,0.203564,0.754002,0.209925,0.326063,0.77928,0.052541,0.240185,0.784234,0.177461,0.366154,0.794427,0.005961
1.7.26_AL1,95,623.0,559.0,0,629.99,555.37,0.9904,627.34,560.3,0.9991,0.304827,0.278782,-0.104068,0.301162,0.267429,-0.094023,0.300824,0.267169,-0.094202,0.300586,0.266836,-0.094176,0.299032,0.26758,-0.116098,0.297397,0.267952,-0.116278,0.295552,0.268335,-0.11636,0.290401,0.273046,-0.039501,0.284893,0.274084,-0.138693,0.302118,0.291492,-0.079887,0.299611,0.293026,-0.109787,0.292208,0.350735,0.047183,0.274617,0.348683,-0.180786,0.316543,0.432224,0.086892,0.291589,0.448206,-0.2225,0.341995,0.505283,0.035997,0.326737,0.518798,-0.225999,0.349282,0.529166,0.03356,0.333934,0.54054,-0.253018,0.350335,0.529891,0.009554,0.3391,0.535737,-0.252298,0.34566,0.520119,0.024896,0.336335,0.527716,-0.225577,0.279999,0.523861,0.06797,0.280932,0.527669,-0.068053,0.252926,0.637411,0.137647,0.324996,0.628221,-0.035064,0.217508,0.73841,0.196842,0.334462,0.754484,0.035628,0.203555,0.75455,0.199453,0.326059,0.779435,0.040812,0.240167,0.784326,0.167463,0.366426,0.794688,-0.000832
1.7.26_AL1,96,623.0,559.0,0,629.62,556.26,0.9908,627.29,560.48,0.9991,0.304705,0.279335,-0.104026,0.301108,0.26782,-0.094067,0.300758,0.267542,-0.094247,0.300511,0.26722,-0.094221,0.298964,0.268041,-0.116074,0.297291,0.268413,-0.116254,0.295439,0.268797,-0.116336,0.290376,0.273372,-0.040296,0.284838,0.274364,-0.138741,0.302055,0.291876,-0.08002,0.299563,0.293349,-0.109796,0.292225,0.351292,0.045208,0.274607,0.34938,-0.180742,0.316565,0.432703,0.084587,0.291592,0.44878,-0.221626,0.342052,0.505305,0.034854,0.326711,0.518963,-0.224017,0.349702,0.529121,0.032606,0.333914,0.54069,-0.250461,0.350537,0.529866,0.008641,0.339058,0.535872,-0.249846,0.345762,0.520149,0.023819,0.336312,0.527911,-0.223601,0.279852,0.524388,0.06754,0.281018,0.528025,-0.067627,0.252925,0.6376,0.138328,0.324996,0.628363,-0.031731,0.217522,0.738596,0.19832,0.334431,0.754507,0.039104,0.203557,0.754793,0.200977,0.326052,0.77944,0.044264,0.240123,0.784583,0.168783,0.365925,0.794854,0.003964
1.7.26_AL1,97,623.0,559.0,0,629.77,557.73,0.9907,627.12,560.48,0.9991,0.304392,0.279516,-0.103147,0.300858,0.268142,-0.093371,0.300569,0.267839,-0.093552,0.300384,0.267471,-0.093527,0.298676,0.268386,-0.115049,0.297071,0.268798,-0.115228,0.295184,0.269186,-0.115309,0.290136,0.273846,-0.040211,0.284624,0.274984,-0.137692,0.301835,0.292109,-0.079552,0.299326,0.293669,-0.108939,0.292233,0.351266,0.044691,0.274574,0.349569,-0.179076,0.316564,0.432681,0.0843,0.291336,0.448861,-0.220234,0.342255,0.505306,0.035068,0.326626,0.518961,-0.224008,0.349896,0.52919,0.032735,0.333769,0.540713,-0.250481,0.350725,0.529964,0.008809,0.339027,0.535914,-0.249869,0.34599,0.520248,0.024081,0.336303,0.527922,-0.223607,0.279807,0.524598,0.067172,0.281029,0.528306,-0.067256,0.252925,0.63788,0.138458,0.324997,0.628304,-0.03207,0.217547,0.738666,0.199117,0.334438,0.754676,0.037996,0.203549,0.754919,0.201837,0.326004,0.779541,0.043135,0.240074,0.784679,0.169895,0.365955,0.795294,0.003546
1.7.26_AL1,98,623.0,559.0,0,629.15,557.74,0.9907,627.01,560.84,0.9991,0.304193,0.280191,-0.103482,0.300646,0.268609,-0.093871,0.300306,0.268315,-0.094051,0.300085,0.267976,-0.094027,0.29847,0.268851,-0.11572,0.296895,0.269218,-0.115898,0.295015,0.269595,-0.115977,0.289857,0.274165,-0.041362,0.284463,0.275236,-0.140072,0.301617,0.292702,-0.080044,0.299103,0.294125,-0.109645,0.291838,0.351166,0.043904,0.274553,0.349921,-0.181555,0.316534,0.432677,0.084231,0.291312,0.449031,-0.2225,0.342288,0.505288,0.035285,0.326569,0.519293,-0.224918,0.349946,0.529177,0.033106,0.333713,0.54109,-0.251344,0.350827,0.52995,0.009139,0.339017,0.536253,-0.250622,0.346162,0.520228,0.024289,0.336298,0.528204,-0.224458,0.279618,0.524718,0.067188,0.281187,0.528372,-0.067274,0.252905,0.637929,0.139632,0.324996,0.628583,-0.029005,0.217552,0.739014,0.201439,0.33443,0.754854,0.04433,0.20355,0.755298,0.204303,0.326003,0.779622,0.049695,0.240042,0.784644,0.172708,0.36555,0.795618,0.010124
1.7.26_AL1,99,623.0,559.0,0,630.02,557.65,0.9905,626.97,561.0,0.9991,0.304075,0.280269,-0.104472,0.300515,0.268763,-0.095026,0.300201,0.268476,-0.095205,0.300001,0.26813,-0.095181,0.298325,0.26898,-0.11663,0.296676,0.269335,-0.116808,0.294816,0.269757,-0.116889,0.289665,0.274408,-0.042803,0.284249,0.275533,-0.140452,0.301562,0.292771,-0.081146,0.299052,0.294265,-0.110428,0.291758,0.351259,0.042109,0.274551,0.350449,-0.181525,0.31657,0.432857,0.081246,0.291312,0.449593,-0.220693,0.342381,0.505272,0.032097,0.326547,0.519446,-0.221664,0.350182,0.529147,0.029814,0.333683,0.541185,-0.247843,0.351114,0.529902,0.006001,0.338984,0.536306,-0.247258,0.346545,0.520205,0.021172,0.33628,0.528277,-0.221275,0.279638,0.525551,0.067078,0.281277,0.529197,-0.067166,0.252873,0.638398,0.141588,0.32495,0.629004,-0.025601,0.217469,0.739039,0.206723,0.334392,0.755057,0.04459,0.203518,0.7554,0.20996,0.325989,0.779696,0.049534,0.239467,0.784689,0.17674,0.365335,0.795567,0.007998
1.7.26_AL1,100,623.0,559.0,0,629.95,557.93,0.9904,627.07,560.99,0.9991,0.303972,0.280438,-0.104202,0.300359,0.268906,-0.094799,0.300015,0.268639,-0.094976,0.299791,0.268323,-0.09495,0.298172,0.2691,-0.116482,0.296522,0.26947,-0.116659,0.294693,0.269905,-0.116738,0.289485,0.274542,-0.042781,0.284185,0.275616,-0.140433,0.301432,0.293007,-0.080945,0.298923,0.294486,-0.11032,0.291754,0.351252,0.042136,0.274546,0.350752,-0.181562,0.316551,0.432873,0.08129,0.291309,0.449821,-0.220763,0.342382,0.5055,0.031148,0.326599,0.519439,-0.221926,0.350175,0.529215,0.028611,0.333718,0.541178,-0.24823,0.351179,0.529951,0.004667,0.339093,0.536305,-0.24769,0.346598,0.520324,0.020147,0.336395,0.528269,-0.221557,0.279603,0.525484,0.067096,0.280971,0.529142,-0.067184,0.252882,0.638532,0.140179,0.324939,0.629242,-0.028889,0.217302,0.739468,0.202799,0.334392,0.755759,0.039281,0.203329,0.755804,0.205613,0.325991,0.780542,0.043894,0.239033,0.784762,0.171183,0.365367,0.795897,1.4e-05
1.7.26_AL1,101,623.0,559.0,0,629.18,557.51,0.9903,626.91,561.06,0.9991,0.303836,0.280813,-0.104143,0.300237,0.26922,-0.094738,0.299877,0.268961,-0.094915,0.299644,0.268664,-0.09489,0.298047,0.269408,-0.11646,0.296401,0.269778,-0.116638,0.294586,0.27021,-0.116717,0.289226,0.27485,-0.043181,0.284058,0.275829,-0.14043,0.301257,0.293348,-0.080897,0.298757,0.294801,-0.110264,0.291761,0.351459,0.041825,0.274546,0.351385,-0.181523,0.316551,0.433112,0.081115,0.291219,0.450044,-0.219687,0.342425,0.505482,0.031159,0.326516,0.519502,-0.219988,0.350311,0.529202,0.028662,0.333686,0.541185,-0.245949,0.351302,0.529798,0.004725,0.339081,0.536297,-0.245388,0.346828,0.520313,0.020167,0.336375,0.528262,-0.219582,0.279559,0.525882,0.067062,0.281062,0.529497,-0.067152,0.252859,0.638962,0.139929,0.324887,0.629506,-0.021616,0.21727,0.73991,0.20128,0.334389,0.755936,0.043041,0.203321,0.75626,0.203951,0.325993,0.780716,0.047231,0.239045,0.785178,0.169527,0.365438,0.795912,0.003001
1.7.26_AL1,102,623.0,559.0,0,627.66,557.34,0.9906,626.88,561.08,0.9991,0.303722,0.280952,-0.104011,0.300071,0.269448,-0.094633,0.299706,0.269191,-0.09481,0.299471,0.268885,-0.094784,0.297933,0.269612,-0.116412,0.29633,0.269988,-0.116589,0.294529,0.270402,-0.116667,0.289004,0.275145,-0.043104,0.283938,0.276144,-0.140429,0.301114,0.293568,-0.080756,0.298668,0.295118,-0.110206,0.291438,0.35149,0.042518,0.274542,0.351514,-0.181593,0.316512,0.433091,0.082711,0.291153,0.45008,-0.220086,0.342588,0.505537,0.033245,0.326502,0.519516,-0.221522,0.35051,0.529196,0.030827,0.333805,0.541151,-0.248071,0.351425,0.529777,0.00667,0.339098,0.536264,-0.247333,0.347002,0.520421,0.022153,0.336373,0.528256,-0.221124,0.279388,0.525948,0.067331,0.281072,0.5297,-0.067421,0.252859,0.63921,0.140778,0.324853,0.629476,-0.022826,0.217254,0.740164,0.204587,0.334354,0.756669,0.042396,0.203173,0.756583,0.207566,0.325975,0.781695,0.04669,0.239051,0.785861,0.173714,0.36572,0.796455,0.002803
1.7.26_AL1,103,623.0,559.0,0,628.07,557.13,0.9906,626.11,560.99,0.9991,0.303566,0.281677,-0.104302,0.299949,0.270179,-0.094754,0.299589,0.269893,-0.094931,0.299366,0.269575,-0.094905,0.297732,0.270421,-0.116556,0.296125,0.270749,-0.116735,0.294284,0.27112,-0.116814,0.289008,0.275653,-0.042937,0.283815,0.276647,-0.140335,0.301031,0.294241,-0.080812,0.298514,0.295562,-0.110296,0.29147,0.352151,0.043292,0.274529,0.351694,-0.181531,0.316514,0.433501,0.082729,0.29107,0.450112,-0.220686,0.342689,0.505527,0.031602,0.326101,0.519435,-0.223373,0.350646,0.529173,0.028969,0.333221,0.541006,-0.250061,0.351483,0.529804,0.00474,0.338939,0.536093,-0.248923,0.34703,0.520478,0.020405,0.336207,0.528133,-0.222798,0.279377,0.526192,0.067336,0.281218,0.529759,-0.067425,0.252882,0.639239,0.138678,0.324811,0.629561,-0.023625,0.217257,0.740506,0.199136,0.334276,0.756828,0.037582,0.203174,0.757222,0.201672,0.325943,0.781861,0.041478,0.239062,0.78589,0.166075,0.365542,0.797025,-0.004125
1.7.26_AL1,104,623.0,559.0,0,627.69,556.0,0.9907,626.0,560.99,0.9991,0.303436,0.28179,-0.104269,0.299799,0.270302,-0.094718,0.299449,0.270037,-0.094896,0.29924,0.269736,-0.094869,0.297626,0.270524,-0.116546,0.296056,0.27088,-0.116724,0.294223,0.271276,-0.116805,0.288893,0.275957,-0.042882,0.283703,0.277001,-0.140134,0.300934,0.294355,-0.080788,0.298437,0.295811,-0.110271,0.291424,0.35211,0.043344,0.274433,0.351811,-0.181228,0.316483,0.43349,0.082777,0.291045,0.450104,-0.220454,0.342713,0.505456,0.0317,0.326041,0.519433,-0.222871,0.350658,0.529077,0.029091,0.333187,0.540976,-0.249416,0.351483,0.529766,0.004899,0.338934,0.536053,-0.248299,0.347021,0.520473,0.020521,0.336192,0.528112,-0.222288,0.279371,0.526145,0.067329,0.281233,0.529731,-0.067418,0.252813,0.639457,0.13819,0.324778,0.629684,-0.024313,0.217238,0.74054,0.198433,0.334271,0.756861,0.037731,0.203175,0.757265,0.201013,0.325946,0.781799,0.04162,0.239068,0.785903,0.166506,0.365366,0.79697,-0.003743
1.7.26_AL1,105,626.0,558.0,0,628.31,555.93,0.9909,625.89,561.02,0.999,0.303348,0.282446,-0.100965,0.299697,0.270798,-0.092004,0.299313,0.270468,-0.092183,0.299072,0.270117,-0.092161,0.297531,0.271104,-0.113347,0.295944,0.271388,-0.11353,0.294117,0.271717,-0.113615,0.288717,0.27615,-0.041899,0.283641,0.277153,-0.137597,0.300807,0.294882,-0.078287,0.298291,0.296196,-0.10718,0.291433,0.352372,0.043294,0.274349,0.352153,-0.178478,0.316578,0.43393,0.080622,0.290948,0.450286,-0.217798,0.342836,0.505616,0.029263,0.325984,0.519461,-0.220979,0.35081,0.529501,0.026475,0.333217,0.540971,-0.247289,0.351684,0.529994,0.002645,0.338922,0.536042,-0.246394,0.347255,0.520651,0.018228,0.336184,0.528106,-0.220532,0.279426,0.526226,0.066859,0.281235,0.529842,-0.066947,0.252831,0.640012,0.137535,0.324642,0.629676,-0.025204,0.217241,0.740707,0.19762,0.334271,0.757062,0.032475,0.203153,0.757333,0.200167,0.325947,0.781876,0.036005,0.239165,0.786754,0.16506,0.365267,0.797118,-0.010325
1.7.26_AL1,106,626.0,558.0,0,628.91,555.68,0.9909,625.89,560.76,0.999,0.303223,0.282538,-0.100137,0.29959,0.270935,-0.090771,0.299225,0.270653,-0.090947,0.299002,0.270357,-0.090924,0.297425,0.271174,-0.112433,0.29586,0.271486,-0.112614,0.294035,0.271846,-0.112696,0.28863,0.276464,-0.038592,0.283474,0.277514,-0.136254,0.30071,0.294982,-0.076908,0.298204,0.296412,-0.10623,0.291396,0.352341,0.047171,0.274262,0.352213,-0.177649,0.316466,0.433915,0.085806,0.290875,0.450271,-0.217943,0.342834,0.505574,0.034303,0.325985,0.519219,-0.221375,0.350818,0.529487,0.031766,0.33324,0.540645,-0.247898,0.351708,0.529916,0.007608,0.338906,0.535664,-0.246743,0.347272,0.520643,0.023105,0.336176,0.527752,-0.220862,0.279427,0.526502,0.066922,0.281315,0.52998,-0.067012,0.252795,0.640085,0.136775,0.324575,0.630037,-0.025749,0.217088,0.740836,0.194669,0.334236,0.757424,0.032535,0.203054,0.757522,0.196954,0.325946,0.782079,0.036128,0.238727,0.786985,0.160666,0.36516,0.797405,-0.010363
1.7.26_AL1,107,626.0,558.0,0,629.83,556.54,0.9907,626.08,560.77,0.999,0.303211,0.282617,-0.103528,0.29959,0.271151,-0.093429,0.299227,0.270898,-0.093609,0.299004,0.27063,-0.09358,0.297424,0.271422,-0.115036,0.295818,0.271772,-0.115221,0.293983,0.272161,-0.115306,0.288727,0.276758,-0.0387,0.283425,0.277856,-0.136351,0.300711,0.295181,-0.079093,0.298201,0.296542,-0.108337,0.291635,0.35329,0.04705,0.274182,0.35246,-0.177728,0.316602,0.434129,0.084653,0.290871,0.450534,-0.218083,0.342883,0.505618,0.026965,0.326086,0.519233,-0.222487,0.350818,0.52947,0.023042,0.333475,0.540642,-0.249513,0.35174,0.529902,-0.001432,0.339031,0.535661,-0.248777,0.347276,0.520634,0.015492,0.33631,0.527748,-0.222141,0.279437,0.526701,0.066889,0.280815,0.530085,-0.066977,0.252749,0.640362,0.133409,0.324513,0.630364,-0.034829,0.216991,0.740961,0.190672,0.334221,0.757679,0.026089,0.202921,0.757591,0.192859,0.325964,0.782507,0.030027,0.238453,0.787135,0.155842,0.365168,0.798157,-0.016766
1.7.26_AL1,108,626.0,558.0,0,630.17,556.36,0.9905,625.85,560.89,0.999,0.302992,0.283,-0.103846,0.299213,0.271454,-0.093879,0.298869,0.271207,-0.094057,0.298673,0.270948,-0.094029,0.297263,0.271811,-0.115578,0.295704,0.272167,-0.115761,0.293799,0.272579,-0.115843,0.288593,0.277246,-0.039379,0.283214,0.278421,-0.137475,0.300457,0.295641,-0.079508,0.297919,0.297017,-0.108872,0.290924,0.353407,0.046979,0.274095,0.352486,-0.178381,0.316514,0.434169,0.08479,0.290865,0.450636,-0.218588,0.342999,0.505673,0.030447,0.325965,0.519339,-0.222494,0.350839,0.529513,0.027759,0.333444,0.540656,-0.249531,0.351769,0.529939,0.003757,0.339007,0.535661,-0.248773,0.347385,0.520755,0.019267,0.336265,0.527746,-0.222178,0.279402,0.527179,0.066972,0.280935,0.530442,-0.067064,0.252797,0.640497,0.13967,0.324515,0.630542,-0.027148,0.217004,0.741147,0.203911,0.334199,0.757967,0.039119,0.202908,0.757799,0.207077,0.325946,0.782745,0.043603,0.238496,0.787455,0.173428,0.365305,0.798818,-0.000253
1.7.26_AL1,109,626.0,558.0,0,631.56,556.42,0.9905,625.71,560.92,0.999,0.302876,0.283083,-0.101556,0.299117,0.271597,-0.092176,0.298791,0.271373,-0.092354,0.29861,0.271131,-0.092327,0.297129,0.271896,-0.113743,0.295474,0.272241,-0.113927,0.293599,0.272658,-0.114007,0.2885,0.277386,-0.039254,0.28306,0.278455,-0.137035,0.300336,0.295807,-0.078076,0.297809,0.297125,-0.107284,0.290897,0.353373,0.046906,0.274096,0.352502,-0.177791,0.316538,0.434268,0.084726,0.290803,0.450678,-0.218099,0.343264,0.505651,0.031808,0.325889,0.519367,-0.222446,0.35134,0.529505,0.029281,0.333518,0.540689,-0.249396,0.352181,0.529956,0.005451,0.339071,0.535652,-0.248572,0.347627,0.520765,0.02079,0.336268,0.527688,-0.222108,0.279399,0.527221,0.066925,0.280942,0.530594,-0.067017,0.2528,0.640569,0.13921,0.32446,0.630888,-0.027072,0.216968,0.741387,0.201604,0.334173,0.758058,0.03918,0.202874,0.758272,0.204468,0.325951,0.782766,0.043651,0.238302,0.787639,0.169669,0.365289,0.798995,-0.000447
1.7.26_AL1,110,626.0,558.0,0,633.45,558.99,0.9905,625.67,560.92,0.999,0.302817,0.283379,-0.102263,0.299071,0.272003,-0.092698,0.298738,0.271743,-0.092878,0.298554,0.271464,-0.092851,0.297034,0.272332,-0.114541,0.295381,0.272614,-0.114724,0.293497,0.272978,-0.114807,0.288492,0.277708,-0.03926,0.283027,0.27874,-0.137822,0.300287,0.295981,-0.078446,0.297733,0.297235,-0.107997,0.290912,0.353737,0.047356,0.274068,0.352554,-0.179065,0.316569,0.434327,0.087199,0.290672,0.450691,-0.219746,0.343406,0.505639,0.035191,0.325868,0.519367,-0.223874,0.351523,0.529452,0.03296,0.333512,0.540688,-0.250965,0.352358,0.529893,0.008682,0.33906,0.535644,-0.249946,0.347787,0.520758,0.024006,0.336262,0.527658,-0.223418,0.279378,0.527952,0.067443,0.280949,0.531111,-0.067532,0.252769,0.641161,0.141384,0.324331,0.631087,-0.028682,0.216917,0.741719,0.20674,0.334108,0.758091,0.039155,0.202856,0.758581,0.209884,0.32591,0.782812,0.043541,0.238319,0.788242,0.174865,0.365212,0.79914,-0.000781
1.7.26_AL1,111,626.0,558.0,0,634.26,559.57,0.9905,625.64,560.74,0.999,0.302613,0.28364,-0.100771,0.298954,0.272222,-0.091389,0.298657,0.271993,-0.091568,0.298506,0.271751,-0.091541,0.296854,0.272531,-0.113187,0.295241,0.272827,-0.113371,0.293319,0.273222,-0.113449,0.288335,0.278036,-0.038773,0.282872,0.279032,-0.137161,0.300161,0.296202,-0.077334,0.297559,0.297481,-0.106827,0.290858,0.353697,0.047597,0.274048,0.352679,-0.178697,0.316571,0.434339,0.088284,0.290629,0.450713,-0.219594,0.343574,0.505607,0.039258,0.325853,0.519201,-0.223681,0.351535,0.529442,0.037422,0.333511,0.540343,-0.250628,0.352421,0.529879,0.013467,0.339056,0.535159,-0.249429,0.347947,0.520755,0.028289,0.336258,0.527401,-0.223162,0.279269,0.528118,0.067445,0.280538,0.531251,-0.067533,0.252794,0.641229,0.139572,0.324305,0.631185,-0.02851,0.21692,0.741833,0.201199,0.334064,0.758499,0.038947,0.20285,0.758559,0.203964,0.325821,0.783223,0.04335,0.238333,0.788851,0.170133,0.365077,0.799483,-0.000598
1.7.26_AL1,112,626.0,558.0,0,632.88,558.55,0.9905,625.64,560.43,0.9989,0.302601,0.284087,-0.101461,0.298948,0.27272,-0.091926,0.298633,0.272449,-0.092108,0.298463,0.272161,-0.092081,0.29684,0.273003,-0.113884,0.295218,0.273207,-0.114069,0.293301,0.273516,-0.114151,0.288334,0.278282,-0.038797,0.28285,0.279186,-0.137608,0.300128,0.296558,-0.077727,0.297526,0.297724,-0.107413,0.290873,0.354281,0.047654,0.273989,0.352787,-0.179031,0.316963,0.434851,0.088359,0.29058,0.450688,-0.220199,0.343873,0.505602,0.038608,0.325856,0.518913,-0.2239,0.351667,0.529437,0.036628,0.33367,0.53959,-0.250771,0.352688,0.529861,0.012639,0.33911,0.53415,-0.249446,0.348356,0.520759,0.027605,0.336292,0.526785,-0.223275,0.279264,0.528567,0.06746,0.280598,0.531543,-0.067549,0.252796,0.641457,0.139059,0.324282,0.631776,-0.027294,0.216921,0.74264,0.20008,0.334038,0.759428,0.039942,0.202827,0.758873,0.202743,0.325808,0.784042,0.044349,0.238356,0.7893,0.168147,0.364961,0.799952,0.000204
1.7.26_AL1,113,626.0,558.0,0,633.85,559.04,0.9906,625.64,560.49,0.9989,0.302422,0.284072,-0.101037,0.298729,0.2727,-0.091544,0.298429,0.272442,-0.091725,0.298283,0.272163,-0.091699,0.296657,0.272984,-0.113577,0.295076,0.273204,-0.113761,0.293136,0.273533,-0.113842,0.288176,0.278322,-0.0387,0.282742,0.279317,-0.137631,0.299973,0.29664,-0.077466,0.297395,0.297792,-0.107234,0.290851,0.354228,0.047711,0.273987,0.353035,-0.179169,0.316961,0.434848,0.089043,0.290579,0.450916,-0.220298,0.343998,0.50558,0.039996,0.325853,0.518972,-0.224153,0.351671,0.529428,0.038046,0.333784,0.539626,-0.251149,0.352834,0.529775,0.013701,0.339236,0.534155,-0.249741,0.348666,0.520728,0.028858,0.336359,0.526782,-0.223515,0.279256,0.52853,0.06758,0.280254,0.531598,-0.067667,0.252853,0.641466,0.138517,0.323963,0.631792,-0.027327,0.216922,0.742626,0.199745,0.333979,0.759562,0.03973,0.202816,0.758833,0.202421,0.325798,0.784071,0.04417,0.238371,0.789263,0.167424,0.364889,0.800041,2.6e-05
1.7.26_AL1,114,626.0,558.0,0,633.41,559.07,0.9904,625.63,560.49,0.9988,0.302426,0.284673,-0.100954,0.298733,0.273328,-0.091495,0.298418,0.272994,-0.091677,0.29825,0.272642,-0.091651,0.29666,0.273632,-0.113552,0.295079,0.273757,-0.113735,0.29314,0.273989,-0.113817,0.288167,0.278691,-0.038714,0.282744,0.279618,-0.137717,0.299974,0.297086,-0.077429,0.297399,0.298145,-0.107231,0.290869,0.35471,0.047649,0.273944,0.353252,-0.179241,0.317015,0.434888,0.088951,0.290514,0.450916,-0.220472,0.344077,0.505515,0.040455,0.32585,0.518972,-0.224225,0.351674,0.52918,0.038735,0.333791,0.539509,-0.251158,0.353038,0.529545,0.014417,0.339229,0.534066,-0.249742,0.348884,0.520683,0.029346,0.336355,0.52673,-0.223569,0.279213,0.528905,0.06758,0.280269,0.531873,-0.067668,0.252759,0.641831,0.139074,0.323516,0.631862,-0.027427,0.216924,0.742719,0.200406,0.33393,0.759603,0.038763,0.202823,0.758937,0.203083,0.325711,0.784127,0.043106,0.238371,0.789232,0.168108,0.364733,0.800147,-0.001229
1.7.26_AL1,115,626.0,558.0,0,632.0,558.83,0.9906,625.59,560.48,0.9989,0.30242,0.284766,-0.098154,0.2987,0.273387,-0.08871,0.298383,0.273073,-0.088889,0.298217,0.272734,-0.088865,0.296637,0.273708,-0.110852,0.295072,0.273891,-0.111035,0.29314,0.274194,-0.111114,0.288124,0.279025,-0.036261,0.282742,0.280129,-0.135787,0.299976,0.297195,-0.074783,0.297401,0.298426,-0.104705,0.290877,0.354659,0.050067,0.273942,0.353367,-0.177716,0.317,0.434876,0.093249,0.290427,0.450911,-0.219539,0.344302,0.50545,0.046914,0.325826,0.518967,-0.224229,0.351729,0.529048,0.045628,0.333702,0.539438,-0.251192,0.353131,0.529454,0.020911,0.33917,0.533982,-0.249739,0.349058,0.520678,0.035694,0.336348,0.52668,-0.223569,0.279077,0.529202,0.067646,0.280282,0.532172,-0.067734,0.252575,0.642695,0.136744,0.323387,0.632495,-0.027467,0.216841,0.743265,0.194188,0.333899,0.760126,0.035236,0.202726,0.75947,0.19649,0.325678,0.784896,0.039151,0.238371,0.789588,0.162119,0.365043,0.800726,-0.004916
1.7.26_AL1,116,626.0,558.0,0,631.9,558.58,0.9905,625.48,560.43,0.9989,0.302492,0.285518,-0.098389,0.298804,0.274335,-0.088924,0.298462,0.273977,-0.089104,0.298272,0.273575,-0.089079,0.296739,0.274665,-0.111045,0.295138,0.274752,-0.111228,0.293249,0.274915,-0.111307,0.28823,0.279478,-0.036309,0.282877,0.280438,-0.135861,0.300025,0.297875,-0.075006,0.297457,0.298944,-0.10487,0.290878,0.354787,0.049927,0.273942,0.353612,-0.178398,0.317059,0.43487,0.092533,0.290395,0.450881,-0.221806,0.344486,0.505179,0.044983,0.325769,0.518912,-0.226015,0.351776,0.52871,0.043384,0.333325,0.539418,-0.252894,0.353217,0.529245,0.018828,0.33907,0.533974,-0.251249,0.349104,0.520593,0.033786,0.336344,0.526665,-0.225233,0.278788,0.529178,0.067683,0.280331,0.532178,-0.067771,0.252577,0.642666,0.135596,0.323322,0.632826,-0.027333,0.216852,0.743775,0.191132,0.33385,0.760417,0.036229,0.202736,0.75971,0.193187,0.325663,0.785154,0.040246,0.238375,0.790198,0.158649,0.364527,0.800736,-0.002977
1.7.26_AL1,117,626.0,558.0,0,632.23,557.62,0.9902,625.44,560.21,0.9989,0.302517,0.285464,-0.096929,0.298894,0.2743,-0.087895,0.298584,0.273959,-0.088073,0.298421,0.273571,-0.088052,0.296792,0.274611,-0.109435,0.295163,0.274726,-0.109619,0.293288,0.27492,-0.109697,0.288301,0.279445,-0.03642,0.282898,0.280395,-0.134015,0.300051,0.297855,-0.074191,0.297481,0.29897,-0.103308,0.291501,0.355239,0.049045,0.273863,0.353724,-0.175513,0.317161,0.435018,0.087682,0.290211,0.45093,-0.217548,0.344815,0.505175,0.038462,0.32575,0.518717,-0.223813,0.352032,0.528758,0.035957,0.333327,0.539341,-0.250291,0.353384,0.529266,0.011837,0.339067,0.533831,-0.248918,0.349319,0.520658,0.027363,0.336342,0.526485,-0.223187,0.278776,0.529172,0.067046,0.280332,0.532203,-0.067134,0.252575,0.643053,0.125096,0.323069,0.633068,-0.027373,0.216824,0.744428,0.168306,0.333805,0.760828,0.02914,0.202703,0.760178,0.168925,0.325588,0.785533,0.03198,0.238385,0.790858,0.130814,0.364605,0.80081,-0.014144
1.7.26_AL1,118,626.0,558.0,0,631.33,558.6,0.9909,625.4,560.21,0.9988,0.302532,0.28563,-0.094835,0.298896,0.274599,-0.085517,0.298586,0.274264,-0.085694,0.298422,0.273874,-0.085669,0.29682,0.274932,-0.107298,0.29521,0.275107,-0.107482,0.293316,0.275299,-0.107557,0.288417,0.279687,-0.033847,0.282945,0.280603,-0.132185,0.300073,0.298245,-0.071962,0.297483,0.299241,-0.101375,0.291493,0.35521,0.051435,0.273902,0.353713,-0.174631,0.317293,0.434992,0.089978,0.29021,0.450945,-0.216696,0.344829,0.505021,0.040235,0.325728,0.51871,-0.2214,0.352029,0.528477,0.038076,0.333258,0.539323,-0.247371,0.353374,0.529189,0.014262,0.339026,0.533832,-0.245534,0.349299,0.520633,0.029219,0.336319,0.526481,-0.220513,0.278708,0.529271,0.067056,0.280362,0.532279,-0.067144,0.252721,0.64302,0.126562,0.32286,0.633049,-0.02604,0.216824,0.744745,0.174628,0.333783,0.760897,0.029942,0.202682,0.760473,0.176077,0.32544,0.785582,0.033134,0.238547,0.791613,0.141874,0.364608,0.80098,-0.0132
1.7.26_AL1,119,626.0,558.0,0,632.9,560.1,0.9912,625.21,560.18,0.9989,0.303106,0.285609,-0.095388,0.299254,0.274618,-0.086032,0.298904,0.274308,-0.086209,0.2987,0.273951,-0.086184,0.29719,0.274926,-0.107821,0.295486,0.275134,-0.108005,0.293636,0.275376,-0.108081,0.28878,0.279686,-0.034113,0.283296,0.28062,-0.132298,0.300526,0.298311,-0.07241,0.29797,0.299292,-0.101825,0.29216,0.355721,0.05131,0.27389,0.353996,-0.175312,0.31749,0.434989,0.089957,0.290164,0.451122,-0.217409,0.344949,0.505012,0.039493,0.325631,0.518688,-0.222041,0.35211,0.528456,0.037232,0.333123,0.539292,-0.248112,0.353534,0.529185,0.013131,0.338898,0.533815,-0.246334,0.349446,0.520628,0.028348,0.336242,0.52646,-0.221175,0.278635,0.529258,0.067084,0.279777,0.532228,-0.067172,0.252793,0.643012,0.126514,0.32257,0.633096,-0.027021,0.216832,0.745011,0.175562,0.333782,0.761435,0.026286,0.202665,0.760727,0.176943,0.325426,0.786105,0.029228,0.238514,0.791949,0.14096,0.364806,0.801336,-0.017244
1.7.26_AL1,120,626.0,558.0,0,632.04,559.08,0.9909,625.2,560.01,0.9989,0.30314,0.28586,-0.09325,0.299366,0.2749,-0.08416,0.299032,0.274614,-0.084333,0.29885,0.274288,-0.084308,0.29734,0.275217,-0.105824,0.295698,0.275446,-0.106006,0.293803,0.275718,-0.106076,0.289025,0.280019,-0.033301,0.283508,0.280925,-0.130911,0.300575,0.298645,-0.070595,0.298004,0.299632,-0.099837,0.292158,0.355689,0.051946,0.274018,0.354288,-0.173873,0.317536,0.434916,0.090981,0.290104,0.451212,-0.216291,0.344917,0.504676,0.041754,0.325626,0.518528,-0.221878,0.351947,0.528344,0.039808,0.332978,0.539287,-0.247985,0.353432,0.529158,0.016026,0.33867,0.533839,-0.246178,0.349322,0.520551,0.030788,0.336147,0.526487,-0.221017,0.27823,0.529342,0.067082,0.279804,0.532341,-0.067171,0.252716,0.643138,0.121285,0.322289,0.633371,-0.027134,0.216843,0.74527,0.163546,0.333757,0.761896,0.022255,0.202646,0.76107,0.164299,0.325077,0.786788,0.024836,0.238518,0.792368,0.129498,0.364135,0.801948,-0.019573
1.7.26_AL1,121,626.0,558.0,0,631.29,558.38,0.9905,625.09,560.0,0.9989,0.303498,0.285875,-0.091748,0.299896,0.274979,-0.082831,0.299574,0.274714,-0.083007,0.299394,0.274406,-0.082984,0.297797,0.275249,-0.104456,0.296116,0.275495,-0.104639,0.294269,0.275783,-0.10471,0.289479,0.28003,-0.033025,0.283955,0.280911,-0.130462,0.300895,0.298663,-0.06955,0.298352,0.299668,-0.098749,0.292409,0.355836,0.05161,0.27402,0.35435,-0.173431,0.317618,0.434909,0.090879,0.290005,0.451226,-0.215555,0.34491,0.504675,0.041376,0.32557,0.518517,-0.221074,0.351944,0.528342,0.039384,0.332753,0.539291,-0.247028,0.353427,0.529202,0.015534,0.338545,0.533885,-0.245421,0.349308,0.520605,0.030381,0.336086,0.526501,-0.220296,0.278195,0.52934,0.06696,0.279808,0.532396,-0.067049,0.252717,0.643237,0.121571,0.321949,0.633713,-0.026458,0.216813,0.745715,0.165181,0.333726,0.762381,0.023928,0.202524,0.761465,0.166093,0.325014,0.787179,0.02677,0.238622,0.792907,0.131831,0.364085,0.802283,-0.017159
1.7.26_AL1,122,626.0,558.0,0,630.0,558.28,0.9899,624.9,559.93,0.9989,0.304565,0.286766,-0.092251,0.301004,0.27612,-0.083182,0.3007,0.275817,-0.083358,0.300544,0.275454,-0.083332,0.2988,0.276337,-0.104775,0.297008,0.276473,-0.10496,0.295205,0.276623,-0.105031,0.290948,0.280782,-0.032607,0.284819,0.281593,-0.129592,0.301737,0.299362,-0.069697,0.299023,0.300228,-0.098837,0.29312,0.356471,0.052421,0.274078,0.354414,-0.172245,0.317988,0.435065,0.090724,0.289814,0.451287,-0.213222,0.344945,0.504752,0.040146,0.325467,0.518453,-0.217305,0.352016,0.528605,0.037664,0.332654,0.539319,-0.242887,0.353469,0.529395,0.014023,0.338507,0.533887,-0.241222,0.349305,0.520756,0.029147,0.336075,0.526477,-0.216391,0.27818,0.529523,0.066966,0.279822,0.53244,-0.067055,0.252717,0.643491,0.119061,0.321816,0.63439,-0.027927,0.216794,0.746336,0.158717,0.333676,0.762956,0.02121,0.20251,0.761979,0.159242,0.324635,0.787786,0.024045,0.238627,0.793291,0.125759,0.363985,0.802481,-0.018009
1.7.26_AL1,123,626.0,558.0,0,627.95,559.38,0.9898,624.09,559.89,0.9989,0.305425,0.286844,-0.090441,0.301809,0.276214,-0.081319,0.301445,0.275956,-0.081499,0.301225,0.275649,-0.081475,0.299724,0.276371,-0.103287,0.297947,0.276529,-0.103474,0.296219,0.27672,-0.103549,0.291566,0.280936,-0.031126,0.285837,0.281683,-0.12956,0.302604,0.299592,-0.068042,0.300054,0.300457,-0.097665,0.294048,0.357139,0.053019,0.274246,0.354547,-0.172418,0.318121,0.435365,0.092975,0.289699,0.451414,-0.212953,0.34496,0.504761,0.043134,0.325044,0.518413,-0.216773,0.352014,0.528605,0.041035,0.332236,0.539213,-0.242454,0.353464,0.529405,0.017019,0.338322,0.533747,-0.240756,0.349301,0.520776,0.03202,0.335994,0.526401,-0.215848,0.278183,0.529589,0.066964,0.279839,0.532537,-0.067053,0.252684,0.643746,0.119809,0.321427,0.634827,-0.028086,0.216801,0.746542,0.163885,0.33368,0.763229,0.022204,0.202525,0.762044,0.164914,0.324638,0.788042,0.025194,0.23862,0.79343,0.131678,0.36385,0.802795,-0.016868
1.7.26_AL1,124,626.0,558.0,0,627.03,559.5,0.9898,624.02,559.89,0.9989,0.306316,0.287346,-0.086105,0.302894,0.276684,-0.076932,0.30258,0.276462,-0.077104,0.302397,0.276189,-0.077079,0.300779,0.276762,-0.098513,0.298965,0.276932,-0.098699,0.297279,0.277167,-0.098766,0.292474,0.281503,-0.026737,0.286779,0.28209,-0.123541,0.303508,0.300111,-0.063656,0.301051,0.301125,-0.092769,0.29484,0.357318,0.056945,0.274775,0.354666,-0.166292,0.31826,0.435519,0.095731,0.289699,0.451634,-0.206941,0.344954,0.504836,0.045541,0.325009,0.518417,-0.212475,0.351862,0.528783,0.043386,0.332169,0.539254,-0.237913,0.353348,0.529601,0.019684,0.338203,0.533798,-0.236231,0.34926,0.520977,0.034549,0.335963,0.526473,-0.211606,0.278153,0.529636,0.066911,0.279856,0.532594,-0.067001,0.252595,0.643992,0.108521,0.321074,0.635438,-0.030117,0.216783,0.746793,0.138938,0.333645,0.763676,0.011861,0.20247,0.762471,0.138497,0.324493,0.789021,0.013714,0.238603,0.79372,0.104187,0.363567,0.802809,-0.029145
1.7.26_AL1,125,626.0,558.0,0,627.4,559.02,0.9903,623.77,559.97,0.9989,0.307493,0.288192,-0.08678,0.304179,0.277677,-0.077223,0.303836,0.277442,-0.077395,0.303646,0.277156,-0.077367,0.301978,0.277751,-0.098977,0.300147,0.277869,-0.099165,0.298432,0.278038,-0.099235,0.293892,0.282266,-0.025161,0.287788,0.282814,-0.12301,0.304694,0.300927,-0.063752,0.302096,0.30183,-0.093109,0.295914,0.358505,0.060499,0.27505,0.35488,-0.166113,0.3184,0.435875,0.101658,0.289392,0.451841,-0.207622,0.344948,0.504917,0.051985,0.324882,0.518488,-0.21375,0.351696,0.528909,0.050275,0.332062,0.539288,-0.23945,0.353297,0.529853,0.026287,0.338003,0.533825,-0.237776,0.349237,0.521197,0.040889,0.335799,0.526498,-0.212895,0.278152,0.529625,0.066923,0.279868,0.532572,-0.067014,0.252595,0.64401,0.104449,0.320639,0.635848,-0.032582,0.216836,0.747144,0.133665,0.333641,0.76407,0.008471,0.202494,0.762881,0.133146,0.324495,0.789429,0.010356,0.238694,0.794246,0.097794,0.363726,0.803047,-0.033145
1.7.26_AL1,126,623.0,560.0,0,622.33,561.38,0.9907,622.81,560.02,0.9989,0.309254,0.289105,-0.079183,0.305805,0.278521,-0.070159,0.305443,0.27824,-0.070328,0.3052,0.277927,-0.070303,0.303923,0.278745,-0.092143,0.301951,0.278903,-0.092331,0.300175,0.279083,-0.092399,0.29532,0.283074,-0.020777,0.289749,0.283752,-0.119604,0.30637,0.301726,-0.05704,0.303978,0.302663,-0.086708,0.296494,0.358682,0.06323,0.27547,0.354886,-0.164513,0.318587,0.436164,0.103576,0.288819,0.451874,-0.20522,0.344945,0.505196,0.053038,0.324382,0.518541,-0.210936,0.351649,0.529433,0.051041,0.331046,0.53952,-0.236598,0.353188,0.530409,0.027021,0.337376,0.534166,-0.234888,0.349078,0.521674,0.041874,0.335363,0.526802,-0.210019,0.278149,0.529844,0.066998,0.279881,0.532699,-0.067089,0.252438,0.644255,0.105241,0.320039,0.635969,-0.03606,0.21682,0.74786,0.138639,0.333639,0.764014,0.006382,0.202373,0.763627,0.138643,0.324473,0.78934,0.008496,0.238696,0.794425,0.1049,0.363741,0.803154,-0.03378
1.7.26_AL1,127,623.0,560.0,0,621.76,562.53,0.9907,621.91,560.4,0.9989,0.311104,0.290435,-0.076616,0.307768,0.279266,-0.067653,0.307414,0.278827,-0.067821,0.307173,0.278407,-0.067795,0.305951,0.279675,-0.089786,0.304168,0.279797,-0.089975,0.302128,0.279893,-0.090044,0.296932,0.283391,-0.018831,0.291449,0.284156,-0.118295,0.308281,0.303088,-0.054604,0.305629,0.303762,-0.084454,0.297396,0.359138,0.064705,0.276252,0.354885,-0.163241,0.318841,0.437924,0.104053,0.288319,0.451968,-0.203646,0.344942,0.506775,0.052792,0.323909,0.518891,-0.208012,0.35129,0.531384,0.050827,0.330811,0.539716,-0.233038,0.352928,0.531639,0.02713,0.337155,0.534231,-0.230981,0.349008,0.522944,0.041748,0.335122,0.526911,-0.206855,0.278065,0.529723,0.067037,0.279876,0.532497,-0.06713,0.252434,0.644304,0.10272,0.319645,0.636114,-0.036566,0.21682,0.748101,0.131138,0.333638,0.764012,0.004113,0.202364,0.763963,0.130626,0.324455,0.78928,0.005965,0.238678,0.794542,0.09671,0.363755,0.803348,-0.03627
1.7.26_AL1,128,623.0,560.0,0,624.83,560.39,0.9945,620.74,560.49,0.9989,0.312772,0.293065,-0.08023,0.309508,0.281584,-0.071125,0.309218,0.281026,-0.071296,0.309019,0.280379,-0.07127,0.307767,0.282087,-0.093168,0.30585,0.281951,-0.093355,0.303792,0.281909,-0.093426,0.299007,0.284711,-0.020877,0.293262,0.285724,-0.120538,0.309906,0.304835,-0.057845,0.307568,0.30535,-0.087639,0.298305,0.359263,0.064592,0.27757,0.354903,-0.164669,0.319221,0.437974,0.103381,0.287902,0.4519,-0.204183,0.344844,0.506799,0.050918,0.323302,0.518977,-0.210405,0.350851,0.531699,0.048914,0.329962,0.53986,-0.236036,0.35215,0.53187,0.025154,0.336676,0.53436,-0.23349,0.348357,0.523072,0.039868,0.334671,0.527053,-0.209006,0.277979,0.529775,0.068003,0.279821,0.532629,-0.068092,0.252246,0.644323,0.103233,0.31914,0.636667,-0.044293,0.216823,0.748128,0.133408,0.33355,0.764431,-0.00562,0.20245,0.764,0.133015,0.324416,0.790041,-0.003999,0.238412,0.794474,0.098359,0.364115,0.803381,-0.048035
1.7.26_AL1,129,620.0,561.0,0,624.11,561.46,0.9944,618.85,561.06,0.9989,0.315078,0.29475,-0.082307,0.311867,0.282812,-0.072986,0.311444,0.282179,-0.073158,0.311071,0.281518,-0.073132,0.310293,0.283231,-0.094837,0.30856,0.283024,-0.095023,0.306425,0.282836,-0.095097,0.300725,0.285209,-0.02123,0.295646,0.286013,-0.123273,0.311625,0.306004,-0.059622,0.309536,0.306594,-0.08916,0.298868,0.3592,0.063576,0.278648,0.354903,-0.168063,0.319365,0.438771,0.099354,0.287536,0.452194,-0.208259,0.344715,0.507406,0.043167,0.32232,0.519503,-0.214423,0.350389,0.532639,0.040285,0.328652,0.540672,-0.24005,0.35136,0.532278,0.017005,0.335606,0.53477,-0.237588,0.347747,0.523463,0.032165,0.333759,0.527377,-0.213033,0.277404,0.529711,0.068133,0.279714,0.532614,-0.068224,0.252248,0.644272,0.106354,0.31841,0.637087,-0.043652,0.216802,0.748294,0.14094,0.333429,0.764476,0.00092,0.20245,0.764144,0.141043,0.324417,0.790025,0.003236,0.238281,0.79449,0.107246,0.36408,0.803548,-0.039436
1.7.26_AL1,130,620.0,561.0,0,623.48,560.94,0.9945,616.63,561.25,0.9989,0.316832,0.29524,-0.083491,0.31389,0.283129,-0.074186,0.313474,0.282503,-0.07436,0.313152,0.281882,-0.074334,0.312061,0.283607,-0.095952,0.310453,0.283526,-0.096137,0.308549,0.283418,-0.096211,0.303143,0.28599,-0.022594,0.297646,0.286812,-0.123598,0.313405,0.306849,-0.060804,0.311245,0.30742,-0.090253,0.300218,0.359264,0.062123,0.28032,0.354769,-0.168414,0.319826,0.439935,0.098731,0.287197,0.45221,-0.208878,0.344574,0.508914,0.042774,0.32116,0.519675,-0.215511,0.349621,0.534388,0.039918,0.327009,0.541464,-0.241428,0.350887,0.533602,0.016504,0.334175,0.535785,-0.238644,0.34736,0.524902,0.031719,0.332523,0.528263,-0.213995,0.277389,0.529664,0.068595,0.279546,0.53247,-0.068684,0.25225,0.644105,0.108965,0.317814,0.637088,-0.044142,0.216914,0.748368,0.145861,0.333484,0.765058,-0.000132,0.202786,0.764108,0.146082,0.325468,0.790355,0.002021,0.238252,0.794493,0.110846,0.364722,0.803746,-0.042653
1.7.26_AL1,131,620.0,561.0,0,619.67,560.64,0.9946,613.96,561.28,0.9989,0.319231,0.296598,-0.088125,0.316113,0.284222,-0.078702,0.315673,0.283496,-0.078875,0.31536,0.282721,-0.078843,0.314282,0.284954,-0.101034,0.312814,0.284866,-0.101227,0.310887,0.284726,-0.101304,0.30534,0.286927,-0.025614,0.299985,0.288263,-0.127888,0.315998,0.308131,-0.064575,0.31384,0.308579,-0.094716,0.301778,0.359399,0.061605,0.281621,0.354848,-0.171213,0.319966,0.442226,0.095937,0.286845,0.452325,-0.211215,0.344253,0.510266,0.0366,0.31977,0.519707,-0.220429,0.348637,0.535295,0.033437,0.325098,0.541454,-0.247183,0.349711,0.534582,0.009752,0.332459,0.535778,-0.244876,0.346511,0.525814,0.025385,0.330778,0.528254,-0.21921,0.277282,0.529268,0.069116,0.277866,0.532119,-0.069199,0.252258,0.643796,0.109438,0.316981,0.637221,-0.051387,0.217155,0.748606,0.144531,0.333478,0.765544,-0.015183,0.20311,0.764067,0.144472,0.325602,0.791075,-0.01396,0.238237,0.794461,0.108056,0.364989,0.803726,-0.061943
1.7.26_AL1,132,612.0,562.0,0,615.14,560.11,0.9936,612.28,561.84,0.9989,0.322148,0.298272,-0.092754,0.319524,0.285469,-0.083549,0.319043,0.284558,-0.083719,0.318692,0.283602,-0.083691,0.317582,0.286332,-0.106654,0.315956,0.286194,-0.10684,0.314268,0.285952,-0.106923,0.308094,0.287821,-0.030271,0.30341,0.289122,-0.135497,0.318619,0.310036,-0.06877,0.316698,0.309995,-0.099979,0.302962,0.359358,0.059907,0.283403,0.354739,-0.178817,0.320212,0.442642,0.094882,0.286704,0.45242,-0.216787,0.343694,0.511109,0.035482,0.318896,0.520219,-0.222227,0.347411,0.536228,0.032484,0.324499,0.54181,-0.249105,0.348298,0.535114,0.00881,0.331601,0.535901,-0.246877,0.345453,0.526286,0.024289,0.329745,0.528334,-0.220983,0.27767,0.529264,0.070942,0.277919,0.53212,-0.071023,0.252296,0.643714,0.122572,0.316588,0.638483,-0.051249,0.217516,0.748932,0.168298,0.333544,0.766045,-0.007214,0.203108,0.764225,0.169415,0.325792,0.791186,-0.005116,0.238234,0.794526,0.132465,0.365651,0.803857,-0.05216
1.7.26_AL1,133,612.0,562.0,0,616.12,560.42,0.9937,608.04,561.83,0.9988,0.324563,0.300567,-0.092698,0.32216,0.287099,-0.083502,0.321599,0.286165,-0.083673,0.321105,0.285169,-0.083642,0.320681,0.288056,-0.106507,0.318927,0.287914,-0.106693,0.317068,0.287709,-0.106775,0.310296,0.288728,-0.029257,0.305721,0.290417,-0.134961,0.320801,0.312527,-0.068664,0.319409,0.312156,-0.099907,0.304446,0.359668,0.06012,0.285121,0.354731,-0.178303,0.320268,0.444709,0.094351,0.286124,0.452384,-0.218965,0.342377,0.512654,0.029368,0.316686,0.520215,-0.227083,0.346073,0.536918,0.025621,0.320171,0.541799,-0.25385,0.345821,0.53615,0.0023,0.327279,0.53594,-0.251662,0.343257,0.527353,0.018113,0.325852,0.528408,-0.225869,0.27763,0.528648,0.071246,0.277155,0.531628,-0.071325,0.25234,0.643492,0.11641,0.315835,0.638523,-0.061591,0.217918,0.748994,0.149731,0.333495,0.766209,-0.022398,0.203314,0.764202,0.149418,0.325793,0.791178,-0.02069,0.238259,0.794933,0.11234,0.365831,0.804249,-0.067417
1.7.26_AL1,134,604.0,565.0,0,613.89,560.09,0.9934,606.75,561.97,0.9988,0.327427,0.30281,-0.097176,0.325463,0.288821,-0.087455,0.325018,0.287857,-0.087626,0.324614,0.286765,-0.087592,0.32401,0.289811,-0.110942,0.322114,0.289683,-0.111133,0.320215,0.289589,-0.111215,0.313198,0.289918,-0.031576,0.30861,0.292092,-0.138248,0.323465,0.314682,-0.072347,0.322232,0.314126,-0.104098,0.306461,0.359778,0.060006,0.287205,0.354732,-0.180606,0.32037,0.445194,0.092637,0.285381,0.452388,-0.221382,0.340967,0.512906,0.026051,0.316016,0.520347,-0.228842,0.343247,0.537275,0.02216,0.319531,0.54184,-0.255633,0.343801,0.536193,-0.001014,0.326713,0.535963,-0.253347,0.341404,0.527345,0.014861,0.325218,0.528457,-0.227578,0.277821,0.527937,0.07227,0.277104,0.53111,-0.07235,0.252667,0.643137,0.115786,0.315259,0.638831,-0.061149,0.218507,0.748967,0.146216,0.333494,0.767205,-0.0249,0.203499,0.76398,0.145684,0.325846,0.792133,-0.023493,0.238287,0.796259,0.108026,0.366455,0.80432,-0.070664
1.7.26_AL1,135,604.0,565.0,0,605.35,557.35,0.9949,604.83,562.03,0.9986,0.33082,0.305049,-0.097411,0.328949,0.290613,-0.087552,0.328678,0.289624,-0.087723,0.328433,0.288457,-0.087691,0.327562,0.291628,-0.111197,0.325746,0.291524,-0.111386,0.323826,0.291491,-0.111468,0.316503,0.291376,-0.031641,0.312253,0.293636,-0.138758,0.326575,0.316875,-0.072528,0.325431,0.315999,-0.104468,0.308591,0.359957,0.059723,0.289691,0.354653,-0.18099,0.320419,0.446154,0.093209,0.285001,0.452256,-0.222487,0.338774,0.513655,0.028692,0.315017,0.520402,-0.230262,0.340614,0.537547,0.025243,0.31862,0.54184,-0.257301,0.341018,0.536801,0.001855,0.325641,0.536032,-0.254679,0.339485,0.528202,0.017519,0.323749,0.52849,-0.228897,0.2782,0.527594,0.073348,0.277115,0.530757,-0.073427,0.253347,0.642687,0.116637,0.31472,0.639205,-0.061161,0.219034,0.748927,0.146944,0.333504,0.767354,-0.024134,0.203654,0.763729,0.146787,0.32584,0.792054,-0.022617,0.238289,0.796446,0.111114,0.366488,0.805075,-0.070265
1.7.26_AL1,136,598.0,560.0,0,601.01,556.76,0.9951,602.86,562.01,0.9981,0.334513,0.307624,-0.096169,0.332333,0.292338,-0.085913,0.332062,0.29133,-0.086084,0.331868,0.290148,-0.08605,0.330996,0.293427,-0.109993,0.329336,0.293389,-0.110187,0.327317,0.293418,-0.110274,0.320195,0.293081,-0.029048,0.315563,0.295517,-0.137463,0.330278,0.319186,-0.070806,0.328872,0.318357,-0.103206,0.312207,0.361269,0.061884,0.292412,0.354645,-0.179654,0.320855,0.44825,0.09551,0.284084,0.451906,-0.221843,0.337436,0.515135,0.029778,0.31399,0.520381,-0.233221,0.339239,0.538108,0.026788,0.317094,0.541676,-0.260891,0.338965,0.537561,0.003167,0.323952,0.535988,-0.2579,0.337817,0.529174,0.018602,0.322249,0.528465,-0.231886,0.278367,0.527264,0.073849,0.27707,0.529791,-0.073918,0.25414,0.642491,0.11302,0.314264,0.639231,-0.069515,0.219775,0.74872,0.14443,0.333555,0.767757,-0.043233,0.204174,0.763401,0.144204,0.325835,0.792567,-0.04291,0.238266,0.796571,0.10734,0.366736,0.80506,-0.093072
1.7.26_AL1,137,598.0,560.0,0,599.19,556.81,0.9938,597.66,561.63,0.9974,0.338331,0.31072,-0.088088,0.336455,0.295782,-0.078263,0.33587,0.29468,-0.078419,0.335375,0.293453,-0.078387,0.335082,0.296704,-0.102844,0.333365,0.296448,-0.10304,0.3316,0.296273,-0.103128,0.324391,0.295076,-0.02461,0.320125,0.297417,-0.135077,0.333658,0.321665,-0.063848,0.332596,0.320965,-0.09685,0.314023,0.361214,0.064674,0.295817,0.354609,-0.177559,0.3197,0.448546,0.098832,0.282874,0.450736,-0.221736,0.334379,0.517523,0.034513,0.311284,0.520025,-0.232872,0.336046,0.53871,0.032261,0.314831,0.540687,-0.259167,0.336142,0.538543,0.009319,0.320732,0.535228,-0.253792,0.334282,0.530174,0.023535,0.318571,0.527838,-0.23034,0.278312,0.525666,0.073844,0.277134,0.527661,-0.073917,0.255454,0.641946,0.104997,0.314163,0.639181,-0.069138,0.220115,0.748508,0.126972,0.333579,0.768377,-0.045054,0.204812,0.763249,0.125632,0.325969,0.793416,-0.044806,0.237625,0.797294,0.084971,0.366653,0.805354,-0.093333
1.7.26_AL1,138,592.0,559.0,0,596.31,557.39,0.994,594.38,561.1,0.9966,0.341769,0.312901,-0.083799,0.339867,0.298101,-0.074385,0.339383,0.296931,-0.074533,0.33895,0.295691,-0.074495,0.338663,0.299031,-0.098334,0.336957,0.298651,-0.098536,0.335085,0.298331,-0.098621,0.328254,0.296518,-0.022694,0.32351,0.298828,-0.130647,0.337436,0.323559,-0.060272,0.336173,0.322791,-0.092432,0.315588,0.361146,0.065363,0.299174,0.35469,-0.172774,0.316341,0.449399,0.097303,0.281944,0.449255,-0.213605,0.329081,0.517803,0.030346,0.309575,0.519538,-0.215186,0.331885,0.538598,0.027397,0.313758,0.5398,-0.238747,0.33097,0.538646,0.005436,0.318971,0.534927,-0.233805,0.329975,0.530267,0.019592,0.316935,0.527525,-0.212546,0.278186,0.524419,0.07378,0.277187,0.52588,-0.073856,0.25699,0.641449,0.09997,0.314255,0.638761,-0.06594,0.220716,0.748487,0.112069,0.333569,0.768282,-0.043765,0.205798,0.76292,0.10989,0.325986,0.79332,-0.04349,0.237669,0.797728,0.071837,0.366677,0.805415,-0.088174
1.7.26_AL1,139,592.0,559.0,0,592.44,558.58,0.9945,591.86,560.42,0.9955,0.346245,0.31644,-0.074564,0.344229,0.302227,-0.06569,0.343824,0.300989,-0.065833,0.343509,0.299726,-0.06579,0.343077,0.302856,-0.089544,0.341622,0.302313,-0.089756,0.339904,0.301814,-0.089845,0.332598,0.299563,-0.016891,0.328126,0.301755,-0.124358,0.341591,0.326972,-0.052021,0.340366,0.326048,-0.084101,0.317746,0.361133,0.068256,0.302361,0.354695,-0.167757,0.311207,0.449525,0.09722,0.281215,0.447188,-0.207624,0.321956,0.518686,0.029873,0.308259,0.518907,-0.205282,0.323482,0.5419,0.026856,0.312693,0.538444,-0.228,0.324782,0.538706,0.005269,0.317734,0.534307,-0.222396,0.325554,0.53327,0.019242,0.3161,0.527022,-0.202301,0.278065,0.522901,0.073789,0.277228,0.523735,-0.073866,0.258949,0.640918,0.09775,0.314425,0.637876,-0.065788,0.221396,0.748465,0.104016,0.333754,0.768222,-0.046155,0.206125,0.762589,0.101443,0.326229,0.793221,-0.045721,0.23773,0.798477,0.063018,0.36708,0.805559,-0.089405
1.7.26_AL1,140,582.0,557.0,0,588.32,557.04,0.9902,587.33,559.24,0.9927,0.349493,0.321711,-0.084043,0.3478,0.307434,-0.075449,0.347234,0.306529,-0.075592,0.346714,0.305676,-0.075537,0.346832,0.307546,-0.100224,0.345444,0.306924,-0.100451,0.343765,0.306326,-0.10055,0.33623,0.30431,-0.027339,0.33201,0.305402,-0.137444,0.3449,0.331529,-0.061549,0.343987,0.330684,-0.094853,0.317945,0.361078,0.060235,0.305959,0.357107,-0.17864,0.309548,0.44932,0.088391,0.280939,0.445005,-0.219001,0.318873,0.520305,0.024626,0.305899,0.517815,-0.207526,0.320224,0.541462,0.022189,0.311097,0.536717,-0.230907,0.320648,0.538401,0.000569,0.315557,0.532981,-0.228268,0.323221,0.532881,0.014055,0.313771,0.525777,-0.202839,0.278262,0.520768,0.074237,0.277265,0.521629,-0.074318,0.261569,0.64059,0.101251,0.314541,0.637861,-0.063291,0.221942,0.748265,0.112843,0.33402,0.76795,-0.041691,0.206549,0.762047,0.110579,0.326466,0.792914,-0.041175,0.237733,0.799065,0.071623,0.367093,0.805816,-0.085007
1.7.26_AL1,141,582.0,557.0,0,586.45,558.77,0.9901,583.35,558.53,0.9913,0.353978,0.328915,-0.084787,0.351948,0.313628,-0.076022,0.351385,0.312914,-0.07617,0.350937,0.312277,-0.076119,0.350671,0.313442,-0.100488,0.349311,0.312876,-0.10071,0.347796,0.312386,-0.100807,0.340538,0.311212,-0.027284,0.336274,0.311758,-0.136817,0.349616,0.3385,-0.062105,0.348361,0.33765,-0.095029,0.322256,0.365951,0.060411,0.309645,0.361143,-0.178315,0.309496,0.451447,0.088507,0.280465,0.443443,-0.218947,0.318608,0.52412,0.023727,0.303828,0.517154,-0.210566,0.319505,0.542607,0.020792,0.308575,0.53636,-0.234799,0.321499,0.538486,-0.001043,0.312869,0.532903,-0.231426,0.32292,0.534013,0.013007,0.311613,0.525734,-0.207129,0.278332,0.521045,0.074809,0.277299,0.522001,-0.074886,0.264236,0.640657,0.105954,0.315657,0.63724,-0.064853,0.22238,0.748238,0.118668,0.334833,0.76742,-0.039556,0.206712,0.761524,0.117733,0.327134,0.79132,-0.038457,0.238027,0.79964,0.078994,0.367073,0.806027,-0.08165
1.7.26_AL1,142,574.0,554.0,0,581.39,556.75,0.9897,581.75,558.55,0.9905,0.357836,0.333423,-0.085032,0.355774,0.319509,-0.076274,0.355202,0.318729,-0.076424,0.354669,0.31798,-0.076379,0.354539,0.319277,-0.100546,0.352879,0.31864,-0.100771,0.351052,0.318181,-0.10087,0.343796,0.317607,-0.026973,0.339615,0.318409,-0.136553,0.353535,0.344003,-0.062159,0.352128,0.343094,-0.095379,0.328436,0.375964,0.060612,0.312274,0.365345,-0.178092,0.309674,0.456183,0.088463,0.279723,0.442155,-0.218922,0.320483,0.524874,0.021836,0.302994,0.517173,-0.212763,0.321532,0.542811,0.018022,0.307368,0.536607,-0.237643,0.322466,0.540984,-0.004211,0.312398,0.533417,-0.231777,0.322659,0.535326,0.010926,0.311107,0.526427,-0.208646,0.27859,0.521488,0.075707,0.277215,0.522356,-0.075764,0.266452,0.643509,0.106459,0.317891,0.636733,-0.075934,0.222536,0.748486,0.120383,0.335468,0.767385,-0.059979,0.206647,0.761183,0.118683,0.327171,0.791297,-0.059592,0.238002,0.800218,0.080359,0.367059,0.806292,-0.102459
1.7.26_AL1,143,574.0,554.0,0,579.2,557.85,0.9894,578.59,558.35,0.9895,0.361673,0.341736,-0.081964,0.359316,0.328326,-0.072257,0.358669,0.327319,-0.072414,0.358123,0.326361,-0.072365,0.358034,0.328101,-0.096845,0.356562,0.327263,-0.097053,0.355009,0.326545,-0.097136,0.347708,0.324937,-0.022217,0.34397,0.325635,-0.133307,0.356785,0.350483,-0.059384,0.355796,0.350113,-0.092616,0.33139,0.381905,0.062735,0.31475,0.370966,-0.177321,0.310542,0.461427,0.08878,0.279455,0.441286,-0.218402,0.321655,0.527467,0.021188,0.301347,0.516995,-0.213953,0.321071,0.544767,0.016708,0.303664,0.536689,-0.239053,0.32274,0.544365,-0.005359,0.308876,0.533577,-0.233929,0.322357,0.538681,0.010238,0.308883,0.526767,-0.21055,0.278817,0.522732,0.076414,0.27714,0.522402,-0.076465,0.268647,0.646444,0.100809,0.321796,0.633795,-0.073819,0.22273,0.748465,0.103874,0.335758,0.766766,-0.055456,0.2068,0.759757,0.100879,0.327162,0.789941,-0.054732,0.238165,0.800534,0.062664,0.367045,0.806699,-0.094039
1.7.26_AL1,144,574.0,554.0,0,577.07,561.04,0.9954,576.47,558.37,0.9883,0.364682,0.347687,-0.066448,0.362119,0.334409,-0.056191,0.361461,0.333312,-0.056334,0.360859,0.332204,-0.056284,0.361056,0.334781,-0.08088,0.359602,0.334067,-0.081074,0.35807,0.333389,-0.081133,0.350566,0.33154,-0.006971,0.347136,0.333245,-0.117724,0.359538,0.356624,-0.044528,0.358684,0.356629,-0.077598,0.333524,0.386261,0.073979,0.31843,0.376325,-0.165474,0.311281,0.465427,0.093676,0.278966,0.440323,-0.205615,0.320428,0.528824,0.02303,0.300242,0.517012,-0.199383,0.319051,0.546326,0.018542,0.301162,0.53697,-0.221987,0.320634,0.5463,-0.003369,0.306989,0.534434,-0.215618,0.32078,0.540536,0.012097,0.307457,0.527597,-0.195955,0.278837,0.525913,0.077097,0.277922,0.52539,-0.077148,0.270048,0.651227,0.083235,0.32737,0.633712,-0.074892,0.222696,0.748799,0.068813,0.33618,0.766759,-0.063048,0.206858,0.759153,0.06435,0.327418,0.790085,-0.062658,0.238293,0.801183,0.027215,0.367787,0.807019,-0.09817
1.7.26_AL1,145,574.0,554.0,0,574.33,562.91,0.995,577.66,558.5,0.9835,0.366798,0.354741,-0.063027,0.364493,0.341698,-0.052385,0.363842,0.340721,-0.052523,0.363216,0.33974,-0.052469,0.363452,0.341969,-0.07701,0.36198,0.341302,-0.077204,0.360416,0.340683,-0.077264,0.353008,0.339851,-0.002128,0.349541,0.341193,-0.112277,0.361837,0.364295,-0.040851,0.360912,0.364362,-0.073747,0.335821,0.393294,0.079093,0.321071,0.383382,-0.160951,0.311761,0.470936,0.09684,0.278497,0.440271,-0.201521,0.3188,0.533506,0.024135,0.300863,0.517129,-0.191865,0.316888,0.549424,0.020016,0.30279,0.537253,-0.213201,0.318519,0.550496,-0.002388,0.308437,0.534769,-0.205521,0.318734,0.542652,0.013105,0.308777,0.527809,-0.187905,0.279182,0.531328,0.077776,0.278829,0.53029,-0.077829,0.271711,0.656644,0.079513,0.331778,0.63369,-0.071969,0.222608,0.749636,0.061569,0.336722,0.767109,-0.058253,0.2068,0.75907,0.056682,0.327337,0.790417,-0.057667,0.238293,0.801448,0.018213,0.367761,0.807821,-0.092947
1.7.26_AL1,146,574.0,554.0,0,570.25,560.84,0.9913,574.42,559.18,0.9808,0.369892,0.36089,-0.061471,0.367422,0.34762,-0.050773,0.366762,0.346881,-0.050911,0.366078,0.346162,-0.050855,0.366283,0.347932,-0.074309,0.364701,0.347469,-0.074508,0.363033,0.347063,-0.074573,0.355839,0.347088,-0.000181,0.352122,0.348829,-0.104939,0.365035,0.370691,-0.03929,0.364055,0.370899,-0.070709,0.338537,0.402841,0.079418,0.322576,0.391597,-0.148841,0.311739,0.472665,0.098403,0.276845,0.440633,-0.18169,0.316706,0.534635,0.024568,0.299176,0.517757,-0.169836,0.315043,0.551411,0.021033,0.299416,0.538703,-0.189252,0.31661,0.55103,-0.002227,0.305794,0.5365,-0.182684,0.317173,0.544007,0.013231,0.306304,0.529075,-0.166146,0.281504,0.538763,0.077446,0.280277,0.535726,-0.077495,0.271561,0.663598,0.072647,0.336335,0.633833,-0.070162,0.222364,0.75204,0.054476,0.337225,0.767098,-0.052539,0.206749,0.759608,0.049691,0.327407,0.790541,-0.051695,0.238084,0.802487,0.011804,0.367981,0.807808,-0.087256
1.7.26_AL1,147,572.0,563.0,0,574.19,560.94,0.99,575.39,560.83,0.9784,0.372392,0.366539,-0.056064,0.369447,0.353411,-0.044108,0.368723,0.352679,-0.044238,0.367999,0.352009,-0.044183,0.368492,0.353704,-0.0691,0.367004,0.35327,-0.069296,0.365285,0.353043,-0.069357,0.357782,0.353535,0.010324,0.35441,0.355695,-0.101229,0.367598,0.376799,-0.032719,0.366666,0.37697,-0.065993,0.341331,0.4108,0.090489,0.324104,0.399272,-0.147406,0.311862,0.476019,0.110771,0.275774,0.440915,-0.182648,0.31564,0.538267,0.034301,0.29968,0.519291,-0.171012,0.314464,0.553091,0.028616,0.30035,0.540967,-0.191052,0.315466,0.552252,0.008171,0.30752,0.538099,-0.183984,0.316657,0.544797,0.023595,0.307342,0.530832,-0.167025,0.284753,0.545337,0.078217,0.281734,0.541231,-0.078265,0.271158,0.668339,0.076022,0.339378,0.634324,-0.078465,0.220944,0.754349,0.063392,0.337989,0.76757,-0.075078,0.205407,0.761532,0.059152,0.327467,0.790899,-0.075297,0.235352,0.803052,0.021128,0.369173,0.807706,-0.110524
1.7.26_AL1,148,572.0,563.0,0,575.74,559.69,0.9897,577.41,561.43,0.9761,0.373513,0.373083,-0.057897,0.370633,0.360001,-0.046733,0.369964,0.35925,-0.046868,0.36931,0.358567,-0.04681,0.369468,0.360414,-0.070697,0.367973,0.360063,-0.070899,0.366351,0.359705,-0.070971,0.359293,0.360547,0.005819,0.35578,0.362325,-0.10099,0.369067,0.383461,-0.035079,0.368058,0.383563,-0.067031,0.343926,0.418421,0.086422,0.326485,0.405164,-0.144558,0.31084,0.477077,0.108436,0.275317,0.44115,-0.171522,0.314356,0.540432,0.03511,0.300735,0.519846,-0.149286,0.31245,0.556168,0.029176,0.302389,0.5419,-0.167016,0.315047,0.554959,0.009457,0.309281,0.539056,-0.159663,0.315839,0.548639,0.024696,0.308834,0.531521,-0.144872,0.28595,0.552047,0.078008,0.282929,0.548264,-0.078061,0.271234,0.672207,0.08309,0.344005,0.63466,-0.075527,0.219561,0.757411,0.081357,0.338913,0.767352,-0.055038,0.20337,0.765155,0.078136,0.327585,0.789907,-0.050905,0.234486,0.803173,0.042448,0.369091,0.807675,-0.067121
1.7.26_AL1,149,572.0,563.0,0,578.69,559.64,0.9904,579.19,561.47,0.9721,0.375286,0.377649,-0.047386,0.37251,0.364439,-0.035835,0.37182,0.363721,-0.035961,0.371161,0.363042,-0.035899,0.371633,0.364723,-0.060215,0.370343,0.364287,-0.060424,0.368908,0.363927,-0.0605,0.361331,0.365466,0.018219,0.358477,0.366911,-0.090523,0.370977,0.388371,-0.024115,0.36992,0.38824,-0.056604,0.347302,0.423134,0.098484,0.330309,0.407581,-0.135893,0.311386,0.475727,0.117113,0.275846,0.441201,-0.163821,0.315821,0.53903,0.039017,0.301662,0.519881,-0.143404,0.314361,0.554856,0.032085,0.303649,0.542134,-0.161632,0.316595,0.554692,0.01291,0.310274,0.539765,-0.154545,0.317031,0.547528,0.028627,0.309786,0.53263,-0.139102,0.288264,0.557547,0.07834,0.283926,0.550733,-0.078389,0.271343,0.675267,0.084751,0.347529,0.634982,-0.081798,0.2178,0.760099,0.084331,0.339233,0.768126,-0.07369,0.201685,0.768391,0.081231,0.327602,0.789909,-0.072764,0.233199,0.803929,0.045393,0.369018,0.807714,-0.101143
1.7.26_AL1,150,589.0,558.0,0,585.29,557.04,0.9896,579.6,561.5,0.9708,0.377666,0.381019,-0.051519,0.374689,0.368041,-0.0398,0.374004,0.367289,-0.039933,0.373414,0.366607,-0.039874,0.373696,0.367976,-0.0641,0.372318,0.367242,-0.06431,0.370954,0.366732,-0.064392,0.363619,0.369158,0.016017,0.360504,0.37003,-0.092441,0.373365,0.391772,-0.027649,0.372075,0.391493,-0.060031,0.350892,0.428948,0.098529,0.332757,0.410188,-0.137675,0.317093,0.477731,0.119045,0.276107,0.441046,-0.166839,0.317351,0.537588,0.042588,0.301874,0.519903,-0.147363,0.316228,0.554627,0.03552,0.303902,0.542541,-0.166383,0.318624,0.553641,0.01643,0.310532,0.540491,-0.159138,0.318729,0.547301,0.032239,0.309873,0.533045,-0.143035,0.290138,0.563412,0.078802,0.284443,0.554833,-0.078847,0.271519,0.677302,0.086512,0.353987,0.639654,-0.079451,0.216401,0.762693,0.091261,0.339478,0.769471,-0.062613,0.200256,0.770861,0.088535,0.327621,0.790148,-0.061221,0.23341,0.80449,0.052106,0.368967,0.808141,-0.096526
1.7.26_AL1,151,594.0,555.0,0,591.41,556.4,0.9882,583.55,561.0,0.9693,0.379925,0.378796,-0.028306,0.376872,0.366654,-0.016405,0.37623,0.366472,-0.01653,0.375616,0.366363,-0.016475,0.375875,0.366323,-0.039912,0.374304,0.36588,-0.040135,0.372577,0.365494,-0.040222,0.366296,0.368251,0.037686,0.362172,0.368372,-0.066686,0.375638,0.3906,-0.00519,0.374096,0.38985,-0.036417,0.355129,0.430664,0.116818,0.335465,0.410709,-0.112658,0.322167,0.476978,0.143,0.277016,0.44046,-0.142707,0.317947,0.537458,0.078125,0.30393,0.519445,-0.124178,0.317365,0.554096,0.073714,0.307939,0.541909,-0.140411,0.318757,0.553216,0.055953,0.314265,0.539747,-0.132232,0.31933,0.546403,0.068713,0.31368,0.53276,-0.119284,0.293632,0.563346,0.078657,0.289758,0.556303,-0.078704,0.272018,0.677789,0.073216,0.359423,0.642813,-0.080029,0.215899,0.76279,0.062831,0.339983,0.770419,-0.071738,0.199808,0.771455,0.058777,0.32779,0.790811,-0.070815,0.233627,0.804362,0.024944,0.368959,0.808377,-0.097361
1.7.26_AL1,152,600.0,551.0,0,594.21,545.78,0.9935,592.59,558.9,0.9694,0.38245,0.374325,-0.043401,0.379544,0.363123,-0.031159,0.379121,0.362996,-0.031294,0.378786,0.362911,-0.031239,0.378206,0.362462,-0.05479,0.376479,0.361807,-0.055006,0.3747,0.36145,-0.055094,0.370038,0.364552,0.027012,0.364296,0.364164,-0.078121,0.378848,0.385573,-0.019324,0.37655,0.38523,-0.050756,0.363279,0.434539,0.110946,0.336561,0.409465,-0.123262,0.338683,0.482197,0.139282,0.280321,0.439751,-0.156781,0.330024,0.536919,0.066395,0.308642,0.517502,-0.149533,0.326773,0.553456,0.060464,0.314098,0.540319,-0.169728,0.326521,0.55287,0.041068,0.320755,0.537484,-0.162868,0.329016,0.546189,0.056262,0.319098,0.53076,-0.145525,0.301598,0.566335,0.078842,0.295918,0.557042,-0.078882,0.273282,0.676786,0.068441,0.361225,0.644679,-0.091182,0.216118,0.761863,0.058574,0.341012,0.770531,-0.075188,0.200103,0.770834,0.054128,0.32843,0.79053,-0.074095,0.233685,0.804251,0.011008,0.368992,0.808491,-0.107884
1.7.26_AL1,153,613.0,547.0,0,602.98,542.08,0.9916,601.17,556.38,0.9702,0.384405,0.369987,-0.048954,0.381604,0.35872,-0.036365,0.381176,0.358596,-0.036506,0.380862,0.358516,-0.036452,0.380102,0.358052,-0.059382,0.378602,0.35763,-0.059599,0.376827,0.357397,-0.059692,0.371593,0.360155,0.02381,0.364751,0.360204,-0.077592,0.380629,0.381406,-0.024206,0.378508,0.381129,-0.054773,0.37088,0.433543,0.108174,0.336577,0.406599,-0.118369,0.350347,0.484796,0.137106,0.285311,0.439417,-0.151771,0.341754,0.536169,0.060707,0.313107,0.515171,-0.154508,0.336654,0.552019,0.053607,0.319778,0.538839,-0.175883,0.335874,0.549684,0.034292,0.326169,0.534756,-0.169823,0.338737,0.542607,0.050635,0.324431,0.528326,-0.15092,0.311493,0.567113,0.078456,0.303416,0.557228,-0.078488,0.275552,0.674331,0.04896,0.362792,0.645567,-0.09148,0.216672,0.761229,0.035124,0.342176,0.770483,-0.07095,0.200444,0.770567,0.030046,0.32917,0.790467,-0.069773,0.233785,0.804156,-0.020733,0.368967,0.808475,-0.108911
1.7.26_AL1,154,612.0,543.0,0,606.78,536.36,0.9897,612.01,554.95,0.9666,0.386369,0.365724,-0.064529,0.382801,0.353971,-0.050385,0.382344,0.353721,-0.050538,0.381981,0.353517,-0.050485,0.381286,0.353543,-0.073001,0.379708,0.353162,-0.073233,0.377712,0.352959,-0.073351,0.372393,0.35536,0.022118,0.365076,0.356152,-0.084701,0.382805,0.377043,-0.036536,0.380688,0.376806,-0.066437,0.37465,0.427183,0.102301,0.339618,0.4032,-0.128587,0.356165,0.482694,0.13111,0.290415,0.439241,-0.162104,0.349432,0.536067,0.029977,0.318756,0.513841,-0.162757,0.345266,0.548083,0.018204,0.326,0.537528,-0.184324,0.344295,0.546008,3.7e-05,0.332425,0.53241,-0.178391,0.346949,0.539402,0.019865,0.33085,0.525944,-0.159347,0.318351,0.565445,0.07686,0.310297,0.558189,-0.076874,0.278283,0.67282,0.060032,0.368422,0.648727,-0.09492,0.221022,0.75857,0.060551,0.34249,0.771006,-0.065417,0.203187,0.768129,0.056124,0.329415,0.790034,-0.065624,0.23387,0.804181,0.015188,0.369038,0.808988,-0.101881
1.7.26_AL1,155,627.0,539.0,0,620.91,536.89,0.99,622.91,553.51,0.9614,0.388122,0.36339,-0.056775,0.384083,0.353198,-0.044048,0.383621,0.353609,-0.044198,0.383258,0.352753,-0.044152,0.382692,0.352551,-0.067155,0.381195,0.35291,-0.067381,0.379222,0.352278,-0.067486,0.373782,0.353443,0.018953,0.366961,0.353693,-0.086269,0.384935,0.376402,-0.030707,0.382854,0.376613,-0.061378,0.376306,0.421885,0.099666,0.342523,0.401345,-0.123846,0.360694,0.480467,0.12514,0.295042,0.439393,-0.155168,0.355364,0.533669,0.030104,0.32443,0.512509,-0.151304,0.352266,0.543032,0.019643,0.331939,0.535988,-0.171238,0.351774,0.542576,0.002066,0.338477,0.529519,-0.165171,0.353239,0.536191,0.020291,0.336794,0.523013,-0.147614,0.325155,0.563103,0.074375,0.318351,0.558093,-0.074391,0.285003,0.671647,0.063234,0.373616,0.653039,-0.088438,0.228213,0.753805,0.069347,0.342568,0.7712,-0.045184,0.208248,0.759359,0.066267,0.329605,0.78883,-0.041191,0.234605,0.804095,0.026818,0.369013,0.810001,-0.070894
1.7.26_AL1,156,633.0,538.0,0,631.46,534.82,0.9914,635.88,553.13,0.9594,0.390346,0.353845,-0.061513,0.386748,0.344983,-0.047199,0.386295,0.345549,-0.047364,0.38599,0.345111,-0.047327,0.384969,0.344371,-0.068728,0.38318,0.344783,-0.068968,0.381313,0.344635,-0.069104,0.376616,0.348079,0.014297,0.36917,0.349544,-0.088504,0.387612,0.369086,-0.033459,0.384828,0.36909,-0.061729,0.385456,0.418284,0.096537,0.343246,0.398021,-0.120211,0.37437,0.478815,0.085767,0.299629,0.440972,-0.151325,0.368995,0.53,-0.040371,0.331187,0.512156,-0.159362,0.362727,0.541536,-0.058388,0.339401,0.534479,-0.180513,0.362529,0.537914,-0.074852,0.346199,0.526625,-0.174054,0.364536,0.531542,-0.050701,0.344072,0.521023,-0.156137,0.333601,0.562875,0.068657,0.322442,0.557204,-0.068654,0.295252,0.671149,0.06402,0.377182,0.654766,-0.102125,0.236293,0.746119,0.081592,0.342588,0.771176,-0.043767,0.217263,0.746368,0.081855,0.329596,0.788007,-0.038572,0.236572,0.803961,0.029212,0.367996,0.810154,-0.073819
1.7.26_AL1,157,650.0,545.0,0,645.28,543.02,0.9917,647.54,553.19,0.9547,0.392238,0.345709,-0.061745,0.388272,0.335566,-0.048086,0.387772,0.335838,-0.048246,0.387453,0.335436,-0.048206,0.386853,0.335063,-0.070093,0.385343,0.335301,-0.070324,0.383646,0.335151,-0.070447,0.377007,0.340026,0.01301,0.370452,0.342824,-0.087317,0.389869,0.360693,-0.034552,0.387694,0.360688,-0.063776,0.389126,0.416094,0.094477,0.34543,0.392486,-0.116967,0.383272,0.478616,0.0812,0.305902,0.443625,-0.14803,0.376595,0.528004,-0.037147,0.337262,0.512213,-0.161329,0.370073,0.540862,-0.053091,0.346122,0.534089,-0.184044,0.370369,0.535018,-0.06985,0.353013,0.525107,-0.178388,0.371197,0.529797,-0.047283,0.350665,0.519633,-0.158521,0.340747,0.561431,0.065375,0.328663,0.55568,-0.065366,0.310655,0.670392,0.057709,0.380606,0.654424,-0.118519,0.246444,0.738495,0.085295,0.342644,0.770949,-0.046848,0.22905,0.733577,0.087278,0.329783,0.786174,-0.038861,0.238233,0.802242,0.032934,0.36591,0.810611,-0.082688
1.7.26_AL1,158,664.0,554.0,0,661.71,553.32,0.9949,664.92,553.46,0.9295,0.394358,0.333163,-0.069662,0.389656,0.32298,-0.05793,0.389026,0.323416,-0.058087,0.388535,0.323507,-0.058063,0.388492,0.322558,-0.078675,0.387133,0.322983,-0.078897,0.385533,0.323193,-0.07903,0.378188,0.329748,-0.002121,0.373569,0.331889,-0.094045,0.391795,0.348096,-0.045392,0.390245,0.348122,-0.073025,0.39061,0.405706,0.066931,0.348791,0.386077,-0.124423,0.389317,0.473614,0.068414,0.313383,0.447609,-0.150998,0.380168,0.5249,-0.030391,0.346315,0.512462,-0.157185,0.375172,0.539661,-0.042944,0.354862,0.534163,-0.179034,0.376111,0.53245,-0.059158,0.360904,0.524996,-0.173966,0.375076,0.525107,-0.039494,0.35925,0.51903,-0.15443,0.347005,0.560415,0.062178,0.336774,0.555189,-0.062182,0.321575,0.669814,0.064421,0.381251,0.655726,-0.106595,0.258071,0.729702,0.098634,0.342505,0.771076,-0.041489,0.241326,0.723404,0.10003,0.329514,0.785791,-0.034496,0.245309,0.78986,0.044914,0.358065,0.812385,-0.080931
1.7.26_AL1,159,677.0,559.0,0,675.68,557.77,0.994,683.52,555.63,0.9099,0.397748,0.325176,-0.072275,0.393276,0.315423,-0.060339,0.392742,0.315518,-0.060498,0.392287,0.315389,-0.060476,0.392003,0.315424,-0.080689,0.390326,0.315584,-0.080906,0.388522,0.315782,-0.08103,0.381779,0.322696,-0.002638,0.376425,0.324725,-0.094777,0.395518,0.339596,-0.047836,0.393334,0.339889,-0.074953,0.396333,0.398866,0.065133,0.351978,0.3808,-0.1239,0.394328,0.472262,0.052574,0.320576,0.453835,-0.15118,0.390954,0.521753,-0.068213,0.356,0.514468,-0.160985,0.387259,0.539296,-0.086394,0.363512,0.534262,-0.182863,0.388233,0.531905,-0.102122,0.370173,0.525503,-0.177095,0.387486,0.52212,-0.078025,0.368521,0.51941,-0.158144,0.358513,0.559322,0.062088,0.345052,0.554445,-0.062086,0.339283,0.66936,0.051561,0.389634,0.658619,-0.113039,0.271196,0.722408,0.098516,0.342706,0.771035,-0.042035,0.254149,0.716193,0.100065,0.329791,0.784942,-0.036665,0.260198,0.785416,0.045949,0.358601,0.813,-0.085345
1.7.26_AL1,160,691.0,562.0,0,693.37,562.81,0.9956,696.59,559.51,0.8914,0.399754,0.316968,-0.074623,0.395244,0.3073,-0.062686,0.394664,0.307517,-0.062844,0.39416,0.307621,-0.062827,0.394018,0.307352,-0.083288,0.392276,0.307857,-0.083499,0.390544,0.308535,-0.083615,0.384473,0.315192,-0.003874,0.379425,0.317392,-0.094872,0.39778,0.330937,-0.050043,0.395668,0.331733,-0.077551,0.400001,0.389725,0.064305,0.355895,0.377179,-0.126347,0.399333,0.467497,0.060011,0.329457,0.457748,-0.154422,0.394997,0.51709,-0.04677,0.362809,0.518066,-0.162434,0.393412,0.537471,-0.061937,0.369003,0.536861,-0.182945,0.394253,0.530337,-0.078785,0.375934,0.526313,-0.178389,0.394391,0.521568,-0.056636,0.37389,0.520862,-0.158996,0.368822,0.559192,0.062655,0.352918,0.553827,-0.062649,0.354361,0.670009,0.04883,0.394713,0.659393,-0.117815,0.2865,0.715421,0.101652,0.34465,0.770989,-0.052444,0.271743,0.707361,0.104097,0.330372,0.783678,-0.046448,0.274229,0.77906,0.052674,0.357061,0.81366,-0.099773
1.7.26_AL1,161,717.0,569.0,0,712.28,572.9,0.9941,718.55,565.5,0.8484,0.402185,0.31195,-0.071067,0.397488,0.302588,-0.058509,0.396929,0.302831,-0.05868,0.39643,0.302931,-0.058684,0.396322,0.302644,-0.079685,0.394519,0.303066,-0.079888,0.392586,0.303461,-0.080008,0.387061,0.310017,0.001944,0.381585,0.311605,-0.093753,0.399851,0.326441,-0.046303,0.397675,0.327004,-0.074672,0.404138,0.385511,0.067263,0.357895,0.375222,-0.125803,0.408577,0.466675,0.072427,0.341588,0.463349,-0.155946,0.407666,0.517562,-0.023387,0.374247,0.523616,-0.163961,0.404602,0.53762,-0.035313,0.379509,0.541557,-0.185262,0.404725,0.531086,-0.052957,0.385578,0.531445,-0.180412,0.404726,0.522647,-0.033277,0.383884,0.525419,-0.160866,0.381251,0.559007,0.063247,0.360191,0.553667,-0.063243,0.367928,0.66704,0.051153,0.395561,0.661346,-0.134626,0.304717,0.710985,0.102625,0.346055,0.770551,-0.076995,0.286551,0.704257,0.104789,0.332438,0.780344,-0.072059,0.299113,0.767766,0.055884,0.357161,0.814876,-0.126818
1.7.26_AL1,162,737.0,575.0,0,739.93,574.37,0.9948,743.49,574.82,0.8295,0.405388,0.3093,-0.073806,0.400264,0.299477,-0.061407,0.399609,0.299474,-0.06159,0.399079,0.299362,-0.061608,0.398678,0.299876,-0.082727,0.396901,0.300384,-0.082913,0.395091,0.301004,-0.083022,0.389321,0.307139,-0.001344,0.384064,0.309359,-0.096969,0.403312,0.322906,-0.049475,0.400504,0.323939,-0.078245,0.408564,0.38037,0.062332,0.360026,0.374431,-0.132189,0.417929,0.466498,0.060024,0.353136,0.469063,-0.172007,0.419886,0.517976,-0.038932,0.387233,0.532243,-0.191598,0.419048,0.538022,-0.05174,0.392744,0.550396,-0.217464,0.418019,0.531774,-0.068639,0.397748,0.540923,-0.215554,0.417366,0.522842,-0.04849,0.395954,0.534902,-0.190941,0.386351,0.558587,0.064126,0.365076,0.553598,-0.064131,0.379703,0.666646,0.05911,0.399486,0.662728,-0.154045,0.322227,0.712318,0.16484,0.345891,0.768596,-0.105319,0.303753,0.70387,0.171774,0.333169,0.775887,-0.101151,0.319576,0.766598,0.139528,0.357066,0.817073,-0.152246
1.7.26_AL1,163,763.0,579.0,0,766.86,579.06,0.9899,762.52,578.44,0.8432,0.408105,0.306922,-0.074286,0.403455,0.29731,-0.061675,0.402809,0.297213,-0.061846,0.402296,0.297032,-0.061847,0.401745,0.297326,-0.082731,0.399838,0.29756,-0.082921,0.397917,0.298054,-0.083029,0.392902,0.304301,-0.001246,0.386737,0.306671,-0.095401,0.406331,0.320167,-0.049603,0.403536,0.320773,-0.078115,0.412248,0.376016,0.064862,0.363552,0.374628,-0.130438,0.42348,0.463652,0.068741,0.362447,0.470256,-0.17198,0.42604,0.518474,-0.023964,0.397147,0.535596,-0.195199,0.42372,0.542319,-0.035395,0.401014,0.554983,-0.222983,0.422741,0.536765,-0.05299,0.406955,0.546851,-0.222345,0.420744,0.524618,-0.033833,0.406156,0.54075,-0.195145,0.396971,0.555305,0.060529,0.370738,0.552688,-0.060542,0.390891,0.668067,0.044313,0.405352,0.661119,-0.180104,0.33946,0.755015,0.132843,0.347087,0.760206,-0.10224,0.329528,0.757503,0.140915,0.3347,0.765671,-0.095749,0.333573,0.813217,0.071109,0.34698,0.816775,-0.146469
1.7.26_AL1,164,790.0,584.0,0,787.23,585.07,0.9869,786.16,581.88,0.8549,0.411509,0.304869,-0.115258,0.406103,0.294668,-0.102693,0.405431,0.294587,-0.102848,0.404852,0.294413,-0.102827,0.404378,0.295133,-0.12307,0.402301,0.295717,-0.123262,0.400407,0.296489,-0.123359,0.396095,0.30269,-0.036432,0.390104,0.305922,-0.128044,0.409686,0.318703,-0.088016,0.407467,0.319241,-0.115683,0.415822,0.371127,0.035473,0.368,0.374854,-0.151665,0.432699,0.454059,0.049849,0.373428,0.470564,-0.191109,0.439581,0.513406,-0.031768,0.40946,0.538777,-0.222863,0.438251,0.538349,-0.04219,0.416356,0.560201,-0.252738,0.437278,0.533576,-0.061588,0.421694,0.553598,-0.251445,0.436377,0.523603,-0.041631,0.419733,0.546146,-0.222754,0.407538,0.542038,0.058561,0.378292,0.546683,-0.058584,0.42072,0.666831,0.043982,0.403015,0.665107,-0.150007,0.369298,0.750428,0.166374,0.347051,0.760826,-0.094026,0.361017,0.748405,0.176881,0.334426,0.768758,-0.089562,0.358215,0.796612,0.136947,0.348284,0.817657,-0.149084
1.7.26_AL1,165,811.0,581.0,0,813.69,581.43,0.9905,808.86,581.59,0.8658,0.414178,0.303929,-0.180916,0.408472,0.293985,-0.170819,0.407717,0.293897,-0.170982,0.407083,0.293806,-0.170937,0.407035,0.294554,-0.190269,0.405206,0.295138,-0.190475,0.403516,0.295922,-0.190577,0.3984,0.302613,-0.105004,0.39308,0.305653,-0.19218,0.413068,0.316694,-0.152878,0.411271,0.317911,-0.179198,0.418247,0.368172,-0.024773,0.373637,0.375299,-0.206216,0.434499,0.439528,-0.034751,0.386852,0.473487,-0.229503,0.434961,0.497896,-0.1472,0.421282,0.538508,-0.249032,0.433756,0.516183,-0.165682,0.427772,0.558887,-0.278898,0.432276,0.509466,-0.182254,0.434371,0.553858,-0.27952,0.432379,0.502518,-0.156604,0.432004,0.546784,-0.249157,0.41143,0.535145,0.057362,0.38219,0.543609,-0.057383,0.441373,0.653896,0.045755,0.404831,0.66913,-0.144455,0.382151,0.727047,0.175644,0.347839,0.761158,-0.086599,0.372322,0.723298,0.186389,0.33414,0.770546,-0.081896,0.373776,0.771818,0.147433,0.350052,0.817612,-0.142996
1.7.26_AL1,166,831.0,576.0,0,837.95,572.47,0.991,833.15,580.62,0.8781,0.417873,0.303358,-0.166777,0.412237,0.293543,-0.157021,0.411522,0.29341,-0.157199,0.410946,0.293298,-0.157178,0.410833,0.294158,-0.177154,0.40908,0.294788,-0.177348,0.407476,0.295662,-0.177446,0.40255,0.302227,-0.09583,0.397486,0.305266,-0.18642,0.417215,0.315906,-0.140826,0.415532,0.317221,-0.168071,0.421807,0.364497,-0.011743,0.380909,0.37555,-0.209263,0.441435,0.429031,0.011228,0.397684,0.472092,-0.232604,0.460206,0.457381,-0.071455,0.43393,0.537613,-0.247922,0.465375,0.465176,-0.084117,0.440984,0.558175,-0.27596,0.464146,0.459408,-0.102302,0.448878,0.554088,-0.278853,0.461871,0.456938,-0.081306,0.445895,0.54709,-0.249175,0.416071,0.531696,0.058258,0.389625,0.543371,-0.058273,0.456149,0.629429,0.054402,0.406058,0.674629,-0.133891,0.412921,0.717692,0.176744,0.349925,0.761419,-0.070449,0.396874,0.724525,0.184777,0.335495,0.771204,-0.062874,0.431978,0.76261,0.147218,0.35389,0.817343,-0.122198
1.7.26_AL1,167,,,1,867.22,563.77,0.9939,862.01,579.63,0.8873,0.422762,0.303209,-0.202499,0.416945,0.293259,-0.191224,0.416348,0.293036,-0.191415,0.415881,0.292797,-0.191393,0.415252,0.294111,-0.210424,0.413495,0.294832,-0.21061,0.411759,0.295816,-0.210718,0.407671,0.302236,-0.122358,0.401925,0.306091,-0.208444,0.422471,0.315623,-0.173687,0.420505,0.317276,-0.199654,0.426535,0.361845,-0.031732,0.387481,0.375629,-0.223806,0.444886,0.421536,0.001003,0.409341,0.469932,-0.244489,0.451104,0.467959,-0.070986,0.448961,0.536699,-0.255204,0.452687,0.48202,-0.082465,0.459201,0.557318,-0.284293,0.450791,0.476714,-0.102341,0.465272,0.553054,-0.286599,0.449895,0.471842,-0.080541,0.461789,0.545081,-0.25612,0.419888,0.528709,0.057435,0.394492,0.5428,-0.057467,0.469079,0.607296,0.001956,0.406123,0.674779,-0.132416,0.437473,0.714061,0.15215,0.351213,0.761747,-0.05769,0.424069,0.726524,0.179278,0.336823,0.77168,-0.049849,0.464704,0.749365,0.111265,0.355036,0.817179,-0.120976
1.7.26_AL1,168,898.64,552.08,0,898.64,552.08,0.9961,900.22,569.11,0.8842,0.427259,0.304067,-0.21416,0.42148,0.294188,-0.202934,0.420988,0.293983,-0.203129,0.42065,0.29372,-0.203124,0.419937,0.295113,-0.222577,0.418361,0.295839,-0.222764,0.416447,0.296844,-0.222874,0.412539,0.303096,-0.134177,0.40609,0.307344,-0.222471,0.426968,0.316618,-0.185308,0.424714,0.318263,-0.211973,0.43195,0.360001,-0.040527,0.391647,0.375723,-0.240011,0.452235,0.399934,0.012253,0.420622,0.468512,-0.266093,0.470338,0.394726,-0.055485,0.468862,0.526958,-0.266676,0.47666,0.388214,-0.054536,0.478512,0.542469,-0.293804,0.475125,0.38086,-0.07599,0.483575,0.534872,-0.295058,0.472091,0.388489,-0.062162,0.479987,0.531603,-0.267413,0.426056,0.526615,0.058157,0.399975,0.542848,-0.058187,0.479815,0.596766,0.002715,0.408797,0.675128,-0.138313,0.464092,0.711407,0.142946,0.352117,0.76163,-0.058388,0.450954,0.727868,0.169289,0.337174,0.771263,-0.051593,0.496183,0.736771,0.101107,0.357146,0.817125,-0.118373
1.7.26_AL1,169,,,1,933.32,542.44,0.9966,923.56,552.76,0.8862,0.432258,0.304471,-0.21162,0.426445,0.293706,-0.200333,0.425767,0.2934,-0.200512,0.425268,0.29305,-0.200487,0.424949,0.294792,-0.221962,0.423428,0.295533,-0.222135,0.421928,0.296474,-0.222218,0.416723,0.303378,-0.131238,0.41205,0.307267,-0.227835,0.431536,0.317108,-0.182611,0.429712,0.318811,-0.211757,0.435392,0.356335,-0.046012,0.400116,0.37657,-0.251959,0.455709,0.399275,-0.076717,0.431334,0.466443,-0.284731,0.480166,0.368625,-0.229064,0.481019,0.511814,-0.280906,0.485821,0.362703,-0.255857,0.493054,0.526576,-0.310394,0.481998,0.351399,-0.271834,0.497116,0.515321,-0.310901,0.47927,0.356611,-0.239963,0.49308,0.512683,-0.281351,0.433908,0.524454,0.058866,0.40817,0.542873,-0.058904,0.491511,0.587524,-0.007928,0.411616,0.675451,-0.123318,0.494479,0.703676,0.117722,0.354494,0.760846,-0.018627,0.482784,0.726701,0.136169,0.339849,0.768746,-0.010409,0.526331,0.719497,0.065944,0.358615,0.816978,-0.076027
1.7.26_AL1,170,943.0,510.0,0,943.27,503.8,0.9971,947.66,519.27,0.8933,0.436442,0.30525,-0.218454,0.431019,0.294529,-0.208827,0.430126,0.294378,-0.209043,0.429367,0.294211,-0.209009,0.429936,0.295336,-0.229503,0.428411,0.295971,-0.229676,0.426854,0.296865,-0.229792,0.421052,0.303261,-0.144421,0.417011,0.306907,-0.237665,0.434665,0.318158,-0.190788,0.433455,0.319499,-0.218894,0.435695,0.352462,-0.057802,0.406988,0.376649,-0.256973,0.444997,0.412406,-0.028478,0.441166,0.456975,-0.286709,0.44906,0.449081,-0.11091,0.493572,0.480807,-0.283931,0.451528,0.484691,-0.127837,0.506233,0.49945,-0.31517,0.449812,0.47946,-0.144578,0.509384,0.488013,-0.310876,0.449302,0.470072,-0.121213,0.505678,0.481333,-0.282534,0.442153,0.521228,0.058303,0.415193,0.542695,-0.058338,0.503741,0.57912,0.017007,0.41428,0.675277,-0.090674,0.520636,0.689837,0.134863,0.358173,0.75925,-0.009955,0.510641,0.719167,0.145991,0.344579,0.764647,-0.003913,0.55483,0.696089,0.092043,0.361023,0.81677,-0.068209
1.7.26_AL1,171,962.0,483.0,0,953.24,474.86,0.9951,976.87,487.57,0.8917,0.44126,0.304626,-0.201721,0.436172,0.294362,-0.191812,0.435816,0.294129,-0.191996,0.43558,0.293801,-0.191971,0.434705,0.295478,-0.209698,0.43304,0.296285,-0.209855,0.431129,0.297343,-0.209938,0.427493,0.30254,-0.129659,0.421806,0.307219,-0.20961,0.44038,0.317403,-0.175732,0.438565,0.319285,-0.199865,0.443956,0.345916,-0.060452,0.413838,0.37706,-0.230896,0.480848,0.363347,-0.124387,0.455136,0.43932,-0.261239,0.483335,0.325536,-0.293634,0.508786,0.451456,-0.258852,0.485614,0.322993,-0.324851,0.519879,0.465878,-0.287831,0.479745,0.320153,-0.335177,0.521704,0.457374,-0.287225,0.478707,0.324532,-0.302552,0.517298,0.452783,-0.258984,0.450407,0.518235,0.05143,0.422262,0.541714,-0.05152,0.512608,0.569128,-0.0036,0.416646,0.674915,-0.098285,0.546386,0.672199,0.065114,0.359863,0.758223,-0.047482,0.541659,0.703587,0.067878,0.345315,0.76266,-0.047713,0.582536,0.671646,0.004356,0.361254,0.815777,-0.123612
1.7.26_AL1,172,,,1,963.21,448.89,0.9946,979.34,442.15,0.8732,0.44786,0.305286,-0.215218,0.443441,0.295519,-0.204888,0.442889,0.295189,-0.205076,0.442418,0.294754,-0.205047,0.44174,0.296701,-0.222344,0.439839,0.297526,-0.22249,0.437588,0.298603,-0.222586,0.434284,0.301999,-0.138428,0.427332,0.307897,-0.216801,0.446381,0.317634,-0.187606,0.444257,0.319599,-0.211453,0.449235,0.341846,-0.068357,0.420131,0.377076,-0.234627,0.487755,0.355883,-0.139641,0.457631,0.416168,-0.285365,0.491646,0.300981,-0.299082,0.510074,0.409394,-0.295443,0.491596,0.287377,-0.328654,0.523314,0.423299,-0.326973,0.484134,0.281036,-0.336375,0.525384,0.41708,-0.322945,0.483677,0.285668,-0.306541,0.519868,0.411958,-0.295037,0.461148,0.515127,0.049843,0.431005,0.540297,-0.049921,0.523761,0.563902,0.014812,0.418197,0.673575,-0.108575,0.566834,0.648281,0.084944,0.361081,0.757379,-0.085173,0.564761,0.679428,0.087851,0.345654,0.762719,-0.085748,0.602974,0.642868,0.02483,0.361555,0.814951,-0.167132
1.7.26_AL1,173,,,1,986.06,412.87,0.9966,989.8,415.63,0.8819,0.454431,0.303906,-0.200691,0.449682,0.294764,-0.18937,0.449204,0.29432,-0.189552,0.448771,0.293726,-0.189515,0.447915,0.296378,-0.208611,0.446121,0.297452,-0.20877,0.44416,0.298698,-0.208877,0.441278,0.300482,-0.118599,0.435278,0.307303,-0.204873,0.453274,0.316192,-0.171163,0.45062,0.318273,-0.197444,0.457039,0.338058,-0.04465,0.42815,0.37272,-0.221959,0.495427,0.318212,-0.092019,0.463403,0.39848,-0.272655,0.493829,0.250024,-0.235542,0.515522,0.384844,-0.291015,0.48974,0.235635,-0.26347,0.528988,0.387669,-0.324613,0.483254,0.235654,-0.272204,0.52999,0.379713,-0.320299,0.48418,0.240501,-0.243505,0.525231,0.380125,-0.290648,0.471085,0.513753,0.049548,0.439068,0.539396,-0.049645,0.535671,0.55787,0.037608,0.419716,0.672521,-0.095457,0.588481,0.626836,0.090785,0.364366,0.755469,-0.04569,0.587042,0.654725,0.08938,0.349854,0.759104,-0.043486,0.623742,0.621864,0.04035,0.363205,0.813135,-0.147231
1.7.26_AL1,174,,,1,972.28,380.83,0.9899,955.63,391.89,0.8932,0.462279,0.299912,-0.156873,0.456384,0.292163,-0.143057,0.455666,0.292006,-0.143213,0.455013,0.291749,-0.143207,0.454866,0.293523,-0.162244,0.453134,0.294707,-0.162383,0.451418,0.296066,-0.162507,0.447632,0.297947,-0.064378,0.44296,0.304841,-0.15407,0.460815,0.312734,-0.124244,0.458135,0.314786,-0.151408,0.465737,0.333209,0.003054,0.432077,0.36483,-0.177129,0.50287,0.302288,-0.033376,0.456733,0.38598,-0.258316,0.501644,0.218986,-0.148543,0.497726,0.362866,-0.325082,0.493752,0.198479,-0.179841,0.51314,0.36309,-0.363819,0.487228,0.195874,-0.16527,0.51387,0.354542,-0.355016,0.490209,0.20416,-0.147331,0.51009,0.355235,-0.324102,0.480859,0.51314,0.051465,0.447436,0.538762,-0.051538,0.545821,0.551618,0.073908,0.423275,0.67123,-0.106666,0.606593,0.607804,0.139453,0.367355,0.753376,-0.061122,0.608289,0.631484,0.140091,0.353284,0.753767,-0.058871,0.63947,0.602471,0.073098,0.363472,0.812795,-0.14836
1.7.26_AL1,175,1003.0,335.0,0,969.39,332.41,0.9815,978.83,343.07,0.9036,0.468262,0.302061,-0.20265,0.463319,0.29362,-0.192955,0.462716,0.293334,-0.193154,0.462264,0.292958,-0.193144,0.461449,0.294939,-0.211927,0.459622,0.295972,-0.212108,0.457699,0.29719,-0.212244,0.455029,0.298672,-0.120651,0.448708,0.305767,-0.207143,0.467722,0.314317,-0.171586,0.46499,0.316411,-0.19811,0.474503,0.333983,-0.04528,0.44174,0.365214,-0.218143,0.507107,0.282857,-0.063467,0.470449,0.362152,-0.301341,0.506198,0.199677,-0.175718,0.509805,0.317658,-0.374446,0.500332,0.178723,-0.201327,0.523334,0.310993,-0.416697,0.495046,0.175677,-0.210627,0.522241,0.305287,-0.413429,0.499806,0.187219,-0.183457,0.51989,0.310316,-0.376322,0.491829,0.513184,0.050418,0.456105,0.538904,-0.050539,0.55944,0.54654,0.064196,0.426829,0.667708,-0.106818,0.620397,0.589724,0.13963,0.372552,0.751376,-0.040432,0.621347,0.612216,0.142784,0.358939,0.75171,-0.03536,0.655884,0.583106,0.076581,0.364916,0.810834,-0.138049
1.7.26_AL1,176,987.0,309.0,0,998.19,228.75,0.9866,988.16,234.76,0.9099,0.477486,0.299828,-0.187268,0.471619,0.292467,-0.176715,0.471023,0.292144,-0.17692,0.470578,0.291768,-0.1769,0.469388,0.293915,-0.199681,0.467365,0.294858,-0.199884,0.465464,0.296009,-0.200023,0.464057,0.298088,-0.10675,0.457991,0.304654,-0.21247,0.47682,0.312048,-0.156994,0.474252,0.314244,-0.188714,0.476347,0.338186,-0.029613,0.450991,0.360207,-0.23273,0.510503,0.283938,-0.043654,0.505008,0.296101,-0.302009,0.515952,0.19899,-0.09856,0.514668,0.217369,-0.326427,0.50633,0.204181,-0.113352,0.516841,0.18999,-0.363637,0.502316,0.197659,-0.130759,0.511599,0.186041,-0.35895,0.504266,0.202796,-0.109154,0.511067,0.194824,-0.327358,0.498755,0.513506,0.051494,0.463873,0.538987,-0.051632,0.568027,0.543968,0.069847,0.431766,0.662094,-0.081354,0.632684,0.581886,0.17108,0.382328,0.746857,0.063179,0.632916,0.600147,0.176163,0.373816,0.745392,0.076058,0.665404,0.579496,0.105091,0.365508,0.802546,-0.000914
1.7.26_AL1,177,996.0,272.0,0,992.02,212.26,0.9809,997.95,236.55,0.9155,0.477459,0.29504,-0.179096,0.472513,0.288982,-0.171402,0.472639,0.288892,-0.171545,0.47278,0.288704,-0.171536,0.469875,0.290877,-0.197821,0.468192,0.292215,-0.198104,0.466609,0.293431,-0.198397,0.46984,0.295652,-0.091974,0.4617,0.30351,-0.175915,0.479207,0.306285,-0.155601,0.475671,0.30917,-0.182137,0.489235,0.332378,-0.024504,0.453517,0.352778,-0.195003,0.520829,0.266809,-0.034401,0.494503,0.288172,-0.276156,0.523643,0.19326,-0.098543,0.519768,0.21903,-0.302499,0.520061,0.192144,-0.113802,0.526158,0.215302,-0.340856,0.514423,0.183343,-0.130903,0.52396,0.210272,-0.335492,0.514233,0.175681,-0.109042,0.522009,0.213591,-0.3034,0.508252,0.511541,0.046672,0.473659,0.536623,-0.046853,0.578682,0.544993,0.068215,0.440636,0.657948,-0.077581,0.648775,0.573352,0.15251,0.390352,0.744069,0.037419,0.648665,0.585085,0.156911,0.385252,0.745571,0.046441,0.676374,0.580472,0.09728,0.36828,0.797369,-0.0314
1.7.26_AL1,178,997.41,243.49,0,969.86,244.3,0.9848,997.41,243.49,0.8745,0.479313,0.293213,-0.017791,0.477699,0.287157,-0.001773,0.478213,0.287324,-0.001946,0.478657,0.287411,-0.001896,0.473505,0.289112,-0.0141,0.472139,0.290778,-0.014317,0.470686,0.291952,-0.01444,0.478353,0.294937,0.065402,0.46758,0.300666,0.011027,0.481579,0.303472,0.007603,0.478357,0.305315,-0.009504,0.501023,0.330094,0.102845,0.457005,0.348335,-0.019607,0.527778,0.247601,0.111891,0.48432,0.273176,-0.067788,0.5286,0.21365,0.061538,0.519483,0.225451,-0.079713,0.527793,0.206329,0.054336,0.526451,0.222976,-0.10529,0.52282,0.201475,0.042786,0.527017,0.216718,-0.096825,0.523423,0.202092,0.055697,0.524051,0.221883,-0.07867,0.518433,0.509285,0.038043,0.484037,0.533308,-0.03826,0.588523,0.547866,0.05152,0.452477,0.652405,-0.078228,0.653996,0.573838,0.145643,0.40151,0.741933,0.018157,0.656152,0.58046,0.151096,0.397107,0.746681,0.025294,0.687723,0.589601,0.093694,0.375424,0.792769,-0.05008
1.7.26_AL1,179,979.19,232.86,0,966.86,223.2,0.9729,979.19,232.86,0.8737,0.489182,0.292227,-0.063665,0.488159,0.287022,-0.04786,0.489157,0.28726,-0.048034,0.490143,0.287417,-0.047994,0.482898,0.289165,-0.058872,0.480693,0.290866,-0.059089,0.478512,0.292149,-0.0592,0.489386,0.294041,0.024458,0.475394,0.300146,-0.02373,0.491792,0.302468,-0.035741,0.486768,0.304211,-0.051508,0.513973,0.325768,0.069863,0.460822,0.348158,-0.042159,0.532414,0.249705,0.078589,0.47549,0.272318,-0.117958,0.529077,0.202908,0.036154,0.509995,0.21561,-0.160162,0.530052,0.19094,0.028314,0.519416,0.202556,-0.188815,0.526686,0.193183,0.018413,0.521142,0.201942,-0.179835,0.526495,0.197093,0.03107,0.518898,0.206846,-0.159245,0.528683,0.506763,0.030832,0.492967,0.529567,-0.03106,0.594896,0.553365,0.043816,0.46484,0.648906,-0.069956,0.658347,0.57852,0.141083,0.414871,0.740044,0.012788,0.661129,0.586183,0.145807,0.41252,0.748052,0.018668,0.689296,0.601061,0.089715,0.390627,0.789196,-0.052056
1.7.26_AL1,180,966.78,217.41,0,949.65,217.83,0.9877,966.78,217.41,0.8789,0.502486,0.294258,-0.185173,0.499812,0.288156,-0.171624,0.500476,0.288217,-0.171814,0.501261,0.288179,-0.171799,0.495522,0.290225,-0.180422,0.49314,0.291763,-0.180661,0.490633,0.292868,-0.180794,0.496862,0.29403,-0.092302,0.484689,0.300931,-0.119278,0.504659,0.304878,-0.153615,0.499711,0.306144,-0.166326,0.524039,0.328741,-0.03539,0.470901,0.35112,-0.100151,0.540991,0.256725,-0.02417,0.472504,0.269139,-0.155967,0.551745,0.174819,-0.023058,0.503529,0.201308,-0.166288,0.551493,0.161168,-0.021325,0.511732,0.186103,-0.195265,0.546614,0.158253,-0.024185,0.514669,0.18704,-0.197307,0.546508,0.166663,-0.02418,0.512858,0.193588,-0.169274,0.539602,0.503604,0.027305,0.502257,0.526599,-0.027456,0.6035,0.557553,0.069239,0.47505,0.6483,-0.04317,0.662732,0.586007,0.188781,0.426482,0.741201,0.039452,0.66579,0.59331,0.19647,0.426128,0.749735,0.045298,0.69154,0.614494,0.135965,0.400657,0.791446,-0.025151
1.7.26_AL1,181,933.31,205.52,0,933.31,205.52,0.9776,952.86,206.65,0.8865,0.512764,0.294868,-0.164986,0.507576,0.287722,-0.150999,0.507763,0.287588,-0.151182,0.508113,0.287405,-0.151156,0.504288,0.290015,-0.165414,0.502122,0.291583,-0.165623,0.499823,0.292936,-0.165742,0.50251,0.293485,-0.091861,0.492666,0.301309,-0.106823,0.514921,0.30602,-0.134349,0.510782,0.307827,-0.155454,0.531363,0.329163,-0.01432,0.478224,0.351405,-0.090665,0.54649,0.254942,-0.010587,0.46943,0.263325,-0.142966,0.561122,0.164697,-0.032444,0.49628,0.191338,-0.180739,0.564753,0.142203,-0.038136,0.502049,0.170225,-0.210522,0.563142,0.136677,-0.047776,0.504722,0.17093,-0.207225,0.560172,0.14876,-0.036766,0.50422,0.180006,-0.182463,0.546983,0.501195,0.020173,0.509462,0.524257,-0.020341,0.609794,0.561846,0.034755,0.488619,0.646261,-0.031306,0.671252,0.598486,0.11573,0.439709,0.742178,0.049349,0.676607,0.605611,0.118922,0.440187,0.751179,0.054356,0.695768,0.63345,0.040587,0.413734,0.790914,-0.017775
1.7.26_AL1,182,915.42,198.34,0,915.42,198.34,0.9772,937.32,198.75,0.8891,0.522299,0.293678,-0.250396,0.517611,0.286781,-0.236754,0.517739,0.28686,-0.236965,0.518031,0.286882,-0.236956,0.514406,0.289172,-0.248511,0.512093,0.291012,-0.248751,0.509741,0.292697,-0.24889,0.511576,0.294009,-0.157702,0.501351,0.301711,-0.203926,0.523555,0.305897,-0.217819,0.51936,0.308144,-0.234319,0.537267,0.33287,-0.094431,0.484733,0.352873,-0.168518,0.553445,0.261059,-0.099919,0.466605,0.267963,-0.232731,0.567136,0.172823,-0.177953,0.488186,0.184031,-0.295007,0.569782,0.147908,-0.198271,0.494044,0.162813,-0.329262,0.569481,0.142619,-0.215876,0.497122,0.161122,-0.32661,0.566794,0.15098,-0.188009,0.496496,0.169317,-0.298101,0.554825,0.500604,0.017593,0.518203,0.521899,-0.017767,0.61488,0.564969,-0.001777,0.498992,0.645139,-0.02156,0.677272,0.611308,0.056677,0.453095,0.740863,0.080097,0.682178,0.618734,0.057394,0.453499,0.75012,0.087159,0.70064,0.636465,-0.029056,0.423749,0.788483,0.016548
1.7.26_AL1,183,902.88,201.04,0,902.88,201.04,0.975,926.66,188.65,0.8695,0.531512,0.292928,-0.315805,0.525951,0.286918,-0.307189,0.525002,0.287135,-0.307439,0.524131,0.287263,-0.307436,0.524803,0.289437,-0.32763,0.523174,0.291352,-0.327859,0.521547,0.293076,-0.327993,0.515628,0.294491,-0.236204,0.512697,0.302057,-0.328385,0.530352,0.305635,-0.284361,0.529048,0.307999,-0.312474,0.533768,0.334205,-0.16192,0.498659,0.353991,-0.304281,0.564028,0.266928,-0.168619,0.467964,0.270089,-0.381252,0.580834,0.171373,-0.26136,0.482635,0.174676,-0.426378,0.582754,0.161887,-0.283372,0.493374,0.148863,-0.465173,0.583378,0.14468,-0.306205,0.492338,0.147906,-0.46013,0.581288,0.148583,-0.27454,0.490838,0.158515,-0.42904,0.555846,0.502791,0.026368,0.531989,0.521123,-0.026517,0.616685,0.568422,0.052779,0.507881,0.643727,-0.000709,0.677709,0.618268,0.138042,0.459941,0.741645,0.085856,0.681057,0.625341,0.140491,0.45902,0.749817,0.090892,0.699892,0.656331,0.048013,0.435754,0.787471,0.018204
1.7.26_AL1,184,882.19,201.45,0,882.19,201.45,0.9752,905.78,215.07,0.8656,0.540779,0.293464,-0.303232,0.536278,0.287034,-0.293969,0.536171,0.287303,-0.29422,0.536138,0.2875,-0.29422,0.533291,0.290269,-0.306628,0.531038,0.292691,-0.30687,0.528785,0.294997,-0.306997,0.528256,0.29537,-0.220976,0.520719,0.304928,-0.277548,0.54083,0.306248,-0.271793,0.537776,0.30812,-0.289512,0.551733,0.334184,-0.160891,0.501615,0.355164,-0.245605,0.575242,0.26768,-0.187394,0.468105,0.282364,-0.311655,0.589333,0.184905,-0.293364,0.471761,0.199138,-0.375504,0.593851,0.167772,-0.318072,0.467029,0.172306,-0.409903,0.591078,0.158439,-0.336445,0.472568,0.168327,-0.410403,0.588323,0.166673,-0.304484,0.476236,0.177838,-0.380434,0.570317,0.503246,0.019832,0.538588,0.521416,-0.019986,0.625601,0.57141,0.032765,0.514679,0.644901,-0.0192,0.677375,0.633976,0.13605,0.467537,0.740704,0.088354,0.677465,0.643815,0.139882,0.465501,0.746645,0.095685,0.698751,0.694354,0.047281,0.440214,0.788664,0.019874
1.7.26_AL1,185,870.07,218.98,0,870.07,218.98,0.9744,1138.71,216.26,0.876,0.541988,0.292242,-0.004973,0.53685,0.286899,-0.020297,0.535266,0.28747,-0.020483,0.534004,0.287937,-0.020517,0.538636,0.289224,-0.026209,0.53866,0.291231,-0.026424,0.53871,0.293123,-0.026501,0.528121,0.295596,-0.075838,0.535337,0.30382,-0.093893,0.539427,0.305455,-0.015036,0.542562,0.30595,-0.023882,0.518876,0.339254,-0.081186,0.559866,0.342388,-0.11503,0.501244,0.281506,-0.0946,0.578446,0.276423,-0.190413,0.475646,0.200108,-0.21753,0.593077,0.200237,-0.261568,0.468455,0.180272,-0.233782,0.602887,0.180695,-0.285343,0.477474,0.169507,-0.305805,0.59641,0.177339,-0.286487,0.481368,0.178106,-0.273326,0.592606,0.182547,-0.264748,0.550343,0.511021,0.013032,0.578053,0.513725,-0.013396,0.612767,0.627128,-0.027963,0.6257,0.608977,-0.037564,0.499016,0.714473,-0.079129,0.669802,0.69208,-0.028159,0.493809,0.717218,-0.086351,0.669589,0.704906,-0.029858,0.468194,0.76915,-0.144797,0.689625,0.73503,-0.071132
1.7.26_AL1,186,859.92,275.39,0,859.92,275.39,0.9939,1177.81,233.27,0.8834,0.546939,0.292556,0.040639,0.54247,0.287534,0.024184,0.540639,0.28848,0.023999,0.538933,0.289408,0.02399,0.546528,0.289431,0.020325,0.547226,0.291495,0.020122,0.548038,0.293383,0.020059,0.535513,0.298642,-0.030568,0.546943,0.303916,-0.045079,0.54539,0.305669,0.028681,0.550055,0.306821,0.022381,0.518149,0.347586,-0.060065,0.575003,0.340281,-0.066428,0.486768,0.291175,-0.087641,0.599367,0.270105,-0.105352,0.448142,0.222017,-0.161535,0.613443,0.215991,-0.130568,0.43826,0.203735,-0.177591,0.624536,0.202977,-0.146088,0.444937,0.193725,-0.23324,0.61735,0.202828,-0.151123,0.449501,0.200658,-0.195323,0.614259,0.204646,-0.133608,0.555309,0.518253,0.002948,0.589808,0.511881,-0.003315,0.588681,0.641698,-0.056635,0.635171,0.608443,-0.04725,0.482572,0.726913,-0.129192,0.676478,0.694299,-0.073727,0.478135,0.731028,-0.137954,0.672284,0.708634,-0.076689,0.453699,0.779919,-0.191278,0.697539,0.744281,-0.117832
1.7.26_AL1,187,845.0,296.0,0,847.09,291.83,0.9959,884.27,266.06,0.8806,0.566377,0.293356,-0.156613,0.560824,0.288462,-0.14866,0.559821,0.289275,-0.148872,0.559084,0.290079,-0.148835,0.560596,0.290464,-0.161794,0.559325,0.292442,-0.162002,0.558352,0.294258,-0.16209,0.551928,0.298993,-0.096438,0.551361,0.304504,-0.151436,0.564603,0.305908,-0.131793,0.56396,0.307308,-0.149972,0.572645,0.345878,-0.069928,0.535038,0.348523,-0.101425,0.597935,0.289179,-0.136999,0.593101,0.283387,-0.184915,0.614681,0.23689,-0.308493,0.460557,0.246348,-0.276755,0.622978,0.223936,-0.340064,0.447326,0.234037,-0.303556,0.622458,0.215212,-0.360295,0.448701,0.228432,-0.316225,0.617494,0.220637,-0.322965,0.455032,0.2326,-0.286194,0.582843,0.517324,0.013079,0.572413,0.522259,-0.013358,0.574856,0.645608,0.01059,0.598354,0.615784,-0.041524,0.504231,0.740174,0.063982,0.626349,0.70506,0.030098,0.499362,0.751183,0.065889,0.628904,0.71752,0.035334,0.496507,0.777226,-0.015931,0.641665,0.754355,-0.035537
1.7.26_AL1,188,844.0,340.0,0,840.66,332.07,0.9874,852.82,302.56,0.8852,0.577279,0.295065,-0.210371,0.571925,0.289274,-0.199129,0.571489,0.289768,-0.199361,0.571118,0.290299,-0.199335,0.570103,0.291733,-0.210891,0.568259,0.293785,-0.211093,0.566283,0.29578,-0.211182,0.564406,0.29913,-0.134192,0.558131,0.306782,-0.185451,0.577242,0.306877,-0.18402,0.574907,0.309794,-0.200363,0.59372,0.344012,-0.100354,0.536195,0.3577,-0.136811,0.621157,0.291829,-0.142568,0.55053,0.326833,-0.20473,0.638946,0.246247,-0.258629,0.444176,0.28015,-0.28274,0.645373,0.255372,-0.280801,0.430441,0.266853,-0.30858,0.639927,0.24953,-0.297791,0.431566,0.257613,-0.318228,0.639438,0.258217,-0.269342,0.436967,0.258961,-0.29108,0.603134,0.517359,0.016009,0.571414,0.523276,-0.016233,0.637865,0.638455,0.034256,0.553688,0.631893,-0.021787,0.663515,0.731811,0.165307,0.547306,0.706494,0.09957,0.659163,0.746381,0.173916,0.554426,0.722469,0.108546,0.681273,0.784205,0.102658,0.49968,0.756294,0.042654
1.7.26_AL1,189,858.04,391.76,0,858.04,391.76,0.9919,855.03,368.56,0.8954,0.587461,0.299057,-0.225601,0.582662,0.291797,-0.214463,0.582446,0.29175,-0.214693,0.582312,0.291729,-0.214673,0.580468,0.294722,-0.229098,0.578385,0.296771,-0.229338,0.576032,0.298898,-0.229484,0.576351,0.299925,-0.146253,0.567623,0.310709,-0.212622,0.589192,0.311318,-0.19759,0.586644,0.314169,-0.218062,0.603671,0.345302,-0.08614,0.5486,0.368455,-0.180695,0.634302,0.29874,-0.02174,0.517953,0.367957,-0.230747,0.657899,0.271035,0.015446,0.445327,0.341262,-0.293911,0.667592,0.279877,0.025826,0.430745,0.329532,-0.315782,0.668553,0.276493,0.000286,0.429758,0.322037,-0.324528,0.666864,0.281422,0.005517,0.43502,0.327025,-0.301396,0.611974,0.520697,0.020989,0.577415,0.526704,-0.021067,0.647208,0.643207,0.080732,0.546954,0.639204,-0.0585,0.67004,0.739826,0.217045,0.535001,0.710478,0.069625,0.663234,0.757337,0.22582,0.536226,0.724699,0.080377,0.692602,0.786877,0.157113,0.476415,0.760153,0.014267
1.7.26_AL1,190,885.0,447.0,0,922.51,434.08,0.9804,871.51,437.22,0.9012,0.598232,0.301018,-0.19759,0.592731,0.294061,-0.187993,0.59255,0.293956,-0.188221,0.592467,0.293825,-0.188195,0.590535,0.296715,-0.204793,0.588653,0.298607,-0.205041,0.586642,0.300591,-0.205197,0.586224,0.301409,-0.126159,0.578487,0.311782,-0.203206,0.599055,0.313733,-0.171313,0.596824,0.316532,-0.194834,0.613423,0.349404,-0.082133,0.557006,0.370837,-0.180796,0.644045,0.347219,0.074206,0.515312,0.402965,-0.227191,0.674779,0.340485,0.178163,0.453912,0.404832,-0.279265,0.682175,0.352108,0.203009,0.437602,0.39886,-0.304386,0.685623,0.346431,0.173983,0.43603,0.397124,-0.30802,0.684379,0.349172,0.16875,0.442278,0.40225,-0.285088,0.616978,0.525266,0.032335,0.583546,0.53216,-0.032289,0.647587,0.64818,0.104596,0.548903,0.643453,-0.08341,0.668928,0.748021,0.242767,0.53138,0.713563,0.055111,0.66302,0.767173,0.252075,0.525546,0.725803,0.066599,0.692496,0.787128,0.191755,0.471937,0.761664,0.004987
1.7.26_AL1,191,,,1,1038.34,462.58,0.9833,937.29,479.68,0.8911,0.610294,0.306593,-0.182927,0.605129,0.298871,-0.171912,0.604894,0.298594,-0.17213,0.604789,0.298231,-0.172103,0.603024,0.300997,-0.190167,0.601146,0.302535,-0.190405,0.599021,0.304327,-0.190556,0.597818,0.30512,-0.106716,0.589822,0.314781,-0.189306,0.610657,0.319139,-0.155325,0.608415,0.3215,-0.180476,0.620323,0.356358,-0.019656,0.569827,0.373441,-0.178611,0.650324,0.379793,0.138144,0.531661,0.405768,-0.272549,0.67954,0.373628,0.250056,0.488171,0.444145,-0.382493,0.686868,0.374733,0.275438,0.463759,0.447917,-0.413705,0.690553,0.371723,0.243988,0.464378,0.448537,-0.416679,0.691075,0.383371,0.239898,0.475908,0.449183,-0.388652,0.619579,0.532524,0.045197,0.586892,0.538672,-0.04515,0.650081,0.65328,0.11534,0.55088,0.648196,-0.095846,0.668903,0.752755,0.248065,0.526537,0.715252,0.048066,0.663159,0.772241,0.256378,0.522161,0.724833,0.059845,0.694392,0.78739,0.193068,0.472289,0.764723,-0.003251
1.7.26_AL1,192,,,1,1084.52,433.78,0.9848,987.62,537.84,0.8324,0.620668,0.309015,-0.236694,0.616058,0.300249,-0.222858,0.6158,0.299886,-0.223055,0.61565,0.299444,-0.222991,0.613972,0.302442,-0.243206,0.612044,0.303955,-0.243428,0.609565,0.306061,-0.243571,0.608139,0.306965,-0.135528,0.599272,0.317161,-0.228706,0.620775,0.321534,-0.201061,0.618347,0.324263,-0.229053,0.623719,0.359797,-0.036604,0.580977,0.384178,-0.197673,0.622743,0.437413,0.040203,0.547241,0.437941,-0.260427,0.626612,0.4921,0.051783,0.514384,0.497998,-0.316718,0.627194,0.504966,0.054204,0.499299,0.505093,-0.343334,0.629441,0.501926,0.05115,0.498569,0.506149,-0.393043,0.629682,0.497225,0.047545,0.506358,0.503307,-0.331361,0.623155,0.535798,0.047465,0.59237,0.54258,-0.047448,0.651387,0.655958,0.123557,0.555743,0.652253,-0.087663,0.668166,0.75081,0.252981,0.51648,0.717109,0.048366,0.661686,0.76973,0.260785,0.515631,0.722645,0.059546,0.690082,0.787353,0.188073,0.475337,0.766461,-0.012099
1.7.26_AL1,193,,,1,1074.19,581.99,0.9831,1047.12,558.33,0.754,0.628166,0.309119,-0.216994,0.624075,0.300442,-0.204064,0.623893,0.300151,-0.204281,0.623818,0.299792,-0.204226,0.622059,0.302434,-0.223381,0.620195,0.303874,-0.223621,0.618017,0.305864,-0.223786,0.617185,0.30746,-0.125854,0.608246,0.316945,-0.214205,0.628043,0.321666,-0.184494,0.625833,0.324195,-0.211214,0.631373,0.362591,-0.03273,0.589306,0.387872,-0.186128,0.628585,0.443789,0.084243,0.563465,0.456985,-0.139386,0.628228,0.50082,0.141966,0.545376,0.516972,-0.083559,0.62853,0.524892,0.154977,0.538724,0.527836,-0.090539,0.628561,0.515582,0.132465,0.539477,0.526785,-0.0986,0.631106,0.515692,0.134901,0.542824,0.521912,-0.085131,0.625601,0.537756,0.046528,0.594276,0.544078,-0.04651,0.651963,0.654036,0.115111,0.56026,0.653805,-0.083438,0.667655,0.749712,0.243907,0.510853,0.719064,0.049233,0.661919,0.769775,0.252437,0.507319,0.720385,0.059696,0.690828,0.786338,0.188774,0.476009,0.767841,-0.009141
1.7.26_AL1,194,,,1,1145.42,583.23,0.9674,1204.65,571.82,0.7147,0.637233,0.309076,-0.174179,0.632782,0.30017,-0.156309,0.632263,0.299901,-0.156478,0.631802,0.299584,-0.156412,0.631152,0.301737,-0.184135,0.629345,0.302776,-0.184331,0.627156,0.304316,-0.184466,0.623932,0.307374,-0.074348,0.617212,0.316263,-0.19856,0.635831,0.321586,-0.139571,0.63454,0.324014,-0.177484,0.631982,0.36986,0.018881,0.604591,0.385624,-0.193452,0.634524,0.456844,0.065943,0.612395,0.465251,-0.215705,0.65065,0.516951,0.029356,0.627421,0.529467,-0.123187,0.653687,0.528738,0.028303,0.62865,0.545609,-0.161801,0.656189,0.52303,0.006446,0.630007,0.540794,-0.121755,0.65518,0.518763,0.01977,0.629461,0.533975,-0.110953,0.621931,0.537204,0.061471,0.594632,0.543034,-0.061452,0.649452,0.649556,0.104922,0.566509,0.654651,-0.085475,0.668349,0.749419,0.19529,0.51439,0.718999,0.04581,0.661675,0.769359,0.200593,0.508591,0.718766,0.053114,0.690933,0.786261,0.137683,0.485366,0.764944,-0.011015
1.7.26_AL1,195,,,1,1184.82,578.4,0.9815,1185.8,584.32,0.7167,0.646156,0.309049,-0.135182,0.64139,0.299809,-0.119965,0.640593,0.299522,-0.120116,0.639864,0.299229,-0.120083,0.639982,0.300809,-0.145289,0.638194,0.301375,-0.145451,0.636094,0.302401,-0.145536,0.630234,0.307269,-0.050087,0.624887,0.314806,-0.166131,0.643693,0.3215,-0.10678,0.642173,0.323746,-0.141355,0.633981,0.37185,0.033697,0.612508,0.383566,-0.188501,0.64089,0.46412,0.068753,0.608152,0.466711,-0.221744,0.671377,0.52726,0.014701,0.617604,0.541034,-0.189984,0.677734,0.530388,0.01249,0.619351,0.561394,-0.218465,0.678659,0.529701,-0.01194,0.624677,0.560448,-0.211281,0.676337,0.526322,0.003365,0.624616,0.552819,-0.191045,0.620721,0.536067,0.067337,0.59774,0.540285,-0.06733,0.646023,0.646475,0.122062,0.57145,0.654033,-0.079556,0.667088,0.746238,0.202003,0.521234,0.717205,0.041194,0.660539,0.766858,0.205297,0.515556,0.71487,0.048743,0.688126,0.784966,0.14942,0.497346,0.763844,-0.011641
1.7.26_AL1,196,,,1,1231.63,554.71,0.9911,1226.94,543.59,0.6552,0.652924,0.308921,-0.102579,0.648437,0.299763,-0.089019,0.647527,0.299468,-0.089173,0.646668,0.299188,-0.089096,0.646994,0.300306,-0.113563,0.645088,0.300446,-0.113745,0.642912,0.300988,-0.113828,0.636903,0.307103,-0.024311,0.632073,0.312504,-0.135625,0.649762,0.321367,-0.075958,0.648246,0.32351,-0.109229,0.631299,0.370897,0.047105,0.620492,0.383365,-0.167858,0.62554,0.455115,0.051703,0.6215,0.449126,-0.162023,0.634173,0.516549,-0.043015,0.63903,0.503326,-0.095344,0.636419,0.530974,-0.054397,0.64167,0.51745,-0.110202,0.63723,0.525035,-0.072457,0.641276,0.511218,-0.10781,0.636711,0.518816,-0.053306,0.639473,0.504959,-0.093161,0.620767,0.535797,0.062811,0.595395,0.533565,-0.062852,0.644701,0.644066,0.107711,0.575902,0.653116,-0.056818,0.666505,0.744146,0.186358,0.529356,0.713797,0.044327,0.660174,0.763877,0.190141,0.524339,0.71457,0.052251,0.687161,0.784215,0.138772,0.512469,0.757041,0.005905
1.7.26_AL1,197,,,1,1315.83,509.09,0.9561,1224.84,541.15,0.6294,0.657905,0.307837,-0.018944,0.652884,0.298439,-0.005135,0.651774,0.298333,-0.005246,0.650615,0.298299,-0.005211,0.652081,0.298526,-0.029654,0.650479,0.298614,-0.029831,0.648561,0.299105,-0.029904,0.642483,0.305917,0.051516,0.639275,0.308962,-0.060152,0.655003,0.320241,0.003957,0.654119,0.321854,-0.029293,0.636964,0.369301,0.115443,0.628085,0.368585,-0.114651,0.645528,0.45182,0.146703,0.624485,0.435989,-0.164839,0.676448,0.482929,0.091675,0.637937,0.501066,-0.160197,0.683778,0.487436,0.091115,0.641859,0.516277,-0.18195,0.683835,0.483343,0.069582,0.645509,0.513332,-0.177288,0.680606,0.482372,0.080941,0.644365,0.50645,-0.158967,0.620543,0.531136,0.064934,0.596109,0.525368,-0.064975,0.644499,0.643121,0.098834,0.579974,0.6521,-0.069934,0.666412,0.742824,0.14946,0.539441,0.709247,0.034058,0.659471,0.761802,0.151612,0.534332,0.711856,0.043141,0.68927,0.78395,0.111205,0.524292,0.755351,-0.004172
1.7.26_AL1,198,,,1,1327.3,471.7,0.9394,1329.94,501.4,0.6151,0.663551,0.308373,0.057491,0.659522,0.298586,0.066649,0.658725,0.298445,0.066541,0.657957,0.298391,0.066603,0.658451,0.298584,0.044465,0.656997,0.298625,0.044303,0.65541,0.299095,0.044249,0.649237,0.305908,0.097632,0.645735,0.308471,-0.003151,0.660859,0.320426,0.07183,0.660138,0.321892,0.041635,0.625146,0.368715,0.139375,0.646753,0.365521,-0.064998,0.624836,0.443132,0.163223,0.661691,0.426955,-0.075444,0.646148,0.476587,0.13606,0.692677,0.464261,0.004308,0.649781,0.483865,0.140066,0.698834,0.472263,-0.004881,0.652243,0.480114,0.125806,0.696964,0.468525,0.008326,0.652086,0.476877,0.129293,0.693319,0.465153,0.010924,0.609382,0.524148,0.061727,0.607782,0.520773,-0.061789,0.642939,0.64303,0.102028,0.585469,0.646261,-0.030972,0.664484,0.74061,0.151718,0.549585,0.7062,0.044071,0.657102,0.759889,0.153952,0.544194,0.711098,0.051489,0.686612,0.782319,0.140774,0.538096,0.753219,0.025693
1.7.26_AL1,199,,,1,1373.06,465.28,0.9889,1376.53,484.9,0.626,0.667158,0.309173,0.045346,0.663311,0.299363,0.052963,0.662212,0.299254,0.052827,0.661102,0.299234,0.052904,0.663295,0.298958,0.031511,0.662306,0.298778,0.031355,0.661393,0.299125,0.031282,0.652368,0.3059,0.084162,0.653149,0.306914,-0.013644,0.663637,0.321117,0.060489,0.663719,0.321895,0.031147,0.628209,0.363995,0.130316,0.649391,0.350572,-0.078093,0.619068,0.438887,0.159733,0.687928,0.417472,-0.11124,0.633875,0.492018,0.130718,0.716944,0.448984,-0.066582,0.635849,0.505442,0.133909,0.72642,0.455506,-0.084294,0.639153,0.503122,0.117233,0.723661,0.451791,-0.071293,0.639769,0.496874,0.123229,0.717891,0.449487,-0.061329,0.612441,0.513025,0.060771,0.602255,0.510918,-0.060827,0.644802,0.637932,0.108282,0.590543,0.635118,-0.00925,0.662462,0.738402,0.185576,0.560668,0.700137,0.089061,0.654146,0.757416,0.191148,0.554445,0.706458,0.097892,0.685692,0.781149,0.165769,0.552326,0.74988,0.063647
1.7.26_AL1,200,1400.95,464.45,0,1400.95,464.45,0.992,1397.22,476.53,0.6518,0.669821,0.312197,0.086444,0.665836,0.301321,0.095357,0.664669,0.301209,0.095228,0.663461,0.301199,0.095319,0.666157,0.3001,0.07417,0.665379,0.299504,0.074017,0.664659,0.299385,0.073931,0.655347,0.305959,0.12749,0.656901,0.3057,0.030422,0.66622,0.322686,0.101529,0.666649,0.322499,0.07244,0.630485,0.362351,0.167335,0.654504,0.33939,-0.049048,0.613903,0.433066,0.195578,0.697391,0.40083,-0.09836,0.627334,0.499758,0.16867,0.72772,0.441228,-0.07014,0.635333,0.515514,0.172255,0.734742,0.447159,-0.091272,0.631566,0.512763,0.15635,0.733652,0.444738,-0.076538,0.63072,0.505016,0.161625,0.728993,0.442214,-0.064635,0.614446,0.506017,0.061277,0.599131,0.504208,-0.061337,0.643039,0.631885,0.100682,0.593933,0.630766,-0.006601,0.660965,0.737286,0.189333,0.569801,0.694881,0.123043,0.652147,0.75616,0.196342,0.564023,0.699948,0.135477,0.685789,0.781632,0.163361,0.565765,0.748248,0.099186
1.7.26_AL1,201,1416.57,468.92,0,1416.57,468.92,0.9918,1418.39,473.43,0.6846,0.670408,0.314463,0.031102,0.666856,0.303746,0.037806,0.665925,0.303571,0.037648,0.664774,0.30338,0.037735,0.666514,0.301619,0.017013,0.665493,0.300389,0.016846,0.664614,0.299651,0.016739,0.657111,0.306273,0.070538,0.657264,0.304246,-0.024357,0.666289,0.324108,0.04716,0.666106,0.323088,0.018594,0.632703,0.360728,0.123576,0.654475,0.332883,-0.090581,0.613364,0.433744,0.167594,0.701584,0.391668,-0.137826,0.622847,0.496871,0.146269,0.738747,0.43836,-0.12467,0.628831,0.513467,0.149788,0.746999,0.449148,-0.149648,0.626814,0.511438,0.129927,0.746818,0.449661,-0.137842,0.626915,0.503703,0.137997,0.742643,0.446537,-0.120616,0.616867,0.505155,0.060431,0.59941,0.505606,-0.060493,0.643045,0.629743,0.120937,0.597664,0.627709,0.008094,0.658654,0.73744,0.218517,0.579416,0.692486,0.149668,0.64976,0.756693,0.225732,0.573738,0.697638,0.163022,0.683073,0.780388,0.19129,0.580923,0.745723,0.129232
1.7.26_AL1,202,1429.97,462.57,0,1429.97,462.57,0.9915,1430.17,473.42,0.7126,0.674058,0.315119,0.003361,0.669952,0.304043,0.012094,0.66877,0.303804,0.011925,0.66751,0.303604,0.012009,0.669855,0.301934,-0.010202,0.668833,0.300585,-0.01037,0.667849,0.299678,-0.010479,0.659056,0.30604,0.05458,0.659566,0.302837,-0.046683,0.669783,0.324351,0.023127,0.670192,0.323195,-0.007327,0.633882,0.356504,0.116572,0.659407,0.332315,-0.108579,0.613504,0.43077,0.170833,0.704315,0.389166,-0.153995,0.623143,0.496059,0.153096,0.744882,0.43835,-0.147435,0.625865,0.511963,0.157206,0.75434,0.449685,-0.173129,0.628127,0.505833,0.135439,0.754539,0.450178,-0.162139,0.628997,0.50296,0.144116,0.74974,0.448058,-0.143686,0.616595,0.499777,0.060789,0.600567,0.50348,-0.060867,0.643431,0.626751,0.111374,0.60196,0.626031,0.025265,0.657449,0.737409,0.201482,0.58722,0.689579,0.180598,0.648265,0.757445,0.207659,0.582283,0.695148,0.195296,0.682867,0.779959,0.170017,0.592306,0.741065,0.167488
1.7.26_AL1,203,1432.82,469.48,0,1432.82,469.48,0.9913,1428.67,475.18,0.7384,0.672265,0.314645,0.025944,0.66845,0.303798,0.033096,0.667359,0.303572,0.032923,0.666279,0.303388,0.03301,0.668846,0.30188,0.011883,0.668099,0.300532,0.011708,0.667465,0.299499,0.011601,0.658801,0.305686,0.065943,0.66064,0.301216,-0.030219,0.668276,0.324134,0.042176,0.668821,0.323168,0.013226,0.635618,0.354201,0.123912,0.661413,0.332335,-0.099671,0.619231,0.428636,0.174322,0.706337,0.389874,-0.137358,0.627209,0.487067,0.15887,0.744098,0.439978,-0.102433,0.627351,0.500652,0.164917,0.754058,0.4472,-0.125131,0.630151,0.500678,0.144398,0.755118,0.447035,-0.110544,0.631975,0.499505,0.150555,0.75084,0.446598,-0.096767,0.617025,0.497953,0.060454,0.6023,0.502104,-0.060535,0.642982,0.624618,0.103886,0.607307,0.623185,0.041692,0.656494,0.737832,0.193953,0.593588,0.688338,0.1942,0.646698,0.758159,0.19909,0.588524,0.694714,0.208783,0.682263,0.779352,0.154442,0.599736,0.741039,0.183375
1.7.26_AL1,204,1419.8,478.62,0,1419.8,478.62,0.9916,1423.81,479.04,0.7618,0.671252,0.315693,0.086509,0.667444,0.304369,0.090269,0.666375,0.304061,0.090105,0.665146,0.303777,0.090181,0.668814,0.302633,0.070024,0.668718,0.301209,0.069855,0.668767,0.299964,0.069757,0.658184,0.305666,0.103723,0.66389,0.301445,0.011936,0.667539,0.324527,0.095569,0.669012,0.323436,0.067961,0.637477,0.350977,0.147238,0.6626,0.331388,-0.078424,0.618456,0.427668,0.18025,0.705783,0.390175,-0.134302,0.625026,0.490124,0.1545,0.741569,0.443556,-0.109195,0.625642,0.50599,0.159518,0.750774,0.451338,-0.131744,0.628232,0.507005,0.141622,0.752497,0.450457,-0.116063,0.631149,0.506351,0.146849,0.74791,0.449493,-0.103211,0.612382,0.496679,0.061768,0.60744,0.501123,-0.061875,0.64555,0.622007,0.094974,0.614733,0.619075,0.045488,0.655981,0.737646,0.148162,0.598138,0.687712,0.17898,0.645426,0.758398,0.151068,0.591442,0.693443,0.191417,0.68291,0.778691,0.110441,0.605952,0.742268,0.161167
1.7.26_AL1,205,1412.2,485.83,0,1412.2,485.83,0.9847,1414.48,487.74,0.7841,0.673778,0.315291,0.08657,0.66929,0.304312,0.092744,0.668329,0.303971,0.092611,0.667306,0.303694,0.092682,0.669973,0.30245,0.07178,0.669573,0.300949,0.071617,0.669311,0.299649,0.071538,0.660147,0.304706,0.113967,0.663964,0.300517,0.019134,0.670423,0.324379,0.09805,0.671427,0.323066,0.069566,0.637031,0.348669,0.160741,0.665177,0.332529,-0.07031,0.617836,0.434961,0.195682,0.704209,0.392475,-0.127783,0.626754,0.495571,0.166498,0.736707,0.451614,-0.107864,0.625651,0.513856,0.170649,0.744312,0.465159,-0.130812,0.629155,0.512843,0.151743,0.745235,0.464011,-0.116328,0.631962,0.513311,0.15818,0.741325,0.461859,-0.102356,0.610495,0.497081,0.063634,0.610052,0.50196,-0.06375,0.647795,0.619352,0.071987,0.62257,0.621122,0.026415,0.65572,0.737755,0.122028,0.601044,0.690002,0.150999,0.644686,0.758958,0.124717,0.592856,0.694705,0.162652,0.682575,0.77804,0.08306,0.611713,0.744332,0.131049
1.7.26_AL1,206,1402.14,490.41,0,1402.14,490.41,0.9775,1403.43,493.94,0.8026,0.674797,0.315164,0.091835,0.670428,0.304106,0.101348,0.669308,0.303737,0.101222,0.668158,0.303488,0.1013,0.670888,0.302111,0.078672,0.670166,0.300535,0.078516,0.669522,0.299168,0.078442,0.660166,0.304006,0.133262,0.662787,0.299727,0.030655,0.670917,0.323914,0.106747,0.67173,0.32235,0.076013,0.64004,0.348819,0.182096,0.663736,0.332917,-0.062712,0.621393,0.437247,0.209372,0.702325,0.393734,-0.120314,0.628474,0.505477,0.169417,0.730954,0.457352,-0.093505,0.626934,0.516756,0.172904,0.737046,0.477178,-0.116013,0.631016,0.515801,0.153885,0.736761,0.478052,-0.102025,0.633896,0.516321,0.160725,0.733514,0.473379,-0.088011,0.617406,0.497343,0.068132,0.612506,0.503113,-0.068243,0.650375,0.617523,0.07839,0.630801,0.622839,0.006832,0.655133,0.737645,0.134712,0.602955,0.691641,0.127159,0.644228,0.759359,0.137181,0.592795,0.694276,0.138396,0.681973,0.777425,0.09554,0.613746,0.745616,0.097483
1.7.26_AL1,207,1390.97,508.77,0,1390.97,508.77,0.9791,1391.93,510.95,0.8201,0.676306,0.313477,0.061232,0.671535,0.301042,0.071722,0.670522,0.300651,0.071614,0.669523,0.300449,0.071683,0.671454,0.299245,0.050068,0.670468,0.297756,0.049903,0.669479,0.296455,0.049832,0.660835,0.301248,0.11158,0.661719,0.296976,0.0135,0.672714,0.32218,0.079009,0.672869,0.320316,0.049563,0.642094,0.34844,0.168857,0.663897,0.332047,-0.066764,0.626062,0.439066,0.196146,0.699884,0.399185,-0.102919,0.631135,0.510153,0.15135,0.724963,0.473105,-0.060799,0.630931,0.521949,0.153813,0.728034,0.494775,-0.079729,0.63303,0.523031,0.135592,0.728719,0.496272,-0.070041,0.635055,0.51738,0.143105,0.726536,0.490457,-0.056309,0.621302,0.498198,0.069138,0.617001,0.503225,-0.069245,0.649386,0.61802,0.083891,0.636768,0.623959,-0.045759,0.654894,0.738098,0.143093,0.602822,0.693061,0.061665,0.644466,0.760378,0.146172,0.592037,0.693694,0.072705,0.682621,0.77741,0.097181,0.614842,0.746882,0.053623
1.7.26_AL1,208,1377.92,523.08,0,1377.92,523.08,0.9739,1383.13,524.19,0.8326,0.677205,0.31273,0.025747,0.67201,0.299607,0.035439,0.67096,0.299271,0.035325,0.669982,0.299167,0.035389,0.671801,0.297649,0.01439,0.670712,0.296149,0.014219,0.669678,0.294833,0.014144,0.661669,0.299945,0.076928,0.661736,0.295321,-0.018372,0.674155,0.321422,0.044372,0.673983,0.319278,0.015719,0.644334,0.348691,0.140555,0.664152,0.332083,-0.085522,0.629871,0.440174,0.162287,0.695962,0.406879,-0.117138,0.631842,0.512983,0.139438,0.72038,0.485359,-0.068001,0.630472,0.525508,0.131156,0.721191,0.50493,-0.086581,0.632795,0.522398,0.120681,0.722445,0.506088,-0.078936,0.635548,0.522247,0.133139,0.721015,0.500643,-0.063997,0.625169,0.499807,0.071425,0.619642,0.503772,-0.071517,0.652017,0.617592,0.085296,0.642997,0.624652,-0.091972,0.653735,0.739936,0.145891,0.60549,0.694588,0.017684,0.643615,0.764216,0.148958,0.593124,0.694763,0.029364,0.682793,0.777545,0.109298,0.613891,0.747177,0.017853
1.7.26_AL1,209,1363.01,526.49,0,1363.01,526.49,0.9881,1366.76,535.01,0.8433,0.675565,0.308146,0.035115,0.670409,0.293576,0.04525,0.66944,0.293362,0.045148,0.668452,0.293325,0.045209,0.670192,0.292225,0.02341,0.669139,0.291274,0.023242,0.668084,0.290479,0.023187,0.659769,0.295494,0.085579,0.659926,0.293121,-0.01311,0.67368,0.318411,0.053102,0.673169,0.316242,0.023485,0.641981,0.348721,0.147379,0.665176,0.333344,-0.085601,0.630839,0.442245,0.16367,0.691607,0.412991,-0.109991,0.633267,0.516616,0.117739,0.711853,0.495383,-0.054841,0.632029,0.534119,0.11476,0.713545,0.516082,-0.070855,0.634555,0.524481,0.099121,0.715487,0.515855,-0.062543,0.637179,0.52566,0.109989,0.714213,0.510074,-0.050327,0.627529,0.50088,0.071906,0.62411,0.504557,-0.072,0.654992,0.618147,0.079548,0.647375,0.625542,-0.09172,0.65261,0.740782,0.117834,0.606176,0.69495,-0.00566,0.642702,0.765342,0.118802,0.593362,0.696251,0.003431,0.683161,0.777668,0.092881,0.613645,0.750936,-0.00934
1.7.26_AL1,210,1351.22,531.49,0,1351.22,531.49,0.989,1354.54,541.85,0.858,0.675402,0.302518,0.034006,0.670107,0.287828,0.042749,0.669126,0.287664,0.042644,0.668106,0.287571,0.042705,0.669746,0.286815,0.021984,0.668545,0.286279,0.021811,0.66722,0.28586,0.021758,0.659061,0.290881,0.078789,0.658618,0.290059,-0.015218,0.673636,0.314331,0.050522,0.67285,0.312206,0.022334,0.640755,0.345584,0.139303,0.665119,0.33332,-0.085879,0.628522,0.438081,0.159487,0.68912,0.420565,-0.116028,0.631701,0.512816,0.115517,0.70549,0.501714,-0.075994,0.630494,0.528971,0.116579,0.707377,0.521121,-0.092994,0.63444,0.520806,0.100127,0.708536,0.520823,-0.085131,0.635851,0.520717,0.108005,0.707308,0.515667,-0.072032,0.628309,0.501621,0.06998,0.628335,0.504727,-0.070091,0.654561,0.618413,0.071961,0.650525,0.626072,-0.079334,0.651608,0.741289,0.085497,0.607621,0.698573,-0.016531,0.641955,0.767143,0.084144,0.59339,0.697246,-0.010121,0.681739,0.777649,0.063417,0.61453,0.757252,-0.020331
1.7.26_AL1,211,1341.51,533.28,0,1341.51,533.28,0.9816,1342.42,546.4,0.8697,0.675608,0.297494,0.021564,0.670866,0.283675,0.029424,0.669843,0.283467,0.029279,0.668785,0.283282,0.029336,0.670388,0.282952,0.012646,0.669122,0.282554,0.012471,0.667681,0.282213,0.012369,0.658891,0.286504,0.066146,0.658032,0.286833,-0.025308,0.673128,0.31002,0.037638,0.67247,0.308636,0.01423,0.640815,0.342233,0.13005,0.661678,0.334213,-0.108465,0.631963,0.435227,0.157603,0.683605,0.421165,-0.140922,0.632547,0.503162,0.113005,0.699176,0.50593,-0.085315,0.630678,0.519194,0.114812,0.701271,0.525855,-0.107713,0.63405,0.511539,0.0972,0.702896,0.526023,-0.098607,0.635864,0.510822,0.10502,0.701513,0.520812,-0.08421,0.629934,0.502174,0.07396,0.628874,0.505403,-0.074082,0.656539,0.618454,0.089843,0.654068,0.62563,-0.069869,0.650935,0.741137,0.115565,0.609723,0.700311,-0.001401,0.641446,0.765887,0.117379,0.595676,0.697416,0.005354,0.679573,0.777464,0.069699,0.614824,0.761066,-0.01069
1.7.26_AL1,212,1329.36,537.98,0,1329.36,537.98,0.979,1334.46,548.05,0.8813,0.674648,0.292565,0.011241,0.670316,0.279744,0.018522,0.669143,0.279272,0.018443,0.668075,0.278887,0.018491,0.669957,0.279364,2.2e-05,0.668534,0.278808,-0.00015,0.667078,0.278405,-0.000216,0.658592,0.282675,0.05547,0.657321,0.283101,-0.037908,0.672047,0.304247,0.027878,0.671467,0.3035,0.002609,0.63985,0.339122,0.122109,0.663679,0.333871,-0.117346,0.63105,0.432738,0.151205,0.681219,0.423855,-0.147849,0.635153,0.498687,0.109233,0.695031,0.507449,-0.099991,0.633988,0.515589,0.109872,0.696797,0.528188,-0.120633,0.637774,0.506772,0.091652,0.698442,0.528262,-0.112867,0.638436,0.506959,0.100506,0.696909,0.52217,-0.097738,0.62769,0.502441,0.075426,0.633248,0.505919,-0.075557,0.652599,0.618778,0.123656,0.663361,0.624469,-0.083309,0.650459,0.741367,0.160448,0.612601,0.701785,-0.020844,0.641063,0.765454,0.161062,0.597617,0.697881,-0.014113,0.678313,0.776434,0.149911,0.615059,0.76276,-0.019166
1.7.26_AL1,213,1324.36,541.51,0,1324.36,541.51,0.9527,1328.3,548.62,0.8916,0.674323,0.288738,0.017802,0.670128,0.27706,0.025989,0.668931,0.276502,0.025902,0.667841,0.276072,0.025948,0.669715,0.276786,0.005239,0.668174,0.276171,0.005069,0.666632,0.275695,0.005009,0.658367,0.27967,0.061877,0.656676,0.280357,-0.034517,0.67141,0.300238,0.034352,0.670753,0.299933,0.006202,0.638991,0.335342,0.132735,0.663928,0.333378,-0.11705,0.630374,0.431938,0.156898,0.678738,0.425611,-0.147466,0.637005,0.50048,0.11146,0.691824,0.507982,-0.101494,0.639073,0.511273,0.114157,0.693033,0.529762,-0.118874,0.640474,0.508103,0.097773,0.694514,0.530303,-0.111779,0.641035,0.504821,0.103801,0.693082,0.523464,-0.098025,0.626242,0.50181,0.077604,0.636688,0.505888,-0.077738,0.650309,0.61886,0.119385,0.666182,0.623353,-0.104797,0.65007,0.741024,0.158897,0.616702,0.702331,-0.047555,0.640895,0.76471,0.159736,0.600971,0.698517,-0.041143,0.678125,0.776412,0.142476,0.617267,0.764253,-0.042767
1.7.26_AL1,214,1319.38,542.83,0,1319.38,542.83,0.9523,1322.28,547.51,0.9015,0.673535,0.284595,0.013781,0.669159,0.27263,0.020694,0.667979,0.272183,0.020657,0.666901,0.271908,0.020705,0.668742,0.272467,-0.001301,0.667204,0.272006,-0.001472,0.665631,0.271714,-0.001518,0.657624,0.276561,0.053615,0.655864,0.277112,-0.045918,0.67044,0.296011,0.028797,0.669948,0.296018,-0.00088,0.638002,0.333145,0.125569,0.663586,0.332883,-0.122565,0.632078,0.430811,0.151346,0.676432,0.426877,-0.154668,0.637336,0.498469,0.09876,0.688686,0.50695,-0.101787,0.638062,0.512881,0.102333,0.690681,0.528697,-0.122514,0.641548,0.506237,0.086565,0.692041,0.529276,-0.114452,0.642089,0.501982,0.091409,0.690292,0.522327,-0.099187,0.626707,0.500945,0.077288,0.638067,0.505604,-0.077412,0.649305,0.618352,0.122764,0.66765,0.622098,-0.102713,0.649751,0.740731,0.163369,0.61894,0.702373,-0.030266,0.640601,0.764101,0.164085,0.603155,0.69901,-0.022315,0.677414,0.776001,0.150433,0.618388,0.765645,-0.025775
1.7.26_AL1,215,1313.59,540.88,0,1313.59,540.88,0.9523,1320.31,544.88,0.9107,0.673128,0.280791,0.006358,0.668564,0.268927,0.01291,0.667395,0.268572,0.012873,0.66628,0.268361,0.012913,0.668143,0.2688,-0.008836,0.666586,0.268388,-0.009005,0.664965,0.268127,-0.009049,0.657501,0.273346,0.045262,0.655633,0.273901,-0.052431,0.669825,0.291943,0.02086,0.669346,0.292114,-0.008453,0.637105,0.331696,0.124868,0.66298,0.331541,-0.125989,0.633548,0.430071,0.145212,0.674177,0.426996,-0.158584,0.6385,0.495245,0.095098,0.687662,0.504518,-0.103768,0.640317,0.511342,0.099086,0.687881,0.527899,-0.125197,0.642224,0.509034,0.083212,0.68822,0.5283,-0.116465,0.642859,0.503609,0.087686,0.687553,0.521525,-0.101553,0.62707,0.501349,0.076879,0.639049,0.505593,-0.076999,0.648661,0.618375,0.120187,0.670022,0.619708,-0.102754,0.649627,0.740674,0.165712,0.619652,0.702221,-0.027684,0.640381,0.763682,0.166891,0.605811,0.699274,-0.019583,0.677234,0.775598,0.15628,0.619437,0.766284,-0.021274
1.7.26_AL1,216,1306.46,540.26,0,1306.46,540.26,0.9414,1317.55,544.48,0.9184,0.672619,0.277109,0.002158,0.667909,0.265355,0.00841,0.666722,0.26504,0.008359,0.66556,0.264893,0.008402,0.667587,0.265305,-0.013645,0.666087,0.264987,-0.013814,0.664461,0.264814,-0.013857,0.65719,0.269384,0.040546,0.655469,0.270845,-0.057984,0.669353,0.288358,0.016511,0.668916,0.288644,-0.013197,0.636292,0.330145,0.121532,0.662516,0.329746,-0.129057,0.633319,0.429468,0.138235,0.672828,0.427893,-0.158294,0.638948,0.494297,0.09082,0.686226,0.504146,-0.106423,0.641388,0.512614,0.095056,0.685306,0.526444,-0.124634,0.642886,0.512641,0.078616,0.684975,0.526512,-0.118489,0.643599,0.506247,0.083211,0.684353,0.519832,-0.103813,0.627388,0.501257,0.076976,0.638694,0.505228,-0.077085,0.64851,0.618289,0.124417,0.671413,0.618141,-0.107777,0.649416,0.740505,0.170774,0.62049,0.701026,-0.028088,0.640212,0.763657,0.171972,0.606603,0.698363,-0.019385,0.676839,0.775017,0.161211,0.622706,0.765881,-0.019901
1.7.26_AL1,217,1301.95,534.84,0,1301.95,534.84,0.9354,1312.75,541.88,0.9252,0.671473,0.275345,-0.003894,0.666867,0.263535,0.003265,0.665646,0.263185,0.003193,0.664512,0.263031,0.003242,0.666653,0.263536,-0.018972,0.665214,0.263238,-0.01915,0.663732,0.263098,-0.019206,0.655952,0.267787,0.038478,0.654756,0.26877,-0.060903,0.668311,0.286484,0.012024,0.667967,0.286823,-0.018009,0.635618,0.328179,0.119478,0.661823,0.328024,-0.131764,0.632359,0.426335,0.139469,0.672215,0.42747,-0.163778,0.639513,0.492774,0.098838,0.683724,0.501738,-0.111736,0.641801,0.511142,0.104699,0.681939,0.523427,-0.126394,0.643492,0.509576,0.086918,0.681776,0.523629,-0.122684,0.644268,0.504844,0.090965,0.681431,0.51712,-0.10896,0.627619,0.501366,0.078326,0.639567,0.504924,-0.078442,0.647877,0.618015,0.129905,0.672848,0.616113,-0.098497,0.649246,0.740346,0.176428,0.621612,0.699245,-0.019316,0.640126,0.763676,0.177748,0.606776,0.697577,-0.010719,0.676904,0.774811,0.167781,0.62444,0.765641,-0.011785
1.7.26_AL1,218,1300.56,532.49,0,1300.56,532.49,0.9376,1306.56,538.75,0.9316,0.670706,0.273178,-0.005983,0.666233,0.261549,0.001385,0.66501,0.26128,0.001301,0.663868,0.261163,0.00135,0.666009,0.261507,-0.020729,0.664561,0.26125,-0.020907,0.663037,0.261132,-0.020965,0.655491,0.265772,0.03728,0.654289,0.266496,-0.06177,0.667581,0.284308,0.01033,0.667195,0.284634,-0.019571,0.635043,0.326942,0.11802,0.66125,0.326877,-0.130851,0.632392,0.423899,0.136827,0.671397,0.42606,-0.164509,0.640251,0.491631,0.095554,0.680502,0.498844,-0.118068,0.642229,0.510295,0.101009,0.678768,0.52085,-0.131708,0.644232,0.507957,0.083409,0.679256,0.520496,-0.129503,0.645122,0.503603,0.087642,0.679176,0.514096,-0.115485,0.629123,0.500378,0.077709,0.640531,0.503485,-0.077825,0.647849,0.617242,0.128918,0.675011,0.613561,-0.101227,0.648944,0.740215,0.171971,0.623451,0.696795,-0.026092,0.63964,0.763434,0.173152,0.607927,0.695278,-0.017826,0.676637,0.773698,0.162226,0.628454,0.762154,-0.015536
1.7.26_AL1,219,1300.24,531.33,0,1300.24,531.33,0.9361,1303.11,537.23,0.9374,0.670133,0.273109,-0.021284,0.66567,0.261288,-0.014563,0.664483,0.260986,-0.014668,0.663284,0.260785,-0.014617,0.665496,0.261298,-0.036019,0.664193,0.261072,-0.036198,0.662686,0.260991,-0.036264,0.654801,0.265176,0.020559,0.653689,0.266133,-0.076392,0.66683,0.283927,-0.004633,0.666517,0.28431,-0.033753,0.634582,0.326258,0.098174,0.660921,0.325673,-0.140067,0.633347,0.422173,0.120728,0.671082,0.425799,-0.169279,0.641185,0.491117,0.081116,0.678704,0.497431,-0.123573,0.643429,0.509236,0.085149,0.677252,0.519942,-0.137439,0.64544,0.508225,0.067623,0.677879,0.519906,-0.135986,0.646194,0.502987,0.073221,0.677668,0.513913,-0.121286,0.630362,0.500618,0.076606,0.640896,0.503596,-0.07672,0.647903,0.617293,0.137288,0.675644,0.613031,-0.091915,0.648686,0.740102,0.181055,0.62586,0.696143,-0.0094,0.639499,0.763262,0.182062,0.608631,0.694744,-0.000656,0.676439,0.7733,0.172821,0.629107,0.760316,-0.008537
1.7.26_AL1,220,1303.02,530.61,0,1303.02,530.61,0.9179,1300.82,536.97,0.9426,0.669316,0.272726,-0.018403,0.664875,0.260883,-0.010881,0.663713,0.260651,-0.010997,0.66253,0.260476,-0.010942,0.664688,0.260875,-0.03263,0.663375,0.260719,-0.032807,0.661833,0.260738,-0.032884,0.653989,0.26505,0.026391,0.6528,0.266064,-0.072072,0.666042,0.28374,-0.001066,0.665714,0.284087,-0.030606,0.634239,0.326389,0.098559,0.660517,0.324803,-0.134309,0.633801,0.421426,0.124109,0.670753,0.425197,-0.168819,0.64182,0.49046,0.083441,0.677513,0.497192,-0.118113,0.64422,0.508881,0.086845,0.676479,0.52006,-0.131727,0.645994,0.50731,0.069506,0.677238,0.519888,-0.129808,0.646835,0.502649,0.075606,0.676866,0.513816,-0.115815,0.63131,0.500831,0.075809,0.641583,0.503402,-0.075926,0.647663,0.617452,0.128448,0.676594,0.612883,-0.098993,0.648045,0.740012,0.179634,0.626328,0.695416,-0.023287,0.638698,0.763097,0.180013,0.610037,0.693547,-0.014784,0.675971,0.773235,0.16102,0.62858,0.757667,-0.010286
1.7.26_AL1,221,1303.12,531.62,0,1303.12,531.62,0.9578,1300.37,535.21,0.9475,0.668641,0.27197,-0.016567,0.664228,0.260216,-0.0086,0.663069,0.259991,-0.008715,0.661905,0.259889,-0.00866,0.664003,0.260197,-0.030178,0.662649,0.260087,-0.030356,0.661104,0.260206,-0.030428,0.653308,0.264916,0.029613,0.652106,0.266022,-0.067987,0.665464,0.283037,0.001123,0.665092,0.283269,-0.028198,0.634014,0.326631,0.10065,0.660013,0.324641,-0.131778,0.633575,0.41863,0.125933,0.670571,0.424949,-0.165733,0.642449,0.490035,0.086145,0.677274,0.495567,-0.118877,0.645046,0.508642,0.09082,0.676441,0.518029,-0.131981,0.646824,0.506147,0.074016,0.677245,0.517879,-0.130213,0.647596,0.50222,0.078613,0.676815,0.511732,-0.116429,0.631616,0.50094,0.076094,0.641916,0.503024,-0.076222,0.647561,0.617561,0.126867,0.677211,0.612293,-0.099404,0.647097,0.739462,0.177888,0.627174,0.69526,-0.029088,0.637011,0.763076,0.175459,0.611177,0.693486,-0.021159,0.675548,0.773136,0.156095,0.628662,0.755769,-0.015166
1.7.26_AL1,222,1306.67,532.05,0,1306.67,532.05,0.9557,1300.37,534.99,0.9512,0.668087,0.271821,-0.010718,0.663656,0.260226,-0.004021,0.662514,0.259924,-0.004121,0.661364,0.259764,-0.004078,0.663426,0.260291,-0.024969,0.662097,0.260154,-0.025143,0.660572,0.260181,-0.025201,0.652763,0.2645,0.031302,0.651574,0.265781,-0.067646,0.664942,0.282961,0.004763,0.664559,0.283236,-0.023734,0.632402,0.326512,0.10106,0.659551,0.324985,-0.13013,0.632673,0.418225,0.127789,0.670647,0.424892,-0.157893,0.641987,0.489829,0.099527,0.677275,0.495357,-0.102195,0.643748,0.508442,0.106003,0.676496,0.517288,-0.113844,0.646647,0.505307,0.09033,0.677371,0.517002,-0.110637,0.647414,0.501449,0.092795,0.676879,0.51075,-0.099222,0.63073,0.501076,0.075552,0.643732,0.503052,-0.07568,0.647563,0.617553,0.127691,0.678069,0.612496,-0.095447,0.646294,0.739394,0.169215,0.627697,0.694581,-0.027621,0.635545,0.762975,0.165657,0.611898,0.692385,-0.019976,0.673317,0.77286,0.152776,0.627008,0.753481,-0.01224
1.7.26_AL1,223,1308.45,530.97,0,1308.45,530.97,0.9573,1300.94,534.35,0.9556,0.667706,0.27198,-0.011612,0.663291,0.260355,-0.004644,0.662228,0.259937,-0.004746,0.661188,0.25961,-0.004702,0.663011,0.260488,-0.025778,0.661681,0.260302,-0.025955,0.660155,0.260245,-0.026016,0.652646,0.264081,0.030828,0.651188,0.265515,-0.067124,0.664846,0.283193,0.004429,0.664308,0.283429,-0.024324,0.630004,0.326396,0.102076,0.659019,0.324903,-0.130949,0.631974,0.415465,0.134598,0.670912,0.42437,-0.158007,0.641576,0.489005,0.117734,0.677574,0.494773,-0.105049,0.64293,0.507957,0.125951,0.676849,0.516281,-0.117928,0.64631,0.504656,0.109654,0.677562,0.515849,-0.114032,0.646985,0.500854,0.111095,0.677072,0.509624,-0.101929,0.630758,0.501209,0.075473,0.644789,0.503197,-0.075612,0.647855,0.617644,0.132649,0.677619,0.612909,-0.092115,0.645639,0.739363,0.169101,0.627432,0.694291,-0.022727,0.634775,0.762853,0.164246,0.61279,0.691472,-0.014877,0.672588,0.772832,0.154457,0.625521,0.752919,-0.008206
1.7.26_AL1,224,1311.32,530.47,0,1311.32,530.47,0.9562,1302.7,533.39,0.9593,0.667534,0.271116,-0.016056,0.663078,0.259491,-0.009128,0.662112,0.259098,-0.009233,0.661154,0.258769,-0.009187,0.662771,0.25962,-0.030403,0.661475,0.259396,-0.030581,0.659962,0.259238,-0.030644,0.652574,0.262758,0.025881,0.650929,0.26432,-0.071487,0.66468,0.282411,0.000366,0.664238,0.282589,-0.028563,0.628182,0.326119,0.099348,0.65873,0.324649,-0.134579,0.631929,0.414554,0.133285,0.671329,0.423999,-0.161818,0.641447,0.486631,0.112002,0.678491,0.493882,-0.107755,0.642812,0.507674,0.118357,0.678433,0.51528,-0.119385,0.645719,0.504183,0.101706,0.679198,0.514835,-0.114807,0.646302,0.50024,0.10495,0.678273,0.508609,-0.104475,0.630884,0.502347,0.075237,0.645354,0.503254,-0.075379,0.647699,0.617685,0.135263,0.67679,0.613463,-0.084436,0.645105,0.739314,0.167761,0.626847,0.693145,-0.015161,0.634452,0.762752,0.162304,0.612414,0.690477,-0.006944,0.671754,0.772922,0.152583,0.626443,0.751642,-0.00212
1.7.26_AL1,225,1313.92,527.77,0,1313.92,527.77,0.9588,1304.34,532.65,0.9627,0.66696,0.272227,-0.001733,0.662775,0.260483,0.00487,0.661622,0.260042,0.004771,0.660466,0.259691,0.004814,0.662529,0.260587,-0.016035,0.661132,0.26031,-0.016207,0.659572,0.260106,-0.016255,0.651571,0.2635,0.035753,0.650441,0.264859,-0.059677,0.663422,0.283474,0.013563,0.663285,0.283603,-0.014918,0.626285,0.326922,0.10482,0.658588,0.324192,-0.126911,0.631455,0.414848,0.135049,0.671362,0.423859,-0.156388,0.641589,0.486293,0.111798,0.679343,0.493192,-0.106606,0.643064,0.507052,0.118024,0.679866,0.514298,-0.118972,0.645639,0.503976,0.102441,0.68067,0.513796,-0.114386,0.646069,0.499978,0.105152,0.679687,0.507702,-0.103302,0.630479,0.502365,0.074994,0.645897,0.503094,-0.075136,0.647568,0.617741,0.130674,0.676776,0.613319,-0.087775,0.64418,0.739289,0.138859,0.626166,0.693092,-0.049171,0.633358,0.762693,0.135301,0.611151,0.690342,-0.044704,0.67011,0.772662,0.12949,0.626537,0.750755,-0.040762
1.7.26_AL1,226,1317.38,524.53,0,1317.38,524.53,0.9523,1307.86,532.17,0.9658,0.666495,0.272571,0.006463,0.662387,0.260776,0.013254,0.661139,0.260264,0.013159,0.659871,0.259857,0.013204,0.662138,0.260901,-0.007711,0.660699,0.260573,-0.007887,0.659093,0.260308,-0.007939,0.650732,0.263614,0.043983,0.649823,0.264948,-0.051503,0.662529,0.283832,0.021785,0.662502,0.283923,-0.006783,0.624904,0.327226,0.111473,0.65822,0.323989,-0.120062,0.630799,0.414415,0.139969,0.672297,0.423586,-0.147108,0.641505,0.483925,0.116498,0.681175,0.49275,-0.096862,0.642892,0.506085,0.123488,0.68133,0.513577,-0.108615,0.646088,0.503912,0.108231,0.682071,0.51311,-0.104034,0.646514,0.498643,0.11004,0.681155,0.507097,-0.093394,0.630492,0.502397,0.074836,0.645994,0.502838,-0.074981,0.647533,0.617458,0.127622,0.675785,0.613713,-0.086738,0.643106,0.739081,0.130606,0.625657,0.693302,-0.044727,0.632184,0.762576,0.127734,0.610997,0.690211,-0.039931,0.668628,0.772163,0.12201,0.625961,0.749971,-0.035883
1.7.26_AL1,227,1319.63,524.83,0,1319.63,524.83,0.9536,1311.76,531.72,0.9674,0.665468,0.272905,0.007304,0.661522,0.260984,0.013977,0.660258,0.260441,0.013882,0.658957,0.260016,0.013924,0.661253,0.261156,-0.006702,0.659818,0.26083,-0.006877,0.658178,0.260575,-0.006929,0.649785,0.263841,0.044632,0.648895,0.265215,-0.049622,0.661264,0.284394,0.022516,0.661381,0.284461,-0.00567,0.624389,0.327675,0.111307,0.657861,0.324233,-0.117495,0.630354,0.414562,0.133313,0.672884,0.423399,-0.145202,0.641039,0.481234,0.102416,0.683211,0.49233,-0.094257,0.642657,0.504968,0.108366,0.683236,0.513152,-0.105468,0.64554,0.500509,0.096303,0.683925,0.512804,-0.100954,0.646016,0.496803,0.096817,0.683056,0.50676,-0.090756,0.630747,0.502719,0.074702,0.645834,0.502913,-0.074842,0.647402,0.616877,0.125875,0.674949,0.614004,-0.085326,0.641846,0.738765,0.122798,0.624974,0.693543,-0.04528,0.631207,0.762462,0.119475,0.609964,0.690544,-0.041178,0.668443,0.772166,0.112218,0.625374,0.749826,-0.038175
1.7.26_AL1,228,1325.43,524.44,0,1325.43,524.44,0.9298,1314.94,530.55,0.9693,0.664312,0.273369,0.016727,0.660425,0.261555,0.022963,0.659116,0.261011,0.022867,0.657759,0.260587,0.022908,0.660156,0.261739,0.002635,0.658738,0.261411,0.002456,0.65711,0.261144,0.002401,0.648611,0.264288,0.051037,0.647917,0.265642,-0.041452,0.659916,0.284786,0.030877,0.660141,0.284901,0.003169,0.624021,0.328041,0.114259,0.657637,0.324333,-0.110572,0.629069,0.414685,0.134788,0.672924,0.423224,-0.134043,0.64082,0.479319,0.108223,0.684864,0.49125,-0.075968,0.642551,0.499238,0.115055,0.685354,0.512327,-0.085491,0.64508,0.497047,0.102346,0.686101,0.511704,-0.080751,0.645636,0.490763,0.102712,0.685067,0.50566,-0.072174,0.630875,0.502741,0.074674,0.645517,0.502968,-0.074826,0.647283,0.616239,0.124103,0.674263,0.614294,-0.085976,0.641311,0.738374,0.11164,0.624391,0.693677,-0.058223,0.630968,0.762088,0.107845,0.609102,0.690604,-0.054833,0.668303,0.772089,0.101228,0.624865,0.750159,-0.05105
1.7.26_AL1,229,1322.17,521.46,0,1322.17,521.46,0.9512,1317.52,527.84,0.9715,0.663298,0.272553,0.011458,0.659264,0.260778,0.018218,0.657862,0.260224,0.018117,0.656435,0.259782,0.018162,0.659065,0.261003,-0.002367,0.657609,0.260694,-0.002545,0.655983,0.260429,-0.002604,0.647371,0.263846,0.049473,0.646795,0.265203,-0.044292,0.658882,0.284152,0.02661,0.659123,0.284335,-0.001431,0.623331,0.3281,0.113576,0.657469,0.324289,-0.11212,0.62903,0.415153,0.131101,0.672832,0.423001,-0.137368,0.641068,0.480242,0.102052,0.686206,0.488738,-0.082088,0.642626,0.499443,0.108952,0.687587,0.510173,-0.093284,0.6458,0.497949,0.096418,0.688608,0.509048,-0.087941,0.646308,0.490958,0.096491,0.687164,0.502949,-0.07825,0.630861,0.503117,0.074537,0.6451,0.502998,-0.074698,0.647006,0.61628,0.125543,0.673945,0.614469,-0.085794,0.640387,0.738363,0.125365,0.624348,0.693861,-0.047778,0.630028,0.762047,0.123372,0.609044,0.690832,-0.043253,0.666708,0.772139,0.112271,0.624116,0.750409,-0.039278
1.7.26_AL1,230,1324.5,522.61,0,1324.5,522.61,0.955,1319.01,526.36,0.9733,0.662396,0.272856,0.011389,0.658406,0.261035,0.018169,0.656965,0.260478,0.018067,0.655505,0.260031,0.018111,0.658205,0.261266,-0.002736,0.656708,0.260964,-0.002916,0.655071,0.260712,-0.002975,0.646494,0.264057,0.049248,0.645978,0.265398,-0.04553,0.657961,0.284438,0.026542,0.658149,0.284602,-0.001917,0.62307,0.328314,0.114639,0.656994,0.32448,-0.11312,0.628371,0.417375,0.140867,0.672747,0.422743,-0.139546,0.640808,0.479889,0.122859,0.686983,0.487372,-0.086677,0.642597,0.497902,0.131601,0.689072,0.508728,-0.098295,0.645483,0.496991,0.117242,0.689946,0.50779,-0.092511,0.645992,0.491017,0.11704,0.688406,0.501371,-0.082695,0.630538,0.503233,0.074558,0.644888,0.503115,-0.074721,0.64684,0.616335,0.124857,0.673993,0.614538,-0.088206,0.639924,0.738344,0.117265,0.624187,0.693993,-0.062736,0.629793,0.762015,0.113831,0.608682,0.691035,-0.059435,0.666957,0.772141,0.106255,0.62404,0.750437,-0.055444
1.7.26_AL1,231,1325.48,522.84,0,1325.48,522.84,0.9557,1319.87,525.96,0.9749,0.661234,0.273277,0.011875,0.657386,0.261449,0.018533,0.655951,0.260893,0.018431,0.65452,0.260445,0.018472,0.657147,0.261667,-0.002502,0.655616,0.261365,-0.002677,0.654014,0.261116,-0.002733,0.645431,0.264435,0.049066,0.644942,0.265782,-0.046276,0.656865,0.284839,0.026805,0.656972,0.284997,-0.001843,0.621435,0.328484,0.11422,0.655887,0.324669,-0.113836,0.626244,0.418674,0.139405,0.672575,0.422392,-0.140427,0.640564,0.479533,0.122621,0.687432,0.486997,-0.091338,0.642322,0.497086,0.129252,0.689958,0.508234,-0.103763,0.645245,0.496459,0.111273,0.691136,0.507411,-0.097992,0.645799,0.491075,0.114995,0.689746,0.501084,-0.087514,0.630284,0.503445,0.074559,0.644473,0.503227,-0.074723,0.646499,0.615447,0.128362,0.673771,0.614678,-0.090689,0.639574,0.738328,0.125709,0.6236,0.694042,-0.069518,0.629255,0.762004,0.123297,0.607974,0.690995,-0.066503,0.66535,0.772147,0.113055,0.623273,0.750611,-0.061915
1.7.26_AL1,232,1324.97,521.14,0,1324.97,521.14,0.9711,1320.5,525.48,0.9761,0.660408,0.273432,0.016728,0.656587,0.261548,0.022816,0.655263,0.260948,0.022716,0.653866,0.260463,0.022756,0.656274,0.261836,0.002206,0.654882,0.261533,0.002034,0.653341,0.26128,0.001982,0.644699,0.264363,0.050722,0.644201,0.265698,-0.043144,0.65637,0.284697,0.030695,0.656527,0.28487,0.002588,0.620897,0.328157,0.113802,0.655299,0.324829,-0.111618,0.624575,0.419414,0.133717,0.672445,0.422331,-0.140324,0.639908,0.479131,0.110736,0.687758,0.486553,-0.089656,0.642146,0.496067,0.117343,0.690209,0.507455,-0.101294,0.645123,0.495658,0.103995,0.691588,0.506446,-0.095303,0.645405,0.489192,0.104945,0.690348,0.500152,-0.085644,0.630163,0.503459,0.074306,0.644376,0.503292,-0.074477,0.645391,0.615542,0.129688,0.673283,0.61464,-0.088916,0.638768,0.738183,0.128525,0.623444,0.694147,-0.061424,0.628431,0.761985,0.125949,0.607629,0.691129,-0.058304,0.664735,0.771975,0.117472,0.623213,0.750368,-0.053644
1.7.26_AL1,233,1325.02,521.3,0,1325.02,521.3,0.96,1320.21,525.41,0.9779,0.659919,0.272995,0.013755,0.65607,0.261184,0.020777,0.654761,0.260539,0.020677,0.653363,0.260011,0.020722,0.655752,0.261533,-0.000178,0.654409,0.261209,-0.000349,0.652866,0.260919,-0.000404,0.644219,0.263917,0.047983,0.643573,0.26536,-0.044253,0.655762,0.284379,0.029013,0.655915,0.284588,0.000503,0.620988,0.328289,0.110636,0.653864,0.324859,-0.112321,0.623748,0.422304,0.139247,0.672354,0.422239,-0.139934,0.639695,0.480379,0.13494,0.687608,0.486492,-0.086842,0.641974,0.49692,0.14523,0.689974,0.507249,-0.098009,0.644992,0.496649,0.130129,0.691303,0.506209,-0.091551,0.64532,0.489471,0.129271,0.690002,0.500081,-0.082613,0.630045,0.50416,0.073717,0.644088,0.503661,-0.073893,0.644479,0.615636,0.133682,0.673195,0.614658,-0.08031,0.638289,0.738164,0.130006,0.623126,0.694284,-0.050804,0.628039,0.761956,0.126212,0.607469,0.691353,-0.046072,0.664701,0.772006,0.125109,0.622745,0.750262,-0.051103
1.7.26_AL1,234,1324.36,520.38,0,1324.36,520.38,0.9622,1320.24,525.33,0.979,0.659379,0.27306,0.011564,0.65559,0.261297,0.018629,0.654347,0.260629,0.018526,0.653019,0.260077,0.018572,0.655157,0.261668,-0.002267,0.653818,0.261329,-0.002439,0.652247,0.261025,-0.002496,0.643916,0.263878,0.047565,0.642888,0.265349,-0.044494,0.655421,0.284219,0.027044,0.655448,0.284443,-0.001366,0.621267,0.328405,0.112205,0.652675,0.324876,-0.114048,0.623742,0.422518,0.148941,0.672288,0.422204,-0.140658,0.639409,0.482912,0.141911,0.687627,0.48642,-0.087993,0.641825,0.496212,0.152553,0.689925,0.506996,-0.099084,0.644906,0.496027,0.13694,0.691202,0.506059,-0.092874,0.645205,0.488657,0.135925,0.689742,0.500036,-0.083751,0.629949,0.504738,0.074128,0.643977,0.504287,-0.074307,0.644206,0.61632,0.132385,0.673246,0.614649,-0.081557,0.637587,0.738156,0.129078,0.622953,0.694359,-0.059425,0.627294,0.761916,0.125491,0.607407,0.691394,-0.056091,0.664128,0.771908,0.121662,0.622375,0.750276,-0.05309
1.7.26_AL1,235,1324.26,520.65,0,1324.26,520.65,0.9606,1320.42,524.97,0.9799,0.658513,0.272981,0.017858,0.65462,0.261388,0.025196,0.653373,0.26074,0.025097,0.652107,0.260176,0.025134,0.654192,0.261769,0.003759,0.652792,0.261446,0.003578,0.651277,0.261144,0.003517,0.643266,0.263955,0.0553,0.642249,0.265395,-0.041183,0.654599,0.284006,0.032864,0.654622,0.28426,0.003694,0.621167,0.328187,0.121435,0.651806,0.324941,-0.113364,0.623674,0.420427,0.167191,0.672164,0.421599,-0.141434,0.638321,0.483535,0.165916,0.687719,0.486081,-0.090251,0.641757,0.495624,0.17813,0.690206,0.506182,-0.102218,0.644731,0.495507,0.162336,0.691239,0.505312,-0.096201,0.644752,0.487935,0.160025,0.689954,0.499476,-0.08629,0.629797,0.504741,0.074853,0.643731,0.504302,-0.075036,0.642997,0.61634,0.131047,0.673051,0.614322,-0.093214,0.637466,0.738576,0.114376,0.622646,0.694414,-0.081798,0.627372,0.762646,0.109829,0.607339,0.69151,-0.079767,0.663688,0.772038,0.104625,0.622088,0.750324,-0.076226
1.7.26_AL1,236,1323.1,519.52,0,1323.1,519.52,0.967,1320.66,524.57,0.981,0.658219,0.273055,0.016532,0.654246,0.261454,0.024428,0.652999,0.260812,0.024328,0.651737,0.260251,0.024363,0.653824,0.261823,0.002415,0.652441,0.261493,0.00223,0.650916,0.261178,0.002165,0.642836,0.263977,0.053831,0.641838,0.265406,-0.042303,0.654344,0.284017,0.032271,0.65436,0.28427,0.002421,0.620916,0.328237,0.115429,0.651028,0.324982,-0.113649,0.623048,0.420422,0.137423,0.672088,0.421287,-0.141873,0.638286,0.482475,0.108108,0.687846,0.485715,-0.090672,0.641695,0.495215,0.113662,0.69012,0.505758,-0.102667,0.6445,0.495061,0.099103,0.691312,0.504897,-0.096987,0.644487,0.488001,0.101864,0.69013,0.499056,-0.086821,0.629779,0.50474,0.073616,0.6434,0.504301,-0.073792,0.642912,0.615907,0.1302,0.672576,0.614272,-0.09163,0.636642,0.738255,0.122615,0.622366,0.694477,-0.06446,0.6267,0.762337,0.118782,0.607144,0.691417,-0.060612,0.663038,0.771847,0.118991,0.621879,0.749962,-0.060049
1.7.26_AL1,237,1326.14,520.13,0,1326.14,520.13,0.9511,1320.76,524.47,0.9816,0.657701,0.273131,0.015839,0.653634,0.261514,0.023001,0.652399,0.260863,0.022904,0.651137,0.260294,0.022934,0.653251,0.261895,0.001691,0.651895,0.261563,0.001505,0.650363,0.261246,0.00144,0.64219,0.263996,0.050757,0.641312,0.265402,-0.043086,0.653877,0.284026,0.030697,0.653902,0.284261,0.001747,0.620615,0.328157,0.113547,0.650417,0.325139,-0.113852,0.622485,0.420025,0.13817,0.672046,0.421242,-0.141811,0.637106,0.482776,0.11917,0.687898,0.485624,-0.088579,0.641232,0.494523,0.127484,0.689963,0.50527,-0.099603,0.643778,0.494397,0.113083,0.69101,0.504588,-0.093962,0.643768,0.488128,0.11342,0.689865,0.49877,-0.084564,0.629607,0.505055,0.073534,0.643144,0.504417,-0.073715,0.641724,0.615943,0.129481,0.672196,0.614271,-0.082853,0.636348,0.738122,0.125215,0.622198,0.694529,-0.056964,0.626703,0.762301,0.121978,0.606993,0.691453,-0.052342,0.662294,0.771752,0.118836,0.621708,0.749397,-0.052623
1.7.26_AL1,238,1324.87,519.66,0,1324.87,519.66,0.9469,1320.27,524.19,0.9824,0.657143,0.273034,0.017207,0.65313,0.261454,0.023951,0.651882,0.260795,0.023853,0.650617,0.260219,0.023889,0.652789,0.261849,0.002782,0.651434,0.261522,0.002598,0.64993,0.261198,0.002537,0.641782,0.263874,0.052162,0.641061,0.265191,-0.042757,0.653255,0.283809,0.031723,0.653312,0.284026,0.002895,0.620065,0.328216,0.115885,0.649788,0.325156,-0.113161,0.621593,0.42055,0.148061,0.671654,0.421017,-0.138169,0.635985,0.484231,0.136205,0.687639,0.485364,-0.080252,0.640834,0.494491,0.145903,0.689659,0.504916,-0.090458,0.64318,0.494308,0.13091,0.690721,0.504316,-0.084733,0.642971,0.487785,0.130324,0.689574,0.498566,-0.076036,0.628599,0.505141,0.073611,0.642964,0.50451,-0.073791,0.641649,0.616316,0.128871,0.672023,0.614312,-0.084625,0.63575,0.738114,0.124077,0.622051,0.694576,-0.062383,0.625943,0.762277,0.120635,0.606866,0.691477,-0.058877,0.662108,0.771751,0.116316,0.621638,0.74907,-0.054203
1.7.26_AL1,239,1322.93,519.41,0,1322.93,519.41,0.9454,1319.98,524.19,0.983,0.656633,0.272956,0.018063,0.652667,0.26139,0.025008,0.651388,0.260735,0.024907,0.6501,0.260143,0.024946,0.652342,0.261795,0.003734,0.650981,0.261468,0.003551,0.649478,0.261121,0.003487,0.641224,0.263797,0.054521,0.640643,0.265025,-0.041695,0.652644,0.283742,0.032778,0.652748,0.283918,0.003794,0.619964,0.32828,0.119407,0.649251,0.325269,-0.112706,0.621312,0.421067,0.155286,0.671352,0.420972,-0.137003,0.635545,0.483001,0.144448,0.687492,0.485362,-0.076868,0.640355,0.494497,0.154721,0.689441,0.50483,-0.087129,0.642538,0.494303,0.139372,0.690547,0.504274,-0.080807,0.642383,0.488262,0.138465,0.689386,0.498534,-0.072374,0.627825,0.505152,0.073805,0.642827,0.504523,-0.073985,0.64124,0.616868,0.128429,0.671803,0.614339,-0.088366,0.635159,0.738098,0.124828,0.621909,0.694615,-0.062853,0.625299,0.762258,0.121635,0.606687,0.691514,-0.059004,0.661244,0.771659,0.117321,0.620336,0.749089,-0.051919
1.7.26_AL1,240,1320.92,520.37,0,1320.92,520.37,0.9466,1319.76,524.08,0.9835,0.656038,0.27305,0.016538,0.652202,0.26148,0.023328,0.65092,0.260831,0.023226,0.649624,0.260247,0.023266,0.651866,0.261866,0.002253,0.650463,0.261531,0.002071,0.648972,0.261177,0.002009,0.640747,0.263851,0.053223,0.640201,0.265003,-0.042682,0.652003,0.283841,0.031196,0.652006,0.284009,0.002457,0.619364,0.328588,0.118469,0.648877,0.325557,-0.112825,0.620456,0.42193,0.159022,0.670788,0.420933,-0.136313,0.634435,0.484277,0.157849,0.687376,0.485256,-0.077296,0.639635,0.494375,0.169329,0.689402,0.504603,-0.087209,0.641623,0.494184,0.154047,0.690462,0.504132,-0.081405,0.641542,0.488432,0.152157,0.689365,0.49838,-0.073034,0.627591,0.505373,0.073792,0.64272,0.504557,-0.073972,0.64089,0.616889,0.128098,0.671606,0.614245,-0.087971,0.634637,0.738087,0.123253,0.621818,0.694499,-0.059335,0.624733,0.762241,0.119952,0.606413,0.69152,-0.055436,0.661383,0.771662,0.11609,0.620246,0.749012,-0.048872
1.7.26_AL1,241,1320.7,520.04,0,1320.7,520.04,0.9484,1318.9,523.93,0.9842,0.655156,0.272773,0.01597,0.651259,0.261408,0.022065,0.649965,0.26079,0.021964,0.648691,0.260221,0.022001,0.650902,0.261749,0.001234,0.649468,0.261403,0.00105,0.648039,0.261025,0.000987,0.63985,0.263753,0.049438,0.639359,0.264912,-0.045353,0.651125,0.283592,0.029542,0.651064,0.283794,0.001122,0.619289,0.328902,0.115467,0.648138,0.326053,-0.114679,0.620256,0.422489,0.155462,0.669577,0.421009,-0.137334,0.634178,0.483347,0.148528,0.686929,0.485117,-0.078657,0.639083,0.494411,0.158949,0.688924,0.504442,-0.088994,0.640929,0.494209,0.143385,0.689675,0.50402,-0.082944,0.640865,0.488843,0.142588,0.688632,0.498235,-0.074358,0.627145,0.505717,0.073783,0.642517,0.504817,-0.073962,0.640105,0.616654,0.132889,0.671498,0.614137,-0.07638,0.633641,0.73791,0.127879,0.620959,0.694491,-0.053918,0.623185,0.762216,0.124218,0.605805,0.69156,-0.050966,0.660528,0.771596,0.12079,0.62011,0.748555,-0.042487
1.7.26_AL1,242,1319.67,519.87,0,1319.67,519.87,0.9442,1317.56,523.85,0.9847,0.654929,0.272635,0.012771,0.650985,0.261345,0.018876,0.649652,0.260739,0.018771,0.648319,0.260186,0.018809,0.650655,0.26167,-0.002309,0.649227,0.261315,-0.002493,0.647777,0.260937,-0.002558,0.639326,0.263785,0.04638,0.639051,0.264937,-0.049716,0.650836,0.283519,0.026319,0.650767,0.283723,-0.002509,0.619218,0.329124,0.113823,0.64719,0.327225,-0.117886,0.620146,0.422474,0.155486,0.668469,0.421385,-0.13791,0.633941,0.482886,0.150885,0.686231,0.48505,-0.079517,0.638457,0.494455,0.161855,0.688565,0.504223,-0.090009,0.640249,0.494234,0.145629,0.689183,0.50375,-0.083752,0.640183,0.488656,0.144775,0.687859,0.497964,-0.075123,0.626489,0.505782,0.073788,0.642076,0.505083,-0.073967,0.639682,0.61668,0.132189,0.671404,0.614154,-0.071572,0.633121,0.737841,0.128416,0.620279,0.694439,-0.042307,0.62277,0.761947,0.125064,0.605304,0.691579,-0.038446,0.659258,0.771444,0.120931,0.61953,0.748305,-0.028961
1.7.26_AL1,243,1317.45,520.26,0,1317.45,520.26,0.9453,1315.85,523.85,0.9854,0.654488,0.272227,0.005376,0.650389,0.260908,0.012429,0.64905,0.260402,0.012324,0.647752,0.259945,0.012363,0.650051,0.261173,-0.00926,0.648589,0.260888,-0.009441,0.647166,0.260596,-0.009505,0.638643,0.263798,0.043494,0.63833,0.264946,-0.054554,0.650338,0.283314,0.020379,0.65023,0.283524,-0.009089,0.618922,0.329473,0.112811,0.646537,0.328437,-0.121295,0.619977,0.422523,0.153934,0.667697,0.421651,-0.141058,0.633969,0.482499,0.144553,0.685339,0.485048,-0.08096,0.638032,0.494493,0.154401,0.687917,0.504212,-0.091665,0.639796,0.494243,0.138175,0.688328,0.503719,-0.084838,0.640207,0.489663,0.138249,0.686972,0.497923,-0.076284,0.626281,0.505818,0.073916,0.641427,0.5053,-0.074093,0.639062,0.616692,0.131917,0.671172,0.614089,-0.072293,0.632597,0.737836,0.132022,0.619754,0.694461,-0.036476,0.622367,0.761937,0.129106,0.604752,0.691584,-0.031861,0.6583,0.771438,0.124365,0.618665,0.748369,-0.023999
1.7.26_AL1,244,1316.85,520.48,0,1316.85,520.48,0.9481,1314.83,523.79,0.9857,0.653854,0.272171,0.005448,0.649646,0.260787,0.012409,0.648248,0.260312,0.012304,0.646892,0.259889,0.012343,0.649321,0.261,-0.009174,0.647823,0.260715,-0.009355,0.646398,0.260436,-0.009419,0.637459,0.263787,0.042963,0.637212,0.264881,-0.054437,0.649554,0.283343,0.020397,0.649442,0.283533,-0.008927,0.618581,0.329634,0.111916,0.645808,0.328991,-0.121009,0.618997,0.423002,0.156141,0.666991,0.42198,-0.140222,0.633291,0.482201,0.157143,0.684809,0.484987,-0.078843,0.637316,0.494527,0.168818,0.687559,0.503979,-0.089193,0.63903,0.494265,0.152454,0.687819,0.503471,-0.082483,0.63922,0.489355,0.151085,0.686461,0.497703,-0.074232,0.625557,0.506157,0.073913,0.64073,0.505682,-0.07409,0.638851,0.616814,0.13186,0.670844,0.614133,-0.070696,0.632153,0.737831,0.132083,0.619257,0.694461,-0.035738,0.621844,0.762379,0.129211,0.603879,0.691576,-0.03115,0.657722,0.771374,0.124339,0.618218,0.748397,-0.023529
1.7.26_AL1,245,1317.43,519.75,0,1317.43,519.75,0.946,1314.26,523.68,0.9859,0.653434,0.271783,0.005583,0.649152,0.260413,0.012651,0.647765,0.259992,0.012545,0.64641,0.25963,0.012582,0.648802,0.260558,-0.008942,0.647281,0.260291,-0.009122,0.645839,0.260037,-0.009185,0.636735,0.2636,0.043225,0.636475,0.264547,-0.054396,0.649202,0.283143,0.020465,0.649065,0.283312,-0.008904,0.618217,0.329868,0.112025,0.644948,0.329324,-0.120826,0.61851,0.423128,0.155664,0.666179,0.42195,-0.140366,0.632411,0.484428,0.151515,0.684508,0.484886,-0.080582,0.636597,0.494557,0.162193,0.687126,0.503733,-0.091189,0.638303,0.49431,0.14625,0.687084,0.503336,-0.084706,0.63841,0.489245,0.145454,0.685802,0.497579,-0.076112,0.625115,0.506157,0.073951,0.640185,0.505689,-0.074128,0.638223,0.616855,0.131393,0.670241,0.614092,-0.072027,0.631557,0.737825,0.126931,0.618332,0.694474,-0.04904,0.621461,0.762383,0.123246,0.603147,0.691588,-0.046013,0.657263,0.771361,0.117756,0.617234,0.748522,-0.039235
1.7.26_AL1,246,1316.13,519.61,0,1316.13,519.61,0.9473,1313.78,523.75,0.9864,0.652571,0.271823,0.005643,0.64833,0.260437,0.012704,0.647,0.260009,0.012598,0.645749,0.259639,0.012635,0.647814,0.260574,-0.008845,0.646223,0.260305,-0.009025,0.644787,0.260057,-0.009088,0.636179,0.263642,0.043284,0.635451,0.264583,-0.054224,0.648428,0.283188,0.020553,0.648004,0.283358,-0.008748,0.617513,0.330843,0.112246,0.643529,0.329841,-0.120646,0.617865,0.423146,0.161466,0.665663,0.422135,-0.136366,0.631238,0.484953,0.166042,0.684262,0.484956,-0.069217,0.635851,0.494259,0.178689,0.686068,0.503728,-0.078474,0.637582,0.494022,0.16258,0.685769,0.503337,-0.072229,0.637477,0.48846,0.160218,0.684873,0.497584,-0.064632,0.624197,0.50657,0.073959,0.639101,0.505929,-0.074135,0.637847,0.617179,0.131392,0.669371,0.614109,-0.073324,0.630915,0.737757,0.127146,0.617053,0.694488,-0.048849,0.62066,0.762372,0.123664,0.601856,0.69159,-0.045758,0.65689,0.771289,0.118229,0.615366,0.74867,-0.037554
1.7.26_AL1,247,1315.96,519.32,0,1315.96,519.32,0.9506,1313.67,523.24,0.9865,0.651988,0.27169,0.011365,0.647636,0.260369,0.018008,0.646271,0.25995,0.017904,0.644933,0.259592,0.017939,0.647362,0.260506,-0.003374,0.645942,0.260241,-0.003553,0.644588,0.259998,-0.003616,0.635515,0.263668,0.046546,0.635589,0.264575,-0.05074,0.647764,0.283078,0.025419,0.647629,0.283205,-0.003712,0.616458,0.330936,0.113153,0.642977,0.330276,-0.118728,0.616403,0.423125,0.160385,0.665184,0.422057,-0.136939,0.630319,0.48518,0.159766,0.684202,0.484484,-0.073833,0.635118,0.494256,0.171226,0.685987,0.503216,-0.084031,0.63676,0.494041,0.155381,0.685749,0.502937,-0.077888,0.636651,0.488172,0.153837,0.684835,0.497254,-0.069447,0.623752,0.50655,0.073936,0.638507,0.505959,-0.074113,0.637366,0.617465,0.131334,0.668415,0.614086,-0.074187,0.63054,0.737751,0.127791,0.616665,0.694502,-0.048814,0.62016,0.762375,0.124523,0.601508,0.691542,-0.045455,0.656209,0.771263,0.118617,0.614831,0.748739,-0.037687
1.7.26_AL1,248,1315.45,519.57,0,1315.45,519.57,0.9478,1313.21,523.23,0.9838,0.651338,0.271941,0.01243,0.647056,0.260482,0.019052,0.645741,0.26005,0.018945,0.644386,0.259672,0.018975,0.646755,0.260637,-0.002576,0.645383,0.260374,-0.002754,0.643935,0.260129,-0.002819,0.63486,0.263767,0.047516,0.634803,0.264775,-0.050703,0.647126,0.283324,0.026552,0.646993,0.283509,-0.002925,0.614712,0.330958,0.113686,0.641275,0.330605,-0.118894,0.615901,0.422491,0.171207,0.664849,0.422032,-0.137132,0.629638,0.484216,0.190271,0.683963,0.484472,-0.073493,0.634664,0.489704,0.205569,0.685886,0.502887,-0.082141,0.636235,0.489532,0.190567,0.685537,0.50277,-0.075975,0.636167,0.486252,0.185228,0.684603,0.497049,-0.068943,0.622228,0.506593,0.074152,0.63728,0.506011,-0.074329,0.636431,0.617206,0.131676,0.667519,0.614099,-0.076112,0.630016,0.737748,0.128097,0.6156,0.694642,-0.051985,0.619719,0.762448,0.124869,0.600252,0.691683,-0.048499,0.656293,0.771093,0.119048,0.614336,0.748882,-0.040838
1.7.26_AL1,249,1314.76,519.25,0,1314.76,519.25,0.9582,1313.21,522.99,0.9843,0.650571,0.271878,0.012178,0.646226,0.260364,0.018845,0.645017,0.259938,0.01874,0.643737,0.259544,0.018772,0.645893,0.260591,-0.00265,0.644646,0.260359,-0.002828,0.643294,0.260123,-0.002891,0.634292,0.263636,0.047737,0.634283,0.264644,-0.050002,0.646686,0.283301,0.026494,0.646672,0.283472,-0.002804,0.614192,0.331028,0.113658,0.640627,0.330598,-0.117672,0.615119,0.422477,0.159565,0.664378,0.421604,-0.136875,0.628934,0.483712,0.153946,0.683961,0.484252,-0.074821,0.633537,0.490374,0.163419,0.685875,0.502694,-0.084512,0.635095,0.490273,0.149513,0.685547,0.502546,-0.078602,0.635196,0.488294,0.148545,0.684609,0.496757,-0.070481,0.622015,0.506673,0.073809,0.636563,0.506262,-0.073986,0.634988,0.617938,0.133789,0.666698,0.61411,-0.077525,0.629819,0.737816,0.139892,0.615128,0.694939,-0.051865,0.61953,0.76253,0.137763,0.599908,0.692269,-0.048298,0.656312,0.771076,0.134991,0.613502,0.749242,-0.039107
1.7.26_AL1,250,1314.21,519.08,0,1314.21,519.08,0.9511,1312.86,522.99,0.984,0.649855,0.272129,0.015597,0.645742,0.260696,0.022048,0.644591,0.260215,0.021947,0.643333,0.259751,0.021984,0.645378,0.261016,0.000782,0.644171,0.260776,0.000605,0.642783,0.260505,0.000545,0.633996,0.263773,0.049908,0.633823,0.264764,-0.047006,0.645979,0.283437,0.029547,0.645987,0.28359,0.000541,0.61361,0.331503,0.114376,0.640096,0.330645,-0.115149,0.614601,0.423213,0.160339,0.66399,0.421598,-0.13256,0.628307,0.48456,0.160251,0.683781,0.484252,-0.064474,0.633164,0.490517,0.171648,0.685603,0.502633,-0.072848,0.634702,0.490302,0.157256,0.685047,0.50251,-0.066941,0.634705,0.488091,0.154907,0.684094,0.496728,-0.060002,0.621298,0.506673,0.073717,0.63618,0.50627,-0.073895,0.634409,0.617865,0.133364,0.666095,0.61412,-0.07731,0.629269,0.73788,0.138434,0.614499,0.694971,-0.051829,0.619232,0.762643,0.135851,0.599443,0.692295,-0.048129,0.656293,0.771066,0.133529,0.613182,0.749197,-0.03823
1.7.26_AL1,251,1313.31,519.44,0,1313.31,519.44,0.952,1312.77,522.98,0.9845,0.649213,0.272317,0.018373,0.645157,0.260826,0.024211,0.644038,0.260319,0.02411,0.642782,0.259825,0.024149,0.644772,0.261189,0.003472,0.643582,0.260951,0.003295,0.64216,0.26066,0.003237,0.633397,0.26387,0.050502,0.633109,0.264871,-0.044388,0.645455,0.283519,0.031706,0.645471,0.283678,0.003386,0.613019,0.332129,0.114365,0.639639,0.330664,-0.112525,0.613784,0.423191,0.157032,0.663408,0.42151,-0.128909,0.627187,0.485188,0.159897,0.683736,0.484238,-0.060746,0.630629,0.490653,0.171197,0.68553,0.502616,-0.069394,0.633883,0.490356,0.154806,0.684987,0.50251,-0.063321,0.633717,0.487915,0.154034,0.684043,0.496725,-0.056275,0.620572,0.506683,0.073391,0.635437,0.506294,-0.073568,0.634055,0.617862,0.133186,0.665173,0.614129,-0.078135,0.62876,0.737878,0.137837,0.613631,0.695497,-0.05545,0.61838,0.762956,0.135244,0.598283,0.692424,-0.051995,0.656019,0.771177,0.132077,0.612623,0.749744,-0.043926
1.7.26_AL1,252,1312.41,519.49,0,1312.41,519.49,0.9496,1312.41,522.94,0.9848,0.648742,0.272463,0.017119,0.64461,0.260895,0.023185,0.643536,0.26039,0.023083,0.642314,0.259908,0.023122,0.644177,0.261261,0.002354,0.642981,0.261021,0.002177,0.64149,0.26074,0.002117,0.632923,0.264076,0.050802,0.632255,0.265166,-0.044537,0.64487,0.283643,0.030814,0.6448,0.283842,0.002388,0.612676,0.332247,0.114785,0.638531,0.33095,-0.112734,0.614043,0.423179,0.15656,0.662622,0.421418,-0.129797,0.627175,0.486491,0.158142,0.683547,0.484205,-0.06194,0.630703,0.490989,0.169069,0.6855,0.502593,-0.070912,0.633414,0.490634,0.152281,0.685005,0.502502,-0.064784,0.633439,0.489128,0.15199,0.684037,0.496716,-0.057533,0.619946,0.506752,0.073319,0.634555,0.506373,-0.073496,0.63355,0.618094,0.133123,0.664354,0.614137,-0.080845,0.628201,0.737897,0.13749,0.613089,0.695643,-0.056712,0.617925,0.762951,0.134831,0.597633,0.692617,-0.05315,0.655418,0.771185,0.131834,0.611736,0.750405,-0.046446
1.7.26_AL1,253,1311.49,519.71,0,1311.49,519.71,0.9476,1311.45,522.94,0.9852,0.647846,0.272502,0.016273,0.643714,0.260909,0.022478,0.642572,0.260399,0.022376,0.641263,0.259916,0.022415,0.643344,0.261277,0.001602,0.642114,0.261036,0.001424,0.640582,0.260751,0.001364,0.631889,0.26409,0.050628,0.631424,0.265176,-0.044864,0.643892,0.283657,0.03019,0.643761,0.283858,0.001715,0.612035,0.332054,0.114775,0.637463,0.331021,-0.112979,0.613068,0.423032,0.15755,0.66187,0.421413,-0.13133,0.626278,0.486666,0.160484,0.683047,0.484204,-0.066771,0.630276,0.491044,0.172337,0.685074,0.502511,-0.076354,0.632571,0.49068,0.156676,0.684561,0.502462,-0.070266,0.632515,0.488873,0.154792,0.683566,0.496684,-0.062423,0.619259,0.506829,0.073312,0.633762,0.506483,-0.07349,0.633152,0.61809,0.132915,0.663503,0.614181,-0.077607,0.627592,0.737971,0.136166,0.612438,0.695919,-0.055166,0.617044,0.76294,0.133296,0.59695,0.693464,-0.05138,0.654186,0.771205,0.130751,0.611884,0.750433,-0.045007
1.7.26_AL1,254,1306.32,519.25,0,1306.32,519.25,0.9773,1310.39,522.94,0.9861,0.647147,0.272417,0.003711,0.642783,0.260856,0.011294,0.641571,0.260359,0.011182,0.640205,0.259891,0.01123,0.642477,0.261211,-0.010059,0.641235,0.260973,-0.010238,0.639703,0.260691,-0.010304,0.631024,0.264102,0.045455,0.630729,0.265185,-0.051572,0.643136,0.283665,0.02,0.64306,0.283865,-0.00908,0.612023,0.332042,0.113079,0.636036,0.331159,-0.117852,0.613413,0.422776,0.146995,0.660358,0.421399,-0.139611,0.626674,0.485529,0.122489,0.682495,0.484204,-0.085825,0.630067,0.491408,0.129164,0.684485,0.502509,-0.099815,0.632111,0.491102,0.112705,0.684077,0.502475,-0.093294,0.632161,0.490087,0.115708,0.683118,0.496696,-0.081646,0.619327,0.506829,0.073313,0.632681,0.506518,-0.07349,0.633189,0.618092,0.135691,0.662607,0.614208,-0.079772,0.626678,0.737969,0.156323,0.611914,0.696326,-0.049677,0.616891,0.762354,0.155508,0.596768,0.693984,-0.044782,0.653523,0.771139,0.149518,0.611381,0.750734,-0.041899
1.7.26_AL1,255,1305.57,520.42,0,1305.57,520.42,0.9772,1309.22,522.88,0.9866,0.646473,0.272433,0.00372,0.642171,0.26087,0.011109,0.640956,0.260375,0.011,0.639565,0.259909,0.011045,0.641856,0.261219,-0.010224,0.640614,0.260982,-0.010401,0.639073,0.2607,-0.010465,0.630215,0.264109,0.044719,0.630084,0.265197,-0.052336,0.642404,0.283679,0.019748,0.642333,0.283874,-0.00931,0.611342,0.331821,0.112687,0.634944,0.331273,-0.118313,0.613691,0.421613,0.146943,0.659598,0.42136,-0.139699,0.626058,0.48471,0.126894,0.681885,0.484144,-0.08515,0.629722,0.494755,0.134781,0.683803,0.50238,-0.098286,0.631523,0.491839,0.118828,0.683587,0.502415,-0.091939,0.631705,0.491381,0.120471,0.682636,0.496653,-0.080958,0.61919,0.506826,0.073312,0.632293,0.506519,-0.073489,0.63256,0.617792,0.135494,0.661752,0.614317,-0.078003,0.625745,0.737847,0.150222,0.611335,0.696481,-0.043975,0.615713,0.762281,0.148625,0.595796,0.694358,-0.03933,0.653169,0.771159,0.142785,0.611406,0.750447,-0.037203
1.7.26_AL1,256,1303.0,520.99,0,1303.0,520.99,0.9738,1307.21,522.81,0.987,0.645581,0.272638,-0.001255,0.64137,0.260997,0.005617,0.640178,0.260486,0.005507,0.638798,0.259992,0.00555,0.641057,0.261385,-0.015639,0.639849,0.261154,-0.015816,0.638331,0.260872,-0.015882,0.629382,0.264218,0.038617,0.629326,0.265268,-0.058108,0.641556,0.283798,0.01471,0.641499,0.283973,-0.014266,0.610733,0.331741,0.107872,0.633952,0.331411,-0.122233,0.61262,0.419742,0.143365,0.658753,0.421389,-0.139709,0.625198,0.484694,0.125967,0.680838,0.484086,-0.077684,0.629126,0.494498,0.134261,0.683044,0.502337,-0.089338,0.630908,0.491898,0.118505,0.683108,0.502408,-0.083619,0.630971,0.48984,0.119677,0.682046,0.496605,-0.073477,0.619225,0.507189,0.073311,0.631585,0.507348,-0.073489,0.632385,0.617838,0.14484,0.661161,0.614938,-0.072627,0.625486,0.737832,0.170335,0.61076,0.696492,-0.026281,0.615215,0.76231,0.170054,0.595256,0.694455,-0.02046,0.652704,0.771328,0.166351,0.611038,0.750459,-0.015107
1.7.26_AL1,257,1300.82,523.85,0,1300.82,523.85,0.9758,1305.83,522.87,0.9875,0.644993,0.272643,-0.003112,0.640722,0.26101,0.003898,0.6396,0.260499,0.003788,0.638286,0.260006,0.003836,0.640303,0.261389,-0.01725,0.639105,0.261166,-0.017427,0.637564,0.260892,-0.017492,0.628691,0.264229,0.037376,0.62835,0.265281,-0.058894,0.641178,0.283811,0.01303,0.641086,0.283985,-0.015817,0.610239,0.331749,0.10549,0.633215,0.33154,-0.122113,0.612425,0.419749,0.139431,0.658096,0.421379,-0.13945,0.624635,0.484263,0.12164,0.680118,0.484143,-0.077519,0.628783,0.494767,0.129412,0.68244,0.502397,-0.08932,0.630551,0.492592,0.113502,0.682495,0.502519,-0.083552,0.630674,0.49118,0.115268,0.681404,0.496686,-0.073348,0.619111,0.507199,0.072958,0.631139,0.507361,-0.073129,0.632007,0.617836,0.145851,0.660057,0.615405,-0.069817,0.625082,0.738041,0.172648,0.610284,0.696623,-0.022842,0.614734,0.762443,0.172442,0.594083,0.694872,-0.017222,0.651278,0.771267,0.166656,0.610247,0.750733,-0.014349
1.7.26_AL1,258,1299.02,522.65,0,1299.02,522.65,0.9742,1303.63,522.75,0.9881,0.644113,0.272656,-0.00803,0.640029,0.261016,-0.001423,0.638933,0.260509,-0.001536,0.637645,0.260022,-0.001491,0.639568,0.261395,-0.022417,0.638381,0.261184,-0.022591,0.636861,0.260918,-0.022654,0.628028,0.264254,0.03141,0.627697,0.265306,-0.064138,0.640237,0.283817,0.007932,0.640109,0.28399,-0.020714,0.609263,0.331569,0.100329,0.632025,0.331856,-0.125071,0.611605,0.418244,0.135703,0.657066,0.421808,-0.140626,0.624408,0.484236,0.119243,0.678973,0.484031,-0.07798,0.628272,0.494567,0.12712,0.68139,0.502332,-0.089929,0.630028,0.492607,0.111248,0.681706,0.502479,-0.084232,0.630176,0.491388,0.11291,0.680624,0.49664,-0.073878,0.618998,0.507198,0.072785,0.630213,0.507582,-0.072954,0.631687,0.617846,0.148417,0.659242,0.616203,-0.064968,0.624714,0.738147,0.173402,0.609408,0.696624,-0.016335,0.614381,0.7625,0.172912,0.592572,0.694866,-0.010563,0.649772,0.771262,0.166703,0.609021,0.751108,-0.007129
1.7.26_AL1,259,1297.86,524.92,0,1297.86,524.92,0.973,1300.93,522.74,0.9889,0.643084,0.272637,-0.01285,0.638784,0.260988,-0.006128,0.637692,0.260495,-0.006245,0.636465,0.26002,-0.006194,0.638325,0.261386,-0.027192,0.637152,0.261189,-0.027368,0.635748,0.260929,-0.027435,0.627034,0.264312,0.02781,0.62681,0.265331,-0.068069,0.639269,0.283793,0.003585,0.639235,0.283968,-0.025179,0.607868,0.331504,0.097662,0.631235,0.332025,-0.127648,0.611308,0.415983,0.133595,0.655816,0.421796,-0.143241,0.623204,0.482708,0.117313,0.677567,0.484019,-0.084248,0.627607,0.494515,0.125128,0.680111,0.502406,-0.097705,0.629271,0.492658,0.10857,0.680505,0.502586,-0.091919,0.629117,0.49047,0.110757,0.679359,0.496794,-0.080391,0.618361,0.507199,0.072671,0.629504,0.507582,-0.072837,0.631625,0.617901,0.153716,0.658154,0.616941,-0.06357,0.624681,0.738741,0.186734,0.608086,0.696858,-0.009931,0.614531,0.762729,0.187066,0.590838,0.69528,-0.00363,0.650117,0.771267,0.180546,0.60873,0.751345,-0.00104
1.7.26_AL1,260,1295.72,523.82,0,1295.72,523.82,0.9718,1297.58,522.83,0.9893,0.64226,0.272579,-0.010342,0.63779,0.260932,-0.003636,0.63674,0.260463,-0.00375,0.635588,0.260006,-0.003703,0.637228,0.261353,-0.02461,0.636027,0.261183,-0.024785,0.634605,0.260937,-0.024849,0.626224,0.264358,0.02959,0.625711,0.265434,-0.065887,0.638527,0.283714,0.005761,0.638436,0.283919,-0.022867,0.606868,0.331492,0.097706,0.62994,0.33216,-0.126475,0.610281,0.416142,0.130797,0.654894,0.422001,-0.141418,0.622424,0.481474,0.112518,0.675822,0.484103,-0.080539,0.626936,0.494443,0.119854,0.678714,0.502701,-0.093172,0.628593,0.492681,0.10395,0.679085,0.502918,-0.087831,0.628389,0.489469,0.106087,0.677789,0.497271,-0.076859,0.618262,0.507198,0.072209,0.628609,0.507583,-0.07237,0.631836,0.617903,0.15085,0.657225,0.617807,-0.065511,0.624196,0.739111,0.172781,0.607114,0.696859,-0.018725,0.614119,0.762953,0.17197,0.589654,0.694496,-0.013214,0.649473,0.771529,0.166798,0.607526,0.75288,-0.008522
1.7.26_AL1,261,1294.24,522.07,0,1294.24,522.07,0.9714,1295.5,522.87,0.9896,0.641245,0.272465,-0.013877,0.636738,0.260893,-0.00672,0.635679,0.260441,-0.006836,0.634511,0.259996,-0.006789,0.636086,0.261325,-0.02795,0.634844,0.26117,-0.028124,0.633357,0.260936,-0.028186,0.624805,0.264402,0.02812,0.624091,0.265504,-0.068314,0.637557,0.283662,0.002746,0.637398,0.283892,-0.026178,0.606324,0.331773,0.097354,0.628644,0.332836,-0.128012,0.609919,0.415536,0.129844,0.65421,0.422901,-0.141735,0.622603,0.482175,0.106559,0.674738,0.484141,-0.0808,0.626466,0.494265,0.112898,0.677122,0.502914,-0.093494,0.628121,0.49254,0.096848,0.677478,0.503042,-0.088394,0.627976,0.488476,0.099904,0.676013,0.49749,-0.077201,0.618379,0.507199,0.072211,0.627373,0.507878,-0.072371,0.631865,0.618383,0.148665,0.65624,0.618545,-0.067051,0.623805,0.739486,0.172378,0.604357,0.697006,-0.022193,0.614101,0.763352,0.171766,0.587091,0.69449,-0.016781,0.649859,0.771574,0.162826,0.604272,0.755034,-0.013546
1.7.26_AL1,262,1292.7,522.51,0,1292.7,522.51,0.9711,1292.67,522.87,0.99,0.640079,0.272308,-0.013621,0.635679,0.260809,-0.00657,0.634618,0.260373,-0.006683,0.633419,0.259944,-0.006633,0.635004,0.261269,-0.027646,0.633763,0.261131,-0.027819,0.632255,0.260911,-0.027882,0.623558,0.264414,0.02805,0.622803,0.265513,-0.06783,0.636532,0.283515,0.002891,0.636297,0.283775,-0.025847,0.605804,0.331719,0.096828,0.627008,0.332998,-0.127661,0.60981,0.415342,0.122667,0.652838,0.423475,-0.141674,0.622948,0.482075,0.090349,0.673264,0.484136,-0.080983,0.626147,0.49441,0.094764,0.675871,0.503017,-0.093931,0.627784,0.492929,0.079078,0.676331,0.503209,-0.088821,0.627859,0.491874,0.083566,0.674812,0.497707,-0.077408,0.618323,0.507109,0.071914,0.626681,0.507869,-0.072065,0.631483,0.618639,0.147203,0.655283,0.61925,-0.069546,0.62369,0.740207,0.177508,0.601871,0.697061,-0.020874,0.614078,0.763602,0.177634,0.585366,0.694476,-0.014622,0.649686,0.771588,0.166174,0.601809,0.756922,-0.01427
1.7.26_AL1,263,1289.76,524.02,0,1289.76,524.02,0.9681,1289.92,523.12,0.9901,0.639138,0.272191,-0.013173,0.634534,0.260741,-0.006206,0.633476,0.26032,-0.006322,0.632277,0.259902,-0.006275,0.633986,0.261229,-0.027028,0.632836,0.261113,-0.027202,0.631439,0.26091,-0.027265,0.622612,0.264482,0.027918,0.622172,0.265692,-0.066918,0.635758,0.28339,0.0031,0.635583,0.283652,-0.025291,0.605031,0.331439,0.095918,0.625996,0.33374,-0.126937,0.609444,0.415459,0.12167,0.651996,0.424305,-0.141531,0.623104,0.481219,0.090335,0.671836,0.484372,-0.081657,0.625646,0.496902,0.095022,0.673418,0.504084,-0.094424,0.62721,0.49275,0.079636,0.673936,0.504152,-0.090191,0.627732,0.492403,0.083671,0.672729,0.498637,-0.078425,0.618365,0.507094,0.071511,0.6256,0.507982,-0.071659,0.631575,0.61862,0.146058,0.653592,0.619878,-0.072681,0.623363,0.740515,0.171744,0.599201,0.697154,-0.021037,0.613892,0.763732,0.171226,0.582746,0.694481,-0.014922,0.649821,0.771561,0.163107,0.600161,0.758995,-0.021752
1.7.26_AL1,264,1288.44,526.53,0,1288.44,526.53,0.9707,1288.02,524.23,0.9904,0.638193,0.271999,-0.013194,0.633566,0.260727,-0.006222,0.632477,0.260316,-0.006339,0.631244,0.259905,-0.00629,0.632958,0.261225,-0.027005,0.631749,0.261115,-0.027179,0.630315,0.260915,-0.027241,0.621501,0.264548,0.027961,0.621145,0.265828,-0.066691,0.634776,0.283326,0.003044,0.634615,0.283624,-0.025294,0.604208,0.331469,0.096206,0.624985,0.334553,-0.12683,0.609158,0.416293,0.120685,0.650931,0.425364,-0.141516,0.623185,0.481163,0.085114,0.670843,0.485397,-0.081988,0.625598,0.500803,0.089116,0.672148,0.505042,-0.094727,0.626721,0.492819,0.073497,0.672737,0.504924,-0.090764,0.627826,0.494529,0.07822,0.67151,0.499642,-0.078861,0.618254,0.507063,0.07146,0.623935,0.508005,-0.071607,0.632344,0.618464,0.142804,0.65174,0.620646,-0.075317,0.623201,0.740885,0.169129,0.596407,0.697334,-0.023594,0.6138,0.764182,0.16811,0.580287,0.694477,-0.017937,0.649995,0.772115,0.156162,0.598114,0.76229,-0.023199
1.7.26_AL1,265,1285.79,524.79,0,1285.79,524.79,0.9779,1285.71,524.67,0.9909,0.637104,0.271609,-0.019896,0.632318,0.26055,-0.012553,0.631292,0.26018,-0.012671,0.630151,0.259797,-0.012617,0.631679,0.261084,-0.033792,0.630511,0.261023,-0.033968,0.629112,0.260867,-0.034032,0.620761,0.264593,0.024079,0.620096,0.265991,-0.072569,0.633815,0.283051,-0.002725,0.633638,0.28342,-0.031676,0.604213,0.331319,0.094854,0.624111,0.334841,-0.131964,0.608533,0.416555,0.12133,0.64969,0.425817,-0.147878,0.62326,0.484892,0.086894,0.669641,0.485805,-0.096248,0.625526,0.503498,0.091134,0.670782,0.506232,-0.111081,0.627024,0.492945,0.074471,0.671299,0.506095,-0.107221,0.627952,0.496399,0.079652,0.670289,0.500617,-0.093344,0.618072,0.507073,0.07157,0.623217,0.508306,-0.071713,0.632436,0.618513,0.145084,0.649936,0.621629,-0.076568,0.62257,0.741014,0.181431,0.594073,0.697461,-0.019838,0.613411,0.764331,0.18188,0.578366,0.694532,-0.013171,0.649871,0.771561,0.168112,0.595834,0.763275,-0.01909
1.7.26_AL1,266,1282.54,525.61,0,1282.54,525.61,0.9535,1283.28,525.61,0.9912,0.636066,0.271349,-0.016905,0.631337,0.260444,-0.009941,0.630257,0.260102,-0.010058,0.629026,0.259748,-0.010006,0.63075,0.260985,-0.03076,0.629566,0.260948,-0.030936,0.628104,0.260817,-0.030998,0.619487,0.264608,0.024759,0.618953,0.265999,-0.070145,0.632776,0.282885,-0.000439,0.63259,0.283224,-0.028836,0.604225,0.331316,0.093646,0.622903,0.33568,-0.131685,0.608207,0.417209,0.119089,0.648191,0.426518,-0.140888,0.623344,0.484873,0.08325,0.668376,0.48668,-0.088835,0.625699,0.508698,0.086842,0.669376,0.507806,-0.103039,0.627107,0.504127,0.070727,0.66991,0.507835,-0.102539,0.628084,0.501109,0.07619,0.668984,0.502411,-0.087025,0.61798,0.50705,0.070716,0.621773,0.508321,-0.070852,0.63432,0.618315,0.131522,0.646675,0.622845,-0.083933,0.622153,0.741144,0.175333,0.590408,0.698696,-0.022202,0.613146,0.764336,0.178192,0.57573,0.69601,-0.015786,0.649934,0.771669,0.154379,0.59365,0.766221,-0.019937
1.7.26_AL1,267,1279.55,527.71,0,1279.55,527.71,0.9616,1278.87,526.87,0.9916,0.635629,0.270339,-0.018517,0.630563,0.25985,-0.010843,0.629406,0.259636,-0.010961,0.628141,0.259406,-0.010907,0.630134,0.260419,-0.032151,0.628961,0.260503,-0.032329,0.627611,0.260489,-0.032393,0.618981,0.264616,0.025914,0.618758,0.266007,-0.070583,0.632276,0.282215,-0.001228,0.632239,0.282556,-0.03024,0.604109,0.331331,0.094922,0.622094,0.336444,-0.131447,0.608376,0.416339,0.122132,0.646917,0.427503,-0.14636,0.623173,0.483574,0.091444,0.666079,0.487842,-0.103115,0.625467,0.507437,0.095409,0.667514,0.508724,-0.118909,0.627116,0.503497,0.07876,0.667834,0.508846,-0.116447,0.627815,0.500396,0.084216,0.666565,0.503606,-0.100828,0.617711,0.506916,0.070773,0.620569,0.508321,-0.070907,0.635396,0.617289,0.125569,0.643746,0.624273,-0.086218,0.62169,0.741381,0.171969,0.587608,0.699718,-0.017221,0.612764,0.764331,0.177076,0.57291,0.697317,-0.009399,0.649429,0.771815,0.146112,0.590825,0.768288,-0.017262
1.7.26_AL1,268,1276.16,529.37,0,1276.16,529.37,0.9669,1276.9,528.61,0.9921,0.634804,0.269809,-0.020247,0.629472,0.259608,-0.013097,0.628255,0.259444,-0.013219,0.626922,0.259262,-0.013163,0.629077,0.260126,-0.033971,0.627865,0.260235,-0.034149,0.626447,0.260256,-0.034211,0.617989,0.264624,0.022329,0.617791,0.266015,-0.072557,0.631536,0.281792,-0.003568,0.631508,0.282164,-0.032021,0.603493,0.331497,0.091135,0.620803,0.33673,-0.131621,0.608602,0.417365,0.118027,0.645581,0.428505,-0.146084,0.623962,0.486087,0.082714,0.66505,0.489454,-0.100427,0.625792,0.51486,0.086136,0.666715,0.51049,-0.115591,0.628143,0.513431,0.0686,0.667006,0.510797,-0.112516,0.628488,0.507541,0.075102,0.665516,0.505902,-0.097916,0.616952,0.506866,0.070507,0.619283,0.508275,-0.070633,0.635415,0.617356,0.12778,0.641048,0.625957,-0.087935,0.621057,0.741602,0.174096,0.584387,0.70131,-0.014404,0.611984,0.764351,0.176618,0.570001,0.699678,-0.006138,0.649085,0.771865,0.152853,0.588585,0.769873,-0.015668
1.7.26_AL1,269,1272.82,529.19,0,1272.82,529.19,0.9684,1273.66,530.15,0.9925,0.633794,0.268551,-0.017787,0.628253,0.25871,-0.010691,0.62701,0.25875,-0.010811,0.625626,0.258782,-0.010757,0.627893,0.259211,-0.031613,0.626709,0.259537,-0.031791,0.625288,0.2598,-0.031853,0.61663,0.264631,0.024023,0.616563,0.266022,-0.071225,0.630685,0.281247,-0.001316,0.630701,0.281555,-0.029823,0.60237,0.331535,0.091902,0.619836,0.337292,-0.131405,0.606413,0.41757,0.108868,0.644036,0.429283,-0.147143,0.622932,0.486277,0.059007,0.663363,0.490882,-0.109104,0.625158,0.514152,0.059083,0.665104,0.512655,-0.125594,0.627724,0.512921,0.042344,0.665745,0.512867,-0.121889,0.627858,0.506759,0.051093,0.664105,0.507835,-0.10662,0.615419,0.506743,0.069454,0.618239,0.508007,-0.069566,0.635073,0.617583,0.112354,0.637238,0.626889,-0.097953,0.620419,0.741744,0.159327,0.581953,0.705904,-0.028374,0.611362,0.764261,0.162017,0.568587,0.704502,-0.020416,0.648209,0.771877,0.136714,0.586355,0.773855,-0.03773
1.7.26_AL1,270,1269.15,531.75,0,1269.15,531.75,0.9686,1271.09,530.87,0.9928,0.632956,0.268545,-0.016265,0.627354,0.258677,-0.009358,0.62613,0.258717,-0.009477,0.624756,0.258748,-0.009425,0.627082,0.259191,-0.030192,0.625948,0.25952,-0.030369,0.62458,0.259785,-0.030432,0.615899,0.264647,0.024663,0.615852,0.266117,-0.070439,0.630103,0.281145,-3e-06,0.630141,0.281452,-0.028437,0.601197,0.332026,0.092728,0.618941,0.337744,-0.130767,0.604832,0.417637,0.113326,0.642858,0.429874,-0.146959,0.621972,0.486561,0.065396,0.662026,0.491546,-0.10618,0.624819,0.513909,0.066452,0.663981,0.513285,-0.122091,0.627483,0.513032,0.04924,0.664528,0.513426,-0.11835,0.627425,0.50661,0.057364,0.662663,0.508481,-0.103561,0.614023,0.506742,0.069544,0.617218,0.507831,-0.069659,0.634605,0.617869,0.108919,0.634274,0.627599,-0.103823,0.61983,0.742571,0.151266,0.579344,0.709957,-0.044017,0.610601,0.76446,0.153137,0.566085,0.709747,-0.037459,0.647755,0.772595,0.129755,0.585431,0.777849,-0.055137
1.7.26_AL1,271,1267.16,532.68,0,1267.16,532.68,0.9773,1269.12,531.8,0.9933,0.632082,0.267393,-0.01589,0.626318,0.257794,-0.008765,0.625077,0.257992,-0.008881,0.623733,0.258199,-0.008834,0.626102,0.258295,-0.029844,0.624981,0.258796,-0.030018,0.623664,0.259271,-0.030078,0.615024,0.264622,0.025621,0.615101,0.266086,-0.070406,0.629337,0.280607,0.000373,0.629469,0.28086,-0.028377,0.600183,0.332168,0.093468,0.618113,0.338286,-0.131324,0.605096,0.41839,0.114643,0.641287,0.430612,-0.150998,0.622123,0.486681,0.069491,0.661001,0.492405,-0.112871,0.626097,0.513182,0.071181,0.66309,0.514525,-0.130086,0.629138,0.512414,0.053131,0.663438,0.515107,-0.125626,0.628766,0.506246,0.061222,0.661691,0.50954,-0.110174,0.612385,0.507047,0.069562,0.616187,0.50815,-0.069684,0.632576,0.618504,0.115209,0.631335,0.628893,-0.0982,0.619297,0.742541,0.170132,0.577733,0.713211,-0.038666,0.609854,0.764211,0.172819,0.56443,0.714371,-0.030689,0.646839,0.773127,0.152341,0.583248,0.781443,-0.048015
1.7.26_AL1,272,1263.81,532.97,0,1263.81,532.97,0.9799,1267.42,533.48,0.9937,0.631175,0.266676,-0.027187,0.625281,0.257108,-0.019318,0.624033,0.257396,-0.019439,0.622668,0.257711,-0.019386,0.625054,0.257631,-0.041014,0.623906,0.25825,-0.04119,0.622536,0.258871,-0.041247,0.613812,0.264543,0.018536,0.613931,0.266028,-0.080165,0.628366,0.280201,-0.009797,0.628455,0.280496,-0.039326,0.599167,0.332272,0.088669,0.616553,0.338746,-0.137765,0.605018,0.419119,0.113977,0.639857,0.431746,-0.158741,0.622962,0.487396,0.072163,0.660113,0.493967,-0.124823,0.626671,0.513319,0.074118,0.662361,0.516004,-0.14337,0.630077,0.512923,0.055251,0.662818,0.516475,-0.138743,0.629577,0.506838,0.063706,0.66102,0.51109,-0.122161,0.610572,0.507045,0.069606,0.614447,0.508144,-0.069731,0.630868,0.619616,0.117167,0.628363,0.629902,-0.094367,0.618771,0.742537,0.180187,0.574997,0.716816,-0.011911,0.609235,0.7642,0.18291,0.561629,0.718621,-0.003295,0.645629,0.773092,0.161502,0.58196,0.784382,-0.023058
1.7.26_AL1,273,1260.88,534.47,0,1260.88,534.47,0.9803,1263.1,536.55,0.9941,0.630379,0.266793,-0.031338,0.624606,0.257147,-0.024102,0.623346,0.257418,-0.024221,0.62199,0.257722,-0.024167,0.624275,0.257677,-0.045042,0.623064,0.258278,-0.045218,0.621661,0.258878,-0.045273,0.613084,0.264594,0.011637,0.613067,0.266088,-0.083623,0.62755,0.28022,-0.014654,0.627549,0.280519,-0.043166,0.597391,0.332404,0.080629,0.615243,0.339332,-0.139812,0.604393,0.41921,0.107748,0.638077,0.433263,-0.159951,0.622642,0.491349,0.071261,0.657863,0.49681,-0.124542,0.626303,0.513073,0.073571,0.660572,0.518839,-0.141826,0.62981,0.512817,0.05545,0.661267,0.519839,-0.13807,0.62922,0.506738,0.063208,0.659247,0.513551,-0.122111,0.609324,0.507516,0.069323,0.613009,0.508671,-0.069443,0.629583,0.619755,0.119623,0.624926,0.631335,-0.086189,0.618775,0.742527,0.182976,0.572336,0.720958,-0.009704,0.609568,0.764005,0.185501,0.558545,0.724156,-0.00234,0.645724,0.773119,0.163135,0.580491,0.786359,-0.02312
1.7.26_AL1,274,1258.43,535.93,0,1258.43,535.93,0.9798,1260.61,538.54,0.9944,0.629323,0.266547,-0.041537,0.623602,0.256913,-0.033363,0.622313,0.257185,-0.033484,0.620946,0.257498,-0.033428,0.62329,0.257444,-0.055988,0.622063,0.258058,-0.056162,0.620706,0.258683,-0.056219,0.611828,0.264471,0.006715,0.612069,0.26597,-0.096167,0.626133,0.280065,-0.023207,0.626243,0.280329,-0.053958,0.596339,0.332553,0.079703,0.6138,0.339749,-0.152733,0.603673,0.420918,0.109265,0.636387,0.434346,-0.173822,0.621706,0.491715,0.071203,0.656566,0.498646,-0.137607,0.625934,0.51629,0.073418,0.659549,0.520397,-0.156516,0.627817,0.511806,0.05394,0.660043,0.521783,-0.151926,0.628955,0.510102,0.062524,0.658035,0.515014,-0.134898,0.608092,0.50749,0.070556,0.612114,0.508642,-0.070662,0.626625,0.621346,0.122528,0.621752,0.632509,-0.076012,0.618633,0.742584,0.187776,0.570269,0.725118,-0.001975,0.609481,0.764002,0.190327,0.555927,0.730417,0.004891,0.645888,0.773728,0.164627,0.580337,0.787879,-0.021368
