video_id,frame_idx,true_wrist_x,true_wrist_y,occluded,yolo_wrist_x,yolo_wrist_y,yolo_conf,mp_wrist_x,mp_wrist_y,mp_wrist_vis,lm0_x,lm0_y,lm0_z,lm1_x,lm1_y,lm1_z,lm2_x,lm2_y,lm2_z,lm3_x,lm3_y,lm3_z,lm4_x,lm4_y,lm4_z,lm5_x,lm5_y,lm5_z,lm6_x,lm6_y,lm6_z,lm7_x,lm7_y,lm7_z,lm8_x,lm8_y,lm8_z,lm9_x,lm9_y,lm9_z,lm10_x,lm10_y,lm10_z,lm11_x,lm11_y,lm11_z,lm12_x,lm12_y,lm12_z,lm13_x,lm13_y,lm13_z,lm14_x,lm14_y,lm14_z,lm15_x,lm15_y,lm15_z,lm16_x,lm16_y,lm16_z,lm17_x,lm17_y,lm17_z,lm18_x,lm18_y,lm18_z,lm19_x,lm19_y,lm19_z,lm20_x,lm20_y,lm20_z,lm21_x,lm21_y,lm21_z,lm22_x,lm22_y,lm22_z,lm23_x,lm23_y,lm23_z,lm24_x,lm24_y,lm24_z,lm25_x,lm25_y,lm25_z,lm26_x,lm26_y,lm26_z,lm27_x,lm27_y,lm27_z,lm28_x,lm28_y,lm28_z,lm29_x,lm29_y,lm29_z,lm30_x,lm30_y,lm30_z,lm31_x,lm31_y,lm31_z,lm32_x,lm32_y,lm32_z
AN_Lat_2_4.12.26,0,221.35,467.72,0,221.35,467.72,0.9961,236.16,480.46,0.9705,0.195742,0.273493,-0.017592,0.198255,0.258757,-0.010186,0.198285,0.258196,-0.010382,0.198261,0.257587,-0.010367,0.196294,0.256042,-0.033356,0.194916,0.253634,-0.033606,0.193608,0.250987,-0.033653,0.186496,0.245474,0.031781,0.183067,0.237915,-0.074127,0.187663,0.282187,0.002744,0.186167,0.279905,-0.029413,0.173994,0.321592,0.10585,0.133337,0.271722,-0.121273,0.207347,0.409597,0.168028,0.079925,0.353596,-0.181815,0.274042,0.443581,0.14912,0.123001,0.444869,-0.217345,0.288858,0.447446,0.151346,0.124431,0.478003,-0.24317,0.291749,0.446851,0.123987,0.130917,0.47122,-0.24173,0.285865,0.446376,0.136642,0.13078,0.464491,-0.21809,0.117709,0.502035,0.079466,0.107395,0.491379,-0.079584,0.130731,0.655586,0.151185,0.161908,0.634567,-0.128974,0.11625,0.822714,0.191079,0.19202,0.81602,-0.141919,0.101758,0.859135,0.190375,0.180371,0.850958,-0.144411,0.158972,0.854857,0.157673,0.235325,0.831748,-0.193032
AN_Lat_2_4.12.26,1,226.4,468.78,0,226.4,468.78,0.996,236.19,480.46,0.9721,0.196471,0.272709,-0.00985,0.199142,0.257874,-0.003552,0.199121,0.257202,-0.003726,0.199086,0.256497,-0.003722,0.197017,0.255071,-0.023976,0.195643,0.252543,-0.024229,0.194264,0.24958,-0.024284,0.187393,0.244668,0.034128,0.183297,0.23676,-0.0585,0.188363,0.280936,0.008802,0.186854,0.278263,-0.019491,0.173996,0.31822,0.10258,0.133727,0.271421,-0.09867,0.20735,0.408313,0.150936,0.080285,0.352977,-0.140301,0.27395,0.442596,0.123894,0.123017,0.444868,-0.160099,0.288353,0.447359,0.124492,0.125065,0.477564,-0.17987,0.290521,0.446459,0.100162,0.131282,0.471186,-0.180105,0.285013,0.446268,0.112613,0.131117,0.464305,-0.160753,0.117705,0.501739,0.069467,0.107397,0.49134,-0.069616,0.130467,0.65691,0.126307,0.162951,0.635077,-0.112265,0.116447,0.822744,0.147736,0.193311,0.816167,-0.123027,0.102723,0.857813,0.145762,0.182189,0.852936,-0.124212,0.158314,0.854592,0.11521,0.236815,0.833322,-0.159817
AN_Lat_2_4.12.26,2,234.11,470.36,0,234.11,470.36,0.9963,237.1,480.64,0.9734,0.199244,0.272444,-0.003323,0.201458,0.257574,0.003218,0.201194,0.256805,0.003049,0.200888,0.255978,0.003055,0.199762,0.254852,-0.017657,0.198082,0.252201,-0.017916,0.196292,0.249078,-0.017972,0.189085,0.244259,0.039789,0.184671,0.236419,-0.054471,0.190815,0.280452,0.014949,0.189138,0.277424,-0.01386,0.175221,0.318144,0.105403,0.135726,0.271133,-0.097481,0.208974,0.408225,0.152189,0.081354,0.352979,-0.129653,0.276262,0.438,0.126888,0.123491,0.44504,-0.129469,0.2915,0.439854,0.126369,0.126196,0.47756,-0.146144,0.293853,0.437649,0.10256,0.132046,0.471275,-0.145933,0.287589,0.438982,0.114131,0.131893,0.464294,-0.129395,0.118016,0.500778,0.069788,0.107523,0.490938,-0.069939,0.130487,0.657095,0.124392,0.164014,0.63508,-0.108923,0.11645,0.822744,0.140237,0.194216,0.816169,-0.11327,0.102771,0.857591,0.137778,0.183117,0.853539,-0.113533,0.158031,0.854627,0.108113,0.237857,0.833821,-0.144667
AN_Lat_2_4.12.26,3,239.83,472.13,0,239.83,472.13,0.9966,240.32,480.77,0.9748,0.201888,0.272489,-0.004343,0.204001,0.257629,0.002244,0.203663,0.256825,0.00207,0.20333,0.255985,0.002076,0.202162,0.254951,-0.019006,0.200453,0.252265,-0.019264,0.198719,0.249101,-0.01932,0.191207,0.24402,0.039222,0.187013,0.236425,-0.056955,0.192632,0.280494,0.014085,0.191108,0.277431,-0.015265,0.176971,0.318139,0.104233,0.13712,0.271114,-0.100191,0.2105,0.407889,0.153924,0.082706,0.35349,-0.141188,0.277963,0.433332,0.129845,0.125167,0.44516,-0.154553,0.295058,0.432192,0.128467,0.128419,0.477565,-0.174266,0.297226,0.430411,0.104958,0.134246,0.471601,-0.172336,0.290364,0.432771,0.115831,0.134186,0.464351,-0.154328,0.118633,0.500043,0.069581,0.107967,0.489898,-0.069728,0.130571,0.657281,0.127559,0.165403,0.635077,-0.111896,0.116452,0.822701,0.150427,0.195267,0.816516,-0.118987,0.102884,0.857498,0.148751,0.184507,0.8539,-0.119855,0.157602,0.854646,0.118826,0.23873,0.834589,-0.154833
AN_Lat_2_4.12.26,4,244.28,471.13,0,244.28,471.13,0.9963,248.23,480.7,0.9761,0.203871,0.272507,-0.000284,0.206123,0.257695,0.006063,0.205869,0.256874,0.00589,0.205648,0.256015,0.005898,0.204208,0.255002,-0.01494,0.202664,0.252314,-0.015203,0.201124,0.249143,-0.015264,0.194442,0.244003,0.042606,0.190107,0.236429,-0.052149,0.194651,0.280601,0.018166,0.19335,0.277448,-0.010836,0.180227,0.318161,0.107141,0.140212,0.270834,-0.095087,0.213695,0.407768,0.158098,0.085569,0.353574,-0.132959,0.280031,0.423942,0.138975,0.129289,0.445091,-0.141915,0.296876,0.423704,0.140941,0.131821,0.477327,-0.160291,0.300762,0.42223,0.119432,0.138004,0.471594,-0.157693,0.293019,0.424417,0.127725,0.138115,0.464087,-0.141166,0.121781,0.499446,0.069787,0.109621,0.488449,-0.069933,0.131773,0.657136,0.127028,0.166526,0.634777,-0.113873,0.116461,0.821945,0.150039,0.195384,0.816656,-0.11997,0.102879,0.856685,0.148487,0.184786,0.85389,-0.121665,0.157567,0.854941,0.120104,0.239476,0.839258,-0.161887
AN_Lat_2_4.12.26,5,250.13,473.39,0,250.13,473.39,0.9966,253.47,480.77,0.9769,0.206909,0.272512,0.011961,0.208803,0.257754,0.01763,0.208446,0.256928,0.017454,0.208152,0.256075,0.017468,0.206991,0.255073,-0.00476,0.205467,0.252407,-0.005025,0.203935,0.249286,-0.005086,0.196878,0.244012,0.052587,0.193064,0.236718,-0.048038,0.197172,0.280735,0.030382,0.196035,0.277544,-0.000493,0.181985,0.317152,0.121802,0.143509,0.270789,-0.092966,0.21336,0.396159,0.195677,0.088511,0.35411,-0.125268,0.273638,0.378992,0.199171,0.132014,0.445157,-0.115443,0.283224,0.37546,0.206272,0.134485,0.477325,-0.13055,0.283601,0.37372,0.186172,0.140655,0.471823,-0.125709,0.279269,0.373613,0.190783,0.14059,0.464203,-0.112952,0.123037,0.499104,0.070043,0.11174,0.487877,-0.070197,0.133433,0.657201,0.118012,0.169839,0.634782,-0.11462,0.116449,0.821967,0.131261,0.19546,0.817595,-0.122841,0.1028,0.856575,0.129021,0.18466,0.854023,-0.124211,0.156197,0.854862,0.103063,0.239365,0.846128,-0.156126
AN_Lat_2_4.12.26,6,259.41,472.81,0,259.41,472.81,0.9964,259.93,480.81,0.9783,0.209898,0.27256,0.007272,0.21203,0.257814,0.01338,0.211611,0.25694,0.013203,0.211227,0.256078,0.013215,0.210452,0.255247,-0.008736,0.208865,0.252539,-0.008999,0.207359,0.249383,-0.009057,0.200288,0.243685,0.049801,0.196428,0.236677,-0.049685,0.200104,0.280731,0.026007,0.199216,0.27755,-0.004519,0.185014,0.316768,0.119088,0.146683,0.270785,-0.093714,0.216802,0.396276,0.192129,0.092105,0.354176,-0.124285,0.278857,0.395006,0.180614,0.135378,0.44519,-0.120432,0.29488,0.394174,0.186256,0.137702,0.477319,-0.137091,0.29793,0.392634,0.173389,0.143836,0.471969,-0.134469,0.289668,0.393044,0.174567,0.143552,0.464216,-0.119295,0.124754,0.498807,0.070308,0.113757,0.48778,-0.070461,0.134367,0.657608,0.117384,0.172606,0.634782,-0.111366,0.116434,0.822038,0.128064,0.194723,0.817892,-0.11872,0.102692,0.856503,0.125508,0.183482,0.854012,-0.119331,0.156193,0.855157,0.098885,0.238166,0.851823,-0.147327
AN_Lat_2_4.12.26,7,267.28,473.93,0,267.28,473.93,0.9962,266.06,480.89,0.9796,0.213934,0.272734,0.006156,0.21616,0.25803,0.012449,0.215877,0.257093,0.012274,0.215649,0.256156,0.012288,0.214438,0.255516,-0.010082,0.212695,0.252727,-0.010345,0.21108,0.249509,-0.010399,0.203598,0.243502,0.049608,0.199536,0.236684,-0.051672,0.204152,0.280738,0.025148,0.202821,0.277551,-0.005898,0.186206,0.314766,0.118699,0.150763,0.270851,-0.096083,0.217408,0.396418,0.185208,0.096382,0.354177,-0.128879,0.280465,0.398928,0.170667,0.138571,0.445264,-0.124664,0.297968,0.399512,0.174936,0.140896,0.477319,-0.141849,0.300995,0.398057,0.155383,0.14736,0.472076,-0.138504,0.293478,0.399982,0.161911,0.146989,0.464212,-0.123289,0.126054,0.498246,0.070717,0.11861,0.487864,-0.070867,0.13605,0.657941,0.112322,0.17505,0.635123,-0.106801,0.116457,0.822036,0.115207,0.19379,0.819863,-0.11228,0.102506,0.856373,0.111841,0.182507,0.85422,-0.112393,0.156181,0.855176,0.084298,0.236738,0.853586,-0.13765
AN_Lat_2_4.12.26,8,270.63,472.35,0,270.63,472.35,0.9959,273.61,480.94,0.9809,0.217329,0.272794,0.007375,0.21961,0.258051,0.013595,0.219263,0.257099,0.013423,0.218906,0.256162,0.013438,0.218136,0.255602,-0.009101,0.216554,0.252831,-0.009362,0.214648,0.249578,-0.009412,0.206569,0.24349,0.050311,0.202611,0.236701,-0.051825,0.207612,0.280744,0.026092,0.206702,0.277562,-0.005135,0.188495,0.313569,0.11987,0.154816,0.270796,-0.097429,0.219139,0.397266,0.183527,0.100471,0.354233,-0.127334,0.283393,0.402615,0.167802,0.142503,0.445313,-0.117779,0.302053,0.403392,0.171914,0.144569,0.477374,-0.134687,0.304458,0.401661,0.149622,0.151063,0.472167,-0.131477,0.29621,0.403201,0.157887,0.150625,0.464268,-0.116409,0.128961,0.497769,0.070928,0.122193,0.487964,-0.071087,0.138096,0.658304,0.115288,0.176894,0.635845,-0.104667,0.116471,0.822046,0.119704,0.191749,0.820644,-0.105807,0.102423,0.856013,0.116497,0.18106,0.855906,-0.105295,0.155851,0.856045,0.088195,0.235542,0.854122,-0.129935
AN_Lat_2_4.12.26,9,277.09,474.7,0,277.09,474.7,0.996,280.55,481.4,0.9813,0.221224,0.272833,0.006075,0.223262,0.258054,0.012318,0.222795,0.257095,0.012148,0.222277,0.256136,0.012164,0.221963,0.255605,-0.010255,0.220557,0.252836,-0.010517,0.218651,0.249588,-0.010569,0.210274,0.243435,0.049255,0.206,0.236692,-0.052443,0.211699,0.280744,0.024865,0.210841,0.27757,-0.006173,0.192373,0.313681,0.119096,0.158635,0.270856,-0.097782,0.220849,0.397667,0.18122,0.104363,0.354234,-0.12032,0.284421,0.406376,0.163206,0.146121,0.44574,-0.101075,0.301774,0.406785,0.166434,0.14824,0.47779,-0.116164,0.305175,0.405214,0.146434,0.154992,0.473183,-0.113601,0.296946,0.406732,0.153974,0.154608,0.464626,-0.099595,0.131185,0.49767,0.071155,0.123568,0.487989,-0.071311,0.139025,0.658585,0.115695,0.178068,0.637269,-0.102416,0.116545,0.822049,0.119596,0.191138,0.820796,-0.098574,0.102416,0.855963,0.116243,0.179247,0.855952,-0.097654,0.155947,0.856175,0.086852,0.234336,0.854612,-0.123245
AN_Lat_2_4.12.26,10,283.46,477.08,0,283.46,477.08,0.9955,288.47,481.6,0.9815,0.224305,0.272838,0.007348,0.226706,0.258058,0.013557,0.226415,0.257099,0.013389,0.226121,0.256129,0.013399,0.22501,0.255618,-0.009333,0.223427,0.252854,-0.009592,0.221694,0.249618,-0.009642,0.213303,0.24345,0.050169,0.209612,0.236992,-0.052663,0.214737,0.280748,0.026008,0.213615,0.277577,-0.005392,0.192659,0.312553,0.119309,0.162173,0.270977,-0.097759,0.221652,0.397716,0.179973,0.107913,0.354396,-0.124041,0.285732,0.40896,0.161647,0.150246,0.445928,-0.112481,0.302877,0.408258,0.164793,0.152089,0.477863,-0.128664,0.305727,0.405046,0.143417,0.158848,0.473536,-0.126086,0.298678,0.407394,0.151897,0.158248,0.464834,-0.111248,0.132312,0.497119,0.071393,0.125903,0.487908,-0.071547,0.140832,0.659085,0.110231,0.179695,0.638404,-0.095122,0.116532,0.822099,0.108343,0.191177,0.822407,-0.086308,0.102027,0.855885,0.10456,0.17927,0.85632,-0.084896,0.155665,0.856172,0.074695,0.234187,0.85479,-0.108552
AN_Lat_2_4.12.26,11,288.8,476.22,0,288.8,476.22,0.9964,295.25,482.18,0.982,0.226713,0.272888,0.006007,0.22911,0.25806,0.012168,0.228823,0.257098,0.011999,0.22853,0.256121,0.012012,0.227642,0.255621,-0.01063,0.225989,0.252853,-0.010891,0.224207,0.249614,-0.010942,0.215836,0.243413,0.049074,0.212257,0.236998,-0.053517,0.217437,0.280752,0.024786,0.216252,0.277585,-0.006504,0.196268,0.312106,0.119152,0.16682,0.271076,-0.098608,0.222753,0.398294,0.178782,0.11223,0.354405,-0.127791,0.285795,0.410112,0.160374,0.153774,0.446461,-0.120336,0.303158,0.409489,0.163483,0.155004,0.478529,-0.137873,0.306123,0.40621,0.141217,0.162129,0.474175,-0.133871,0.29807,0.408783,0.150272,0.161665,0.46549,-0.118689,0.133236,0.496375,0.071575,0.1281,0.487568,-0.071727,0.142692,0.659166,0.102771,0.181626,0.6393,-0.09498,0.116686,0.822071,0.095789,0.191107,0.823212,-0.088475,0.101944,0.855458,0.091526,0.179248,0.857196,-0.08728,0.155694,0.856226,0.060439,0.233358,0.854989,-0.111371
AN_Lat_2_4.12.26,12,295.94,475.04,0,295.94,475.04,0.9963,301.79,482.94,0.9827,0.230564,0.272822,0.00707,0.232579,0.257841,0.013135,0.232175,0.256807,0.012968,0.231748,0.255709,0.012985,0.231029,0.255459,-0.010024,0.229303,0.252696,-0.010287,0.227616,0.249502,-0.010339,0.219197,0.243311,0.049866,0.215824,0.237003,-0.053831,0.221081,0.280645,0.025852,0.219813,0.2775,-0.00588,0.197698,0.312187,0.119826,0.170055,0.271356,-0.098238,0.223392,0.399758,0.177934,0.115944,0.354619,-0.124884,0.285224,0.411398,0.159637,0.157181,0.447169,-0.111867,0.302435,0.411002,0.163213,0.15765,0.478833,-0.12855,0.305244,0.408118,0.140561,0.164091,0.47462,-0.122859,0.297597,0.410425,0.150043,0.1638,0.46618,-0.109429,0.134544,0.496019,0.071644,0.132057,0.487588,-0.071797,0.143402,0.659185,0.098953,0.183806,0.639626,-0.090549,0.116697,0.822073,0.084058,0.19104,0.824274,-0.084559,0.101638,0.855459,0.079133,0.179166,0.857368,-0.083253,0.155496,0.855732,0.04999,0.232741,0.855317,-0.102689
AN_Lat_2_4.12.26,13,305.24,479.75,0,305.24,479.75,0.9964,309.07,484.51,0.9839,0.233957,0.272977,0.007032,0.235768,0.257881,0.012958,0.235257,0.256822,0.012791,0.234707,0.255714,0.012808,0.234542,0.255624,-0.010394,0.232939,0.252905,-0.010655,0.231275,0.249782,-0.010707,0.222567,0.243363,0.049502,0.219755,0.23787,-0.054196,0.224342,0.280651,0.025785,0.223442,0.277567,-0.006222,0.199908,0.312193,0.119806,0.174008,0.271845,-0.098739,0.224114,0.402829,0.178615,0.119849,0.354936,-0.128294,0.285566,0.412001,0.163034,0.160971,0.448618,-0.120677,0.302332,0.412208,0.167519,0.161956,0.479074,-0.138506,0.305005,0.409572,0.145181,0.167981,0.474772,-0.132132,0.297786,0.411684,0.153591,0.167628,0.466427,-0.118167,0.136798,0.495987,0.071756,0.135071,0.487772,-0.071908,0.144865,0.659206,0.10415,0.187118,0.639817,-0.090614,0.116724,0.821821,0.098243,0.191046,0.824245,-0.076168,0.1016,0.854668,0.094303,0.179184,0.857344,-0.073729,0.155149,0.855506,0.065892,0.232504,0.854466,-0.091199
AN_Lat_2_4.12.26,14,313.47,480.81,0,313.47,480.81,0.9962,314.37,485.03,0.9846,0.237178,0.272749,0.007521,0.238768,0.257642,0.014001,0.238188,0.256523,0.013834,0.23762,0.255347,0.013852,0.237231,0.255439,-0.010072,0.235585,0.252752,-0.010335,0.23399,0.249701,-0.01039,0.225324,0.243364,0.053009,0.222453,0.237957,-0.054505,0.227612,0.280418,0.027045,0.226433,0.277441,-0.005917,0.202353,0.312189,0.12569,0.176694,0.272344,-0.09909,0.224584,0.405657,0.186835,0.123887,0.355066,-0.130542,0.286017,0.41433,0.169932,0.163734,0.449104,-0.124869,0.301839,0.41285,0.174998,0.164102,0.479072,-0.143177,0.304969,0.410191,0.151678,0.169892,0.474767,-0.13655,0.297633,0.412526,0.159997,0.169726,0.466421,-0.122259,0.140131,0.496014,0.07221,0.137422,0.488027,-0.072357,0.146261,0.659202,0.099488,0.189081,0.639981,-0.094203,0.116751,0.821739,0.088995,0.191066,0.82504,-0.084499,0.101577,0.854621,0.084457,0.178815,0.857346,-0.082886,0.155161,0.855473,0.052844,0.232485,0.855939,-0.104917
AN_Lat_2_4.12.26,15,314.42,477.27,0,314.42,477.27,0.9946,320.32,485.69,0.985,0.239246,0.272634,0.007759,0.241134,0.2576,0.01421,0.240729,0.256499,0.014042,0.240336,0.255336,0.014057,0.239284,0.255345,-0.009349,0.237614,0.252651,-0.009612,0.235999,0.249613,-0.009668,0.228553,0.243466,0.052857,0.224468,0.237956,-0.052543,0.230558,0.280364,0.027121,0.228951,0.27744,-0.005141,0.20541,0.312473,0.124094,0.177975,0.272517,-0.09457,0.225568,0.410451,0.186553,0.127449,0.355323,-0.118105,0.286341,0.421704,0.164584,0.166836,0.449713,-0.103403,0.301544,0.419914,0.169006,0.167518,0.479008,-0.118878,0.304534,0.417948,0.148659,0.172652,0.474352,-0.113624,0.29735,0.419226,0.155913,0.172415,0.466254,-0.10097,0.14344,0.495992,0.071799,0.138367,0.488175,-0.071942,0.147121,0.659487,0.103425,0.190398,0.639959,-0.092515,0.116797,0.821709,0.100602,0.191076,0.824898,-0.085425,0.101379,0.854055,0.096952,0.178848,0.857275,-0.084093,0.155177,0.855545,0.068471,0.232586,0.857053,-0.104709
AN_Lat_2_4.12.26,16,324.62,479.3,0,324.62,479.3,0.9959,326.67,487.12,0.9854,0.244247,0.272632,0.005058,0.245268,0.257596,0.011401,0.244771,0.256496,0.011233,0.244248,0.255332,0.011243,0.243747,0.255346,-0.012367,0.242036,0.252654,-0.012627,0.24021,0.249617,-0.012684,0.232381,0.243467,0.050147,0.228612,0.237974,-0.056102,0.235987,0.280367,0.0245,0.234067,0.277472,-0.007973,0.208577,0.312971,0.121023,0.181358,0.272578,-0.095435,0.225298,0.414214,0.182149,0.130966,0.355742,-0.124839,0.286041,0.431554,0.16109,0.170142,0.451041,-0.127268,0.30119,0.42973,0.164457,0.170612,0.479101,-0.14614,0.304594,0.425195,0.14401,0.176083,0.474394,-0.138375,0.297297,0.426097,0.152457,0.175892,0.466439,-0.124299,0.146114,0.495904,0.071712,0.139837,0.488126,-0.071847,0.147663,0.659516,0.105577,0.191472,0.640279,-0.094827,0.116766,0.821697,0.107516,0.191086,0.824906,-0.090867,0.101199,0.853943,0.104188,0.178582,0.857667,-0.090061,0.155196,0.855487,0.075033,0.232678,0.856461,-0.114722
AN_Lat_2_4.12.26,17,332.46,484.04,0,332.46,484.04,0.994,331.92,487.88,0.9863,0.247181,0.272539,-0.002203,0.248441,0.257525,0.004587,0.248105,0.256444,0.00442,0.247789,0.255298,0.004437,0.246477,0.255167,-0.019137,0.244692,0.252405,-0.019399,0.242928,0.24936,-0.019463,0.234924,0.243442,0.044918,0.230915,0.237839,-0.061276,0.238817,0.280354,0.017784,0.236737,0.277477,-0.014588,0.210384,0.313163,0.118898,0.186015,0.273103,-0.100163,0.224685,0.416603,0.180288,0.134388,0.355875,-0.135537,0.284839,0.437321,0.159697,0.172877,0.451745,-0.143994,0.298324,0.436406,0.163048,0.173429,0.47931,-0.164716,0.301872,0.433779,0.142389,0.179386,0.474424,-0.156177,0.294908,0.432238,0.151129,0.179324,0.466472,-0.140742,0.147309,0.495908,0.071735,0.141533,0.488132,-0.071868,0.148244,0.659566,0.106563,0.193023,0.640719,-0.094217,0.116754,0.821644,0.109338,0.191103,0.824956,-0.086481,0.101052,0.853453,0.105947,0.178466,0.857896,-0.085346,0.155143,0.855469,0.075912,0.232716,0.85628,-0.110941
AN_Lat_2_4.12.26,18,335.85,482.29,0,335.85,482.29,0.9957,338.44,488.95,0.9869,0.249527,0.272246,-0.008236,0.251177,0.257239,-0.001197,0.251172,0.256335,-0.001365,0.25124,0.255289,-0.001348,0.248571,0.254324,-0.024544,0.246787,0.251665,-0.024811,0.244958,0.248794,-0.024882,0.237895,0.243437,0.040658,0.232998,0.237643,-0.064222,0.241952,0.280305,0.012261,0.239558,0.27734,-0.019619,0.212843,0.313277,0.11683,0.188545,0.273436,-0.103306,0.224195,0.417312,0.176478,0.137281,0.356292,-0.14609,0.284728,0.441764,0.152823,0.176272,0.452736,-0.165624,0.298506,0.443207,0.155011,0.176878,0.479829,-0.188273,0.30187,0.439846,0.132573,0.182849,0.474873,-0.180692,0.295193,0.438189,0.143262,0.182845,0.466999,-0.163028,0.149048,0.496048,0.071719,0.144179,0.488321,-0.071848,0.14788,0.659639,0.105279,0.194289,0.641222,-0.094738,0.116663,0.821581,0.110726,0.191102,0.82512,-0.088336,0.100749,0.85334,0.107538,0.178383,0.858532,-0.087454,0.154733,0.855299,0.075168,0.232731,0.858001,-0.115869
AN_Lat_2_4.12.26,19,341.12,483.35,0,341.12,483.35,0.9954,343.73,489.2,0.9875,0.252079,0.272191,-0.014313,0.253644,0.257084,-0.008101,0.253374,0.256199,-0.008282,0.253148,0.255181,-0.008263,0.25162,0.254081,-0.031473,0.249962,0.251393,-0.031745,0.248231,0.248556,-0.03182,0.239941,0.243151,0.031017,0.236517,0.237611,-0.073828,0.244349,0.280245,0.005437,0.242585,0.277292,-0.026439,0.214158,0.312894,0.108734,0.191599,0.274042,-0.11392,0.223808,0.416987,0.173081,0.140355,0.356512,-0.155571,0.284373,0.450867,0.152873,0.179025,0.452967,-0.169145,0.298384,0.450201,0.155157,0.179805,0.47973,-0.1916,0.301862,0.448901,0.132197,0.185645,0.474555,-0.184582,0.295152,0.447602,0.143076,0.185929,0.46658,-0.166819,0.149398,0.49618,0.071775,0.145354,0.488944,-0.071905,0.147932,0.66,0.106833,0.194923,0.641383,-0.088873,0.116553,0.821478,0.112734,0.191104,0.824546,-0.064218,0.100572,0.853023,0.109537,0.178306,0.858317,-0.061346,0.15474,0.855444,0.076408,0.232774,0.85744,-0.087387
AN_Lat_2_4.12.26,20,347.33,484.84,0,347.33,484.84,0.9954,350.01,489.66,0.9881,0.255188,0.272149,-0.017138,0.25606,0.256927,-0.011384,0.255624,0.256087,-0.011566,0.255214,0.255112,-0.011546,0.254287,0.253839,-0.034558,0.252626,0.251191,-0.034833,0.250912,0.248431,-0.03491,0.242677,0.243114,0.026338,0.239609,0.237611,-0.07742,0.247177,0.280238,0.002222,0.245687,0.277295,-0.029357,0.215623,0.311689,0.103733,0.1955,0.274086,-0.118035,0.223604,0.416562,0.169908,0.143544,0.35651,-0.156259,0.284097,0.458265,0.152899,0.182299,0.45339,-0.165171,0.298354,0.461676,0.155274,0.183121,0.480022,-0.186761,0.301834,0.45719,0.132117,0.189112,0.47457,-0.180639,0.295445,0.456045,0.143059,0.189469,0.466552,-0.163061,0.151014,0.49625,0.071665,0.147521,0.489803,-0.071795,0.147825,0.660653,0.107922,0.195775,0.641686,-0.086507,0.116566,0.821459,0.114079,0.190917,0.8245,-0.063558,0.100519,0.852839,0.110869,0.178197,0.858415,-0.060999,0.154856,0.855418,0.077873,0.232412,0.857507,-0.08731
AN_Lat_2_4.12.26,21,353.25,485.83,0,353.25,485.83,0.9955,355.03,490.78,0.9888,0.259271,0.271647,-0.026326,0.26042,0.256339,-0.021042,0.260044,0.255627,-0.021231,0.259687,0.25479,-0.021211,0.258381,0.252954,-0.044458,0.256457,0.250261,-0.044734,0.254489,0.247558,-0.044806,0.246331,0.242778,0.015881,0.242322,0.237093,-0.088539,0.251334,0.280007,-0.006976,0.249583,0.277097,-0.038746,0.217236,0.310449,0.097214,0.198671,0.274532,-0.127134,0.220234,0.416257,0.171556,0.145413,0.356508,-0.162176,0.275877,0.459229,0.171029,0.184913,0.454426,-0.166954,0.291862,0.465684,0.176126,0.186303,0.480701,-0.188032,0.29507,0.461145,0.149429,0.192332,0.474799,-0.182318,0.289051,0.459476,0.160082,0.192813,0.466694,-0.164776,0.151184,0.496138,0.071683,0.150483,0.48977,-0.071812,0.147657,0.66072,0.106793,0.19615,0.642008,-0.07895,0.116363,0.821047,0.112346,0.190897,0.824702,-0.049414,0.100429,0.852009,0.109011,0.177979,0.858527,-0.046262,0.154741,0.855348,0.076911,0.23244,0.857519,-0.070144
AN_Lat_2_4.12.26,22,358.9,488.4,0,358.9,488.4,0.9932,360.47,491.19,0.9896,0.262509,0.270588,-0.028159,0.262991,0.254822,-0.02315,0.262376,0.254092,-0.023344,0.261794,0.253273,-0.023321,0.26123,0.251605,-0.046456,0.259466,0.249118,-0.046733,0.257612,0.246611,-0.046803,0.248835,0.242175,0.012593,0.245414,0.236877,-0.09114,0.254573,0.279347,-0.00922,0.253128,0.276554,-0.040825,0.219357,0.309823,0.092673,0.201172,0.275386,-0.130027,0.218818,0.415972,0.167789,0.148802,0.356535,-0.16168,0.271564,0.461984,0.168551,0.187743,0.454807,-0.165151,0.287601,0.472249,0.174421,0.189487,0.481794,-0.186308,0.289997,0.467797,0.144121,0.19567,0.475461,-0.180945,0.283868,0.464798,0.156618,0.196119,0.46706,-0.163062,0.151996,0.495845,0.071409,0.151372,0.489641,-0.071534,0.147388,0.660756,0.105994,0.196367,0.642039,-0.077708,0.116003,0.819751,0.108318,0.190847,0.824694,-0.052903,0.099992,0.850847,0.104464,0.177526,0.858504,-0.050411,0.154398,0.854643,0.07155,0.232437,0.857496,-0.075482
AN_Lat_2_4.12.26,23,362.99,487.0,0,362.99,487.0,0.993,364.51,491.33,0.9901,0.264756,0.270513,-0.036553,0.265611,0.25449,-0.031593,0.265067,0.253782,-0.031792,0.264569,0.253015,-0.031771,0.263833,0.251211,-0.054989,0.262148,0.248779,-0.055263,0.260266,0.246312,-0.055334,0.250891,0.241927,0.00438,0.247617,0.236765,-0.099513,0.256651,0.279323,-0.017423,0.255358,0.276508,-0.049077,0.220859,0.308334,0.085674,0.203463,0.276742,-0.137512,0.217446,0.415317,0.163712,0.151609,0.356606,-0.166469,0.268625,0.466412,0.166493,0.189847,0.454932,-0.164079,0.282378,0.480379,0.173879,0.192625,0.481969,-0.184423,0.285151,0.475515,0.141321,0.198664,0.475453,-0.179374,0.279026,0.469803,0.15406,0.198778,0.467056,-0.161932,0.152368,0.495853,0.071335,0.153127,0.490105,-0.07146,0.147357,0.660602,0.106799,0.197049,0.642587,-0.076211,0.115512,0.817138,0.109476,0.191202,0.825566,-0.052284,0.099087,0.849108,0.105541,0.177545,0.858807,-0.049969,0.153744,0.852284,0.07255,0.232943,0.858191,-0.076024
AN_Lat_2_4.12.26,24,366.05,484.53,0,366.05,484.53,0.9933,366.99,491.59,0.9908,0.268021,0.270212,-0.042939,0.268817,0.254254,-0.037469,0.268371,0.253536,-0.037663,0.267959,0.252764,-0.037633,0.266877,0.251061,-0.061825,0.264894,0.248563,-0.062106,0.262917,0.246094,-0.062184,0.254585,0.24193,0.001251,0.250748,0.236752,-0.107054,0.260167,0.27925,-0.022693,0.25847,0.276508,-0.055588,0.223667,0.307329,0.087973,0.208031,0.277106,-0.149154,0.214732,0.414562,0.158542,0.153447,0.356286,-0.182839,0.260435,0.467223,0.136697,0.191143,0.455177,-0.184319,0.272243,0.486479,0.138963,0.193595,0.482792,-0.206655,0.277052,0.481328,0.109205,0.199831,0.475995,-0.201527,0.271246,0.473212,0.123944,0.199985,0.467474,-0.18176,0.15212,0.495219,0.072598,0.154878,0.489863,-0.072722,0.147189,0.660755,0.107348,0.197624,0.643187,-0.07684,0.113229,0.815655,0.110707,0.19117,0.825559,-0.052885,0.097094,0.845509,0.106972,0.177486,0.859027,-0.05084,0.152011,0.852035,0.074427,0.232946,0.858005,-0.079267
AN_Lat_2_4.12.26,25,370.24,481.83,0,370.24,481.83,0.9952,370.98,492.13,0.9913,0.270852,0.270205,-0.047252,0.271149,0.254169,-0.041854,0.270653,0.253417,-0.042044,0.270285,0.252619,-0.042016,0.269343,0.251043,-0.066632,0.267685,0.248578,-0.06691,0.265814,0.246113,-0.066993,0.256575,0.241917,-0.002891,0.252974,0.23682,-0.11305,0.262483,0.279311,-0.026801,0.260917,0.276596,-0.06022,0.224446,0.306333,0.085353,0.210567,0.278489,-0.15531,0.21247,0.412097,0.143151,0.155996,0.356266,-0.189833,0.258776,0.469364,0.103777,0.193218,0.455678,-0.190491,0.269843,0.486957,0.103491,0.196994,0.483912,-0.213257,0.27389,0.482869,0.076049,0.203308,0.476587,-0.207839,0.268403,0.474923,0.091354,0.203169,0.468096,-0.187822,0.151783,0.494126,0.073542,0.15662,0.489851,-0.073667,0.146973,0.660749,0.111912,0.197933,0.644406,-0.075165,0.110341,0.812756,0.118444,0.19118,0.826092,-0.051993,0.094083,0.841752,0.114813,0.176785,0.859197,-0.050041,0.147929,0.850633,0.080922,0.232929,0.857908,-0.079923
AN_Lat_2_4.12.26,26,373.25,486.45,0,373.25,486.45,0.991,373.86,492.78,0.9917,0.273805,0.269355,-0.052407,0.274096,0.253162,-0.04656,0.273533,0.252349,-0.046755,0.273103,0.251535,-0.046731,0.272398,0.250422,-0.071641,0.270767,0.248171,-0.071915,0.268923,0.245895,-0.071993,0.259034,0.241906,-0.006633,0.255683,0.236992,-0.11792,0.265908,0.279099,-0.031661,0.264425,0.276503,-0.065429,0.227435,0.305953,0.082423,0.212573,0.279907,-0.16072,0.211321,0.410077,0.136802,0.158175,0.356111,-0.19836,0.255748,0.469317,0.093415,0.194717,0.456275,-0.202911,0.266265,0.488412,0.092224,0.198806,0.485089,-0.226836,0.270034,0.483696,0.065014,0.205088,0.477901,-0.221537,0.266012,0.476871,0.080997,0.204873,0.469567,-0.200411,0.151627,0.493851,0.074517,0.157321,0.489959,-0.074638,0.146664,0.660573,0.114191,0.198803,0.644775,-0.073408,0.106044,0.809672,0.124557,0.191171,0.827167,-0.049827,0.089306,0.837227,0.121249,0.176323,0.859478,-0.047959,0.142803,0.848642,0.088023,0.232943,0.858968,-0.07825
AN_Lat_2_4.12.26,27,378.45,489.47,0,378.45,489.47,0.9915,378.17,494.03,0.9925,0.27689,0.268676,-0.043163,0.276964,0.251832,-0.037256,0.276238,0.250817,-0.037451,0.275573,0.249852,-0.037444,0.275336,0.24983,-0.061221,0.273731,0.247867,-0.061488,0.271888,0.245779,-0.061558,0.262154,0.241889,0.001853,0.258586,0.237105,-0.106333,0.268529,0.279001,-0.023183,0.267176,0.276445,-0.055613,0.229172,0.304308,0.087826,0.215918,0.280805,-0.153066,0.194104,0.400792,0.143484,0.159691,0.356168,-0.186045,0.210384,0.472398,0.100295,0.196966,0.457435,-0.182134,0.213117,0.492838,0.100037,0.20124,0.486801,-0.203419,0.219723,0.4919,0.074612,0.208162,0.479315,-0.19071,0.21877,0.484256,0.088679,0.207408,0.471342,-0.174218,0.152435,0.492291,0.076417,0.157143,0.489308,-0.076545,0.14638,0.660201,0.113893,0.199481,0.645026,-0.072783,0.101283,0.804888,0.118048,0.191089,0.827236,-0.052639,0.082813,0.831598,0.114463,0.175298,0.85946,-0.050486,0.134499,0.847026,0.087956,0.232668,0.859292,-0.072257
AN_Lat_2_4.12.26,28,379.98,487.08,0,379.98,487.08,0.9912,383.39,494.73,0.9931,0.279316,0.268425,-0.043853,0.278842,0.251216,-0.037432,0.278026,0.250124,-0.037629,0.277163,0.249078,-0.037599,0.277572,0.249675,-0.063358,0.276025,0.247837,-0.063633,0.274184,0.245793,-0.063712,0.263686,0.241908,0.003777,0.260287,0.237465,-0.111893,0.2713,0.278974,-0.022716,0.2702,0.276447,-0.057528,0.232841,0.304587,0.090239,0.217513,0.281032,-0.161575,0.19911,0.400264,0.145621,0.161283,0.356216,-0.195333,0.222569,0.475321,0.092572,0.199681,0.458083,-0.190097,0.226644,0.488782,0.090691,0.204667,0.48822,-0.213613,0.23455,0.489319,0.064327,0.212384,0.480044,-0.204738,0.233333,0.483106,0.080387,0.211729,0.472024,-0.184929,0.153528,0.492175,0.078976,0.156538,0.488988,-0.079089,0.145976,0.658532,0.1146,0.200342,0.644992,-0.07582,0.096016,0.798868,0.11824,0.191035,0.827346,-0.057348,0.076863,0.824314,0.11459,0.174748,0.859699,-0.055398,0.129344,0.845788,0.088543,0.232689,0.859329,-0.079132
AN_Lat_2_4.12.26,29,386.66,488.08,0,386.66,488.08,0.9911,385.69,495.49,0.9936,0.281151,0.268452,-0.043138,0.280472,0.251156,-0.036828,0.279638,0.250052,-0.037024,0.27866,0.248967,-0.036985,0.27945,0.249712,-0.062806,0.277898,0.247933,-0.063084,0.27601,0.246063,-0.063164,0.265136,0.24221,0.003802,0.262348,0.238851,-0.11147,0.273067,0.279059,-0.022143,0.272224,0.276685,-0.056925,0.23418,0.304826,0.091869,0.218856,0.282054,-0.16064,0.20095,0.398754,0.145745,0.162026,0.35608,-0.192852,0.225617,0.47274,0.096585,0.20088,0.458791,-0.183524,0.230411,0.490429,0.095526,0.206573,0.488327,-0.205757,0.237467,0.488974,0.070461,0.213984,0.480094,-0.198378,0.231828,0.486305,0.084996,0.212724,0.472211,-0.179374,0.154704,0.49188,0.079202,0.157441,0.488837,-0.079321,0.145307,0.657857,0.108676,0.200958,0.645254,-0.075268,0.089519,0.795575,0.103205,0.190771,0.827707,-0.055001,0.069481,0.818401,0.098817,0.174272,0.860132,-0.052744,0.120286,0.845304,0.073901,0.232705,0.859437,-0.073951
AN_Lat_2_4.12.26,30,389.4,485.12,0,389.4,485.12,0.9957,389.08,495.34,0.9941,0.283758,0.268471,-0.041376,0.282605,0.251132,-0.034541,0.281708,0.249994,-0.034734,0.280691,0.248868,-0.034692,0.281678,0.249735,-0.061395,0.280155,0.248018,-0.061672,0.278346,0.246264,-0.061749,0.267266,0.242423,0.00679,0.26496,0.239573,-0.112111,0.275224,0.279095,-0.01995,0.27474,0.276881,-0.055863,0.235133,0.305003,0.095215,0.220357,0.282488,-0.164942,0.199976,0.395582,0.138787,0.162137,0.355557,-0.196562,0.221681,0.471918,0.061149,0.202646,0.458647,-0.179988,0.222991,0.492464,0.055419,0.209019,0.487998,-0.201773,0.233678,0.488135,0.031773,0.216709,0.479326,-0.195351,0.229066,0.481951,0.049072,0.215371,0.471576,-0.176447,0.155395,0.491054,0.081292,0.158939,0.487899,-0.081419,0.143483,0.657099,0.105806,0.201659,0.645255,-0.0727,0.08322,0.7927,0.099715,0.190579,0.827511,-0.050047,0.062871,0.811689,0.095365,0.173495,0.859648,-0.047622,0.1129,0.845527,0.069965,0.232594,0.859474,-0.068371
AN_Lat_2_4.12.26,31,389.92,489.48,0,389.92,489.48,0.9961,391.46,495.2,0.9943,0.285103,0.268435,-0.046557,0.283902,0.251062,-0.039336,0.282998,0.249932,-0.039529,0.281987,0.248817,-0.039484,0.283039,0.249768,-0.066979,0.281624,0.248028,-0.067255,0.279891,0.246374,-0.067334,0.268314,0.242802,0.004275,0.266168,0.24055,-0.117585,0.27686,0.279116,-0.024321,0.276195,0.276949,-0.061139,0.236174,0.305271,0.095231,0.222171,0.283033,-0.169944,0.201075,0.395903,0.114414,0.162476,0.35507,-0.19564,0.222855,0.470052,0.011087,0.203885,0.458517,-0.17531,0.223412,0.49016,0.000447,0.211174,0.487661,-0.195336,0.234017,0.485188,-0.021841,0.219492,0.477731,-0.187946,0.230609,0.478162,-0.001222,0.217853,0.469904,-0.170115,0.15521,0.490968,0.082425,0.158581,0.487662,-0.082543,0.141083,0.655326,0.104521,0.202372,0.645211,-0.074453,0.076133,0.78755,0.098204,0.190182,0.827806,-0.05435,0.052171,0.800302,0.093881,0.172856,0.85992,-0.052214,0.101531,0.844846,0.068428,0.232605,0.860428,-0.074268
AN_Lat_2_4.12.26,32,395.24,488.63,0,395.24,488.63,0.9948,393.49,495.08,0.994,0.286618,0.268897,-0.054236,0.28548,0.251213,-0.047433,0.284507,0.250023,-0.047631,0.283421,0.248836,-0.047594,0.284735,0.25036,-0.075064,0.283246,0.248849,-0.075338,0.281435,0.247374,-0.075421,0.270102,0.243459,-0.003995,0.267775,0.242267,-0.125837,0.277972,0.279347,-0.032005,0.277453,0.277626,-0.068767,0.23779,0.305375,0.089379,0.223443,0.284123,-0.17731,0.20014,0.392582,0.100375,0.162667,0.353663,-0.207927,0.222991,0.468992,-0.003773,0.204944,0.458408,-0.181798,0.226726,0.488124,-0.015005,0.213559,0.487225,-0.201715,0.234783,0.482829,-0.037036,0.222339,0.476396,-0.193788,0.231205,0.475667,-0.016059,0.220097,0.468779,-0.176559,0.154973,0.490822,0.082769,0.159,0.487208,-0.082885,0.137908,0.654904,0.103349,0.203426,0.645174,-0.073179,0.070355,0.781157,0.097905,0.190157,0.82781,-0.048092,0.045231,0.790168,0.093732,0.173025,0.859425,-0.045224,0.091774,0.844511,0.066463,0.232667,0.860314,-0.065661
AN_Lat_2_4.12.26,33,395.42,488.23,0,395.42,488.23,0.9945,393.18,495.0,0.9941,0.287959,0.269197,-0.050074,0.286728,0.251222,-0.043099,0.285758,0.250054,-0.043294,0.284696,0.248884,-0.043253,0.285927,0.250565,-0.070449,0.284391,0.249142,-0.070727,0.282625,0.247741,-0.070813,0.271597,0.243902,0.00018,0.269194,0.242687,-0.12021,0.279273,0.279609,-0.027809,0.278874,0.27805,-0.06425,0.239005,0.305409,0.092231,0.225062,0.284511,-0.171065,0.200923,0.393506,0.116452,0.162502,0.351663,-0.1987,0.219204,0.471058,0.025473,0.204779,0.458334,-0.168797,0.222435,0.490163,0.017242,0.214206,0.486795,-0.186635,0.229489,0.482375,-0.005291,0.22209,0.475024,-0.177923,0.227816,0.475231,0.013429,0.219673,0.467554,-0.162448,0.155093,0.490846,0.083555,0.16034,0.487276,-0.083675,0.13429,0.654723,0.103148,0.204191,0.645141,-0.074223,0.064565,0.775249,0.097359,0.190019,0.827871,-0.049234,0.042261,0.783687,0.093227,0.173147,0.859239,-0.046337,0.084109,0.844104,0.066101,0.232656,0.860074,-0.066766
AN_Lat_2_4.12.26,34,391.95,484.51,0,391.95,484.51,0.994,391.37,493.65,0.9937,0.288326,0.270136,-0.049017,0.287023,0.251919,-0.041867,0.286041,0.25071,-0.042057,0.284933,0.24949,-0.042013,0.286322,0.25169,-0.069318,0.284814,0.250451,-0.069599,0.28306,0.249181,-0.069694,0.271881,0.245219,0.002052,0.26964,0.244295,-0.118881,0.279864,0.280405,-0.026482,0.279567,0.279043,-0.06307,0.239435,0.305701,0.093042,0.224489,0.285107,-0.170459,0.200603,0.389788,0.120836,0.161527,0.349177,-0.197964,0.213876,0.47064,0.033594,0.203841,0.457085,-0.165717,0.216661,0.490296,0.02658,0.211404,0.484455,-0.18248,0.221315,0.48372,0.00448,0.219747,0.472815,-0.173066,0.222387,0.475075,0.021806,0.217796,0.465419,-0.15897,0.156523,0.490883,0.083876,0.161288,0.48753,-0.084001,0.130401,0.654339,0.101546,0.205074,0.645052,-0.073499,0.05887,0.771391,0.09138,0.190033,0.827838,-0.051339,0.037135,0.777738,0.086869,0.173247,0.858774,-0.048801,0.074784,0.842883,0.05834,0.232663,0.860215,-0.070701
AN_Lat_2_4.12.26,35,389.33,478.63,0,389.33,478.63,0.9941,390.08,489.57,0.9935,0.289547,0.270632,-0.046057,0.288289,0.252318,-0.039138,0.287286,0.251037,-0.039328,0.286134,0.249745,-0.039288,0.287572,0.252411,-0.065989,0.286125,0.251325,-0.066269,0.284425,0.250149,-0.066359,0.272896,0.246155,0.002277,0.271329,0.24571,-0.114899,0.281402,0.281267,-0.024173,0.280962,0.279805,-0.059912,0.240128,0.306042,0.098337,0.22512,0.285096,-0.165062,0.199887,0.389775,0.123039,0.160399,0.346217,-0.197192,0.210507,0.469844,0.027348,0.203165,0.453304,-0.142778,0.211265,0.488498,0.018892,0.209844,0.479802,-0.157925,0.218974,0.482574,-0.002306,0.218463,0.467931,-0.148979,0.219022,0.474146,0.015768,0.216828,0.46039,-0.13617,0.156665,0.49221,0.083721,0.160909,0.488873,-0.083849,0.127549,0.654403,0.102165,0.206588,0.645041,-0.073989,0.054136,0.767413,0.094322,0.190035,0.828315,-0.052222,0.032687,0.773057,0.090093,0.173335,0.858758,-0.049669,0.06556,0.842098,0.062024,0.232672,0.860449,-0.071321
AN_Lat_2_4.12.26,36,383.27,473.17,0,383.27,473.17,0.9938,387.5,486.94,0.9932,0.290322,0.271018,-0.045046,0.289034,0.252567,-0.038609,0.28808,0.25128,-0.038798,0.286985,0.249989,-0.038734,0.288258,0.252759,-0.064406,0.286782,0.251716,-0.064683,0.285066,0.250586,-0.064766,0.273667,0.246802,0.009159,0.271663,0.24609,-0.112449,0.282165,0.281874,-0.022837,0.281486,0.280295,-0.058568,0.24384,0.312103,0.106372,0.225425,0.284983,-0.16168,0.205727,0.390264,0.123187,0.159434,0.344244,-0.176689,0.212958,0.469021,0.011361,0.201821,0.450871,-0.109304,0.210317,0.488546,0.000882,0.207907,0.476814,-0.122025,0.217461,0.481505,-0.018139,0.216265,0.46504,-0.113876,0.21745,0.4734,0.000458,0.214902,0.457362,-0.102649,0.157702,0.492371,0.083633,0.160691,0.489185,-0.083766,0.12543,0.654419,0.094731,0.208299,0.645015,-0.074712,0.050733,0.764084,0.071798,0.190092,0.828924,-0.053567,0.029238,0.767354,0.065899,0.173755,0.858765,-0.051156,0.056682,0.841631,0.034005,0.232721,0.86044,-0.073778
AN_Lat_2_4.12.26,37,377.33,468.82,0,377.33,468.82,0.9921,385.03,481.09,0.9932,0.291779,0.271511,-0.043605,0.290552,0.25327,-0.037516,0.289536,0.252026,-0.037701,0.288423,0.250743,-0.037644,0.289749,0.253259,-0.062981,0.288085,0.252091,-0.063255,0.286226,0.250872,-0.063333,0.275252,0.247597,0.010448,0.272542,0.246659,-0.111446,0.283753,0.282503,-0.021934,0.282769,0.280902,-0.057178,0.248179,0.316163,0.106021,0.226159,0.284859,-0.158522,0.224994,0.395808,0.127069,0.158608,0.340668,-0.170697,0.227185,0.475394,0.03623,0.200537,0.445455,-0.127342,0.220209,0.495793,0.02926,0.205855,0.470941,-0.14336,0.223975,0.490942,0.007406,0.214261,0.460066,-0.136438,0.226874,0.482769,0.024752,0.213165,0.451389,-0.12223,0.160225,0.492755,0.082708,0.161053,0.489255,-0.082837,0.122017,0.654329,0.088139,0.209943,0.64499,-0.076021,0.047155,0.761915,0.066339,0.190101,0.829941,-0.062781,0.025414,0.764459,0.060428,0.173812,0.859131,-0.061643,0.050697,0.841467,0.025183,0.232724,0.861079,-0.087911
AN_Lat_2_4.12.26,38,373.67,464.0,0,373.67,464.0,0.991,382.66,475.6,0.9933,0.292608,0.271577,-0.04346,0.291216,0.253809,-0.036418,0.290142,0.25262,-0.036606,0.289111,0.251456,-0.036549,0.29014,0.25367,-0.062405,0.288449,0.252497,-0.062688,0.286741,0.251337,-0.062778,0.275371,0.248516,0.011025,0.272657,0.247281,-0.110067,0.28509,0.2826,-0.021111,0.284328,0.281079,-0.056633,0.250076,0.321236,0.105571,0.225461,0.284753,-0.156989,0.221913,0.39589,0.127096,0.158332,0.336587,-0.165437,0.21429,0.474663,0.035293,0.199304,0.440367,-0.124564,0.208611,0.495514,0.027574,0.204448,0.466489,-0.140463,0.212512,0.491497,0.006494,0.212683,0.457383,-0.132748,0.214554,0.482957,0.024204,0.211629,0.448432,-0.11883,0.161382,0.493513,0.080742,0.161503,0.4895,-0.080885,0.11842,0.653333,0.07802,0.211188,0.644985,-0.060963,0.044353,0.760889,0.041608,0.19045,0.829867,-0.046509,0.023257,0.762352,0.03429,0.173849,0.859127,-0.044923,0.046906,0.841606,-0.002395,0.233306,0.861519,-0.067614
AN_Lat_2_4.12.26,39,370.99,463.09,0,370.99,463.09,0.9914,382.08,474.13,0.9927,0.292754,0.271954,-0.050989,0.291439,0.254882,-0.042367,0.290404,0.253811,-0.04257,0.289407,0.252781,-0.042504,0.290228,0.25461,-0.069298,0.288491,0.253442,-0.069602,0.28682,0.252376,-0.069735,0.275594,0.250311,0.008992,0.272828,0.248747,-0.112459,0.285445,0.282925,-0.026511,0.284687,0.281504,-0.06281,0.2521,0.326198,0.104611,0.225441,0.284599,-0.1572,0.223169,0.400687,0.128915,0.157617,0.33262,-0.170796,0.218635,0.477635,0.043548,0.198998,0.439013,-0.136753,0.215761,0.498835,0.036561,0.203294,0.465569,-0.156034,0.214396,0.489304,0.013975,0.212461,0.457962,-0.147453,0.216981,0.481459,0.03199,0.211523,0.449146,-0.129976,0.16282,0.49626,0.08069,0.160692,0.489952,-0.080827,0.113508,0.653154,0.083688,0.212196,0.644965,-0.064734,0.042207,0.760278,0.062773,0.190521,0.830377,-0.048404,0.021871,0.76019,0.057081,0.173889,0.859446,-0.04698,0.041194,0.84159,0.021718,0.233648,0.862499,-0.082395
AN_Lat_2_4.12.26,40,366.93,458.15,0,366.93,458.15,0.9914,381.96,474.99,0.9921,0.29395,0.272208,-0.053719,0.292014,0.255317,-0.044058,0.291004,0.254337,-0.044279,0.290058,0.25344,-0.044242,0.290768,0.254906,-0.07075,0.289126,0.253762,-0.071052,0.287363,0.252635,-0.071177,0.276085,0.251012,0.007442,0.272954,0.248919,-0.112561,0.286517,0.283346,-0.029855,0.285648,0.281997,-0.065812,0.255648,0.336342,0.096589,0.225666,0.284532,-0.156547,0.263302,0.430674,0.132736,0.157057,0.328481,-0.190855,0.30951,0.504487,0.081519,0.198937,0.439801,-0.203631,0.33184,0.51175,0.080669,0.201093,0.466733,-0.22688,0.332793,0.50853,0.049723,0.210903,0.45847,-0.224054,0.327268,0.506353,0.066499,0.210191,0.45003,-0.202288,0.163571,0.499405,0.079668,0.160057,0.490851,-0.079795,0.110395,0.65265,0.087486,0.212616,0.644973,-0.067131,0.04098,0.759979,0.068743,0.190366,0.830484,-0.040895,0.020876,0.759187,0.062646,0.17366,0.859445,-0.038665,0.040662,0.841354,0.022096,0.23358,0.862403,-0.069985
AN_Lat_2_4.12.26,41,360.73,454.59,0,360.73,454.59,0.9911,380.0,472.28,0.9912,0.294106,0.274428,-0.052104,0.29233,0.257613,-0.042437,0.291327,0.256759,-0.042657,0.290357,0.255956,-0.042625,0.291126,0.256967,-0.069248,0.289581,0.255831,-0.069546,0.287771,0.254478,-0.069661,0.276258,0.253207,0.007666,0.273323,0.250564,-0.111702,0.286035,0.285375,-0.028426,0.285124,0.28408,-0.064633,0.257414,0.34104,0.095996,0.225041,0.284438,-0.155903,0.269191,0.439842,0.140187,0.156655,0.32364,-0.207746,0.324021,0.510271,0.099577,0.197919,0.4373,-0.238251,0.34636,0.51461,0.099372,0.199364,0.466987,-0.263621,0.346421,0.525661,0.068213,0.209603,0.459452,-0.259841,0.344491,0.51312,0.084383,0.209055,0.450447,-0.237248,0.164487,0.502763,0.079495,0.1596,0.492582,-0.079617,0.108769,0.652421,0.088187,0.213116,0.645174,-0.068775,0.039138,0.760531,0.074942,0.19031,0.830429,-0.041963,0.018777,0.761761,0.069445,0.173594,0.859441,-0.03965,0.037405,0.841458,0.030405,0.233466,0.862375,-0.070139
AN_Lat_2_4.12.26,42,351.17,445.75,0,351.17,445.75,0.9924,373.81,468.01,0.9904,0.294476,0.274852,-0.054032,0.292514,0.258491,-0.043668,0.291503,0.25771,-0.043896,0.29046,0.256951,-0.043874,0.291472,0.257796,-0.070962,0.289944,0.256632,-0.071259,0.288122,0.255184,-0.071372,0.276732,0.254599,0.007735,0.273834,0.251599,-0.11365,0.286429,0.285901,-0.030054,0.285581,0.284702,-0.066988,0.259249,0.343611,0.094719,0.22483,0.284268,-0.157737,0.26991,0.442751,0.148878,0.1565,0.318516,-0.223765,0.322931,0.51186,0.117663,0.194694,0.433339,-0.262177,0.346861,0.514031,0.11835,0.195222,0.465001,-0.289225,0.348441,0.5184,0.087089,0.205812,0.458068,-0.284846,0.34328,0.512068,0.102652,0.205414,0.44875,-0.26123,0.165194,0.505647,0.079393,0.159392,0.495022,-0.079513,0.107329,0.652245,0.090999,0.214461,0.646061,-0.066912,0.039564,0.7616,0.077302,0.190207,0.830389,-0.024577,0.018602,0.76461,0.07101,0.173461,0.859378,-0.020973,0.037661,0.841532,0.035955,0.233418,0.862309,-0.051018
AN_Lat_2_4.12.26,43,343.6,439.58,0,343.6,439.58,0.9913,363.29,457.96,0.9892,0.294261,0.276081,-0.051941,0.292452,0.259724,-0.042622,0.291488,0.259008,-0.042833,0.290472,0.258307,-0.042798,0.291475,0.258922,-0.069728,0.289964,0.25767,-0.070021,0.288083,0.256039,-0.070128,0.276965,0.255899,0.014465,0.273798,0.252209,-0.106892,0.286123,0.287156,-0.02869,0.285196,0.285999,-0.065201,0.26073,0.347539,0.098365,0.223747,0.283997,-0.145003,0.269701,0.444915,0.169507,0.156184,0.313097,-0.218985,0.317075,0.512862,0.143679,0.189214,0.424039,-0.284307,0.339547,0.515343,0.144264,0.188577,0.457777,-0.31504,0.341531,0.517052,0.112265,0.199288,0.452607,-0.311188,0.333621,0.513655,0.128789,0.199323,0.44349,-0.284321,0.167167,0.508448,0.078385,0.159106,0.495172,-0.078494,0.106821,0.652226,0.078475,0.214918,0.646113,-0.075379,0.038369,0.762114,0.05383,0.19024,0.830365,-0.035523,0.017335,0.766813,0.046564,0.173495,0.859425,-0.03351,0.03732,0.842921,-0.00093,0.233431,0.86226,-0.073566
AN_Lat_2_4.12.26,44,338.06,435.58,0,338.06,435.58,0.9924,353.57,451.83,0.9862,0.294816,0.276733,-0.050563,0.29286,0.260547,-0.042427,0.291934,0.259967,-0.042653,0.290916,0.259365,-0.04263,0.291855,0.259634,-0.069385,0.290266,0.258336,-0.069679,0.28823,0.256559,-0.069777,0.277402,0.257333,0.020019,0.27401,0.252947,-0.102358,0.286727,0.288195,-0.028475,0.285727,0.286897,-0.064308,0.260212,0.348998,0.104799,0.22357,0.283983,-0.138403,0.267188,0.440708,0.190457,0.155735,0.30861,-0.217481,0.307876,0.507742,0.175811,0.184151,0.418362,-0.28369,0.321177,0.511784,0.178041,0.181848,0.451657,-0.314746,0.321407,0.517606,0.146467,0.194118,0.447735,-0.309407,0.318031,0.509486,0.161675,0.193941,0.438498,-0.282973,0.167536,0.509265,0.077925,0.158878,0.495391,-0.078025,0.105901,0.651149,0.07375,0.215528,0.646233,-0.082849,0.03923,0.764028,0.051694,0.190266,0.830328,-0.035847,0.017888,0.769216,0.044621,0.173527,0.859421,-0.033926,0.039316,0.845105,-0.007841,0.233473,0.862384,-0.080244
AN_Lat_2_4.12.26,45,332.58,431.05,0,332.58,431.05,0.9927,340.25,440.74,0.9851,0.294744,0.277104,-0.051751,0.292779,0.2612,-0.041788,0.291816,0.260663,-0.042013,0.290744,0.260082,-0.041992,0.291814,0.260281,-0.068495,0.290163,0.25894,-0.068787,0.288102,0.257136,-0.068889,0.27739,0.258368,0.020061,0.27388,0.25382,-0.100446,0.28675,0.288812,-0.027858,0.285768,0.287486,-0.063579,0.261239,0.351193,0.104486,0.223202,0.283909,-0.136223,0.265564,0.44038,0.176962,0.154355,0.302276,-0.223827,0.317851,0.512074,0.145084,0.177213,0.408095,-0.310518,0.337442,0.515107,0.144699,0.174218,0.441166,-0.344783,0.34056,0.516783,0.113175,0.18667,0.439094,-0.341686,0.334637,0.513488,0.130273,0.185883,0.429578,-0.311535,0.168654,0.508962,0.076827,0.158706,0.495026,-0.076918,0.105261,0.650943,0.071762,0.215467,0.646182,-0.086998,0.039516,0.765426,0.047634,0.190143,0.830321,-0.045471,0.018115,0.771094,0.040074,0.173241,0.859598,-0.044331,0.037998,0.846646,-0.017006,0.233412,0.862372,-0.093775
AN_Lat_2_4.12.26,46,327.55,424.8,0,327.55,424.8,0.9919,334.53,435.74,0.9849,0.295742,0.277512,-0.049974,0.29329,0.261891,-0.037255,0.292228,0.261395,-0.037485,0.291079,0.260898,-0.037476,0.292223,0.260868,-0.063053,0.290402,0.259433,-0.063347,0.28829,0.257633,-0.063457,0.277759,0.259792,0.027764,0.27387,0.254549,-0.088286,0.287782,0.289537,-0.023742,0.286833,0.288041,-0.058609,0.261888,0.355974,0.106433,0.222817,0.282895,-0.120847,0.26918,0.444784,0.173044,0.152956,0.297445,-0.21551,0.321912,0.514721,0.134741,0.174233,0.403465,-0.294391,0.342107,0.517742,0.133106,0.172611,0.436406,-0.327415,0.346997,0.517798,0.100953,0.184942,0.434127,-0.324999,0.34069,0.515832,0.119432,0.183727,0.423932,-0.295606,0.168596,0.509878,0.074205,0.158095,0.494961,-0.074276,0.104456,0.65064,0.066117,0.215352,0.645672,-0.097729,0.040349,0.766488,0.041956,0.189959,0.830851,-0.068403,0.019831,0.772598,0.034489,0.172846,0.859751,-0.067435,0.038728,0.847852,-0.020486,0.233056,0.86232,-0.110133
AN_Lat_2_4.12.26,47,324.35,419.13,0,324.35,419.13,0.9919,328.68,430.28,0.9835,0.295348,0.277802,-0.050805,0.292756,0.262488,-0.038208,0.291628,0.262071,-0.038433,0.290434,0.261685,-0.038418,0.291698,0.261334,-0.06366,0.289845,0.259924,-0.063956,0.287699,0.258238,-0.064073,0.276899,0.261199,0.025929,0.272928,0.255476,-0.089064,0.287501,0.290091,-0.023892,0.286462,0.288503,-0.058563,0.26234,0.357093,0.107878,0.222546,0.282581,-0.122057,0.262684,0.442105,0.17462,0.15243,0.292948,-0.210862,0.31212,0.511127,0.132473,0.171185,0.398412,-0.289078,0.314822,0.514855,0.128973,0.170316,0.431266,-0.323409,0.32169,0.514314,0.098369,0.18147,0.429232,-0.319526,0.317511,0.511515,0.118123,0.180646,0.419791,-0.289209,0.167964,0.509384,0.074219,0.155791,0.491849,-0.074282,0.104897,0.650602,0.057494,0.215197,0.644907,-0.114016,0.039531,0.767298,0.034465,0.189845,0.831342,-0.097537,0.018549,0.773092,0.026832,0.172867,0.860153,-0.097387,0.037669,0.849047,-0.036768,0.23304,0.862625,-0.147822
AN_Lat_2_4.12.26,48,315.91,413.96,0,315.91,413.96,0.9922,322.77,424.65,0.9837,0.295115,0.277747,-0.06071,0.292462,0.262418,-0.047384,0.291398,0.261961,-0.047609,0.290275,0.261526,-0.047548,0.291374,0.261284,-0.072208,0.28949,0.259895,-0.072509,0.287244,0.258104,-0.072646,0.276726,0.26073,0.022339,0.272421,0.255169,-0.090533,0.28769,0.289955,-0.031792,0.286395,0.288361,-0.065438,0.262045,0.358587,0.103618,0.222483,0.281561,-0.126443,0.25165,0.439397,0.117842,0.151634,0.287615,-0.196004,0.220509,0.485174,0.002107,0.168112,0.393198,-0.272431,0.207374,0.496872,-0.015487,0.16716,0.426176,-0.293877,0.212281,0.484537,-0.035398,0.178347,0.424461,-0.289345,0.217212,0.477263,-0.008732,0.177834,0.415764,-0.272572,0.167869,0.509533,0.075941,0.154172,0.490756,-0.075966,0.105052,0.650632,0.06605,0.214656,0.643273,-0.143004,0.037703,0.767872,0.039338,0.189796,0.831332,-0.131396,0.016979,0.773829,0.032262,0.17265,0.860167,-0.13119,0.03874,0.849956,-0.013264,0.232978,0.862585,-0.188975
AN_Lat_2_4.12.26,49,310.32,406.61,0,310.32,406.61,0.9915,322.4,421.95,0.98,0.294785,0.277741,-0.057956,0.29218,0.262392,-0.045638,0.291114,0.261964,-0.04586,0.290022,0.261595,-0.045808,0.291159,0.261237,-0.070814,0.289333,0.259858,-0.071112,0.287099,0.258057,-0.071241,0.276562,0.260876,0.022,0.272222,0.25521,-0.09195,0.287476,0.290014,-0.030435,0.286145,0.288391,-0.064375,0.261037,0.360142,0.103851,0.222284,0.280681,-0.128886,0.24506,0.437468,0.12095,0.14962,0.283562,-0.188765,0.211896,0.474992,0.011866,0.167918,0.390693,-0.247629,0.208688,0.495487,-0.003791,0.166213,0.423876,-0.276045,0.213061,0.481896,-0.024958,0.176708,0.424046,-0.270777,0.207536,0.465183,0.000407,0.176652,0.415494,-0.245909,0.167298,0.509588,0.076778,0.153109,0.490261,-0.076789,0.103546,0.650668,0.070751,0.214241,0.642047,-0.125571,0.037282,0.768361,0.044413,0.189293,0.83142,-0.110024,0.017032,0.774665,0.038358,0.171834,0.860301,-0.109386,0.038796,0.850053,-0.004369,0.232256,0.862558,-0.159327
AN_Lat_2_4.12.26,50,308.31,404.13,0,308.31,404.13,0.9916,321.58,417.65,0.9794,0.294207,0.277709,-0.062088,0.291636,0.26238,-0.049466,0.290594,0.26199,-0.049692,0.289531,0.261692,-0.049625,0.290587,0.261178,-0.074688,0.288769,0.259772,-0.074983,0.286571,0.257957,-0.075111,0.276145,0.26114,0.019007,0.271802,0.25509,-0.092792,0.286904,0.290009,-0.033759,0.285537,0.288321,-0.06776,0.260331,0.360927,0.100318,0.222119,0.280077,-0.130717,0.24103,0.436311,0.111428,0.147949,0.279698,-0.184221,0.204279,0.469357,-0.0001,0.167489,0.386708,-0.229806,0.197201,0.482997,-0.01647,0.16761,0.420339,-0.260175,0.198694,0.472222,-0.035553,0.177537,0.420782,-0.254542,0.201274,0.461317,-0.010404,0.177391,0.410666,-0.227049,0.166861,0.510085,0.078685,0.15113,0.490158,-0.078684,0.102789,0.650753,0.079888,0.213916,0.640801,-0.139804,0.036272,0.768672,0.073133,0.189186,0.831416,-0.133555,0.016012,0.775266,0.067406,0.171733,0.860394,-0.133822,0.040217,0.850336,0.001691,0.232366,0.862521,-0.189792
AN_Lat_2_4.12.26,51,306.15,402.85,0,306.15,402.85,0.9949,320.85,414.67,0.9778,0.293746,0.277712,-0.06206,0.291272,0.262426,-0.049604,0.290236,0.262074,-0.049829,0.289172,0.261849,-0.049763,0.29023,0.261164,-0.074235,0.288489,0.259722,-0.074525,0.286493,0.257877,-0.074651,0.275764,0.261371,0.017844,0.271716,0.254946,-0.092616,0.286292,0.290098,-0.034026,0.284999,0.288299,-0.067284,0.260093,0.360497,0.096808,0.221608,0.279771,-0.127744,0.240936,0.436774,0.098706,0.146175,0.277983,-0.182934,0.200713,0.466871,-0.020372,0.167108,0.383955,-0.229801,0.191071,0.48293,-0.039454,0.167363,0.417121,-0.260733,0.19226,0.461983,-0.056841,0.176674,0.41775,-0.25529,0.196782,0.458024,-0.030079,0.176437,0.406459,-0.227348,0.166221,0.50986,0.078949,0.14777,0.489414,-0.078948,0.101914,0.650798,0.078867,0.213727,0.640202,-0.133851,0.035784,0.768911,0.069611,0.189186,0.831396,-0.12115,0.015661,0.775637,0.063206,0.171654,0.860397,-0.120847,0.040203,0.850739,-0.004706,0.232413,0.862496,-0.174504
AN_Lat_2_4.12.26,52,304.93,400.8,0,304.93,400.8,0.9947,318.36,413.52,0.9746,0.29357,0.277651,-0.063958,0.29109,0.262364,-0.051114,0.290038,0.262004,-0.051336,0.28895,0.261777,-0.051266,0.289879,0.261121,-0.076189,0.287853,0.259668,-0.076477,0.28559,0.257831,-0.076598,0.275323,0.261297,0.016936,0.270598,0.25481,-0.093133,0.285838,0.290033,-0.035351,0.28463,0.288282,-0.069128,0.259389,0.360192,0.096754,0.220689,0.279667,-0.129378,0.235788,0.436425,0.104502,0.145118,0.275593,-0.179686,0.198545,0.465433,-0.011191,0.165813,0.382887,-0.213371,0.188421,0.480125,-0.029141,0.164497,0.415756,-0.243578,0.189888,0.462677,-0.048492,0.173679,0.41762,-0.238634,0.19527,0.458471,-0.021771,0.173378,0.406886,-0.210782,0.165162,0.509645,0.080854,0.146056,0.488775,-0.08085,0.102487,0.65095,0.079416,0.213161,0.637146,-0.141159,0.033618,0.769115,0.069712,0.189235,0.831158,-0.13952,0.012558,0.775955,0.063241,0.171439,0.86024,-0.14062,0.03968,0.850891,-0.004918,0.232407,0.861544,-0.200083
AN_Lat_2_4.12.26,53,302.62,399.94,0,302.62,399.94,0.995,317.54,415.04,0.9685,0.292224,0.277472,-0.061751,0.289871,0.262317,-0.049483,0.288847,0.261943,-0.049703,0.287779,0.261699,-0.04964,0.288569,0.261058,-0.074867,0.286276,0.259414,-0.075154,0.283754,0.257477,-0.075271,0.274148,0.261071,0.017819,0.268581,0.254613,-0.091425,0.28515,0.28997,-0.034052,0.28373,0.287929,-0.068445,0.258663,0.358429,0.09783,0.220405,0.279012,-0.127579,0.231701,0.436345,0.105054,0.143741,0.274637,-0.177971,0.198588,0.463917,-0.016352,0.165384,0.384293,-0.213277,0.19089,0.476192,-0.035437,0.165463,0.417296,-0.243471,0.193978,0.462569,-0.054458,0.174745,0.419451,-0.238409,0.196075,0.458549,-0.027095,0.17419,0.408185,-0.210787,0.163716,0.509487,0.081473,0.143953,0.487134,-0.08147,0.10201,0.651059,0.076448,0.212385,0.635112,-0.141788,0.032265,0.769312,0.065628,0.189239,0.831146,-0.143889,0.010978,0.776334,0.058958,0.17137,0.860245,-0.145318,0.039488,0.851479,-0.011263,0.232987,0.861394,-0.206431
AN_Lat_2_4.12.26,54,300.87,399.17,0,300.87,399.17,0.9948,311.6,410.72,0.9683,0.290913,0.276554,-0.060449,0.288355,0.262177,-0.048906,0.287418,0.261889,-0.049128,0.286463,0.261659,-0.049079,0.286808,0.260757,-0.074434,0.284307,0.259003,-0.074725,0.281543,0.257024,-0.074846,0.273058,0.260954,0.019753,0.266626,0.254492,-0.087331,0.284439,0.28955,-0.033806,0.282694,0.287208,-0.067223,0.258197,0.358193,0.099167,0.219552,0.27841,-0.122723,0.229769,0.436124,0.105944,0.143029,0.2724,-0.168772,0.196972,0.462369,-0.015441,0.162292,0.380292,-0.205092,0.189497,0.471921,-0.034463,0.162134,0.413613,-0.235297,0.189783,0.458558,-0.053134,0.170959,0.415325,-0.231094,0.193975,0.457235,-0.025902,0.170378,0.40489,-0.203057,0.162213,0.509398,0.082156,0.142796,0.486572,-0.082154,0.10131,0.651076,0.077123,0.211002,0.63396,-0.147665,0.03115,0.769369,0.065984,0.189257,0.831136,-0.149561,0.010105,0.776416,0.059298,0.171358,0.860285,-0.150936,0.039665,0.851811,-0.009606,0.233174,0.861281,-0.212184
AN_Lat_2_4.12.26,55,297.92,402.43,0,297.92,402.43,0.995,311.36,410.91,0.9675,0.289313,0.275968,-0.05988,0.286057,0.26199,-0.047403,0.285062,0.261791,-0.04762,0.284091,0.261647,-0.047552,0.28446,0.260383,-0.071392,0.281952,0.258639,-0.07169,0.279247,0.256744,-0.071821,0.271154,0.260962,0.021697,0.264749,0.254382,-0.082824,0.283319,0.289211,-0.031993,0.281535,0.286689,-0.063584,0.25803,0.358134,0.101157,0.218738,0.278271,-0.118715,0.227583,0.43573,0.109557,0.142611,0.272608,-0.166429,0.195555,0.461347,-0.007192,0.162164,0.380471,-0.206216,0.185777,0.466412,-0.025309,0.161986,0.413107,-0.236403,0.188526,0.455581,-0.044978,0.170935,0.414577,-0.232052,0.190762,0.453744,-0.017916,0.170898,0.404191,-0.204257,0.158954,0.509238,0.082212,0.139883,0.485258,-0.082212,0.100427,0.651148,0.07366,0.20984,0.633142,-0.14307,0.029895,0.76947,0.060462,0.18945,0.830253,-0.139315,0.009467,0.776657,0.053481,0.171492,0.860213,-0.139933,0.038977,0.852134,-0.014858,0.233464,0.861271,-0.196389
AN_Lat_2_4.12.26,56,297.29,404.51,0,297.29,404.51,0.9952,311.16,413.63,0.9661,0.286894,0.275415,-0.04997,0.283656,0.26184,-0.036831,0.282916,0.261776,-0.037045,0.282223,0.261588,-0.036973,0.281602,0.259919,-0.059636,0.279208,0.258297,-0.059933,0.276636,0.256541,-0.060064,0.269859,0.261572,0.02942,0.262632,0.254401,-0.072177,0.281937,0.289064,-0.022186,0.279682,0.286357,-0.052586,0.257903,0.358992,0.107081,0.216683,0.278093,-0.108956,0.227648,0.435782,0.112479,0.141052,0.274678,-0.157113,0.192085,0.460048,0.009891,0.162062,0.382988,-0.196649,0.180914,0.469352,-0.005418,0.162589,0.415439,-0.226334,0.18505,0.455069,-0.025552,0.171788,0.417089,-0.22101,0.188619,0.454013,-0.000855,0.171531,0.406476,-0.194357,0.156213,0.508526,0.082097,0.138724,0.483542,-0.082103,0.099265,0.651799,0.073506,0.209449,0.632883,-0.136746,0.029152,0.769943,0.055699,0.189452,0.830146,-0.135222,0.008375,0.776801,0.048387,0.171509,0.860036,-0.135842,0.037937,0.853081,-0.017439,0.232944,0.861429,-0.187608
AN_Lat_2_4.12.26,57,295.87,409.42,0,295.87,409.42,0.9948,307.49,416.8,0.9639,0.283607,0.275188,-0.041279,0.280447,0.261746,-0.028023,0.279634,0.261762,-0.028232,0.278914,0.261538,-0.028165,0.27851,0.259674,-0.052032,0.276202,0.258116,-0.052324,0.273704,0.256427,-0.052458,0.267138,0.261511,0.03692,0.260116,0.254324,-0.070593,0.278254,0.288936,-0.013316,0.276053,0.286186,-0.045598,0.256737,0.358781,0.115254,0.214604,0.27724,-0.110589,0.227242,0.435465,0.118514,0.139636,0.277095,-0.160847,0.192342,0.460202,0.018099,0.160151,0.385925,-0.19806,0.185257,0.470701,0.003795,0.159382,0.418296,-0.227803,0.189354,0.458342,-0.01675,0.170404,0.419275,-0.221916,0.193473,0.45638,0.0072,0.1693,0.40884,-0.195592,0.153797,0.508293,0.083167,0.13763,0.483231,-0.083166,0.096517,0.651986,0.086762,0.208751,0.631905,-0.149273,0.028338,0.770223,0.084184,0.189459,0.830138,-0.155142,0.007669,0.777022,0.078662,0.171527,0.860033,-0.156208,0.037561,0.853195,0.013215,0.232928,0.861488,-0.21004
AN_Lat_2_4.12.26,58,297.82,416.14,0,297.82,416.14,0.9946,305.82,419.06,0.9614,0.282159,0.273988,-0.044475,0.278778,0.260534,-0.030345,0.277887,0.260615,-0.030558,0.277094,0.26054,-0.03048,0.277017,0.258342,-0.055138,0.274734,0.256769,-0.055434,0.272258,0.25508,-0.055579,0.26551,0.261045,0.034324,0.258862,0.253323,-0.071257,0.276689,0.288021,-0.015242,0.274682,0.285037,-0.048547,0.253711,0.358382,0.113319,0.213059,0.276635,-0.112116,0.222347,0.434322,0.117945,0.137976,0.278827,-0.165332,0.190037,0.459601,0.001459,0.15928,0.388014,-0.199189,0.18325,0.469546,-0.016134,0.158752,0.420225,-0.22867,0.186809,0.458792,-0.036832,0.170224,0.420805,-0.222859,0.188849,0.45615,-0.009897,0.168912,0.410483,-0.196553,0.152777,0.508321,0.084182,0.136456,0.483293,-0.084181,0.093998,0.652227,0.088793,0.207604,0.63219,-0.14145,0.02685,0.771734,0.085078,0.189516,0.829436,-0.138608,0.006768,0.779243,0.079294,0.171896,0.859782,-0.13907,0.03654,0.853149,0.014237,0.23293,0.860464,-0.188885
AN_Lat_2_4.12.26,59,296.38,418.29,0,296.38,418.29,0.9945,304.44,420.26,0.9625,0.279776,0.273939,-0.048903,0.276004,0.260392,-0.03636,0.274815,0.260394,-0.036577,0.273641,0.260265,-0.036499,0.27479,0.258272,-0.061087,0.272605,0.256685,-0.061385,0.270166,0.254983,-0.061533,0.261582,0.260802,0.024654,0.256314,0.253205,-0.082409,0.273939,0.28762,-0.020858,0.27249,0.284739,-0.054169,0.250801,0.358139,0.107498,0.211128,0.276522,-0.121085,0.221273,0.432539,0.117339,0.135882,0.280076,-0.167546,0.188141,0.459845,0.008934,0.158562,0.389127,-0.199827,0.181192,0.470444,-0.006281,0.159603,0.421419,-0.228702,0.183938,0.460568,-0.027108,0.170886,0.421693,-0.222626,0.187024,0.456157,-0.002122,0.170027,0.411336,-0.19697,0.152197,0.508285,0.083992,0.135584,0.483686,-0.083996,0.092393,0.652565,0.088729,0.205497,0.631997,-0.137,0.024795,0.772562,0.083163,0.18972,0.829099,-0.131104,0.006165,0.781659,0.077324,0.172089,0.859769,-0.131309,0.036757,0.853326,0.015113,0.23316,0.860284,-0.180457
AN_Lat_2_4.12.26,60,294.84,423.84,0,294.84,423.84,0.9948,300.94,420.38,0.9617,0.277544,0.273965,-0.052287,0.27392,0.260387,-0.040166,0.27275,0.260382,-0.040376,0.271578,0.260243,-0.040296,0.272858,0.258268,-0.065331,0.270747,0.256676,-0.065625,0.268369,0.254972,-0.065772,0.259077,0.260857,0.021119,0.254532,0.25349,-0.089527,0.27157,0.287709,-0.024445,0.270335,0.284863,-0.05847,0.248494,0.357625,0.105754,0.209082,0.276543,-0.125422,0.220112,0.430222,0.117857,0.133852,0.282082,-0.170871,0.190446,0.460218,0.01288,0.156737,0.389236,-0.207506,0.184773,0.470808,-0.000886,0.157661,0.421688,-0.238547,0.186503,0.463398,-0.021192,0.169311,0.422444,-0.231958,0.189282,0.456348,0.002135,0.168127,0.412178,-0.204523,0.152668,0.508922,0.08247,0.13413,0.484417,-0.082462,0.090046,0.652689,0.081564,0.203958,0.632051,-0.136451,0.023407,0.774417,0.074507,0.189735,0.828195,-0.126774,0.005853,0.78578,0.068361,0.172148,0.859485,-0.126853,0.035794,0.853317,0.00117,0.232765,0.85971,-0.175785
AN_Lat_2_4.12.26,61,296.44,432.73,0,296.44,432.73,0.9938,300.63,429.98,0.9627,0.274117,0.271643,-0.052689,0.270715,0.258179,-0.04042,0.269733,0.258374,-0.040627,0.268792,0.258536,-0.040547,0.269081,0.255637,-0.065564,0.266982,0.254184,-0.06586,0.264647,0.252689,-0.06601,0.255805,0.260098,0.021327,0.25079,0.252493,-0.089567,0.268835,0.285806,-0.024615,0.267107,0.282803,-0.05864,0.24352,0.357207,0.106934,0.205931,0.27655,-0.125816,0.213768,0.429341,0.119267,0.131807,0.291247,-0.170783,0.189906,0.46108,0.017326,0.156576,0.398129,-0.203798,0.180126,0.472936,0.003919,0.158242,0.429563,-0.234373,0.183825,0.46513,-0.017339,0.169944,0.425999,-0.227836,0.187104,0.456963,0.006237,0.168739,0.416341,-0.200734,0.152715,0.509969,0.082426,0.132864,0.484748,-0.082424,0.087264,0.652812,0.081597,0.202933,0.631723,-0.166436,0.021892,0.775588,0.080387,0.189967,0.827399,-0.162715,0.004311,0.788163,0.07523,0.173208,0.859286,-0.162794,0.035209,0.853307,0.008313,0.232814,0.858858,-0.21986
AN_Lat_2_4.12.26,62,295.36,435.39,0,295.36,435.39,0.99,300.53,440.26,0.9657,0.271206,0.269396,-0.053167,0.267817,0.256299,-0.040975,0.267012,0.256713,-0.041176,0.266269,0.257128,-0.041093,0.265851,0.253319,-0.06623,0.263688,0.25187,-0.066535,0.261314,0.250507,-0.066691,0.253735,0.259523,0.021026,0.247515,0.251669,-0.090426,0.266362,0.28357,-0.025086,0.264359,0.280357,-0.059201,0.238775,0.35609,0.10826,0.203921,0.27717,-0.13171,0.196095,0.408992,0.121864,0.130632,0.300954,-0.171522,0.186827,0.461794,0.017467,0.156526,0.407645,-0.196995,0.182799,0.475015,0.004724,0.158968,0.440391,-0.225779,0.185984,0.468696,-0.015329,0.170865,0.432098,-0.219441,0.188473,0.457558,0.007798,0.169713,0.422112,-0.193644,0.149975,0.509916,0.082534,0.132358,0.485703,-0.082532,0.08626,0.652817,0.081865,0.202072,0.631638,-0.154192,0.019313,0.778509,0.079571,0.190131,0.826749,-0.14878,0.002607,0.792188,0.074221,0.173492,0.859204,-0.148585,0.0341,0.853164,0.012041,0.233253,0.857309,-0.19924
AN_Lat_2_4.12.26,63,297.08,454.28,0,297.08,454.28,0.99,302.02,457.24,0.9688,0.26653,0.268291,-0.050604,0.2626,0.255721,-0.040434,0.261582,0.256128,-0.040635,0.260633,0.256581,-0.040555,0.261265,0.253007,-0.065616,0.259312,0.251639,-0.065928,0.257273,0.250325,-0.066091,0.248813,0.259166,0.015731,0.244338,0.251595,-0.095524,0.260988,0.282221,-0.024679,0.259548,0.279125,-0.058713,0.234223,0.352919,0.104007,0.20147,0.278678,-0.143478,0.181503,0.402337,0.121002,0.129357,0.313421,-0.178908,0.179314,0.469305,0.019469,0.157301,0.423369,-0.1991,0.174859,0.490334,0.005389,0.159848,0.455621,-0.227821,0.181786,0.478391,-0.013529,0.171326,0.445014,-0.221632,0.18405,0.464174,0.009752,0.170372,0.434476,-0.195964,0.145265,0.510083,0.081712,0.131472,0.489429,-0.081715,0.08442,0.653162,0.085895,0.202049,0.631901,-0.127847,0.017325,0.781733,0.079972,0.190228,0.826621,-0.119148,0.00114,0.799857,0.07454,0.173988,0.859072,-0.117714,0.033394,0.852773,0.022617,0.233516,0.856911,-0.148862
AN_Lat_2_4.12.26,64,297.76,468.04,0,297.76,468.04,0.9904,303.8,475.53,0.9712,0.263507,0.26848,-0.049559,0.259881,0.255781,-0.040294,0.258509,0.256148,-0.040496,0.257168,0.256589,-0.040417,0.259103,0.253249,-0.065612,0.25715,0.251934,-0.065925,0.255016,0.250657,-0.066087,0.244644,0.259039,0.011215,0.24144,0.25173,-0.104363,0.25655,0.282248,-0.024663,0.255309,0.279206,-0.05881,0.226099,0.34587,0.10093,0.198907,0.282383,-0.156091,0.180378,0.395597,0.120754,0.1278,0.328408,-0.183321,0.181086,0.471317,0.021162,0.15823,0.440303,-0.179231,0.176847,0.495522,0.006063,0.162302,0.469861,-0.202363,0.185365,0.48385,-0.0125,0.172368,0.458841,-0.194218,0.184993,0.470311,0.01106,0.170495,0.449406,-0.174303,0.139833,0.510234,0.08171,0.129982,0.493384,-0.081718,0.082231,0.654935,0.100545,0.201154,0.63202,-0.110233,0.015452,0.784624,0.094249,0.190459,0.826629,-0.093887,0.000425,0.804124,0.089382,0.174841,0.859071,-0.091386,0.033832,0.852668,0.051093,0.233766,0.856852,-0.112719
AN_Lat_2_4.12.26,65,306.27,485.65,0,306.27,485.65,0.9896,304.48,486.11,0.9739,0.258326,0.268572,-0.048063,0.253895,0.25587,-0.039597,0.252545,0.256266,-0.039803,0.251246,0.256756,-0.039731,0.253078,0.253417,-0.064856,0.2511,0.252165,-0.065166,0.249045,0.250952,-0.065321,0.239407,0.259127,0.010732,0.236173,0.252255,-0.103325,0.251482,0.282204,-0.024235,0.250849,0.279264,-0.058271,0.222984,0.342614,0.10101,0.193305,0.28613,-0.154137,0.187055,0.398903,0.126642,0.126862,0.34419,-0.188478,0.184808,0.477661,0.038971,0.158585,0.450105,-0.181737,0.180353,0.499207,0.029138,0.163876,0.478544,-0.207027,0.187439,0.490176,0.004795,0.173797,0.468074,-0.201118,0.1873,0.476189,0.026916,0.171375,0.4588,-0.178636,0.135902,0.510729,0.081661,0.128962,0.496074,-0.081674,0.079922,0.657396,0.099321,0.200553,0.632208,-0.101403,0.012284,0.789446,0.089258,0.190671,0.826624,-0.087499,-0.003102,0.810313,0.084409,0.174866,0.859066,-0.085513,0.033883,0.853076,0.039317,0.233789,0.856561,-0.108863
AN_Lat_2_4.12.26,66,314.57,500.56,0,314.57,500.56,0.991,310.13,499.53,0.9762,0.254147,0.267498,-0.039218,0.24986,0.254351,-0.029993,0.248485,0.254719,-0.030196,0.247037,0.255166,-0.030131,0.249248,0.252305,-0.057232,0.247479,0.251336,-0.057532,0.245466,0.250381,-0.057651,0.234441,0.258213,0.018133,0.231738,0.252248,-0.103125,0.248052,0.281128,-0.015946,0.24748,0.278736,-0.052306,0.216682,0.338155,0.110468,0.192215,0.290876,-0.15343,0.185347,0.400136,0.13341,0.126213,0.358136,-0.188228,0.186749,0.483769,0.039455,0.161527,0.462524,-0.176439,0.184159,0.507307,0.030319,0.168152,0.49191,-0.200218,0.189839,0.49863,0.005223,0.177196,0.481848,-0.191914,0.19025,0.485531,0.026972,0.175115,0.472714,-0.171758,0.130642,0.511524,0.082545,0.12752,0.499913,-0.082578,0.078097,0.660001,0.100811,0.200296,0.632357,-0.102591,0.009138,0.790766,0.091004,0.190725,0.827155,-0.092918,-0.007716,0.812393,0.086066,0.174919,0.859273,-0.091466,0.033262,0.853045,0.048909,0.233852,0.856582,-0.115113
AN_Lat_2_4.12.26,67,323.17,512.33,0,323.17,512.33,0.9893,318.4,508.47,0.978,0.249048,0.267581,-0.013827,0.24535,0.254275,-0.004586,0.244092,0.254588,-0.004783,0.242858,0.254993,-0.004751,0.244524,0.252288,-0.030306,0.24277,0.251304,-0.030629,0.24087,0.250342,-0.030752,0.230307,0.258024,0.039886,0.227501,0.252274,-0.075697,0.243011,0.281084,0.007819,0.242307,0.278751,-0.026972,0.208574,0.331041,0.130743,0.189281,0.297283,-0.135576,0.191061,0.358511,0.284323,0.127175,0.368835,-0.188632,0.238913,0.356566,0.389991,0.165835,0.470802,-0.189095,0.243163,0.360813,0.412236,0.173026,0.499521,-0.208188,0.24398,0.360792,0.38552,0.18154,0.490988,-0.195242,0.242238,0.36136,0.38164,0.179658,0.48234,-0.182254,0.126483,0.514116,0.082604,0.127463,0.506026,-0.082648,0.075858,0.663425,0.098329,0.200483,0.63281,-0.106688,0.007112,0.793422,0.088559,0.190763,0.82722,-0.096681,-0.009073,0.815697,0.083583,0.174911,0.859276,-0.094549,0.032745,0.853002,0.055439,0.233861,0.856757,-0.105077
AN_Lat_2_4.12.26,68,333.85,520.69,0,333.85,520.69,0.9904,329.19,516.94,0.9797,0.2411,0.267804,-0.002783,0.238223,0.254385,0.006433,0.237383,0.254735,0.006232,0.236584,0.255193,0.006255,0.23692,0.252338,-0.018091,0.235193,0.251374,-0.018418,0.233328,0.250444,-0.018548,0.225173,0.25809,0.050072,0.220178,0.25252,-0.060128,0.234934,0.281193,0.018398,0.233914,0.279116,-0.014923,0.200054,0.32619,0.139012,0.185433,0.302977,-0.12303,0.195082,0.348022,0.297078,0.128055,0.382443,-0.189636,0.251528,0.340262,0.408045,0.171456,0.478646,-0.210513,0.256797,0.341467,0.431501,0.181966,0.504186,-0.233374,0.257191,0.342445,0.405338,0.1886,0.495595,-0.218218,0.255156,0.343527,0.400048,0.185626,0.487697,-0.204448,0.121599,0.516626,0.08252,0.126777,0.511876,-0.082578,0.074959,0.667173,0.096796,0.200602,0.633482,-0.108052,0.00598,0.796022,0.088229,0.190882,0.82722,-0.094386,-0.009366,0.818756,0.08273,0.175646,0.859061,-0.0911,0.032781,0.853023,0.054699,0.233878,0.856071,-0.094117
AN_Lat_2_4.12.26,69,345.25,526.24,0,345.25,526.24,0.9897,341.69,521.87,0.9817,0.235748,0.267855,-0.005349,0.23206,0.254379,0.005194,0.230917,0.254645,0.004992,0.22981,0.255031,0.005056,0.23104,0.252397,-0.021719,0.229267,0.251415,-0.022028,0.22733,0.250472,-0.022156,0.217901,0.257893,0.053821,0.21408,0.252529,-0.065462,0.229685,0.281222,0.017661,0.228486,0.279161,-0.018605,0.190727,0.327684,0.144557,0.181685,0.306577,-0.125123,0.16479,0.394628,0.222367,0.128457,0.394477,-0.189421,0.173004,0.495548,0.204455,0.177963,0.483215,-0.175796,0.172791,0.510084,0.206038,0.186897,0.505678,-0.199385,0.178652,0.512571,0.180665,0.192817,0.498442,-0.181647,0.179041,0.507691,0.193727,0.189319,0.49105,-0.167469,0.118443,0.520792,0.082897,0.12489,0.518096,-0.082972,0.073979,0.670509,0.104556,0.200741,0.634934,-0.084543,0.004842,0.798431,0.103042,0.191173,0.827577,-0.072431,-0.009798,0.821948,0.09978,0.176436,0.85906,-0.069329,0.031429,0.853327,0.076459,0.233886,0.855801,-0.075698
AN_Lat_2_4.12.26,70,355.25,519.0,0,355.25,519.0,0.992,354.42,524.47,0.9832,0.23245,0.267909,-0.010927,0.229109,0.254418,0.000309,0.227896,0.254622,0.000109,0.226687,0.2549,0.000173,0.228247,0.252442,-0.026789,0.226577,0.251435,-0.027084,0.224705,0.250505,-0.027209,0.214022,0.257829,0.052576,0.210669,0.25278,-0.067979,0.225755,0.281276,0.013216,0.225017,0.279193,-0.023207,0.189135,0.329251,0.141493,0.176391,0.310055,-0.126128,0.157284,0.415287,0.199552,0.129627,0.402926,-0.189795,0.164158,0.525325,0.194427,0.184592,0.485624,-0.182996,0.164592,0.546861,0.182012,0.193285,0.508563,-0.208057,0.170176,0.545991,0.159662,0.198092,0.500166,-0.194473,0.170058,0.537762,0.186876,0.195111,0.491217,-0.176505,0.115923,0.524746,0.082861,0.122853,0.522265,-0.082936,0.072728,0.673982,0.113382,0.200337,0.635436,-0.09107,0.002727,0.799565,0.125014,0.191702,0.82766,-0.081727,-0.011888,0.822782,0.123217,0.176848,0.859064,-0.079431,0.030911,0.853709,0.100466,0.234927,0.855918,-0.09632
AN_Lat_2_4.12.26,71,375.41,518.6,0,375.41,518.6,0.989,367.05,525.38,0.9848,0.226377,0.267891,-0.015196,0.222614,0.254158,-0.003891,0.221228,0.254264,-0.004097,0.219872,0.254419,-0.004038,0.221888,0.252388,-0.030553,0.220143,0.251415,-0.03084,0.218259,0.250492,-0.030966,0.207095,0.257698,0.049445,0.204673,0.252994,-0.069454,0.21991,0.281302,0.009196,0.219161,0.279222,-0.026703,0.184603,0.330035,0.13704,0.172875,0.311824,-0.127267,0.157629,0.458915,0.189236,0.132479,0.410109,-0.205224,0.167699,0.567011,0.156104,0.191171,0.486465,-0.236192,0.168952,0.586355,0.151051,0.202812,0.507604,-0.26921,0.175456,0.586804,0.125866,0.207767,0.499353,-0.250722,0.174773,0.579948,0.14603,0.203976,0.491905,-0.229228,0.111307,0.52973,0.081943,0.121671,0.528565,-0.082016,0.070482,0.679327,0.121717,0.199393,0.635721,-0.084555,0.001628,0.801966,0.140237,0.192055,0.82762,-0.06245,-0.013726,0.828631,0.139005,0.177093,0.858873,-0.058765,0.030841,0.85388,0.11223,0.235418,0.855801,-0.074344
AN_Lat_2_4.12.26,72,396.49,517.97,0,396.49,517.97,0.9854,375.82,519.71,0.9862,0.217823,0.267375,-0.014157,0.213367,0.25266,-0.002843,0.21197,0.252699,-0.003059,0.21054,0.252773,-0.003009,0.21267,0.251356,-0.028488,0.210959,0.250689,-0.028761,0.209031,0.250037,-0.028879,0.197877,0.257005,0.050691,0.195589,0.253083,-0.063525,0.212219,0.281282,0.010112,0.211049,0.279234,-0.024487,0.179064,0.330932,0.134739,0.168111,0.312824,-0.124307,0.156408,0.47464,0.185346,0.136017,0.412086,-0.21701,0.169655,0.581631,0.152248,0.195738,0.481211,-0.272004,0.172839,0.602257,0.154342,0.207811,0.501741,-0.306403,0.176172,0.602715,0.126225,0.211902,0.49554,-0.289514,0.175278,0.594029,0.140516,0.207868,0.488531,-0.266308,0.108076,0.532701,0.079477,0.120746,0.532608,-0.07955,0.069109,0.683751,0.120625,0.198197,0.637055,-0.079927,0.000258,0.804715,0.132614,0.192288,0.82771,-0.062762,-0.01626,0.842358,0.130495,0.177416,0.858986,-0.059911,0.030441,0.853901,0.10207,0.235957,0.855815,-0.07851
AN_Lat_2_4.12.26,73,397.3,508.19,0,397.3,508.19,0.9825,384.07,516.29,0.9874,0.210063,0.265255,-0.014195,0.205022,0.250162,-0.003286,0.203609,0.250219,-0.003503,0.202137,0.250307,-0.003454,0.204464,0.249446,-0.028669,0.202883,0.24919,-0.028937,0.201127,0.248902,-0.029058,0.189344,0.255645,0.049647,0.188306,0.25307,-0.063593,0.205132,0.280184,0.009927,0.204072,0.27842,-0.024329,0.174293,0.331488,0.133486,0.162357,0.313556,-0.125305,0.1549,0.476609,0.182224,0.140343,0.416003,-0.220867,0.166423,0.593192,0.1447,0.200034,0.478048,-0.271845,0.168753,0.618677,0.147377,0.213329,0.499623,-0.306377,0.17439,0.62068,0.118788,0.217482,0.493168,-0.289267,0.172932,0.611473,0.132572,0.212701,0.486142,-0.265822,0.107509,0.535873,0.078746,0.115774,0.53416,-0.078814,0.067696,0.689268,0.126178,0.195812,0.637151,-0.087861,-3.9e-05,0.806369,0.151275,0.192978,0.827754,-0.073003,-0.016161,0.850324,0.150717,0.177886,0.858992,-0.070619,0.030077,0.853867,0.123422,0.237195,0.85622,-0.09353
AN_Lat_2_4.12.26,74,415.75,498.72,0,415.75,498.72,0.9703,395.82,511.28,0.9881,0.203794,0.262761,-0.001858,0.19934,0.248134,0.008202,0.198119,0.248267,0.007993,0.19685,0.248417,0.008035,0.19836,0.247483,-0.018911,0.196675,0.247377,-0.019183,0.194781,0.247284,-0.019284,0.183102,0.254511,0.057238,0.180886,0.252739,-0.062955,0.198472,0.278585,0.021214,0.197564,0.277182,-0.015418,0.167667,0.329135,0.144022,0.15466,0.313656,-0.125876,0.164982,0.449535,0.219201,0.147271,0.419802,-0.203795,0.210332,0.51869,0.212882,0.206155,0.473404,-0.19622,0.218042,0.53497,0.223107,0.219278,0.496262,-0.221958,0.221807,0.540498,0.195239,0.224405,0.489843,-0.205281,0.217791,0.525378,0.201428,0.219715,0.482081,-0.189458,0.106886,0.537251,0.080375,0.112029,0.538259,-0.080455,0.067305,0.692367,0.130587,0.194913,0.637754,-0.09169,-0.000292,0.806814,0.159465,0.193927,0.827803,-0.074665,-0.016431,0.852578,0.159878,0.178968,0.85897,-0.071581,0.029282,0.853036,0.139169,0.237562,0.856202,-0.086491
AN_Lat_2_4.12.26,75,424.77,486.34,0,424.77,486.34,0.9696,418.75,510.19,0.989,0.19596,0.260899,0.002243,0.191326,0.246869,0.013112,0.190072,0.247063,0.012899,0.188865,0.2473,0.012936,0.190179,0.246304,-0.014132,0.188231,0.246262,-0.014396,0.1861,0.246302,-0.014514,0.175383,0.254104,0.06349,0.17262,0.252648,-0.058195,0.190554,0.277189,0.025505,0.18949,0.276011,-0.011254,0.162193,0.329468,0.146047,0.148366,0.314561,-0.126491,0.164918,0.449286,0.203331,0.1544,0.420323,-0.205819,0.189513,0.573098,0.173096,0.218098,0.4724,-0.20203,0.195243,0.598204,0.176948,0.228584,0.487026,-0.231278,0.199806,0.60173,0.1498,0.231051,0.480309,-0.208792,0.196548,0.591175,0.161416,0.227933,0.474949,-0.193473,0.105944,0.538466,0.08036,0.108134,0.538976,-0.08044,0.065495,0.698061,0.125319,0.194005,0.638219,-0.090616,-0.004295,0.810678,0.146469,0.194139,0.827663,-0.07536,-0.018451,0.854486,0.145975,0.179603,0.858532,-0.072716,0.027631,0.853208,0.126056,0.238525,0.856166,-0.088665
AN_Lat_2_4.12.26,76,433.06,469.42,0,433.06,469.42,0.9905,429.5,493.57,0.9893,0.188553,0.261082,0.003947,0.184421,0.247138,0.013965,0.182834,0.247264,0.013765,0.181282,0.247461,0.013794,0.183609,0.24654,-0.013822,0.181566,0.246404,-0.014102,0.179302,0.246354,-0.014232,0.167309,0.25378,0.06368,0.165663,0.252484,-0.060317,0.182022,0.277307,0.027522,0.181315,0.276189,-0.010085,0.155567,0.329828,0.15123,0.139782,0.31506,-0.130085,0.16169,0.445945,0.209794,0.157871,0.415816,-0.205432,0.19988,0.488628,0.17697,0.223698,0.457005,-0.204217,0.211221,0.493262,0.180641,0.23529,0.460455,-0.233222,0.215236,0.490885,0.155289,0.236345,0.450965,-0.214893,0.211068,0.488341,0.165088,0.232923,0.449389,-0.197071,0.103468,0.541611,0.081572,0.104112,0.542587,-0.081662,0.063914,0.703449,0.122475,0.190115,0.638349,-0.093046,-0.005794,0.812694,0.147328,0.194494,0.827496,-0.077565,-0.020145,0.854048,0.147593,0.180258,0.857902,-0.074999,0.02689,0.854246,0.125712,0.240145,0.855973,-0.095061
AN_Lat_2_4.12.26,77,435.41,452.94,0,435.41,452.94,0.9866,426.75,477.55,0.986,0.179595,0.261166,-0.000337,0.176851,0.247018,0.009758,0.17581,0.247146,0.009549,0.174869,0.247345,0.009583,0.175186,0.246321,-0.017491,0.172913,0.246059,-0.017773,0.170357,0.245846,-0.017908,0.162845,0.25321,0.060873,0.156706,0.251357,-0.061295,0.173925,0.277397,0.023836,0.172342,0.276161,-0.013113,0.155915,0.330244,0.149485,0.130011,0.314522,-0.130912,0.166559,0.442596,0.19819,0.159932,0.412683,-0.190246,0.215592,0.447222,0.117025,0.222263,0.442173,-0.156799,0.229294,0.444715,0.116114,0.235368,0.438001,-0.181339,0.231658,0.435852,0.093467,0.2361,0.428696,-0.168678,0.228693,0.439232,0.104822,0.232313,0.428944,-0.15123,0.103079,0.544465,0.083445,0.097254,0.543332,-0.083524,0.064045,0.705316,0.130493,0.186716,0.638388,-0.098241,-0.005151,0.813002,0.178505,0.194759,0.827319,-0.094774,-0.019764,0.853943,0.181038,0.180211,0.857431,-0.094145,0.025448,0.85559,0.15491,0.240864,0.855993,-0.12745
AN_Lat_2_4.12.26,78,441.02,432.6,0,441.02,432.6,0.9866,427.07,451.6,0.9722,0.170274,0.261448,0.017398,0.167771,0.247237,0.024438,0.166454,0.24731,0.024241,0.164999,0.247409,0.024281,0.167089,0.246512,-0.003592,0.165352,0.246194,-0.003857,0.1633,0.24591,-0.003963,0.152433,0.2527,0.064607,0.150333,0.25113,-0.060366,0.164268,0.277525,0.038017,0.163542,0.276231,-9.8e-05,0.133907,0.328507,0.148823,0.123877,0.314538,-0.131452,0.168897,0.41443,0.190883,0.163906,0.409489,-0.176044,0.223857,0.410834,0.110014,0.222432,0.418151,-0.113855,0.235319,0.409128,0.109854,0.233779,0.413954,-0.132672,0.236841,0.402088,0.088368,0.233693,0.40409,-0.120637,0.234738,0.403402,0.09835,0.23077,0.406115,-0.107956,0.094539,0.545449,0.084545,0.095238,0.544024,-0.084646,0.062837,0.706815,0.142717,0.185255,0.639057,-0.09292,-0.005449,0.815066,0.199498,0.194859,0.826406,-0.077781,-0.019687,0.855378,0.203201,0.180898,0.856509,-0.075479,0.024516,0.855746,0.182322,0.241362,0.855314,-0.099893
AN_Lat_2_4.12.26,79,425.73,410.69,0,425.73,410.69,0.9882,419.37,426.94,0.9415,0.165733,0.261407,0.018574,0.163184,0.24682,0.025581,0.162126,0.246729,0.02538,0.160992,0.246645,0.025408,0.161915,0.246129,-0.001304,0.159764,0.24566,-0.001566,0.157432,0.245209,-0.001656,0.147689,0.251915,0.06525,0.143885,0.250212,-0.055869,0.159387,0.277458,0.03922,0.157962,0.276043,0.002605,0.12868,0.328787,0.145973,0.119385,0.313493,-0.125056,0.170906,0.414368,0.177347,0.165317,0.403324,-0.157914,0.222588,0.390089,0.101773,0.21842,0.395313,-0.095402,0.234399,0.384438,0.100692,0.229744,0.391867,-0.112638,0.235715,0.380304,0.081335,0.229292,0.382194,-0.102251,0.233426,0.37933,0.091068,0.226517,0.38203,-0.090461,0.088228,0.545894,0.083911,0.095112,0.544524,-0.084043,0.062825,0.706747,0.135667,0.181532,0.639608,-0.071794,-0.006458,0.817666,0.180132,0.194835,0.826414,-0.053228,-0.019944,0.856638,0.182723,0.180783,0.8565,-0.050759,0.02342,0.856768,0.167341,0.241206,0.854554,-0.067354
AN_Lat_2_4.12.26,80,426.96,390.55,0,426.96,390.55,0.9872,421.03,399.72,0.9405,0.158717,0.261599,0.014776,0.155259,0.246652,0.021512,0.15363,0.246347,0.021309,0.151755,0.246025,0.021333,0.154677,0.246106,-0.006131,0.152876,0.245619,-0.006392,0.150728,0.245135,-0.006489,0.137918,0.250574,0.061511,0.135882,0.249608,-0.05737,0.150825,0.27755,0.03513,0.150133,0.276079,-0.002393,0.117593,0.327088,0.145309,0.113906,0.31282,-0.131254,0.171329,0.407192,0.162669,0.166457,0.40022,-0.167021,0.221085,0.364732,0.088881,0.219287,0.370115,-0.119976,0.236091,0.359644,0.088147,0.233491,0.365822,-0.139813,0.23649,0.351699,0.069543,0.231285,0.355645,-0.128159,0.230472,0.351731,0.078433,0.226821,0.356264,-0.114714,0.08516,0.546407,0.083897,0.092023,0.545292,-0.084016,0.062251,0.707637,0.146268,0.177435,0.640043,-0.068265,-0.007411,0.819983,0.199243,0.194828,0.826456,-0.052068,-0.021266,0.857642,0.203036,0.180729,0.85651,-0.049834,0.022167,0.859221,0.195108,0.241086,0.854818,-0.064343
AN_Lat_2_4.12.26,81,419.87,368.64,0,419.87,368.64,0.9889,416.06,381.65,0.9355,0.153383,0.261266,0.018157,0.15063,0.246234,0.024538,0.149355,0.24584,0.024345,0.147881,0.245361,0.024364,0.149787,0.24555,-0.004075,0.148157,0.244859,-0.004331,0.146271,0.244073,-0.004412,0.134336,0.248157,0.061769,0.132461,0.247242,-0.059249,0.146933,0.27724,0.038031,0.145974,0.275865,-0.000709,0.110257,0.326251,0.144001,0.111212,0.312198,-0.134514,0.168068,0.391941,0.162509,0.165893,0.39349,-0.16994,0.220704,0.351525,0.086204,0.2167,0.353381,-0.10391,0.233792,0.346646,0.085287,0.230185,0.348303,-0.121517,0.234251,0.339738,0.0657,0.228132,0.338429,-0.110214,0.230776,0.351923,0.075147,0.223215,0.341805,-0.098456,0.080905,0.545683,0.084017,0.089112,0.544398,-0.084156,0.062426,0.706831,0.149517,0.17422,0.640199,-0.05671,-0.008385,0.820731,0.200215,0.194821,0.82646,-0.04108,-0.021304,0.860107,0.203863,0.180647,0.856738,-0.039107,0.020168,0.859479,0.200177,0.240887,0.854757,-0.050348
AN_Lat_2_4.12.26,82,407.15,341.54,0,407.15,341.54,0.9879,415.28,357.76,0.9242,0.148092,0.260564,0.018217,0.144976,0.245241,0.024314,0.143817,0.244683,0.024117,0.142438,0.243988,0.024141,0.144018,0.244494,-0.004143,0.142397,0.243638,-0.004393,0.140257,0.242577,-0.004465,0.129218,0.245891,0.061242,0.126417,0.245185,-0.060894,0.141737,0.276208,0.038113,0.140222,0.275309,-0.000502,0.107656,0.325542,0.142867,0.105651,0.311937,-0.137386,0.168882,0.383354,0.160467,0.164534,0.379321,-0.172381,0.226189,0.335001,0.082598,0.216292,0.331263,-0.119117,0.244285,0.332804,0.081743,0.228243,0.328488,-0.1382,0.245345,0.326591,0.060937,0.227049,0.318535,-0.127527,0.240089,0.328369,0.070932,0.222136,0.320701,-0.114342,0.07854,0.544896,0.085142,0.085763,0.542742,-0.08531,0.063235,0.705061,0.164524,0.16958,0.64069,-0.059216,-0.007706,0.820143,0.221038,0.194784,0.82645,-0.043345,-0.020567,0.860805,0.224846,0.180581,0.85686,-0.041591,0.021233,0.85951,0.213165,0.240729,0.852739,-0.060845
AN_Lat_2_4.12.26,83,395.83,323.92,0,395.83,323.92,0.9867,410.29,339.26,0.9196,0.142567,0.258763,0.01075,0.139771,0.243021,0.014681,0.13874,0.242394,0.014474,0.137596,0.241614,0.014484,0.138399,0.242092,-0.01327,0.136654,0.241101,-0.013497,0.134307,0.239871,-0.013544,0.124372,0.242561,0.051142,0.120252,0.24181,-0.070719,0.136669,0.274101,0.030496,0.134505,0.273615,-0.007716,0.108604,0.32431,0.132119,0.098973,0.310979,-0.14395,0.168211,0.377655,0.143833,0.162419,0.366759,-0.197747,0.222964,0.322545,0.068953,0.213691,0.314133,-0.155761,0.243011,0.318072,0.067453,0.225378,0.303501,-0.178142,0.243413,0.311621,0.04639,0.224929,0.293079,-0.16793,0.235915,0.310858,0.057275,0.220395,0.297191,-0.153111,0.079001,0.544067,0.085028,0.082164,0.541637,-0.08519,0.063553,0.7039,0.15528,0.165929,0.641073,-0.064693,-0.007251,0.820663,0.19618,0.194698,0.826515,-0.05102,-0.020073,0.863284,0.197677,0.180811,0.857413,-0.049666,0.021843,0.859617,0.174826,0.240616,0.850399,-0.068835
AN_Lat_2_4.12.26,84,382.9,307.45,0,382.9,307.45,0.9876,407.04,319.61,0.9002,0.137696,0.255983,0.007601,0.134522,0.238806,0.013134,0.133599,0.23798,0.012928,0.132615,0.237157,0.01295,0.132934,0.238222,-0.014673,0.130675,0.237281,-0.014911,0.127987,0.236232,-0.014973,0.119447,0.239731,0.051073,0.114255,0.238907,-0.068354,0.131307,0.271878,0.028256,0.129341,0.270995,-0.009303,0.10848,0.324286,0.128671,0.090747,0.306339,-0.137215,0.16822,0.373196,0.136679,0.162055,0.35197,-0.195559,0.222283,0.300916,0.063412,0.211998,0.295939,-0.155968,0.239873,0.288154,0.059616,0.223079,0.287262,-0.177651,0.236187,0.292713,0.044996,0.222688,0.273733,-0.168124,0.224056,0.278273,0.054489,0.217678,0.276817,-0.152956,0.079116,0.543483,0.082877,0.076947,0.540486,-0.083032,0.06333,0.702785,0.147424,0.162867,0.643192,-0.070443,-0.006678,0.821778,0.182062,0.194375,0.82655,-0.059249,-0.019804,0.864137,0.182956,0.1808,0.857799,-0.06102,0.022451,0.859948,0.158608,0.240852,0.848433,-0.099511
AN_Lat_2_4.12.26,85,374.66,289.79,0,374.66,289.79,0.9855,401.89,300.33,0.8836,0.131331,0.254464,0.00829,0.128567,0.236983,0.014442,0.127667,0.23622,0.014237,0.12669,0.235455,0.014256,0.126986,0.236195,-0.012782,0.124672,0.235168,-0.013021,0.122139,0.234115,-0.013089,0.113225,0.237344,0.053963,0.108663,0.236221,-0.065522,0.125652,0.269864,0.029728,0.123697,0.26859,-0.007212,0.101389,0.320736,0.130955,0.086967,0.302417,-0.136899,0.162672,0.360506,0.144285,0.161198,0.343629,-0.194787,0.210897,0.276252,0.069442,0.209317,0.278086,-0.157758,0.228301,0.261449,0.065775,0.22252,0.266458,-0.179643,0.217097,0.249762,0.050885,0.2171,0.252709,-0.170154,0.208325,0.249558,0.060287,0.211114,0.255358,-0.15443,0.075691,0.542536,0.082887,0.073873,0.540036,-0.083043,0.063395,0.701687,0.143414,0.157769,0.644366,-0.073718,-0.006339,0.821895,0.178791,0.193671,0.826289,-0.059771,-0.019354,0.865346,0.179785,0.18161,0.857817,-0.062855,0.022579,0.85953,0.154089,0.240775,0.843719,-0.105026
AN_Lat_2_4.12.26,86,355.73,273.13,0,355.73,273.13,0.9837,388.74,280.28,0.8817,0.126216,0.250005,0.014488,0.122645,0.233054,0.020487,0.121496,0.232462,0.02028,0.120232,0.231906,0.020287,0.121493,0.232098,-0.006392,0.11965,0.231167,-0.006632,0.117309,0.230213,-0.006713,0.107783,0.233682,0.059324,0.103971,0.232553,-0.060518,0.12101,0.265178,0.035457,0.119362,0.263946,-0.001229,0.098103,0.31891,0.132098,0.082981,0.297851,-0.129558,0.163186,0.353897,0.14772,0.158684,0.33183,-0.186457,0.201197,0.258364,0.07991,0.202467,0.259518,-0.142517,0.21148,0.237932,0.077745,0.213288,0.244713,-0.162968,0.201261,0.227052,0.059058,0.204508,0.233018,-0.154827,0.196565,0.232483,0.070968,0.200522,0.236971,-0.139413,0.073774,0.54234,0.081913,0.070491,0.539353,-0.082064,0.062578,0.700895,0.141797,0.153049,0.644853,-0.07468,-0.006795,0.822483,0.176392,0.192476,0.826087,-0.079915,-0.019642,0.867099,0.178017,0.181536,0.857931,-0.083164,0.022992,0.859815,0.157201,0.240723,0.841575,-0.119519
AN_Lat_2_4.12.26,87,347.56,259.22,0,347.56,259.22,0.9928,369.28,263.07,0.8784,0.122688,0.249681,0.018149,0.11955,0.232674,0.023969,0.118185,0.23215,0.023762,0.116625,0.231646,0.023769,0.118431,0.231166,-0.001958,0.116243,0.22993,-0.0022,0.113656,0.228744,-0.002287,0.103098,0.231822,0.062698,0.099854,0.230002,-0.053805,0.116673,0.264209,0.03904,0.115061,0.262632,0.003458,0.096719,0.317228,0.133191,0.078046,0.293282,-0.119251,0.160462,0.344341,0.14979,0.150295,0.318338,-0.178011,0.190136,0.247425,0.08564,0.192336,0.243582,-0.139404,0.196347,0.224645,0.083932,0.201051,0.227815,-0.159447,0.187353,0.215655,0.059717,0.190978,0.216561,-0.151887,0.184679,0.22199,0.076596,0.188299,0.222208,-0.136527,0.072838,0.542069,0.080306,0.070328,0.537885,-0.080461,0.060832,0.700356,0.139362,0.150295,0.647244,-0.076082,-0.006785,0.823032,0.173243,0.192035,0.826123,-0.092518,-0.019663,0.867917,0.174681,0.181586,0.859367,-0.095176,0.023278,0.85974,0.152467,0.240692,0.837248,-0.133246
AN_Lat_2_4.12.26,88,339.02,250.95,0,339.02,250.95,0.9932,353.12,242.43,0.8701,0.118788,0.250041,0.020918,0.115853,0.233337,0.026769,0.114583,0.232886,0.02656,0.11314,0.232457,0.026567,0.11448,0.231556,0.000913,0.112278,0.230147,0.000671,0.109821,0.228761,0.000583,0.099723,0.232007,0.065897,0.096691,0.229182,-0.050715,0.112838,0.2643,0.041986,0.110921,0.262615,0.00638,0.094631,0.318066,0.134305,0.073236,0.28952,-0.115513,0.158162,0.336349,0.14887,0.144162,0.300791,-0.177264,0.183877,0.233564,0.082427,0.183918,0.224472,-0.143516,0.187301,0.208631,0.079921,0.191281,0.205833,-0.164215,0.179463,0.201627,0.064609,0.182703,0.200073,-0.155917,0.177331,0.208756,0.075366,0.180154,0.205678,-0.140438,0.073437,0.542019,0.079508,0.069845,0.537067,-0.079658,0.060364,0.699891,0.138221,0.14619,0.647842,-0.077129,-0.006616,0.822134,0.175484,0.190907,0.826102,-0.09876,-0.019624,0.866642,0.177438,0.181527,0.860588,-0.101725,0.023439,0.858266,0.155477,0.240131,0.836058,-0.142693
AN_Lat_2_4.12.26,89,326.25,233.77,0,326.25,233.77,0.9924,339.8,224.33,0.863,0.116076,0.249505,0.01823,0.112613,0.233392,0.024519,0.110883,0.232969,0.024308,0.109165,0.232589,0.024316,0.111838,0.231468,-0.001813,0.109865,0.22999,-0.002061,0.107884,0.228482,-0.002157,0.096565,0.23218,0.064468,0.095538,0.22882,-0.05344,0.110116,0.263475,0.039486,0.109061,0.261726,0.003289,0.092815,0.318396,0.133984,0.070549,0.287365,-0.118272,0.155853,0.329436,0.14383,0.142398,0.284334,-0.17823,0.176906,0.219284,0.072195,0.176979,0.207717,-0.147632,0.179363,0.193345,0.068581,0.182505,0.187177,-0.169174,0.172327,0.187916,0.059551,0.173939,0.182819,-0.160124,0.169631,0.194859,0.066269,0.171034,0.189701,-0.144148,0.073363,0.541681,0.079075,0.067147,0.537007,-0.079223,0.058996,0.699596,0.137203,0.143299,0.648792,-0.069946,-0.006882,0.821805,0.179394,0.189752,0.825511,-0.091859,-0.019373,0.866212,0.181913,0.181611,0.861216,-0.097782,0.023652,0.8572,0.162702,0.238925,0.834238,-0.131793
AN_Lat_2_4.12.26,90,315.3,219.28,0,315.3,219.28,0.9928,325.32,221.25,0.8509,0.112338,0.245994,0.016673,0.108621,0.230827,0.023682,0.107303,0.230563,0.023469,0.106028,0.230428,0.023478,0.1078,0.228941,-0.003497,0.105973,0.227614,-0.003743,0.103986,0.226224,-0.003838,0.092921,0.230489,0.066482,0.090278,0.227127,-0.055269,0.107854,0.25973,0.038822,0.106355,0.258195,0.001449,0.09527,0.314617,0.134335,0.066074,0.285968,-0.119612,0.15379,0.318957,0.137437,0.13782,0.274926,-0.188874,0.16982,0.206927,0.051713,0.16944,0.204862,-0.158655,0.172196,0.177942,0.044862,0.17645,0.183628,-0.180433,0.163296,0.176522,0.03914,0.167645,0.180077,-0.175937,0.161746,0.184437,0.046139,0.164788,0.187305,-0.157245,0.074374,0.540358,0.079124,0.067921,0.536377,-0.079272,0.056964,0.699408,0.136419,0.13947,0.649754,-0.085596,-0.008348,0.823032,0.183091,0.188643,0.825498,-0.117235,-0.020291,0.870938,0.185585,0.181571,0.861886,-0.121958,0.023808,0.857129,0.161016,0.238905,0.830763,-0.171061
AN_Lat_2_4.12.26,91,297.78,199.73,0,297.78,199.73,0.9944,309.65,207.52,0.8451,0.112001,0.242114,0.010343,0.108655,0.227979,0.01597,0.10743,0.228135,0.015758,0.106156,0.2284,0.015758,0.107415,0.225936,-0.009865,0.105445,0.22479,-0.010098,0.103281,0.223691,-0.01019,0.092503,0.229514,0.057947,0.08988,0.225284,-0.059203,0.107876,0.256653,0.032778,0.106372,0.254895,-0.003188,0.092883,0.312568,0.124854,0.064515,0.281614,-0.121027,0.150965,0.312903,0.125096,0.134372,0.268574,-0.186761,0.163895,0.199389,0.047331,0.161277,0.19215,-0.153614,0.16625,0.171935,0.040883,0.168105,0.169682,-0.174911,0.156805,0.168497,0.035926,0.15841,0.166736,-0.171476,0.155217,0.177249,0.042361,0.155539,0.173611,-0.152671,0.072754,0.538763,0.077919,0.065049,0.53521,-0.078058,0.055201,0.699219,0.135806,0.137279,0.650737,-0.082664,-0.007969,0.823511,0.183286,0.187483,0.825524,-0.105969,-0.020029,0.869562,0.185653,0.181538,0.862794,-0.108961,0.023929,0.856783,0.160754,0.23881,0.831986,-0.155151
AN_Lat_2_4.12.26,92,289.24,198.52,0,289.24,198.52,0.9941,295.34,192.06,0.8454,0.107283,0.240454,0.013089,0.10398,0.22723,0.018972,0.102958,0.227445,0.018765,0.101994,0.227747,0.018774,0.102812,0.225612,-0.006608,0.100817,0.224731,-0.006838,0.098667,0.223733,-0.006916,0.089401,0.229571,0.060504,0.084796,0.225792,-0.055473,0.103799,0.25493,0.03523,0.101837,0.253568,-0.000357,0.09081,0.312718,0.125855,0.05812,0.281608,-0.11463,0.148578,0.302962,0.127266,0.12831,0.255129,-0.182563,0.158575,0.190892,0.048291,0.153825,0.177838,-0.153872,0.158794,0.162307,0.040706,0.158114,0.150513,-0.175882,0.15015,0.160941,0.035015,0.149262,0.150912,-0.174371,0.149785,0.169947,0.042939,0.147383,0.159355,-0.154259,0.071884,0.537411,0.076903,0.063997,0.533906,-0.077036,0.055104,0.699109,0.131358,0.13448,0.652198,-0.082754,-0.007685,0.823093,0.182403,0.186338,0.825516,-0.102835,-0.020926,0.864826,0.185131,0.181515,0.864153,-0.105448,0.024935,0.855816,0.154912,0.238484,0.82922,-0.151494
AN_Lat_2_4.12.26,93,272.0,194.0,0,283.03,183.73,0.9948,284.12,175.84,0.8524,0.10663,0.236945,0.000218,0.102997,0.224762,0.006974,0.101923,0.225058,0.006756,0.100668,0.225475,0.006754,0.101616,0.22336,-0.019765,0.099411,0.222761,-0.020003,0.097321,0.222016,-0.020103,0.088173,0.228816,0.052589,0.0839,0.224621,-0.069524,0.102695,0.251818,0.023753,0.100726,0.250846,-0.013553,0.088161,0.311718,0.121086,0.056503,0.28142,-0.129034,0.14592,0.3,0.127459,0.127439,0.24555,-0.209771,0.154895,0.185147,0.055314,0.147981,0.162815,-0.198658,0.152803,0.155893,0.049294,0.147388,0.134691,-0.225668,0.143427,0.155068,0.043145,0.139286,0.137472,-0.223085,0.143829,0.165019,0.049995,0.138659,0.146063,-0.198775,0.072038,0.536714,0.076996,0.064125,0.533578,-0.07713,0.053316,0.698891,0.136698,0.132884,0.653014,-0.086044,-0.007487,0.823979,0.201864,0.185509,0.825479,-0.111659,-0.020712,0.867668,0.205783,0.181326,0.864416,-0.115302,0.025,0.856038,0.182464,0.237873,0.828742,-0.165657
AN_Lat_2_4.12.26,94,255.0,179.0,0,270.19,169.08,0.9937,263.79,160.39,0.8465,0.102839,0.233032,-0.000147,0.09979,0.220538,0.006694,0.09882,0.220863,0.006476,0.097762,0.221389,0.006476,0.098488,0.219539,-0.020324,0.096489,0.21913,-0.020565,0.094486,0.218594,-0.020672,0.084452,0.226761,0.051938,0.080783,0.222491,-0.071923,0.099078,0.247875,0.023211,0.097296,0.247004,-0.014474,0.085106,0.306824,0.121176,0.055135,0.277801,-0.132252,0.142333,0.293195,0.129761,0.125785,0.233401,-0.205844,0.145259,0.175657,0.056585,0.137392,0.148505,-0.188632,0.143931,0.150867,0.051171,0.136102,0.122536,-0.214108,0.136655,0.149646,0.045271,0.127333,0.12563,-0.207312,0.135951,0.158913,0.051339,0.126651,0.134609,-0.186484,0.070689,0.535243,0.077176,0.064779,0.531791,-0.077309,0.052972,0.698699,0.153128,0.130858,0.654567,-0.085861,-0.007378,0.828498,0.223517,0.185184,0.825485,-0.11856,-0.020312,0.870118,0.227701,0.181304,0.864784,-0.12355,0.025927,0.856068,0.207257,0.236794,0.82684,-0.174359
AN_Lat_2_4.12.26,95,242.0,178.0,0,257.0,163.6,0.9942,251.16,156.17,0.8566,0.100492,0.22458,-0.023208,0.097028,0.210528,-0.014525,0.096169,0.210747,-0.014757,0.09522,0.211232,-0.014749,0.095485,0.209995,-0.042837,0.093382,0.209802,-0.043096,0.091207,0.209606,-0.043232,0.082541,0.219164,0.038693,0.076667,0.216841,-0.090886,0.097064,0.239936,0.002906,0.095358,0.239694,-0.03647,0.086213,0.300564,0.116333,0.053738,0.276363,-0.149977,0.140584,0.291647,0.128149,0.123102,0.232396,-0.220235,0.139453,0.169363,0.053188,0.130814,0.144599,-0.199668,0.136965,0.142735,0.047911,0.128625,0.118168,-0.226644,0.128658,0.141561,0.043418,0.120459,0.121367,-0.224007,0.127921,0.151403,0.048435,0.120112,0.129955,-0.199091,0.07199,0.53403,0.078697,0.064927,0.531733,-0.078813,0.052417,0.698606,0.171772,0.130516,0.656245,-0.083659,-0.007312,0.829006,0.26622,0.18475,0.825624,-0.110384,-0.018972,0.87163,0.272812,0.181166,0.864723,-0.113739,0.027099,0.85614,0.252498,0.235111,0.825078,-0.163913
AN_Lat_2_4.12.26,96,234.0,166.0,0,244.66,158.52,0.9931,240.62,154.11,0.8631,0.095144,0.225002,-0.018368,0.093115,0.209926,-0.009721,0.092413,0.209842,-0.00994,0.09162,0.210064,-0.009926,0.091546,0.209508,-0.037337,0.089554,0.209104,-0.03759,0.08753,0.208698,-0.037704,0.079011,0.217632,0.041169,0.073659,0.214953,-0.085347,0.092441,0.239853,0.006581,0.090873,0.239169,-0.031519,0.081895,0.296179,0.117923,0.051324,0.274676,-0.14628,0.136486,0.28668,0.132334,0.121273,0.232697,-0.207887,0.131597,0.164183,0.059823,0.125321,0.142692,-0.135681,0.130065,0.137773,0.055395,0.124683,0.113758,-0.1547,0.12262,0.135978,0.045287,0.116442,0.115675,-0.154157,0.120865,0.146555,0.054002,0.115566,0.126153,-0.134538,0.071474,0.532672,0.079751,0.064597,0.531444,-0.07987,0.052097,0.698443,0.1647,0.128063,0.656449,-0.082336,-0.007922,0.833498,0.243275,0.18378,0.825588,-0.119578,-0.019127,0.873197,0.248501,0.18084,0.864763,-0.125043,0.026915,0.85666,0.234347,0.235038,0.824658,-0.173317
AN_Lat_2_4.12.26,97,219.0,166.0,0,232.9,153.1,0.9929,227.68,142.16,0.8738,0.092986,0.220684,-0.015539,0.088699,0.206874,-0.007016,0.087698,0.207005,-0.007238,0.08665,0.207463,-0.007222,0.087589,0.206389,-0.034259,0.085577,0.206348,-0.034516,0.083438,0.206263,-0.034631,0.075603,0.216885,0.042693,0.07051,0.215457,-0.08218,0.090515,0.235976,0.008818,0.089083,0.235851,-0.028826,0.083324,0.298257,0.117306,0.051665,0.275461,-0.144456,0.135433,0.283331,0.128505,0.116567,0.221568,-0.201053,0.125733,0.163548,0.056775,0.118585,0.131633,-0.140913,0.122976,0.137256,0.052303,0.116222,0.102564,-0.162027,0.115366,0.139061,0.046935,0.108671,0.106625,-0.16012,0.11499,0.148481,0.052595,0.108667,0.116599,-0.139841,0.072321,0.532228,0.079634,0.06463,0.531159,-0.079745,0.051927,0.698321,0.164966,0.126654,0.657047,-0.088832,-0.007731,0.832577,0.242446,0.183536,0.825522,-0.152154,-0.019148,0.870364,0.24753,0.18076,0.864712,-0.159874,0.027097,0.856659,0.232131,0.233853,0.8233,-0.214959
AN_Lat_2_4.12.26,98,209.0,161.0,0,225.43,145.6,0.9913,214.34,139.64,0.8744,0.09025,0.221209,-0.008781,0.086708,0.207841,0.000535,0.08604,0.208218,0.000306,0.085234,0.208819,0.000339,0.084534,0.206416,-0.026485,0.082174,0.205895,-0.026759,0.07953,0.205347,-0.02689,0.075131,0.216039,0.054289,0.066681,0.212941,-0.069665,0.088146,0.236379,0.017483,0.085801,0.235359,-0.020284,0.081272,0.298694,0.129302,0.047659,0.272622,-0.130867,0.13453,0.280864,0.136927,0.114121,0.215584,-0.165238,0.123043,0.159152,0.061914,0.111634,0.129294,-0.083809,0.118265,0.131369,0.056898,0.106754,0.099037,-0.099575,0.109439,0.134301,0.060804,0.098867,0.106185,-0.099206,0.109412,0.14446,0.061566,0.099291,0.117331,-0.082457,0.072295,0.531797,0.080686,0.063651,0.530942,-0.080798,0.052233,0.698218,0.170058,0.12646,0.658026,-0.096963,-0.007759,0.833047,0.255716,0.183438,0.825515,-0.167385,-0.019555,0.869539,0.261852,0.18086,0.86538,-0.175275,0.027136,0.856691,0.250065,0.233775,0.81929,-0.229057
AN_Lat_2_4.12.26,99,196.0,157.0,0,215.19,143.94,0.9914,200.73,136.04,0.8771,0.086908,0.222042,-0.007934,0.083253,0.208678,0.001183,0.082463,0.209186,0.000958,0.081694,0.20985,0.000987,0.081454,0.20666,-0.02595,0.079207,0.205805,-0.026221,0.076987,0.204933,-0.026348,0.072127,0.21587,0.054097,0.065101,0.21129,-0.069214,0.084686,0.2372,0.017808,0.082784,0.235937,-0.02008,0.07839,0.297568,0.12917,0.0459,0.272397,-0.128407,0.132641,0.278499,0.14558,0.111649,0.213119,-0.168955,0.119217,0.159502,0.093418,0.104545,0.125959,-0.109984,0.113336,0.131156,0.092225,0.098788,0.095719,-0.128826,0.105096,0.134249,0.091415,0.092089,0.102812,-0.125513,0.105725,0.143998,0.091652,0.09298,0.113669,-0.108282,0.071704,0.531553,0.080738,0.063349,0.530908,-0.080851,0.052629,0.698134,0.173529,0.126381,0.659558,-0.092709,-0.007457,0.832125,0.255102,0.183069,0.825515,-0.141828,-0.019195,0.867423,0.26033,0.180596,0.865653,-0.146413,0.030054,0.856708,0.242616,0.232653,0.818133,-0.194245
AN_Lat_2_4.12.26,100,188.0,153.0,0,202.28,139.89,0.9912,184.83,133.75,0.8804,0.091297,0.211913,-0.011049,0.090057,0.19477,-0.001838,0.089645,0.194336,-0.002068,0.089132,0.194092,-0.002039,0.087773,0.193822,-0.028463,0.085654,0.192728,-0.028737,0.083476,0.191352,-0.028867,0.079083,0.197787,0.053422,0.0703,0.193537,-0.069299,0.088219,0.226218,0.015429,0.086145,0.225149,-0.021917,0.079595,0.291176,0.128974,0.042298,0.26755,-0.126752,0.132776,0.275864,0.167811,0.106942,0.21416,-0.172331,0.113844,0.158276,0.162005,0.096267,0.123839,-0.116454,0.108121,0.133536,0.166771,0.091639,0.096863,-0.133833,0.10213,0.135951,0.167865,0.085683,0.101706,-0.132431,0.103486,0.143129,0.161725,0.086354,0.111522,-0.115325,0.072643,0.529984,0.08074,0.063688,0.53063,-0.080853,0.053096,0.697884,0.168384,0.125797,0.659529,-0.091503,-0.006929,0.831012,0.239481,0.182372,0.825313,-0.135322,-0.018557,0.863988,0.243884,0.180587,0.866239,-0.14007,0.030789,0.856714,0.225768,0.232747,0.818113,-0.191367
AN_Lat_2_4.12.26,101,179.0,150.0,0,192.59,136.26,0.9916,179.26,125.24,0.8846,0.087629,0.215002,0.023997,0.083979,0.198518,0.030375,0.082989,0.198155,0.030161,0.082036,0.19802,0.030199,0.082808,0.197316,0.003345,0.080896,0.196147,0.003084,0.07891,0.19482,0.002989,0.072446,0.201092,0.073241,0.06732,0.197644,-0.049988,0.08465,0.229793,0.046432,0.083225,0.229011,0.008756,0.076903,0.293598,0.143395,0.044974,0.268358,-0.109145,0.129567,0.274506,0.18278,0.10565,0.209078,-0.156245,0.109658,0.166048,0.158243,0.093366,0.11596,-0.10019,0.104656,0.143225,0.161199,0.086254,0.088686,-0.11797,0.098215,0.143384,0.156696,0.080042,0.095463,-0.114369,0.099434,0.150863,0.155225,0.081643,0.106024,-0.098703,0.071926,0.529081,0.080825,0.063555,0.529463,-0.080941,0.053248,0.696678,0.164527,0.125175,0.659136,-0.102867,-0.00614,0.830884,0.222382,0.182178,0.825041,-0.168853,-0.017717,0.86234,0.226094,0.180644,0.866442,-0.175414,0.030695,0.856429,0.216205,0.232783,0.817048,-0.21568
AN_Lat_2_4.12.26,102,171.0,147.0,0,182.25,132.57,0.9901,171.5,127.72,0.8892,0.082068,0.216025,0.020512,0.078109,0.200563,0.027349,0.077177,0.200595,0.027132,0.076607,0.200771,0.027169,0.076171,0.199067,0.001023,0.074204,0.197343,0.000757,0.072178,0.196083,0.00065,0.06831,0.205034,0.071558,0.062534,0.199729,-0.047573,0.081214,0.230668,0.043314,0.079387,0.229514,0.006719,0.074903,0.294383,0.143576,0.042367,0.26516,-0.104749,0.127831,0.272262,0.188743,0.102369,0.206155,-0.14409,0.107425,0.168396,0.172114,0.089322,0.118256,-0.079653,0.101739,0.141324,0.176479,0.081739,0.091314,-0.094731,0.096907,0.144106,0.172127,0.07483,0.098104,-0.093566,0.097467,0.151961,0.169353,0.076758,0.108278,-0.078749,0.071874,0.527663,0.08037,0.064325,0.527497,-0.080497,0.053436,0.696661,0.149688,0.125732,0.659026,-0.092862,-0.004969,0.830656,0.19354,0.182075,0.825016,-0.149284,-0.017239,0.860808,0.195886,0.180637,0.86693,-0.154784,0.031807,0.856255,0.190403,0.232882,0.81377,-0.196059
AN_Lat_2_4.12.26,103,163.0,147.0,0,171.97,128.92,0.9892,163.54,121.05,0.8904,0.08285,0.218272,0.020156,0.078696,0.202691,0.027016,0.077905,0.202708,0.026805,0.077231,0.202899,0.026843,0.077013,0.201388,0.000678,0.075026,0.200047,0.000411,0.072975,0.198971,0.000302,0.067374,0.207762,0.070562,0.062191,0.202849,-0.048905,0.081893,0.232169,0.04258,0.079941,0.231027,0.005988,0.0751,0.295767,0.142577,0.043741,0.26633,-0.106702,0.127398,0.26909,0.194918,0.100163,0.203998,-0.149666,0.104691,0.166901,0.192345,0.085176,0.112083,-0.090474,0.099095,0.139877,0.198979,0.076644,0.086552,-0.10721,0.093565,0.143353,0.193861,0.069339,0.093588,-0.105082,0.093816,0.149561,0.189668,0.071062,0.103108,-0.0895,0.072013,0.526712,0.080374,0.064862,0.526303,-0.080501,0.053878,0.695519,0.147661,0.126202,0.658906,-0.093064,-0.004561,0.830003,0.191818,0.181697,0.824947,-0.15048,-0.016975,0.858815,0.194263,0.180634,0.866919,-0.156265,0.031784,0.855613,0.187404,0.231455,0.812358,-0.19916
AN_Lat_2_4.12.26,104,149.0,142.0,0,163.83,135.03,0.9888,153.21,123.8,0.8924,0.086336,0.21908,0.017962,0.082189,0.203891,0.024929,0.081285,0.204172,0.024713,0.080387,0.204625,0.024744,0.080724,0.202905,-0.001247,0.0787,0.201167,-0.001514,0.07659,0.200644,-0.001628,0.070636,0.210222,0.068801,0.065207,0.204688,-0.050181,0.083976,0.232644,0.04046,0.082038,0.231455,0.004048,0.075213,0.296427,0.140339,0.044435,0.267232,-0.105845,0.12395,0.261139,0.18592,0.096617,0.202607,-0.153154,0.098409,0.156251,0.179545,0.079795,0.114626,-0.101798,0.092674,0.128119,0.183557,0.071229,0.088197,-0.119228,0.085724,0.135298,0.181556,0.06417,0.097796,-0.11844,0.086148,0.143745,0.177875,0.066558,0.108899,-0.101402,0.072471,0.52802,0.079389,0.065543,0.527175,-0.079522,0.053932,0.695507,0.149874,0.126224,0.658897,-0.099782,-0.003362,0.829823,0.201755,0.181321,0.824522,-0.16555,-0.01581,0.857777,0.205003,0.180629,0.866868,-0.172117,0.033388,0.855529,0.199414,0.230437,0.812872,-0.218824
AN_Lat_2_4.12.26,105,149.0,142.0,0,157.55,137.59,0.988,143.45,121.59,0.8958,0.081629,0.220723,0.022309,0.077436,0.205527,0.029009,0.077185,0.205748,0.028793,0.076072,0.206194,0.02882,0.07465,0.204499,0.00314,0.071996,0.202995,0.002865,0.069828,0.202408,0.002739,0.066871,0.211647,0.070792,0.060156,0.206456,-0.046873,0.080675,0.234333,0.043829,0.078177,0.233211,0.007845,0.074532,0.297156,0.140477,0.043558,0.267916,-0.104783,0.124072,0.258033,0.196985,0.092154,0.203193,-0.153602,0.097034,0.154872,0.207028,0.074712,0.112588,-0.10234,0.093831,0.130594,0.214069,0.064609,0.088136,-0.119185,0.086438,0.134182,0.212006,0.058329,0.095994,-0.119574,0.086553,0.141917,0.205632,0.061275,0.105697,-0.102443,0.07273,0.528074,0.079315,0.066077,0.527194,-0.079449,0.055417,0.694819,0.14235,0.126721,0.658747,-0.098378,-0.002782,0.829093,0.185528,0.181266,0.824184,-0.158226,-0.015226,0.855643,0.187981,0.180624,0.866826,-0.164017,0.0335,0.85505,0.183944,0.230624,0.812743,-0.206962
AN_Lat_2_4.12.26,106,138.0,142.0,0,146.34,125.86,0.9886,133.32,120.49,0.8934,0.080646,0.221937,0.022052,0.076036,0.206755,0.028879,0.0755,0.206944,0.028669,0.074656,0.207359,0.028696,0.073919,0.205655,0.003224,0.071751,0.204145,0.002952,0.069274,0.203404,0.002827,0.065444,0.212641,0.070892,0.059968,0.207297,-0.045635,0.079802,0.235596,0.043666,0.077567,0.234352,0.007992,0.074645,0.297878,0.139785,0.042646,0.268889,-0.102241,0.12322,0.255818,0.189108,0.091197,0.198625,-0.147734,0.090703,0.151,0.18514,0.069436,0.111565,-0.097069,0.08489,0.130676,0.188872,0.057825,0.089033,-0.114144,0.076533,0.134218,0.18786,0.051223,0.098172,-0.116643,0.077788,0.141788,0.183663,0.055006,0.107826,-0.098095,0.073017,0.527422,0.079,0.066398,0.526388,-0.079143,0.057115,0.693339,0.124106,0.127009,0.658616,-0.097853,-0.002669,0.827149,0.145803,0.181344,0.824055,-0.151144,-0.015155,0.852731,0.14613,0.180598,0.866705,-0.15663,0.033835,0.855051,0.136143,0.230665,0.81333,-0.199309
AN_Lat_2_4.12.26,107,134.0,142.0,0,138.91,133.68,0.9885,126.71,123.12,0.8896,0.079213,0.222834,0.026078,0.07337,0.207555,0.032857,0.072589,0.207704,0.032653,0.071881,0.208106,0.03269,0.071926,0.20641,0.006995,0.07007,0.20484,0.006725,0.068262,0.204044,0.006609,0.063966,0.213412,0.074511,0.059487,0.208284,-0.043025,0.079033,0.236518,0.04763,0.077286,0.235311,0.011654,0.074086,0.298364,0.145203,0.043205,0.269579,-0.101395,0.120777,0.256921,0.206418,0.090856,0.195265,-0.144922,0.086862,0.160387,0.216274,0.065996,0.114001,-0.091032,0.080081,0.140449,0.222131,0.053381,0.092187,-0.108665,0.074183,0.143903,0.220116,0.046988,0.100547,-0.112216,0.074575,0.149568,0.214783,0.051361,0.109836,-0.092494,0.073234,0.525539,0.079666,0.066461,0.525346,-0.079824,0.058175,0.692596,0.127702,0.127315,0.658557,-0.097219,-0.001989,0.826099,0.160495,0.181449,0.824055,-0.153585,-0.01433,0.851216,0.161932,0.180885,0.866661,-0.159767,0.034653,0.855064,0.150963,0.231006,0.813887,-0.203299
AN_Lat_2_4.12.26,108,134.0,142.0,0,131.71,135.87,0.9876,118.96,122.11,0.8883,0.077478,0.223535,0.024254,0.070245,0.208292,0.031201,0.069529,0.208415,0.030994,0.068713,0.208782,0.03103,0.069083,0.207097,0.00478,0.067521,0.20546,0.004517,0.06589,0.204495,0.004405,0.061565,0.214041,0.073139,0.057367,0.208439,-0.045571,0.077192,0.237262,0.045926,0.075755,0.236055,0.009315,0.073296,0.298106,0.143858,0.041254,0.269935,-0.104392,0.118489,0.251936,0.195156,0.088714,0.194163,-0.148879,0.081301,0.152942,0.185367,0.06196,0.11306,-0.094959,0.073568,0.134289,0.188369,0.048901,0.092484,-0.113099,0.065064,0.147851,0.185837,0.042587,0.100997,-0.116459,0.068337,0.144033,0.183185,0.046859,0.109381,-0.096378,0.073322,0.52464,0.079993,0.066657,0.524499,-0.080152,0.058908,0.692016,0.131513,0.127712,0.65819,-0.087877,-0.000856,0.826038,0.170259,0.18135,0.823869,-0.149471,-0.01302,0.851071,0.172284,0.180764,0.866359,-0.154435,0.037088,0.854983,0.159519,0.230958,0.812795,-0.197489
AN_Lat_2_4.12.26,109,124.0,147.0,0,125.41,141.76,0.9863,114.36,126.91,0.8905,0.079568,0.224068,0.027223,0.073384,0.208725,0.034257,0.072543,0.208812,0.034049,0.071518,0.209173,0.034092,0.072362,0.20743,0.007788,0.0707,0.205629,0.007528,0.068852,0.204566,0.007419,0.0637,0.214092,0.076383,0.058986,0.209546,-0.04318,0.079323,0.237809,0.04887,0.077742,0.236633,0.012184,0.075285,0.298455,0.143305,0.042093,0.270333,-0.099492,0.119347,0.249883,0.191689,0.088441,0.191632,-0.129719,0.078538,0.154724,0.187675,0.059564,0.117506,-0.059198,0.06886,0.135611,0.19047,0.04631,0.095885,-0.074328,0.062898,0.144814,0.190781,0.040424,0.104494,-0.080436,0.064865,0.146616,0.186802,0.045501,0.11431,-0.061117,0.073485,0.52467,0.079655,0.066631,0.52453,-0.079819,0.059577,0.692014,0.129686,0.128396,0.658068,-0.082365,-0.000519,0.825065,0.165877,0.181443,0.823929,-0.146559,-0.012752,0.849725,0.167661,0.180803,0.866328,-0.151138,0.036871,0.854905,0.157585,0.231697,0.813413,-0.194207
AN_Lat_2_4.12.26,110,115.74,141.1,0,115.74,141.1,0.9861,105.67,124.54,0.8798,0.080661,0.230213,0.030883,0.074771,0.215997,0.036748,0.073956,0.215727,0.036554,0.072256,0.215359,0.036594,0.073926,0.215891,0.010028,0.072466,0.214891,0.009774,0.070852,0.214155,0.009668,0.064493,0.218919,0.075755,0.060304,0.214765,-0.04479,0.079625,0.240492,0.051636,0.078434,0.243085,0.01457,0.071389,0.298324,0.142621,0.04387,0.270691,-0.101925,0.116597,0.249234,0.193615,0.08799,0.190795,-0.141712,0.073609,0.159255,0.203477,0.055036,0.115317,-0.103863,0.064183,0.143041,0.208399,0.04169,0.097482,-0.122751,0.057773,0.149895,0.208822,0.036575,0.104514,-0.130247,0.061557,0.152877,0.202897,0.041159,0.111928,-0.107776,0.073473,0.524639,0.080169,0.066722,0.524149,-0.080348,0.060489,0.691545,0.131178,0.128929,0.658049,-0.084117,0.000228,0.824677,0.164575,0.18144,0.82407,-0.148884,-0.011802,0.849649,0.165832,0.180798,0.866449,-0.154635,0.036583,0.854887,0.154335,0.231476,0.813836,-0.19905
AN_Lat_2_4.12.26,111,114.6,138.82,0,114.6,138.82,0.9864,108.38,129.19,0.8823,0.075183,0.230062,0.029642,0.066867,0.215865,0.036026,0.066872,0.21568,0.035828,0.066352,0.215361,0.035872,0.065764,0.215786,0.010078,0.065018,0.214901,0.009818,0.063289,0.214165,0.009703,0.060712,0.219002,0.076671,0.056413,0.21659,-0.039693,0.076901,0.240622,0.050923,0.075598,0.242805,0.014986,0.072926,0.298082,0.145865,0.044404,0.270889,-0.097351,0.117928,0.2489,0.20429,0.08774,0.190238,-0.122249,0.078073,0.159829,0.211555,0.056449,0.119618,-0.05223,0.07032,0.141456,0.216662,0.045076,0.100856,-0.06707,0.063503,0.14798,0.214797,0.039055,0.10811,-0.074474,0.065282,0.152832,0.210058,0.043375,0.116335,-0.054783,0.073492,0.524743,0.080158,0.066825,0.524183,-0.080337,0.061084,0.691504,0.121969,0.129334,0.65795,-0.074217,0.000517,0.824111,0.14406,0.181464,0.824039,-0.135207,-0.011489,0.849139,0.144333,0.181099,0.866299,-0.141218,0.036469,0.854833,0.132957,0.231556,0.813457,-0.181946
AN_Lat_2_4.12.26,112,112.5,139.42,0,112.5,139.42,0.988,106.58,131.15,0.879,0.078049,0.232335,0.03565,0.071055,0.219272,0.04258,0.07058,0.219072,0.042399,0.069215,0.218539,0.042453,0.070255,0.219534,0.0161,0.069193,0.219015,0.015846,0.067196,0.218296,0.015736,0.062254,0.22254,0.084048,0.058962,0.220576,-0.035613,0.078803,0.243296,0.05724,0.077519,0.244733,0.020543,0.073606,0.298279,0.150596,0.045705,0.27139,-0.093659,0.115083,0.247326,0.200788,0.089594,0.188396,-0.11409,0.074601,0.162248,0.195929,0.055508,0.121432,-0.032227,0.065988,0.144333,0.198637,0.042605,0.103244,-0.046147,0.059344,0.149692,0.197132,0.037395,0.111097,-0.05439,0.061347,0.155138,0.194057,0.042231,0.119397,-0.034866,0.073541,0.526472,0.080604,0.067198,0.524501,-0.080784,0.061483,0.691454,0.124536,0.129652,0.657896,-0.096263,0.000934,0.824056,0.146497,0.181513,0.824221,-0.162575,-0.010635,0.849252,0.145041,0.181265,0.86641,-0.169055,0.036406,0.854776,0.142034,0.23161,0.813029,-0.21412
AN_Lat_2_4.12.26,113,113.64,142.71,0,113.64,142.71,0.9888,105.77,133.04,0.877,0.07977,0.232283,0.03703,0.071989,0.219287,0.043362,0.071235,0.219129,0.043173,0.069939,0.218686,0.043231,0.071282,0.219494,0.017445,0.069995,0.219021,0.017184,0.068212,0.218376,0.017077,0.062744,0.223045,0.083276,0.059983,0.221327,-0.0342,0.080054,0.243355,0.057883,0.0787,0.244766,0.021972,0.07474,0.298448,0.148796,0.046647,0.271428,-0.09077,0.116834,0.245276,0.197121,0.090065,0.186693,-0.100188,0.071961,0.162829,0.185831,0.05509,0.123185,-0.008608,0.062769,0.146739,0.187871,0.042197,0.105084,-0.020716,0.056602,0.149467,0.186353,0.037435,0.113666,-0.030834,0.059504,0.155562,0.183938,0.04284,0.122268,-0.011745,0.073804,0.528797,0.080262,0.067214,0.524966,-0.080441,0.061767,0.691467,0.121424,0.12991,0.657834,-0.095013,0.00107,0.823774,0.147756,0.18161,0.824299,-0.156198,-0.010541,0.849167,0.148119,0.181418,0.866513,-0.162097,0.036602,0.854993,0.139194,0.231823,0.812064,-0.207276
AN_Lat_2_4.12.26,114,113.9,144.07,0,113.9,144.07,0.9878,104.92,135.5,0.8755,0.075696,0.232309,0.034192,0.066578,0.219359,0.040506,0.066329,0.219275,0.040315,0.065799,0.218966,0.04037,0.065845,0.219536,0.015068,0.065045,0.219215,0.014808,0.064122,0.218779,0.014701,0.060513,0.224041,0.081115,0.05817,0.222685,-0.0345,0.078072,0.243408,0.055049,0.076564,0.244685,0.01971,0.075567,0.298611,0.148139,0.047341,0.272756,-0.091133,0.117959,0.246641,0.193912,0.091099,0.187074,-0.102862,0.075213,0.165254,0.189084,0.054646,0.125462,-0.018798,0.066044,0.148578,0.192639,0.040617,0.107975,-0.031632,0.060129,0.151794,0.19079,0.037199,0.115844,-0.040893,0.062603,0.15745,0.187429,0.042489,0.124441,-0.021941,0.073976,0.530136,0.080261,0.06832,0.525936,-0.08044,0.062064,0.691431,0.124324,0.130006,0.657757,-0.097825,0.00123,0.823346,0.155802,0.181675,0.824295,-0.169217,-0.010492,0.84928,0.156915,0.181777,0.866508,-0.176323,0.036457,0.854993,0.146549,0.231697,0.810951,-0.220232
AN_Lat_2_4.12.26,115,117.65,145.44,0,117.65,145.44,0.9869,105.41,135.89,0.8796,0.078187,0.233912,0.044657,0.070003,0.220004,0.05022,0.069547,0.21985,0.050037,0.068817,0.219574,0.050093,0.069184,0.220089,0.025082,0.068121,0.219716,0.024823,0.066922,0.219255,0.024719,0.062567,0.224508,0.087609,0.059865,0.222998,-0.026808,0.079647,0.246665,0.064503,0.078117,0.246734,0.029505,0.076092,0.298752,0.15062,0.04776,0.273615,-0.081919,0.118968,0.246905,0.21158,0.091783,0.186706,-0.110352,0.074201,0.166647,0.239448,0.054899,0.12582,-0.043542,0.063722,0.150155,0.246379,0.041385,0.108847,-0.058407,0.058072,0.153422,0.24703,0.037879,0.117124,-0.065301,0.061888,0.158754,0.239559,0.042573,0.125127,-0.046,0.074705,0.530212,0.079123,0.069346,0.525951,-0.079315,0.06205,0.691702,0.118019,0.130098,0.657744,-0.087232,0.001516,0.823274,0.138482,0.181727,0.824068,-0.16419,-0.01049,0.849322,0.138626,0.182041,0.866501,-0.172016,0.036383,0.854984,0.130154,0.231673,0.807956,-0.204726
AN_Lat_2_4.12.26,116,126.82,147.87,0,126.82,147.87,0.9885,109.17,137.92,0.8704,0.078945,0.235371,0.045996,0.070734,0.221387,0.051452,0.070537,0.221068,0.051272,0.069812,0.220696,0.051329,0.069825,0.221527,0.025479,0.069277,0.221091,0.025219,0.068761,0.220516,0.025114,0.064019,0.224925,0.087878,0.059939,0.223564,-0.029719,0.080038,0.249042,0.065562,0.078861,0.248625,0.029454,0.076388,0.29961,0.149607,0.050866,0.274481,-0.086604,0.118901,0.247214,0.207802,0.092787,0.186833,-0.114386,0.075377,0.168024,0.229784,0.056859,0.127706,-0.036048,0.065328,0.151192,0.235982,0.042382,0.110407,-0.04878,0.060717,0.15408,0.236125,0.039059,0.118179,-0.058152,0.063734,0.159308,0.229298,0.044473,0.126126,-0.039172,0.074873,0.531797,0.079172,0.071009,0.526459,-0.079365,0.062029,0.691704,0.127109,0.130326,0.657677,-0.094024,0.001539,0.823306,0.154476,0.181748,0.824217,-0.167713,-0.010421,0.849798,0.155778,0.182101,0.866572,-0.174574,0.036796,0.854582,0.153066,0.231614,0.808348,-0.212736
AN_Lat_2_4.12.26,117,131.71,147.72,0,131.71,147.72,0.9894,109.82,137.72,0.8743,0.07975,0.235679,0.053066,0.072626,0.221466,0.058324,0.07232,0.221161,0.058142,0.071529,0.220854,0.058198,0.071601,0.221563,0.033367,0.070799,0.221145,0.033111,0.069975,0.220601,0.03301,0.06498,0.225241,0.093231,0.06057,0.223773,-0.020221,0.08043,0.249208,0.071989,0.07925,0.248662,0.037202,0.076723,0.299578,0.150616,0.051654,0.27458,-0.075482,0.119416,0.246898,0.207317,0.093323,0.18633,-0.103087,0.075541,0.167922,0.230559,0.057197,0.127519,-0.031916,0.064766,0.150148,0.236499,0.043391,0.110883,-0.044762,0.059553,0.154266,0.238673,0.040151,0.119137,-0.053794,0.062624,0.159874,0.231156,0.0453,0.127133,-0.035012,0.075232,0.531908,0.078016,0.072195,0.526463,-0.078218,0.062005,0.691814,0.123926,0.131109,0.657733,-0.08921,0.001765,0.823285,0.14464,0.182047,0.824082,-0.161818,-0.010318,0.849812,0.145124,0.182566,0.866602,-0.168084,0.036701,0.854554,0.139498,0.231362,0.806759,-0.210006
AN_Lat_2_4.12.26,118,135.6,146.84,0,135.6,146.84,0.9886,113.44,138.06,0.8796,0.08162,0.236692,0.06506,0.073791,0.223266,0.071173,0.073377,0.223073,0.071009,0.071615,0.2228,0.071071,0.073205,0.223241,0.045566,0.072582,0.222862,0.045324,0.07121,0.222246,0.045239,0.065325,0.227253,0.106705,0.062448,0.225326,-0.009552,0.082339,0.250885,0.084144,0.08116,0.249785,0.048585,0.077884,0.300771,0.160251,0.054381,0.274914,-0.067887,0.1199,0.247596,0.203388,0.093683,0.186804,-0.093682,0.076534,0.168084,0.221705,0.059085,0.127836,-0.019515,0.066211,0.155426,0.232334,0.045365,0.111253,-0.033294,0.060678,0.155045,0.225583,0.042176,0.119847,-0.04106,0.064532,0.160497,0.21952,0.047443,0.127851,-0.022144,0.075347,0.532122,0.078034,0.073163,0.5264,-0.078239,0.061988,0.691813,0.125195,0.132348,0.657703,-0.097109,0.001724,0.823253,0.151503,0.182243,0.824451,-0.179451,-0.010349,0.849847,0.152527,0.18289,0.867197,-0.187275,0.036669,0.854514,0.143891,0.231169,0.8068,-0.226721
AN_Lat_2_4.12.26,119,141.82,149.09,0,141.82,149.09,0.9894,119.02,139.05,0.8828,0.082603,0.23776,0.056473,0.073935,0.224768,0.062436,0.073429,0.224609,0.062264,0.071742,0.224393,0.062321,0.07369,0.224602,0.036747,0.073171,0.224228,0.036497,0.072087,0.223606,0.036401,0.066064,0.228441,0.099205,0.064373,0.226502,-0.017579,0.083663,0.252027,0.076035,0.082498,0.250728,0.040374,0.078103,0.301434,0.157783,0.056977,0.27499,-0.075879,0.121602,0.249102,0.212387,0.096783,0.187901,-0.095419,0.079012,0.168376,0.239458,0.061991,0.128754,-0.046885,0.069249,0.155633,0.247396,0.048648,0.111938,-0.063482,0.063617,0.155602,0.246065,0.045023,0.120182,-0.07411,0.067443,0.160872,0.238737,0.050083,0.128196,-0.051359,0.075142,0.531766,0.078049,0.074369,0.525817,-0.078255,0.061847,0.692293,0.116531,0.133385,0.657664,-0.083078,0.00169,0.825027,0.127506,0.18266,0.824456,-0.154737,-0.01066,0.853189,0.12671,0.183177,0.867191,-0.161834,0.036432,0.854789,0.116495,0.231447,0.804359,-0.194162
AN_Lat_2_4.12.26,120,150.92,149.74,0,150.92,149.74,0.9881,123.08,138.42,0.8796,0.083654,0.236974,0.051286,0.074425,0.224702,0.057437,0.073879,0.224518,0.057254,0.072454,0.224316,0.057307,0.074321,0.224553,0.031698,0.073872,0.224164,0.031446,0.073084,0.223542,0.031348,0.067842,0.228396,0.095776,0.066601,0.226376,-0.0208,0.085173,0.251421,0.071503,0.084057,0.250085,0.035809,0.080699,0.301221,0.155892,0.059746,0.27478,-0.078696,0.124218,0.247765,0.207625,0.100602,0.187455,-0.124838,0.080802,0.166718,0.222377,0.064103,0.128168,-0.088989,0.071277,0.157364,0.227677,0.051192,0.11214,-0.10958,0.065242,0.157058,0.22641,0.047424,0.120687,-0.118609,0.06944,0.160482,0.22119,0.052239,0.128667,-0.093306,0.075638,0.531667,0.079171,0.074768,0.525508,-0.079369,0.061585,0.692293,0.117727,0.134344,0.657015,-0.083558,0.001667,0.827307,0.14001,0.183129,0.824558,-0.154189,-0.010902,0.857721,0.140459,0.183212,0.867193,-0.160978,0.036392,0.855443,0.129172,0.231479,0.803763,-0.196145
AN_Lat_2_4.12.26,121,163.9,153.6,0,163.9,153.6,0.9848,124.87,137.08,0.8658,0.087348,0.236026,0.050302,0.077949,0.224194,0.056309,0.077299,0.224,0.056118,0.076176,0.223874,0.056177,0.077666,0.224122,0.031554,0.076993,0.22379,0.031301,0.076224,0.223255,0.03123,0.071547,0.227999,0.095286,0.069916,0.225845,-0.0263,0.088714,0.250826,0.070971,0.087391,0.249463,0.034524,0.083812,0.301224,0.155387,0.06096,0.274578,-0.090225,0.12886,0.248956,0.203962,0.105142,0.187649,-0.134045,0.082029,0.166017,0.219208,0.065035,0.126924,-0.086097,0.073026,0.158057,0.22344,0.052889,0.11196,-0.106137,0.067102,0.15745,0.21868,0.048581,0.120739,-0.11272,0.070614,0.159761,0.216252,0.053154,0.128194,-0.089557,0.076809,0.531526,0.081028,0.074962,0.525436,-0.081211,0.060878,0.69234,0.131646,0.135679,0.655759,-0.087649,0.001652,0.827812,0.162209,0.184286,0.82458,-0.157868,-0.011189,0.858618,0.163248,0.183663,0.867082,-0.164646,0.036647,0.855876,0.150042,0.23312,0.803419,-0.204104
AN_Lat_2_4.12.26,122,173.68,152.76,0,173.68,152.76,0.9877,133.89,135.3,0.863,0.093541,0.232329,0.025327,0.084671,0.219044,0.032854,0.083682,0.219124,0.032662,0.08216,0.219346,0.032724,0.084286,0.218466,0.004938,0.083174,0.218182,0.004681,0.081769,0.217768,0.004579,0.076438,0.224096,0.076722,0.074807,0.222748,-0.05303,0.093629,0.247269,0.047492,0.092218,0.245804,0.008226,0.08772,0.300902,0.143692,0.064278,0.274585,-0.115109,0.135906,0.249638,0.187517,0.109478,0.18721,-0.142714,0.087701,0.164379,0.1865,0.069735,0.125277,-0.076895,0.076478,0.15816,0.188919,0.055512,0.111749,-0.094887,0.071608,0.153806,0.188201,0.051904,0.120912,-0.104201,0.076185,0.157429,0.184846,0.057498,0.128239,-0.080283,0.077564,0.531464,0.082476,0.075215,0.525315,-0.082641,0.060755,0.692126,0.143148,0.137246,0.655575,-0.083794,0.001992,0.827636,0.177034,0.184663,0.824761,-0.141402,-0.011197,0.858594,0.178018,0.184108,0.867301,-0.147133,0.037121,0.85585,0.160645,0.234557,0.803872,-0.189794
AN_Lat_2_4.12.26,123,186.99,150.54,0,186.99,150.54,0.9842,151.0,133.5,0.8711,0.098799,0.231379,0.025943,0.090653,0.216917,0.033647,0.089332,0.217126,0.033457,0.088199,0.217562,0.033516,0.08973,0.2159,0.00549,0.088042,0.215571,0.005229,0.08663,0.215189,0.005123,0.081651,0.222488,0.078794,0.079122,0.221023,-0.052111,0.098219,0.24656,0.048233,0.096557,0.245097,0.008839,0.091909,0.300796,0.15002,0.066432,0.274529,-0.115747,0.141134,0.250309,0.182659,0.114114,0.187714,-0.14048,0.097811,0.164228,0.136721,0.078645,0.123607,-0.04565,0.084952,0.158271,0.13381,0.063594,0.109653,-0.061361,0.078296,0.154499,0.134461,0.059621,0.119334,-0.069784,0.084313,0.155394,0.13442,0.064992,0.126948,-0.0475,0.078966,0.531185,0.085471,0.075183,0.525041,-0.085622,0.059944,0.692253,0.145541,0.138482,0.655076,-0.083878,0.001965,0.827615,0.191966,0.185058,0.824802,-0.141939,-0.011206,0.85848,0.19448,0.184135,0.867299,-0.148151,0.036985,0.855885,0.183083,0.234966,0.804066,-0.190814
AN_Lat_2_4.12.26,124,197.53,150.07,0,197.53,150.07,0.9829,167.08,132.39,0.8664,0.10659,0.227226,0.016403,0.102062,0.210322,0.025464,0.100874,0.210569,0.025259,0.100172,0.211202,0.025299,0.10009,0.208742,-0.002757,0.098255,0.208174,-0.003034,0.096373,0.207613,-0.003174,0.091562,0.215942,0.075285,0.085898,0.212506,-0.054835,0.105079,0.240908,0.040413,0.103053,0.239565,0.001101,0.098118,0.300141,0.149915,0.068647,0.273279,-0.11705,0.146117,0.250533,0.200733,0.118248,0.188465,-0.162807,0.106357,0.162941,0.205876,0.087022,0.122579,-0.107532,0.092764,0.148384,0.21127,0.073287,0.10791,-0.128593,0.088387,0.149245,0.210765,0.068658,0.117744,-0.134101,0.091885,0.153083,0.204841,0.073352,0.125271,-0.109505,0.080052,0.530005,0.08545,0.07528,0.524167,-0.085601,0.059538,0.692167,0.144332,0.13957,0.654713,-0.078186,0.001944,0.827793,0.186696,0.18547,0.824837,-0.128373,-0.011222,0.858689,0.188841,0.184198,0.867301,-0.133743,0.036969,0.855806,0.182097,0.23538,0.80432,-0.178075
AN_Lat_2_4.12.26,125,216.82,151.85,0,216.82,151.85,0.9858,186.29,133.12,0.8491,0.111176,0.226904,0.016807,0.10707,0.210836,0.025454,0.106235,0.211045,0.025252,0.105532,0.211627,0.025298,0.105239,0.209392,-0.002133,0.10328,0.208858,-0.002403,0.101244,0.208311,-0.002531,0.097368,0.216143,0.073921,0.090341,0.212702,-0.0533,0.109081,0.240883,0.040193,0.107213,0.239719,0.001807,0.099994,0.299928,0.147378,0.072308,0.27321,-0.11431,0.14897,0.252982,0.199699,0.12475,0.190303,-0.158506,0.113321,0.163356,0.207363,0.097027,0.123262,-0.078195,0.102478,0.148483,0.213249,0.0848,0.108097,-0.093479,0.098948,0.150209,0.213059,0.079801,0.117378,-0.09859,0.100799,0.153878,0.206636,0.083899,0.125483,-0.07924,0.080625,0.529523,0.08523,0.076044,0.523473,-0.085383,0.059438,0.691787,0.14363,0.140142,0.654331,-0.08506,0.002644,0.827682,0.170715,0.185791,0.824825,-0.14315,-0.011053,0.857929,0.170355,0.184241,0.867399,-0.149059,0.038987,0.855776,0.15289,0.236295,0.804495,-0.192297
AN_Lat_2_4.12.26,126,240.61,160.17,0,240.61,160.17,0.9749,207.63,133.78,0.8498,0.113853,0.222652,0.015715,0.111071,0.206455,0.024693,0.110707,0.206889,0.024492,0.110412,0.207528,0.024542,0.108692,0.204031,-0.001816,0.105795,0.202858,-0.00209,0.103349,0.201627,-0.002216,0.102182,0.213803,0.074181,0.093627,0.208043,-0.051069,0.112452,0.237053,0.039703,0.110206,0.235512,0.002702,0.105224,0.299912,0.148268,0.075793,0.26921,-0.109793,0.154086,0.256929,0.208091,0.130629,0.195641,-0.153204,0.12406,0.163588,0.221734,0.108141,0.123867,-0.077558,0.116733,0.147463,0.22874,0.097006,0.107549,-0.092831,0.111252,0.150513,0.227833,0.090963,0.117056,-0.097831,0.112234,0.154444,0.220954,0.094971,0.125688,-0.078491,0.08118,0.527083,0.083739,0.076084,0.519941,-0.083897,0.059434,0.690946,0.130794,0.141363,0.654161,-0.064982,0.002972,0.827606,0.138589,0.186097,0.824818,-0.114144,-0.01106,0.857392,0.13652,0.184231,0.867395,-0.119165,0.040346,0.855992,0.114925,0.236636,0.804753,-0.158779
AN_Lat_2_4.12.26,127,252.3,155.15,0,252.3,155.15,0.9795,223.67,135.15,0.8421,0.121584,0.222693,0.018183,0.120118,0.207156,0.026647,0.119155,0.207584,0.026451,0.118481,0.208189,0.026502,0.118574,0.204969,0.000649,0.116705,0.203971,0.000372,0.114821,0.202909,0.000251,0.109807,0.214237,0.074582,0.104622,0.208614,-0.04829,0.119253,0.237288,0.041382,0.117681,0.235573,0.00506,0.10974,0.300011,0.148174,0.081112,0.267483,-0.105827,0.159395,0.26186,0.206644,0.13738,0.202676,-0.137027,0.134665,0.164721,0.220718,0.116493,0.125142,-0.051831,0.128088,0.147527,0.228095,0.106035,0.107888,-0.064584,0.122372,0.150839,0.225932,0.101075,0.117247,-0.06986,0.122558,0.154499,0.220806,0.104334,0.126416,-0.052718,0.082191,0.526846,0.081566,0.077055,0.51965,-0.081735,0.059396,0.690616,0.12146,0.142378,0.654142,-0.056824,0.00332,0.827121,0.122612,0.186541,0.824812,-0.092481,-0.010752,0.856722,0.120078,0.18422,0.867322,-0.096006,0.040126,0.855325,0.095706,0.236828,0.804842,-0.131919
AN_Lat_2_4.12.26,128,269.01,161.16,0,269.01,161.16,0.9775,244.87,141.34,0.8346,0.13004,0.220685,0.011461,0.129288,0.204106,0.019881,0.128577,0.204506,0.019678,0.127959,0.205017,0.019727,0.128143,0.202106,-0.005125,0.125847,0.201372,-0.005399,0.123916,0.200477,-0.00552,0.118376,0.21033,0.067835,0.112644,0.205285,-0.04887,0.127363,0.235484,0.034492,0.125853,0.234085,-0.000376,0.114908,0.299617,0.139688,0.086331,0.265671,-0.10554,0.163763,0.27067,0.201006,0.144107,0.215358,-0.137156,0.141368,0.167232,0.213004,0.127537,0.130873,-0.054969,0.135374,0.148224,0.218915,0.119257,0.11083,-0.068875,0.129569,0.151315,0.217996,0.113598,0.119342,-0.074185,0.129361,0.1561,0.212588,0.115821,0.12966,-0.056182,0.084227,0.525663,0.078132,0.077308,0.51843,-0.07832,0.059471,0.690398,0.109177,0.142753,0.653939,-0.050925,0.003575,0.825806,0.100564,0.187302,0.824896,-0.08688,-0.010762,0.853376,0.097048,0.184543,0.867528,-0.090234,0.039969,0.855122,0.071607,0.237346,0.805746,-0.124252
AN_Lat_2_4.12.26,129,294.49,172.32,0,294.49,172.32,0.9806,255.69,155.15,0.7869,0.131748,0.221313,0.014361,0.130912,0.204415,0.022446,0.130596,0.204609,0.022246,0.13024,0.205303,0.022294,0.129289,0.202951,-0.003149,0.127499,0.202139,-0.003424,0.125774,0.201096,-0.003545,0.121936,0.211081,0.068911,0.113287,0.206307,-0.044247,0.129171,0.235801,0.036932,0.127774,0.234596,0.001482,0.118377,0.299574,0.138486,0.089164,0.26504,-0.100881,0.168794,0.283457,0.181709,0.151944,0.228617,-0.135825,0.148724,0.178845,0.175635,0.13317,0.14366,-0.056954,0.145262,0.15988,0.178782,0.127264,0.121093,-0.07106,0.141776,0.160727,0.179918,0.123129,0.124707,-0.076081,0.141519,0.164629,0.175196,0.12386,0.135786,-0.058234,0.085454,0.524866,0.077639,0.077765,0.517722,-0.077828,0.060894,0.690374,0.109725,0.143819,0.653391,-0.053274,0.003725,0.825796,0.101821,0.187608,0.824522,-0.099402,-0.011016,0.853341,0.09818,0.18494,0.867392,-0.104717,0.040049,0.855122,0.066976,0.239986,0.806105,-0.142463
AN_Lat_2_4.12.26,130,301.0,192.0,0,316.44,180.58,0.9846,286.7,160.46,0.7795,0.140972,0.22703,0.015998,0.139934,0.209163,0.02403,0.139099,0.208698,0.023832,0.138214,0.208819,0.02388,0.139192,0.208305,-0.001975,0.137746,0.207205,-0.002244,0.136219,0.205901,-0.002358,0.127993,0.212823,0.069175,0.123165,0.208087,-0.046559,0.135807,0.240995,0.03851,0.135059,0.239854,0.002468,0.120077,0.300893,0.138607,0.092035,0.265522,-0.107409,0.172751,0.303109,0.161841,0.162701,0.241467,-0.141172,0.160512,0.182694,0.112058,0.149321,0.148572,-0.057928,0.158337,0.160492,0.108734,0.145635,0.123035,-0.072101,0.150127,0.166551,0.11248,0.139574,0.125919,-0.077327,0.150271,0.17251,0.110952,0.139757,0.13635,-0.059106,0.086456,0.52493,0.078349,0.078036,0.517876,-0.078533,0.065232,0.690378,0.113374,0.144848,0.652844,-0.072386,0.004175,0.825424,0.119467,0.187805,0.824238,-0.102222,-0.011052,0.851758,0.117654,0.185099,0.867148,-0.109825,0.04001,0.855299,0.090206,0.241382,0.806839,-0.143203
AN_Lat_2_4.12.26,131,319.0,207.0,0,325.19,199.43,0.987,309.76,176.83,0.7748,0.147958,0.228434,0.006197,0.14747,0.210289,0.015775,0.14695,0.20988,0.015578,0.146071,0.210035,0.015637,0.145631,0.208769,-0.011573,0.143886,0.20731,-0.011841,0.142021,0.206158,-0.01195,0.135009,0.213288,0.068319,0.129274,0.208584,-0.053428,0.142974,0.242186,0.03211,0.141474,0.240852,-0.005612,0.124217,0.302139,0.141206,0.097732,0.266085,-0.116693,0.176613,0.310129,0.162365,0.164782,0.258875,-0.159237,0.17073,0.18866,0.100475,0.161333,0.163727,-0.088893,0.168572,0.163499,0.096384,0.159572,0.132983,-0.106373,0.161607,0.166968,0.096316,0.150675,0.136134,-0.110481,0.160157,0.179726,0.097427,0.149776,0.147294,-0.089483,0.087063,0.524634,0.079971,0.079002,0.517596,-0.080143,0.071102,0.690797,0.110324,0.146046,0.653,-0.075944,0.006285,0.823695,0.12448,0.188744,0.824369,-0.104557,-0.010064,0.84762,0.123117,0.18577,0.867146,-0.108808,0.040029,0.855342,0.088679,0.242726,0.806944,-0.151587
AN_Lat_2_4.12.26,132,341.78,209.22,0,341.78,209.22,0.9769,335.11,193.21,0.7832,0.150633,0.232504,-0.018678,0.151025,0.214842,-0.009732,0.151017,0.214178,-0.009958,0.150924,0.213777,-0.009913,0.148503,0.212989,-0.033453,0.146363,0.211119,-0.033708,0.144217,0.209337,-0.033819,0.13996,0.215414,0.044761,0.131818,0.210295,-0.062991,0.146608,0.245359,0.00738,0.143798,0.243997,-0.02566,0.131098,0.302736,0.120298,0.100881,0.270423,-0.117079,0.182947,0.320257,0.142804,0.168305,0.277146,-0.17758,0.183227,0.200197,0.099684,0.174538,0.178896,-0.155293,0.181483,0.17222,0.097983,0.175924,0.146621,-0.177061,0.173938,0.180015,0.097949,0.167447,0.14781,-0.17843,0.173523,0.18978,0.09787,0.16575,0.158541,-0.156164,0.089144,0.525436,0.078437,0.079644,0.517928,-0.078582,0.079741,0.691555,0.111367,0.146501,0.651458,-0.095958,0.008543,0.819196,0.157311,0.189641,0.824392,-0.130084,-0.007079,0.840884,0.15885,0.18578,0.867555,-0.13352,0.041453,0.855309,0.118071,0.242974,0.807314,-0.184585
AN_Lat_2_4.12.26,133,364.56,238.12,0,364.56,238.12,0.9828,357.26,210.4,0.7963,0.157559,0.237765,-0.007941,0.157205,0.219831,0.000544,0.157495,0.219276,0.000324,0.157751,0.218725,0.000369,0.153962,0.217674,-0.023986,0.151691,0.215892,-0.024245,0.149161,0.214091,-0.024355,0.14284,0.220162,0.051726,0.135717,0.215348,-0.060395,0.153651,0.25184,0.016804,0.149408,0.249734,-0.017298,0.134961,0.309127,0.125094,0.106062,0.274385,-0.116332,0.183263,0.352169,0.151455,0.172098,0.29898,-0.180861,0.192445,0.227437,0.100744,0.186071,0.194812,-0.175261,0.192871,0.19966,0.098506,0.185749,0.164119,-0.199171,0.188543,0.209171,0.095482,0.17672,0.162556,-0.199134,0.186644,0.208571,0.097443,0.176345,0.172218,-0.176088,0.090566,0.525469,0.077936,0.079663,0.518014,-0.07806,0.088658,0.69318,0.112001,0.148579,0.649326,-0.098739,0.01213,0.814863,0.158514,0.189818,0.824395,-0.126126,-0.003433,0.833316,0.160313,0.185751,0.867553,-0.128254,0.042341,0.85527,0.12084,0.24266,0.807185,-0.1768
AN_Lat_2_4.12.26,134,376.73,253.48,0,376.73,253.48,0.9863,387.86,235.25,0.8038,0.162578,0.246814,-0.001728,0.161472,0.228801,0.006497,0.161093,0.227946,0.006284,0.16069,0.226998,0.006328,0.159007,0.22703,-0.018563,0.156781,0.22536,-0.018824,0.154412,0.223637,-0.018934,0.145302,0.227403,0.055733,0.139835,0.223615,-0.059491,0.157136,0.261359,0.022315,0.153772,0.258218,-0.012673,0.13317,0.313235,0.125335,0.113317,0.280597,-0.113568,0.178821,0.372973,0.15399,0.173592,0.326668,-0.172938,0.20174,0.265114,0.125228,0.202013,0.217828,-0.155453,0.203532,0.238081,0.125151,0.205165,0.192236,-0.17697,0.20031,0.24585,0.121953,0.196916,0.18907,-0.175995,0.198364,0.250942,0.122344,0.195709,0.19589,-0.155679,0.090094,0.525501,0.076927,0.080076,0.518115,-0.077048,0.09903,0.693264,0.097883,0.153174,0.6476,-0.086894,0.016171,0.807556,0.136076,0.190163,0.824546,-0.072917,-0.001354,0.817253,0.137473,0.185721,0.866967,-0.070977,0.045472,0.855522,0.105482,0.242408,0.806467,-0.102715
AN_Lat_2_4.12.26,135,391.0,316.0,0,393.59,282.89,0.992,398.45,297.7,0.8122,0.166029,0.253171,0.048515,0.162989,0.235176,0.05557,0.161794,0.234206,0.05539,0.160371,0.233169,0.055441,0.161805,0.234251,0.0296,0.159955,0.233273,0.029333,0.157881,0.232368,0.029279,0.14546,0.234793,0.094154,0.142938,0.233293,-0.021775,0.160593,0.267641,0.068744,0.158407,0.265377,0.033487,0.127613,0.312843,0.167259,0.124071,0.288116,-0.086827,0.174064,0.393424,0.207317,0.171706,0.376618,-0.136761,0.202343,0.313974,0.170747,0.207526,0.275648,-0.088704,0.206625,0.293479,0.175248,0.214306,0.244287,-0.103453,0.203741,0.28648,0.162666,0.20601,0.234198,-0.092982,0.204138,0.307976,0.164021,0.204267,0.244004,-0.084129,0.08858,0.525466,0.076962,0.085998,0.518187,-0.077085,0.105883,0.693465,0.096437,0.156789,0.646949,-0.075162,0.019311,0.801059,0.13664,0.190797,0.824549,-0.054434,-0.000179,0.80831,0.138603,0.185699,0.866671,-0.05062,0.046638,0.855402,0.11607,0.242183,0.808577,-0.062605
AN_Lat_2_4.12.26,136,393.0,358.0,0,403.66,345.77,0.9902,399.14,351.57,0.8247,0.1697,0.259921,0.050786,0.166555,0.241554,0.056825,0.165076,0.240828,0.056647,0.163411,0.240137,0.056689,0.165896,0.241004,0.031548,0.164149,0.240324,0.031286,0.162238,0.239777,0.031235,0.148699,0.241991,0.091869,0.1472,0.241416,-0.021046,0.16279,0.273965,0.069358,0.162151,0.272905,0.035158,0.124941,0.316129,0.164391,0.127223,0.297789,-0.083504,0.172407,0.420963,0.208881,0.167678,0.408153,-0.124618,0.19946,0.357886,0.180535,0.207885,0.325526,-0.068063,0.204983,0.342585,0.186129,0.218681,0.300221,-0.080813,0.204526,0.33427,0.173075,0.214183,0.291235,-0.070783,0.203012,0.353492,0.173949,0.211149,0.299457,-0.063198,0.087699,0.525604,0.076474,0.088048,0.518698,-0.076607,0.111859,0.694032,0.088891,0.162722,0.644582,-0.068266,0.022675,0.798446,0.121869,0.191097,0.824477,-0.044313,0.001844,0.805047,0.12408,0.185685,0.866424,-0.03955,0.046408,0.855414,0.111973,0.242045,0.80907,-0.045685
AN_Lat_2_4.12.26,137,373.0,415.0,0,382.89,415.34,0.9707,388.94,405.07,0.8418,0.174175,0.266038,0.06454,0.171958,0.249015,0.070035,0.170438,0.248484,0.069853,0.168684,0.248027,0.069881,0.171553,0.248653,0.045422,0.169895,0.248151,0.045164,0.167996,0.247647,0.045123,0.154458,0.249268,0.101175,0.153626,0.249251,-0.007747,0.167268,0.280876,0.081434,0.166898,0.280559,0.048365,0.126973,0.324252,0.171653,0.131215,0.310733,-0.06648,0.16613,0.439368,0.2353,0.163292,0.433017,-0.118798,0.196127,0.385619,0.233819,0.202575,0.375068,-0.07783,0.202929,0.36722,0.243544,0.213678,0.351226,-0.089816,0.202646,0.357328,0.230918,0.208811,0.339224,-0.083608,0.199677,0.364567,0.228621,0.205051,0.348565,-0.065602,0.087417,0.525919,0.07481,0.090883,0.518959,-0.074959,0.114549,0.698421,0.064947,0.171306,0.640402,-0.059961,0.023826,0.797436,0.058442,0.191722,0.824373,-0.050903,0.003089,0.804576,0.056787,0.185681,0.865709,-0.047549,0.046568,0.8559,0.045612,0.242109,0.810072,-0.050745
AN_Lat_2_4.12.26,138,363.0,463.0,0,368.75,458.26,0.9899,372.82,451.24,0.8558,0.179327,0.274445,0.056121,0.177756,0.258308,0.063256,0.176517,0.257844,0.063082,0.175203,0.2574,0.063111,0.176899,0.257423,0.040253,0.175158,0.256589,0.039998,0.173235,0.255557,0.039956,0.161629,0.258058,0.100288,0.15881,0.256755,0.000716,0.172438,0.289265,0.075125,0.171474,0.288512,0.04424,0.135943,0.327507,0.168794,0.134736,0.318111,-0.061142,0.165575,0.43708,0.220408,0.153755,0.433968,-0.124865,0.199376,0.418656,0.142817,0.194177,0.417818,-0.123003,0.207655,0.415443,0.139705,0.209864,0.404597,-0.140191,0.208976,0.403417,0.125996,0.207072,0.392604,-0.127456,0.206341,0.404882,0.134897,0.202208,0.397605,-0.115875,0.091235,0.528279,0.07265,0.097476,0.523314,-0.072813,0.115298,0.705156,0.054961,0.178868,0.637262,-0.077804,0.024093,0.798087,0.04386,0.19314,0.824473,-0.069644,0.00323,0.806734,0.041648,0.186067,0.86571,-0.06065,0.046236,0.856272,0.027965,0.242738,0.814463,-0.091213
AN_Lat_2_4.12.26,139,355.0,513.0,0,359.05,503.34,0.9856,349.85,505.81,0.8509,0.186998,0.283374,0.057082,0.184904,0.266866,0.06785,0.183638,0.266458,0.067667,0.182272,0.266085,0.067676,0.183996,0.26591,0.041446,0.182179,0.265148,0.041196,0.180237,0.264479,0.041151,0.168867,0.266603,0.116196,0.166563,0.266011,-0.000935,0.180666,0.298087,0.079068,0.179333,0.29725,0.043959,0.141006,0.338094,0.18841,0.139074,0.328022,-0.069084,0.165203,0.446895,0.215878,0.122899,0.432717,-0.17237,0.203588,0.456768,0.139493,0.182214,0.468341,-0.219894,0.217507,0.446573,0.134988,0.193399,0.471015,-0.245383,0.218987,0.442862,0.119106,0.195414,0.452761,-0.230061,0.213099,0.444424,0.130226,0.190348,0.454235,-0.214241,0.09786,0.534164,0.078103,0.100459,0.528558,-0.07824,0.113991,0.713869,0.062388,0.184364,0.634257,-0.100779,0.023158,0.799127,0.055263,0.195761,0.824021,-0.129912,0.003679,0.804933,0.05264,0.18723,0.865104,-0.130646,0.046122,0.857403,0.028241,0.245906,0.81532,-0.163635
AN_Lat_2_4.12.26,140,337.39,532.59,0,337.39,532.59,0.9939,337.3,526.32,0.8641,0.193059,0.29297,0.056209,0.189879,0.278018,0.067108,0.188811,0.278045,0.066942,0.187654,0.278108,0.066968,0.188633,0.276882,0.041328,0.186861,0.276479,0.041068,0.185042,0.276254,0.041024,0.17542,0.280711,0.114787,0.172781,0.280684,0.001042,0.188056,0.309087,0.078007,0.186515,0.30813,0.043719,0.148305,0.349507,0.189257,0.147685,0.339622,-0.069194,0.155007,0.46068,0.226752,0.112804,0.446681,-0.17153,0.191096,0.514866,0.165746,0.175677,0.487332,-0.166509,0.198451,0.525825,0.163049,0.186313,0.491924,-0.187307,0.199671,0.520967,0.12809,0.189781,0.480348,-0.175889,0.196228,0.516426,0.152091,0.184236,0.483858,-0.161501,0.103115,0.544151,0.079542,0.106215,0.537092,-0.079663,0.113169,0.724267,0.065663,0.192598,0.633388,-0.11185,0.022537,0.800284,0.058206,0.198677,0.823804,-0.145492,0.004262,0.807521,0.056052,0.187734,0.864341,-0.146569,0.045938,0.858918,0.041821,0.247905,0.815205,-0.165872
AN_Lat_2_4.12.26,141,268.0,555.0,0,269.82,549.35,0.9837,311.59,568.6,0.8757,0.203508,0.302526,-0.017874,0.199628,0.287325,-0.005046,0.19833,0.287024,-0.005232,0.196961,0.286713,-0.005179,0.198536,0.286478,-0.033348,0.196683,0.285978,-0.033603,0.194634,0.285664,-0.033661,0.183894,0.289969,0.052198,0.181188,0.290334,-0.072852,0.198476,0.318207,0.007473,0.197277,0.317312,-0.029989,0.159845,0.362263,0.145475,0.151729,0.35301,-0.132558,0.146325,0.476795,0.164683,0.103781,0.448368,-0.184096,0.179581,0.553869,0.067348,0.162287,0.526477,-0.17016,0.190242,0.572093,0.059433,0.177757,0.543577,-0.191711,0.192579,0.569406,0.033771,0.180971,0.536906,-0.182137,0.191482,0.562258,0.053943,0.178697,0.53067,-0.165106,0.109286,0.557569,0.084267,0.11114,0.550552,-0.084367,0.11295,0.728335,0.06845,0.199741,0.633128,-0.10388,0.022831,0.800877,0.078719,0.20216,0.822505,-0.114319,0.005007,0.808406,0.078356,0.190909,0.862214,-0.112613,0.04619,0.859118,0.06299,0.250826,0.815118,-0.132661
AN_Lat_2_4.12.26,142,232.0,570.0,0,228.42,569.97,0.9961,251.57,577.24,0.8607,0.211073,0.306554,-0.013922,0.207189,0.293431,-0.001356,0.206173,0.293401,-0.001529,0.205101,0.293349,-0.001472,0.205876,0.292673,-0.028289,0.204065,0.292362,-0.028549,0.201989,0.292202,-0.028616,0.192712,0.298149,0.055368,0.188779,0.299235,-0.064356,0.206899,0.324483,0.011265,0.205258,0.323741,-0.024666,0.176896,0.377324,0.142319,0.158984,0.360168,-0.120638,0.148068,0.481565,0.160501,0.099961,0.439058,-0.176046,0.17949,0.580926,0.070278,0.131027,0.534477,-0.155277,0.18739,0.602391,0.062487,0.13372,0.558988,-0.176683,0.186028,0.602178,0.036626,0.146528,0.554212,-0.171001,0.185042,0.593464,0.05674,0.144064,0.545955,-0.152202,0.117623,0.562638,0.084992,0.11722,0.554018,-0.085076,0.112387,0.732835,0.073325,0.207902,0.630997,-0.107604,0.021968,0.801493,0.079295,0.208318,0.820737,-0.132271,0.004282,0.809973,0.077442,0.196837,0.860126,-0.134299,0.046025,0.860158,0.050038,0.256921,0.815011,-0.168005
AN_Lat_2_4.12.26,143,196.0,571.0,0,193.82,571.96,0.9916,205.08,585.69,0.8597,0.219755,0.315826,-0.042434,0.215356,0.302397,-0.028599,0.214266,0.302429,-0.028766,0.21313,0.302424,-0.028707,0.214109,0.30202,-0.055561,0.212212,0.30192,-0.055802,0.210052,0.302047,-0.055852,0.200725,0.308752,0.031682,0.19736,0.309993,-0.088734,0.214607,0.332725,-0.016731,0.213607,0.332689,-0.052909,0.181176,0.388809,0.114109,0.166759,0.370527,-0.137774,0.154689,0.495645,0.133531,0.098347,0.43199,-0.182154,0.181835,0.583226,0.05701,0.10681,0.542309,-0.181881,0.185866,0.612716,0.049665,0.101022,0.569651,-0.206658,0.187262,0.614274,0.022279,0.111464,0.57183,-0.204889,0.185176,0.607254,0.043008,0.112002,0.563473,-0.181179,0.121811,0.569107,0.086497,0.121306,0.562199,-0.086568,0.113007,0.73605,0.114533,0.215264,0.627174,-0.107038,0.021323,0.801959,0.144049,0.216567,0.819952,-0.126831,0.003741,0.811323,0.14385,0.200276,0.858579,-0.128657,0.04575,0.862924,0.110614,0.264131,0.814994,-0.16012
AN_Lat_2_4.12.26,144,158.0,555.0,0,163.02,552.67,0.9946,183.68,552.9,0.8071,0.226735,0.326738,-0.022308,0.222641,0.313279,-0.019367,0.221787,0.313268,-0.019675,0.220933,0.313184,-0.019751,0.220851,0.313029,-0.045818,0.218543,0.312935,-0.046055,0.215952,0.313073,-0.046166,0.208918,0.319166,0.053627,0.203094,0.320613,-0.065277,0.222161,0.342326,-0.003056,0.220367,0.34268,-0.039185,0.179892,0.390712,0.115335,0.176988,0.377801,-0.098503,0.135611,0.472895,0.152783,0.101042,0.418609,-0.126573,0.132422,0.54542,0.080276,0.095667,0.511948,-0.121369,0.129968,0.563816,0.072136,0.095988,0.53529,-0.140487,0.135134,0.565546,0.049638,0.103437,0.537744,-0.141463,0.136312,0.558603,0.068395,0.102567,0.532701,-0.121245,0.122172,0.56885,0.085894,0.126907,0.562563,-0.085979,0.113012,0.739633,0.085663,0.220728,0.627061,-0.105137,0.020917,0.802274,0.095453,0.22178,0.819786,-0.12403,0.003312,0.812413,0.093473,0.204451,0.855935,-0.124349,0.045664,0.863086,0.054374,0.268497,0.814577,-0.157022
AN_Lat_2_4.12.26,145,157.0,528.0,0,153.98,527.78,0.9931,169.95,534.93,0.8175,0.231501,0.33441,0.019154,0.228659,0.322696,0.034063,0.228252,0.322917,0.03389,0.227869,0.323067,0.033972,0.226233,0.32193,0.009895,0.224122,0.321612,0.009648,0.221794,0.321381,0.009597,0.217392,0.329731,0.100449,0.208548,0.328915,-0.008683,0.227802,0.349656,0.042915,0.225857,0.349561,0.010337,0.183397,0.399953,0.140276,0.18685,0.384379,-0.055902,0.121157,0.46179,0.155476,0.106428,0.406749,-0.09894,0.096654,0.510983,0.072791,0.088517,0.495302,-0.113374,0.091122,0.542923,0.060879,0.083009,0.51913,-0.134163,0.096211,0.544471,0.039673,0.091074,0.525507,-0.13635,0.098819,0.537835,0.061193,0.093119,0.518661,-0.11422,0.1272,0.574775,0.085122,0.134424,0.565899,-0.085229,0.113128,0.746538,0.074849,0.224325,0.627867,-0.102504,0.021033,0.80253,0.078714,0.22657,0.819656,-0.122269,0.003739,0.813116,0.076521,0.207446,0.854375,-0.122132,0.045623,0.863511,0.036024,0.273787,0.814539,-0.153912
AN_Lat_2_4.12.26,146,158.63,492.85,0,158.63,492.85,0.9889,172.8,508.13,0.8346,0.238878,0.340053,0.103954,0.235209,0.328489,0.121234,0.234411,0.328562,0.121105,0.233513,0.328598,0.121178,0.233967,0.328706,0.095934,0.232361,0.328812,0.095711,0.230866,0.328886,0.095726,0.221668,0.335294,0.181431,0.219144,0.33596,0.068008,0.235003,0.354179,0.127691,0.234198,0.355562,0.093626,0.194279,0.40175,0.225649,0.189185,0.385445,0.001711,0.167496,0.478876,0.21674,0.11105,0.396295,-0.077912,0.181382,0.565576,0.100031,0.090002,0.470487,-0.122252,0.193895,0.585043,0.067557,0.075394,0.48454,-0.148408,0.196502,0.584049,0.069719,0.087611,0.495167,-0.153702,0.192083,0.582864,0.070064,0.093398,0.493456,-0.126746,0.131514,0.577394,0.085374,0.139667,0.5703,-0.085519,0.113264,0.747404,0.078958,0.232815,0.630062,-0.10999,0.021192,0.802624,0.065177,0.226234,0.821664,-0.149047,0.004031,0.813602,0.060123,0.207037,0.854765,-0.153096,0.045559,0.863343,0.016708,0.277316,0.818737,-0.19416
AN_Lat_2_4.12.26,147,168.97,469.7,0,168.97,469.7,0.9893,178.17,491.97,0.8484,0.24899,0.340443,0.076162,0.24474,0.328849,0.083468,0.243656,0.328763,0.083284,0.242304,0.328663,0.08332,0.24377,0.329452,0.058376,0.242072,0.329648,0.058115,0.240615,0.329885,0.058041,0.229547,0.335846,0.13329,0.228269,0.336999,0.018532,0.244483,0.354948,0.094399,0.243852,0.355722,0.060222,0.203713,0.40425,0.194432,0.194889,0.382747,-0.041701,0.174642,0.481533,0.19362,0.113411,0.394054,-0.104384,0.1852,0.579615,0.076524,0.092797,0.455528,-0.15907,0.191926,0.602277,0.060778,0.083241,0.469649,-0.186841,0.19354,0.606821,0.036594,0.095077,0.480476,-0.190806,0.190907,0.598611,0.058788,0.098399,0.479189,-0.162558,0.139863,0.580893,0.088371,0.142437,0.573185,-0.088505,0.11474,0.748202,0.081131,0.237562,0.632292,-0.112915,0.02135,0.802937,0.07343,0.228051,0.823204,-0.147369,0.003827,0.812708,0.069312,0.208848,0.855062,-0.151235,0.045497,0.863217,0.028384,0.279918,0.827557,-0.194786
AN_Lat_2_4.12.26,148,195.28,448.75,0,195.28,448.75,0.9914,201.32,477.49,0.8198,0.256948,0.345828,0.060862,0.251297,0.334124,0.069391,0.249607,0.333991,0.069185,0.247498,0.333743,0.069207,0.251273,0.334967,0.043706,0.249882,0.335488,0.043433,0.248585,0.33598,0.04332,0.233878,0.340346,0.119476,0.235904,0.343077,0.00348,0.251852,0.361932,0.081157,0.251685,0.36242,0.046179,0.195458,0.393446,0.1867,0.210355,0.384704,-0.055394,0.171282,0.461927,0.164831,0.136716,0.386014,-0.106118,0.184659,0.542082,0.054159,0.104852,0.442119,-0.135885,0.190583,0.561762,0.040138,0.096781,0.454514,-0.155155,0.193474,0.567677,0.013569,0.103287,0.463604,-0.172938,0.191117,0.560221,0.038509,0.107052,0.460151,-0.144116,0.140438,0.581678,0.088234,0.153086,0.580491,-0.088401,0.116126,0.748413,0.065899,0.24494,0.635964,-0.109847,0.022301,0.802959,0.040299,0.232313,0.824647,-0.123217,0.00419,0.810223,0.034552,0.214185,0.85538,-0.125308,0.045256,0.863063,-0.011552,0.282278,0.837687,-0.170067
AN_Lat_2_4.12.26,149,224.7,433.3,0,224.7,433.3,0.989,216.39,467.78,0.8294,0.264309,0.344526,0.112783,0.258489,0.334342,0.129754,0.256676,0.334135,0.129608,0.254625,0.333792,0.129705,0.258901,0.334479,0.106405,0.257696,0.334624,0.106155,0.256506,0.334699,0.10615,0.242461,0.33873,0.194586,0.245212,0.338533,0.090243,0.260166,0.359906,0.138728,0.259667,0.359234,0.107113,0.220722,0.404065,0.238903,0.217148,0.374761,0.031725,0.201294,0.48809,0.211879,0.151066,0.367505,-0.047448,0.22109,0.564553,0.062916,0.112703,0.433131,-0.101183,0.229907,0.585205,0.069841,0.107664,0.446623,-0.122104,0.230759,0.585679,0.052492,0.112567,0.453365,-0.130474,0.226162,0.578405,0.059804,0.114789,0.450217,-0.106421,0.154511,0.582841,0.088015,0.163102,0.576572,-0.088137,0.118977,0.747632,0.065248,0.255247,0.643021,-0.10934,0.023232,0.802559,0.027906,0.233688,0.827746,-0.133199,0.004003,0.807769,0.020834,0.214729,0.855416,-0.137558,0.044987,0.862949,-0.025196,0.281555,0.850153,-0.181137
AN_Lat_2_4.12.26,150,252.0,431.0,0,254.19,428.33,0.9873,227.85,457.74,0.8343,0.268987,0.339983,0.145826,0.261981,0.331384,0.15907,0.260247,0.331453,0.158935,0.258459,0.331491,0.15904,0.262619,0.33124,0.139092,0.26155,0.331403,0.138831,0.260518,0.331567,0.13883,0.247569,0.334803,0.209157,0.250742,0.335617,0.119408,0.263613,0.354887,0.166933,0.263565,0.354156,0.13965,0.224106,0.396398,0.240067,0.230293,0.367702,0.053011,0.193978,0.468962,0.202985,0.16521,0.352819,-0.053747,0.207552,0.54081,0.071394,0.11867,0.42383,-0.119947,0.213537,0.558786,0.058389,0.109076,0.43834,-0.147798,0.216425,0.561154,0.039094,0.116661,0.445413,-0.153297,0.213806,0.554409,0.060802,0.120923,0.442316,-0.126451,0.159422,0.579295,0.081655,0.172467,0.573005,-0.08195,0.124547,0.744064,0.046386,0.265554,0.647825,-0.094713,0.026136,0.801319,-0.014809,0.238032,0.830481,-0.13107,0.005685,0.801103,-0.024057,0.220649,0.855521,-0.133819,0.04487,0.862855,-0.07611,0.28416,0.858086,-0.172596
AN_Lat_2_4.12.26,151,279.0,433.0,0,277.12,427.41,0.9846,260.83,451.46,0.849,0.281462,0.332624,0.027184,0.273934,0.322255,0.042787,0.27233,0.322228,0.042601,0.270569,0.322316,0.042671,0.273316,0.321928,0.02107,0.27142,0.321788,0.020779,0.269201,0.321574,0.020724,0.259111,0.326267,0.109837,0.25646,0.326886,0.01654,0.277941,0.346686,0.053781,0.277098,0.346123,0.024434,0.251226,0.396347,0.1771,0.233886,0.363294,-0.024286,0.27212,0.460052,0.201468,0.173846,0.340344,-0.154697,0.317063,0.523831,0.126562,0.135849,0.418016,-0.262348,0.329916,0.535151,0.123653,0.12617,0.432913,-0.294667,0.331901,0.536893,0.091401,0.137606,0.440617,-0.300383,0.32771,0.534923,0.110874,0.141792,0.43749,-0.268178,0.177169,0.578332,0.082455,0.180046,0.569932,-0.08272,0.130044,0.741503,0.056992,0.271368,0.654066,-0.094683,0.031675,0.799507,-0.003255,0.239866,0.83391,-0.087111,0.009443,0.794936,-0.013535,0.222198,0.856541,-0.086369,0.045025,0.862811,-0.068138,0.284356,0.861827,-0.126733
AN_Lat_2_4.12.26,152,311.0,426.0,0,308.64,422.18,0.9852,302.13,452.58,0.8615,0.285687,0.326627,0.072039,0.278198,0.315159,0.086072,0.276971,0.315221,0.085893,0.275667,0.315464,0.085939,0.277673,0.314757,0.063693,0.275984,0.314571,0.063392,0.274418,0.314408,0.063335,0.266525,0.32186,0.139015,0.265151,0.320766,0.038616,0.284787,0.340708,0.093501,0.284319,0.34017,0.063238,0.267643,0.396516,0.201127,0.246136,0.360361,-0.02647,0.286622,0.465367,0.257707,0.183345,0.335005,-0.15031,0.331994,0.52714,0.248186,0.15736,0.419052,-0.220873,0.345426,0.537418,0.254193,0.152445,0.439021,-0.248601,0.348805,0.538293,0.223839,0.161764,0.444515,-0.250826,0.344202,0.536715,0.234068,0.164706,0.43994,-0.224579,0.188516,0.57806,0.082909,0.193059,0.568313,-0.083173,0.140489,0.739668,0.046311,0.279316,0.661922,-0.091108,0.042741,0.794641,-0.064217,0.240231,0.835192,-0.068296,0.019856,0.786119,-0.07894,0.221366,0.856571,-0.066123,0.045307,0.862709,-0.135212,0.285237,0.864215,-0.092033
AN_Lat_2_4.12.26,153,338.0,436.0,0,335.91,434.89,0.9862,334.18,451.36,0.8725,0.293744,0.315843,0.062422,0.285142,0.309385,0.075337,0.284389,0.310839,0.075169,0.283634,0.312365,0.075231,0.283898,0.308421,0.056771,0.282448,0.309391,0.056361,0.280875,0.311043,0.056239,0.275219,0.317658,0.124447,0.272864,0.317108,0.03175,0.294759,0.331564,0.081098,0.293012,0.330865,0.054894,0.272008,0.39157,0.192846,0.261841,0.359047,-0.033372,0.277912,0.460975,0.229799,0.195789,0.332589,-0.155168,0.318737,0.523234,0.186828,0.174053,0.417923,-0.234579,0.331062,0.533946,0.186886,0.172789,0.435986,-0.264,0.334627,0.53659,0.161035,0.180018,0.440306,-0.26435,0.330172,0.53407,0.173976,0.181463,0.436035,-0.237412,0.201213,0.577828,0.082952,0.204553,0.568393,-0.083204,0.158103,0.738913,0.04819,0.288577,0.668837,-0.095034,0.06214,0.789086,-0.051946,0.240623,0.836644,-0.073832,0.040082,0.775232,-0.065579,0.220902,0.856728,-0.071292,0.047707,0.862313,-0.124016,0.283872,0.868113,-0.098824
AN_Lat_2_4.12.26,154,361.0,450.0,0,365.91,452.5,0.9865,366.22,461.28,0.8682,0.300826,0.310025,0.015844,0.292242,0.304554,0.027362,0.291305,0.306273,0.027225,0.290297,0.308019,0.027336,0.291848,0.304288,0.004881,0.290662,0.30622,0.004546,0.289611,0.308672,0.004452,0.281977,0.316476,0.081744,0.282558,0.314521,-0.019662,0.301853,0.324641,0.038904,0.300901,0.324329,0.008634,0.273471,0.388992,0.156107,0.276359,0.357219,-0.078414,0.243923,0.453072,0.135698,0.203546,0.333509,-0.15043,0.264584,0.509849,0.021444,0.19074,0.427108,-0.218372,0.272816,0.51765,0.006745,0.191217,0.44979,-0.245117,0.274574,0.519681,-0.017759,0.198213,0.451791,-0.255326,0.271493,0.518804,0.007348,0.199084,0.443559,-0.228496,0.211362,0.57657,0.083672,0.218615,0.56806,-0.083899,0.17551,0.738083,0.036494,0.294253,0.675084,-0.095451,0.080493,0.784027,-0.064931,0.241832,0.836821,-0.074184,0.060494,0.765726,-0.078247,0.222158,0.85687,-0.071322,0.05478,0.861043,-0.134467,0.28415,0.868182,-0.09672
AN_Lat_2_4.12.26,155,395.0,467.0,0,390.92,467.58,0.9901,394.59,475.08,0.8628,0.30731,0.303157,0.003759,0.298486,0.29779,0.012151,0.297247,0.299533,0.01202,0.295993,0.301294,0.01212,0.29888,0.297877,-0.010296,0.298043,0.299914,-0.010607,0.297264,0.302272,-0.010704,0.287852,0.313074,0.056413,0.290441,0.312268,-0.043691,0.308183,0.317013,0.024139,0.30794,0.316912,-0.006061,0.272942,0.383006,0.121866,0.287028,0.356482,-0.100803,0.226411,0.402512,0.102621,0.211347,0.336904,-0.159445,0.261681,0.493394,0.009191,0.205518,0.439889,-0.191956,0.271641,0.508651,-0.002817,0.204232,0.46281,-0.216526,0.262253,0.509954,-0.026584,0.216075,0.464691,-0.21971,0.254663,0.509438,-0.003814,0.216631,0.454971,-0.195854,0.222553,0.575069,0.083585,0.233017,0.566773,-0.083804,0.194139,0.737655,0.046585,0.299507,0.678243,-0.09695,0.098677,0.776376,-0.030325,0.239309,0.837287,-0.071499,0.077455,0.754887,-0.041044,0.221354,0.856009,-0.06772,0.066713,0.843031,-0.087978,0.283388,0.87101,-0.08974
AN_Lat_2_4.12.26,156,428.0,481.0,0,426.53,480.87,0.9942,430.29,489.75,0.8629,0.317965,0.288025,-0.002878,0.309621,0.284611,0.009172,0.308807,0.286762,0.009033,0.307931,0.288893,0.00911,0.30868,0.2843,-0.015006,0.307255,0.286343,-0.015303,0.305779,0.28851,-0.015373,0.30017,0.30483,0.064094,0.297614,0.303012,-0.043309,0.318889,0.303214,0.02071,0.317533,0.302746,-0.011733,0.295975,0.382845,0.136966,0.289278,0.351127,-0.101642,0.279996,0.431399,0.136418,0.221107,0.339956,-0.167602,0.318988,0.49103,0.055698,0.224107,0.453469,-0.201773,0.32662,0.503334,0.047428,0.228921,0.47497,-0.227772,0.331272,0.507026,0.022371,0.237618,0.473375,-0.224535,0.325111,0.507305,0.04235,0.236511,0.464226,-0.201749,0.23382,0.574932,0.085031,0.238712,0.56624,-0.085193,0.218185,0.736993,0.03847,0.304913,0.678958,-0.115668,0.120166,0.766448,-0.039615,0.240219,0.837163,-0.079494,0.100991,0.746971,-0.050983,0.220974,0.854815,-0.076813,0.085894,0.828947,-0.110056,0.282117,0.872017,-0.103888
AN_Lat_2_4.12.26,157,460.0,495.0,0,469.47,489.24,0.9946,468.7,509.24,0.853,0.326631,0.277829,-0.016821,0.318228,0.274157,-0.004516,0.317167,0.276363,-0.004657,0.316091,0.278414,-0.004597,0.317597,0.274059,-0.029655,0.316122,0.276293,-0.029939,0.314588,0.278586,-0.030015,0.307444,0.294805,0.052442,0.305659,0.294859,-0.059543,0.32717,0.294935,0.00728,0.325952,0.294361,-0.026359,0.307356,0.376568,0.130163,0.294314,0.34872,-0.121015,0.298051,0.449757,0.132713,0.234067,0.355151,-0.195638,0.330769,0.501412,0.039152,0.244113,0.471516,-0.234323,0.340173,0.512266,0.029991,0.24439,0.500188,-0.263812,0.343937,0.511941,0.003039,0.255139,0.498158,-0.257706,0.340245,0.509509,0.024651,0.255882,0.489859,-0.233036,0.245212,0.569888,0.085498,0.246426,0.561578,-0.085626,0.242735,0.731171,0.045309,0.308838,0.6812,-0.116867,0.144471,0.75766,-0.030661,0.242766,0.836919,-0.08291,0.127664,0.738693,-0.045929,0.224134,0.853444,-0.080333,0.113105,0.825444,-0.07615,0.280957,0.870891,-0.109275
AN_Lat_2_4.12.26,158,517.0,516.0,0,515.41,512.68,0.997,519.22,520.45,0.852,0.334249,0.270413,-0.057098,0.326496,0.266472,-0.044516,0.325467,0.268409,-0.044663,0.324427,0.270206,-0.044602,0.325758,0.26679,-0.069771,0.324294,0.269063,-0.070027,0.322778,0.271334,-0.070112,0.316178,0.285859,0.018109,0.314111,0.287661,-0.093814,0.334469,0.28835,-0.030442,0.333526,0.288285,-0.064066,0.314322,0.363557,0.106952,0.301764,0.345104,-0.147992,0.294584,0.448518,0.114519,0.249175,0.377306,-0.212683,0.310418,0.497709,0.012932,0.270425,0.481895,-0.234862,0.315901,0.510421,0.001384,0.277288,0.507468,-0.264593,0.318788,0.509193,-0.025158,0.284887,0.50189,-0.256454,0.317932,0.505489,-0.001125,0.28251,0.492386,-0.232116,0.261242,0.55501,0.08551,0.258992,0.553578,-0.085622,0.264058,0.721876,0.050436,0.311806,0.68266,-0.11669,0.164124,0.757507,0.044019,0.2426,0.836541,-0.080079,0.150497,0.75057,0.038143,0.222799,0.851368,-0.076804,0.145389,0.820675,-0.017622,0.25275,0.871274,-0.1135
AN_Lat_2_4.12.26,159,566.0,530.0,0,575.13,531.76,0.9974,567.13,528.92,0.8632,0.342504,0.264597,-0.037086,0.335437,0.258222,-0.024215,0.334374,0.259831,-0.02435,0.33329,0.261311,-0.024295,0.334513,0.25869,-0.050732,0.332825,0.260805,-0.050993,0.330965,0.262927,-0.051079,0.324205,0.274738,0.036573,0.321319,0.277808,-0.081637,0.341398,0.283393,-0.010865,0.340161,0.283649,-0.046257,0.316419,0.351395,0.12452,0.313969,0.343008,-0.145334,0.288974,0.447318,0.133833,0.258212,0.396714,-0.206205,0.311128,0.504044,0.04893,0.295378,0.489742,-0.222849,0.316412,0.515338,0.040194,0.304168,0.513754,-0.252234,0.319559,0.507256,0.016306,0.311451,0.505346,-0.24095,0.320752,0.506572,0.036045,0.309112,0.497463,-0.218697,0.268587,0.548858,0.090597,0.271901,0.549884,-0.090631,0.279324,0.710527,0.1045,0.314654,0.687415,-0.115631,0.20398,0.803802,0.128919,0.240052,0.835659,-0.083042,0.19884,0.81979,0.126465,0.215339,0.840648,-0.080667,0.198358,0.842355,0.077079,0.239445,0.874588,-0.120744
AN_Lat_2_4.12.26,160,617.0,529.0,0,630.35,536.98,0.997,615.56,529.58,0.8753,0.350545,0.26215,-0.018652,0.342965,0.254058,-0.00566,0.341723,0.255514,-0.005801,0.340421,0.256859,-0.005742,0.34205,0.254364,-0.032383,0.340297,0.256204,-0.032641,0.338383,0.258098,-0.032715,0.330125,0.269667,0.050165,0.328084,0.271739,-0.066057,0.348395,0.280162,0.006921,0.346869,0.281338,-0.028938,0.322296,0.34601,0.144571,0.323247,0.34029,-0.13474,0.315567,0.454212,0.164105,0.278945,0.412163,-0.207398,0.349753,0.502176,0.061462,0.320604,0.490349,-0.241172,0.357557,0.511714,0.057262,0.331872,0.50365,-0.276532,0.364059,0.506504,0.021123,0.335907,0.495076,-0.26186,0.357685,0.504056,0.043553,0.333569,0.491008,-0.236688,0.281867,0.5456,0.095321,0.278146,0.546105,-0.095275,0.307021,0.69328,0.120117,0.318978,0.689148,-0.138285,0.225939,0.79502,0.184289,0.24019,0.834903,-0.151428,0.212164,0.789239,0.187307,0.216094,0.84225,-0.153275,0.221075,0.829183,0.154304,0.245416,0.873782,-0.209813
AN_Lat_2_4.12.26,161,684.0,537.0,0,688.49,534.43,0.9969,693.45,536.15,0.8867,0.357127,0.258896,0.000416,0.350137,0.249143,0.015665,0.349162,0.250267,0.015549,0.348028,0.251458,0.015573,0.349111,0.249417,-0.01536,0.34739,0.251079,-0.015559,0.345238,0.253065,-0.015616,0.336871,0.263225,0.080292,0.334163,0.265434,-0.060277,0.355989,0.275782,0.027773,0.354163,0.277137,-0.014386,0.341094,0.345145,0.173807,0.329622,0.339909,-0.120201,0.366759,0.438908,0.201921,0.319422,0.442457,-0.202999,0.391895,0.362067,0.122015,0.361169,0.496438,-0.197203,0.39911,0.340024,0.120927,0.373637,0.507033,-0.23437,0.396003,0.329737,0.104253,0.376015,0.495609,-0.206345,0.391643,0.336868,0.113669,0.371669,0.49222,-0.187428,0.296747,0.544532,0.097833,0.282281,0.542453,-0.097794,0.340549,0.678507,0.101614,0.326501,0.686631,-0.16182,0.251306,0.756319,0.135986,0.239745,0.834831,-0.213441,0.230291,0.744886,0.138051,0.216837,0.843552,-0.217506,0.240099,0.810987,0.112864,0.248091,0.886419,-0.265575
AN_Lat_2_4.12.26,162,726.0,525.0,0,727.87,518.5,0.996,751.05,522.61,0.8957,0.365024,0.255639,-0.000391,0.357111,0.245039,0.012319,0.355528,0.24616,0.012199,0.353824,0.247285,0.012235,0.356871,0.245416,-0.019405,0.355231,0.246992,-0.019631,0.353413,0.248687,-0.019695,0.342787,0.258759,0.069331,0.342754,0.260726,-0.075887,0.363301,0.271579,0.024888,0.363089,0.273504,-0.018095,0.336426,0.339579,0.168821,0.343415,0.339826,-0.144561,0.376051,0.415017,0.252776,0.35246,0.453611,-0.187849,0.404532,0.32527,0.279359,0.391172,0.483895,-0.138093,0.408307,0.29577,0.297592,0.407539,0.492336,-0.164366,0.40736,0.287539,0.275809,0.408237,0.485228,-0.138801,0.404968,0.298258,0.271946,0.400571,0.48124,-0.127809,0.302322,0.544871,0.104358,0.294808,0.543008,-0.10428,0.359958,0.66679,0.099183,0.328067,0.688017,-0.187678,0.269912,0.744029,0.137682,0.240907,0.834473,-0.233116,0.254416,0.733094,0.140765,0.219338,0.844285,-0.235548,0.251973,0.801486,0.123167,0.246931,0.887753,-0.272817
AN_Lat_2_4.12.26,163,767.0,506.0,0,780.29,504.86,0.9971,777.65,512.47,0.8725,0.372657,0.253368,-0.015522,0.365243,0.241771,-0.002117,0.36364,0.242845,-0.002245,0.361875,0.243873,-0.002217,0.365049,0.242014,-0.03181,0.363478,0.243375,-0.032013,0.361677,0.244872,-0.03205,0.350023,0.253679,0.060099,0.349351,0.255974,-0.073656,0.369704,0.26944,0.010786,0.369659,0.270937,-0.029435,0.355974,0.338147,0.136931,0.339751,0.337958,-0.140931,0.398534,0.399474,0.076453,0.356485,0.439216,-0.18463,0.417457,0.296983,-0.097111,0.405027,0.474505,-0.147442,0.424289,0.269009,-0.117247,0.418105,0.490268,-0.172421,0.419891,0.259418,-0.120857,0.418063,0.476083,-0.158504,0.415699,0.268607,-0.10315,0.414293,0.477839,-0.141605,0.326538,0.545545,0.1011,0.302952,0.543699,-0.101083,0.384099,0.653368,0.106173,0.328097,0.692684,-0.224524,0.305328,0.724256,0.171922,0.245837,0.831652,-0.325268,0.291522,0.719228,0.177006,0.221178,0.843881,-0.335133,0.282115,0.790298,0.161618,0.259152,0.883342,-0.398625
AN_Lat_2_4.12.26,164,806.0,482.0,0,824.09,478.46,0.9905,814.67,508.2,0.875,0.380569,0.247159,-0.01374,0.373257,0.236875,0.000425,0.371639,0.238058,0.000289,0.37003,0.239097,0.000318,0.373145,0.23667,-0.029011,0.371539,0.237799,-0.029227,0.369759,0.238911,-0.029268,0.359859,0.247449,0.063395,0.358507,0.248898,-0.067456,0.377472,0.262869,0.012935,0.377594,0.263947,-0.026805,0.370506,0.332102,0.139455,0.345787,0.331357,-0.141694,0.411785,0.375677,0.074455,0.372009,0.427967,-0.181542,0.429915,0.27368,-0.111799,0.424306,0.470557,-0.140527,0.436905,0.248425,-0.134333,0.436396,0.465953,-0.164519,0.432244,0.237529,-0.141095,0.436642,0.449505,-0.154758,0.42819,0.246707,-0.120092,0.432394,0.454014,-0.135897,0.342496,0.544243,0.099758,0.31275,0.542566,-0.099748,0.404047,0.625934,0.098009,0.332914,0.694641,-0.208765,0.31992,0.716299,0.139343,0.249997,0.827271,-0.299854,0.303378,0.714795,0.141588,0.228623,0.84143,-0.309247,0.317885,0.785167,0.11948,0.27296,0.879798,-0.375474
AN_Lat_2_4.12.26,165,845.0,457.0,0,849.71,457.63,0.994,844.02,480.85,0.8769,0.387732,0.245822,-0.010373,0.380629,0.236655,0.003352,0.379051,0.23776,0.003208,0.37743,0.238768,0.003245,0.380855,0.236066,-0.025922,0.379431,0.23687,-0.026142,0.377835,0.237692,-0.026192,0.367202,0.247267,0.064488,0.36684,0.248405,-0.067747,0.385797,0.261469,0.015483,0.386235,0.261657,-0.024126,0.375468,0.324501,0.141602,0.357129,0.325642,-0.143447,0.422775,0.347589,0.10689,0.392998,0.420217,-0.154033,0.439897,0.250076,-0.047209,0.439593,0.445229,-0.06674,0.447157,0.226733,-0.063448,0.45176,0.436853,-0.084404,0.440785,0.213937,-0.073053,0.450249,0.422126,-0.078937,0.437104,0.222461,-0.055521,0.445629,0.425185,-0.062647,0.349224,0.539614,0.100716,0.324565,0.538845,-0.100713,0.422302,0.60469,0.118559,0.333048,0.695999,-0.196282,0.345488,0.709836,0.179229,0.252694,0.823678,-0.288687,0.328621,0.71656,0.182739,0.230456,0.838913,-0.298051,0.361175,0.772266,0.16468,0.274312,0.878279,-0.363071
AN_Lat_2_4.12.26,166,873.0,432.0,0,892.15,433.03,0.9875,882.34,448.43,0.8868,0.394743,0.246202,-0.009466,0.388438,0.236676,0.00392,0.38704,0.237365,0.003768,0.385532,0.238045,0.003813,0.38833,0.236041,-0.025162,0.386982,0.236437,-0.025383,0.385455,0.236918,-0.025448,0.374967,0.246058,0.064619,0.374407,0.246862,-0.066539,0.392732,0.260154,0.016495,0.392409,0.260233,-0.022884,0.380366,0.315793,0.143334,0.367419,0.319624,-0.140618,0.431793,0.323968,0.124221,0.41064,0.414208,-0.143976,0.450635,0.231701,0.012175,0.459554,0.415215,-0.068621,0.455596,0.20705,0.002403,0.471497,0.409491,-0.088733,0.452114,0.196081,-0.015697,0.468114,0.396408,-0.083036,0.447955,0.204829,0.00135,0.463379,0.398151,-0.064936,0.360013,0.535156,0.099622,0.338459,0.536525,-0.099648,0.439352,0.57591,0.116402,0.333705,0.695535,-0.178023,0.381062,0.702242,0.187203,0.253843,0.821195,-0.233335,0.361971,0.716592,0.191136,0.231448,0.835496,-0.238878,0.409945,0.758912,0.161422,0.275968,0.8766,-0.310024
AN_Lat_2_4.12.26,167,898.0,405.0,0,901.99,403.8,0.984,909.53,414.55,0.891,0.403917,0.247774,-0.019422,0.398651,0.237042,-0.007205,0.397391,0.23724,-0.007367,0.396016,0.237434,-0.007319,0.398418,0.236627,-0.036823,0.397051,0.236627,-0.037043,0.395469,0.236585,-0.037138,0.386299,0.24414,0.051083,0.384544,0.244513,-0.083195,0.401865,0.261415,0.006161,0.401027,0.261246,-0.034161,0.390769,0.307215,0.139754,0.375582,0.313474,-0.158564,0.4405,0.29854,0.130624,0.427453,0.402472,-0.14727,0.46283,0.216971,0.028344,0.473715,0.383845,-0.059527,0.470629,0.189092,0.018439,0.484112,0.374957,-0.077997,0.466322,0.180234,-0.008575,0.479879,0.364663,-0.071892,0.462452,0.188243,0.015542,0.475542,0.367259,-0.055579,0.378857,0.531119,0.100862,0.352218,0.534107,-0.100883,0.457066,0.55631,0.126394,0.33458,0.694367,-0.175375,0.407944,0.690347,0.208547,0.255261,0.81892,-0.215669,0.39162,0.710942,0.213488,0.232782,0.8318,-0.21975,0.437991,0.740466,0.181187,0.277743,0.875309,-0.293629
AN_Lat_2_4.12.26,168,921.0,376.0,0,934.17,374.43,0.9842,933.27,383.0,0.8978,0.411905,0.248782,-0.02874,0.406088,0.237158,-0.016924,0.404505,0.237201,-0.01709,0.402962,0.23736,-0.017032,0.406238,0.237163,-0.04659,0.404864,0.237223,-0.046806,0.403411,0.237261,-0.046916,0.393579,0.243871,0.040319,0.393243,0.244508,-0.094656,0.409252,0.262211,-0.003359,0.408887,0.262415,-0.043958,0.397846,0.300589,0.132395,0.388712,0.310299,-0.170028,0.446225,0.281719,0.13566,0.446771,0.383358,-0.162521,0.476006,0.205785,0.046062,0.486077,0.354628,-0.09273,0.483789,0.178999,0.042722,0.497795,0.349997,-0.114666,0.482255,0.172339,0.021082,0.492349,0.338135,-0.106524,0.478639,0.181494,0.034834,0.488151,0.339661,-0.088751,0.394383,0.523601,0.100898,0.366329,0.529341,-0.100915,0.467805,0.540633,0.149056,0.336107,0.692418,-0.181228,0.435363,0.677595,0.252808,0.258635,0.816863,-0.229646,0.418426,0.706389,0.259597,0.237157,0.830763,-0.23513,0.466845,0.721654,0.223302,0.281053,0.874356,-0.324597
AN_Lat_2_4.12.26,169,956.0,355.0,0,954.27,359.44,0.9858,955.56,357.07,0.9027,0.420784,0.245587,-0.020575,0.414488,0.233588,-0.013325,0.412642,0.233425,-0.013499,0.410988,0.233484,-0.013415,0.414827,0.233621,-0.045115,0.413512,0.233504,-0.045394,0.412275,0.233344,-0.04544,0.402188,0.239338,0.048074,0.402763,0.239661,-0.081067,0.41802,0.258793,0.000581,0.417934,0.258586,-0.040477,0.406396,0.294692,0.135522,0.40016,0.303344,-0.15646,0.456781,0.258158,0.139441,0.456639,0.357137,-0.154858,0.488108,0.18542,0.059296,0.497688,0.330624,-0.064779,0.495306,0.160227,0.05801,0.508216,0.3224,-0.083811,0.495361,0.152338,0.039982,0.503107,0.311745,-0.07507,0.492753,0.162251,0.049151,0.499364,0.315713,-0.060352,0.404025,0.517082,0.099934,0.380453,0.523584,-0.099959,0.48459,0.524421,0.143738,0.337869,0.691071,-0.170896,0.460884,0.666575,0.225078,0.264286,0.807807,-0.207733,0.44385,0.700624,0.229917,0.245127,0.816012,-0.211592,0.496847,0.701274,0.195298,0.281743,0.873831,-0.287655
AN_Lat_2_4.12.26,170,965.0,332.0,0,987.29,306.42,0.9749,962.94,329.29,0.8963,0.428808,0.243886,0.00253,0.421963,0.233662,0.013069,0.420523,0.233645,0.012906,0.419165,0.233834,0.012952,0.422136,0.234022,-0.017561,0.42044,0.234137,-0.017767,0.419045,0.234299,-0.017829,0.410975,0.239997,0.067196,0.410121,0.241612,-0.067954,0.427077,0.257089,0.023455,0.426654,0.257226,-0.018016,0.419554,0.289798,0.136413,0.405446,0.29874,-0.147365,0.466433,0.241131,0.137851,0.462881,0.325787,-0.155422,0.49932,0.165858,0.038484,0.501531,0.304899,-0.090214,0.507897,0.145129,0.0317,0.507726,0.294566,-0.110905,0.506021,0.139082,0.016488,0.505567,0.288746,-0.10405,0.504169,0.144453,0.028617,0.501925,0.29295,-0.08723,0.419872,0.511028,0.098221,0.390973,0.518979,-0.098286,0.499757,0.50925,0.107097,0.346052,0.679672,-0.195531,0.486619,0.662469,0.177377,0.271979,0.798921,-0.271633,0.472156,0.697925,0.177875,0.252249,0.800657,-0.280637,0.523693,0.689695,0.157793,0.282325,0.87317,-0.376215
AN_Lat_2_4.12.26,171,982.0,302.0,0,997.77,294.1,0.9692,968.02,299.93,0.9014,0.441944,0.246348,-0.083541,0.435992,0.23577,-0.072814,0.434501,0.235583,-0.073006,0.433115,0.235498,-0.072992,0.435761,0.236212,-0.103252,0.434162,0.23629,-0.103448,0.432663,0.236359,-0.103535,0.42393,0.24137,-0.012086,0.422325,0.242865,-0.151435,0.438495,0.259033,-0.057616,0.438124,0.259278,-0.099575,0.428639,0.289328,0.061396,0.407838,0.29705,-0.223441,0.470205,0.222754,0.067066,0.462565,0.294505,-0.311825,0.506244,0.142632,-0.028373,0.504176,0.277714,-0.334606,0.51522,0.140515,-0.040884,0.516777,0.273155,-0.373726,0.514499,0.124917,-0.059578,0.509423,0.267384,-0.366886,0.512415,0.128321,-0.03982,0.508145,0.270559,-0.334558,0.435218,0.506111,0.096911,0.403142,0.516152,-0.097,0.509413,0.506533,0.106801,0.352382,0.667594,-0.2004,0.506748,0.654625,0.180356,0.279242,0.789533,-0.240181,0.494751,0.690316,0.183763,0.26014,0.789276,-0.245393,0.545294,0.676594,0.139225,0.28367,0.870578,-0.339088
AN_Lat_2_4.12.26,172,1002.0,270.0,0,1008.1,269.46,0.9733,995.74,277.81,0.8975,0.449838,0.247202,0.060159,0.444396,0.235624,0.071643,0.442964,0.235351,0.071474,0.441593,0.235239,0.071549,0.44485,0.236114,0.041991,0.443713,0.236154,0.041799,0.442528,0.236205,0.041747,0.433322,0.240319,0.118477,0.433873,0.242274,-0.017891,0.446434,0.258445,0.080809,0.446749,0.258883,0.039944,0.42762,0.290832,0.179968,0.430572,0.292934,-0.106151,0.465625,0.222192,0.185252,0.492189,0.284786,-0.086829,0.505391,0.157891,0.11018,0.518613,0.257228,0.04074,0.51223,0.143446,0.112845,0.524441,0.245842,0.032656,0.513468,0.140099,0.096946,0.520495,0.242563,0.04004,0.510487,0.143288,0.101212,0.518576,0.246612,0.045242,0.441668,0.5018,0.096629,0.419537,0.511252,-0.096713,0.521946,0.502811,0.10698,0.362526,0.655545,-0.201162,0.530938,0.651479,0.16276,0.292451,0.776143,-0.258002,0.520457,0.68517,0.164433,0.27265,0.777032,-0.264103,0.574123,0.670479,0.123499,0.28428,0.863255,-0.339912
AN_Lat_2_4.12.26,173,1010.0,251.0,0,1019.57,250.72,0.98,964.88,282.44,0.8191,0.461167,0.248311,0.096215,0.456304,0.236856,0.108764,0.454514,0.236629,0.108607,0.45291,0.236514,0.108662,0.456634,0.237255,0.078853,0.455404,0.237293,0.078659,0.454237,0.237324,0.078613,0.444683,0.241221,0.155469,0.445403,0.242961,0.01875,0.457829,0.259748,0.116513,0.458081,0.260034,0.07548,0.441041,0.289062,0.207693,0.437687,0.291767,-0.067268,0.478419,0.211188,0.198106,0.497261,0.267326,-0.027635,0.51645,0.144901,0.108729,0.502543,0.261522,0.142877,0.523432,0.129304,0.108826,0.513422,0.260487,0.146896,0.525439,0.124032,0.096103,0.504628,0.258378,0.148858,0.523448,0.130577,0.10032,0.50152,0.260597,0.146488,0.457051,0.498426,0.096401,0.430119,0.507647,-0.096485,0.535289,0.501574,0.092428,0.376052,0.647185,-0.20258,0.556968,0.644535,0.136396,0.300368,0.767185,-0.269256,0.548185,0.678969,0.137989,0.283666,0.766731,-0.276559,0.602421,0.65671,0.090855,0.289435,0.850088,-0.356945
AN_Lat_2_4.12.26,174,1027.0,227.58,0,1027.0,227.58,0.9825,1027.63,239.4,0.8234,0.46941,0.248903,0.055078,0.464749,0.237934,0.067659,0.462774,0.237696,0.0675,0.461177,0.237535,0.067549,0.465102,0.238238,0.039594,0.463921,0.238199,0.039367,0.462863,0.238114,0.0393,0.452865,0.241781,0.122221,0.454047,0.243146,0.016623,0.465446,0.259912,0.077969,0.465922,0.259999,0.040022,0.446513,0.284283,0.188045,0.446184,0.292047,-0.114215,0.480882,0.211301,0.182771,0.499975,0.25138,-0.13807,0.520205,0.144221,0.094901,0.535226,0.221663,0.016058,0.528941,0.126914,0.093206,0.541364,0.214484,0.004502,0.530356,0.125142,0.076751,0.539735,0.208671,0.030507,0.528818,0.128254,0.085115,0.536346,0.210853,0.025069,0.466473,0.49632,0.097114,0.442259,0.507048,-0.097225,0.549609,0.506942,0.083957,0.386251,0.645602,-0.215203,0.576091,0.64089,0.131176,0.30639,0.757282,-0.26834,0.569285,0.675755,0.13248,0.2908,0.756917,-0.274927,0.618718,0.656143,0.077824,0.298186,0.835697,-0.364226
AN_Lat_2_4.12.26,175,1031.78,204.16,0,1031.78,204.16,0.979,1036.13,187.6,0.784,0.478634,0.249205,0.047036,0.474187,0.238687,0.058182,0.472696,0.238465,0.058028,0.471167,0.238292,0.05809,0.474537,0.23895,0.0291,0.473514,0.238913,0.028883,0.472549,0.238793,0.028823,0.46179,0.242358,0.109914,0.463916,0.243619,-0.013238,0.475312,0.25979,0.069752,0.475527,0.259899,0.029983,0.457222,0.286021,0.178228,0.455849,0.287414,-0.115728,0.493816,0.210066,0.18242,0.512986,0.228591,-0.13838,0.529154,0.153635,0.068354,0.539652,0.173706,-0.048381,0.535927,0.135299,0.065024,0.548483,0.160577,-0.065974,0.534388,0.130979,0.050527,0.543634,0.16063,-0.053967,0.532954,0.136953,0.058287,0.539287,0.163787,-0.04366,0.481329,0.497085,0.097137,0.454453,0.507334,-0.097265,0.56319,0.514545,0.075871,0.399423,0.64424,-0.203166,0.594993,0.641306,0.106623,0.319207,0.750261,-0.248638,0.588617,0.674645,0.105692,0.302444,0.7492,-0.254508,0.639255,0.655985,0.038926,0.308653,0.820362,-0.343295
AN_Lat_2_4.12.26,176,1044.0,186.0,0,1040.18,161.03,0.9738,1042.62,169.15,0.7606,0.487507,0.249729,-0.030528,0.483969,0.238864,-0.021866,0.482584,0.238798,-0.022024,0.481054,0.238826,-0.021952,0.484062,0.239278,-0.052414,0.482936,0.239442,-0.052653,0.481794,0.239542,-0.052742,0.470912,0.243708,0.0346,0.471865,0.244968,-0.105102,0.483444,0.260412,-0.004244,0.483479,0.260719,-0.046475,0.462165,0.289692,0.118053,0.45615,0.290487,-0.187076,0.500772,0.22592,0.105201,0.511287,0.218511,-0.284312,0.537347,0.16025,-0.010227,0.543029,0.156619,-0.294055,0.54893,0.148848,-0.021483,0.555199,0.138705,-0.331555,0.547243,0.142589,-0.039505,0.55036,0.131797,-0.318399,0.545347,0.14893,-0.022424,0.54708,0.138382,-0.291594,0.4936,0.499426,0.096996,0.464009,0.509872,-0.097116,0.576388,0.52436,0.078914,0.413507,0.646975,-0.194578,0.614664,0.645218,0.137764,0.330364,0.749697,-0.192363,0.609356,0.677131,0.138733,0.312706,0.746929,-0.194155,0.656484,0.6607,0.04666,0.320514,0.813327,-0.301389
AN_Lat_2_4.12.26,177,1048.0,162.0,0,1048.02,156.38,0.9822,1050.61,154.03,0.7376,0.495092,0.250429,-0.023651,0.49157,0.239488,-0.013622,0.490382,0.23948,-0.013795,0.488885,0.239519,-0.013732,0.491369,0.239784,-0.041845,0.490185,0.239956,-0.042093,0.488909,0.240019,-0.042207,0.479387,0.244488,0.042879,0.479556,0.245554,-0.087853,0.492144,0.261471,0.001785,0.491807,0.261722,-0.037388,0.476329,0.29196,0.119456,0.461698,0.292122,-0.165486,0.50961,0.226718,0.116082,0.512865,0.211181,-0.250433,0.545503,0.148533,0.018561,0.54719,0.142624,-0.255597,0.552379,0.150399,0.010391,0.557463,0.128263,-0.289884,0.551023,0.14406,-0.007014,0.55271,0.122127,-0.276546,0.549671,0.150499,0.007504,0.548609,0.126954,-0.252878,0.50648,0.500103,0.090521,0.475491,0.51094,-0.090701,0.584402,0.533938,0.099159,0.430056,0.649105,-0.159635,0.628558,0.648123,0.170078,0.344055,0.749688,-0.122417,0.625981,0.678148,0.171926,0.326959,0.743388,-0.121262,0.671461,0.667024,0.091292,0.328146,0.813555,-0.21123
AN_Lat_2_4.12.26,178,1047.0,147.0,0,1046.9,143.8,0.9897,1044.54,148.48,0.7286,0.508369,0.250563,-0.047018,0.505931,0.239219,-0.036084,0.505587,0.239364,-0.03626,0.505091,0.239529,-0.03619,0.503988,0.239167,-0.063867,0.502422,0.239272,-0.064122,0.500755,0.239258,-0.064236,0.496851,0.243904,0.026118,0.491664,0.244021,-0.102848,0.505894,0.262193,-0.01962,0.504157,0.262238,-0.058235,0.495432,0.293582,0.107709,0.467249,0.292488,-0.174184,0.526032,0.225692,0.116628,0.507181,0.210532,-0.278151,0.55193,0.143629,0.030395,0.544032,0.137478,-0.304652,0.559168,0.144322,0.023173,0.551887,0.121639,-0.34245,0.554502,0.129245,0.005866,0.550751,0.116602,-0.3278,0.553845,0.133391,0.019681,0.547514,0.122696,-0.301747,0.514556,0.500258,0.089268,0.483502,0.510758,-0.089426,0.596946,0.544138,0.111995,0.449209,0.650886,-0.163837,0.639829,0.653714,0.194776,0.360804,0.753149,-0.1463,0.637242,0.682358,0.197834,0.341478,0.753292,-0.145971,0.683657,0.674822,0.125345,0.349403,0.817348,-0.23226
AN_Lat_2_4.12.26,179,1032.0,138.0,0,1019.16,141.51,0.9768,1035.92,137.99,0.7384,0.51563,0.251028,-0.048874,0.514035,0.239728,-0.034644,0.514225,0.239849,-0.034843,0.514333,0.23995,-0.034788,0.511235,0.239691,-0.061856,0.509573,0.239802,-0.062109,0.507799,0.239818,-0.062231,0.50737,0.244564,0.035969,0.499415,0.244731,-0.091203,0.514347,0.262757,-0.018715,0.511379,0.262848,-0.056577,0.510771,0.295712,0.118026,0.471665,0.29427,-0.161364,0.534039,0.23149,0.166457,0.502714,0.206775,-0.261191,0.561781,0.151924,0.137703,0.539544,0.127771,-0.29416,0.565381,0.140535,0.139258,0.547589,0.111532,-0.330219,0.564575,0.133076,0.119376,0.547558,0.111193,-0.314781,0.563003,0.139117,0.127753,0.545694,0.117539,-0.2911,0.523449,0.500614,0.086466,0.491948,0.511076,-0.086637,0.601058,0.548683,0.116335,0.46547,0.651617,-0.149948,0.650976,0.659353,0.20232,0.379401,0.756696,-0.126121,0.647466,0.685222,0.205922,0.361619,0.759227,-0.125782,0.688681,0.68584,0.137824,0.369097,0.822602,-0.211886
AN_Lat_2_4.12.26,180,1037.0,122.0,0,1011.79,116.85,0.9772,1037.49,122.16,0.7483,0.528128,0.25588,-0.075001,0.526043,0.244561,-0.056254,0.526292,0.244758,-0.056446,0.526543,0.245025,-0.056388,0.522119,0.244528,-0.07898,0.519549,0.244216,-0.079238,0.516887,0.244016,-0.079365,0.520134,0.24905,0.03322,0.50621,0.246466,-0.083376,0.526821,0.266681,-0.038434,0.52297,0.267007,-0.070519,0.525346,0.297854,0.114509,0.479139,0.295435,-0.117351,0.55035,0.241072,0.162472,0.500545,0.19611,-0.243976,0.572122,0.165218,0.116044,0.540362,0.11311,-0.224799,0.576253,0.151967,0.11219,0.549603,0.102449,-0.256478,0.573103,0.143202,0.093802,0.551122,0.104021,-0.243905,0.570055,0.151027,0.106404,0.549307,0.10944,-0.222166,0.537888,0.499785,0.068522,0.506504,0.511526,-0.068749,0.609608,0.564849,0.065505,0.482097,0.653727,-0.122221,0.665061,0.662581,0.179035,0.405064,0.76002,-0.039706,0.662926,0.688557,0.181062,0.38947,0.763368,-0.033768,0.693919,0.686619,0.111553,0.392841,0.825191,-0.123829
AN_Lat_2_4.12.26,181,1024.0,102.0,0,1003.12,123.75,0.9642,1029.5,114.64,0.7593,0.535355,0.256902,-0.201309,0.534132,0.247559,-0.183681,0.535049,0.248107,-0.183917,0.53593,0.248679,-0.183853,0.52863,0.246846,-0.20062,0.52566,0.24641,-0.200909,0.522661,0.246096,-0.201049,0.531276,0.252991,-0.082761,0.513564,0.248287,-0.162199,0.535217,0.267757,-0.160226,0.529835,0.267464,-0.184698,0.540867,0.29835,0.007304,0.487553,0.296457,-0.148299,0.568265,0.225715,0.061382,0.49738,0.194947,-0.223464,0.573481,0.142988,0.046722,0.536198,0.106149,-0.232331,0.572966,0.130961,0.040906,0.546239,0.09613,-0.264632,0.568849,0.129507,0.02479,0.549452,0.097158,-0.255783,0.567328,0.133317,0.039999,0.546402,0.101852,-0.231743,0.549943,0.500727,0.052113,0.515338,0.512324,-0.052313,0.616071,0.591248,0.089178,0.494388,0.660742,-0.089467,0.672516,0.669905,0.234653,0.423216,0.763258,0.012664,0.67042,0.688902,0.242594,0.409685,0.765782,0.019889,0.699071,0.70379,0.160515,0.409281,0.827017,-0.073601
AN_Lat_2_4.12.26,182,974.97,140.25,0,974.97,140.25,0.9698,1010.31,129.78,0.7552,0.543379,0.25798,-0.107397,0.542896,0.250188,-0.089701,0.543982,0.250751,-0.089905,0.545112,0.251323,-0.089838,0.537944,0.249275,-0.109364,0.53557,0.249054,-0.109628,0.533139,0.248834,-0.109741,0.542154,0.256366,-0.010097,0.526501,0.251782,-0.082458,0.544551,0.269369,-0.072435,0.539184,0.26889,-0.100798,0.55565,0.300753,0.067,0.499463,0.301227,-0.062872,0.574787,0.225305,0.096533,0.493869,0.207364,-0.121221,0.576154,0.155882,0.081923,0.526206,0.12017,-0.144546,0.577701,0.151024,0.076895,0.534076,0.105763,-0.172919,0.57371,0.146925,0.064407,0.538577,0.109672,-0.164343,0.573742,0.150685,0.076652,0.536107,0.115419,-0.144814,0.562326,0.501729,0.041166,0.527727,0.513466,-0.041406,0.620148,0.610041,0.058516,0.510339,0.667571,-0.09557,0.673639,0.68643,0.204148,0.441758,0.767722,-0.000783,0.676219,0.701266,0.204256,0.432718,0.766389,0.005747,0.702789,0.738008,0.115538,0.424757,0.828931,-0.086078
AN_Lat_2_4.12.26,183,957.18,146.66,0,957.18,146.66,0.981,982.0,151.99,0.7609,0.544234,0.258051,-0.242312,0.545643,0.25245,-0.226564,0.546821,0.25352,-0.226805,0.54774,0.254591,-0.226776,0.542804,0.2515,-0.237995,0.541882,0.251907,-0.238287,0.540156,0.252242,-0.238468,0.547,0.261591,-0.13773,0.538645,0.258255,-0.189116,0.546398,0.270258,-0.206714,0.543223,0.269695,-0.223663,0.567126,0.309178,-0.066739,0.508242,0.312692,-0.167142,0.584913,0.231236,-0.064468,0.486627,0.226276,-0.232239,0.5892,0.156776,-0.126713,0.511456,0.140732,-0.292852,0.591822,0.14184,-0.144827,0.51728,0.121122,-0.329022,0.589484,0.136736,-0.159596,0.521413,0.124077,-0.325021,0.588306,0.141718,-0.135048,0.520708,0.130771,-0.295767,0.57742,0.50452,0.041397,0.543241,0.516783,-0.041553,0.627089,0.623077,0.103583,0.526896,0.678844,-0.095857,0.673657,0.708126,0.248976,0.454471,0.769913,0.037742,0.674093,0.722822,0.255398,0.444688,0.769945,0.048033,0.699319,0.762132,0.149355,0.438644,0.830304,-0.056308
AN_Lat_2_4.12.26,184,940.62,198.48,0,940.62,198.48,0.9738,964.68,171.93,0.7671,0.554326,0.258605,-0.218406,0.553533,0.253414,-0.204058,0.555004,0.254786,-0.204308,0.557582,0.256077,-0.204279,0.549992,0.252531,-0.21404,0.549491,0.253413,-0.214323,0.549031,0.254217,-0.214479,0.558508,0.267518,-0.122053,0.549804,0.26507,-0.167987,0.555469,0.270353,-0.185461,0.5509,0.270367,-0.200219,0.57489,0.312853,-0.061319,0.516959,0.321199,-0.160272,0.586392,0.243461,-0.100109,0.483797,0.235734,-0.220983,0.590268,0.218303,-0.215902,0.502439,0.159192,-0.271181,0.591608,0.211112,-0.243183,0.508164,0.135316,-0.306181,0.588248,0.205865,-0.25513,0.513376,0.138842,-0.30164,0.587124,0.206433,-0.224143,0.513791,0.148175,-0.273464,0.589178,0.511384,0.037356,0.552397,0.523485,-0.037511,0.635611,0.638514,0.07686,0.541078,0.69153,-0.08745,0.677411,0.736873,0.225406,0.464699,0.772794,0.054241,0.674249,0.750892,0.233941,0.454472,0.772845,0.064836,0.70258,0.789766,0.135316,0.439738,0.830909,-0.038699
AN_Lat_2_4.12.26,185,913.16,241.17,0,913.16,241.17,0.9479,1059.77,430.94,0.6924,0.565067,0.282507,0.00652,0.562237,0.274448,0.001339,0.562759,0.273722,0.001107,0.563185,0.27435,0.001099,0.564324,0.274506,0.000337,0.565241,0.274976,0.000135,0.566082,0.275179,4.2e-05,0.562552,0.282639,-0.027609,0.56536,0.284102,-0.011978,0.562194,0.292986,0.006646,0.56502,0.29308,0.004238,0.556373,0.330964,0.002547,0.549382,0.332985,-0.030635,0.548094,0.345577,-0.05193,0.533563,0.381768,-0.137099,0.573453,0.35981,-0.140616,0.551966,0.399019,-0.239566,0.581513,0.363184,-0.161314,0.55779,0.406292,-0.269059,0.584597,0.365159,-0.171952,0.560899,0.399309,-0.266164,0.581792,0.363045,-0.147379,0.556801,0.396127,-0.242439,0.593337,0.524992,0.024906,0.574267,0.532294,-0.025088,0.641997,0.647598,0.025262,0.551558,0.698775,-0.079167,0.676085,0.762703,0.095265,0.478517,0.778709,-0.031914,0.672367,0.778874,0.097212,0.46562,0.773555,-0.029316,0.699384,0.813238,0.024166,0.461994,0.83116,-0.109035
AN_Lat_2_4.12.26,186,907.0,298.0,0,908.66,288.9,0.9548,958.83,356.47,0.6896,0.587026,0.305809,-0.024121,0.58458,0.295381,-0.018677,0.584022,0.294223,-0.018898,0.583674,0.293659,-0.018868,0.584643,0.296182,-0.032005,0.584065,0.295825,-0.032246,0.583729,0.295394,-0.032366,0.577809,0.295584,-0.000675,0.576332,0.296455,-0.043983,0.585569,0.316143,-0.007661,0.585377,0.316845,-0.026388,0.583486,0.347127,0.028695,0.544774,0.344865,-0.070308,0.551781,0.38186,0.010759,0.507714,0.364061,-0.140579,0.562609,0.382118,-0.102209,0.49939,0.330068,-0.187845,0.566662,0.384881,-0.122041,0.529215,0.319111,-0.207449,0.569728,0.38054,-0.141393,0.537057,0.315587,-0.200301,0.567651,0.377885,-0.115398,0.541415,0.316602,-0.187498,0.608373,0.539896,0.039487,0.579121,0.546577,-0.039651,0.649394,0.662669,0.048824,0.563879,0.706929,-0.100321,0.676696,0.782272,0.107534,0.489878,0.782641,-0.044555,0.668639,0.801906,0.103979,0.478624,0.774858,-0.039573,0.703536,0.828111,0.043847,0.475262,0.83155,-0.114135
AN_Lat_2_4.12.26,187,906.0,380.0,0,903.0,372.11,0.9786,919.74,356.14,0.7186,0.6018,0.316893,-0.110457,0.59887,0.305453,-0.094398,0.598762,0.304654,-0.094666,0.598788,0.304079,-0.094588,0.596619,0.306382,-0.114929,0.594951,0.306289,-0.115188,0.593394,0.306197,-0.115356,0.592308,0.305109,-0.01541,0.584527,0.307662,-0.10433,0.6,0.327214,-0.075891,0.597744,0.328096,-0.104669,0.599441,0.362256,0.044172,0.553315,0.361167,-0.091098,0.60785,0.458802,0.136221,0.505261,0.38269,-0.239688,0.62058,0.533373,0.161,0.479033,0.329758,-0.379873,0.623411,0.551046,0.172164,0.474365,0.313983,-0.419394,0.627,0.547271,0.144989,0.47889,0.302372,-0.411481,0.624982,0.540245,0.151317,0.486758,0.307359,-0.382004,0.621276,0.553685,0.04585,0.590176,0.560396,-0.046036,0.655262,0.674799,0.075605,0.571057,0.712667,-0.108999,0.674089,0.795751,0.206447,0.49614,0.78506,-0.039442,0.668171,0.816927,0.213231,0.487571,0.776479,-0.03267,0.703465,0.832542,0.134774,0.47418,0.83246,-0.118466
AN_Lat_2_4.12.26,188,933.0,454.0,0,940.19,437.35,0.9759,960.29,418.73,0.7284,0.611199,0.313258,-0.056287,0.608409,0.303228,-0.037991,0.608344,0.303011,-0.03825,0.608366,0.302785,-0.038177,0.606443,0.303709,-0.061096,0.604581,0.30398,-0.061341,0.603218,0.304055,-0.061499,0.60412,0.30613,0.044311,0.59666,0.307611,-0.062172,0.610495,0.325053,-0.023338,0.608274,0.324773,-0.055895,0.613783,0.374439,0.105967,0.571068,0.37358,-0.084463,0.618497,0.466747,0.208152,0.533654,0.405324,-0.234241,0.644023,0.519823,0.235749,0.500152,0.387711,-0.389326,0.65264,0.534549,0.248487,0.479692,0.37971,-0.430276,0.654512,0.53052,0.219217,0.48248,0.373676,-0.425348,0.650574,0.529037,0.224826,0.494047,0.37785,-0.393184,0.63386,0.564654,0.050182,0.602379,0.567111,-0.050241,0.659968,0.686637,0.119607,0.578506,0.715268,-0.131625,0.674012,0.803479,0.231741,0.504525,0.788139,-0.053532,0.66877,0.823997,0.237153,0.49599,0.779887,-0.044621,0.702031,0.833574,0.166716,0.481154,0.833137,-0.122033
AN_Lat_2_4.12.26,189,983.0,519.0,0,978.43,512.01,0.9756,1097.11,439.91,0.7245,0.622861,0.31577,-0.068788,0.619524,0.305644,-0.047986,0.619109,0.305497,-0.048227,0.618885,0.305298,-0.048168,0.61768,0.306272,-0.071458,0.615853,0.306621,-0.071684,0.614194,0.306798,-0.071833,0.613151,0.309208,0.03317,0.605577,0.311239,-0.067294,0.620849,0.328429,-0.0319,0.618856,0.328209,-0.064696,0.622451,0.376343,0.10024,0.58468,0.381953,-0.094433,0.62548,0.471011,0.146082,0.555107,0.440762,-0.233365,0.652262,0.516944,0.141925,0.571411,0.40732,-0.357365,0.661584,0.532301,0.153355,0.572137,0.399557,-0.396828,0.664205,0.524709,0.154015,0.574379,0.388699,-0.38664,0.658992,0.520329,0.138491,0.574082,0.393227,-0.35729,0.640154,0.570134,0.052079,0.609762,0.570381,-0.051998,0.665899,0.686148,0.129949,0.584118,0.718155,-0.164605,0.67452,0.803161,0.250107,0.51329,0.791901,-0.109746,0.667044,0.825099,0.256718,0.504502,0.783161,-0.10473,0.705708,0.832583,0.193197,0.493465,0.833653,-0.176693
AN_Lat_2_4.12.26,190,,,1,1096.72,557.51,0.9408,1128.23,544.25,0.7278,0.634709,0.317515,-0.038921,0.630107,0.306813,-0.022356,0.629095,0.306936,-0.022565,0.628171,0.307029,-0.022521,0.629658,0.306948,-0.047784,0.628339,0.307238,-0.04798,0.627024,0.307448,-0.048089,0.619454,0.312345,0.050367,0.617463,0.313003,-0.063852,0.631521,0.331408,-0.009215,0.63092,0.330927,-0.044342,0.6224,0.384314,0.115769,0.598522,0.389971,-0.099142,0.630879,0.478527,0.138704,0.589798,0.476304,-0.226927,0.652694,0.527077,0.100123,0.587618,0.503935,-0.336807,0.659912,0.54141,0.11593,0.583595,0.511204,-0.375736,0.662047,0.53307,0.142336,0.586048,0.501976,-0.373391,0.658692,0.526901,0.101166,0.587307,0.500188,-0.339446,0.644909,0.570805,0.063107,0.618594,0.571216,-0.063042,0.672427,0.680963,0.139532,0.593242,0.717868,-0.158311,0.674524,0.802391,0.253012,0.523101,0.794728,-0.10696,0.665418,0.824274,0.25929,0.513816,0.786201,-0.103002,0.706856,0.832539,0.203352,0.500968,0.833945,-0.174425
AN_Lat_2_4.12.26,191,,,1,1204.95,565.29,0.9563,1184.5,569.92,0.7023,0.641068,0.316377,-0.054791,0.636813,0.306045,-0.039413,0.635801,0.305916,-0.039617,0.634821,0.305666,-0.039606,0.636534,0.306323,-0.069298,0.635407,0.306436,-0.069459,0.634293,0.306391,-0.069549,0.626057,0.310919,0.02907,0.625505,0.312012,-0.099805,0.638768,0.330106,-0.026942,0.638258,0.329735,-0.066718,0.629116,0.386748,0.107321,0.610829,0.394263,-0.140623,0.642794,0.495813,0.126614,0.603664,0.491095,-0.22167,0.655681,0.52737,0.047479,0.616928,0.527706,-0.326726,0.662858,0.541086,0.043387,0.617559,0.53662,-0.354104,0.665174,0.531816,0.030763,0.618865,0.525319,-0.358446,0.661689,0.526161,0.038165,0.617825,0.521936,-0.332053,0.647602,0.570997,0.070202,0.623616,0.574847,-0.070175,0.677272,0.67888,0.148738,0.604174,0.718139,-0.143483,0.675661,0.803248,0.25551,0.534943,0.795129,-0.062403,0.666143,0.824669,0.261423,0.525894,0.788215,-0.055243,0.70697,0.834788,0.214485,0.513509,0.833013,-0.103549
AN_Lat_2_4.12.26,192,,,1,1237.8,589.42,0.8863,1244.65,526.68,0.6563,0.648816,0.314487,-0.035057,0.645001,0.304098,-0.021571,0.643948,0.304081,-0.021749,0.642892,0.304005,-0.021721,0.644835,0.304271,-0.050036,0.643701,0.30438,-0.050205,0.642519,0.304359,-0.050291,0.633317,0.309675,0.03879,0.632812,0.310086,-0.097943,0.645823,0.328946,-0.01037,0.645393,0.328657,-0.048925,0.632847,0.386656,0.110826,0.620725,0.391331,-0.137508,0.641607,0.495945,0.106093,0.617826,0.489645,-0.189316,0.654223,0.529931,-0.036211,0.648253,0.487669,-0.170043,0.663692,0.546156,-0.051106,0.656187,0.488278,-0.191437,0.662747,0.532126,-0.06771,0.654879,0.474257,-0.184181,0.660505,0.530905,-0.047152,0.650296,0.473977,-0.166709,0.644684,0.57162,0.075454,0.62533,0.578188,-0.075463,0.680539,0.673697,0.137935,0.612871,0.720231,-0.142333,0.675214,0.802952,0.232651,0.544771,0.795149,-0.061559,0.664885,0.823615,0.237822,0.536497,0.788146,-0.053865,0.706109,0.835419,0.190339,0.519586,0.833307,-0.092406
AN_Lat_2_4.12.26,193,,,1,1266.92,582.94,0.9618,1258.65,486.11,0.642,0.657011,0.311366,0.077628,0.651718,0.301166,0.091374,0.650394,0.301331,0.091224,0.649011,0.301528,0.091246,0.651945,0.301302,0.066455,0.650904,0.301555,0.066298,0.649804,0.301729,0.066237,0.639558,0.307716,0.140163,0.640517,0.307835,0.025229,0.654097,0.325661,0.09688,0.653978,0.325466,0.062853,0.634257,0.385454,0.180796,0.632152,0.384337,-0.053655,0.636806,0.484985,0.163074,0.627905,0.46979,-0.162833,0.65553,0.534442,0.053193,0.655546,0.450097,-0.20575,0.661764,0.546695,0.043608,0.661448,0.446072,-0.234697,0.663984,0.537686,0.030673,0.659838,0.435899,-0.221864,0.661745,0.536115,0.044526,0.658391,0.438559,-0.202415,0.64772,0.567457,0.074878,0.63034,0.572324,-0.074893,0.680952,0.675133,0.137198,0.624167,0.720341,-0.160653,0.673966,0.802668,0.233588,0.554796,0.794644,-0.11449,0.664301,0.823222,0.239162,0.546668,0.783809,-0.10919,0.706334,0.83491,0.204313,0.525659,0.832529,-0.127354
AN_Lat_2_4.12.26,194,,,1,1283.52,597.06,0.9187,1284.23,470.35,0.581,0.665377,0.309151,0.003113,0.661088,0.299596,0.017859,0.659928,0.299643,0.017662,0.65849,0.299711,0.017702,0.660827,0.299715,-0.002939,0.659504,0.299864,-0.003174,0.657735,0.299817,-0.003299,0.646754,0.305278,0.135695,0.64659,0.305483,-0.044847,0.661145,0.322703,0.030132,0.660761,0.322566,0.001915,0.637446,0.379664,0.152819,0.636994,0.379959,-0.113366,0.648523,0.473485,0.056414,0.649642,0.462122,-0.109347,0.664285,0.472915,-0.093114,0.66887,0.435512,0.02254,0.668229,0.486177,-0.109805,0.671605,0.427201,0.021235,0.66762,0.476928,-0.118271,0.669047,0.421935,0.023703,0.666077,0.473938,-0.101314,0.667938,0.424975,0.026672,0.652057,0.56549,0.075099,0.636042,0.570581,-0.075129,0.679991,0.679428,0.164028,0.633369,0.719983,-0.152452,0.673456,0.803835,0.262699,0.562884,0.790578,-0.097362,0.665169,0.823091,0.269341,0.553728,0.775391,-0.088475,0.70507,0.834541,0.250279,0.53782,0.827016,-0.098341
AN_Lat_2_4.12.26,195,,,1,1367.97,527.65,0.9392,1281.39,482.98,0.5266,0.671695,0.308382,0.052494,0.667498,0.299413,0.065269,0.666368,0.29946,0.065104,0.665024,0.299602,0.06516,0.667278,0.299561,0.03796,0.665985,0.299785,0.037794,0.664279,0.299699,0.037726,0.653702,0.30497,0.119681,0.653266,0.304749,-0.013093,0.667365,0.321228,0.073196,0.667032,0.321082,0.036115,0.643003,0.375518,0.169691,0.638824,0.375825,-0.08742,0.643936,0.487818,0.169641,0.647058,0.450833,-0.093583,0.654188,0.562203,0.105453,0.667393,0.447199,0.009915,0.65838,0.574413,0.107111,0.672423,0.446177,0.00367,0.659404,0.574787,0.093136,0.671242,0.437486,0.01505,0.657403,0.572783,0.098113,0.667197,0.437892,0.016766,0.657091,0.563381,0.08041,0.640562,0.568914,-0.080438,0.679057,0.678377,0.158338,0.646091,0.719457,-0.15022,0.67342,0.803008,0.243412,0.573301,0.783129,-0.101575,0.6643,0.822497,0.248624,0.564531,0.767443,-0.094676,0.705905,0.83556,0.219058,0.547334,0.821776,-0.117207
AN_Lat_2_4.12.26,196,,,1,1439.53,490.27,0.9877,1302.87,459.43,0.4743,0.674992,0.306845,0.043194,0.671806,0.296432,0.052624,0.67065,0.296333,0.052461,0.669353,0.296105,0.052508,0.671551,0.296357,0.026028,0.670296,0.296254,0.025854,0.668731,0.295864,0.025809,0.658199,0.299647,0.093824,0.657979,0.299531,-0.027489,0.670929,0.320669,0.06108,0.670191,0.320495,0.025026,0.643289,0.372682,0.14908,0.648666,0.373128,-0.093494,0.657655,0.458684,0.142547,0.679932,0.439842,-0.079797,0.668925,0.502895,0.075036,0.678577,0.4254,0.063538,0.673083,0.526103,0.070988,0.6816,0.424034,0.064285,0.671866,0.520921,0.048654,0.67892,0.418686,0.065556,0.670655,0.518744,0.063274,0.673654,0.41726,0.067132,0.650906,0.557124,0.079961,0.644687,0.557652,-0.080031,0.679737,0.675226,0.142247,0.660122,0.70743,-0.146328,0.673238,0.803029,0.200466,0.584214,0.778104,-0.104937,0.663328,0.823903,0.202545,0.571794,0.759323,-0.099338,0.706524,0.83571,0.198722,0.560369,0.81916,-0.113163
AN_Lat_2_4.12.26,197,,,1,1453.99,439.13,0.9867,1471.2,458.83,0.5207,0.679136,0.302586,0.039142,0.675525,0.290875,0.031621,0.674506,0.290314,0.031548,0.673389,0.289594,0.031524,0.675169,0.290906,0.002085,0.674029,0.290473,0.001903,0.672789,0.289811,0.00178,0.66315,0.292174,0.052701,0.663185,0.292536,-0.067065,0.675695,0.31602,0.04187,0.674983,0.315615,0.001356,0.642147,0.368661,0.130498,0.659471,0.369737,-0.132162,0.653185,0.455025,0.255243,0.716502,0.428414,-0.141965,0.670233,0.48068,0.383415,0.76625,0.424841,-0.100957,0.671513,0.521354,0.412781,0.780412,0.420568,-0.120118,0.67333,0.503911,0.394178,0.784478,0.410372,-0.116145,0.675224,0.499801,0.380409,0.777829,0.41206,-0.100671,0.649069,0.548162,0.07936,0.650091,0.549013,-0.079404,0.678781,0.67461,0.155497,0.668014,0.696628,-0.131092,0.67402,0.800412,0.256303,0.594845,0.773661,-0.039851,0.663047,0.822032,0.264515,0.582669,0.756151,-0.028279,0.702951,0.833697,0.251174,0.577254,0.817469,-0.040384
AN_Lat_2_4.12.26,198,1498.46,420.45,0,1498.46,420.45,0.9651,1515.6,448.31,0.5662,0.685371,0.291497,0.032185,0.680552,0.279708,0.016636,0.679022,0.279332,0.0166,0.677503,0.278838,0.016648,0.680536,0.279966,-0.013019,0.679168,0.27983,-0.013188,0.677797,0.279515,-0.013319,0.667252,0.28284,0.036622,0.668175,0.283943,-0.078401,0.681066,0.306832,0.025658,0.680608,0.306518,-0.014297,0.642954,0.362713,0.121132,0.670392,0.366368,-0.146195,0.636772,0.444666,0.186368,0.732611,0.40571,-0.184339,0.649287,0.489697,0.209888,0.789374,0.415101,-0.127936,0.651662,0.503662,0.221126,0.802663,0.413884,-0.123799,0.653232,0.498697,0.201755,0.802927,0.408008,-0.153208,0.654442,0.494483,0.20362,0.797003,0.407264,-0.135204,0.648216,0.539587,0.078227,0.653641,0.542293,-0.078281,0.678516,0.672142,0.17277,0.675249,0.687095,-0.093133,0.674067,0.798713,0.267749,0.606033,0.766538,-0.011601,0.661213,0.819906,0.274991,0.591772,0.752935,-0.001783,0.702765,0.832201,0.254537,0.596293,0.818594,-0.020377
AN_Lat_2_4.12.26,199,1519.73,377.85,0,1519.73,377.85,0.8605,1537.73,397.78,0.607,0.690399,0.283251,0.024673,0.685568,0.271589,0.013114,0.684135,0.271243,0.013114,0.68275,0.270835,0.013223,0.685748,0.272095,-0.019368,0.684521,0.27215,-0.019501,0.683292,0.272124,-0.019622,0.673284,0.2763,0.03273,0.67386,0.278088,-0.082215,0.686293,0.29874,0.020835,0.686079,0.298856,-0.021345,0.645102,0.35436,0.12037,0.680789,0.36123,-0.151205,0.638938,0.44335,0.184907,0.747408,0.374651,-0.196613,0.648979,0.491954,0.212345,0.8009,0.368316,-0.148508,0.648886,0.503661,0.225436,0.813306,0.357717,-0.152706,0.652342,0.501572,0.204683,0.812268,0.348582,-0.168053,0.654682,0.496156,0.205718,0.807095,0.354103,-0.150362,0.652181,0.531752,0.078282,0.657996,0.537289,-0.078334,0.68014,0.670216,0.176676,0.68359,0.68075,-0.091518,0.673644,0.797069,0.267195,0.615553,0.761089,-0.033579,0.662985,0.816599,0.273554,0.59994,0.75272,-0.026829,0.704763,0.831306,0.250289,0.612233,0.818819,-0.055789
AN_Lat_2_4.12.26,200,1542.05,335.4,0,1542.05,335.4,0.9414,1545.22,346.33,0.6456,0.69237,0.280105,-0.03504,0.689241,0.267969,-0.031275,0.688183,0.267189,-0.031402,0.687071,0.266349,-0.031342,0.68886,0.26843,-0.061073,0.687703,0.268068,-0.061283,0.686512,0.26757,-0.061419,0.677536,0.270389,0.016922,0.677044,0.27196,-0.10816,0.688356,0.294235,-0.016457,0.687966,0.294329,-0.056818,0.656154,0.343655,0.11666,0.677848,0.345383,-0.172111,0.682175,0.377007,0.22462,0.746959,0.351179,-0.222626,0.696727,0.373843,0.306468,0.8048,0.320676,-0.185727,0.695757,0.370281,0.329926,0.815333,0.305185,-0.214482,0.697698,0.368817,0.307552,0.812466,0.295654,-0.195051,0.702371,0.37214,0.300584,0.807399,0.300834,-0.178385,0.658545,0.527316,0.08339,0.657533,0.532924,-0.083427,0.682553,0.669,0.166368,0.690593,0.674076,-0.106676,0.673651,0.794912,0.257481,0.625405,0.755102,-0.032365,0.662868,0.814121,0.264047,0.609379,0.749852,-0.022271,0.704308,0.830815,0.238965,0.62683,0.819534,-0.039475
AN_Lat_2_4.12.26,201,1537.73,309.78,0,1537.73,309.78,0.9599,1547.09,313.2,0.6797,0.697417,0.276276,-0.009954,0.694574,0.263838,-0.004078,0.693293,0.262811,-0.004222,0.691905,0.261777,-0.00417,0.69488,0.264358,-0.030235,0.694051,0.263817,-0.030448,0.693216,0.263163,-0.030561,0.682779,0.265298,0.033998,0.684543,0.267025,-0.088594,0.693727,0.289121,0.009105,0.693888,0.288929,-0.026998,0.653508,0.336486,0.130393,0.692246,0.339653,-0.165367,0.671307,0.374799,0.270082,0.756258,0.333869,-0.170183,0.703525,0.38139,0.398698,0.805773,0.290002,-0.097065,0.703912,0.371856,0.43136,0.813862,0.271817,-0.117784,0.707501,0.370118,0.409441,0.811379,0.262453,-0.09281,0.710684,0.373669,0.394195,0.808335,0.269231,-0.087284,0.658577,0.523946,0.083565,0.668884,0.528747,-0.083591,0.68318,0.665385,0.160953,0.69722,0.665658,-0.10859,0.674589,0.79323,0.250006,0.635202,0.754226,-0.036632,0.663913,0.812595,0.256151,0.619364,0.752476,-0.02555,0.705462,0.829909,0.226118,0.647744,0.817377,-0.071419
AN_Lat_2_4.12.26,202,1542.36,280.21,0,1542.36,280.21,0.9765,1546.02,285.21,0.7089,0.703045,0.272805,-0.041112,0.70039,0.260596,-0.035513,0.699221,0.259387,-0.035676,0.697878,0.25821,-0.035614,0.700397,0.261257,-0.060398,0.699449,0.26065,-0.060608,0.698506,0.259929,-0.060695,0.688144,0.261475,0.004001,0.689329,0.26365,-0.109662,0.699377,0.285231,-0.021923,0.699466,0.285071,-0.056187,0.657627,0.33002,0.096073,0.695879,0.332471,-0.173409,0.673633,0.383219,0.202089,0.758,0.319981,-0.20196,0.700032,0.390437,0.257672,0.805221,0.264087,-0.132741,0.702298,0.379437,0.246881,0.812112,0.242367,-0.154347,0.706748,0.390978,0.237613,0.808186,0.236174,-0.141586,0.708104,0.391991,0.252911,0.806112,0.243916,-0.128102,0.660207,0.519071,0.082857,0.672654,0.524513,-0.082915,0.680273,0.66098,0.183743,0.703983,0.658867,-0.082639,0.67661,0.79284,0.276299,0.647284,0.754981,-0.006003,0.667383,0.811368,0.283065,0.630189,0.754902,0.002588,0.704776,0.828708,0.268915,0.662112,0.816645,-0.016603
AN_Lat_2_4.12.26,203,1543.41,256.35,0,1543.41,256.35,0.9853,1549.63,256.97,0.7305,0.70622,0.265235,-0.030986,0.703093,0.254015,-0.028981,0.701647,0.252857,-0.029147,0.700128,0.251731,-0.029069,0.703928,0.25477,-0.051751,0.703321,0.254305,-0.051952,0.702718,0.253729,-0.052031,0.691272,0.255941,0.01203,0.694649,0.258142,-0.097524,0.702386,0.277949,-0.017358,0.703221,0.277607,-0.048879,0.657719,0.324654,0.090851,0.707443,0.327604,-0.156972,0.657962,0.393283,0.187545,0.767279,0.303784,-0.176767,0.677246,0.467091,0.182564,0.807099,0.237938,-0.086659,0.679732,0.476349,0.186132,0.813266,0.217922,-0.106294,0.684197,0.479407,0.16907,0.809004,0.211104,-0.090341,0.685043,0.473886,0.175611,0.806606,0.217336,-0.08018,0.66205,0.512292,0.081649,0.678266,0.518917,-0.081711,0.680729,0.656259,0.189607,0.712147,0.652669,-0.080296,0.676586,0.788046,0.284001,0.659024,0.755604,-0.020212,0.670827,0.810795,0.291202,0.641558,0.757283,-0.013594,0.704603,0.827499,0.278665,0.672949,0.817257,-0.037214
AN_Lat_2_4.12.26,204,1537.99,244.87,0,1537.99,244.87,0.9882,1549.51,237.92,0.7556,0.710899,0.257765,0.024088,0.707012,0.247312,0.029458,0.705264,0.246507,0.029289,0.703457,0.245779,0.029329,0.708201,0.248086,0.007176,0.707532,0.247977,0.006973,0.706872,0.24781,0.006915,0.693281,0.250946,0.058603,0.697583,0.253503,-0.043787,0.706829,0.270831,0.039278,0.708195,0.270375,0.008546,0.659411,0.319986,0.125328,0.712488,0.3233,-0.118295,0.650077,0.395613,0.233416,0.770388,0.294152,-0.147935,0.671779,0.459252,0.30806,0.807039,0.220297,-0.09208,0.672814,0.470501,0.330754,0.811762,0.197972,-0.112047,0.67831,0.471695,0.309019,0.806544,0.19018,-0.094773,0.679856,0.467413,0.302186,0.804464,0.195214,-0.085858,0.663615,0.508242,0.082013,0.683759,0.513298,-0.08211,0.681176,0.652889,0.186711,0.71867,0.646659,-0.092175,0.677144,0.786795,0.22672,0.669571,0.757034,-0.086454,0.669502,0.8105,0.230901,0.649968,0.758281,-0.08483,0.704411,0.826614,0.24905,0.690065,0.816647,-0.098829
AN_Lat_2_4.12.26,205,1539.31,217.29,0,1539.31,217.29,0.9891,1548.96,214.76,0.7759,0.713576,0.258389,0.070016,0.710902,0.24679,0.070371,0.709267,0.245995,0.070204,0.707522,0.245338,0.070222,0.712167,0.247618,0.051172,0.711686,0.247475,0.050963,0.711206,0.247239,0.05089,0.69827,0.249078,0.075682,0.703567,0.251148,-0.012898,0.709289,0.269846,0.077337,0.711237,0.269827,0.050615,0.661574,0.316646,0.125991,0.718807,0.316706,-0.091379,0.650303,0.39736,0.228428,0.776892,0.283592,-0.116656,0.675269,0.454156,0.316462,0.806751,0.198852,-0.053749,0.678243,0.462776,0.339486,0.80725,0.176834,-0.069797,0.685879,0.461491,0.319597,0.800252,0.169895,-0.056307,0.68699,0.458767,0.311201,0.799258,0.174459,-0.048972,0.667923,0.505553,0.080218,0.68867,0.510643,-0.080366,0.682331,0.647863,0.170429,0.726722,0.642885,-0.090691,0.67985,0.782068,0.227617,0.678362,0.758401,-0.069483,0.670006,0.804733,0.23205,0.661126,0.761818,-0.067672,0.705617,0.823849,0.235428,0.700076,0.814834,-0.076771
AN_Lat_2_4.12.26,206,1534.39,208.9,0,1534.39,208.9,0.9906,1545.8,208.18,0.7878,0.719146,0.25903,0.029736,0.716157,0.246358,0.034437,0.714528,0.245578,0.034256,0.712929,0.244968,0.034302,0.717223,0.247059,0.011864,0.716623,0.246834,0.011657,0.716062,0.246503,0.011576,0.703226,0.248242,0.063993,0.707589,0.249587,-0.026866,0.714555,0.270341,0.04464,0.715876,0.27045,0.013476,0.66705,0.312312,0.125369,0.716619,0.313151,-0.117537,0.652506,0.397284,0.200512,0.774379,0.282082,-0.172257,0.673455,0.451075,0.238841,0.805106,0.192763,-0.106756,0.677581,0.462805,0.254565,0.804789,0.168028,-0.128919,0.681089,0.465244,0.234925,0.797772,0.163274,-0.114011,0.68192,0.454879,0.232296,0.797677,0.169669,-0.102549,0.672343,0.505831,0.079993,0.693903,0.512693,-0.080135,0.685023,0.644478,0.180317,0.730605,0.641714,-0.073943,0.684059,0.779797,0.248393,0.687555,0.760137,-0.049854,0.673332,0.803693,0.253136,0.672649,0.77115,-0.048706,0.710827,0.816466,0.246257,0.71419,0.814454,-0.07126
AN_Lat_2_4.12.26,207,1533.6,201.07,0,1533.6,201.07,0.9907,1542.29,201.45,0.8028,0.719882,0.257639,0.034447,0.717307,0.244633,0.034995,0.715772,0.243663,0.034806,0.71427,0.242948,0.034845,0.718868,0.245716,0.013571,0.718699,0.245495,0.01336,0.718576,0.245189,0.013284,0.705732,0.2457,0.058679,0.712179,0.247501,-0.041509,0.715579,0.267868,0.045035,0.71762,0.268312,0.015071,0.66886,0.311042,0.108972,0.723009,0.310919,-0.119662,0.653119,0.396377,0.193964,0.777839,0.276696,-0.202971,0.67578,0.449542,0.258219,0.803274,0.18653,-0.200707,0.680814,0.458978,0.278267,0.80431,0.165052,-0.228362,0.683658,0.459436,0.25921,0.796406,0.160446,-0.215222,0.683602,0.451904,0.253031,0.794944,0.166097,-0.197814,0.675906,0.507266,0.078853,0.699761,0.514764,-0.079004,0.685758,0.641948,0.198494,0.737816,0.64149,-0.072391,0.680064,0.773376,0.281047,0.703676,0.767044,-0.058971,0.672318,0.797201,0.28778,0.688924,0.790947,-0.061197,0.707934,0.797254,0.284599,0.737614,0.818566,-0.091548
AN_Lat_2_4.12.26,208,1539.49,204.91,0,1539.49,204.91,0.9887,1539.94,192.64,0.8171,0.721702,0.254921,0.049456,0.718992,0.241709,0.048267,0.717403,0.240693,0.048086,0.715828,0.239966,0.048123,0.721391,0.243134,0.027043,0.721592,0.243013,0.02683,0.721832,0.242812,0.026775,0.707755,0.243206,0.057211,0.716459,0.245522,-0.042058,0.717245,0.26492,0.057706,0.720234,0.265464,0.027988,0.672648,0.309889,0.108957,0.727437,0.309559,-0.120226,0.657172,0.394468,0.207171,0.782399,0.271544,-0.200988,0.678477,0.448489,0.285204,0.802053,0.178375,-0.194822,0.681667,0.458656,0.307313,0.804136,0.157313,-0.220259,0.68607,0.456365,0.286768,0.796535,0.153332,-0.207618,0.686032,0.449425,0.27969,0.794487,0.158348,-0.191793,0.680466,0.508374,0.07888,0.706893,0.515543,-0.079029,0.688846,0.639156,0.18343,0.744896,0.641049,-0.078248,0.68001,0.771609,0.264776,0.7203,0.776701,-0.083169,0.674196,0.793559,0.266883,0.705808,0.806505,-0.08644,0.704648,0.800146,0.260951,0.756383,0.820305,-0.128329
AN_Lat_2_4.12.26,209,1537.86,197.89,0,1537.86,197.89,0.9889,1537.39,186.63,0.8288,0.729582,0.254095,0.031444,0.726003,0.241316,0.033759,0.724413,0.240503,0.033574,0.72272,0.239888,0.033625,0.727059,0.242389,0.010862,0.726493,0.242303,0.010652,0.725966,0.242149,0.01059,0.713008,0.24317,0.053972,0.718081,0.245384,-0.046142,0.724666,0.264674,0.044376,0.726048,0.265277,0.012595,0.675635,0.310023,0.102416,0.72839,0.309594,-0.124618,0.657935,0.394545,0.144698,0.787039,0.267924,-0.194813,0.677959,0.447971,0.12078,0.800722,0.172803,-0.176178,0.681064,0.464295,0.126872,0.802113,0.15152,-0.198143,0.68632,0.46187,0.109124,0.794176,0.150283,-0.195028,0.686119,0.452497,0.113256,0.792998,0.15619,-0.175754,0.684182,0.507104,0.078123,0.710473,0.514196,-0.078282,0.692482,0.639972,0.174145,0.749139,0.640186,-0.087745,0.679483,0.771039,0.245179,0.738303,0.787629,-0.115682,0.672203,0.790971,0.246917,0.726644,0.823281,-0.120226,0.704472,0.80287,0.243123,0.77456,0.82403,-0.172505
AN_Lat_2_4.12.26,210,1536.78,197.88,0,1536.78,197.88,0.9903,1532.41,184.22,0.8348,0.731798,0.254106,0.026581,0.727431,0.241895,0.030306,0.725817,0.241234,0.030117,0.724222,0.240727,0.030183,0.728337,0.242797,0.005454,0.727677,0.242795,0.005242,0.727133,0.242703,0.005181,0.715037,0.244544,0.0536,0.719493,0.246792,-0.049406,0.727559,0.265116,0.041101,0.728681,0.265688,0.006892,0.681904,0.311077,0.103168,0.727858,0.309608,-0.134893,0.658504,0.39148,0.138061,0.789854,0.267703,-0.192155,0.678686,0.45224,0.086671,0.798129,0.170576,-0.153314,0.682682,0.472059,0.0897,0.799865,0.150263,-0.17492,0.687678,0.468738,0.070324,0.793199,0.150131,-0.170455,0.686912,0.458948,0.077805,0.790602,0.15588,-0.151635,0.690156,0.506042,0.079353,0.712595,0.511808,-0.079502,0.69735,0.640161,0.179048,0.753385,0.64144,-0.088977,0.679416,0.771369,0.251235,0.751346,0.79568,-0.121439,0.670272,0.790558,0.25483,0.740805,0.829276,-0.124978,0.705997,0.810179,0.239788,0.790817,0.832636,-0.180025
AN_Lat_2_4.12.26,211,1527.0,208.14,0,1527.0,208.14,0.9917,1531.13,188.04,0.845,0.733043,0.254293,0.047435,0.728658,0.242312,0.04454,0.727007,0.24175,0.04435,0.725405,0.24136,0.044395,0.730591,0.243128,0.023631,0.730497,0.243148,0.02344,0.730516,0.243105,0.023395,0.717441,0.246165,0.052316,0.724732,0.248016,-0.049722,0.729626,0.26559,0.052689,0.731579,0.265825,0.023626,0.683954,0.31241,0.077084,0.734988,0.311166,-0.130784,0.659092,0.392632,0.078024,0.793205,0.269123,-0.170579,0.678774,0.45876,0.015471,0.797463,0.174115,-0.122237,0.683839,0.482146,0.015127,0.798961,0.151562,-0.140419,0.688723,0.478179,-0.001793,0.790734,0.151383,-0.136939,0.688178,0.468355,0.007629,0.788865,0.157944,-0.121093,0.692679,0.508644,0.07346,0.717951,0.514058,-0.073611,0.701697,0.640254,0.178763,0.757779,0.642778,-0.093392,0.679328,0.771659,0.21836,0.765729,0.803014,-0.126001,0.668759,0.790475,0.220434,0.755601,0.835549,-0.13049,0.705544,0.816801,0.197448,0.808944,0.844042,-0.186478
AN_Lat_2_4.12.26,212,1528.35,213.74,0,1528.35,213.74,0.9902,1530.88,188.64,0.8424,0.736296,0.256542,0.064908,0.731734,0.244618,0.062859,0.730034,0.244097,0.062669,0.728371,0.243729,0.062701,0.733736,0.245425,0.041484,0.73365,0.245482,0.041302,0.733669,0.245458,0.041264,0.720014,0.248655,0.059965,0.727606,0.250418,-0.038076,0.733171,0.268211,0.069654,0.735054,0.26839,0.040157,0.688357,0.314667,0.084097,0.736096,0.313252,-0.116831,0.66198,0.393573,0.091099,0.796713,0.273099,-0.150855,0.68113,0.46692,0.033625,0.797334,0.174667,-0.088999,0.685941,0.493283,0.034967,0.799267,0.151171,-0.103406,0.691168,0.488443,0.018054,0.791794,0.150442,-0.097992,0.690923,0.477885,0.025913,0.788915,0.157425,-0.086883,0.696511,0.510368,0.071026,0.721245,0.515063,-0.071191,0.703509,0.639875,0.148428,0.763237,0.644392,-0.095312,0.678875,0.771871,0.17271,0.778701,0.808148,-0.143431,0.667707,0.790973,0.173336,0.768194,0.837162,-0.149312,0.706107,0.82077,0.148423,0.821253,0.849704,-0.203698
AN_Lat_2_4.12.26,213,1528.18,218.07,0,1528.18,218.07,0.9889,1526.98,193.56,0.8489,0.739414,0.256447,0.06831,0.734129,0.245013,0.066367,0.73228,0.244591,0.066167,0.730497,0.244307,0.066197,0.736416,0.24573,0.04613,0.736326,0.245817,0.045949,0.736329,0.245877,0.045905,0.722974,0.249895,0.060269,0.730539,0.251115,-0.032589,0.736769,0.268381,0.071682,0.738623,0.268318,0.043655,0.692619,0.31562,0.081577,0.744595,0.314878,-0.11277,0.664263,0.393879,0.087851,0.801177,0.279375,-0.156216,0.68222,0.475103,0.037373,0.795305,0.179223,-0.110639,0.685276,0.499642,0.039584,0.796987,0.155658,-0.128867,0.690957,0.496015,0.023496,0.78872,0.154882,-0.121949,0.691431,0.486635,0.030251,0.786667,0.160722,-0.108405,0.700559,0.511571,0.067601,0.727216,0.516261,-0.067771,0.705746,0.641061,0.129838,0.767872,0.646671,-0.076466,0.678031,0.772575,0.153837,0.788311,0.812394,-0.140398,0.666834,0.792204,0.154218,0.777615,0.841304,-0.129814,0.705006,0.821649,0.125717,0.828432,0.852458,-0.169431
AN_Lat_2_4.12.26,214,1531.22,229.2,0,1531.22,229.2,0.9889,1523.4,199.51,0.8584,0.742518,0.257924,0.100787,0.736747,0.246481,0.095156,0.734713,0.246027,0.094961,0.732779,0.245679,0.094987,0.739516,0.247178,0.077318,0.73961,0.24725,0.077154,0.739798,0.247282,0.077139,0.72518,0.250754,0.073455,0.734468,0.252426,-0.007676,0.739626,0.269948,0.099078,0.742008,0.269859,0.074188,0.695846,0.317464,0.084227,0.751685,0.316607,-0.091627,0.666713,0.396164,0.070966,0.804046,0.283999,-0.145686,0.681936,0.481517,-0.000589,0.793439,0.184728,-0.112303,0.685054,0.505126,-0.003562,0.795454,0.162991,-0.13087,0.690833,0.501017,-0.018623,0.78844,0.160604,-0.125245,0.691569,0.492672,-0.007828,0.78652,0.166177,-0.111067,0.704424,0.514439,0.064624,0.732604,0.520222,-0.064804,0.709749,0.643488,0.119917,0.77467,0.647354,-0.070217,0.677472,0.773729,0.140991,0.793865,0.821633,-0.126866,0.666173,0.793525,0.140937,0.783716,0.850866,-0.113645,0.704072,0.822514,0.115065,0.833101,0.855444,-0.154408
AN_Lat_2_4.12.26,215,1532.0,226.0,0,1530.64,284.12,0.9747,1522.6,210.88,0.8702,0.746733,0.258057,0.072204,0.741027,0.246599,0.070689,0.738801,0.246268,0.07049,0.736652,0.246208,0.070521,0.7433,0.247474,0.050604,0.74292,0.247483,0.050426,0.742608,0.247457,0.050391,0.728348,0.252403,0.067359,0.73629,0.253056,-0.023161,0.74337,0.270038,0.077004,0.745243,0.270126,0.049086,0.699325,0.324616,0.082735,0.750525,0.316739,-0.099623,0.668537,0.406098,0.08454,0.808143,0.290236,-0.192927,0.682904,0.493191,0.035413,0.793021,0.195255,-0.214668,0.684457,0.516184,0.035045,0.793217,0.16985,-0.24317,0.691961,0.511963,0.017667,0.786751,0.16826,-0.237042,0.693062,0.503678,0.027693,0.785368,0.176184,-0.214853,0.710219,0.523961,0.065319,0.739413,0.528077,-0.06549,0.715099,0.64906,0.124258,0.782356,0.653401,-0.056879,0.676955,0.776801,0.17422,0.793467,0.826383,-0.066114,0.665908,0.795445,0.17652,0.783884,0.855636,-0.06447,0.704035,0.823562,0.150469,0.833189,0.856296,-0.109266
AN_Lat_2_4.12.26,216,1538.72,261.8,0,1538.72,261.8,0.9882,1530.27,222.91,0.8804,0.751128,0.258869,0.09035,0.745722,0.247555,0.086894,0.743744,0.24722,0.086713,0.741711,0.247134,0.086756,0.747512,0.248357,0.068822,0.747125,0.248374,0.068646,0.7468,0.248364,0.068637,0.73292,0.253143,0.075843,0.739711,0.253823,-0.005906,0.748105,0.270798,0.092312,0.749805,0.270784,0.067221,0.702181,0.330285,0.082958,0.759351,0.319118,-0.079641,0.67224,0.412268,0.090502,0.814308,0.294278,-0.113065,0.683987,0.498789,0.031214,0.797018,0.206399,-0.071924,0.684913,0.522632,0.027745,0.793051,0.184131,-0.089173,0.692216,0.517783,0.015131,0.787297,0.180543,-0.088949,0.693663,0.508455,0.02503,0.787557,0.187303,-0.072417,0.713645,0.530263,0.065265,0.740517,0.533354,-0.065425,0.719739,0.656462,0.128116,0.790572,0.656923,-0.045178,0.67657,0.77938,0.189186,0.79561,0.826029,-0.031154,0.664769,0.797314,0.194597,0.786414,0.85453,-0.030533,0.703857,0.82347,0.179759,0.835286,0.85774,-0.074244
AN_Lat_2_4.12.26,217,1540.0,254.0,0,1550.2,281.88,0.984,1536.9,239.79,0.8893,0.751469,0.259636,0.109299,0.745946,0.248295,0.105303,0.744039,0.247999,0.105142,0.74212,0.2479,0.105173,0.747659,0.249083,0.089228,0.747252,0.249155,0.08906,0.746884,0.249167,0.089059,0.733814,0.253688,0.088755,0.740444,0.254091,0.016475,0.74898,0.271797,0.108591,0.75058,0.271762,0.086306,0.705947,0.337117,0.090337,0.762321,0.327615,-0.06038,0.675977,0.420813,0.099559,0.817184,0.314422,-0.084619,0.68492,0.507454,0.05522,0.800469,0.222025,-0.0383,0.685965,0.529144,0.053905,0.795572,0.20128,-0.053087,0.692646,0.52435,0.041375,0.789044,0.204484,-0.054478,0.69356,0.515976,0.049308,0.790361,0.212857,-0.039317,0.717432,0.533522,0.063254,0.743583,0.536016,-0.063402,0.728528,0.661344,0.127888,0.796628,0.657732,-0.042051,0.67715,0.779997,0.181423,0.796718,0.825571,-0.027047,0.66469,0.797721,0.185637,0.785328,0.855239,-0.025989,0.703444,0.823729,0.169926,0.835702,0.859447,-0.062324
AN_Lat_2_4.12.26,218,1545.01,262.23,0,1559.47,300.09,0.9833,1545.01,262.23,0.8979,0.753252,0.260115,0.111189,0.747538,0.248801,0.105522,0.746014,0.248472,0.105372,0.744532,0.248349,0.105409,0.749268,0.249552,0.090495,0.749122,0.249595,0.090331,0.749043,0.249585,0.090336,0.736899,0.254012,0.085195,0.742959,0.254732,0.016953,0.751866,0.272174,0.108963,0.753389,0.272235,0.08819,0.708363,0.340818,0.0911,0.761959,0.335008,-0.055909,0.681007,0.428255,0.102343,0.819567,0.332876,-0.051027,0.68868,0.515984,0.068277,0.80469,0.242807,0.030849,0.689852,0.537255,0.06928,0.799162,0.223263,0.022817,0.695962,0.533813,0.05337,0.79263,0.22757,0.02069,0.696657,0.52527,0.061538,0.793948,0.236036,0.03072,0.718409,0.535568,0.062275,0.744058,0.537754,-0.062404,0.734598,0.666224,0.127361,0.79988,0.65821,-0.047299,0.678268,0.780007,0.184062,0.795701,0.824942,-0.029112,0.664403,0.797536,0.188933,0.785441,0.855244,-0.027129,0.703095,0.823946,0.172405,0.833777,0.858811,-0.055108
AN_Lat_2_4.12.26,219,1557.84,284.52,0,1566.58,306.17,0.9894,1557.84,284.52,0.9046,0.755913,0.260689,0.115117,0.750427,0.249314,0.110148,0.748645,0.248975,0.110002,0.747005,0.24884,0.110037,0.752438,0.250055,0.095223,0.752214,0.250102,0.095062,0.751984,0.250092,0.095067,0.739301,0.25437,0.090875,0.745298,0.255198,0.024538,0.754031,0.27253,0.113681,0.755834,0.272659,0.093172,0.711117,0.344578,0.097799,0.764711,0.340611,-0.048161,0.684868,0.433083,0.106605,0.823667,0.350471,-0.037382,0.691135,0.519801,0.069137,0.811376,0.263446,0.052205,0.691585,0.540285,0.072095,0.807185,0.24315,0.046076,0.697968,0.537822,0.062523,0.800783,0.246267,0.045314,0.699175,0.528841,0.06696,0.801434,0.255244,0.052823,0.719984,0.536561,0.062295,0.747462,0.538295,-0.062418,0.737416,0.66991,0.129401,0.801079,0.658601,-0.047698,0.679712,0.780186,0.185541,0.797539,0.825473,-0.022387,0.664163,0.796681,0.190569,0.785534,0.854848,-0.019159,0.703787,0.824393,0.173859,0.83676,0.86025,-0.041384
AN_Lat_2_4.12.26,220,1571.47,297.57,0,1576.09,317.31,0.9879,1571.47,297.57,0.9101,0.756725,0.261325,0.134291,0.751548,0.249774,0.126897,0.749792,0.249437,0.126751,0.748148,0.249258,0.126772,0.753844,0.250468,0.112358,0.753787,0.250467,0.112214,0.753737,0.250394,0.112227,0.740449,0.255264,0.097267,0.747708,0.255899,0.032094,0.753922,0.273543,0.129041,0.756228,0.273332,0.108999,0.710523,0.345606,0.099498,0.76378,0.340897,-0.046247,0.688618,0.437678,0.102694,0.824123,0.36798,-0.057702,0.695179,0.526628,0.065754,0.818475,0.27553,0.003881,0.69598,0.549662,0.065337,0.813513,0.255527,-0.006858,0.701656,0.548194,0.056111,0.806297,0.258515,-0.005841,0.702854,0.538075,0.061916,0.80696,0.266342,0.004331,0.721753,0.538014,0.062004,0.749641,0.538665,-0.062115,0.740687,0.672958,0.124804,0.802942,0.659133,-0.053168,0.681247,0.780199,0.177385,0.797487,0.824715,-0.018487,0.6645,0.79579,0.182223,0.786062,0.853914,-0.014042,0.703787,0.824301,0.17274,0.836306,0.861011,-0.034967
AN_Lat_2_4.12.26,221,1591.0,330.0,0,1588.17,327.32,0.973,1584.04,308.99,0.9103,0.759517,0.261568,0.111193,0.754249,0.250074,0.106463,0.752489,0.249794,0.106306,0.750753,0.249637,0.106334,0.755867,0.250652,0.089702,0.755439,0.250668,0.08955,0.755061,0.250606,0.089558,0.743026,0.255644,0.088542,0.748354,0.256007,0.013756,0.756093,0.273892,0.110312,0.757921,0.273624,0.08738,0.710525,0.345614,0.099433,0.762425,0.341155,-0.057827,0.690658,0.439048,0.103254,0.822544,0.382268,-0.03955,0.697926,0.527878,0.082614,0.825023,0.286105,0.06709,0.699154,0.550835,0.084358,0.823997,0.266299,0.063583,0.704577,0.549487,0.077721,0.816243,0.265638,0.066043,0.705769,0.539495,0.080281,0.816032,0.272969,0.069778,0.722861,0.538165,0.062551,0.750632,0.538381,-0.062666,0.74441,0.674246,0.128443,0.802822,0.659424,-0.057746,0.683029,0.780167,0.180992,0.795988,0.825135,-0.032206,0.666627,0.795571,0.185677,0.784411,0.855221,-0.029366,0.705596,0.8241,0.174181,0.835808,0.860324,-0.05437
AN_Lat_2_4.12.26,222,1609.0,340.0,0,1608.89,335.43,0.99,1601.52,318.56,0.9127,0.759893,0.261878,0.104301,0.755187,0.250354,0.098927,0.753363,0.250119,0.098769,0.751597,0.249965,0.098793,0.757148,0.250774,0.0816,0.756902,0.250796,0.081449,0.756674,0.250764,0.08145,0.744143,0.255982,0.084098,0.751011,0.256415,0.003527,0.756063,0.274252,0.102933,0.758312,0.27402,0.079236,0.71016,0.345133,0.096064,0.762579,0.340874,-0.068403,0.692517,0.43957,0.104717,0.820324,0.392281,-0.074893,0.701497,0.529609,0.081706,0.834124,0.294967,-0.001506,0.702182,0.552362,0.083147,0.836761,0.273618,-0.012257,0.707183,0.55176,0.075197,0.828909,0.270876,-0.006329,0.708849,0.542484,0.078568,0.827233,0.278779,0.001474,0.723721,0.538478,0.063031,0.751365,0.538187,-0.063149,0.746314,0.673943,0.136674,0.802567,0.659672,-0.052304,0.686114,0.780216,0.185388,0.796625,0.823887,-0.019983,0.669781,0.795529,0.189761,0.784292,0.853381,-0.016263,0.709054,0.824026,0.176531,0.834729,0.859277,-0.039503
AN_Lat_2_4.12.26,223,1621.0,339.0,0,1624.33,342.29,0.9919,1617.19,333.62,0.9113,0.759927,0.262091,0.096202,0.755568,0.250621,0.091876,0.753737,0.250309,0.091717,0.751922,0.250023,0.091742,0.757583,0.251088,0.07366,0.757349,0.251109,0.073504,0.757142,0.251077,0.073501,0.743902,0.255863,0.082363,0.751235,0.256769,-0.000571,0.755451,0.27442,0.096567,0.757723,0.27427,0.071657,0.710558,0.344605,0.095935,0.759673,0.340369,-0.073176,0.693994,0.439483,0.106957,0.818292,0.392771,-0.08258,0.703669,0.530404,0.080916,0.842284,0.308911,-0.007434,0.704432,0.55278,0.081359,0.851192,0.287026,-0.01898,0.710127,0.552193,0.071471,0.84426,0.280238,-0.010764,0.711417,0.543012,0.076924,0.840285,0.288499,-0.003365,0.725194,0.538352,0.063484,0.75137,0.537992,-0.063586,0.748598,0.673666,0.152503,0.802139,0.659864,-0.055076,0.690402,0.780381,0.204414,0.797268,0.823905,-0.025795,0.673491,0.7956,0.208821,0.784012,0.853963,-0.022544,0.715647,0.824202,0.200642,0.833808,0.858708,-0.049774
AN_Lat_2_4.12.26,224,1630.0,342.0,0,1637.97,348.89,0.9881,1631.52,335.09,0.9156,0.761577,0.25978,0.072256,0.756995,0.248937,0.068589,0.755384,0.248615,0.068439,0.753714,0.248239,0.068459,0.758336,0.249682,0.049339,0.75783,0.249864,0.049188,0.757319,0.249925,0.049198,0.745393,0.254206,0.060085,0.750241,0.255931,-0.026176,0.75791,0.273031,0.074608,0.759329,0.272915,0.048492,0.712212,0.343299,0.088788,0.759692,0.33998,-0.090245,0.694944,0.437464,0.109051,0.81847,0.389916,-0.092652,0.705613,0.527024,0.098029,0.849749,0.310269,-0.028697,0.706599,0.549959,0.099849,0.862245,0.292205,-0.042564,0.712361,0.549544,0.087309,0.857172,0.28246,-0.034173,0.713304,0.540612,0.093361,0.852274,0.288054,-0.024773,0.725958,0.538062,0.064385,0.751506,0.537966,-0.064476,0.750248,0.673238,0.173846,0.801321,0.65926,-0.040699,0.694414,0.782013,0.23843,0.798533,0.82295,0.002575,0.678224,0.79678,0.243739,0.784519,0.852992,0.006947,0.72208,0.824392,0.23647,0.833774,0.858114,-0.020621
AN_Lat_2_4.12.26,225,1634.0,345.0,0,1637.66,357.36,0.989,1637.83,339.67,0.9215,0.762543,0.257877,0.061543,0.758106,0.247323,0.05926,0.756503,0.247109,0.059111,0.754804,0.246793,0.059134,0.759283,0.248144,0.039565,0.758692,0.248493,0.039409,0.758049,0.248709,0.039418,0.746103,0.253449,0.05476,0.750449,0.255176,-0.033174,0.759393,0.271848,0.065851,0.76049,0.271645,0.039096,0.712941,0.342034,0.088437,0.76,0.339874,-0.096776,0.695454,0.435435,0.114078,0.818029,0.391725,-0.100427,0.706639,0.521767,0.103384,0.853037,0.314513,-0.04387,0.70728,0.544792,0.10517,0.868802,0.304887,-0.062338,0.713198,0.544278,0.091253,0.866071,0.295582,-0.046904,0.714219,0.535896,0.098174,0.860539,0.299178,-0.035988,0.726299,0.537825,0.064802,0.751211,0.537668,-0.06489,0.751264,0.672862,0.165208,0.800132,0.659435,-0.044457,0.698787,0.785571,0.226345,0.798663,0.822459,-0.007057,0.682355,0.801516,0.2314,0.784538,0.852106,-0.003781,0.726179,0.825882,0.218932,0.833986,0.857683,-0.035222
AN_Lat_2_4.12.26,226,1634.0,345.0,0,1638.3,357.38,0.9892,1637.52,341.55,0.9251,0.762795,0.255084,0.052919,0.758218,0.24475,0.051084,0.756653,0.244546,0.050936,0.755019,0.244235,0.050963,0.759365,0.245472,0.031648,0.758762,0.245765,0.03148,0.758122,0.245907,0.031474,0.746507,0.251029,0.048488,0.750593,0.25241,-0.038613,0.759775,0.269445,0.057937,0.760915,0.269045,0.031408,0.712779,0.339541,0.084225,0.761105,0.33862,-0.101285,0.695359,0.433975,0.119009,0.817962,0.389791,-0.106266,0.707391,0.517188,0.12051,0.852872,0.316245,-0.046201,0.70805,0.539644,0.124657,0.867888,0.308574,-0.064959,0.713826,0.538503,0.109315,0.865267,0.301027,-0.049918,0.714646,0.530371,0.115067,0.859735,0.304448,-0.037303,0.725278,0.537722,0.064978,0.750949,0.536838,-0.065068,0.750542,0.672031,0.164946,0.799095,0.659197,-0.041176,0.70547,0.789462,0.221509,0.79899,0.821918,-0.011653,0.689537,0.80836,0.225828,0.785526,0.851376,-0.009062,0.734443,0.827174,0.212579,0.83421,0.857247,-0.041579
AN_Lat_2_4.12.26,227,1634.0,345.0,0,1637.93,353.64,0.9889,1636.67,336.01,0.9286,0.763258,0.252662,0.042731,0.758803,0.242637,0.041458,0.757272,0.242314,0.041307,0.755704,0.241841,0.041338,0.759825,0.243625,0.021737,0.759156,0.244,0.021575,0.758464,0.244267,0.021567,0.746996,0.248613,0.041001,0.750599,0.250797,-0.047461,0.760352,0.267281,0.04847,0.761304,0.267062,0.021502,0.712042,0.336066,0.077984,0.762118,0.337135,-0.110506,0.694943,0.43298,0.111857,0.818638,0.388014,-0.119504,0.706305,0.516404,0.113254,0.852433,0.31112,-0.056237,0.706808,0.539785,0.11638,0.868065,0.30327,-0.075533,0.712588,0.53905,0.098948,0.86599,0.29669,-0.059856,0.713554,0.530863,0.107678,0.860236,0.299869,-0.047577,0.724721,0.53674,0.065671,0.749496,0.535728,-0.065751,0.749484,0.671504,0.185902,0.798072,0.659102,-0.046605,0.711624,0.79778,0.254299,0.79877,0.821525,-0.019908,0.697494,0.820412,0.259218,0.784821,0.850694,-0.017572,0.742965,0.828198,0.246449,0.834435,0.857048,-0.050768
AN_Lat_2_4.12.26,228,1626.0,330.0,0,1638.59,342.06,0.9876,1634.45,329.54,0.9334,0.763192,0.252539,0.04725,0.758562,0.241999,0.046272,0.757003,0.241641,0.046117,0.755389,0.241194,0.046147,0.759788,0.242916,0.0268,0.759224,0.243194,0.026641,0.75865,0.243335,0.026634,0.747102,0.247889,0.045855,0.751238,0.249638,-0.041794,0.760408,0.267079,0.052903,0.761523,0.266681,0.026162,0.712016,0.33561,0.080791,0.76227,0.332252,-0.10778,0.695124,0.432186,0.107449,0.819113,0.382993,-0.143026,0.705463,0.515128,0.087562,0.851278,0.305132,-0.117092,0.70556,0.538805,0.087945,0.865696,0.294071,-0.140671,0.711869,0.538095,0.07176,0.864698,0.28711,-0.126293,0.7132,0.529864,0.081774,0.859596,0.291061,-0.111667,0.7244,0.535343,0.066275,0.748897,0.534801,-0.066342,0.747532,0.671057,0.175526,0.796269,0.659055,-0.075204,0.718423,0.802792,0.239681,0.798848,0.821676,-0.068336,0.705016,0.827157,0.243965,0.786002,0.850156,-0.068441,0.752065,0.830881,0.22819,0.834172,0.857367,-0.111229
AN_Lat_2_4.12.26,229,1625.0,319.0,0,1630.58,331.55,0.987,1629.99,323.02,0.9357,0.763046,0.252413,0.062202,0.758666,0.241797,0.059816,0.756966,0.241276,0.059668,0.755195,0.240719,0.059696,0.760203,0.242762,0.03966,0.759749,0.242921,0.039513,0.759256,0.242932,0.039516,0.746812,0.246653,0.051104,0.752073,0.248526,-0.040839,0.759358,0.266412,0.064965,0.760948,0.266078,0.037192,0.712131,0.334821,0.084824,0.762186,0.328073,-0.105093,0.694476,0.431578,0.108551,0.819638,0.379211,-0.137518,0.704878,0.517031,0.081913,0.848953,0.299091,-0.097273,0.705044,0.54108,0.082281,0.861456,0.285999,-0.117212,0.711512,0.54035,0.066624,0.859429,0.280106,-0.105968,0.71292,0.531417,0.075873,0.855049,0.284676,-0.092949,0.72373,0.53509,0.068287,0.748657,0.534538,-0.068347,0.745383,0.670662,0.176609,0.795428,0.658643,-0.07689,0.720407,0.80674,0.240278,0.798467,0.821263,-0.064523,0.707123,0.83168,0.244431,0.786152,0.849869,-0.063791,0.752671,0.834006,0.22633,0.834434,0.857537,-0.104519
AN_Lat_2_4.12.26,230,1615.0,318.0,0,1622.74,320.48,0.9873,1621.74,321.19,0.9368,0.76293,0.251904,0.076405,0.758559,0.241194,0.073298,0.75669,0.240588,0.073144,0.754779,0.239997,0.073173,0.760419,0.242172,0.053039,0.760041,0.242241,0.05289,0.759607,0.24216,0.052887,0.746299,0.245512,0.059726,0.752714,0.24733,-0.033508,0.758639,0.265726,0.077576,0.760597,0.265368,0.049685,0.711897,0.334211,0.091721,0.76281,0.325989,-0.103694,0.693962,0.431147,0.109293,0.818971,0.375979,-0.134254,0.703548,0.516865,0.072919,0.844657,0.2974,-0.08912,0.703441,0.540174,0.072838,0.85609,0.280886,-0.10731,0.710131,0.539245,0.057109,0.853174,0.272109,-0.099706,0.711868,0.530434,0.066432,0.848861,0.278052,-0.086118,0.722893,0.534648,0.071102,0.748736,0.533982,-0.071162,0.743836,0.670367,0.17739,0.7947,0.658021,-0.080168,0.720105,0.809224,0.23894,0.797971,0.820957,-0.070269,0.707099,0.83388,0.242853,0.786961,0.849753,-0.069753,0.751855,0.835859,0.223135,0.835011,0.85773,-0.111866
AN_Lat_2_4.12.26,231,1609.0,303.0,0,1617.87,304.5,0.9848,1612.54,310.7,0.9365,0.762751,0.252057,0.088137,0.758295,0.241175,0.086096,0.756358,0.240518,0.085941,0.754449,0.239897,0.085968,0.760342,0.242097,0.065426,0.760029,0.242067,0.065271,0.759673,0.241854,0.065266,0.746294,0.245162,0.075835,0.753133,0.246704,-0.018572,0.75853,0.265647,0.090263,0.760605,0.265354,0.061913,0.711927,0.33377,0.105948,0.762855,0.323927,-0.100405,0.693742,0.430758,0.117177,0.819635,0.374611,-0.13383,0.703544,0.515928,0.076087,0.839863,0.287687,-0.07635,0.703112,0.539196,0.076685,0.850049,0.266878,-0.092847,0.710527,0.537779,0.061503,0.846028,0.258428,-0.081898,0.712408,0.52928,0.069734,0.842055,0.267042,-0.071785,0.72258,0.530603,0.072296,0.747847,0.530433,-0.072363,0.741898,0.670136,0.164873,0.793776,0.657364,-0.096798,0.719506,0.810419,0.202967,0.796994,0.820684,-0.105877,0.70699,0.835595,0.204502,0.785777,0.850139,-0.107371,0.752577,0.837243,0.183063,0.834688,0.857727,-0.149678
AN_Lat_2_4.12.26,232,1601.88,294.29,0,1601.88,294.29,0.9889,1606.35,295.34,0.9395,0.7629,0.252032,0.083821,0.758148,0.241159,0.081842,0.756247,0.24055,0.081684,0.754362,0.239983,0.081712,0.760145,0.24204,0.061868,0.759857,0.242013,0.06171,0.759535,0.241819,0.061704,0.746165,0.245403,0.074001,0.75308,0.246743,-0.019897,0.758906,0.265532,0.086672,0.761125,0.265205,0.059227,0.712379,0.332773,0.105932,0.763323,0.321805,-0.1055,0.693699,0.430536,0.121634,0.82053,0.372099,-0.144451,0.703298,0.514854,0.079284,0.836643,0.273461,-0.092468,0.7035,0.537791,0.082453,0.845633,0.247632,-0.110674,0.709954,0.536252,0.065241,0.841145,0.239199,-0.099821,0.711606,0.527817,0.072051,0.837425,0.247421,-0.088233,0.722168,0.528057,0.074245,0.74768,0.52962,-0.074318,0.74046,0.669738,0.165064,0.792352,0.656799,-0.093378,0.719182,0.809812,0.205051,0.796416,0.820806,-0.099608,0.707896,0.835333,0.207146,0.786006,0.850129,-0.10101,0.751639,0.83793,0.186575,0.834821,0.858067,-0.144064
AN_Lat_2_4.12.26,233,1588.67,289.28,0,1588.67,289.28,0.986,1601.38,284.26,0.9373,0.764167,0.25162,0.084561,0.759185,0.24029,0.084051,0.757204,0.239739,0.083891,0.755204,0.239282,0.083923,0.76078,0.241024,0.062633,0.760283,0.240959,0.062468,0.759723,0.240794,0.062461,0.746448,0.244993,0.08124,0.752568,0.246129,-0.017889,0.759843,0.26519,0.088928,0.761763,0.264834,0.059664,0.712579,0.3325,0.112564,0.762885,0.320152,-0.104289,0.693478,0.430353,0.132106,0.820338,0.362549,-0.118619,0.70364,0.514065,0.090126,0.83405,0.263202,-0.027648,0.70427,0.537108,0.094602,0.84277,0.236276,-0.038369,0.710451,0.535475,0.077986,0.840525,0.230681,-0.031309,0.711778,0.527024,0.082966,0.836517,0.238849,-0.023949,0.721487,0.525303,0.074292,0.746421,0.526857,-0.074374,0.73978,0.668891,0.146015,0.791526,0.65582,-0.103597,0.718759,0.810569,0.165004,0.795656,0.820729,-0.128706,0.707704,0.836636,0.164958,0.785805,0.850481,-0.131891,0.751555,0.83871,0.145594,0.834869,0.858098,-0.172253
AN_Lat_2_4.12.26,234,1580.62,279.65,0,1580.62,279.65,0.9877,1598.29,273.08,0.9403,0.765572,0.249605,0.047753,0.759992,0.237727,0.050169,0.757945,0.237258,0.049998,0.755797,0.237,0.05004,0.761311,0.238298,0.025932,0.760635,0.238212,0.025754,0.759836,0.238112,0.025728,0.746755,0.243427,0.064054,0.751933,0.244483,-0.04673,0.761346,0.263378,0.058394,0.762891,0.263027,0.025288,0.712336,0.331535,0.110821,0.763021,0.318674,-0.123329,0.69412,0.430026,0.129491,0.820757,0.355246,-0.142942,0.70416,0.513446,0.08958,0.832444,0.252848,-0.056248,0.705355,0.536469,0.094572,0.84051,0.227354,-0.068613,0.711379,0.53501,0.077178,0.837425,0.222702,-0.065944,0.712316,0.526651,0.08211,0.835602,0.230003,-0.05405,0.720637,0.524518,0.074809,0.745543,0.526945,-0.074894,0.737863,0.668828,0.155227,0.790363,0.655707,-0.094452,0.719307,0.810865,0.181993,0.795605,0.820696,-0.099017,0.707603,0.8362,0.18118,0.785718,0.850504,-0.099855,0.749648,0.838037,0.154054,0.833348,0.857975,-0.138867
AN_Lat_2_4.12.26,235,1574.74,276.24,0,1574.74,276.24,0.9881,1594.21,266.79,0.9404,0.764402,0.249604,0.1029,0.758994,0.237527,0.099717,0.756876,0.237109,0.099555,0.754677,0.236893,0.099588,0.760656,0.238044,0.080885,0.760068,0.237953,0.080725,0.75941,0.237816,0.080718,0.745991,0.243206,0.08764,0.751971,0.244064,0.000846,0.76007,0.263337,0.10372,0.761844,0.262738,0.0776,0.712249,0.330828,0.110679,0.764401,0.318105,-0.084949,0.693656,0.42987,0.127726,0.821791,0.345327,-0.1098,0.704333,0.51338,0.091822,0.830315,0.247032,-0.03881,0.705532,0.535919,0.096112,0.834321,0.223098,-0.052433,0.711575,0.534414,0.080482,0.828812,0.218732,-0.049242,0.712208,0.526033,0.085038,0.828385,0.226609,-0.037543,0.7206,0.523855,0.072159,0.744763,0.526987,-0.072238,0.734613,0.668675,0.149201,0.789524,0.655385,-0.093999,0.719229,0.811208,0.18102,0.795431,0.820579,-0.087434,0.707137,0.835672,0.182092,0.786009,0.850203,-0.087488,0.750494,0.838117,0.162343,0.833025,0.85788,-0.127025
AN_Lat_2_4.12.26,236,1569.16,273.32,0,1569.16,273.32,0.9859,1584.78,258.87,0.9424,0.76293,0.249982,0.106253,0.757647,0.238073,0.103527,0.755579,0.237647,0.103371,0.753471,0.237397,0.10341,0.759394,0.238626,0.084706,0.758855,0.238556,0.084527,0.758282,0.238429,0.084509,0.744895,0.243629,0.093118,0.751174,0.24455,0.007359,0.758831,0.263746,0.108002,0.760637,0.263164,0.081912,0.712517,0.330648,0.11561,0.763997,0.316812,-0.078813,0.693649,0.42908,0.13095,0.821595,0.337102,-0.101113,0.705491,0.511522,0.098157,0.825406,0.239692,-0.027458,0.707624,0.534821,0.102621,0.825588,0.217074,-0.039927,0.713414,0.532843,0.087309,0.819872,0.213871,-0.037062,0.713585,0.523494,0.091366,0.819979,0.221634,-0.02624,0.720231,0.523049,0.071718,0.744171,0.527116,-0.071799,0.731369,0.668658,0.133345,0.788985,0.655219,-0.092624,0.719352,0.811532,0.16337,0.795163,0.820474,-0.093817,0.707368,0.835694,0.16454,0.784949,0.850078,-0.094315,0.75065,0.838333,0.144593,0.833063,0.857717,-0.13071
AN_Lat_2_4.12.26,237,1562.02,266.44,0,1562.02,266.44,0.9851,1569.92,256.9,0.9422,0.762404,0.250236,0.101512,0.757183,0.237978,0.099868,0.755085,0.237624,0.099711,0.752982,0.237474,0.099753,0.758916,0.238508,0.079765,0.758344,0.238503,0.079581,0.757754,0.238471,0.079559,0.744522,0.243818,0.093694,0.750707,0.244887,0.002389,0.758463,0.263962,0.104756,0.760239,0.263374,0.077009,0.711898,0.3307,0.11736,0.765064,0.315689,-0.082241,0.693986,0.428899,0.136088,0.821633,0.331736,-0.104726,0.705617,0.511258,0.111612,0.817666,0.237873,-0.025115,0.7078,0.534768,0.117741,0.817714,0.214914,-0.03637,0.713034,0.532748,0.103395,0.811343,0.212526,-0.033724,0.7132,0.52334,0.105321,0.811466,0.220178,-0.023654,0.720102,0.523141,0.07169,0.744033,0.527168,-0.07177,0.728208,0.668556,0.138505,0.788696,0.655035,-0.089436,0.718979,0.810482,0.175522,0.794828,0.820392,-0.091592,0.708016,0.834782,0.177371,0.784469,0.85006,-0.092162,0.749011,0.837924,0.160854,0.833234,0.856617,-0.124821
AN_Lat_2_4.12.26,238,1555.47,268.5,0,1555.47,268.5,0.9842,1555.67,254.9,0.9444,0.761545,0.252226,0.107787,0.756463,0.239084,0.102164,0.754412,0.238519,0.102005,0.752354,0.238168,0.102044,0.758274,0.239544,0.083285,0.757813,0.239312,0.083106,0.757373,0.239057,0.083081,0.743881,0.244124,0.088027,0.751051,0.245232,-0.001056,0.757652,0.264655,0.107202,0.759435,0.264055,0.080907,0.7113,0.330736,0.108213,0.76408,0.314775,-0.084461,0.693845,0.430141,0.111749,0.821006,0.327202,-0.10708,0.706576,0.510506,0.078066,0.810244,0.236023,-0.035364,0.709454,0.534629,0.082244,0.810959,0.213067,-0.049268,0.714904,0.532133,0.069093,0.804956,0.211132,-0.041283,0.71382,0.52192,0.072074,0.804486,0.218742,-0.031855,0.720013,0.523326,0.069655,0.743897,0.527452,-0.069742,0.725549,0.668536,0.151275,0.788352,0.65513,-0.087283,0.71893,0.809993,0.188542,0.794166,0.820479,-0.095974,0.707721,0.835926,0.190409,0.784346,0.849922,-0.097576,0.746945,0.837751,0.178316,0.832398,0.856315,-0.132425
AN_Lat_2_4.12.26,239,1548.03,267.06,0,1548.03,267.06,0.9848,1546.6,252.42,0.9479,0.761074,0.254561,0.080149,0.755922,0.240856,0.074799,0.753902,0.240147,0.074624,0.751876,0.239619,0.074672,0.757733,0.241187,0.055831,0.757317,0.240764,0.055639,0.756951,0.240316,0.055602,0.743516,0.244149,0.066144,0.750985,0.245265,-0.022475,0.757109,0.265727,0.083076,0.758873,0.265079,0.056438,0.710913,0.329793,0.095098,0.763287,0.314219,-0.099928,0.694069,0.42999,0.10816,0.820165,0.323503,-0.150473,0.706264,0.510166,0.077733,0.805519,0.233719,-0.121445,0.709314,0.534234,0.082033,0.806545,0.211472,-0.141942,0.714363,0.532088,0.067214,0.800004,0.209587,-0.138291,0.713518,0.5218,0.07128,0.799139,0.217129,-0.120926,0.719495,0.523503,0.069407,0.743684,0.527522,-0.069498,0.72441,0.66852,0.158814,0.788005,0.655042,-0.087124,0.718611,0.809836,0.196371,0.793655,0.820471,-0.093708,0.708207,0.836884,0.197418,0.783616,0.849801,-0.095705,0.746298,0.83742,0.182455,0.831779,0.856005,-0.133779
AN_Lat_2_4.12.26,240,1544.23,267.68,0,1544.23,267.68,0.9851,1541.24,252.04,0.9516,0.760561,0.254591,0.068333,0.755559,0.241011,0.065321,0.753576,0.240325,0.065155,0.751573,0.239808,0.065205,0.757348,0.241347,0.045301,0.756923,0.240959,0.045103,0.756542,0.240554,0.04506,0.743388,0.244439,0.062654,0.750459,0.245574,-0.029278,0.756652,0.265746,0.073596,0.758426,0.26518,0.045662,0.710558,0.329801,0.094098,0.762572,0.313475,-0.104967,0.693913,0.429852,0.109835,0.819608,0.32334,-0.144583,0.705677,0.509555,0.079695,0.802727,0.233368,-0.097583,0.708461,0.534197,0.085278,0.803065,0.210786,-0.115294,0.713621,0.531992,0.071227,0.796493,0.209299,-0.112245,0.71303,0.521618,0.073502,0.795593,0.217597,-0.096617,0.719058,0.523635,0.069252,0.743542,0.527725,-0.069345,0.723409,0.668414,0.160383,0.787771,0.655071,-0.081296,0.718695,0.809778,0.203017,0.793313,0.820429,-0.086019,0.707474,0.836753,0.204774,0.784086,0.849731,-0.087557,0.747162,0.83717,0.18814,0.831549,0.854769,-0.123206
AN_Lat_2_4.12.26,241,1539.55,267.09,0,1539.55,267.09,0.9849,1536.88,251.09,0.9534,0.760226,0.254636,0.060889,0.755321,0.241142,0.060892,0.753371,0.240458,0.060731,0.751387,0.239906,0.060781,0.757074,0.241477,0.038564,0.756633,0.241126,0.038363,0.756239,0.240756,0.038318,0.743312,0.244613,0.063771,0.750047,0.245822,-0.033995,0.756361,0.265829,0.069353,0.758118,0.265325,0.038515,0.71033,0.32986,0.10056,0.762352,0.312672,-0.110569,0.694635,0.430377,0.123149,0.819038,0.321744,-0.139835,0.707405,0.509391,0.089172,0.800458,0.232492,-0.078529,0.709584,0.533968,0.094847,0.800808,0.209415,-0.09197,0.715023,0.53172,0.080143,0.793505,0.209493,-0.095972,0.712888,0.525263,0.082377,0.79261,0.217835,-0.079139,0.718447,0.523319,0.07022,0.743349,0.527809,-0.070323,0.723263,0.66834,0.160474,0.787612,0.654797,-0.08158,0.718806,0.809342,0.206506,0.793142,0.820184,-0.087431,0.707436,0.836424,0.208909,0.783904,0.849674,-0.08846,0.747834,0.837005,0.194117,0.831536,0.853761,-0.122392
AN_Lat_2_4.12.26,242,1536.55,268.96,0,1536.55,268.96,0.9835,1531.68,250.24,0.9551,0.760031,0.25586,0.068987,0.755099,0.242439,0.070391,0.753151,0.24179,0.070242,0.751174,0.241257,0.070306,0.756842,0.242635,0.047498,0.756399,0.242207,0.047289,0.755997,0.24175,0.047255,0.743087,0.245278,0.077419,0.749745,0.246222,-0.023132,0.756168,0.266906,0.078746,0.757924,0.266186,0.047268,0.710125,0.330149,0.110949,0.762291,0.3129,-0.101379,0.694521,0.431441,0.132489,0.818655,0.320395,-0.119123,0.707539,0.510362,0.100794,0.797751,0.231705,-0.035473,0.709295,0.534128,0.106672,0.798184,0.210027,-0.045911,0.714751,0.532772,0.091746,0.791198,0.210084,-0.046446,0.712628,0.52869,0.093982,0.790276,0.218133,-0.034981,0.717442,0.523385,0.07028,0.743075,0.527929,-0.070385,0.722502,0.668243,0.158362,0.787469,0.654076,-0.083374,0.71893,0.809366,0.202578,0.792846,0.819803,-0.095047,0.707525,0.836323,0.20504,0.783614,0.849397,-0.09636,0.747863,0.836808,0.192535,0.831535,0.853035,-0.12873
AN_Lat_2_4.12.26,243,1534.87,270.07,0,1534.87,270.07,0.983,1531.06,250.58,0.9561,0.759781,0.25595,0.056908,0.754937,0.242459,0.060096,0.753005,0.241832,0.059947,0.751029,0.241329,0.060017,0.756638,0.242705,0.035515,0.756226,0.242296,0.035304,0.755915,0.241857,0.035266,0.742899,0.245382,0.077291,0.74916,0.246407,-0.0331,0.755946,0.267201,0.069322,0.75771,0.266365,0.035613,0.710195,0.330137,0.116309,0.757846,0.312701,-0.109155,0.694798,0.431332,0.148385,0.817543,0.32041,-0.117727,0.709152,0.509443,0.123721,0.797428,0.232016,-0.007823,0.710092,0.532828,0.130764,0.798345,0.210416,-0.016316,0.715842,0.531549,0.116468,0.791306,0.210882,-0.016243,0.712761,0.528436,0.117206,0.790048,0.219228,-0.006237,0.716543,0.52262,0.072189,0.741515,0.527889,-0.072298,0.721952,0.668167,0.160561,0.78729,0.653365,-0.083074,0.718846,0.809314,0.210043,0.792455,0.819189,-0.094678,0.707119,0.836315,0.213313,0.783392,0.849211,-0.094799,0.747944,0.836944,0.205629,0.831027,0.852306,-0.115058
AN_Lat_2_4.12.26,244,1535.09,271.03,0,1535.09,271.03,0.9816,1529.66,251.67,0.9585,0.75951,0.258239,0.059437,0.754842,0.24472,0.061517,0.752908,0.244163,0.061382,0.750944,0.243713,0.06147,0.756549,0.244565,0.035707,0.756133,0.244001,0.035528,0.755814,0.243411,0.035495,0.7428,0.246534,0.07678,0.749021,0.24704,-0.031114,0.755677,0.269277,0.071386,0.757421,0.268049,0.036314,0.710061,0.33065,0.113753,0.757014,0.312901,-0.107447,0.694825,0.431711,0.142656,0.816865,0.321709,-0.10859,0.708751,0.509355,0.118945,0.796696,0.233031,-0.002064,0.709581,0.532859,0.125434,0.797943,0.211836,-0.01044,0.71528,0.532077,0.110872,0.79131,0.211695,-0.010295,0.712555,0.529124,0.112514,0.789864,0.219577,-0.000733,0.715697,0.522806,0.072172,0.740075,0.528594,-0.072282,0.721171,0.668314,0.158247,0.787164,0.65267,-0.083075,0.718903,0.809382,0.204539,0.792376,0.818307,-0.094158,0.707289,0.835774,0.207574,0.78305,0.848701,-0.092923,0.7476,0.837066,0.200973,0.830626,0.851565,-0.110783
AN_Lat_2_4.12.26,245,1534.48,272.46,0,1534.48,272.46,0.9794,1532.64,253.35,0.9592,0.759407,0.258338,0.061979,0.754706,0.244747,0.063497,0.752788,0.244208,0.063356,0.750867,0.243783,0.063432,0.756464,0.244573,0.039223,0.756113,0.244016,0.039036,0.755673,0.243435,0.039004,0.742671,0.246701,0.077787,0.74831,0.247145,-0.029868,0.755607,0.269812,0.072518,0.75728,0.268437,0.039192,0.710008,0.330639,0.120108,0.755741,0.31228,-0.10672,0.695107,0.43311,0.160232,0.816506,0.323704,-0.098043,0.708857,0.515463,0.152637,0.798249,0.234581,0.02267,0.711411,0.532809,0.162316,0.799047,0.213418,0.016516,0.717099,0.532907,0.148003,0.791976,0.212852,0.016897,0.713964,0.531282,0.146567,0.790998,0.220918,0.024529,0.714927,0.522905,0.072403,0.739537,0.528605,-0.072517,0.721131,0.668251,0.157373,0.787054,0.65165,-0.075673,0.718777,0.80976,0.199385,0.790735,0.816352,-0.075946,0.707113,0.836148,0.20215,0.781706,0.847109,-0.074206,0.747112,0.836979,0.197738,0.830439,0.848759,-0.092507
AN_Lat_2_4.12.26,246,1534.55,283.2,0,1534.55,283.2,0.9592,1532.55,255.05,0.9603,0.758762,0.259235,0.062886,0.754471,0.246042,0.063757,0.752509,0.245475,0.063608,0.750523,0.245043,0.063675,0.756245,0.245725,0.041033,0.755876,0.245042,0.040852,0.755418,0.24433,0.04083,0.74246,0.247138,0.07753,0.748184,0.247321,-0.029177,0.754577,0.27042,0.073207,0.756401,0.268942,0.040565,0.709982,0.330489,0.118157,0.75467,0.311933,-0.10802,0.694951,0.433034,0.151742,0.814379,0.325093,-0.127701,0.708869,0.515329,0.136554,0.798202,0.236161,-0.047232,0.710833,0.532798,0.144217,0.799519,0.215,-0.060833,0.716485,0.532871,0.128955,0.792682,0.214093,-0.057912,0.713762,0.531348,0.13002,0.791589,0.221964,-0.045488,0.714159,0.522986,0.072822,0.739155,0.528612,-0.072937,0.72101,0.668222,0.159557,0.786946,0.651136,-0.073969,0.718728,0.810057,0.202354,0.787626,0.815005,-0.067016,0.707308,0.8364,0.205022,0.778127,0.84529,-0.065406,0.746679,0.836462,0.197453,0.828177,0.846398,-0.090463
AN_Lat_2_4.12.26,247,1534.06,271.43,0,1534.06,271.43,0.9761,1534.47,256.2,0.961,0.757536,0.26165,0.06327,0.753473,0.248585,0.064372,0.751525,0.248041,0.064228,0.749549,0.247631,0.064302,0.755275,0.248005,0.041766,0.754918,0.247167,0.041592,0.754504,0.246282,0.04158,0.741743,0.24881,0.077155,0.747753,0.248185,-0.028722,0.753393,0.272616,0.074071,0.755222,0.271018,0.041207,0.709733,0.330847,0.116686,0.752447,0.311902,-0.108935,0.694796,0.434483,0.149168,0.81256,0.325413,-0.129406,0.708537,0.524621,0.134853,0.799202,0.237224,-0.047417,0.710505,0.537854,0.143591,0.800362,0.216141,-0.060851,0.716168,0.538103,0.12763,0.793686,0.215015,-0.057877,0.713548,0.537226,0.128172,0.792588,0.222773,-0.045591,0.713073,0.523037,0.073194,0.737961,0.528634,-0.073312,0.720573,0.66818,0.161146,0.786908,0.650168,-0.070483,0.71836,0.81041,0.202682,0.783496,0.81398,-0.064126,0.707505,0.836657,0.205224,0.772391,0.844031,-0.063145,0.746364,0.83602,0.196854,0.824429,0.844608,-0.091069
AN_Lat_2_4.12.26,248,1530.89,269.02,0,1530.89,269.02,0.9492,1536.61,257.61,0.9615,0.756141,0.262514,0.064822,0.752273,0.249353,0.065156,0.750329,0.248862,0.065009,0.748357,0.248504,0.065081,0.754127,0.248686,0.042685,0.753789,0.247829,0.042497,0.753432,0.246905,0.042474,0.740758,0.249845,0.074424,0.746992,0.248836,-0.030935,0.751787,0.273848,0.07422,0.753725,0.272074,0.042145,0.709652,0.3308,0.115731,0.74912,0.311873,-0.109565,0.695747,0.435931,0.154095,0.808826,0.328353,-0.10945,0.709221,0.529388,0.148136,0.800318,0.238528,0.008018,0.711059,0.538423,0.15926,0.801597,0.216259,0.000742,0.717285,0.538759,0.14259,0.795286,0.215449,0.00484,0.715634,0.540137,0.141488,0.794133,0.223152,0.011174,0.712316,0.523099,0.07362,0.735868,0.528424,-0.073741,0.720418,0.668142,0.162033,0.786865,0.649188,-0.070879,0.718191,0.810632,0.202514,0.779522,0.812641,-0.06484,0.707311,0.837111,0.204999,0.766883,0.842421,-0.063918,0.746192,0.835461,0.19643,0.820734,0.843391,-0.090871
AN_Lat_2_4.12.26,249,1534.27,272.84,0,1534.27,272.84,0.9479,1538.15,262.52,0.9629,0.755616,0.263112,0.070295,0.751899,0.249908,0.071046,0.749953,0.249461,0.070904,0.74795,0.249169,0.070977,0.753723,0.249167,0.047357,0.753386,0.248288,0.047158,0.753031,0.247337,0.047123,0.740306,0.250851,0.078062,0.746649,0.249384,-0.029963,0.751101,0.274821,0.078948,0.75308,0.272889,0.045892,0.709638,0.330477,0.120672,0.746965,0.312076,-0.10912,0.696299,0.436569,0.157256,0.805998,0.334776,-0.102817,0.708874,0.529126,0.144665,0.801121,0.243071,0.010789,0.710735,0.538064,0.154545,0.802711,0.219766,0.003293,0.716878,0.538301,0.139056,0.796473,0.219171,0.007449,0.7153,0.539988,0.138292,0.795212,0.227195,0.014005,0.711533,0.522903,0.073713,0.733909,0.527899,-0.073837,0.720134,0.667786,0.148055,0.786813,0.647791,-0.075144,0.718021,0.810549,0.168811,0.77542,0.809624,-0.066063,0.707519,0.836926,0.169323,0.761955,0.838614,-0.064471,0.747219,0.835401,0.157177,0.815606,0.842367,-0.093746
AN_Lat_2_4.12.26,250,1545.27,286.83,0,1545.27,286.83,0.9707,1538.44,272.71,0.9652,0.755379,0.263056,0.070386,0.751794,0.249836,0.07168,0.749849,0.249389,0.071539,0.747821,0.249097,0.071614,0.753505,0.249126,0.047562,0.753103,0.248264,0.047366,0.752654,0.247329,0.047332,0.740018,0.250856,0.080968,0.745827,0.249412,-0.029492,0.750697,0.275006,0.079672,0.752585,0.273028,0.046137,0.709348,0.330897,0.125869,0.744858,0.31225,-0.108622,0.696092,0.437588,0.158706,0.803105,0.342288,-0.101106,0.70901,0.533015,0.138515,0.801269,0.252509,0.007819,0.710608,0.541011,0.147035,0.803328,0.22866,-0.00116,0.71703,0.546949,0.130544,0.79719,0.228129,0.004197,0.71607,0.542816,0.131522,0.795751,0.23673,0.011281,0.710476,0.522048,0.073799,0.731998,0.526378,-0.073923,0.719653,0.667775,0.146864,0.786488,0.646752,-0.071672,0.717812,0.810909,0.17153,0.771118,0.807439,-0.058152,0.707674,0.837012,0.172559,0.756763,0.835347,-0.05613,0.747164,0.835259,0.160657,0.811046,0.841413,-0.078172
AN_Lat_2_4.12.26,251,1551.07,296.18,0,1551.07,296.18,0.985,1538.68,284.98,0.9669,0.755296,0.263696,0.06412,0.751709,0.250265,0.066024,0.749791,0.249782,0.065883,0.747774,0.249454,0.06596,0.753338,0.24964,0.041427,0.752927,0.24878,0.041226,0.752466,0.247822,0.041186,0.73966,0.251179,0.079862,0.745484,0.249758,-0.032981,0.750669,0.275847,0.074852,0.752528,0.273735,0.041021,0.709057,0.330897,0.124835,0.743316,0.312389,-0.109733,0.695947,0.437334,0.160989,0.799,0.35211,-0.101611,0.708807,0.530941,0.141913,0.801397,0.26387,-0.006247,0.710425,0.540756,0.151155,0.80406,0.241001,-0.016929,0.716791,0.546542,0.133847,0.797781,0.238246,-0.012716,0.715786,0.541377,0.134747,0.79634,0.246413,-0.003802,0.710174,0.521664,0.074546,0.731019,0.525836,-0.074671,0.719343,0.666912,0.148016,0.786242,0.645749,-0.072036,0.71765,0.810899,0.176657,0.767038,0.805886,-0.058752,0.707926,0.836862,0.177998,0.751929,0.833289,-0.056876,0.747131,0.832302,0.165417,0.806848,0.840269,-0.080167
AN_Lat_2_4.12.26,252,1551.2,307.93,0,1551.2,307.93,0.9844,1542.58,297.0,0.9688,0.754819,0.263729,0.062549,0.75131,0.250233,0.063813,0.74948,0.24974,0.063673,0.747534,0.249405,0.063749,0.752787,0.249649,0.039277,0.752377,0.248797,0.039078,0.751922,0.247842,0.039035,0.739149,0.251182,0.076809,0.744916,0.249778,-0.036279,0.750293,0.276036,0.072734,0.752116,0.273903,0.039137,0.708402,0.330056,0.122688,0.741803,0.31231,-0.112573,0.69593,0.437206,0.155922,0.794431,0.363594,-0.102471,0.708638,0.53016,0.136564,0.803426,0.274997,-0.012451,0.710258,0.540594,0.144307,0.806374,0.251959,-0.023482,0.716542,0.545867,0.128571,0.800573,0.248618,-0.016556,0.7157,0.540314,0.129984,0.798812,0.256669,-0.008831,0.70936,0.520756,0.074936,0.729697,0.525481,-0.075059,0.719015,0.665975,0.148532,0.784834,0.645327,-0.072309,0.71758,0.810818,0.181335,0.761776,0.805853,-0.057797,0.709353,0.836699,0.183032,0.74894,0.832298,-0.055614,0.74692,0.830431,0.170061,0.801302,0.839923,-0.076671
AN_Lat_2_4.12.26,253,1551.56,324.75,0,1551.56,324.75,0.9842,1546.04,310.84,0.9698,0.75436,0.266595,0.070126,0.751029,0.252148,0.071092,0.749291,0.251568,0.07096,0.747422,0.251175,0.071033,0.752379,0.251715,0.046872,0.751977,0.250881,0.046676,0.75154,0.249941,0.046629,0.738924,0.2521,0.081261,0.744547,0.25104,-0.028823,0.749998,0.278836,0.079827,0.751755,0.276819,0.046742,0.707642,0.329931,0.125385,0.741015,0.312289,-0.104515,0.695926,0.437096,0.153122,0.790446,0.373384,-0.103335,0.708626,0.530836,0.132279,0.80523,0.287817,-0.030935,0.710107,0.540423,0.139956,0.810108,0.265866,-0.044231,0.716369,0.544507,0.12416,0.804129,0.261663,-0.031623,0.716266,0.540003,0.125632,0.801632,0.269891,-0.025292,0.707583,0.519778,0.074889,0.728921,0.524604,-0.07501,0.718592,0.66465,0.151066,0.783088,0.644436,-0.0745,0.717499,0.810737,0.183856,0.757965,0.805638,-0.068504,0.711455,0.836632,0.185538,0.745349,0.831537,-0.067281,0.746463,0.828146,0.172681,0.797678,0.840103,-0.086823
AN_Lat_2_4.12.26,254,1553.91,337.13,0,1553.91,337.13,0.9732,1548.44,335.07,0.9707,0.754253,0.266465,0.081507,0.751015,0.252136,0.082484,0.749291,0.251547,0.082352,0.74745,0.251143,0.08243,0.752304,0.251748,0.057795,0.751883,0.250942,0.057596,0.751423,0.250024,0.05755,0.738927,0.252097,0.090454,0.744388,0.251104,-0.020704,0.749911,0.278717,0.090469,0.751572,0.276758,0.056873,0.707056,0.32831,0.136109,0.740601,0.312335,-0.097264,0.696051,0.436949,0.165387,0.78697,0.384079,-0.092118,0.709974,0.526942,0.14644,0.806477,0.310248,0.011177,0.711056,0.538702,0.15631,0.813422,0.288586,0.001908,0.717299,0.54224,0.138354,0.807182,0.283721,0.01608,0.717242,0.539845,0.139344,0.804216,0.2899,0.01829,0.706597,0.518514,0.075143,0.728346,0.523189,-0.075267,0.718413,0.664128,0.153044,0.780427,0.644476,-0.075448,0.717513,0.810679,0.184826,0.754814,0.805583,-0.074529,0.711627,0.836504,0.186398,0.742786,0.831631,-0.073336,0.745494,0.826652,0.174284,0.793204,0.83997,-0.08741
AN_Lat_2_4.12.26,255,1557.1,354.31,0,1557.1,354.31,0.9739,1550.32,353.23,0.9725,0.753776,0.266995,0.095446,0.750654,0.253175,0.097458,0.749,0.252577,0.097335,0.747205,0.252125,0.097412,0.75188,0.252895,0.072402,0.751444,0.252174,0.072203,0.750964,0.251322,0.07216,0.738371,0.252851,0.106909,0.743952,0.252307,-0.005853,0.749443,0.279138,0.104587,0.750989,0.27724,0.070533,0.706713,0.328336,0.15229,0.740233,0.313725,-0.085632,0.695958,0.436822,0.180191,0.782505,0.394583,-0.08587,0.709994,0.526598,0.159267,0.80746,0.327062,0.013308,0.711342,0.535708,0.16914,0.81657,0.307036,0.002583,0.717582,0.538236,0.15038,0.810266,0.301224,0.017836,0.717767,0.538288,0.151798,0.806207,0.306319,0.020719,0.705819,0.517564,0.075712,0.727231,0.522038,-0.075828,0.718145,0.663487,0.151181,0.77831,0.644671,-0.081181,0.717511,0.810369,0.17961,0.749421,0.805714,-0.084121,0.711217,0.836319,0.18101,0.737945,0.831455,-0.08295,0.744097,0.824142,0.170982,0.786426,0.839726,-0.095862
AN_Lat_2_4.12.26,256,1555.77,376.96,0,1555.77,376.96,0.9764,1550.55,375.64,0.9747,0.753786,0.268027,0.11219,0.750653,0.254442,0.115598,0.749003,0.253751,0.115486,0.747221,0.253169,0.115555,0.75185,0.254246,0.090081,0.751388,0.253514,0.089882,0.750875,0.25263,0.089845,0.738383,0.253454,0.129066,0.743719,0.253261,0.014268,0.749435,0.279733,0.122603,0.750867,0.277931,0.088049,0.706725,0.32727,0.175848,0.739585,0.314998,-0.071482,0.695904,0.435291,0.206385,0.77611,0.40439,-0.092929,0.711774,0.524543,0.19235,0.80758,0.347811,-0.013283,0.711738,0.530999,0.203641,0.818537,0.330156,-0.029873,0.718156,0.53187,0.184694,0.812523,0.321719,0.006735,0.719908,0.528938,0.184931,0.80742,0.327561,0.000721,0.705497,0.515488,0.07723,0.726344,0.519614,-0.077352,0.717898,0.662729,0.128179,0.775994,0.644699,-0.094586,0.717481,0.80994,0.139299,0.744208,0.805826,-0.112374,0.710826,0.836086,0.138964,0.733398,0.83159,-0.112535,0.743684,0.823142,0.128082,0.780041,0.839351,-0.127933
AN_Lat_2_4.12.26,257,1558.16,396.45,0,1558.16,396.45,0.9766,1550.39,398.93,0.976,0.753797,0.269385,0.090774,0.750687,0.2555,0.097429,0.749077,0.254761,0.09736,0.747343,0.254129,0.097478,0.751848,0.255475,0.067842,0.751357,0.254786,0.067625,0.750786,0.253952,0.067585,0.738391,0.254013,0.115785,0.743027,0.253996,-0.003443,0.74939,0.280514,0.108343,0.750641,0.279094,0.068154,0.706768,0.327338,0.157224,0.738961,0.316875,-0.072716,0.697053,0.434265,0.185177,0.770542,0.412848,-0.089825,0.712827,0.521877,0.190283,0.807493,0.369383,0.018006,0.711906,0.52777,0.200599,0.8187,0.360227,0.007591,0.718197,0.528154,0.172481,0.813368,0.349577,0.028645,0.720588,0.523931,0.181581,0.80775,0.352117,0.028356,0.705443,0.515782,0.077872,0.725829,0.519852,-0.077988,0.717624,0.662741,0.133906,0.773906,0.645585,-0.091619,0.717462,0.809599,0.140127,0.739061,0.805577,-0.100027,0.710542,0.835858,0.143009,0.72779,0.831551,-0.09512,0.739941,0.821361,0.147163,0.776505,0.839259,-0.097613
AN_Lat_2_4.12.26,258,1550.52,421.4,0,1550.52,421.4,0.9769,1550.45,420.36,0.9783,0.753755,0.269256,0.069585,0.750666,0.255661,0.077861,0.749074,0.254929,0.077776,0.747345,0.254272,0.077888,0.75171,0.255769,0.048882,0.75112,0.25518,0.048657,0.750404,0.254445,0.048623,0.738362,0.254393,0.106874,0.741998,0.254689,-0.013003,0.749348,0.2805,0.089354,0.750417,0.27924,0.049973,0.706785,0.327397,0.156167,0.737633,0.319651,-0.074403,0.699026,0.434256,0.183016,0.763535,0.421239,-0.094053,0.715929,0.521602,0.168378,0.807526,0.38922,0.010088,0.713573,0.527037,0.179802,0.819772,0.385493,0.006556,0.719708,0.523955,0.160755,0.815494,0.372653,0.007902,0.722936,0.52291,0.161863,0.809759,0.373036,0.012833,0.705414,0.51591,0.078893,0.725115,0.519818,-0.079016,0.717662,0.662759,0.128939,0.771232,0.645662,-0.091867,0.717414,0.809563,0.155578,0.734615,0.805421,-0.096817,0.710316,0.835767,0.15773,0.722137,0.831606,-0.088974,0.736209,0.824915,0.151106,0.773169,0.839284,-0.092146
AN_Lat_2_4.12.26,259,1542.48,451.58,0,1542.48,451.58,0.9775,1547.44,451.27,0.9803,0.753644,0.269246,0.054787,0.750564,0.255951,0.061486,0.749005,0.255319,0.061375,0.747304,0.254719,0.061474,0.751536,0.255994,0.032687,0.750912,0.255462,0.032465,0.750168,0.254786,0.032431,0.73831,0.255019,0.097164,0.741744,0.255394,-0.034603,0.7492,0.2807,0.072654,0.750134,0.279526,0.033642,0.706807,0.327731,0.149995,0.736026,0.321088,-0.105082,0.698732,0.434436,0.182493,0.755849,0.426039,-0.110584,0.717011,0.521513,0.119431,0.805958,0.417845,-0.022552,0.714225,0.526846,0.123012,0.819062,0.419446,-0.036669,0.720043,0.524265,0.101816,0.815621,0.405777,-0.018032,0.723627,0.522388,0.110268,0.8101,0.404244,-0.013055,0.705315,0.516486,0.082261,0.724665,0.519904,-0.082391,0.717728,0.662765,0.133715,0.768219,0.646791,-0.090356,0.717375,0.809551,0.162913,0.731904,0.805214,-0.096578,0.710045,0.835731,0.164625,0.717641,0.831255,-0.086921,0.736583,0.825189,0.155642,0.767401,0.839998,-0.090131
AN_Lat_2_4.12.26,260,1534.1,478.73,0,1534.1,478.73,0.973,1538.42,480.09,0.9821,0.753649,0.269102,0.057126,0.750528,0.255941,0.063543,0.74898,0.255338,0.063428,0.747284,0.254754,0.06352,0.751408,0.255959,0.035314,0.750689,0.255447,0.035093,0.749806,0.254806,0.035057,0.738177,0.255388,0.096649,0.740803,0.255761,-0.033179,0.749197,0.280631,0.073933,0.75001,0.279473,0.035646,0.706788,0.328248,0.159799,0.734245,0.322459,-0.107184,0.698787,0.434921,0.187144,0.750272,0.430126,-0.117752,0.717616,0.522262,0.135826,0.80126,0.444526,-0.046804,0.714511,0.52693,0.13988,0.816326,0.449002,-0.0651,0.720236,0.523786,0.116411,0.814958,0.435673,-0.043293,0.724141,0.522815,0.125974,0.809983,0.433352,-0.036484,0.704332,0.516598,0.084806,0.724048,0.51945,-0.084946,0.717489,0.662771,0.131008,0.764257,0.64943,-0.089309,0.717561,0.809525,0.160211,0.726388,0.805316,-0.092241,0.709881,0.835456,0.161562,0.713158,0.831073,-0.082985,0.739711,0.825327,0.15165,0.762433,0.841103,-0.088906
AN_Lat_2_4.12.26,261,1517.75,502.77,0,1517.75,502.77,0.9745,1522.5,505.39,0.9836,0.75375,0.269539,0.049317,0.750528,0.256243,0.056617,0.748984,0.255758,0.056502,0.747301,0.2553,0.056588,0.75135,0.256261,0.028626,0.750552,0.255872,0.028405,0.749569,0.255389,0.028365,0.738083,0.256432,0.096295,0.740178,0.256759,-0.035681,0.749209,0.281593,0.067562,0.749961,0.2807,0.029567,0.706618,0.330516,0.157497,0.732153,0.325391,-0.109687,0.698795,0.435585,0.185265,0.745998,0.433394,-0.13047,0.716824,0.524885,0.142037,0.792968,0.467954,-0.078181,0.714043,0.52939,0.145953,0.809479,0.479407,-0.098936,0.720032,0.523881,0.122846,0.811855,0.468425,-0.077962,0.723488,0.523863,0.132519,0.806154,0.464316,-0.068591,0.704423,0.517009,0.085912,0.723631,0.519639,-0.086055,0.717444,0.662852,0.132478,0.761801,0.650562,-0.088974,0.718323,0.809601,0.162093,0.721994,0.803958,-0.081861,0.70979,0.835442,0.163197,0.709352,0.829508,-0.074584,0.747449,0.830983,0.152793,0.754496,0.841136,-0.082597
AN_Lat_2_4.12.26,262,1501.62,524.36,0,1501.62,524.36,0.9825,1495.17,522.1,0.9852,0.75377,0.269648,0.040805,0.750522,0.256356,0.049688,0.748984,0.25592,0.049574,0.747308,0.255498,0.049661,0.751245,0.256324,0.021771,0.750345,0.25595,0.021551,0.74924,0.255486,0.021505,0.738001,0.256818,0.095698,0.739421,0.25709,-0.036527,0.749219,0.281844,0.061289,0.749893,0.281004,0.023371,0.706601,0.330706,0.163841,0.72959,0.326128,-0.112347,0.698632,0.435567,0.200046,0.741051,0.432099,-0.147578,0.716301,0.528974,0.164695,0.778736,0.483421,-0.123439,0.712954,0.536117,0.169862,0.788782,0.506942,-0.148765,0.718969,0.526661,0.146566,0.792667,0.499209,-0.130115,0.723292,0.52952,0.155147,0.788949,0.491756,-0.11533,0.70446,0.517154,0.088911,0.723757,0.519775,-0.089063,0.717358,0.662864,0.134384,0.759816,0.652621,-0.091172,0.718266,0.8096,0.16561,0.719775,0.803458,-0.078599,0.709536,0.835406,0.166797,0.706789,0.828539,-0.072343,0.748356,0.83179,0.155763,0.753378,0.8412,-0.083869
AN_Lat_2_4.12.26,263,1475.64,543.86,0,1475.64,543.86,0.9865,1476.59,552.5,0.9867,0.753854,0.270214,0.023656,0.750563,0.256918,0.032545,0.749041,0.256514,0.032436,0.747388,0.256143,0.032526,0.751232,0.256805,0.005366,0.750261,0.256418,0.005153,0.749059,0.255967,0.005103,0.737953,0.257769,0.078808,0.739022,0.257919,-0.048466,0.749226,0.282616,0.044587,0.749829,0.281793,0.007444,0.706394,0.332716,0.157159,0.728961,0.32831,-0.120299,0.698508,0.43669,0.191654,0.739299,0.43783,-0.160756,0.715343,0.535116,0.160739,0.769056,0.511572,-0.139973,0.710304,0.545136,0.166067,0.778068,0.535645,-0.166082,0.715513,0.54015,0.144128,0.781683,0.532127,-0.150911,0.720832,0.537429,0.151752,0.778729,0.525354,-0.13346,0.704488,0.518973,0.088298,0.723755,0.520472,-0.088449,0.717353,0.662907,0.136636,0.757111,0.654244,-0.088146,0.718223,0.809385,0.181238,0.717046,0.80198,-0.052813,0.708972,0.835193,0.183119,0.702357,0.826831,-0.048012,0.749419,0.83193,0.167042,0.750951,0.840662,-0.06781
AN_Lat_2_4.12.26,264,1452.69,552.08,0,1452.69,552.08,0.9841,1443.58,560.69,0.9795,0.753839,0.271558,0.022605,0.750555,0.258026,0.031298,0.749038,0.257583,0.031184,0.747388,0.257203,0.031253,0.751083,0.257772,0.005149,0.749973,0.257334,0.004946,0.748636,0.256842,0.004896,0.737821,0.258953,0.07479,0.738341,0.258809,-0.046696,0.749193,0.284063,0.042872,0.749521,0.283313,0.007101,0.706395,0.334223,0.153386,0.728053,0.329654,-0.11671,0.699929,0.439633,0.185462,0.734654,0.440987,-0.162443,0.715297,0.541215,0.159312,0.751867,0.519155,-0.142502,0.711538,0.555278,0.160024,0.757629,0.540756,-0.164868,0.716306,0.553347,0.13791,0.759218,0.540542,-0.154389,0.720848,0.547122,0.151035,0.757099,0.535244,-0.138067,0.705858,0.519006,0.087217,0.72309,0.520498,-0.087366,0.717323,0.662938,0.130402,0.754208,0.656711,-0.073973,0.717426,0.809224,0.173139,0.71312,0.799181,-0.03758,0.704747,0.834895,0.174218,0.69767,0.823635,-0.034565,0.749891,0.834049,0.147479,0.746054,0.840207,-0.065362
AN_Lat_2_4.12.26,265,1434.11,565.64,0,1434.11,565.64,0.9862,1431.98,575.17,0.9726,0.753968,0.272243,0.006687,0.75063,0.258511,0.015445,0.749127,0.258104,0.015321,0.74749,0.257763,0.015381,0.751084,0.258196,-0.010264,0.74997,0.257752,-0.01046,0.748618,0.257278,-0.010507,0.737801,0.259412,0.059277,0.738257,0.259321,-0.058617,0.749199,0.284837,0.027351,0.749491,0.28411,-0.007812,0.706407,0.336214,0.141398,0.728226,0.332538,-0.123131,0.700074,0.443749,0.174507,0.730098,0.446228,-0.170848,0.714999,0.539386,0.138301,0.745823,0.532565,-0.147567,0.711731,0.5563,0.137806,0.751433,0.557055,-0.168544,0.716865,0.556866,0.117974,0.752359,0.558172,-0.161001,0.720682,0.549641,0.129552,0.750911,0.550938,-0.144178,0.706423,0.519183,0.086463,0.7222,0.520577,-0.086613,0.717242,0.662936,0.132844,0.750746,0.658604,-0.071345,0.716157,0.808635,0.17695,0.708402,0.796911,-0.03954,0.700947,0.834629,0.177892,0.690088,0.819846,-0.037338,0.749443,0.836787,0.151633,0.738522,0.840001,-0.07137
AN_Lat_2_4.12.26,266,1425.97,569.08,0,1425.97,569.08,0.9773,1428.79,574.62,0.9741,0.754054,0.272396,-0.003859,0.750644,0.258514,0.005531,0.749152,0.258148,0.005404,0.747526,0.257841,0.005466,0.75108,0.25819,-0.020661,0.74995,0.257779,-0.020867,0.748583,0.257342,-0.020926,0.737789,0.259598,0.051333,0.738262,0.259589,-0.0681,0.749264,0.285109,0.017541,0.749509,0.284368,-0.018254,0.706511,0.33683,0.134013,0.728627,0.333169,-0.132594,0.700064,0.443307,0.165849,0.723359,0.443943,-0.182068,0.714883,0.538124,0.125578,0.744164,0.532054,-0.16591,0.711726,0.555619,0.125693,0.750461,0.559183,-0.189582,0.716948,0.556318,0.105456,0.752666,0.559538,-0.180876,0.720603,0.552147,0.116327,0.750678,0.550924,-0.162134,0.706443,0.519254,0.086412,0.720593,0.520624,-0.086561,0.717073,0.662775,0.133776,0.746845,0.659803,-0.071745,0.715396,0.807596,0.17827,0.703395,0.796725,-0.048109,0.701314,0.832078,0.178833,0.684356,0.818738,-0.046019,0.74906,0.837475,0.152251,0.733366,0.840258,-0.08186
AN_Lat_2_4.12.26,267,1425.04,569.07,0,1425.04,569.07,0.9815,1428.65,569.31,0.9766,0.754155,0.272304,-0.021342,0.750644,0.258494,-0.01017,0.749154,0.258077,-0.010304,0.747539,0.257735,-0.010234,0.751059,0.258169,-0.037548,0.749923,0.257721,-0.037764,0.748567,0.257247,-0.037836,0.737787,0.259573,0.041114,0.738377,0.25955,-0.083639,0.749536,0.284914,0.001649,0.749613,0.284149,-0.035695,0.707258,0.33849,0.124437,0.72799,0.334011,-0.148798,0.7022,0.443847,0.159074,0.720472,0.442406,-0.193595,0.715392,0.537084,0.119627,0.744087,0.527136,-0.182764,0.713289,0.554936,0.120861,0.749709,0.551165,-0.209518,0.717822,0.558427,0.099208,0.752575,0.550059,-0.20051,0.720919,0.553057,0.109915,0.751096,0.542665,-0.17901,0.706787,0.519879,0.087264,0.719864,0.521379,-0.0874,0.716736,0.662649,0.16646,0.744668,0.661725,-0.079685,0.71511,0.805058,0.231555,0.697434,0.795966,-0.050993,0.701337,0.828825,0.234239,0.677861,0.816354,-0.048383,0.748978,0.8373,0.20784,0.724341,0.840296,-0.082534
AN_Lat_2_4.12.26,268,1430.3,563.85,0,1430.3,563.85,0.9895,1430.34,568.49,0.9788,0.754158,0.273409,-0.022207,0.750644,0.259167,-0.012093,0.749155,0.258699,-0.012224,0.747545,0.258273,-0.012153,0.751049,0.258912,-0.03861,0.749908,0.258439,-0.038822,0.748556,0.257909,-0.038889,0.737788,0.260001,0.037443,0.738436,0.26001,-0.083768,0.749529,0.285953,0.000492,0.749591,0.285117,-0.035713,0.707773,0.338238,0.122316,0.727721,0.33408,-0.149616,0.703556,0.44456,0.156481,0.719281,0.440684,-0.193578,0.719177,0.536263,0.117579,0.744969,0.52638,-0.185187,0.71853,0.553475,0.119057,0.750944,0.551632,-0.21194,0.72166,0.555934,0.096873,0.754269,0.548345,-0.202681,0.724625,0.553183,0.107634,0.752875,0.541052,-0.181406,0.706958,0.521029,0.087709,0.720275,0.52217,-0.087844,0.716741,0.662547,0.161976,0.740952,0.662367,-0.079782,0.715096,0.805091,0.216896,0.68944,0.793009,-0.047446,0.706657,0.829108,0.218735,0.669874,0.811517,-0.044591,0.748686,0.837442,0.192786,0.715135,0.839674,-0.08287
AN_Lat_2_4.12.26,269,1428.0,558.31,0,1428.0,558.31,0.9881,1431.68,563.9,0.9809,0.754112,0.27341,0.002854,0.750496,0.25925,0.010057,0.749017,0.258833,0.009927,0.747419,0.258452,0.009997,0.750767,0.25901,-0.015586,0.749545,0.258602,-0.015795,0.748108,0.258137,-0.015851,0.737556,0.260828,0.056134,0.73803,0.26088,-0.08306,0.749514,0.286106,0.021304,0.749505,0.285327,-0.013789,0.70758,0.338877,0.14338,0.727505,0.334206,-0.138718,0.701854,0.44417,0.178835,0.716695,0.437193,-0.191985,0.71142,0.535676,0.147573,0.745667,0.52213,-0.201919,0.710567,0.552342,0.149859,0.751384,0.546478,-0.231602,0.713395,0.556021,0.127053,0.755435,0.542869,-0.21911,0.716369,0.551921,0.137655,0.753976,0.536083,-0.197294,0.706979,0.523812,0.089786,0.720555,0.524409,-0.089938,0.716748,0.66277,0.160005,0.737562,0.663145,-0.084144,0.715049,0.805422,0.213099,0.681643,0.789479,-0.06678,0.707053,0.829947,0.21185,0.663742,0.804942,-0.065594,0.748532,0.837559,0.175377,0.708046,0.838437,-0.105273
AN_Lat_2_4.12.26,270,1426.79,552.75,0,1426.79,552.75,0.9883,1434.06,559.78,0.9828,0.753914,0.274323,0.012804,0.750265,0.260629,0.019995,0.748817,0.260032,0.019867,0.747262,0.259453,0.019938,0.750385,0.260494,-0.005685,0.749099,0.259963,-0.005893,0.747638,0.259344,-0.005943,0.737379,0.261435,0.066137,0.737617,0.261644,-0.071603,0.749344,0.287153,0.030762,0.749212,0.286361,-0.004332,0.707574,0.338742,0.150761,0.724727,0.334473,-0.133829,0.701021,0.443488,0.19158,0.713514,0.43395,-0.186551,0.709043,0.534273,0.165558,0.746909,0.518318,-0.192626,0.707853,0.550837,0.169341,0.752975,0.53821,-0.220437,0.712232,0.554944,0.146947,0.756488,0.534545,-0.208564,0.714473,0.550527,0.155973,0.754565,0.528481,-0.187998,0.707438,0.524337,0.089836,0.720175,0.525314,-0.089993,0.717143,0.662728,0.148818,0.733335,0.663405,-0.101528,0.715122,0.806305,0.183954,0.673141,0.782702,-0.093709,0.70738,0.830173,0.18241,0.65334,0.795651,-0.092981,0.749427,0.838048,0.149512,0.700198,0.833926,-0.129932
AN_Lat_2_4.12.26,271,1426.15,545.83,0,1426.15,545.83,0.9896,1434.37,553.16,0.9843,0.753828,0.274531,0.000441,0.750222,0.261162,0.010026,0.748787,0.26052,0.009886,0.74725,0.2599,0.009946,0.750293,0.261018,-0.01593,0.748977,0.260431,-0.01614,0.747512,0.259778,-0.016202,0.737334,0.26195,0.05855,0.737414,0.262232,-0.066894,0.749267,0.287652,0.021503,0.749019,0.286881,-0.013946,0.708268,0.338567,0.146275,0.722608,0.334241,-0.136236,0.700944,0.44036,0.185721,0.709526,0.431266,-0.193018,0.709183,0.53085,0.157037,0.747065,0.512188,-0.196408,0.707973,0.545622,0.162504,0.754005,0.531216,-0.223274,0.713824,0.554092,0.14221,0.757464,0.526619,-0.212989,0.715027,0.548991,0.14819,0.755094,0.521447,-0.192177,0.708336,0.524304,0.089323,0.718833,0.525251,-0.089479,0.718828,0.662671,0.129985,0.731054,0.663351,-0.104322,0.715129,0.807195,0.156317,0.666106,0.774357,-0.091428,0.707064,0.830347,0.154985,0.646897,0.784952,-0.090231,0.750782,0.838672,0.123003,0.695446,0.830918,-0.126353
