video_id,frame_idx,true_wrist_x,true_wrist_y,occluded,yolo_wrist_x,yolo_wrist_y,yolo_conf,mp_wrist_x,mp_wrist_y,mp_wrist_vis,lm0_x,lm0_y,lm0_z,lm1_x,lm1_y,lm1_z,lm2_x,lm2_y,lm2_z,lm3_x,lm3_y,lm3_z,lm4_x,lm4_y,lm4_z,lm5_x,lm5_y,lm5_z,lm6_x,lm6_y,lm6_z,lm7_x,lm7_y,lm7_z,lm8_x,lm8_y,lm8_z,lm9_x,lm9_y,lm9_z,lm10_x,lm10_y,lm10_z,lm11_x,lm11_y,lm11_z,lm12_x,lm12_y,lm12_z,lm13_x,lm13_y,lm13_z,lm14_x,lm14_y,lm14_z,lm15_x,lm15_y,lm15_z,lm16_x,lm16_y,lm16_z,lm17_x,lm17_y,lm17_z,lm18_x,lm18_y,lm18_z,lm19_x,lm19_y,lm19_z,lm20_x,lm20_y,lm20_z,lm21_x,lm21_y,lm21_z,lm22_x,lm22_y,lm22_z,lm23_x,lm23_y,lm23_z,lm24_x,lm24_y,lm24_z,lm25_x,lm25_y,lm25_z,lm26_x,lm26_y,lm26_z,lm27_x,lm27_y,lm27_z,lm28_x,lm28_y,lm28_z,lm29_x,lm29_y,lm29_z,lm30_x,lm30_y,lm30_z,lm31_x,lm31_y,lm31_z,lm32_x,lm32_y,lm32_z
AN_Lat_3_4.12.26,0,620.4,532.82,0,620.4,532.82,0.9957,611.19,547.77,0.9957,0.312521,0.279147,-0.034132,0.308762,0.26194,-0.023236,0.307148,0.261287,-0.023458,0.305323,0.2608,-0.023429,0.308884,0.261714,-0.054175,0.307627,0.261097,-0.054474,0.306169,0.260466,-0.054598,0.293506,0.263458,0.032537,0.293908,0.263694,-0.107801,0.305872,0.292782,-0.008008,0.305935,0.292568,-0.050188,0.265542,0.324741,0.14282,0.268185,0.329479,-0.177102,0.29139,0.354928,0.302353,0.27089,0.436328,-0.279276,0.336818,0.341926,0.389865,0.318328,0.507198,-0.332687,0.345373,0.339814,0.41473,0.325791,0.530618,-0.371324,0.343985,0.336014,0.383915,0.331039,0.521009,-0.355018,0.341371,0.340608,0.379915,0.328158,0.513373,-0.327485,0.20455,0.5379,0.097151,0.22279,0.539228,-0.097362,0.177143,0.689793,0.13446,0.286906,0.64919,-0.056305,0.108572,0.808313,0.136527,0.298004,0.825613,-0.023114,0.089136,0.830047,0.134666,0.283874,0.8581,-0.019207,0.140163,0.852988,0.113113,0.344951,0.852568,-0.033136
AN_Lat_3_4.12.26,1,622.2,523.51,0,622.2,523.51,0.9956,612.45,545.17,0.995,0.309047,0.278411,-0.039063,0.30405,0.261491,-0.027934,0.302071,0.260828,-0.028149,0.299996,0.260349,-0.028127,0.304422,0.261457,-0.058055,0.303013,0.26094,-0.058348,0.301446,0.260392,-0.058485,0.287271,0.263484,0.026866,0.288796,0.263842,-0.109603,0.302735,0.291792,-0.013652,0.302904,0.291942,-0.054626,0.260448,0.325901,0.130954,0.263135,0.335564,-0.176305,0.29121,0.354618,0.280109,0.271327,0.437339,-0.266894,0.336604,0.341475,0.355939,0.318986,0.504788,-0.30782,0.345363,0.339686,0.377226,0.326641,0.526364,-0.343867,0.343788,0.336188,0.348986,0.331123,0.516103,-0.328012,0.341203,0.340611,0.34656,0.328297,0.508924,-0.302442,0.204021,0.539332,0.093904,0.222054,0.540468,-0.09409,0.175986,0.69234,0.140528,0.286735,0.649114,-0.055003,0.108551,0.809853,0.163585,0.298199,0.825482,-0.015789,0.089153,0.831407,0.163736,0.285204,0.856629,-0.010963,0.140147,0.853852,0.136225,0.343673,0.851634,-0.027555
AN_Lat_3_4.12.26,2,640.5,509.9,0,640.5,509.9,0.9914,616.06,538.23,0.9938,0.304663,0.277246,-0.038927,0.300136,0.261027,-0.027913,0.298182,0.260346,-0.028131,0.296102,0.259847,-0.028098,0.300349,0.2611,-0.057992,0.29884,0.260601,-0.05827,0.29722,0.260062,-0.0584,0.282972,0.263268,0.029574,0.284593,0.263659,-0.106603,0.298487,0.290681,-0.013342,0.298778,0.290835,-0.054452,0.254027,0.331353,0.13072,0.25945,0.335791,-0.174323,0.249505,0.437509,0.189842,0.273339,0.437107,-0.245369,0.267319,0.523921,0.135397,0.320863,0.498363,-0.246328,0.267106,0.555992,0.136345,0.328033,0.520251,-0.278793,0.271806,0.556907,0.107685,0.331779,0.511412,-0.266315,0.271486,0.549125,0.122124,0.328882,0.503896,-0.2412,0.20258,0.540188,0.091813,0.220595,0.541316,-0.091956,0.175862,0.693772,0.147751,0.286496,0.649067,-0.049073,0.108551,0.810315,0.194924,0.29878,0.82555,-0.00732,0.089476,0.832,0.196474,0.285918,0.856635,-0.00382,0.140082,0.853838,0.162067,0.344182,0.851955,-0.030805
AN_Lat_3_4.12.26,3,640.93,497.25,0,640.93,497.25,0.9917,627.62,523.54,0.9938,0.297804,0.276814,-0.010969,0.29341,0.260696,0.000821,0.291585,0.260085,0.000635,0.289541,0.259634,0.000694,0.293656,0.260822,-0.02856,0.29223,0.260397,-0.02879,0.290703,0.259921,-0.028854,0.276961,0.263261,0.052857,0.278601,0.263653,-0.079354,0.29122,0.290392,0.012899,0.291788,0.290544,-0.026902,0.242425,0.3369,0.135978,0.256082,0.33569,-0.14855,0.252772,0.456536,0.189862,0.27546,0.433861,-0.218512,0.267591,0.573591,0.138079,0.326885,0.484758,-0.222051,0.269715,0.592453,0.141047,0.335555,0.502366,-0.253432,0.267586,0.591354,0.112256,0.338153,0.495717,-0.238318,0.274246,0.5881,0.125169,0.335009,0.489536,-0.21621,0.199836,0.54155,0.086766,0.220491,0.54259,-0.086906,0.175899,0.696059,0.13213,0.285744,0.649103,-0.040762,0.108407,0.812463,0.175591,0.298912,0.825722,-0.009408,0.089476,0.834472,0.177634,0.286156,0.856815,-0.00577,0.1395,0.853848,0.132436,0.344452,0.850745,-0.035662
AN_Lat_3_4.12.26,4,639.31,477.83,0,639.31,477.83,0.9904,638.65,507.48,0.9931,0.291419,0.276697,0.011888,0.287174,0.260561,0.022276,0.285186,0.259959,0.022101,0.282935,0.259533,0.022147,0.287343,0.260726,-0.007742,0.285739,0.260315,-0.007974,0.283996,0.259858,-0.008015,0.269425,0.263271,0.067961,0.271188,0.263653,-0.066926,0.284846,0.290377,0.033779,0.285363,0.2905,-0.006856,0.234922,0.339273,0.146517,0.251411,0.335627,-0.136931,0.261313,0.447268,0.193733,0.277268,0.429158,-0.190635,0.282027,0.496623,0.135897,0.332632,0.469891,-0.169309,0.275889,0.508898,0.139524,0.342957,0.48258,-0.196066,0.288887,0.505751,0.110318,0.345093,0.474733,-0.180706,0.279783,0.513621,0.122401,0.341042,0.46935,-0.163302,0.197645,0.542401,0.086203,0.219629,0.54286,-0.086359,0.176068,0.698682,0.119243,0.283986,0.648964,-0.042132,0.108246,0.814891,0.141152,0.299181,0.825219,-0.021913,0.089496,0.836488,0.141479,0.286787,0.856183,-0.019749,0.139095,0.853827,0.103221,0.344468,0.850138,-0.047546
AN_Lat_3_4.12.26,5,645.69,455.43,0,645.69,455.43,0.9906,643.63,486.15,0.9901,0.284954,0.276147,0.005118,0.280894,0.259783,0.015252,0.279011,0.259157,0.015076,0.276898,0.258755,0.015129,0.280705,0.259991,-0.014981,0.278908,0.259556,-0.015218,0.276989,0.2591,-0.015267,0.262447,0.262962,0.061997,0.263264,0.263201,-0.073833,0.278692,0.2902,0.027716,0.278922,0.290208,-0.013197,0.232161,0.339311,0.14638,0.244668,0.335557,-0.143408,0.266601,0.43319,0.174598,0.277593,0.422303,-0.196691,0.295441,0.471797,0.099473,0.335226,0.450137,-0.163731,0.299922,0.471092,0.10074,0.346789,0.447678,-0.189257,0.321775,0.462477,0.07442,0.347698,0.441799,-0.172796,0.308183,0.473572,0.086511,0.343279,0.441838,-0.157069,0.195733,0.543466,0.086839,0.216968,0.543034,-0.087002,0.176245,0.700512,0.120123,0.282486,0.648604,-0.042368,0.107719,0.817801,0.138495,0.299703,0.825171,-0.026058,0.089235,0.839542,0.138396,0.286972,0.855414,-0.024142,0.1391,0.853857,0.103273,0.344753,0.848591,-0.051196
AN_Lat_3_4.12.26,6,649.6,441.72,0,649.6,441.72,0.9893,644.3,464.67,0.9899,0.278255,0.275823,-0.002263,0.274921,0.259238,0.007473,0.273264,0.258608,0.00729,0.271417,0.258195,0.00734,0.27445,0.259396,-0.022493,0.272566,0.258904,-0.022739,0.270521,0.25839,-0.022798,0.257367,0.262567,0.056065,0.256674,0.262636,-0.079669,0.271995,0.290152,0.020791,0.271845,0.290084,-0.019715,0.229796,0.339107,0.145667,0.239722,0.335344,-0.148424,0.269306,0.422865,0.172087,0.27788,0.416836,-0.199157,0.306803,0.450804,0.097789,0.335574,0.430249,-0.166754,0.326301,0.446755,0.098816,0.348581,0.426565,-0.192797,0.33646,0.439631,0.071995,0.348847,0.417371,-0.177735,0.323296,0.449915,0.084584,0.343861,0.419043,-0.160635,0.194293,0.544013,0.086838,0.212448,0.543188,-0.087008,0.176319,0.70213,0.11269,0.279862,0.648581,-0.043245,0.107258,0.819853,0.127545,0.299943,0.824816,-0.018593,0.088883,0.841697,0.126964,0.287514,0.854209,-0.016195,0.137573,0.853852,0.095117,0.344724,0.848427,-0.042281
AN_Lat_3_4.12.26,7,640.7,421.75,0,640.7,421.75,0.9905,645.61,435.54,0.9822,0.273081,0.275718,-0.001598,0.26985,0.259016,0.00685,0.268216,0.258379,0.006663,0.266342,0.257946,0.006706,0.269429,0.259132,-0.022216,0.267615,0.258601,-0.022455,0.265566,0.258045,-0.022509,0.25261,0.26233,0.052974,0.252063,0.262331,-0.079402,0.266804,0.290157,0.020529,0.266419,0.290016,-0.018853,0.227107,0.341315,0.140953,0.233161,0.333335,-0.145966,0.270592,0.423867,0.162352,0.277634,0.399444,-0.202858,0.323242,0.435766,0.092401,0.336254,0.403279,-0.180076,0.341821,0.434202,0.093322,0.3499,0.395027,-0.207253,0.347997,0.429285,0.066915,0.349167,0.383694,-0.192289,0.338831,0.440778,0.079361,0.34385,0.387677,-0.174783,0.193048,0.545954,0.08578,0.206986,0.543484,-0.085942,0.176327,0.703296,0.117094,0.276857,0.648668,-0.050025,0.106904,0.821525,0.13532,0.299931,0.82457,-0.021157,0.088609,0.844187,0.135919,0.28757,0.853933,-0.018665,0.136726,0.853408,0.09754,0.344565,0.848566,-0.046836
AN_Lat_3_4.12.26,8,641.35,405.67,0,641.35,405.67,0.9923,642.13,413.91,0.9773,0.26642,0.27569,0.007894,0.263154,0.258742,0.01637,0.261386,0.258065,0.016196,0.259439,0.257612,0.016245,0.262662,0.258871,-0.012943,0.260715,0.25833,-0.013182,0.25874,0.257775,-0.013236,0.245673,0.262124,0.060451,0.245434,0.262074,-0.07159,0.259898,0.290171,0.029942,0.259488,0.290013,-0.009802,0.220176,0.342376,0.144626,0.228921,0.331729,-0.138126,0.271578,0.418328,0.175811,0.277403,0.386554,-0.182242,0.323296,0.433608,0.10621,0.334442,0.383252,-0.137635,0.341021,0.425012,0.107594,0.348411,0.371715,-0.160531,0.345923,0.412005,0.083546,0.347659,0.362732,-0.145967,0.338689,0.420855,0.094038,0.34241,0.369518,-0.131803,0.190172,0.548561,0.085661,0.20521,0.544856,-0.085825,0.176192,0.704819,0.119744,0.274245,0.648946,-0.050381,0.106573,0.823791,0.155327,0.299991,0.824287,-0.02116,0.088345,0.846288,0.156994,0.288266,0.853045,-0.018623,0.136746,0.853452,0.12503,0.344573,0.84796,-0.045524
AN_Lat_3_4.12.26,9,635.37,382.67,0,635.37,382.67,0.9922,639.91,396.11,0.9729,0.260888,0.275656,0.001029,0.257224,0.258449,0.009954,0.255341,0.257721,0.009771,0.253361,0.257221,0.009816,0.256886,0.258576,-0.019679,0.254974,0.258027,-0.019926,0.253069,0.257469,-0.019996,0.240633,0.261866,0.056745,0.240398,0.261778,-0.077089,0.254074,0.290178,0.023821,0.253687,0.289955,-0.016369,0.217589,0.342069,0.142916,0.223038,0.330269,-0.144031,0.271789,0.416698,0.163475,0.277059,0.371308,-0.202268,0.324744,0.405983,0.083814,0.333285,0.366764,-0.174071,0.341848,0.396993,0.083021,0.346566,0.354696,-0.200587,0.344875,0.380998,0.058701,0.346446,0.351594,-0.186488,0.338363,0.402495,0.071026,0.341442,0.354737,-0.168712,0.188794,0.550747,0.086105,0.200835,0.546071,-0.086269,0.176014,0.707108,0.129742,0.271889,0.649141,-0.05183,0.106359,0.825608,0.172258,0.300002,0.824105,-0.021147,0.088116,0.848999,0.173874,0.28824,0.85291,-0.018599,0.136851,0.853424,0.141805,0.344552,0.844947,-0.047326
AN_Lat_3_4.12.26,10,620.45,358.14,0,620.45,358.14,0.9914,637.49,381.09,0.9702,0.255795,0.274735,0.001775,0.252457,0.25705,0.010101,0.250591,0.256407,0.009923,0.248308,0.255923,0.009968,0.252108,0.25709,-0.019029,0.250292,0.256648,-0.019274,0.248055,0.256187,-0.01935,0.235628,0.260907,0.05524,0.235104,0.260882,-0.076466,0.248305,0.29013,0.024066,0.24784,0.289778,-0.015469,0.213012,0.34258,0.142526,0.21857,0.328502,-0.143763,0.270046,0.411894,0.163814,0.276397,0.362562,-0.194569,0.322176,0.387627,0.090643,0.332024,0.352865,-0.15893,0.339091,0.372533,0.091099,0.345238,0.347892,-0.184278,0.343563,0.364438,0.067797,0.346037,0.341796,-0.169874,0.334609,0.370877,0.078647,0.339716,0.344811,-0.153453,0.186333,0.551331,0.085872,0.196596,0.546354,-0.086026,0.175673,0.707433,0.136756,0.268592,0.649246,-0.059658,0.106322,0.826433,0.181769,0.299995,0.823837,-0.031789,0.08808,0.850558,0.183687,0.288185,0.852933,-0.0294,0.136885,0.853247,0.153591,0.344416,0.842511,-0.061399
AN_Lat_3_4.12.26,11,614.02,345.82,0,614.02,345.82,0.9902,632.51,363.1,0.9678,0.248907,0.274569,0.006204,0.246032,0.256363,0.014661,0.24395,0.255652,0.014491,0.241735,0.2551,0.014536,0.245733,0.256585,-0.014122,0.243698,0.256225,-0.01437,0.241632,0.255836,-0.014445,0.229387,0.259989,0.059935,0.228226,0.260262,-0.069673,0.241426,0.2901,0.028785,0.241081,0.28963,-0.010368,0.208654,0.343512,0.143224,0.214113,0.325822,-0.135589,0.268448,0.408876,0.164441,0.274473,0.354624,-0.191648,0.318128,0.367607,0.089884,0.329434,0.336206,-0.169597,0.334309,0.352989,0.089482,0.344876,0.335542,-0.197725,0.337324,0.341014,0.066638,0.344003,0.325588,-0.181842,0.329117,0.346873,0.07809,0.336428,0.327582,-0.164192,0.181972,0.551646,0.084915,0.192935,0.546306,-0.085051,0.17514,0.707519,0.136486,0.264576,0.649733,-0.075732,0.106281,0.826987,0.17854,0.299877,0.823591,-0.062169,0.088007,0.851375,0.18037,0.288406,0.852945,-0.061004,0.137425,0.852524,0.149521,0.344466,0.841514,-0.096539
AN_Lat_3_4.12.26,12,610.4,322.82,0,610.4,322.82,0.9883,629.51,340.85,0.9605,0.24709,0.272954,-0.00864,0.244092,0.254208,-0.001415,0.242468,0.253349,-0.001596,0.240722,0.252655,-0.001545,0.243199,0.254206,-0.028107,0.240884,0.253626,-0.028345,0.238447,0.253073,-0.028418,0.228407,0.257528,0.044137,0.225401,0.257686,-0.075824,0.240037,0.28883,0.014308,0.238913,0.288006,-0.022063,0.210779,0.342921,0.126385,0.21038,0.322724,-0.137942,0.268639,0.407956,0.138553,0.27259,0.34346,-0.204488,0.318348,0.347318,0.061334,0.327869,0.3156,-0.191294,0.334205,0.333519,0.058794,0.344289,0.313379,-0.220321,0.33717,0.326126,0.036673,0.342661,0.30691,-0.205626,0.329236,0.329081,0.049507,0.334609,0.307472,-0.186429,0.182225,0.552902,0.084499,0.190115,0.54717,-0.084622,0.174321,0.707653,0.148332,0.262662,0.650189,-0.07339,0.106444,0.826941,0.204696,0.299687,0.823517,-0.051728,0.088004,0.852119,0.207506,0.288913,0.852976,-0.049823,0.139545,0.852166,0.172763,0.344476,0.838736,-0.087159
AN_Lat_3_4.12.26,13,591.92,307.02,0,591.92,307.02,0.9879,615.1,324.24,0.9478,0.241776,0.273013,0.007412,0.239013,0.254188,0.014857,0.23704,0.253324,0.014667,0.234812,0.252664,0.014713,0.238613,0.254166,-0.012289,0.236543,0.25359,-0.012542,0.234104,0.253058,-0.012622,0.222352,0.25712,0.057921,0.220229,0.257342,-0.064201,0.234826,0.288848,0.029579,0.23434,0.287967,-0.007555,0.210345,0.34242,0.132647,0.204936,0.319425,-0.13169,0.267173,0.393404,0.158957,0.266026,0.335406,-0.1956,0.31315,0.32944,0.082154,0.320364,0.300226,-0.175859,0.323391,0.327716,0.079355,0.335674,0.291457,-0.202696,0.325669,0.317367,0.059364,0.332066,0.283268,-0.189618,0.32158,0.322412,0.071112,0.325469,0.287055,-0.171486,0.180461,0.553167,0.084294,0.188437,0.547322,-0.084416,0.174233,0.707843,0.150977,0.259323,0.650788,-0.076883,0.10684,0.826386,0.20919,0.299606,0.823519,-0.063906,0.088099,0.852044,0.212214,0.288862,0.853277,-0.063216,0.13963,0.851328,0.182061,0.344482,0.834562,-0.103026
AN_Lat_3_4.12.26,14,576.84,295.46,0,576.84,295.46,0.9886,601.56,307.58,0.9199,0.237603,0.272985,0.004568,0.235132,0.253994,0.012765,0.233388,0.253158,0.012574,0.231595,0.252533,0.012621,0.23445,0.253639,-0.015432,0.232456,0.252909,-0.01568,0.230369,0.2523,-0.015755,0.219357,0.255761,0.057572,0.216938,0.255524,-0.069279,0.231459,0.288496,0.02734,0.230712,0.28745,-0.011225,0.206817,0.342123,0.132892,0.20147,0.315187,-0.137817,0.266983,0.382945,0.153683,0.263086,0.318354,-0.200195,0.312581,0.318048,0.061395,0.313311,0.284794,-0.161831,0.324908,0.311604,0.057432,0.324491,0.274378,-0.185601,0.326827,0.306565,0.036872,0.322199,0.267825,-0.17397,0.320677,0.306519,0.049611,0.31762,0.273413,-0.157555,0.180599,0.553179,0.084412,0.187469,0.547483,-0.084518,0.174253,0.707473,0.160494,0.25733,0.651242,-0.084038,0.107417,0.825894,0.222588,0.299583,0.823457,-0.072698,0.088672,0.85194,0.225722,0.288896,0.85324,-0.072509,0.141543,0.850427,0.195331,0.344527,0.83093,-0.114795
AN_Lat_3_4.12.26,15,567.67,285.81,0,567.67,285.81,0.9876,585.12,280.14,0.9106,0.234316,0.272688,0.010198,0.231473,0.25388,0.018523,0.229828,0.253118,0.018329,0.228194,0.252547,0.018372,0.230945,0.253166,-0.010093,0.229142,0.252255,-0.01034,0.227273,0.251486,-0.010423,0.215614,0.254546,0.063751,0.21366,0.25359,-0.065299,0.22836,0.287733,0.033171,0.227618,0.286521,-0.006032,0.20436,0.341881,0.140009,0.19785,0.311642,-0.136166,0.26632,0.377628,0.164587,0.257943,0.315675,-0.196283,0.304603,0.297382,0.087074,0.304752,0.259386,-0.153297,0.313093,0.273134,0.085595,0.314549,0.244347,-0.17599,0.312161,0.263636,0.068752,0.310497,0.241431,-0.163394,0.30862,0.27237,0.077397,0.307828,0.24629,-0.148462,0.179731,0.553057,0.084728,0.186979,0.547424,-0.084842,0.174268,0.707156,0.155601,0.254023,0.652865,-0.081818,0.107469,0.825978,0.213424,0.299415,0.822633,-0.068805,0.0887,0.851516,0.216708,0.289526,0.853227,-0.06804,0.141815,0.850304,0.189758,0.34451,0.826319,-0.105715
AN_Lat_3_4.12.26,16,558.47,259.71,0,558.47,259.71,0.9876,572.0,259.42,0.911,0.231301,0.271171,0.008582,0.228333,0.253154,0.016549,0.226722,0.252541,0.016351,0.225001,0.252091,0.016391,0.227569,0.251822,-0.010849,0.225651,0.250665,-0.011102,0.223604,0.249767,-0.011194,0.21291,0.253097,0.061871,0.210916,0.251597,-0.06113,0.225944,0.28565,0.031492,0.225063,0.284207,-0.006025,0.205552,0.341847,0.139847,0.193286,0.308669,-0.126185,0.266551,0.369599,0.159351,0.254195,0.306188,-0.187801,0.297405,0.272893,0.08999,0.297915,0.240205,-0.161165,0.303074,0.24552,0.088837,0.305916,0.222454,-0.186406,0.298901,0.236001,0.074206,0.299928,0.21861,-0.173894,0.296705,0.243085,0.081699,0.297637,0.223826,-0.157013,0.179243,0.552859,0.082133,0.185336,0.546935,-0.082248,0.174294,0.707003,0.140765,0.251507,0.654319,-0.078441,0.107919,0.82569,0.206066,0.299305,0.82135,-0.065178,0.08936,0.850987,0.206235,0.290256,0.853101,-0.064307,0.141764,0.84964,0.179637,0.344564,0.823144,-0.100853
AN_Lat_3_4.12.26,17,544.76,244.85,0,544.76,244.85,0.9846,555.37,244.13,0.8996,0.230104,0.26894,0.01316,0.227225,0.251821,0.019952,0.225711,0.251353,0.019756,0.224142,0.251006,0.0198,0.226418,0.250098,-0.007222,0.22449,0.24877,-0.007469,0.222586,0.247757,-0.007552,0.211464,0.251061,0.062219,0.209953,0.24918,-0.060829,0.225015,0.283167,0.035037,0.224124,0.281624,-0.002348,0.201606,0.337699,0.139207,0.191748,0.30469,-0.125293,0.264376,0.361915,0.156026,0.254181,0.292639,-0.180667,0.289374,0.258846,0.092453,0.289254,0.226049,-0.133056,0.295074,0.230383,0.091638,0.296777,0.207508,-0.154045,0.290222,0.224709,0.079667,0.289482,0.202627,-0.143785,0.28741,0.230729,0.08531,0.286758,0.20904,-0.12932,0.178244,0.551811,0.081645,0.183646,0.545462,-0.081757,0.174303,0.706827,0.140931,0.2488,0.6547,-0.080499,0.108058,0.825587,0.199299,0.299171,0.82049,-0.083152,0.089462,0.850901,0.201183,0.290676,0.853052,-0.083853,0.142325,0.849109,0.174622,0.344451,0.818606,-0.122415
AN_Lat_3_4.12.26,18,540.85,230.29,0,540.85,230.29,0.9913,543.05,232.66,0.899,0.227289,0.266867,0.012483,0.224582,0.251121,0.0194,0.22308,0.250824,0.019201,0.221586,0.250629,0.019242,0.224036,0.249506,-0.008153,0.222287,0.248329,-0.008395,0.220601,0.247403,-0.008473,0.209589,0.250795,0.061932,0.208566,0.24885,-0.062781,0.222044,0.281407,0.034543,0.221423,0.279898,-0.003368,0.203385,0.336439,0.137012,0.18766,0.302334,-0.12621,0.262984,0.350733,0.14898,0.25251,0.282939,-0.185366,0.283255,0.243569,0.079863,0.282841,0.215428,-0.152383,0.28829,0.217433,0.077225,0.290195,0.194516,-0.176199,0.279286,0.210479,0.066979,0.279987,0.190691,-0.167098,0.276958,0.216826,0.073216,0.277582,0.19756,-0.14946,0.178986,0.550389,0.081316,0.18067,0.544388,-0.081421,0.174276,0.705795,0.140939,0.246336,0.654819,-0.089495,0.10882,0.825422,0.197145,0.299167,0.819828,-0.097555,0.090012,0.850808,0.199588,0.290861,0.852436,-0.098724,0.14277,0.847514,0.173651,0.344702,0.817877,-0.138545
AN_Lat_3_4.12.26,19,526.04,218.58,0,526.04,218.58,0.9916,528.77,220.42,0.8963,0.225109,0.261357,0.013154,0.221558,0.247441,0.01994,0.220004,0.247354,0.01974,0.218537,0.247371,0.01978,0.221424,0.245895,-0.007475,0.219792,0.244839,-0.007717,0.218209,0.243997,-0.007794,0.206674,0.248173,0.061806,0.205517,0.24617,-0.062324,0.220253,0.275614,0.03497,0.219804,0.273973,-0.002747,0.203678,0.332671,0.135757,0.184469,0.298863,-0.125177,0.260809,0.34116,0.149807,0.250213,0.273042,-0.182291,0.277953,0.235488,0.082736,0.275403,0.204091,-0.145178,0.283191,0.209389,0.080665,0.282707,0.182109,-0.167836,0.274741,0.203579,0.069361,0.273292,0.179492,-0.159349,0.272245,0.210947,0.07573,0.270895,0.185,-0.142506,0.179828,0.548985,0.080795,0.180933,0.542818,-0.080895,0.174295,0.705203,0.138486,0.244953,0.655388,-0.087223,0.109429,0.825242,0.192133,0.29915,0.81973,-0.090564,0.090627,0.850698,0.194012,0.291807,0.852447,-0.091388,0.144015,0.847002,0.167256,0.344687,0.814129,-0.130959
AN_Lat_3_4.12.26,20,510.0,205.0,0,514.05,202.65,0.9658,516.53,205.11,0.894,0.224261,0.259026,0.010726,0.221442,0.246102,0.017531,0.219955,0.246305,0.017331,0.218621,0.246559,0.017371,0.221178,0.244449,-0.009808,0.219644,0.243527,-0.010051,0.218023,0.24275,-0.010129,0.2069,0.247216,0.061632,0.205606,0.244463,-0.063904,0.219386,0.273573,0.03264,0.218953,0.271723,-0.004796,0.201842,0.331194,0.128298,0.181687,0.29661,-0.12325,0.260632,0.333896,0.137049,0.247633,0.264597,-0.184759,0.272975,0.224625,0.067384,0.269028,0.189914,-0.159447,0.277881,0.199593,0.063555,0.275509,0.167527,-0.184095,0.268168,0.195175,0.054335,0.265708,0.167589,-0.17532,0.265783,0.201926,0.061245,0.263075,0.173506,-0.156913,0.18047,0.547589,0.07889,0.181248,0.541252,-0.078995,0.17426,0.703632,0.138261,0.243429,0.656067,-0.086372,0.110652,0.824928,0.192986,0.298907,0.818854,-0.08929,0.092221,0.850034,0.195605,0.292231,0.852349,-0.090165,0.144541,0.846497,0.168678,0.344916,0.811655,-0.132193
AN_Lat_3_4.12.26,21,489.0,200.0,0,496.26,198.83,0.9945,501.08,187.81,0.8874,0.223063,0.254405,0.009253,0.220706,0.242518,0.016114,0.219028,0.24294,0.015914,0.217694,0.24337,0.015954,0.220445,0.24073,-0.011402,0.218854,0.239955,-0.011647,0.217066,0.239179,-0.011727,0.206039,0.244708,0.060746,0.204235,0.240939,-0.065656,0.218085,0.268965,0.031431,0.217807,0.26709,-0.006244,0.201475,0.325502,0.129302,0.17919,0.293301,-0.126623,0.259493,0.325302,0.143489,0.245243,0.252419,-0.187504,0.267567,0.214959,0.072602,0.260981,0.173901,-0.156349,0.271884,0.188229,0.068857,0.263984,0.152184,-0.179875,0.261657,0.186879,0.059108,0.255342,0.154137,-0.172785,0.260635,0.193591,0.066015,0.253858,0.161026,-0.154312,0.180866,0.545547,0.079527,0.180587,0.539164,-0.079638,0.174479,0.701845,0.137639,0.242049,0.656304,-0.085558,0.111398,0.824606,0.190281,0.2987,0.818156,-0.084807,0.092953,0.849631,0.192591,0.292506,0.852359,-0.085424,0.145194,0.845423,0.165211,0.34493,0.807822,-0.128263
AN_Lat_3_4.12.26,22,474.0,185.0,0,487.3,188.23,0.995,488.99,179.95,0.8883,0.221794,0.25002,0.01005,0.219175,0.238394,0.016927,0.217621,0.238807,0.016722,0.216372,0.239277,0.016763,0.218812,0.236956,-0.010772,0.217296,0.236336,-0.01102,0.215569,0.235684,-0.011103,0.204725,0.241639,0.060993,0.202489,0.237789,-0.065402,0.21766,0.263771,0.032451,0.217038,0.262242,-0.005607,0.201651,0.324399,0.13,0.178603,0.291794,-0.126139,0.257667,0.318964,0.153257,0.242087,0.248434,-0.186637,0.261458,0.207416,0.093269,0.254683,0.166623,-0.154532,0.264707,0.178022,0.09198,0.256406,0.1435,-0.1781,0.25719,0.179506,0.079536,0.249103,0.145872,-0.170745,0.255738,0.186621,0.085962,0.248029,0.153592,-0.152504,0.181248,0.544126,0.079962,0.180681,0.537676,-0.080074,0.174601,0.700848,0.135134,0.241649,0.656692,-0.083296,0.111843,0.824548,0.187155,0.298678,0.817242,-0.079806,0.093837,0.848793,0.18946,0.292636,0.852318,-0.080137,0.146019,0.844908,0.163226,0.345095,0.805239,-0.120046
AN_Lat_3_4.12.26,23,467.0,181.0,0,480.18,178.42,0.9951,479.72,172.28,0.8937,0.216075,0.248915,0.020279,0.212921,0.237613,0.026692,0.21141,0.237992,0.026496,0.209697,0.238435,0.026548,0.212817,0.236466,-8.4e-05,0.2113,0.235985,-0.00034,0.209731,0.23542,-0.000421,0.199641,0.241656,0.06804,0.197838,0.238282,-0.053381,0.212622,0.262315,0.042037,0.21211,0.260739,0.005117,0.199519,0.322988,0.136628,0.177837,0.290968,-0.115654,0.254348,0.311249,0.156672,0.238723,0.240868,-0.159056,0.256399,0.201138,0.089357,0.249855,0.159522,-0.10358,0.257855,0.17055,0.086855,0.251647,0.135576,-0.124042,0.250612,0.170601,0.0761,0.24382,0.13855,-0.116878,0.249089,0.180441,0.082581,0.242258,0.145584,-0.1011,0.18098,0.542846,0.080223,0.180645,0.535385,-0.080337,0.174952,0.699259,0.126087,0.240726,0.656707,-0.083738,0.112455,0.824228,0.166522,0.298645,0.816557,-0.093419,0.094653,0.84791,0.167903,0.292706,0.852255,-0.094771,0.146875,0.844202,0.144068,0.344539,0.802841,-0.131025
AN_Lat_3_4.12.26,24,449.0,174.0,0,471.11,170.05,0.995,463.58,167.02,0.9002,0.213187,0.24845,0.022677,0.209629,0.237186,0.028554,0.208091,0.237506,0.028357,0.206668,0.237914,0.028411,0.209512,0.236225,0.002252,0.208047,0.2358,0.001995,0.206511,0.23525,0.001918,0.19694,0.241497,0.067928,0.195562,0.238283,-0.05155,0.209504,0.261824,0.043677,0.209103,0.260144,0.007316,0.193239,0.321735,0.136652,0.178351,0.289873,-0.110545,0.249526,0.305705,0.157273,0.23731,0.238211,-0.151907,0.249557,0.197076,0.096956,0.241449,0.154652,-0.101268,0.247519,0.168004,0.095358,0.241498,0.127696,-0.122134,0.241025,0.167755,0.084335,0.234698,0.131359,-0.116019,0.240694,0.176703,0.090367,0.233845,0.139626,-0.099389,0.180802,0.542741,0.079521,0.181173,0.535007,-0.07963,0.175079,0.698661,0.127073,0.240847,0.656784,-0.085293,0.113138,0.823612,0.167852,0.298642,0.815965,-0.100613,0.095723,0.847498,0.17029,0.292922,0.852234,-0.101858,0.147443,0.842663,0.154613,0.343857,0.799081,-0.133533
AN_Lat_3_4.12.26,25,440.0,169.0,0,457.67,159.97,0.9947,451.41,156.62,0.9066,0.211731,0.242295,0.02182,0.207373,0.2309,0.028471,0.205989,0.231227,0.02827,0.204432,0.231769,0.028325,0.206906,0.230134,0.001145,0.205165,0.229795,0.000883,0.203388,0.229404,0.000797,0.19414,0.237464,0.070072,0.191897,0.234711,-0.053693,0.207992,0.254714,0.043639,0.20728,0.25354,0.0059,0.194814,0.318188,0.139879,0.176848,0.286902,-0.115473,0.24874,0.297764,0.159673,0.23464,0.228867,-0.156569,0.243557,0.184909,0.099146,0.23511,0.145019,-0.097859,0.241018,0.157775,0.097365,0.235397,0.118014,-0.119103,0.233555,0.156521,0.087521,0.228314,0.12195,-0.113484,0.234193,0.167994,0.092953,0.227336,0.130745,-0.095842,0.181081,0.542481,0.079654,0.181509,0.534719,-0.079751,0.175574,0.696471,0.127682,0.240063,0.657588,-0.084508,0.113894,0.823228,0.16863,0.298722,0.815762,-0.105313,0.096609,0.84744,0.170998,0.294108,0.852238,-0.107368,0.148988,0.842685,0.154935,0.34326,0.794747,-0.142529
AN_Lat_3_4.12.26,26,428.0,163.0,0,447.62,154.49,0.9937,441.0,151.2,0.9037,0.211094,0.244815,0.023657,0.206651,0.232332,0.030375,0.205173,0.232651,0.03017,0.203597,0.233164,0.030224,0.206399,0.231583,0.003157,0.204729,0.231317,0.0029,0.20298,0.230981,0.002812,0.193639,0.238391,0.072378,0.191507,0.235814,-0.051032,0.206265,0.256985,0.045798,0.205781,0.25576,0.008132,0.191874,0.315239,0.141645,0.172557,0.286385,-0.11209,0.247204,0.289219,0.159622,0.231826,0.225555,-0.160941,0.240191,0.177545,0.094215,0.229689,0.139999,-0.116086,0.236808,0.151512,0.09086,0.227765,0.113647,-0.138398,0.22866,0.151515,0.08449,0.221097,0.117875,-0.133394,0.228531,0.161638,0.089222,0.220682,0.12665,-0.114582,0.180946,0.540916,0.079951,0.181266,0.532496,-0.08005,0.175757,0.692588,0.13176,0.239266,0.657549,-0.087909,0.11501,0.821453,0.185749,0.298837,0.815232,-0.113689,0.097463,0.846104,0.1891,0.294817,0.852091,-0.116415,0.148629,0.842803,0.169653,0.343585,0.79718,-0.157824
AN_Lat_3_4.12.26,27,425.0,159.0,0,433.65,150.29,0.9875,424.14,144.91,0.8975,0.209858,0.244792,0.024082,0.205871,0.231642,0.031376,0.204601,0.231767,0.031171,0.20332,0.232095,0.03122,0.205202,0.230987,0.003752,0.203477,0.230618,0.003493,0.201706,0.229988,0.0034,0.193413,0.236784,0.075223,0.190397,0.233808,-0.050096,0.205303,0.25702,0.046798,0.204309,0.255831,0.008597,0.192512,0.312965,0.146654,0.169921,0.285503,-0.111702,0.245392,0.286333,0.163318,0.226546,0.220645,-0.157861,0.234183,0.174616,0.098193,0.220906,0.134173,-0.101083,0.231002,0.149329,0.097604,0.219884,0.108705,-0.120639,0.222896,0.149983,0.087716,0.212933,0.113153,-0.116788,0.222857,0.158205,0.089638,0.212762,0.121425,-0.099626,0.18113,0.538258,0.080286,0.180474,0.530574,-0.08039,0.175889,0.691783,0.131719,0.238925,0.6575,-0.09118,0.115843,0.819057,0.185327,0.298792,0.814333,-0.117557,0.098521,0.844507,0.188725,0.294823,0.851953,-0.120464,0.14868,0.842616,0.167269,0.343361,0.796442,-0.162503
AN_Lat_3_4.12.26,28,407.0,156.0,0,421.84,146.04,0.9859,413.46,141.69,0.8954,0.206613,0.234157,0.02317,0.202996,0.222046,0.030949,0.202069,0.22305,0.030746,0.201134,0.224148,0.03079,0.201551,0.220305,0.003776,0.199553,0.220103,0.003514,0.197539,0.219761,0.003417,0.191732,0.229634,0.07698,0.186596,0.225788,-0.046075,0.203507,0.248577,0.046327,0.202018,0.247142,0.008674,0.194443,0.308659,0.149112,0.169185,0.279652,-0.108765,0.246279,0.288667,0.168633,0.22599,0.216669,-0.157911,0.232747,0.172406,0.110361,0.215345,0.131195,-0.110055,0.227402,0.147079,0.108587,0.212306,0.105333,-0.130616,0.220766,0.148374,0.10685,0.206388,0.110037,-0.128691,0.22159,0.156612,0.10645,0.206708,0.11948,-0.109515,0.181402,0.534624,0.080555,0.179549,0.527282,-0.080644,0.176218,0.691437,0.132696,0.238821,0.657423,-0.114247,0.11631,0.817333,0.187591,0.298788,0.812774,-0.171051,0.098423,0.843651,0.190594,0.29559,0.851428,-0.177343,0.150341,0.842325,0.170233,0.343628,0.796597,-0.228879
AN_Lat_3_4.12.26,29,405.0,154.0,0,413.8,150.31,0.9868,408.49,137.13,0.8956,0.20634,0.237242,0.035695,0.202407,0.224406,0.043488,0.201056,0.225167,0.043294,0.199676,0.226054,0.043347,0.201771,0.222962,0.015054,0.199947,0.222726,0.014788,0.198105,0.222381,0.014687,0.189828,0.230961,0.088035,0.186711,0.227519,-0.040843,0.202384,0.251529,0.058513,0.201498,0.249941,0.019163,0.190613,0.308234,0.161527,0.169348,0.279484,-0.10696,0.244335,0.284224,0.192858,0.223832,0.21241,-0.147706,0.227571,0.170026,0.151724,0.212756,0.126972,-0.077377,0.223742,0.141556,0.152993,0.209022,0.09992,-0.095688,0.215166,0.143689,0.149009,0.20191,0.105408,-0.09287,0.2149,0.151947,0.148036,0.201845,0.114627,-0.075993,0.181531,0.533482,0.082979,0.180029,0.526312,-0.083097,0.177134,0.690182,0.132832,0.239192,0.655856,-0.105054,0.116795,0.816189,0.182903,0.298594,0.811728,-0.145661,0.098897,0.84284,0.185423,0.295549,0.850479,-0.149859,0.150777,0.842322,0.168726,0.343518,0.79634,-0.190791
AN_Lat_3_4.12.26,30,393.0,154.0,0,405.39,156.08,0.9851,400.94,138.94,0.8979,0.206063,0.237131,0.039031,0.202475,0.223944,0.047078,0.201366,0.22462,0.046879,0.200264,0.225433,0.046924,0.201551,0.22281,0.018458,0.199761,0.222756,0.01818,0.197902,0.222605,0.018068,0.190592,0.230804,0.092497,0.186307,0.22794,-0.03762,0.202581,0.251405,0.062038,0.201266,0.249825,0.022435,0.191378,0.308799,0.16625,0.168353,0.280135,-0.104319,0.241463,0.279904,0.224998,0.220572,0.211782,-0.156333,0.223134,0.171996,0.22367,0.208821,0.128651,-0.105009,0.219481,0.144828,0.23061,0.204209,0.101314,-0.126489,0.210965,0.14819,0.224218,0.197105,0.107042,-0.1196,0.211686,0.1556,0.220207,0.197407,0.116907,-0.102541,0.181653,0.532301,0.083489,0.179887,0.524178,-0.08361,0.177669,0.689471,0.128392,0.239966,0.654922,-0.102057,0.117097,0.814926,0.162973,0.298718,0.811275,-0.147225,0.099604,0.841779,0.164149,0.296159,0.84985,-0.151741,0.15044,0.841712,0.152462,0.344386,0.794599,-0.191184
AN_Lat_3_4.12.26,31,393.0,154.0,0,398.06,151.8,0.9853,393.3,138.18,0.8984,0.205404,0.237815,0.039608,0.201291,0.224153,0.047637,0.2001,0.22481,0.04744,0.199001,0.225603,0.04749,0.200507,0.223083,0.019157,0.198763,0.223065,0.018884,0.197002,0.222943,0.01878,0.189185,0.231266,0.093464,0.185707,0.228236,-0.035821,0.20152,0.252102,0.062861,0.200299,0.250234,0.023502,0.190288,0.30892,0.167475,0.168394,0.278895,-0.09997,0.23985,0.272733,0.219553,0.219778,0.206644,-0.138183,0.21934,0.17016,0.199378,0.204842,0.127944,-0.072409,0.214921,0.143744,0.202644,0.198924,0.1011,-0.090634,0.207525,0.146132,0.195584,0.192581,0.107677,-0.090189,0.208156,0.155009,0.195051,0.193555,0.117097,-0.071984,0.181772,0.532286,0.083607,0.180577,0.52412,-0.083737,0.179353,0.688771,0.120943,0.240667,0.654908,-0.099151,0.117722,0.813918,0.144247,0.298737,0.81074,-0.131817,0.100031,0.840864,0.144607,0.296322,0.849177,-0.13523,0.150158,0.840791,0.130237,0.34442,0.791969,-0.172538
AN_Lat_3_4.12.26,32,383.0,152.0,0,389.57,150.01,0.9863,385.49,136.71,0.8938,0.205314,0.239198,0.054593,0.201513,0.225305,0.062869,0.200157,0.225908,0.062692,0.198883,0.22662,0.062752,0.20104,0.224228,0.033975,0.199374,0.224156,0.033712,0.197703,0.223964,0.033622,0.189333,0.231997,0.10674,0.186676,0.22904,-0.024045,0.200963,0.253627,0.077371,0.199974,0.251846,0.037585,0.186035,0.308511,0.177773,0.17005,0.278968,-0.09184,0.235473,0.268179,0.209481,0.217914,0.205046,-0.128274,0.212943,0.166972,0.184405,0.200778,0.126587,-0.060768,0.209707,0.14296,0.199918,0.194547,0.098722,-0.079041,0.202709,0.144415,0.17483,0.188549,0.105448,-0.079122,0.202939,0.153477,0.176132,0.189603,0.115712,-0.060594,0.181728,0.53231,0.085064,0.180881,0.523672,-0.085218,0.180036,0.687016,0.122475,0.241292,0.654558,-0.101588,0.118063,0.81268,0.152206,0.298761,0.809577,-0.143989,0.100475,0.83978,0.153225,0.296825,0.848378,-0.148679,0.15044,0.839713,0.135064,0.345266,0.791388,-0.18955
AN_Lat_3_4.12.26,33,384.17,151.27,0,384.17,151.27,0.987,372.66,133.05,0.891,0.203744,0.240069,0.048947,0.199827,0.226064,0.056933,0.198552,0.22668,0.056748,0.197326,0.227385,0.056802,0.199242,0.224918,0.028544,0.197553,0.224852,0.028285,0.195867,0.224676,0.028194,0.187427,0.232469,0.099984,0.184873,0.229662,-0.0288,0.199855,0.254707,0.071322,0.198629,0.252968,0.032179,0.185961,0.307478,0.170606,0.16898,0.279134,-0.094704,0.235485,0.260964,0.199439,0.215328,0.202487,-0.129325,0.209013,0.162762,0.143722,0.194093,0.123196,-0.061407,0.204498,0.137332,0.142249,0.185992,0.096929,-0.07908,0.197631,0.149965,0.138078,0.180147,0.104296,-0.081464,0.197882,0.149468,0.140004,0.181947,0.1143,-0.062048,0.181967,0.532658,0.085296,0.181613,0.524241,-0.085454,0.180446,0.686181,0.132792,0.241889,0.654544,-0.109027,0.118587,0.811965,0.176353,0.298845,0.807922,-0.159113,0.100698,0.838813,0.178986,0.297616,0.847624,-0.164617,0.153835,0.839204,0.168832,0.346023,0.787432,-0.208635
AN_Lat_3_4.12.26,34,380.48,157.41,0,380.48,157.41,0.9872,365.72,132.09,0.8848,0.204542,0.240482,0.04994,0.200628,0.226542,0.058046,0.199362,0.226962,0.057854,0.198003,0.227551,0.057902,0.199944,0.225672,0.030224,0.198167,0.225463,0.029968,0.196311,0.2252,0.029871,0.188364,0.232888,0.101968,0.185457,0.230103,-0.024455,0.200863,0.254902,0.072655,0.199519,0.253105,0.034176,0.187624,0.30777,0.168387,0.168043,0.279982,-0.089921,0.234689,0.256306,0.197483,0.212131,0.202786,-0.141094,0.203444,0.157895,0.136493,0.190479,0.122304,-0.073629,0.197268,0.13184,0.131592,0.181494,0.097432,-0.097377,0.190558,0.140653,0.131313,0.175804,0.10595,-0.111899,0.191938,0.147996,0.133872,0.178259,0.116456,-0.082489,0.182923,0.532842,0.0854,0.182027,0.524703,-0.085557,0.18101,0.685806,0.135619,0.242254,0.654344,-0.135671,0.118751,0.811366,0.191615,0.298907,0.807177,-0.203853,0.101037,0.838839,0.195448,0.298487,0.846332,-0.211358,0.155098,0.838909,0.184788,0.346018,0.786872,-0.264763
AN_Lat_3_4.12.26,35,370.58,153.87,0,370.58,153.87,0.987,356.85,133.63,0.8741,0.205336,0.240807,0.046751,0.201784,0.226897,0.054521,0.200532,0.227171,0.054324,0.199018,0.227606,0.05437,0.201222,0.226079,0.026462,0.199553,0.225693,0.026204,0.197794,0.225267,0.026107,0.189404,0.23316,0.097836,0.186791,0.230293,-0.029541,0.201825,0.254988,0.069287,0.200457,0.253457,0.03052,0.188281,0.308228,0.166923,0.168245,0.280759,-0.094271,0.226444,0.245486,0.16958,0.211033,0.200985,-0.146496,0.196755,0.153325,0.095093,0.185859,0.123728,-0.08871,0.187779,0.127016,0.086468,0.175234,0.098785,-0.112035,0.17879,0.132511,0.08644,0.168776,0.107666,-0.112822,0.182749,0.143992,0.091817,0.172031,0.117921,-0.090768,0.183668,0.532918,0.085726,0.18233,0.524817,-0.08588,0.181623,0.68513,0.142242,0.242576,0.653374,-0.14715,0.119073,0.810726,0.205676,0.299049,0.805844,-0.217439,0.101507,0.838886,0.209956,0.299122,0.844856,-0.225269,0.156064,0.838142,0.199055,0.34605,0.785746,-0.280308
AN_Lat_3_4.12.26,36,362.7,151.47,0,362.7,151.47,0.9857,351.9,137.94,0.8752,0.205637,0.241616,0.070132,0.202674,0.227222,0.078636,0.201491,0.227472,0.078446,0.200091,0.227916,0.078508,0.202232,0.226291,0.052539,0.200742,0.225939,0.052291,0.198973,0.225603,0.052197,0.190639,0.233701,0.122517,0.18796,0.23097,0.004085,0.202357,0.255786,0.092432,0.201126,0.254231,0.056139,0.189119,0.308237,0.178795,0.166737,0.28064,-0.05661,0.230172,0.250329,0.184059,0.209679,0.198542,-0.07642,0.196778,0.162547,0.121742,0.183283,0.127721,0.005163,0.187622,0.137679,0.112224,0.172648,0.103474,-0.008679,0.181901,0.142123,0.119749,0.16712,0.111566,-0.013585,0.184012,0.151572,0.12167,0.170717,0.122289,0.003813,0.184786,0.531046,0.084203,0.182559,0.522875,-0.084384,0.182414,0.683946,0.139097,0.242908,0.650235,-0.14678,0.119401,0.810218,0.200024,0.299115,0.805378,-0.238626,0.101713,0.838751,0.20276,0.299603,0.844973,-0.247849,0.156467,0.837529,0.190203,0.346151,0.784791,-0.296214
AN_Lat_3_4.12.26,37,356.38,148.89,0,356.38,148.89,0.985,348.07,142.85,0.874,0.203932,0.242104,0.083138,0.199346,0.227981,0.092128,0.198004,0.228185,0.091977,0.196488,0.228583,0.092047,0.199128,0.227117,0.065538,0.197581,0.226758,0.065299,0.195836,0.226394,0.065228,0.186792,0.234037,0.133687,0.185387,0.231312,0.012879,0.200978,0.256006,0.10402,0.200137,0.254424,0.067203,0.189366,0.30816,0.18601,0.167791,0.28086,-0.054492,0.229711,0.25207,0.185168,0.210895,0.19976,-0.077521,0.191762,0.168536,0.122928,0.181287,0.132267,0.002402,0.184527,0.147235,0.115771,0.168739,0.111234,-0.011997,0.179004,0.150529,0.119837,0.164446,0.117116,-0.018632,0.181234,0.157807,0.121777,0.168365,0.126014,0.000262,0.185334,0.529719,0.084208,0.18262,0.520925,-0.084393,0.182932,0.683124,0.135116,0.243164,0.649669,-0.136603,0.119923,0.809482,0.183509,0.299118,0.805235,-0.22111,0.102358,0.837419,0.185915,0.299524,0.845007,-0.230018,0.156597,0.83724,0.177376,0.346298,0.78324,-0.280821
AN_Lat_3_4.12.26,38,352.75,149.25,0,352.75,149.25,0.9851,337.24,137.95,0.8793,0.203948,0.242689,0.08247,0.198994,0.228644,0.090014,0.197557,0.228827,0.089869,0.195951,0.229203,0.089937,0.198855,0.227775,0.064056,0.197296,0.227395,0.063817,0.195606,0.226996,0.063751,0.185889,0.234439,0.127646,0.185061,0.231727,0.009749,0.200952,0.256501,0.102167,0.200225,0.254882,0.066304,0.188348,0.30763,0.179472,0.168902,0.280288,-0.054584,0.228553,0.250069,0.171989,0.21048,0.195163,-0.077011,0.187209,0.165073,0.103746,0.175645,0.127734,0.000121,0.177297,0.153513,0.095063,0.162277,0.109425,-0.013236,0.171699,0.148469,0.099126,0.158136,0.11747,-0.021716,0.174477,0.154605,0.102185,0.162124,0.125255,-0.00273,0.185759,0.528181,0.083114,0.182762,0.519143,-0.08332,0.183457,0.682699,0.128147,0.244101,0.649114,-0.129228,0.120316,0.808449,0.162594,0.299201,0.804783,-0.206561,0.102403,0.836357,0.16413,0.299584,0.844578,-0.214943,0.156506,0.836251,0.155556,0.346436,0.781981,-0.261835
AN_Lat_3_4.12.26,39,350.07,150.7,0,350.07,150.7,0.985,335.41,141.21,0.884,0.204741,0.243065,0.079354,0.200069,0.229124,0.08816,0.198597,0.22929,0.088006,0.196965,0.229645,0.088073,0.199963,0.228274,0.06151,0.198434,0.227888,0.061267,0.196777,0.227478,0.061197,0.187299,0.234639,0.13054,0.186199,0.232001,0.009094,0.20149,0.25689,0.100582,0.200756,0.255265,0.063654,0.188893,0.307429,0.180792,0.169083,0.280193,-0.055943,0.228697,0.248103,0.173048,0.209568,0.194209,-0.081742,0.185342,0.169261,0.106942,0.174695,0.130746,-0.008497,0.176092,0.156505,0.099312,0.162954,0.111617,-0.023118,0.170624,0.153236,0.101664,0.158685,0.120556,-0.031551,0.173022,0.159094,0.104804,0.162022,0.128566,-0.01132,0.186987,0.528489,0.083258,0.183381,0.519103,-0.083464,0.183464,0.682911,0.130992,0.245148,0.647467,-0.164222,0.120423,0.807549,0.178161,0.299433,0.804129,-0.255134,0.102528,0.835616,0.181299,0.299966,0.844551,-0.264646,0.156303,0.835231,0.170816,0.347275,0.782159,-0.32116
AN_Lat_3_4.12.26,40,347.45,150.98,0,347.45,150.98,0.9847,331.39,143.52,0.8887,0.202685,0.240217,0.069039,0.196675,0.226954,0.0773,0.194962,0.227181,0.077134,0.19348,0.227595,0.077196,0.196544,0.226292,0.050519,0.195074,0.226068,0.050267,0.193338,0.225806,0.050184,0.184791,0.232777,0.119856,0.183908,0.230528,-0.001957,0.2003,0.254915,0.09052,0.199582,0.253196,0.053471,0.188917,0.305094,0.176935,0.16981,0.279377,-0.066488,0.227138,0.241732,0.172361,0.2107,0.192725,-0.081407,0.182667,0.166775,0.108518,0.1726,0.13289,0.004697,0.17332,0.158971,0.101331,0.160229,0.113981,-0.00868,0.167873,0.15309,0.102517,0.156034,0.123999,-0.019809,0.170883,0.159648,0.10592,0.159855,0.132256,0.001328,0.187923,0.528586,0.083278,0.18502,0.519094,-0.083481,0.183378,0.68238,0.135981,0.246105,0.646168,-0.156017,0.121264,0.80545,0.186393,0.299564,0.803776,-0.211323,0.103233,0.833775,0.189767,0.300109,0.844477,-0.21835,0.157097,0.833304,0.179457,0.347676,0.780389,-0.267743
AN_Lat_3_4.12.26,41,355.29,162.26,0,355.29,162.26,0.9847,331.38,144.97,0.8937,0.202788,0.239966,0.074126,0.196685,0.22706,0.082198,0.195101,0.227327,0.082049,0.193611,0.227769,0.082115,0.1965,0.226427,0.056161,0.194991,0.226263,0.055913,0.193366,0.226039,0.055836,0.18465,0.233009,0.122999,0.183769,0.230784,0.004586,0.200505,0.255127,0.094851,0.199701,0.253259,0.058806,0.189397,0.305297,0.177404,0.170304,0.279268,-0.061177,0.228245,0.240083,0.172701,0.210325,0.191334,-0.07943,0.184465,0.16749,0.109341,0.172592,0.13423,-0.001285,0.175031,0.160974,0.101992,0.159355,0.115517,-0.015748,0.168093,0.153422,0.103292,0.155519,0.125793,-0.025496,0.171557,0.16076,0.106755,0.159876,0.134118,-0.004474,0.189166,0.528428,0.083315,0.186695,0.518704,-0.083515,0.183534,0.681718,0.135268,0.247098,0.644975,-0.142408,0.121687,0.804916,0.183452,0.299567,0.803152,-0.21726,0.103822,0.832823,0.186723,0.300028,0.844377,-0.226039,0.158322,0.832856,0.178653,0.347596,0.780754,-0.276742
AN_Lat_3_4.12.26,42,356.22,160.08,0,356.22,160.08,0.9844,331.39,147.94,0.8991,0.202179,0.240384,0.104844,0.196013,0.227159,0.114398,0.19431,0.227407,0.114266,0.192989,0.227976,0.114345,0.195697,0.226806,0.089114,0.193896,0.226588,0.088868,0.192421,0.226328,0.088806,0.184532,0.234366,0.156936,0.183271,0.231813,0.04122,0.200529,0.255435,0.12551,0.199642,0.253553,0.09025,0.189745,0.305484,0.205107,0.170798,0.278913,-0.028686,0.229047,0.241024,0.206522,0.210755,0.191016,-0.033092,0.187051,0.170916,0.16687,0.1726,0.136982,0.061789,0.17725,0.162351,0.164272,0.159687,0.118392,0.050105,0.171023,0.15582,0.166431,0.155501,0.128117,0.041157,0.175133,0.16188,0.165525,0.160389,0.136303,0.059085,0.190056,0.528113,0.084241,0.188339,0.517511,-0.084434,0.183481,0.680975,0.138287,0.24798,0.643522,-0.174304,0.121943,0.804634,0.183258,0.299607,0.801946,-0.293077,0.104598,0.832517,0.186366,0.300035,0.843857,-0.304675,0.157928,0.832021,0.176721,0.34806,0.776603,-0.359529
AN_Lat_3_4.12.26,43,357.53,158.82,0,357.53,158.82,0.9846,327.32,147.24,0.9052,0.203245,0.239453,0.092085,0.197261,0.226603,0.100246,0.195644,0.226901,0.100108,0.194266,0.227497,0.10018,0.19702,0.226178,0.075265,0.195318,0.226009,0.075021,0.19382,0.225793,0.074951,0.185614,0.233694,0.139971,0.18433,0.230915,0.025988,0.201296,0.254581,0.11207,0.200426,0.252514,0.077387,0.189467,0.305134,0.193021,0.171033,0.276889,-0.040815,0.227623,0.239245,0.19758,0.211048,0.186586,-0.052585,0.184609,0.172087,0.146899,0.170481,0.136333,0.031953,0.174531,0.163193,0.137705,0.157876,0.119619,0.019331,0.168594,0.158792,0.146775,0.154647,0.129392,0.008973,0.172512,0.163984,0.147604,0.1596,0.137609,0.028606,0.190399,0.527338,0.083539,0.189333,0.515764,-0.083755,0.183692,0.679456,0.128915,0.249518,0.642753,-0.163757,0.122074,0.80367,0.153172,0.299815,0.80145,-0.235397,0.104801,0.831608,0.153936,0.300097,0.843698,-0.243565,0.157627,0.831425,0.14341,0.348653,0.777271,-0.292396
AN_Lat_3_4.12.26,44,359.47,158.86,0,359.47,158.86,0.984,330.77,149.94,0.9085,0.203979,0.237303,0.087317,0.198278,0.225753,0.095863,0.196609,0.225939,0.095717,0.195135,0.226478,0.09579,0.198089,0.224109,0.070949,0.19638,0.22389,0.070696,0.194827,0.223522,0.070616,0.185718,0.232148,0.137377,0.18488,0.226552,0.023306,0.201683,0.252914,0.107771,0.200855,0.250802,0.072927,0.190287,0.305336,0.190695,0.171107,0.275378,-0.040852,0.228474,0.243022,0.218567,0.212114,0.187813,-0.051116,0.18757,0.175215,0.218921,0.172277,0.138829,0.036268,0.176846,0.166187,0.221965,0.158793,0.120968,0.024035,0.171667,0.166635,0.22387,0.155578,0.129603,0.01444,0.17483,0.172762,0.218686,0.160167,0.138034,0.033181,0.191542,0.527163,0.083666,0.190466,0.515993,-0.083879,0.183643,0.678734,0.135067,0.251048,0.642114,-0.175252,0.122107,0.803481,0.163031,0.300244,0.801587,-0.272318,0.104803,0.831501,0.164796,0.30083,0.843735,-0.281314,0.157249,0.830893,0.158527,0.348951,0.778167,-0.330572
AN_Lat_3_4.12.26,45,357.67,156.67,0,357.67,156.67,0.9817,334.37,150.92,0.9094,0.204569,0.2356,0.082238,0.199003,0.223897,0.090768,0.197334,0.223995,0.090622,0.19591,0.224442,0.090691,0.19877,0.222561,0.066075,0.196999,0.222151,0.065827,0.195453,0.221602,0.065742,0.186581,0.229774,0.132066,0.185546,0.22409,0.019783,0.202161,0.249322,0.102654,0.201322,0.247112,0.068167,0.191714,0.304558,0.186677,0.172897,0.272161,-0.044549,0.228798,0.244573,0.20961,0.212909,0.185555,-0.055571,0.190051,0.175815,0.180916,0.174149,0.139741,0.030904,0.180262,0.17477,0.179915,0.160658,0.122375,0.018535,0.174605,0.170504,0.179092,0.157788,0.130006,0.007714,0.177183,0.17449,0.178688,0.162713,0.138461,0.027446,0.191752,0.525887,0.082821,0.191203,0.513408,-0.083049,0.183702,0.677803,0.125646,0.252166,0.641201,-0.155628,0.122078,0.802981,0.145703,0.300522,0.801686,-0.237506,0.104837,0.831166,0.146138,0.301225,0.843783,-0.245428,0.157184,0.830582,0.134113,0.34906,0.776848,-0.29335
AN_Lat_3_4.12.26,46,359.46,151.29,0,359.46,151.29,0.9791,338.23,150.66,0.9119,0.204771,0.231041,0.053713,0.199208,0.219935,0.062573,0.197398,0.220069,0.062432,0.196128,0.220389,0.062515,0.199157,0.219036,0.038665,0.197371,0.218728,0.038413,0.195942,0.218231,0.038318,0.1871,0.227019,0.108179,0.185625,0.222297,0.001286,0.203643,0.245322,0.075767,0.202467,0.243035,0.042574,0.194399,0.302708,0.173287,0.176045,0.269957,-0.053806,0.230729,0.241065,0.205429,0.213151,0.184635,-0.07086,0.191247,0.177139,0.166232,0.176164,0.139502,0.015496,0.182163,0.175394,0.163998,0.162715,0.123138,0.002128,0.176725,0.170691,0.162605,0.159961,0.130643,-0.007812,0.179113,0.174672,0.163531,0.16494,0.139133,0.012477,0.192225,0.524468,0.082795,0.191936,0.512265,-0.083024,0.183654,0.677147,0.118218,0.253626,0.639956,-0.098716,0.122217,0.803166,0.133116,0.300828,0.801292,-0.157382,0.104886,0.831259,0.13263,0.301127,0.842468,-0.163627,0.157193,0.829927,0.113079,0.349026,0.777109,-0.208646
AN_Lat_3_4.12.26,47,371.76,157.42,0,371.76,157.42,0.9876,341.13,148.55,0.914,0.209451,0.228654,0.054539,0.202896,0.218343,0.063288,0.201046,0.218588,0.063143,0.199538,0.218984,0.063222,0.203097,0.217686,0.038969,0.201438,0.217515,0.038718,0.199578,0.217149,0.038625,0.19046,0.225957,0.108252,0.189825,0.22183,0.000883,0.207792,0.242799,0.076383,0.206785,0.240469,0.04266,0.197624,0.300038,0.171055,0.180323,0.267432,-0.057564,0.232304,0.237692,0.199487,0.213553,0.183163,-0.071099,0.191791,0.175057,0.160444,0.17767,0.137543,0.021773,0.183493,0.17474,0.158604,0.164417,0.12266,0.009885,0.176549,0.169659,0.155796,0.162129,0.131438,-0.001071,0.179898,0.173628,0.157218,0.16687,0.139918,0.018547,0.192318,0.522394,0.082234,0.192005,0.510731,-0.08247,0.183618,0.67663,0.115921,0.254621,0.638934,-0.094082,0.122606,0.803043,0.133035,0.301109,0.800554,-0.15183,0.10497,0.831287,0.132706,0.300987,0.841249,-0.158016,0.157238,0.829246,0.112315,0.349025,0.776958,-0.203124
AN_Lat_3_4.12.26,48,378.31,153.59,0,378.31,153.59,0.9885,346.46,148.38,0.9058,0.211474,0.226467,0.044713,0.204893,0.216968,0.052992,0.202971,0.217112,0.052838,0.201588,0.217525,0.052913,0.204728,0.21636,0.028808,0.202792,0.216103,0.028552,0.200964,0.215745,0.028451,0.192938,0.223692,0.097669,0.191481,0.219774,-0.010878,0.209998,0.24026,0.066402,0.208844,0.238038,0.032642,0.199548,0.299043,0.158232,0.182603,0.26698,-0.064291,0.23508,0.238138,0.197358,0.216155,0.182623,-0.075265,0.193923,0.175959,0.169645,0.18045,0.137385,0.022298,0.185794,0.174479,0.169317,0.168324,0.121912,0.011201,0.179162,0.168909,0.169373,0.165465,0.131197,-0.000811,0.182357,0.172576,0.168014,0.169642,0.139106,0.018806,0.194292,0.522785,0.082092,0.193066,0.511392,-0.082321,0.183582,0.676904,0.129799,0.255555,0.638003,-0.101682,0.123086,0.802333,0.161379,0.301722,0.800702,-0.164631,0.105264,0.830037,0.162404,0.301157,0.840641,-0.171184,0.157047,0.827917,0.134152,0.349032,0.777429,-0.217451
AN_Lat_3_4.12.26,49,382.97,152.95,0,382.97,152.95,0.9892,349.72,147.18,0.9023,0.21454,0.226282,0.031489,0.207982,0.216074,0.041217,0.206224,0.216107,0.041058,0.204809,0.216401,0.041139,0.207779,0.215625,0.016619,0.205963,0.215347,0.016372,0.20399,0.214799,0.016278,0.195844,0.222175,0.091572,0.194679,0.218933,-0.018657,0.212848,0.239983,0.055607,0.211707,0.237924,0.021521,0.201949,0.297258,0.157001,0.185469,0.266214,-0.068359,0.238408,0.238743,0.187308,0.220226,0.180932,-0.078228,0.195288,0.175484,0.153649,0.182146,0.136279,0.017464,0.187503,0.17429,0.148734,0.170619,0.120301,0.005796,0.181013,0.168131,0.149701,0.167534,0.131145,-0.005166,0.183964,0.171747,0.151775,0.171399,0.139253,0.014377,0.195032,0.521971,0.081796,0.193813,0.510044,-0.082038,0.183558,0.675146,0.117942,0.256259,0.637014,-0.086764,0.123137,0.801791,0.141356,0.301973,0.800379,-0.136598,0.105244,0.829843,0.141692,0.301093,0.839781,-0.142064,0.156967,0.827827,0.117822,0.349902,0.777602,-0.187952
AN_Lat_3_4.12.26,50,391.81,153.38,0,391.81,153.38,0.9886,351.52,141.79,0.9018,0.215633,0.224493,0.036821,0.20925,0.213702,0.046091,0.207761,0.213724,0.045934,0.206468,0.214012,0.046011,0.208841,0.213314,0.020517,0.207113,0.21303,0.020266,0.205261,0.21256,0.020172,0.197766,0.219739,0.094239,0.196,0.216137,-0.021362,0.213928,0.237862,0.060114,0.212663,0.235897,0.024716,0.203429,0.295686,0.157298,0.186275,0.265462,-0.077056,0.242787,0.237996,0.198034,0.224397,0.181707,-0.080028,0.195546,0.170703,0.17634,0.183085,0.131288,0.008838,0.188412,0.171183,0.174653,0.171027,0.116834,-0.004319,0.18106,0.160813,0.173846,0.168114,0.128106,-0.013573,0.184579,0.166769,0.174007,0.172406,0.135517,0.006244,0.195816,0.521163,0.082873,0.194956,0.509749,-0.083112,0.183498,0.674449,0.119143,0.256901,0.636603,-0.080501,0.123118,0.801731,0.147522,0.302131,0.80009,-0.118464,0.105273,0.829783,0.148512,0.301054,0.838727,-0.12273,0.156868,0.826349,0.127496,0.349696,0.777098,-0.168611
AN_Lat_3_4.12.26,51,404.45,151.1,0,404.45,151.1,0.9646,368.99,141.24,0.8921,0.22004,0.22517,0.035201,0.214706,0.21408,0.044431,0.213386,0.214016,0.044276,0.2121,0.214236,0.044349,0.214209,0.213682,0.01835,0.212561,0.213315,0.018099,0.210769,0.212282,0.018003,0.20317,0.219373,0.092327,0.200737,0.216354,-0.02591,0.218115,0.23874,0.058493,0.216816,0.236947,0.0224,0.205717,0.293291,0.158649,0.188222,0.265651,-0.085692,0.245565,0.238604,0.198257,0.230461,0.183711,-0.102637,0.202683,0.167365,0.180416,0.19218,0.130777,-0.015012,0.195499,0.155451,0.179985,0.180008,0.114117,-0.029084,0.188803,0.15544,0.178401,0.175823,0.124805,-0.037732,0.191552,0.161472,0.177797,0.179971,0.13314,-0.017494,0.196654,0.519679,0.083461,0.195426,0.509432,-0.083701,0.183463,0.673239,0.119945,0.257634,0.636646,-0.088813,0.123192,0.801549,0.151381,0.302384,0.799603,-0.133603,0.105426,0.82979,0.152613,0.301178,0.838501,-0.138409,0.15698,0.826336,0.13282,0.350011,0.777863,-0.183613
AN_Lat_3_4.12.26,52,424.49,148.51,0,424.49,148.51,0.9693,387.67,140.3,0.8796,0.222026,0.224681,0.024598,0.216503,0.212357,0.034313,0.215309,0.212182,0.034157,0.214196,0.21231,0.034237,0.215879,0.212215,0.007126,0.214246,0.211903,0.006872,0.212269,0.211159,0.006774,0.204827,0.217243,0.085548,0.202194,0.215592,-0.037909,0.220003,0.238346,0.049287,0.218642,0.236798,0.011717,0.208022,0.292562,0.157558,0.190243,0.266369,-0.099441,0.251859,0.239519,0.188729,0.236487,0.185359,-0.108985,0.211431,0.163638,0.15161,0.20191,0.129905,-0.013611,0.20343,0.145502,0.147732,0.189605,0.11135,-0.027466,0.196795,0.148985,0.147204,0.185031,0.121285,-0.036611,0.199322,0.155741,0.148582,0.188937,0.129961,-0.016008,0.198359,0.519922,0.085726,0.196927,0.509887,-0.085942,0.183148,0.673061,0.138511,0.258721,0.636867,-0.086668,0.123157,0.801356,0.183862,0.302608,0.799713,-0.12175,0.105383,0.829677,0.185933,0.301131,0.838435,-0.125956,0.156891,0.825682,0.159377,0.349972,0.77804,-0.176149
AN_Lat_3_4.12.26,53,434.39,143.85,0,434.39,143.85,0.9641,408.1,137.73,0.8702,0.227918,0.224822,0.018909,0.22342,0.212046,0.028694,0.222206,0.211858,0.028524,0.221151,0.212057,0.0286,0.222505,0.211824,0.002142,0.220773,0.21143,0.001894,0.219017,0.210543,0.001798,0.211308,0.216836,0.08051,0.207979,0.215057,-0.039871,0.225471,0.238738,0.043901,0.224042,0.237276,0.007219,0.211885,0.29228,0.154151,0.193939,0.266901,-0.097398,0.258245,0.240509,0.176017,0.241197,0.186537,-0.107217,0.222175,0.158193,0.121937,0.21255,0.127531,-0.011946,0.213361,0.136187,0.114683,0.200435,0.107437,-0.025688,0.207374,0.142758,0.114029,0.195288,0.11757,-0.034454,0.209769,0.150589,0.11862,0.1995,0.127259,-0.014098,0.198865,0.519429,0.085146,0.197531,0.509267,-0.08537,0.183075,0.672867,0.132251,0.25923,0.636495,-0.066682,0.123293,0.800232,0.170269,0.302833,0.799237,-0.094261,0.105551,0.828963,0.171087,0.301223,0.837889,-0.098086,0.157091,0.825581,0.14188,0.349916,0.778306,-0.145669
AN_Lat_3_4.12.26,54,449.21,140.2,0,449.21,140.2,0.9649,427.09,134.86,0.8649,0.233701,0.224197,0.024473,0.230056,0.209693,0.033691,0.228976,0.209398,0.033517,0.22785,0.209529,0.033587,0.22942,0.209234,0.006156,0.227948,0.208566,0.005901,0.226404,0.207664,0.005801,0.218138,0.212997,0.082588,0.215113,0.210886,-0.043362,0.230434,0.237754,0.048447,0.229382,0.236547,0.010462,0.215085,0.289391,0.155686,0.198276,0.263842,-0.103125,0.26261,0.241461,0.189458,0.248129,0.186771,-0.122524,0.231498,0.157256,0.157602,0.222444,0.124875,-0.03594,0.219691,0.142033,0.155169,0.211833,0.103693,-0.051149,0.213612,0.145245,0.152781,0.205416,0.11353,-0.057945,0.219121,0.14958,0.154185,0.209096,0.123217,-0.037484,0.19876,0.517888,0.085072,0.199207,0.507811,-0.085295,0.183009,0.67172,0.123448,0.260881,0.636636,-0.054813,0.123515,0.799742,0.149615,0.303129,0.799263,-0.061138,0.105816,0.827736,0.149153,0.301175,0.837336,-0.062514,0.157547,0.825637,0.121169,0.349858,0.778934,-0.102453
AN_Lat_3_4.12.26,55,469.36,142.58,0,469.36,142.58,0.9686,435.72,133.58,0.8471,0.238209,0.211824,0.018663,0.235271,0.192448,0.027886,0.233985,0.192687,0.027702,0.233051,0.193372,0.027767,0.234919,0.191675,-0.000229,0.233239,0.191632,-0.000502,0.231787,0.191506,-0.000613,0.223917,0.199162,0.077774,0.220066,0.197372,-0.050466,0.235365,0.226148,0.04296,0.234495,0.225465,0.004086,0.219118,0.285964,0.155245,0.200569,0.26127,-0.111241,0.266345,0.241634,0.224089,0.251379,0.187158,-0.1364,0.239561,0.159334,0.243234,0.226937,0.123689,-0.053657,0.233107,0.143325,0.250247,0.21871,0.10339,-0.069378,0.228123,0.145743,0.244583,0.213352,0.111223,-0.07478,0.229295,0.150211,0.240126,0.215772,0.119451,-0.054932,0.20133,0.5162,0.085316,0.201323,0.507394,-0.085527,0.182997,0.671476,0.123904,0.261749,0.636334,-0.048454,0.1238,0.798826,0.150352,0.303272,0.798782,-0.048734,0.10592,0.826031,0.149785,0.300966,0.8362,-0.049214,0.157746,0.825155,0.122834,0.349453,0.779697,-0.086891
AN_Lat_3_4.12.26,56,487.03,151.03,0,487.03,151.03,0.9699,458.15,135.26,0.8,0.241886,0.213635,0.024563,0.239928,0.195952,0.033434,0.238331,0.195945,0.033257,0.23705,0.196373,0.033322,0.23974,0.195238,0.005548,0.238239,0.194912,0.00528,0.236481,0.194594,0.005178,0.226765,0.201093,0.079685,0.224493,0.199206,-0.050284,0.237579,0.226749,0.04811,0.237042,0.226081,0.009547,0.21723,0.28235,0.156249,0.204086,0.260222,-0.119032,0.265679,0.241839,0.220185,0.26054,0.197187,-0.15091,0.245182,0.157933,0.221593,0.238622,0.125244,-0.058273,0.241792,0.140321,0.225917,0.233236,0.105023,-0.072805,0.236163,0.142492,0.221784,0.226893,0.111794,-0.076522,0.23595,0.147322,0.21833,0.22768,0.120271,-0.058658,0.200719,0.514791,0.088202,0.202694,0.50621,-0.088401,0.183631,0.670894,0.134224,0.262327,0.636108,-0.057287,0.124005,0.797007,0.155698,0.303261,0.798841,-0.068935,0.105932,0.823617,0.154239,0.300941,0.836154,-0.07034,0.157491,0.82429,0.124786,0.349518,0.779879,-0.10734
AN_Lat_3_4.12.26,57,506.54,157.24,0,506.54,157.24,0.9735,482.86,136.55,0.7747,0.250113,0.214021,0.007157,0.24829,0.196125,0.014536,0.246757,0.195674,0.014346,0.24546,0.1956,0.0144,0.248171,0.19564,-0.016431,0.246826,0.195074,-0.016703,0.245234,0.194543,-0.016818,0.23466,0.198156,0.060032,0.233218,0.197252,-0.081437,0.24497,0.226403,0.030941,0.24455,0.225839,-0.011537,0.219916,0.28143,0.146824,0.207642,0.259941,-0.15136,0.271112,0.251122,0.215227,0.270565,0.209112,-0.185487,0.254195,0.156971,0.197465,0.251488,0.126439,-0.090577,0.249367,0.137921,0.198577,0.247435,0.10631,-0.107158,0.245581,0.13886,0.195465,0.241829,0.111978,-0.11101,0.24414,0.148532,0.194331,0.241879,0.120159,-0.090686,0.201363,0.513704,0.090801,0.203181,0.50608,-0.090995,0.18587,0.670988,0.139735,0.263416,0.635858,-0.046956,0.124444,0.795262,0.171442,0.303396,0.798715,-0.022504,0.106253,0.820251,0.171283,0.300688,0.83546,-0.020606,0.157648,0.824077,0.137882,0.349048,0.780041,-0.058069
AN_Lat_3_4.12.26,58,529.34,160.58,0,529.34,160.58,0.9781,503.4,139.34,0.7515,0.257078,0.214991,0.014591,0.256716,0.19756,0.022103,0.255188,0.196931,0.021919,0.253984,0.196524,0.021974,0.256429,0.197236,-0.008154,0.255123,0.196589,-0.008421,0.253444,0.195962,-0.008529,0.243364,0.197242,0.067283,0.242446,0.195561,-0.070956,0.250927,0.22698,0.038053,0.250728,0.226471,-0.00348,0.224685,0.276209,0.148898,0.210714,0.256778,-0.14121,0.277658,0.261385,0.209858,0.277233,0.221271,-0.176944,0.267514,0.15839,0.190049,0.262186,0.129016,-0.08303,0.262914,0.139541,0.188938,0.259109,0.106657,-0.098564,0.257745,0.139723,0.186103,0.254128,0.113093,-0.101338,0.258464,0.15007,0.187289,0.2539,0.121254,-0.082581,0.202026,0.510548,0.091986,0.203609,0.503918,-0.092179,0.191666,0.670921,0.138272,0.264306,0.634681,-0.055394,0.125856,0.792191,0.170767,0.303384,0.79897,-0.036501,0.107098,0.814918,0.170794,0.300481,0.835657,-0.035087,0.158437,0.824029,0.138439,0.348954,0.780738,-0.072221
AN_Lat_3_4.12.26,59,542.0,186.0,0,550.12,173.76,0.9916,526.21,151.33,0.7449,0.261048,0.216074,0.012221,0.260207,0.199153,0.020345,0.259135,0.198582,0.020155,0.2581,0.198268,0.020213,0.259521,0.19886,-0.008818,0.257998,0.198262,-0.00908,0.256306,0.197641,-0.009189,0.246783,0.199779,0.067255,0.243927,0.197967,-0.065329,0.255176,0.228277,0.035983,0.254373,0.227595,-0.00421,0.232886,0.277651,0.147991,0.214493,0.257237,-0.132551,0.285862,0.282984,0.194014,0.28046,0.230829,-0.16998,0.280183,0.162138,0.154305,0.27407,0.140121,-0.088526,0.279506,0.141675,0.153692,0.27327,0.112173,-0.105123,0.272008,0.141491,0.151871,0.265279,0.115481,-0.106895,0.271409,0.151273,0.151362,0.26466,0.123946,-0.087975,0.204244,0.510073,0.09187,0.203686,0.503539,-0.09208,0.198663,0.670588,0.137937,0.264355,0.633626,-0.058497,0.128867,0.787334,0.18546,0.303967,0.798981,-0.06865,0.109806,0.807966,0.187337,0.300679,0.835779,-0.069243,0.159401,0.823798,0.15491,0.349467,0.780847,-0.110984
AN_Lat_3_4.12.26,60,552.0,200.0,0,568.17,198.66,0.9909,549.25,170.52,0.7559,0.262321,0.216955,-0.00021,0.260569,0.201226,0.008951,0.25983,0.201298,0.008756,0.259009,0.201557,0.00881,0.259116,0.199279,-0.018858,0.25724,0.198476,-0.019121,0.255299,0.19813,-0.019227,0.2479,0.202003,0.06145,0.24326,0.198293,-0.065557,0.257131,0.229085,0.025472,0.255629,0.228065,-0.012963,0.237662,0.278044,0.149719,0.219391,0.257881,-0.130884,0.291185,0.302781,0.19454,0.28265,0.248976,-0.191246,0.292718,0.181761,0.15025,0.286069,0.15789,-0.157686,0.294361,0.152437,0.150217,0.287793,0.127749,-0.181607,0.28636,0.150598,0.144388,0.278996,0.127131,-0.178884,0.285092,0.159935,0.145736,0.277497,0.136361,-0.156774,0.205826,0.509228,0.091484,0.203741,0.503026,-0.091682,0.206115,0.670647,0.135299,0.264847,0.632197,-0.069461,0.132064,0.779156,0.184496,0.304134,0.799059,-0.071521,0.111498,0.795063,0.186605,0.300728,0.835888,-0.071009,0.15936,0.821955,0.153991,0.349591,0.78098,-0.116752
AN_Lat_3_4.12.26,61,579.0,232.0,0,583.73,218.23,0.9927,583.72,190.03,0.7728,0.265645,0.220176,-0.002621,0.263345,0.204982,0.008262,0.262546,0.205117,0.00806,0.261687,0.20529,0.008113,0.261891,0.202851,-0.019988,0.259927,0.201991,-0.02024,0.257887,0.201548,-0.020337,0.249978,0.206328,0.065682,0.245403,0.201826,-0.062296,0.260963,0.232566,0.024857,0.259164,0.230691,-0.014073,0.241464,0.287861,0.149832,0.220293,0.258164,-0.127326,0.291512,0.320336,0.191673,0.283853,0.267554,-0.214551,0.304417,0.203919,0.119364,0.304023,0.17595,-0.228812,0.306797,0.17467,0.116204,0.30583,0.148141,-0.260039,0.297978,0.171623,0.106541,0.296711,0.14549,-0.254109,0.297844,0.179036,0.112728,0.295671,0.154091,-0.227855,0.207385,0.508475,0.091137,0.203379,0.502429,-0.091337,0.214716,0.670757,0.139127,0.266515,0.629866,-0.101466,0.137238,0.771928,0.221894,0.304146,0.798887,-0.091789,0.116071,0.784527,0.227365,0.300779,0.835844,-0.090314,0.161926,0.821925,0.19499,0.350598,0.781613,-0.153023
AN_Lat_3_4.12.26,62,593.0,255.0,0,596.1,239.4,0.9909,598.55,227.14,0.7912,0.269725,0.228004,0.003136,0.267762,0.212664,0.013022,0.267049,0.212849,0.012829,0.26616,0.21297,0.012893,0.26605,0.209929,-0.015276,0.264046,0.208736,-0.015527,0.26182,0.207864,-0.01561,0.252034,0.212235,0.068127,0.247986,0.206694,-0.059843,0.264532,0.24151,0.029603,0.262653,0.237906,-0.009217,0.244302,0.295254,0.151937,0.222688,0.258685,-0.124952,0.289556,0.353295,0.176135,0.284824,0.302557,-0.189378,0.309564,0.243094,0.074453,0.311746,0.210314,-0.155313,0.311941,0.222695,0.068212,0.316111,0.185866,-0.177293,0.306639,0.213513,0.061484,0.307931,0.179885,-0.173116,0.306396,0.218555,0.068195,0.306862,0.186919,-0.153295,0.208705,0.508223,0.090895,0.203387,0.502399,-0.091099,0.221434,0.670776,0.132481,0.27156,0.625867,-0.0995,0.139434,0.766118,0.207195,0.304191,0.798889,-0.08961,0.11839,0.776294,0.211922,0.300772,0.835607,-0.088527,0.162497,0.821418,0.186376,0.350966,0.783024,-0.136296
AN_Lat_3_4.12.26,63,604.0,300.0,0,609.84,280.1,0.994,617.76,267.5,0.8077,0.273699,0.241508,0.005749,0.272162,0.224654,0.015731,0.271074,0.224741,0.015539,0.269907,0.224863,0.015586,0.271151,0.22225,-0.013204,0.269332,0.221008,-0.013451,0.267426,0.220043,-0.013537,0.256466,0.221455,0.070147,0.253961,0.216697,-0.060622,0.26746,0.254089,0.031952,0.266232,0.251922,-0.007609,0.245472,0.303903,0.161544,0.225134,0.263031,-0.134865,0.285831,0.37747,0.209703,0.280026,0.333764,-0.254814,0.326261,0.29851,0.138684,0.321748,0.247689,-0.298543,0.336964,0.306949,0.143694,0.329623,0.221114,-0.333041,0.342412,0.288596,0.110471,0.324109,0.213322,-0.316177,0.336093,0.299277,0.122906,0.321917,0.220298,-0.293986,0.210547,0.508708,0.092917,0.203962,0.502667,-0.09306,0.225105,0.670853,0.130114,0.276638,0.621468,-0.109064,0.142177,0.763165,0.200344,0.305063,0.798684,-0.092526,0.121202,0.770649,0.204748,0.300805,0.835001,-0.091847,0.164274,0.821497,0.179407,0.352139,0.78659,-0.138792
AN_Lat_3_4.12.26,64,606.0,337.0,0,611.22,317.1,0.9798,593.39,335.61,0.8264,0.275877,0.254996,0.015199,0.276118,0.237223,0.024785,0.274874,0.236888,0.024604,0.273549,0.236615,0.024611,0.275436,0.235105,-0.006139,0.273713,0.233296,-0.006412,0.271874,0.231726,-0.006502,0.260905,0.23085,0.079078,0.258814,0.226733,-0.060199,0.269784,0.264353,0.041325,0.268761,0.262621,-0.000482,0.243033,0.3045,0.181578,0.230262,0.271533,-0.129722,0.280176,0.399817,0.298019,0.278151,0.362241,-0.266189,0.304301,0.341539,0.331604,0.309056,0.310755,-0.347225,0.310835,0.330146,0.348692,0.320885,0.288435,-0.384698,0.311964,0.318541,0.325972,0.319345,0.271261,-0.364881,0.309354,0.322245,0.322817,0.313896,0.281365,-0.341609,0.211512,0.509089,0.094212,0.2083,0.502697,-0.094316,0.226119,0.672528,0.092318,0.283306,0.618716,-0.1406,0.142971,0.763148,0.123408,0.306267,0.798812,-0.138432,0.121235,0.768793,0.125276,0.300828,0.834841,-0.137242,0.164307,0.822279,0.109272,0.353029,0.793739,-0.171204
AN_Lat_3_4.12.26,65,589.0,397.0,0,594.66,395.93,0.9958,580.75,395.71,0.8381,0.283866,0.256492,0.011803,0.282615,0.238954,0.02256,0.281449,0.238567,0.022389,0.280161,0.238181,0.022408,0.281792,0.237054,-0.00781,0.280277,0.235575,-0.008077,0.278345,0.234169,-0.008158,0.266758,0.234443,0.080949,0.264614,0.230806,-0.059974,0.277082,0.267688,0.040253,0.276165,0.266376,-0.000741,0.246935,0.30608,0.182549,0.233817,0.279925,-0.126858,0.272145,0.413718,0.167491,0.267987,0.384969,-0.248485,0.300257,0.372536,-0.007651,0.302476,0.3664,-0.300699,0.311926,0.363076,-0.025906,0.315973,0.355882,-0.33311,0.311995,0.349969,-0.040801,0.31411,0.338686,-0.318187,0.309646,0.364757,-0.019442,0.308088,0.344876,-0.295491,0.215237,0.509309,0.095233,0.210521,0.5029,-0.095347,0.227139,0.674831,0.056817,0.287084,0.612229,-0.136875,0.142862,0.764541,0.068252,0.306756,0.797459,-0.147408,0.120988,0.770893,0.067112,0.300824,0.833824,-0.148612,0.164585,0.822793,0.031099,0.353847,0.79359,-0.196943
AN_Lat_3_4.12.26,66,576.0,444.0,0,584.52,442.19,0.9942,573.21,439.79,0.8537,0.290376,0.260929,0.044622,0.288131,0.243742,0.060544,0.287042,0.243407,0.060386,0.285739,0.242954,0.060418,0.287218,0.242182,0.031659,0.285687,0.241035,0.031425,0.28359,0.239793,0.031351,0.271646,0.240917,0.127617,0.269035,0.238877,-0.002837,0.284206,0.274133,0.073382,0.283056,0.272926,0.034561,0.253599,0.317086,0.215915,0.238477,0.294368,-0.091213,0.268047,0.451578,0.23264,0.254436,0.398246,-0.234371,0.29035,0.534967,0.099437,0.298549,0.407211,-0.324049,0.296105,0.564225,0.094177,0.313063,0.399749,-0.364205,0.294851,0.558399,-0.039063,0.316557,0.385165,-0.343967,0.293074,0.549653,0.064861,0.309429,0.391559,-0.317543,0.218448,0.509703,0.095304,0.214393,0.503374,-0.095417,0.22621,0.677744,0.057384,0.292612,0.607718,-0.209017,0.141501,0.766804,0.063959,0.308435,0.79725,-0.267742,0.12006,0.774507,0.061923,0.301289,0.833033,-0.273946,0.164505,0.823484,0.026796,0.355982,0.793245,-0.333451
AN_Lat_3_4.12.26,67,549.0,479.0,0,550.17,478.21,0.9962,557.62,481.16,0.8627,0.295643,0.266529,0.04018,0.293087,0.249384,0.055657,0.291835,0.24917,0.055494,0.290419,0.24895,0.055526,0.292234,0.248317,0.025981,0.290499,0.247634,0.025737,0.28858,0.247161,0.025657,0.277046,0.249428,0.125128,0.275384,0.249695,-0.010072,0.290438,0.280232,0.069101,0.289313,0.279257,0.02924,0.263079,0.330403,0.214351,0.243171,0.309455,-0.096172,0.272417,0.439149,0.224736,0.236592,0.406503,-0.235432,0.308834,0.460474,0.101845,0.290429,0.445522,-0.315584,0.317666,0.467737,0.092838,0.303558,0.449025,-0.354188,0.318865,0.457122,0.058647,0.305425,0.440898,-0.33864,0.315768,0.454482,0.086259,0.299602,0.440533,-0.310702,0.222605,0.517426,0.099351,0.218216,0.507477,-0.099413,0.225041,0.684214,0.074131,0.299819,0.605507,-0.195148,0.140465,0.76784,0.099539,0.310417,0.797309,-0.256727,0.119341,0.775289,0.099577,0.302051,0.83269,-0.26324,0.164264,0.823715,0.066459,0.358554,0.793404,-0.323631
AN_Lat_3_4.12.26,68,515.0,497.0,0,515.68,497.43,0.9951,542.08,507.29,0.8758,0.303194,0.269812,0.046966,0.29921,0.254519,0.063576,0.298076,0.254222,0.063428,0.296894,0.253965,0.063478,0.298222,0.253895,0.033482,0.296488,0.253462,0.033233,0.294522,0.25319,0.033172,0.284519,0.257832,0.130344,0.281494,0.259028,-0.005244,0.298273,0.285417,0.074885,0.296958,0.284884,0.034608,0.270023,0.340686,0.216609,0.250363,0.317678,-0.094561,0.257798,0.44382,0.249189,0.221797,0.414291,-0.224776,0.290134,0.520974,0.17424,0.282333,0.469712,-0.300153,0.304287,0.535759,0.173463,0.294613,0.487897,-0.336909,0.308842,0.53048,0.139459,0.294855,0.479838,-0.321845,0.308036,0.524145,0.159151,0.291126,0.473804,-0.295131,0.226443,0.522895,0.100402,0.224676,0.511361,-0.100465,0.224482,0.690336,0.066631,0.304948,0.604789,-0.195132,0.140062,0.768998,0.058418,0.313802,0.7973,-0.266501,0.118978,0.777178,0.055056,0.302549,0.832369,-0.273688,0.163718,0.823821,0.022469,0.362361,0.79184,-0.32788
AN_Lat_3_4.12.26,69,465.0,527.0,0,464.7,524.55,0.9937,492.61,534.34,0.87,0.309343,0.278805,0.035639,0.305191,0.264043,0.059079,0.304011,0.263922,0.059,0.302697,0.263803,0.059085,0.304319,0.263592,0.028508,0.302638,0.263395,0.028318,0.300716,0.263251,0.0284,0.28934,0.26935,0.117538,0.28774,0.270071,-0.015281,0.304396,0.294879,0.06551,0.303276,0.294482,0.025502,0.266958,0.34921,0.215884,0.262354,0.334585,-0.097284,0.25906,0.451485,0.195379,0.220155,0.412122,-0.219563,0.287102,0.542127,0.085359,0.256567,0.494755,-0.2873,0.295911,0.560804,0.075903,0.260144,0.51729,-0.322277,0.297326,0.553571,0.048944,0.267434,0.516771,-0.313192,0.296128,0.551619,0.070865,0.266004,0.506079,-0.285062,0.226561,0.532583,0.099586,0.235001,0.524166,-0.099655,0.223624,0.694755,0.066891,0.315007,0.605359,-0.166544,0.139482,0.769927,0.056375,0.317802,0.793979,-0.225079,0.11867,0.778742,0.052275,0.30362,0.82929,-0.232196,0.163118,0.82385,0.00974,0.365521,0.790962,-0.289115
AN_Lat_3_4.12.26,70,423.0,551.0,0,426.23,545.65,0.9964,441.94,554.82,0.8558,0.316937,0.286763,-0.007686,0.313119,0.27296,0.010065,0.312079,0.27318,0.009942,0.310826,0.273225,0.010026,0.312381,0.272697,-0.022484,0.31084,0.272869,-0.022692,0.308857,0.272977,-0.022674,0.297531,0.278827,0.078683,0.295847,0.279938,-0.06624,0.312192,0.302623,0.022153,0.311343,0.302173,-0.020933,0.274108,0.351074,0.173792,0.265548,0.344054,-0.129891,0.260994,0.450544,0.175895,0.212023,0.415955,-0.213802,0.286469,0.543875,0.071547,0.230179,0.513721,-0.249802,0.293189,0.568876,0.063255,0.226811,0.535984,-0.283041,0.294496,0.571144,0.03627,0.235175,0.535555,-0.270648,0.292894,0.564344,0.056887,0.23414,0.526752,-0.246507,0.230653,0.537802,0.099306,0.23675,0.530984,-0.099407,0.223579,0.701842,0.068419,0.322001,0.605221,-0.134995,0.139019,0.770486,0.068351,0.323248,0.792826,-0.15317,0.11864,0.779636,0.065549,0.305781,0.82932,-0.156912,0.162342,0.824085,0.02889,0.36798,0.786611,-0.202736
AN_Lat_3_4.12.26,71,377.13,549.51,0,377.13,549.51,0.9964,407.92,539.86,0.825,0.323354,0.297405,-0.024856,0.319394,0.283161,-0.010381,0.31809,0.283115,-0.010526,0.316425,0.283006,-0.010464,0.319042,0.283182,-0.040769,0.31763,0.283196,-0.040995,0.31581,0.283175,-0.041008,0.30259,0.287669,0.054516,0.302208,0.288287,-0.081756,0.31821,0.312734,0.003255,0.318094,0.312173,-0.037371,0.277096,0.358993,0.14338,0.272868,0.350324,-0.134356,0.264457,0.468463,0.162332,0.212079,0.405285,-0.211081,0.290614,0.54544,0.075972,0.212458,0.499875,-0.236379,0.298332,0.570817,0.068625,0.209862,0.516678,-0.274725,0.301185,0.572596,0.041573,0.215635,0.518888,-0.255197,0.298384,0.5666,0.061495,0.216656,0.511055,-0.231657,0.230613,0.541887,0.098488,0.236229,0.535904,-0.098618,0.223535,0.705797,0.068779,0.329843,0.604648,-0.100926,0.138512,0.770802,0.059383,0.330353,0.786976,-0.092258,0.118093,0.780713,0.055265,0.313334,0.822618,-0.092727,0.160416,0.82475,0.013008,0.374197,0.783197,-0.131871
AN_Lat_3_4.12.26,72,359.17,527.22,0,359.17,527.22,0.9959,392.84,530.27,0.8061,0.328385,0.308482,0.054946,0.324743,0.293512,0.06629,0.323331,0.293388,0.066147,0.32165,0.293265,0.066201,0.324753,0.293291,0.039725,0.323513,0.293125,0.039536,0.322099,0.292975,0.03955,0.308227,0.297746,0.107596,0.309725,0.297662,-0.011189,0.322612,0.323787,0.073772,0.322959,0.322692,0.038118,0.271974,0.363465,0.153961,0.283466,0.354336,-0.071442,0.2286,0.437463,0.149854,0.216864,0.394705,-0.135848,0.214498,0.514332,0.056758,0.204603,0.49099,-0.14248,0.211259,0.530719,0.04429,0.198582,0.514503,-0.161925,0.214608,0.531244,0.024867,0.204012,0.519735,-0.161446,0.215393,0.531391,0.045506,0.205629,0.514053,-0.142439,0.232992,0.54549,0.091353,0.244632,0.539108,-0.09157,0.223305,0.70765,0.07417,0.333174,0.605695,-0.083158,0.138399,0.771189,0.087602,0.333315,0.786342,-0.103569,0.117159,0.781411,0.086009,0.321495,0.820393,-0.106048,0.159767,0.825095,0.051262,0.379693,0.783361,-0.141289
AN_Lat_3_4.12.26,73,347.53,495.12,0,347.53,495.12,0.995,375.81,509.1,0.8234,0.335621,0.316419,0.067544,0.332026,0.30095,0.082646,0.330636,0.300896,0.082522,0.328964,0.300969,0.0826,0.331857,0.300589,0.053777,0.330493,0.30041,0.053558,0.329026,0.300325,0.053568,0.315247,0.305334,0.13998,0.316791,0.305028,0.009872,0.329722,0.331749,0.091773,0.329722,0.330983,0.052925,0.277906,0.368421,0.199506,0.291077,0.353828,-0.057009,0.254272,0.460163,0.212108,0.219972,0.385126,-0.147484,0.289768,0.539025,0.130108,0.195733,0.471393,-0.154273,0.302764,0.550664,0.123604,0.184862,0.492901,-0.170338,0.304492,0.549716,0.089113,0.194464,0.501183,-0.194184,0.302383,0.546311,0.112977,0.198389,0.491213,-0.166648,0.236575,0.550494,0.090995,0.25038,0.542666,-0.091231,0.223345,0.71123,0.07708,0.340256,0.606892,-0.082662,0.1383,0.771986,0.068503,0.339234,0.785265,-0.104957,0.11686,0.782088,0.06464,0.325193,0.818074,-0.107871,0.159734,0.825233,0.030516,0.386433,0.783122,-0.143529
AN_Lat_3_4.12.26,74,355.88,462.72,0,355.88,462.72,0.9963,363.44,479.37,0.8409,0.340838,0.323031,0.111289,0.337085,0.309848,0.127424,0.335826,0.309791,0.127311,0.333928,0.309742,0.127405,0.336754,0.309609,0.099619,0.335439,0.309442,0.099403,0.334178,0.309305,0.099418,0.321703,0.315722,0.184442,0.323504,0.314998,0.059217,0.335719,0.337213,0.134838,0.335248,0.336796,0.097339,0.295256,0.37536,0.236367,0.298194,0.357745,-0.018023,0.277345,0.47194,0.237786,0.224573,0.373036,-0.119501,0.31012,0.552877,0.149551,0.18929,0.443857,-0.17273,0.320055,0.56185,0.143657,0.175069,0.457733,-0.19525,0.320937,0.566582,0.110379,0.187532,0.472842,-0.203258,0.319882,0.558744,0.133014,0.193621,0.468507,-0.177785,0.2404,0.556335,0.091198,0.252563,0.547351,-0.091441,0.222698,0.712854,0.083893,0.345958,0.607154,-0.094829,0.13778,0.77226,0.085197,0.339688,0.786094,-0.128319,0.116612,0.782608,0.082364,0.325614,0.818688,-0.134477,0.15945,0.825239,0.049626,0.387495,0.786005,-0.164754
AN_Lat_3_4.12.26,75,375.29,431.34,0,375.29,431.34,0.9919,376.89,454.91,0.8544,0.35144,0.321452,0.091905,0.346509,0.310698,0.107495,0.345254,0.310861,0.107253,0.343708,0.310936,0.107204,0.346182,0.310706,0.069948,0.34487,0.310965,0.069708,0.343654,0.311142,0.069622,0.33161,0.317274,0.17037,0.333513,0.318175,0.017059,0.346788,0.336409,0.121371,0.346192,0.336359,0.06991,0.301343,0.37491,0.193271,0.309148,0.358478,-0.050177,0.277887,0.457428,0.187867,0.227789,0.368794,-0.131747,0.299127,0.53652,0.105966,0.196294,0.421211,-0.180282,0.306139,0.552986,0.097519,0.182072,0.434422,-0.205163,0.306054,0.556714,0.067716,0.189917,0.444825,-0.207757,0.304865,0.549964,0.090285,0.196345,0.443638,-0.183492,0.246019,0.559305,0.088016,0.258445,0.553022,-0.088231,0.22201,0.712947,0.096528,0.351492,0.610272,-0.098187,0.13638,0.772606,0.0889,0.339272,0.788495,-0.123274,0.116019,0.783009,0.082742,0.325243,0.819765,-0.126839,0.158601,0.82527,0.051606,0.386371,0.802606,-0.16049
AN_Lat_3_4.12.26,76,403.99,405.71,0,403.99,405.71,0.9901,560.93,521.11,0.8289,0.343393,0.348943,0.270637,0.341813,0.335852,0.271183,0.340224,0.33507,0.271046,0.33697,0.332485,0.271096,0.343607,0.336107,0.253346,0.344014,0.336393,0.253162,0.343898,0.33606,0.253176,0.325266,0.332827,0.259359,0.336359,0.336143,0.177675,0.337917,0.357737,0.270119,0.339768,0.357991,0.245212,0.28997,0.365881,0.231929,0.330134,0.372652,0.060199,0.245295,0.389381,0.17089,0.295798,0.41371,-0.089562,0.216409,0.513137,0.065621,0.292152,0.482509,-0.172577,0.211734,0.535858,0.045448,0.29013,0.505406,-0.202225,0.215482,0.501937,0.036751,0.295524,0.506739,-0.192316,0.217879,0.499393,0.0587,0.292786,0.497851,-0.170956,0.247095,0.558868,0.07943,0.271742,0.555197,-0.079757,0.2214,0.710614,0.097039,0.358764,0.617264,-0.09794,0.135067,0.772363,0.074263,0.338209,0.791889,-0.128502,0.114639,0.781183,0.069115,0.323443,0.820404,-0.131711,0.153925,0.824558,0.033567,0.38409,0.811579,-0.164683
AN_Lat_3_4.12.26,77,427.43,397.8,0,427.43,397.8,0.9878,485.01,479.77,0.844,0.362948,0.330428,0.131297,0.358314,0.319307,0.140822,0.356339,0.320659,0.140678,0.354555,0.320257,0.140747,0.35916,0.318729,0.116108,0.358478,0.31865,0.115872,0.357783,0.318361,0.115842,0.345181,0.322759,0.179017,0.348578,0.322477,0.071864,0.358274,0.34238,0.149743,0.358804,0.341301,0.116171,0.321053,0.372777,0.219487,0.327505,0.356842,0.003383,0.295486,0.414726,0.223954,0.276179,0.362725,-0.064485,0.313165,0.514731,0.167776,0.252612,0.444232,-0.093277,0.320199,0.533972,0.165856,0.244782,0.447295,-0.109828,0.322851,0.52793,0.139206,0.253713,0.446437,-0.114264,0.321574,0.528744,0.154262,0.257207,0.442588,-0.095842,0.260677,0.560068,0.080375,0.276213,0.555987,-0.080662,0.221242,0.708582,0.077829,0.361717,0.624414,-0.080137,0.13499,0.770488,0.035404,0.339105,0.795514,-0.105417,0.114623,0.777265,0.028368,0.324117,0.820758,-0.108099,0.154091,0.824368,-0.00804,0.382432,0.82153,-0.138816
AN_Lat_3_4.12.26,78,462.07,376.49,0,462.07,376.49,0.9846,483.59,463.99,0.8539,0.366762,0.349118,0.205395,0.364782,0.335904,0.21036,0.361402,0.333093,0.21023,0.359902,0.332715,0.210333,0.366192,0.33435,0.193479,0.365886,0.333619,0.19321,0.365648,0.332839,0.193198,0.35117,0.332565,0.227522,0.358813,0.334287,0.151669,0.360546,0.354943,0.215794,0.363697,0.356431,0.19257,0.327038,0.381471,0.246826,0.343183,0.351553,0.074444,0.312351,0.435274,0.218345,0.280367,0.337536,-0.018508,0.340442,0.520167,0.134332,0.25187,0.429618,-0.074199,0.349255,0.53715,0.123273,0.242329,0.424613,-0.090937,0.353009,0.539583,0.102404,0.250877,0.421852,-0.093974,0.350238,0.534744,0.121404,0.256951,0.419535,-0.077,0.269124,0.562845,0.076556,0.288726,0.560546,-0.076941,0.222971,0.707001,0.071628,0.372897,0.636032,-0.045645,0.136734,0.769065,0.000161,0.340483,0.798764,-0.083997,0.116522,0.774499,-0.009959,0.324269,0.821027,-0.088243,0.154039,0.824654,-0.053395,0.382357,0.824536,-0.121941
AN_Lat_3_4.12.26,79,489.75,373.61,0,489.75,373.61,0.9868,519.46,444.03,0.8455,0.380733,0.331514,0.168937,0.375158,0.319074,0.176155,0.373292,0.317772,0.176019,0.371785,0.317597,0.176123,0.375708,0.318605,0.15341,0.374823,0.318424,0.153185,0.373943,0.318293,0.153199,0.361535,0.320637,0.199509,0.364648,0.323201,0.097592,0.377133,0.340593,0.181445,0.377753,0.341249,0.15058,0.325798,0.373958,0.22505,0.359614,0.357762,0.019399,0.299081,0.386486,0.165089,0.296892,0.333744,-0.082464,0.305656,0.427877,0.059672,0.270554,0.411142,-0.127232,0.296736,0.455216,0.042471,0.258324,0.410426,-0.1497,0.30661,0.452056,0.03172,0.263164,0.41058,-0.148694,0.313551,0.450419,0.051263,0.265576,0.409471,-0.128111,0.280243,0.560773,0.075573,0.298131,0.560354,-0.075924,0.229698,0.705785,0.056555,0.380147,0.643868,-0.040354,0.14122,0.766589,-0.030479,0.339657,0.802319,-0.048259,0.120606,0.769513,-0.041721,0.322652,0.821507,-0.048666,0.154209,0.825285,-0.082682,0.381203,0.831499,-0.06668
AN_Lat_3_4.12.26,80,521.62,371.83,0,521.62,371.83,0.9865,528.3,432.81,0.8602,0.393138,0.322035,0.083645,0.387366,0.309692,0.099717,0.385854,0.309018,0.099568,0.38428,0.309021,0.099695,0.387014,0.309183,0.076325,0.385644,0.30908,0.076113,0.384138,0.309023,0.076179,0.373604,0.312533,0.164045,0.372882,0.313609,0.074578,0.389975,0.332813,0.108958,0.389534,0.332941,0.078146,0.356554,0.375018,0.205307,0.353799,0.351423,-0.010702,0.358172,0.425091,0.160445,0.300309,0.319505,-0.107675,0.362954,0.478176,0.044602,0.275157,0.400747,-0.143247,0.362637,0.495571,0.029471,0.267102,0.403343,-0.1678,0.365951,0.485455,0.010325,0.272159,0.404524,-0.160212,0.367179,0.482442,0.032629,0.274762,0.403423,-0.141217,0.29672,0.559004,0.077282,0.305187,0.557995,-0.077592,0.240982,0.705192,0.034797,0.386414,0.648365,-0.052704,0.150242,0.76419,-0.082594,0.338596,0.803696,-0.033715,0.129913,0.763524,-0.097899,0.321766,0.821884,-0.032132,0.154301,0.825615,-0.147629,0.380015,0.831942,-0.049732
AN_Lat_3_4.12.26,81,553.46,382.74,0,553.46,382.74,0.9857,555.24,413.68,0.8675,0.404418,0.317337,0.076245,0.397984,0.303834,0.095358,0.396847,0.303205,0.095217,0.395652,0.303133,0.09534,0.397105,0.303262,0.071894,0.395495,0.303069,0.07165,0.39378,0.302901,0.071709,0.38549,0.30718,0.156286,0.38273,0.307328,0.051653,0.40255,0.328347,0.103703,0.40166,0.32819,0.072491,0.364804,0.377871,0.205734,0.367862,0.34773,-0.021026,0.35895,0.447629,0.163166,0.312154,0.316429,-0.117173,0.381587,0.485896,0.074384,0.289189,0.383034,-0.159342,0.386642,0.495687,0.064321,0.280954,0.398615,-0.184796,0.386954,0.489365,0.046285,0.284117,0.400446,-0.184011,0.387056,0.48441,0.06381,0.288504,0.401484,-0.161788,0.302508,0.556985,0.077327,0.314882,0.555614,-0.077623,0.25564,0.704297,0.024344,0.39293,0.654986,-0.053841,0.164598,0.757084,-0.104687,0.338948,0.804865,-0.037803,0.145848,0.753748,-0.121118,0.321283,0.822201,-0.036376,0.154339,0.82467,-0.181124,0.379695,0.834153,-0.060744
AN_Lat_3_4.12.26,82,579.3,387.8,0,579.3,387.8,0.9881,585.51,413.63,0.8758,0.412475,0.314519,0.067469,0.406083,0.300193,0.086966,0.405151,0.299589,0.086826,0.403991,0.299542,0.086924,0.405273,0.299657,0.062557,0.403836,0.299427,0.062277,0.402165,0.2991,0.062263,0.396006,0.303844,0.152065,0.392483,0.303437,0.043143,0.410869,0.325471,0.094674,0.409983,0.32563,0.061797,0.381255,0.383362,0.205908,0.380348,0.34643,-0.028357,0.377752,0.459028,0.20992,0.320813,0.315597,-0.148861,0.41213,0.488754,0.142097,0.304951,0.382988,-0.243139,0.419944,0.507044,0.13759,0.294698,0.395332,-0.276775,0.423492,0.489484,0.110446,0.303244,0.401996,-0.273389,0.421439,0.498629,0.127872,0.305173,0.401758,-0.245062,0.314018,0.555607,0.07837,0.324712,0.55312,-0.078651,0.274754,0.70359,0.029816,0.396864,0.659285,-0.065927,0.183035,0.751602,-0.073782,0.339318,0.805497,-0.030759,0.1648,0.743003,-0.087608,0.320705,0.822211,-0.026849,0.157504,0.819256,-0.154367,0.378895,0.837505,-0.059494
AN_Lat_3_4.12.26,83,610.92,418.29,0,610.92,418.29,0.9909,618.39,430.52,0.8846,0.417187,0.306826,0.048211,0.4112,0.296498,0.065247,0.410803,0.297041,0.06511,0.410441,0.297741,0.065176,0.409492,0.295107,0.041611,0.407974,0.295143,0.041333,0.406533,0.294879,0.041278,0.403932,0.302099,0.133147,0.398467,0.302848,0.030096,0.417287,0.319491,0.074437,0.414816,0.320467,0.042528,0.398606,0.380748,0.199882,0.386966,0.34385,-0.044587,0.402942,0.468598,0.189458,0.325154,0.317238,-0.18724,0.444991,0.493098,0.083259,0.32208,0.39863,-0.309869,0.457918,0.507851,0.071602,0.320943,0.411406,-0.351184,0.459923,0.496831,0.043792,0.330113,0.416075,-0.344112,0.455233,0.497044,0.067772,0.330507,0.411564,-0.310734,0.327384,0.554235,0.079665,0.332791,0.547592,-0.079871,0.293362,0.703484,0.031111,0.40271,0.663019,-0.110149,0.202522,0.741688,-0.043347,0.338231,0.806281,-0.055205,0.182587,0.724895,-0.054308,0.320235,0.82209,-0.058497,0.174965,0.809089,-0.11703,0.378554,0.840952,-0.085461
AN_Lat_3_4.12.26,84,653.28,449.01,0,653.28,449.01,0.99,643.86,447.01,0.889,0.423233,0.291906,0.012162,0.417116,0.285811,0.024608,0.416315,0.286806,0.024477,0.415512,0.287601,0.024532,0.417364,0.28541,0.000697,0.416514,0.286771,0.000433,0.415927,0.28728,0.000371,0.409325,0.297148,0.081945,0.409914,0.298038,-0.025056,0.423428,0.304497,0.035804,0.422655,0.305641,0.003459,0.409322,0.376937,0.160451,0.392731,0.336853,-0.091388,0.405014,0.461913,0.152633,0.332355,0.319535,-0.208531,0.443625,0.485536,0.04165,0.335342,0.4139,-0.299353,0.45402,0.494706,0.029603,0.339416,0.431089,-0.336084,0.458717,0.486894,0.003438,0.348756,0.432003,-0.327799,0.452691,0.486181,0.027119,0.348018,0.424937,-0.298544,0.33812,0.548442,0.080447,0.340968,0.541561,-0.08058,0.315807,0.697705,0.042047,0.405456,0.664163,-0.12026,0.222734,0.732413,-0.010707,0.338458,0.805957,-0.066536,0.202031,0.715575,-0.019203,0.320405,0.819707,-0.063899,0.196465,0.792434,-0.071797,0.378118,0.84025,-0.094364
AN_Lat_3_4.12.26,85,671.13,454.81,0,671.13,454.81,0.9965,672.99,461.59,0.8976,0.43397,0.277673,-0.038285,0.428336,0.273828,-0.022945,0.428265,0.275352,-0.02307,0.428206,0.276637,-0.022987,0.425991,0.273091,-0.047501,0.424133,0.274883,-0.047772,0.422404,0.275853,-0.047844,0.422462,0.288138,0.051138,0.415447,0.28875,-0.057934,0.433832,0.292576,-0.00778,0.431128,0.292352,-0.040539,0.418794,0.361448,0.143423,0.398061,0.33275,-0.113356,0.401408,0.442139,0.138801,0.341658,0.328269,-0.201372,0.435083,0.477987,0.01434,0.350516,0.427395,-0.260014,0.445148,0.483655,-0.000504,0.353614,0.454698,-0.292444,0.446828,0.476524,-0.025792,0.36248,0.450764,-0.286263,0.442992,0.473654,-0.000228,0.361709,0.442721,-0.258969,0.352468,0.537962,0.080795,0.353023,0.533832,-0.08087,0.338179,0.692873,0.042611,0.407672,0.665843,-0.129091,0.244049,0.723441,0.012263,0.3402,0.80505,-0.076042,0.226416,0.704835,0.009312,0.322292,0.81739,-0.073981,0.218932,0.781434,-0.044563,0.37791,0.842689,-0.107917
AN_Lat_3_4.12.26,86,727.27,480.18,0,727.27,480.18,0.9962,716.32,482.44,0.8879,0.445228,0.267216,-0.007878,0.438739,0.262744,0.005321,0.438069,0.264319,0.005215,0.437372,0.26569,0.005289,0.437557,0.262486,-0.020095,0.435991,0.264196,-0.020361,0.434288,0.265523,-0.020422,0.429036,0.277454,0.066018,0.424783,0.278072,-0.047664,0.444924,0.283158,0.017932,0.443287,0.283239,-0.016178,0.418887,0.345647,0.149733,0.412982,0.329204,-0.110596,0.399042,0.427976,0.152769,0.354478,0.345484,-0.187014,0.430748,0.469833,0.050771,0.373083,0.446703,-0.216651,0.439148,0.474536,0.040057,0.379419,0.478117,-0.242478,0.442617,0.467938,0.017332,0.387538,0.471795,-0.23062,0.440319,0.463161,0.037732,0.385232,0.461033,-0.211485,0.360956,0.524756,0.082399,0.364829,0.525181,-0.082427,0.360195,0.688919,0.038161,0.40924,0.669231,-0.123423,0.264547,0.724347,0.013094,0.340109,0.804961,-0.096844,0.253228,0.717962,0.008649,0.320585,0.813731,-0.095436,0.248971,0.781884,-0.042763,0.370667,0.838909,-0.136953
AN_Lat_3_4.12.26,87,804.76,513.87,0,804.76,513.87,0.9967,768.62,497.69,0.8944,0.452412,0.262894,-0.009125,0.446737,0.25612,0.006446,0.446262,0.257459,0.006333,0.445869,0.258632,0.006394,0.444969,0.255814,-0.021105,0.443248,0.257133,-0.021337,0.441407,0.258309,-0.021387,0.43759,0.269725,0.073848,0.431596,0.269913,-0.048734,0.451818,0.278865,0.019057,0.449858,0.278725,-0.017715,0.42888,0.341779,0.160067,0.420356,0.327722,-0.12117,0.407788,0.429132,0.159223,0.367546,0.370986,-0.203725,0.43399,0.485326,0.047043,0.400325,0.460822,-0.239645,0.443092,0.487067,0.034984,0.407037,0.485699,-0.271664,0.444515,0.482586,0.011446,0.416336,0.477228,-0.257637,0.442995,0.482303,0.033534,0.413759,0.469339,-0.23465,0.376331,0.52107,0.090837,0.375855,0.521273,-0.090793,0.386995,0.678038,0.064618,0.412001,0.671551,-0.140688,0.340504,0.783023,0.072104,0.339253,0.804624,-0.137912,0.323495,0.801708,0.06733,0.316234,0.81186,-0.138878,0.364083,0.81426,0.01235,0.364626,0.839393,-0.19332
AN_Lat_3_4.12.26,88,824.36,506.87,0,824.36,506.87,0.997,819.41,508.35,0.9022,0.461109,0.259003,0.011374,0.45652,0.251185,0.025637,0.455726,0.25239,0.025511,0.45501,0.253481,0.025573,0.454685,0.250792,-0.001352,0.452754,0.251787,-0.001595,0.450848,0.252703,-0.001635,0.445206,0.263321,0.086814,0.440827,0.263587,-0.035991,0.458424,0.275212,0.037259,0.45678,0.274972,0.000983,0.421705,0.3329,0.160221,0.434492,0.327688,-0.110265,0.393007,0.431574,0.226798,0.387458,0.396215,-0.190478,0.418308,0.486884,0.202099,0.426778,0.470696,-0.232318,0.424081,0.492305,0.206443,0.436776,0.483952,-0.260089,0.428641,0.488484,0.183293,0.443466,0.476354,-0.238576,0.427923,0.486031,0.191492,0.43889,0.470878,-0.222329,0.380449,0.517,0.094726,0.385756,0.519736,-0.094737,0.402426,0.669086,0.084093,0.416845,0.672019,-0.140652,0.318106,0.731722,0.110168,0.339377,0.800841,-0.178631,0.300112,0.736872,0.109574,0.31598,0.80897,-0.182327,0.320136,0.787262,0.086721,0.364894,0.839008,-0.22619
AN_Lat_3_4.12.26,89,852.18,502.88,0,852.18,502.88,0.9931,877.41,510.68,0.9075,0.471002,0.25648,0.000883,0.46463,0.245368,0.0148,0.463502,0.246038,0.014661,0.462257,0.246706,0.014712,0.463545,0.245424,-0.013273,0.461524,0.246281,-0.0135,0.459025,0.24726,-0.013551,0.451969,0.255866,0.077322,0.448739,0.257035,-0.048509,0.468208,0.27206,0.027272,0.466353,0.273054,-0.010279,0.437457,0.330615,0.162488,0.440091,0.32767,-0.118293,0.431069,0.43168,0.212954,0.41805,0.416083,-0.184401,0.438969,0.483241,0.149388,0.456986,0.472853,-0.189059,0.443321,0.493552,0.140928,0.466014,0.481797,-0.218047,0.446621,0.488861,0.120732,0.469484,0.471512,-0.199125,0.447383,0.486604,0.13768,0.467761,0.468144,-0.181337,0.396761,0.51824,0.094981,0.391028,0.518471,-0.09498,0.42917,0.662826,0.082969,0.421393,0.670154,-0.152006,0.344451,0.718958,0.132655,0.339047,0.79978,-0.187046,0.324095,0.714733,0.136004,0.316678,0.809865,-0.189671,0.33833,0.777836,0.118342,0.364802,0.842533,-0.231063
AN_Lat_3_4.12.26,90,922.07,506.84,0,922.07,506.84,0.9922,935.21,504.92,0.9129,0.476955,0.251502,-0.003885,0.46999,0.239561,0.008788,0.468443,0.240299,0.008634,0.466671,0.241203,0.008655,0.469466,0.239777,-0.020634,0.467724,0.240906,-0.020868,0.465616,0.242363,-0.020949,0.454853,0.252337,0.067313,0.454019,0.253787,-0.066583,0.473715,0.266954,0.021147,0.472812,0.268604,-0.018725,0.449257,0.330892,0.157717,0.44503,0.327554,-0.130348,0.477359,0.415461,0.272278,0.444096,0.43143,-0.181513,0.504242,0.357129,0.334498,0.487089,0.467517,-0.171359,0.510045,0.333618,0.355517,0.497808,0.47105,-0.197859,0.507982,0.323157,0.33434,0.497454,0.462807,-0.177655,0.504674,0.330389,0.328022,0.493645,0.460691,-0.16361,0.414394,0.520513,0.096948,0.398548,0.519773,-0.096886,0.456634,0.648767,0.099469,0.419553,0.673961,-0.173882,0.377058,0.710057,0.174397,0.339477,0.799283,-0.22638,0.359989,0.702142,0.181315,0.316666,0.81078,-0.229878,0.366386,0.764846,0.170349,0.364219,0.842882,-0.27409
AN_Lat_3_4.12.26,91,962.49,493.62,0,962.49,493.62,0.9887,980.99,492.27,0.8934,0.484342,0.24746,-0.026448,0.477955,0.237147,-0.012722,0.476439,0.237862,-0.012876,0.474916,0.238647,-0.01286,0.477094,0.237266,-0.042155,0.475093,0.238136,-0.042372,0.472957,0.2391,-0.042435,0.463223,0.24931,0.050887,0.461766,0.249794,-0.082233,0.480647,0.263369,8.3e-05,0.479686,0.26547,-0.03981,0.463398,0.330463,0.13688,0.447486,0.327413,-0.145396,0.496827,0.404552,0.166037,0.462347,0.429611,-0.186972,0.522303,0.319252,0.082507,0.510934,0.455809,-0.173676,0.527201,0.294542,0.077548,0.523982,0.459971,-0.200027,0.52359,0.283004,0.070559,0.524887,0.454129,-0.187867,0.521046,0.291156,0.077646,0.520254,0.451519,-0.168919,0.42933,0.521988,0.097026,0.406011,0.520729,-0.096972,0.47669,0.633443,0.120079,0.421627,0.673371,-0.198156,0.399459,0.70511,0.188584,0.341835,0.796709,-0.28707,0.382587,0.704416,0.1934,0.319818,0.80981,-0.295927,0.400686,0.767023,0.17313,0.364364,0.84369,-0.363553
AN_Lat_3_4.12.26,92,1012.05,470.65,0,1012.05,470.65,0.9852,1001.26,482.93,0.8366,0.491411,0.246985,-0.018037,0.485514,0.236627,-0.003635,0.483984,0.237088,-0.003772,0.482331,0.237639,-0.003749,0.484849,0.236533,-0.03142,0.482945,0.237016,-0.031616,0.480607,0.237679,-0.031654,0.470625,0.247049,0.060119,0.468877,0.247088,-0.064892,0.487294,0.262223,0.008317,0.486763,0.263599,-0.029276,0.471248,0.326418,0.130249,0.456292,0.325773,-0.130312,0.513176,0.381705,0.062879,0.472323,0.415635,-0.186586,0.536423,0.285489,-0.123956,0.521492,0.447159,-0.150948,0.542385,0.259374,-0.148405,0.531142,0.45738,-0.175432,0.537343,0.247272,-0.152149,0.53282,0.444656,-0.166088,0.534041,0.256174,-0.130929,0.527811,0.446002,-0.147178,0.441352,0.521536,0.09676,0.414839,0.520358,-0.096631,0.494939,0.617977,0.107314,0.423676,0.675405,-0.193783,0.414544,0.704945,0.143701,0.343723,0.794347,-0.262509,0.400997,0.705893,0.147486,0.32328,0.807517,-0.270015,0.41131,0.768839,0.115231,0.366699,0.844415,-0.344543
AN_Lat_3_4.12.26,93,1036.36,449.44,0,1036.36,449.44,0.9957,1019.75,480.1,0.7941,0.499355,0.245172,-0.010399,0.49323,0.234082,0.005562,0.491236,0.23413,0.00542,0.489091,0.234344,0.005434,0.493088,0.234008,-0.030789,0.491111,0.234045,-0.03085,0.488841,0.234213,-0.030866,0.477253,0.242514,0.070035,0.47661,0.242762,-0.050375,0.494985,0.259438,0.016365,0.49474,0.260011,-0.024461,0.4796,0.32004,0.148824,0.469136,0.318191,-0.116578,0.525846,0.35508,0.08955,0.4924,0.409149,-0.106593,0.549909,0.257381,0.015568,0.531118,0.44454,-0.014498,0.554028,0.232327,0.005426,0.540091,0.439544,-0.027487,0.548897,0.220138,-0.017483,0.540448,0.42654,-0.02133,0.546734,0.228492,0.003372,0.536394,0.428667,-0.010237,0.449011,0.521005,0.097442,0.428152,0.519009,-0.097376,0.51533,0.600863,0.103148,0.423384,0.680784,-0.167324,0.448394,0.704011,0.169124,0.345907,0.791573,-0.214067,0.430517,0.713823,0.174248,0.326856,0.803634,-0.218816,0.47509,0.759528,0.149842,0.367698,0.843752,-0.280244
AN_Lat_3_4.12.26,94,1094.26,424.91,0,1094.26,424.91,0.9834,1069.68,447.61,0.7961,0.506202,0.243405,-0.001327,0.499327,0.232814,0.011101,0.497466,0.232951,0.010944,0.495555,0.233266,0.011003,0.499512,0.232599,-0.019253,0.497836,0.232602,-0.019428,0.496022,0.232735,-0.019485,0.48464,0.240939,0.063318,0.484882,0.241381,-0.06113,0.502615,0.257119,0.02242,0.5026,0.257284,-0.016166,0.484327,0.312152,0.147303,0.482087,0.314926,-0.127256,0.534939,0.332892,0.141318,0.522058,0.405223,-0.0922,0.563422,0.243385,0.126812,0.557124,0.414452,0.031056,0.56802,0.217518,0.129796,0.567347,0.403121,0.020188,0.563513,0.205346,0.116439,0.564605,0.391834,0.027182,0.56073,0.213755,0.12028,0.560028,0.394086,0.035843,0.459698,0.519046,0.097073,0.442838,0.518667,-0.097026,0.534473,0.572778,0.16223,0.423706,0.68129,-0.153311,0.485765,0.691906,0.245818,0.346303,0.79099,-0.196824,0.468125,0.7098,0.252121,0.326967,0.802239,-0.199355,0.513249,0.747317,0.234064,0.367979,0.844103,-0.251127
AN_Lat_3_4.12.26,95,1118.74,405.48,0,1118.74,405.48,0.9871,1111.6,412.8,0.7984,0.513594,0.244363,0.004969,0.507636,0.232588,0.018258,0.506132,0.232545,0.018108,0.504584,0.232638,0.018171,0.507762,0.232418,-0.01046,0.506398,0.232267,-0.010664,0.504964,0.232151,-0.010717,0.494611,0.23983,0.066766,0.49521,0.239829,-0.055892,0.510555,0.257563,0.029668,0.510342,0.257898,-0.007909,0.492091,0.305003,0.149272,0.493322,0.310237,-0.123357,0.543776,0.312217,0.153987,0.544915,0.398559,-0.076456,0.574324,0.230312,0.134901,0.578956,0.382226,0.060003,0.579242,0.201338,0.137448,0.587312,0.373403,0.051042,0.576799,0.191625,0.123524,0.583048,0.363516,0.059048,0.574458,0.202073,0.127898,0.57939,0.365112,0.065251,0.473968,0.515942,0.096462,0.457353,0.518158,-0.096438,0.550098,0.554987,0.129723,0.425995,0.679565,-0.151396,0.515736,0.693676,0.197077,0.347892,0.789734,-0.193233,0.50004,0.71435,0.202337,0.32826,0.800698,-0.198969,0.545646,0.737691,0.181224,0.369326,0.843248,-0.232095
AN_Lat_3_4.12.26,96,1148.42,374.91,0,1148.42,374.91,0.985,1131.01,388.74,0.7891,0.524331,0.245586,0.021087,0.518762,0.233113,0.031141,0.517147,0.233144,0.030994,0.515451,0.233351,0.031066,0.51878,0.233239,0.003277,0.517304,0.233359,0.003084,0.515687,0.233516,0.003003,0.505703,0.240282,0.069398,0.505336,0.240649,-0.051732,0.520056,0.259135,0.04112,0.51978,0.259526,0.003502,0.500131,0.303075,0.151833,0.503501,0.30698,-0.117203,0.555545,0.287788,0.163772,0.558736,0.392845,-0.062059,0.586886,0.214315,0.126719,0.589067,0.359943,0.070974,0.593291,0.188935,0.126961,0.597352,0.349378,0.063334,0.592091,0.180263,0.113363,0.593791,0.341909,0.069574,0.589026,0.190384,0.119212,0.590288,0.344213,0.075445,0.489028,0.513261,0.09609,0.470012,0.51742,-0.096081,0.567422,0.540498,0.120308,0.429637,0.677132,-0.159215,0.547722,0.688442,0.193707,0.350386,0.784857,-0.191386,0.53612,0.713133,0.199455,0.33112,0.794214,-0.194251,0.585941,0.719567,0.18011,0.369406,0.842867,-0.248347
AN_Lat_3_4.12.26,97,1175.08,347.14,0,1175.08,347.14,0.9784,1140.65,368.02,0.7236,0.531777,0.247782,0.040713,0.525852,0.235493,0.050183,0.524257,0.235411,0.050024,0.522685,0.235497,0.050077,0.525954,0.235497,0.023419,0.524597,0.235443,0.023219,0.523233,0.235337,0.023122,0.513459,0.241565,0.084452,0.513573,0.241398,-0.035168,0.528724,0.261146,0.058614,0.528497,0.261157,0.021938,0.515186,0.304342,0.154763,0.51014,0.301435,-0.109104,0.567107,0.268039,0.166583,0.566475,0.368069,-0.058203,0.59853,0.193422,0.116131,0.594087,0.340757,0.072824,0.607047,0.171031,0.119154,0.600332,0.330474,0.066218,0.605114,0.167954,0.108142,0.595522,0.32327,0.070226,0.602243,0.172632,0.11169,0.594413,0.326147,0.076056,0.500531,0.511881,0.094694,0.481153,0.516457,-0.094693,0.584626,0.526885,0.132282,0.433817,0.676782,-0.154138,0.576862,0.665951,0.213552,0.355049,0.777622,-0.178905,0.564238,0.695157,0.219576,0.335888,0.781085,-0.181222,0.613479,0.693362,0.195718,0.369492,0.842215,-0.23778
AN_Lat_3_4.12.26,98,1192.93,303.02,0,1192.93,303.02,0.9549,1166.87,205.16,0.7495,0.540414,0.249859,0.0439,0.534161,0.237806,0.055087,0.532616,0.237757,0.054921,0.531139,0.237843,0.054993,0.534668,0.237754,0.026865,0.533617,0.237706,0.026658,0.532605,0.237589,0.026594,0.522761,0.243847,0.09881,0.523869,0.243354,-0.030951,0.537709,0.262692,0.064132,0.537985,0.262481,0.025306,0.525435,0.308887,0.165582,0.519336,0.294743,-0.109973,0.573513,0.313879,0.19474,0.584779,0.288319,-0.11475,0.608959,0.271414,0.129382,0.607745,0.189962,-0.007742,0.613198,0.259145,0.133031,0.619135,0.163341,-0.006572,0.613402,0.252022,0.113517,0.613151,0.164163,-0.021485,0.610604,0.256038,0.119762,0.611358,0.163769,-0.005482,0.516053,0.510782,0.09448,0.49178,0.515581,-0.094487,0.597565,0.521213,0.126773,0.438794,0.669362,-0.152237,0.600798,0.664101,0.180934,0.363069,0.769419,-0.151904,0.589049,0.693307,0.185484,0.345136,0.770385,-0.153848,0.638002,0.682483,0.148161,0.370399,0.841669,-0.228993
AN_Lat_3_4.12.26,99,1219.2,270.92,0,1219.2,270.92,0.9683,1187.61,180.37,0.7721,0.54884,0.25089,0.085081,0.542717,0.238889,0.102198,0.541323,0.238899,0.102016,0.540036,0.238964,0.102085,0.543029,0.23884,0.072652,0.541909,0.238745,0.07243,0.540886,0.238539,0.072376,0.532241,0.244961,0.163507,0.532731,0.244114,0.027075,0.546552,0.263545,0.109506,0.546522,0.263072,0.068538,0.537769,0.312275,0.223472,0.521357,0.295384,-0.066199,0.580796,0.314359,0.287454,0.577511,0.245395,-0.119612,0.618728,0.280148,0.267831,0.618548,0.167008,-0.059243,0.624598,0.268195,0.279078,0.63062,0.145238,-0.068297,0.624607,0.260959,0.256922,0.62746,0.14141,-0.074458,0.622643,0.264756,0.257881,0.62395,0.145948,-0.057415,0.533975,0.509202,0.093909,0.50771,0.511869,-0.093967,0.616816,0.518711,0.089431,0.447052,0.659251,-0.151415,0.631172,0.660977,0.157291,0.37058,0.761494,-0.168234,0.621304,0.692576,0.159838,0.353772,0.756648,-0.172251,0.67014,0.680328,0.140508,0.369956,0.838072,-0.269837
AN_Lat_3_4.12.26,100,1229.23,262.26,0,1229.23,262.26,0.9666,1198.11,178.21,0.7924,0.56141,0.251101,0.069599,0.556053,0.23951,0.090991,0.554767,0.239399,0.09069,0.553549,0.239398,0.09074,0.555604,0.239423,0.052694,0.554069,0.239231,0.052454,0.552574,0.238977,0.052331,0.545684,0.245372,0.148845,0.543471,0.244553,-0.005646,0.558474,0.263112,0.099869,0.557704,0.26226,0.046631,0.55338,0.311372,0.216347,0.527139,0.293556,-0.106491,0.595841,0.292793,0.254927,0.582398,0.238494,-0.200866,0.629096,0.2646,0.237201,0.624017,0.165009,-0.191881,0.636254,0.252192,0.24718,0.635919,0.14419,-0.222262,0.63588,0.254756,0.223392,0.636169,0.138498,-0.206145,0.634109,0.258321,0.226498,0.631227,0.146605,-0.187623,0.550475,0.508125,0.093698,0.517117,0.51251,-0.093773,0.628281,0.520459,0.086317,0.459686,0.654227,-0.158088,0.65212,0.657796,0.153185,0.381447,0.748588,-0.181293,0.645125,0.69,0.155776,0.364414,0.740544,-0.185695,0.696602,0.670624,0.124524,0.369949,0.831172,-0.281789
AN_Lat_3_4.12.26,101,1227.38,248.64,0,1227.38,248.64,0.9863,1229.59,210.21,0.8006,0.568829,0.249962,0.030897,0.56302,0.239172,0.047534,0.561662,0.238961,0.047313,0.56043,0.238886,0.047359,0.562546,0.239112,0.012449,0.560872,0.238837,0.012215,0.559222,0.238508,0.012087,0.5524,0.24467,0.113145,0.550338,0.243885,-0.041765,0.566114,0.261299,0.060111,0.565292,0.260404,0.0112,0.561436,0.308345,0.189399,0.535414,0.293915,-0.139859,0.602607,0.266098,0.209576,0.593866,0.251125,-0.234069,0.640104,0.218633,0.129772,0.640414,0.194639,-0.230444,0.647431,0.202205,0.128321,0.645445,0.171166,-0.263554,0.645615,0.194352,0.106635,0.643554,0.170291,-0.248717,0.643677,0.199363,0.117247,0.64057,0.172397,-0.226746,0.565605,0.507589,0.094308,0.531669,0.513228,-0.094412,0.642746,0.527038,0.086403,0.473069,0.652044,-0.182251,0.675986,0.655771,0.158711,0.390337,0.735825,-0.186561,0.670846,0.684994,0.160753,0.374889,0.725636,-0.189219,0.720188,0.672665,0.115484,0.374513,0.813771,-0.284834
AN_Lat_3_4.12.26,102,1245.46,214.69,0,1245.46,214.69,0.9745,1232.33,183.21,0.7837,0.581216,0.251041,0.027936,0.576853,0.240852,0.042816,0.575441,0.240326,0.04263,0.573896,0.239822,0.042691,0.576465,0.240997,0.008921,0.575044,0.24052,0.008694,0.573655,0.239857,0.0086,0.563693,0.245145,0.107348,0.563913,0.244279,-0.045415,0.577963,0.261385,0.056162,0.577389,0.260595,0.008836,0.561532,0.303261,0.182132,0.546693,0.295985,-0.141276,0.606104,0.251371,0.16688,0.606005,0.24239,-0.23835,0.642393,0.208376,0.058318,0.641836,0.169635,-0.233484,0.649703,0.191324,0.052025,0.653439,0.154133,-0.267494,0.64747,0.184006,0.03407,0.652242,0.151951,-0.250952,0.64585,0.189041,0.046761,0.647406,0.156129,-0.229307,0.574587,0.507854,0.095374,0.543883,0.513787,-0.095494,0.657101,0.535142,0.083331,0.490298,0.651986,-0.203274,0.698911,0.659139,0.155578,0.403324,0.732231,-0.220117,0.693625,0.687874,0.158229,0.385844,0.722801,-0.224044,0.738898,0.67491,0.084667,0.385908,0.803937,-0.318435
AN_Lat_3_4.12.26,103,1255.95,186.03,0,1255.95,186.03,0.9713,1256.72,164.57,0.7622,0.589345,0.257065,0.028021,0.586124,0.246272,0.042241,0.58485,0.245568,0.042069,0.58341,0.244714,0.042135,0.58616,0.246407,0.009348,0.585115,0.24584,0.009121,0.584039,0.244987,0.009035,0.572867,0.247099,0.105197,0.574279,0.246277,-0.042789,0.585513,0.266402,0.05615,0.58561,0.265488,0.009533,0.56022,0.304041,0.18004,0.559413,0.295656,-0.132201,0.602033,0.265319,0.156355,0.620694,0.222808,-0.231433,0.641471,0.208618,0.045617,0.654544,0.152384,-0.237471,0.650044,0.189833,0.037198,0.668257,0.14187,-0.273186,0.649057,0.183732,0.019607,0.665809,0.13713,-0.255444,0.647308,0.189082,0.033986,0.659809,0.141923,-0.233153,0.582047,0.507633,0.0945,0.559366,0.513596,-0.094654,0.66533,0.545476,0.08336,0.509013,0.652214,-0.182838,0.715572,0.664119,0.149084,0.417069,0.732068,-0.207873,0.713534,0.690292,0.149636,0.400798,0.721804,-0.212117,0.754786,0.681279,0.070851,0.397554,0.79706,-0.281043
AN_Lat_3_4.12.26,104,1249.03,165.4,0,1249.03,165.4,0.9553,1267.57,158.39,0.7426,0.60037,0.258714,-0.025869,0.597549,0.247088,-0.014568,0.59669,0.246586,-0.014748,0.595687,0.245928,-0.01468,0.596783,0.246963,-0.043436,0.595467,0.246392,-0.043678,0.59405,0.245507,-0.04378,0.586091,0.247317,0.048958,0.583638,0.246752,-0.084887,0.596897,0.268452,0.002183,0.596077,0.267382,-0.038222,0.58365,0.302385,0.129274,0.560548,0.295726,-0.166624,0.625266,0.233269,0.113243,0.617722,0.211683,-0.26846,0.657045,0.160841,0.010988,0.660192,0.146654,-0.277396,0.669434,0.150338,0.000744,0.674535,0.141001,-0.315893,0.6686,0.146826,-0.016306,0.673778,0.136581,-0.299603,0.665722,0.148793,-0.000143,0.668341,0.139139,-0.273678,0.601381,0.506844,0.09385,0.568017,0.513322,-0.094009,0.680719,0.555723,0.131715,0.526697,0.657603,-0.177376,0.726077,0.66944,0.230764,0.431843,0.732586,-0.145633,0.72261,0.693593,0.235452,0.415218,0.722083,-0.14208,0.766156,0.690534,0.172671,0.412469,0.799763,-0.215175
AN_Lat_3_4.12.26,105,1225.25,162.21,0,1225.25,162.21,0.9889,1240.72,155.89,0.7592,0.605075,0.261099,-0.007612,0.604418,0.250078,0.001034,0.604693,0.250343,0.000901,0.604799,0.25075,0.000966,0.601965,0.248953,-0.031896,0.600606,0.248275,-0.032074,0.599095,0.24744,-0.03208,0.598159,0.252502,0.074241,0.590286,0.247734,-0.043643,0.603893,0.271809,0.014182,0.60077,0.269494,-0.031132,0.600784,0.303839,0.156887,0.565013,0.296845,-0.117357,0.636048,0.248531,0.202587,0.607275,0.211592,-0.246828,0.664465,0.171676,0.163659,0.646207,0.14434,-0.219629,0.674717,0.155916,0.166446,0.656657,0.134914,-0.249191,0.673063,0.150293,0.146765,0.658605,0.133869,-0.237608,0.669403,0.154698,0.153765,0.655148,0.139033,-0.216367,0.614631,0.507534,0.089599,0.579433,0.513363,-0.089804,0.689752,0.562657,0.127288,0.544392,0.664937,-0.174763,0.732435,0.673233,0.237555,0.45303,0.738661,-0.149427,0.729682,0.695906,0.244549,0.436147,0.731792,-0.147766,0.770238,0.698207,0.190862,0.430411,0.800453,-0.220643
AN_Lat_3_4.12.26,106,1210.19,143.36,0,1210.19,143.36,0.985,1233.89,143.24,0.7658,0.612094,0.247027,-0.099452,0.612914,0.239225,-0.081385,0.614244,0.240177,-0.08158,0.615655,0.242209,-0.081528,0.607938,0.237881,-0.104706,0.60637,0.237994,-0.104966,0.604738,0.238037,-0.105099,0.613268,0.246261,0.013503,0.598045,0.241912,-0.092226,0.613603,0.261438,-0.062505,0.608773,0.258923,-0.095445,0.621246,0.304272,0.112905,0.57148,0.294277,-0.138818,0.646863,0.244458,0.201988,0.600026,0.204283,-0.249138,0.665885,0.180667,0.175628,0.642653,0.132631,-0.281982,0.672649,0.168766,0.180756,0.653471,0.122033,-0.318542,0.670383,0.161989,0.159275,0.655203,0.124784,-0.302835,0.667839,0.165947,0.166354,0.652501,0.131551,-0.278771,0.628771,0.507559,0.082754,0.590475,0.514211,-0.082953,0.694515,0.581413,0.118936,0.561962,0.672333,-0.162464,0.744054,0.67805,0.228908,0.474475,0.743221,-0.079755,0.741213,0.696693,0.235487,0.458087,0.739309,-0.073311,0.774974,0.716358,0.171162,0.461456,0.801261,-0.148706
AN_Lat_3_4.12.26,107,1189.46,130.71,0,1189.46,130.71,0.9713,1218.86,124.71,0.7858,0.623207,0.249127,-0.21396,0.623931,0.245355,-0.195572,0.625231,0.246286,-0.195783,0.626544,0.24786,-0.195719,0.618372,0.244132,-0.212756,0.615804,0.244003,-0.213018,0.613142,0.243634,-0.213161,0.624492,0.252005,-0.087817,0.606512,0.245885,-0.167592,0.624447,0.262054,-0.170373,0.618365,0.259968,-0.195,0.635276,0.305825,0.017247,0.578721,0.294591,-0.159989,0.663897,0.246401,0.084039,0.593819,0.197009,-0.239254,0.668293,0.179948,0.063332,0.634821,0.115472,-0.282269,0.667871,0.166969,0.057946,0.645751,0.10065,-0.319423,0.663793,0.164844,0.040987,0.649314,0.103427,-0.306952,0.662147,0.166658,0.056455,0.645666,0.109424,-0.280539,0.641677,0.507354,0.057524,0.6014,0.51434,-0.05773,0.699529,0.603315,0.085944,0.579827,0.675894,-0.104226,0.753943,0.694074,0.203635,0.500506,0.75096,0.012136,0.754923,0.709619,0.210289,0.488109,0.746681,0.020982,0.78084,0.743107,0.149422,0.482944,0.810991,-0.070588
AN_Lat_3_4.12.26,108,1184.23,131.72,0,1184.23,131.72,0.9679,1191.58,130.0,0.7916,0.633142,0.250075,-0.145356,0.633666,0.245577,-0.125731,0.634832,0.246384,-0.125952,0.636141,0.247896,-0.125897,0.628488,0.244385,-0.140581,0.625867,0.2441,-0.140855,0.623305,0.243865,-0.140989,0.633461,0.254053,-0.029495,0.616536,0.247417,-0.10593,0.634116,0.263086,-0.107119,0.627807,0.26123,-0.128701,0.648788,0.306731,0.039143,0.5875,0.300291,-0.101717,0.671142,0.238457,0.077486,0.585002,0.206735,-0.151113,0.664156,0.17557,0.050904,0.620614,0.120367,-0.19096,0.6614,0.162461,0.04213,0.627872,0.101796,-0.223725,0.656733,0.156485,0.030965,0.633597,0.106513,-0.220736,0.657817,0.159291,0.045686,0.631105,0.113696,-0.194076,0.655448,0.508792,0.04045,0.616681,0.5185,-0.040684,0.703677,0.620194,0.082591,0.596131,0.681129,-0.075485,0.758091,0.707808,0.226966,0.525996,0.764302,0.061322,0.75889,0.722976,0.236887,0.517303,0.762583,0.071956,0.784361,0.76151,0.157619,0.496757,0.81663,-0.014779
AN_Lat_3_4.12.26,109,1144.57,153.37,0,1144.57,153.37,0.9786,1162.88,147.92,0.7856,0.637646,0.250881,-0.344817,0.639687,0.246289,-0.333431,0.640587,0.247376,-0.333706,0.641401,0.248968,-0.333694,0.635358,0.245301,-0.342659,0.633841,0.245555,-0.342956,0.63235,0.245824,-0.343144,0.640385,0.255875,-0.247757,0.629395,0.251477,-0.289872,0.642932,0.263883,-0.309008,0.631824,0.26199,-0.322733,0.660149,0.309858,-0.176765,0.596159,0.310748,-0.259808,0.671256,0.257322,-0.183005,0.576851,0.225723,-0.350027,0.667518,0.223325,-0.229818,0.605668,0.136958,-0.430698,0.667401,0.223565,-0.248512,0.609967,0.108732,-0.472392,0.666606,0.222122,-0.262745,0.618084,0.123924,-0.464501,0.666369,0.21976,-0.237023,0.617832,0.128859,-0.432469,0.666693,0.51493,0.030307,0.630467,0.526317,-0.030463,0.71333,0.637889,0.08405,0.608,0.690439,-0.049931,0.76372,0.729003,0.234362,0.538956,0.77848,0.085286,0.764059,0.742935,0.243222,0.530366,0.781407,0.094666,0.786532,0.782421,0.144247,0.527565,0.819463,-0.017616
AN_Lat_3_4.12.26,110,1110.82,200.3,0,1110.82,200.3,0.9814,1140.92,178.25,0.719,0.630777,0.259764,-0.240417,0.638676,0.260409,-0.230493,0.640142,0.26235,-0.230766,0.64121,0.264323,-0.230721,0.637188,0.25963,-0.239146,0.637817,0.261189,-0.239413,0.635446,0.261698,-0.239555,0.645584,0.273081,-0.159783,0.639529,0.271736,-0.199979,0.633356,0.275144,-0.210733,0.630871,0.274247,-0.223677,0.66578,0.315872,-0.097078,0.609299,0.328086,-0.19591,0.655412,0.341171,-0.127282,0.575973,0.226053,-0.280938,0.669213,0.389551,-0.232443,0.594228,0.165046,-0.341406,0.674297,0.406546,-0.253555,0.603863,0.155097,-0.376217,0.67448,0.407867,-0.273143,0.609795,0.161413,-0.367845,0.671414,0.401976,-0.242215,0.607692,0.165303,-0.342235,0.669344,0.523741,0.036043,0.643136,0.53178,-0.036233,0.722113,0.651285,0.066717,0.622609,0.702272,-0.078315,0.766388,0.750506,0.199174,0.546228,0.789719,-0.024598,0.764633,0.763413,0.205782,0.53069,0.799597,-0.022703,0.791276,0.809117,0.074368,0.556524,0.849708,-0.096524
AN_Lat_3_4.12.26,111,1075.16,234.4,0,1075.16,234.4,0.9294,1126.03,186.46,0.7453,0.673572,0.296032,-0.210409,0.670677,0.286607,-0.223014,0.670501,0.286687,-0.223695,0.670435,0.286876,-0.222893,0.669572,0.286916,-0.213733,0.668723,0.287233,-0.214041,0.667833,0.28724,-0.214256,0.665925,0.28996,-0.079201,0.660814,0.290999,-0.125011,0.669769,0.308236,-0.209395,0.66816,0.307786,-0.199564,0.677967,0.344313,-0.016296,0.623216,0.339871,-0.121646,0.669877,0.430435,-0.000953,0.576632,0.270161,-0.212468,0.68259,0.497517,-0.141499,0.586471,0.172652,-0.293337,0.686185,0.51678,-0.16254,0.579388,0.174455,-0.321506,0.686122,0.508626,-0.182333,0.590312,0.176413,-0.309043,0.683439,0.500392,-0.153283,0.596852,0.181277,-0.288518,0.68734,0.539999,0.047337,0.654256,0.547735,-0.047497,0.730998,0.667946,0.072383,0.63773,0.711408,-0.096671,0.773753,0.781297,0.190362,0.556896,0.792202,-0.054206,0.770577,0.800081,0.193471,0.54103,0.800519,-0.052698,0.799461,0.826817,0.073864,0.558833,0.846133,-0.132136
AN_Lat_3_4.12.26,112,1069.95,321.79,0,1069.95,321.79,0.9642,1115.02,266.25,0.7547,0.690108,0.302899,-0.037544,0.6856,0.292851,-0.021109,0.684923,0.292871,-0.021394,0.684353,0.292936,-0.021207,0.684341,0.29299,-0.041365,0.682875,0.293138,-0.041603,0.681504,0.293132,-0.041723,0.676404,0.297149,0.070618,0.67166,0.297762,-0.033937,0.68711,0.316368,-0.009477,0.685711,0.315685,-0.038019,0.686841,0.360848,0.1111,0.634315,0.351136,-0.059496,0.684983,0.4558,0.079324,0.581567,0.320383,-0.158979,0.711247,0.524827,-0.06336,0.58074,0.246527,-0.290741,0.711008,0.536572,-0.073841,0.565921,0.230414,-0.31123,0.710926,0.526747,-0.091938,0.572266,0.223393,-0.289142,0.714172,0.52417,-0.072505,0.576208,0.222705,-0.27517,0.699975,0.550136,0.052529,0.667028,0.557604,-0.052717,0.741502,0.680886,0.10092,0.649895,0.718028,-0.135547,0.775127,0.799134,0.219356,0.565532,0.792965,-0.057432,0.769974,0.82076,0.224431,0.551592,0.79731,-0.056551,0.805209,0.838138,0.130698,0.560814,0.844722,-0.154837
AN_Lat_3_4.12.26,113,1089.3,409.04,0,1089.3,409.04,0.9747,1092.37,378.58,0.7765,0.70494,0.302234,-0.006106,0.699531,0.29265,0.009179,0.698554,0.293061,0.008931,0.697706,0.293477,0.009008,0.698603,0.292547,-0.015439,0.696958,0.292922,-0.015685,0.695253,0.293204,-0.015833,0.691743,0.300102,0.079697,0.686569,0.299712,-0.035905,0.703115,0.316717,0.020713,0.701918,0.315513,-0.01377,0.69773,0.373392,0.132853,0.651382,0.361059,-0.07562,0.697568,0.460437,0.251942,0.599463,0.376987,-0.202282,0.725002,0.508348,0.325932,0.568944,0.350535,-0.352443,0.731767,0.522231,0.349221,0.548933,0.339567,-0.387096,0.732392,0.512784,0.321542,0.550878,0.333018,-0.381671,0.729151,0.511194,0.317024,0.557795,0.335111,-0.354935,0.714517,0.562721,0.057027,0.683186,0.568018,-0.057096,0.750199,0.686893,0.115867,0.657014,0.724704,-0.164017,0.776598,0.804393,0.223977,0.574543,0.792082,-0.079996,0.769714,0.828585,0.229138,0.56204,0.79472,-0.071493,0.80956,0.839094,0.163453,0.556435,0.843088,-0.160645
AN_Lat_3_4.12.26,114,1127.27,462.89,0,1127.27,462.89,0.9924,1108.02,477.15,0.7397,0.717334,0.300689,-0.025812,0.711709,0.291251,-0.011709,0.710525,0.291966,-0.011936,0.709458,0.292643,-0.011876,0.711275,0.291177,-0.036522,0.709753,0.291931,-0.036768,0.708145,0.292668,-0.036904,0.702898,0.300522,0.0568,0.699383,0.301297,-0.049094,0.714877,0.315928,0.001269,0.714097,0.315257,-0.033011,0.706792,0.378093,0.117313,0.669751,0.373309,-0.079037,0.714666,0.462457,0.241075,0.621795,0.419968,-0.21039,0.731256,0.508824,0.328955,0.577094,0.441802,-0.300364,0.734512,0.515995,0.352654,0.552703,0.444521,-0.329434,0.735224,0.506881,0.325175,0.555828,0.44828,-0.326143,0.736024,0.510373,0.320058,0.567447,0.448567,-0.302878,0.723412,0.575066,0.068052,0.691597,0.579981,-0.068009,0.763927,0.69052,0.157113,0.662516,0.729462,-0.178142,0.777658,0.808757,0.275633,0.583534,0.792102,-0.111421,0.770245,0.830651,0.282799,0.570061,0.793374,-0.103627,0.809532,0.841282,0.233034,0.570733,0.841915,-0.163515
AN_Lat_3_4.12.26,115,,,1,1216.93,532.38,0.9809,1213.81,522.01,0.7087,0.724802,0.305103,-0.024385,0.719546,0.295422,-0.009989,0.718574,0.29609,-0.010195,0.717636,0.2968,-0.010131,0.71892,0.295091,-0.035227,0.717576,0.295632,-0.035472,0.716127,0.296263,-0.035624,0.709565,0.305819,0.056748,0.706969,0.305729,-0.056519,0.722736,0.320408,0.001998,0.722114,0.319542,-0.032987,0.711885,0.383454,0.110382,0.683427,0.38275,-0.093091,0.689645,0.459133,0.176043,0.651603,0.444904,-0.230985,0.702123,0.486,0.163445,0.63219,0.483345,-0.357536,0.703733,0.495856,0.165977,0.620028,0.490489,-0.395524,0.719164,0.484692,0.147565,0.62018,0.484427,-0.391869,0.719093,0.480963,0.155425,0.628076,0.483238,-0.360072,0.730491,0.578644,0.069422,0.699718,0.582482,-0.069365,0.771624,0.687628,0.138903,0.668166,0.730164,-0.176781,0.777111,0.807379,0.240341,0.594544,0.798983,-0.127032,0.768036,0.827657,0.245682,0.581126,0.797836,-0.1221,0.809054,0.842574,0.186956,0.580121,0.841127,-0.189256
AN_Lat_3_4.12.26,116,,,1,1269.0,595.45,0.9729,1256.63,561.49,0.6991,0.734525,0.30522,-0.018171,0.728405,0.295241,-0.003028,0.727131,0.295722,-0.003213,0.725815,0.296335,-0.003141,0.728345,0.295386,-0.032207,0.727058,0.296004,-0.032423,0.725611,0.296773,-0.032537,0.716051,0.30676,0.062888,0.715461,0.307523,-0.059148,0.732604,0.320783,0.008091,0.732393,0.320237,-0.031685,0.713657,0.391139,0.112373,0.695353,0.390725,-0.103448,0.694971,0.483021,0.165701,0.678518,0.475035,-0.224192,0.682518,0.53441,0.094257,0.654495,0.519894,-0.306335,0.685172,0.549561,0.086076,0.645832,0.528814,-0.340194,0.691559,0.536389,0.072377,0.643506,0.523175,-0.335463,0.689082,0.529782,0.086476,0.649619,0.521148,-0.307524,0.733164,0.578498,0.071938,0.705926,0.583234,-0.071912,0.777309,0.681784,0.135826,0.675084,0.732811,-0.164897,0.777394,0.805291,0.214698,0.604048,0.808094,-0.122606,0.767807,0.825833,0.218215,0.593673,0.810991,-0.120547,0.808344,0.842889,0.169621,0.576733,0.84244,-0.187807
AN_Lat_3_4.12.26,117,,,1,1396.28,611.49,0.8635,1373.14,630.12,0.6678,0.742326,0.306372,-0.083401,0.73663,0.297099,-0.069294,0.735385,0.29769,-0.069474,0.73409,0.298325,-0.06943,0.736409,0.297296,-0.100302,0.735113,0.298005,-0.100491,0.733645,0.298765,-0.1006,0.725239,0.308459,-0.001812,0.724732,0.309261,-0.141315,0.739645,0.322488,-0.055693,0.739191,0.32208,-0.097731,0.721719,0.393193,0.078876,0.708308,0.392929,-0.188449,0.724488,0.500818,0.135245,0.699359,0.499391,-0.26051,0.743704,0.58704,0.07911,0.715175,0.583443,-0.294619,0.745925,0.604038,0.075921,0.713572,0.605008,-0.326324,0.747892,0.592234,0.053063,0.716661,0.602353,-0.322715,0.746333,0.584378,0.067938,0.717151,0.59539,-0.295055,0.735757,0.578483,0.076865,0.710063,0.58429,-0.07686,0.781437,0.679614,0.138331,0.68669,0.739756,-0.12782,0.777074,0.804508,0.235333,0.616919,0.810845,-0.038841,0.765637,0.825936,0.240509,0.609532,0.812681,-0.03132,0.809527,0.842775,0.192187,0.592023,0.84285,-0.085701
AN_Lat_3_4.12.26,118,,,1,1408.49,630.89,0.9697,1390.8,631.06,0.6672,0.749229,0.304578,-0.08569,0.742644,0.295395,-0.07056,0.741499,0.29611,-0.070743,0.740245,0.296912,-0.070714,0.742384,0.295598,-0.100726,0.741174,0.296437,-0.100908,0.739817,0.297335,-0.101012,0.730547,0.307131,-0.001302,0.730599,0.307564,-0.138982,0.747352,0.320933,-0.057928,0.746994,0.320974,-0.099022,0.72789,0.392044,0.078956,0.717243,0.392208,-0.195631,0.729619,0.502274,0.132675,0.710368,0.500096,-0.276686,0.742962,0.595901,0.079283,0.724375,0.584319,-0.313791,0.743578,0.606314,0.077214,0.720036,0.608169,-0.34836,0.744055,0.601798,0.053142,0.726788,0.607719,-0.34501,0.745473,0.594112,0.067989,0.727974,0.598841,-0.314064,0.734998,0.583535,0.083317,0.711698,0.587602,-0.083297,0.782891,0.675537,0.168126,0.69766,0.740467,-0.139945,0.776315,0.80541,0.270899,0.624769,0.809975,-0.061778,0.765447,0.827368,0.276512,0.615704,0.812162,-0.054945,0.810368,0.842012,0.241825,0.597113,0.843705,-0.099359
AN_Lat_3_4.12.26,119,,,1,1447.48,612.41,0.9851,1449.46,513.68,0.6157,0.756877,0.303815,-0.064024,0.750488,0.294121,-0.054256,0.749281,0.29475,-0.054395,0.748039,0.295474,-0.054371,0.750116,0.294384,-0.087016,0.748875,0.295177,-0.087114,0.747571,0.296037,-0.087134,0.738421,0.306234,0.009031,0.738662,0.306835,-0.116011,0.755109,0.319941,-0.045971,0.75468,0.320532,-0.090247,0.731662,0.390001,0.079035,0.729064,0.390266,-0.165814,0.739419,0.499654,0.068716,0.735739,0.485266,-0.134003,0.753176,0.517226,-0.057268,0.754929,0.475632,0.008444,0.756366,0.522028,-0.068218,0.758038,0.473827,0.005872,0.75573,0.537158,-0.078798,0.755341,0.469221,0.009516,0.753661,0.524544,-0.065439,0.753712,0.471155,0.012962,0.738158,0.581496,0.082076,0.717469,0.584939,-0.082074,0.783504,0.675488,0.170007,0.709522,0.739707,-0.151043,0.775541,0.805133,0.2678,0.632954,0.807024,-0.0705,0.764875,0.826676,0.273615,0.623886,0.798948,-0.068415,0.809414,0.842551,0.255303,0.602642,0.843537,-0.099264
AN_Lat_3_4.12.26,120,,,1,1503.6,550.27,0.9541,1459.08,512.45,0.5626,0.764148,0.301914,-0.035117,0.757916,0.292296,-0.024765,0.75692,0.292899,-0.024915,0.755843,0.293588,-0.02487,0.757105,0.292509,-0.05353,0.755741,0.29327,-0.053682,0.754267,0.294095,-0.053719,0.745457,0.303962,0.023505,0.745055,0.304553,-0.103673,0.762308,0.31775,-0.015974,0.761507,0.318351,-0.05484,0.737135,0.385773,0.094273,0.736129,0.385216,-0.156146,0.742647,0.493469,0.072138,0.741753,0.47565,-0.107132,0.752912,0.506473,-0.049359,0.759937,0.474493,0.025117,0.755316,0.510413,-0.060786,0.765173,0.473367,0.021442,0.755688,0.505489,-0.071832,0.761623,0.464135,0.02431,0.755359,0.500906,-0.057677,0.757565,0.465043,0.029155,0.737883,0.578062,0.082031,0.720306,0.581595,-0.08203,0.782017,0.677037,0.179528,0.718599,0.736295,-0.160595,0.77514,0.805915,0.285869,0.638284,0.806249,-0.094493,0.763981,0.82709,0.29309,0.628317,0.786292,-0.086468,0.80755,0.844016,0.286113,0.60587,0.841707,-0.111757
AN_Lat_3_4.12.26,121,1567.0,505.0,0,1570.95,505.3,0.9567,1539.39,515.13,0.5288,0.768127,0.301419,-0.040113,0.760572,0.291889,-0.029813,0.759226,0.292455,-0.029929,0.757827,0.293121,-0.029912,0.76059,0.291841,-0.059317,0.759432,0.292477,-0.059462,0.758224,0.2932,-0.059498,0.749197,0.302336,0.019343,0.749759,0.302784,-0.105702,0.766281,0.317602,-0.021926,0.766063,0.317579,-0.060745,0.739223,0.382198,0.096251,0.749792,0.381738,-0.160565,0.768996,0.480631,0.087867,0.773335,0.480449,-0.149239,0.810774,0.487673,0.004552,0.801767,0.476972,-0.072492,0.821073,0.503951,-0.001597,0.810452,0.473765,-0.089059,0.821058,0.500796,-0.018861,0.809711,0.461133,-0.083081,0.816076,0.490653,-0.005308,0.801212,0.464116,-0.069409,0.738002,0.574227,0.083435,0.723062,0.57816,-0.083398,0.780142,0.675628,0.17955,0.728408,0.732793,-0.15693,0.774197,0.806734,0.284864,0.648692,0.79957,-0.05569,0.763338,0.828023,0.2916,0.63789,0.77205,-0.043342,0.806137,0.845503,0.271826,0.618355,0.835288,-0.055573
AN_Lat_3_4.12.26,122,1600.0,471.0,0,1596.62,470.18,0.9856,1592.93,485.43,0.5201,0.772889,0.296827,-0.030054,0.765719,0.288054,-0.018642,0.764235,0.288869,-0.018769,0.762724,0.289924,-0.018722,0.765833,0.288385,-0.046086,0.764491,0.289487,-0.046259,0.763078,0.290782,-0.046297,0.754298,0.30158,0.028416,0.754873,0.302349,-0.095352,0.771335,0.313411,-0.010108,0.771207,0.314567,-0.046959,0.744191,0.381931,0.112246,0.759284,0.377833,-0.15348,0.775908,0.464584,0.090029,0.797251,0.467301,-0.134677,0.818206,0.480784,0.015603,0.829649,0.449474,-0.024039,0.833069,0.472979,0.011053,0.839972,0.444335,-0.037605,0.831309,0.471335,-0.007891,0.836379,0.434585,-0.030023,0.827112,0.469491,0.004955,0.831676,0.436599,-0.019867,0.735448,0.56885,0.085835,0.72378,0.573771,-0.085813,0.776962,0.675941,0.17633,0.736256,0.731602,-0.155239,0.772209,0.807101,0.26305,0.655092,0.794098,-0.068547,0.762492,0.827171,0.267876,0.644703,0.767481,-0.060142,0.802695,0.845118,0.241897,0.631047,0.832291,-0.085093
AN_Lat_3_4.12.26,123,1622.62,438.3,0,1622.62,438.3,0.9773,1624.01,477.2,0.5559,0.77594,0.285764,0.036595,0.76855,0.278495,0.049704,0.767406,0.279774,0.049577,0.766099,0.281128,0.04963,0.768549,0.278769,0.023024,0.767569,0.280217,0.022825,0.766505,0.281745,0.022781,0.757081,0.293328,0.095479,0.758128,0.293746,-0.024605,0.775493,0.301931,0.055706,0.775396,0.303336,0.01978,0.748098,0.377005,0.166934,0.762007,0.372209,-0.102749,0.779966,0.461784,0.155667,0.807402,0.450807,-0.084078,0.836317,0.422872,0.069177,0.845839,0.441856,0.02626,0.845397,0.408159,0.067713,0.857094,0.414739,0.012507,0.829326,0.438789,0.052037,0.850685,0.398652,0.025759,0.84097,0.406728,0.059603,0.84564,0.404642,0.032518,0.733663,0.554478,0.085558,0.72576,0.556207,-0.085546,0.775865,0.675896,0.159104,0.746609,0.717597,-0.133698,0.772162,0.807294,0.23524,0.665214,0.788022,-0.051441,0.762446,0.82734,0.237773,0.654772,0.760208,-0.04238,0.803393,0.846065,0.217315,0.640568,0.830856,-0.059224
AN_Lat_3_4.12.26,124,1628.63,400.22,0,1628.63,400.22,0.9768,1469.09,553.97,0.511,0.780054,0.275256,0.019533,0.772844,0.26816,0.032918,0.771778,0.269602,0.032799,0.770602,0.27108,0.032831,0.772806,0.268283,0.006422,0.771874,0.269806,0.00623,0.770851,0.271407,0.006172,0.762245,0.282154,0.086845,0.762632,0.283538,-0.03359,0.779893,0.292038,0.041774,0.779684,0.292665,0.005637,0.757276,0.367807,0.160787,0.761091,0.359718,-0.098825,0.803674,0.447636,0.165472,0.768018,0.453746,-0.099824,0.846467,0.383412,0.081931,0.76515,0.512932,-0.024716,0.855833,0.363069,0.07981,0.771572,0.523184,-0.036191,0.853002,0.362451,0.065238,0.76914,0.520636,-0.034428,0.850078,0.363435,0.073413,0.768919,0.515075,-0.023301,0.734324,0.546109,0.087385,0.72826,0.546873,-0.087369,0.774447,0.677402,0.14567,0.757382,0.701377,-0.134021,0.771947,0.806404,0.201791,0.675986,0.77797,-0.048928,0.761368,0.827031,0.203534,0.662885,0.75402,-0.038887,0.804574,0.848228,0.169764,0.654957,0.829518,-0.060577
AN_Lat_3_4.12.26,125,1633.47,372.22,0,1633.47,372.22,0.9743,1623.83,402.88,0.559,0.782433,0.265272,0.068978,0.775249,0.259272,0.080686,0.774006,0.260907,0.080537,0.772627,0.262531,0.080612,0.775421,0.259394,0.0553,0.774484,0.261135,0.055114,0.773448,0.263052,0.055067,0.764949,0.27395,0.120864,0.766165,0.275892,0.006644,0.782234,0.282683,0.086206,0.782194,0.283152,0.051948,0.754343,0.35578,0.174281,0.768957,0.35013,-0.07142,0.753026,0.447518,0.16735,0.813395,0.443239,-0.052906,0.805673,0.499575,0.092696,0.845744,0.373038,0.070102,0.831282,0.510934,0.095757,0.853969,0.355001,0.059766,0.835283,0.509262,0.081558,0.849902,0.34891,0.075217,0.814272,0.503479,0.085517,0.846527,0.353342,0.077746,0.733974,0.533639,0.08733,0.732128,0.534568,-0.087277,0.769827,0.676565,0.1249,0.761439,0.687683,-0.123163,0.771673,0.803746,0.168635,0.683461,0.771777,-0.064795,0.760811,0.824887,0.170375,0.669508,0.74997,-0.059608,0.801921,0.846762,0.148047,0.666775,0.829398,-0.090734
AN_Lat_3_4.12.26,126,1621.43,348.38,0,1621.43,348.38,0.9554,1619.49,355.83,0.6019,0.784658,0.257901,0.064272,0.777574,0.249707,0.074288,0.776085,0.250838,0.074142,0.774538,0.251953,0.074209,0.778354,0.250029,0.049324,0.777547,0.251364,0.049146,0.77663,0.252655,0.049126,0.767227,0.262029,0.109413,0.769983,0.262711,-0.003115,0.783978,0.274442,0.079762,0.784153,0.274312,0.046004,0.754986,0.346108,0.16346,0.769928,0.335993,-0.077557,0.753876,0.457289,0.162108,0.814419,0.416053,-0.06398,0.772866,0.520058,0.09816,0.843485,0.329476,0.049461,0.780157,0.531705,0.102482,0.850481,0.310792,0.039316,0.78153,0.529066,0.086667,0.844286,0.303758,0.052828,0.777705,0.523116,0.09042,0.841392,0.309737,0.055973,0.734783,0.525123,0.08718,0.733301,0.526564,-0.087078,0.768424,0.674959,0.097818,0.765963,0.676256,-0.12505,0.771847,0.801046,0.125748,0.691385,0.765881,-0.078727,0.760422,0.822712,0.12551,0.675798,0.747735,-0.074791,0.801896,0.84541,0.105418,0.680634,0.829576,-0.098954
AN_Lat_3_4.12.26,127,1604.76,340.33,0,1604.76,340.33,0.9626,1607.67,334.68,0.6407,0.788713,0.245039,0.026487,0.781301,0.238042,0.037586,0.779923,0.239135,0.037428,0.778423,0.240235,0.037495,0.781741,0.238459,0.01177,0.780871,0.239837,0.011577,0.779905,0.241211,0.011524,0.76942,0.250406,0.085614,0.772005,0.251426,-0.027342,0.788384,0.261163,0.046045,0.78824,0.262044,0.011156,0.755583,0.333944,0.146195,0.773539,0.327374,-0.092387,0.74481,0.454887,0.151522,0.815572,0.402701,-0.109324,0.758057,0.524228,0.086162,0.837331,0.309892,-0.021168,0.763529,0.537803,0.088562,0.844062,0.291129,-0.035443,0.763024,0.536218,0.071131,0.837755,0.285366,-0.022666,0.761841,0.529536,0.077633,0.83432,0.292015,-0.015357,0.736498,0.521465,0.086309,0.73824,0.523585,-0.086244,0.771409,0.673631,0.107212,0.772407,0.667214,-0.099247,0.771756,0.799253,0.148608,0.699942,0.761425,-0.055343,0.759326,0.820776,0.149337,0.683233,0.750688,-0.050364,0.802573,0.845391,0.124409,0.702766,0.828074,-0.064552
AN_Lat_3_4.12.26,128,1588.8,324.37,0,1588.8,324.37,0.9526,1594.77,324.36,0.6747,0.790788,0.239492,0.042763,0.784272,0.231568,0.050739,0.783035,0.232498,0.050595,0.781612,0.233493,0.050675,0.784623,0.231718,0.025819,0.78378,0.232746,0.02563,0.782815,0.233774,0.02559,0.772788,0.243026,0.083515,0.77524,0.242988,-0.028036,0.789983,0.255047,0.057727,0.790069,0.255942,0.024214,0.754493,0.326372,0.141159,0.778697,0.318967,-0.097153,0.7411,0.448553,0.148108,0.819303,0.397328,-0.073991,0.751127,0.521083,0.08877,0.830607,0.300334,0.065498,0.756401,0.536553,0.092942,0.835476,0.27955,0.060711,0.754744,0.536407,0.077263,0.828801,0.277871,0.06765,0.754414,0.529208,0.080854,0.825929,0.285926,0.070403,0.736242,0.516016,0.084246,0.743142,0.518423,-0.084196,0.772484,0.665446,0.112529,0.777348,0.657125,-0.073723,0.771388,0.798145,0.16331,0.710975,0.760742,-0.024543,0.759225,0.820236,0.165482,0.692418,0.75484,-0.018629,0.799305,0.842759,0.141849,0.720414,0.827655,-0.027636
AN_Lat_3_4.12.26,129,1584.68,316.23,0,1584.68,316.23,0.9572,1583.81,319.58,0.7059,0.793699,0.231297,0.041209,0.787188,0.222623,0.047518,0.785815,0.223565,0.047417,0.784425,0.224517,0.047498,0.787863,0.222624,0.021684,0.786989,0.223579,0.02147,0.786079,0.224579,0.021438,0.775344,0.234452,0.07768,0.779036,0.23387,-0.037549,0.792204,0.246947,0.05554,0.792842,0.247928,0.020564,0.75575,0.319992,0.141506,0.783966,0.312335,-0.102531,0.770856,0.418965,0.149704,0.820659,0.39348,-0.065642,0.796223,0.392761,0.096433,0.824902,0.295909,0.082643,0.802661,0.376607,0.098066,0.82805,0.270963,0.07755,0.802874,0.374236,0.088464,0.820423,0.27259,0.077151,0.801864,0.37865,0.090107,0.818174,0.280218,0.084964,0.735079,0.51116,0.084086,0.74639,0.514191,-0.084063,0.770831,0.6576,0.128693,0.783305,0.654631,-0.074734,0.770725,0.795547,0.176515,0.720223,0.762135,-0.028262,0.758416,0.817464,0.179166,0.700482,0.756891,-0.022242,0.799504,0.841009,0.160649,0.739973,0.825799,-0.030969
AN_Lat_3_4.12.26,130,1574.24,317.47,0,1574.24,317.47,0.948,1579.34,312.36,0.7343,0.79083,0.22255,0.082368,0.784375,0.215194,0.084361,0.783183,0.216585,0.084254,0.78166,0.218644,0.084328,0.785465,0.214849,0.063355,0.785097,0.216031,0.063156,0.784727,0.217224,0.063122,0.774321,0.230054,0.092871,0.778888,0.227857,-0.002302,0.790176,0.240624,0.089755,0.791828,0.240825,0.06112,0.753907,0.313159,0.144716,0.787793,0.306317,-0.076038,0.751865,0.421337,0.162592,0.824215,0.389922,-0.018192,0.791185,0.483267,0.141367,0.822573,0.289225,0.140162,0.792981,0.488109,0.150555,0.823432,0.267425,0.14075,0.79453,0.501969,0.137092,0.815473,0.269217,0.142632,0.791959,0.496055,0.135224,0.813904,0.275927,0.143599,0.734779,0.507945,0.082899,0.753913,0.511309,-0.082864,0.768611,0.651482,0.132472,0.790053,0.653983,-0.075701,0.768364,0.793054,0.179501,0.731352,0.763847,-0.042228,0.758212,0.817281,0.18209,0.713385,0.761381,-0.037122,0.796828,0.840818,0.168307,0.753594,0.825354,-0.048855
AN_Lat_3_4.12.26,131,1571.36,315.38,0,1571.36,315.38,0.9808,1571.81,312.88,0.7592,0.796631,0.221723,0.0713,0.790041,0.213567,0.073626,0.788483,0.215134,0.073496,0.786851,0.216923,0.073551,0.791072,0.213104,0.050996,0.790258,0.214243,0.050819,0.789301,0.21542,0.050798,0.77898,0.227799,0.085715,0.781503,0.226531,-0.015993,0.794791,0.239473,0.079843,0.796233,0.239382,0.049213,0.753618,0.309584,0.141266,0.788085,0.303238,-0.088172,0.74477,0.416077,0.158771,0.826398,0.3835,-0.057033,0.759998,0.493373,0.111232,0.81865,0.2897,0.069916,0.753524,0.5139,0.114566,0.816764,0.267975,0.064839,0.761349,0.518632,0.099449,0.809502,0.269546,0.065484,0.760594,0.509957,0.103597,0.808531,0.276283,0.072151,0.736563,0.502336,0.08256,0.755948,0.505354,-0.082528,0.767795,0.642129,0.142896,0.795684,0.650306,-0.08222,0.765738,0.788085,0.183885,0.743523,0.764851,-0.047241,0.755724,0.814943,0.186559,0.726311,0.766226,-0.037556,0.794677,0.839505,0.17998,0.766342,0.825643,-0.064552
AN_Lat_3_4.12.26,132,1571.64,325.16,0,1571.64,325.16,0.9487,1570.68,311.99,0.7823,0.796463,0.220985,0.065171,0.78891,0.211756,0.067849,0.787248,0.213186,0.067715,0.785598,0.214556,0.067762,0.790356,0.211281,0.044513,0.789769,0.212294,0.044332,0.789006,0.213661,0.044311,0.778052,0.225253,0.082287,0.781196,0.22413,-0.022276,0.795332,0.238846,0.074912,0.797293,0.238878,0.043416,0.752686,0.305339,0.138669,0.789237,0.297301,-0.093866,0.739746,0.410408,0.156795,0.829208,0.381795,-0.062353,0.742113,0.493111,0.110241,0.818062,0.28888,0.072143,0.736571,0.516109,0.112387,0.814105,0.265992,0.068911,0.741679,0.518688,0.089431,0.806468,0.266676,0.066538,0.74262,0.509167,0.097958,0.806165,0.274871,0.073675,0.738946,0.497827,0.082231,0.759041,0.500415,-0.082215,0.769632,0.638342,0.14089,0.799217,0.646872,-0.077915,0.764213,0.78538,0.172474,0.758513,0.766498,-0.049249,0.753102,0.808766,0.173571,0.739365,0.781816,-0.043139,0.794198,0.833051,0.17247,0.786186,0.828581,-0.055804
AN_Lat_3_4.12.26,133,1577.95,313.34,0,1577.95,313.34,0.9787,1570.33,313.81,0.8031,0.800617,0.219159,0.057099,0.79378,0.208284,0.058275,0.791851,0.209346,0.058136,0.789819,0.210441,0.058197,0.794885,0.20821,0.036057,0.793813,0.209433,0.035883,0.792599,0.210462,0.035871,0.780729,0.219998,0.074229,0.783629,0.219492,-0.029392,0.79781,0.23634,0.065577,0.798895,0.236348,0.03544,0.754873,0.30247,0.112805,0.791645,0.293262,-0.096623,0.73696,0.403021,0.119458,0.8331,0.381222,-0.059692,0.732264,0.490812,0.059543,0.817879,0.290564,0.069394,0.728635,0.514152,0.057146,0.814302,0.270558,0.065647,0.733077,0.516921,0.044042,0.806953,0.271097,0.064051,0.735203,0.507215,0.052759,0.806838,0.278969,0.071093,0.746436,0.4935,0.081634,0.764063,0.498395,-0.081643,0.771814,0.633814,0.171009,0.803055,0.644166,-0.074512,0.763329,0.776741,0.233436,0.765994,0.775592,-0.047943,0.752498,0.797763,0.238093,0.750809,0.802054,-0.043402,0.793298,0.810199,0.241751,0.8006,0.834552,-0.05615
AN_Lat_3_4.12.26,134,1588.01,315.17,0,1588.01,315.17,0.9793,1576.66,308.56,0.8218,0.802559,0.218965,0.100717,0.796679,0.207521,0.100213,0.794694,0.207904,0.100075,0.792622,0.208482,0.100118,0.797567,0.207642,0.080332,0.796373,0.208074,0.080193,0.794995,0.208407,0.080199,0.782824,0.216184,0.096341,0.785288,0.215638,0.006959,0.799081,0.234066,0.104091,0.79996,0.233891,0.077018,0.75762,0.299731,0.114163,0.790415,0.28918,-0.068638,0.735376,0.396408,0.112387,0.834734,0.378468,-0.076232,0.729056,0.488138,0.050845,0.821176,0.285708,0.034824,0.726353,0.512543,0.047068,0.816029,0.26652,0.029049,0.729483,0.51521,0.038453,0.809545,0.267048,0.039905,0.731405,0.504428,0.04612,0.809165,0.275473,0.041788,0.751378,0.488853,0.078793,0.767575,0.494623,-0.078823,0.772496,0.629782,0.173025,0.807599,0.643661,-0.084194,0.762778,0.770503,0.240368,0.780034,0.785648,-0.071169,0.751927,0.792096,0.245039,0.765451,0.814118,-0.070469,0.791719,0.799768,0.242395,0.82089,0.841468,-0.088912
AN_Lat_3_4.12.26,135,1595.37,302.57,0,1595.37,302.57,0.9837,1588.32,304.95,0.8383,0.805058,0.214489,0.0876,0.798726,0.203214,0.090838,0.797089,0.203261,0.090697,0.795286,0.203524,0.09075,0.799675,0.203538,0.067786,0.798818,0.203669,0.067629,0.797875,0.20374,0.067625,0.786449,0.212116,0.098404,0.78916,0.211775,-0.00358,0.802486,0.229306,0.095046,0.803345,0.229322,0.063846,0.758968,0.299348,0.11778,0.794823,0.293531,-0.0786,0.735383,0.39076,0.11795,0.837636,0.37414,-0.080532,0.727572,0.485803,0.056111,0.82725,0.282359,0.012012,0.724695,0.509393,0.054311,0.823722,0.262205,0.002693,0.726658,0.511322,0.043807,0.817288,0.26327,0.007351,0.729825,0.500861,0.050775,0.817124,0.270726,0.015383,0.754325,0.487846,0.079012,0.771343,0.494466,-0.079049,0.772605,0.626901,0.176722,0.809682,0.643484,-0.095005,0.762241,0.764608,0.227559,0.796831,0.801258,-0.148108,0.750864,0.782523,0.230854,0.782334,0.828138,-0.152178,0.790345,0.803029,0.222509,0.8372,0.846622,-0.185243
AN_Lat_3_4.12.26,136,1602.0,297.0,0,1604.12,321.3,0.9538,1599.98,299.59,0.8508,0.805581,0.210222,0.099942,0.799053,0.199846,0.102102,0.797294,0.200046,0.101963,0.795481,0.200516,0.102019,0.80002,0.200129,0.080586,0.799105,0.200346,0.080422,0.798035,0.200533,0.080415,0.786553,0.210696,0.1044,0.788839,0.21067,0.008135,0.803065,0.225594,0.10536,0.803992,0.225326,0.076085,0.758845,0.297357,0.12123,0.797199,0.29461,-0.068441,0.735768,0.392423,0.122623,0.840288,0.370923,-0.058676,0.728367,0.484522,0.077913,0.833321,0.277401,0.037562,0.726572,0.506845,0.081311,0.830615,0.256618,0.030945,0.728218,0.508234,0.070924,0.823635,0.256445,0.035294,0.730394,0.499403,0.07371,0.822195,0.265281,0.040762,0.757196,0.486057,0.077819,0.776475,0.493565,-0.077875,0.773105,0.622884,0.164379,0.810965,0.646203,-0.100633,0.762158,0.761146,0.195539,0.8113,0.81349,-0.164118,0.748841,0.775955,0.196619,0.798874,0.840819,-0.169263,0.785537,0.806502,0.192282,0.856421,0.850507,-0.210688
AN_Lat_3_4.12.26,137,1617.0,300.0,0,1615.72,315.94,0.9662,1612.34,294.52,0.8624,0.805831,0.211652,0.085423,0.799176,0.202109,0.088889,0.797406,0.202404,0.088747,0.795609,0.202834,0.088797,0.800304,0.202308,0.065687,0.799412,0.202582,0.065513,0.798459,0.202831,0.065488,0.786852,0.212652,0.098879,0.789859,0.21277,-0.004358,0.80338,0.226855,0.093888,0.804536,0.226632,0.062321,0.76033,0.296907,0.121931,0.799052,0.294668,-0.078227,0.736288,0.392547,0.133866,0.846697,0.367767,-0.075226,0.727502,0.484446,0.100171,0.83976,0.272704,0.012811,0.725787,0.503501,0.105753,0.836025,0.251851,0.002431,0.727648,0.505213,0.09353,0.829691,0.253159,0.006988,0.729416,0.496384,0.095331,0.829901,0.26029,0.01565,0.761022,0.487555,0.077811,0.781526,0.494202,-0.077867,0.774414,0.625341,0.172605,0.811917,0.649341,-0.107193,0.759467,0.757163,0.220869,0.822889,0.822224,-0.163579,0.745076,0.772269,0.224068,0.812478,0.850133,-0.168003,0.781881,0.807908,0.223167,0.871911,0.852337,-0.206416
AN_Lat_3_4.12.26,138,1631.0,294.0,0,1626.36,290.73,0.9834,1627.86,293.06,0.8737,0.807406,0.214716,0.073992,0.800192,0.205466,0.078369,0.79845,0.205785,0.078219,0.796695,0.206311,0.078266,0.801324,0.205614,0.05508,0.80041,0.205899,0.054897,0.79951,0.206176,0.054862,0.788325,0.21612,0.093043,0.791352,0.215927,-0.011577,0.805153,0.230321,0.083737,0.806288,0.229982,0.052005,0.762637,0.299873,0.121106,0.804688,0.297671,-0.082898,0.737333,0.391419,0.141534,0.851749,0.367872,-0.08089,0.72768,0.483184,0.114147,0.847844,0.271349,0.007578,0.725393,0.501357,0.121329,0.846279,0.24812,-0.00204,0.72815,0.503317,0.108021,0.839168,0.247134,0.002242,0.729858,0.494785,0.109159,0.838553,0.254868,0.0104,0.764201,0.489901,0.07721,0.784475,0.496269,-0.077282,0.776507,0.627438,0.167727,0.817773,0.651316,-0.107337,0.757053,0.755763,0.217238,0.833121,0.824866,-0.152819,0.743108,0.77028,0.22041,0.824267,0.854933,-0.156683,0.779777,0.809311,0.215877,0.87747,0.854127,-0.191576
AN_Lat_3_4.12.26,139,1637.0,299.0,0,1634.87,319.99,0.9758,1637.78,294.92,0.8844,0.807858,0.217133,0.066518,0.801081,0.208027,0.066543,0.799303,0.208505,0.066363,0.797563,0.209177,0.066378,0.802151,0.208113,0.042408,0.801257,0.20856,0.042221,0.800328,0.208972,0.042166,0.788873,0.219198,0.073,0.792015,0.218856,-0.035076,0.805435,0.233663,0.072035,0.806524,0.233182,0.039018,0.765509,0.30406,0.110343,0.805105,0.2992,-0.107499,0.738567,0.395322,0.149409,0.854453,0.368459,-0.124915,0.726488,0.48262,0.144049,0.853011,0.273077,-0.053087,0.723992,0.502637,0.155453,0.852704,0.248937,-0.066366,0.726501,0.505766,0.139349,0.846281,0.247522,-0.057481,0.728388,0.496769,0.1387,0.84529,0.255128,-0.048953,0.769166,0.494515,0.078352,0.789889,0.500346,-0.078427,0.778739,0.629377,0.197333,0.824084,0.654063,-0.103953,0.755245,0.756986,0.264283,0.842017,0.829865,-0.132824,0.741216,0.770911,0.269332,0.833537,0.861728,-0.134668,0.777519,0.80896,0.267817,0.887731,0.859682,-0.168926
AN_Lat_3_4.12.26,140,1653.0,301.0,0,1650.43,325.53,0.9786,1647.52,296.35,0.8939,0.809743,0.220893,0.059802,0.802769,0.211754,0.062446,0.800878,0.212292,0.062277,0.798963,0.213021,0.062307,0.8039,0.211829,0.038429,0.802928,0.212336,0.038241,0.801914,0.212816,0.038191,0.790118,0.223042,0.07268,0.793342,0.222707,-0.035044,0.80685,0.237202,0.068587,0.807965,0.236756,0.03578,0.767172,0.305144,0.111797,0.805503,0.300848,-0.106546,0.739196,0.398247,0.162007,0.858504,0.368625,-0.122615,0.726611,0.483273,0.165887,0.858085,0.2744,-0.05279,0.724498,0.507385,0.177947,0.858227,0.251574,-0.066642,0.727264,0.51114,0.16242,0.851538,0.2495,-0.058492,0.729112,0.501386,0.160916,0.851014,0.256228,-0.049011,0.772005,0.497191,0.07838,0.794227,0.502264,-0.078455,0.781946,0.631255,0.196546,0.830247,0.655971,-0.104452,0.753476,0.757651,0.270218,0.84994,0.835587,-0.137148,0.739408,0.772214,0.275942,0.841419,0.865991,-0.139826,0.775966,0.808189,0.275302,0.892693,0.865537,-0.177043
AN_Lat_3_4.12.26,141,1659.0,311.0,0,1670.19,328.34,0.981,1662.08,302.12,0.9025,0.812709,0.221218,0.056988,0.805448,0.21333,0.061502,0.803419,0.213956,0.061343,0.801423,0.21474,0.061391,0.806585,0.213566,0.036833,0.805439,0.214251,0.036643,0.804238,0.214879,0.036596,0.792472,0.225104,0.071014,0.795506,0.224828,-0.034943,0.809678,0.23741,0.06751,0.810498,0.237823,0.03417,0.768373,0.305736,0.111333,0.810614,0.302072,-0.105919,0.741706,0.400172,0.158622,0.860918,0.370392,-0.131553,0.726582,0.48365,0.155009,0.865667,0.279738,-0.080083,0.723201,0.507365,0.164802,0.865742,0.257245,-0.09715,0.726182,0.511826,0.151135,0.859604,0.255013,-0.087655,0.728545,0.502997,0.150617,0.859,0.261817,-0.076199,0.776254,0.497326,0.078335,0.797465,0.503577,-0.07841,0.786047,0.631314,0.188669,0.837294,0.658371,-0.103974,0.752526,0.758183,0.258823,0.855024,0.839852,-0.131649,0.738344,0.772855,0.264086,0.845289,0.870071,-0.13393,0.77521,0.807391,0.261392,0.897797,0.873169,-0.171273
AN_Lat_3_4.12.26,142,1683.0,316.0,0,1680.26,331.44,0.9809,1677.14,309.13,0.9108,0.813401,0.231804,0.070762,0.80649,0.221204,0.07429,0.804513,0.221446,0.074123,0.802584,0.221931,0.074155,0.807521,0.221355,0.051644,0.806364,0.221676,0.051476,0.80519,0.221908,0.051436,0.793514,0.230202,0.084177,0.796462,0.229758,-0.016161,0.810618,0.246149,0.080392,0.8114,0.246081,0.04944,0.769006,0.317847,0.117116,0.814094,0.3064,-0.094757,0.742963,0.409633,0.158843,0.864945,0.371726,-0.152103,0.72653,0.489935,0.149384,0.87351,0.286234,-0.141332,0.721912,0.513631,0.157442,0.873416,0.265167,-0.164424,0.725378,0.517665,0.144721,0.867916,0.262562,-0.150494,0.728296,0.51006,0.145259,0.867221,0.26922,-0.136745,0.779292,0.505808,0.078452,0.801883,0.510838,-0.078527,0.788911,0.636723,0.200795,0.845553,0.663813,-0.097617,0.752326,0.759681,0.273504,0.855615,0.843658,-0.126812,0.737539,0.774916,0.279166,0.846002,0.874518,-0.126548,0.774693,0.805959,0.278982,0.899103,0.878435,-0.160908
AN_Lat_3_4.12.26,143,1702.0,348.0,0,1695.5,341.01,0.9883,1688.33,309.96,0.9173,0.814064,0.23983,0.067684,0.806959,0.229784,0.070395,0.805057,0.229868,0.070225,0.803203,0.230058,0.070259,0.808279,0.229767,0.048042,0.807463,0.229849,0.047868,0.806637,0.229739,0.047823,0.794398,0.237527,0.0819,0.798829,0.236744,-0.018961,0.811728,0.253579,0.076637,0.812841,0.252832,0.046048,0.771733,0.32561,0.115572,0.813857,0.311964,-0.094943,0.74502,0.415167,0.15914,0.866287,0.383388,-0.145724,0.726862,0.496232,0.156368,0.879339,0.287001,-0.113202,0.722039,0.519673,0.165328,0.880758,0.266074,-0.132698,0.725556,0.524219,0.152254,0.874727,0.264412,-0.119117,0.728742,0.516749,0.152339,0.873205,0.27013,-0.10796,0.782672,0.519748,0.078824,0.805306,0.524666,-0.078899,0.791584,0.645896,0.212879,0.853327,0.668221,-0.077697,0.75244,0.760654,0.291826,0.856557,0.842903,-0.078542,0.737582,0.775697,0.298194,0.845166,0.872608,-0.07762,0.774446,0.804226,0.298141,0.899785,0.878831,-0.109954
AN_Lat_3_4.12.26,144,1706.0,367.0,0,1706.9,365.29,0.9774,1703.99,337.69,0.9223,0.815597,0.243808,0.07135,0.808543,0.233648,0.071901,0.806416,0.233731,0.071738,0.8043,0.233926,0.071764,0.810126,0.233745,0.05204,0.809319,0.233817,0.051873,0.808491,0.233695,0.051835,0.796136,0.241558,0.078908,0.801327,0.240641,-0.015326,0.812669,0.257511,0.077447,0.814104,0.25638,0.050098,0.771103,0.335041,0.109293,0.817996,0.320521,-0.090441,0.747194,0.425093,0.147201,0.866209,0.401004,-0.13898,0.727196,0.504833,0.139232,0.887493,0.31268,-0.108746,0.722172,0.531638,0.14585,0.889744,0.289564,-0.128275,0.725931,0.534297,0.132934,0.881251,0.287538,-0.114298,0.72936,0.524531,0.134567,0.879642,0.294315,-0.103411,0.784065,0.53041,0.078356,0.808591,0.535456,-0.078429,0.792262,0.652591,0.223082,0.859226,0.669366,-0.074208,0.752566,0.761433,0.315551,0.858005,0.842697,-0.074269,0.737886,0.776859,0.32349,0.844817,0.873933,-0.073542,0.774654,0.800465,0.329457,0.899354,0.878489,-0.103337
AN_Lat_3_4.12.26,145,1722.0,400.0,0,1717.09,395.42,0.9921,1717.47,374.17,0.9293,0.816951,0.244773,0.047538,0.809408,0.235074,0.049003,0.807454,0.235302,0.048842,0.80549,0.235608,0.048874,0.810889,0.235485,0.029204,0.810162,0.235869,0.029012,0.809349,0.236069,0.02897,0.797381,0.243495,0.061735,0.802197,0.243173,-0.029826,0.814271,0.25878,0.056924,0.81564,0.258119,0.029775,0.774798,0.339191,0.10868,0.819082,0.32732,-0.094597,0.752265,0.430996,0.17024,0.861463,0.417837,-0.138402,0.730344,0.510003,0.192809,0.894517,0.346454,-0.107017,0.72396,0.535129,0.203988,0.901281,0.321025,-0.128223,0.72814,0.536751,0.188943,0.894485,0.314158,-0.110802,0.731692,0.527696,0.188874,0.891593,0.321613,-0.100119,0.786665,0.537169,0.078883,0.809852,0.541937,-0.078948,0.794761,0.658787,0.222374,0.863198,0.67066,-0.075017,0.755296,0.762075,0.327669,0.858452,0.84367,-0.063122,0.740328,0.777224,0.337131,0.844121,0.872519,-0.060791,0.776114,0.800456,0.342343,0.899198,0.880237,-0.087843
AN_Lat_3_4.12.26,146,1741.0,417.0,0,1736.07,413.96,0.9903,1727.16,406.64,0.9354,0.818196,0.244696,0.048478,0.810329,0.235157,0.050108,0.808463,0.235623,0.049951,0.806481,0.236254,0.049973,0.811519,0.235625,0.030613,0.810764,0.2363,0.030428,0.809837,0.236941,0.030398,0.798075,0.245485,0.063444,0.802306,0.24544,-0.028247,0.815596,0.259231,0.057468,0.816778,0.258956,0.030638,0.775852,0.344945,0.110273,0.818567,0.33287,-0.093082,0.753049,0.440076,0.16579,0.85812,0.430098,-0.134091,0.735768,0.524034,0.185466,0.899564,0.376521,-0.103751,0.729918,0.550105,0.175802,0.91148,0.361816,-0.126556,0.735214,0.552021,0.165119,0.906449,0.347124,-0.108877,0.739161,0.542643,0.187187,0.902316,0.350768,-0.096799,0.78667,0.540949,0.078939,0.810727,0.544612,-0.078998,0.797696,0.664111,0.218687,0.864354,0.672208,-0.073203,0.760604,0.764484,0.324264,0.85777,0.844089,-0.060703,0.745969,0.779935,0.333359,0.843458,0.873128,-0.05855,0.785622,0.80142,0.333376,0.899118,0.880972,-0.088383
AN_Lat_3_4.12.26,147,1746.0,434.0,0,1743.13,430.7,0.9898,1743.95,428.21,0.9418,0.818658,0.244662,0.002738,0.810719,0.235334,0.007935,0.808847,0.235985,0.007767,0.806834,0.236839,0.007814,0.811894,0.235855,-0.016335,0.811118,0.236748,-0.016531,0.81019,0.237702,-0.016582,0.798369,0.247029,0.037024,0.80282,0.246998,-0.073151,0.815667,0.259633,0.018663,0.816908,0.259622,-0.014524,0.776738,0.346323,0.100956,0.81635,0.334703,-0.132853,0.756176,0.446809,0.161595,0.855544,0.441641,-0.191792,0.74115,0.53343,0.157665,0.908309,0.39649,-0.191518,0.733951,0.557253,0.159025,0.921687,0.384891,-0.224029,0.739337,0.5612,0.144036,0.918631,0.370463,-0.198234,0.744837,0.551303,0.154166,0.914297,0.373211,-0.182017,0.790161,0.545088,0.082294,0.813327,0.548743,-0.08232,0.799181,0.669286,0.232111,0.865351,0.674871,-0.059504,0.766684,0.770607,0.360337,0.857296,0.843817,-0.032699,0.752586,0.786265,0.371807,0.843719,0.873094,-0.029175,0.79241,0.802599,0.366952,0.896357,0.878508,-0.063684
AN_Lat_3_4.12.26,148,1741.24,448.66,0,1741.24,448.66,0.9893,1748.56,445.73,0.9475,0.819937,0.244799,-0.008257,0.812086,0.235524,-0.001876,0.81019,0.236194,-0.002044,0.808138,0.237064,-0.002001,0.813117,0.236042,-0.026326,0.812186,0.236927,-0.026517,0.811116,0.237825,-0.026561,0.798914,0.247409,0.031807,0.802869,0.247268,-0.078972,0.816812,0.259939,0.009277,0.81791,0.260003,-0.024213,0.776071,0.34759,0.09614,0.81635,0.334447,-0.132284,0.757864,0.448189,0.159909,0.85344,0.443928,-0.183614,0.746912,0.535352,0.148476,0.910709,0.412709,-0.18326,0.741104,0.557743,0.152586,0.927063,0.406913,-0.215298,0.745474,0.561964,0.135858,0.925633,0.393367,-0.191793,0.750788,0.551537,0.143446,0.920937,0.393593,-0.174716,0.789616,0.543774,0.082146,0.814162,0.54801,-0.082173,0.798247,0.669706,0.222421,0.864031,0.677395,-0.058947,0.772071,0.778859,0.334658,0.857241,0.843894,-0.033025,0.758199,0.798254,0.344405,0.843988,0.872231,-0.029784,0.800772,0.80619,0.338422,0.89847,0.87951,-0.063572
AN_Lat_3_4.12.26,149,1743.44,461.7,0,1743.44,461.7,0.977,1746.73,457.89,0.9526,0.818754,0.246026,0.001448,0.811594,0.236434,0.007177,0.809669,0.23711,0.00701,0.807593,0.237943,0.007057,0.81265,0.236951,-0.017139,0.811709,0.23781,-0.017332,0.810668,0.238644,-0.01738,0.798364,0.248077,0.037201,0.802752,0.248028,-0.073382,0.815419,0.261362,0.01762,0.816452,0.261447,-0.015797,0.774907,0.348871,0.097529,0.814719,0.33541,-0.130124,0.761836,0.453347,0.157979,0.852431,0.44434,-0.187292,0.754034,0.542079,0.146949,0.909755,0.423975,-0.193507,0.749189,0.565857,0.152626,0.92713,0.420333,-0.225848,0.752702,0.568631,0.13439,0.926291,0.409084,-0.201508,0.756762,0.558997,0.141235,0.921072,0.40881,-0.184705,0.790916,0.546114,0.081981,0.816352,0.5488,-0.08201,0.798229,0.671972,0.219025,0.861106,0.678561,-0.057523,0.778051,0.785615,0.321904,0.85799,0.843335,-0.042532,0.765627,0.808098,0.330653,0.845339,0.872025,-0.040572,0.804726,0.811132,0.323339,0.899196,0.88034,-0.075181
AN_Lat_3_4.12.26,150,1733.14,451.27,0,1733.14,451.27,0.9873,1733.1,458.74,0.9571,0.819829,0.245908,0.001954,0.81282,0.236301,0.007145,0.810934,0.236976,0.006977,0.808951,0.237809,0.007013,0.813808,0.236798,-0.016451,0.812835,0.237648,-0.016632,0.811784,0.238471,-0.01667,0.799551,0.248027,0.034835,0.803396,0.247888,-0.072373,0.816001,0.261324,0.017288,0.816945,0.261421,-0.015104,0.775416,0.347315,0.094855,0.813037,0.334547,-0.129641,0.763253,0.449512,0.144699,0.849318,0.446972,-0.198884,0.757968,0.535689,0.136668,0.902656,0.424755,-0.215408,0.753616,0.558748,0.139442,0.920702,0.420378,-0.247662,0.757053,0.560403,0.121411,0.920551,0.408606,-0.224677,0.76057,0.551332,0.131233,0.914587,0.409747,-0.207262,0.790841,0.545133,0.081946,0.81532,0.547637,-0.081971,0.798929,0.671811,0.211249,0.857933,0.678655,-0.056305,0.782139,0.794845,0.30456,0.855736,0.844436,-0.036629,0.771939,0.819532,0.312015,0.842622,0.872133,-0.034669,0.810544,0.815938,0.30441,0.897358,0.880116,-0.070079
AN_Lat_3_4.12.26,151,1727.96,443.05,0,1727.96,443.05,0.9874,1726.85,448.04,0.9605,0.818922,0.245847,-0.000756,0.812181,0.236239,0.003864,0.810461,0.236881,0.003695,0.808664,0.237655,0.003732,0.81294,0.236776,-0.019666,0.81194,0.23762,-0.019853,0.810835,0.238438,-0.019904,0.799054,0.247813,0.029031,0.802054,0.247785,-0.077868,0.81526,0.261306,0.013825,0.815988,0.261379,-0.0185,0.774324,0.345871,0.089823,0.811302,0.334911,-0.134327,0.7652,0.449055,0.144272,0.847149,0.445923,-0.188102,0.767041,0.533447,0.145362,0.899403,0.414856,-0.174845,0.76678,0.555887,0.153091,0.916744,0.407687,-0.201238,0.771938,0.556348,0.134794,0.916892,0.396195,-0.180544,0.772047,0.549764,0.139753,0.911603,0.397896,-0.166929,0.789993,0.543925,0.08064,0.814677,0.546907,-0.080676,0.798959,0.673718,0.211632,0.854303,0.678823,-0.049445,0.786227,0.801325,0.303192,0.854139,0.845663,-0.032774,0.77613,0.827246,0.310472,0.841309,0.873248,-0.030977,0.815862,0.820177,0.304368,0.895504,0.880482,-0.064013
AN_Lat_3_4.12.26,152,1722.57,424.18,0,1722.57,424.18,0.9882,1720.78,431.65,0.964,0.818162,0.245602,0.008641,0.811703,0.235978,0.012016,0.810079,0.236519,0.011859,0.808386,0.237121,0.011895,0.812318,0.236524,-0.010109,0.811292,0.237284,-0.010274,0.81018,0.237979,-0.01033,0.798915,0.246857,0.032592,0.801454,0.247059,-0.069474,0.814951,0.261064,0.020066,0.815462,0.261114,-0.010224,0.77352,0.345706,0.102468,0.80975,0.334074,-0.127555,0.765184,0.447322,0.169515,0.84575,0.44062,-0.174087,0.771869,0.528895,0.18486,0.896242,0.399672,-0.161397,0.771837,0.551323,0.195431,0.911368,0.390254,-0.185582,0.777582,0.551451,0.177056,0.911475,0.378367,-0.166003,0.778259,0.543955,0.179067,0.905672,0.381319,-0.15375,0.787797,0.542535,0.080594,0.810822,0.545768,-0.080643,0.799443,0.671693,0.193628,0.85106,0.678623,-0.059167,0.788185,0.804449,0.265073,0.85371,0.845221,-0.047295,0.777542,0.831606,0.270048,0.841616,0.873771,-0.047766,0.818844,0.824362,0.261784,0.896356,0.88,-0.085012
AN_Lat_3_4.12.26,153,1719.67,399.69,0,1719.67,399.69,0.9875,1712.68,419.56,0.9672,0.818211,0.244825,-0.000352,0.811642,0.23493,0.004006,0.810022,0.235433,0.003844,0.808304,0.235968,0.003897,0.812314,0.235398,-0.020387,0.811294,0.236084,-0.020575,0.810169,0.236689,-0.02064,0.798675,0.245518,0.029528,0.801207,0.245588,-0.08109,0.815416,0.260659,0.01435,0.815891,0.260657,-0.01896,0.772468,0.34555,0.098677,0.809069,0.333477,-0.139757,0.764336,0.446614,0.165773,0.8452,0.436462,-0.170956,0.774,0.527755,0.179742,0.89202,0.388482,-0.145323,0.774185,0.549609,0.192883,0.905909,0.37718,-0.163581,0.77938,0.549327,0.172655,0.902025,0.367789,-0.136125,0.779855,0.54173,0.173316,0.896694,0.37127,-0.131843,0.786477,0.541438,0.08071,0.809629,0.544703,-0.080762,0.799638,0.670708,0.213837,0.847888,0.679068,-0.061636,0.789252,0.805942,0.295314,0.855201,0.846483,-0.050201,0.778865,0.834621,0.301623,0.844106,0.87536,-0.053627,0.818953,0.828234,0.296557,0.897519,0.880726,-0.09369
AN_Lat_3_4.12.26,154,1711.02,376.98,0,1711.02,376.98,0.9866,1706.19,400.93,0.9701,0.816972,0.243274,-0.007723,0.810424,0.233242,-0.003995,0.808769,0.233633,-0.004167,0.806998,0.234015,-0.004108,0.811231,0.233794,-0.028472,0.81029,0.234422,-0.02866,0.809245,0.234941,-0.028717,0.797576,0.243103,0.021506,0.800591,0.243584,-0.089164,0.814005,0.259156,0.007562,0.814603,0.259167,-0.0259,0.771672,0.341772,0.089993,0.807941,0.332544,-0.147197,0.76322,0.445096,0.14529,0.846308,0.433986,-0.182653,0.774118,0.525182,0.145452,0.888641,0.371229,-0.142331,0.773683,0.547381,0.157668,0.901759,0.350944,-0.163782,0.779444,0.546886,0.132988,0.896931,0.340712,-0.140625,0.780382,0.539463,0.13686,0.891849,0.347641,-0.132459,0.785129,0.540673,0.080588,0.80787,0.543977,-0.080643,0.801043,0.669906,0.214096,0.844867,0.679503,-0.034851,0.788519,0.808283,0.304489,0.853322,0.845516,-0.012397,0.777755,0.835111,0.311508,0.843335,0.874908,-0.010803,0.818855,0.830335,0.300498,0.895634,0.880326,-0.049856
AN_Lat_3_4.12.26,155,1690.59,353.04,0,1690.59,353.04,0.9614,1699.14,367.76,0.9725,0.81577,0.242603,-0.014487,0.809237,0.232251,-0.012516,0.807566,0.232458,-0.012694,0.805782,0.23265,-0.012632,0.810087,0.232899,-0.035641,0.809159,0.233441,-0.035825,0.808132,0.23383,-0.035872,0.79647,0.240848,0.008797,0.799462,0.241759,-0.095367,0.812803,0.25848,-0.000176,0.813457,0.258572,-0.031825,0.771112,0.339033,0.076082,0.807117,0.330612,-0.148882,0.762263,0.444175,0.126947,0.850483,0.426176,-0.173562,0.772267,0.526504,0.12641,0.88497,0.340519,-0.110803,0.771859,0.55026,0.13708,0.896448,0.316934,-0.127134,0.777062,0.547978,0.115811,0.895274,0.311277,-0.107996,0.777249,0.541292,0.119055,0.891073,0.318871,-0.102211,0.784274,0.539933,0.079369,0.806357,0.54355,-0.079439,0.800178,0.669528,0.21719,0.843152,0.680656,-0.014632,0.787061,0.808996,0.309925,0.852399,0.845366,0.030326,0.775172,0.835875,0.317206,0.84309,0.874359,0.035047,0.818369,0.834317,0.308128,0.89455,0.879578,0.004447
AN_Lat_3_4.12.26,156,1672.43,341.69,0,1672.43,341.69,0.9612,1696.48,344.24,0.9726,0.814992,0.24289,-0.01087,0.808373,0.23227,-0.010568,0.806686,0.232458,-0.010758,0.804897,0.232632,-0.0107,0.809245,0.232904,-0.032441,0.808324,0.233436,-0.03262,0.807302,0.23377,-0.03266,0.795658,0.240531,0.002921,0.798689,0.241303,-0.094664,0.812116,0.258646,0.00099,0.812746,0.258647,-0.028928,0.770667,0.336486,0.060741,0.806616,0.32914,-0.146656,0.761478,0.443356,0.102322,0.852324,0.414031,-0.16376,0.77045,0.525659,0.092061,0.883585,0.318744,-0.064904,0.770248,0.550887,0.099179,0.890464,0.296265,-0.075788,0.775611,0.547406,0.082819,0.884297,0.291283,-0.064714,0.775842,0.544284,0.086072,0.881265,0.297931,-0.059248,0.783997,0.541333,0.075161,0.805908,0.545087,-0.075267,0.799881,0.669194,0.216748,0.842678,0.682552,0.001729,0.784636,0.80927,0.305599,0.852058,0.845345,0.053092,0.772763,0.835567,0.312408,0.842926,0.874655,0.057944,0.816723,0.835347,0.303219,0.894296,0.879517,0.027107
AN_Lat_3_4.12.26,157,1664.34,322.87,0,1664.34,322.87,0.9805,1670.89,326.4,0.9707,0.814515,0.242797,-0.006059,0.807891,0.23201,-0.005429,0.806194,0.232111,-0.00562,0.80444,0.2322,-0.005571,0.808725,0.232594,-0.027263,0.807761,0.232998,-0.027438,0.80671,0.233192,-0.027472,0.795313,0.239353,0.008862,0.798348,0.240121,-0.088931,0.811384,0.258526,0.005725,0.812136,0.258529,-0.024095,0.769555,0.336376,0.063116,0.805969,0.326512,-0.1428,0.760666,0.4454,0.091079,0.851865,0.400834,-0.171499,0.769876,0.528225,0.062951,0.870257,0.302221,-0.08921,0.770158,0.551777,0.066066,0.87148,0.277631,-0.089539,0.775372,0.549531,0.051917,0.864791,0.275436,-0.09191,0.775352,0.544909,0.057057,0.863457,0.284233,-0.087154,0.783738,0.542661,0.073135,0.805603,0.546461,-0.073255,0.799257,0.668694,0.21393,0.840226,0.682971,0.008575,0.782776,0.80975,0.301291,0.85069,0.84447,0.058645,0.77066,0.834848,0.308523,0.841107,0.874065,0.062894,0.813406,0.838591,0.299752,0.894171,0.879064,0.028384
AN_Lat_3_4.12.26,158,1644.46,320.6,0,1644.46,320.6,0.9808,1652.08,314.4,0.9682,0.812644,0.243095,-0.003512,0.806899,0.232088,-0.002663,0.805134,0.232152,-0.002856,0.803297,0.232209,-0.002809,0.807881,0.232625,-0.024493,0.807018,0.232998,-0.024668,0.806072,0.233175,-0.024696,0.794215,0.239152,0.012832,0.797545,0.239832,-0.08491,0.809489,0.258836,0.008579,0.810358,0.258748,-0.021195,0.766444,0.33631,0.065697,0.803519,0.32405,-0.138362,0.759922,0.445881,0.087015,0.852498,0.392168,-0.149891,0.769388,0.52865,0.045742,0.860461,0.291113,-0.053247,0.769996,0.552296,0.046902,0.859026,0.26882,-0.061172,0.774928,0.550605,0.034413,0.851455,0.26833,-0.057238,0.774687,0.544535,0.040161,0.851327,0.276427,-0.050225,0.783558,0.542113,0.071404,0.804493,0.545823,-0.071529,0.79877,0.668711,0.204014,0.836783,0.683766,-0.005933,0.781419,0.810377,0.280157,0.849469,0.84468,0.036052,0.76926,0.834952,0.285678,0.840678,0.875013,0.03974,0.811273,0.841532,0.274922,0.894172,0.879787,0.007585
AN_Lat_3_4.12.26,159,1626.62,315.32,0,1626.62,315.32,0.981,1633.98,312.07,0.9643,0.806816,0.244229,-0.001597,0.8015,0.232925,0.002328,0.799561,0.232891,0.002149,0.797574,0.232886,0.002197,0.803246,0.233238,-0.022083,0.802712,0.233402,-0.022268,0.802167,0.233411,-0.022297,0.789343,0.239338,0.012244,0.794431,0.23986,-0.080121,0.804039,0.259818,0.013029,0.805703,0.259503,-0.020519,0.763929,0.33713,0.056567,0.800592,0.321767,-0.136169,0.759507,0.449814,0.07795,0.851823,0.386909,-0.150005,0.769163,0.534931,0.048104,0.851033,0.288956,-0.07333,0.769325,0.557643,0.050259,0.848896,0.26569,-0.088637,0.774418,0.556273,0.038662,0.840623,0.265771,-0.072156,0.773512,0.552852,0.043241,0.840289,0.274241,-0.065951,0.783009,0.54469,0.067941,0.803977,0.547855,-0.068065,0.798263,0.670343,0.204001,0.834409,0.685298,0.000855,0.780656,0.812301,0.279265,0.848774,0.845113,0.041077,0.768429,0.836832,0.28448,0.839385,0.874933,0.04417,0.810144,0.843733,0.26994,0.893419,0.87989,0.0061
AN_Lat_3_4.12.26,160,1616.52,321.59,0,1616.52,321.59,0.9782,1616.83,315.84,0.9617,0.804852,0.244517,-0.00563,0.799756,0.233259,-0.004155,0.797836,0.233243,-0.00435,0.795774,0.233242,-0.0043,0.801295,0.23344,-0.027157,0.800725,0.233548,-0.027342,0.800056,0.23351,-0.027384,0.787337,0.239355,0.010543,0.791903,0.239885,-0.087499,0.802336,0.260224,0.007693,0.803871,0.25981,-0.023761,0.76356,0.337074,0.061901,0.795929,0.320615,-0.139215,0.760563,0.454242,0.083458,0.851284,0.385585,-0.151114,0.771833,0.538179,0.05279,0.842099,0.292442,-0.076122,0.771948,0.561976,0.055956,0.840466,0.270772,-0.08863,0.775422,0.56387,0.04424,0.832455,0.270959,-0.080213,0.774814,0.557393,0.047619,0.831931,0.279629,-0.071758,0.782892,0.544151,0.068498,0.803441,0.54729,-0.068611,0.797972,0.67167,0.195699,0.83172,0.686282,-0.004528,0.78033,0.815851,0.259897,0.84816,0.84569,0.034354,0.767883,0.839575,0.263871,0.838798,0.876015,0.037476,0.809165,0.849401,0.248933,0.893374,0.880983,0.002445
AN_Lat_3_4.12.26,161,1608.39,328.99,0,1608.39,328.99,0.9661,1610.95,324.42,0.9594,0.801928,0.244484,-0.009282,0.797076,0.233267,-0.009609,0.795066,0.233278,-0.009798,0.792907,0.23332,-0.00974,0.798588,0.233436,-0.031205,0.79789,0.233533,-0.03139,0.797005,0.233482,-0.031436,0.784033,0.239444,0.002303,0.788267,0.239911,-0.092749,0.799324,0.260254,0.002234,0.800891,0.259803,-0.027256,0.761841,0.337547,0.05688,0.791791,0.3207,-0.140039,0.763366,0.452584,0.080672,0.848297,0.389192,-0.141962,0.776874,0.535518,0.053683,0.839036,0.300392,-0.051531,0.778976,0.561554,0.057682,0.8371,0.280095,-0.06028,0.782174,0.56092,0.045397,0.830169,0.279594,-0.05593,0.782041,0.554149,0.0484,0.829694,0.28737,-0.048496,0.782537,0.544136,0.067975,0.803068,0.546966,-0.068091,0.797786,0.674812,0.1961,0.829949,0.687047,-0.0109,0.780094,0.819144,0.263253,0.847314,0.845511,0.023039,0.767807,0.843837,0.267621,0.838428,0.87574,0.025772,0.808579,0.851569,0.255416,0.89285,0.880868,-0.008297
AN_Lat_3_4.12.26,162,1604.35,337.51,0,1604.35,337.51,0.9672,1604.6,331.4,0.9611,0.798761,0.244128,-0.014383,0.793825,0.233263,-0.012465,0.79179,0.233278,-0.012643,0.789672,0.233335,-0.012592,0.795115,0.23341,-0.035521,0.79419,0.233522,-0.035725,0.793041,0.23348,-0.035794,0.780179,0.239687,0.007135,0.783657,0.240066,-0.095396,0.796144,0.26015,-0.000747,0.797426,0.259649,-0.032116,0.761504,0.337492,0.06289,0.788698,0.321615,-0.147468,0.76968,0.444251,0.149281,0.838321,0.396572,-0.178207,0.78899,0.450146,0.197002,0.835727,0.306853,-0.125615,0.790979,0.45007,0.213629,0.832945,0.287488,-0.139532,0.792692,0.443276,0.19875,0.825759,0.285294,-0.130917,0.793731,0.442492,0.192129,0.825804,0.291639,-0.121906,0.782256,0.543759,0.069501,0.801728,0.546756,-0.06962,0.797478,0.676199,0.195459,0.829098,0.68673,-0.019407,0.779819,0.82204,0.260391,0.846978,0.845267,0.021365,0.76745,0.847711,0.264803,0.837992,0.875322,0.022511,0.80816,0.856428,0.255401,0.89304,0.880617,-0.009843
AN_Lat_3_4.12.26,163,1596.53,369.83,0,1596.53,369.83,0.9659,1597.71,344.11,0.9481,0.79612,0.244071,-0.01499,0.790595,0.2333,-0.011078,0.788531,0.233371,-0.01124,0.786405,0.233504,-0.011186,0.791847,0.233429,-0.036127,0.790799,0.233569,-0.036339,0.78958,0.233567,-0.036398,0.776703,0.240672,0.012862,0.779991,0.240919,-0.095355,0.79336,0.260141,0.000868,0.794526,0.25963,-0.032822,0.76155,0.336926,0.075855,0.784462,0.32278,-0.150214,0.778078,0.440921,0.063493,0.825618,0.413076,-0.141261,0.81048,0.370788,-0.081076,0.832141,0.318624,-0.016809,0.813693,0.39221,-0.096422,0.831139,0.294481,-0.02265,0.812076,0.348099,-0.10486,0.824212,0.295256,-0.020279,0.811783,0.350792,-0.089452,0.824088,0.303007,-0.013232,0.782085,0.543625,0.072969,0.799374,0.546436,-0.073079,0.795465,0.678677,0.193448,0.828993,0.686665,-0.057145,0.779346,0.824936,0.264182,0.846789,0.845141,-0.036282,0.766873,0.851517,0.26915,0.837538,0.875136,-0.035209,0.807765,0.860694,0.259206,0.892804,0.880396,-0.071991
AN_Lat_3_4.12.26,164,1602.0,383.0,0,1592.51,393.1,0.9651,1596.42,376.37,0.9435,0.795256,0.24362,-0.018833,0.78784,0.233229,-0.013091,0.785814,0.233355,-0.01324,0.783751,0.233508,-0.013189,0.789051,0.233367,-0.038805,0.787905,0.233553,-0.039014,0.786653,0.233569,-0.039061,0.774292,0.241753,0.016035,0.777385,0.241933,-0.093936,0.792526,0.260067,-0.000984,0.793471,0.25949,-0.035443,0.761622,0.337422,0.086525,0.782355,0.326682,-0.146994,0.786902,0.440462,0.06085,0.812879,0.43476,-0.126065,0.818473,0.369443,-0.083869,0.831471,0.348487,-0.005822,0.820973,0.357299,-0.099665,0.832583,0.326873,-0.011704,0.817488,0.344579,-0.109535,0.825193,0.32091,-0.007399,0.81723,0.350498,-0.092569,0.824621,0.328678,-0.001529,0.780743,0.543304,0.074564,0.796296,0.546217,-0.074658,0.792587,0.681203,0.171221,0.829585,0.686352,-0.072268,0.777937,0.830149,0.238862,0.847546,0.844975,-0.060721,0.764881,0.856955,0.2432,0.838057,0.875444,-0.059963,0.807469,0.864949,0.230095,0.892615,0.880194,-0.096435
AN_Lat_3_4.12.26,165,1596.0,424.0,0,1591.8,431.29,0.9729,1592.92,400.08,0.9407,0.794666,0.244144,-0.022389,0.786948,0.233815,-0.015674,0.785052,0.233937,-0.015815,0.783136,0.234088,-0.015762,0.787826,0.233943,-0.042045,0.786574,0.23413,-0.042255,0.785296,0.234149,-0.042304,0.773522,0.242766,0.017858,0.775834,0.243113,-0.095298,0.791915,0.260306,-0.003167,0.79249,0.259705,-0.038511,0.761689,0.337612,0.09396,0.780589,0.331018,-0.148723,0.788565,0.440392,0.062314,0.80474,0.444878,-0.127806,0.818719,0.379968,-0.085659,0.829646,0.370447,-0.010019,0.82434,0.362754,-0.101465,0.833251,0.350627,-0.016325,0.820182,0.352913,-0.112422,0.826754,0.342678,-0.010978,0.818056,0.360383,-0.094865,0.825063,0.349656,-0.00516,0.779431,0.543087,0.077515,0.79379,0.546127,-0.077592,0.789576,0.682525,0.170576,0.831109,0.684175,-0.088956,0.776017,0.833297,0.238507,0.848093,0.844971,-0.098894,0.763074,0.858785,0.2428,0.838658,0.875957,-0.100155,0.807186,0.866398,0.230001,0.892736,0.880103,-0.139282
AN_Lat_3_4.12.26,166,1588.12,444.5,0,1588.12,444.5,0.9662,1591.13,421.0,0.9325,0.792699,0.244971,-0.017751,0.784673,0.234579,-0.010987,0.782887,0.23471,-0.011137,0.780976,0.234933,-0.011087,0.785387,0.234806,-0.0372,0.784159,0.235061,-0.037412,0.78282,0.235198,-0.037462,0.771284,0.244511,0.025718,0.773042,0.245077,-0.091615,0.790119,0.260822,0.000878,0.790599,0.260251,-0.034337,0.761557,0.337823,0.10683,0.776155,0.333986,-0.147651,0.786213,0.440216,0.074293,0.797087,0.447803,-0.126155,0.819397,0.394672,-0.069861,0.828712,0.389813,-0.005797,0.8275,0.38196,-0.085594,0.834899,0.373857,-0.012661,0.823816,0.371771,-0.099142,0.829514,0.362196,-0.007631,0.820886,0.376796,-0.080318,0.827102,0.368985,-0.000999,0.777659,0.542771,0.081248,0.789836,0.545343,-0.081309,0.785821,0.684436,0.159797,0.833001,0.681322,-0.101576,0.774456,0.835885,0.215164,0.848105,0.844781,-0.113924,0.761555,0.86144,0.217974,0.838796,0.875927,-0.115196,0.807045,0.867868,0.205366,0.89276,0.879992,-0.150669
AN_Lat_3_4.12.26,167,1585.85,468.72,0,1585.85,468.72,0.9718,1586.36,451.14,0.9375,0.79205,0.245525,-0.01866,0.784083,0.235509,-0.01065,0.782169,0.235717,-0.010804,0.780188,0.236065,-0.010754,0.784684,0.235638,-0.037932,0.783319,0.23589,-0.038153,0.781823,0.236072,-0.038216,0.770577,0.246319,0.027724,0.772042,0.246365,-0.092319,0.789373,0.261209,0.001151,0.78973,0.260572,-0.035512,0.761359,0.339954,0.112245,0.771298,0.337298,-0.150327,0.781412,0.442287,0.099301,0.784903,0.451651,-0.133218,0.818663,0.42023,-0.004289,0.826227,0.417718,-0.029712,0.828579,0.41529,-0.009791,0.83605,0.409768,-0.039786,0.827996,0.406539,-0.025208,0.831944,0.397208,-0.033553,0.823392,0.408708,-0.012843,0.828471,0.400202,-0.026255,0.77682,0.542581,0.084314,0.78738,0.545182,-0.084389,0.782718,0.686876,0.168409,0.834788,0.679058,-0.090618,0.773511,0.836292,0.226342,0.847769,0.844642,-0.085429,0.760719,0.860985,0.229408,0.838552,0.875728,-0.084918,0.806822,0.868498,0.215177,0.892433,0.879634,-0.119123
AN_Lat_3_4.12.26,168,1580.18,492.11,0,1580.18,492.11,0.9695,1580.68,485.45,0.9437,0.790457,0.245599,-0.017388,0.783098,0.235663,-0.008709,0.781359,0.235861,-0.008868,0.779445,0.236194,-0.008813,0.783196,0.235761,-0.035942,0.781712,0.235988,-0.036176,0.779937,0.236158,-0.036242,0.769331,0.246607,0.036597,0.769695,0.246582,-0.090509,0.787686,0.261224,0.003099,0.78764,0.260607,-0.033351,0.759913,0.339883,0.123963,0.76633,0.338042,-0.147921,0.773901,0.447029,0.152523,0.775018,0.451935,-0.159993,0.808249,0.513568,0.096043,0.823272,0.449494,-0.147396,0.818686,0.517303,0.098213,0.835325,0.448648,-0.173647,0.814432,0.512528,0.072536,0.833785,0.434362,-0.15643,0.811356,0.508448,0.084862,0.830442,0.4343,-0.14029,0.773574,0.542027,0.086335,0.783955,0.544644,-0.086447,0.780321,0.688101,0.166602,0.836289,0.67509,-0.082991,0.77234,0.836246,0.227855,0.847514,0.843916,-0.069581,0.759784,0.861949,0.231137,0.837913,0.875501,-0.068251,0.806413,0.868552,0.209522,0.891534,0.878505,-0.105189
AN_Lat_3_4.12.26,169,1572.57,514.25,0,1572.57,514.25,0.9741,1568.14,510.61,0.9493,0.788784,0.245567,-0.024854,0.781218,0.23572,-0.012835,0.779611,0.23595,-0.013,0.777845,0.236312,-0.012922,0.781234,0.235816,-0.042199,0.779846,0.236065,-0.042455,0.778259,0.236262,-0.04253,0.767736,0.246951,0.040281,0.768135,0.246806,-0.090872,0.786376,0.261239,0.000541,0.786347,0.260647,-0.0388,0.758741,0.339812,0.131069,0.76422,0.337682,-0.151919,0.764046,0.449727,0.163453,0.76691,0.449872,-0.183854,0.79782,0.528847,0.100374,0.816738,0.472787,-0.191966,0.808831,0.542876,0.099119,0.829647,0.48105,-0.223002,0.809722,0.542868,0.072571,0.831431,0.468801,-0.20816,0.804808,0.538217,0.088231,0.827497,0.465579,-0.185879,0.770779,0.54111,0.090803,0.779127,0.543354,-0.090922,0.778648,0.688576,0.161004,0.837188,0.670322,-0.092005,0.771588,0.836789,0.219401,0.847215,0.840997,-0.073324,0.759184,0.862009,0.221757,0.83773,0.873447,-0.071766,0.806274,0.867673,0.191611,0.89116,0.875555,-0.11882
AN_Lat_3_4.12.26,170,1557.41,530.6,0,1557.41,530.6,0.9744,1554.68,532.51,0.9543,0.786404,0.245838,-0.04945,0.777929,0.23607,-0.039251,0.776138,0.236363,-0.039416,0.774399,0.236826,-0.039338,0.778219,0.236132,-0.068117,0.776782,0.236403,-0.068379,0.775262,0.236657,-0.068477,0.765311,0.247696,0.01626,0.766085,0.247436,-0.116056,0.783966,0.261547,-0.0242,0.784059,0.261019,-0.063484,0.757179,0.339728,0.128866,0.761883,0.337064,-0.170829,0.756194,0.450971,0.145984,0.75664,0.451356,-0.210799,0.78962,0.528497,0.085255,0.809728,0.493064,-0.218663,0.797044,0.546399,0.083641,0.823566,0.505451,-0.251605,0.802876,0.547173,0.06199,0.826216,0.493665,-0.238944,0.798406,0.538478,0.074301,0.821946,0.490585,-0.213563,0.768376,0.540764,0.090508,0.777606,0.542799,-0.090596,0.778936,0.688097,0.16697,0.839544,0.665145,-0.094078,0.771138,0.835718,0.231178,0.845432,0.838756,-0.072886,0.758678,0.860898,0.234518,0.836113,0.870259,-0.0716,0.806032,0.868184,0.208279,0.889778,0.872708,-0.121021
AN_Lat_3_4.12.26,171,1538.85,537.24,0,1538.85,537.24,0.9747,1542.91,543.0,0.9587,0.784714,0.247838,-0.040725,0.777005,0.237702,-0.031608,0.775185,0.238001,-0.031769,0.773299,0.238503,-0.0317,0.777493,0.237734,-0.059885,0.776241,0.237972,-0.06013,0.774827,0.238184,-0.060212,0.764267,0.249015,0.018423,0.765688,0.248443,-0.109845,0.782272,0.263493,-0.017031,0.78259,0.262923,-0.055468,0.753142,0.340676,0.119437,0.761487,0.337024,-0.163041,0.753266,0.451808,0.143687,0.753053,0.451358,-0.197855,0.788456,0.525017,0.083009,0.803598,0.502779,-0.195427,0.796831,0.543966,0.080911,0.816157,0.518195,-0.225081,0.80068,0.539112,0.057304,0.818481,0.509331,-0.213394,0.797406,0.532635,0.071434,0.814447,0.505492,-0.190733,0.765826,0.540689,0.089381,0.776045,0.542257,-0.089465,0.7789,0.687618,0.160447,0.840201,0.660909,-0.091143,0.770994,0.834516,0.222908,0.841519,0.835722,-0.073511,0.758388,0.86002,0.225891,0.832496,0.867079,-0.072731,0.805924,0.867031,0.197252,0.886477,0.86852,-0.120815
AN_Lat_3_4.12.26,172,1523.12,538.93,0,1523.12,538.93,0.9737,1526.07,546.76,0.9624,0.784085,0.247909,-0.049552,0.776869,0.237768,-0.039911,0.775155,0.238072,-0.040072,0.773374,0.238559,-0.040007,0.777239,0.237822,-0.068873,0.775968,0.238074,-0.069112,0.774546,0.238292,-0.069194,0.763793,0.249044,0.013474,0.764876,0.248438,-0.117925,0.781573,0.263767,-0.024596,0.781756,0.263144,-0.06396,0.751855,0.340455,0.117558,0.75917,0.336875,-0.16778,0.751469,0.451748,0.138159,0.746599,0.451225,-0.202946,0.787351,0.519599,0.077166,0.794829,0.506261,-0.19803,0.795377,0.537811,0.075685,0.807599,0.522929,-0.227124,0.798505,0.534137,0.054218,0.809802,0.51449,-0.217272,0.796123,0.526867,0.067157,0.805948,0.51017,-0.19391,0.76453,0.540659,0.089202,0.773545,0.541938,-0.089281,0.778019,0.68785,0.160586,0.840182,0.656781,-0.088339,0.770647,0.833913,0.222794,0.836203,0.829394,-0.067345,0.757937,0.859534,0.225575,0.827689,0.860711,-0.066271,0.805765,0.866033,0.195006,0.878816,0.863996,-0.112324
AN_Lat_3_4.12.26,173,1513.71,534.77,0,1513.71,534.77,0.9737,1514.59,544.76,0.9651,0.782335,0.248852,-0.047163,0.7756,0.238897,-0.037543,0.773868,0.239234,-0.037706,0.772034,0.239714,-0.037642,0.775971,0.238929,-0.066097,0.774645,0.239194,-0.066334,0.77316,0.239412,-0.066416,0.762009,0.249872,0.014375,0.763089,0.249168,-0.115086,0.779772,0.264735,-0.022849,0.779887,0.264046,-0.061678,0.751593,0.340421,0.114971,0.75675,0.336959,-0.166877,0.750501,0.451544,0.137048,0.741354,0.449265,-0.211794,0.785282,0.51566,0.078093,0.788848,0.504407,-0.215396,0.794864,0.534289,0.075604,0.800417,0.522502,-0.245124,0.79726,0.530949,0.052544,0.803408,0.51278,-0.235071,0.795495,0.522978,0.066989,0.800161,0.507822,-0.211415,0.764209,0.540528,0.088785,0.771649,0.54135,-0.088861,0.776242,0.687477,0.16093,0.83991,0.654049,-0.085768,0.770223,0.833487,0.221487,0.829615,0.82384,-0.064156,0.757709,0.859255,0.223813,0.819437,0.854171,-0.062929,0.80557,0.864804,0.190164,0.872324,0.85996,-0.108869
AN_Lat_3_4.12.26,174,1501.11,531.81,0,1501.11,531.81,0.9788,1505.66,538.79,0.9672,0.781064,0.249777,-0.043517,0.774199,0.239496,-0.034435,0.77247,0.239833,-0.034594,0.770616,0.240313,-0.034536,0.774497,0.239601,-0.062301,0.773123,0.239918,-0.062541,0.771582,0.240195,-0.062624,0.760459,0.250471,0.015173,0.761384,0.249968,-0.111491,0.777984,0.265757,-0.020065,0.777985,0.265193,-0.057966,0.750229,0.340094,0.112136,0.756376,0.336386,-0.164121,0.744249,0.450966,0.138876,0.73539,0.447815,-0.206944,0.780573,0.513884,0.082457,0.784196,0.49888,-0.204356,0.790189,0.532094,0.079168,0.797105,0.514883,-0.232443,0.794355,0.52625,0.055369,0.799247,0.504602,-0.222058,0.792091,0.519265,0.071049,0.79554,0.499391,-0.1999,0.761944,0.54047,0.088466,0.76962,0.540718,-0.088546,0.77416,0.687537,0.158884,0.839798,0.653496,-0.085992,0.769586,0.834589,0.220076,0.820729,0.819702,-0.056015,0.757726,0.859641,0.2226,0.807689,0.849867,-0.053021,0.805176,0.863984,0.193469,0.864523,0.85587,-0.097867
AN_Lat_3_4.12.26,175,1494.62,526.98,0,1494.62,526.98,0.976,1493.17,530.14,0.9698,0.779816,0.250453,-0.040934,0.77311,0.239916,-0.031815,0.771325,0.240207,-0.03197,0.769432,0.240623,-0.031913,0.773359,0.240065,-0.059616,0.771888,0.240358,-0.059855,0.770252,0.240601,-0.059944,0.758687,0.250561,0.016556,0.759428,0.250156,-0.108902,0.776442,0.266665,-0.017663,0.776394,0.2661,-0.05544,0.749637,0.338243,0.11087,0.753036,0.336239,-0.162239,0.741061,0.449303,0.145441,0.728397,0.446027,-0.207011,0.776693,0.510666,0.093694,0.777693,0.490871,-0.206371,0.785067,0.527636,0.090971,0.790731,0.507018,-0.234242,0.790607,0.522095,0.066728,0.793579,0.49645,-0.222202,0.788618,0.515989,0.082175,0.790128,0.49077,-0.201145,0.761846,0.539446,0.088397,0.768759,0.539692,-0.088478,0.772003,0.687251,0.155332,0.839099,0.651593,-0.088717,0.769258,0.834889,0.213084,0.812035,0.817377,-0.055626,0.758112,0.859749,0.215162,0.796575,0.846981,-0.052127,0.80422,0.863219,0.184221,0.854972,0.854059,-0.097729
AN_Lat_3_4.12.26,176,1487.05,518.02,0,1487.05,518.02,0.9823,1485.9,522.64,0.9727,0.777543,0.251534,-0.037797,0.771069,0.241062,-0.025427,0.769326,0.241281,-0.025576,0.767475,0.241591,-0.02553,0.771429,0.241233,-0.055832,0.77008,0.241463,-0.056101,0.768605,0.241619,-0.056175,0.757194,0.250896,0.029994,0.758306,0.250546,-0.103077,0.773976,0.267666,-0.010279,0.774085,0.267107,-0.050779,0.74607,0.337626,0.121487,0.750027,0.336155,-0.16121,0.735619,0.446639,0.163043,0.723407,0.441884,-0.197645,0.77304,0.509952,0.117955,0.773904,0.483923,-0.191995,0.781479,0.526691,0.11627,0.787242,0.497982,-0.217542,0.786435,0.521862,0.091212,0.790049,0.486125,-0.205111,0.784643,0.514728,0.106341,0.786624,0.481045,-0.186499,0.759656,0.539235,0.091129,0.767607,0.539092,-0.091269,0.769624,0.687744,0.154877,0.836621,0.652689,-0.093017,0.76869,0.836133,0.211933,0.800763,0.817443,-0.058625,0.758325,0.860319,0.213925,0.787185,0.844707,-0.054723,0.803441,0.862821,0.185516,0.84326,0.853319,-0.097015
AN_Lat_3_4.12.26,177,1482.54,513.59,0,1482.54,513.59,0.9815,1480.12,517.9,0.9751,0.77544,0.251724,-0.036491,0.769104,0.241062,-0.022777,0.767496,0.241317,-0.022926,0.76575,0.241658,-0.022894,0.769397,0.241194,-0.055674,0.768153,0.241441,-0.055964,0.766762,0.241614,-0.056031,0.756212,0.250869,0.033481,0.757196,0.250488,-0.102345,0.772164,0.267959,-0.006905,0.772186,0.267376,-0.049784,0.743869,0.336032,0.124248,0.747349,0.33371,-0.160747,0.730817,0.441148,0.168518,0.718673,0.43739,-0.200987,0.769744,0.496722,0.125974,0.770894,0.479534,-0.20491,0.77792,0.513871,0.124147,0.784236,0.490119,-0.230947,0.782791,0.504498,0.099962,0.786287,0.477034,-0.218256,0.781102,0.494852,0.114585,0.78326,0.473594,-0.199462,0.757638,0.538923,0.09355,0.765706,0.538142,-0.093716,0.767982,0.688501,0.147533,0.833117,0.652771,-0.093747,0.768771,0.835473,0.200552,0.791581,0.814549,-0.058459,0.758583,0.861054,0.202198,0.777078,0.839697,-0.054583,0.804011,0.862446,0.174016,0.829961,0.853167,-0.094847
AN_Lat_3_4.12.26,178,1467.11,509.7,0,1467.11,509.7,0.9784,1469.34,512.38,0.9773,0.773724,0.252913,-0.019739,0.767714,0.241856,-0.007669,0.7661,0.242119,-0.007819,0.764305,0.24245,-0.00778,0.768028,0.24189,-0.039885,0.766821,0.242103,-0.040174,0.76542,0.242242,-0.040244,0.754774,0.250989,0.045966,0.75561,0.250603,-0.092476,0.770208,0.268633,0.007574,0.770293,0.267883,-0.034807,0.741792,0.333915,0.135832,0.743335,0.330162,-0.159117,0.727924,0.438792,0.176805,0.715104,0.430934,-0.196916,0.767587,0.494377,0.129216,0.765283,0.474424,-0.202962,0.774249,0.511692,0.127293,0.7791,0.48345,-0.229533,0.778744,0.498801,0.102732,0.782033,0.471494,-0.215327,0.777355,0.492307,0.117581,0.778491,0.469127,-0.19696,0.755728,0.537113,0.09499,0.762837,0.536147,-0.095177,0.766387,0.688441,0.135007,0.828136,0.653015,-0.092433,0.768785,0.836366,0.174364,0.784484,0.808757,-0.057936,0.758488,0.863517,0.174665,0.765906,0.839795,-0.054347,0.804501,0.862338,0.142334,0.819788,0.853114,-0.089898
AN_Lat_3_4.12.26,179,1463.36,504.07,0,1463.36,504.07,0.9795,1464.81,506.7,0.9795,0.771501,0.253447,0.001033,0.765606,0.242079,0.011526,0.764245,0.242323,0.011372,0.762748,0.242641,0.011421,0.765851,0.242131,-0.019419,0.764815,0.242348,-0.0197,0.763656,0.2425,-0.019767,0.753478,0.25097,0.060929,0.754464,0.250611,-0.076229,0.768449,0.26875,0.02547,0.768441,0.268,-0.015653,0.740908,0.332538,0.145797,0.742307,0.328542,-0.146631,0.722785,0.435788,0.176812,0.711302,0.42555,-0.183482,0.764988,0.493662,0.119547,0.762923,0.469164,-0.186066,0.771148,0.509388,0.116976,0.777,0.476797,-0.210796,0.775568,0.497736,0.092642,0.778973,0.464932,-0.201581,0.775122,0.492411,0.107813,0.774924,0.462855,-0.181755,0.752846,0.535278,0.094795,0.759201,0.53335,-0.094987,0.765685,0.688289,0.129823,0.82315,0.652936,-0.092438,0.768257,0.835692,0.158687,0.774568,0.80413,-0.0607,0.757472,0.864756,0.157961,0.760698,0.828174,-0.056598,0.804545,0.861963,0.129301,0.808939,0.851368,-0.088084
AN_Lat_3_4.12.26,180,1456.55,498.42,0,1456.55,498.42,0.9839,1459.55,503.06,0.9814,0.769557,0.254646,0.007489,0.763687,0.242963,0.01765,0.762316,0.243147,0.017491,0.760803,0.243398,0.01754,0.763936,0.243097,-0.012695,0.762886,0.243312,-0.012968,0.761753,0.243454,-0.013043,0.751487,0.251068,0.065751,0.752621,0.250801,-0.07022,0.766612,0.269317,0.030869,0.766639,0.268537,-0.009646,0.740334,0.331497,0.148951,0.739681,0.327121,-0.14356,0.721794,0.434385,0.175041,0.707805,0.421732,-0.183182,0.762392,0.493255,0.115092,0.760181,0.465797,-0.180483,0.765903,0.509375,0.112462,0.773771,0.473164,-0.204886,0.771842,0.496934,0.088875,0.776243,0.461303,-0.192129,0.771316,0.492993,0.103638,0.772403,0.459449,-0.174634,0.75179,0.53414,0.095101,0.757125,0.531759,-0.095293,0.764063,0.688057,0.133282,0.819459,0.653616,-0.100799,0.767733,0.834649,0.155804,0.765865,0.79947,-0.073928,0.757259,0.864629,0.154081,0.750284,0.816866,-0.069755,0.804415,0.86175,0.127063,0.792356,0.849079,-0.091334
AN_Lat_3_4.12.26,181,1452.88,497.77,0,1452.88,497.77,0.9826,1455.86,500.74,0.9832,0.768135,0.256933,0.001086,0.762211,0.244388,0.010946,0.760838,0.244497,0.01078,0.75936,0.244668,0.010827,0.7625,0.244563,-0.018709,0.761463,0.244735,-0.018971,0.760355,0.24483,-0.019045,0.750272,0.251285,0.059039,0.751443,0.251122,-0.074698,0.764833,0.271131,0.024121,0.764941,0.270217,-0.015582,0.739413,0.331253,0.142759,0.737354,0.326597,-0.144065,0.724888,0.434878,0.171909,0.705173,0.419524,-0.188411,0.762576,0.49335,0.113818,0.758259,0.463653,-0.19196,0.766523,0.511195,0.111075,0.771728,0.470167,-0.216559,0.770279,0.504359,0.088166,0.773824,0.458229,-0.202412,0.769601,0.499995,0.102674,0.769947,0.45653,-0.185542,0.751481,0.533724,0.094558,0.755517,0.531096,-0.094747,0.762998,0.687887,0.133318,0.814216,0.654341,-0.103026,0.766853,0.833601,0.155788,0.758597,0.797143,-0.070758,0.756137,0.864531,0.153925,0.740679,0.813559,-0.066573,0.804305,0.86499,0.126126,0.781273,0.841851,-0.087927
AN_Lat_3_4.12.26,182,1450.16,492.71,0,1450.16,492.71,0.9853,1448.69,500.22,0.9848,0.765878,0.256747,0.009709,0.759685,0.244381,0.021471,0.758235,0.244497,0.021299,0.756729,0.244669,0.021338,0.759926,0.244576,-0.009545,0.758762,0.244775,-0.009807,0.757539,0.244908,-0.009885,0.74753,0.251329,0.073419,0.748448,0.251272,-0.066521,0.762734,0.271055,0.033667,0.762654,0.270162,-0.007763,0.738951,0.331236,0.157771,0.734776,0.326539,-0.143929,0.720206,0.433468,0.1943,0.701787,0.418864,-0.191965,0.757984,0.48931,0.1485,0.754526,0.463167,-0.193536,0.763455,0.508301,0.149375,0.767957,0.469583,-0.217657,0.765877,0.494898,0.126068,0.770068,0.457107,-0.201824,0.766031,0.498195,0.137533,0.76603,0.455502,-0.186419,0.750239,0.533395,0.096894,0.753984,0.530965,-0.097094,0.762521,0.687834,0.133054,0.808889,0.655031,-0.114311,0.766071,0.833486,0.144036,0.749086,0.793949,-0.099367,0.756183,0.863868,0.140656,0.73,0.80884,-0.096368,0.803604,0.86636,0.114511,0.767928,0.843251,-0.112218
AN_Lat_3_4.12.26,183,1442.98,491.59,0,1442.98,491.59,0.9865,1445.03,499.79,0.986,0.764046,0.259227,0.044979,0.758172,0.246072,0.055745,0.756703,0.246139,0.055567,0.755171,0.246262,0.055578,0.758527,0.246211,0.025042,0.757431,0.246329,0.024782,0.756289,0.246368,0.024712,0.745932,0.252051,0.100373,0.747141,0.251964,-0.038844,0.760243,0.273128,0.066219,0.760385,0.272089,0.024985,0.733642,0.331337,0.177554,0.732294,0.326546,-0.125958,0.715249,0.433088,0.239728,0.699818,0.418834,-0.189154,0.755382,0.482582,0.23629,0.752617,0.46277,-0.186205,0.76198,0.498084,0.244548,0.767316,0.469004,-0.209007,0.7647,0.480699,0.223167,0.768429,0.455817,-0.194451,0.762791,0.481369,0.227099,0.763822,0.454077,-0.179476,0.749465,0.533447,0.097718,0.753945,0.53102,-0.097935,0.761782,0.687709,0.129593,0.805445,0.659127,-0.120763,0.766504,0.834449,0.125273,0.741896,0.7925,-0.122412,0.758341,0.863909,0.120525,0.719864,0.805542,-0.12084,0.803598,0.868222,0.10054,0.76067,0.845196,-0.1314
AN_Lat_3_4.12.26,184,1440.92,495.54,0,1440.92,495.54,0.9871,1441.64,500.1,0.9851,0.761068,0.261833,0.040589,0.754869,0.248366,0.05043,0.753375,0.248446,0.050234,0.751804,0.248562,0.050236,0.755417,0.248366,0.021394,0.754432,0.248414,0.021136,0.753414,0.248362,0.021052,0.743072,0.253753,0.092003,0.744847,0.253412,-0.040173,0.757587,0.27536,0.060575,0.757769,0.274294,0.021416,0.732181,0.331409,0.166663,0.730208,0.326591,-0.12417,0.715794,0.431113,0.261597,0.697807,0.419527,-0.196444,0.754395,0.473078,0.313111,0.750854,0.463052,-0.217263,0.76083,0.485883,0.329398,0.7654,0.469862,-0.238566,0.764414,0.472394,0.307846,0.766608,0.456616,-0.223833,0.762405,0.471214,0.305572,0.762205,0.454645,-0.211231,0.748853,0.533497,0.096815,0.752114,0.531183,-0.09702,0.761993,0.687606,0.119389,0.799358,0.662855,-0.130091,0.766544,0.834721,0.119678,0.727854,0.790422,-0.121538,0.759728,0.863626,0.115357,0.707986,0.801903,-0.119005,0.803606,0.868622,0.088646,0.750531,0.845163,-0.13582
AN_Lat_3_4.12.26,185,1437.34,496.62,0,1437.34,496.62,0.9825,1436.25,501.47,0.9855,0.758632,0.261921,0.027554,0.752743,0.248424,0.03745,0.75141,0.24856,0.037265,0.74999,0.248742,0.037283,0.753066,0.248376,0.008209,0.752101,0.24845,0.007953,0.751086,0.248449,0.007871,0.741151,0.254374,0.081861,0.742528,0.253948,-0.051148,0.755508,0.275785,0.048667,0.755469,0.274692,0.009264,0.730228,0.331422,0.160078,0.726529,0.326661,-0.12909,0.71288,0.43073,0.242885,0.696048,0.419611,-0.196903,0.752106,0.468931,0.265655,0.748047,0.464324,-0.20452,0.759115,0.480777,0.276868,0.762379,0.473,-0.225577,0.762872,0.469187,0.255073,0.76426,0.458783,-0.211498,0.760737,0.464846,0.257099,0.760091,0.456371,-0.198402,0.748671,0.53338,0.096551,0.750057,0.531264,-0.096751,0.761069,0.687486,0.121628,0.792678,0.669271,-0.133969,0.76642,0.835297,0.136286,0.718484,0.789447,-0.107171,0.759122,0.863346,0.133615,0.700799,0.799324,-0.103129,0.803513,0.869595,0.105377,0.742739,0.846246,-0.123963
AN_Lat_3_4.12.26,186,1435.18,498.51,0,1435.18,498.51,0.9822,1432.27,502.79,0.9858,0.756833,0.26279,0.019063,0.750601,0.248958,0.028813,0.749264,0.249147,0.028637,0.7478,0.249387,0.028666,0.750796,0.248894,-0.000237,0.749773,0.249018,-0.000489,0.748625,0.249094,-0.00057,0.738472,0.255486,0.075735,0.73958,0.255082,-0.057016,0.753759,0.276721,0.040782,0.753522,0.27566,0.001575,0.728426,0.331896,0.157091,0.723502,0.327409,-0.131886,0.712839,0.43094,0.21341,0.693844,0.419822,-0.19516,0.749946,0.466809,0.201322,0.745975,0.465545,-0.1979,0.757115,0.478799,0.207468,0.760141,0.475267,-0.219859,0.760901,0.467906,0.18471,0.762709,0.461057,-0.205786,0.759084,0.462465,0.191928,0.758806,0.458672,-0.191699,0.747647,0.533414,0.096036,0.747412,0.531373,-0.096227,0.76005,0.687434,0.112003,0.784991,0.674439,-0.140471,0.766384,0.836604,0.127725,0.710652,0.79002,-0.124463,0.758026,0.863778,0.124979,0.691624,0.798625,-0.121573,0.803512,0.870346,0.088044,0.735851,0.84691,-0.151454
AN_Lat_3_4.12.26,187,1431.53,505.77,0,1431.53,505.77,0.9804,1429.66,505.62,0.9856,0.754444,0.26322,0.015537,0.748426,0.249219,0.024926,0.747111,0.249403,0.024756,0.745708,0.249634,0.024792,0.748551,0.249164,-0.004014,0.747502,0.249295,-0.004255,0.746352,0.249384,-0.004325,0.736288,0.255857,0.070564,0.737186,0.255513,-0.060837,0.751258,0.27744,0.037054,0.750973,0.27637,-0.001946,0.72661,0.331921,0.151404,0.720973,0.328159,-0.134296,0.711973,0.430513,0.234864,0.691875,0.421766,-0.196754,0.747512,0.46527,0.268051,0.744614,0.468166,-0.196637,0.754464,0.478035,0.28108,0.758133,0.478768,-0.217265,0.758394,0.464305,0.259291,0.76054,0.463666,-0.203826,0.756858,0.460329,0.259907,0.7568,0.460964,-0.190559,0.745566,0.533441,0.095647,0.743833,0.531478,-0.095832,0.760752,0.687164,0.105349,0.775717,0.6784,-0.138563,0.76631,0.837707,0.118295,0.703356,0.790311,-0.108329,0.756841,0.86441,0.11542,0.685375,0.799791,-0.104792,0.80356,0.871431,0.075922,0.729686,0.848829,-0.134089
AN_Lat_3_4.12.26,188,1427.29,510.06,0,1427.29,510.06,0.9809,1425.34,506.67,0.984,0.753137,0.263681,0.001375,0.746982,0.249516,0.012414,0.745621,0.249694,0.012241,0.744127,0.24992,0.012281,0.747033,0.249509,-0.017202,0.745911,0.249665,-0.017468,0.744643,0.24979,-0.017576,0.734311,0.2562,0.067667,0.735191,0.255955,-0.068361,0.749743,0.278038,0.025891,0.749411,0.277092,-0.014191,0.724778,0.33215,0.148382,0.718478,0.328969,-0.142583,0.709522,0.430642,0.215631,0.689951,0.423675,-0.204913,0.74416,0.464873,0.210943,0.742364,0.469142,-0.208459,0.751892,0.477509,0.217452,0.755949,0.481078,-0.230767,0.755421,0.46368,0.195375,0.758537,0.465992,-0.218905,0.754017,0.460521,0.201723,0.754953,0.462999,-0.202958,0.74552,0.533673,0.095428,0.738445,0.531493,-0.095607,0.761715,0.687114,0.109553,0.767981,0.683263,-0.141573,0.766167,0.838195,0.131332,0.696199,0.790847,-0.105441,0.755943,0.86477,0.129218,0.67761,0.800685,-0.101198,0.803955,0.871823,0.085809,0.721556,0.85178,-0.13748
AN_Lat_3_4.12.26,189,1416.24,512.62,0,1416.24,512.62,0.9818,1424.77,509.7,0.9839,0.75136,0.263357,-0.031469,0.744951,0.249283,-0.019634,0.743625,0.249456,-0.019804,0.742132,0.249696,-0.019765,0.744831,0.249279,-0.048813,0.743584,0.249435,-0.049077,0.742091,0.249604,-0.049189,0.73205,0.256377,0.041678,0.732012,0.256268,-0.091914,0.747981,0.277653,-0.004752,0.747511,0.276723,-0.044221,0.724024,0.332428,0.136339,0.715038,0.32998,-0.157896,0.709019,0.43081,0.183743,0.688256,0.426356,-0.209127,0.743499,0.465632,0.124723,0.742066,0.471947,-0.208682,0.752388,0.478304,0.120461,0.755735,0.484106,-0.232276,0.755137,0.466113,0.099813,0.757836,0.468658,-0.222384,0.753472,0.461408,0.114114,0.754226,0.465425,-0.203769,0.744313,0.534697,0.095197,0.733686,0.532773,-0.095376,0.761386,0.68738,0.117278,0.76007,0.687253,-0.143939,0.765789,0.837914,0.154976,0.68565,0.792769,-0.100868,0.755061,0.864665,0.155979,0.667939,0.80394,-0.096509,0.804224,0.87264,0.100488,0.710685,0.857341,-0.137298
AN_Lat_3_4.12.26,190,1411.13,511.29,0,1411.13,511.29,0.9793,1419.77,512.82,0.9841,0.749115,0.263146,-0.041776,0.743022,0.249336,-0.029912,0.741695,0.249558,-0.03009,0.740235,0.249853,-0.030049,0.742825,0.249354,-0.05885,0.741485,0.249598,-0.059111,0.739946,0.249871,-0.059228,0.7301,0.256946,0.03143,0.729752,0.256843,-0.100888,0.745802,0.277863,-0.014981,0.745324,0.276905,-0.054187,0.723465,0.332592,0.127926,0.711853,0.331076,-0.165541,0.710394,0.430915,0.180569,0.687172,0.429357,-0.215405,0.742103,0.467477,0.130542,0.739465,0.47483,-0.216494,0.751176,0.48042,0.12865,0.752902,0.48753,-0.24094,0.753521,0.468952,0.107059,0.755339,0.473164,-0.232255,0.75199,0.464559,0.119987,0.751666,0.469317,-0.212141,0.743918,0.537381,0.095014,0.731174,0.536037,-0.095187,0.758012,0.689005,0.119808,0.752946,0.691234,-0.141353,0.765372,0.83773,0.180211,0.679393,0.795174,-0.103386,0.754172,0.865007,0.181857,0.660465,0.80508,-0.099721,0.804195,0.873707,0.112636,0.705261,0.861343,-0.154703
AN_Lat_3_4.12.26,191,1407.31,516.15,0,1407.31,516.15,0.9809,1413.56,516.3,0.9801,0.746468,0.26285,-0.048593,0.74011,0.249241,-0.036576,0.738748,0.249456,-0.036752,0.737363,0.24975,-0.036704,0.740027,0.249336,-0.066023,0.738671,0.249635,-0.066277,0.737197,0.249966,-0.066393,0.727804,0.257199,0.025502,0.727513,0.257261,-0.108978,0.743544,0.277617,-0.02152,0.743141,0.276686,-0.061464,0.720679,0.332948,0.119796,0.710039,0.331462,-0.171155,0.70613,0.431031,0.162568,0.685869,0.431782,-0.22268,0.736847,0.467962,0.097254,0.736229,0.478054,-0.223314,0.745295,0.481036,0.092118,0.748551,0.491009,-0.24892,0.748633,0.46985,0.070287,0.751177,0.477661,-0.24076,0.7463,0.466677,0.086063,0.747662,0.47377,-0.219309,0.741562,0.540793,0.09493,0.728911,0.539028,-0.095112,0.755256,0.690359,0.121974,0.744127,0.695086,-0.133932,0.765298,0.83756,0.189136,0.673721,0.802781,-0.090711,0.753798,0.864987,0.190769,0.654917,0.815108,-0.08693,0.804189,0.873988,0.114963,0.70172,0.864117,-0.144638
AN_Lat_3_4.12.26,192,1405.88,521.68,0,1405.88,521.68,0.9845,1409.06,520.17,0.9797,0.743928,0.262629,-0.071234,0.737524,0.249145,-0.057692,0.73622,0.249352,-0.057872,0.734891,0.249641,-0.057808,0.737275,0.249302,-0.08775,0.735833,0.249649,-0.088,0.734274,0.25003,-0.088116,0.725253,0.257416,0.011558,0.724337,0.257624,-0.125717,0.741205,0.277388,-0.041699,0.74063,0.276467,-0.082513,0.719379,0.333316,0.108965,0.705983,0.334171,-0.182464,0.707298,0.431239,0.154944,0.684205,0.43529,-0.241299,0.736275,0.468087,0.089435,0.733887,0.481637,-0.254991,0.742609,0.482783,0.083943,0.74555,0.495857,-0.28509,0.746859,0.472951,0.060375,0.748728,0.482914,-0.276818,0.745597,0.469554,0.07759,0.745388,0.478338,-0.251461,0.739842,0.543999,0.094908,0.725515,0.542641,-0.095066,0.753259,0.691635,0.12528,0.736521,0.697072,-0.121474,0.764965,0.8375,0.202312,0.670614,0.810402,-0.05641,0.753812,0.864782,0.204511,0.653365,0.826827,-0.052116,0.80415,0.873684,0.12723,0.701771,0.865546,-0.139453
AN_Lat_3_4.12.26,193,1402.97,526.42,0,1402.97,526.42,0.9802,1405.47,525.54,0.9773,0.741937,0.262444,-0.078509,0.735384,0.24903,-0.067083,0.734043,0.249241,-0.067258,0.732596,0.249536,-0.067193,0.735229,0.249186,-0.09545,0.733863,0.249534,-0.095702,0.732264,0.249914,-0.095828,0.723192,0.257339,-0.003511,0.722758,0.257517,-0.133369,0.738916,0.277201,-0.050646,0.738395,0.276307,-0.089296,0.717711,0.333496,0.091749,0.704678,0.33408,-0.183001,0.705975,0.431398,0.139333,0.682002,0.437112,-0.228741,0.73507,0.471247,0.080473,0.732018,0.486611,-0.230278,0.739823,0.49221,0.075564,0.742523,0.501803,-0.256546,0.744492,0.478215,0.053019,0.746416,0.489488,-0.247401,0.743543,0.474924,0.069293,0.743195,0.484584,-0.226007,0.738159,0.545029,0.091986,0.721958,0.544473,-0.09209,0.752166,0.691585,0.135547,0.727197,0.696895,-0.096184,0.7649,0.837146,0.222838,0.668673,0.815998,-0.020741,0.753925,0.864208,0.226359,0.651501,0.834382,-0.015433,0.804022,0.873473,0.155753,0.701475,0.866898,-0.099369
AN_Lat_3_4.12.26,194,1394.0,532.44,0,1394.0,532.44,0.9806,1398.12,529.15,0.9677,0.739527,0.262379,-0.074601,0.733342,0.249198,-0.063285,0.731934,0.249352,-0.063463,0.73046,0.249607,-0.063391,0.733376,0.249412,-0.092171,0.732104,0.249729,-0.09243,0.730645,0.250073,-0.092557,0.72129,0.257358,-0.000616,0.721412,0.257531,-0.132659,0.736292,0.277253,-0.046892,0.735991,0.27638,-0.086248,0.714961,0.333519,0.092465,0.701783,0.334252,-0.183524,0.704823,0.431485,0.138833,0.680173,0.437871,-0.229093,0.730405,0.478519,0.079415,0.728185,0.489955,-0.227962,0.735115,0.500134,0.074643,0.737671,0.507397,-0.254025,0.738679,0.491567,0.052385,0.741119,0.49673,-0.246152,0.738367,0.481912,0.068308,0.738148,0.490384,-0.22414,0.735519,0.545327,0.091027,0.717936,0.545616,-0.091109,0.750408,0.69153,0.136886,0.720148,0.696751,-0.088801,0.764935,0.836354,0.217394,0.666771,0.82013,-0.025657,0.75395,0.863777,0.220282,0.651359,0.839681,-0.021739,0.803725,0.873199,0.153228,0.702583,0.86734,-0.102962
AN_Lat_3_4.12.26,195,1387.7,536.99,0,1387.7,536.99,0.98,1393.41,533.22,0.956,0.737121,0.262199,-0.090078,0.730943,0.249119,-0.078946,0.729567,0.249274,-0.079131,0.728058,0.249531,-0.079062,0.730835,0.249335,-0.108412,0.729525,0.249654,-0.108669,0.727906,0.250008,-0.108804,0.718831,0.257284,-0.01518,0.718488,0.25745,-0.149942,0.73358,0.277152,-0.061671,0.733032,0.276289,-0.101828,0.713082,0.333528,0.081873,0.698802,0.334216,-0.197246,0.70357,0.433938,0.129641,0.67884,0.438061,-0.23758,0.727032,0.491377,0.067215,0.725735,0.493724,-0.23145,0.73228,0.512188,0.061631,0.735428,0.511048,-0.258154,0.735155,0.507891,0.038534,0.738838,0.501595,-0.251135,0.734814,0.496257,0.055693,0.735519,0.495057,-0.227932,0.732242,0.545564,0.090847,0.713039,0.546141,-0.090922,0.748276,0.691544,0.142183,0.714545,0.696224,-0.076429,0.76499,0.836232,0.228602,0.665472,0.823813,0.000501,0.75399,0.863688,0.232126,0.650149,0.844691,0.005511,0.803656,0.872958,0.160465,0.701731,0.867653,-0.081322
AN_Lat_3_4.12.26,196,1379.01,539.4,0,1379.01,539.4,0.9778,1389.73,538.64,0.9524,0.735059,0.262146,-0.095451,0.728596,0.249102,-0.084213,0.72729,0.249238,-0.084404,0.725882,0.249478,-0.084335,0.728396,0.249318,-0.114347,0.727081,0.249617,-0.114603,0.725512,0.249943,-0.114743,0.716421,0.257299,-0.019971,0.71565,0.257473,-0.157738,0.731811,0.277043,-0.066796,0.731131,0.27619,-0.107824,0.711043,0.33355,0.079276,0.696534,0.334148,-0.208249,0.700408,0.434695,0.131699,0.677073,0.438071,-0.250871,0.723143,0.495348,0.073568,0.723816,0.498739,-0.246533,0.729181,0.516275,0.06883,0.733492,0.516863,-0.275165,0.733323,0.511599,0.044382,0.7368,0.508035,-0.268281,0.731389,0.501011,0.061582,0.733623,0.501765,-0.2432,0.729435,0.545546,0.090945,0.709735,0.546347,-0.091011,0.74695,0.691543,0.147875,0.709805,0.695519,-0.065433,0.764899,0.835934,0.236322,0.664306,0.825744,0.014428,0.754078,0.863641,0.239976,0.649562,0.84717,0.019458,0.802964,0.872923,0.166869,0.700317,0.867896,-0.068893
AN_Lat_3_4.12.26,197,1374.76,540.85,0,1374.76,540.85,0.9805,1383.15,542.35,0.9533,0.732942,0.261784,-0.095858,0.726481,0.248772,-0.084478,0.725169,0.248911,-0.084672,0.723721,0.249167,-0.084607,0.726311,0.248994,-0.11421,0.725022,0.24931,-0.114458,0.72345,0.249687,-0.114594,0.714475,0.257029,-0.020692,0.713898,0.25723,-0.156547,0.729655,0.276876,-0.067516,0.728986,0.275985,-0.107993,0.710161,0.333552,0.077728,0.694108,0.334109,-0.208406,0.698567,0.434838,0.131841,0.675411,0.43781,-0.25265,0.719651,0.497591,0.07502,0.720393,0.502177,-0.252052,0.725914,0.518602,0.070229,0.729837,0.521264,-0.281753,0.729332,0.513994,0.044924,0.732985,0.512945,-0.275512,0.728539,0.503059,0.062735,0.730152,0.506106,-0.249186,0.726476,0.545397,0.090833,0.705018,0.546819,-0.090897,0.744535,0.6915,0.147213,0.704948,0.695349,-0.049087,0.764646,0.835162,0.230457,0.663672,0.826686,0.038285,0.754036,0.863518,0.233645,0.649486,0.848301,0.043927,0.802899,0.872568,0.16335,0.697878,0.86825,-0.040873
AN_Lat_3_4.12.26,198,1366.84,542.0,0,1366.84,542.0,0.9844,1375.53,545.36,0.9553,0.731606,0.261287,-0.107426,0.725302,0.248292,-0.096394,0.723996,0.248392,-0.096582,0.722566,0.248568,-0.096514,0.72517,0.2485,-0.126168,0.723899,0.248769,-0.126416,0.72239,0.249057,-0.12655,0.713286,0.255685,-0.032292,0.712898,0.255944,-0.168272,0.727871,0.276527,-0.078742,0.727358,0.275599,-0.119298,0.709588,0.333565,0.068951,0.691053,0.333864,-0.216506,0.699139,0.435514,0.12402,0.673195,0.437604,-0.257469,0.718823,0.499758,0.065498,0.716424,0.504959,-0.257331,0.723702,0.523972,0.060104,0.725549,0.525765,-0.288102,0.727962,0.517532,0.034314,0.729279,0.518281,-0.282456,0.726132,0.509484,0.053046,0.726493,0.510729,-0.254764,0.72268,0.544839,0.090724,0.700441,0.546696,-0.090784,0.741492,0.690428,0.146155,0.703576,0.694726,-0.046462,0.764001,0.833315,0.226344,0.663978,0.827519,0.044273,0.754063,0.863073,0.229146,0.651618,0.850458,0.050038,0.802774,0.869595,0.159971,0.700141,0.868455,-0.036755
AN_Lat_3_4.12.26,199,1358.59,546.37,0,1358.59,546.37,0.9868,1369.76,549.01,0.9591,0.729874,0.260309,-0.111751,0.723548,0.247348,-0.101782,0.722122,0.247444,-0.101977,0.720625,0.247596,-0.101903,0.723561,0.247622,-0.131668,0.722256,0.24792,-0.131918,0.720779,0.248188,-0.132039,0.71126,0.254795,-0.040837,0.711276,0.255045,-0.177059,0.726056,0.275903,-0.083913,0.725766,0.274894,-0.12458,0.706622,0.333378,0.06016,0.688731,0.333386,-0.222858,0.696548,0.436808,0.11825,0.670478,0.437404,-0.259358,0.715956,0.502387,0.061794,0.713415,0.508338,-0.258067,0.720709,0.52576,0.056947,0.72186,0.529436,-0.288722,0.725264,0.522003,0.03018,0.725979,0.522525,-0.283836,0.724178,0.513002,0.049142,0.723441,0.51509,-0.255781,0.719293,0.543387,0.089974,0.695916,0.546255,-0.09003,0.73886,0.688178,0.145812,0.702143,0.694323,-0.036675,0.763342,0.83126,0.221608,0.663792,0.828905,0.061385,0.754111,0.86104,0.224132,0.6519,0.8526,0.067765,0.802602,0.864687,0.158698,0.701524,0.868769,-0.015085
AN_Lat_3_4.12.26,200,1352.85,556.01,0,1352.85,556.01,0.984,1360.61,553.72,0.9623,0.728044,0.258476,-0.115052,0.7218,0.245507,-0.104923,0.72047,0.245645,-0.105116,0.719048,0.245814,-0.105049,0.721726,0.245818,-0.134805,0.720455,0.2462,-0.135049,0.719003,0.246575,-0.135166,0.709644,0.253081,-0.043758,0.709622,0.253478,-0.179864,0.724133,0.274814,-0.087245,0.723813,0.273797,-0.127884,0.703338,0.332853,0.056003,0.686175,0.332241,-0.226626,0.693552,0.43745,0.10712,0.669066,0.437283,-0.264258,0.71352,0.50531,0.042297,0.708649,0.512706,-0.262459,0.717038,0.529027,0.03575,0.716226,0.536074,-0.293017,0.722441,0.524539,0.009557,0.720832,0.52792,-0.289516,0.721995,0.515734,0.029637,0.718878,0.520004,-0.260756,0.71644,0.540292,0.089718,0.692927,0.544887,-0.089773,0.737255,0.686818,0.145118,0.70112,0.693687,-0.043479,0.762573,0.829566,0.219089,0.663885,0.829683,0.039576,0.754109,0.859218,0.221209,0.65195,0.853913,0.044242,0.802036,0.859456,0.15402,0.702862,0.868915,-0.040412
AN_Lat_3_4.12.26,201,1339.73,553.26,0,1339.73,553.26,0.9843,1350.76,559.0,0.9644,0.725497,0.255997,-0.131292,0.719125,0.243155,-0.121688,0.717856,0.243343,-0.121883,0.716483,0.243588,-0.121812,0.719089,0.243434,-0.151896,0.71793,0.243846,-0.152135,0.716572,0.244283,-0.152242,0.707278,0.251279,-0.060733,0.707319,0.251698,-0.198473,0.721853,0.272524,-0.103351,0.721453,0.271397,-0.144461,0.699631,0.331309,0.039941,0.685534,0.330008,-0.242403,0.688502,0.437288,0.091578,0.665957,0.43673,-0.284381,0.710166,0.505981,0.031806,0.703522,0.517588,-0.283811,0.71418,0.529586,0.025719,0.710267,0.544301,-0.315035,0.719437,0.524534,-0.000988,0.715622,0.536481,-0.311666,0.719199,0.516861,0.019077,0.714167,0.52713,-0.282356,0.713404,0.538557,0.089567,0.692583,0.544129,-0.089625,0.73528,0.685027,0.14953,0.699636,0.693132,-0.034915,0.761606,0.827153,0.234301,0.664085,0.829368,0.059328,0.753909,0.856609,0.237148,0.652559,0.853268,0.064933,0.801421,0.854191,0.163724,0.70239,0.868752,-0.020096
AN_Lat_3_4.12.26,202,1334.23,561.87,0,1334.23,561.87,0.9816,1342.35,567.5,0.9669,0.723325,0.253865,-0.133258,0.716939,0.241589,-0.123712,0.715652,0.241797,-0.12391,0.714268,0.24205,-0.123849,0.716867,0.241924,-0.153389,0.715698,0.242377,-0.153622,0.714335,0.242865,-0.153733,0.704996,0.249929,-0.063541,0.704939,0.250676,-0.198809,0.719578,0.270718,-0.105654,0.719194,0.269629,-0.146033,0.697342,0.330728,0.035476,0.682106,0.329431,-0.241406,0.68618,0.437548,0.095179,0.663537,0.436622,-0.284293,0.709164,0.510296,0.047557,0.69914,0.525465,-0.288066,0.713379,0.531739,0.042978,0.706777,0.553554,-0.319725,0.718272,0.529122,0.016065,0.712865,0.545013,-0.316968,0.717767,0.520563,0.034998,0.711142,0.53527,-0.287021,0.711162,0.538276,0.088192,0.691442,0.543955,-0.088255,0.733452,0.682294,0.152367,0.697854,0.692673,-0.015838,0.759901,0.825719,0.244926,0.66433,0.829203,0.094578,0.753039,0.854744,0.248632,0.653352,0.853255,0.101784,0.800814,0.849181,0.175843,0.702145,0.868593,0.01961
AN_Lat_3_4.12.26,203,1324.32,565.47,0,1324.32,565.47,0.9785,1329.88,571.04,0.9693,0.721627,0.253006,-0.132573,0.715704,0.240785,-0.122796,0.714339,0.24089,-0.122985,0.713003,0.240998,-0.122922,0.715593,0.241134,-0.151458,0.71426,0.241495,-0.151692,0.712869,0.241854,-0.151803,0.70351,0.247865,-0.062268,0.70311,0.248606,-0.192927,0.717749,0.269519,-0.104969,0.717266,0.268612,-0.144013,0.696854,0.330016,0.036319,0.679562,0.32889,-0.234348,0.686368,0.439775,0.093867,0.661285,0.436588,-0.279104,0.707829,0.516753,0.047628,0.692645,0.528737,-0.290965,0.711127,0.539061,0.042821,0.698404,0.560015,-0.323177,0.714637,0.536291,0.016463,0.707034,0.552267,-0.321727,0.71431,0.529654,0.035411,0.705746,0.541808,-0.290612,0.707942,0.534551,0.086543,0.687294,0.542399,-0.086612,0.730982,0.67833,0.142979,0.695854,0.692555,-0.02906,0.758198,0.823708,0.235989,0.664267,0.82892,0.060718,0.752013,0.853064,0.238573,0.653282,0.853481,0.065745,0.799154,0.84458,0.145244,0.703015,0.868543,-0.019449
AN_Lat_3_4.12.26,204,1312.32,563.31,0,1312.32,563.31,0.9744,1316.76,570.34,0.9712,0.719357,0.249672,-0.125793,0.712872,0.237609,-0.115494,0.711482,0.237817,-0.115683,0.71004,0.238041,-0.115619,0.712875,0.237959,-0.145369,0.711622,0.238401,-0.1456,0.710267,0.238853,-0.145702,0.70029,0.245985,-0.054771,0.700624,0.246616,-0.190685,0.715643,0.266969,-0.09823,0.715356,0.265912,-0.138836,0.693045,0.329026,0.042899,0.677967,0.328187,-0.234829,0.682505,0.439775,0.100014,0.659222,0.435627,-0.280815,0.701255,0.519599,0.053696,0.685814,0.528096,-0.286698,0.704603,0.54239,0.049551,0.690669,0.5626,-0.317733,0.709463,0.540719,0.022931,0.699295,0.553241,-0.316536,0.709053,0.532296,0.041323,0.697838,0.541541,-0.286388,0.705063,0.532914,0.086474,0.685734,0.540571,-0.086551,0.728822,0.675311,0.140996,0.695391,0.691542,-0.021742,0.756606,0.820971,0.230885,0.664552,0.82893,0.066396,0.750414,0.851257,0.232273,0.652711,0.853449,0.071199,0.797947,0.839714,0.141177,0.701144,0.868401,-0.010838
AN_Lat_3_4.12.26,205,1298.14,563.02,0,1298.14,563.02,0.972,1304.37,571.86,0.9735,0.717154,0.248593,-0.125836,0.710701,0.236398,-0.116654,0.709261,0.236606,-0.116843,0.707758,0.236845,-0.116781,0.710704,0.236811,-0.146165,0.709423,0.237305,-0.146394,0.70806,0.23783,-0.146494,0.698038,0.244944,-0.059576,0.698403,0.24601,-0.193777,0.713371,0.266058,-0.099391,0.713077,0.265107,-0.13951,0.688845,0.327357,0.03491,0.675659,0.327622,-0.236124,0.678896,0.439793,0.091867,0.655987,0.435013,-0.279181,0.697346,0.520215,0.049986,0.679358,0.529498,-0.283091,0.701134,0.542802,0.046127,0.683051,0.564025,-0.313349,0.706022,0.542299,0.019634,0.691165,0.556997,-0.312974,0.705193,0.532912,0.037762,0.689663,0.544036,-0.283049,0.703984,0.532868,0.085143,0.68434,0.540246,-0.085234,0.727324,0.673981,0.140929,0.692964,0.691301,-0.016966,0.754973,0.818542,0.225156,0.664967,0.828501,0.073584,0.749244,0.849409,0.226876,0.652238,0.852587,0.078662,0.796999,0.836046,0.143635,0.700777,0.868374,-0.002813
AN_Lat_3_4.12.26,206,1291.22,564.58,0,1291.22,564.58,0.9879,1294.0,570.73,0.9739,0.71473,0.246903,-0.116729,0.708775,0.235305,-0.107501,0.70724,0.235504,-0.107685,0.705695,0.235733,-0.10762,0.708977,0.235722,-0.136872,0.707704,0.236196,-0.137104,0.706377,0.236682,-0.137209,0.695598,0.243354,-0.050739,0.69646,0.244364,-0.184398,0.711403,0.264173,-0.090433,0.711274,0.263259,-0.130393,0.687291,0.32639,0.041682,0.673721,0.326438,-0.229607,0.67387,0.439436,0.091794,0.654177,0.4336,-0.274704,0.689351,0.518385,0.045283,0.67396,0.528455,-0.277374,0.692724,0.54198,0.04078,0.675908,0.561695,-0.307089,0.694641,0.540394,0.015554,0.683861,0.555937,-0.306365,0.694195,0.532142,0.033428,0.682418,0.542679,-0.277175,0.702605,0.53242,0.085177,0.682504,0.539945,-0.085272,0.725967,0.673441,0.144595,0.6899,0.691266,-0.017415,0.752665,0.817241,0.230146,0.664096,0.828526,0.064152,0.747252,0.848168,0.232649,0.652417,0.852661,0.068309,0.794201,0.832289,0.156395,0.700754,0.868283,-0.015604
AN_Lat_3_4.12.26,207,1281.89,558.57,0,1281.89,558.57,0.9808,1282.2,568.85,0.9748,0.711994,0.246606,-0.11206,0.705401,0.234829,-0.102639,0.703951,0.235055,-0.102823,0.702468,0.235332,-0.102751,0.705684,0.235192,-0.132134,0.704554,0.235655,-0.132372,0.703361,0.236138,-0.132486,0.693101,0.243187,-0.045061,0.694025,0.244011,-0.179508,0.708686,0.263951,-0.085539,0.708577,0.26279,-0.125712,0.686126,0.325829,0.047597,0.671612,0.325685,-0.227051,0.673686,0.439382,0.098179,0.650727,0.431839,-0.278218,0.687059,0.516166,0.052408,0.667814,0.526715,-0.288905,0.690523,0.538835,0.048707,0.66894,0.558391,-0.320329,0.69455,0.537721,0.023182,0.675818,0.553074,-0.319528,0.693548,0.529217,0.040419,0.67509,0.540318,-0.289038,0.701079,0.532349,0.085384,0.679895,0.539918,-0.085479,0.724253,0.67141,0.156809,0.687325,0.691143,-0.01668,0.750965,0.814663,0.249595,0.664591,0.828522,0.061454,0.745651,0.845776,0.253054,0.652797,0.853068,0.065169,0.792298,0.829215,0.180237,0.700023,0.868171,-0.022417
AN_Lat_3_4.12.26,208,1274.36,560.0,0,1274.36,560.0,0.9807,1276.31,569.62,0.9753,0.711222,0.246554,-0.118279,0.705667,0.234535,-0.109085,0.70404,0.234596,-0.109266,0.70242,0.234663,-0.109194,0.705752,0.234941,-0.13844,0.704312,0.235288,-0.138672,0.702835,0.235623,-0.138782,0.692222,0.24152,-0.05128,0.692851,0.242453,-0.184829,0.70769,0.263456,-0.091487,0.707329,0.262457,-0.131434,0.68354,0.324436,0.041641,0.669757,0.324693,-0.228105,0.670464,0.43935,0.089905,0.647967,0.431676,-0.275177,0.684193,0.515646,0.041379,0.664743,0.527427,-0.281078,0.688085,0.540219,0.036549,0.666189,0.559042,-0.311282,0.689004,0.538166,0.011711,0.67358,0.554117,-0.310378,0.688454,0.530069,0.029604,0.672845,0.541223,-0.280939,0.696872,0.531318,0.085075,0.676423,0.539214,-0.085173,0.722135,0.66967,0.15429,0.685393,0.690444,-0.01171,0.749233,0.812747,0.238699,0.664947,0.828211,0.073584,0.743912,0.844176,0.241574,0.652748,0.852979,0.077939,0.79006,0.827759,0.172135,0.6994,0.868134,-0.009015
AN_Lat_3_4.12.26,209,1263.06,559.35,0,1263.06,559.35,0.9818,1267.77,569.55,0.9747,0.709113,0.246571,-0.118233,0.703129,0.234553,-0.109163,0.701608,0.234632,-0.109346,0.700046,0.234732,-0.109276,0.703298,0.234888,-0.138379,0.702022,0.235209,-0.138614,0.700682,0.235522,-0.138721,0.690212,0.24168,-0.051687,0.690895,0.242576,-0.184312,0.705285,0.263359,-0.09149,0.705016,0.26233,-0.13119,0.682672,0.324683,0.041708,0.66715,0.324399,-0.226211,0.667353,0.439322,0.089277,0.644727,0.431113,-0.270532,0.680586,0.515498,0.038085,0.660298,0.527361,-0.275728,0.684631,0.540746,0.032917,0.660368,0.559401,-0.307102,0.685206,0.539789,0.008376,0.668484,0.554559,-0.301986,0.684222,0.530553,0.026367,0.66857,0.541753,-0.274084,0.694679,0.5293,0.084507,0.673609,0.537065,-0.084608,0.71977,0.667858,0.131722,0.683049,0.688097,-0.013755,0.746505,0.810577,0.196125,0.665528,0.827972,0.065359,0.741861,0.841849,0.196674,0.653474,0.853002,0.069175,0.788821,0.826962,0.121588,0.700043,0.867848,-0.015692
AN_Lat_3_4.12.26,210,1253.95,564.61,0,1253.95,564.61,0.9877,1258.23,567.52,0.9753,0.706236,0.246583,-0.116024,0.700135,0.234335,-0.108317,0.698561,0.234393,-0.108481,0.696899,0.234511,-0.108387,0.700393,0.234591,-0.137788,0.699135,0.234843,-0.138023,0.697816,0.235101,-0.138133,0.687056,0.241737,-0.04884,0.68822,0.24236,-0.17945,0.70248,0.263129,-0.090164,0.702283,0.262001,-0.130739,0.677749,0.324256,0.047018,0.66613,0.323978,-0.223574,0.660124,0.437968,0.097565,0.642536,0.429925,-0.268001,0.672755,0.514489,0.047503,0.655329,0.525483,-0.275527,0.675334,0.539187,0.043058,0.655877,0.556779,-0.304024,0.679686,0.537037,0.018249,0.662769,0.552684,-0.298635,0.678804,0.528274,0.035676,0.663182,0.54022,-0.271839,0.691679,0.528622,0.084659,0.672424,0.535295,-0.084758,0.717593,0.666951,0.12926,0.680435,0.687169,-0.020907,0.74324,0.808955,0.192388,0.665328,0.827831,0.0531,0.738917,0.839669,0.193046,0.653732,0.853019,0.057157,0.786436,0.826625,0.121823,0.700135,0.867501,-0.021861
AN_Lat_3_4.12.26,211,1244.05,563.96,0,1244.05,563.96,0.9886,1252.98,566.14,0.9724,0.70516,0.245988,-0.112457,0.699575,0.233799,-0.103747,0.698092,0.23381,-0.103918,0.696479,0.233912,-0.103838,0.699729,0.234041,-0.13322,0.698427,0.234242,-0.133459,0.696957,0.234484,-0.133569,0.685977,0.241559,-0.044779,0.686292,0.242263,-0.177105,0.701645,0.261942,-0.085999,0.701434,0.26074,-0.126301,0.677943,0.323913,0.049057,0.663416,0.323675,-0.222204,0.661108,0.437101,0.09361,0.639876,0.429614,-0.262873,0.675656,0.515555,0.035355,0.652592,0.5242,-0.260037,0.67683,0.538947,0.029645,0.652794,0.555074,-0.28528,0.680574,0.535645,0.005288,0.660074,0.550811,-0.285761,0.680252,0.526862,0.023468,0.66066,0.538624,-0.259266,0.690252,0.527086,0.084364,0.66984,0.532986,-0.084463,0.714732,0.665533,0.12262,0.678164,0.686047,-0.027,0.739859,0.808684,0.180153,0.665361,0.827666,0.041515,0.735567,0.838796,0.180206,0.653945,0.853017,0.042143,0.781447,0.825918,0.107331,0.700899,0.866938,-0.047706
AN_Lat_3_4.12.26,212,1236.06,561.84,0,1236.06,561.84,0.9857,1245.67,565.8,0.9701,0.703079,0.245069,-0.11971,0.697096,0.232803,-0.109381,0.695625,0.232836,-0.109554,0.694101,0.232965,-0.109476,0.697046,0.233062,-0.139858,0.695658,0.233327,-0.140101,0.694137,0.233657,-0.140214,0.683882,0.241073,-0.046284,0.683657,0.241913,-0.183989,0.699795,0.261221,-0.091245,0.699401,0.26014,-0.132753,0.676647,0.323852,0.048644,0.660558,0.323606,-0.225339,0.661896,0.43676,0.093583,0.637251,0.428459,-0.268959,0.677409,0.518864,0.033347,0.648788,0.523886,-0.271349,0.677382,0.537554,0.027769,0.649627,0.554397,-0.298957,0.681787,0.534412,0.002121,0.657336,0.55029,-0.299847,0.681693,0.527669,0.020909,0.65768,0.538468,-0.27143,0.689138,0.525706,0.084399,0.667264,0.53137,-0.084504,0.71228,0.663774,0.125744,0.676315,0.685188,-0.029005,0.736769,0.808314,0.189083,0.665163,0.82754,0.021102,0.732464,0.838178,0.189877,0.654206,0.853018,0.02111,0.777909,0.826996,0.117279,0.700966,0.866705,-0.075619
AN_Lat_3_4.12.26,213,1227.92,561.2,0,1227.92,561.2,0.985,1238.6,565.3,0.9669,0.700595,0.244359,-0.123686,0.694386,0.231988,-0.113751,0.692932,0.232079,-0.113927,0.69142,0.23228,-0.113853,0.694453,0.232248,-0.144274,0.693166,0.23257,-0.144513,0.691766,0.232972,-0.14462,0.681389,0.240842,-0.051536,0.681507,0.241645,-0.190111,0.697251,0.260691,-0.095291,0.696919,0.259599,-0.136805,0.673593,0.323362,0.042329,0.658758,0.322936,-0.22916,0.653818,0.435017,0.085662,0.63311,0.427191,-0.269912,0.665731,0.516787,0.025087,0.645104,0.523427,-0.26891,0.663643,0.536397,0.019102,0.645895,0.553761,-0.296757,0.668803,0.53378,-0.006386,0.653167,0.549971,-0.296505,0.66865,0.52756,0.012724,0.653623,0.53818,-0.268658,0.686603,0.524393,0.084444,0.665605,0.529905,-0.084547,0.709147,0.663793,0.128026,0.674085,0.684565,-0.031704,0.732152,0.80751,0.193339,0.665475,0.827424,0.01976,0.727457,0.837424,0.194526,0.654224,0.85285,0.020288,0.772407,0.826883,0.124498,0.701789,0.86627,-0.073942
AN_Lat_3_4.12.26,214,1223.95,561.4,0,1223.95,561.4,0.9893,1230.78,565.39,0.968,0.698632,0.244385,-0.120964,0.692866,0.232076,-0.111024,0.691344,0.232206,-0.111196,0.689733,0.232429,-0.111122,0.693106,0.23224,-0.141163,0.69187,0.232539,-0.141404,0.690505,0.2329,-0.141515,0.679838,0.240909,-0.049944,0.680364,0.241512,-0.186887,0.69534,0.260671,-0.093054,0.695151,0.259483,-0.134046,0.671441,0.323427,0.043672,0.656924,0.322983,-0.22698,0.654064,0.434832,0.086579,0.630455,0.426357,-0.26984,0.670677,0.519921,0.024321,0.641034,0.523506,-0.262824,0.670929,0.541322,0.018577,0.642291,0.554487,-0.289295,0.675017,0.536821,-0.007668,0.649542,0.550706,-0.292301,0.67467,0.528837,0.011576,0.650066,0.539254,-0.263754,0.684362,0.524557,0.084374,0.662708,0.529459,-0.084474,0.706921,0.664206,0.125773,0.671771,0.683964,-0.033119,0.727392,0.80678,0.194567,0.665449,0.827325,0.020209,0.722305,0.837357,0.195923,0.654374,0.85266,0.021339,0.766652,0.828191,0.124255,0.702235,0.866083,-0.071435
AN_Lat_3_4.12.26,215,1214.18,559.46,0,1214.18,559.46,0.9911,1215.2,566.08,0.968,0.696346,0.243997,-0.12341,0.690182,0.231766,-0.11339,0.688684,0.231886,-0.113561,0.687163,0.232137,-0.113487,0.690486,0.23195,-0.143713,0.689273,0.232236,-0.143953,0.687941,0.232607,-0.14406,0.677506,0.240809,-0.052241,0.677882,0.241378,-0.189924,0.692936,0.260185,-0.095464,0.692797,0.258967,-0.136658,0.669108,0.323502,0.04169,0.654814,0.322823,-0.229153,0.651791,0.43484,0.084225,0.626934,0.425603,-0.268484,0.665631,0.522763,0.02227,0.632916,0.524153,-0.262426,0.6659,0.54626,0.016716,0.63361,0.555511,-0.288378,0.669811,0.541786,-0.009736,0.641063,0.553389,-0.291706,0.669625,0.53231,0.009429,0.641806,0.542371,-0.263536,0.679829,0.524187,0.084416,0.660305,0.528934,-0.084516,0.704662,0.663505,0.127345,0.670372,0.683109,-0.032928,0.722659,0.806033,0.196339,0.664893,0.827286,0.021023,0.717025,0.835821,0.197668,0.654573,0.852781,0.022887,0.76033,0.828982,0.127449,0.702271,0.864929,-0.067941
AN_Lat_3_4.12.26,216,1207.43,560.74,0,1207.43,560.74,0.9871,1211.36,565.48,0.9677,0.694306,0.243576,-0.125352,0.688095,0.231396,-0.115292,0.686535,0.231511,-0.115461,0.684978,0.231776,-0.115386,0.688382,0.231592,-0.145526,0.687088,0.231875,-0.145764,0.685661,0.232266,-0.145869,0.675258,0.240688,-0.053808,0.675524,0.241282,-0.191067,0.69074,0.259691,-0.097252,0.6906,0.258479,-0.138326,0.667322,0.323599,0.03991,0.652348,0.32242,-0.22874,0.649797,0.434552,0.081749,0.624188,0.42358,-0.267287,0.656509,0.520251,0.018829,0.630917,0.523591,-0.261035,0.65926,0.54502,0.012581,0.631014,0.554421,-0.286728,0.663083,0.540609,-0.013385,0.637962,0.552229,-0.291291,0.663367,0.531134,0.006168,0.63846,0.541093,-0.262614,0.678214,0.523189,0.084517,0.657846,0.52733,-0.084616,0.7015,0.663864,0.126528,0.668343,0.682387,-0.033635,0.717031,0.805721,0.197857,0.664565,0.827269,0.021185,0.709558,0.834853,0.199332,0.654622,0.852644,0.023759,0.753905,0.829893,0.129172,0.702011,0.864195,-0.065354
AN_Lat_3_4.12.26,217,1199.1,556.03,0,1199.1,556.03,0.9868,1200.72,565.22,0.9699,0.691838,0.242762,-0.121514,0.685445,0.230722,-0.111391,0.683951,0.23087,-0.111563,0.682412,0.231181,-0.11149,0.685609,0.231027,-0.141448,0.684303,0.231399,-0.141687,0.682824,0.231893,-0.141793,0.672806,0.240408,-0.051456,0.672813,0.2411,-0.188457,0.688475,0.258904,-0.093619,0.688243,0.257815,-0.134459,0.66613,0.323531,0.042917,0.650336,0.321823,-0.222606,0.64759,0.434219,0.086981,0.620842,0.421189,-0.256909,0.652346,0.517334,0.026032,0.625377,0.523354,-0.257454,0.652624,0.54346,0.019624,0.624734,0.553449,-0.283934,0.656251,0.539252,-0.006042,0.631602,0.550708,-0.289399,0.656919,0.530119,0.013503,0.633415,0.53964,-0.259452,0.677327,0.522824,0.084119,0.655499,0.526671,-0.084214,0.699394,0.664007,0.11461,0.666407,0.680866,-0.033627,0.70859,0.805388,0.184673,0.664004,0.826817,0.024849,0.698646,0.834317,0.186282,0.654842,0.852239,0.026946,0.742737,0.830062,0.116444,0.701259,0.863606,-0.064131
AN_Lat_3_4.12.26,218,1191.64,559.65,0,1191.64,559.65,0.988,1195.72,564.86,0.9711,0.690571,0.242496,-0.126143,0.684163,0.230396,-0.11537,0.682862,0.230574,-0.115534,0.681495,0.230926,-0.115459,0.683908,0.230675,-0.145143,0.682544,0.231085,-0.14538,0.680948,0.231671,-0.145481,0.671342,0.240355,-0.051882,0.670532,0.241141,-0.187525,0.687158,0.258729,-0.097204,0.686565,0.257659,-0.137641,0.666426,0.323387,0.042122,0.648819,0.320075,-0.222281,0.647043,0.433727,0.084631,0.617774,0.419445,-0.260169,0.656624,0.517295,0.022909,0.622772,0.52302,-0.274015,0.65656,0.5424,0.015803,0.623022,0.55299,-0.303235,0.66027,0.538312,-0.010277,0.631012,0.550667,-0.306817,0.660585,0.529388,0.010135,0.631938,0.539845,-0.275775,0.676443,0.522165,0.083752,0.653767,0.526009,-0.083838,0.697709,0.663519,0.114306,0.665198,0.67977,-0.034081,0.700612,0.804623,0.185331,0.663833,0.82635,0.02384,0.690957,0.833294,0.186961,0.655175,0.851578,0.025626,0.731768,0.830771,0.11569,0.70092,0.86314,-0.067252
AN_Lat_3_4.12.26,219,1186.56,556.16,0,1186.56,556.16,0.9893,1190.78,564.71,0.9727,0.689191,0.242585,-0.126653,0.682775,0.230541,-0.116062,0.681481,0.230728,-0.116228,0.680099,0.231076,-0.116155,0.682548,0.230769,-0.145656,0.681239,0.231163,-0.145891,0.679746,0.231702,-0.14599,0.670254,0.240318,-0.053022,0.669479,0.24099,-0.187507,0.685697,0.25877,-0.098059,0.685179,0.257692,-0.138219,0.66317,0.32346,0.040244,0.646506,0.319872,-0.222268,0.645446,0.434324,0.083394,0.615623,0.418803,-0.260165,0.651649,0.517063,0.024149,0.620196,0.522876,-0.271248,0.651069,0.541679,0.017492,0.620653,0.553069,-0.300221,0.654758,0.537595,-0.008341,0.628688,0.550967,-0.301686,0.655029,0.528743,0.011555,0.629832,0.540258,-0.272066,0.674076,0.521931,0.08344,0.6518,0.525936,-0.083529,0.69539,0.662195,0.116155,0.665363,0.67849,-0.032535,0.694251,0.804827,0.186845,0.664159,0.825438,0.030439,0.685088,0.832443,0.188508,0.655439,0.849682,0.032529,0.727018,0.833563,0.118914,0.700663,0.862805,-0.0589
AN_Lat_3_4.12.26,220,1180.38,555.24,0,1180.38,555.24,0.9889,1185.29,564.82,0.9739,0.686373,0.242705,-0.124027,0.680091,0.230646,-0.114006,0.678763,0.230838,-0.11417,0.677358,0.231181,-0.114109,0.680043,0.230864,-0.142292,0.678797,0.231257,-0.142523,0.677421,0.231783,-0.142624,0.667787,0.240281,-0.051842,0.667377,0.24097,-0.183432,0.682825,0.258874,-0.097081,0.682392,0.257791,-0.135458,0.66072,0.32339,0.041701,0.64379,0.319514,-0.215952,0.638472,0.433452,0.083607,0.612398,0.418721,-0.246269,0.648795,0.514313,0.025517,0.617336,0.522984,-0.244657,0.649538,0.541299,0.019273,0.617628,0.553378,-0.269992,0.650611,0.537035,-0.0061,0.62574,0.551637,-0.273244,0.65026,0.528341,0.013124,0.626114,0.541188,-0.245818,0.672111,0.521624,0.082696,0.650051,0.525701,-0.082788,0.693009,0.662158,0.116295,0.664362,0.677703,-0.030781,0.688953,0.804091,0.195649,0.663828,0.824096,0.031939,0.67997,0.830281,0.198568,0.655656,0.848217,0.03404,0.722912,0.835257,0.13665,0.700019,0.86107,-0.054641
AN_Lat_3_4.12.26,221,1176.42,557.91,0,1176.42,557.91,0.9931,1180.92,564.83,0.9745,0.683544,0.242766,-0.12219,0.676908,0.230726,-0.111967,0.675501,0.230885,-0.112133,0.673982,0.231221,-0.112069,0.676983,0.230962,-0.140705,0.675753,0.231343,-0.140938,0.674418,0.231854,-0.14104,0.664282,0.240401,-0.052235,0.664636,0.240988,-0.182935,0.68025,0.258912,-0.094896,0.679971,0.257808,-0.133846,0.657791,0.323402,0.035335,0.642589,0.319554,-0.216023,0.6332,0.432103,0.075129,0.608719,0.418029,-0.247586,0.641648,0.511928,0.022259,0.615064,0.522993,-0.241762,0.642665,0.540836,0.016999,0.615238,0.553321,-0.266269,0.643485,0.535973,-0.008031,0.623336,0.551487,-0.269187,0.642893,0.527223,0.010246,0.623489,0.541141,-0.242672,0.670315,0.521865,0.082325,0.648425,0.525817,-0.082415,0.690419,0.662119,0.130248,0.663607,0.677291,-0.032648,0.682334,0.804174,0.208245,0.664272,0.823149,0.011906,0.674603,0.829673,0.210971,0.655766,0.847793,0.012202,0.717212,0.836403,0.153839,0.700382,0.860043,-0.072706
AN_Lat_3_4.12.26,222,1171.88,558.5,0,1171.88,558.5,0.99,1175.34,564.76,0.9756,0.68168,0.242855,-0.121958,0.675337,0.230798,-0.111861,0.674038,0.230966,-0.11203,0.672581,0.231315,-0.111964,0.67521,0.231044,-0.141008,0.673944,0.231433,-0.141243,0.672524,0.23195,-0.141348,0.662018,0.240468,-0.052022,0.661671,0.241047,-0.184327,0.678474,0.259032,-0.094586,0.677999,0.257926,-0.134093,0.655705,0.323346,0.037757,0.639049,0.3194,-0.218842,0.631727,0.431873,0.080025,0.605008,0.41831,-0.247806,0.638991,0.510326,0.02601,0.612157,0.522922,-0.243912,0.641852,0.540415,0.020738,0.612814,0.553115,-0.268953,0.644449,0.535319,-0.004517,0.621521,0.551055,-0.269415,0.64512,0.52693,0.013906,0.62114,0.540554,-0.244082,0.668215,0.522106,0.082483,0.646272,0.525898,-0.082573,0.688003,0.662054,0.140446,0.662532,0.676853,-0.03138,0.675768,0.804583,0.227622,0.664574,0.823098,0.020985,0.667997,0.830205,0.231173,0.655928,0.848001,0.021587,0.708869,0.83798,0.171078,0.700709,0.858958,-0.066445
AN_Lat_3_4.12.26,223,1167.06,556.23,0,1167.06,556.23,0.9889,1169.55,564.55,0.977,0.679642,0.242956,-0.120766,0.673135,0.230899,-0.110694,0.671776,0.231068,-0.110864,0.670287,0.231411,-0.110798,0.673088,0.231138,-0.140034,0.671806,0.231524,-0.140271,0.670379,0.232032,-0.140375,0.660132,0.240516,-0.050858,0.660126,0.241096,-0.184521,0.676159,0.259079,-0.093397,0.675802,0.25798,-0.1332,0.653248,0.323345,0.039594,0.638084,0.319141,-0.220642,0.630868,0.432413,0.082666,0.601636,0.418144,-0.247907,0.637688,0.51066,0.025701,0.609139,0.522736,-0.245049,0.638233,0.540379,0.01995,0.609407,0.552813,-0.270502,0.64215,0.53518,-0.006085,0.617994,0.550521,-0.270837,0.642277,0.526603,0.013091,0.618055,0.540023,-0.244516,0.665695,0.522227,0.083351,0.644398,0.526064,-0.08343,0.686717,0.660813,0.140253,0.661291,0.675291,-0.055073,0.667462,0.803967,0.221571,0.664719,0.823256,-0.019992,0.657122,0.828566,0.225034,0.656053,0.850189,-0.020497,0.695069,0.838128,0.161479,0.700749,0.85866,-0.108623
AN_Lat_3_4.12.26,224,1162.83,556.07,0,1162.83,556.07,0.9914,1166.67,564.46,0.9787,0.677325,0.242991,-0.122528,0.671195,0.231085,-0.112734,0.66984,0.23124,-0.112905,0.668308,0.231557,-0.112834,0.671096,0.231297,-0.142917,0.669807,0.231654,-0.14316,0.668294,0.232129,-0.143253,0.657881,0.240567,-0.052254,0.657479,0.241128,-0.189483,0.673761,0.259157,-0.094769,0.673408,0.258054,-0.135596,0.650425,0.323408,0.040263,0.635606,0.319194,-0.225399,0.626829,0.431816,0.084277,0.599154,0.418031,-0.249177,0.636081,0.512273,0.026272,0.607643,0.52265,-0.24673,0.636522,0.540224,0.020392,0.607166,0.55258,-0.271475,0.640685,0.534946,-0.006382,0.616084,0.550133,-0.274894,0.640146,0.526277,0.013338,0.616548,0.539628,-0.24697,0.664298,0.522308,0.084359,0.643398,0.526125,-0.084428,0.685596,0.65991,0.13081,0.660398,0.674254,-0.072624,0.657477,0.798243,0.213232,0.664701,0.822575,-0.032688,0.642109,0.817835,0.218166,0.656135,0.850195,-0.03204,0.676233,0.831876,0.155779,0.700959,0.858383,-0.118773
AN_Lat_3_4.12.26,225,1157.47,557.77,0,1157.47,557.77,0.9927,1162.25,564.38,0.979,0.674267,0.243709,-0.12171,0.6684,0.231701,-0.111842,0.667126,0.231891,-0.112013,0.665719,0.232238,-0.111942,0.668184,0.231772,-0.14198,0.66691,0.232085,-0.142225,0.665452,0.232508,-0.142318,0.654998,0.240654,-0.051545,0.654428,0.241188,-0.187921,0.670948,0.259762,-0.093796,0.670462,0.258552,-0.134528,0.64745,0.323787,0.041751,0.632061,0.318878,-0.221932,0.621858,0.431692,0.087379,0.596008,0.418256,-0.245108,0.632894,0.513083,0.026481,0.605341,0.522572,-0.244178,0.633285,0.540036,0.019383,0.605518,0.552488,-0.269264,0.634209,0.534734,-0.007102,0.614444,0.549205,-0.272318,0.637441,0.526063,0.013499,0.614705,0.538981,-0.244517,0.660942,0.522247,0.084449,0.641027,0.5258,-0.084516,0.683519,0.659722,0.105998,0.658905,0.673795,-0.086523,0.649718,0.793262,0.199409,0.664025,0.822627,-0.040707,0.63219,0.804865,0.206055,0.656221,0.851083,-0.039108,0.666907,0.83086,0.154674,0.701105,0.857475,-0.125829
AN_Lat_3_4.12.26,226,1154.15,553.73,0,1154.15,553.73,0.9908,1156.5,564.27,0.9766,0.672132,0.247915,-0.115225,0.666114,0.234989,-0.10679,0.664738,0.235073,-0.106964,0.663182,0.235409,-0.10689,0.666162,0.234906,-0.137831,0.664982,0.234998,-0.138085,0.663644,0.23521,-0.138167,0.652799,0.242203,-0.048299,0.653126,0.242636,-0.18737,0.668443,0.262037,-0.087261,0.66823,0.260976,-0.12917,0.64388,0.323804,0.048538,0.630834,0.318583,-0.221861,0.616713,0.430955,0.093076,0.593782,0.418192,-0.246809,0.625008,0.5115,0.027618,0.602344,0.52247,-0.250474,0.624783,0.534118,0.020569,0.602879,0.552147,-0.274798,0.629371,0.533861,-0.005568,0.611754,0.548816,-0.27811,0.62961,0.525418,0.014747,0.6117,0.538917,-0.250717,0.657555,0.521678,0.086982,0.639004,0.525225,-0.087046,0.680573,0.659123,0.093211,0.658634,0.672321,-0.092627,0.639817,0.789157,0.1658,0.663366,0.822702,-0.057438,0.6194,0.797519,0.169519,0.656063,0.852285,-0.057106,0.65723,0.830366,0.116013,0.700941,0.857289,-0.146255
