video_id,frame_idx,true_wrist_x,true_wrist_y,occluded,yolo_wrist_x,yolo_wrist_y,yolo_conf,mp_wrist_x,mp_wrist_y,mp_wrist_vis,lm0_x,lm0_y,lm0_z,lm1_x,lm1_y,lm1_z,lm2_x,lm2_y,lm2_z,lm3_x,lm3_y,lm3_z,lm4_x,lm4_y,lm4_z,lm5_x,lm5_y,lm5_z,lm6_x,lm6_y,lm6_z,lm7_x,lm7_y,lm7_z,lm8_x,lm8_y,lm8_z,lm9_x,lm9_y,lm9_z,lm10_x,lm10_y,lm10_z,lm11_x,lm11_y,lm11_z,lm12_x,lm12_y,lm12_z,lm13_x,lm13_y,lm13_z,lm14_x,lm14_y,lm14_z,lm15_x,lm15_y,lm15_z,lm16_x,lm16_y,lm16_z,lm17_x,lm17_y,lm17_z,lm18_x,lm18_y,lm18_z,lm19_x,lm19_y,lm19_z,lm20_x,lm20_y,lm20_z,lm21_x,lm21_y,lm21_z,lm22_x,lm22_y,lm22_z,lm23_x,lm23_y,lm23_z,lm24_x,lm24_y,lm24_z,lm25_x,lm25_y,lm25_z,lm26_x,lm26_y,lm26_z,lm27_x,lm27_y,lm27_z,lm28_x,lm28_y,lm28_z,lm29_x,lm29_y,lm29_z,lm30_x,lm30_y,lm30_z,lm31_x,lm31_y,lm31_z,lm32_x,lm32_y,lm32_z
EH_1_Lat_3.23.26,0,600.95,523.97,0,600.95,523.97,0.9894,596.31,538.0,0.9908,0.363202,0.281915,-0.025971,0.365074,0.270434,-0.021261,0.364861,0.269213,-0.021404,0.364792,0.267901,-0.021306,0.36437,0.270043,-0.044344,0.363678,0.268762,-0.044574,0.363131,0.267436,-0.04464,0.356001,0.257845,0.011701,0.353526,0.258258,-0.093647,0.357004,0.287742,-0.007737,0.356237,0.287433,-0.039589,0.317313,0.285349,0.091593,0.33391,0.304586,-0.142717,0.307958,0.393361,0.137633,0.310959,0.410413,-0.190497,0.316132,0.466963,0.109651,0.310581,0.498144,-0.192891,0.317165,0.495665,0.114675,0.3067,0.522807,-0.213904,0.321401,0.493344,0.094668,0.310166,0.525235,-0.210405,0.321872,0.486819,0.101187,0.311662,0.515201,-0.191097,0.288999,0.470651,0.083264,0.306972,0.476565,-0.083429,0.289435,0.599066,0.146704,0.351701,0.585772,-0.049152,0.271531,0.723591,0.180227,0.354973,0.725539,-0.039224,0.261979,0.749119,0.180005,0.343204,0.752174,-0.040118,0.298341,0.739761,0.150707,0.387841,0.766148,-0.086235
EH_1_Lat_3.23.26,1,597.55,522.18,0,597.55,522.18,0.984,594.66,538.0,0.9885,0.363041,0.281902,-0.041588,0.364975,0.270352,-0.035615,0.364717,0.269111,-0.035752,0.364578,0.267815,-0.035679,0.364328,0.269883,-0.060349,0.363643,0.26845,-0.06056,0.363096,0.26694,-0.060623,0.3559,0.257489,0.004381,0.353591,0.256507,-0.107858,0.356585,0.287692,-0.020371,0.355931,0.287373,-0.054216,0.317483,0.286009,0.087744,0.332658,0.304233,-0.157078,0.306959,0.393775,0.122145,0.3102,0.407443,-0.204443,0.313345,0.469123,0.080701,0.309717,0.498149,-0.192334,0.314164,0.49713,0.082234,0.306353,0.522779,-0.212755,0.318054,0.494688,0.063474,0.309299,0.524775,-0.208987,0.318495,0.488,0.071937,0.310612,0.515356,-0.190262,0.289587,0.470031,0.083149,0.306727,0.475505,-0.083317,0.289515,0.599216,0.148289,0.352193,0.585242,-0.044364,0.271356,0.723674,0.19295,0.354771,0.725546,-0.017989,0.261906,0.75034,0.193954,0.342965,0.75144,-0.017132,0.298448,0.739714,0.161879,0.387825,0.765834,-0.060137
EH_1_Lat_3.23.26,2,594.45,519.53,0,594.45,519.53,0.9816,594.22,534.68,0.9891,0.362429,0.282331,-0.044482,0.364665,0.270442,-0.038883,0.364333,0.269172,-0.039014,0.364098,0.267875,-0.038955,0.364117,0.269943,-0.062334,0.363434,0.268474,-0.062542,0.36285,0.266943,-0.062602,0.355515,0.257496,-0.000491,0.353287,0.256125,-0.107542,0.355604,0.287938,-0.024237,0.355072,0.28759,-0.056362,0.317494,0.286558,0.07889,0.330859,0.303084,-0.155148,0.306563,0.393768,0.108643,0.308814,0.404859,-0.203993,0.313068,0.468918,0.06723,0.309488,0.495078,-0.189029,0.314264,0.49696,0.067262,0.305978,0.519777,-0.209173,0.318116,0.494521,0.048313,0.309223,0.520785,-0.206564,0.31862,0.487803,0.058268,0.310597,0.511259,-0.187478,0.290092,0.469654,0.080669,0.304989,0.474088,-0.080826,0.28956,0.599233,0.124222,0.352724,0.583858,-0.057037,0.271303,0.723762,0.154012,0.354772,0.725262,-0.025735,0.26197,0.750775,0.153576,0.342978,0.750118,-0.023033,0.298602,0.740063,0.118511,0.387867,0.765185,-0.061812
EH_1_Lat_3.23.26,3,594.23,531.09,0,590.43,518.71,0.9813,594.23,531.09,0.9899,0.3616,0.282482,-0.044607,0.363864,0.270465,-0.038664,0.363457,0.269212,-0.038792,0.363126,0.26795,-0.038735,0.363303,0.269949,-0.061907,0.362547,0.268476,-0.062114,0.361755,0.266937,-0.062178,0.354678,0.257578,0.000553,0.351827,0.255755,-0.10593,0.354628,0.288135,-0.024105,0.353979,0.287761,-0.055919,0.317097,0.287455,0.079758,0.329103,0.302301,-0.153811,0.304892,0.393754,0.108205,0.307437,0.402059,-0.203397,0.308692,0.4695,0.061226,0.309493,0.49175,-0.188734,0.309255,0.499192,0.060086,0.30617,0.515453,-0.209164,0.312344,0.494865,0.041294,0.310101,0.515291,-0.206271,0.311514,0.487723,0.052176,0.310914,0.506807,-0.187023,0.290609,0.46947,0.079349,0.303508,0.47315,-0.079498,0.289597,0.599316,0.100995,0.353582,0.583182,-0.072709,0.271223,0.723848,0.114872,0.355373,0.724451,-0.050433,0.261984,0.750783,0.113194,0.342983,0.74833,-0.048695,0.298588,0.741083,0.076871,0.388038,0.765046,-0.088389
EH_1_Lat_3.23.26,4,593.95,529.56,0,586.96,520.97,0.98,593.95,529.56,0.9904,0.361133,0.282499,-0.042622,0.363317,0.270469,-0.036893,0.36275,0.269211,-0.037022,0.362279,0.267948,-0.036962,0.36278,0.269958,-0.060185,0.3619,0.268478,-0.060392,0.361034,0.266937,-0.060455,0.353924,0.257558,0.001231,0.351314,0.255662,-0.1051,0.354043,0.288134,-0.022626,0.353497,0.287762,-0.0545,0.316116,0.287767,0.078825,0.327834,0.301796,-0.152848,0.303147,0.3937,0.105468,0.306561,0.399904,-0.20011,0.303801,0.471418,0.059293,0.309349,0.490334,-0.184582,0.301158,0.4992,0.058252,0.30616,0.513996,-0.204505,0.306335,0.495202,0.040436,0.310103,0.513956,-0.201625,0.307378,0.487719,0.050722,0.310954,0.505022,-0.182764,0.290628,0.469029,0.078436,0.302593,0.471468,-0.078586,0.289741,0.59928,0.104242,0.354487,0.581429,-0.069797,0.271226,0.723872,0.120277,0.356308,0.722154,-0.050897,0.262018,0.750777,0.118863,0.343582,0.742775,-0.049782,0.298693,0.741987,0.086432,0.388891,0.76366,-0.088538
EH_1_Lat_3.23.26,5,590.0,526.0,0,585.1,519.87,0.9815,593.13,525.92,0.9864,0.360017,0.282505,-0.040943,0.362057,0.270467,-0.03538,0.361373,0.269202,-0.035511,0.360834,0.267934,-0.035444,0.361585,0.269964,-0.058691,0.360651,0.268483,-0.058901,0.359767,0.266942,-0.058964,0.352839,0.257516,0.001894,0.350504,0.255651,-0.104327,0.352862,0.287994,-0.021226,0.352329,0.287666,-0.053132,0.315435,0.287762,0.079487,0.326753,0.300869,-0.15238,0.302314,0.39294,0.10681,0.305364,0.39651,-0.199496,0.303542,0.471278,0.06404,0.30892,0.486959,-0.182869,0.301809,0.499264,0.063371,0.306107,0.511303,-0.202259,0.30438,0.494878,0.046154,0.309422,0.512092,-0.198937,0.305613,0.486834,0.055713,0.310404,0.502596,-0.18091,0.290817,0.468929,0.078118,0.302744,0.471584,-0.078272,0.290515,0.598709,0.107923,0.355434,0.579956,-0.068936,0.271202,0.723791,0.152518,0.357428,0.721491,-0.049335,0.262083,0.750664,0.154506,0.343703,0.742551,-0.048781,0.299096,0.740834,0.127846,0.390551,0.761806,-0.085715
EH_1_Lat_3.23.26,6,582.0,525.0,0,581.97,519.51,0.9813,590.56,526.09,0.9847,0.359288,0.282388,-0.033582,0.361451,0.270282,-0.028117,0.360685,0.268936,-0.02824,0.360051,0.267611,-0.028187,0.361183,0.269898,-0.052536,0.360292,0.268422,-0.052731,0.359443,0.266893,-0.052784,0.352401,0.257071,0.009208,0.350448,0.255501,-0.10142,0.352064,0.287363,-0.013728,0.351786,0.287248,-0.046979,0.315053,0.287508,0.084425,0.325585,0.298796,-0.15184,0.302219,0.391996,0.111604,0.304755,0.393479,-0.19879,0.30269,0.473044,0.071583,0.307584,0.48712,-0.182553,0.30163,0.499555,0.071968,0.303997,0.51186,-0.201954,0.304273,0.495942,0.054352,0.307314,0.512778,-0.19842,0.305447,0.488855,0.063227,0.308608,0.503442,-0.180471,0.291034,0.468516,0.078134,0.30288,0.471127,-0.078291,0.290959,0.598278,0.117557,0.355736,0.579275,-0.065841,0.271302,0.723146,0.167106,0.358156,0.72108,-0.047431,0.262594,0.749451,0.169133,0.34452,0.74259,-0.047102,0.299512,0.739916,0.14332,0.392093,0.760491,-0.085523
EH_1_Lat_3.23.26,7,584.11,522.64,0,584.11,522.64,0.9775,590.01,523.34,0.9846,0.358055,0.282085,-0.024416,0.36002,0.269913,-0.018447,0.359198,0.268435,-0.018562,0.358535,0.267042,-0.018511,0.359912,0.26959,-0.042881,0.359055,0.268021,-0.043077,0.358278,0.266419,-0.043129,0.351098,0.25662,0.019565,0.3497,0.254903,-0.091222,0.350847,0.286847,-0.004512,0.35072,0.286745,-0.037788,0.314767,0.287338,0.093546,0.324546,0.295425,-0.144362,0.302131,0.391452,0.114722,0.304368,0.388497,-0.197469,0.303391,0.472779,0.07609,0.307296,0.484579,-0.182651,0.302586,0.49689,0.076969,0.303418,0.509562,-0.202035,0.304851,0.495467,0.058871,0.306728,0.511389,-0.198509,0.306152,0.487845,0.067634,0.308222,0.501549,-0.180575,0.291934,0.468214,0.078354,0.302997,0.469797,-0.078512,0.291361,0.598176,0.110621,0.355845,0.578795,-0.069123,0.271423,0.722959,0.135677,0.359085,0.721168,-0.068181,0.262742,0.749337,0.134896,0.34535,0.742873,-0.069696,0.299803,0.739521,0.102553,0.394085,0.760452,-0.113549
EH_1_Lat_3.23.26,8,582.5,520.67,0,582.5,520.67,0.9817,589.81,521.01,0.9802,0.357437,0.282059,-0.021212,0.359315,0.269913,-0.015368,0.358474,0.268411,-0.015485,0.357791,0.266989,-0.015434,0.359294,0.269591,-0.039273,0.358455,0.268004,-0.039472,0.357694,0.266367,-0.039524,0.350483,0.256582,0.02262,0.349247,0.254777,-0.085893,0.350313,0.286703,-0.001294,0.350291,0.286613,-0.033937,0.314628,0.287246,0.095497,0.324173,0.293497,-0.136985,0.302241,0.391282,0.116527,0.303834,0.385717,-0.191602,0.303936,0.472804,0.07702,0.307192,0.482421,-0.181227,0.303379,0.496813,0.077263,0.303487,0.507456,-0.200468,0.305862,0.495436,0.059716,0.306723,0.50982,-0.196838,0.306864,0.487985,0.068643,0.308193,0.499881,-0.179191,0.292696,0.468051,0.078314,0.303024,0.46948,-0.078474,0.291813,0.597827,0.113209,0.355745,0.578677,-0.071047,0.271828,0.722411,0.135972,0.360326,0.720541,-0.077128,0.263404,0.748439,0.135033,0.346859,0.743197,-0.079277,0.300227,0.738059,0.102591,0.396029,0.759701,-0.125129
EH_1_Lat_3.23.26,9,581.56,516.39,0,581.56,516.39,0.9852,588.22,521.2,0.9779,0.357321,0.281997,-0.023256,0.359224,0.269882,-0.017144,0.358394,0.268333,-0.01725,0.357701,0.266867,-0.017213,0.359216,0.269577,-0.041529,0.358388,0.267963,-0.041718,0.35762,0.266292,-0.041769,0.350361,0.256389,0.021453,0.349172,0.254587,-0.087233,0.350239,0.286512,-0.002374,0.350236,0.28647,-0.035559,0.314413,0.287016,0.0954,0.323809,0.293645,-0.137651,0.301934,0.391214,0.11533,0.303674,0.387375,-0.192712,0.304418,0.473011,0.071123,0.306363,0.482591,-0.181617,0.303988,0.496917,0.070542,0.302341,0.507204,-0.200539,0.306381,0.495583,0.052909,0.306288,0.509878,-0.197019,0.30724,0.488607,0.062525,0.307724,0.500028,-0.179617,0.292967,0.468061,0.078441,0.302761,0.469115,-0.078602,0.292536,0.596797,0.113111,0.355682,0.578814,-0.070182,0.272089,0.721566,0.133988,0.361613,0.720531,-0.071434,0.263594,0.748033,0.13286,0.348052,0.743349,-0.073094,0.300192,0.736603,0.097031,0.397682,0.759737,-0.121562
EH_1_Lat_3.23.26,10,578.13,517.17,0,578.13,517.17,0.9798,588.41,519.41,0.9646,0.35728,0.281837,-0.021164,0.359194,0.269806,-0.015085,0.358366,0.268222,-0.015199,0.357657,0.26671,-0.015155,0.359212,0.269514,-0.039833,0.358397,0.267872,-0.040027,0.357625,0.266144,-0.04008,0.350404,0.256063,0.023899,0.349205,0.254155,-0.087432,0.350153,0.286104,-0.000499,0.350188,0.286023,-0.034197,0.314412,0.286701,0.098503,0.323426,0.292161,-0.13848,0.302079,0.389773,0.117954,0.303743,0.384602,-0.19425,0.303483,0.472689,0.074487,0.306465,0.480936,-0.183071,0.301765,0.495341,0.074563,0.302492,0.50585,-0.201297,0.30513,0.495413,0.056746,0.306351,0.507395,-0.197143,0.306144,0.488141,0.065921,0.307674,0.498719,-0.180745,0.293836,0.467969,0.078536,0.302856,0.468994,-0.078697,0.292628,0.596818,0.104827,0.3556,0.578914,-0.070066,0.272276,0.721573,0.116901,0.36218,0.7206,-0.078623,0.263957,0.748043,0.114823,0.349077,0.743869,-0.081301,0.300493,0.737211,0.07719,0.39797,0.759705,-0.131127
EH_1_Lat_3.23.26,11,576.17,516.47,0,576.17,516.47,0.9834,586.99,519.58,0.961,0.35719,0.281708,-0.022119,0.359083,0.269726,-0.016211,0.35826,0.268092,-0.016328,0.357567,0.266549,-0.016278,0.359111,0.269457,-0.040631,0.358303,0.267776,-0.04083,0.357548,0.266019,-0.040887,0.350308,0.255923,0.022229,0.349175,0.254018,-0.088024,0.350149,0.285832,-0.001778,0.350186,0.285777,-0.035075,0.314446,0.286321,0.097273,0.323366,0.292268,-0.139037,0.302174,0.38763,0.118383,0.303806,0.384819,-0.194362,0.304082,0.471636,0.073641,0.305724,0.481091,-0.183601,0.302739,0.493737,0.073471,0.301725,0.50558,-0.201635,0.305962,0.494875,0.055624,0.30563,0.507595,-0.197471,0.306856,0.487238,0.064979,0.306916,0.499014,-0.18133,0.294806,0.467976,0.078604,0.302893,0.469068,-0.078765,0.292872,0.596841,0.10538,0.355155,0.578942,-0.069709,0.272506,0.721351,0.120677,0.362658,0.72066,-0.075064,0.264185,0.747963,0.118902,0.349473,0.744107,-0.077371,0.30101,0.736823,0.08151,0.398541,0.759799,-0.127398
EH_1_Lat_3.23.26,12,577.7,515.44,0,577.7,515.44,0.9805,585.87,519.83,0.9579,0.357043,0.281448,-0.022213,0.358997,0.269502,-0.016827,0.358202,0.267836,-0.016953,0.357545,0.266282,-0.016896,0.358977,0.269237,-0.040878,0.358154,0.267502,-0.04108,0.357401,0.265693,-0.041131,0.35035,0.25566,0.020922,0.349073,0.253443,-0.088952,0.350043,0.285414,-0.002576,0.350042,0.28524,-0.035473,0.314775,0.286039,0.096681,0.323078,0.290475,-0.13909,0.302482,0.386481,0.118852,0.303343,0.382944,-0.198424,0.304385,0.470783,0.073699,0.305143,0.481321,-0.193884,0.302845,0.492915,0.073374,0.301332,0.505985,-0.214194,0.306519,0.494785,0.054675,0.305092,0.508119,-0.209773,0.307075,0.486855,0.064624,0.306371,0.49939,-0.191737,0.296349,0.467856,0.078655,0.302219,0.468668,-0.078814,0.293265,0.59686,0.091831,0.35375,0.579041,-0.071839,0.272989,0.721175,0.102915,0.362707,0.720664,-0.070473,0.264708,0.747598,0.10055,0.349787,0.744309,-0.072137,0.300987,0.736308,0.055352,0.3985,0.761058,-0.124985
EH_1_Lat_3.23.26,13,576.09,515.11,0,576.09,515.11,0.9806,585.61,519.93,0.952,0.357151,0.28128,-0.021413,0.359116,0.269325,-0.015681,0.358336,0.267607,-0.015798,0.357695,0.266009,-0.015745,0.359082,0.269117,-0.039847,0.358266,0.267372,-0.040049,0.35752,0.265562,-0.040108,0.350452,0.255403,0.022359,0.349112,0.253383,-0.087697,0.350179,0.285202,-0.001641,0.350161,0.285082,-0.034621,0.315044,0.285976,0.096586,0.323376,0.291008,-0.13891,0.302645,0.385338,0.119279,0.303504,0.382696,-0.198083,0.304496,0.470193,0.073974,0.305008,0.481419,-0.193203,0.303153,0.492171,0.073973,0.301312,0.506083,-0.212875,0.306735,0.494713,0.055061,0.304854,0.508294,-0.20839,0.307654,0.486401,0.064809,0.305918,0.499829,-0.19102,0.296725,0.467694,0.078273,0.302158,0.467982,-0.078431,0.294024,0.596247,0.082609,0.352663,0.57913,-0.072001,0.273124,0.720885,0.087263,0.36245,0.720683,-0.0701,0.264795,0.747579,0.084245,0.349584,0.744651,-0.071822,0.300959,0.735404,0.039329,0.397929,0.762081,-0.124921
EH_1_Lat_3.23.26,14,576.22,516.83,0,576.22,516.83,0.9838,584.3,519.74,0.9497,0.357251,0.280832,-0.021704,0.359225,0.268737,-0.016028,0.358465,0.267062,-0.016149,0.357845,0.265538,-0.016088,0.35916,0.268549,-0.040006,0.358336,0.266841,-0.040212,0.357585,0.265099,-0.040274,0.35054,0.255099,0.021231,0.349131,0.253094,-0.0885,0.350293,0.284792,-0.002184,0.350191,0.28466,-0.034962,0.315128,0.285976,0.096064,0.323603,0.291324,-0.139302,0.302704,0.384789,0.119317,0.303509,0.384066,-0.197763,0.304655,0.469151,0.073097,0.304323,0.481243,-0.191705,0.303888,0.493429,0.072825,0.300427,0.505042,-0.210873,0.307011,0.494236,0.05437,0.304184,0.507243,-0.207108,0.307858,0.485756,0.06406,0.304545,0.49875,-0.189798,0.296425,0.468014,0.078328,0.302728,0.468163,-0.078486,0.294827,0.59572,0.096197,0.352043,0.579451,-0.071376,0.273466,0.720415,0.109136,0.362212,0.720834,-0.0742,0.265048,0.747139,0.106763,0.349393,0.745663,-0.076417,0.301208,0.735487,0.066907,0.397827,0.762551,-0.127431
EH_1_Lat_3.23.26,15,573.07,518.79,0,573.07,518.79,0.983,582.74,519.78,0.9436,0.357698,0.280292,-0.028523,0.359661,0.268099,-0.021539,0.358917,0.266506,-0.021653,0.358256,0.265031,-0.021603,0.35956,0.267989,-0.046082,0.358701,0.26636,-0.046282,0.357839,0.264674,-0.04636,0.351027,0.2547,0.020979,0.349282,0.252613,-0.09085,0.350682,0.284263,-0.007247,0.350569,0.28408,-0.040696,0.317007,0.286034,0.095729,0.323769,0.291497,-0.143138,0.30338,0.385164,0.120925,0.303091,0.384955,-0.20258,0.307958,0.469287,0.074288,0.303511,0.481278,-0.203948,0.30718,0.493461,0.073932,0.299402,0.504769,-0.226625,0.310978,0.495165,0.053681,0.302156,0.507279,-0.223531,0.311375,0.486593,0.064863,0.303219,0.498688,-0.202674,0.299528,0.46796,0.078359,0.300669,0.467946,-0.078511,0.297178,0.595507,0.064213,0.31867,0.583806,-0.081561,0.273718,0.720366,0.075231,0.337809,0.727537,-0.072225,0.265345,0.747086,0.072256,0.330463,0.75432,-0.073722,0.302163,0.735403,0.016661,0.371543,0.76175,-0.134485
EH_1_Lat_3.23.26,16,573.01,520.96,0,573.01,520.96,0.9831,581.04,520.13,0.9414,0.357987,0.280156,-0.029974,0.36001,0.267938,-0.022448,0.359264,0.266341,-0.022562,0.358609,0.264884,-0.022513,0.359807,0.267766,-0.047125,0.358883,0.266093,-0.047322,0.357973,0.264378,-0.047401,0.351348,0.254573,0.020202,0.349375,0.252339,-0.090971,0.350998,0.284188,-0.00832,0.350713,0.283948,-0.041924,0.317749,0.286195,0.095591,0.323941,0.291674,-0.143401,0.30384,0.385353,0.121006,0.302836,0.385645,-0.201783,0.308422,0.468817,0.073599,0.302625,0.4816,-0.201212,0.308549,0.49324,0.073103,0.298884,0.504699,-0.223035,0.311132,0.495159,0.052222,0.301249,0.507325,-0.219787,0.311585,0.486556,0.063686,0.302396,0.498856,-0.199736,0.301183,0.467946,0.077957,0.300847,0.468037,-0.078101,0.298498,0.595281,0.063581,0.329208,0.58369,-0.082105,0.274003,0.719466,0.067744,0.340237,0.724553,-0.072555,0.265557,0.74636,0.06429,0.333454,0.758875,-0.073886,0.302158,0.734589,0.01137,0.374848,0.761034,-0.134254
EH_1_Lat_3.23.26,17,574.74,521.02,0,574.74,521.02,0.9849,580.98,520.28,0.9404,0.359375,0.279819,-0.03117,0.361314,0.267517,-0.0241,0.360604,0.265984,-0.024215,0.359928,0.264556,-0.024169,0.361133,0.267426,-0.048598,0.360296,0.265845,-0.048797,0.359385,0.264197,-0.048875,0.352573,0.25426,0.018165,0.350622,0.252246,-0.09272,0.352417,0.283753,-0.009815,0.352237,0.283513,-0.04321,0.318748,0.286249,0.093758,0.32418,0.291929,-0.144108,0.304409,0.386026,0.118188,0.30283,0.385976,-0.201208,0.309039,0.469008,0.070655,0.302593,0.481736,-0.199716,0.308626,0.49328,0.069637,0.298938,0.504833,-0.221153,0.311538,0.495769,0.049985,0.301393,0.507581,-0.217975,0.311992,0.487036,0.061106,0.302556,0.498961,-0.198189,0.300476,0.467935,0.078029,0.302229,0.46811,-0.078173,0.298627,0.59501,0.086898,0.335508,0.583821,-0.080107,0.274446,0.71841,0.114679,0.346144,0.724526,-0.069123,0.265669,0.745224,0.113754,0.33945,0.758701,-0.070486,0.302114,0.734138,0.065958,0.38253,0.760807,-0.131626
EH_1_Lat_3.23.26,18,580.84,520.46,0,573.25,522.97,0.9848,580.84,520.46,0.936,0.359749,0.27946,-0.032178,0.361743,0.267252,-0.025242,0.36101,0.26573,-0.025361,0.360328,0.264349,-0.025313,0.36154,0.267111,-0.049421,0.360658,0.265512,-0.049621,0.359727,0.263873,-0.049696,0.353008,0.25415,0.017703,0.35096,0.251989,-0.09277,0.352733,0.283402,-0.010705,0.352495,0.28312,-0.043771,0.319151,0.286267,0.093636,0.324535,0.29211,-0.143871,0.304695,0.386325,0.118054,0.302903,0.386378,-0.201164,0.309064,0.469027,0.071145,0.30252,0.481911,-0.199221,0.308572,0.493307,0.07022,0.298821,0.504994,-0.220589,0.311143,0.495793,0.051129,0.301542,0.507799,-0.217079,0.311757,0.487074,0.061839,0.302788,0.499121,-0.197517,0.300265,0.468164,0.078087,0.305285,0.468407,-0.078232,0.298803,0.594938,0.104916,0.339636,0.583832,-0.071338,0.274969,0.718363,0.140954,0.350374,0.724518,-0.064618,0.266093,0.745219,0.140884,0.343013,0.758017,-0.066368,0.302919,0.734182,0.10063,0.388578,0.761355,-0.127986
EH_1_Lat_3.23.26,19,581.19,520.46,0,575.49,520.98,0.9842,581.19,520.46,0.928,0.361249,0.279205,-0.036863,0.363388,0.267032,-0.030988,0.362674,0.265586,-0.031117,0.361992,0.26425,-0.031071,0.363139,0.266819,-0.054083,0.362304,0.265243,-0.054282,0.361385,0.263605,-0.05435,0.354552,0.254125,0.009833,0.352346,0.251813,-0.095443,0.354114,0.283174,-0.015854,0.35396,0.282824,-0.04756,0.319541,0.286838,0.084522,0.325388,0.292256,-0.14358,0.30476,0.386366,0.109473,0.302939,0.386485,-0.195866,0.308121,0.46921,0.066576,0.302703,0.481907,-0.1893,0.306354,0.49332,0.065244,0.299011,0.50504,-0.208705,0.310241,0.496344,0.0477,0.301801,0.507928,-0.206405,0.311211,0.487544,0.058047,0.303018,0.499207,-0.187965,0.299859,0.468932,0.077413,0.307814,0.469321,-0.077563,0.298942,0.595009,0.116432,0.343699,0.583817,-0.058107,0.275176,0.718333,0.155889,0.354014,0.724017,-0.046131,0.26622,0.745164,0.156306,0.34548,0.756393,-0.047023,0.302929,0.734031,0.119864,0.391798,0.761797,-0.100603
EH_1_Lat_3.23.26,20,582.71,520.37,0,577.43,520.11,0.9837,582.71,520.37,0.9167,0.363234,0.279234,-0.036176,0.36536,0.267049,-0.030295,0.364673,0.265614,-0.030421,0.364014,0.264277,-0.030373,0.365037,0.266836,-0.053553,0.36425,0.265271,-0.053753,0.363415,0.263631,-0.053821,0.356431,0.254134,0.01019,0.354534,0.251828,-0.095501,0.355958,0.283183,-0.015318,0.355929,0.282837,-0.047203,0.321571,0.287701,0.085236,0.326824,0.292281,-0.143371,0.306954,0.388437,0.111565,0.303426,0.386756,-0.195601,0.309349,0.469736,0.068394,0.303495,0.481822,-0.189426,0.307448,0.493688,0.067316,0.299723,0.50482,-0.208884,0.310384,0.497044,0.049539,0.302216,0.507967,-0.206464,0.311536,0.488046,0.059755,0.303599,0.499144,-0.188046,0.299834,0.469665,0.077456,0.309017,0.469887,-0.077605,0.29897,0.595171,0.121614,0.347096,0.583802,-0.05799,0.275318,0.71836,0.15932,0.356131,0.723781,-0.047759,0.266257,0.745194,0.15958,0.347031,0.755641,-0.048775,0.302909,0.733933,0.122369,0.393613,0.7618,-0.101716
EH_1_Lat_3.23.26,21,584.22,520.49,0,581.8,519.05,0.9814,584.22,520.49,0.9128,0.365616,0.279335,-0.036157,0.367558,0.267108,-0.030397,0.36683,0.26567,-0.030523,0.366089,0.264326,-0.030476,0.367404,0.266909,-0.053646,0.366678,0.265356,-0.053847,0.365854,0.263724,-0.053915,0.35839,0.254138,0.009205,0.356823,0.251928,-0.096157,0.358133,0.283276,-0.015633,0.358214,0.282949,-0.047457,0.323156,0.288163,0.08371,0.328747,0.292605,-0.143303,0.307947,0.388464,0.108559,0.304767,0.386792,-0.194152,0.31034,0.469954,0.06257,0.304281,0.481937,-0.188337,0.308469,0.493695,0.060582,0.300532,0.504981,-0.207923,0.312281,0.497271,0.0428,0.303862,0.508102,-0.205808,0.313109,0.488346,0.053791,0.304319,0.499268,-0.187119,0.300547,0.469671,0.077094,0.310178,0.469918,-0.077245,0.299398,0.595187,0.120993,0.349536,0.584055,-0.057505,0.275408,0.718279,0.152962,0.35778,0.723786,-0.048891,0.266234,0.744943,0.152577,0.347913,0.75549,-0.050024,0.303137,0.733685,0.115889,0.395027,0.761806,-0.102668
EH_1_Lat_3.23.26,22,585.78,520.61,0,581.99,521.1,0.9812,585.78,520.61,0.9146,0.367236,0.279327,-0.037809,0.369353,0.267116,-0.03178,0.368674,0.265678,-0.031906,0.367983,0.264333,-0.031859,0.369137,0.266906,-0.054973,0.368337,0.265342,-0.055176,0.367417,0.263695,-0.055248,0.360273,0.254137,0.008614,0.358138,0.251861,-0.096638,0.360004,0.283279,-0.017065,0.359878,0.282924,-0.048793,0.325326,0.289008,0.08418,0.330554,0.292766,-0.143673,0.308969,0.389124,0.108706,0.3062,0.387299,-0.194069,0.311491,0.471649,0.061023,0.305095,0.48205,-0.187781,0.309265,0.49403,0.059007,0.301018,0.504983,-0.207608,0.312389,0.497613,0.040875,0.30536,0.508158,-0.205344,0.31339,0.488769,0.052056,0.305623,0.499375,-0.186459,0.301382,0.46971,0.077172,0.310645,0.469769,-0.077323,0.29954,0.595197,0.119309,0.351534,0.584059,-0.058344,0.27564,0.718297,0.148816,0.358987,0.723775,-0.050049,0.266301,0.744969,0.14822,0.348542,0.755296,-0.051125,0.303433,0.734617,0.11084,0.396367,0.761689,-0.10271
EH_1_Lat_3.23.26,23,589.06,520.71,0,588.54,519.05,0.9828,589.06,520.71,0.916,0.368906,0.27937,-0.038766,0.370991,0.267131,-0.033105,0.370276,0.265692,-0.033235,0.369534,0.264342,-0.033191,0.370856,0.266924,-0.05613,0.370058,0.265365,-0.056332,0.369134,0.263717,-0.056402,0.361664,0.254134,0.005966,0.359758,0.251881,-0.09833,0.361701,0.28329,-0.018488,0.361556,0.282929,-0.049972,0.327239,0.289698,0.080429,0.33216,0.293251,-0.143789,0.309959,0.389705,0.103586,0.308011,0.388116,-0.190611,0.312362,0.472359,0.055341,0.306804,0.48214,-0.180361,0.310046,0.494881,0.052839,0.302429,0.504925,-0.199315,0.312817,0.497825,0.035504,0.307649,0.508128,-0.197623,0.314052,0.489094,0.04671,0.308567,0.499463,-0.179116,0.303926,0.469737,0.076657,0.312968,0.469825,-0.076809,0.300265,0.595253,0.11816,0.353439,0.584225,-0.05894,0.275968,0.718309,0.147135,0.35992,0.723857,-0.05189,0.266304,0.74475,0.146697,0.348926,0.754967,-0.053161,0.303937,0.734743,0.110293,0.396893,0.762311,-0.103477
EH_1_Lat_3.23.26,24,592.51,522.08,0,591.48,518.23,0.9814,592.51,522.08,0.907,0.370636,0.27939,-0.040944,0.372624,0.267184,-0.035462,0.371963,0.265768,-0.035594,0.371285,0.264434,-0.035549,0.372375,0.266956,-0.058228,0.371497,0.265387,-0.058429,0.370475,0.263727,-0.058496,0.363235,0.254197,0.003316,0.360856,0.251892,-0.099987,0.363376,0.283355,-0.020739,0.363039,0.282955,-0.051921,0.32825,0.290061,0.077671,0.333788,0.294211,-0.143814,0.311122,0.390825,0.101706,0.309669,0.389822,-0.189791,0.312761,0.47424,0.056055,0.3086,0.483403,-0.179314,0.31127,0.497148,0.054047,0.304386,0.506147,-0.198062,0.313561,0.500025,0.036858,0.309918,0.508749,-0.196202,0.314859,0.49201,0.0476,0.310248,0.500772,-0.178018,0.304626,0.470061,0.076209,0.315006,0.470415,-0.07636,0.300391,0.595663,0.119654,0.35552,0.584433,-0.057357,0.276151,0.718332,0.152255,0.36083,0.723922,-0.04645,0.266317,0.745101,0.152194,0.349608,0.754827,-0.047201,0.303939,0.734708,0.116545,0.397332,0.762142,-0.096221
EH_1_Lat_3.23.26,25,597.69,522.32,0,597.77,517.82,0.9836,597.69,522.32,0.9044,0.371806,0.280055,-0.040585,0.373843,0.267772,-0.035265,0.373173,0.266338,-0.035395,0.372468,0.264961,-0.035348,0.373686,0.267625,-0.058377,0.372916,0.266115,-0.058577,0.372004,0.26449,-0.058644,0.364576,0.25454,0.002676,0.362627,0.252661,-0.102564,0.364569,0.283947,-0.020579,0.364421,0.283594,-0.052207,0.329206,0.290644,0.077459,0.335381,0.295358,-0.145916,0.312496,0.391937,0.102155,0.312129,0.391484,-0.190112,0.314971,0.476138,0.055817,0.311297,0.483629,-0.180253,0.313183,0.499387,0.053934,0.307167,0.50628,-0.199392,0.315663,0.501164,0.0365,0.312823,0.508978,-0.197275,0.316826,0.49427,0.047257,0.313748,0.501008,-0.178858,0.305161,0.470838,0.076297,0.315529,0.470936,-0.076447,0.300745,0.59601,0.124597,0.357095,0.584703,-0.054823,0.276341,0.718383,0.162974,0.361844,0.723916,-0.038556,0.266353,0.744965,0.163516,0.350669,0.753875,-0.038837,0.304025,0.734719,0.127527,0.397509,0.762119,-0.088581
EH_1_Lat_3.23.26,26,600.68,523.06,0,599.97,519.56,0.9831,600.68,523.06,0.9076,0.373737,0.280361,-0.040694,0.375565,0.268052,-0.035689,0.374851,0.266617,-0.035818,0.374173,0.265239,-0.03577,0.375474,0.267895,-0.058792,0.37476,0.266396,-0.058994,0.374014,0.264794,-0.059061,0.366511,0.254786,0.00108,0.365325,0.253279,-0.103892,0.366437,0.28431,-0.021031,0.366413,0.283934,-0.052622,0.330758,0.291166,0.075624,0.337365,0.296027,-0.147608,0.313588,0.391932,0.099903,0.314462,0.392544,-0.190429,0.316467,0.475913,0.054217,0.312857,0.484314,-0.180184,0.31496,0.49928,0.052297,0.308476,0.506407,-0.199509,0.317082,0.501054,0.034559,0.314035,0.509184,-0.197668,0.318423,0.494018,0.045544,0.315338,0.501435,-0.178882,0.306832,0.470878,0.076305,0.316097,0.471061,-0.076456,0.301828,0.596632,0.123396,0.358564,0.585155,-0.055845,0.276328,0.718523,0.158623,0.362372,0.723942,-0.040867,0.266342,0.744916,0.158766,0.35142,0.753629,-0.041249,0.303385,0.735493,0.122721,0.397709,0.762012,-0.090494
EH_1_Lat_3.23.26,27,605.43,524.03,0,605.19,521.46,0.9838,605.43,524.03,0.913,0.375118,0.280771,-0.040346,0.377152,0.268466,-0.03542,0.37646,0.267041,-0.035547,0.375781,0.265655,-0.035496,0.377097,0.268335,-0.058422,0.376406,0.266873,-0.058624,0.37566,0.265307,-0.05869,0.368138,0.255039,0.00083,0.36689,0.25382,-0.103447,0.367977,0.284607,-0.02079,0.367917,0.284243,-0.052256,0.331794,0.291435,0.075664,0.339129,0.297342,-0.147478,0.315428,0.39273,0.100244,0.31709,0.39397,-0.188426,0.31811,0.477789,0.054875,0.31533,0.485212,-0.176814,0.31676,0.501303,0.053418,0.310451,0.507213,-0.196096,0.318774,0.503045,0.035488,0.316262,0.510128,-0.194207,0.320158,0.49608,0.046211,0.317882,0.502482,-0.175479,0.307009,0.470874,0.07592,0.316474,0.471063,-0.076071,0.302701,0.596635,0.122138,0.359697,0.585505,-0.052375,0.276395,0.718664,0.155098,0.362891,0.724145,-0.028608,0.266394,0.745239,0.154967,0.351799,0.753483,-0.028099,0.303262,0.735331,0.118324,0.398077,0.762044,-0.076074
EH_1_Lat_3.23.26,28,610.9,523.99,0,608.99,520.51,0.9843,610.9,523.99,0.9141,0.376022,0.281501,-0.034851,0.378361,0.269382,-0.029569,0.377675,0.267972,-0.029687,0.377002,0.266614,-0.029635,0.378319,0.269202,-0.052588,0.377617,0.267739,-0.052787,0.376867,0.266183,-0.052848,0.369769,0.256187,0.007222,0.368501,0.254932,-0.097243,0.369134,0.285185,-0.015279,0.368996,0.284817,-0.046768,0.333391,0.291799,0.081628,0.342104,0.297743,-0.144331,0.316977,0.392636,0.10596,0.319017,0.393963,-0.188047,0.318758,0.477305,0.062445,0.318179,0.485175,-0.176138,0.317517,0.499634,0.061717,0.314611,0.507165,-0.195207,0.319256,0.501609,0.044741,0.319593,0.510038,-0.19281,0.320517,0.495052,0.054221,0.31986,0.502318,-0.174589,0.308324,0.470704,0.075935,0.318923,0.471093,-0.076086,0.303856,0.596613,0.12187,0.360591,0.585879,-0.053443,0.276662,0.718679,0.150036,0.362867,0.724582,-0.049184,0.266566,0.745251,0.149478,0.351829,0.753383,-0.050918,0.303385,0.734751,0.115792,0.398009,0.762669,-0.098218
EH_1_Lat_3.23.26,29,614.35,524.28,0,611.5,520.31,0.9842,614.35,524.28,0.9122,0.377626,0.2817,-0.03667,0.380096,0.269644,-0.03166,0.379451,0.268266,-0.031784,0.378873,0.266977,-0.03173,0.379743,0.269416,-0.054396,0.378823,0.267941,-0.054596,0.37791,0.266392,-0.054657,0.371599,0.256868,0.004941,0.369112,0.255155,-0.098447,0.370694,0.285621,-0.017127,0.370136,0.285258,-0.048292,0.335475,0.291864,0.078769,0.343501,0.299703,-0.14478,0.318809,0.392483,0.104481,0.320445,0.394655,-0.188413,0.319156,0.476257,0.062855,0.319975,0.485441,-0.176889,0.318467,0.498132,0.062119,0.316372,0.507547,-0.195884,0.320373,0.500314,0.044905,0.320596,0.510208,-0.193333,0.32179,0.493623,0.054559,0.321586,0.502358,-0.175302,0.31091,0.470715,0.07596,0.320986,0.47163,-0.076109,0.304083,0.596771,0.13044,0.361952,0.586589,-0.054554,0.276838,0.718522,0.169851,0.363098,0.725741,-0.04932,0.26682,0.744578,0.170537,0.351995,0.753645,-0.05097,0.303479,0.734395,0.137773,0.398663,0.763211,-0.098635
EH_1_Lat_3.23.26,30,619.46,526.26,0,617.19,527.3,0.9848,619.46,526.26,0.9129,0.380288,0.282084,-0.038951,0.382356,0.27005,-0.034615,0.381724,0.268672,-0.034741,0.381096,0.267369,-0.034687,0.382214,0.269864,-0.057316,0.381485,0.268434,-0.057515,0.38069,0.266938,-0.057573,0.37369,0.257289,-0.000235,0.372158,0.256079,-0.103426,0.373452,0.285926,-0.019995,0.373177,0.28559,-0.051085,0.336782,0.29219,0.072342,0.346201,0.300602,-0.147101,0.319408,0.392871,0.097981,0.322312,0.395688,-0.188705,0.31943,0.477003,0.058634,0.322636,0.487281,-0.173212,0.317938,0.49891,0.058007,0.319454,0.509443,-0.191374,0.320986,0.500449,0.041166,0.324076,0.51204,-0.189057,0.322346,0.494516,0.050607,0.324288,0.504584,-0.171578,0.311789,0.470805,0.075678,0.323041,0.472924,-0.075827,0.304007,0.597562,0.136589,0.363264,0.587093,-0.047103,0.276881,0.718668,0.180071,0.363523,0.726067,-0.033624,0.266971,0.744752,0.181247,0.352755,0.753553,-0.034193,0.303474,0.734324,0.150391,0.399093,0.763291,-0.080023
EH_1_Lat_3.23.26,31,623.13,529.44,0,620.56,529.94,0.9804,623.13,529.44,0.9167,0.382453,0.282687,-0.0375,0.384278,0.270638,-0.033606,0.383586,0.269223,-0.033733,0.382871,0.267876,-0.033678,0.384258,0.270508,-0.056061,0.383586,0.269113,-0.056257,0.382824,0.267664,-0.056312,0.375465,0.257762,0.000945,0.374267,0.2571,-0.1033,0.375455,0.286379,-0.019355,0.375315,0.286138,-0.05012,0.338216,0.292174,0.07342,0.347997,0.300968,-0.146916,0.32159,0.393941,0.098709,0.324137,0.396065,-0.188144,0.321279,0.478914,0.059376,0.324546,0.49022,-0.172739,0.320102,0.501036,0.058815,0.32094,0.512967,-0.191412,0.322948,0.503239,0.041768,0.325915,0.515297,-0.189034,0.32436,0.49672,0.051267,0.326178,0.507916,-0.171158,0.312985,0.470859,0.075316,0.324416,0.473752,-0.075465,0.303975,0.59844,0.142413,0.364904,0.587539,-0.045682,0.276866,0.719007,0.192389,0.36382,0.726279,-0.031793,0.267023,0.745084,0.194266,0.352929,0.753476,-0.032254,0.303456,0.734377,0.164664,0.399417,0.763791,-0.078193
EH_1_Lat_3.23.26,32,628.69,534.83,0,625.29,533.56,0.9798,628.69,534.83,0.9209,0.385331,0.282895,-0.038413,0.386937,0.270866,-0.034771,0.386215,0.269432,-0.0349,0.385468,0.268065,-0.034843,0.386847,0.270764,-0.057031,0.386072,0.269357,-0.057226,0.385169,0.267891,-0.057281,0.377856,0.258073,-0.00249,0.376311,0.257553,-0.104468,0.378158,0.286569,-0.020564,0.378018,0.286369,-0.051062,0.34022,0.29229,0.068889,0.350735,0.303198,-0.14715,0.323508,0.395933,0.095927,0.326651,0.398207,-0.185976,0.322482,0.485936,0.059545,0.327444,0.495212,-0.167118,0.31983,0.507909,0.059215,0.32403,0.519275,-0.185514,0.32381,0.50932,0.042164,0.32851,0.522091,-0.18339,0.325244,0.504173,0.051578,0.329587,0.514359,-0.16558,0.313309,0.470812,0.074771,0.325664,0.474423,-0.074919,0.303849,0.59899,0.14592,0.366127,0.588357,-0.042115,0.276843,0.719236,0.196256,0.364517,0.72723,-0.019175,0.267016,0.745097,0.198025,0.353318,0.753577,-0.018696,0.303406,0.734387,0.167162,0.399711,0.765235,-0.064049
EH_1_Lat_3.23.26,33,631.34,537.18,0,630.19,534.13,0.9807,631.34,537.18,0.9274,0.386433,0.283431,-0.041431,0.388347,0.271469,-0.037726,0.387628,0.270032,-0.037854,0.386947,0.268685,-0.037797,0.388132,0.271276,-0.059368,0.387224,0.269801,-0.059563,0.386264,0.268265,-0.059614,0.379448,0.258767,-0.005313,0.3772,0.257805,-0.104703,0.379332,0.287102,-0.023491,0.378869,0.286826,-0.053201,0.341906,0.292717,0.065715,0.352938,0.304478,-0.147069,0.324913,0.39688,0.093096,0.328587,0.400546,-0.184192,0.322802,0.486553,0.059656,0.328825,0.497391,-0.166112,0.319574,0.507859,0.059507,0.32538,0.521859,-0.184677,0.323978,0.509855,0.04249,0.330196,0.525283,-0.182556,0.325514,0.504183,0.051818,0.331006,0.517187,-0.164585,0.313756,0.470806,0.074013,0.326582,0.475055,-0.074161,0.303636,0.59917,0.149463,0.367411,0.589359,-0.041869,0.276874,0.71922,0.201266,0.365033,0.728009,-0.019533,0.267193,0.744474,0.203346,0.353376,0.753865,-0.018956,0.30339,0.734225,0.176414,0.399666,0.765833,-0.061363
EH_1_Lat_3.23.26,34,634.27,538.87,0,634.82,534.21,0.9773,634.27,538.87,0.9339,0.388601,0.283899,-0.044199,0.390506,0.272081,-0.040398,0.389808,0.270699,-0.040521,0.38911,0.269369,-0.040464,0.390327,0.271872,-0.061779,0.389438,0.270417,-0.061977,0.388459,0.268841,-0.062029,0.381546,0.259628,-0.00794,0.379374,0.258443,-0.105851,0.381388,0.287814,-0.026258,0.381024,0.287519,-0.055604,0.34405,0.293323,0.064275,0.35497,0.304803,-0.14801,0.327073,0.397674,0.091736,0.330427,0.402106,-0.184869,0.325669,0.485811,0.059093,0.330349,0.498955,-0.168683,0.321743,0.507091,0.059133,0.326102,0.523273,-0.18767,0.325702,0.509157,0.041903,0.331321,0.527018,-0.185498,0.327659,0.503275,0.051223,0.332318,0.519098,-0.167202,0.314972,0.470563,0.073604,0.3274,0.475014,-0.073754,0.303599,0.599269,0.144748,0.368007,0.590124,-0.044217,0.276869,0.719224,0.193063,0.365278,0.728362,-0.023174,0.267188,0.744448,0.194721,0.353289,0.753985,-0.02278,0.303397,0.73423,0.165817,0.399602,0.76822,-0.066642
EH_1_Lat_3.23.26,35,640.48,540.51,0,640.51,535.11,0.9769,640.48,540.51,0.9395,0.391141,0.284522,-0.045193,0.393113,0.272552,-0.041376,0.39237,0.271156,-0.041499,0.39161,0.269801,-0.041443,0.392988,0.272357,-0.06274,0.392083,0.270891,-0.062939,0.391103,0.269292,-0.062994,0.383779,0.260097,-0.009396,0.381577,0.258972,-0.106716,0.383917,0.288624,-0.027362,0.3836,0.288298,-0.056646,0.347031,0.294153,0.062844,0.357225,0.305595,-0.148216,0.329537,0.39913,0.090313,0.332872,0.403279,-0.184265,0.327257,0.487904,0.057253,0.333582,0.500476,-0.167829,0.323584,0.507801,0.057419,0.329481,0.524715,-0.186841,0.328136,0.511027,0.040019,0.334414,0.52828,-0.184717,0.32988,0.504695,0.049398,0.335726,0.520266,-0.166343,0.315543,0.470465,0.072633,0.328052,0.475078,-0.07278,0.303325,0.599004,0.140853,0.368741,0.591065,-0.04519,0.276858,0.719173,0.18422,0.365601,0.728826,-0.022855,0.26722,0.744463,0.185278,0.353234,0.754028,-0.022285,0.303346,0.734247,0.155042,0.399532,0.769271,-0.06471
EH_1_Lat_3.23.26,36,644.85,542.55,0,644.55,536.35,0.9747,644.85,542.55,0.9449,0.393507,0.285085,-0.050223,0.395033,0.27301,-0.046532,0.39424,0.271564,-0.046655,0.39356,0.270195,-0.046604,0.3948,0.272818,-0.067349,0.393837,0.271316,-0.067552,0.392911,0.269706,-0.067619,0.385477,0.260646,-0.016167,0.383209,0.259597,-0.110444,0.386289,0.289341,-0.033046,0.385821,0.288998,-0.061506,0.349748,0.295164,0.055325,0.359286,0.306814,-0.150114,0.331279,0.39952,0.080767,0.334457,0.405176,-0.18446,0.328707,0.489036,0.046114,0.335858,0.502357,-0.167594,0.324923,0.508572,0.046403,0.331409,0.526089,-0.186309,0.329868,0.512412,0.028084,0.336035,0.529634,-0.183996,0.331579,0.50587,0.037903,0.337595,0.521923,-0.165958,0.316596,0.47029,0.069556,0.329194,0.475142,-0.069704,0.302306,0.598989,0.126443,0.369171,0.592612,-0.044004,0.27684,0.71918,0.152877,0.365761,0.729207,-0.012998,0.267251,0.744289,0.152105,0.353167,0.754286,-0.011367,0.300214,0.734105,0.118994,0.399448,0.770274,-0.050547
EH_1_Lat_3.23.26,37,650.94,542.23,0,649.41,538.57,0.9758,650.94,542.23,0.9497,0.395525,0.285973,-0.048844,0.397149,0.27376,-0.0449,0.396396,0.272338,-0.045026,0.395811,0.270971,-0.044976,0.396661,0.273442,-0.066088,0.395686,0.271901,-0.066292,0.394815,0.270226,-0.066359,0.387267,0.261166,-0.013657,0.385122,0.26002,-0.109602,0.388207,0.290522,-0.031418,0.38754,0.289995,-0.06037,0.351929,0.296663,0.057858,0.360485,0.307953,-0.149927,0.332759,0.400208,0.083587,0.336593,0.406627,-0.183522,0.329713,0.488551,0.048141,0.33903,0.502064,-0.166089,0.326976,0.508324,0.048366,0.335992,0.525372,-0.184597,0.331517,0.512089,0.03039,0.339819,0.528575,-0.181567,0.33315,0.505372,0.039995,0.340947,0.520919,-0.164139,0.317685,0.470209,0.069011,0.329918,0.475321,-0.069156,0.301389,0.598789,0.124544,0.370329,0.593053,-0.043743,0.276817,0.718743,0.151509,0.365859,0.729599,-0.017418,0.267213,0.742986,0.151085,0.353068,0.754443,-0.016318,0.300222,0.734862,0.119463,0.399389,0.771555,-0.055581
EH_1_Lat_3.23.26,38,657.12,541.85,0,656.15,540.56,0.9766,657.12,541.85,0.9541,0.398046,0.286569,-0.050869,0.399269,0.274103,-0.04662,0.398453,0.272674,-0.046743,0.397812,0.271306,-0.04669,0.398836,0.273783,-0.068068,0.397812,0.272233,-0.068272,0.396907,0.270567,-0.068345,0.388836,0.261596,-0.014719,0.38691,0.260606,-0.111747,0.390833,0.291316,-0.033254,0.390302,0.290799,-0.062528,0.354073,0.298141,0.058974,0.362198,0.309217,-0.152096,0.334033,0.401908,0.086275,0.338076,0.407547,-0.18353,0.331744,0.487842,0.048348,0.342253,0.501714,-0.164311,0.328379,0.508847,0.048637,0.340859,0.52469,-0.182966,0.33242,0.51225,0.030173,0.343877,0.527626,-0.178681,0.334273,0.50523,0.03996,0.344946,0.519858,-0.161714,0.31912,0.470075,0.069025,0.330673,0.475342,-0.069162,0.300078,0.598758,0.115524,0.369518,0.592914,-0.044342,0.276696,0.718327,0.140453,0.365901,0.729889,-0.010386,0.267,0.741708,0.139797,0.352993,0.754548,-0.007732,0.284934,0.737395,0.103797,0.399071,0.771501,-0.048646
EH_1_Lat_3.23.26,39,662.5,544.33,0,661.99,541.96,0.9763,662.5,544.33,0.9581,0.40066,0.286793,-0.057002,0.401896,0.274244,-0.051794,0.401128,0.272863,-0.051914,0.400521,0.271544,-0.051865,0.401241,0.273803,-0.073389,0.400116,0.272226,-0.073589,0.399069,0.270542,-0.073664,0.391041,0.262116,-0.017356,0.388532,0.260775,-0.114859,0.393756,0.292102,-0.038758,0.39296,0.291535,-0.068155,0.356255,0.300852,0.058291,0.364437,0.311495,-0.155111,0.335081,0.40309,0.08528,0.339861,0.409011,-0.183733,0.333599,0.487257,0.04311,0.345053,0.504009,-0.165695,0.332062,0.509144,0.042639,0.343563,0.526728,-0.184579,0.333941,0.51212,0.023939,0.346717,0.528812,-0.180593,0.335792,0.504957,0.034493,0.347551,0.521167,-0.163207,0.319954,0.470151,0.069023,0.331507,0.475942,-0.069155,0.299429,0.598499,0.113786,0.371152,0.593503,-0.045292,0.27611,0.717563,0.137221,0.366187,0.730314,-0.010081,0.265915,0.739632,0.136393,0.352928,0.754685,-0.007621,0.288439,0.737907,0.100845,0.399061,0.771993,-0.047789
EH_1_Lat_3.23.26,40,664.81,544.41,0,665.84,539.13,0.9748,664.81,544.41,0.9618,0.403127,0.286727,-0.059842,0.403562,0.274203,-0.05313,0.402916,0.272832,-0.053244,0.40237,0.271505,-0.053193,0.402947,0.273773,-0.075182,0.401842,0.272205,-0.075379,0.400553,0.270503,-0.075452,0.392857,0.262368,-0.014527,0.389842,0.260845,-0.1135,0.395773,0.292628,-0.039785,0.39516,0.291951,-0.06971,0.358473,0.302958,0.058727,0.365452,0.312496,-0.154482,0.337658,0.403114,0.088363,0.340337,0.409578,-0.183701,0.339535,0.485629,0.045297,0.346257,0.504079,-0.166037,0.340197,0.506272,0.044136,0.345217,0.526325,-0.185378,0.340824,0.509029,0.024736,0.349326,0.528049,-0.181106,0.342012,0.503468,0.03623,0.349558,0.520466,-0.163347,0.322816,0.470354,0.069324,0.330629,0.476015,-0.069454,0.300452,0.598516,0.089355,0.370146,0.593319,-0.056385,0.275177,0.717052,0.112305,0.366215,0.731547,-0.013673,0.264532,0.738494,0.11171,0.352907,0.75549,-0.010658,0.280263,0.738363,0.073687,0.398921,0.772438,-0.052775
EH_1_Lat_3.23.26,41,671.45,547.13,0,670.53,544.25,0.9749,671.45,547.13,0.9639,0.405682,0.286481,-0.056517,0.4059,0.274061,-0.050432,0.40514,0.272668,-0.050551,0.404462,0.271269,-0.050503,0.405502,0.27366,-0.072556,0.40449,0.272093,-0.072753,0.403304,0.27032,-0.072825,0.394608,0.262291,-0.013641,0.392927,0.260787,-0.112966,0.39834,0.292576,-0.037324,0.397976,0.29191,-0.067362,0.358751,0.306088,0.060258,0.367499,0.314618,-0.154079,0.337946,0.40501,0.088034,0.34312,0.411944,-0.182798,0.339553,0.487465,0.043532,0.349713,0.506601,-0.161643,0.338206,0.508876,0.042248,0.349398,0.528309,-0.180355,0.340906,0.510147,0.02359,0.353005,0.529709,-0.176215,0.341954,0.50526,0.034756,0.353197,0.52148,-0.158962,0.321991,0.470386,0.069166,0.332777,0.476351,-0.0693,0.300182,0.597663,0.093289,0.371938,0.594426,-0.045101,0.273419,0.716733,0.121525,0.36674,0.732657,-0.008045,0.26133,0.738108,0.120831,0.352866,0.755844,-0.005764,0.284149,0.73873,0.081498,0.39888,0.774597,-0.04294
EH_1_Lat_3.23.26,42,672.16,552.17,0,673.8,549.86,0.9791,672.16,552.17,0.9661,0.407678,0.286458,-0.056326,0.407768,0.273886,-0.050138,0.407,0.272536,-0.05026,0.40626,0.271176,-0.050217,0.407366,0.273524,-0.072028,0.406253,0.272003,-0.07222,0.404928,0.27027,-0.072292,0.396069,0.262713,-0.013377,0.394205,0.261434,-0.1122,0.400328,0.292926,-0.037446,0.399949,0.2923,-0.067139,0.360194,0.309478,0.061206,0.368693,0.317616,-0.153667,0.338786,0.407211,0.089242,0.344831,0.415532,-0.181386,0.338237,0.494461,0.045321,0.350085,0.51127,-0.157972,0.33658,0.513563,0.044348,0.347886,0.534294,-0.176166,0.340833,0.510425,0.026521,0.351627,0.53515,-0.172808,0.342097,0.505876,0.036966,0.352316,0.526915,-0.155549,0.321718,0.470983,0.069383,0.33406,0.478288,-0.069518,0.299872,0.597472,0.133623,0.373504,0.595028,-0.030922,0.271156,0.715602,0.184299,0.367492,0.734554,0.002156,0.257734,0.736521,0.186546,0.352979,0.756379,0.004189,0.286666,0.739461,0.162742,0.398878,0.776863,-0.030379
EH_1_Lat_3.23.26,43,673.99,555.54,0,676.65,551.63,0.9827,673.99,555.54,0.9675,0.410245,0.286347,-0.054551,0.409924,0.2737,-0.0487,0.409231,0.272414,-0.048822,0.408497,0.271075,-0.048775,0.409599,0.273428,-0.070766,0.408611,0.271977,-0.070962,0.407296,0.270256,-0.071032,0.398036,0.263052,-0.012304,0.396443,0.262137,-0.111888,0.402678,0.293021,-0.035695,0.40237,0.292474,-0.065576,0.361636,0.310476,0.062001,0.370644,0.319476,-0.152445,0.339064,0.408393,0.090166,0.346485,0.417532,-0.175335,0.337567,0.493401,0.045811,0.351038,0.514391,-0.148768,0.335154,0.513409,0.044645,0.349072,0.537271,-0.166036,0.33923,0.511425,0.028085,0.352432,0.538318,-0.163055,0.340482,0.507064,0.038037,0.353183,0.529926,-0.146427,0.322012,0.471915,0.069028,0.335235,0.479914,-0.069169,0.299758,0.59754,0.133754,0.374654,0.5967,-0.024791,0.268255,0.714414,0.181776,0.367707,0.7358,0.010834,0.254156,0.73508,0.183889,0.35295,0.757119,0.013346,0.287529,0.740781,0.160131,0.398851,0.778135,-0.019058
EH_1_Lat_3.23.26,44,678.66,552.41,0,678.66,552.41,0.9832,675.95,557.82,0.9688,0.41192,0.286042,-0.054329,0.411224,0.273088,-0.048277,0.410466,0.271899,-0.048402,0.409673,0.270617,-0.048357,0.410912,0.272907,-0.070431,0.409816,0.271573,-0.070624,0.40848,0.269969,-0.070696,0.399365,0.263211,-0.011884,0.397714,0.262481,-0.111791,0.404672,0.292959,-0.03564,0.404362,0.292446,-0.065705,0.363494,0.312408,0.062686,0.372274,0.321662,-0.152796,0.339812,0.410394,0.0906,0.347404,0.419651,-0.176336,0.340196,0.493786,0.046217,0.352058,0.516503,-0.150595,0.336425,0.517683,0.045311,0.350703,0.540145,-0.168397,0.341451,0.512883,0.028712,0.354099,0.540745,-0.165576,0.342643,0.508602,0.038478,0.35457,0.531388,-0.148353,0.322333,0.472577,0.069179,0.336548,0.48147,-0.069322,0.29975,0.597623,0.145501,0.375632,0.597855,-0.026989,0.2654,0.712368,0.199534,0.367565,0.737215,0.005648,0.250834,0.731705,0.202108,0.352924,0.759247,0.007611,0.286409,0.741134,0.177907,0.398761,0.778048,-0.028533
EH_1_Lat_3.23.26,45,682.21,550.38,0,682.21,550.38,0.9822,678.1,558.61,0.9707,0.412837,0.285571,-0.054237,0.411754,0.272397,-0.048123,0.410872,0.271334,-0.048248,0.410042,0.270207,-0.048207,0.411242,0.272142,-0.070441,0.409947,0.270912,-0.07063,0.408521,0.26946,-0.070699,0.399996,0.263302,-0.011781,0.398128,0.262574,-0.11239,0.405489,0.292897,-0.035623,0.404929,0.292409,-0.065918,0.363594,0.313065,0.063226,0.37387,0.322382,-0.154474,0.340367,0.412511,0.093487,0.349989,0.42055,-0.177313,0.339765,0.494416,0.054358,0.353178,0.517231,-0.149174,0.337395,0.517736,0.054164,0.35178,0.540858,-0.166694,0.340514,0.5153,0.036492,0.354961,0.54203,-0.164224,0.341917,0.512257,0.046159,0.355416,0.532456,-0.14695,0.32276,0.473114,0.06921,0.33784,0.482235,-0.069353,0.29988,0.597602,0.144456,0.375928,0.599191,-0.022694,0.262594,0.70949,0.19605,0.367603,0.738613,0.010325,0.247622,0.728052,0.198512,0.35295,0.760211,0.012357,0.283244,0.742617,0.174831,0.398749,0.779217,-0.022379
EH_1_Lat_3.23.26,46,685.76,551.72,0,685.76,551.72,0.9817,679.46,559.76,0.9729,0.413466,0.285181,-0.05346,0.412457,0.271873,-0.047744,0.411473,0.27092,-0.047868,0.410568,0.269884,-0.047826,0.411962,0.271673,-0.069883,0.410574,0.270579,-0.070075,0.409068,0.26926,-0.070144,0.40068,0.263774,-0.010104,0.398429,0.26336,-0.112029,0.406515,0.292845,-0.034837,0.406004,0.292391,-0.065123,0.365223,0.315139,0.068013,0.375077,0.324323,-0.15409,0.341661,0.414003,0.101405,0.350615,0.421087,-0.175616,0.341009,0.497835,0.060392,0.353883,0.518294,-0.1463,0.338553,0.519436,0.059881,0.352515,0.542023,-0.164178,0.340574,0.519182,0.041773,0.355494,0.543529,-0.161491,0.342166,0.514258,0.051882,0.355963,0.534339,-0.143888,0.323763,0.473819,0.069587,0.33888,0.48304,-0.069731,0.300008,0.597926,0.140476,0.376105,0.602059,-0.016968,0.258755,0.708011,0.187369,0.367506,0.739354,0.022777,0.244284,0.725421,0.189297,0.352923,0.761138,0.025442,0.279832,0.744318,0.164489,0.398508,0.780047,-0.008354
EH_1_Lat_3.23.26,47,688.89,555.0,0,688.89,555.0,0.9828,683.12,561.11,0.9749,0.414182,0.28478,-0.053212,0.412559,0.271418,-0.047248,0.411606,0.270539,-0.047372,0.410737,0.269581,-0.04733,0.411963,0.271213,-0.069516,0.410569,0.270193,-0.069707,0.409125,0.268972,-0.069776,0.400839,0.263961,-0.009948,0.39896,0.263668,-0.111651,0.407092,0.292827,-0.034484,0.406467,0.292413,-0.064953,0.365721,0.316509,0.068452,0.375878,0.325979,-0.154728,0.342379,0.415153,0.102565,0.351756,0.423556,-0.175228,0.341522,0.496967,0.062525,0.355791,0.519547,-0.143219,0.338175,0.522284,0.062165,0.354709,0.543831,-0.161057,0.341596,0.521357,0.043844,0.358564,0.545638,-0.158308,0.342825,0.515447,0.053918,0.358365,0.535949,-0.140731,0.324582,0.474693,0.0701,0.33952,0.484048,-0.070237,0.300306,0.598092,0.144626,0.376492,0.603523,-0.022203,0.256638,0.704132,0.201332,0.367433,0.740987,0.013759,0.241569,0.720022,0.204574,0.352893,0.762615,0.016092,0.277533,0.744466,0.183949,0.398509,0.781737,-0.018566
EH_1_Lat_3.23.26,48,690.54,555.05,0,690.54,555.05,0.9824,685.6,561.81,0.9765,0.414944,0.283719,-0.059739,0.413028,0.270396,-0.053452,0.41207,0.269695,-0.05358,0.411162,0.268943,-0.05355,0.412467,0.270168,-0.076009,0.411112,0.269349,-0.076194,0.409692,0.268386,-0.076267,0.401038,0.263925,-0.015888,0.399628,0.263681,-0.117711,0.407651,0.292799,-0.040879,0.407113,0.292395,-0.071426,0.367651,0.317286,0.06569,0.376699,0.327133,-0.162135,0.345893,0.417169,0.101742,0.352222,0.424421,-0.177792,0.34709,0.497555,0.061156,0.357082,0.520194,-0.147652,0.343953,0.524852,0.060521,0.356066,0.544409,-0.165875,0.348306,0.523506,0.041128,0.360293,0.545991,-0.163144,0.348883,0.517179,0.052013,0.359684,0.53612,-0.145333,0.324917,0.475817,0.071238,0.339315,0.485127,-0.071369,0.300793,0.59829,0.148018,0.37695,0.605087,-0.016922,0.254383,0.702134,0.204019,0.367396,0.742705,0.023406,0.238467,0.717647,0.207048,0.352759,0.764385,0.026082,0.273345,0.744559,0.183724,0.39849,0.782925,-0.009319
EH_1_Lat_3.23.26,49,693.42,559.51,0,693.42,559.51,0.9864,689.31,564.21,0.9778,0.415896,0.283718,-0.060659,0.413632,0.270366,-0.05408,0.412711,0.269657,-0.054215,0.41186,0.268899,-0.054183,0.413001,0.270141,-0.076859,0.411666,0.269315,-0.077043,0.410291,0.268351,-0.07711,0.401807,0.264673,-0.016321,0.400282,0.264469,-0.118599,0.408842,0.293003,-0.041689,0.408287,0.292659,-0.072425,0.368599,0.318878,0.065588,0.376854,0.329216,-0.163675,0.347878,0.419901,0.10127,0.352809,0.426994,-0.177835,0.351103,0.50026,0.061017,0.359017,0.522418,-0.146295,0.349392,0.529869,0.060333,0.357807,0.548597,-0.163998,0.353999,0.52886,0.040716,0.362452,0.549635,-0.161527,0.354132,0.522231,0.051773,0.362086,0.539569,-0.143942,0.324803,0.476768,0.071912,0.339743,0.486601,-0.072047,0.301092,0.598496,0.146394,0.377408,0.60504,-0.004385,0.252029,0.699997,0.195322,0.367267,0.743689,0.037733,0.235886,0.714918,0.19753,0.352559,0.766573,0.040512,0.268023,0.74541,0.173248,0.398093,0.78393,0.007889
EH_1_Lat_3.23.26,50,693.99,560.45,0,693.99,560.45,0.9874,691.1,565.52,0.979,0.416353,0.283077,-0.060009,0.413991,0.269742,-0.05333,0.413077,0.2691,-0.053462,0.412206,0.268416,-0.053428,0.413329,0.269537,-0.076329,0.412031,0.26883,-0.076514,0.410731,0.268015,-0.076579,0.402027,0.264657,-0.015659,0.400905,0.264543,-0.118903,0.409361,0.292995,-0.041028,0.408774,0.292641,-0.07206,0.368791,0.319102,0.065956,0.377506,0.329974,-0.16499,0.348609,0.419398,0.104713,0.352721,0.427612,-0.178316,0.34859,0.506151,0.066337,0.359949,0.523628,-0.144988,0.346859,0.529183,0.066199,0.358418,0.549935,-0.162613,0.351171,0.528111,0.046619,0.363154,0.550148,-0.15975,0.351723,0.521478,0.057102,0.363362,0.540651,-0.142337,0.325027,0.47768,0.07251,0.339768,0.48804,-0.072648,0.301287,0.598809,0.143618,0.377468,0.607359,0.007536,0.250043,0.697924,0.189722,0.36719,0.744479,0.056883,0.233997,0.711807,0.191616,0.352544,0.767743,0.060458,0.263127,0.745167,0.1658,0.398072,0.783784,0.028205
EH_1_Lat_3.23.26,51,696.39,561.87,0,696.39,561.87,0.9888,694.02,566.71,0.9792,0.416873,0.282486,-0.060645,0.414444,0.26919,-0.053887,0.413537,0.268604,-0.054021,0.412667,0.267981,-0.053988,0.41373,0.268962,-0.076906,0.412419,0.268343,-0.077091,0.411133,0.267662,-0.07716,0.402323,0.26463,-0.016102,0.401212,0.264557,-0.119315,0.409922,0.29289,-0.041644,0.409263,0.292567,-0.072654,0.36938,0.319939,0.065998,0.378225,0.330856,-0.165292,0.349384,0.421347,0.105586,0.353658,0.429455,-0.178235,0.348309,0.511679,0.069007,0.361471,0.524731,-0.136469,0.34675,0.531406,0.069539,0.360802,0.550612,-0.153101,0.351213,0.530356,0.049946,0.366023,0.550872,-0.150475,0.351792,0.523582,0.059856,0.365111,0.541349,-0.133761,0.325319,0.478496,0.07309,0.339986,0.489044,-0.073228,0.301322,0.599419,0.150055,0.377472,0.608088,0.006902,0.248609,0.695175,0.2013,0.366926,0.745456,0.056846,0.232377,0.707259,0.204026,0.35244,0.768579,0.060603,0.259622,0.745484,0.180003,0.397925,0.783839,0.028642
EH_1_Lat_3.23.26,52,698.74,562.21,0,698.74,562.21,0.9871,696.59,566.36,0.9799,0.417161,0.282491,-0.060427,0.414408,0.269209,-0.053592,0.413465,0.268611,-0.053726,0.412557,0.26798,-0.053694,0.413655,0.268981,-0.076795,0.412328,0.268345,-0.076982,0.41099,0.26765,-0.077052,0.402278,0.265167,-0.01561,0.401138,0.265207,-0.119484,0.410139,0.292926,-0.041294,0.409514,0.292661,-0.07253,0.369249,0.320472,0.068022,0.378751,0.331952,-0.167554,0.352303,0.422751,0.108884,0.353734,0.430552,-0.180544,0.362712,0.509473,0.069817,0.362807,0.524409,-0.140458,0.366222,0.529157,0.070505,0.362661,0.550712,-0.157484,0.370861,0.528474,0.050169,0.367862,0.55036,-0.15475,0.36981,0.521925,0.060189,0.366606,0.541272,-0.137831,0.325152,0.479342,0.074445,0.340109,0.489989,-0.074586,0.301314,0.60024,0.149099,0.377407,0.609174,0.002294,0.247468,0.693003,0.196334,0.366841,0.746632,0.053254,0.230522,0.703972,0.198514,0.352412,0.769984,0.057122,0.256445,0.747169,0.173056,0.397689,0.784636,0.025606
EH_1_Lat_3.23.26,53,700.48,559.04,0,700.48,559.04,0.9872,697.94,568.24,0.9812,0.417122,0.282486,-0.070182,0.414364,0.269205,-0.062696,0.413432,0.268605,-0.062835,0.41252,0.267973,-0.06281,0.413598,0.268958,-0.086421,0.412267,0.268313,-0.086609,0.410892,0.267616,-0.086678,0.402184,0.265312,-0.021975,0.401045,0.265375,-0.127809,0.41006,0.292934,-0.050203,0.409457,0.292689,-0.081965,0.371272,0.321466,0.067248,0.378903,0.332593,-0.176539,0.356987,0.423348,0.108027,0.353817,0.43203,-0.190621,0.375349,0.507715,0.068103,0.363511,0.526144,-0.147414,0.382133,0.527427,0.068497,0.362991,0.55242,-0.165748,0.385742,0.528008,0.049468,0.368401,0.551545,-0.16398,0.381836,0.521563,0.058858,0.367937,0.543118,-0.145088,0.325374,0.480553,0.075784,0.339885,0.491345,-0.075923,0.301313,0.600972,0.147479,0.377561,0.609867,0.001724,0.245445,0.692606,0.19012,0.366715,0.74718,0.056288,0.2278,0.700886,0.191601,0.352375,0.770572,0.060439,0.253014,0.749242,0.164264,0.397496,0.785459,0.029215
EH_1_Lat_3.23.26,54,700.12,553.81,0,700.12,553.81,0.9874,701.29,568.24,0.9817,0.417255,0.282487,-0.072078,0.414327,0.269217,-0.064339,0.413305,0.268605,-0.064478,0.412309,0.267961,-0.064453,0.413672,0.268969,-0.088481,0.412336,0.268314,-0.088671,0.410972,0.267611,-0.08874,0.402265,0.265532,-0.022504,0.401405,0.265781,-0.130203,0.410269,0.292909,-0.051666,0.409756,0.292664,-0.083991,0.372248,0.322439,0.067782,0.379364,0.333239,-0.180201,0.358478,0.425769,0.108516,0.354034,0.433432,-0.197635,0.37862,0.505804,0.067294,0.365253,0.526146,-0.155418,0.385055,0.526581,0.067438,0.366236,0.552988,-0.174731,0.388834,0.526893,0.044704,0.370515,0.551663,-0.172524,0.384319,0.520506,0.056171,0.370249,0.542676,-0.153005,0.325509,0.481013,0.078064,0.339786,0.491697,-0.078202,0.301305,0.601712,0.145385,0.377605,0.610554,-0.004625,0.24456,0.691849,0.188191,0.366074,0.750075,0.045139,0.226453,0.69832,0.18911,0.351936,0.77328,0.048719,0.250216,0.74988,0.15837,0.397345,0.786633,0.014916
EH_1_Lat_3.23.26,55,702.88,557.92,0,702.88,557.92,0.9878,702.58,569.84,0.9824,0.417856,0.282408,-0.068507,0.414525,0.269096,-0.061142,0.413473,0.268442,-0.061278,0.412483,0.267755,-0.061249,0.413883,0.26885,-0.084821,0.41253,0.268166,-0.085013,0.411183,0.267456,-0.085081,0.402524,0.265596,-0.020736,0.401534,0.26611,-0.126697,0.411474,0.292875,-0.048614,0.41091,0.292629,-0.080424,0.373196,0.323553,0.068198,0.379589,0.334157,-0.174769,0.359627,0.427213,0.109997,0.354026,0.43425,-0.196927,0.37862,0.505197,0.06843,0.365926,0.527627,-0.151995,0.385447,0.525692,0.069008,0.366803,0.554952,-0.170587,0.38862,0.526695,0.046057,0.371451,0.552789,-0.167837,0.384387,0.520245,0.05741,0.371205,0.544135,-0.149435,0.325924,0.481268,0.077781,0.339884,0.492076,-0.077919,0.301237,0.601799,0.13654,0.377643,0.611445,-0.004048,0.244045,0.691758,0.166702,0.365852,0.751216,0.045208,0.225335,0.696797,0.166993,0.351781,0.773779,0.048939,0.248297,0.751124,0.138092,0.397178,0.788024,0.019137
EH_1_Lat_3.23.26,56,703.11,556.88,0,703.11,556.88,0.989,704.54,569.79,0.9834,0.417807,0.282285,-0.06843,0.414366,0.268982,-0.060607,0.413293,0.2683,-0.060745,0.412307,0.267587,-0.060716,0.413798,0.26875,-0.08468,0.412461,0.268051,-0.084874,0.411154,0.267334,-0.084943,0.402572,0.265794,-0.019829,0.401688,0.266324,-0.127121,0.411584,0.292799,-0.048402,0.411069,0.292535,-0.08075,0.373378,0.32512,0.06952,0.379639,0.33558,-0.176939,0.360298,0.42875,0.112641,0.35384,0.434905,-0.197196,0.378593,0.505145,0.068077,0.366947,0.527581,-0.155495,0.384765,0.525779,0.068599,0.367962,0.555054,-0.17474,0.388521,0.527065,0.045671,0.372518,0.552604,-0.171536,0.384316,0.52044,0.057061,0.372286,0.543547,-0.152739,0.32633,0.481694,0.07798,0.339964,0.492607,-0.078116,0.30123,0.602017,0.13301,0.377692,0.612374,-0.006569,0.243199,0.691534,0.163949,0.365727,0.752104,0.043678,0.22419,0.695005,0.164459,0.351758,0.773953,0.047512,0.244729,0.751509,0.135659,0.39696,0.789444,0.017299
EH_1_Lat_3.23.26,57,706.28,565.09,0,706.28,565.09,0.99,706.1,571.71,0.9844,0.417814,0.282345,-0.067352,0.414489,0.268991,-0.059383,0.413474,0.268294,-0.059522,0.412568,0.267561,-0.059491,0.413759,0.268757,-0.083284,0.412353,0.26804,-0.08348,0.410973,0.267303,-0.083548,0.402968,0.266021,-0.01966,0.401406,0.266506,-0.125305,0.411884,0.292824,-0.04715,0.411151,0.292536,-0.079233,0.373955,0.325627,0.071543,0.379433,0.336322,-0.173778,0.360638,0.429621,0.112591,0.353251,0.43515,-0.196837,0.379404,0.505166,0.067469,0.367759,0.529364,-0.155289,0.385414,0.526116,0.068094,0.369301,0.557092,-0.17473,0.389026,0.527536,0.044131,0.374354,0.554497,-0.171278,0.385033,0.520803,0.056709,0.373838,0.545089,-0.152464,0.326525,0.482025,0.077793,0.339835,0.492515,-0.077931,0.301169,0.602263,0.11544,0.377825,0.612045,-0.006809,0.241396,0.691731,0.135547,0.365539,0.753406,0.038567,0.22255,0.693387,0.135155,0.351539,0.77482,0.041588,0.242567,0.752036,0.106757,0.396921,0.790423,0.008373
EH_1_Lat_3.23.26,58,708.17,562.22,0,708.17,562.22,0.9901,707.38,571.12,0.9857,0.417602,0.281992,-0.066448,0.413937,0.26841,-0.058549,0.412879,0.267684,-0.05869,0.411934,0.266974,-0.058658,0.413411,0.26834,-0.082585,0.412096,0.267689,-0.082784,0.410811,0.267021,-0.082855,0.402536,0.26615,-0.01888,0.401491,0.266675,-0.125514,0.411453,0.292714,-0.046473,0.411034,0.292459,-0.078825,0.373889,0.325737,0.072057,0.37971,0.336894,-0.176101,0.360582,0.430058,0.114198,0.353,0.43582,-0.196783,0.380314,0.504451,0.068409,0.368428,0.528813,-0.15883,0.387166,0.525788,0.069493,0.370808,0.556716,-0.179316,0.390643,0.526961,0.044781,0.376007,0.55462,-0.174383,0.386153,0.520286,0.057179,0.37536,0.545036,-0.155503,0.32653,0.482283,0.077648,0.339783,0.49284,-0.077785,0.301053,0.602477,0.119793,0.377748,0.612684,-0.005423,0.241207,0.691286,0.148971,0.36551,0.753539,0.047053,0.222914,0.692214,0.149322,0.35153,0.774903,0.05141,0.240862,0.752351,0.121124,0.396829,0.791339,0.024471
EH_1_Lat_3.23.26,59,708.43,562.07,0,708.43,562.07,0.9904,712.15,570.2,0.9869,0.417679,0.281972,-0.066178,0.413825,0.268304,-0.057816,0.412726,0.267564,-0.057962,0.41175,0.266859,-0.057932,0.413375,0.268252,-0.082129,0.412082,0.267609,-0.082324,0.410824,0.266964,-0.082393,0.40243,0.26645,-0.016341,0.401429,0.267013,-0.124487,0.41158,0.292699,-0.046301,0.411156,0.292445,-0.077904,0.373427,0.326406,0.076335,0.379996,0.337444,-0.175056,0.360433,0.430365,0.119369,0.353178,0.435957,-0.195064,0.38073,0.503981,0.070978,0.370911,0.527964,-0.157698,0.38767,0.525505,0.071999,0.373942,0.555482,-0.178776,0.3912,0.526548,0.046998,0.379075,0.553589,-0.172837,0.387608,0.519912,0.059363,0.378622,0.544102,-0.153979,0.326563,0.482579,0.077844,0.340151,0.492913,-0.07798,0.30088,0.602825,0.121257,0.377674,0.613882,-0.00767,0.240714,0.691343,0.14806,0.365463,0.754196,0.044955,0.222517,0.691912,0.148319,0.351512,0.775555,0.049617,0.239969,0.752404,0.12161,0.396669,0.792326,0.024729
EH_1_Lat_3.23.26,60,709.77,564.96,0,709.77,564.96,0.9911,715.16,570.65,0.9879,0.417733,0.281974,-0.069285,0.413756,0.268309,-0.060738,0.412645,0.267561,-0.060893,0.411658,0.266853,-0.060866,0.413349,0.268261,-0.08552,0.412085,0.267615,-0.085715,0.410866,0.266982,-0.085796,0.402377,0.266994,-0.018843,0.401532,0.267712,-0.129331,0.411671,0.292713,-0.049379,0.411302,0.292487,-0.082159,0.373773,0.328305,0.074526,0.379888,0.33962,-0.179943,0.361279,0.432374,0.116706,0.353662,0.438574,-0.196714,0.382846,0.505564,0.070114,0.372481,0.528378,-0.16009,0.389884,0.525541,0.070712,0.375779,0.556028,-0.181543,0.393849,0.527731,0.045909,0.380811,0.553451,-0.175795,0.391013,0.521776,0.059077,0.380368,0.544077,-0.156476,0.326354,0.484049,0.077861,0.339929,0.494053,-0.077993,0.300659,0.603338,0.134147,0.377761,0.614831,-0.005213,0.240655,0.691446,0.170708,0.365377,0.755385,0.055848,0.222685,0.690953,0.172104,0.351456,0.776641,0.061307,0.238612,0.752139,0.147567,0.39665,0.792941,0.037428
EH_1_Lat_3.23.26,61,713.25,566.33,0,713.25,566.33,0.9911,715.54,569.91,0.9886,0.417696,0.282711,-0.068387,0.413842,0.269099,-0.059007,0.412702,0.268257,-0.059166,0.411692,0.26747,-0.059138,0.413502,0.269137,-0.084865,0.412252,0.268437,-0.085066,0.411044,0.267742,-0.08514,0.402499,0.268323,-0.016164,0.401834,0.269046,-0.128176,0.411537,0.293099,-0.048228,0.41125,0.292875,-0.081758,0.373815,0.329405,0.075907,0.379773,0.34062,-0.17717,0.361481,0.43297,0.117128,0.353654,0.439946,-0.196221,0.385527,0.505688,0.069858,0.372678,0.527695,-0.155917,0.392021,0.525673,0.070588,0.377267,0.55503,-0.176805,0.394837,0.527447,0.043612,0.381995,0.552924,-0.170124,0.392232,0.521578,0.057578,0.380836,0.543491,-0.151977,0.326381,0.48448,0.077814,0.340035,0.495158,-0.077945,0.300506,0.603626,0.111229,0.377634,0.615182,-0.007091,0.241041,0.69195,0.124303,0.365294,0.755619,0.047615,0.223451,0.692013,0.12314,0.351437,0.776998,0.052146,0.236911,0.753261,0.091624,0.395845,0.794434,0.025811
EH_1_Lat_3.23.26,62,715.8,566.05,0,715.8,566.05,0.9913,715.68,570.61,0.9894,0.417648,0.282878,-0.069097,0.413696,0.269167,-0.059596,0.41254,0.268312,-0.05975,0.411518,0.267522,-0.059719,0.41337,0.269252,-0.085378,0.412109,0.268568,-0.085578,0.410888,0.267889,-0.085652,0.402293,0.268911,-0.016035,0.401665,0.269743,-0.128546,0.411613,0.293462,-0.048412,0.411319,0.293328,-0.082263,0.373598,0.331211,0.076551,0.379623,0.342663,-0.179056,0.361377,0.434334,0.118854,0.353547,0.442097,-0.197986,0.383907,0.505621,0.0691,0.372749,0.52834,-0.159576,0.390506,0.525483,0.069742,0.377801,0.555613,-0.180875,0.393557,0.527686,0.04329,0.383195,0.553133,-0.174703,0.390626,0.521341,0.05735,0.381917,0.543562,-0.155711,0.326272,0.485307,0.078027,0.340116,0.496177,-0.078158,0.300428,0.604482,0.113574,0.377537,0.616109,-0.007938,0.240802,0.692388,0.13297,0.365277,0.756021,0.045739,0.223264,0.693362,0.132362,0.351386,0.777129,0.050337,0.236825,0.754854,0.102011,0.395175,0.79497,0.023843
EH_1_Lat_3.23.26,63,716.2,564.08,0,716.2,564.08,0.9909,716.62,570.06,0.9899,0.417736,0.284772,-0.07062,0.413778,0.270812,-0.061338,0.412618,0.26992,-0.061491,0.411606,0.269095,-0.061459,0.413353,0.270783,-0.086972,0.412031,0.270019,-0.087171,0.410769,0.269254,-0.087245,0.402298,0.27086,-0.017181,0.401434,0.271565,-0.130369,0.41164,0.295511,-0.049752,0.411198,0.295373,-0.083692,0.373549,0.332679,0.076015,0.379446,0.343585,-0.18056,0.361603,0.43593,0.117939,0.353694,0.443274,-0.199289,0.384726,0.50661,0.068797,0.373238,0.527831,-0.1617,0.390904,0.526433,0.069347,0.378294,0.554918,-0.18259,0.394437,0.529359,0.042705,0.383131,0.552676,-0.17667,0.392092,0.522931,0.056967,0.381899,0.543161,-0.157895,0.326191,0.486038,0.078072,0.340097,0.496884,-0.078202,0.300094,0.605484,0.11715,0.377452,0.617702,-0.008787,0.240589,0.692705,0.141173,0.3649,0.757774,0.049007,0.223344,0.694414,0.140931,0.351102,0.778597,0.054014,0.237219,0.755244,0.110793,0.39507,0.796418,0.027448
EH_1_Lat_3.23.26,64,721.55,568.89,0,721.55,568.89,0.9905,719.49,569.68,0.9876,0.417641,0.286826,-0.070963,0.413711,0.272616,-0.061938,0.412545,0.271698,-0.06209,0.411532,0.270829,-0.062062,0.41328,0.27257,-0.087474,0.41194,0.271786,-0.087671,0.410661,0.270969,-0.087745,0.402171,0.272747,-0.018001,0.401231,0.273458,-0.131559,0.411425,0.297468,-0.050202,0.410959,0.297273,-0.084178,0.373405,0.333783,0.075229,0.379285,0.344448,-0.180916,0.361683,0.436337,0.116965,0.353622,0.444832,-0.199775,0.384701,0.506699,0.058501,0.374736,0.527485,-0.161315,0.390519,0.526424,0.058109,0.381739,0.553793,-0.181745,0.394099,0.529563,0.032633,0.385782,0.550516,-0.176235,0.392345,0.523392,0.046441,0.384224,0.541846,-0.157634,0.32614,0.486684,0.07818,0.340071,0.496632,-0.078307,0.299929,0.606276,0.118354,0.377417,0.618049,-0.015119,0.241178,0.692842,0.141522,0.364824,0.75889,0.046481,0.224192,0.694874,0.141136,0.35102,0.780099,0.052647,0.23677,0.756159,0.109892,0.395026,0.797549,0.024226
EH_1_Lat_3.23.26,65,720.95,567.81,0,720.95,567.81,0.991,720.64,569.16,0.9873,0.417528,0.287671,-0.062576,0.413539,0.273457,-0.052833,0.412386,0.272605,-0.052981,0.411386,0.271804,-0.052944,0.413122,0.273394,-0.079129,0.411796,0.272664,-0.079339,0.410526,0.271896,-0.079407,0.402013,0.274305,-0.007946,0.401061,0.274824,-0.124784,0.411313,0.298384,-0.041563,0.410915,0.29822,-0.076666,0.373367,0.334675,0.08188,0.379295,0.345331,-0.176576,0.361481,0.436646,0.119896,0.353512,0.44513,-0.198586,0.384766,0.506714,0.058802,0.375332,0.526997,-0.159931,0.39047,0.52657,0.05843,0.382297,0.550578,-0.180239,0.393923,0.530102,0.033789,0.386502,0.546835,-0.172925,0.392431,0.523945,0.047099,0.384712,0.539883,-0.155664,0.326071,0.487367,0.078101,0.340045,0.49727,-0.078228,0.299767,0.607021,0.102173,0.377367,0.618679,-0.027228,0.241746,0.693819,0.107625,0.364689,0.760196,0.013914,0.22498,0.695763,0.105641,0.350787,0.781206,0.017439,0.23614,0.759551,0.073493,0.394927,0.798818,-0.009378
EH_1_Lat_3.23.26,66,720.11,566.04,0,720.11,566.04,0.9912,720.91,566.95,0.9877,0.417463,0.288655,-0.050041,0.413401,0.274534,-0.039304,0.412248,0.273723,-0.039445,0.411262,0.272972,-0.0394,0.413018,0.274556,-0.066325,0.411691,0.273922,-0.066534,0.410415,0.273257,-0.066599,0.401904,0.275811,0.007388,0.400909,0.276398,-0.112876,0.411192,0.299344,-0.028599,0.410826,0.299249,-0.064718,0.373395,0.336438,0.096603,0.379208,0.346762,-0.169135,0.361287,0.437809,0.133378,0.35336,0.445505,-0.190746,0.384712,0.507969,0.065583,0.375476,0.524957,-0.150383,0.39021,0.528116,0.065375,0.382103,0.546393,-0.170461,0.393903,0.531521,0.039347,0.386454,0.542411,-0.162721,0.392619,0.525255,0.053022,0.38445,0.535723,-0.14589,0.326012,0.488769,0.078865,0.339811,0.497832,-0.078988,0.299556,0.608101,0.100107,0.377307,0.618785,-0.038812,0.242233,0.696297,0.1066,0.364559,0.760461,-0.003915,0.225744,0.696301,0.104686,0.350476,0.781597,-0.001177,0.236852,0.761745,0.073413,0.393816,0.799258,-0.028568
EH_1_Lat_3.23.26,67,722.53,567.44,0,722.53,567.44,0.9912,724.91,568.17,0.9883,0.41736,0.290671,-0.050748,0.413297,0.276579,-0.041039,0.412148,0.275781,-0.04118,0.411158,0.275018,-0.041139,0.412901,0.276477,-0.066419,0.411584,0.275793,-0.066621,0.410337,0.275061,-0.06668,0.401799,0.27767,0.002334,0.400788,0.278356,-0.11332,0.4111,0.301191,-0.02977,0.410643,0.301102,-0.065583,0.373156,0.338741,0.09157,0.379025,0.3496,-0.169884,0.360705,0.438381,0.131626,0.353428,0.44863,-0.190788,0.383769,0.507619,0.069946,0.377556,0.526086,-0.150889,0.389772,0.526843,0.070121,0.384623,0.547377,-0.170505,0.394147,0.529276,0.044438,0.390395,0.54327,-0.163851,0.391568,0.523508,0.057588,0.387383,0.536512,-0.146811,0.325844,0.490591,0.079253,0.339739,0.500504,-0.079373,0.299179,0.60961,0.105814,0.377053,0.620088,-0.039499,0.242495,0.698301,0.119018,0.364258,0.762338,-0.000918,0.226163,0.698049,0.117869,0.350173,0.783519,0.002325,0.237697,0.762907,0.087775,0.393758,0.800846,-0.025254
EH_1_Lat_3.23.26,68,723.17,569.55,0,723.17,569.55,0.992,727.2,568.05,0.9887,0.417304,0.291909,-0.058439,0.41321,0.278005,-0.047343,0.412063,0.2773,-0.047486,0.411072,0.276615,-0.047438,0.412812,0.277853,-0.073968,0.411511,0.277223,-0.074167,0.410288,0.276548,-0.074241,0.401743,0.279954,0.001562,0.400676,0.280563,-0.119544,0.411107,0.302708,-0.0362,0.410575,0.302684,-0.072778,0.373046,0.341535,0.088303,0.378948,0.352274,-0.173604,0.360399,0.439415,0.127827,0.353757,0.450206,-0.192578,0.382078,0.508169,0.069465,0.378752,0.525976,-0.152665,0.38737,0.530581,0.069619,0.385586,0.547397,-0.173209,0.391603,0.529315,0.044351,0.390847,0.543347,-0.165383,0.389543,0.523931,0.057363,0.388083,0.536433,-0.14807,0.325335,0.491773,0.079407,0.339719,0.502011,-0.079522,0.298769,0.610787,0.118362,0.376946,0.620645,-0.034884,0.242858,0.701375,0.145355,0.364126,0.762338,1.8e-05,0.226532,0.702213,0.145552,0.349868,0.783135,0.004057,0.239072,0.763317,0.117245,0.393537,0.801851,-0.019385
EH_1_Lat_3.23.26,69,723.34,569.77,0,723.34,569.77,0.9925,727.33,567.91,0.9881,0.417169,0.293378,-0.058796,0.413165,0.279358,-0.047398,0.412043,0.278577,-0.04754,0.411038,0.277855,-0.047494,0.41275,0.279323,-0.074381,0.411457,0.278687,-0.07458,0.410246,0.278044,-0.074662,0.401625,0.280971,-0.000226,0.400651,0.281669,-0.120149,0.410942,0.303911,-0.03641,0.410414,0.303841,-0.07318,0.373024,0.341833,0.086163,0.37883,0.35302,-0.173814,0.36031,0.439281,0.125927,0.353626,0.450938,-0.192645,0.381196,0.507725,0.066791,0.378816,0.525843,-0.15253,0.386885,0.529707,0.066689,0.385748,0.546991,-0.172763,0.390115,0.528322,0.042474,0.390116,0.543021,-0.165,0.388468,0.522915,0.05499,0.387456,0.535956,-0.147978,0.325066,0.493896,0.079341,0.339679,0.504087,-0.079455,0.298246,0.61256,0.125201,0.376791,0.621221,-0.032246,0.24314,0.705041,0.154739,0.364079,0.762969,0.002982,0.226652,0.708601,0.155172,0.349706,0.784343,0.005969,0.240553,0.764735,0.126767,0.393561,0.802973,-0.017682
EH_1_Lat_3.23.26,70,723.88,566.48,0,723.88,566.48,0.9908,730.0,570.02,0.9887,0.417028,0.294522,-0.058317,0.412747,0.280597,-0.047442,0.411569,0.279863,-0.047582,0.41051,0.279162,-0.047536,0.412433,0.280668,-0.07397,0.411153,0.28013,-0.074172,0.409946,0.279533,-0.074257,0.401103,0.28241,-0.001104,0.400346,0.283266,-0.119025,0.410924,0.305252,-0.036311,0.410344,0.30524,-0.072376,0.372725,0.343857,0.086645,0.378749,0.355286,-0.172575,0.359593,0.439875,0.125037,0.353523,0.452775,-0.191173,0.380636,0.507524,0.06667,0.380209,0.527792,-0.15254,0.386068,0.529286,0.066648,0.385976,0.548281,-0.172896,0.388946,0.528184,0.04243,0.391252,0.54475,-0.16518,0.387267,0.522735,0.05494,0.38889,0.537235,-0.147957,0.324381,0.495828,0.079269,0.339465,0.506194,-0.079386,0.297801,0.614568,0.120772,0.376697,0.622293,-0.038749,0.24335,0.7078,0.146901,0.363759,0.763887,0.001548,0.226755,0.71351,0.146973,0.349393,0.784861,0.005001,0.240901,0.767145,0.11882,0.392432,0.802703,-0.021419
EH_1_Lat_3.23.26,71,726.25,568.46,0,726.25,568.46,0.9916,730.94,569.53,0.9889,0.416421,0.29678,-0.049346,0.4121,0.283019,-0.039088,0.410925,0.282363,-0.039221,0.409844,0.281741,-0.039175,0.411761,0.28302,-0.064626,0.410472,0.282561,-0.064836,0.4092,0.282079,-0.064917,0.400276,0.284895,0.005439,0.399526,0.2857,-0.108303,0.410312,0.307303,-0.028516,0.409598,0.307159,-0.062938,0.372096,0.344856,0.09093,0.37867,0.357439,-0.160037,0.358775,0.44085,0.125714,0.353498,0.453393,-0.177233,0.379948,0.506974,0.066605,0.3807,0.527344,-0.140539,0.385435,0.529148,0.066389,0.387211,0.546937,-0.159979,0.388297,0.527917,0.042346,0.392289,0.541983,-0.151394,0.386486,0.522964,0.054873,0.390029,0.534794,-0.135623,0.323905,0.497467,0.078328,0.338666,0.507912,-0.078438,0.297211,0.616127,0.097561,0.37639,0.623063,-0.043697,0.243513,0.710729,0.101666,0.363761,0.764656,-0.011112,0.227205,0.716132,0.099723,0.349394,0.785917,-0.0083,0.241741,0.769135,0.070603,0.392485,0.803401,-0.034232
EH_1_Lat_3.23.26,72,724.39,561.61,0,724.39,561.61,0.9913,734.98,569.5,0.9889,0.415149,0.297048,-0.04783,0.410669,0.283201,-0.038455,0.409334,0.282459,-0.038593,0.408123,0.281746,-0.038552,0.410603,0.283341,-0.063799,0.40934,0.282863,-0.064006,0.408149,0.282354,-0.064089,0.398621,0.284431,0.004076,0.39858,0.285483,-0.109035,0.408967,0.307479,-0.027703,0.408512,0.307377,-0.061799,0.371397,0.345288,0.089896,0.378598,0.357029,-0.160942,0.357636,0.443301,0.125817,0.353695,0.455382,-0.176798,0.379115,0.509015,0.068618,0.382802,0.527316,-0.1359,0.384474,0.533868,0.069166,0.389258,0.546973,-0.155077,0.387705,0.5301,0.045362,0.394727,0.542078,-0.145734,0.386005,0.528392,0.057111,0.392021,0.534835,-0.130709,0.322539,0.498844,0.078322,0.337988,0.508308,-0.078432,0.296617,0.617678,0.099554,0.37599,0.623437,-0.03606,0.243693,0.713517,0.103744,0.363691,0.765136,0.002451,0.227416,0.718915,0.101186,0.349365,0.78656,0.006633,0.24216,0.771632,0.076825,0.392588,0.805433,-0.014171
EH_1_Lat_3.23.26,73,729.13,563.5,0,729.13,563.5,0.993,739.31,570.8,0.9888,0.414517,0.29776,-0.04019,0.409908,0.284001,-0.030977,0.408546,0.283263,-0.031112,0.407299,0.282535,-0.031069,0.409886,0.284145,-0.056179,0.408636,0.28366,-0.05639,0.407449,0.283113,-0.056472,0.397951,0.285274,0.010343,0.397961,0.286235,-0.102206,0.4082,0.308191,-0.020517,0.407883,0.308102,-0.054373,0.370392,0.345822,0.094037,0.378245,0.357821,-0.154325,0.356049,0.444447,0.130801,0.354069,0.457643,-0.166399,0.377058,0.509459,0.076103,0.385058,0.528515,-0.120897,0.381384,0.534702,0.077408,0.392523,0.54753,-0.138764,0.385743,0.532382,0.054535,0.397163,0.54238,-0.129254,0.38478,0.529629,0.065131,0.394076,0.535236,-0.115468,0.321898,0.499508,0.077679,0.337356,0.508597,-0.077786,0.29613,0.618737,0.104506,0.375505,0.624018,-0.035091,0.243771,0.715008,0.118128,0.363636,0.765892,0.006269,0.22759,0.721275,0.117044,0.349282,0.787253,0.010066,0.242278,0.773879,0.090779,0.392661,0.805936,-0.012908
EH_1_Lat_3.23.26,74,734.63,565.62,0,734.63,565.62,0.9914,747.84,570.95,0.9894,0.413567,0.298908,-0.039502,0.408702,0.285092,-0.03062,0.407367,0.284351,-0.030755,0.406144,0.283607,-0.030709,0.408628,0.285285,-0.055643,0.407307,0.284788,-0.055853,0.406052,0.284233,-0.055938,0.396748,0.286517,0.01009,0.396589,0.287525,-0.101822,0.407171,0.309536,-0.019981,0.406824,0.30946,-0.053608,0.368702,0.34721,0.094244,0.377914,0.359564,-0.154033,0.354372,0.445826,0.134984,0.355265,0.460546,-0.164749,0.375943,0.509506,0.088794,0.389499,0.52866,-0.117612,0.37987,0.534091,0.092262,0.397198,0.547554,-0.135452,0.385027,0.5324,0.069222,0.400755,0.542339,-0.124981,0.384538,0.529463,0.078157,0.398151,0.535252,-0.11181,0.320536,0.501728,0.077499,0.336878,0.510632,-0.077603,0.295928,0.619615,0.111047,0.375184,0.624545,-0.033003,0.243708,0.715907,0.127511,0.363637,0.766424,0.008571,0.227729,0.722794,0.127657,0.349319,0.788093,0.012241,0.242477,0.773957,0.107157,0.392706,0.807108,-0.010665
EH_1_Lat_3.23.26,75,740.49,561.79,0,740.49,561.79,0.987,754.55,572.19,0.99,0.412011,0.300421,-0.043188,0.407366,0.286729,-0.034327,0.406034,0.286039,-0.034463,0.40479,0.285343,-0.03442,0.407237,0.286808,-0.059343,0.40591,0.28632,-0.05955,0.40462,0.285782,-0.059632,0.395501,0.287914,0.007083,0.395376,0.288735,-0.104741,0.405578,0.310813,-0.023395,0.405141,0.310564,-0.056959,0.367641,0.347664,0.092818,0.376452,0.360387,-0.15451,0.353217,0.446832,0.13539,0.355775,0.463185,-0.168963,0.375066,0.50951,0.088292,0.392994,0.52981,-0.127544,0.377649,0.533948,0.090582,0.400835,0.549217,-0.149106,0.383177,0.532629,0.06765,0.404555,0.543596,-0.134432,0.382864,0.529211,0.077525,0.401901,0.536746,-0.11985,0.319705,0.501793,0.077572,0.336316,0.511151,-0.077676,0.295407,0.620778,0.116825,0.374713,0.625492,-0.031539,0.243461,0.716929,0.140161,0.363615,0.767562,0.011874,0.227679,0.72379,0.140751,0.349361,0.789433,0.015901,0.242382,0.775347,0.117322,0.392754,0.807063,-0.007718
EH_1_Lat_3.23.26,76,744.5,560.33,0,744.5,560.33,0.9871,758.29,572.02,0.99,0.410684,0.300983,-0.045286,0.406141,0.287498,-0.036484,0.404878,0.286831,-0.036621,0.403703,0.286142,-0.03658,0.405805,0.287463,-0.061479,0.404423,0.286942,-0.061684,0.403065,0.286351,-0.061763,0.394297,0.288458,0.005885,0.393655,0.289236,-0.106537,0.404423,0.311487,-0.025412,0.403786,0.31116,-0.058895,0.366084,0.348355,0.093638,0.37492,0.36139,-0.154666,0.352132,0.446667,0.142175,0.356484,0.464022,-0.17551,0.373161,0.51187,0.102164,0.394944,0.529649,-0.135451,0.375447,0.532585,0.105936,0.403883,0.549194,-0.157468,0.38098,0.53085,0.083582,0.407163,0.543592,-0.138078,0.381106,0.527528,0.091866,0.404405,0.536757,-0.125929,0.318139,0.502921,0.077718,0.335224,0.513114,-0.07782,0.294395,0.62199,0.119953,0.374213,0.626422,-0.031413,0.242975,0.718239,0.147263,0.363581,0.768919,0.011668,0.227465,0.724662,0.148139,0.349411,0.791085,0.015676,0.242377,0.777934,0.124204,0.392886,0.807559,-0.008666
EH_1_Lat_3.23.26,77,749.46,558.76,0,749.46,558.76,0.9883,759.59,571.59,0.9901,0.408637,0.302007,-0.046472,0.404074,0.288455,-0.037533,0.40276,0.287622,-0.03767,0.401557,0.286799,-0.037627,0.403879,0.288616,-0.062702,0.402551,0.28806,-0.062908,0.401257,0.287448,-0.062991,0.39216,0.288858,0.005056,0.392011,0.289985,-0.107652,0.402129,0.312349,-0.026374,0.401695,0.312159,-0.060107,0.364955,0.348233,0.093656,0.373141,0.362356,-0.158426,0.345567,0.446667,0.143776,0.356525,0.465955,-0.183269,0.351923,0.521491,0.103762,0.395619,0.529247,-0.139736,0.351154,0.538234,0.108026,0.405276,0.546609,-0.161399,0.356363,0.537049,0.085857,0.408791,0.541153,-0.138564,0.357741,0.532036,0.093733,0.405833,0.535441,-0.128773,0.316896,0.503958,0.078041,0.334028,0.513892,-0.078144,0.29312,0.622768,0.125316,0.373394,0.627316,-0.030797,0.242008,0.718754,0.157772,0.363564,0.769733,0.012081,0.226479,0.725475,0.158857,0.34947,0.791864,0.01595,0.242013,0.777643,0.133411,0.392941,0.808407,-0.010122
EH_1_Lat_3.23.26,78,756.1,556.98,0,756.1,556.98,0.9887,762.33,569.76,0.9904,0.406896,0.302402,-0.033071,0.401997,0.288725,-0.023821,0.400615,0.287906,-0.02395,0.39935,0.287098,-0.0239,0.401901,0.28888,-0.048996,0.400538,0.288318,-0.049212,0.399238,0.287712,-0.049307,0.389725,0.28931,0.016479,0.389816,0.290403,-0.096193,0.400207,0.312796,-0.013768,0.39988,0.312624,-0.047552,0.36313,0.349916,0.101763,0.371608,0.3625,-0.151854,0.344283,0.447113,0.155393,0.356558,0.466136,-0.171358,0.347073,0.525797,0.12209,0.397047,0.527555,-0.124372,0.346567,0.540645,0.127774,0.406374,0.543281,-0.142582,0.351764,0.539819,0.106635,0.410084,0.537638,-0.12792,0.353009,0.534235,0.11275,0.407328,0.532661,-0.116347,0.315215,0.504411,0.077586,0.332431,0.514596,-0.07769,0.291693,0.623562,0.120597,0.37256,0.628565,-0.030898,0.241114,0.719155,0.145947,0.363569,0.770287,0.008359,0.225621,0.726751,0.146377,0.349941,0.792447,0.011955,0.241862,0.778295,0.124651,0.392941,0.809322,-0.012541
EH_1_Lat_3.23.26,79,759.45,553.74,0,759.45,553.74,0.9872,763.76,567.92,0.9909,0.403736,0.302375,-0.029855,0.399243,0.289085,-0.020545,0.397891,0.288375,-0.020674,0.39661,0.287639,-0.020624,0.399271,0.289331,-0.045597,0.398068,0.288955,-0.045816,0.396911,0.288511,-0.045917,0.38702,0.290143,0.020155,0.387844,0.291603,-0.092108,0.397419,0.312926,-0.010391,0.397268,0.312754,-0.044044,0.361342,0.351138,0.105025,0.369992,0.363709,-0.149643,0.340526,0.446707,0.158987,0.356793,0.466563,-0.17278,0.335933,0.524354,0.124163,0.39779,0.525854,-0.126695,0.333237,0.539662,0.12882,0.407612,0.540686,-0.14312,0.338089,0.538894,0.107788,0.41173,0.534553,-0.13505,0.340382,0.533335,0.114921,0.408521,0.529689,-0.121505,0.314175,0.505209,0.077395,0.331228,0.515358,-0.077498,0.289689,0.624293,0.115245,0.371356,0.629654,-0.035439,0.239819,0.720433,0.138914,0.363546,0.770896,-0.004739,0.22419,0.728197,0.139161,0.349996,0.793122,-0.002028,0.241963,0.780169,0.115339,0.392957,0.810606,-0.030004
EH_1_Lat_3.23.26,80,760.21,549.55,0,760.21,549.55,0.9871,769.57,563.73,0.9914,0.401796,0.302753,-0.034393,0.397569,0.289407,-0.024836,0.396094,0.288655,-0.024965,0.394691,0.28789,-0.02492,0.397746,0.289615,-0.050178,0.396561,0.289191,-0.050393,0.395402,0.288687,-0.050491,0.385178,0.290175,0.018331,0.386177,0.291608,-0.095603,0.395386,0.313286,-0.014205,0.395298,0.313086,-0.048228,0.358513,0.351975,0.107742,0.36831,0.363398,-0.152451,0.341897,0.446173,0.151343,0.357176,0.466261,-0.176607,0.357392,0.518088,0.117382,0.400815,0.521974,-0.142909,0.36119,0.523815,0.117601,0.412917,0.536921,-0.164193,0.366733,0.522343,0.097502,0.416778,0.530384,-0.151329,0.366715,0.518881,0.106783,0.413327,0.52535,-0.1362,0.311764,0.505323,0.077688,0.329031,0.515095,-0.077794,0.288185,0.624764,0.110621,0.370232,0.630538,-0.046075,0.238536,0.721623,0.132154,0.363547,0.771502,-0.009769,0.223323,0.730361,0.132079,0.350104,0.794,-0.006431,0.24211,0.781904,0.104891,0.392969,0.811045,-0.033927
EH_1_Lat_3.23.26,81,763.88,545.28,0,763.88,545.28,0.9887,770.79,555.29,0.9916,0.399522,0.303404,-0.032634,0.395345,0.290086,-0.021892,0.393997,0.289466,-0.022016,0.392696,0.288807,-0.021971,0.395244,0.290262,-0.048298,0.393947,0.289918,-0.04852,0.392651,0.289479,-0.04862,0.383067,0.2914,0.025149,0.383253,0.292684,-0.093718,0.393267,0.314101,-0.01113,0.392968,0.313986,-0.046518,0.356278,0.352038,0.118755,0.366873,0.363608,-0.15383,0.339531,0.444431,0.173656,0.358054,0.465304,-0.184492,0.357971,0.50997,0.134429,0.401453,0.514157,-0.156002,0.361274,0.514954,0.138929,0.41465,0.528164,-0.177418,0.366578,0.513208,0.117485,0.418209,0.521328,-0.163762,0.366642,0.509541,0.124298,0.414477,0.515696,-0.148819,0.31055,0.505788,0.079392,0.327895,0.51571,-0.079508,0.286269,0.625361,0.099203,0.368669,0.631032,-0.053819,0.236632,0.722441,0.113568,0.363463,0.772278,-0.023078,0.221265,0.731723,0.112753,0.350218,0.79463,-0.020475,0.242091,0.782327,0.082675,0.392984,0.812277,-0.051551
EH_1_Lat_3.23.26,82,768.95,540.47,0,768.95,540.47,0.989,771.76,549.72,0.9919,0.397423,0.304178,-0.027635,0.393435,0.29065,-0.016951,0.392163,0.289996,-0.017075,0.390933,0.289321,-0.017031,0.393231,0.290766,-0.042904,0.391927,0.290346,-0.043127,0.390589,0.289851,-0.043229,0.381482,0.292069,0.029595,0.381252,0.293037,-0.086958,0.391234,0.314639,-0.006171,0.390849,0.314456,-0.041008,0.354173,0.352356,0.120734,0.364658,0.3634,-0.149104,0.337568,0.442757,0.175266,0.358456,0.464372,-0.185623,0.345988,0.509915,0.137916,0.401958,0.509003,-0.163557,0.345914,0.516831,0.142462,0.415947,0.522218,-0.186153,0.35042,0.515446,0.121222,0.419476,0.515142,-0.171979,0.351835,0.511392,0.128218,0.415369,0.509576,-0.156378,0.309147,0.506262,0.079377,0.326442,0.516327,-0.079494,0.285037,0.625691,0.091561,0.367391,0.631384,-0.05355,0.234942,0.723177,0.100788,0.363447,0.772244,-0.024098,0.220136,0.73387,0.099446,0.35031,0.794515,-0.021746,0.241932,0.783058,0.069429,0.393025,0.812716,-0.053042
EH_1_Lat_3.23.26,83,774.04,533.68,0,774.04,533.68,0.9877,774.15,544.09,0.9913,0.39542,0.303933,-0.022917,0.391573,0.290319,-0.012265,0.390405,0.289656,-0.012391,0.389285,0.288976,-0.012342,0.391192,0.290419,-0.03851,0.3898,0.289974,-0.038737,0.38832,0.289459,-0.038846,0.379813,0.291749,0.034726,0.378784,0.292672,-0.083368,0.389505,0.314389,-0.001077,0.388837,0.314145,-0.036398,0.351997,0.351748,0.124368,0.363028,0.362831,-0.147739,0.333297,0.439555,0.186707,0.358681,0.464104,-0.193825,0.325985,0.50925,0.16328,0.403202,0.503786,-0.17795,0.322223,0.51797,0.170446,0.417488,0.515443,-0.201965,0.326453,0.516811,0.149377,0.421246,0.507851,-0.185872,0.329555,0.512284,0.154311,0.416606,0.503181,-0.170202,0.307386,0.50758,0.079787,0.325087,0.517959,-0.079902,0.282872,0.62699,0.096527,0.366109,0.632319,-0.053844,0.233247,0.724417,0.113431,0.363426,0.773111,-0.027558,0.218792,0.736477,0.11279,0.350459,0.795846,-0.025546,0.240713,0.782309,0.083893,0.39303,0.813117,-0.059197
EH_1_Lat_3.23.26,84,779.33,529.35,0,779.33,529.35,0.9889,777.38,540.46,0.9915,0.39264,0.303664,-0.028135,0.388774,0.290008,-0.018055,0.387454,0.28933,-0.018185,0.386183,0.288645,-0.018138,0.388688,0.290117,-0.043866,0.387382,0.289662,-0.044086,0.385993,0.28914,-0.044185,0.376905,0.291481,0.027391,0.376737,0.292416,-0.088915,0.38662,0.314159,-0.006982,0.386228,0.313918,-0.041718,0.35037,0.351996,0.118325,0.360893,0.362689,-0.149463,0.335946,0.438816,0.17108,0.359261,0.463683,-0.194585,0.343082,0.505947,0.134113,0.404887,0.500422,-0.173293,0.343007,0.512302,0.138445,0.419633,0.509708,-0.196816,0.346904,0.511387,0.116746,0.422721,0.502187,-0.182477,0.349053,0.507837,0.124369,0.417382,0.499242,-0.166346,0.306057,0.507856,0.080144,0.322686,0.518141,-0.080258,0.280819,0.628552,0.099872,0.365218,0.632927,-0.052529,0.231703,0.725466,0.116342,0.363409,0.774085,-0.020471,0.216952,0.738264,0.11663,0.350547,0.797089,-0.017759,0.240085,0.782464,0.085188,0.393064,0.814098,-0.049196
EH_1_Lat_3.23.26,85,779.56,517.64,0,779.56,517.64,0.9921,783.99,534.77,0.9917,0.389644,0.303711,-0.028255,0.386085,0.290012,-0.017898,0.384774,0.289297,-0.018029,0.383544,0.2886,-0.017987,0.385936,0.290171,-0.044569,0.384513,0.289692,-0.044779,0.383029,0.289171,-0.044868,0.373895,0.291503,0.028815,0.373363,0.29257,-0.090689,0.384005,0.314227,-0.006694,0.38347,0.31396,-0.042453,0.349264,0.352137,0.120282,0.357673,0.362472,-0.151039,0.358763,0.438522,0.166916,0.360179,0.463497,-0.192706,0.396344,0.488015,0.09199,0.408329,0.495155,-0.158174,0.406501,0.491373,0.092761,0.422099,0.504568,-0.181918,0.409334,0.488418,0.068596,0.425243,0.496207,-0.164502,0.40606,0.487177,0.079852,0.419566,0.493103,-0.150431,0.305097,0.508828,0.080671,0.321164,0.518926,-0.080787,0.27922,0.629485,0.102429,0.363728,0.633148,-0.052342,0.229699,0.72638,0.121032,0.363061,0.774734,-0.018584,0.214917,0.739795,0.121157,0.350549,0.798,-0.015903,0.239965,0.783044,0.091373,0.393064,0.814264,-0.044695
EH_1_Lat_3.23.26,86,784.76,512.87,0,784.76,512.87,0.9887,787.53,527.02,0.9916,0.385123,0.303757,-0.030713,0.381622,0.290153,-0.020587,0.380345,0.289459,-0.020718,0.379171,0.288791,-0.020677,0.381503,0.290314,-0.046952,0.380155,0.289851,-0.047163,0.37876,0.289369,-0.047253,0.369759,0.291731,0.025482,0.369396,0.292906,-0.092398,0.379903,0.314369,-0.00931,0.379517,0.314129,-0.044755,0.346773,0.351886,0.116716,0.354903,0.36221,-0.151177,0.365661,0.438093,0.151554,0.360694,0.463112,-0.193817,0.403635,0.478206,0.069917,0.410173,0.487985,-0.162991,0.414977,0.480123,0.069345,0.423508,0.496097,-0.187978,0.419605,0.477736,0.045333,0.426689,0.48684,-0.171194,0.414144,0.47596,0.057655,0.42129,0.484079,-0.155764,0.303212,0.509032,0.08081,0.319121,0.518819,-0.080924,0.278203,0.63053,0.102736,0.362557,0.634004,-0.049452,0.227697,0.726876,0.123407,0.362807,0.775245,-0.014478,0.21257,0.740929,0.123519,0.350534,0.798111,-0.011627,0.239032,0.782897,0.093533,0.392845,0.814808,-0.040953
EH_1_Lat_3.23.26,87,788.25,508.07,0,788.25,508.07,0.9892,794.17,515.48,0.9909,0.381649,0.303561,-0.016027,0.378049,0.289956,-0.006561,0.376809,0.289257,-0.006687,0.375625,0.288582,-0.006638,0.378032,0.290117,-0.03247,0.376819,0.289655,-0.032681,0.375532,0.289172,-0.032779,0.36647,0.291462,0.034423,0.366654,0.2927,-0.081517,0.376741,0.314162,0.003648,0.376445,0.31393,-0.031133,0.342652,0.351617,0.117191,0.352726,0.361951,-0.142601,0.337172,0.436671,0.163952,0.363311,0.463287,-0.172358,0.327023,0.481344,0.126471,0.413632,0.477293,-0.123561,0.321948,0.480687,0.133187,0.427102,0.484024,-0.142495,0.325643,0.480518,0.114807,0.429707,0.473118,-0.126633,0.329125,0.479959,0.118534,0.424228,0.470095,-0.115618,0.302702,0.509898,0.079188,0.316902,0.518887,-0.079296,0.27705,0.631732,0.091591,0.360532,0.634643,-0.04728,0.226346,0.727571,0.104782,0.362701,0.775301,-0.013865,0.211199,0.741239,0.104424,0.350518,0.798061,-0.011081,0.237509,0.783409,0.076086,0.392831,0.814959,-0.039825
EH_1_Lat_3.23.26,88,789.24,502.15,0,789.24,502.15,0.9931,796.56,507.83,0.9913,0.378727,0.303444,-0.022287,0.375177,0.28981,-0.012675,0.373951,0.289102,-0.012804,0.372833,0.288419,-0.012757,0.375119,0.289989,-0.038334,0.373856,0.289533,-0.038547,0.372536,0.289048,-0.038645,0.363614,0.291267,0.029728,0.363479,0.292566,-0.083582,0.373889,0.314193,-0.002113,0.373511,0.313963,-0.036648,0.340438,0.351635,0.114811,0.3497,0.36182,-0.145849,0.34678,0.437193,0.146862,0.364411,0.463007,-0.179205,0.387421,0.468412,0.076801,0.414875,0.470215,-0.129559,0.372403,0.480608,0.077547,0.42919,0.473451,-0.152217,0.375841,0.479237,0.056691,0.430856,0.462455,-0.130928,0.376012,0.478886,0.066182,0.425493,0.460245,-0.120621,0.300778,0.511238,0.079238,0.314783,0.519502,-0.079345,0.275776,0.633581,0.095104,0.359254,0.634677,-0.045834,0.223885,0.72918,0.11148,0.362435,0.775815,-0.014827,0.208003,0.743141,0.111188,0.350514,0.798451,-0.012427,0.236691,0.78516,0.083642,0.392799,0.814872,-0.039596
EH_1_Lat_3.23.26,89,794.22,492.83,0,794.22,492.83,0.9909,797.52,498.21,0.9919,0.375194,0.303343,-0.020897,0.371724,0.289708,-0.011876,0.37062,0.288987,-0.012004,0.369621,0.288294,-0.01195,0.371464,0.289879,-0.037457,0.37012,0.289409,-0.037673,0.368699,0.288912,-0.037774,0.360449,0.291101,0.029795,0.359198,0.292424,-0.084122,0.37065,0.314068,-0.000713,0.370096,0.313838,-0.035074,0.337679,0.351434,0.114304,0.34689,0.361634,-0.145001,0.32213,0.436372,0.161244,0.366012,0.46279,-0.175193,0.318573,0.47571,0.132387,0.415373,0.461307,-0.131328,0.310952,0.486817,0.13907,0.429341,0.464016,-0.152625,0.315298,0.484856,0.120699,0.430359,0.452805,-0.136124,0.319195,0.48237,0.124566,0.424876,0.451118,-0.123573,0.300332,0.511688,0.078963,0.31344,0.520017,-0.079064,0.274666,0.634895,0.088618,0.35801,0.634881,-0.048372,0.221914,0.730322,0.096299,0.362324,0.775799,-0.023852,0.205489,0.744098,0.095217,0.350532,0.798766,-0.021801,0.234693,0.786991,0.067979,0.39275,0.81499,-0.050639
EH_1_Lat_3.23.26,90,794.24,481.22,0,794.24,481.22,0.9912,799.99,490.41,0.9918,0.372387,0.303258,-0.034012,0.36896,0.289596,-0.025518,0.367862,0.288872,-0.02565,0.366856,0.288175,-0.025611,0.368659,0.289763,-0.052775,0.367305,0.28929,-0.052975,0.365847,0.288789,-0.053071,0.357524,0.290957,0.017943,0.356139,0.292269,-0.103361,0.367775,0.313961,-0.012915,0.367225,0.313744,-0.049391,0.336812,0.351597,0.108158,0.343253,0.361549,-0.164361,0.356226,0.432783,0.12313,0.367057,0.462559,-0.195262,0.39933,0.450095,0.039844,0.416659,0.454085,-0.150079,0.410154,0.452165,0.038244,0.43016,0.456293,-0.174263,0.411261,0.445627,0.016021,0.430585,0.44482,-0.157425,0.406027,0.44511,0.028025,0.42527,0.443166,-0.142916,0.299738,0.514188,0.079677,0.310673,0.521666,-0.079775,0.273475,0.636589,0.093614,0.35717,0.635681,-0.046273,0.220092,0.731492,0.114842,0.362296,0.776914,-0.013893,0.203154,0.743967,0.115375,0.350536,0.799571,-0.011108,0.231965,0.788713,0.083849,0.3927,0.815456,-0.040331
EH_1_Lat_3.23.26,91,796.15,470.62,0,796.15,470.62,0.9915,800.02,482.62,0.9907,0.369213,0.303434,-0.039455,0.365562,0.289985,-0.031961,0.364288,0.28923,-0.032084,0.36305,0.288498,-0.032044,0.365469,0.290205,-0.058642,0.364143,0.289732,-0.058837,0.362673,0.289213,-0.058927,0.353491,0.291202,0.00842,0.352816,0.292543,-0.110186,0.364085,0.314303,-0.019352,0.363836,0.314189,-0.055125,0.334301,0.351756,0.097062,0.340401,0.362139,-0.169455,0.362996,0.430339,0.108125,0.36756,0.461133,-0.202796,0.407645,0.437891,0.027257,0.416679,0.446871,-0.160724,0.416263,0.435665,0.026051,0.43041,0.446812,-0.184735,0.420329,0.429369,0.004581,0.430437,0.434708,-0.168257,0.415926,0.430901,0.015929,0.425485,0.434804,-0.153999,0.299206,0.515614,0.079669,0.307551,0.522564,-0.079765,0.272015,0.639294,0.095661,0.355395,0.63583,-0.046039,0.217187,0.733028,0.117101,0.361564,0.776918,-0.007678,0.199943,0.745098,0.117702,0.350492,0.799988,-0.003829,0.230777,0.78849,0.085843,0.381797,0.815197,-0.039438
EH_1_Lat_3.23.26,92,793.64,464.54,0,793.64,464.54,0.9916,800.82,469.4,0.9835,0.365854,0.303726,-0.033453,0.36214,0.290368,-0.024824,0.360827,0.289576,-0.024931,0.359589,0.288808,-0.024889,0.36205,0.290674,-0.051643,0.360664,0.290212,-0.051823,0.35915,0.289701,-0.051902,0.349721,0.29154,0.01843,0.348984,0.292961,-0.102175,0.360739,0.314637,-0.013348,0.360429,0.314605,-0.049417,0.333153,0.352013,0.102694,0.335831,0.362388,-0.167839,0.362593,0.428305,0.120072,0.368128,0.458331,-0.199349,0.410764,0.43013,0.053874,0.417096,0.434628,-0.160216,0.42133,0.426868,0.054025,0.430675,0.430811,-0.183354,0.423777,0.418278,0.032231,0.430486,0.419287,-0.167438,0.419176,0.421001,0.042769,0.425407,0.421227,-0.1539,0.300393,0.519137,0.079573,0.30145,0.523921,-0.079664,0.342293,0.638999,0.066726,0.277043,0.640155,-0.071296,0.348428,0.767024,0.100341,0.223186,0.748596,-0.036825,0.338571,0.789449,0.100527,0.208297,0.758621,-0.034515,0.351148,0.803987,0.050112,0.245059,0.800198,-0.08742
EH_1_Lat_3.23.26,93,796.46,453.3,0,796.46,453.3,0.9915,799.37,459.31,0.9836,0.361979,0.304691,-0.027917,0.358187,0.291452,-0.019915,0.356824,0.290597,-0.020039,0.355548,0.289764,-0.019988,0.358204,0.291849,-0.046209,0.356859,0.291381,-0.046402,0.355417,0.290843,-0.0465,0.345654,0.292072,0.020784,0.34529,0.29367,-0.098241,0.356795,0.315646,-0.008195,0.356598,0.315653,-0.043667,0.327651,0.352286,0.102528,0.332877,0.363262,-0.1645,0.3134,0.437639,0.135432,0.368379,0.45268,-0.210102,0.312727,0.47134,0.113888,0.416338,0.425285,-0.192701,0.308915,0.476579,0.120238,0.4301,0.420007,-0.218705,0.313519,0.471339,0.101013,0.429749,0.409218,-0.201707,0.316769,0.467722,0.105603,0.424689,0.411565,-0.185871,0.297394,0.521324,0.078804,0.302223,0.527157,-0.078873,0.290293,0.643234,0.07708,0.285795,0.639782,-0.061897,0.242916,0.756175,0.118791,0.307876,0.760115,-0.029221,0.22649,0.77517,0.11989,0.299411,0.777088,-0.027316,0.2569,0.800138,0.06952,0.335453,0.808433,-0.064645
EH_1_Lat_3.23.26,94,789.6,445.58,0,789.6,445.58,0.992,796.73,449.42,0.9846,0.357706,0.305377,-0.035698,0.35405,0.292379,-0.029383,0.352835,0.291645,-0.029509,0.351693,0.290902,-0.029462,0.35388,0.292788,-0.055359,0.352536,0.292442,-0.055565,0.35104,0.292003,-0.055654,0.342374,0.293412,0.009835,0.341152,0.29499,-0.107089,0.352513,0.316789,-0.015981,0.352222,0.316846,-0.050999,0.323118,0.352942,0.097564,0.330506,0.364608,-0.168043,0.34225,0.424601,0.118111,0.368042,0.448793,-0.211348,0.392653,0.422724,0.056634,0.414962,0.416126,-0.186149,0.393711,0.424939,0.057922,0.428428,0.409185,-0.211153,0.39731,0.422636,0.036226,0.428109,0.399961,-0.195081,0.396506,0.426963,0.045621,0.423265,0.402318,-0.17965,0.294189,0.522287,0.078955,0.302424,0.528908,-0.07903,0.274023,0.646897,0.090117,0.289658,0.639755,-0.060017,0.217118,0.74991,0.123068,0.339812,0.767836,-0.023159,0.201399,0.765775,0.124069,0.327842,0.788999,-0.020761,0.233459,0.798758,0.084393,0.371667,0.812613,-0.055857
EH_1_Lat_3.23.26,95,786.41,438.22,0,786.41,438.22,0.9922,794.27,441.52,0.9833,0.352605,0.305269,-0.015678,0.348551,0.292248,-0.00936,0.34731,0.291527,-0.009466,0.346224,0.29081,-0.009408,0.348406,0.292666,-0.035085,0.347051,0.292343,-0.035284,0.345696,0.291952,-0.03537,0.337121,0.293338,0.024661,0.336012,0.295023,-0.09159,0.348055,0.316884,0.00227,0.347775,0.316981,-0.032541,0.320093,0.352924,0.098762,0.326302,0.365038,-0.156043,0.316554,0.439498,0.12323,0.36753,0.444259,-0.206617,0.327975,0.454292,0.093692,0.41368,0.408811,-0.180631,0.326115,0.45367,0.098095,0.426877,0.401426,-0.205491,0.330404,0.446244,0.079514,0.426959,0.392091,-0.190866,0.333008,0.446599,0.085057,0.422289,0.395176,-0.174766,0.293321,0.525454,0.078269,0.299304,0.531446,-0.07831,0.268397,0.650578,0.087016,0.308716,0.639345,-0.077511,0.209175,0.747312,0.108353,0.348788,0.772749,-0.044153,0.193567,0.762159,0.108247,0.336838,0.798769,-0.04148,0.22505,0.797497,0.071198,0.382656,0.814179,-0.081921
EH_1_Lat_3.23.26,96,781.87,433.86,0,781.87,433.86,0.9897,792.72,433.89,0.9839,0.349021,0.30532,-0.013571,0.344934,0.292252,-0.005453,0.343574,0.291586,-0.00558,0.342352,0.290935,-0.005524,0.345118,0.292654,-0.032001,0.343894,0.292365,-0.032214,0.342669,0.292022,-0.032315,0.332888,0.293498,0.036012,0.333102,0.295182,-0.084226,0.344153,0.317202,0.00693,0.344181,0.317265,-0.028953,0.3149,0.353042,0.116691,0.324702,0.366718,-0.149013,0.301867,0.441008,0.181322,0.367125,0.439935,-0.205511,0.302113,0.455123,0.179111,0.412873,0.401754,-0.187776,0.297717,0.461007,0.189589,0.425846,0.393073,-0.213267,0.302392,0.455963,0.170131,0.425345,0.383348,-0.196646,0.306328,0.455807,0.171293,0.42082,0.387056,-0.181048,0.29027,0.527098,0.078668,0.299528,0.534755,-0.078712,0.265072,0.65416,0.087895,0.314939,0.639402,-0.06912,0.205891,0.747727,0.115601,0.356761,0.776459,-0.03987,0.190119,0.762496,0.117027,0.344546,0.801324,-0.037377,0.223074,0.797087,0.08872,0.388521,0.817058,-0.072969
EH_1_Lat_3.23.26,97,780.58,428.82,0,780.58,428.82,0.9891,792.17,426.14,0.9842,0.3458,0.306357,-0.027134,0.341752,0.293537,-0.020648,0.34045,0.293069,-0.020773,0.339216,0.292579,-0.020726,0.341579,0.293811,-0.047372,0.340187,0.293626,-0.047576,0.338695,0.29338,-0.047646,0.329289,0.295945,0.020797,0.328351,0.297153,-0.099321,0.340789,0.318837,-0.006169,0.340584,0.318993,-0.042197,0.312705,0.354282,0.10836,0.321615,0.369618,-0.160211,0.338796,0.415407,0.123016,0.366816,0.436286,-0.210484,0.389162,0.395223,0.048289,0.412589,0.394574,-0.1861,0.396655,0.388741,0.046592,0.425713,0.386565,-0.211849,0.39035,0.389533,0.026676,0.424072,0.375007,-0.196364,0.395598,0.382432,0.037415,0.41947,0.377856,-0.180002,0.285855,0.529418,0.079497,0.297968,0.537651,-0.079563,0.262629,0.657558,0.101908,0.31898,0.639574,-0.066448,0.202847,0.750768,0.135001,0.359798,0.778869,-0.033185,0.185695,0.765994,0.136649,0.347016,0.803724,-0.030937,0.220618,0.79885,0.111165,0.391488,0.81906,-0.06411
EH_1_Lat_3.23.26,98,772.67,422.33,0,772.67,422.33,0.9881,784.99,420.9,0.9825,0.341623,0.308095,-0.029342,0.338132,0.295737,-0.024061,0.336862,0.295085,-0.024191,0.33568,0.294402,-0.02415,0.338002,0.296085,-0.05028,0.33667,0.295802,-0.050482,0.335308,0.295458,-0.050545,0.325879,0.297338,0.014741,0.325058,0.298673,-0.102541,0.336692,0.320775,-0.009059,0.33657,0.320952,-0.044414,0.308689,0.354489,0.103202,0.317163,0.370824,-0.161603,0.347235,0.405488,0.11418,0.365644,0.430636,-0.207539,0.399299,0.381835,0.038842,0.408851,0.38972,-0.181193,0.409475,0.37263,0.03717,0.421935,0.380118,-0.206212,0.40906,0.365386,0.017446,0.419302,0.369563,-0.191092,0.406035,0.368964,0.028049,0.415146,0.373129,-0.174697,0.283317,0.532469,0.079576,0.296326,0.541874,-0.079652,0.260728,0.660863,0.107077,0.324526,0.640042,-0.051967,0.201078,0.753716,0.138793,0.360865,0.779089,-0.024386,0.184313,0.769297,0.140245,0.348435,0.803693,-0.022518,0.218609,0.801422,0.116907,0.39257,0.819087,-0.045001
EH_1_Lat_3.23.26,99,765.36,414.43,0,765.36,414.43,0.986,776.78,415.42,0.9831,0.338413,0.310752,-0.032294,0.335235,0.298322,-0.027497,0.333925,0.297482,-0.027626,0.332722,0.296636,-0.027585,0.335152,0.29881,-0.05316,0.333761,0.298414,-0.05336,0.332289,0.297944,-0.053421,0.323347,0.298794,0.010661,0.322137,0.300087,-0.1044,0.332798,0.323289,-0.012207,0.332658,0.323437,-0.04681,0.302261,0.355,0.099548,0.314773,0.372345,-0.161925,0.347107,0.400503,0.110153,0.362474,0.427719,-0.205406,0.395714,0.381161,0.037306,0.404571,0.384649,-0.177954,0.404854,0.371894,0.036121,0.416846,0.373925,-0.201902,0.405723,0.365336,0.016787,0.413983,0.36447,-0.186607,0.403171,0.367862,0.026772,0.410372,0.368604,-0.171987,0.280708,0.535714,0.079569,0.295229,0.54441,-0.079646,0.257872,0.664662,0.117299,0.331407,0.640606,-0.042649,0.198893,0.757529,0.155309,0.361665,0.779605,-0.013115,0.182189,0.774899,0.15758,0.349267,0.804562,-0.0108,0.219483,0.800543,0.13806,0.3932,0.819328,-0.031535
EH_1_Lat_3.23.26,100,752.86,408.03,0,752.86,408.03,0.9904,766.94,411.69,0.9829,0.334289,0.313614,-0.03072,0.331068,0.301034,-0.026704,0.329656,0.300193,-0.026833,0.328274,0.299336,-0.026795,0.331156,0.301581,-0.051836,0.329862,0.301241,-0.052036,0.328402,0.300811,-0.05209,0.319288,0.301361,0.01144,0.31854,0.302492,-0.104105,0.328223,0.326542,-0.011308,0.328123,0.326651,-0.045328,0.299498,0.35672,0.099265,0.309544,0.374505,-0.158497,0.347355,0.401407,0.113491,0.358935,0.425659,-0.193903,0.393235,0.373233,0.04581,0.399448,0.38119,-0.1522,0.400692,0.360117,0.045611,0.41083,0.368492,-0.172978,0.40153,0.35292,0.026826,0.407661,0.359221,-0.158667,0.399185,0.357947,0.035742,0.403619,0.363407,-0.146467,0.277804,0.539394,0.079172,0.292602,0.546995,-0.079267,0.254555,0.667763,0.115186,0.336753,0.640942,-0.041977,0.196673,0.761486,0.151128,0.360964,0.779897,-0.013241,0.180039,0.781497,0.152187,0.349023,0.804709,-0.010882,0.218479,0.800469,0.123426,0.393131,0.820486,-0.031808
EH_1_Lat_3.23.26,101,745.55,397.4,0,745.55,397.4,0.9935,759.99,404.15,0.9837,0.330924,0.316189,-0.026148,0.327411,0.303807,-0.02258,0.326051,0.303039,-0.022702,0.324748,0.302265,-0.02266,0.327597,0.304211,-0.046803,0.326469,0.303838,-0.047003,0.325246,0.303378,-0.047051,0.316242,0.303998,0.011474,0.316049,0.305027,-0.098652,0.32494,0.329154,-0.007675,0.324993,0.329107,-0.040557,0.294537,0.358449,0.099496,0.307695,0.376585,-0.150847,0.343736,0.400439,0.117758,0.356523,0.423067,-0.183928,0.38955,0.369666,0.057284,0.395827,0.374214,-0.140903,0.394839,0.3541,0.058183,0.405111,0.359733,-0.160731,0.396424,0.350696,0.038625,0.401906,0.351505,-0.146544,0.394244,0.356914,0.047266,0.398225,0.356345,-0.135102,0.275341,0.541345,0.07778,0.290343,0.548552,-0.077905,0.252107,0.670748,0.114306,0.340835,0.64165,-0.038152,0.19457,0.765036,0.14733,0.36091,0.779839,-0.010819,0.178546,0.784828,0.149341,0.349217,0.804751,-0.008227,0.21881,0.801269,0.117239,0.393537,0.820208,-0.025922
EH_1_Lat_3.23.26,102,736.71,394.61,0,736.71,394.61,0.9897,752.59,397.82,0.9828,0.327487,0.318412,-0.025722,0.323952,0.30603,-0.021758,0.322718,0.305281,-0.02188,0.32156,0.304552,-0.021839,0.32381,0.306308,-0.045977,0.322537,0.305898,-0.046175,0.321191,0.305466,-0.046224,0.313082,0.306234,0.011973,0.311939,0.307127,-0.097491,0.321609,0.33119,-0.007158,0.321313,0.331112,-0.040099,0.291322,0.360479,0.099607,0.304445,0.378494,-0.150205,0.339983,0.399627,0.117258,0.3536,0.421097,-0.184753,0.386928,0.361107,0.054616,0.391976,0.368351,-0.143031,0.393492,0.346454,0.054644,0.40108,0.355086,-0.163285,0.393512,0.340944,0.036752,0.397789,0.345531,-0.149694,0.390887,0.344665,0.044959,0.393777,0.350133,-0.137418,0.272608,0.544492,0.077641,0.288309,0.551241,-0.077772,0.249148,0.672359,0.11603,0.343461,0.641699,-0.037581,0.193582,0.766593,0.15182,0.360945,0.779759,-0.008846,0.178362,0.786213,0.15407,0.349375,0.804537,-0.006159,0.217241,0.800659,0.134891,0.392982,0.820183,-0.024445
EH_1_Lat_3.23.26,103,735.6,386.29,0,735.6,386.29,0.9784,744.45,391.95,0.9826,0.324087,0.32007,-0.028966,0.320435,0.307622,-0.025988,0.319092,0.306979,-0.026112,0.317839,0.306345,-0.026074,0.320416,0.30782,-0.04958,0.319196,0.307454,-0.049774,0.317887,0.307082,-0.049821,0.309161,0.30855,0.007014,0.308223,0.309427,-0.100157,0.318048,0.333162,-0.010848,0.317946,0.333075,-0.042722,0.287513,0.362557,0.092654,0.301578,0.380232,-0.150989,0.339062,0.399417,0.108335,0.350941,0.41998,-0.186143,0.38444,0.358592,0.04806,0.387732,0.362913,-0.147172,0.390689,0.342902,0.048184,0.396779,0.347673,-0.168391,0.390685,0.336629,0.030372,0.393008,0.338135,-0.154704,0.388656,0.340404,0.038545,0.389292,0.34249,-0.141291,0.269664,0.546231,0.077203,0.284743,0.552966,-0.077336,0.246585,0.673265,0.117215,0.344181,0.64219,-0.038843,0.192575,0.76784,0.155426,0.360684,0.779773,-0.009366,0.177548,0.788054,0.157842,0.349328,0.804861,-0.006627,0.216121,0.80017,0.139172,0.392483,0.819982,-0.026737
EH_1_Lat_3.23.26,104,728.25,385.58,0,728.25,385.58,0.9758,737.95,385.65,0.9821,0.320983,0.321036,-0.02555,0.317195,0.308581,-0.022437,0.315764,0.307867,-0.022567,0.314398,0.307182,-0.022531,0.317333,0.308829,-0.04528,0.316131,0.308429,-0.045469,0.314834,0.308026,-0.045518,0.30577,0.309047,0.008144,0.3054,0.309976,-0.095559,0.314602,0.333809,-0.008279,0.314697,0.333713,-0.039429,0.283235,0.363631,0.093395,0.298001,0.38099,-0.146774,0.319876,0.400301,0.123828,0.348029,0.416729,-0.183768,0.353425,0.364687,0.103495,0.384349,0.35708,-0.141898,0.357775,0.358795,0.110028,0.393347,0.34386,-0.160884,0.359535,0.342429,0.091856,0.389295,0.33414,-0.147855,0.359426,0.344657,0.095102,0.385583,0.337751,-0.136367,0.267164,0.546907,0.075536,0.282401,0.553681,-0.075681,0.244321,0.675036,0.117076,0.342997,0.642509,-0.035347,0.190746,0.770562,0.153925,0.360335,0.779684,-0.006576,0.175514,0.791864,0.156122,0.349732,0.804673,-0.004015,0.216557,0.800153,0.137995,0.393139,0.818966,-0.025162
EH_1_Lat_3.23.26,105,726.54,381.94,0,726.54,381.94,0.9731,731.58,382.62,0.9805,0.317776,0.32193,-0.027191,0.31408,0.30901,-0.024381,0.312663,0.3082,-0.02451,0.311278,0.30745,-0.024474,0.314173,0.309307,-0.047507,0.31295,0.308856,-0.047691,0.311608,0.308406,-0.04774,0.302323,0.309409,0.007956,0.301624,0.310409,-0.097987,0.31105,0.335018,-0.009641,0.311062,0.334879,-0.040878,0.281773,0.364783,0.093182,0.293951,0.381375,-0.147772,0.32458,0.391853,0.114348,0.344904,0.413712,-0.192582,0.357902,0.35131,0.061167,0.38103,0.354281,-0.160167,0.366924,0.337215,0.06159,0.390531,0.340317,-0.183134,0.36515,0.328686,0.043813,0.386696,0.330423,-0.168651,0.360192,0.333109,0.051719,0.382878,0.334362,-0.15498,0.264601,0.546876,0.07578,0.279423,0.553352,-0.075923,0.241862,0.675155,0.127578,0.341375,0.642775,-0.037178,0.190027,0.772689,0.177197,0.36007,0.779542,-0.009348,0.175654,0.795599,0.180389,0.349437,0.805261,-0.007028,0.217485,0.799801,0.158698,0.392662,0.818279,-0.030207
EH_1_Lat_3.23.26,106,712.99,386.76,0,712.99,386.76,0.987,727.68,380.6,0.9806,0.314409,0.322359,-0.027418,0.310731,0.309102,-0.024372,0.309195,0.308257,-0.024501,0.307663,0.307488,-0.024464,0.310812,0.30943,-0.047519,0.309492,0.308961,-0.047705,0.308045,0.308486,-0.047755,0.298532,0.309547,0.008836,0.297808,0.310558,-0.098034,0.307588,0.335598,-0.009678,0.307658,0.33556,-0.041222,0.27869,0.365273,0.093923,0.290614,0.380714,-0.147947,0.32672,0.390927,0.114591,0.341573,0.411492,-0.195973,0.360408,0.348603,0.051778,0.378999,0.352407,-0.166083,0.371763,0.335727,0.051255,0.389569,0.339942,-0.190404,0.368347,0.326541,0.032538,0.385622,0.329438,-0.175099,0.360458,0.331247,0.041752,0.38178,0.333079,-0.160635,0.261966,0.547556,0.076293,0.277126,0.55369,-0.076433,0.239641,0.675435,0.126073,0.338727,0.642868,-0.038016,0.189947,0.773895,0.172197,0.359678,0.779486,-0.010052,0.175254,0.797103,0.174964,0.349204,0.805357,-0.007803,0.216393,0.799505,0.153137,0.39235,0.816914,-0.030302
EH_1_Lat_3.23.26,107,708.18,388.32,0,708.18,388.32,0.9866,720.92,378.96,0.9784,0.31122,0.322185,-0.03191,0.307448,0.308887,-0.028283,0.305936,0.308115,-0.028417,0.304466,0.307432,-0.028384,0.307703,0.309175,-0.051576,0.306491,0.308761,-0.05176,0.305125,0.30835,-0.05181,0.295314,0.309994,0.006754,0.294894,0.311018,-0.100067,0.305092,0.335063,-0.013422,0.305318,0.334894,-0.045002,0.279597,0.364991,0.089274,0.28425,0.380196,-0.148041,0.327581,0.388515,0.104006,0.33689,0.410179,-0.202381,0.361006,0.343657,0.036242,0.375479,0.35089,-0.186986,0.376036,0.330824,0.033459,0.386986,0.338969,-0.213886,0.371732,0.322771,0.014304,0.383379,0.327903,-0.200342,0.360994,0.327259,0.025832,0.379271,0.331746,-0.182692,0.259974,0.547224,0.076256,0.272313,0.55314,-0.076388,0.23798,0.675322,0.124406,0.335438,0.643142,-0.042969,0.188867,0.776109,0.168335,0.359114,0.779389,-0.017086,0.174918,0.7998,0.170643,0.34895,0.805225,-0.015448,0.214275,0.799265,0.14514,0.392053,0.812271,-0.045024
EH_1_Lat_3.23.26,108,706.23,384.45,0,706.23,384.45,0.992,717.58,378.89,0.9755,0.308463,0.32144,-0.039668,0.305043,0.308083,-0.035385,0.303607,0.307319,-0.035523,0.302154,0.306645,-0.03549,0.305209,0.308388,-0.058664,0.304049,0.307988,-0.058844,0.302669,0.307591,-0.058902,0.292842,0.309339,0.001164,0.292134,0.310395,-0.104758,0.302304,0.334326,-0.020453,0.302516,0.334139,-0.052065,0.277243,0.364572,0.082236,0.281083,0.379577,-0.150965,0.32683,0.387469,0.094202,0.333917,0.408421,-0.208228,0.362201,0.341209,0.026102,0.373739,0.350825,-0.19716,0.377503,0.329077,0.023081,0.385801,0.3393,-0.225219,0.372959,0.320177,0.003763,0.38197,0.327774,-0.211402,0.363349,0.324229,0.015712,0.377456,0.330803,-0.192933,0.25796,0.547233,0.076089,0.269841,0.553199,-0.07621,0.237087,0.675137,0.136538,0.332265,0.643184,-0.044106,0.188863,0.776594,0.192377,0.357745,0.779312,-0.018825,0.175818,0.80034,0.195673,0.348891,0.80603,-0.017352,0.214906,0.799117,0.167317,0.392031,0.80766,-0.050756
EH_1_Lat_3.23.26,109,710.99,374.61,0,710.99,374.61,0.966,712.45,381.04,0.9699,0.306049,0.321078,-0.043849,0.302552,0.307641,-0.038751,0.301084,0.306834,-0.038887,0.299629,0.306128,-0.038851,0.302672,0.307977,-0.062445,0.301472,0.307557,-0.062624,0.300108,0.307136,-0.062685,0.28988,0.30872,-7e-05,0.289267,0.309806,-0.107442,0.299878,0.333716,-0.023886,0.30006,0.333611,-0.056111,0.274256,0.364298,0.080222,0.277691,0.379158,-0.15513,0.325056,0.382677,0.088086,0.330277,0.406821,-0.218708,0.3635,0.342445,0.015701,0.371069,0.352818,-0.217086,0.377878,0.331121,0.011597,0.383553,0.341599,-0.247434,0.374256,0.322466,-0.008679,0.3808,0.330336,-0.233621,0.363987,0.327536,0.004726,0.37642,0.334278,-0.213101,0.255801,0.546024,0.076127,0.267031,0.552056,-0.076244,0.236782,0.673884,0.14098,0.327975,0.643151,-0.053109,0.188276,0.777005,0.20034,0.35606,0.779244,-0.030219,0.175791,0.801365,0.203737,0.348854,0.806525,-0.029291,0.214947,0.798955,0.172171,0.39179,0.801324,-0.069159
EH_1_Lat_3.23.26,110,710.63,373.91,0,710.63,373.91,0.9625,712.81,381.89,0.9677,0.303715,0.320921,-0.046184,0.300466,0.307409,-0.040649,0.299087,0.306592,-0.040783,0.297659,0.305877,-0.040747,0.300293,0.307809,-0.06459,0.298982,0.307413,-0.064768,0.297547,0.307023,-0.064832,0.288138,0.308643,-0.000809,0.286894,0.30964,-0.109109,0.297229,0.333466,-0.025803,0.297207,0.333395,-0.058386,0.270273,0.363601,0.079715,0.274895,0.377659,-0.157988,0.322078,0.383467,0.085949,0.328432,0.405,-0.221862,0.36488,0.346138,0.012433,0.371258,0.353603,-0.220782,0.378103,0.334465,0.008357,0.383969,0.343033,-0.25151,0.374294,0.324577,-0.01194,0.38109,0.330208,-0.236752,0.366059,0.328583,0.001461,0.376452,0.333704,-0.216446,0.253563,0.54494,0.076171,0.264066,0.551068,-0.076286,0.236054,0.673083,0.142398,0.323879,0.643219,-0.054512,0.18863,0.776838,0.200862,0.354194,0.779178,-0.029678,0.176521,0.800809,0.20426,0.348668,0.806635,-0.028424,0.21426,0.798843,0.172062,0.390823,0.795944,-0.067982
EH_1_Lat_3.23.26,111,715.83,376.54,0,715.83,376.54,0.982,714.37,382.98,0.9661,0.30064,0.319987,-0.054812,0.29781,0.306839,-0.049285,0.296382,0.305997,-0.049419,0.294971,0.30526,-0.049382,0.297515,0.307142,-0.073167,0.295997,0.306644,-0.073346,0.294432,0.306171,-0.073411,0.285434,0.307653,-0.008405,0.28383,0.308395,-0.11643,0.293911,0.333106,-0.033998,0.293688,0.333005,-0.066558,0.267385,0.362277,0.071925,0.271925,0.375998,-0.163445,0.319845,0.382119,0.074708,0.326887,0.403067,-0.228651,0.365796,0.349292,-0.000437,0.372067,0.354614,-0.234029,0.378353,0.339113,-0.005039,0.384844,0.344564,-0.266515,0.375048,0.329168,-0.026025,0.382576,0.332353,-0.250635,0.366141,0.33254,-0.01163,0.378384,0.33521,-0.229522,0.253431,0.544101,0.075475,0.261865,0.550413,-0.075577,0.235262,0.672144,0.136982,0.320532,0.643703,-0.053761,0.189014,0.776388,0.189552,0.352171,0.779137,-0.027399,0.176632,0.800205,0.192458,0.347954,0.806819,-0.025682,0.214029,0.798826,0.159196,0.390774,0.791063,-0.063476
EH_1_Lat_3.23.26,112,705.06,385.95,0,705.06,385.95,0.9884,713.37,384.1,0.965,0.299048,0.318346,-0.053069,0.296124,0.305902,-0.047471,0.294833,0.305136,-0.047599,0.293527,0.304407,-0.047559,0.295772,0.306067,-0.071559,0.294378,0.305498,-0.071743,0.292875,0.304874,-0.071808,0.283735,0.306673,-0.007077,0.282491,0.307043,-0.115874,0.292896,0.332024,-0.032499,0.292732,0.331877,-0.06527,0.265316,0.359514,0.073288,0.270106,0.373159,-0.165301,0.319371,0.38288,0.07809,0.325084,0.401253,-0.230964,0.36641,0.351758,0.004802,0.371548,0.355652,-0.235625,0.378408,0.342669,0.000971,0.385303,0.346138,-0.267627,0.375486,0.334891,-0.020735,0.383383,0.335231,-0.2521,0.367271,0.337328,-0.0066,0.378651,0.337318,-0.2311,0.252769,0.543746,0.075137,0.259462,0.549894,-0.075236,0.234043,0.67142,0.131681,0.317267,0.644038,-0.055785,0.189353,0.775527,0.183658,0.349011,0.779153,-0.026036,0.177246,0.798938,0.185686,0.346023,0.806836,-0.024177,0.213772,0.79834,0.13705,0.387358,0.786848,-0.06431
EH_1_Lat_3.23.26,113,706.58,390.7,0,706.58,390.7,0.9753,713.29,386.85,0.9587,0.296057,0.317379,-0.060223,0.293333,0.30513,-0.055039,0.29194,0.304178,-0.055166,0.290636,0.303217,-0.055126,0.292928,0.305251,-0.078986,0.291392,0.304475,-0.079162,0.289926,0.303635,-0.079221,0.281116,0.304441,-0.014389,0.27968,0.30487,-0.122739,0.289768,0.331297,-0.039411,0.289406,0.331121,-0.07206,0.264094,0.357013,0.065787,0.268325,0.370551,-0.171291,0.319514,0.381057,0.063558,0.323497,0.399917,-0.239452,0.366827,0.35206,-0.01612,0.371508,0.358199,-0.249305,0.378699,0.344083,-0.021961,0.385478,0.349707,-0.282899,0.378012,0.337347,-0.043807,0.384257,0.338804,-0.268195,0.369242,0.339081,-0.027831,0.379429,0.340703,-0.245329,0.251334,0.543247,0.075047,0.258704,0.549749,-0.07514,0.232394,0.670957,0.132647,0.314991,0.6458,-0.06258,0.189341,0.775291,0.182294,0.347867,0.779975,-0.038987,0.177292,0.799062,0.18431,0.344994,0.808491,-0.038285,0.212964,0.798273,0.140089,0.387105,0.784193,-0.085899
EH_1_Lat_3.23.26,114,700.68,396.68,0,700.68,396.68,0.9735,713.5,390.03,0.9542,0.295345,0.315519,-0.060385,0.292612,0.303651,-0.054664,0.291367,0.302621,-0.054786,0.289985,0.301588,-0.054741,0.292098,0.303847,-0.079056,0.290624,0.303037,-0.07923,0.288889,0.302102,-0.079283,0.279956,0.302974,-0.012454,0.278334,0.303295,-0.12267,0.289309,0.329794,-0.039001,0.288823,0.329625,-0.07221,0.260959,0.354977,0.068282,0.268447,0.368879,-0.171604,0.317825,0.379302,0.069573,0.32204,0.398223,-0.236706,0.366125,0.357552,-0.008647,0.371616,0.361139,-0.241601,0.378113,0.349615,-0.014085,0.385359,0.352855,-0.274568,0.378199,0.343522,-0.036651,0.384667,0.342909,-0.259988,0.369529,0.345884,-0.020548,0.380158,0.345015,-0.237451,0.24968,0.543072,0.075073,0.25785,0.549568,-0.075166,0.230579,0.670913,0.138678,0.310608,0.646436,-0.059837,0.189144,0.775107,0.191474,0.346826,0.780396,-0.034149,0.177562,0.798992,0.193962,0.34406,0.809104,-0.032811,0.212807,0.797571,0.153387,0.385444,0.780653,-0.075461
EH_1_Lat_3.23.26,115,698.06,401.89,0,698.06,401.89,0.9731,714.76,392.76,0.9542,0.293494,0.313636,-0.060689,0.290597,0.301737,-0.054811,0.289327,0.300617,-0.054932,0.288039,0.299518,-0.054883,0.289956,0.301886,-0.07962,0.288272,0.300951,-0.079799,0.286641,0.29993,-0.079851,0.277442,0.301056,-0.011978,0.275884,0.301251,-0.12403,0.287326,0.328168,-0.039076,0.286901,0.327932,-0.072809,0.259176,0.353202,0.070444,0.265024,0.366853,-0.174276,0.317186,0.381062,0.074492,0.32051,0.397504,-0.239778,0.366532,0.361507,-0.001894,0.372271,0.363663,-0.246253,0.378566,0.353508,-0.006371,0.385691,0.353516,-0.280217,0.379895,0.34688,-0.030319,0.385325,0.346235,-0.264894,0.371668,0.349372,-0.014236,0.380764,0.347868,-0.241811,0.248022,0.542865,0.075102,0.256392,0.54872,-0.075193,0.229755,0.670847,0.13586,0.307424,0.647561,-0.058221,0.188593,0.775412,0.183843,0.345929,0.780744,-0.03147,0.177004,0.799446,0.186043,0.343243,0.809649,-0.029991,0.211688,0.796726,0.14918,0.384738,0.778844,-0.074156
EH_1_Lat_3.23.26,116,700.93,407.63,0,700.93,407.63,0.9746,712.57,396.6,0.953,0.292228,0.312364,-0.060252,0.289147,0.300415,-0.055194,0.288077,0.299141,-0.055318,0.286823,0.297895,-0.05527,0.288404,0.300671,-0.079191,0.28705,0.29967,-0.07937,0.285394,0.298531,-0.079425,0.276283,0.299154,-0.015066,0.274773,0.299333,-0.123521,0.286524,0.326887,-0.039532,0.286005,0.326612,-0.072264,0.258216,0.351681,0.065759,0.263992,0.365754,-0.172313,0.315818,0.382053,0.069072,0.319719,0.398902,-0.232356,0.366408,0.364127,-0.00361,0.371129,0.367221,-0.232756,0.378272,0.355754,-0.007494,0.385283,0.360818,-0.264997,0.379986,0.350081,-0.030579,0.384427,0.355144,-0.249506,0.372149,0.350773,-0.015377,0.380264,0.3574,-0.228141,0.246614,0.542068,0.074569,0.255775,0.547287,-0.074649,0.22883,0.670215,0.14137,0.305239,0.64966,-0.057107,0.188803,0.775258,0.196813,0.344891,0.780716,-0.029808,0.177402,0.799074,0.199828,0.34119,0.809657,-0.028188,0.212526,0.796212,0.161594,0.384521,0.77693,-0.070769
EH_1_Lat_3.23.26,117,700.05,414.72,0,700.05,414.72,0.9779,708.39,402.38,0.9525,0.291412,0.310708,-0.060872,0.288509,0.298784,-0.055299,0.287435,0.297463,-0.05542,0.286179,0.296139,-0.055366,0.28776,0.299039,-0.079238,0.286348,0.297987,-0.079422,0.284569,0.296769,-0.079476,0.275531,0.297206,-0.013578,0.273617,0.297788,-0.122029,0.285753,0.325105,-0.039606,0.285123,0.324975,-0.072268,0.254883,0.3501,0.068196,0.264805,0.364552,-0.170873,0.309561,0.382577,0.073804,0.318206,0.398353,-0.230066,0.361178,0.365682,0.001822,0.368951,0.372575,-0.231451,0.372072,0.364176,-0.001853,0.382862,0.372453,-0.263733,0.376573,0.361836,-0.025376,0.382829,0.366619,-0.248627,0.370928,0.361084,-0.010091,0.377571,0.368785,-0.226867,0.24469,0.541004,0.074206,0.255484,0.545813,-0.07429,0.227805,0.669025,0.138101,0.302679,0.651662,-0.05634,0.188736,0.775553,0.188356,0.344028,0.780876,-0.029094,0.177401,0.799729,0.190892,0.340679,0.809991,-0.027285,0.213236,0.796114,0.15981,0.383248,0.774844,-0.069222
EH_1_Lat_3.23.26,118,698.85,425.51,0,698.85,425.51,0.9828,705.97,413.37,0.9531,0.290054,0.310156,-0.05798,0.287168,0.298037,-0.05222,0.286095,0.296682,-0.052342,0.284816,0.295303,-0.052292,0.286492,0.298304,-0.076334,0.285152,0.297241,-0.07652,0.283408,0.29597,-0.076578,0.27436,0.29628,-0.011769,0.27251,0.296894,-0.121727,0.284501,0.324431,-0.036918,0.283953,0.324257,-0.069762,0.254527,0.349857,0.068983,0.263498,0.363031,-0.170326,0.31028,0.383476,0.078685,0.316446,0.398228,-0.227347,0.36118,0.378296,0.008383,0.367694,0.38275,-0.225195,0.37183,0.381833,0.004997,0.381593,0.391315,-0.256969,0.376411,0.380174,-0.018606,0.382366,0.385797,-0.241919,0.371529,0.380653,-0.003536,0.376873,0.385693,-0.220468,0.24426,0.540596,0.074253,0.253659,0.544775,-0.074337,0.227299,0.668949,0.13672,0.30072,0.653654,-0.053039,0.188742,0.775748,0.18598,0.34276,0.780951,-0.02149,0.177473,0.799111,0.18834,0.339953,0.810065,-0.019863,0.213694,0.796535,0.155215,0.38139,0.773569,-0.068383
EH_1_Lat_3.23.26,119,689.46,435.29,0,689.46,435.29,0.9893,700.01,428.4,0.9518,0.289156,0.309542,-0.058766,0.286158,0.297249,-0.052786,0.285058,0.295947,-0.052906,0.283777,0.294662,-0.052856,0.285339,0.297601,-0.076552,0.28384,0.2966,-0.076742,0.281946,0.29541,-0.0768,0.273343,0.295943,-0.011279,0.271131,0.29658,-0.12,0.283639,0.32388,-0.037663,0.282938,0.323705,-0.070015,0.257311,0.34969,0.070602,0.262258,0.36251,-0.169692,0.312453,0.384448,0.078808,0.313731,0.399855,-0.225753,0.36199,0.388545,0.006659,0.364589,0.396665,-0.222041,0.37241,0.392172,0.00308,0.379214,0.404711,-0.25322,0.376388,0.391356,-0.021046,0.378985,0.40035,-0.239092,0.371986,0.391719,-0.005523,0.374659,0.3997,-0.217559,0.24301,0.540509,0.074231,0.252251,0.54431,-0.074316,0.227085,0.668818,0.135436,0.298358,0.655036,-0.051519,0.188717,0.776328,0.183512,0.341852,0.781192,-0.021288,0.177298,0.799175,0.185734,0.339329,0.810372,-0.019793,0.213675,0.796927,0.154293,0.380179,0.771147,-0.067566
EH_1_Lat_3.23.26,120,692.49,446.51,0,692.49,446.51,0.9896,693.34,450.81,0.9538,0.288508,0.309465,-0.057454,0.285799,0.2972,-0.051461,0.284613,0.295917,-0.051584,0.28337,0.294637,-0.051534,0.285069,0.297518,-0.075235,0.283412,0.296513,-0.075428,0.281566,0.295313,-0.075489,0.272631,0.29579,-0.009886,0.27042,0.296484,-0.119493,0.28185,0.323722,-0.036373,0.281286,0.323569,-0.068735,0.256982,0.34927,0.07203,0.263162,0.361711,-0.169178,0.310966,0.386097,0.081551,0.311522,0.402281,-0.22246,0.359728,0.402276,0.00955,0.361113,0.417417,-0.221751,0.370798,0.408249,0.006352,0.375779,0.424363,-0.251154,0.375471,0.406656,-0.018342,0.375257,0.418971,-0.236439,0.370334,0.404853,-0.002805,0.371597,0.417957,-0.216901,0.241457,0.540463,0.074029,0.251881,0.544222,-0.07412,0.226495,0.668773,0.130557,0.297077,0.658075,-0.042401,0.188324,0.776736,0.17241,0.341272,0.782052,-0.011009,0.176338,0.800792,0.173897,0.339028,0.812121,-0.009418,0.213955,0.796967,0.134732,0.378135,0.772175,-0.055169
EH_1_Lat_3.23.26,121,685.3,456.93,0,685.3,456.93,0.9742,688.2,463.58,0.9547,0.28781,0.309223,-0.066003,0.285174,0.296947,-0.059012,0.284097,0.295668,-0.059139,0.283064,0.29442,-0.059089,0.284207,0.297285,-0.082713,0.282383,0.296265,-0.08291,0.280501,0.295082,-0.082984,0.272711,0.295528,-0.012709,0.269316,0.296257,-0.120797,0.281791,0.323352,-0.043248,0.281029,0.32322,-0.075487,0.25784,0.348833,0.071941,0.261772,0.361693,-0.169753,0.310439,0.391072,0.080002,0.308904,0.410213,-0.222022,0.357979,0.412655,0.003377,0.358437,0.42924,-0.219222,0.369391,0.417258,-0.000256,0.373389,0.434547,-0.249178,0.373097,0.415678,-0.026054,0.374348,0.426822,-0.234956,0.368525,0.414444,-0.009447,0.369127,0.426695,-0.21447,0.241151,0.54021,0.074016,0.251326,0.54379,-0.074106,0.226622,0.668542,0.132839,0.296094,0.659939,-0.042157,0.18861,0.776411,0.180106,0.340639,0.783646,-0.010186,0.176057,0.800524,0.182154,0.338684,0.814506,-0.008563,0.214088,0.796593,0.139581,0.376819,0.770874,-0.055127
EH_1_Lat_3.23.26,122,676.57,471.68,0,676.57,471.68,0.9602,682.16,476.56,0.9575,0.287667,0.308949,-0.06612,0.284997,0.296711,-0.058901,0.283943,0.295445,-0.059035,0.282936,0.294236,-0.058989,0.284023,0.297039,-0.082989,0.282166,0.29599,-0.083185,0.280292,0.294795,-0.083258,0.272483,0.29532,-0.01208,0.26908,0.295925,-0.120904,0.281988,0.322777,-0.043342,0.281214,0.322684,-0.076054,0.259879,0.348952,0.072764,0.259925,0.36127,-0.171805,0.310492,0.396605,0.081558,0.305224,0.418251,-0.224672,0.357198,0.4252,0.006882,0.355292,0.441261,-0.225693,0.368432,0.432368,0.003665,0.369594,0.45241,-0.258451,0.372331,0.430668,-0.020149,0.3707,0.444163,-0.245526,0.367465,0.428858,-0.004858,0.366414,0.44141,-0.221657,0.241351,0.540034,0.074037,0.24961,0.543137,-0.074124,0.226411,0.668358,0.13298,0.295467,0.660624,-0.042948,0.188566,0.776482,0.181323,0.339016,0.783571,-0.01124,0.17588,0.80082,0.183378,0.337316,0.814348,-0.009671,0.214025,0.796403,0.139684,0.37517,0.770967,-0.056556
EH_1_Lat_3.23.26,123,671.56,485.81,0,671.56,485.81,0.9716,674.5,489.97,0.9594,0.287811,0.30895,-0.071713,0.285301,0.296732,-0.063422,0.284397,0.295475,-0.063565,0.283513,0.294276,-0.063524,0.284226,0.297059,-0.087907,0.282389,0.296005,-0.088107,0.280516,0.294794,-0.088186,0.273303,0.295345,-0.0127,0.269607,0.295741,-0.122693,0.282276,0.322641,-0.047523,0.281387,0.322556,-0.080686,0.261903,0.349008,0.073366,0.258365,0.360691,-0.17641,0.310672,0.402741,0.089975,0.30191,0.426369,-0.232196,0.355535,0.438775,0.02028,0.351301,0.453679,-0.236622,0.367349,0.447462,0.017254,0.364928,0.466816,-0.269943,0.371,0.445499,-0.01144,0.367233,0.458409,-0.258553,0.365719,0.442129,0.006605,0.362044,0.454881,-0.233063,0.242531,0.539918,0.074638,0.24864,0.542524,-0.07472,0.226707,0.668228,0.123397,0.296008,0.661724,-0.043578,0.18882,0.776566,0.164117,0.338731,0.783731,-0.0105,0.17583,0.800931,0.164915,0.337404,0.814201,-0.008912,0.213879,0.796823,0.114993,0.374124,0.768585,-0.05768
EH_1_Lat_3.23.26,124,664.3,501.04,0,664.3,501.04,0.9927,670.62,505.43,0.9603,0.287935,0.308977,-0.068721,0.285309,0.296747,-0.060451,0.284415,0.29551,-0.060592,0.283632,0.294324,-0.06055,0.284001,0.297077,-0.08472,0.282154,0.296031,-0.084917,0.28037,0.294827,-0.084995,0.273584,0.295408,-0.011739,0.269526,0.295619,-0.120173,0.281925,0.32259,-0.044844,0.280955,0.322466,-0.077776,0.263276,0.349233,0.078408,0.258125,0.360419,-0.175803,0.309974,0.408032,0.10393,0.300665,0.431554,-0.230377,0.352475,0.453057,0.04002,0.349281,0.467989,-0.234196,0.363545,0.465325,0.038899,0.362399,0.482789,-0.265608,0.367171,0.46315,0.009848,0.365343,0.473982,-0.25076,0.361685,0.459034,0.026464,0.35957,0.470275,-0.22948,0.242337,0.539877,0.074878,0.248971,0.54181,-0.074959,0.226822,0.667602,0.123791,0.295857,0.661458,-0.052644,0.188865,0.776398,0.164438,0.338828,0.784411,-0.025887,0.175708,0.801108,0.165166,0.337325,0.815384,-0.025238,0.213685,0.796374,0.121337,0.373802,0.768147,-0.080587
EH_1_Lat_3.23.26,125,657.24,515.74,0,657.24,515.74,0.9865,665.3,524.57,0.9631,0.28867,0.308958,-0.080896,0.286046,0.296753,-0.072097,0.285227,0.295534,-0.072236,0.284471,0.294365,-0.072189,0.284771,0.297043,-0.095782,0.282914,0.295973,-0.095983,0.281042,0.294749,-0.096063,0.274399,0.295309,-0.01934,0.270277,0.295443,-0.125681,0.282851,0.32235,-0.056089,0.281823,0.322241,-0.088153,0.264189,0.349891,0.074545,0.259811,0.360645,-0.177739,0.308443,0.417943,0.102169,0.301173,0.439215,-0.229831,0.348082,0.466501,0.035605,0.346509,0.485709,-0.228942,0.357317,0.481162,0.034006,0.356114,0.505331,-0.259642,0.360845,0.479648,0.006788,0.359372,0.498098,-0.24835,0.356284,0.474355,0.0226,0.355478,0.492503,-0.226098,0.24224,0.539744,0.074878,0.248919,0.541659,-0.074961,0.227052,0.667567,0.121382,0.296838,0.662044,-0.040529,0.18902,0.776435,0.160191,0.338621,0.78438,0.004239,0.175876,0.801192,0.160923,0.337337,0.815075,0.006871,0.21441,0.797178,0.115681,0.373142,0.769272,-0.042132
EH_1_Lat_3.23.26,126,648.11,531.49,0,648.11,531.49,0.9875,650.16,541.28,0.9572,0.289764,0.309224,-0.106877,0.287154,0.29708,-0.097037,0.286356,0.295849,-0.097181,0.28555,0.294675,-0.097146,0.28596,0.29726,-0.118917,0.284108,0.296098,-0.11908,0.28218,0.294802,-0.119147,0.275071,0.295363,-0.041984,0.271355,0.295517,-0.140773,0.283875,0.32237,-0.082669,0.282889,0.322246,-0.112417,0.266959,0.351212,0.044273,0.258151,0.360678,-0.186038,0.308019,0.423601,0.081596,0.296713,0.443738,-0.232274,0.345478,0.480664,0.034631,0.338623,0.501181,-0.226928,0.354226,0.497775,0.032998,0.344514,0.520977,-0.256217,0.356004,0.497634,0.005589,0.348206,0.51772,-0.24791,0.351957,0.49218,0.021873,0.344162,0.512836,-0.22489,0.244998,0.539697,0.06945,0.242527,0.541576,-0.069527,0.28615,0.66365,0.051622,0.234039,0.662768,-0.063753,0.32997,0.777694,0.063793,0.197892,0.781856,0.001549,0.329668,0.806944,0.059861,0.184777,0.80895,0.002891,0.360476,0.786651,-0.009948,0.228522,0.785735,-0.065161
EH_1_Lat_3.23.26,127,626.0,569.0,0,632.85,551.63,0.986,638.85,559.32,0.9584,0.290301,0.309404,-0.130262,0.287807,0.29714,-0.119101,0.2871,0.295982,-0.11925,0.286388,0.294865,-0.119213,0.286655,0.297265,-0.141684,0.284826,0.296106,-0.141853,0.282832,0.29481,-0.141927,0.276297,0.295399,-0.057988,0.271839,0.295574,-0.159889,0.284833,0.322382,-0.103995,0.283593,0.322248,-0.13471,0.270331,0.353045,0.035306,0.257973,0.361333,-0.203953,0.307246,0.432086,0.07528,0.296603,0.451499,-0.244457,0.340872,0.49265,0.024986,0.332736,0.517887,-0.238977,0.348462,0.510322,0.023846,0.338784,0.539274,-0.268113,0.35195,0.509159,-0.005774,0.34243,0.534532,-0.264571,0.347739,0.502879,0.011783,0.339072,0.526142,-0.238268,0.247673,0.539611,0.069871,0.241707,0.541442,-0.069945,0.294099,0.66195,0.058726,0.228092,0.663419,-0.084779,0.339579,0.778398,0.081207,0.189513,0.780145,-0.038782,0.331441,0.814186,0.078275,0.177312,0.806602,-0.038278,0.370809,0.78126,0.011114,0.220309,0.792012,-0.111914
EH_1_Lat_3.23.26,128,607.0,575.0,0,607.83,564.58,0.9874,615.96,573.23,0.9613,0.291335,0.310139,-0.117891,0.288801,0.297858,-0.10896,0.288032,0.296688,-0.109111,0.287289,0.295503,-0.109082,0.287533,0.297864,-0.130833,0.28578,0.296714,-0.131011,0.283832,0.295427,-0.131078,0.277218,0.295662,-0.055765,0.272877,0.295816,-0.153869,0.285713,0.322794,-0.093805,0.284442,0.322664,-0.123356,0.27306,0.354513,0.035683,0.25909,0.363308,-0.198603,0.306554,0.439036,0.071612,0.292258,0.459588,-0.239732,0.338603,0.50266,0.013672,0.320814,0.530771,-0.237057,0.346197,0.522953,0.010578,0.32797,0.552214,-0.266264,0.34866,0.521888,-0.019596,0.331253,0.548209,-0.264229,0.344853,0.514932,-0.000144,0.329368,0.540101,-0.23666,0.248022,0.539559,0.070255,0.244006,0.541424,-0.07033,0.26522,0.66229,0.070395,0.231338,0.660455,-0.075199,0.324757,0.78357,0.104013,0.258097,0.786296,-0.031554,0.291641,0.811903,0.103122,0.2462,0.814534,-0.029716,0.260772,0.788795,0.045627,0.292187,0.796922,-0.093462
EH_1_Lat_3.23.26,129,591.0,585.0,0,582.8,580.06,0.9909,594.91,583.48,0.9601,0.292097,0.311007,-0.100452,0.28925,0.298861,-0.092261,0.28835,0.297637,-0.092408,0.287471,0.296361,-0.092376,0.28821,0.298786,-0.114692,0.286589,0.29747,-0.114875,0.284712,0.296034,-0.114942,0.277737,0.295972,-0.042985,0.27386,0.296082,-0.14834,0.286494,0.323512,-0.077504,0.285352,0.3234,-0.107723,0.273658,0.355143,0.044321,0.260628,0.364684,-0.187897,0.304128,0.444087,0.071746,0.287468,0.467364,-0.217648,0.33274,0.514874,0.008583,0.309848,0.540263,-0.210586,0.339143,0.535337,0.005133,0.316017,0.560966,-0.2346,0.340923,0.537843,-0.022243,0.320174,0.558028,-0.237733,0.337354,0.530774,-0.004247,0.317204,0.549654,-0.211565,0.247047,0.539507,0.069463,0.246248,0.541383,-0.069551,0.241653,0.662886,0.085559,0.259537,0.660148,-0.065469,0.219797,0.783416,0.116843,0.321348,0.786206,-0.027726,0.202073,0.811661,0.115921,0.319032,0.814309,-0.027107,0.224757,0.79169,0.067551,0.356524,0.785662,-0.086929
EH_1_Lat_3.23.26,130,560.0,597.0,0,566.74,596.28,0.9927,563.35,597.26,0.9626,0.292859,0.311384,-0.111258,0.290347,0.29903,-0.10207,0.289758,0.297825,-0.102237,0.289146,0.296589,-0.102217,0.289079,0.298917,-0.124478,0.287356,0.297582,-0.124662,0.285248,0.296129,-0.124722,0.278991,0.296398,-0.049118,0.274118,0.296301,-0.150411,0.28742,0.323789,-0.087049,0.285862,0.323693,-0.117153,0.277653,0.357906,0.041703,0.260893,0.367556,-0.189605,0.303054,0.447138,0.073289,0.277289,0.474304,-0.22402,0.329512,0.521455,0.008922,0.29341,0.55302,-0.230356,0.334464,0.542788,0.005222,0.297748,0.57702,-0.256613,0.335359,0.544898,-0.022632,0.303978,0.57506,-0.261762,0.332232,0.538732,-0.004078,0.302859,0.566525,-0.232257,0.246874,0.538655,0.06973,0.247613,0.5409,-0.069816,0.234946,0.66297,0.088801,0.276936,0.65929,-0.066274,0.198332,0.783249,0.110686,0.336303,0.785946,-0.040728,0.184165,0.811584,0.108484,0.334792,0.814097,-0.041676,0.21762,0.792828,0.058322,0.370856,0.779666,-0.099244
EH_1_Lat_3.23.26,131,535.0,600.0,0,540.02,602.62,0.9937,544.17,606.1,0.9601,0.296264,0.311519,-0.104559,0.293871,0.299393,-0.095996,0.293447,0.298286,-0.096163,0.293027,0.297114,-0.096145,0.29243,0.299236,-0.117994,0.290826,0.297966,-0.118185,0.28857,0.296499,-0.118256,0.28273,0.296748,-0.045571,0.27731,0.296516,-0.144722,0.290704,0.323898,-0.081255,0.289148,0.323772,-0.110901,0.281216,0.3609,0.041865,0.261778,0.367822,-0.187671,0.301627,0.451802,0.073557,0.273698,0.475984,-0.218257,0.32622,0.528714,0.0106,0.283421,0.5612,-0.223005,0.329825,0.551288,0.007325,0.28892,0.584951,-0.246286,0.330978,0.553245,-0.019859,0.293558,0.583742,-0.260796,0.328487,0.545974,-0.002172,0.292312,0.575264,-0.22783,0.247179,0.537895,0.06989,0.248577,0.539986,-0.069975,0.232611,0.663061,0.093118,0.287642,0.657786,-0.070384,0.193189,0.783122,0.118681,0.340806,0.785692,-0.05234,0.179707,0.811482,0.116965,0.339891,0.814086,-0.05377,0.219459,0.795706,0.066545,0.376722,0.775797,-0.112502
EH_1_Lat_3.23.26,132,514.96,597.95,0,514.96,597.95,0.9954,527.43,605.2,0.9633,0.300094,0.312669,-0.153719,0.298451,0.300224,-0.145013,0.298146,0.299284,-0.14518,0.297842,0.298289,-0.14515,0.296914,0.299924,-0.167162,0.29523,0.298684,-0.167338,0.292897,0.297277,-0.167416,0.287632,0.297684,-0.089262,0.281537,0.297099,-0.188771,0.294754,0.324546,-0.128684,0.292798,0.324449,-0.158633,0.285951,0.364358,0.004283,0.262402,0.368206,-0.215569,0.300225,0.457067,0.055084,0.266734,0.478948,-0.232896,0.32241,0.533602,0.004543,0.274705,0.560366,-0.225312,0.325668,0.558851,0.001812,0.276948,0.584621,-0.247901,0.326538,0.561253,-0.026845,0.283195,0.581885,-0.25767,0.324121,0.553181,-0.008233,0.283114,0.574616,-0.228725,0.252722,0.536911,0.069188,0.247309,0.537881,-0.06925,0.291588,0.658794,0.05139,0.239333,0.659029,-0.077015,0.329526,0.782508,0.054657,0.201321,0.783148,-0.044135,0.315054,0.819564,0.049389,0.188191,0.808138,-0.044076,0.361335,0.789018,-0.015339,0.231974,0.791665,-0.10356
EH_1_Lat_3.23.26,133,488.87,605.45,0,488.87,605.45,0.9946,504.56,609.45,0.9642,0.304173,0.315394,-0.178155,0.303444,0.302461,-0.16775,0.303237,0.301588,-0.167911,0.3031,0.30064,-0.167868,0.301563,0.301987,-0.189381,0.299909,0.300619,-0.189556,0.297673,0.299074,-0.189628,0.293447,0.299277,-0.103114,0.286746,0.298096,-0.20043,0.298995,0.326255,-0.150038,0.296519,0.326068,-0.179348,0.290025,0.366368,-0.005745,0.263476,0.368609,-0.222098,0.299244,0.461285,0.041823,0.267098,0.479711,-0.240215,0.320503,0.542587,-0.012056,0.26279,0.564302,-0.229342,0.322376,0.56834,-0.015512,0.261182,0.592833,-0.251503,0.323049,0.57178,-0.045127,0.265614,0.592103,-0.261633,0.321568,0.563351,-0.025194,0.268235,0.58375,-0.233214,0.257521,0.53613,0.068881,0.246791,0.536592,-0.068942,0.301984,0.656859,0.043472,0.23302,0.661987,-0.073081,0.341062,0.782135,0.028446,0.190561,0.782132,-0.040773,0.339162,0.81725,0.02074,0.177786,0.805276,-0.039785,0.373844,0.784636,-0.057349,0.22082,0.796113,-0.10166
EH_1_Lat_3.23.26,134,471.32,608.66,0,471.32,608.66,0.9935,495.09,608.42,0.9531,0.309764,0.317802,-0.146965,0.309214,0.304185,-0.142418,0.308939,0.303305,-0.142444,0.308757,0.30237,-0.14237,0.307393,0.303706,-0.172423,0.305728,0.302399,-0.172617,0.303728,0.300969,-0.17267,0.299548,0.300903,-0.098732,0.292996,0.299793,-0.163316,0.305315,0.328092,-0.124291,0.302859,0.327893,-0.164919,0.29621,0.368188,0.015203,0.265286,0.368864,-0.183906,0.299966,0.463068,0.049473,0.263711,0.47966,-0.217631,0.318247,0.546439,-0.004177,0.25786,0.563348,-0.221757,0.319258,0.573722,-0.006745,0.258193,0.59303,-0.243325,0.320054,0.575768,-0.034495,0.261525,0.59197,-0.258257,0.318567,0.567652,-0.016902,0.263415,0.584479,-0.227568,0.258651,0.536749,0.069089,0.247543,0.536643,-0.069151,0.255809,0.659443,0.066043,0.279369,0.655562,-0.080854,0.214379,0.781824,0.077617,0.318212,0.782388,-0.062979,0.202332,0.814572,0.074145,0.317576,0.809078,-0.064276,0.241186,0.789622,0.010202,0.352884,0.791097,-0.133656
EH_1_Lat_3.23.26,135,442.33,596.08,0,442.33,596.08,0.9948,450.27,603.33,0.9559,0.316512,0.319691,-0.143841,0.315558,0.306456,-0.128861,0.315233,0.305736,-0.129051,0.31504,0.304957,-0.128984,0.313761,0.305985,-0.152538,0.312128,0.304932,-0.152785,0.310279,0.303784,-0.152869,0.306292,0.303883,-0.055384,0.2995,0.30313,-0.135583,0.311938,0.330488,-0.113917,0.31016,0.33005,-0.145841,0.30186,0.371732,0.035731,0.269164,0.370497,-0.164931,0.299702,0.466375,0.074166,0.25389,0.477864,-0.215999,0.316734,0.55567,0.016354,0.234514,0.55864,-0.247837,0.31773,0.581066,0.0121,0.229324,0.585757,-0.275727,0.318641,0.584355,-0.017469,0.233449,0.589484,-0.286105,0.317633,0.577091,0.002737,0.235691,0.581731,-0.253113,0.259225,0.538093,0.069259,0.248855,0.538382,-0.069323,0.242255,0.662579,0.082367,0.300713,0.654692,-0.078477,0.19482,0.781593,0.103507,0.33948,0.782402,-0.064917,0.18138,0.811551,0.099893,0.33892,0.810161,-0.066968,0.224889,0.794405,0.025818,0.376069,0.784571,-0.135243
EH_1_Lat_3.23.26,136,414.99,590.19,0,414.99,590.19,0.9944,423.59,592.01,0.9601,0.32368,0.322465,-0.124467,0.322189,0.30945,-0.113454,0.321791,0.308759,-0.113624,0.32153,0.307964,-0.113575,0.320468,0.309195,-0.136939,0.318725,0.308384,-0.137158,0.316804,0.307433,-0.137234,0.312867,0.30789,-0.052992,0.306093,0.307113,-0.134395,0.318766,0.333639,-0.098292,0.317275,0.333322,-0.130048,0.306193,0.378298,0.03869,0.271859,0.372254,-0.164752,0.300525,0.470862,0.07751,0.246346,0.472966,-0.216968,0.316439,0.559395,0.018129,0.220618,0.548156,-0.258548,0.318397,0.58525,0.013663,0.214577,0.573066,-0.28797,0.319471,0.588412,-0.017295,0.220062,0.577115,-0.297249,0.3176,0.579937,0.00362,0.22333,0.570127,-0.263764,0.260857,0.53896,0.069109,0.249143,0.538446,-0.069161,0.240145,0.663969,0.063243,0.304734,0.652301,-0.091738,0.19274,0.779504,0.081943,0.343961,0.783013,-0.073068,0.186189,0.811401,0.07869,0.341186,0.811443,-0.074657,0.202239,0.798558,0.006873,0.379141,0.783527,-0.151057
EH_1_Lat_3.23.26,137,397.23,571.68,0,397.23,571.68,0.9936,398.86,582.66,0.964,0.330565,0.328843,-0.139506,0.328708,0.315551,-0.127495,0.328324,0.315028,-0.127662,0.328132,0.314374,-0.127611,0.326941,0.315028,-0.148819,0.325134,0.314233,-0.149017,0.32316,0.313275,-0.14909,0.319307,0.315058,-0.061937,0.312122,0.313922,-0.150712,0.324936,0.339841,-0.111401,0.323522,0.339496,-0.140113,0.312137,0.384968,0.027017,0.27564,0.374031,-0.165545,0.301338,0.475543,0.066388,0.240912,0.46923,-0.215638,0.31725,0.561819,0.004181,0.207739,0.539496,-0.24741,0.318054,0.587478,-0.000669,0.198579,0.562283,-0.275697,0.320003,0.59112,-0.034377,0.202637,0.566905,-0.282633,0.317973,0.582708,-0.011529,0.206785,0.560498,-0.251233,0.261927,0.53894,0.068411,0.248716,0.538113,-0.068451,0.241097,0.66431,0.057001,0.30616,0.651245,-0.097004,0.192844,0.777864,0.072621,0.342801,0.783499,-0.080132,0.179479,0.800591,0.069039,0.34023,0.812524,-0.082114,0.201035,0.798102,-0.002997,0.377352,0.78259,-0.160732
EH_1_Lat_3.23.26,138,376.67,563.67,0,376.67,563.67,0.9937,383.05,572.85,0.9676,0.336613,0.333738,-0.130287,0.334491,0.321031,-0.118716,0.334064,0.320424,-0.118896,0.333741,0.319741,-0.118855,0.332837,0.320435,-0.140912,0.331182,0.319535,-0.141107,0.329336,0.318601,-0.141175,0.324193,0.319877,-0.057058,0.318347,0.319322,-0.152932,0.331141,0.344402,-0.103747,0.32982,0.344233,-0.133532,0.317236,0.390836,0.029294,0.279773,0.378037,-0.167649,0.301857,0.478019,0.067808,0.237243,0.467097,-0.217387,0.317138,0.561858,0.005902,0.199505,0.530416,-0.262294,0.318293,0.587799,0.001629,0.188032,0.551557,-0.291417,0.320729,0.590597,-0.030192,0.190492,0.555275,-0.303782,0.318891,0.581357,-0.008873,0.19536,0.548844,-0.268867,0.261402,0.538954,0.070592,0.249002,0.538113,-0.070614,0.241162,0.665457,0.061288,0.310836,0.649988,-0.088205,0.194384,0.77603,0.089018,0.344626,0.783533,-0.065025,0.178949,0.797829,0.086278,0.341029,0.81356,-0.065952,0.216042,0.798588,0.022077,0.380368,0.780364,-0.134628
EH_1_Lat_3.23.26,139,366.13,536.48,0,366.13,536.48,0.9921,364.04,563.94,0.9708,0.342617,0.338802,-0.139252,0.339942,0.326847,-0.126717,0.339334,0.326219,-0.12691,0.338871,0.325526,-0.126866,0.338214,0.32656,-0.149195,0.336361,0.325902,-0.149392,0.334416,0.325203,-0.149455,0.329234,0.326423,-0.061294,0.323284,0.326478,-0.15995,0.337201,0.349305,-0.111431,0.335631,0.349575,-0.14148,0.322434,0.397932,0.02505,0.28374,0.383025,-0.170295,0.30213,0.481175,0.063099,0.234117,0.461648,-0.216245,0.317012,0.564004,-0.002522,0.189606,0.522167,-0.254854,0.318895,0.588571,-0.007992,0.178199,0.545345,-0.283043,0.321514,0.59115,-0.0417,0.181444,0.550319,-0.295482,0.319476,0.582902,-0.018339,0.186212,0.544306,-0.261361,0.263364,0.539187,0.071625,0.24917,0.5383,-0.071626,0.244285,0.665627,0.068095,0.313407,0.649295,-0.0915,0.195197,0.773353,0.095908,0.345032,0.783944,-0.066874,0.180912,0.792652,0.093386,0.340506,0.814536,-0.067673,0.218,0.799681,0.03051,0.382003,0.779813,-0.136823
EH_1_Lat_3.23.26,140,363.93,512.49,0,363.93,512.49,0.996,351.52,534.36,0.9737,0.349069,0.34514,-0.186022,0.345977,0.333443,-0.17362,0.345221,0.332844,-0.173828,0.344603,0.332202,-0.173778,0.344614,0.333456,-0.196754,0.342881,0.332966,-0.196957,0.341095,0.332419,-0.197015,0.334712,0.333879,-0.104944,0.329921,0.334946,-0.207746,0.344066,0.35564,-0.156938,0.342735,0.356092,-0.187944,0.326512,0.403375,-0.012248,0.288534,0.390491,-0.21191,0.303529,0.482535,0.0382,0.231137,0.449641,-0.242985,0.318243,0.564317,-0.017383,0.183085,0.494781,-0.291664,0.321185,0.588663,-0.022009,0.169563,0.511751,-0.321413,0.323898,0.590811,-0.057756,0.172657,0.524409,-0.337613,0.321798,0.582184,-0.033767,0.177927,0.52048,-0.30019,0.264426,0.539161,0.072047,0.249253,0.538339,-0.072039,0.249707,0.665655,0.080112,0.315543,0.648778,-0.089593,0.197891,0.769076,0.113256,0.345403,0.785037,-0.060642,0.182435,0.784204,0.11018,0.340178,0.815728,-0.061418,0.221741,0.801369,0.036879,0.382064,0.779766,-0.126186
EH_1_Lat_3.23.26,141,350.49,495.38,0,350.49,495.38,0.9942,349.0,499.39,0.9763,0.354454,0.358784,-0.210943,0.351122,0.346922,-0.198781,0.35022,0.34634,-0.198998,0.349419,0.345707,-0.198956,0.349922,0.34685,-0.222044,0.348182,0.346391,-0.222252,0.346275,0.345953,-0.222319,0.339357,0.347158,-0.130086,0.334674,0.349057,-0.234053,0.349414,0.368911,-0.181901,0.348217,0.368861,-0.213189,0.330739,0.410748,-0.037418,0.293489,0.398805,-0.237146,0.305294,0.489193,0.011905,0.235528,0.433003,-0.290346,0.319755,0.569607,-0.035981,0.181771,0.462395,-0.361222,0.323203,0.591478,-0.039538,0.165872,0.472873,-0.394287,0.326204,0.592785,-0.075685,0.167506,0.483871,-0.409147,0.323978,0.585942,-0.05248,0.17319,0.482469,-0.370144,0.265849,0.539229,0.071746,0.249374,0.539575,-0.071748,0.256452,0.666357,0.080954,0.317882,0.648765,-0.087015,0.20031,0.76592,0.114569,0.344906,0.784975,-0.042641,0.18408,0.777447,0.111389,0.339968,0.815561,-0.042009,0.222028,0.802406,0.040185,0.382245,0.779662,-0.116842
EH_1_Lat_3.23.26,142,345.84,467.21,0,345.84,467.21,0.9949,582.18,598.26,0.9722,0.358998,0.368312,-0.072894,0.354636,0.354636,-0.064137,0.353398,0.353903,-0.064321,0.352278,0.353253,-0.064282,0.354139,0.355742,-0.087136,0.352591,0.355876,-0.087323,0.350984,0.356,-0.087386,0.343406,0.355738,-0.025653,0.341124,0.359289,-0.12862,0.354061,0.378492,-0.054396,0.353481,0.379106,-0.085521,0.319986,0.402821,0.047712,0.31701,0.419261,-0.170026,0.290414,0.480101,0.087154,0.285157,0.478781,-0.215578,0.294377,0.553182,0.039447,0.303218,0.553946,-0.218714,0.294046,0.576817,0.037767,0.309912,0.57117,-0.243835,0.297844,0.577544,0.013427,0.315725,0.570241,-0.235048,0.298387,0.56956,0.028453,0.311693,0.564227,-0.215374,0.259877,0.538172,0.071769,0.254743,0.54305,-0.071775,0.260064,0.667665,0.081229,0.321122,0.647703,-0.075168,0.201386,0.764399,0.093287,0.345857,0.784917,-0.047577,0.184967,0.775247,0.090229,0.341676,0.815423,-0.046956,0.218559,0.802273,0.038179,0.383938,0.779737,-0.104464
EH_1_Lat_3.23.26,143,353.38,436.62,0,353.38,436.62,0.9932,394.48,465.95,0.9749,0.364314,0.378264,-0.079373,0.359803,0.365936,-0.081248,0.358499,0.365265,-0.081421,0.357236,0.364585,-0.081385,0.359649,0.366778,-0.101731,0.358329,0.366796,-0.101923,0.356974,0.36677,-0.101999,0.348122,0.368896,-0.029991,0.347011,0.371581,-0.136821,0.359245,0.389132,-0.067239,0.358732,0.389633,-0.093125,0.326961,0.428475,0.051516,0.316243,0.42506,-0.165937,0.30196,0.501245,0.106101,0.258113,0.438493,-0.243548,0.298315,0.568258,0.072816,0.20546,0.431439,-0.3376,0.304631,0.584198,0.074802,0.188725,0.430706,-0.371923,0.304756,0.585568,0.043287,0.187545,0.433412,-0.378696,0.304395,0.580901,0.058525,0.1947,0.434939,-0.344197,0.260563,0.542373,0.073306,0.255668,0.547324,-0.073352,0.262214,0.670692,0.072076,0.324565,0.645548,-0.082277,0.200689,0.76287,0.084779,0.346975,0.784888,-0.06557,0.184676,0.7745,0.0814,0.340911,0.815387,-0.066462,0.220574,0.803462,0.019456,0.384916,0.780038,-0.129913
EH_1_Lat_3.23.26,144,362.0,420.0,0,364.56,411.34,0.9933,402.52,433.52,0.9774,0.369002,0.391423,-0.138025,0.364321,0.379481,-0.12766,0.363258,0.378667,-0.127842,0.362243,0.377913,-0.127814,0.363668,0.380658,-0.151278,0.362064,0.380824,-0.151478,0.360402,0.380984,-0.151538,0.35309,0.38182,-0.064911,0.350115,0.385736,-0.174254,0.364657,0.401577,-0.11386,0.363895,0.402407,-0.14541,0.324425,0.428065,0.018568,0.31874,0.434132,-0.182818,0.308392,0.503273,0.062269,0.252178,0.416177,-0.254392,0.315128,0.574273,0.025565,0.209647,0.401409,-0.322735,0.31632,0.587649,0.026484,0.190418,0.39805,-0.352374,0.322118,0.589229,-0.006241,0.20471,0.415983,-0.35975,0.321558,0.584638,0.010136,0.208785,0.4231,-0.328534,0.260591,0.545572,0.073013,0.258654,0.551477,-0.07308,0.261802,0.673121,0.074907,0.330098,0.643876,-0.065112,0.199577,0.762675,0.091191,0.348139,0.784839,-0.03467,0.182644,0.774114,0.08809,0.341074,0.815321,-0.033708,0.220426,0.804904,0.028236,0.384991,0.781379,-0.084753
EH_1_Lat_3.23.26,145,387.0,403.0,0,391.51,387.33,0.9951,405.46,409.23,0.9796,0.373603,0.401502,-0.151327,0.368931,0.390128,-0.13898,0.367754,0.389307,-0.139148,0.366558,0.388518,-0.139111,0.368575,0.391154,-0.163723,0.367143,0.391286,-0.163921,0.365639,0.391329,-0.163981,0.356836,0.393327,-0.075898,0.355393,0.395739,-0.188511,0.369055,0.412229,-0.125553,0.368454,0.412904,-0.158974,0.329097,0.441186,0.004689,0.325497,0.444696,-0.196109,0.318149,0.5138,0.04039,0.255174,0.406158,-0.270765,0.325049,0.573798,0.001469,0.211177,0.378917,-0.344465,0.321437,0.587381,0.002275,0.193263,0.365508,-0.374692,0.327841,0.587286,-0.030174,0.192305,0.369975,-0.384063,0.328795,0.585887,-0.013998,0.19755,0.376575,-0.351523,0.260786,0.55036,0.07297,0.26156,0.554452,-0.073048,0.260976,0.676475,0.076595,0.333909,0.642995,-0.0661,0.197075,0.763204,0.094377,0.35035,0.784801,-0.03791,0.180224,0.776154,0.0913,0.343078,0.815216,-0.037999,0.219854,0.805111,0.031029,0.384998,0.782699,-0.090138
EH_1_Lat_3.23.26,146,401.0,378.0,0,401.75,374.58,0.9953,421.74,392.53,0.9817,0.378252,0.411029,-0.186065,0.374157,0.399065,-0.173888,0.373265,0.398369,-0.174053,0.372276,0.397719,-0.174001,0.373431,0.399927,-0.197098,0.372085,0.39994,-0.197299,0.370597,0.399864,-0.197355,0.36225,0.401668,-0.110351,0.359574,0.404832,-0.215395,0.374187,0.421448,-0.159543,0.372935,0.422753,-0.190951,0.328177,0.443,-0.024917,0.331136,0.454695,-0.216054,0.326445,0.517709,0.017649,0.255485,0.40224,-0.27356,0.334366,0.574379,-0.018148,0.219655,0.363455,-0.332284,0.328666,0.587445,-0.017813,0.203312,0.345279,-0.360185,0.334374,0.58711,-0.050048,0.201499,0.349202,-0.370665,0.335541,0.586939,-0.033224,0.208046,0.355792,-0.339387,0.261669,0.552617,0.071878,0.267511,0.560266,-0.072002,0.25999,0.679179,0.075429,0.338249,0.643444,-0.052841,0.195234,0.763604,0.09169,0.351909,0.785114,-0.013237,0.178059,0.777893,0.08858,0.343372,0.815183,-0.011624,0.218705,0.806154,0.029915,0.384902,0.785409,-0.060321
EH_1_Lat_3.23.26,147,432.27,364.45,0,432.27,364.45,0.9918,438.11,382.68,0.9835,0.382564,0.416369,-0.1761,0.378418,0.404856,-0.163759,0.377431,0.404353,-0.163934,0.376408,0.403871,-0.163892,0.377708,0.405505,-0.186145,0.376187,0.405629,-0.186349,0.374536,0.405715,-0.186415,0.366147,0.408778,-0.100808,0.363528,0.411139,-0.201874,0.378356,0.427779,-0.149753,0.37726,0.428744,-0.180017,0.340239,0.458607,-0.017515,0.333562,0.459058,-0.207776,0.334507,0.527103,0.032096,0.264262,0.401151,-0.262421,0.342541,0.581577,0.005166,0.228183,0.354338,-0.311277,0.342143,0.590385,0.011382,0.214524,0.338317,-0.338133,0.347219,0.590094,-0.020441,0.213779,0.336841,-0.347857,0.347932,0.590706,-0.009067,0.219879,0.344965,-0.318066,0.267014,0.558291,0.071711,0.271663,0.564472,-0.07184,0.259313,0.681856,0.075801,0.343636,0.64336,-0.058046,0.192708,0.764215,0.083927,0.352904,0.785179,-0.037411,0.174611,0.778809,0.079723,0.343735,0.815127,-0.037445,0.217385,0.806575,0.018068,0.387223,0.790638,-0.086152
EH_1_Lat_3.23.26,148,450.0,363.0,0,452.27,356.41,0.9914,447.22,371.96,0.9851,0.386952,0.420775,-0.186834,0.382685,0.409472,-0.173557,0.381716,0.409052,-0.173738,0.380722,0.408683,-0.173687,0.381875,0.409928,-0.196911,0.380286,0.409971,-0.197111,0.378592,0.410032,-0.197188,0.370369,0.41359,-0.105994,0.367694,0.415572,-0.211739,0.383018,0.432881,-0.158909,0.38184,0.433648,-0.190527,0.340713,0.46243,-0.017779,0.334748,0.458891,-0.215225,0.339193,0.531631,0.042987,0.273582,0.396641,-0.275765,0.352382,0.583506,0.067883,0.232926,0.344407,-0.334555,0.361369,0.587361,0.078352,0.221188,0.325901,-0.362028,0.362242,0.587389,0.044528,0.221011,0.327993,-0.371578,0.359581,0.59018,0.053682,0.226165,0.33523,-0.341804,0.273617,0.562458,0.072379,0.274076,0.566576,-0.072519,0.259111,0.684556,0.069176,0.348637,0.643647,-0.073822,0.191958,0.764371,0.073374,0.354007,0.785987,-0.0599,0.178567,0.789175,0.068822,0.344497,0.815213,-0.060955,0.215591,0.806248,-0.002071,0.385639,0.794725,-0.126051
EH_1_Lat_3.23.26,149,472.0,349.0,0,474.21,351.09,0.9882,465.31,371.87,0.9865,0.390909,0.423354,-0.208873,0.386354,0.412401,-0.196397,0.385421,0.412082,-0.19655,0.384484,0.411868,-0.196509,0.385479,0.412846,-0.219341,0.383835,0.413171,-0.219536,0.382081,0.413598,-0.219616,0.374971,0.416609,-0.125709,0.371206,0.419987,-0.23097,0.38755,0.435676,-0.179609,0.386476,0.436666,-0.211092,0.354609,0.474034,-0.028873,0.333097,0.450991,-0.222035,0.349134,0.527998,0.08628,0.282186,0.396128,-0.253885,0.361745,0.576689,0.175841,0.242347,0.344327,-0.246634,0.371176,0.581145,0.199771,0.226596,0.324155,-0.260274,0.37248,0.581667,0.16649,0.222759,0.322836,-0.270656,0.370891,0.581964,0.164465,0.226895,0.330068,-0.252714,0.295623,0.570225,0.07076,0.27412,0.567107,-0.07081,0.34734,0.659284,-0.004048,0.268471,0.677576,-0.132023,0.344011,0.773136,-0.039908,0.199305,0.78013,-0.131301,0.335038,0.800978,-0.048969,0.182715,0.796938,-0.133994,0.379283,0.806677,-0.11825,0.22298,0.80115,-0.215739
EH_1_Lat_3.23.26,150,486.0,343.0,0,488.64,345.92,0.9874,482.52,358.44,0.9873,0.396338,0.424988,-0.184782,0.391484,0.41377,-0.172496,0.390621,0.413196,-0.172648,0.389718,0.412738,-0.172608,0.390438,0.41467,-0.195174,0.388873,0.414729,-0.195352,0.387185,0.414853,-0.19542,0.380026,0.416999,-0.106089,0.377189,0.419524,-0.209543,0.39277,0.436578,-0.157315,0.391422,0.437678,-0.188285,0.359166,0.469617,-0.020663,0.339144,0.452375,-0.216926,0.354933,0.527285,0.079672,0.288082,0.391246,-0.244728,0.371211,0.57392,0.11504,0.251314,0.33189,-0.258169,0.382031,0.577671,0.127216,0.234602,0.312983,-0.278095,0.382235,0.578092,0.096934,0.226364,0.311584,-0.287779,0.380645,0.577298,0.102986,0.233058,0.318635,-0.264236,0.29754,0.571706,0.06578,0.279677,0.571543,-0.065811,0.357876,0.652936,0.022064,0.260917,0.687712,-0.108002,0.355311,0.780581,0.012906,0.192926,0.774159,-0.115278,0.343724,0.804036,0.006811,0.17601,0.786109,-0.106886,0.38694,0.809015,-0.056111,0.212049,0.805407,-0.213447
EH_1_Lat_3.23.26,151,493.0,343.0,0,498.39,341.14,0.9933,504.73,355.94,0.988,0.400779,0.423207,-0.178821,0.396706,0.412731,-0.170492,0.395954,0.412321,-0.170635,0.395118,0.412029,-0.170629,0.395766,0.413193,-0.19125,0.394293,0.413245,-0.19146,0.392635,0.413313,-0.191515,0.385908,0.415914,-0.096357,0.382793,0.418463,-0.207978,0.397872,0.434554,-0.153696,0.396689,0.43532,-0.182075,0.365155,0.466813,-0.00267,0.348348,0.454758,-0.203153,0.360396,0.522545,0.143075,0.299381,0.39308,-0.239278,0.382727,0.569219,0.217569,0.262882,0.329571,-0.262931,0.389022,0.577457,0.238863,0.247276,0.310002,-0.284238,0.391017,0.576599,0.2061,0.241839,0.308243,-0.29248,0.388764,0.576901,0.20565,0.248549,0.315592,-0.268753,0.298427,0.571352,0.066639,0.288174,0.570487,-0.066661,0.323884,0.664287,0.04132,0.302752,0.679328,-0.101222,0.288238,0.786976,0.042766,0.258307,0.775108,-0.083138,0.27545,0.80631,0.037981,0.245819,0.789936,-0.070475,0.310798,0.817241,-0.024283,0.27891,0.819507,-0.132426
EH_1_Lat_3.23.26,152,510.0,341.0,0,510.73,344.86,0.9904,519.73,355.88,0.9891,0.405452,0.418251,-0.091919,0.400659,0.40796,-0.081344,0.399773,0.407753,-0.081516,0.398777,0.407677,-0.081471,0.400044,0.408243,-0.10353,0.398748,0.408429,-0.103739,0.397243,0.408707,-0.103829,0.389639,0.413763,-0.029069,0.387947,0.415181,-0.132062,0.403233,0.430528,-0.070505,0.402383,0.431334,-0.100559,0.370743,0.471224,0.052637,0.355208,0.454517,-0.156055,0.370357,0.523985,0.192712,0.308108,0.395097,-0.230238,0.38776,0.564252,0.272446,0.270694,0.329523,-0.288608,0.390862,0.564917,0.295875,0.255613,0.309401,-0.31263,0.393858,0.565604,0.264142,0.253617,0.309233,-0.317455,0.391931,0.567429,0.261096,0.258952,0.316641,-0.294402,0.302551,0.572619,0.071894,0.299013,0.572305,-0.071961,0.294492,0.678438,0.045956,0.363357,0.67702,-0.095377,0.216952,0.776601,0.031387,0.341246,0.782229,-0.064735,0.19838,0.786563,0.02583,0.32846,0.796955,-0.053755,0.232012,0.816297,-0.029511,0.364999,0.820521,-0.090206
EH_1_Lat_3.23.26,153,523.53,347.32,0,523.53,347.32,0.9875,525.17,351.75,0.9901,0.411186,0.41682,-0.104043,0.406769,0.406977,-0.092826,0.405653,0.406971,-0.092976,0.404455,0.407061,-0.092914,0.406439,0.407326,-0.114605,0.405178,0.407612,-0.11479,0.4038,0.407897,-0.114839,0.394373,0.413843,-0.037595,0.393721,0.414638,-0.136055,0.40817,0.428998,-0.081035,0.407759,0.429554,-0.110366,0.375169,0.469925,0.038181,0.358213,0.450699,-0.155061,0.378337,0.522118,0.073198,0.309366,0.389046,-0.214358,0.398876,0.558281,-0.002072,0.273526,0.32569,-0.272051,0.403477,0.556831,-0.008898,0.260067,0.306476,-0.296427,0.40485,0.555974,-0.033029,0.25992,0.307451,-0.305041,0.403444,0.558855,-0.015075,0.26484,0.31554,-0.279173,0.308573,0.573396,0.072213,0.306885,0.57271,-0.072292,0.291591,0.684345,0.043975,0.375994,0.6749,-0.093195,0.208152,0.76772,0.015931,0.355451,0.78971,-0.061854,0.189351,0.771436,0.008719,0.330083,0.81039,-0.053648,0.217565,0.815101,-0.053776,0.383298,0.829306,-0.094993
EH_1_Lat_3.23.26,154,522.52,343.76,0,522.52,343.76,0.994,535.68,356.98,0.9904,0.417128,0.412798,-0.117948,0.41223,0.402568,-0.10657,0.411139,0.402614,-0.106739,0.409983,0.402732,-0.106684,0.411865,0.402991,-0.129298,0.410588,0.403344,-0.129489,0.409172,0.403661,-0.129548,0.400368,0.409889,-0.048622,0.399183,0.410715,-0.149889,0.414562,0.425119,-0.093185,0.414191,0.425726,-0.123875,0.38831,0.470154,0.03308,0.36593,0.448226,-0.162318,0.385621,0.519662,0.126345,0.315902,0.391018,-0.193472,0.40631,0.548753,0.198139,0.278998,0.330535,-0.207043,0.411838,0.550452,0.217969,0.266054,0.312126,-0.222259,0.413256,0.546279,0.190885,0.264713,0.311376,-0.229694,0.411296,0.547077,0.188646,0.269399,0.318358,-0.212684,0.322925,0.57708,0.070453,0.312371,0.573914,-0.070464,0.3769,0.678083,0.027501,0.307051,0.687637,-0.108307,0.350954,0.783599,0.01768,0.22519,0.764743,-0.08376,0.336685,0.796274,0.012122,0.206664,0.764131,-0.081317,0.375419,0.823873,-0.049323,0.223103,0.821671,-0.143346
EH_1_Lat_3.23.26,155,539.0,359.0,0,534.78,352.58,0.99,536.7,361.94,0.9894,0.423117,0.408808,-0.112886,0.418357,0.39875,-0.100129,0.417357,0.398742,-0.10027,0.416317,0.398788,-0.100229,0.418072,0.399209,-0.122277,0.416817,0.399635,-0.122445,0.41538,0.400088,-0.122497,0.407281,0.405589,-0.039976,0.405256,0.407479,-0.140418,0.42093,0.420733,-0.088508,0.420458,0.421317,-0.118773,0.396813,0.466058,0.033796,0.369464,0.444819,-0.151505,0.393354,0.516645,0.132038,0.317628,0.387584,-0.177146,0.415503,0.54142,0.181892,0.279531,0.335131,-0.184994,0.420594,0.542137,0.197727,0.267397,0.318263,-0.20007,0.422613,0.540171,0.171126,0.266628,0.315501,-0.208538,0.420124,0.540215,0.171899,0.270539,0.322992,-0.19098,0.331077,0.57929,0.069422,0.319786,0.574342,-0.069413,0.387539,0.67586,0.027727,0.301748,0.69125,-0.125543,0.360438,0.789511,0.017526,0.22293,0.750704,-0.094842,0.334962,0.812955,0.011622,0.212197,0.747324,-0.092634,0.360265,0.829797,-0.052479,0.211992,0.818465,-0.153543
EH_1_Lat_3.23.26,156,550.0,374.0,0,539.73,363.22,0.9882,542.22,370.08,0.9876,0.428276,0.405649,-0.1211,0.423475,0.395334,-0.105282,0.422485,0.395248,-0.10539,0.421512,0.395211,-0.105361,0.423257,0.395815,-0.125069,0.42197,0.396256,-0.125198,0.420584,0.396721,-0.125259,0.413005,0.401768,-0.044489,0.410749,0.404269,-0.149099,0.425994,0.417453,-0.095755,0.425596,0.418036,-0.123724,0.402422,0.460619,0.023048,0.376129,0.443384,-0.16204,0.397096,0.516148,0.117614,0.32272,0.390111,-0.194234,0.416653,0.532126,0.139994,0.282407,0.342665,-0.211954,0.42424,0.535743,0.151586,0.269895,0.328346,-0.229682,0.425443,0.532692,0.124086,0.268291,0.326295,-0.23935,0.422778,0.532501,0.128988,0.271856,0.33164,-0.218475,0.339044,0.579984,0.067279,0.32808,0.576052,-0.067278,0.394771,0.675752,0.029824,0.304027,0.694139,-0.120534,0.362641,0.793726,0.03035,0.234128,0.742273,-0.084014,0.339224,0.81938,0.025453,0.219116,0.728964,-0.081725,0.360113,0.834951,-0.039356,0.21446,0.809338,-0.142232
EH_1_Lat_3.23.26,157,552.0,384.0,0,543.62,376.56,0.9942,558.31,383.07,0.988,0.434213,0.40502,-0.064293,0.429536,0.393894,-0.051676,0.42844,0.393483,-0.05179,0.427372,0.393168,-0.051724,0.429353,0.394352,-0.075288,0.428147,0.394516,-0.075502,0.426889,0.394741,-0.075562,0.418006,0.39872,0.000729,0.416912,0.401034,-0.106811,0.431591,0.416636,-0.042708,0.431499,0.417275,-0.074354,0.402869,0.459554,0.072778,0.392317,0.442378,-0.137482,0.4034,0.507462,0.169214,0.330944,0.393489,-0.185824,0.420581,0.524803,0.204151,0.290784,0.354696,-0.210097,0.425347,0.527335,0.220977,0.274982,0.341742,-0.225855,0.428384,0.52536,0.19438,0.273093,0.340284,-0.23272,0.427729,0.526665,0.193242,0.278889,0.345947,-0.21474,0.339777,0.577619,0.069476,0.342994,0.579989,-0.069572,0.349793,0.686811,0.017234,0.393025,0.687628,-0.089852,0.283383,0.746229,-0.073098,0.352083,0.777783,-0.041782,0.26893,0.731995,-0.08519,0.334606,0.782919,-0.036434,0.234926,0.797303,-0.137712,0.373495,0.833373,-0.056248
EH_1_Lat_3.23.26,158,553.0,402.0,0,551.59,397.53,0.9898,564.28,383.71,0.9884,0.439,0.403138,-0.086467,0.434426,0.392495,-0.074493,0.433643,0.392311,-0.074644,0.432888,0.392166,-0.074591,0.433556,0.392817,-0.097041,0.432138,0.393139,-0.097256,0.43057,0.393625,-0.097337,0.423873,0.39853,-0.01935,0.420309,0.400564,-0.121475,0.435856,0.416146,-0.063836,0.435071,0.416813,-0.09414,0.412666,0.457977,0.058766,0.393737,0.440983,-0.149446,0.415852,0.502165,0.197032,0.335662,0.399233,-0.213566,0.430053,0.510378,0.291895,0.293896,0.355289,-0.280822,0.437371,0.514091,0.318138,0.277938,0.345069,-0.301345,0.438104,0.51204,0.2886,0.277072,0.34081,-0.30696,0.435776,0.512429,0.281819,0.282436,0.347506,-0.285845,0.348587,0.578396,0.06986,0.35105,0.582555,-0.069989,0.341581,0.69331,0.026928,0.405624,0.685339,-0.067933,0.280413,0.728488,-0.041889,0.365007,0.788449,0.001976,0.268611,0.713012,-0.051833,0.349916,0.797627,0.009176,0.234378,0.776469,-0.103944,0.385479,0.841217,-0.011582
EH_1_Lat_3.23.26,159,552.0,421.0,0,547.5,415.22,0.9934,567.19,402.21,0.9874,0.444771,0.39677,-0.036189,0.439696,0.387949,-0.025364,0.43884,0.388131,-0.025488,0.438035,0.388264,-0.025428,0.439096,0.388627,-0.048673,0.437859,0.389417,-0.048891,0.436593,0.390295,-0.048939,0.430325,0.394449,0.019637,0.428181,0.397646,-0.085623,0.442343,0.409107,-0.017367,0.441789,0.410381,-0.048587,0.413904,0.45447,0.09207,0.408596,0.440497,-0.127556,0.417216,0.497405,0.227317,0.342884,0.412118,-0.199253,0.433371,0.500391,0.320569,0.295411,0.37242,-0.242751,0.440196,0.505247,0.34843,0.278783,0.362054,-0.256464,0.44148,0.501692,0.321845,0.277139,0.361526,-0.260466,0.441557,0.505383,0.311361,0.283548,0.366391,-0.2462,0.351853,0.577811,0.072832,0.361,0.585203,-0.073003,0.352986,0.698955,0.024604,0.409989,0.686329,-0.068015,0.280358,0.720366,-0.041913,0.366631,0.790328,-0.010337,0.267896,0.703398,-0.050631,0.352217,0.800366,-0.004432,0.246298,0.766113,-0.091667,0.389931,0.842479,-0.023186
EH_1_Lat_3.23.26,160,561.0,453.0,0,553.66,437.71,0.9709,682.91,493.28,0.9737,0.44949,0.3889,-0.032492,0.443786,0.379986,-0.022682,0.443007,0.380207,-0.022824,0.442289,0.380343,-0.022791,0.443105,0.380967,-0.045122,0.441908,0.381993,-0.04533,0.440658,0.383192,-0.045395,0.435931,0.38638,0.02214,0.433556,0.390775,-0.079714,0.448185,0.400765,-0.013799,0.447106,0.402089,-0.04396,0.420818,0.446162,0.094281,0.417443,0.439808,-0.130227,0.414269,0.481807,0.206219,0.366649,0.436494,-0.231037,0.432642,0.492972,0.268476,0.35568,0.456738,-0.315221,0.436945,0.503235,0.28695,0.349442,0.452088,-0.343134,0.438382,0.501953,0.262232,0.356886,0.460081,-0.335548,0.437334,0.503642,0.25959,0.358558,0.463691,-0.314745,0.362336,0.576632,0.075049,0.368065,0.584207,-0.075206,0.368648,0.700879,0.029239,0.414001,0.687078,-0.073877,0.293663,0.711371,-0.011729,0.366463,0.79248,-0.046079,0.280966,0.693953,-0.02126,0.351552,0.801745,-0.041689,0.250528,0.761632,-0.043586,0.388709,0.846248,-0.050283
EH_1_Lat_3.23.26,161,570.0,481.0,0,566.02,479.46,0.9919,697.07,509.37,0.9438,0.455686,0.378882,-0.027336,0.45035,0.370928,-0.017376,0.449616,0.371333,-0.017489,0.448919,0.371635,-0.017444,0.449721,0.372143,-0.03985,0.448599,0.373457,-0.040059,0.447431,0.374876,-0.040116,0.442403,0.377993,0.028926,0.440804,0.381939,-0.072154,0.455128,0.391597,-0.00778,0.454084,0.39302,-0.037867,0.424917,0.4401,0.09766,0.42454,0.439269,-0.118633,0.411319,0.483219,0.173383,0.372138,0.451126,-0.189044,0.429572,0.499419,0.134766,0.363058,0.471639,-0.225327,0.434121,0.504282,0.134865,0.358874,0.469232,-0.248088,0.436471,0.500732,0.117363,0.364522,0.47082,-0.242495,0.435561,0.501007,0.125879,0.365498,0.472488,-0.22422,0.370141,0.575693,0.075291,0.371681,0.582156,-0.075416,0.387202,0.698013,0.032975,0.416057,0.688312,-0.098987,0.313472,0.707338,-0.001161,0.367687,0.792268,-0.084614,0.299181,0.689241,-0.002861,0.351922,0.801519,-0.082011,0.281884,0.757809,-0.016408,0.385111,0.847873,-0.102554
EH_1_Lat_3.23.26,162,590.0,511.0,0,591.31,514.95,0.9919,628.56,513.26,0.9492,0.462459,0.370867,-0.036348,0.456919,0.362708,-0.029335,0.456198,0.362968,-0.029429,0.455502,0.363191,-0.029506,0.456396,0.363731,-0.040447,0.455252,0.364875,-0.040784,0.454054,0.36609,-0.04117,0.448983,0.369775,-0.015458,0.447265,0.372997,-0.099247,0.461518,0.384016,-0.02702,0.460496,0.385406,-0.04391,0.43329,0.433785,0.064574,0.428497,0.438917,-0.15593,0.417553,0.478974,0.179579,0.368618,0.462985,-0.225962,0.423482,0.502996,0.282756,0.327373,0.475243,-0.278367,0.425489,0.508307,0.308921,0.316597,0.4791,-0.301563,0.42785,0.505975,0.283094,0.318977,0.483189,-0.306515,0.427931,0.506351,0.274908,0.321925,0.482395,-0.282332,0.377663,0.572164,0.075168,0.376341,0.581882,-0.075291,0.404906,0.697828,0.068671,0.417644,0.691683,-0.075192,0.332583,0.705292,0.074721,0.368993,0.792804,-0.037391,0.317527,0.689309,0.073557,0.35194,0.801279,-0.032612,0.309981,0.761552,0.04852,0.384046,0.847512,-0.057198
EH_1_Lat_3.23.26,163,629.0,547.0,0,629.31,548.24,0.9906,637.89,541.09,0.9539,0.468069,0.363361,-0.083343,0.46271,0.356117,-0.079073,0.461946,0.356395,-0.07916,0.461166,0.356655,-0.079113,0.462193,0.357115,-0.09829,0.46112,0.358163,-0.098478,0.459961,0.359297,-0.098618,0.453657,0.363111,-0.048127,0.452903,0.365965,-0.146915,0.467208,0.376887,-0.070972,0.466377,0.378201,-0.097459,0.436358,0.426044,0.018621,0.434572,0.437195,-0.195116,0.406733,0.478489,0.029431,0.379925,0.478213,-0.25275,0.340345,0.504779,-0.02085,0.332232,0.501009,-0.288565,0.326627,0.513446,-0.030235,0.315862,0.51397,-0.319627,0.325763,0.511988,-0.05082,0.315882,0.516247,-0.32453,0.330283,0.511626,-0.030798,0.320848,0.513233,-0.292272,0.386211,0.569474,0.079705,0.383452,0.580872,-0.079752,0.419048,0.689453,0.107904,0.422428,0.692527,-0.07679,0.351702,0.706916,0.148878,0.370025,0.792907,-0.034362,0.334444,0.696575,0.150026,0.352979,0.800931,-0.029354,0.337489,0.766606,0.125513,0.385612,0.847769,-0.061019
EH_1_Lat_3.23.26,164,661.0,579.0,0,658.46,583.72,0.9689,671.88,573.06,0.9583,0.47414,0.358619,-0.075569,0.468775,0.351432,-0.066441,0.46782,0.35175,-0.066541,0.466843,0.352045,-0.066478,0.468533,0.352272,-0.090319,0.46747,0.353166,-0.090501,0.466317,0.354092,-0.090567,0.458959,0.359101,-0.017554,0.458809,0.361108,-0.130559,0.471869,0.37257,-0.055097,0.471416,0.373948,-0.08745,0.441053,0.420756,0.058431,0.443279,0.43238,-0.183848,0.407739,0.478849,0.082065,0.393059,0.492211,-0.243362,0.360321,0.506882,0.040736,0.349938,0.530607,-0.283431,0.361255,0.528902,0.036243,0.335626,0.548763,-0.315529,0.362213,0.524469,0.014914,0.335877,0.553099,-0.318604,0.363071,0.521593,0.030315,0.340459,0.547035,-0.28654,0.399857,0.569422,0.083906,0.390399,0.579879,-0.083926,0.435772,0.683836,0.110857,0.428432,0.692056,-0.090606,0.369319,0.711765,0.181482,0.369788,0.792588,-0.06156,0.352321,0.706923,0.185959,0.354854,0.800734,-0.059056,0.364682,0.769099,0.169144,0.386539,0.849313,-0.096566
EH_1_Lat_3.23.26,165,711.0,614.0,0,707.94,616.18,0.9892,710.13,614.7,0.962,0.482082,0.357724,-0.081383,0.476001,0.348752,-0.071945,0.474843,0.348852,-0.072062,0.473676,0.348997,-0.072006,0.475752,0.349394,-0.095077,0.474512,0.349923,-0.09526,0.47321,0.350482,-0.095326,0.465074,0.356063,-0.02024,0.464692,0.357494,-0.13055,0.478203,0.370598,-0.060482,0.477668,0.371581,-0.091744,0.446832,0.417267,0.051037,0.450637,0.427071,-0.178862,0.414066,0.480825,0.07534,0.406519,0.503315,-0.215317,0.360677,0.531825,0.049248,0.369858,0.569169,-0.218944,0.373108,0.547661,0.049108,0.357894,0.589561,-0.245137,0.37446,0.548215,0.028566,0.360192,0.59528,-0.247311,0.373717,0.541081,0.040067,0.36472,0.587722,-0.220416,0.410979,0.569431,0.082149,0.399614,0.579539,-0.082091,0.460181,0.665805,0.127541,0.430455,0.694759,-0.086962,0.398529,0.709964,0.214493,0.372367,0.791808,-0.049615,0.385512,0.705897,0.221251,0.355478,0.799868,-0.045222,0.39135,0.755204,0.216306,0.386843,0.847183,-0.073256
EH_1_Lat_3.23.26,166,754.7,641.5,0,754.7,641.5,0.9941,757.64,641.37,0.965,0.489054,0.353471,-0.085195,0.483201,0.343586,-0.075225,0.481878,0.343632,-0.07535,0.480511,0.34377,-0.075299,0.482973,0.344007,-0.098136,0.481604,0.344395,-0.098319,0.48013,0.344844,-0.098387,0.471887,0.350243,-0.022947,0.471259,0.351343,-0.129852,0.484406,0.365812,-0.063705,0.483935,0.366661,-0.094644,0.451615,0.412579,0.050814,0.457112,0.420104,-0.176589,0.424913,0.482344,0.082344,0.418836,0.498256,-0.216537,0.38782,0.561975,0.06438,0.394605,0.593857,-0.235129,0.382897,0.582879,0.064907,0.388281,0.616731,-0.261102,0.384874,0.582729,0.043934,0.393447,0.620133,-0.26354,0.388553,0.575148,0.05538,0.395366,0.613351,-0.237004,0.420374,0.569234,0.080399,0.409102,0.578578,-0.080293,0.475241,0.643454,0.102953,0.432113,0.696423,-0.101149,0.422258,0.717624,0.172435,0.373642,0.791168,-0.075079,0.406169,0.714608,0.176899,0.35709,0.797371,-0.072182,0.427149,0.759016,0.162043,0.384173,0.849597,-0.104707
EH_1_Lat_3.23.26,167,823.97,664.09,0,823.97,664.09,0.9953,824.23,627.02,0.9001,0.493462,0.348641,-0.063809,0.487722,0.339301,-0.052385,0.486295,0.339376,-0.052502,0.484968,0.339448,-0.052453,0.487499,0.339655,-0.07758,0.486014,0.340011,-0.077758,0.48449,0.340293,-0.07784,0.476424,0.345297,0.001446,0.475169,0.346596,-0.113231,0.488298,0.362382,-0.041155,0.487722,0.363179,-0.075198,0.457217,0.405438,0.075968,0.464755,0.415148,-0.17426,0.431726,0.481483,0.088857,0.440402,0.491618,-0.216992,0.412909,0.554012,0.07906,0.429284,0.580576,-0.225287,0.406838,0.570487,0.080592,0.425445,0.600225,-0.250718,0.410081,0.569334,0.059623,0.427804,0.600197,-0.247551,0.413696,0.563823,0.069614,0.42908,0.593937,-0.224591,0.425167,0.565955,0.080981,0.417125,0.576525,-0.080935,0.489054,0.627667,0.089054,0.435801,0.702123,-0.107927,0.444612,0.721853,0.139505,0.375016,0.7913,-0.091822,0.430437,0.723844,0.141818,0.357824,0.795941,-0.090454,0.459218,0.761663,0.116571,0.384336,0.849363,-0.132865
EH_1_Lat_3.23.26,168,887.0,660.0,0,894.32,662.28,0.9941,883.54,627.17,0.8454,0.496215,0.347161,0.009293,0.491808,0.336688,0.022355,0.490544,0.336482,0.022268,0.489415,0.336319,0.022326,0.491933,0.336879,-0.003372,0.490807,0.336854,-0.00354,0.489695,0.336721,-0.003598,0.481648,0.341212,0.073839,0.480994,0.34166,-0.042819,0.491376,0.360353,0.030641,0.491339,0.360613,-0.004211,0.46063,0.399823,0.144749,0.471861,0.40807,-0.117798,0.441397,0.482298,0.159944,0.461942,0.499427,-0.153459,0.439204,0.54907,0.099751,0.460176,0.580716,-0.111974,0.438338,0.570079,0.102332,0.460577,0.605609,-0.130335,0.441497,0.563721,0.081108,0.461022,0.601904,-0.125414,0.4427,0.562591,0.089875,0.459512,0.595423,-0.109459,0.432331,0.562531,0.084081,0.425857,0.571264,-0.084103,0.501592,0.613694,0.082368,0.439603,0.704991,-0.134524,0.469753,0.723406,0.130816,0.376531,0.791425,-0.09907,0.456857,0.731021,0.132932,0.359847,0.794394,-0.095151,0.493785,0.766395,0.109863,0.382484,0.850347,-0.130869
EH_1_Lat_3.23.26,169,957.73,651.31,0,957.73,651.31,0.9901,946.31,630.45,0.8151,0.504983,0.3458,-0.036289,0.499742,0.334181,-0.025373,0.498259,0.333824,-0.025486,0.496834,0.333557,-0.025424,0.500018,0.334434,-0.050199,0.498834,0.334328,-0.050377,0.497707,0.334203,-0.050447,0.48804,0.338678,0.025703,0.488562,0.339219,-0.084259,0.499843,0.358696,-0.014436,0.499985,0.359139,-0.048193,0.46656,0.397735,0.102623,0.475814,0.407137,-0.129968,0.452875,0.482484,0.144322,0.483581,0.503858,-0.179453,0.459085,0.553189,0.067415,0.49287,0.583752,-0.134293,0.457325,0.565631,0.066749,0.496649,0.608685,-0.154838,0.460476,0.559855,0.046966,0.500151,0.606131,-0.148423,0.460816,0.55771,0.057859,0.498862,0.598412,-0.131304,0.437539,0.559656,0.083356,0.430116,0.567626,-0.083381,0.511014,0.600476,0.128244,0.439949,0.704587,-0.125862,0.49878,0.724962,0.191738,0.376624,0.791378,-0.088661,0.4873,0.737783,0.194632,0.360954,0.793655,-0.093931,0.527588,0.763177,0.174417,0.384318,0.851153,-0.114129
EH_1_Lat_3.23.26,170,1021.53,628.16,0,1021.53,628.16,0.9914,1012.0,631.34,0.8192,0.511107,0.345197,-0.043748,0.506732,0.332928,-0.033325,0.505336,0.332204,-0.033428,0.504023,0.331584,-0.033356,0.5067,0.333126,-0.057742,0.505383,0.332608,-0.057914,0.504129,0.3321,-0.057991,0.495055,0.335862,0.017296,0.494754,0.336203,-0.093057,0.505256,0.356838,-0.021668,0.505368,0.357285,-0.055003,0.472478,0.393957,0.096486,0.484291,0.403578,-0.140178,0.456044,0.476088,0.125881,0.505316,0.506011,-0.17574,0.461727,0.549238,0.047785,0.527082,0.584573,-0.129008,0.460873,0.563273,0.045562,0.532465,0.608122,-0.153052,0.46377,0.556631,0.025278,0.538286,0.605195,-0.143195,0.465487,0.554573,0.038166,0.536566,0.595935,-0.124801,0.44607,0.554975,0.082552,0.43867,0.564442,-0.082573,0.521209,0.595369,0.133128,0.441584,0.704538,-0.142842,0.525918,0.724593,0.20907,0.377735,0.791368,-0.084024,0.518085,0.742138,0.213316,0.362859,0.793321,-0.081598,0.557525,0.749222,0.189748,0.382516,0.852384,-0.114073
EH_1_Lat_3.23.26,171,1082.66,608.08,0,1082.66,608.08,0.9869,1073.21,611.96,0.8294,0.517358,0.345282,-0.034455,0.513326,0.331727,-0.024484,0.512033,0.331002,-0.024594,0.510841,0.330361,-0.024513,0.513115,0.331956,-0.048755,0.511778,0.331502,-0.048938,0.510503,0.331086,-0.049024,0.502035,0.3335,0.025425,0.5014,0.334409,-0.085264,0.511415,0.356317,-0.012236,0.51118,0.357036,-0.045536,0.476422,0.390222,0.106719,0.492621,0.402902,-0.140541,0.459207,0.467128,0.15031,0.525505,0.497975,-0.168595,0.458432,0.538917,0.100896,0.558963,0.566634,-0.127391,0.45734,0.55434,0.102878,0.565764,0.587298,-0.152273,0.462775,0.554227,0.083492,0.57184,0.581667,-0.138225,0.46368,0.551345,0.093171,0.568363,0.574847,-0.121687,0.455407,0.551387,0.081878,0.446797,0.562001,-0.081905,0.532038,0.590197,0.108708,0.441774,0.702613,-0.133664,0.553467,0.719625,0.159047,0.378898,0.791416,-0.083155,0.547949,0.742164,0.161033,0.364079,0.792854,-0.079122,0.587806,0.731539,0.13117,0.382618,0.852844,-0.121611
EH_1_Lat_3.23.26,172,1124.78,563.39,0,1124.78,563.39,0.9856,1121.65,584.6,0.835,0.523585,0.343532,-0.027648,0.520995,0.330023,-0.018853,0.519816,0.329262,-0.018966,0.5186,0.328452,-0.018896,0.520583,0.330168,-0.042619,0.519245,0.329567,-0.042808,0.517799,0.328802,-0.042903,0.509285,0.329873,0.027223,0.508374,0.330397,-0.081971,0.517425,0.354317,-0.006761,0.517108,0.354967,-0.039532,0.484666,0.388095,0.105922,0.501705,0.399579,-0.141371,0.467113,0.454723,0.186898,0.540772,0.488385,-0.179352,0.472654,0.530149,0.212349,0.584193,0.541298,-0.153893,0.470266,0.543208,0.226806,0.594549,0.557998,-0.180436,0.474284,0.537877,0.202611,0.598776,0.552577,-0.165035,0.47614,0.52927,0.204268,0.594467,0.546809,-0.148268,0.464112,0.550773,0.08136,0.455246,0.560133,-0.081392,0.54233,0.588096,0.098731,0.442329,0.700939,-0.131326,0.578623,0.707103,0.153167,0.37986,0.792221,-0.09037,0.575977,0.735755,0.156085,0.365551,0.793224,-0.086579,0.613218,0.707406,0.125257,0.381933,0.855345,-0.138663
EH_1_Lat_3.23.26,173,1164.0,524.0,0,1167.0,507.25,0.9924,1162.93,550.2,0.8348,0.530262,0.342087,-0.04254,0.52859,0.328618,-0.029271,0.527495,0.327816,-0.029426,0.526467,0.326991,-0.029365,0.528028,0.328656,-0.05165,0.52663,0.327967,-0.051868,0.52525,0.327188,-0.051943,0.517643,0.32789,0.021877,0.515699,0.32879,-0.096709,0.52449,0.352476,-0.020852,0.524022,0.35282,-0.051958,0.490764,0.37643,0.093185,0.507748,0.394005,-0.160035,0.515548,0.409932,0.17295,0.558649,0.464893,-0.20097,0.546338,0.440678,0.116403,0.605693,0.509447,-0.177631,0.551818,0.440003,0.1159,0.620059,0.541121,-0.192547,0.553231,0.438652,0.094501,0.623102,0.516853,-0.196988,0.553397,0.439736,0.106678,0.616962,0.503262,-0.177193,0.474918,0.54866,0.081282,0.46369,0.556871,-0.081318,0.555008,0.587726,0.116191,0.44233,0.700495,-0.125385,0.597929,0.695661,0.196003,0.381197,0.792261,-0.081516,0.597908,0.727506,0.200036,0.366765,0.793142,-0.075615,0.62976,0.685865,0.156564,0.381938,0.855006,-0.12876
EH_1_Lat_3.23.26,174,1182.0,470.0,0,1183.28,455.24,0.9765,1175.86,490.56,0.8208,0.536704,0.343795,-0.033751,0.534742,0.330544,-0.026014,0.533495,0.329785,-0.026151,0.532339,0.329033,-0.026114,0.534496,0.330714,-0.049191,0.53324,0.33016,-0.049367,0.532032,0.329524,-0.049447,0.523556,0.329406,0.015921,0.522872,0.330669,-0.095903,0.531706,0.35375,-0.014997,0.531455,0.354186,-0.047199,0.500625,0.376119,0.087438,0.511654,0.391433,-0.155204,0.518308,0.385967,0.186094,0.563595,0.43044,-0.234943,0.542153,0.394934,0.228919,0.612427,0.454222,-0.270929,0.545366,0.393492,0.242277,0.610849,0.455216,-0.303571,0.547321,0.392368,0.221573,0.610437,0.443145,-0.291662,0.548381,0.394238,0.221862,0.605537,0.438538,-0.268718,0.487126,0.549074,0.077325,0.474246,0.55582,-0.077382,0.566967,0.587927,0.106855,0.443022,0.695311,-0.123789,0.615508,0.687462,0.172489,0.383658,0.792085,-0.078653,0.61621,0.717843,0.175021,0.369553,0.791023,-0.073377,0.643697,0.675195,0.132007,0.381531,0.853513,-0.131008
EH_1_Lat_3.23.26,175,1216.0,417.0,0,1189.5,446.3,0.9788,1202.6,463.13,0.8201,0.54668,0.340571,-0.040981,0.544229,0.327926,-0.032156,0.543067,0.327228,-0.032274,0.541775,0.326455,-0.032216,0.543929,0.328222,-0.056062,0.542687,0.327816,-0.056237,0.541412,0.327247,-0.056309,0.532217,0.327015,0.014628,0.531562,0.328154,-0.097284,0.542226,0.350843,-0.020143,0.541943,0.351291,-0.053171,0.515981,0.379937,0.091168,0.522365,0.383056,-0.155288,0.5439,0.403327,0.154787,0.577516,0.406739,-0.226161,0.600551,0.420839,0.087651,0.626355,0.428826,-0.254092,0.596708,0.438927,0.086985,0.633312,0.442485,-0.275054,0.599117,0.437746,0.062177,0.632682,0.43444,-0.280637,0.60578,0.426532,0.075753,0.629732,0.42758,-0.260749,0.499258,0.549791,0.077248,0.485682,0.555169,-0.077301,0.579545,0.589326,0.109049,0.445173,0.686859,-0.121715,0.630002,0.681877,0.183924,0.388208,0.791094,-0.06457,0.628689,0.708491,0.187453,0.375609,0.787942,-0.060109,0.657045,0.67163,0.137513,0.383912,0.852239,-0.127
EH_1_Lat_3.23.26,176,1212.83,364.76,0,1212.83,364.76,0.9492,1221.37,366.31,0.8362,0.554908,0.339113,-0.067211,0.552267,0.326537,-0.056753,0.551327,0.32575,-0.056878,0.550477,0.324924,-0.056816,0.551582,0.326774,-0.082198,0.550193,0.326245,-0.082367,0.54881,0.325584,-0.082464,0.542447,0.325265,0.002996,0.539454,0.326055,-0.11579,0.550569,0.349007,-0.041096,0.549812,0.348964,-0.076563,0.533349,0.381599,0.075075,0.52714,0.377372,-0.169476,0.53943,0.424623,0.11461,0.578786,0.362118,-0.257732,0.556074,0.456071,0.065412,0.636128,0.339177,-0.282796,0.556205,0.468455,0.065086,0.652357,0.33664,-0.319068,0.558685,0.465545,0.041641,0.653501,0.333683,-0.30159,0.560599,0.459923,0.054795,0.646592,0.333156,-0.279007,0.516692,0.549811,0.073058,0.495636,0.554733,-0.073069,0.590655,0.591925,0.101246,0.447792,0.678676,-0.117871,0.642177,0.67843,0.172362,0.392497,0.789032,-0.042781,0.642497,0.703614,0.177086,0.382535,0.784881,-0.03715,0.672231,0.670658,0.127574,0.383678,0.851099,-0.125004
EH_1_Lat_3.23.26,177,1214.05,310.36,0,1214.05,310.36,0.9567,1209.31,358.36,0.7999,0.558437,0.337276,0.039069,0.556093,0.32418,0.041974,0.554861,0.323317,0.04185,0.5539,0.322507,0.041896,0.556754,0.324898,0.021075,0.556197,0.324947,0.020922,0.55583,0.324643,0.020874,0.546707,0.323738,0.054436,0.548834,0.32626,-0.04158,0.55459,0.346832,0.047585,0.555036,0.34677,0.018678,0.522844,0.380068,0.085048,0.541302,0.373617,-0.105719,0.532205,0.427844,0.090157,0.590398,0.36285,-0.161167,0.549193,0.459259,0.024797,0.629849,0.33181,-0.1306,0.550001,0.467188,0.020855,0.641182,0.32457,-0.153537,0.553457,0.462368,0.00484,0.639235,0.315134,-0.135957,0.555154,0.458555,0.016572,0.633135,0.31627,-0.125402,0.514288,0.549201,0.063807,0.516351,0.554812,-0.063834,0.589362,0.595339,0.099022,0.488629,0.646733,-0.098042,0.614308,0.68912,0.162757,0.398693,0.780276,-0.063981,0.616136,0.709472,0.168375,0.391745,0.781329,-0.064251,0.633733,0.686617,0.115462,0.410455,0.810302,-0.126895
EH_1_Lat_3.23.26,178,1202.76,259.94,0,1202.76,259.94,0.981,1200.36,266.95,0.8173,0.571524,0.329088,0.020847,0.569597,0.315061,0.030642,0.568624,0.314104,0.030465,0.567617,0.313077,0.030515,0.56965,0.315852,0.007129,0.568785,0.315666,0.006945,0.567891,0.315159,0.006884,0.559451,0.314287,0.067573,0.559883,0.316748,-0.037375,0.567466,0.337018,0.039163,0.56722,0.339377,0.007389,0.529413,0.380962,0.11506,0.548345,0.365275,-0.09128,0.538489,0.433207,0.132022,0.586162,0.304734,-0.162882,0.553141,0.507229,0.070928,0.625189,0.24718,-0.151791,0.553764,0.520794,0.071028,0.637109,0.236878,-0.17773,0.55544,0.504245,0.049657,0.636523,0.232725,-0.162912,0.555272,0.500146,0.061272,0.632815,0.235002,-0.147317,0.52193,0.549879,0.055203,0.538395,0.553178,-0.055473,0.547942,0.629648,0.029056,0.598733,0.615065,0.049073,0.436617,0.743171,0.009923,0.650204,0.691088,0.147727,0.43771,0.759807,0.007003,0.649281,0.712615,0.156292,0.425268,0.782026,-0.051883,0.657144,0.712909,0.134384
EH_1_Lat_3.23.26,179,1166.09,222.28,0,1166.09,222.28,0.9609,1170.49,219.77,0.8262,0.574635,0.328677,0.092403,0.574582,0.320145,0.084418,0.572419,0.31936,0.084265,0.570259,0.318677,0.084313,0.575336,0.319655,0.083272,0.575316,0.319611,0.083097,0.575282,0.319204,0.083073,0.562597,0.31436,0.059323,0.571029,0.321918,0.051591,0.568582,0.338297,0.087588,0.571755,0.339845,0.084974,0.539635,0.367049,0.042989,0.567287,0.369274,0.047365,0.557292,0.416144,0.023813,0.584005,0.28268,-0.017944,0.570124,0.451232,-0.009526,0.609629,0.203493,-0.062272,0.571391,0.457886,-0.019473,0.62144,0.187508,-0.079754,0.573261,0.453432,-0.02559,0.619412,0.184775,-0.072933,0.574071,0.450063,-0.012165,0.615549,0.191245,-0.062653,0.527773,0.550706,-0.017249,0.557699,0.552863,0.016909,0.527968,0.644311,-0.083305,0.615174,0.618894,0.090349,0.41911,0.75193,-0.124344,0.669155,0.687731,0.161759,0.41712,0.775119,-0.129558,0.672101,0.701357,0.168799,0.383417,0.780112,-0.196608,0.696567,0.711563,0.1488
EH_1_Lat_3.23.26,180,1127.6,189.45,0,1127.6,189.45,0.9758,1134.1,344.66,0.7598,0.588424,0.330392,0.137967,0.587852,0.320344,0.126833,0.58625,0.320677,0.126715,0.584582,0.320963,0.126715,0.590311,0.323189,0.122053,0.590721,0.323868,0.121924,0.591219,0.324299,0.121868,0.577717,0.320201,0.079601,0.587393,0.324396,0.059672,0.582977,0.341735,0.126835,0.58621,0.341267,0.119476,0.544762,0.356685,0.041462,0.589905,0.373638,0.055062,0.566543,0.281045,0.030113,0.601509,0.336532,0.082951,0.586922,0.197411,0.010644,0.590676,0.319125,0.153698,0.593599,0.17368,0.002492,0.59133,0.306196,0.162449,0.595631,0.172946,-0.001306,0.584682,0.299449,0.157737,0.593233,0.182099,0.00821,0.584051,0.302525,0.1526,0.538652,0.551641,-0.004709,0.576741,0.553622,0.00447,0.507451,0.650747,-0.03046,0.628288,0.628764,0.091493,0.423392,0.749894,-0.05457,0.678244,0.694816,0.122298,0.419047,0.773803,-0.058203,0.680833,0.705597,0.125405,0.387073,0.773658,-0.11986,0.703167,0.723922,0.09981
EH_1_Lat_3.23.26,181,1092.54,172.57,0,1092.54,172.57,0.9684,1135.6,393.73,0.6877,0.602201,0.331277,0.121687,0.600591,0.320686,0.115798,0.599418,0.321856,0.115663,0.598262,0.322768,0.11567,0.601662,0.324212,0.1059,0.601348,0.324552,0.105729,0.601193,0.324647,0.105675,0.590235,0.324279,0.087861,0.59432,0.327082,0.044849,0.59701,0.344584,0.117178,0.598547,0.343842,0.10291,0.553643,0.356184,0.046057,0.601394,0.375758,0.028245,0.564025,0.264382,0.037791,0.604496,0.367472,-0.01613,0.57286,0.184585,0.006397,0.59146,0.364565,-0.037512,0.574722,0.158497,-0.006518,0.590501,0.364991,-0.047488,0.57746,0.15209,-0.010376,0.58324,0.361683,-0.053357,0.576693,0.164369,0.003408,0.583133,0.361911,-0.041095,0.550036,0.553365,0.003197,0.586884,0.554145,-0.003502,0.50246,0.655716,0.000528,0.634028,0.637368,0.058463,0.432213,0.747807,-0.031015,0.688097,0.708478,0.07059,0.426195,0.770766,-0.036131,0.692128,0.724928,0.072227,0.402267,0.766605,-0.088313,0.708694,0.740679,0.049982
EH_1_Lat_3.23.26,182,1048.96,194.97,0,1048.96,194.97,0.9636,1121.59,488.36,0.6278,0.608731,0.334006,0.168994,0.60646,0.323626,0.158625,0.604948,0.324705,0.158465,0.603598,0.325365,0.158469,0.608616,0.325843,0.152043,0.608612,0.326034,0.151867,0.608838,0.326032,0.151789,0.596359,0.326992,0.113475,0.603271,0.329221,0.082851,0.604081,0.34749,0.157894,0.606102,0.346674,0.147667,0.56585,0.357707,0.049925,0.611774,0.379327,0.046532,0.557725,0.271681,0.044282,0.605582,0.426597,-0.077557,0.55239,0.187152,0.037994,0.584164,0.452185,-0.194457,0.550119,0.164962,0.027947,0.586978,0.458317,-0.218787,0.553413,0.160618,0.023682,0.581852,0.453192,-0.224276,0.555106,0.16978,0.035602,0.583801,0.44406,-0.201211,0.561757,0.554109,-0.001963,0.598676,0.554563,0.001629,0.505996,0.657953,-0.007581,0.643135,0.642243,0.057272,0.438445,0.747697,-0.074249,0.692285,0.720095,0.086572,0.431785,0.771373,-0.083258,0.695345,0.736644,0.089449,0.411612,0.762087,-0.142438,0.711868,0.757332,0.06744
EH_1_Lat_3.23.26,183,998.25,225.37,0,998.25,225.37,0.9831,1175.8,557.6,0.5965,0.622205,0.344231,0.101156,0.620048,0.332617,0.096956,0.61896,0.332143,0.0968,0.618014,0.331649,0.096817,0.620507,0.335197,0.084013,0.619764,0.335093,0.083825,0.619208,0.334844,0.083734,0.60999,0.330759,0.081008,0.611691,0.335611,0.022374,0.617946,0.355564,0.10029,0.618503,0.355163,0.081978,0.576699,0.359078,0.050658,0.620947,0.388252,-0.014805,0.555984,0.28444,0.035715,0.615904,0.481239,-0.109732,0.536542,0.210262,-0.010913,0.612397,0.516295,-0.206449,0.532124,0.191764,-0.029573,0.614276,0.525598,-0.232677,0.535207,0.185813,-0.032427,0.614143,0.521313,-0.236498,0.540041,0.194281,-0.013626,0.611096,0.515812,-0.210521,0.572353,0.554131,0.016789,0.604113,0.554905,-0.017063,0.515702,0.659135,0.013458,0.650356,0.646015,0.015778,0.44335,0.747028,-0.021845,0.698973,0.726731,0.050531,0.436793,0.767982,-0.027957,0.698725,0.743711,0.061711,0.424978,0.761348,-0.082206,0.717207,0.769812,0.023418
EH_1_Lat_3.23.26,184,966.35,274.6,0,966.35,274.6,0.9813,1191.76,543.77,0.5457,0.633749,0.352935,0.07901,0.632575,0.34065,0.076342,0.631795,0.339643,0.076178,0.631098,0.33864,0.076183,0.632974,0.34321,0.06251,0.632513,0.343078,0.062332,0.632193,0.342833,0.062251,0.624229,0.335748,0.068664,0.625386,0.342459,0.005108,0.629536,0.361679,0.080979,0.629879,0.361874,0.061412,0.583754,0.362842,0.04639,0.632285,0.39543,-0.025011,0.542816,0.304348,0.02931,0.617881,0.476272,-0.118462,0.535909,0.243985,-0.019513,0.620711,0.503488,-0.203218,0.508564,0.233584,-0.039354,0.623234,0.514418,-0.227784,0.511024,0.224367,-0.038302,0.616696,0.506935,-0.22957,0.520004,0.227903,-0.020334,0.618228,0.501691,-0.205877,0.58191,0.555279,0.025941,0.613716,0.555145,-0.026191,0.531282,0.65953,0.007732,0.657724,0.648522,-0.007441,0.458003,0.746278,-0.025642,0.698846,0.736063,0.030973,0.450528,0.766385,-0.031255,0.694968,0.764992,0.035051,0.427277,0.779191,-0.089052,0.725367,0.776864,-0.006989
EH_1_Lat_3.23.26,185,962.36,343.04,0,962.36,343.04,0.9889,1226.71,574.53,0.5232,0.639207,0.354511,0.078795,0.637347,0.342408,0.077305,0.636139,0.341296,0.077143,0.635035,0.340221,0.077165,0.638915,0.345273,0.062701,0.638859,0.345419,0.062524,0.638911,0.345439,0.062449,0.629689,0.338178,0.071297,0.634886,0.346161,0.005991,0.635089,0.363212,0.081567,0.636579,0.363975,0.061306,0.593401,0.366116,0.05172,0.64237,0.402664,-0.034512,0.5522,0.329021,0.054058,0.635661,0.477121,-0.121953,0.521555,0.292253,0.016742,0.638912,0.531971,-0.197486,0.493419,0.285886,0.001161,0.641169,0.548791,-0.221492,0.495776,0.276989,-0.002305,0.641382,0.541429,-0.221732,0.505255,0.280073,0.014086,0.636632,0.538563,-0.199331,0.594574,0.557832,0.030803,0.6234,0.558627,-0.030994,0.541601,0.662937,0.00918,0.664726,0.653423,0.003665,0.473079,0.750221,-0.037372,0.698688,0.750984,0.037276,0.461393,0.764252,-0.044307,0.695389,0.785539,0.040558,0.454165,0.793575,-0.098453,0.727425,0.786028,0.0062
EH_1_Lat_3.23.26,186,968.17,409.99,0,968.17,409.99,0.985,1251.39,572.94,0.4796,0.654899,0.361023,0.069851,0.653208,0.347835,0.06901,0.652375,0.34673,0.068854,0.651596,0.345747,0.068894,0.653527,0.349916,0.052066,0.653067,0.349863,0.051883,0.652702,0.349754,0.051808,0.643393,0.343589,0.066675,0.646112,0.350698,-0.006685,0.651066,0.369159,0.074101,0.65153,0.369745,0.05089,0.603912,0.374533,0.058905,0.652574,0.412274,-0.046948,0.579909,0.39298,0.056874,0.643634,0.484623,-0.108056,0.560913,0.398721,-0.00042,0.651765,0.530499,-0.109998,0.550397,0.404694,-0.012477,0.655253,0.543458,-0.123063,0.554346,0.399178,-0.017147,0.653233,0.536516,-0.122317,0.559604,0.397258,-0.00383,0.64937,0.5317,-0.109234,0.604305,0.562385,0.031756,0.624761,0.566827,-0.031891,0.558055,0.667007,0.014956,0.668161,0.660208,0.000921,0.48968,0.753175,-0.009674,0.698288,0.758763,0.049849,0.475001,0.762864,-0.015427,0.681988,0.794029,0.055189,0.478608,0.806524,-0.065854,0.724718,0.788739,0.026862
EH_1_Lat_3.23.26,187,997.69,491.84,0,997.69,491.84,0.9887,1025.26,524.82,0.5304,0.668506,0.36108,-0.133321,0.666125,0.348239,-0.122026,0.665717,0.347304,-0.12221,0.66537,0.346468,-0.122142,0.664985,0.349918,-0.138944,0.663826,0.349825,-0.13913,0.662705,0.349679,-0.139215,0.65807,0.345413,-0.055964,0.654237,0.350797,-0.132945,0.665899,0.370389,-0.106613,0.664448,0.370522,-0.130151,0.661232,0.401891,-0.002713,0.624826,0.4121,-0.127062,0.653237,0.468506,-0.041368,0.630263,0.468462,-0.14787,0.665998,0.493581,-0.18812,0.53399,0.485949,-0.206149,0.668661,0.50151,-0.212489,0.518704,0.491553,-0.23135,0.669244,0.491128,-0.233309,0.51661,0.491082,-0.251835,0.667307,0.487631,-0.201138,0.522016,0.490153,-0.217677,0.641658,0.569674,0.036562,0.61239,0.5687,-0.036535,0.670071,0.673148,0.092527,0.623755,0.674492,-0.075314,0.69391,0.769012,0.176047,0.524366,0.760464,-0.025195,0.687368,0.787047,0.178513,0.507557,0.779642,-0.023844,0.722134,0.809442,0.100566,0.518848,0.816289,-0.121519
EH_1_Lat_3.23.26,188,1036.26,569.25,0,1036.26,569.25,0.996,1034.29,556.96,0.5773,0.679983,0.360972,-0.135103,0.677228,0.348273,-0.126369,0.676721,0.347518,-0.126522,0.676292,0.346887,-0.126465,0.676555,0.349827,-0.146163,0.675583,0.349745,-0.146355,0.674661,0.349611,-0.146437,0.670129,0.34721,-0.072047,0.667233,0.351157,-0.161513,0.677218,0.370429,-0.111953,0.676409,0.370486,-0.138973,0.67136,0.414467,-0.003162,0.633141,0.412133,-0.166722,0.662885,0.494334,0.01457,0.600987,0.472335,-0.176782,0.676689,0.557883,-0.051222,0.538694,0.515704,-0.204198,0.678259,0.580685,-0.060491,0.525982,0.526955,-0.225313,0.681138,0.582428,-0.080686,0.525294,0.529729,-0.240203,0.677978,0.57247,-0.061766,0.53008,0.528102,-0.212385,0.646273,0.57019,0.046516,0.61594,0.568578,-0.046462,0.679802,0.669811,0.077601,0.606665,0.681978,-0.079509,0.699537,0.772419,0.130558,0.519811,0.77112,-0.042046,0.6912,0.793076,0.130454,0.505661,0.779299,-0.041681,0.728184,0.810647,0.064354,0.513964,0.832168,-0.126779
EH_1_Lat_3.23.26,189,1104.15,626.15,0,1104.15,626.15,0.996,1077.41,616.14,0.619,0.687838,0.360924,-0.130755,0.685295,0.348276,-0.12079,0.684526,0.34766,-0.120962,0.683824,0.347209,-0.120936,0.684981,0.349766,-0.14305,0.684001,0.34968,-0.143211,0.683027,0.349545,-0.14329,0.676462,0.348401,-0.066147,0.674853,0.351278,-0.166528,0.684823,0.370489,-0.107609,0.684236,0.370479,-0.13786,0.675748,0.420266,0.001861,0.640899,0.414755,-0.184215,0.668927,0.501302,0.030921,0.607139,0.4972,-0.201571,0.681292,0.570088,-0.028597,0.561152,0.570504,-0.215616,0.684034,0.59265,-0.035981,0.545008,0.593861,-0.238987,0.686507,0.594935,-0.062042,0.548331,0.597514,-0.251957,0.683483,0.586713,-0.041057,0.555777,0.592623,-0.222342,0.649218,0.57035,0.055318,0.618961,0.568511,-0.055278,0.682336,0.667474,0.092282,0.595207,0.686691,-0.069974,0.698661,0.772451,0.165401,0.533378,0.777311,-0.040832,0.691357,0.792356,0.166882,0.522088,0.782191,-0.039101,0.72681,0.80929,0.100835,0.527005,0.83079,-0.086631
EH_1_Lat_3.23.26,190,1201.28,667.85,0,1201.28,667.85,0.9926,1180.94,649.48,0.6552,0.695266,0.360844,-0.155204,0.692423,0.348243,-0.145946,0.691176,0.347654,-0.146119,0.68999,0.347223,-0.146096,0.692472,0.349711,-0.1687,0.691338,0.349625,-0.168871,0.690232,0.34949,-0.16895,0.681699,0.348612,-0.0933,0.68172,0.35129,-0.196141,0.690446,0.370805,-0.132561,0.690479,0.370569,-0.163443,0.677307,0.422428,-0.015523,0.648791,0.418101,-0.216554,0.671378,0.50728,0.03044,0.62819,0.508796,-0.228105,0.684374,0.579655,-0.013889,0.615072,0.601372,-0.223129,0.688589,0.604133,-0.018911,0.612293,0.630596,-0.247409,0.690612,0.606964,-0.044216,0.616899,0.632937,-0.25518,0.688041,0.598225,-0.02566,0.618384,0.624103,-0.227057,0.646145,0.569863,0.059846,0.621162,0.566247,-0.05982,0.681924,0.665819,0.095128,0.596956,0.685233,-0.074385,0.699311,0.772695,0.160658,0.545369,0.782617,-0.02422,0.692098,0.795136,0.161618,0.53535,0.790426,-0.02176,0.725601,0.810006,0.100043,0.539929,0.827059,-0.086631
EH_1_Lat_3.23.26,191,1294.96,638.63,0,1294.96,638.63,0.9894,1284.03,648.29,0.682,0.700367,0.360822,-0.18167,0.696158,0.34804,-0.170189,0.694951,0.347544,-0.170374,0.693797,0.347187,-0.170336,0.695938,0.349248,-0.194108,0.694584,0.349164,-0.194275,0.693056,0.349045,-0.194361,0.685552,0.348587,-0.108638,0.683513,0.351201,-0.216447,0.694532,0.370782,-0.155579,0.693797,0.370567,-0.187991,0.672699,0.417923,-0.020652,0.658677,0.420186,-0.237173,0.670899,0.503328,0.026301,0.652903,0.51978,-0.259097,0.690171,0.582932,-0.025451,0.668766,0.600268,-0.247841,0.692007,0.606489,-0.028222,0.673998,0.625145,-0.2753,0.693006,0.607869,-0.057536,0.679746,0.620784,-0.274839,0.692348,0.601976,-0.038345,0.676535,0.612972,-0.248252,0.641779,0.565882,0.061964,0.626662,0.565337,-0.061957,0.680239,0.664608,0.100669,0.603263,0.684064,-0.067853,0.697272,0.774151,0.169314,0.54941,0.780531,0.004116,0.690362,0.796748,0.170621,0.544316,0.789263,0.009734,0.703019,0.812524,0.109763,0.550458,0.822093,-0.06175
EH_1_Lat_3.23.26,192,1357.0,615.0,0,1355.7,624.2,0.9861,1333.25,622.19,0.6728,0.704148,0.360596,-0.143727,0.701138,0.347739,-0.133348,0.699956,0.347187,-0.133514,0.698874,0.346754,-0.133471,0.700711,0.348542,-0.15825,0.699361,0.348122,-0.158413,0.698083,0.347671,-0.158486,0.690059,0.347926,-0.077121,0.689498,0.349189,-0.190052,0.698452,0.370504,-0.119118,0.697872,0.370268,-0.153055,0.669501,0.414556,0.003503,0.666678,0.419989,-0.221956,0.667692,0.498062,0.035863,0.671667,0.510095,-0.246392,0.696327,0.565903,-0.013065,0.694402,0.576102,-0.226609,0.703707,0.581549,-0.020943,0.704872,0.595503,-0.252428,0.707561,0.58385,-0.040861,0.705525,0.591718,-0.250535,0.702381,0.579273,-0.023356,0.701407,0.587282,-0.22656,0.644651,0.560361,0.069938,0.626925,0.560565,-0.069933,0.67936,0.663787,0.130888,0.609804,0.682921,-0.066862,0.695983,0.773131,0.227354,0.560886,0.779342,0.012947,0.689534,0.794717,0.232051,0.555726,0.789,0.01895,0.719625,0.807675,0.179951,0.556795,0.81625,-0.051594
EH_1_Lat_3.23.26,193,1414.0,567.0,0,1414.09,564.77,0.9896,1405.18,610.24,0.7008,0.70729,0.357014,-0.108899,0.704108,0.344421,-0.131794,0.702561,0.344023,-0.131764,0.701118,0.34367,-0.131461,0.704492,0.344811,-0.122614,0.703425,0.344452,-0.122746,0.702476,0.344009,-0.122746,0.692658,0.34576,-0.015772,0.694608,0.345853,-0.157758,0.70106,0.368067,-0.102874,0.701366,0.367498,-0.118138,0.670159,0.412664,0.080518,0.672341,0.414894,-0.175506,0.675343,0.482193,0.133086,0.690874,0.500344,-0.212183,0.698943,0.5359,0.0856,0.731865,0.565033,-0.181523,0.70329,0.542805,0.087487,0.742116,0.577714,-0.209505,0.707231,0.542569,0.061458,0.744148,0.566563,-0.193116,0.70646,0.540042,0.073688,0.740485,0.568076,-0.1751,0.647078,0.555283,0.070933,0.62757,0.554306,-0.070953,0.675255,0.66349,0.105033,0.615766,0.682799,-0.062805,0.694435,0.771981,0.190317,0.573536,0.77039,0.059228,0.687645,0.792064,0.195286,0.567493,0.775308,0.069403,0.719044,0.806647,0.145568,0.55796,0.806854,0.017006
EH_1_Lat_3.23.26,194,1447.93,504.67,0,1447.93,504.67,0.9921,1451.08,525.22,0.7275,0.710652,0.350736,-0.092776,0.707141,0.338302,-0.115454,0.705616,0.33769,-0.115418,0.704095,0.337174,-0.115294,0.707517,0.338486,-0.101712,0.706487,0.337981,-0.101894,0.705467,0.337453,-0.101935,0.695274,0.338482,-0.011251,0.697524,0.338629,-0.133627,0.704723,0.362141,-0.100084,0.704893,0.361455,-0.098532,0.67447,0.404314,0.073193,0.679834,0.398889,-0.166665,0.676561,0.488647,0.10425,0.711453,0.49189,-0.208294,0.699016,0.572079,0.049789,0.755771,0.486315,-0.136145,0.702504,0.583641,0.047284,0.766102,0.480504,-0.161603,0.705394,0.586044,0.025374,0.765974,0.469236,-0.145087,0.703173,0.581087,0.040266,0.76201,0.471269,-0.130129,0.647847,0.551601,0.071204,0.631542,0.550131,-0.071216,0.673829,0.662889,0.137081,0.619223,0.680388,-0.033317,0.692809,0.771992,0.244292,0.581717,0.757775,0.10112,0.686415,0.7914,0.251842,0.575716,0.760619,0.113026,0.720767,0.806055,0.21808,0.565386,0.80154,0.077713
EH_1_Lat_3.23.26,195,1476.56,445.77,0,1476.56,445.77,0.9922,1475.92,457.25,0.7468,0.71258,0.346249,-0.071562,0.708839,0.33474,-0.073397,0.707196,0.334236,-0.07341,0.705465,0.333767,-0.073257,0.709492,0.334633,-0.08408,0.708466,0.334139,-0.08427,0.707433,0.33362,-0.08433,0.697361,0.336144,0.004766,0.699256,0.335814,-0.117092,0.706595,0.358233,-0.056367,0.707165,0.357558,-0.079354,0.680523,0.39825,0.089541,0.685814,0.391782,-0.157509,0.719533,0.451611,0.111292,0.729538,0.465086,-0.175348,0.763986,0.429618,0.041953,0.76871,0.423382,-0.108826,0.769639,0.418534,0.039455,0.776355,0.41354,-0.131967,0.769231,0.416426,0.018424,0.773892,0.405612,-0.118301,0.767202,0.419622,0.03168,0.771459,0.408808,-0.10408,0.65008,0.546511,0.071334,0.63284,0.544392,-0.071355,0.672376,0.662246,0.11409,0.621946,0.672708,-0.032489,0.692698,0.771131,0.195193,0.58883,0.747311,0.097753,0.686778,0.790102,0.199882,0.584451,0.747454,0.109445,0.717784,0.805304,0.151643,0.574377,0.795394,0.067507
EH_1_Lat_3.23.26,196,1490.92,408.64,0,1490.92,408.64,0.9914,1485.95,413.81,0.761,0.715549,0.346605,-0.075915,0.712587,0.333585,-0.06929,0.711286,0.332913,-0.06942,0.710054,0.332437,-0.069331,0.712834,0.333419,-0.089135,0.711756,0.332757,-0.089296,0.710595,0.332124,-0.089357,0.701201,0.335175,-0.005086,0.700371,0.334866,-0.12142,0.71049,0.358145,-0.055544,0.710579,0.357383,-0.084926,0.682451,0.395551,0.070633,0.689199,0.383261,-0.165472,0.682471,0.476409,0.095867,0.738159,0.432192,-0.18882,0.708644,0.550179,0.036368,0.773934,0.383161,-0.142658,0.713266,0.56417,0.030867,0.78164,0.370046,-0.167424,0.716288,0.567204,0.014975,0.77855,0.363721,-0.157212,0.714074,0.560278,0.029818,0.775486,0.367133,-0.139802,0.651756,0.544169,0.070296,0.635315,0.540928,-0.070312,0.672031,0.661399,0.123982,0.623435,0.665292,-0.012399,0.691484,0.770968,0.214164,0.593125,0.740422,0.121742,0.685194,0.790304,0.219107,0.586965,0.745156,0.132563,0.718327,0.804622,0.170604,0.584128,0.781785,0.085592
EH_1_Lat_3.23.26,197,1493.79,380.64,0,1493.79,380.64,0.9896,1495.03,377.6,0.7655,0.717589,0.347277,-0.062159,0.71458,0.33354,-0.05224,0.713134,0.332743,-0.052421,0.711749,0.332173,-0.052336,0.715065,0.33336,-0.074364,0.714028,0.33258,-0.074497,0.713,0.331862,-0.074545,0.702768,0.334337,0.002923,0.703362,0.334333,-0.106224,0.711789,0.357933,-0.039971,0.711949,0.35709,-0.071232,0.682492,0.395275,0.074775,0.692198,0.377848,-0.161691,0.680174,0.481429,0.101269,0.744118,0.406746,-0.186279,0.706788,0.563715,0.037953,0.778662,0.349631,-0.141963,0.710569,0.582012,0.036605,0.785767,0.333694,-0.166985,0.714047,0.584291,0.012658,0.78274,0.328118,-0.154331,0.712015,0.576699,0.027326,0.779806,0.332048,-0.138699,0.653091,0.542623,0.068028,0.639555,0.537798,-0.068065,0.673687,0.66066,0.122773,0.625679,0.658981,0.001663,0.691638,0.771057,0.207885,0.59755,0.731693,0.140117,0.684792,0.790746,0.21249,0.590913,0.737803,0.151518,0.716026,0.803206,0.165,0.589002,0.768894,0.107793
EH_1_Lat_3.23.26,198,1491.37,355.72,0,1491.37,355.72,0.9888,1496.53,355.42,0.7785,0.717583,0.347383,-0.024101,0.714961,0.333636,-0.014906,0.713713,0.332849,-0.015104,0.712534,0.332271,-0.015029,0.715477,0.333334,-0.036449,0.714597,0.332406,-0.036593,0.713852,0.331515,-0.036647,0.704434,0.333414,0.028039,0.705704,0.332732,-0.070827,0.712346,0.356992,-0.004932,0.712473,0.356173,-0.034526,0.686503,0.389917,0.088665,0.692604,0.371516,-0.125064,0.688312,0.479209,0.107897,0.743681,0.382658,-0.16736,0.700416,0.557918,0.038114,0.779444,0.32909,-0.131411,0.701716,0.574119,0.036813,0.787145,0.31515,-0.155968,0.705312,0.57584,0.012499,0.785393,0.309503,-0.141943,0.704558,0.568954,0.026896,0.781578,0.313483,-0.127733,0.654369,0.541084,0.06754,0.644312,0.535624,-0.0676,0.676136,0.659816,0.110292,0.629287,0.656117,0.011278,0.691287,0.770575,0.172557,0.599018,0.729669,0.125757,0.683334,0.790552,0.174872,0.591182,0.738901,0.134544,0.717336,0.803046,0.12439,0.594625,0.760911,0.088351
EH_1_Lat_3.23.26,199,1491.86,336.35,0,1491.86,336.35,0.9891,1495.97,335.68,0.7939,0.718738,0.345084,-0.009189,0.716128,0.331967,0.000792,0.714963,0.331111,0.000583,0.713903,0.330433,0.000647,0.71645,0.331447,-0.020671,0.715552,0.330258,-0.02083,0.714782,0.329059,-0.020888,0.706434,0.330181,0.043443,0.70746,0.32841,-0.053857,0.713806,0.353224,0.009739,0.71377,0.352265,-0.019651,0.692043,0.39034,0.100515,0.693544,0.362297,-0.106132,0.69479,0.482057,0.123808,0.74508,0.365949,-0.142109,0.709029,0.55813,0.056189,0.779151,0.31081,-0.09831,0.713219,0.576626,0.056791,0.787441,0.299063,-0.11998,0.717952,0.578707,0.030839,0.783901,0.293011,-0.106784,0.715308,0.571275,0.044221,0.77959,0.295986,-0.094763,0.661398,0.541364,0.066371,0.648207,0.534785,-0.066443,0.680454,0.659434,0.106333,0.633539,0.653984,0.002972,0.691025,0.769921,0.160328,0.602955,0.719863,0.127683,0.683206,0.789726,0.162658,0.595934,0.726731,0.138095,0.718148,0.803492,0.110541,0.598753,0.759086,0.092543
EH_1_Lat_3.23.26,200,1488.04,328.62,0,1488.04,328.62,0.9883,1490.85,329.25,0.8131,0.7199,0.339744,-0.02243,0.717543,0.326807,-0.014903,0.716543,0.325947,-0.015084,0.71568,0.325241,-0.015029,0.717437,0.326283,-0.036138,0.716386,0.325046,-0.036304,0.715395,0.323755,-0.036374,0.708453,0.324728,0.02853,0.707623,0.322473,-0.069166,0.71506,0.347378,-0.005121,0.71477,0.34645,-0.034253,0.699517,0.387641,0.092297,0.693729,0.356524,-0.115892,0.70235,0.477522,0.123701,0.744982,0.358275,-0.144003,0.713783,0.554364,0.054505,0.776483,0.30486,-0.130795,0.719214,0.573396,0.054472,0.784478,0.296397,-0.153898,0.722295,0.575084,0.027381,0.780871,0.286977,-0.144717,0.719558,0.568709,0.04203,0.777145,0.290347,-0.128696,0.668756,0.540456,0.065372,0.652387,0.532111,-0.065448,0.683813,0.65904,0.060592,0.639523,0.651641,-0.010037,0.690062,0.76957,0.130065,0.605811,0.713481,0.119835,0.681595,0.789978,0.133332,0.597431,0.712399,0.131501,0.715369,0.803771,0.078908,0.60049,0.763241,0.088709
EH_1_Lat_3.23.26,201,1486.85,326.06,0,1486.85,326.06,0.9863,1490.3,326.4,0.8258,0.72095,0.336014,-0.029051,0.718716,0.323639,-0.021641,0.717638,0.322685,-0.021822,0.716644,0.321882,-0.021769,0.718648,0.323127,-0.04293,0.717538,0.321828,-0.043098,0.716494,0.320505,-0.04317,0.708333,0.320723,0.022647,0.708111,0.318696,-0.076873,0.716119,0.343513,-0.011489,0.715845,0.342582,-0.040647,0.693838,0.383762,0.086322,0.696458,0.351389,-0.120499,0.694458,0.475217,0.115069,0.748433,0.354822,-0.147301,0.719575,0.557444,0.048555,0.7762,0.302226,-0.095938,0.72321,0.578704,0.048064,0.784581,0.292564,-0.116589,0.726107,0.579603,0.02157,0.780912,0.285551,-0.105454,0.724198,0.572682,0.036336,0.777386,0.28851,-0.092803,0.670228,0.53871,0.064728,0.655897,0.531915,-0.064808,0.686609,0.65684,0.102046,0.645664,0.651192,0.024034,0.690699,0.769207,0.187038,0.609616,0.704736,0.184443,0.680663,0.789135,0.192073,0.599517,0.700488,0.198762,0.715766,0.803232,0.147934,0.606199,0.750969,0.167186
EH_1_Lat_3.23.26,202,1487.27,319.31,0,1487.27,319.31,0.9877,1489.36,324.93,0.8426,0.721006,0.332189,-0.059433,0.718789,0.31986,-0.046164,0.717755,0.318873,-0.046387,0.71684,0.317985,-0.04632,0.718565,0.319584,-0.070107,0.717362,0.318465,-0.070281,0.716212,0.317372,-0.07035,0.709189,0.317374,0.020972,0.707867,0.316313,-0.091378,0.715919,0.339865,-0.033678,0.715063,0.33917,-0.066376,0.696857,0.380333,0.082115,0.694435,0.351554,-0.142676,0.693995,0.473026,0.122467,0.744743,0.352375,-0.192581,0.721147,0.555189,0.06272,0.775706,0.300865,-0.17221,0.722752,0.575725,0.064453,0.784423,0.292555,-0.203681,0.726351,0.577258,0.033572,0.782085,0.286061,-0.187569,0.725485,0.570489,0.049153,0.778036,0.288853,-0.168329,0.67626,0.538197,0.067353,0.658823,0.532153,-0.06741,0.688427,0.656,0.098732,0.651942,0.650945,-0.011439,0.690813,0.768794,0.185594,0.609841,0.705691,0.122688,0.681545,0.788936,0.190881,0.599528,0.702902,0.1339,0.713895,0.804806,0.139787,0.607937,0.757306,0.091461
EH_1_Lat_3.23.26,203,1488.78,334.56,0,1488.78,334.56,0.985,1492.6,322.25,0.8568,0.723765,0.329619,-0.060744,0.72107,0.317201,-0.048095,0.719894,0.316296,-0.048313,0.71876,0.31542,-0.048247,0.720975,0.316691,-0.071765,0.719861,0.315598,-0.071931,0.718786,0.314549,-0.071997,0.710865,0.314621,0.017529,0.710308,0.313626,-0.094325,0.718311,0.33749,-0.035822,0.71747,0.336775,-0.068218,0.699289,0.376935,0.079969,0.694049,0.34891,-0.148739,0.6978,0.47162,0.119612,0.742803,0.351775,-0.200735,0.725564,0.554372,0.062169,0.777398,0.298381,-0.175181,0.728896,0.57711,0.063917,0.786731,0.292002,-0.203621,0.728525,0.58004,0.035334,0.784797,0.28404,-0.18935,0.730349,0.569772,0.04953,0.780707,0.286618,-0.171386,0.681369,0.536568,0.067575,0.662513,0.530442,-0.067632,0.690124,0.655978,0.103124,0.655972,0.651701,-0.038663,0.691594,0.768677,0.19776,0.611156,0.704299,0.106376,0.683293,0.789078,0.203483,0.601252,0.700041,0.118529,0.717974,0.807213,0.15461,0.610316,0.759763,0.078458
EH_1_Lat_3.23.26,204,1488.9,337.83,0,1488.9,337.83,0.9892,1491.8,327.21,0.8707,0.723915,0.326479,-0.036053,0.72181,0.314632,-0.024011,0.720678,0.313938,-0.0242,0.719663,0.313272,-0.02411,0.721624,0.314023,-0.049238,0.720467,0.313056,-0.049434,0.719406,0.312161,-0.04952,0.712065,0.312528,0.033929,0.711241,0.311442,-0.080083,0.718116,0.334471,-0.011075,0.717291,0.333837,-0.045447,0.699599,0.369314,0.10358,0.693539,0.347038,-0.143918,0.691909,0.4528,0.149034,0.741456,0.352628,-0.196134,0.704127,0.504705,0.106116,0.776981,0.302974,-0.146767,0.71377,0.519598,0.10846,0.784299,0.298229,-0.168708,0.714557,0.515974,0.090165,0.782798,0.290872,-0.153138,0.711351,0.507643,0.097701,0.779927,0.292988,-0.140644,0.686157,0.535227,0.067261,0.667484,0.529771,-0.067344,0.691961,0.655967,0.068686,0.661671,0.652443,-0.067139,0.691343,0.768391,0.136568,0.614902,0.704728,0.083178,0.680883,0.78872,0.140232,0.60334,0.698436,0.101082,0.713605,0.807819,0.098439,0.614398,0.760118,0.0661
EH_1_Lat_3.23.26,205,1489.8,339.58,0,1489.8,339.58,0.9903,1492.92,333.66,0.8822,0.724866,0.326805,0.00033,0.722764,0.314815,0.0104,0.721751,0.314144,0.010237,0.720757,0.313468,0.010325,0.72232,0.314285,-0.013526,0.721143,0.31333,-0.013729,0.720041,0.312395,-0.013799,0.713033,0.312615,0.057636,0.712329,0.311536,-0.051041,0.719641,0.334859,0.021632,0.718821,0.334396,-0.011061,0.699861,0.367591,0.120868,0.694091,0.345947,-0.115169,0.692702,0.448402,0.155627,0.742172,0.356591,-0.148959,0.695473,0.48628,0.10934,0.777562,0.308943,-0.083791,0.699088,0.496957,0.110746,0.785891,0.301831,-0.100423,0.700854,0.49164,0.096043,0.784536,0.294376,-0.087772,0.699657,0.485262,0.102253,0.780933,0.297164,-0.078273,0.690186,0.534304,0.066675,0.670999,0.529241,-0.066764,0.693155,0.655051,0.059022,0.665883,0.653434,-0.090245,0.690577,0.7682,0.112363,0.61715,0.705766,0.05212,0.680227,0.788522,0.114837,0.604956,0.700259,0.068496,0.716472,0.807853,0.074751,0.621054,0.760868,0.050976
EH_1_Lat_3.23.26,206,1493.21,342.02,0,1493.21,342.02,0.9926,1492.62,338.51,0.8845,0.726603,0.325956,-0.00257,0.724612,0.313856,0.008403,0.723731,0.313321,0.008263,0.722843,0.312769,0.008315,0.723961,0.313229,-0.015236,0.722711,0.312303,-0.015441,0.721466,0.311411,-0.015529,0.714546,0.312121,0.059066,0.713393,0.310877,-0.048823,0.72136,0.334067,0.019416,0.720165,0.333522,-0.012855,0.705401,0.364171,0.126508,0.692253,0.344884,-0.112911,0.741957,0.370634,0.142965,0.741488,0.357322,-0.153026,0.773122,0.322253,0.086823,0.777406,0.313437,-0.12149,0.783117,0.31255,0.098697,0.786357,0.306897,-0.145386,0.782639,0.306731,0.065126,0.784968,0.300639,-0.131189,0.778708,0.309441,0.076569,0.781618,0.302262,-0.115688,0.693837,0.531212,0.066843,0.673615,0.526412,-0.066938,0.692979,0.654742,0.062909,0.671536,0.653807,-0.112684,0.690245,0.768151,0.116796,0.621805,0.707204,0.037137,0.680172,0.788649,0.118788,0.60948,0.701547,0.053007,0.715178,0.80875,0.070955,0.624259,0.762653,0.032146
EH_1_Lat_3.23.26,207,1492.31,350.35,0,1492.31,350.35,0.9924,1499.45,338.81,0.8935,0.72669,0.323959,-0.016033,0.724623,0.311364,-0.005951,0.723711,0.311001,-0.006111,0.722829,0.310549,-0.006055,0.724305,0.310846,-0.028909,0.723303,0.31019,-0.029098,0.72235,0.309479,-0.029178,0.715244,0.309971,0.041915,0.714971,0.30909,-0.062383,0.721797,0.332549,0.005083,0.721049,0.33217,-0.026273,0.701403,0.365062,0.106557,0.694042,0.344283,-0.11892,0.717684,0.423575,0.130514,0.74202,0.35914,-0.194566,0.738519,0.495564,0.074856,0.780964,0.313709,-0.189963,0.746005,0.519708,0.078814,0.789677,0.308669,-0.217766,0.748304,0.5206,0.052598,0.788987,0.302477,-0.200832,0.746016,0.513284,0.064486,0.785622,0.303771,-0.184666,0.69242,0.53028,0.066776,0.678494,0.52681,-0.066863,0.692217,0.654326,0.066917,0.677443,0.654333,-0.104557,0.689387,0.767997,0.123888,0.626137,0.708133,0.002633,0.679911,0.788529,0.12613,0.613482,0.700488,0.013122,0.713781,0.809268,0.071579,0.627769,0.764738,-0.017098
EH_1_Lat_3.23.26,208,1498.49,350.36,0,1498.49,350.36,0.9927,1461.15,361.41,0.8704,0.727201,0.324067,-0.013023,0.724952,0.310804,-0.00311,0.724085,0.310345,-0.003252,0.723262,0.309835,-0.003217,0.724522,0.310441,-0.025537,0.723451,0.309769,-0.025726,0.722434,0.309031,-0.02581,0.715662,0.309633,0.044866,0.714857,0.308992,-0.057537,0.722889,0.332563,0.007858,0.722054,0.332336,-0.022826,0.70533,0.364258,0.107379,0.6925,0.346029,-0.113464,0.745019,0.370486,0.128983,0.728814,0.36398,-0.195966,0.780973,0.330425,0.040245,0.761015,0.334637,-0.22144,0.78918,0.32472,0.032528,0.768807,0.329896,-0.249541,0.789935,0.320687,0.018599,0.767955,0.322356,-0.238456,0.785733,0.322282,0.031551,0.764605,0.32379,-0.218833,0.697464,0.529809,0.066574,0.679617,0.527104,-0.066655,0.69352,0.654355,0.064704,0.681624,0.654209,-0.118806,0.689387,0.767886,0.116101,0.630912,0.71011,-0.007298,0.679268,0.788433,0.117474,0.618585,0.702372,0.003592,0.711683,0.809839,0.06533,0.630592,0.76561,-0.030472
EH_1_Lat_3.23.26,209,1497.46,354.16,0,1497.46,354.16,0.9942,1392.26,419.28,0.8002,0.728051,0.324819,-0.007946,0.726171,0.310878,0.002877,0.725173,0.310414,0.00273,0.724172,0.309927,0.002737,0.725981,0.310537,-0.020647,0.724978,0.309925,-0.020816,0.724021,0.309277,-0.020893,0.716231,0.309898,0.05401,0.716279,0.30969,-0.054473,0.724108,0.333257,0.01371,0.723604,0.333122,-0.018603,0.702281,0.365063,0.113087,0.693988,0.347878,-0.109693,0.745863,0.367359,0.133277,0.718142,0.376744,-0.230367,0.782507,0.325526,0.069245,0.725135,0.388218,-0.315587,0.792599,0.316489,0.062977,0.724666,0.39034,-0.348378,0.793145,0.313559,0.049527,0.726046,0.385353,-0.342378,0.788821,0.317182,0.060516,0.725093,0.384945,-0.316491,0.694644,0.530453,0.066825,0.683916,0.528249,-0.066921,0.692691,0.654394,0.060766,0.687793,0.653421,-0.120224,0.689244,0.767974,0.102212,0.636686,0.71198,-0.028564,0.67892,0.790177,0.10202,0.624091,0.704401,-0.02053,0.710991,0.809906,0.04394,0.635963,0.770402,-0.064282
EH_1_Lat_3.23.26,210,1497.49,361.35,0,1497.49,361.35,0.994,1485.3,373.08,0.8138,0.728979,0.323581,-0.01508,0.727771,0.309028,-0.004488,0.726761,0.308608,-0.004645,0.725746,0.308149,-0.004617,0.72761,0.308486,-0.027492,0.726521,0.307751,-0.027665,0.725418,0.306985,-0.02774,0.717416,0.308026,0.046061,0.716817,0.307523,-0.057659,0.724804,0.331993,0.006275,0.724214,0.331875,-0.025207,0.703375,0.365791,0.105063,0.6947,0.346384,-0.123523,0.720013,0.419996,0.130062,0.738849,0.373386,-0.211653,0.744109,0.484539,0.088398,0.773595,0.345446,-0.240217,0.749818,0.497351,0.090481,0.783872,0.337255,-0.268216,0.751562,0.4943,0.071702,0.783862,0.333322,-0.274202,0.749406,0.486825,0.079631,0.779658,0.33688,-0.244151,0.698188,0.530371,0.066563,0.68454,0.528786,-0.066659,0.694826,0.654451,0.066372,0.690717,0.653453,-0.112601,0.689081,0.767913,0.130917,0.642127,0.713711,-0.001493,0.679138,0.790146,0.134489,0.630576,0.707977,0.009602,0.708203,0.810697,0.100028,0.639723,0.777074,-0.022081
EH_1_Lat_3.23.26,211,1494.07,366.39,0,1494.07,366.39,0.9895,1499.87,366.58,0.8273,0.729861,0.322201,-0.018221,0.728619,0.307554,-0.008039,0.727549,0.307209,-0.008207,0.726469,0.306811,-0.008175,0.728628,0.307047,-0.031206,0.727607,0.306463,-0.031372,0.726597,0.305822,-0.031444,0.71827,0.307073,0.040595,0.718011,0.306927,-0.063586,0.725438,0.33143,0.002852,0.725162,0.331284,-0.028842,0.703391,0.365279,0.107179,0.697551,0.346222,-0.128981,0.716433,0.447451,0.135309,0.742961,0.375655,-0.205999,0.74457,0.529312,0.081918,0.781185,0.339426,-0.212551,0.750613,0.549082,0.083019,0.793332,0.33116,-0.238136,0.752669,0.55007,0.060817,0.791757,0.325228,-0.240862,0.750789,0.543638,0.071638,0.788272,0.3279,-0.214912,0.698589,0.530727,0.070088,0.686876,0.529282,-0.070182,0.697455,0.654442,0.088194,0.694955,0.653665,-0.114097,0.688517,0.767845,0.156364,0.647098,0.714885,-0.006601,0.678799,0.789964,0.160024,0.634926,0.71024,0.004186,0.70816,0.81077,0.125052,0.64566,0.783074,-0.022273
EH_1_Lat_3.23.26,212,1501.2,375.65,0,1501.2,375.65,0.9917,1501.16,370.33,0.8403,0.731706,0.319506,-0.020358,0.730345,0.305605,-0.010511,0.729291,0.305286,-0.010678,0.728241,0.304924,-0.01064,0.730229,0.304907,-0.033539,0.729157,0.304242,-0.033709,0.72809,0.30351,-0.03378,0.719838,0.305122,0.03726,0.719168,0.30436,-0.066708,0.726958,0.32919,0.000382,0.726672,0.328892,-0.031101,0.707585,0.36232,0.104208,0.697993,0.345525,-0.131433,0.717083,0.453932,0.136635,0.740915,0.377755,-0.220854,0.747467,0.537061,0.088767,0.781855,0.342901,-0.239121,0.753235,0.560355,0.090471,0.794902,0.334517,-0.269605,0.755059,0.56163,0.06753,0.793654,0.328934,-0.256589,0.752906,0.554997,0.078486,0.790281,0.330903,-0.235629,0.701684,0.529258,0.070229,0.690014,0.529095,-0.070318,0.699999,0.654719,0.091638,0.698484,0.654059,-0.124175,0.688637,0.767771,0.167876,0.652655,0.718219,-0.008001,0.679659,0.789806,0.172045,0.640097,0.71271,0.003409,0.708702,0.810878,0.130803,0.653444,0.787484,-0.029088
EH_1_Lat_3.23.26,213,1491.87,383.43,0,1491.87,383.43,0.9905,1498.63,375.2,0.8471,0.732658,0.316825,-0.013506,0.731011,0.303644,-0.005245,0.730013,0.303208,-0.0054,0.729026,0.302744,-0.005362,0.730913,0.30324,-0.028425,0.729937,0.302644,-0.028601,0.72899,0.301982,-0.028675,0.720397,0.302515,0.037627,0.720304,0.302334,-0.067422,0.727791,0.326343,0.005845,0.727717,0.325955,-0.025867,0.706158,0.357967,0.103707,0.699345,0.345493,-0.130597,0.717573,0.451922,0.1355,0.739422,0.379385,-0.214237,0.740909,0.524502,0.092139,0.780536,0.347403,-0.210566,0.745424,0.550236,0.093178,0.795431,0.340433,-0.235544,0.747487,0.559658,0.075207,0.795901,0.334875,-0.217,0.746371,0.551721,0.083617,0.791068,0.336546,-0.202692,0.701465,0.529516,0.070017,0.691592,0.528958,-0.070111,0.703181,0.654634,0.089358,0.702579,0.654358,-0.107917,0.687308,0.767729,0.15917,0.658788,0.725782,-0.011408,0.678767,0.789055,0.162538,0.647068,0.721432,-0.001922,0.707545,0.81192,0.127148,0.660679,0.794855,-0.029834
EH_1_Lat_3.23.26,214,1492.9,392.51,0,1492.9,392.51,0.9906,1500.85,378.08,0.8587,0.733679,0.316322,0.005852,0.731662,0.303079,0.012941,0.730666,0.302431,0.012783,0.729673,0.301775,0.012845,0.731837,0.3028,-0.010729,0.73106,0.302087,-0.01091,0.730338,0.301282,-0.010986,0.721552,0.300991,0.05115,0.722126,0.300818,-0.056389,0.728913,0.325576,0.024392,0.729151,0.324912,-0.007898,0.706064,0.354873,0.116496,0.700881,0.345619,-0.122697,0.71172,0.439783,0.145929,0.741538,0.38138,-0.176125,0.695695,0.519074,0.107562,0.781691,0.350074,-0.128826,0.687883,0.545617,0.110376,0.795724,0.343838,-0.147804,0.688101,0.551313,0.097574,0.795183,0.338347,-0.130383,0.690901,0.543641,0.10191,0.790226,0.339837,-0.120985,0.702569,0.528733,0.070615,0.695934,0.529063,-0.070725,0.705141,0.654408,0.091977,0.706745,0.654603,-0.099255,0.686585,0.767155,0.150977,0.664066,0.732693,-0.021991,0.678769,0.786635,0.153151,0.652023,0.731133,-0.015263,0.706834,0.812597,0.118035,0.669063,0.800527,-0.042249
EH_1_Lat_3.23.26,215,1502.64,404.84,0,1502.64,404.84,0.9915,1502.88,383.25,0.87,0.735846,0.312794,-0.002909,0.733309,0.300169,0.00493,0.73222,0.299522,0.004762,0.731159,0.298843,0.004804,0.733575,0.30006,-0.018613,0.732783,0.299527,-0.018779,0.732057,0.298866,-0.018851,0.722821,0.298123,0.04532,0.723678,0.298518,-0.060859,0.731269,0.323047,0.015975,0.731441,0.32237,-0.01612,0.707069,0.35359,0.112904,0.702094,0.346629,-0.127029,0.723049,0.451574,0.140949,0.73992,0.388939,-0.180571,0.741516,0.534832,0.095797,0.782748,0.354858,-0.151507,0.744776,0.561835,0.098479,0.795994,0.349444,-0.174294,0.74625,0.561789,0.079551,0.795466,0.341238,-0.159622,0.744739,0.553759,0.087441,0.790477,0.343819,-0.146059,0.703247,0.528865,0.073694,0.697198,0.529343,-0.073794,0.701781,0.654309,0.149345,0.714176,0.655062,-0.09444,0.685746,0.766663,0.220672,0.66934,0.741254,-0.023129,0.678154,0.786458,0.224802,0.657644,0.742822,-0.016479,0.707384,0.812248,0.203509,0.675053,0.806445,-0.039158
EH_1_Lat_3.23.26,216,1494.23,410.29,0,1494.23,410.29,0.9902,1500.41,399.93,0.8713,0.736319,0.311927,0.004706,0.733774,0.29998,0.012009,0.73286,0.299222,0.011867,0.731979,0.298417,0.011901,0.733825,0.299983,-0.011754,0.733047,0.299403,-0.011934,0.732352,0.298737,-0.012011,0.723663,0.297317,0.050624,0.724044,0.298205,-0.057416,0.732153,0.322,0.023233,0.732133,0.321277,-0.009201,0.706886,0.350208,0.121839,0.704092,0.347344,-0.125872,0.716505,0.444551,0.145027,0.737088,0.400956,-0.181605,0.735184,0.484907,0.096838,0.781463,0.370309,-0.156856,0.738324,0.489942,0.098346,0.793352,0.369613,-0.179268,0.740205,0.484337,0.082741,0.794427,0.36076,-0.164551,0.739482,0.48157,0.089231,0.789048,0.361329,-0.151226,0.70245,0.529012,0.075507,0.701529,0.529605,-0.075605,0.700703,0.654215,0.133439,0.720371,0.655286,-0.104057,0.686838,0.766633,0.193987,0.675919,0.749058,-0.066617,0.678764,0.786455,0.197177,0.663126,0.751919,-0.062873,0.707753,0.812458,0.173307,0.682469,0.81323,-0.091134
EH_1_Lat_3.23.26,217,1488.12,424.82,0,1488.12,424.82,0.9913,1497.26,418.54,0.8802,0.737578,0.312158,0.0095,0.734823,0.299939,0.016719,0.733951,0.299118,0.016578,0.733133,0.298265,0.016604,0.734929,0.300025,-0.007016,0.734204,0.299389,-0.007195,0.733593,0.298668,-0.007271,0.724757,0.297185,0.054807,0.725651,0.298147,-0.053396,0.733398,0.321797,0.027821,0.733546,0.321183,-0.004582,0.70724,0.351055,0.126212,0.705173,0.34799,-0.121148,0.723666,0.441532,0.140071,0.735212,0.411335,-0.180103,0.746949,0.477101,0.082005,0.779822,0.387535,-0.162467,0.750627,0.478496,0.081385,0.794143,0.386631,-0.185842,0.752872,0.473202,0.070821,0.794984,0.379837,-0.171379,0.752431,0.471586,0.07541,0.788987,0.381174,-0.157152,0.703495,0.528962,0.075506,0.702904,0.529731,-0.075605,0.701574,0.651571,0.122725,0.725002,0.655431,-0.114586,0.687138,0.765164,0.176437,0.681575,0.755511,-0.089854,0.677185,0.783544,0.179432,0.666992,0.762652,-0.087382,0.70829,0.812323,0.149104,0.691055,0.81909,-0.117743
EH_1_Lat_3.23.26,218,1484.25,430.35,0,1484.25,430.35,0.9866,1486.38,471.25,0.8032,0.739841,0.313285,0.001754,0.737607,0.300967,0.009451,0.736691,0.300117,0.009305,0.73584,0.299231,0.009334,0.737599,0.301027,-0.014447,0.736755,0.300346,-0.014623,0.736017,0.299585,-0.014694,0.727014,0.297805,0.049448,0.727194,0.298949,-0.054903,0.735439,0.322593,0.020668,0.735388,0.322014,-0.011978,0.706545,0.350632,0.11944,0.707262,0.348609,-0.125161,0.728237,0.440763,0.137512,0.733271,0.428834,-0.181153,0.755282,0.473875,0.066711,0.774155,0.436345,-0.154247,0.760941,0.475837,0.065443,0.790431,0.436972,-0.172825,0.762502,0.47123,0.054655,0.791852,0.428214,-0.162246,0.761176,0.469423,0.059654,0.787184,0.427599,-0.149816,0.70225,0.529295,0.078731,0.705215,0.529944,-0.078855,0.702556,0.649864,0.127749,0.72691,0.655065,-0.110016,0.686743,0.764792,0.169642,0.686537,0.761131,-0.097757,0.676119,0.782429,0.172075,0.672338,0.773349,-0.097657,0.707373,0.812118,0.141729,0.703559,0.820622,-0.135736
EH_1_Lat_3.23.26,219,1487.97,440.14,0,1487.97,440.14,0.9932,1491.22,454.07,0.7498,0.7413,0.314553,0.020904,0.739306,0.30215,0.027432,0.738265,0.301317,0.027293,0.737283,0.30044,0.027325,0.739487,0.302166,0.002739,0.738644,0.301473,0.002565,0.737909,0.300698,0.002498,0.72831,0.298736,0.062433,0.729083,0.299787,-0.048458,0.736543,0.323606,0.038632,0.736529,0.323091,0.00497,0.705786,0.349648,0.129048,0.70863,0.348571,-0.118378,0.723865,0.447013,0.136778,0.732157,0.428418,-0.170721,0.735043,0.51138,0.065922,0.776678,0.420431,-0.127915,0.734412,0.524283,0.065038,0.789155,0.422879,-0.14462,0.73712,0.520666,0.054042,0.788254,0.413077,-0.129921,0.738743,0.514423,0.059,0.783001,0.413897,-0.121271,0.702074,0.528528,0.079978,0.708297,0.52993,-0.0801,0.7034,0.648726,0.122883,0.728558,0.654525,-0.113217,0.686122,0.764813,0.15493,0.693491,0.768127,-0.135,0.675397,0.782519,0.154174,0.678365,0.78466,-0.137906,0.706149,0.811972,0.140801,0.711316,0.826749,-0.178984
EH_1_Lat_3.23.26,220,1495.55,447.86,0,1495.55,447.86,0.9929,1428.33,493.26,0.6827,0.740987,0.315179,0.038597,0.739535,0.302224,0.043947,0.738616,0.301487,0.043825,0.737742,0.300746,0.043872,0.73952,0.302328,0.019244,0.738706,0.301738,0.01907,0.737998,0.30106,0.019034,0.729073,0.29986,0.074772,0.729558,0.300739,-0.037219,0.736407,0.324319,0.055156,0.736018,0.323862,0.021508,0.703989,0.349406,0.133409,0.711568,0.348356,-0.101835,0.713207,0.445474,0.135707,0.731693,0.435631,-0.140828,0.715397,0.507493,0.064047,0.743924,0.456722,-0.087361,0.714455,0.521531,0.062398,0.744379,0.461231,-0.096774,0.716177,0.51785,0.052815,0.74119,0.453746,-0.091945,0.717761,0.511423,0.057605,0.738489,0.45211,-0.084128,0.700527,0.528356,0.079914,0.711363,0.529862,-0.080061,0.704758,0.647196,0.115764,0.731166,0.653947,-0.11235,0.685608,0.764967,0.115791,0.698365,0.771317,-0.12511,0.67498,0.783746,0.112701,0.682434,0.790195,-0.128961,0.705626,0.810736,0.095587,0.720554,0.827986,-0.165456
EH_1_Lat_3.23.26,221,1497.37,456.58,0,1497.37,456.58,0.9916,1427.13,501.86,0.6303,0.742332,0.315545,0.033454,0.740934,0.302642,0.03975,0.740003,0.301781,0.039625,0.73914,0.30091,0.039675,0.740926,0.302745,0.015438,0.74009,0.302056,0.015253,0.739364,0.301283,0.0152,0.73017,0.299327,0.073361,0.730698,0.300388,-0.037378,0.737639,0.324423,0.050853,0.737308,0.323989,0.017652,0.705781,0.349389,0.133621,0.712117,0.348704,-0.099814,0.710161,0.445356,0.147829,0.731113,0.440521,-0.143876,0.707547,0.504801,0.093449,0.743296,0.464689,-0.104925,0.705026,0.52837,0.094232,0.745173,0.47052,-0.118259,0.706941,0.524249,0.083778,0.74338,0.462103,-0.111447,0.708776,0.51678,0.087766,0.740207,0.459839,-0.101289,0.703921,0.528334,0.079633,0.712133,0.529958,-0.079776,0.705482,0.646806,0.117985,0.733701,0.653741,-0.106389,0.685412,0.765996,0.127384,0.705594,0.778302,-0.12114,0.675443,0.786845,0.126741,0.690519,0.799945,-0.12422,0.704994,0.805817,0.097376,0.730016,0.829464,-0.164603
EH_1_Lat_3.23.26,222,1491.51,465.58,0,1491.51,465.58,0.9929,1469.66,480.17,0.663,0.742893,0.316142,0.02046,0.741583,0.303307,0.029197,0.740739,0.302461,0.029053,0.739961,0.301593,0.029119,0.741453,0.303361,0.004617,0.740628,0.30267,0.004464,0.73991,0.301897,0.004417,0.731303,0.299936,0.069738,0.731472,0.301017,-0.040066,0.738364,0.324979,0.039434,0.738042,0.324562,0.006167,0.707776,0.348765,0.12692,0.712967,0.348996,-0.103183,0.716992,0.438393,0.170029,0.730581,0.437306,-0.179004,0.733947,0.485347,0.167453,0.765447,0.4446,-0.194476,0.737658,0.497814,0.176707,0.776511,0.450145,-0.216505,0.741092,0.494496,0.160674,0.779633,0.442404,-0.203475,0.740665,0.490201,0.161039,0.774471,0.43956,-0.189245,0.705247,0.528493,0.078617,0.712469,0.530049,-0.078751,0.705352,0.646485,0.11488,0.736144,0.653451,-0.104219,0.68499,0.766927,0.120263,0.711052,0.781466,-0.117665,0.675501,0.787351,0.11899,0.696697,0.798991,-0.120346,0.705047,0.805047,0.096142,0.734383,0.829904,-0.160715
EH_1_Lat_3.23.26,223,1493.0,483.0,0,1493.77,473.12,0.9928,1487.38,481.77,0.6927,0.744944,0.316186,0.018409,0.74345,0.303295,0.02813,0.742633,0.302435,0.028015,0.741852,0.301572,0.028046,0.743276,0.303371,0.001771,0.742415,0.302683,0.001542,0.741645,0.301925,0.001461,0.732757,0.299857,0.062447,0.733157,0.300755,-0.052934,0.7406,0.324907,0.037534,0.740286,0.324542,0.005353,0.707947,0.349316,0.123078,0.71545,0.349104,-0.117421,0.71491,0.438405,0.18539,0.730274,0.437857,-0.203883,0.729753,0.486828,0.196821,0.774675,0.446084,-0.226727,0.732082,0.498905,0.207619,0.788636,0.454558,-0.251347,0.737711,0.495497,0.190768,0.789753,0.446345,-0.237618,0.738832,0.4909,0.190576,0.7848,0.442091,-0.221278,0.706703,0.528621,0.078632,0.715749,0.53058,-0.078765,0.704781,0.646167,0.11402,0.738058,0.653448,-0.102358,0.684656,0.768088,0.106765,0.71711,0.786486,-0.110016,0.67516,0.78757,0.104198,0.705485,0.804671,-0.112721,0.704633,0.805059,0.078114,0.744456,0.832491,-0.157672
EH_1_Lat_3.23.26,224,1491.0,486.0,0,1488.77,483.91,0.9925,1490.94,489.52,0.7215,0.745611,0.31622,0.017251,0.744042,0.303545,0.027588,0.743444,0.302692,0.027436,0.742905,0.301839,0.027453,0.74347,0.303611,0.001513,0.742509,0.302905,0.001224,0.741604,0.302123,0.001103,0.734579,0.300146,0.058378,0.733037,0.300931,-0.054415,0.741974,0.324905,0.034695,0.741302,0.324536,0.002969,0.710627,0.350035,0.12568,0.715777,0.349445,-0.117773,0.714116,0.439926,0.168764,0.729969,0.43883,-0.196886,0.728936,0.503083,0.13881,0.776529,0.453262,-0.204938,0.730938,0.519094,0.142696,0.790404,0.462389,-0.229776,0.73761,0.515789,0.12577,0.791654,0.454262,-0.216758,0.73855,0.508827,0.131225,0.786959,0.449336,-0.199626,0.709855,0.528688,0.078248,0.714787,0.530775,-0.078371,0.704308,0.646588,0.113822,0.739423,0.653535,-0.106013,0.68447,0.768077,0.116824,0.724383,0.792751,-0.119892,0.675044,0.78756,0.115626,0.713978,0.811167,-0.122982,0.704682,0.805092,0.086814,0.754967,0.834977,-0.174281
EH_1_Lat_3.23.26,225,1483.0,501.0,0,1482.29,490.72,0.9934,1487.95,495.0,0.7468,0.748749,0.316374,0.007569,0.746877,0.30361,0.016998,0.746088,0.302789,0.016866,0.745399,0.301974,0.016893,0.746213,0.303642,-0.009838,0.745053,0.302962,-0.0101,0.743988,0.302212,-0.0102,0.736202,0.300467,0.055666,0.734757,0.301204,-0.060392,0.743722,0.325071,0.028509,0.743073,0.324622,-0.00537,0.715749,0.350824,0.123568,0.714585,0.350439,-0.121941,0.716991,0.439918,0.158579,0.726098,0.443171,-0.197366,0.73473,0.50224,0.083503,0.774974,0.458334,-0.205126,0.738941,0.517403,0.079688,0.788808,0.467501,-0.229577,0.743265,0.514154,0.063137,0.790115,0.458235,-0.216774,0.742487,0.507736,0.074654,0.785642,0.45335,-0.199593,0.713107,0.529081,0.077978,0.714944,0.531314,-0.078094,0.704304,0.646711,0.097286,0.741922,0.65351,-0.108826,0.684271,0.768049,0.10209,0.730818,0.795279,-0.130448,0.674877,0.786894,0.100054,0.718627,0.817268,-0.134415,0.704437,0.807387,0.069888,0.766092,0.837725,-0.186449
EH_1_Lat_3.23.26,226,1483.0,501.0,0,1479.66,497.08,0.9939,1486.15,502.77,0.7716,0.750082,0.316637,-0.000505,0.748173,0.303828,0.008201,0.747439,0.302979,0.008073,0.74681,0.302141,0.008123,0.747618,0.30388,-0.017183,0.74657,0.303165,-0.017435,0.745607,0.302374,-0.017541,0.737967,0.300579,0.050342,0.736636,0.301189,-0.062636,0.745272,0.325292,0.021174,0.744757,0.324879,-0.011978,0.721063,0.350862,0.121884,0.71559,0.352017,-0.123822,0.716367,0.445209,0.155122,0.723419,0.446291,-0.194684,0.731493,0.529177,0.084162,0.774036,0.465529,-0.20481,0.733129,0.550062,0.081481,0.787585,0.476239,-0.230894,0.737981,0.546311,0.064652,0.789365,0.468231,-0.217656,0.738052,0.537349,0.075565,0.785381,0.463477,-0.199048,0.716626,0.529695,0.077588,0.715655,0.532722,-0.077701,0.704496,0.648173,0.09826,0.742157,0.653592,-0.106104,0.684102,0.768032,0.110972,0.736894,0.797813,-0.11808,0.674041,0.785979,0.110547,0.727106,0.821965,-0.121267,0.704239,0.809241,0.081869,0.77298,0.837448,-0.179489
EH_1_Lat_3.23.26,227,1483.0,501.0,0,1480.03,503.37,0.9937,1484.36,510.4,0.7937,0.752344,0.316862,0.000207,0.750077,0.304071,0.008332,0.749281,0.303208,0.008204,0.748603,0.302353,0.008254,0.749598,0.304121,-0.016802,0.748559,0.303395,-0.017043,0.747645,0.302592,-0.017141,0.739428,0.30075,0.049807,0.738603,0.301371,-0.06276,0.74747,0.32548,0.0211,0.7469,0.325106,-0.012062,0.719234,0.351424,0.122185,0.718077,0.352984,-0.12456,0.71549,0.449286,0.15625,0.722826,0.449031,-0.19398,0.730225,0.538525,0.105723,0.773105,0.472597,-0.195529,0.732263,0.557542,0.106855,0.786471,0.485282,-0.219853,0.737026,0.554773,0.088463,0.788602,0.47756,-0.20708,0.737078,0.546668,0.097186,0.78447,0.473111,-0.190076,0.715963,0.52976,0.079087,0.719547,0.533077,-0.0792,0.706156,0.648224,0.111621,0.742624,0.653797,-0.109321,0.683982,0.767659,0.120986,0.743053,0.801691,-0.145996,0.673324,0.784279,0.118932,0.732043,0.826675,-0.151357,0.704112,0.810511,0.095959,0.780539,0.836106,-0.209568
EH_1_Lat_3.23.26,228,1480.0,516.0,0,1478.02,510.32,0.9932,1483.13,520.31,0.8141,0.754581,0.316959,-0.013768,0.752289,0.304004,-0.006971,0.751432,0.303078,-0.007101,0.750631,0.302188,-0.007048,0.751934,0.304122,-0.031365,0.750918,0.303385,-0.031584,0.749908,0.302597,-0.031659,0.740959,0.30053,0.031708,0.740349,0.301305,-0.078398,0.749697,0.325507,0.006194,0.749184,0.32524,-0.026634,0.719048,0.351765,0.109601,0.7212,0.355108,-0.134784,0.714412,0.449268,0.155785,0.722744,0.451055,-0.192898,0.729589,0.529532,0.106924,0.772462,0.481769,-0.195861,0.731998,0.546134,0.108898,0.785306,0.497073,-0.219762,0.736628,0.543432,0.09004,0.7881,0.489498,-0.207681,0.73644,0.53647,0.098402,0.784055,0.485181,-0.190509,0.716564,0.530923,0.07869,0.723135,0.53456,-0.078804,0.706714,0.649017,0.117601,0.743207,0.655237,-0.088102,0.683869,0.767628,0.131281,0.748859,0.802324,-0.112429,0.672647,0.784237,0.12912,0.738982,0.827343,-0.112845,0.704006,0.811308,0.106987,0.787165,0.83452,-0.161378
EH_1_Lat_3.23.26,229,1476.0,525.0,0,1476.34,515.45,0.9931,1482.53,527.12,0.832,0.756412,0.316981,-0.016777,0.75399,0.30411,-0.010539,0.753035,0.303215,-0.01067,0.752117,0.302342,-0.01062,0.753785,0.304228,-0.034434,0.752775,0.303512,-0.034643,0.751749,0.302733,-0.034716,0.742276,0.300716,0.026714,0.742073,0.301459,-0.081859,0.751472,0.325675,0.002572,0.751028,0.325375,-0.029952,0.719291,0.352454,0.10588,0.724283,0.356688,-0.136116,0.713733,0.452605,0.152641,0.722847,0.452735,-0.192285,0.732306,0.52923,0.105235,0.772151,0.488076,-0.192902,0.736192,0.544725,0.106976,0.784799,0.50397,-0.216376,0.741536,0.541484,0.08973,0.787893,0.497219,-0.203478,0.740535,0.535094,0.097125,0.784208,0.492213,-0.187897,0.716024,0.533011,0.078729,0.725022,0.536734,-0.078842,0.706846,0.651938,0.14044,0.744766,0.658641,-0.082776,0.683774,0.767568,0.179253,0.754795,0.804227,-0.107099,0.671957,0.78393,0.180412,0.746453,0.831058,-0.102881,0.704057,0.812432,0.159014,0.792388,0.834595,-0.145291
EH_1_Lat_3.23.26,230,1476.0,525.0,0,1473.92,519.68,0.9822,1481.07,531.75,0.848,0.757987,0.317098,-0.0256,0.755354,0.304235,-0.019844,0.754338,0.303347,-0.019978,0.753327,0.302469,-0.019931,0.755376,0.304327,-0.043216,0.754471,0.3036,-0.043418,0.753521,0.302796,-0.043497,0.743516,0.30078,0.017,0.744004,0.301454,-0.089579,0.752992,0.325767,-0.006444,0.752632,0.325471,-0.038418,0.721075,0.352626,0.098244,0.725838,0.357077,-0.141434,0.715631,0.455958,0.13528,0.722248,0.454995,-0.19116,0.735592,0.53332,0.079669,0.77139,0.492358,-0.18984,0.740057,0.548374,0.078144,0.783815,0.50869,-0.213216,0.745571,0.54394,0.059285,0.786755,0.502002,-0.201223,0.744179,0.537667,0.070603,0.782968,0.496533,-0.184896,0.71853,0.534638,0.078909,0.725976,0.5383,-0.079015,0.707608,0.652797,0.15783,0.744771,0.660376,-0.079236,0.683697,0.767317,0.216099,0.759125,0.805906,-0.08475,0.671427,0.783504,0.219099,0.751134,0.833345,-0.08422,0.704056,0.813044,0.193678,0.797373,0.834071,-0.144057
EH_1_Lat_3.23.26,231,1476.0,536.0,0,1474.99,531.2,0.9808,1480.91,538.04,0.8626,0.7587,0.317221,-0.029207,0.756075,0.30437,-0.023011,0.755115,0.30348,-0.02315,0.754226,0.302599,-0.023101,0.755985,0.304445,-0.046163,0.75499,0.303699,-0.046371,0.754037,0.302869,-0.046451,0.744892,0.300906,0.015406,0.744942,0.301552,-0.090129,0.753813,0.325878,-0.009654,0.753317,0.325582,-0.041304,0.723549,0.353498,0.09786,0.727285,0.358861,-0.141365,0.71874,0.459401,0.133348,0.722207,0.457782,-0.188416,0.738962,0.537184,0.07715,0.771309,0.498188,-0.185163,0.743475,0.552723,0.075613,0.783392,0.517834,-0.208017,0.748812,0.548357,0.056519,0.785716,0.508882,-0.198017,0.747233,0.541883,0.06796,0.781824,0.503766,-0.180164,0.721706,0.5375,0.078737,0.726564,0.541238,-0.078843,0.708743,0.655029,0.15001,0.745138,0.66504,-0.061401,0.683622,0.767367,0.201022,0.762664,0.806849,-0.045787,0.670435,0.783387,0.203348,0.754975,0.834075,-0.045526,0.704069,0.814678,0.177437,0.800018,0.833874,-0.099673
EH_1_Lat_3.23.26,232,1476.0,536.0,0,1478.04,537.85,0.9891,1480.21,541.45,0.876,0.760495,0.317254,-0.024199,0.757894,0.304435,-0.017969,0.756823,0.303555,-0.018109,0.755839,0.302683,-0.018062,0.758094,0.304501,-0.041171,0.757224,0.303754,-0.041374,0.756469,0.302918,-0.041447,0.746629,0.300956,0.01905,0.747999,0.30168,-0.085918,0.75555,0.32594,-0.005029,0.755221,0.325648,-0.036689,0.725491,0.353718,0.099217,0.729833,0.359713,-0.138711,0.720946,0.462024,0.127986,0.722546,0.458205,-0.174721,0.746329,0.53583,0.060009,0.770944,0.501339,-0.165899,0.751898,0.550721,0.056279,0.782995,0.521822,-0.186591,0.756843,0.546383,0.036989,0.785023,0.512729,-0.178798,0.754663,0.540418,0.050286,0.781277,0.507325,-0.161462,0.723054,0.537999,0.077821,0.729708,0.54181,-0.077948,0.710492,0.655056,0.131856,0.745477,0.667358,-0.049316,0.683611,0.767294,0.152814,0.764552,0.805097,-0.035014,0.669424,0.782916,0.152361,0.757333,0.832707,-0.035535,0.703803,0.815633,0.126099,0.801145,0.833393,-0.085315
EH_1_Lat_3.23.26,233,1476.0,547.0,0,1479.32,545.21,0.989,1479.59,543.77,0.8881,0.761621,0.317349,-0.025925,0.759012,0.304528,-0.020764,0.758046,0.303646,-0.020906,0.757164,0.302774,-0.020861,0.759199,0.304587,-0.043477,0.75846,0.303833,-0.043676,0.757873,0.302989,-0.043738,0.747867,0.301047,0.012702,0.750002,0.301762,-0.089958,0.756793,0.326023,-0.007904,0.756511,0.325724,-0.038867,0.726773,0.354008,0.092371,0.732295,0.361212,-0.139525,0.722685,0.462491,0.119476,0.723228,0.46013,-0.174362,0.747372,0.536327,0.055574,0.770622,0.503487,-0.164521,0.752231,0.555404,0.052422,0.782479,0.52483,-0.185374,0.757109,0.551191,0.033391,0.785095,0.516146,-0.177461,0.755058,0.545247,0.046182,0.78151,0.509851,-0.160189,0.723152,0.53896,0.077365,0.731727,0.542842,-0.077501,0.712204,0.655845,0.137858,0.746294,0.67083,-0.047079,0.683482,0.767257,0.178608,0.768841,0.807579,-0.027214,0.668702,0.782429,0.180227,0.76167,0.836186,-0.02706,0.703781,0.815544,0.158459,0.806467,0.834076,-0.074012
EH_1_Lat_3.23.26,234,1476.0,547.0,0,1481.23,548.67,0.9888,1478.95,547.31,0.8988,0.764918,0.31743,-0.028457,0.762473,0.304595,-0.022697,0.761471,0.303723,-0.02284,0.760504,0.30284,-0.022795,0.7625,0.304646,-0.045601,0.761569,0.303881,-0.045802,0.760627,0.303008,-0.045866,0.750774,0.301119,0.013563,0.751354,0.30181,-0.090476,0.759998,0.326088,-0.009636,0.759669,0.325794,-0.040895,0.729734,0.354805,0.093294,0.733115,0.361631,-0.138705,0.725133,0.463348,0.123014,0.724919,0.460073,-0.17375,0.749252,0.532717,0.063723,0.770288,0.506764,-0.165658,0.752599,0.557147,0.061213,0.782005,0.527656,-0.187137,0.757413,0.55288,0.042221,0.784719,0.519079,-0.179009,0.755521,0.546837,0.054468,0.781223,0.513208,-0.161492,0.726459,0.538831,0.077233,0.733452,0.542617,-0.077371,0.713798,0.65578,0.137149,0.747075,0.672479,-0.054574,0.683398,0.767242,0.185151,0.768754,0.808156,-0.036265,0.668287,0.782244,0.187415,0.761622,0.837194,-0.036373,0.703745,0.815752,0.163735,0.805768,0.835435,-0.086147
EH_1_Lat_3.23.26,235,1476.0,547.0,0,1481.55,554.86,0.9898,1479.67,552.74,0.9085,0.767424,0.317611,-0.039715,0.765155,0.304724,-0.033266,0.764227,0.303849,-0.03341,0.763402,0.302992,-0.033357,0.764949,0.304769,-0.056412,0.763919,0.303997,-0.056615,0.76292,0.303134,-0.056685,0.754171,0.301261,0.006567,0.753547,0.301891,-0.09883,0.762679,0.326341,-0.01964,0.762188,0.326043,-0.051281,0.732829,0.356945,0.089502,0.736089,0.363301,-0.145643,0.726719,0.465647,0.119864,0.726848,0.461643,-0.177987,0.749722,0.53615,0.059755,0.770663,0.511796,-0.171932,0.754312,0.562264,0.057013,0.781855,0.53401,-0.194529,0.759483,0.55847,0.036982,0.785139,0.525405,-0.188021,0.757495,0.552228,0.05002,0.781811,0.519197,-0.168275,0.729263,0.539028,0.077201,0.736968,0.543111,-0.077337,0.714584,0.656128,0.143386,0.749171,0.672415,-0.05866,0.68336,0.766657,0.197939,0.769529,0.809215,-0.038258,0.668256,0.781618,0.200763,0.761806,0.837582,-0.038185,0.703664,0.815824,0.176619,0.808021,0.83861,-0.089845
EH_1_Lat_3.23.26,236,1486.21,561.03,0,1486.21,561.03,0.9878,1480.62,556.38,0.9172,0.770073,0.317729,-0.04096,0.767507,0.304895,-0.034644,0.766643,0.304032,-0.034789,0.765875,0.303167,-0.034739,0.767209,0.30495,-0.057572,0.76612,0.304183,-0.057777,0.765085,0.30331,-0.057854,0.756651,0.301516,0.00445,0.755804,0.302237,-0.100029,0.765338,0.326526,-0.021301,0.764756,0.326179,-0.052669,0.735427,0.357436,0.08482,0.738064,0.365023,-0.146195,0.72804,0.465475,0.116864,0.72815,0.464477,-0.178161,0.748298,0.548428,0.061166,0.771159,0.51517,-0.172524,0.752336,0.569657,0.058778,0.78167,0.536558,-0.195274,0.756077,0.5644,0.03894,0.785136,0.529268,-0.189413,0.755774,0.559093,0.051638,0.781794,0.523113,-0.16914,0.732774,0.53916,0.076708,0.739301,0.543404,-0.076837,0.716111,0.656171,0.14059,0.750128,0.672566,-0.063905,0.683322,0.766104,0.196504,0.769455,0.808901,-0.044952,0.668212,0.780836,0.199485,0.76184,0.837669,-0.044869,0.703668,0.815831,0.174886,0.806278,0.840986,-0.092984
EH_1_Lat_3.23.26,237,1483.72,561.95,0,1483.72,561.95,0.989,1481.76,559.91,0.9249,0.772136,0.317792,-0.037334,0.769476,0.304973,-0.030381,0.768566,0.304107,-0.030523,0.767747,0.303236,-0.030473,0.769227,0.305024,-0.053521,0.768091,0.304252,-0.053725,0.767006,0.303374,-0.053798,0.758832,0.301612,0.009681,0.7578,0.302319,-0.095534,0.767424,0.326551,-0.017472,0.766874,0.326214,-0.049047,0.741012,0.359786,0.088559,0.739827,0.367526,-0.143502,0.733733,0.464533,0.120388,0.730499,0.466214,-0.177151,0.752752,0.542783,0.065874,0.771753,0.518433,-0.172311,0.756948,0.565726,0.064067,0.781521,0.541549,-0.194715,0.761387,0.561895,0.044774,0.785496,0.534879,-0.18897,0.760261,0.555967,0.056591,0.782266,0.527886,-0.168906,0.73621,0.539075,0.075737,0.7418,0.543555,-0.075863,0.718838,0.656105,0.128877,0.751626,0.672848,-0.062648,0.683298,0.764993,0.177879,0.769734,0.808417,-0.046283,0.668235,0.779326,0.180513,0.761887,0.836502,-0.046568,0.703841,0.816274,0.154703,0.808331,0.843425,-0.096688
EH_1_Lat_3.23.26,238,1483.07,565.04,0,1483.07,565.04,0.9884,1483.02,565.04,0.9317,0.775327,0.317969,-0.033493,0.77252,0.305182,-0.026445,0.771478,0.304346,-0.026588,0.770489,0.303485,-0.026539,0.772425,0.30528,-0.049708,0.771246,0.304562,-0.049912,0.770071,0.303712,-0.049986,0.76137,0.302205,0.0135,0.760501,0.302918,-0.092199,0.770528,0.327003,-0.013679,0.77022,0.32657,-0.045424,0.745378,0.36356,0.091139,0.740677,0.369091,-0.143149,0.738124,0.466572,0.121419,0.732341,0.46654,-0.173484,0.755861,0.541588,0.065502,0.772408,0.523189,-0.16911,0.757363,0.568824,0.063134,0.781475,0.544855,-0.190958,0.7605,0.563558,0.044508,0.785916,0.537828,-0.185325,0.760754,0.55863,0.056369,0.782744,0.531792,-0.16578,0.740305,0.539323,0.074746,0.743693,0.544072,-0.074865,0.720594,0.656719,0.125567,0.753594,0.673301,-0.065476,0.683265,0.764827,0.174845,0.771007,0.808233,-0.047429,0.668159,0.777968,0.176832,0.76292,0.837111,-0.046941,0.703816,0.816324,0.150276,0.808272,0.84682,-0.105407
EH_1_Lat_3.23.26,239,1484.84,569.18,0,1484.84,569.18,0.9883,1484.15,570.8,0.938,0.777348,0.318148,-0.036385,0.774877,0.305351,-0.028939,0.773937,0.304531,-0.029083,0.773056,0.30367,-0.029032,0.774566,0.305429,-0.052321,0.773287,0.304698,-0.05253,0.771962,0.303813,-0.052608,0.764025,0.302414,0.013221,0.761959,0.302983,-0.092959,0.772438,0.327247,-0.015826,0.771897,0.326855,-0.047701,0.749776,0.365531,0.092005,0.742035,0.369968,-0.142391,0.743768,0.466509,0.120958,0.733663,0.466943,-0.174132,0.759288,0.541484,0.060052,0.772993,0.528523,-0.172185,0.763236,0.56855,0.056268,0.781477,0.550601,-0.194866,0.76323,0.561374,0.037064,0.786223,0.543045,-0.190461,0.766084,0.558127,0.050452,0.783101,0.536939,-0.169466,0.744112,0.540077,0.074625,0.744926,0.54476,-0.074741,0.724833,0.657522,0.114291,0.755102,0.673408,-0.066314,0.68356,0.764657,0.159871,0.771302,0.809432,-0.047885,0.668187,0.777676,0.161664,0.763,0.838367,-0.04828,0.703884,0.816775,0.129042,0.809668,0.848318,-0.114357
EH_1_Lat_3.23.26,240,1488.79,574.05,0,1488.79,574.05,0.9884,1486.93,575.0,0.9428,0.779427,0.318848,-0.040319,0.777401,0.306116,-0.033348,0.776537,0.305292,-0.033495,0.775789,0.304405,-0.033451,0.777012,0.306182,-0.056307,0.775804,0.305443,-0.056517,0.774634,0.304511,-0.056596,0.767488,0.303019,0.008643,0.76543,0.303478,-0.095511,0.77509,0.328131,-0.019836,0.774554,0.327549,-0.051079,0.754913,0.366823,0.089295,0.744129,0.369827,-0.143331,0.751228,0.466246,0.115888,0.73589,0.468346,-0.175592,0.768812,0.539077,0.051145,0.774444,0.53241,-0.174645,0.774868,0.564366,0.046937,0.781681,0.555108,-0.196854,0.776017,0.558232,0.027274,0.786819,0.54727,-0.193062,0.776112,0.554212,0.041216,0.784082,0.540365,-0.172332,0.747465,0.540314,0.074495,0.747173,0.544662,-0.074612,0.730468,0.658035,0.10311,0.757019,0.673316,-0.064745,0.684655,0.76389,0.134908,0.770924,0.809864,-0.047654,0.668622,0.775217,0.1352,0.762269,0.839034,-0.04821,0.70378,0.817478,0.097411,0.808209,0.850435,-0.11427
EH_1_Lat_3.23.26,241,1490.67,575.82,0,1490.67,575.82,0.986,1492.12,579.98,0.9476,0.780469,0.318612,-0.052682,0.778153,0.305751,-0.045612,0.777493,0.304988,-0.045767,0.776983,0.304167,-0.045716,0.777605,0.305785,-0.068147,0.77656,0.30507,-0.068361,0.775614,0.304184,-0.068449,0.769363,0.302952,-0.00213,0.767136,0.303365,-0.104593,0.776683,0.328037,-0.031707,0.775869,0.327429,-0.062467,0.757755,0.367517,0.079684,0.746282,0.370117,-0.149623,0.756504,0.465756,0.106298,0.739686,0.471843,-0.182927,0.767837,0.538825,0.04339,0.777147,0.537023,-0.1838,0.771947,0.563588,0.039337,0.784001,0.559938,-0.20679,0.771661,0.557238,0.020534,0.789276,0.552875,-0.202464,0.77416,0.552959,0.034017,0.786437,0.545481,-0.181349,0.751983,0.54185,0.074166,0.750914,0.546478,-0.074282,0.733356,0.660164,0.108686,0.758877,0.674388,-0.053974,0.686144,0.762431,0.153628,0.771265,0.809814,-0.031228,0.669648,0.771624,0.155312,0.762155,0.838759,-0.031294,0.703127,0.817441,0.1091,0.808283,0.851645,-0.096161
EH_1_Lat_3.23.26,242,1495.47,580.86,0,1495.47,580.86,0.9846,1492.7,580.9,0.9518,0.782844,0.318619,-0.052312,0.780417,0.305879,-0.044815,0.779759,0.305144,-0.044968,0.779259,0.304359,-0.044914,0.779731,0.305893,-0.067801,0.778634,0.305179,-0.068021,0.77761,0.304292,-0.068118,0.77115,0.303226,2.1e-05,0.768596,0.303428,-0.104283,0.77902,0.328202,-0.030872,0.778113,0.327556,-0.062198,0.763721,0.368222,0.080131,0.748061,0.370105,-0.148881,0.757601,0.466494,0.107712,0.741693,0.472798,-0.182853,0.765651,0.540624,0.047211,0.777446,0.53787,-0.183103,0.767144,0.565633,0.04365,0.784217,0.561144,-0.206197,0.769455,0.559691,0.025633,0.789359,0.55486,-0.200157,0.770093,0.557941,0.038291,0.786827,0.547532,-0.180177,0.757027,0.542795,0.073614,0.752838,0.547859,-0.073721,0.738575,0.662196,0.11071,0.761303,0.67601,-0.058323,0.688881,0.760641,0.155872,0.771772,0.810957,-0.037413,0.671526,0.767984,0.158191,0.76206,0.839746,-0.037458,0.702014,0.817348,0.114728,0.808241,0.851212,-0.097154
EH_1_Lat_3.23.26,243,1497.56,585.35,0,1497.56,585.35,0.9845,1493.38,583.58,0.9545,0.783716,0.318638,-0.06071,0.781912,0.305961,-0.053219,0.781381,0.305267,-0.053375,0.780984,0.304536,-0.053324,0.781224,0.30592,-0.075786,0.780214,0.305194,-0.076006,0.779277,0.304299,-0.076112,0.773429,0.303475,-0.006897,0.770583,0.303447,-0.109816,0.779774,0.328233,-0.038762,0.778736,0.327567,-0.069643,0.76428,0.368069,0.073893,0.74996,0.36991,-0.152646,0.759126,0.466772,0.104592,0.744061,0.472625,-0.18711,0.767073,0.540906,0.048164,0.777803,0.540348,-0.18633,0.767291,0.563668,0.044841,0.784463,0.565435,-0.209372,0.771005,0.559769,0.026827,0.789599,0.5601,-0.203613,0.770365,0.557819,0.039352,0.787266,0.553112,-0.183389,0.760099,0.543644,0.073255,0.755855,0.549086,-0.073358,0.743888,0.664573,0.120891,0.76236,0.677108,-0.052975,0.69163,0.757475,0.186149,0.771979,0.811563,-0.02342,0.674266,0.762346,0.190017,0.761743,0.840145,-0.022555,0.701796,0.8173,0.14876,0.808745,0.85138,-0.088028
EH_1_Lat_3.23.26,244,1498.69,587.94,0,1498.69,587.94,0.987,1496.42,587.52,0.9572,0.787863,0.318183,-0.0667,0.785896,0.305684,-0.05873,0.785264,0.30508,-0.058885,0.784757,0.304426,-0.058833,0.784871,0.305456,-0.081754,0.783531,0.304742,-0.081979,0.782298,0.303892,-0.082088,0.776556,0.303487,-0.010403,0.773172,0.303258,-0.115348,0.784054,0.327945,-0.04415,0.782847,0.327288,-0.075628,0.769112,0.367768,0.069511,0.752366,0.369621,-0.156664,0.764043,0.466374,0.101037,0.74766,0.473153,-0.193633,0.770755,0.539597,0.046742,0.779387,0.543999,-0.196666,0.770656,0.5647,0.043321,0.785478,0.569934,-0.220453,0.774013,0.55789,0.025206,0.790529,0.565083,-0.215463,0.773488,0.555722,0.037887,0.788489,0.557623,-0.194079,0.764285,0.54343,0.072821,0.75702,0.548642,-0.072914,0.749213,0.665571,0.120467,0.763469,0.676555,-0.059005,0.694695,0.754605,0.18531,0.770992,0.811871,-0.026346,0.677113,0.757641,0.189253,0.76039,0.839179,-0.026053,0.701923,0.816081,0.149523,0.807714,0.851269,-0.107442
EH_1_Lat_3.23.26,245,1503.18,596.89,0,1503.18,596.89,0.9872,1503.31,595.61,0.9574,0.790478,0.317943,-0.076376,0.788182,0.305584,-0.067752,0.787626,0.305004,-0.067908,0.787206,0.304377,-0.067855,0.787181,0.305348,-0.091039,0.786004,0.304651,-0.091267,0.784858,0.303809,-0.091382,0.779107,0.303478,-0.016701,0.775758,0.303172,-0.122509,0.786747,0.327863,-0.052936,0.785554,0.327221,-0.084656,0.773195,0.367577,0.064249,0.755336,0.369583,-0.161784,0.7693,0.466013,0.097258,0.752344,0.47447,-0.200848,0.775528,0.539071,0.043149,0.782974,0.551491,-0.203707,0.776959,0.563164,0.040004,0.787815,0.576485,-0.226967,0.779501,0.557491,0.021088,0.792399,0.572885,-0.221989,0.779103,0.555216,0.033987,0.790837,0.564296,-0.201071,0.768647,0.543321,0.071956,0.760039,0.548522,-0.072045,0.755133,0.666618,0.096125,0.765314,0.67607,-0.059647,0.698775,0.751691,0.147946,0.770058,0.811973,-0.031391,0.681203,0.752484,0.150384,0.75992,0.838387,-0.031143,0.701861,0.815735,0.101853,0.805451,0.850918,-0.113824
EH_1_Lat_3.23.26,246,1507.29,600.17,0,1507.29,600.17,0.9845,1507.63,599.26,0.9576,0.792756,0.318125,-0.069177,0.790395,0.305797,-0.061121,0.789775,0.305207,-0.061271,0.789277,0.304584,-0.061219,0.789694,0.305567,-0.08465,0.788618,0.304841,-0.084871,0.787547,0.303974,-0.084979,0.78132,0.303639,-0.013169,0.778772,0.303262,-0.120166,0.78875,0.328025,-0.046837,0.787885,0.327364,-0.078895,0.772211,0.367711,0.065906,0.758891,0.369891,-0.163378,0.769873,0.465651,0.098515,0.756159,0.474637,-0.204683,0.778422,0.537975,0.046543,0.785222,0.554873,-0.203402,0.779884,0.562061,0.044199,0.78928,0.580191,-0.226066,0.781434,0.556359,0.025163,0.793262,0.577503,-0.220693,0.782338,0.553611,0.037334,0.792006,0.569139,-0.200622,0.76977,0.543531,0.07189,0.762633,0.548383,-0.071979,0.761464,0.667328,0.097291,0.766115,0.675742,-0.061544,0.705432,0.747595,0.151506,0.769949,0.812064,-0.036283,0.688192,0.746518,0.153785,0.760472,0.837779,-0.036033,0.702886,0.81203,0.111926,0.806313,0.849914,-0.113473
EH_1_Lat_3.23.26,247,1509.09,603.05,0,1509.09,603.05,0.9828,1512.65,603.57,0.96,0.795028,0.318063,-0.073432,0.792875,0.305779,-0.06477,0.792434,0.305183,-0.064916,0.792129,0.304556,-0.06486,0.791873,0.305524,-0.088353,0.790775,0.304765,-0.088575,0.789707,0.303855,-0.088677,0.783915,0.303611,-0.014239,0.780553,0.303047,-0.121409,0.791477,0.327888,-0.050199,0.790346,0.327229,-0.082303,0.776212,0.367704,0.0659,0.761375,0.370013,-0.165101,0.772978,0.465567,0.099998,0.758534,0.474318,-0.204933,0.781299,0.538948,0.047501,0.787839,0.558864,-0.203796,0.783509,0.564151,0.045127,0.790998,0.584235,-0.22706,0.786144,0.559568,0.025045,0.79474,0.5819,-0.222128,0.785234,0.552741,0.037866,0.793851,0.574003,-0.201192,0.773344,0.544074,0.071838,0.764076,0.548404,-0.071926,0.767638,0.668375,0.092444,0.766946,0.676509,-0.062743,0.710869,0.745608,0.153518,0.770335,0.812667,-0.032187,0.693984,0.742926,0.155736,0.760763,0.837978,-0.030943,0.705547,0.810016,0.115484,0.806459,0.849813,-0.106227
EH_1_Lat_3.23.26,248,1511.16,603.48,0,1511.16,603.48,0.9858,1517.73,606.42,0.9603,0.797869,0.318096,-0.070354,0.795456,0.305793,-0.062346,0.794876,0.305193,-0.062489,0.794393,0.304562,-0.062433,0.794956,0.305535,-0.086021,0.79409,0.304771,-0.086238,0.793302,0.303868,-0.086334,0.786189,0.303611,-0.013969,0.784833,0.303059,-0.12151,0.794201,0.327952,-0.047768,0.79338,0.327255,-0.079964,0.778177,0.36804,0.064812,0.764586,0.370524,-0.164619,0.773021,0.465913,0.100369,0.762317,0.474886,-0.204123,0.784436,0.540017,0.048763,0.790486,0.561497,-0.201683,0.786498,0.567928,0.046416,0.792701,0.586919,-0.224687,0.788049,0.559965,0.025734,0.796373,0.586064,-0.219285,0.787649,0.554747,0.038889,0.795864,0.57787,-0.198897,0.777224,0.546089,0.070952,0.765581,0.548485,-0.071039,0.774732,0.670089,0.073851,0.766689,0.678054,-0.063044,0.717718,0.744026,0.151938,0.770255,0.812991,-0.017192,0.701769,0.73968,0.156235,0.760518,0.837915,-0.013362,0.708727,0.809535,0.117082,0.806985,0.850137,-0.079723
EH_1_Lat_3.23.26,249,1513.24,605.21,0,1513.24,605.21,0.9789,1521.96,609.94,0.959,0.799864,0.317687,-0.072873,0.797416,0.305444,-0.064624,0.796827,0.304824,-0.064767,0.796328,0.304164,-0.064709,0.796901,0.305173,-0.088732,0.796059,0.304413,-0.088949,0.795322,0.303511,-0.089039,0.788184,0.303442,-0.015146,0.787292,0.302846,-0.124479,0.796443,0.327622,-0.049882,0.795669,0.32694,-0.082619,0.778367,0.368152,0.064898,0.76778,0.371616,-0.167675,0.775095,0.466547,0.10092,0.766138,0.477415,-0.205825,0.787103,0.541102,0.04814,0.792685,0.564758,-0.201062,0.788357,0.570963,0.045889,0.793893,0.589289,-0.223523,0.790062,0.561161,0.024703,0.797612,0.588367,-0.218705,0.789753,0.55648,0.038029,0.797346,0.580369,-0.198447,0.779201,0.548556,0.070998,0.768074,0.549521,-0.071086,0.782618,0.672086,0.072053,0.766604,0.680031,-0.066907,0.723636,0.742798,0.144468,0.77062,0.813437,-0.022567,0.708194,0.737752,0.149582,0.759873,0.837889,-0.019297,0.713784,0.809596,0.108347,0.80671,0.850246,-0.084379
EH_1_Lat_3.23.26,250,1517.17,607.2,0,1517.17,607.2,0.9755,1527.33,613.46,0.9579,0.803177,0.31782,-0.075922,0.800797,0.30549,-0.068211,0.800108,0.304847,-0.068353,0.799494,0.30417,-0.068291,0.800328,0.305258,-0.092289,0.799396,0.304498,-0.092506,0.79856,0.303595,-0.092592,0.790791,0.303446,-0.019773,0.789983,0.302944,-0.128886,0.799361,0.327771,-0.053112,0.798527,0.327123,-0.085761,0.778201,0.368175,0.061986,0.772539,0.37389,-0.172109,0.773019,0.468393,0.098163,0.771335,0.479125,-0.206919,0.786071,0.544495,0.045291,0.795487,0.568022,-0.198596,0.786259,0.570359,0.043078,0.796137,0.592147,-0.221119,0.788691,0.565755,0.021786,0.799846,0.591023,-0.215677,0.78882,0.559385,0.035088,0.799729,0.582795,-0.195824,0.781409,0.551306,0.071026,0.769934,0.551849,-0.071116,0.788586,0.675109,0.068145,0.767467,0.681597,-0.067401,0.728283,0.743977,0.137694,0.770844,0.813891,-0.01758,0.712614,0.740693,0.14303,0.759743,0.838299,-0.013337,0.720506,0.81026,0.104002,0.807158,0.850061,-0.074148
EH_1_Lat_3.23.26,251,1520.41,609.19,0,1520.41,609.19,0.9695,1530.17,612.44,0.9537,0.80516,0.317847,-0.070011,0.802648,0.305502,-0.062319,0.802058,0.30486,-0.06246,0.801572,0.304182,-0.062399,0.802097,0.305283,-0.086482,0.801232,0.304546,-0.086698,0.8005,0.303671,-0.086779,0.793179,0.303506,-0.014929,0.792492,0.303218,-0.12449,0.801628,0.327884,-0.047603,0.800737,0.327276,-0.080349,0.7784,0.368308,0.065954,0.775847,0.374459,-0.169194,0.77357,0.469274,0.100603,0.774955,0.479493,-0.20415,0.786298,0.545672,0.047333,0.796963,0.567072,-0.192328,0.786564,0.568989,0.045113,0.7978,0.590945,-0.211734,0.789187,0.565425,0.024331,0.801219,0.589613,-0.208984,0.789065,0.560377,0.037347,0.80076,0.58134,-0.190131,0.782569,0.553076,0.071048,0.771794,0.553573,-0.071138,0.79511,0.675694,0.05474,0.768267,0.683589,-0.074492,0.732978,0.744731,0.112051,0.770809,0.813668,-0.023938,0.716343,0.7424,0.116131,0.759547,0.838017,-0.020634,0.728573,0.810503,0.076593,0.807045,0.849828,-0.080519
EH_1_Lat_3.23.26,252,1525.42,609.39,0,1525.42,609.39,0.9605,1531.2,608.21,0.9338,0.809927,0.317908,-0.069741,0.807407,0.305509,-0.060933,0.806542,0.304874,-0.061089,0.805788,0.304189,-0.061027,0.807319,0.305334,-0.083856,0.806485,0.304595,-0.084083,0.805808,0.303721,-0.084194,0.796627,0.303518,-0.012214,0.797344,0.303292,-0.120708,0.805458,0.328095,-0.046512,0.805246,0.327542,-0.077893,0.776951,0.368292,0.06777,0.780153,0.374648,-0.165816,0.772142,0.472297,0.100763,0.778342,0.479576,-0.20061,0.786099,0.547912,0.046681,0.797501,0.563156,-0.175926,0.786157,0.574804,0.044396,0.798479,0.584369,-0.191773,0.789106,0.566273,0.024222,0.801036,0.584361,-0.190756,0.78897,0.562653,0.03683,0.800251,0.575814,-0.174286,0.782831,0.55226,0.07091,0.774138,0.553086,-0.071005,0.799205,0.674671,0.048953,0.769078,0.682878,-0.074284,0.740564,0.744512,0.084953,0.770941,0.813334,-0.026691,0.722382,0.742537,0.086676,0.759785,0.837779,-0.023726,0.73875,0.810572,0.046945,0.806398,0.849935,-0.082241
EH_1_Lat_3.23.26,253,1529.78,609.36,0,1529.78,609.36,0.9459,1531.4,602.11,0.9052,0.811613,0.317928,-0.05046,0.809043,0.305499,-0.043084,0.808064,0.304842,-0.043212,0.807149,0.304132,-0.043159,0.809259,0.305337,-0.067195,0.808544,0.304603,-0.067399,0.807975,0.303733,-0.067464,0.797879,0.303523,0.000197,0.799829,0.303307,-0.11028,0.806983,0.3281,-0.029348,0.806923,0.327549,-0.061995,0.779074,0.368225,0.075153,0.784112,0.37477,-0.155301,0.774869,0.471906,0.108971,0.782524,0.478495,-0.184944,0.78787,0.54663,0.055139,0.797604,0.557512,-0.161106,0.788552,0.573476,0.053148,0.798618,0.578857,-0.177003,0.792046,0.567545,0.033628,0.800756,0.57844,-0.175195,0.79171,0.562124,0.045414,0.799328,0.570134,-0.159279,0.782088,0.551903,0.070959,0.775655,0.552913,-0.071054,0.801758,0.673885,0.048,0.770442,0.682292,-0.074752,0.744972,0.74523,0.091747,0.7706,0.813188,-0.028908,0.727392,0.743588,0.09444,0.759436,0.837409,-0.026248,0.742759,0.808421,0.058501,0.8064,0.850088,-0.084091
EH_1_Lat_3.23.26,254,1540.59,605.55,0,1540.59,605.55,0.9362,1536.23,600.31,0.8783,0.815102,0.317945,-0.042556,0.812793,0.305357,-0.035032,0.812001,0.304645,-0.035152,0.811311,0.303899,-0.035096,0.812387,0.305184,-0.05953,0.811426,0.304395,-0.059729,0.810594,0.303476,-0.059773,0.802125,0.30335,0.008866,0.802055,0.303083,-0.102435,0.810851,0.32812,-0.02129,0.810265,0.327592,-0.054416,0.782183,0.368219,0.083854,0.787939,0.374588,-0.146951,0.776898,0.472002,0.117897,0.786645,0.477685,-0.169918,0.787744,0.551539,0.061234,0.800119,0.555843,-0.139611,0.78888,0.573799,0.058936,0.800488,0.578029,-0.154323,0.792629,0.566219,0.039798,0.802324,0.575625,-0.152116,0.791174,0.561616,0.051597,0.800424,0.567594,-0.137387,0.782762,0.551732,0.071304,0.77741,0.552668,-0.071398,0.807485,0.673804,0.048337,0.771557,0.682153,-0.077473,0.750208,0.745983,0.087086,0.770472,0.813657,-0.03519,0.734187,0.745079,0.089294,0.759139,0.837651,-0.032237,0.751526,0.808234,0.055716,0.806171,0.851195,-0.08538
EH_1_Lat_3.23.26,255,1545.73,606.07,0,1545.73,606.07,0.9481,1544.35,597.06,0.8638,0.819165,0.31777,-0.043944,0.816436,0.305,-0.036551,0.815675,0.30427,-0.036676,0.815004,0.303519,-0.036619,0.815961,0.304867,-0.060867,0.814966,0.304103,-0.061067,0.814052,0.303225,-0.061114,0.806335,0.302984,0.007429,0.805875,0.302867,-0.103038,0.815286,0.328099,-0.022792,0.814639,0.327591,-0.055708,0.783789,0.368171,0.083357,0.792409,0.374338,-0.147717,0.778897,0.472351,0.116949,0.792326,0.477026,-0.171765,0.787859,0.558009,0.062174,0.80435,0.552829,-0.138976,0.788702,0.578456,0.060391,0.805087,0.574987,-0.153909,0.791959,0.568759,0.041513,0.805981,0.572175,-0.151698,0.791616,0.562978,0.052762,0.804936,0.564507,-0.136732,0.785001,0.551471,0.071875,0.780103,0.552413,-0.071966,0.813641,0.672475,0.061468,0.772829,0.682562,-0.063129,0.755725,0.747405,0.10405,0.769976,0.813491,-0.022042,0.740643,0.745961,0.106426,0.759565,0.837374,-0.019364,0.76017,0.806638,0.073509,0.806543,0.851621,-0.072488
