video_id,frame_idx,true_wrist_x,true_wrist_y,occluded,yolo_wrist_x,yolo_wrist_y,yolo_conf,mp_wrist_x,mp_wrist_y,mp_wrist_vis,lm0_x,lm0_y,lm0_z,lm1_x,lm1_y,lm1_z,lm2_x,lm2_y,lm2_z,lm3_x,lm3_y,lm3_z,lm4_x,lm4_y,lm4_z,lm5_x,lm5_y,lm5_z,lm6_x,lm6_y,lm6_z,lm7_x,lm7_y,lm7_z,lm8_x,lm8_y,lm8_z,lm9_x,lm9_y,lm9_z,lm10_x,lm10_y,lm10_z,lm11_x,lm11_y,lm11_z,lm12_x,lm12_y,lm12_z,lm13_x,lm13_y,lm13_z,lm14_x,lm14_y,lm14_z,lm15_x,lm15_y,lm15_z,lm16_x,lm16_y,lm16_z,lm17_x,lm17_y,lm17_z,lm18_x,lm18_y,lm18_z,lm19_x,lm19_y,lm19_z,lm20_x,lm20_y,lm20_z,lm21_x,lm21_y,lm21_z,lm22_x,lm22_y,lm22_z,lm23_x,lm23_y,lm23_z,lm24_x,lm24_y,lm24_z,lm25_x,lm25_y,lm25_z,lm26_x,lm26_y,lm26_z,lm27_x,lm27_y,lm27_z,lm28_x,lm28_y,lm28_z,lm29_x,lm29_y,lm29_z,lm30_x,lm30_y,lm30_z,lm31_x,lm31_y,lm31_z,lm32_x,lm32_y,lm32_z
EH_Lat_2_3.9.26,0,674.64,631.49,0,674.64,631.49,0.9886,669.39,638.61,0.995,0.362729,0.303356,-0.039222,0.356249,0.288876,-0.027941,0.354585,0.288298,-0.028146,0.353019,0.28783,-0.028071,0.355507,0.288991,-0.059941,0.353539,0.288613,-0.060243,0.35174,0.288209,-0.060358,0.340765,0.289057,0.026863,0.340131,0.290333,-0.117208,0.35409,0.319119,-0.012739,0.353727,0.319204,-0.056061,0.314107,0.374898,0.138168,0.317318,0.378657,-0.184116,0.301667,0.511156,0.193218,0.298249,0.503945,-0.247544,0.319702,0.629332,0.135776,0.348641,0.591308,-0.254651,0.322067,0.646811,0.137087,0.357411,0.619313,-0.286521,0.329021,0.645296,0.108393,0.362234,0.61464,-0.273383,0.328882,0.638173,0.122571,0.359346,0.606229,-0.248459,0.285474,0.593869,0.096311,0.300013,0.594828,-0.096529,0.249106,0.761013,0.102124,0.365447,0.735222,-0.066063,0.174285,0.8932,0.091375,0.360064,0.928606,-0.028329,0.152868,0.913114,0.086839,0.343859,0.955554,-0.025734,0.20214,0.954472,0.048397,0.401901,0.983106,-0.065778
EH_Lat_2_3.9.26,1,675.93,631.41,0,675.93,631.41,0.9893,669.12,635.63,0.9949,0.36273,0.30371,-0.037479,0.356677,0.288842,-0.026103,0.355075,0.288186,-0.026299,0.353524,0.287556,-0.02624,0.355944,0.288946,-0.058313,0.354059,0.288473,-0.058605,0.352267,0.287896,-0.058703,0.340914,0.288666,0.029358,0.340249,0.289754,-0.115784,0.35423,0.319219,-0.010805,0.353852,0.319214,-0.054345,0.314248,0.37326,0.140261,0.317083,0.377366,-0.183309,0.303431,0.511156,0.190512,0.298252,0.503966,-0.240585,0.320968,0.6286,0.119296,0.3485,0.588551,-0.233648,0.323839,0.64682,0.117184,0.356688,0.616712,-0.262298,0.330261,0.644986,0.091493,0.362149,0.613289,-0.252339,0.32968,0.63737,0.106525,0.359175,0.605046,-0.228146,0.285472,0.594699,0.096636,0.299937,0.59636,-0.096857,0.248388,0.761235,0.10453,0.365446,0.735262,-0.066252,0.174277,0.893306,0.093563,0.360157,0.928395,-0.022117,0.151714,0.914815,0.089217,0.343716,0.955335,-0.01853,0.202162,0.954413,0.056128,0.401963,0.98303,-0.052476
EH_Lat_2_3.9.26,2,676.48,631.98,0,676.48,631.98,0.9891,670.1,635.66,0.9951,0.362665,0.303728,-0.044697,0.356832,0.288806,-0.034328,0.355285,0.28813,-0.034517,0.353749,0.287451,-0.034475,0.356174,0.288911,-0.065752,0.354395,0.288409,-0.066026,0.352633,0.287765,-0.066108,0.34097,0.288657,0.020834,0.340326,0.289593,-0.120655,0.354233,0.319254,-0.017908,0.353885,0.319213,-0.060296,0.314249,0.372416,0.131068,0.317004,0.377139,-0.184493,0.303853,0.511412,0.17184,0.29851,0.504853,-0.241379,0.325342,0.614023,0.099447,0.349008,0.588576,-0.234112,0.328848,0.645204,0.095707,0.356771,0.616602,-0.263239,0.332936,0.637068,0.070547,0.362204,0.613293,-0.256147,0.332721,0.630778,0.086762,0.359304,0.605104,-0.230424,0.285454,0.594336,0.096012,0.299724,0.596246,-0.096232,0.248232,0.761265,0.097616,0.365452,0.735229,-0.059722,0.174274,0.893308,0.079392,0.360145,0.928382,-0.00607,0.151216,0.914855,0.074429,0.343675,0.955512,-0.001939,0.202315,0.954622,0.039387,0.401953,0.98298,-0.035753
EH_Lat_2_3.9.26,3,676.2,631.08,0,676.2,631.08,0.9892,670.78,635.68,0.9953,0.362448,0.303774,-0.044673,0.356875,0.288787,-0.034365,0.355374,0.288092,-0.034552,0.353872,0.287376,-0.03451,0.356231,0.288898,-0.065733,0.354497,0.288383,-0.066008,0.352744,0.287701,-0.066092,0.341011,0.288595,0.020362,0.34034,0.289367,-0.120784,0.354196,0.319312,-0.018042,0.353874,0.319229,-0.060341,0.314314,0.371814,0.130852,0.316907,0.377113,-0.184487,0.304188,0.511282,0.175279,0.298689,0.504927,-0.238183,0.325154,0.615078,0.108001,0.349364,0.588595,-0.230618,0.328499,0.644904,0.106038,0.357145,0.61654,-0.259426,0.33304,0.637406,0.079775,0.362492,0.613293,-0.251096,0.332704,0.630849,0.095192,0.359654,0.605052,-0.22607,0.285546,0.594364,0.095994,0.29969,0.596615,-0.096213,0.248198,0.76134,0.101931,0.365497,0.735052,-0.060233,0.174313,0.893307,0.091703,0.360077,0.927948,-0.005445,0.151169,0.914883,0.087995,0.343632,0.955488,-0.000844,0.202877,0.954767,0.056482,0.401951,0.982862,-0.033736
EH_Lat_2_3.9.26,4,675.64,631.26,0,675.64,631.26,0.9887,671.6,635.7,0.9954,0.361961,0.304341,-0.05251,0.356868,0.289148,-0.042993,0.355375,0.288331,-0.04318,0.353886,0.287505,-0.043146,0.35623,0.289371,-0.073544,0.354508,0.288774,-0.073816,0.352774,0.287988,-0.073894,0.341016,0.28873,0.010204,0.340346,0.289447,-0.127068,0.353978,0.31971,-0.026349,0.353741,0.319484,-0.067445,0.315521,0.371707,0.121747,0.316899,0.377109,-0.188195,0.305042,0.511398,0.167962,0.298877,0.505628,-0.240238,0.327521,0.611508,0.104278,0.34979,0.588615,-0.232618,0.331014,0.644775,0.101924,0.357617,0.616516,-0.263398,0.336105,0.637703,0.076662,0.362768,0.613194,-0.251488,0.334998,0.630936,0.091866,0.360004,0.605046,-0.226456,0.285699,0.594369,0.09522,0.299671,0.596798,-0.095442,0.24821,0.761133,0.095631,0.365676,0.735085,-0.055079,0.174421,0.89333,0.069637,0.360109,0.927934,0.014056,0.151176,0.914928,0.06394,0.343623,0.95546,0.019965,0.203131,0.954765,0.029586,0.401952,0.982395,-0.009552
EH_Lat_2_3.9.26,5,676.54,630.22,0,676.54,630.22,0.9896,672.67,635.73,0.9956,0.36193,0.30434,-0.052479,0.356973,0.289105,-0.04278,0.355534,0.288243,-0.042968,0.354079,0.287352,-0.042933,0.356379,0.289357,-0.07357,0.354739,0.288746,-0.073842,0.353055,0.287931,-0.073923,0.341146,0.288672,0.010469,0.340535,0.289325,-0.127825,0.353988,0.319709,-0.026381,0.353796,0.319453,-0.067768,0.316778,0.371628,0.121265,0.316891,0.377128,-0.188962,0.305317,0.511516,0.162645,0.299023,0.506462,-0.240269,0.327642,0.612413,0.089568,0.35035,0.588637,-0.232588,0.331206,0.644588,0.085111,0.358007,0.616524,-0.262021,0.336501,0.637807,0.060573,0.363054,0.613149,-0.252533,0.335255,0.630792,0.077123,0.360446,0.605044,-0.227332,0.286024,0.594368,0.094943,0.2997,0.596968,-0.095164,0.24822,0.760973,0.094724,0.365934,0.735121,-0.055901,0.174434,0.893333,0.070498,0.360154,0.927802,0.016138,0.151156,0.914943,0.064965,0.34358,0.95546,0.022415,0.203296,0.954872,0.029877,0.401949,0.982354,-0.006501
EH_Lat_2_3.9.26,6,675.71,628.7,0,675.71,628.7,0.9891,674.34,635.63,0.9957,0.361932,0.304337,-0.052081,0.357072,0.289098,-0.042194,0.355696,0.28821,-0.042382,0.35431,0.287271,-0.042341,0.356453,0.289355,-0.072953,0.354817,0.288744,-0.073226,0.353118,0.287913,-0.073308,0.341482,0.288626,0.011111,0.340614,0.289249,-0.127164,0.354111,0.319707,-0.026031,0.353928,0.319437,-0.067388,0.31689,0.371025,0.121113,0.316903,0.377127,-0.18872,0.305779,0.511559,0.164891,0.299571,0.506749,-0.240455,0.327276,0.613119,0.097628,0.351221,0.588543,-0.235113,0.330717,0.644544,0.094558,0.358744,0.61626,-0.264733,0.336199,0.638004,0.069585,0.363689,0.613007,-0.254947,0.33507,0.63083,0.085244,0.361246,0.605021,-0.229812,0.286243,0.594349,0.094228,0.300066,0.59717,-0.094446,0.248264,0.760897,0.095022,0.366498,0.735175,-0.053513,0.174753,0.893241,0.074053,0.360197,0.927514,0.013681,0.15116,0.914988,0.068833,0.343579,0.955065,0.019131,0.20364,0.954774,0.032291,0.401946,0.982257,-0.010414
EH_Lat_2_3.9.26,7,679.24,628.7,0,679.24,628.7,0.9894,676.49,635.65,0.9959,0.361945,0.304341,-0.051098,0.357285,0.289099,-0.041007,0.355981,0.288207,-0.041195,0.354669,0.287252,-0.041152,0.356658,0.289364,-0.072012,0.355038,0.288742,-0.072286,0.353315,0.287903,-0.07237,0.341936,0.288624,0.012723,0.34078,0.289157,-0.126611,0.354296,0.319699,-0.024917,0.354143,0.3194,-0.066602,0.317155,0.370746,0.123022,0.316964,0.37715,-0.188831,0.306292,0.511582,0.167762,0.300091,0.506909,-0.240727,0.327191,0.614166,0.099976,0.35234,0.588562,-0.236394,0.330694,0.644131,0.09677,0.359942,0.616234,-0.266032,0.336281,0.637931,0.071651,0.364868,0.612983,-0.25645,0.335098,0.630532,0.087465,0.362389,0.605023,-0.231209,0.286681,0.594437,0.094243,0.301069,0.597488,-0.094461,0.248584,0.760891,0.095525,0.367067,0.735189,-0.054204,0.175046,0.893171,0.076206,0.360199,0.927478,0.008208,0.151372,0.914758,0.071092,0.343554,0.955051,0.013455,0.20398,0.954838,0.032527,0.401929,0.981855,-0.017076
EH_Lat_2_3.9.26,8,682.68,630.21,0,682.68,630.21,0.9892,679.32,635.64,0.9959,0.361953,0.304303,-0.055421,0.357453,0.289085,-0.04561,0.356188,0.288166,-0.045799,0.354902,0.287164,-0.045758,0.356878,0.289362,-0.076263,0.355324,0.288739,-0.076532,0.353632,0.287887,-0.076611,0.342309,0.288543,0.008021,0.34114,0.289051,-0.129727,0.354445,0.319662,-0.029232,0.354357,0.319321,-0.070455,0.318762,0.370715,0.117724,0.317179,0.377426,-0.190253,0.307138,0.511793,0.157128,0.300737,0.508091,-0.24077,0.329897,0.611928,0.084975,0.35381,0.588553,-0.23746,0.333424,0.644141,0.080504,0.361794,0.616193,-0.267198,0.339108,0.638065,0.055474,0.366481,0.612918,-0.257496,0.337843,0.62809,0.072358,0.36405,0.605019,-0.232298,0.287532,0.594428,0.094186,0.301829,0.597604,-0.094401,0.248887,0.760817,0.096574,0.368111,0.735178,-0.052737,0.175132,0.892961,0.078103,0.360197,0.927409,0.010737,0.151497,0.914714,0.073128,0.343369,0.954727,0.015804,0.204672,0.954831,0.035865,0.401899,0.981179,-0.016412
EH_Lat_2_3.9.26,9,683.47,629.83,0,683.47,629.83,0.9895,682.38,635.7,0.9961,0.361988,0.30414,-0.054432,0.357594,0.288967,-0.044319,0.356348,0.287983,-0.044507,0.355093,0.286918,-0.044464,0.357026,0.289316,-0.075215,0.35547,0.28868,-0.075485,0.353769,0.287807,-0.075566,0.342722,0.288432,0.009868,0.341401,0.288954,-0.128909,0.354794,0.319332,-0.028118,0.354743,0.318948,-0.069653,0.320948,0.370743,0.119481,0.317446,0.377694,-0.190233,0.309061,0.511818,0.155459,0.301597,0.508645,-0.240881,0.331804,0.610718,0.076865,0.355406,0.588608,-0.237828,0.335563,0.64432,0.071444,0.363401,0.616187,-0.267536,0.341226,0.638301,0.045836,0.36827,0.612902,-0.259138,0.339852,0.628648,0.06385,0.365783,0.605024,-0.232515,0.289053,0.594449,0.094203,0.302743,0.597743,-0.094419,0.249469,0.760774,0.096709,0.369529,0.735199,-0.054972,0.175344,0.892786,0.079029,0.360401,0.927321,0.005991,0.15189,0.914327,0.074115,0.343376,0.954711,0.010594,0.205091,0.954917,0.036591,0.401924,0.981377,-0.022663
EH_Lat_2_3.9.26,10,685.36,629.34,0,685.36,629.34,0.9886,685.57,636.05,0.9963,0.362004,0.304041,-0.055757,0.357593,0.28892,-0.045387,0.356344,0.287932,-0.045576,0.355088,0.286864,-0.045536,0.357024,0.289283,-0.076407,0.355467,0.288642,-0.076675,0.353764,0.287763,-0.076756,0.342747,0.288421,0.009592,0.341456,0.288954,-0.129694,0.354911,0.31928,-0.029301,0.354888,0.318903,-0.070971,0.321221,0.370759,0.119125,0.317476,0.37816,-0.191608,0.311553,0.511908,0.154928,0.302603,0.510169,-0.244607,0.335034,0.609559,0.076883,0.357069,0.588931,-0.246404,0.339153,0.644309,0.071775,0.365589,0.616194,-0.277822,0.345628,0.635146,0.045606,0.370531,0.612892,-0.270326,0.343155,0.628755,0.063635,0.367874,0.605061,-0.242097,0.290876,0.594452,0.094226,0.303824,0.597907,-0.094443,0.250424,0.760647,0.096461,0.371183,0.73559,-0.057392,0.175895,0.892469,0.077242,0.360407,0.927216,0.00551,0.152273,0.913924,0.072089,0.343183,0.954463,0.009799,0.204796,0.95492,0.034917,0.401882,0.981707,-0.024359
EH_Lat_2_3.9.26,11,691.11,630.97,0,691.11,630.97,0.9894,688.69,636.4,0.9964,0.36215,0.303722,-0.056448,0.357859,0.288742,-0.046194,0.35662,0.287684,-0.046384,0.355393,0.286538,-0.046342,0.357363,0.28922,-0.077225,0.355867,0.28859,-0.077493,0.354236,0.287715,-0.077576,0.343182,0.288262,0.00892,0.342092,0.288921,-0.130521,0.355379,0.318986,-0.029971,0.355474,0.318578,-0.071698,0.322813,0.370568,0.117126,0.318023,0.378422,-0.191919,0.313046,0.511916,0.149114,0.303938,0.511691,-0.244669,0.337246,0.605863,0.068228,0.358695,0.589262,-0.246516,0.341401,0.643431,0.062563,0.367471,0.616493,-0.278116,0.348118,0.632551,0.036375,0.37255,0.613547,-0.270568,0.345024,0.625645,0.054945,0.369687,0.605238,-0.242314,0.292665,0.594492,0.094243,0.30526,0.598006,-0.094459,0.251181,0.760635,0.105983,0.372649,0.735748,-0.057449,0.176304,0.891946,0.096089,0.360446,0.926568,0.003757,0.152777,0.913499,0.092038,0.342648,0.953203,0.008369,0.20479,0.954918,0.055431,0.401917,0.981728,-0.026099
EH_Lat_2_3.9.26,12,701.03,635.8,0,701.03,635.8,0.9825,693.34,637.31,0.9966,0.362175,0.303588,-0.055761,0.357937,0.28862,-0.045433,0.356679,0.287547,-0.045623,0.355446,0.286369,-0.04558,0.357519,0.289137,-0.076478,0.356063,0.288519,-0.076748,0.354514,0.287646,-0.076831,0.343329,0.28818,0.009757,0.342593,0.28892,-0.129879,0.35548,0.318916,-0.029272,0.355631,0.318485,-0.071047,0.32261,0.370405,0.118242,0.318575,0.379634,-0.191615,0.314979,0.511962,0.152026,0.306076,0.513576,-0.244495,0.339719,0.606296,0.072732,0.361114,0.590099,-0.246508,0.344197,0.642877,0.067655,0.37028,0.616977,-0.278193,0.351042,0.630851,0.041048,0.375705,0.614202,-0.270444,0.347455,0.623537,0.059371,0.372335,0.605761,-0.242302,0.294896,0.594436,0.094248,0.306852,0.598009,-0.094465,0.252283,0.760629,0.105807,0.374591,0.735898,-0.063912,0.176723,0.891619,0.09482,0.360527,0.926552,-0.004341,0.153672,0.913144,0.090606,0.342174,0.953186,0.000265,0.204769,0.954899,0.054188,0.40184,0.981824,-0.035429
EH_Lat_2_3.9.26,13,706.26,634.68,0,706.26,634.68,0.9836,698.73,638.2,0.9967,0.362345,0.302618,-0.059141,0.358286,0.287875,-0.049217,0.357028,0.286808,-0.049406,0.355824,0.285603,-0.049367,0.357906,0.288582,-0.079962,0.356473,0.288065,-0.080228,0.35496,0.287262,-0.080314,0.34389,0.287804,0.004414,0.343193,0.28876,-0.133781,0.355863,0.318272,-0.033269,0.356039,0.317805,-0.074644,0.324005,0.370083,0.111451,0.319728,0.381281,-0.193226,0.316554,0.5131,0.142599,0.308583,0.516205,-0.244464,0.345167,0.606542,0.060406,0.363922,0.590929,-0.246346,0.348057,0.642895,0.054622,0.37501,0.61705,-0.278135,0.353833,0.630704,0.027546,0.380055,0.614197,-0.270159,0.352056,0.624818,0.046818,0.376075,0.605734,-0.242264,0.296808,0.594553,0.094129,0.308697,0.598487,-0.094337,0.253859,0.760604,0.112063,0.376724,0.735899,-0.06559,0.177321,0.891016,0.109633,0.360536,0.926341,-0.004734,0.154741,0.911752,0.106394,0.341977,0.953157,7.3e-05,0.203227,0.954725,0.071317,0.401988,0.981843,-0.036323
EH_Lat_2_3.9.26,14,711.38,631.93,0,711.38,631.93,0.983,704.69,639.07,0.9968,0.362682,0.30192,-0.063633,0.358593,0.287348,-0.053564,0.357346,0.286237,-0.053755,0.356191,0.284996,-0.053717,0.358162,0.288223,-0.084056,0.356702,0.287749,-0.084324,0.355191,0.286972,-0.084415,0.344401,0.287425,0.000867,0.34353,0.28862,-0.136387,0.356508,0.317706,-0.037571,0.356662,0.317332,-0.078639,0.325909,0.370093,0.107554,0.320455,0.382474,-0.194589,0.320894,0.514858,0.137323,0.311147,0.520139,-0.244629,0.348696,0.607151,0.053086,0.367028,0.591736,-0.246935,0.350293,0.642693,0.046732,0.379354,0.617048,-0.279124,0.355877,0.628973,0.020289,0.384545,0.613916,-0.271193,0.354938,0.622729,0.039674,0.38009,0.605597,-0.242971,0.298999,0.594617,0.093916,0.3102,0.598656,-0.094113,0.25516,0.760604,0.112734,0.378114,0.735934,-0.069362,0.178635,0.890204,0.110674,0.360379,0.926236,-0.011288,0.155918,0.908939,0.107381,0.341658,0.953159,-0.006797,0.2032,0.954733,0.070966,0.401936,0.981899,-0.047407
EH_Lat_2_3.9.26,15,722.39,630.33,0,722.39,630.33,0.9848,714.4,639.52,0.9966,0.363206,0.301062,-0.06266,0.358948,0.286781,-0.0524,0.357663,0.285715,-0.052592,0.356491,0.284511,-0.052556,0.358542,0.287664,-0.083002,0.357062,0.287217,-0.08327,0.355558,0.286457,-0.083358,0.344799,0.287119,0.00236,0.344049,0.288405,-0.135353,0.357307,0.317046,-0.036455,0.357473,0.316697,-0.077656,0.327109,0.370204,0.109779,0.321665,0.382989,-0.194163,0.321793,0.514852,0.142439,0.315236,0.521481,-0.244092,0.348377,0.605576,0.058542,0.372086,0.59215,-0.245303,0.35121,0.632766,0.052117,0.385533,0.616901,-0.277164,0.356657,0.626949,0.025994,0.390274,0.613217,-0.269965,0.354479,0.620845,0.04518,0.385482,0.605458,-0.241586,0.300773,0.59471,0.093873,0.312731,0.598683,-0.094067,0.257496,0.760538,0.111143,0.379492,0.736097,-0.070349,0.179961,0.889266,0.108313,0.360353,0.926341,-0.01299,0.156957,0.906161,0.104355,0.34162,0.953411,-0.00861,0.202854,0.954731,0.068898,0.401751,0.981903,-0.049567
EH_Lat_2_3.9.26,16,732.17,625.08,0,732.17,625.08,0.9917,719.72,638.51,0.9965,0.363636,0.300198,-0.061085,0.359258,0.286111,-0.050784,0.357945,0.285082,-0.050976,0.356748,0.283908,-0.050938,0.358912,0.287037,-0.081528,0.357455,0.286633,-0.081798,0.355974,0.285897,-0.081886,0.345153,0.28675,0.003789,0.344613,0.288108,-0.134414,0.357894,0.316421,-0.034868,0.358132,0.316054,-0.076263,0.326647,0.370216,0.111776,0.323412,0.383183,-0.193932,0.323062,0.514917,0.147252,0.317889,0.521129,-0.244094,0.348876,0.6034,0.06808,0.374853,0.591211,-0.245121,0.355249,0.633332,0.062989,0.389551,0.613373,-0.276842,0.359422,0.624532,0.036673,0.39424,0.609023,-0.269898,0.358256,0.618783,0.054844,0.388898,0.602018,-0.241462,0.302026,0.595616,0.093925,0.316072,0.599198,-0.094118,0.259911,0.760535,0.110319,0.381148,0.73691,-0.071075,0.181062,0.88871,0.1029,0.359979,0.926305,-0.012809,0.157852,0.903917,0.098143,0.341627,0.953397,-0.008077,0.202854,0.95482,0.060559,0.401653,0.982497,-0.048596
EH_Lat_2_3.9.26,17,740.53,626.72,0,740.53,626.72,0.9856,727.71,637.01,0.9961,0.364088,0.29968,-0.064367,0.359558,0.285749,-0.054209,0.358242,0.284746,-0.054407,0.357046,0.283583,-0.054384,0.359171,0.286654,-0.085113,0.357683,0.286249,-0.085382,0.35617,0.285502,-0.085465,0.345478,0.286468,0.000495,0.344744,0.287901,-0.138179,0.358494,0.31604,-0.038112,0.358663,0.315732,-0.079601,0.328677,0.370973,0.110941,0.324368,0.383121,-0.197522,0.32894,0.515264,0.149601,0.320734,0.520772,-0.24729,0.363429,0.599498,0.072039,0.379015,0.589825,-0.246426,0.377992,0.623087,0.067236,0.393895,0.609369,-0.277629,0.378622,0.61928,0.040153,0.399025,0.60319,-0.270949,0.375374,0.614026,0.058452,0.3934,0.595949,-0.24295,0.304538,0.597094,0.093937,0.317532,0.599354,-0.094129,0.262526,0.760606,0.095482,0.383137,0.737667,-0.072509,0.182444,0.888692,0.067703,0.359978,0.926305,-0.009122,0.15852,0.901954,0.061364,0.341634,0.953058,-0.003491,0.202767,0.954829,0.021439,0.401298,0.982939,-0.040724
EH_Lat_2_3.9.26,18,750.56,623.98,0,750.56,623.98,0.9856,734.98,632.53,0.9951,0.364368,0.299366,-0.062901,0.359646,0.285419,-0.052603,0.358305,0.28442,-0.052799,0.357093,0.283269,-0.05277,0.359266,0.286238,-0.083606,0.357751,0.285791,-0.083878,0.35623,0.285032,-0.083964,0.345612,0.286141,0.002131,0.344848,0.28765,-0.13695,0.358693,0.315808,-0.036572,0.35881,0.315487,-0.078235,0.328105,0.371027,0.112336,0.325866,0.383104,-0.196883,0.330417,0.515276,0.148941,0.324695,0.520283,-0.246882,0.364793,0.596191,0.064988,0.382803,0.585674,-0.239021,0.376131,0.616541,0.05934,0.397582,0.603023,-0.268841,0.376572,0.614681,0.032349,0.40307,0.594589,-0.261433,0.374338,0.609939,0.051165,0.397049,0.58699,-0.235194,0.305382,0.59772,0.094234,0.320318,0.599722,-0.094423,0.265117,0.760713,0.101017,0.384929,0.7387,-0.072046,0.184566,0.887835,0.080433,0.359952,0.926287,-0.006113,0.160034,0.898712,0.075008,0.34164,0.953062,-0.000153,0.202751,0.954756,0.035185,0.40098,0.982961,-0.036152
EH_Lat_2_3.9.26,19,753.83,610.41,0,753.83,610.41,0.9897,743.67,625.96,0.9932,0.364789,0.299012,-0.061874,0.360005,0.284855,-0.051806,0.358665,0.2839,-0.052002,0.357413,0.2828,-0.051973,0.359552,0.285617,-0.08281,0.358002,0.28515,-0.083081,0.356384,0.284371,-0.083169,0.345807,0.285827,0.002072,0.344873,0.28727,-0.137047,0.359089,0.315498,-0.035687,0.359112,0.315161,-0.077369,0.329626,0.371194,0.111805,0.326823,0.382303,-0.198343,0.332954,0.514437,0.145017,0.327697,0.520112,-0.246943,0.367311,0.592646,0.059345,0.387326,0.579589,-0.232991,0.377522,0.61328,0.054071,0.401038,0.597049,-0.261559,0.383732,0.608682,0.026823,0.406322,0.588015,-0.253332,0.381254,0.60336,0.045379,0.400996,0.580117,-0.228787,0.306502,0.598218,0.094434,0.321581,0.599794,-0.09462,0.267683,0.760722,0.105036,0.386093,0.738901,-0.071558,0.186735,0.885552,0.090983,0.359978,0.926287,-0.000927,0.16182,0.89534,0.08642,0.341599,0.952769,0.00543,0.202832,0.954419,0.043892,0.400386,0.983792,-0.031282
EH_Lat_2_3.9.26,20,765.75,604.54,0,765.75,604.54,0.9898,754.26,618.34,0.9878,0.365226,0.298518,-0.061696,0.36038,0.284142,-0.051902,0.359024,0.283207,-0.052097,0.357706,0.282143,-0.052071,0.359894,0.284815,-0.083123,0.358303,0.284291,-0.083395,0.356584,0.283483,-0.083484,0.346026,0.285136,0.002002,0.34498,0.286523,-0.138365,0.359529,0.31484,-0.035463,0.359449,0.314517,-0.077399,0.330706,0.371331,0.112684,0.327943,0.381476,-0.200626,0.337983,0.513582,0.147337,0.331544,0.519394,-0.247081,0.377891,0.58442,0.065448,0.392843,0.572539,-0.227576,0.394236,0.601832,0.060563,0.406303,0.588146,-0.254834,0.395842,0.596774,0.033621,0.410637,0.577079,-0.246178,0.393925,0.591308,0.051756,0.404528,0.570857,-0.223084,0.308362,0.59912,0.095952,0.322874,0.59992,-0.096128,0.270264,0.760732,0.109549,0.387243,0.739215,-0.074299,0.189057,0.883445,0.100683,0.36013,0.926306,-0.001539,0.163929,0.891643,0.096647,0.341615,0.952754,0.004607,0.202929,0.953935,0.052231,0.400177,0.983836,-0.031825
EH_Lat_2_3.9.26,21,770.96,594.97,0,770.96,594.97,0.99,764.52,612.4,0.9856,0.365522,0.29748,-0.059046,0.360579,0.283044,-0.050037,0.359157,0.282181,-0.050227,0.357756,0.281149,-0.050208,0.360096,0.283619,-0.080637,0.358445,0.283128,-0.080908,0.356654,0.28238,-0.080999,0.346018,0.284278,0.002867,0.345006,0.28577,-0.134593,0.35973,0.313748,-0.033029,0.359635,0.313468,-0.074118,0.330753,0.370957,0.114708,0.329543,0.380212,-0.197665,0.338946,0.512072,0.147395,0.336029,0.518153,-0.242599,0.370651,0.587025,0.068459,0.398186,0.567036,-0.222511,0.382958,0.605768,0.063696,0.410311,0.580653,-0.250074,0.389245,0.601229,0.036838,0.414545,0.570291,-0.240566,0.386281,0.597003,0.054911,0.410306,0.566018,-0.21773,0.310061,0.599082,0.096057,0.324739,0.599767,-0.096234,0.273082,0.760756,0.105217,0.388106,0.73974,-0.07396,0.191722,0.881797,0.091801,0.360249,0.926376,-0.005419,0.166417,0.889122,0.087297,0.341541,0.952745,0.000136,0.203813,0.953836,0.03955,0.400158,0.984354,-0.043057
EH_Lat_2_3.9.26,22,776.76,587.34,0,776.76,587.34,0.9923,770.52,603.21,0.9858,0.366093,0.294935,-0.058221,0.360805,0.28054,-0.048968,0.359345,0.279687,-0.049156,0.357897,0.27873,-0.04914,0.360415,0.281247,-0.080182,0.358771,0.280872,-0.080455,0.356961,0.280271,-0.080548,0.346331,0.282963,0.005416,0.345394,0.284794,-0.134396,0.36059,0.311341,-0.031831,0.360568,0.311149,-0.073661,0.331836,0.370854,0.119255,0.330616,0.378452,-0.197543,0.343501,0.507378,0.153947,0.33931,0.515624,-0.242649,0.392963,0.562443,0.068901,0.401313,0.558531,-0.226155,0.404863,0.579244,0.064946,0.414851,0.570398,-0.254497,0.411596,0.572501,0.037802,0.420331,0.559018,-0.245333,0.406153,0.569175,0.055669,0.414969,0.555742,-0.221445,0.312723,0.599069,0.097058,0.32699,0.599751,-0.097223,0.275531,0.760829,0.105635,0.388776,0.74042,-0.085809,0.193417,0.879475,0.100833,0.360221,0.926447,-0.030916,0.16842,0.886277,0.097502,0.341389,0.952754,-0.026966,0.20442,0.952428,0.049517,0.399739,0.984459,-0.077761
EH_Lat_2_3.9.26,23,782.97,574.3,0,782.97,574.3,0.9929,777.23,594.87,0.9852,0.366109,0.292366,-0.054785,0.360793,0.278367,-0.045492,0.359309,0.277516,-0.045667,0.357826,0.27659,-0.045654,0.360395,0.27916,-0.077332,0.358755,0.278872,-0.077609,0.356975,0.278391,-0.077706,0.346304,0.281154,0.009666,0.345566,0.283394,-0.132903,0.360587,0.308872,-0.02803,0.360659,0.308629,-0.070685,0.332693,0.369606,0.125569,0.33162,0.37582,-0.196818,0.349229,0.500353,0.165474,0.342306,0.511826,-0.241874,0.406359,0.546169,0.084411,0.404807,0.55081,-0.227252,0.419167,0.558488,0.082728,0.419915,0.561444,-0.256602,0.422248,0.554427,0.053053,0.42518,0.549612,-0.246078,0.418929,0.551027,0.06989,0.418968,0.546555,-0.222214,0.315045,0.598072,0.097542,0.328706,0.59844,-0.097701,0.27787,0.760778,0.104874,0.389665,0.740802,-0.096651,0.196476,0.878123,0.106377,0.360257,0.926512,-0.037574,0.17145,0.884109,0.104079,0.341251,0.952691,-0.032898,0.204542,0.951668,0.057379,0.399064,0.984485,-0.081341
EH_Lat_2_3.9.26,24,790.63,563.32,0,790.63,563.32,0.9929,784.98,584.28,0.9858,0.36646,0.289278,-0.027413,0.36084,0.275491,-0.017302,0.359305,0.274695,-0.017466,0.357809,0.273839,-0.017417,0.360523,0.27617,-0.047587,0.358855,0.275897,-0.047865,0.357067,0.275452,-0.047978,0.346315,0.278692,0.036256,0.345696,0.280824,-0.100174,0.360761,0.306496,-0.001578,0.360909,0.306124,-0.042505,0.33203,0.368257,0.140583,0.33297,0.373264,-0.165942,0.343704,0.501144,0.180679,0.346406,0.508068,-0.218515,0.363437,0.585858,0.112806,0.408842,0.541003,-0.209514,0.361775,0.599832,0.112828,0.424557,0.551355,-0.239689,0.367473,0.585914,0.087825,0.429607,0.539793,-0.223596,0.368866,0.589242,0.101071,0.422813,0.536215,-0.202179,0.316131,0.59735,0.096337,0.331364,0.597916,-0.096482,0.280205,0.760433,0.104817,0.390068,0.741037,-0.095732,0.199344,0.87674,0.108513,0.360301,0.926513,-0.05412,0.174106,0.880519,0.106541,0.341241,0.952648,-0.051018,0.204939,0.951514,0.063739,0.398901,0.984491,-0.101034
EH_Lat_2_3.9.26,25,803.06,549.09,0,803.06,549.09,0.9913,792.87,570.62,0.9866,0.366711,0.285725,-0.024046,0.36088,0.272332,-0.012675,0.359317,0.2715,-0.012844,0.357803,0.270657,-0.012791,0.360642,0.273261,-0.04391,0.358982,0.273085,-0.044192,0.357201,0.272739,-0.044318,0.346319,0.276051,0.04565,0.345813,0.278563,-0.095471,0.361128,0.302962,0.003215,0.361375,0.302668,-0.038987,0.332797,0.367015,0.15032,0.333121,0.370613,-0.162274,0.342895,0.498063,0.195055,0.349592,0.503817,-0.222491,0.352719,0.595738,0.132206,0.412955,0.528356,-0.215128,0.348122,0.609168,0.133007,0.429059,0.535281,-0.240399,0.352903,0.600166,0.108217,0.433348,0.522815,-0.233398,0.355775,0.596193,0.120836,0.428048,0.520052,-0.210078,0.319062,0.595508,0.096164,0.332428,0.596688,-0.096298,0.282226,0.759871,0.104172,0.390324,0.741111,-0.111543,0.201544,0.875008,0.112927,0.36029,0.926518,-0.082964,0.176263,0.87893,0.111698,0.341248,0.952645,-0.080754,0.205296,0.951124,0.068685,0.398919,0.984623,-0.135695
EH_Lat_2_3.9.26,26,810.41,538.97,0,810.41,538.97,0.9826,799.2,555.96,0.9863,0.366648,0.283663,-0.015518,0.360494,0.270101,-0.003736,0.358849,0.269302,-0.003906,0.357309,0.268495,-0.003864,0.360418,0.270978,-0.034543,0.358794,0.270839,-0.034827,0.357084,0.270546,-0.034956,0.346262,0.274275,0.053199,0.345786,0.276811,-0.085983,0.361054,0.301077,0.010941,0.361272,0.300772,-0.030707,0.332338,0.363848,0.154414,0.333918,0.369141,-0.154663,0.339915,0.494873,0.202705,0.35391,0.499973,-0.224198,0.343711,0.599205,0.147056,0.416252,0.514773,-0.221002,0.341513,0.61366,0.148755,0.431667,0.519925,-0.251466,0.34587,0.602042,0.12456,0.438004,0.503651,-0.233961,0.348343,0.600982,0.13598,0.43134,0.501979,-0.212806,0.319921,0.592679,0.095388,0.334907,0.595332,-0.095522,0.284619,0.758439,0.081416,0.390482,0.74122,-0.124483,0.204346,0.87304,0.072696,0.36028,0.926548,-0.11331,0.178874,0.877223,0.069274,0.341338,0.952336,-0.113156,0.206703,0.95114,0.020035,0.398937,0.985061,-0.173135
EH_Lat_2_3.9.26,27,816.01,529.65,0,816.01,529.65,0.9841,812.02,541.29,0.9865,0.366612,0.282904,-0.020625,0.360485,0.268817,-0.012209,0.358842,0.267997,-0.012379,0.357309,0.267164,-0.012343,0.36041,0.269756,-0.043029,0.358786,0.269631,-0.04331,0.35707,0.269374,-0.0434,0.346305,0.2721,0.04336,0.345802,0.275071,-0.096564,0.360994,0.299957,0.003145,0.361188,0.299475,-0.038416,0.333424,0.361727,0.1482,0.333562,0.368174,-0.163447,0.340666,0.49202,0.196082,0.356525,0.494418,-0.255612,0.343674,0.595076,0.135236,0.422929,0.501193,-0.291593,0.341477,0.617512,0.135248,0.441208,0.502784,-0.330409,0.345183,0.60214,0.111297,0.445973,0.485623,-0.310294,0.347117,0.603126,0.124096,0.439199,0.484333,-0.283561,0.325059,0.590321,0.095322,0.335388,0.593817,-0.095452,0.285996,0.756713,0.085076,0.390653,0.741216,-0.126942,0.206852,0.869781,0.08193,0.360303,0.926534,-0.105722,0.181051,0.872683,0.080781,0.341333,0.952263,-0.104848,0.208326,0.95066,0.023002,0.39904,0.985321,-0.171122
EH_Lat_2_3.9.26,28,822.67,516.1,0,822.67,516.1,0.9844,821.4,526.54,0.9861,0.366558,0.282862,-0.014712,0.36019,0.268069,-0.004044,0.358512,0.267257,-0.004216,0.356997,0.266415,-0.004168,0.360178,0.268927,-0.034629,0.358559,0.268783,-0.034901,0.356893,0.268504,-0.035014,0.346291,0.270929,0.0517,0.345795,0.273934,-0.0865,0.360749,0.29999,0.010917,0.360967,0.299417,-0.030404,0.333329,0.358405,0.150507,0.333983,0.365973,-0.156354,0.339008,0.48914,0.190429,0.362545,0.490757,-0.242013,0.344393,0.59063,0.118428,0.427814,0.487534,-0.267853,0.342516,0.617984,0.11703,0.445625,0.488919,-0.307218,0.346515,0.603321,0.102153,0.44866,0.470548,-0.275468,0.347866,0.60341,0.110653,0.442286,0.470325,-0.255615,0.326134,0.587921,0.09436,0.33738,0.591852,-0.094496,0.287849,0.75542,0.0827,0.390927,0.741248,-0.124986,0.210004,0.866456,0.083264,0.360287,0.926411,-0.114933,0.184115,0.869471,0.081682,0.340836,0.95213,-0.115029,0.210267,0.9506,0.030348,0.399161,0.985502,-0.176293
EH_Lat_2_3.9.26,29,825.25,501.94,0,825.25,501.94,0.9844,831.52,511.46,0.9832,0.365688,0.281501,-0.018876,0.359763,0.266455,-0.005965,0.358167,0.265688,-0.006118,0.356751,0.264883,-0.006104,0.359649,0.26721,-0.036825,0.35803,0.26705,-0.037113,0.356422,0.266769,-0.037276,0.346124,0.269037,0.045848,0.345458,0.271976,-0.092285,0.359966,0.298074,0.009827,0.359915,0.297693,-0.031756,0.332871,0.356106,0.146307,0.334364,0.363713,-0.159883,0.359774,0.479082,0.181049,0.368067,0.484929,-0.255066,0.419848,0.485467,0.085552,0.433083,0.47357,-0.267489,0.434216,0.485439,0.08319,0.451887,0.47099,-0.302096,0.435426,0.473941,0.061802,0.452628,0.452417,-0.279562,0.429853,0.474595,0.073684,0.44587,0.453257,-0.258703,0.326896,0.585474,0.094407,0.339414,0.589416,-0.094546,0.290173,0.75505,0.085006,0.391056,0.741234,-0.122193,0.21281,0.864941,0.116928,0.360276,0.926415,-0.09346,0.187606,0.867448,0.118348,0.340733,0.952086,-0.091398,0.211719,0.950536,0.072185,0.399333,0.985499,-0.149719
EH_Lat_2_3.9.26,30,839.82,483.96,0,839.82,483.96,0.9892,833.49,501.45,0.9744,0.364244,0.279928,-0.022922,0.358479,0.265207,-0.008418,0.356886,0.264574,-0.008562,0.355513,0.263898,-0.008586,0.358525,0.265776,-0.041395,0.356994,0.26565,-0.041663,0.355531,0.26541,-0.041828,0.345788,0.268441,0.043489,0.34508,0.270937,-0.098103,0.358229,0.296615,0.006456,0.358331,0.295836,-0.037643,0.332521,0.355285,0.144736,0.334521,0.362626,-0.177177,0.366628,0.473864,0.15074,0.370956,0.480034,-0.273861,0.428821,0.469491,0.029313,0.434108,0.464301,-0.280467,0.445719,0.464006,0.022219,0.454699,0.454009,-0.313649,0.444757,0.455443,-0.001301,0.452599,0.438436,-0.295798,0.44003,0.463863,0.015596,0.445735,0.440562,-0.273575,0.3285,0.584947,0.094762,0.340922,0.588307,-0.094908,0.292112,0.754017,0.083736,0.391054,0.741224,-0.122933,0.215377,0.864008,0.114154,0.360267,0.926418,-0.095693,0.190763,0.865363,0.1131,0.340551,0.95211,-0.094255,0.212134,0.950189,0.064813,0.399706,0.985502,-0.157177
EH_Lat_2_3.9.26,31,837.51,473.06,0,837.51,473.06,0.9873,833.09,487.36,0.9601,0.36367,0.280614,-0.027016,0.358241,0.265616,-0.012481,0.356666,0.264973,-0.012612,0.355323,0.264281,-0.012651,0.358158,0.26604,-0.046196,0.356524,0.265801,-0.04646,0.354969,0.265438,-0.046664,0.345432,0.2677,0.040346,0.344116,0.270011,-0.09927,0.357529,0.296856,0.005337,0.357324,0.296173,-0.040345,0.332427,0.352868,0.142696,0.334389,0.358204,-0.183125,0.374647,0.462604,0.141349,0.372037,0.469496,-0.279232,0.436165,0.452556,0.018757,0.433899,0.451263,-0.286608,0.454774,0.442217,0.011596,0.454803,0.441366,-0.321055,0.454902,0.43219,-0.011408,0.452479,0.427616,-0.301651,0.446511,0.440135,0.005308,0.445615,0.430794,-0.279418,0.331668,0.583069,0.096484,0.342097,0.585758,-0.096611,0.293249,0.752512,0.10659,0.391628,0.741421,-0.150821,0.218263,0.863528,0.174686,0.360271,0.926522,-0.1213,0.193809,0.866664,0.17874,0.340422,0.952277,-0.119292,0.215355,0.947282,0.13225,0.399945,0.985508,-0.189128
EH_Lat_2_3.9.26,32,845.21,457.93,0,845.21,457.93,0.9873,843.62,469.23,0.9589,0.363649,0.27997,-0.029279,0.358252,0.265162,-0.016136,0.356674,0.264594,-0.016286,0.355343,0.264001,-0.016285,0.358128,0.265433,-0.049046,0.35646,0.26514,-0.049314,0.354872,0.264723,-0.049479,0.345428,0.266911,0.041208,0.343871,0.268475,-0.101532,0.35752,0.29579,0.001102,0.357264,0.295183,-0.043343,0.332191,0.35145,0.148707,0.334582,0.355945,-0.182057,0.376451,0.453403,0.147418,0.377169,0.462902,-0.27337,0.436423,0.436044,0.032743,0.439384,0.434477,-0.26405,0.452252,0.42949,0.027077,0.458434,0.4228,-0.296404,0.452846,0.415084,0.00355,0.456269,0.40764,-0.272285,0.446479,0.417415,0.019338,0.448755,0.410808,-0.25487,0.33141,0.582051,0.096834,0.343384,0.584932,-0.096969,0.294563,0.751152,0.108597,0.392262,0.74151,-0.139172,0.220342,0.863911,0.168592,0.36026,0.92664,-0.103428,0.196648,0.867645,0.172411,0.340416,0.952318,-0.100521,0.216111,0.947387,0.131233,0.400233,0.985597,-0.16206
EH_Lat_2_3.9.26,33,851.2,441.23,0,851.2,441.23,0.986,853.84,450.19,0.9621,0.363316,0.279327,-0.008022,0.358177,0.264793,0.004667,0.356664,0.26431,0.004511,0.355354,0.26382,0.004591,0.357674,0.264912,-0.025093,0.355754,0.264605,-0.025357,0.3539,0.26418,-0.025485,0.345425,0.266531,0.067086,0.342614,0.267686,-0.064945,0.357312,0.294879,0.022074,0.356565,0.294417,-0.018104,0.33199,0.349355,0.170385,0.334734,0.352431,-0.136529,0.367426,0.460295,0.183097,0.383274,0.4537,-0.185938,0.393214,0.504025,0.090094,0.444706,0.416839,-0.143381,0.390139,0.504734,0.090712,0.462012,0.408614,-0.1705,0.392313,0.508514,0.06961,0.458689,0.393313,-0.147311,0.395044,0.496179,0.079707,0.451362,0.396993,-0.133333,0.334006,0.581397,0.09552,0.344148,0.584435,-0.09567,0.296394,0.749191,0.103864,0.392752,0.741793,-0.128112,0.222371,0.864066,0.147398,0.360218,0.926736,-0.094125,0.199238,0.867748,0.150026,0.340406,0.952586,-0.091615,0.217166,0.947396,0.112495,0.400536,0.98562,-0.149335
EH_Lat_2_3.9.26,34,855.33,428.43,0,855.33,428.43,0.9859,856.38,434.81,0.9654,0.363052,0.279624,0.003791,0.358182,0.264955,0.015224,0.356673,0.264493,0.015076,0.355376,0.264025,0.015155,0.357608,0.264949,-0.014683,0.355653,0.264585,-0.014945,0.353754,0.264103,-0.01505,0.345423,0.266405,0.074,0.342157,0.267153,-0.060291,0.357169,0.295002,0.032079,0.356181,0.294556,-0.008319,0.331034,0.347942,0.179299,0.334654,0.349958,-0.135111,0.362252,0.458354,0.200333,0.385899,0.442799,-0.196462,0.399551,0.508677,0.117303,0.44603,0.402605,-0.170694,0.401799,0.508713,0.119758,0.463465,0.395179,-0.199636,0.40507,0.506899,0.096657,0.460246,0.377123,-0.176663,0.405837,0.503075,0.105977,0.453419,0.380945,-0.161154,0.333296,0.579475,0.095511,0.345086,0.582867,-0.095663,0.297895,0.748195,0.103504,0.392728,0.742273,-0.129276,0.223557,0.863958,0.154958,0.360192,0.926893,-0.095523,0.201299,0.86662,0.159711,0.340613,0.952569,-0.092355,0.21791,0.947171,0.129725,0.401586,0.985672,-0.145747
EH_Lat_2_3.9.26,35,857.17,413.29,0,857.17,413.29,0.9877,858.7,424.15,0.9677,0.362756,0.279947,-0.000648,0.35817,0.265308,0.010995,0.356681,0.264842,0.010843,0.35542,0.26437,0.010933,0.357382,0.265261,-0.0174,0.35533,0.264854,-0.017659,0.353318,0.264331,-0.017766,0.345449,0.266654,0.071685,0.341446,0.267088,-0.055001,0.357078,0.295181,0.02829,0.355853,0.294825,-0.010077,0.330562,0.347151,0.175033,0.334743,0.348373,-0.125119,0.360665,0.462049,0.19937,0.39142,0.43575,-0.178364,0.373361,0.541693,0.128324,0.447239,0.39273,-0.138271,0.369879,0.550764,0.131745,0.464219,0.383066,-0.164663,0.372382,0.552333,0.111543,0.460492,0.36793,-0.14091,0.375768,0.542724,0.118919,0.454211,0.372489,-0.128049,0.333443,0.578691,0.094351,0.345803,0.582608,-0.094524,0.299215,0.748,0.104857,0.392728,0.742815,-0.128034,0.22484,0.863864,0.158666,0.360194,0.926895,-0.099403,0.202537,0.8659,0.163739,0.340867,0.952441,-0.096506,0.218697,0.946401,0.136036,0.402416,0.98573,-0.148526
EH_Lat_2_3.9.26,36,858.7,404.65,0,858.7,404.65,0.9873,864.4,413.27,0.9695,0.362725,0.280129,-0.008759,0.358222,0.265472,0.003026,0.356821,0.265007,0.002866,0.355675,0.264539,0.00295,0.357377,0.265327,-0.025444,0.35529,0.26484,-0.025709,0.353206,0.264235,-0.02582,0.34555,0.266444,0.065417,0.341038,0.266407,-0.061004,0.357077,0.295308,0.020605,0.355723,0.294874,-0.01783,0.329728,0.345715,0.169489,0.334908,0.346911,-0.129173,0.35662,0.463788,0.195636,0.396057,0.427804,-0.182786,0.35938,0.54441,0.124077,0.450206,0.38266,-0.146122,0.357585,0.573169,0.12647,0.466502,0.37257,-0.173334,0.361339,0.566506,0.106642,0.463307,0.355532,-0.152032,0.36282,0.562877,0.114758,0.456655,0.360461,-0.13695,0.332841,0.576135,0.093825,0.346372,0.581777,-0.094006,0.30059,0.747593,0.115144,0.392781,0.7428,-0.139025,0.226966,0.863086,0.178064,0.360202,0.926899,-0.114995,0.20525,0.864678,0.183803,0.340884,0.952447,-0.112485,0.220196,0.945912,0.155606,0.402889,0.985869,-0.168873
EH_Lat_2_3.9.26,37,862.32,395.39,0,862.32,395.39,0.9853,864.34,406.72,0.9716,0.362817,0.279241,0.020515,0.358414,0.264737,0.030892,0.357039,0.264293,0.030732,0.355895,0.263848,0.030828,0.35747,0.264522,0.001394,0.355361,0.264004,0.001125,0.353261,0.263353,0.001013,0.345581,0.265494,0.082169,0.34106,0.265288,-0.05041,0.357166,0.294367,0.045671,0.355754,0.294006,0.005686,0.329213,0.345953,0.174718,0.335183,0.345713,-0.126645,0.353993,0.465946,0.205491,0.397877,0.42062,-0.169932,0.354419,0.550869,0.149231,0.450177,0.376591,-0.107179,0.353991,0.586468,0.156381,0.466542,0.365348,-0.130496,0.358181,0.578479,0.135563,0.462504,0.348801,-0.106426,0.360078,0.576345,0.140187,0.455943,0.353805,-0.096469,0.3321,0.575034,0.093525,0.346799,0.580575,-0.093711,0.301438,0.74649,0.115567,0.393022,0.742805,-0.137202,0.228838,0.862131,0.161376,0.360201,0.927171,-0.119705,0.207019,0.864677,0.164924,0.340925,0.952597,-0.117552,0.221418,0.944413,0.137377,0.402898,0.98589,-0.166801
EH_Lat_2_3.9.26,38,858.78,383.57,0,858.78,383.57,0.9797,868.07,392.76,0.9724,0.363064,0.278226,0.006994,0.358772,0.263747,0.017113,0.357397,0.263316,0.016948,0.356215,0.262857,0.017028,0.357735,0.263593,-0.012752,0.355614,0.263131,-0.013018,0.353498,0.262509,-0.013121,0.345605,0.263921,0.069571,0.341091,0.264131,-0.06498,0.357279,0.293394,0.032251,0.35584,0.293254,-0.008125,0.328742,0.345673,0.168433,0.335964,0.34575,-0.137652,0.354344,0.458359,0.191001,0.402729,0.415589,-0.184601,0.387538,0.514013,0.108827,0.452119,0.363663,-0.113669,0.392848,0.521134,0.115862,0.467853,0.353298,-0.133876,0.397109,0.51888,0.097993,0.463337,0.336976,-0.113268,0.396214,0.517708,0.099405,0.457476,0.341198,-0.103967,0.3319,0.574564,0.093522,0.347378,0.579634,-0.09371,0.302509,0.746335,0.119038,0.393325,0.742855,-0.131864,0.228993,0.862503,0.16276,0.360377,0.927179,-0.106074,0.207096,0.865101,0.166187,0.341282,0.952395,-0.103604,0.221955,0.943971,0.141732,0.403268,0.9859,-0.159085
EH_Lat_2_3.9.26,39,866.25,368.87,0,866.25,368.87,0.9836,869.7,382.58,0.9717,0.363541,0.276904,0.007815,0.359296,0.262447,0.017253,0.357912,0.261962,0.017099,0.356675,0.261458,0.017165,0.358279,0.262491,-0.013275,0.356218,0.262106,-0.013544,0.354159,0.261563,-0.013637,0.345748,0.262602,0.066082,0.341702,0.263362,-0.070522,0.357705,0.291385,0.031722,0.356338,0.291457,-0.009441,0.328542,0.344028,0.165317,0.337248,0.345946,-0.143395,0.376173,0.417402,0.187281,0.406387,0.409393,-0.189574,0.430384,0.394561,0.097384,0.452969,0.35424,-0.113495,0.433471,0.420385,0.104179,0.467779,0.34484,-0.13244,0.436187,0.418467,0.088163,0.464237,0.329545,-0.112363,0.434252,0.422055,0.08748,0.458091,0.332889,-0.104045,0.332172,0.574339,0.093702,0.347326,0.579571,-0.093907,0.303069,0.745956,0.116699,0.393617,0.742927,-0.128509,0.228862,0.862752,0.161899,0.36038,0.927217,-0.102856,0.206207,0.864479,0.163596,0.341411,0.952397,-0.10031,0.22163,0.944021,0.126201,0.403467,0.985963,-0.150659
EH_Lat_2_3.9.26,40,867.3,363.23,0,867.3,363.23,0.9826,868.96,371.5,0.9707,0.363407,0.276967,0.005887,0.359296,0.262589,0.016823,0.357922,0.262088,0.016663,0.356733,0.261571,0.016745,0.358258,0.26262,-0.009633,0.356207,0.262204,-0.009897,0.354162,0.261627,-0.009986,0.346094,0.262751,0.072331,0.341743,0.263378,-0.042277,0.357633,0.290932,0.032434,0.356208,0.290993,-0.003195,0.327488,0.34259,0.168187,0.339227,0.346105,-0.108847,0.351353,0.431141,0.201432,0.40857,0.403286,-0.132463,0.371247,0.480743,0.155319,0.452583,0.343978,-0.038453,0.37524,0.534152,0.164539,0.467696,0.33209,-0.051255,0.378296,0.53201,0.147101,0.463074,0.318889,-0.033474,0.378364,0.53163,0.147581,0.456586,0.323801,-0.029432,0.332013,0.573297,0.090935,0.347499,0.578851,-0.091196,0.30373,0.74571,0.092184,0.393836,0.742962,-0.127283,0.227951,0.862887,0.096511,0.360375,0.927276,-0.112431,0.20524,0.86495,0.096271,0.341362,0.952466,-0.111939,0.220965,0.945657,0.066049,0.403454,0.986,-0.161067
EH_Lat_2_3.9.26,41,870.14,348.18,0,870.14,348.18,0.984,875.54,356.77,0.9671,0.363565,0.276785,0.007416,0.359525,0.262418,0.018004,0.35816,0.261912,0.017842,0.356973,0.26139,0.017924,0.358452,0.262459,-0.007979,0.356398,0.262038,-0.00823,0.354363,0.261455,-0.008312,0.346198,0.262625,0.070203,0.341865,0.263224,-0.045855,0.357686,0.290803,0.032815,0.356272,0.290929,-0.002357,0.327054,0.342825,0.165391,0.340103,0.346096,-0.114922,0.346521,0.434061,0.195971,0.410967,0.396363,-0.137312,0.358455,0.530958,0.138393,0.456008,0.330344,-0.040534,0.361496,0.581982,0.144013,0.472939,0.319919,-0.054645,0.364871,0.583799,0.125298,0.468173,0.304839,-0.036864,0.364771,0.57587,0.129709,0.460987,0.30963,-0.031596,0.331961,0.57291,0.088898,0.346895,0.57809,-0.089172,0.303414,0.745885,0.087707,0.393778,0.74306,-0.125102,0.227899,0.86312,0.096632,0.360371,0.927384,-0.106005,0.205095,0.864197,0.097076,0.341361,0.952466,-0.10441,0.220443,0.946748,0.064972,0.403491,0.986111,-0.153725
EH_Lat_2_3.9.26,42,873.12,337.29,0,873.12,337.29,0.9832,879.8,347.37,0.9603,0.364091,0.275733,0.022889,0.359967,0.261422,0.031445,0.358551,0.260887,0.031288,0.357294,0.260329,0.031369,0.358956,0.261547,0.004779,0.356929,0.261161,0.004535,0.354932,0.260612,0.00446,0.346265,0.261729,0.07388,0.342322,0.262561,-0.045779,0.357966,0.289873,0.044758,0.356704,0.290139,0.008655,0.326996,0.342051,0.163542,0.340847,0.345251,-0.120061,0.343922,0.441314,0.194844,0.412769,0.390309,-0.147178,0.356966,0.558341,0.129063,0.458229,0.32164,-0.052834,0.359845,0.588922,0.133747,0.473934,0.310413,-0.068456,0.363306,0.589968,0.114921,0.47034,0.297468,-0.04944,0.363504,0.581513,0.120082,0.463416,0.302568,-0.043739,0.331719,0.57205,0.088509,0.346159,0.576907,-0.088767,0.303269,0.745633,0.093776,0.393634,0.743055,-0.12391,0.227457,0.863022,0.113171,0.360385,0.927403,-0.10184,0.204961,0.863882,0.115695,0.341359,0.952465,-0.099953,0.220298,0.946549,0.093544,0.403472,0.986084,-0.151702
EH_Lat_2_3.9.26,43,877.63,326.72,0,877.63,326.72,0.982,881.79,341.0,0.9606,0.36454,0.274092,0.016911,0.360449,0.259624,0.025842,0.358957,0.259015,0.025675,0.357633,0.258378,0.025747,0.359581,0.259754,-0.001065,0.357564,0.259318,-0.001312,0.355574,0.258678,-0.001391,0.346666,0.259689,0.070502,0.343105,0.260244,-0.05031,0.358183,0.288242,0.039673,0.357105,0.288404,0.00325,0.325971,0.340107,0.162959,0.341949,0.344131,-0.123053,0.338535,0.446453,0.19216,0.414004,0.383608,-0.158285,0.350621,0.556608,0.131122,0.459264,0.315737,-0.085088,0.353436,0.5892,0.136353,0.475328,0.30555,-0.104129,0.358032,0.589844,0.116054,0.471802,0.28968,-0.085048,0.358139,0.581922,0.121805,0.465328,0.293821,-0.076477,0.331414,0.571411,0.087452,0.345738,0.576052,-0.087703,0.302674,0.745454,0.0842,0.393523,0.743069,-0.110611,0.226916,0.86318,0.089682,0.360209,0.927482,-0.088983,0.204602,0.863723,0.08973,0.340949,0.952465,-0.087474,0.220261,0.947023,0.057425,0.40346,0.986122,-0.138712
EH_Lat_2_3.9.26,44,883.8,319.06,0,883.8,319.06,0.9795,884.52,335.73,0.9532,0.364788,0.273038,0.026643,0.360834,0.258373,0.034411,0.359291,0.257742,0.034249,0.357919,0.257109,0.034318,0.360085,0.258383,0.007664,0.35813,0.257822,0.007418,0.356226,0.257057,0.007343,0.346924,0.258361,0.074086,0.343969,0.258394,-0.046256,0.358249,0.286931,0.047832,0.357379,0.286941,0.011533,0.323616,0.337032,0.161856,0.343608,0.341815,-0.120833,0.334942,0.449782,0.194214,0.415503,0.377501,-0.152493,0.346269,0.554395,0.148651,0.460687,0.310857,-0.067919,0.348651,0.584642,0.155194,0.475995,0.300819,-0.084745,0.353112,0.584304,0.13568,0.472857,0.286171,-0.066629,0.353297,0.577128,0.139918,0.466492,0.29041,-0.059503,0.331368,0.568255,0.087331,0.345458,0.574002,-0.087579,0.301887,0.744399,0.086952,0.393312,0.742802,-0.110789,0.226276,0.863348,0.098235,0.360014,0.927775,-0.08886,0.20458,0.863792,0.098698,0.340635,0.952697,-0.087247,0.220177,0.947033,0.066172,0.403456,0.986132,-0.138388
EH_Lat_2_3.9.26,45,887.75,316.16,0,887.75,316.16,0.9744,887.36,329.14,0.9496,0.36525,0.271767,0.023283,0.361532,0.257394,0.031634,0.359951,0.256754,0.031466,0.3585,0.256153,0.03154,0.360841,0.257366,0.005401,0.358914,0.256726,0.005155,0.357015,0.25588,0.005086,0.347139,0.257591,0.073886,0.344718,0.257158,-0.043587,0.358487,0.285392,0.045687,0.35784,0.285499,0.010035,0.321971,0.335572,0.161086,0.344641,0.339032,-0.116117,0.33249,0.452079,0.19248,0.417868,0.369325,-0.144992,0.344577,0.554912,0.144516,0.462166,0.304761,-0.055348,0.346975,0.585879,0.150433,0.478868,0.294141,-0.071292,0.351353,0.585961,0.13146,0.476247,0.279882,-0.05345,0.351416,0.578351,0.13595,0.469506,0.284686,-0.047044,0.330572,0.566134,0.08689,0.345144,0.572672,-0.087145,0.301343,0.743286,0.087993,0.392796,0.742267,-0.10893,0.225662,0.863182,0.09792,0.359793,0.927886,-0.090347,0.204206,0.863309,0.098255,0.340325,0.952846,-0.089434,0.220129,0.947194,0.066144,0.403447,0.986133,-0.141801
EH_Lat_2_3.9.26,46,890.43,314.8,0,890.43,314.8,0.9742,886.77,329.42,0.9319,0.366074,0.270141,0.041663,0.362355,0.256075,0.048202,0.360759,0.255401,0.048043,0.359247,0.254755,0.048123,0.361729,0.256137,0.021689,0.359853,0.255493,0.021436,0.35799,0.254612,0.02137,0.347552,0.256234,0.08129,0.345542,0.255746,-0.037732,0.359411,0.283726,0.060606,0.359034,0.283977,0.024507,0.321564,0.335148,0.160617,0.346084,0.336893,-0.114358,0.333284,0.453877,0.192681,0.417694,0.364939,-0.131097,0.345413,0.561645,0.153388,0.46186,0.305015,-0.015379,0.347571,0.586662,0.161828,0.47884,0.292891,-0.026561,0.351701,0.586511,0.144565,0.477194,0.277949,-0.009028,0.352214,0.578225,0.145882,0.470427,0.283378,-0.00646,0.328905,0.564334,0.086327,0.344855,0.571988,-0.086573,0.300874,0.740928,0.094888,0.391292,0.742111,-0.109357,0.225587,0.862892,0.103321,0.359794,0.92801,-0.093867,0.205332,0.86359,0.103971,0.340322,0.953003,-0.093144,0.220304,0.944707,0.082369,0.403293,0.986134,-0.142757
EH_Lat_2_3.9.26,47,894.76,308.23,0,894.76,308.23,0.9743,890.14,327.66,0.9142,0.366427,0.269321,0.029311,0.36281,0.254993,0.037131,0.361191,0.254237,0.036969,0.359666,0.253481,0.037045,0.362185,0.255053,0.010221,0.360299,0.25433,0.009965,0.358461,0.253368,0.009891,0.347842,0.254568,0.076589,0.346026,0.254155,-0.04425,0.359602,0.282913,0.050625,0.359274,0.283021,0.014062,0.321099,0.333305,0.158687,0.346904,0.335849,-0.119133,0.330521,0.453045,0.191836,0.418114,0.359015,-0.142433,0.34293,0.560086,0.145797,0.463613,0.303393,-0.041883,0.345905,0.583887,0.152693,0.480672,0.291411,-0.055341,0.350129,0.583186,0.134526,0.479096,0.277168,-0.038849,0.350277,0.575478,0.137612,0.472845,0.279958,-0.033627,0.326306,0.562698,0.086099,0.344697,0.571188,-0.086341,0.300432,0.738658,0.087525,0.389366,0.741224,-0.109705,0.22515,0.862985,0.080713,0.359825,0.927942,-0.09697,0.204823,0.86377,0.079034,0.340327,0.953006,-0.096794,0.220048,0.944488,0.046575,0.403042,0.986139,-0.148702
EH_Lat_2_3.9.26,48,896.33,307.84,0,896.33,307.84,0.9758,893.18,324.23,0.9004,0.367855,0.269036,0.023206,0.364413,0.254288,0.031547,0.362821,0.253486,0.031384,0.361241,0.252653,0.031459,0.363654,0.254231,0.004083,0.361703,0.253391,0.003826,0.359761,0.252276,0.003745,0.348825,0.253424,0.073921,0.346978,0.252922,-0.048969,0.360893,0.282743,0.045581,0.360513,0.282831,0.008303,0.320893,0.331367,0.15753,0.347606,0.334091,-0.122958,0.328391,0.451589,0.191058,0.418117,0.35409,-0.153089,0.340033,0.55941,0.146164,0.465199,0.30021,-0.069041,0.341833,0.582073,0.153052,0.483054,0.287201,-0.086562,0.346438,0.581217,0.133483,0.48092,0.273034,-0.068519,0.347298,0.573705,0.137441,0.474272,0.278035,-0.060625,0.323971,0.562165,0.086173,0.344308,0.571184,-0.086406,0.29997,0.737137,0.088501,0.386912,0.740629,-0.105404,0.224804,0.862841,0.090958,0.359689,0.928018,-0.09276,0.204303,0.863976,0.090482,0.34008,0.953861,-0.093185,0.218911,0.94525,0.058181,0.402986,0.985962,-0.147589
EH_Lat_2_3.9.26,49,905.03,303.03,0,905.03,303.03,0.9744,897.1,323.2,0.8882,0.368364,0.267893,0.01945,0.36507,0.253065,0.028517,0.363496,0.252217,0.028353,0.361976,0.251325,0.028427,0.364295,0.253028,0.000727,0.362401,0.252164,0.000469,0.360564,0.251032,0.000383,0.349895,0.252137,0.074421,0.3484,0.251667,-0.050725,0.361305,0.281458,0.042841,0.360891,0.281561,0.005075,0.320558,0.328367,0.15985,0.348386,0.333904,-0.125329,0.31632,0.46003,0.201497,0.418881,0.349948,-0.167348,0.33271,0.562865,0.160134,0.467242,0.29926,-0.103417,0.335292,0.584434,0.166353,0.486793,0.286643,-0.126793,0.340569,0.583604,0.144952,0.484201,0.272805,-0.107527,0.34098,0.574841,0.15055,0.477178,0.276666,-0.095634,0.32123,0.560685,0.086261,0.343347,0.570695,-0.086487,0.298024,0.735285,0.089523,0.384038,0.740262,-0.107472,0.224554,0.862889,0.095501,0.359502,0.928123,-0.097871,0.203805,0.864017,0.095496,0.340008,0.954399,-0.098661,0.218248,0.945725,0.06344,0.402733,0.985907,-0.162986
EH_Lat_2_3.9.26,50,909.54,302.0,0,909.54,302.0,0.9736,898.04,327.01,0.8751,0.36925,0.266367,0.017165,0.365797,0.251249,0.026388,0.364206,0.25033,0.026223,0.362638,0.249348,0.026297,0.364964,0.251251,-0.001564,0.362991,0.250365,-0.001822,0.361118,0.249219,-0.001909,0.35032,0.249931,0.074322,0.348846,0.249738,-0.052377,0.36197,0.279995,0.040826,0.361489,0.280172,0.002885,0.320523,0.325966,0.161096,0.348821,0.332588,-0.126857,0.314851,0.462726,0.200414,0.419766,0.349458,-0.168074,0.333507,0.558509,0.150296,0.467731,0.302789,-0.093034,0.334071,0.583126,0.155362,0.48573,0.291095,-0.114216,0.340645,0.583069,0.134274,0.484587,0.280211,-0.096175,0.339249,0.573586,0.140582,0.477419,0.283999,-0.085219,0.319791,0.559602,0.086574,0.34186,0.570404,-0.086792,0.295461,0.733925,0.089938,0.381224,0.740266,-0.10781,0.224487,0.862825,0.10732,0.359202,0.928127,-0.093729,0.203488,0.864143,0.108068,0.340025,0.954472,-0.094155,0.2176,0.945747,0.066793,0.402717,0.985905,-0.158459
EH_Lat_2_3.9.26,51,913.39,301.61,0,913.39,301.61,0.9765,906.83,327.23,0.8752,0.369692,0.265428,0.010077,0.366513,0.250111,0.020025,0.364971,0.249186,0.019863,0.363497,0.248195,0.019957,0.365666,0.250147,-0.007001,0.36375,0.249302,-0.007258,0.361934,0.24821,-0.007345,0.351347,0.249206,0.0707,0.349856,0.249146,-0.052559,0.36254,0.278953,0.0354,0.361959,0.279168,-0.001555,0.320674,0.323224,0.159777,0.35022,0.332411,-0.127288,0.311986,0.463069,0.198246,0.422192,0.348549,-0.170105,0.32872,0.558393,0.147871,0.472309,0.302989,-0.095262,0.330377,0.58212,0.152833,0.490456,0.293824,-0.114677,0.335989,0.581454,0.13135,0.488661,0.280971,-0.097177,0.335986,0.5726,0.138071,0.483209,0.284722,-0.087247,0.316869,0.558776,0.08676,0.340323,0.570425,-0.086973,0.292363,0.73214,0.100381,0.378458,0.740247,-0.103913,0.224326,0.86254,0.133525,0.359203,0.928134,-0.081407,0.203399,0.864256,0.135279,0.340245,0.954652,-0.081381,0.217433,0.945043,0.092595,0.402465,0.985868,-0.1522
EH_Lat_2_3.9.26,52,913.08,301.37,0,913.08,301.37,0.979,907.66,330.17,0.8735,0.369851,0.2641,0.004654,0.366606,0.248573,0.013833,0.365036,0.247582,0.013661,0.363539,0.246559,0.013751,0.365942,0.248836,-0.013882,0.364118,0.248156,-0.014144,0.362373,0.247228,-0.014235,0.351726,0.248134,0.060928,0.350628,0.248562,-0.064904,0.362792,0.277879,0.028996,0.362329,0.278171,-0.008798,0.321529,0.322128,0.148903,0.35074,0.33274,-0.140103,0.315326,0.462962,0.183509,0.421655,0.349045,-0.17977,0.330531,0.55407,0.128468,0.472741,0.305715,-0.098,0.330749,0.581282,0.132871,0.491338,0.298653,-0.118302,0.335718,0.580073,0.110538,0.489713,0.285826,-0.100991,0.336283,0.572348,0.118326,0.482919,0.287883,-0.090229,0.315209,0.557308,0.08693,0.338513,0.569238,-0.087141,0.289185,0.730041,0.08849,0.375353,0.740053,-0.102284,0.222502,0.862585,0.092455,0.359193,0.928108,-0.082464,0.200887,0.864282,0.090373,0.340234,0.954685,-0.083701,0.216418,0.946384,0.042591,0.401384,0.985604,-0.153103
EH_Lat_2_3.9.26,53,906.16,315.74,0,906.16,315.74,0.9795,913.47,333.73,0.8747,0.370024,0.261661,-0.001617,0.366648,0.245321,0.008095,0.365063,0.244281,0.007914,0.363584,0.243267,0.008012,0.366099,0.245828,-0.021212,0.36429,0.245225,-0.021477,0.362579,0.244418,-0.021571,0.351979,0.245574,0.056127,0.351089,0.246666,-0.076525,0.363023,0.275569,0.023109,0.362646,0.275993,-0.016815,0.321551,0.320626,0.147018,0.352059,0.332916,-0.155652,0.313704,0.465749,0.17989,0.422073,0.346978,-0.193249,0.329331,0.553755,0.113995,0.475766,0.30901,-0.104238,0.329373,0.583634,0.116634,0.493272,0.300994,-0.127401,0.335151,0.579678,0.091946,0.493573,0.288116,-0.108666,0.335905,0.571691,0.10244,0.485557,0.292549,-0.096022,0.313129,0.557318,0.088254,0.335876,0.568948,-0.088429,0.285549,0.728418,0.116509,0.372883,0.739483,-0.072638,0.220878,0.862416,0.162243,0.359198,0.928116,-0.037596,0.198606,0.86442,0.164292,0.340191,0.954922,-0.03669,0.216244,0.94182,0.11834,0.401108,0.984535,-0.103504
EH_Lat_2_3.9.26,54,910.51,318.39,0,910.51,318.39,0.9797,913.66,338.1,0.8769,0.37086,0.26151,-0.011888,0.36761,0.245084,-0.001762,0.366013,0.24402,-0.001943,0.364521,0.242939,-0.001846,0.36719,0.245665,-0.031212,0.365432,0.24511,-0.031473,0.363731,0.244365,-0.031572,0.353173,0.245305,0.049562,0.352108,0.246815,-0.08324,0.363941,0.275414,0.014088,0.363598,0.275756,-0.026025,0.323001,0.320214,0.142484,0.35186,0.333364,-0.159809,0.31426,0.465653,0.171699,0.42173,0.349562,-0.20722,0.328572,0.553677,0.099654,0.475867,0.313057,-0.138472,0.326394,0.584389,0.100329,0.495152,0.304847,-0.166877,0.3316,0.581565,0.074717,0.494299,0.294423,-0.146537,0.332889,0.572295,0.087556,0.488141,0.297684,-0.130202,0.312482,0.557375,0.088295,0.333303,0.568881,-0.088458,0.282042,0.72728,0.117633,0.370594,0.73929,-0.074495,0.217628,0.862277,0.171136,0.359233,0.927798,-0.040056,0.195199,0.865073,0.173975,0.340352,0.954923,-0.039119,0.215587,0.940885,0.127687,0.400794,0.984056,-0.106117
EH_Lat_2_3.9.26,55,909.57,327.29,0,909.57,327.29,0.9832,924.06,339.78,0.883,0.37094,0.261764,-0.017221,0.367627,0.24533,-0.007584,0.366028,0.244282,-0.007765,0.364549,0.24323,-0.007671,0.367345,0.245951,-0.037013,0.365646,0.245442,-0.037274,0.364018,0.244755,-0.037377,0.353249,0.245712,0.043223,0.352454,0.247359,-0.089408,0.364113,0.275786,0.008574,0.363872,0.276161,-0.031499,0.323437,0.320489,0.137169,0.352423,0.333831,-0.16514,0.313245,0.465256,0.167063,0.423887,0.351359,-0.222755,0.325965,0.552408,0.098848,0.48128,0.314608,-0.172302,0.322512,0.583622,0.099968,0.500914,0.307156,-0.204578,0.327872,0.580961,0.073397,0.500111,0.296345,-0.181834,0.329903,0.571794,0.086571,0.492238,0.300262,-0.163565,0.310575,0.556751,0.088341,0.330761,0.568572,-0.08851,0.279395,0.726356,0.114007,0.368317,0.739061,-0.070471,0.214977,0.862137,0.156658,0.359231,0.927825,-0.037625,0.19266,0.865875,0.158482,0.340509,0.955563,-0.036905,0.213651,0.941119,0.113403,0.400679,0.98254,-0.103761
EH_Lat_2_3.9.26,56,914.01,331.45,0,914.01,331.45,0.9844,925.18,344.26,0.8896,0.371232,0.26222,-0.029207,0.368079,0.245911,-0.01917,0.366546,0.24488,-0.019351,0.365163,0.243842,-0.01926,0.367778,0.24649,-0.049402,0.366079,0.245968,-0.049662,0.36445,0.245269,-0.049758,0.354163,0.246257,0.03507,0.352842,0.247844,-0.101169,0.364473,0.276278,-0.001947,0.364159,0.276615,-0.043047,0.32347,0.320438,0.134669,0.352042,0.333878,-0.176113,0.315593,0.454781,0.168937,0.423079,0.354743,-0.24623,0.323211,0.551124,0.1076,0.481863,0.318756,-0.211129,0.319919,0.583071,0.109001,0.500562,0.311318,-0.244636,0.325056,0.580333,0.075613,0.500936,0.299687,-0.223163,0.327215,0.571502,0.093613,0.493256,0.303649,-0.202861,0.308451,0.556257,0.089172,0.327843,0.568,-0.08932,0.277243,0.725175,0.11332,0.366056,0.73819,-0.071987,0.211601,0.862546,0.148796,0.359154,0.927802,-0.045174,0.189383,0.868758,0.150832,0.340902,0.955856,-0.045099,0.213031,0.941257,0.10144,0.400681,0.981545,-0.111432
EH_Lat_2_3.9.26,57,917.04,342.37,0,917.04,342.37,0.985,926.45,347.27,0.8949,0.371127,0.262261,-0.038753,0.368009,0.245891,-0.029472,0.36651,0.244856,-0.029659,0.365159,0.243796,-0.029571,0.367729,0.246499,-0.059555,0.366083,0.246012,-0.059821,0.364509,0.245354,-0.059925,0.354052,0.246212,0.023446,0.352979,0.248121,-0.112245,0.364415,0.276269,-0.011853,0.364117,0.276711,-0.05277,0.323318,0.319341,0.124823,0.352024,0.333928,-0.185501,0.30972,0.455476,0.166037,0.423111,0.357752,-0.248811,0.317979,0.549782,0.108826,0.482527,0.321542,-0.206935,0.315905,0.582632,0.110926,0.502277,0.312589,-0.239322,0.321596,0.579837,0.081465,0.502007,0.300205,-0.218951,0.323829,0.57121,0.095885,0.494618,0.304785,-0.198942,0.306334,0.555825,0.089602,0.325554,0.567922,-0.089731,0.274924,0.723651,0.116573,0.364754,0.737382,-0.07165,0.208763,0.862569,0.15549,0.359239,0.927804,-0.042482,0.1876,0.870148,0.156731,0.341544,0.95598,-0.04209,0.213064,0.941818,0.108304,0.400697,0.981563,-0.10774
EH_Lat_2_3.9.26,58,931.35,352.54,0,931.35,352.54,0.9853,936.53,352.85,0.8992,0.371048,0.26233,-0.031289,0.367924,0.245893,-0.021623,0.366458,0.244816,-0.021806,0.365147,0.243686,-0.02172,0.36765,0.246587,-0.051613,0.366037,0.246131,-0.05188,0.364519,0.245508,-0.051982,0.354189,0.245998,0.030666,0.353238,0.248343,-0.104574,0.364345,0.276232,-0.004751,0.36404,0.276748,-0.045541,0.322825,0.318792,0.12983,0.351779,0.334037,-0.180773,0.304656,0.45566,0.178665,0.423996,0.359897,-0.243186,0.314998,0.548769,0.135646,0.487776,0.326717,-0.197474,0.312666,0.582246,0.139943,0.505633,0.319305,-0.229424,0.318468,0.579644,0.111241,0.50615,0.309796,-0.207936,0.320688,0.570914,0.123332,0.497989,0.315011,-0.188861,0.303105,0.554258,0.090692,0.323343,0.567052,-0.090814,0.273116,0.723071,0.121643,0.362967,0.735969,-0.064697,0.206209,0.862468,0.167947,0.359244,0.927689,-0.031566,0.186065,0.870865,0.169762,0.34163,0.956069,-0.030792,0.213092,0.941973,0.121252,0.401334,0.980828,-0.097822
EH_Lat_2_3.9.26,59,924.5,367.78,0,924.5,367.78,0.9857,938.58,364.22,0.9071,0.371019,0.262472,-0.031734,0.367853,0.245951,-0.02248,0.366382,0.24485,-0.022657,0.365071,0.243702,-0.022567,0.367597,0.246735,-0.051994,0.365981,0.246319,-0.052268,0.364469,0.245735,-0.05237,0.354237,0.246209,0.02918,0.353407,0.248603,-0.103881,0.364335,0.276457,-0.005461,0.364035,0.276982,-0.04565,0.322774,0.318662,0.128069,0.35148,0.334413,-0.175373,0.305573,0.449241,0.178298,0.42552,0.361599,-0.230423,0.31415,0.545131,0.13573,0.488842,0.337242,-0.18717,0.311572,0.56882,0.139922,0.508688,0.339869,-0.219821,0.317469,0.569863,0.111989,0.509919,0.331475,-0.198759,0.320482,0.560723,0.123805,0.500825,0.331382,-0.178781,0.302012,0.554241,0.090141,0.32128,0.566987,-0.090254,0.271106,0.723276,0.119256,0.36227,0.735786,-0.06546,0.203626,0.862485,0.15968,0.359426,0.927568,-0.029553,0.183233,0.871101,0.160976,0.341792,0.956044,-0.028063,0.212768,0.943016,0.11525,0.401534,0.980829,-0.089633
EH_Lat_2_3.9.26,60,928.5,395.58,0,928.5,395.58,0.981,933.95,386.86,0.9086,0.371007,0.263196,-0.03117,0.367768,0.246264,-0.02231,0.366306,0.245115,-0.022489,0.365011,0.243943,-0.022407,0.367497,0.247111,-0.050835,0.365879,0.246718,-0.051111,0.364366,0.246141,-0.051215,0.354275,0.246372,0.028556,0.35331,0.248983,-0.100516,0.364286,0.276902,-0.005105,0.363986,0.277739,-0.044092,0.322611,0.31753,0.128617,0.351299,0.335057,-0.172073,0.306385,0.444781,0.183807,0.424034,0.36301,-0.235414,0.315291,0.53898,0.156072,0.486434,0.358206,-0.20926,0.313889,0.560622,0.161661,0.505015,0.36495,-0.241553,0.319205,0.562372,0.135877,0.505836,0.359081,-0.222879,0.32175,0.552304,0.145297,0.497238,0.35853,-0.201826,0.300864,0.554013,0.089841,0.318899,0.566609,-0.089963,0.269301,0.723527,0.118519,0.361199,0.734064,-0.071852,0.201707,0.862557,0.153611,0.359527,0.927122,-0.034772,0.181405,0.871263,0.154816,0.341976,0.95592,-0.03136,0.212354,0.94368,0.110412,0.401586,0.98087,-0.093367
EH_Lat_2_3.9.26,61,917.61,407.1,0,917.61,407.1,0.9851,934.81,412.0,0.9087,0.371143,0.263216,-0.058315,0.367958,0.246321,-0.048258,0.366564,0.245149,-0.048448,0.365349,0.24398,-0.048372,0.367569,0.247156,-0.076919,0.365925,0.246845,-0.077193,0.364375,0.246367,-0.077305,0.354678,0.24649,0.009294,0.353282,0.24918,-0.12037,0.364394,0.277136,-0.029847,0.363976,0.278029,-0.069014,0.322587,0.318007,0.113918,0.350535,0.336348,-0.187307,0.30378,0.446223,0.17793,0.423049,0.369738,-0.268221,0.311522,0.540202,0.148714,0.48688,0.381479,-0.266955,0.310188,0.561053,0.153249,0.504037,0.389914,-0.305196,0.315485,0.563285,0.127938,0.505735,0.381096,-0.285883,0.318105,0.552416,0.13786,0.497243,0.378556,-0.259927,0.29916,0.554329,0.089846,0.316955,0.566745,-0.089968,0.2677,0.723927,0.11813,0.360659,0.733655,-0.075035,0.19882,0.862567,0.160159,0.359713,0.92704,-0.042116,0.178306,0.87142,0.16153,0.342338,0.955851,-0.040015,0.211222,0.944314,0.114643,0.401704,0.980948,-0.099639
EH_Lat_2_3.9.26,62,921.04,419.37,0,921.04,419.37,0.9872,932.4,423.24,0.913,0.371101,0.264298,-0.059517,0.367919,0.247347,-0.049037,0.366542,0.246181,-0.049229,0.365361,0.245021,-0.049153,0.367496,0.248238,-0.076924,0.365862,0.248022,-0.077196,0.364347,0.247641,-0.07731,0.354881,0.24761,0.009804,0.353237,0.250628,-0.116495,0.364384,0.27844,-0.030726,0.363938,0.279283,-0.068813,0.32279,0.318572,0.115292,0.34946,0.338536,-0.183319,0.305618,0.445392,0.177984,0.4222,0.378732,-0.265351,0.311931,0.540285,0.153284,0.485624,0.391893,-0.273146,0.310196,0.561953,0.157316,0.503057,0.402853,-0.312949,0.314797,0.563958,0.130979,0.505277,0.394713,-0.294372,0.317542,0.552754,0.142288,0.496691,0.391257,-0.266656,0.298202,0.554534,0.089528,0.314557,0.566637,-0.089653,0.266123,0.724251,0.11193,0.359727,0.733509,-0.077174,0.196622,0.862997,0.157061,0.360096,0.926863,-0.046433,0.176077,0.872142,0.157597,0.3429,0.955586,-0.04486,0.210593,0.945484,0.101093,0.401991,0.981003,-0.100683
EH_Lat_2_3.9.26,63,919.36,435.3,0,919.36,435.3,0.9852,931.48,439.81,0.9163,0.371054,0.26531,-0.054736,0.367866,0.248176,-0.047223,0.366495,0.246969,-0.047422,0.365318,0.245769,-0.047359,0.367435,0.249192,-0.074565,0.365792,0.248981,-0.074831,0.364266,0.248605,-0.074938,0.3548,0.248206,-0.001039,0.353195,0.251311,-0.123655,0.364353,0.279388,-0.030009,0.3639,0.280259,-0.067326,0.322958,0.319022,0.094006,0.348334,0.341922,-0.188258,0.307216,0.439735,0.148234,0.421608,0.390172,-0.262645,0.312152,0.539076,0.126915,0.485144,0.407228,-0.260942,0.309314,0.561242,0.129004,0.502797,0.41887,-0.298748,0.313512,0.563901,0.102892,0.505655,0.409021,-0.280541,0.316835,0.552973,0.116343,0.497171,0.40411,-0.254448,0.295236,0.554784,0.086172,0.31122,0.566744,-0.086291,0.265195,0.724636,0.111641,0.359649,0.733588,-0.064667,0.193687,0.863488,0.152891,0.360298,0.927077,-0.030913,0.172205,0.873899,0.15355,0.34361,0.955753,-0.02975,0.20728,0.945982,0.100757,0.401991,0.981423,-0.08948
EH_Lat_2_3.9.26,64,914.81,458.26,0,914.81,458.26,0.9879,929.0,458.45,0.9207,0.371015,0.268487,-0.082258,0.367821,0.251242,-0.075988,0.366446,0.250097,-0.076168,0.365265,0.248923,-0.076113,0.367387,0.252438,-0.104209,0.365737,0.252317,-0.104472,0.364201,0.251989,-0.104548,0.354718,0.252091,-0.0274,0.35308,0.254821,-0.1536,0.364323,0.282768,-0.056865,0.363868,0.284062,-0.0951,0.324114,0.320578,0.080246,0.346255,0.348141,-0.210714,0.380514,0.398673,0.088973,0.420709,0.401385,-0.282432,0.441361,0.438707,-0.007851,0.483853,0.424487,-0.285782,0.449479,0.435378,-0.015243,0.501559,0.436883,-0.325637,0.451607,0.440117,-0.044042,0.504151,0.42862,-0.307732,0.449108,0.443598,-0.022576,0.496063,0.422508,-0.280046,0.294222,0.554892,0.08631,0.309663,0.566817,-0.086436,0.264171,0.725141,0.10536,0.359292,0.733688,-0.060512,0.190486,0.864682,0.117605,0.360307,0.927116,-0.032021,0.167378,0.875836,0.114852,0.343656,0.955837,-0.03134,0.203536,0.946519,0.056183,0.40204,0.98144,-0.088716
EH_Lat_2_3.9.26,65,901.9,477.92,0,901.9,477.92,0.9875,926.95,483.1,0.9201,0.37023,0.272719,-0.105564,0.367266,0.255695,-0.100605,0.366093,0.254579,-0.100795,0.365102,0.253286,-0.100747,0.366437,0.256912,-0.128373,0.364755,0.256751,-0.128624,0.363236,0.256457,-0.128687,0.354703,0.256035,-0.052386,0.352417,0.258827,-0.176599,0.364112,0.286327,-0.079796,0.363304,0.28803,-0.117462,0.325484,0.322539,0.060583,0.344597,0.354963,-0.227646,0.393529,0.391593,0.06792,0.420634,0.412177,-0.297493,0.441393,0.434236,-0.032179,0.482787,0.447312,-0.306098,0.451161,0.43196,-0.041165,0.50047,0.455827,-0.346932,0.452882,0.434118,-0.069595,0.502889,0.445536,-0.331651,0.450685,0.437155,-0.046781,0.494934,0.444161,-0.301595,0.293134,0.555461,0.086446,0.306818,0.567364,-0.086575,0.263359,0.726981,0.100774,0.358977,0.733884,-0.06311,0.187599,0.865625,0.118785,0.360199,0.927092,-0.036522,0.16388,0.877303,0.116822,0.343625,0.955836,-0.036233,0.199419,0.947132,0.057388,0.402018,0.98146,-0.096034
EH_Lat_2_3.9.26,66,891.54,494.41,0,891.54,494.41,0.9775,917.44,504.85,0.9273,0.369731,0.275532,-0.088158,0.366693,0.258884,-0.082456,0.365644,0.257952,-0.082648,0.364762,0.256923,-0.08259,0.365709,0.260111,-0.110666,0.364036,0.260103,-0.110929,0.362564,0.260043,-0.110999,0.354068,0.259308,-0.033156,0.351587,0.262299,-0.159131,0.363905,0.289565,-0.062391,0.362779,0.291273,-0.100553,0.328329,0.325234,0.076002,0.342297,0.359606,-0.215744,0.397365,0.39122,0.088532,0.416612,0.420643,-0.282666,0.450884,0.439633,-0.002381,0.477833,0.467457,-0.292024,0.460118,0.443047,-0.008246,0.494122,0.483308,-0.33438,0.462172,0.447005,-0.040573,0.498862,0.472851,-0.317566,0.459737,0.451006,-0.018084,0.492954,0.468146,-0.287191,0.291315,0.556966,0.08655,0.306223,0.568489,-0.08668,0.262396,0.729224,0.091196,0.358753,0.734117,-0.064935,0.185415,0.86736,0.092953,0.360104,0.927294,-0.038431,0.160766,0.878885,0.089354,0.343518,0.956693,-0.037206,0.197646,0.948737,0.029444,0.401972,0.981399,-0.099779
EH_Lat_2_3.9.26,67,875.0,539.0,0,879.21,523.07,0.989,899.63,529.05,0.9342,0.367893,0.280349,-0.072479,0.365108,0.263726,-0.065828,0.364236,0.262987,-0.066019,0.363514,0.262194,-0.065958,0.364113,0.264888,-0.094212,0.362634,0.265043,-0.09448,0.361374,0.265183,-0.094563,0.352848,0.264208,-0.015933,0.35101,0.267704,-0.142849,0.362634,0.295049,-0.046745,0.361112,0.29694,-0.085152,0.330054,0.330656,0.089948,0.339995,0.365218,-0.204609,0.39759,0.402205,0.112367,0.407903,0.434228,-0.270361,0.446842,0.455985,0.033241,0.46856,0.489862,-0.281206,0.456521,0.467788,0.030454,0.481584,0.512252,-0.323958,0.458491,0.471429,-0.002442,0.48699,0.502327,-0.306325,0.456379,0.474055,0.017765,0.484439,0.495639,-0.276052,0.29022,0.561155,0.086608,0.304745,0.570632,-0.086732,0.261052,0.733268,0.082503,0.358929,0.734253,-0.067222,0.182179,0.869854,0.077755,0.360071,0.927541,-0.039917,0.156885,0.880955,0.073998,0.343406,0.956918,-0.039242,0.195295,0.950308,0.015914,0.40189,0.98142,-0.101849
EH_Lat_2_3.9.26,68,860.0,551.0,0,865.54,547.43,0.9927,883.74,553.04,0.9406,0.367553,0.284031,-0.081106,0.364554,0.267102,-0.074345,0.363703,0.266535,-0.074551,0.363032,0.265944,-0.074503,0.363527,0.267785,-0.103442,0.362017,0.267811,-0.10371,0.360725,0.267873,-0.103793,0.352149,0.268044,-0.022288,0.349803,0.27123,-0.152012,0.362322,0.299408,-0.054885,0.360793,0.300571,-0.094071,0.331681,0.336901,0.086478,0.336965,0.369452,-0.217136,0.396058,0.406269,0.098548,0.398536,0.448337,-0.284239,0.449672,0.472115,0.007306,0.460282,0.512069,-0.297529,0.461048,0.487259,0.002638,0.470227,0.541833,-0.342087,0.465862,0.489665,-0.033606,0.476007,0.53515,-0.325966,0.460814,0.488401,-0.009987,0.474632,0.524631,-0.293021,0.288879,0.565952,0.086994,0.300923,0.57429,-0.087116,0.259522,0.737586,0.08544,0.359546,0.734884,-0.062051,0.179177,0.871514,0.088404,0.360078,0.928015,-0.038691,0.153807,0.882437,0.085589,0.343347,0.957375,-0.038213,0.191918,0.952518,0.031893,0.401882,0.981427,-0.090695
EH_Lat_2_3.9.26,69,844.0,575.0,0,846.72,573.37,0.9939,862.06,577.27,0.9464,0.367374,0.288643,-0.096775,0.364254,0.271058,-0.088527,0.363399,0.270472,-0.088741,0.362719,0.269819,-0.088701,0.363181,0.271399,-0.118804,0.36158,0.271204,-0.11906,0.360114,0.271055,-0.119132,0.351767,0.271603,-0.031802,0.348502,0.274515,-0.166779,0.36217,0.303615,-0.069169,0.360503,0.304746,-0.109841,0.334536,0.341603,0.081221,0.3355,0.373808,-0.235816,0.396504,0.408809,0.096711,0.393332,0.461796,-0.313423,0.44527,0.475848,0.003001,0.448991,0.534509,-0.333782,0.456793,0.493836,-0.002172,0.459048,0.566013,-0.37968,0.459849,0.493877,-0.038892,0.465485,0.559017,-0.366017,0.456851,0.491821,-0.014567,0.462313,0.549237,-0.330067,0.287908,0.569147,0.08926,0.299015,0.577715,-0.089391,0.258149,0.74174,0.087864,0.359985,0.735095,-0.064539,0.176255,0.874294,0.096933,0.360027,0.928275,-0.039498,0.150916,0.884495,0.094603,0.343132,0.957334,-0.039017,0.190055,0.954446,0.041893,0.401507,0.981954,-0.090167
EH_Lat_2_3.9.26,70,829.0,598.0,0,831.24,602.21,0.9945,839.74,594.97,0.9514,0.366916,0.291758,-0.10346,0.363587,0.274527,-0.095878,0.362734,0.274062,-0.096096,0.36204,0.27349,-0.096064,0.362404,0.274633,-0.12461,0.360681,0.274405,-0.12487,0.359013,0.274186,-0.12496,0.350774,0.27525,-0.041297,0.346665,0.277707,-0.16946,0.361908,0.307132,-0.076716,0.360125,0.307894,-0.115361,0.338798,0.352285,0.069374,0.33207,0.380729,-0.236807,0.395886,0.43445,0.085321,0.386288,0.474823,-0.316546,0.4405,0.515124,0.006654,0.437364,0.550902,-0.341709,0.451224,0.537398,0.00351,0.444889,0.586341,-0.387442,0.453723,0.535977,-0.032758,0.450844,0.578959,-0.372919,0.450734,0.52993,-0.010251,0.448251,0.568948,-0.337973,0.288798,0.573388,0.089261,0.296918,0.581003,-0.089392,0.256006,0.745698,0.074839,0.360418,0.735275,-0.060229,0.173735,0.876121,0.063255,0.360028,0.928602,-0.030069,0.148486,0.887603,0.058348,0.342956,0.957842,-0.029182,0.188944,0.954535,-0.002929,0.401431,0.981965,-0.079848
EH_Lat_2_3.9.26,71,798.0,625.0,0,799.59,621.59,0.9946,814.06,629.35,0.9561,0.364723,0.296087,-0.117507,0.361434,0.278456,-0.110048,0.360802,0.277966,-0.110294,0.36031,0.277414,-0.110276,0.359978,0.278728,-0.137898,0.358285,0.278608,-0.138147,0.356663,0.278523,-0.138221,0.349663,0.278706,-0.05729,0.344647,0.281684,-0.181169,0.360586,0.311918,-0.091867,0.358643,0.312349,-0.129233,0.340017,0.36064,0.052543,0.329096,0.385705,-0.248155,0.392144,0.456121,0.078163,0.377121,0.486547,-0.31882,0.437991,0.545719,0.00499,0.423988,0.582736,-0.339782,0.449956,0.569922,0.002059,0.42831,0.615044,-0.383612,0.452338,0.572083,-0.036468,0.434951,0.60953,-0.37382,0.447156,0.563565,-0.01264,0.433477,0.599929,-0.337563,0.289416,0.579329,0.089179,0.294351,0.585435,-0.089307,0.254503,0.749993,0.073606,0.360773,0.735592,-0.057231,0.170349,0.879447,0.049265,0.360065,0.929392,-0.024137,0.14631,0.891604,0.042781,0.342943,0.959436,-0.023009,0.18912,0.955314,-0.012017,0.401634,0.981845,-0.065465
EH_Lat_2_3.9.26,72,769.0,637.0,0,772.24,634.14,0.9927,787.04,651.08,0.9603,0.362581,0.300342,-0.132951,0.358914,0.283237,-0.123488,0.358371,0.282744,-0.123736,0.357952,0.282209,-0.123719,0.357215,0.283656,-0.150883,0.355466,0.283678,-0.151135,0.353785,0.283734,-0.151234,0.347473,0.283664,-0.064517,0.341773,0.287166,-0.186518,0.358952,0.316786,-0.105513,0.356842,0.317192,-0.142269,0.339932,0.36967,0.047261,0.326242,0.391944,-0.251557,0.390661,0.479314,0.075516,0.368786,0.504069,-0.324112,0.43092,0.567383,0.004636,0.409914,0.602848,-0.350909,0.440025,0.595442,0.001194,0.41416,0.634104,-0.395526,0.443225,0.595875,-0.036064,0.420252,0.627769,-0.387937,0.438904,0.586366,-0.012516,0.419544,0.617906,-0.349539,0.288754,0.584682,0.088979,0.292744,0.590013,-0.089101,0.252752,0.754728,0.078107,0.361099,0.735644,-0.060063,0.16751,0.883093,0.068128,0.360268,0.929397,-0.023385,0.144422,0.89606,0.063249,0.342932,0.959405,-0.021578,0.188286,0.955594,0.007506,0.401637,0.981856,-0.066534
EH_Lat_2_3.9.26,73,741.0,654.0,0,750.99,652.57,0.9945,761.23,667.04,0.9639,0.361008,0.304059,-0.142853,0.357201,0.287496,-0.132824,0.356545,0.28691,-0.133052,0.356003,0.286308,-0.13304,0.355634,0.287779,-0.161235,0.353868,0.28758,-0.161477,0.352165,0.287402,-0.161588,0.345451,0.287625,-0.074415,0.340052,0.290517,-0.201255,0.357278,0.320544,-0.116078,0.355427,0.320745,-0.154274,0.339549,0.37779,0.031514,0.322388,0.394278,-0.268872,0.386217,0.493362,0.058412,0.357793,0.514111,-0.343347,0.423688,0.590752,-0.017897,0.396472,0.617628,-0.367353,0.432309,0.616681,-0.021901,0.401293,0.65299,-0.412031,0.435378,0.619751,-0.061026,0.407703,0.648577,-0.4061,0.431005,0.610232,-0.035913,0.406638,0.637947,-0.366544,0.289397,0.589642,0.088942,0.289526,0.59328,-0.089058,0.250452,0.758862,0.079977,0.361072,0.735672,-0.090476,0.164759,0.885593,0.069533,0.360039,0.929173,-0.027427,0.142873,0.900162,0.068883,0.342621,0.959464,-0.026784,0.169135,0.949744,0.022344,0.398329,0.981316,-0.07489
EH_Lat_2_3.9.26,74,722.0,681.0,0,729.47,671.97,0.9889,726.85,678.68,0.9665,0.358535,0.308438,-0.146443,0.355176,0.291745,-0.137439,0.354393,0.291425,-0.137675,0.353743,0.29111,-0.137673,0.35398,0.291514,-0.166041,0.352331,0.291228,-0.166287,0.35072,0.290974,-0.166393,0.342884,0.292583,-0.081018,0.33841,0.294515,-0.208628,0.353748,0.324876,-0.119817,0.352657,0.324036,-0.158237,0.339137,0.379952,0.028462,0.318767,0.397484,-0.268461,0.382938,0.500236,0.057038,0.345659,0.528425,-0.333335,0.417143,0.604184,-0.014928,0.37857,0.62841,-0.342144,0.425142,0.634196,-0.018527,0.383902,0.670396,-0.381865,0.428259,0.638922,-0.055045,0.391298,0.666808,-0.376013,0.424779,0.628037,-0.031816,0.390894,0.654356,-0.340726,0.288122,0.593773,0.088771,0.289981,0.599184,-0.088889,0.246879,0.763676,0.082021,0.361839,0.736041,-0.087504,0.162039,0.8895,0.080287,0.360692,0.929101,-0.017902,0.139933,0.906331,0.078599,0.342617,0.959103,-0.014207,0.176338,0.950525,0.02641,0.398323,0.981479,-0.056671
EH_Lat_2_3.9.26,75,693.0,696.0,0,699.04,682.5,0.9897,701.77,700.63,0.9677,0.356812,0.319004,-0.130503,0.353757,0.301585,-0.12067,0.3527,0.300797,-0.120903,0.351783,0.300071,-0.120894,0.352762,0.301453,-0.15004,0.351004,0.300716,-0.150275,0.349137,0.300019,-0.15035,0.340524,0.299408,-0.06265,0.335865,0.300863,-0.193417,0.35065,0.334301,-0.103044,0.349876,0.333947,-0.142482,0.334563,0.382289,0.047958,0.316598,0.402931,-0.254395,0.378357,0.505966,0.077999,0.337894,0.541847,-0.321707,0.415227,0.611631,0.005634,0.365508,0.648733,-0.330744,0.422693,0.645106,0.001717,0.370941,0.683297,-0.368782,0.427803,0.650519,-0.03254,0.376045,0.680238,-0.364894,0.419516,0.637682,-0.010394,0.375022,0.66724,-0.329782,0.283266,0.601112,0.089861,0.291401,0.607253,-0.089999,0.245628,0.770083,0.083967,0.36441,0.735984,-0.084784,0.15874,0.895264,0.085449,0.361043,0.929308,-0.021149,0.135891,0.915511,0.08387,0.342498,0.959226,-0.018355,0.18056,0.952183,0.030652,0.398607,0.982245,-0.06166
EH_Lat_2_3.9.26,76,662.0,711.0,0,666.49,693.91,0.986,663.65,702.33,0.967,0.355096,0.324636,-0.12437,0.352245,0.307606,-0.115567,0.351122,0.30671,-0.115791,0.350101,0.305797,-0.11579,0.351188,0.307355,-0.144614,0.34921,0.306403,-0.14484,0.347078,0.305443,-0.144903,0.338779,0.304648,-0.061556,0.333607,0.305149,-0.19116,0.348239,0.339756,-0.098241,0.34723,0.33908,-0.137253,0.32921,0.387224,0.044742,0.312463,0.403207,-0.24741,0.363402,0.516256,0.071742,0.329544,0.538303,-0.311762,0.397942,0.622698,-0.004655,0.345653,0.650307,-0.315332,0.405106,0.66146,-0.01027,0.354398,0.685866,-0.353483,0.406724,0.665529,-0.041346,0.36183,0.683782,-0.346548,0.40031,0.651509,-0.019606,0.358738,0.670954,-0.313836,0.280381,0.605532,0.089498,0.29164,0.608037,-0.089649,0.241365,0.775485,0.084623,0.366221,0.735752,-0.083075,0.156932,0.899494,0.087096,0.361651,0.929307,-0.024689,0.132572,0.921913,0.08445,0.342499,0.959088,-0.022286,0.182953,0.95317,0.038759,0.397995,0.982531,-0.06607
EH_Lat_2_3.9.26,77,630.14,699.22,0,629.17,696.62,0.9811,630.14,699.22,0.9696,0.353886,0.326521,-0.09556,0.350508,0.30897,-0.086032,0.349129,0.307964,-0.086237,0.347768,0.306889,-0.086253,0.349885,0.308877,-0.114207,0.34801,0.307999,-0.11442,0.345879,0.307088,-0.114472,0.336209,0.306211,-0.033906,0.332149,0.307271,-0.15953,0.346487,0.341021,-0.070904,0.345694,0.340376,-0.10865,0.327227,0.391877,0.0634,0.309654,0.402538,-0.217739,0.351175,0.516397,0.094706,0.321824,0.526495,-0.283184,0.382129,0.621633,0.019621,0.3282,0.647425,-0.303716,0.388353,0.660999,0.013337,0.331224,0.684076,-0.335528,0.387871,0.666421,-0.017586,0.338672,0.683177,-0.342781,0.384416,0.652638,0.004529,0.337621,0.66994,-0.309639,0.279789,0.60741,0.089047,0.289762,0.609215,-0.089207,0.237761,0.778256,0.08524,0.366166,0.735337,-0.090128,0.15527,0.902186,0.089203,0.361811,0.929478,-0.051377,0.13224,0.924929,0.086226,0.342534,0.95913,-0.050403,0.184169,0.953287,0.045371,0.39806,0.982536,-0.093933
EH_Lat_2_3.9.26,78,594.0,706.0,0,602.58,710.04,0.9822,608.08,700.51,0.972,0.351525,0.328399,-0.063373,0.347873,0.311119,-0.051884,0.346432,0.310076,-0.052056,0.344999,0.308934,-0.052047,0.347345,0.31103,-0.081443,0.345379,0.310112,-0.081665,0.343129,0.309126,-0.081737,0.333943,0.308508,0.005171,0.329706,0.309297,-0.127093,0.3443,0.34248,-0.037546,0.343329,0.342018,-0.077142,0.326267,0.397952,0.101532,0.305775,0.400906,-0.195993,0.344282,0.523219,0.138281,0.310922,0.527183,-0.259677,0.37311,0.631972,0.058959,0.31671,0.648621,-0.281007,0.378279,0.669024,0.054596,0.317584,0.683421,-0.31302,0.378883,0.671873,0.019931,0.323726,0.685558,-0.322035,0.375811,0.659854,0.042184,0.323843,0.670097,-0.285913,0.28157,0.609987,0.089874,0.285749,0.611265,-0.090018,0.253866,0.789121,0.07366,0.340725,0.751327,-0.11036,0.170561,0.92352,0.081661,0.360711,0.929695,-0.0624,0.157119,0.939424,0.078317,0.341511,0.960965,-0.060047,0.185285,0.953444,0.019412,0.378438,0.99283,-0.118933
EH_Lat_2_3.9.26,79,562.21,713.21,0,562.21,713.21,0.9858,577.67,715.42,0.9696,0.349741,0.329301,-0.068376,0.345759,0.313068,-0.055745,0.344341,0.312099,-0.05592,0.342973,0.31106,-0.055911,0.345267,0.313023,-0.085956,0.343406,0.312166,-0.086167,0.341237,0.311191,-0.086232,0.331885,0.311218,0.007271,0.327776,0.311529,-0.129853,0.342534,0.343736,-0.041539,0.341567,0.343449,-0.082093,0.32644,0.405171,0.098498,0.300224,0.401107,-0.196853,0.338926,0.530387,0.143167,0.301158,0.533213,-0.26691,0.363978,0.639288,0.080389,0.30087,0.662428,-0.294118,0.369648,0.675211,0.077215,0.297623,0.701736,-0.325828,0.371555,0.676964,0.044076,0.302574,0.705451,-0.334734,0.367095,0.665582,0.06487,0.304095,0.693062,-0.299227,0.288303,0.616524,0.090075,0.274853,0.613858,-0.090205,0.355321,0.760697,-0.010162,0.24108,0.777374,-0.127556,0.348513,0.927224,0.007794,0.157473,0.92207,-0.127625,0.329015,0.954669,0.00411,0.135906,0.946698,-0.13148,0.380814,0.970953,-0.078626,0.191617,0.973072,-0.229891
EH_Lat_2_3.9.26,80,528.71,713.36,0,528.71,713.36,0.9881,541.86,724.81,0.9631,0.348183,0.331973,-0.043225,0.344272,0.314867,-0.028127,0.342708,0.314089,-0.028304,0.341128,0.313202,-0.028293,0.34403,0.314829,-0.058844,0.342202,0.314124,-0.059029,0.34004,0.313282,-0.059089,0.329748,0.313156,0.03636,0.326299,0.313695,-0.103634,0.340692,0.346171,-0.016973,0.339968,0.346082,-0.05881,0.324057,0.408962,0.116275,0.297655,0.402483,-0.178599,0.332557,0.53532,0.160866,0.292689,0.536019,-0.26817,0.359454,0.645303,0.10385,0.28222,0.671119,-0.306381,0.366979,0.680649,0.103061,0.280268,0.708194,-0.340505,0.368896,0.680958,0.069728,0.283184,0.71138,-0.34647,0.363702,0.670545,0.088511,0.284399,0.698895,-0.311166,0.28808,0.623775,0.091409,0.269122,0.623679,-0.091504,0.357311,0.746901,0.029079,0.230153,0.786385,-0.162616,0.360126,0.927497,0.042373,0.144303,0.920666,-0.172139,0.341697,0.956014,0.037946,0.123192,0.943211,-0.176683,0.395718,0.979579,-0.04355,0.182558,0.966484,-0.27709
EH_Lat_2_3.9.26,81,495.35,718.63,0,495.35,718.63,0.9876,503.27,732.23,0.9653,0.346375,0.333443,-0.057766,0.341994,0.317098,-0.0455,0.340562,0.316313,-0.045691,0.339083,0.315435,-0.04567,0.341624,0.317078,-0.07529,0.339859,0.316308,-0.075502,0.337674,0.3153,-0.075572,0.327815,0.315861,0.014278,0.324231,0.31585,-0.120096,0.33902,0.347713,-0.031409,0.338209,0.347623,-0.071871,0.321253,0.410343,0.105598,0.295682,0.402217,-0.190312,0.328458,0.54064,0.148214,0.276836,0.542778,-0.266645,0.355057,0.648777,0.087346,0.262118,0.677994,-0.296377,0.363061,0.67944,0.086833,0.258101,0.709968,-0.326806,0.36643,0.681034,0.051506,0.262326,0.71618,-0.345794,0.360668,0.672025,0.071027,0.263958,0.704082,-0.305694,0.279653,0.627353,0.092696,0.267586,0.623552,-0.092811,0.256492,0.775598,0.057736,0.288315,0.755577,-0.134055,0.185398,0.921619,0.05636,0.315059,0.920984,-0.063542,0.210472,0.96148,0.050801,0.295581,0.944209,-0.057029,0.221402,0.9785,-0.022615,0.347369,0.969419,-0.120034
EH_Lat_2_3.9.26,82,464.91,711.53,0,464.91,711.53,0.9805,474.37,727.05,0.9664,0.344796,0.335459,-0.093929,0.340258,0.319446,-0.082153,0.33893,0.31856,-0.082402,0.337531,0.317585,-0.082406,0.339811,0.319451,-0.111904,0.338068,0.318577,-0.112137,0.335848,0.317413,-0.112217,0.326383,0.317965,-0.019202,0.322585,0.317512,-0.152884,0.337683,0.349453,-0.066096,0.336718,0.349213,-0.106169,0.31988,0.412887,0.076009,0.291107,0.403384,-0.20199,0.323547,0.540496,0.115882,0.267633,0.547128,-0.27336,0.351067,0.641148,0.048257,0.24707,0.673194,-0.31284,0.359376,0.671325,0.043081,0.239582,0.702694,-0.344352,0.364758,0.672737,0.008356,0.243504,0.708758,-0.359619,0.358318,0.664235,0.031209,0.247222,0.696788,-0.32043,0.271484,0.631193,0.092503,0.269386,0.628829,-0.092621,0.226867,0.792204,0.104245,0.329284,0.751788,-0.115297,0.148695,0.922134,0.117796,0.351489,0.921803,-0.038528,0.133006,0.953903,0.113977,0.33449,0.946468,-0.034369,0.184308,0.977982,0.053675,0.391289,0.972784,-0.088483
EH_Lat_2_3.9.26,83,433.53,711.29,0,433.53,711.29,0.9833,450.74,710.77,0.9689,0.34433,0.336725,-0.092553,0.339961,0.321364,-0.081221,0.338707,0.320557,-0.08146,0.337417,0.319589,-0.081457,0.339029,0.321002,-0.110785,0.337045,0.319914,-0.111019,0.33483,0.318543,-0.111098,0.325725,0.319721,-0.018609,0.32175,0.318899,-0.152637,0.336823,0.351362,-0.065229,0.335551,0.350888,-0.105021,0.317967,0.41463,0.077234,0.288966,0.402988,-0.201305,0.319176,0.538608,0.123246,0.260712,0.540728,-0.267324,0.349013,0.637358,0.058714,0.234761,0.658123,-0.309024,0.356476,0.667531,0.054172,0.223984,0.688644,-0.343697,0.361895,0.667813,0.019304,0.22899,0.693717,-0.349372,0.356739,0.658873,0.041612,0.234429,0.68287,-0.312485,0.267157,0.635739,0.092458,0.267641,0.631247,-0.09258,0.220316,0.797222,0.113817,0.342728,0.748618,-0.113555,0.142792,0.922268,0.132584,0.359046,0.922902,-0.026095,0.122276,0.951281,0.129434,0.341103,0.949205,-0.021532,0.181327,0.974854,0.074212,0.399481,0.973479,-0.072213
EH_Lat_2_3.9.26,84,404.86,701.35,0,404.86,701.35,0.9854,422.97,696.42,0.9714,0.342984,0.335446,-0.091852,0.338809,0.320879,-0.080873,0.337599,0.3203,-0.081105,0.336368,0.319569,-0.081094,0.337669,0.320415,-0.110462,0.335486,0.319514,-0.11069,0.33316,0.318387,-0.110767,0.324287,0.319654,-0.018225,0.320154,0.318639,-0.151402,0.33511,0.35144,-0.064844,0.333771,0.350863,-0.104769,0.315389,0.415037,0.077554,0.284564,0.403131,-0.198427,0.314325,0.538444,0.124309,0.252289,0.533739,-0.264246,0.34657,0.635229,0.061994,0.220295,0.644829,-0.306021,0.354723,0.664481,0.058373,0.209862,0.675625,-0.343045,0.36019,0.66389,0.023329,0.211994,0.681172,-0.346186,0.355741,0.6552,0.044845,0.217783,0.669569,-0.309368,0.261473,0.633567,0.090655,0.263333,0.63013,-0.090804,0.217366,0.796276,0.108604,0.344608,0.746069,-0.091023,0.141734,0.922767,0.125734,0.360983,0.92383,-0.023072,0.12037,0.949684,0.119499,0.343445,0.951796,-0.020269,0.179672,0.971518,0.065065,0.400008,0.973651,-0.074275
EH_Lat_2_3.9.26,85,380.52,689.95,0,380.52,689.95,0.9852,384.46,691.32,0.9741,0.341644,0.335035,-0.094642,0.337158,0.3206,-0.082864,0.336069,0.319933,-0.083089,0.33505,0.319089,-0.083075,0.335761,0.320247,-0.112422,0.33359,0.319336,-0.112661,0.331467,0.318166,-0.112743,0.323034,0.319496,-0.019199,0.318967,0.318716,-0.152022,0.33429,0.351105,-0.066746,0.332761,0.350517,-0.10651,0.314347,0.41579,0.07693,0.279576,0.402336,-0.199452,0.311376,0.537309,0.124096,0.242245,0.528954,-0.262828,0.343517,0.634057,0.060505,0.20024,0.640107,-0.305658,0.351324,0.663099,0.057035,0.185874,0.674584,-0.336963,0.35702,0.662034,0.02293,0.189052,0.681288,-0.343057,0.353312,0.653153,0.044113,0.195347,0.670435,-0.306792,0.260652,0.629631,0.089011,0.259253,0.627633,-0.089174,0.216439,0.794667,0.106961,0.344481,0.744357,-0.090965,0.140274,0.923503,0.115098,0.360279,0.924327,-0.031387,0.118251,0.953948,0.107325,0.343892,0.952877,-0.029228,0.176074,0.969012,0.044286,0.401927,0.97408,-0.085366
EH_Lat_2_3.9.26,86,361.47,674.32,0,361.47,674.32,0.9862,355.66,683.59,0.9764,0.340586,0.33524,-0.096426,0.336082,0.320051,-0.082895,0.335085,0.3193,-0.083098,0.334231,0.318422,-0.083072,0.334428,0.319879,-0.112958,0.332268,0.319086,-0.113196,0.330159,0.318139,-0.113281,0.322149,0.319154,-0.015595,0.317744,0.319408,-0.151817,0.333541,0.351071,-0.066959,0.33219,0.350591,-0.107518,0.313764,0.415781,0.080434,0.275235,0.40169,-0.197274,0.308651,0.53628,0.129901,0.235179,0.524833,-0.251849,0.342168,0.634369,0.062738,0.185237,0.632955,-0.283923,0.348192,0.663106,0.060044,0.168691,0.666711,-0.313325,0.353819,0.660025,0.02436,0.171168,0.672991,-0.330612,0.351578,0.651311,0.045491,0.177719,0.663493,-0.29171,0.264798,0.627157,0.089006,0.251909,0.625853,-0.089168,0.26535,0.79117,0.100622,0.302556,0.74985,-0.118111,0.25604,0.943796,0.124336,0.273224,0.930505,-0.025235,0.247708,0.975649,0.12002,0.259273,0.957533,-0.019096,0.281241,0.972624,0.041012,0.303101,0.978564,-0.09053
EH_Lat_2_3.9.26,87,337.81,660.34,0,337.81,660.34,0.9891,330.72,677.56,0.9785,0.339624,0.334066,-0.114397,0.335031,0.318701,-0.099782,0.334025,0.318013,-0.099951,0.333221,0.317227,-0.099919,0.333332,0.318488,-0.130075,0.331147,0.31773,-0.130294,0.329044,0.316841,-0.130375,0.321043,0.318078,-0.025766,0.316359,0.318452,-0.163121,0.33278,0.349749,-0.083256,0.331368,0.349266,-0.124248,0.31266,0.415075,0.069583,0.272665,0.400934,-0.198083,0.307022,0.534739,0.126505,0.22668,0.522367,-0.257642,0.33932,0.629793,0.061813,0.17225,0.62737,-0.289426,0.347115,0.658133,0.059329,0.156691,0.65957,-0.31767,0.352191,0.655774,0.023639,0.158978,0.664491,-0.339542,0.348417,0.646812,0.044659,0.165337,0.655806,-0.300111,0.266765,0.625284,0.086603,0.24643,0.624027,-0.086729,0.325134,0.758744,0.071689,0.227978,0.778394,-0.114159,0.348547,0.935928,0.119603,0.148923,0.930066,-0.028594,0.334944,0.966493,0.116118,0.128872,0.95503,-0.02374,0.366792,0.973018,0.018398,0.188762,0.965846,-0.096823
EH_Lat_2_3.9.26,88,317.08,640.07,0,317.08,640.07,0.9888,310.49,670.17,0.9803,0.338467,0.332827,-0.111645,0.333884,0.31718,-0.098137,0.332895,0.316501,-0.098327,0.332112,0.315738,-0.098295,0.332186,0.316958,-0.127482,0.330008,0.316203,-0.127723,0.327863,0.315333,-0.127816,0.319774,0.316677,-0.028304,0.314648,0.317275,-0.161429,0.33201,0.348445,-0.081772,0.330668,0.34801,-0.121382,0.311307,0.413418,0.066312,0.270873,0.400892,-0.198901,0.305387,0.532743,0.116402,0.22084,0.520742,-0.257988,0.338394,0.627792,0.053053,0.161714,0.620527,-0.293638,0.346433,0.655169,0.051344,0.144527,0.648896,-0.320837,0.351437,0.652981,0.013267,0.146371,0.660789,-0.344943,0.348199,0.643953,0.034524,0.152641,0.654495,-0.305325,0.265111,0.623468,0.086077,0.246021,0.622584,-0.086206,0.235354,0.772781,0.073139,0.238368,0.758841,-0.111356,0.175172,0.931416,0.109999,0.304784,0.929315,-0.022427,0.200517,0.962512,0.104174,0.296161,0.957011,-0.017126,0.211293,0.969644,0.004934,0.352558,0.966939,-0.094449
EH_Lat_2_3.9.26,89,292.16,631.52,0,292.16,631.52,0.9852,292.12,652.57,0.982,0.337281,0.332331,-0.126655,0.333082,0.316688,-0.113103,0.332104,0.316016,-0.113325,0.331341,0.31528,-0.113295,0.331548,0.316461,-0.141788,0.329433,0.315696,-0.14205,0.327343,0.314842,-0.142161,0.319304,0.316261,-0.042542,0.314284,0.316763,-0.171179,0.331192,0.347821,-0.096136,0.330136,0.347414,-0.134707,0.311263,0.411798,0.051379,0.269091,0.399991,-0.199854,0.304095,0.530138,0.090051,0.215753,0.513241,-0.261164,0.337182,0.624859,0.029362,0.152145,0.604236,-0.31615,0.345033,0.653105,0.026958,0.134724,0.630024,-0.344862,0.349633,0.652866,-0.009268,0.136354,0.643506,-0.366643,0.347471,0.643337,0.01143,0.143575,0.63729,-0.327139,0.260996,0.622224,0.083454,0.244717,0.621972,-0.083604,0.217257,0.777806,0.073287,0.253911,0.750426,-0.106333,0.142582,0.929054,0.096315,0.341067,0.92891,-0.031003,0.129047,0.957974,0.089328,0.330474,0.957887,-0.02965,0.184176,0.968545,0.005947,0.387972,0.965322,-0.106983
EH_Lat_2_3.9.26,90,276.55,614.17,0,276.55,614.17,0.9847,275.61,628.89,0.9838,0.3371,0.331551,-0.157366,0.332846,0.315746,-0.143247,0.331814,0.315065,-0.143422,0.331024,0.314324,-0.143398,0.331278,0.315529,-0.173088,0.329151,0.314771,-0.173312,0.327109,0.313917,-0.173381,0.318881,0.315286,-0.066671,0.314082,0.315764,-0.201468,0.330773,0.346951,-0.125086,0.329777,0.346602,-0.165569,0.311368,0.411773,0.024841,0.266423,0.399803,-0.21624,0.303523,0.528829,0.072839,0.208594,0.502983,-0.262953,0.33706,0.622968,0.009543,0.143548,0.58231,-0.312415,0.345381,0.652711,0.005252,0.125376,0.607253,-0.342037,0.351572,0.649428,-0.03308,0.126112,0.617751,-0.360685,0.347831,0.641186,-0.008957,0.13321,0.609327,-0.322373,0.26374,0.621249,0.081077,0.238909,0.620835,-0.081173,0.310973,0.755122,0.011363,0.214162,0.769148,-0.12379,0.334493,0.927174,0.036756,0.148581,0.927702,-0.079857,0.32104,0.958634,0.031749,0.130531,0.955782,-0.080898,0.37797,0.968077,-0.059348,0.191249,0.962236,-0.185795
EH_Lat_2_3.9.26,91,254.79,595.7,0,254.79,595.7,0.9936,260.15,604.55,0.9853,0.336138,0.330876,-0.13946,0.332032,0.315232,-0.125929,0.331079,0.314537,-0.12613,0.330374,0.313778,-0.126097,0.330314,0.314967,-0.155089,0.328167,0.314171,-0.155341,0.326132,0.313289,-0.155435,0.318174,0.314784,-0.054472,0.313015,0.315074,-0.186087,0.330158,0.346207,-0.108623,0.329059,0.345868,-0.147983,0.311921,0.412011,0.039,0.26461,0.399308,-0.212553,0.303303,0.527688,0.079302,0.2017,0.493892,-0.256309,0.336929,0.621594,0.003758,0.135494,0.559768,-0.310992,0.345383,0.652096,-0.000611,0.116991,0.58275,-0.339642,0.350377,0.646326,-0.039913,0.116394,0.589619,-0.354542,0.3475,0.638549,-0.015557,0.123925,0.5829,-0.317167,0.261694,0.621008,0.080764,0.238151,0.615417,-0.080864,0.232676,0.764482,0.037994,0.267648,0.766269,-0.122566,0.213885,0.930683,0.043116,0.299603,0.927644,-0.07166,0.19895,0.957412,0.036702,0.293702,0.95778,-0.072967,0.211816,0.964237,-0.050615,0.310791,0.963769,-0.152673
EH_Lat_2_3.9.26,92,240.94,578.87,0,240.94,578.87,0.9945,246.22,586.59,0.9867,0.336419,0.33031,-0.149557,0.332376,0.314632,-0.13353,0.331448,0.313932,-0.13377,0.330729,0.313166,-0.133727,0.330669,0.314403,-0.162836,0.328506,0.313637,-0.163104,0.326396,0.312809,-0.163213,0.318317,0.31415,-0.05381,0.312963,0.314635,-0.184845,0.330452,0.345659,-0.115559,0.329336,0.345347,-0.154917,0.312477,0.411809,0.042264,0.264029,0.397546,-0.212241,0.303677,0.52669,0.079831,0.199452,0.481393,-0.27563,0.336641,0.620526,0.002524,0.128238,0.54314,-0.362195,0.344548,0.651532,-0.002099,0.110505,0.563654,-0.39675,0.349482,0.643579,-0.041553,0.108653,0.567673,-0.416374,0.347066,0.636519,-0.016869,0.116067,0.562272,-0.37282,0.257602,0.620335,0.081299,0.238619,0.611724,-0.081404,0.212287,0.768157,0.047749,0.283861,0.755617,-0.117753,0.14875,0.929035,0.056123,0.338638,0.927691,-0.076425,0.12783,0.957017,0.049787,0.329389,0.959117,-0.077999,0.182319,0.962121,-0.030764,0.381936,0.960571,-0.158192
EH_Lat_2_3.9.26,93,233.34,563.27,0,233.34,563.27,0.9884,238.87,568.13,0.9879,0.336734,0.329908,-0.170536,0.332771,0.314167,-0.15586,0.331854,0.313464,-0.156043,0.331108,0.312695,-0.156006,0.331083,0.313951,-0.184527,0.328931,0.313204,-0.184762,0.32676,0.312425,-0.184845,0.318571,0.313681,-0.076646,0.313174,0.314481,-0.205569,0.330742,0.345292,-0.137376,0.329617,0.344996,-0.176229,0.312923,0.412502,0.014753,0.263493,0.394125,-0.216561,0.303114,0.525967,0.049978,0.198168,0.471723,-0.266398,0.336129,0.620163,-0.033948,0.124413,0.526048,-0.356341,0.344691,0.646012,-0.04154,0.106532,0.546613,-0.3879,0.350167,0.638492,-0.080234,0.104113,0.55105,-0.389074,0.346871,0.63133,-0.053095,0.110809,0.544778,-0.3514,0.258898,0.619791,0.076563,0.233882,0.607695,-0.076625,0.301456,0.752604,0.010509,0.21469,0.765053,-0.114694,0.332803,0.928353,0.011717,0.150285,0.927198,-0.075641,0.322096,0.961528,0.004176,0.130852,0.958276,-0.077351,0.373975,0.961106,-0.09177,0.191451,0.95762,-0.150472
EH_Lat_2_3.9.26,94,229.99,544.53,0,229.99,544.53,0.9952,239.43,549.94,0.9889,0.336811,0.329586,-0.147736,0.33302,0.313874,-0.134814,0.332119,0.313201,-0.134999,0.331377,0.312476,-0.134972,0.331349,0.313576,-0.164838,0.329209,0.312807,-0.165064,0.327077,0.312016,-0.165129,0.318843,0.313559,-0.066192,0.313401,0.314069,-0.193689,0.330755,0.34487,-0.117183,0.329602,0.344618,-0.157743,0.313098,0.413064,0.032618,0.262661,0.390361,-0.195729,0.301975,0.52531,0.062454,0.197926,0.461786,-0.258567,0.334781,0.618181,-0.027622,0.124703,0.509207,-0.336499,0.343435,0.639279,-0.034952,0.104795,0.525369,-0.368973,0.347178,0.6329,-0.074007,0.102271,0.530978,-0.380795,0.345026,0.626185,-0.047164,0.110834,0.525524,-0.34112,0.255667,0.618105,0.076599,0.234248,0.604846,-0.076673,0.222923,0.758007,0.013437,0.252106,0.752657,-0.11463,0.165992,0.927299,0.042816,0.314786,0.927636,-0.073,0.145909,0.959373,0.036314,0.307766,0.961632,-0.073473,0.206492,0.959203,-0.060723,0.361636,0.956714,-0.159349
EH_Lat_2_3.9.26,95,218.78,531.37,0,218.78,531.37,0.9953,242.22,527.99,0.9891,0.337351,0.329295,-0.13808,0.333486,0.313589,-0.125026,0.332584,0.312913,-0.125221,0.331827,0.312184,-0.125194,0.331792,0.313279,-0.154904,0.329634,0.312507,-0.155139,0.32744,0.311721,-0.155212,0.319204,0.313314,-0.064349,0.313711,0.313807,-0.177586,0.331258,0.344542,-0.107756,0.330098,0.344292,-0.148175,0.313397,0.413793,0.040449,0.262377,0.386524,-0.181755,0.301388,0.524867,0.071277,0.195684,0.449912,-0.241282,0.334972,0.617077,-0.019968,0.126156,0.48888,-0.331308,0.343131,0.635789,-0.027725,0.105528,0.503041,-0.36195,0.348366,0.629083,-0.066267,0.103029,0.507488,-0.373713,0.346235,0.622993,-0.039417,0.112685,0.502602,-0.336799,0.255068,0.617577,0.076407,0.231428,0.602553,-0.076476,0.290348,0.75333,0.030658,0.249936,0.758982,-0.109123,0.268669,0.936348,0.051761,0.256591,0.941007,-0.069247,0.262636,0.968062,0.046059,0.24798,0.973214,-0.068172,0.297818,0.963361,-0.049652,0.296449,0.970825,-0.161601
EH_Lat_2_3.9.26,96,208.14,522.37,0,208.14,522.37,0.9952,243.48,511.46,0.9889,0.33783,0.329317,-0.134561,0.33396,0.313655,-0.12059,0.33305,0.312997,-0.120787,0.33228,0.312293,-0.120755,0.332276,0.313216,-0.149372,0.330103,0.312358,-0.14961,0.327907,0.311473,-0.149692,0.319732,0.313524,-0.058972,0.314263,0.313433,-0.169785,0.331682,0.344359,-0.103535,0.330478,0.344033,-0.142551,0.313658,0.414705,0.042816,0.263033,0.383821,-0.176134,0.302044,0.524561,0.072611,0.196677,0.439693,-0.233444,0.334748,0.616459,-0.018812,0.126812,0.47357,-0.316905,0.343037,0.633082,-0.026602,0.103666,0.48388,-0.346272,0.348496,0.626783,-0.065265,0.10142,0.485884,-0.367835,0.345455,0.620986,-0.038262,0.110867,0.484127,-0.329388,0.254212,0.617183,0.075143,0.230125,0.601496,-0.075204,0.306533,0.749203,0.037197,0.248132,0.763601,-0.098635,0.293543,0.939715,0.057041,0.232921,0.945289,-0.058917,0.288809,0.971522,0.051673,0.222006,0.975163,-0.05959,0.323046,0.965221,-0.040128,0.265994,0.979495,-0.151709
EH_Lat_2_3.9.26,97,201.3,506.39,0,201.3,506.39,0.9951,243.19,494.11,0.9898,0.338258,0.33003,-0.126449,0.334381,0.314325,-0.109408,0.333453,0.313692,-0.109648,0.332664,0.313024,-0.109605,0.332736,0.313636,-0.136466,0.330563,0.312598,-0.136735,0.328363,0.311541,-0.136838,0.320188,0.314168,-0.032652,0.314715,0.313158,-0.147559,0.332035,0.344895,-0.092272,0.330779,0.344332,-0.128902,0.313826,0.41624,0.057518,0.264233,0.380762,-0.164218,0.301375,0.524315,0.085437,0.195255,0.43313,-0.237147,0.333794,0.614942,-0.01729,0.12666,0.457511,-0.321616,0.342127,0.631154,-0.023936,0.103492,0.468205,-0.352919,0.345821,0.625665,-0.057495,0.103744,0.468335,-0.372787,0.343316,0.620213,-0.035091,0.111505,0.464933,-0.333361,0.250955,0.616848,0.075627,0.231756,0.60086,-0.075699,0.21893,0.757993,0.050224,0.280469,0.755175,-0.100768,0.155581,0.938878,0.06089,0.327163,0.943974,-0.084684,0.137446,0.971033,0.054059,0.320131,0.973637,-0.087763,0.197662,0.961641,-0.033218,0.374055,0.965034,-0.176652
EH_Lat_2_3.9.26,98,201.44,492.19,0,201.44,492.19,0.9948,240.69,480.9,0.9904,0.33843,0.331193,-0.12528,0.334403,0.315768,-0.108972,0.333566,0.315272,-0.109204,0.332885,0.314762,-0.109162,0.332964,0.314792,-0.136162,0.330833,0.313664,-0.136422,0.328659,0.312403,-0.136521,0.320244,0.315874,-0.032858,0.315107,0.313405,-0.147024,0.332248,0.34581,-0.092085,0.331072,0.344932,-0.128766,0.313847,0.41789,0.043621,0.264752,0.379448,-0.159814,0.300937,0.524192,0.068359,0.195085,0.424003,-0.223377,0.334111,0.612174,-0.014377,0.125361,0.445282,-0.305,0.342914,0.626496,-0.020619,0.105783,0.447993,-0.334099,0.346381,0.623424,-0.055656,0.104178,0.449786,-0.354766,0.343338,0.617529,-0.032045,0.111816,0.451464,-0.318367,0.252691,0.616483,0.06718,0.228844,0.599756,-0.067243,0.292406,0.750312,0.029148,0.210797,0.765874,-0.077918,0.324065,0.935928,0.026454,0.148835,0.940266,-0.05352,0.31895,0.967924,0.018425,0.131405,0.966838,-0.056495,0.335639,0.961044,-0.068861,0.191041,0.957493,-0.157253
EH_Lat_2_3.9.26,99,206.71,480.39,0,206.71,480.39,0.9943,261.04,462.32,0.9904,0.338555,0.332838,-0.123575,0.334555,0.317626,-0.10662,0.33359,0.317339,-0.106818,0.333094,0.317066,-0.106768,0.333261,0.316516,-0.129431,0.331138,0.315449,-0.129681,0.328968,0.314195,-0.129768,0.321151,0.318385,-0.027324,0.315458,0.31488,-0.126014,0.33245,0.34697,-0.089828,0.331327,0.345643,-0.121016,0.315007,0.420306,0.046074,0.265837,0.378389,-0.129333,0.300414,0.523976,0.07444,0.200295,0.418149,-0.185997,0.334228,0.607953,-0.010894,0.135957,0.428076,-0.269895,0.342995,0.622232,-0.016664,0.117077,0.427934,-0.29667,0.345503,0.618061,-0.053898,0.115134,0.427475,-0.315649,0.343162,0.613562,-0.031377,0.122594,0.431754,-0.282213,0.25429,0.616203,0.061399,0.226874,0.599084,-0.061444,0.306748,0.746745,-0.051061,0.203005,0.768468,-0.10452,0.345029,0.934299,-0.096677,0.135725,0.937279,-0.102501,0.335669,0.966941,-0.108714,0.117332,0.963096,-0.106597,0.388914,0.958186,-0.202682,0.174082,0.9557,-0.206491
EH_Lat_2_3.9.26,100,212.0,459.0,0,210.25,461.6,0.994,261.24,454.26,0.9907,0.338831,0.334917,-0.104384,0.334733,0.319627,-0.087803,0.333864,0.319548,-0.08801,0.333478,0.319498,-0.087948,0.333292,0.318364,-0.11049,0.331214,0.317393,-0.110764,0.329115,0.316225,-0.110887,0.322134,0.320825,-0.008475,0.315651,0.31673,-0.111328,0.332535,0.348729,-0.070802,0.331469,0.346982,-0.101819,0.315785,0.421466,0.06727,0.267088,0.37801,-0.123359,0.300039,0.523741,0.088287,0.201692,0.414388,-0.184375,0.334222,0.607224,-0.003654,0.136062,0.42061,-0.26494,0.343347,0.621211,-0.009062,0.117696,0.419297,-0.293811,0.346024,0.615992,-0.04619,0.114548,0.414166,-0.311967,0.343615,0.612157,-0.022938,0.12064,0.421426,-0.27621,0.252968,0.615535,0.065022,0.228873,0.598227,-0.065085,0.220464,0.755042,-0.013117,0.230386,0.765997,-0.109523,0.185215,0.934124,-0.02987,0.313626,0.936289,-0.087831,0.1443,0.966106,-0.039695,0.307704,0.965101,-0.089416,0.202169,0.954207,-0.135701,0.323821,0.949664,-0.18419
EH_Lat_2_3.9.26,101,217.0,446.0,0,205.41,445.11,0.9933,244.46,445.95,0.9914,0.341632,0.338134,-0.083166,0.337008,0.322626,-0.06706,0.336059,0.322492,-0.067273,0.33554,0.322429,-0.067217,0.335371,0.321226,-0.091335,0.333211,0.320148,-0.091615,0.331099,0.318957,-0.091752,0.323828,0.323173,0.008532,0.317029,0.31919,-0.101017,0.334628,0.351283,-0.051357,0.333413,0.349326,-0.084385,0.317372,0.423273,0.083057,0.267342,0.378103,-0.119642,0.300441,0.523597,0.110509,0.198152,0.410468,-0.186676,0.333496,0.604895,0.023969,0.127324,0.41292,-0.268759,0.341106,0.619152,0.020024,0.108084,0.407103,-0.29844,0.34555,0.614303,-0.01885,0.104466,0.405224,-0.315977,0.343321,0.610608,0.004315,0.113188,0.410785,-0.279609,0.253073,0.615296,0.067363,0.229749,0.59787,-0.067435,0.205146,0.761079,0.016442,0.280515,0.751693,-0.113314,0.143118,0.933434,0.027063,0.34082,0.935734,-0.085145,0.12155,0.963425,0.021216,0.333264,0.965972,-0.085891,0.177443,0.952811,-0.0878,0.353933,0.949843,-0.178055
EH_Lat_2_3.9.26,102,217.0,440.0,0,214.86,435.89,0.9937,253.45,440.75,0.9912,0.344706,0.342786,-0.091795,0.341295,0.327056,-0.076654,0.340387,0.326894,-0.076863,0.339687,0.326784,-0.076815,0.339485,0.325568,-0.10227,0.337266,0.324396,-0.102535,0.334954,0.323076,-0.102653,0.327225,0.326583,-0.002833,0.320461,0.322204,-0.118383,0.337669,0.355844,-0.06044,0.336394,0.353896,-0.09529,0.319713,0.426424,0.075396,0.268309,0.378523,-0.139104,0.300236,0.523441,0.109108,0.200633,0.406794,-0.204938,0.334327,0.604924,0.031654,0.132005,0.408104,-0.276448,0.342233,0.619637,0.029356,0.112809,0.404105,-0.306695,0.345861,0.614518,-0.007158,0.109899,0.401837,-0.322816,0.343633,0.610797,0.013631,0.118677,0.40682,-0.286223,0.254121,0.615239,0.066277,0.228847,0.59774,-0.066343,0.293061,0.751403,0.026232,0.213181,0.762337,-0.093451,0.326091,0.933111,0.021472,0.151371,0.933714,-0.076515,0.318906,0.963886,0.013045,0.133539,0.961419,-0.079604,0.335953,0.956791,-0.081664,0.187709,0.951662,-0.169544
EH_Lat_2_3.9.26,103,228.24,424.38,0,228.24,424.38,0.9931,254.32,430.03,0.9914,0.346927,0.349487,-0.106644,0.343953,0.33428,-0.092318,0.343058,0.333955,-0.092488,0.342354,0.333738,-0.09241,0.341843,0.332714,-0.1133,0.339457,0.331326,-0.113566,0.336959,0.329822,-0.113676,0.330461,0.331761,-0.01496,0.322256,0.32686,-0.126268,0.339071,0.361953,-0.074516,0.337533,0.359763,-0.103447,0.322292,0.43052,0.057026,0.26874,0.378795,-0.140324,0.301242,0.52359,0.099976,0.202989,0.401028,-0.197031,0.335317,0.604977,0.034133,0.132458,0.398176,-0.268513,0.341665,0.623565,0.032916,0.112029,0.393692,-0.294878,0.346192,0.617895,-0.002292,0.108456,0.392742,-0.31252,0.343994,0.611357,0.017205,0.117071,0.397309,-0.279473,0.254808,0.6151,0.064035,0.228699,0.597803,-0.064093,0.310461,0.746188,0.005689,0.204046,0.767728,-0.098452,0.346113,0.932504,-0.037168,0.136527,0.932794,-0.092088,0.337445,0.963809,-0.049468,0.118348,0.960032,-0.095318,0.382676,0.955168,-0.144795,0.175663,0.95241,-0.192014
EH_Lat_2_3.9.26,104,226.57,413.26,0,226.57,413.26,0.992,255.97,417.63,0.9917,0.351082,0.352154,-0.131196,0.348365,0.336607,-0.115639,0.34762,0.336398,-0.115818,0.347031,0.336348,-0.115759,0.345816,0.334932,-0.13704,0.343316,0.333553,-0.13728,0.340656,0.332024,-0.137354,0.335574,0.334993,-0.033804,0.326136,0.329258,-0.132325,0.343068,0.364478,-0.09782,0.341135,0.362569,-0.127367,0.32452,0.433447,0.037106,0.269568,0.378923,-0.146049,0.301793,0.527599,0.083777,0.203696,0.398019,-0.206475,0.33588,0.606755,0.033088,0.133318,0.386696,-0.274273,0.342632,0.624037,0.029948,0.114268,0.382013,-0.296169,0.34692,0.624565,-0.006025,0.111266,0.379501,-0.318888,0.344806,0.61229,0.015206,0.119188,0.385581,-0.289263,0.255384,0.615003,0.062449,0.228496,0.597965,-0.062507,0.314195,0.743377,-0.021784,0.20332,0.77122,-0.104894,0.34813,0.931644,-0.046307,0.135367,0.931676,-0.087206,0.338955,0.963921,-0.056016,0.117207,0.958636,-0.089037,0.391688,0.955174,-0.141108,0.173433,0.952089,-0.181329
EH_Lat_2_3.9.26,105,235.23,399.87,0,235.23,399.87,0.9929,261.14,409.01,0.9924,0.356631,0.353444,-0.128993,0.353728,0.338417,-0.113504,0.352781,0.338205,-0.11369,0.351836,0.338093,-0.113637,0.352039,0.337194,-0.135821,0.349926,0.336034,-0.136065,0.347568,0.334667,-0.136149,0.339177,0.337501,-0.033733,0.332994,0.333149,-0.137475,0.349339,0.365829,-0.0954,0.348291,0.36435,-0.126452,0.325499,0.43956,0.039937,0.274459,0.38011,-0.151507,0.302213,0.53235,0.091936,0.205715,0.397938,-0.210505,0.336224,0.60895,0.058621,0.13601,0.378709,-0.296764,0.34223,0.625149,0.060481,0.116945,0.373845,-0.322574,0.346765,0.625001,0.023269,0.113735,0.372137,-0.34271,0.344777,0.614542,0.041471,0.121804,0.376853,-0.310593,0.255566,0.615011,0.064278,0.228825,0.598123,-0.06434,0.315672,0.742224,-0.005151,0.204219,0.771991,-0.108999,0.349898,0.931114,-0.036616,0.135892,0.930797,-0.094483,0.339284,0.964356,-0.047555,0.11729,0.958098,-0.096768,0.395454,0.955194,-0.133246,0.172115,0.95159,-0.188839
EH_Lat_2_3.9.26,106,239.28,397.59,0,239.28,397.59,0.9922,264.01,400.35,0.993,0.362525,0.35485,-0.126753,0.358445,0.339829,-0.111415,0.357258,0.339514,-0.111604,0.356066,0.339262,-0.111554,0.357123,0.338997,-0.134768,0.355027,0.33791,-0.135013,0.352751,0.336594,-0.135098,0.34315,0.33963,-0.036593,0.33844,0.336415,-0.145038,0.355545,0.367872,-0.093845,0.354883,0.36669,-0.126241,0.327899,0.44256,0.036804,0.279392,0.382674,-0.154174,0.302721,0.533256,0.099469,0.207383,0.395699,-0.210813,0.336634,0.610833,0.08623,0.137505,0.370694,-0.306141,0.342602,0.626425,0.092071,0.117956,0.366096,-0.333146,0.347246,0.625691,0.054429,0.115807,0.366862,-0.351289,0.345207,0.616862,0.069698,0.123576,0.370214,-0.318864,0.256035,0.614919,0.065147,0.229672,0.59826,-0.065197,0.317734,0.74173,0.002411,0.206246,0.771639,-0.110325,0.347362,0.930608,-0.02766,0.136736,0.929548,-0.099123,0.338353,0.964162,-0.038438,0.117389,0.95733,-0.101826,0.390243,0.955417,-0.123324,0.168616,0.951291,-0.193767
EH_Lat_2_3.9.26,107,252.09,391.03,0,252.09,391.03,0.9902,273.03,397.57,0.9934,0.36896,0.356965,-0.124788,0.364261,0.341843,-0.110782,0.362745,0.341371,-0.110963,0.36116,0.340957,-0.110904,0.363272,0.341426,-0.134,0.361153,0.340487,-0.134239,0.358801,0.339334,-0.134314,0.346981,0.342272,-0.03638,0.34383,0.340413,-0.146827,0.361637,0.370154,-0.093234,0.361215,0.36938,-0.125985,0.331448,0.447784,0.036272,0.286653,0.385909,-0.156077,0.303019,0.538516,0.098962,0.207752,0.393147,-0.213504,0.33691,0.61733,0.074108,0.142205,0.368124,-0.304644,0.343093,0.631398,0.07838,0.122466,0.362724,-0.332324,0.346246,0.637958,0.041352,0.120045,0.362408,-0.349823,0.345526,0.622576,0.057487,0.127989,0.367776,-0.316556,0.257442,0.615118,0.065997,0.230711,0.598787,-0.066044,0.320328,0.742108,0.009368,0.205796,0.772215,-0.109846,0.348777,0.930179,-0.018122,0.137227,0.928722,-0.097219,0.336708,0.963797,-0.028604,0.117623,0.956654,-0.099833,0.392416,0.956778,-0.111483,0.171281,0.951284,-0.191152
EH_Lat_2_3.9.26,108,270.0,383.0,0,267.23,385.85,0.9909,276.54,394.67,0.9903,0.375165,0.362785,-0.122838,0.369409,0.34738,-0.108872,0.367669,0.346731,-0.109066,0.365973,0.346251,-0.109009,0.368497,0.347392,-0.13298,0.366234,0.346591,-0.133199,0.363895,0.345774,-0.133266,0.35171,0.348273,-0.036058,0.349296,0.347755,-0.147922,0.367741,0.375888,-0.092875,0.367452,0.375765,-0.125775,0.334481,0.449751,0.038141,0.291369,0.39341,-0.157995,0.303683,0.542404,0.084701,0.214814,0.394046,-0.222594,0.33892,0.624681,0.022871,0.144031,0.365434,-0.316388,0.346939,0.636659,0.019951,0.126165,0.359183,-0.346998,0.35147,0.642976,-0.017676,0.124735,0.357617,-0.364299,0.347529,0.630591,0.00468,0.132458,0.362136,-0.328768,0.25781,0.615058,0.066525,0.231012,0.599763,-0.066581,0.321092,0.741163,0.050721,0.211391,0.772924,-0.102247,0.343055,0.930069,0.009224,0.171329,0.92483,-0.060696,0.32835,0.964197,-0.00474,0.153804,0.943006,-0.059491,0.356926,0.960309,-0.09764,0.179431,0.951377,-0.139849
EH_Lat_2_3.9.26,109,280.52,377.81,0,280.52,377.81,0.9905,285.61,392.62,0.9911,0.378626,0.367787,-0.116343,0.373216,0.352644,-0.101126,0.37128,0.352043,-0.101364,0.369315,0.351586,-0.101305,0.372723,0.353075,-0.126587,0.370629,0.35272,-0.126832,0.368454,0.352381,-0.126901,0.35511,0.353429,-0.0296,0.354163,0.354786,-0.145008,0.370175,0.380934,-0.086633,0.370204,0.381369,-0.121036,0.336506,0.455908,0.048345,0.298616,0.400096,-0.154017,0.304614,0.547276,0.102247,0.22002,0.394845,-0.22365,0.339017,0.630789,0.04744,0.148753,0.363537,-0.318009,0.34699,0.646908,0.046733,0.128899,0.352384,-0.349151,0.351482,0.647529,0.007247,0.127606,0.350848,-0.365811,0.347638,0.638939,0.02861,0.135091,0.357445,-0.3297,0.257625,0.615566,0.069156,0.235595,0.602136,-0.069232,0.219416,0.760235,0.065563,0.309147,0.75112,-0.083929,0.150745,0.929488,0.046415,0.337237,0.925482,-0.044648,0.133167,0.960618,0.037623,0.323232,0.948981,-0.043804,0.185686,0.957691,-0.042011,0.378959,0.953993,-0.111634
EH_Lat_2_3.9.26,110,288.19,370.08,0,288.19,370.08,0.991,295.22,385.81,0.9918,0.381682,0.375847,-0.086584,0.375712,0.361273,-0.071381,0.373499,0.360612,-0.071616,0.3713,0.359956,-0.071548,0.375736,0.361983,-0.09758,0.373709,0.361892,-0.097843,0.371681,0.361738,-0.097902,0.358068,0.361331,-0.005403,0.358034,0.363896,-0.122527,0.373023,0.387963,-0.058799,0.37332,0.38866,-0.094227,0.338328,0.463694,0.068829,0.305131,0.407798,-0.137472,0.306186,0.55526,0.109826,0.223345,0.392054,-0.211562,0.339034,0.640048,0.048457,0.153758,0.357231,-0.307143,0.346072,0.656373,0.047164,0.130565,0.346739,-0.337277,0.351352,0.656025,0.009042,0.128406,0.347133,-0.352621,0.347747,0.650012,0.030069,0.135749,0.352448,-0.318507,0.256631,0.615584,0.071729,0.241797,0.604598,-0.071831,0.207429,0.768988,0.070248,0.327318,0.74265,-0.080336,0.137259,0.928117,0.050811,0.351251,0.926448,-0.047494,0.120485,0.954703,0.042547,0.337984,0.954601,-0.047173,0.178026,0.953912,-0.03181,0.393142,0.954475,-0.110791
EH_Lat_2_3.9.26,111,302.83,366.16,0,302.83,366.16,0.9891,312.68,381.06,0.9924,0.386461,0.38218,-0.088001,0.380953,0.368133,-0.073864,0.379275,0.367486,-0.07412,0.377668,0.366827,-0.074068,0.380101,0.36867,-0.100625,0.377886,0.368374,-0.100927,0.375515,0.368089,-0.101019,0.364393,0.36734,-0.00771,0.361574,0.369191,-0.126308,0.379485,0.394071,-0.058962,0.378784,0.394538,-0.094842,0.343695,0.470612,0.057991,0.306333,0.412799,-0.143143,0.307273,0.559573,0.100279,0.229388,0.391912,-0.204752,0.339712,0.650421,0.043851,0.162856,0.352831,-0.288246,0.346313,0.668649,0.043558,0.140741,0.341103,-0.317658,0.351284,0.669164,0.004845,0.139568,0.339213,-0.334814,0.34783,0.66326,0.025618,0.145334,0.346058,-0.30072,0.26317,0.619213,0.069948,0.24173,0.606235,-0.070003,0.313553,0.753384,0.061324,0.22577,0.757296,-0.08149,0.326781,0.928193,0.038319,0.158061,0.926107,-0.073862,0.314079,0.95546,0.026515,0.139617,0.952988,-0.076748,0.372174,0.959114,-0.045528,0.190143,0.953578,-0.162928
EH_Lat_2_3.9.26,112,320.46,362.91,0,320.46,362.91,0.989,335.84,376.58,0.9926,0.395018,0.389956,-0.105736,0.389543,0.375274,-0.089343,0.388067,0.374388,-0.08953,0.386574,0.37372,-0.089469,0.388632,0.375951,-0.117304,0.386492,0.375559,-0.117536,0.384238,0.375202,-0.117597,0.372181,0.37509,-0.016171,0.369117,0.377806,-0.140781,0.388946,0.402316,-0.075675,0.388078,0.403303,-0.11345,0.345923,0.474333,0.048027,0.314439,0.420189,-0.143823,0.312128,0.557965,0.091323,0.23767,0.391962,-0.191511,0.342357,0.646253,0.033977,0.174915,0.348685,-0.23735,0.347707,0.665059,0.03278,0.153957,0.331182,-0.262489,0.352617,0.663856,-0.005113,0.153478,0.331004,-0.28234,0.349963,0.657576,0.015987,0.158814,0.33938,-0.249862,0.268207,0.621774,0.069781,0.242961,0.609075,-0.069814,0.334668,0.742689,0.056616,0.206243,0.767586,-0.100773,0.348399,0.92812,0.021727,0.13677,0.926044,-0.087061,0.333935,0.955474,0.008882,0.118007,0.953159,-0.088888,0.388865,0.960733,-0.068808,0.170865,0.95202,-0.178205
EH_Lat_2_3.9.26,113,344.91,366.95,0,344.91,366.95,0.986,353.48,373.22,0.9932,0.393132,0.395161,-0.103715,0.388259,0.380349,-0.089808,0.386577,0.379128,-0.090005,0.384861,0.377928,-0.089945,0.388648,0.38248,-0.117008,0.387258,0.382842,-0.117243,0.385859,0.38322,-0.117295,0.372353,0.378892,-0.02787,0.374234,0.387544,-0.146417,0.386315,0.407543,-0.076127,0.386514,0.409624,-0.113191,0.343477,0.467214,0.041248,0.336247,0.432838,-0.147704,0.316255,0.562007,0.061771,0.243221,0.392315,-0.192937,0.345188,0.647491,-0.023041,0.184105,0.345577,-0.252854,0.35195,0.663957,-0.030074,0.166812,0.329094,-0.281438,0.35807,0.664213,-0.066661,0.165501,0.328372,-0.301428,0.354627,0.65843,-0.041559,0.171422,0.337203,-0.265548,0.26499,0.62154,0.069957,0.252405,0.612657,-0.070024,0.220865,0.761464,0.064982,0.326393,0.747596,-0.056281,0.152205,0.927703,0.032314,0.335383,0.926956,-0.004071,0.132363,0.955057,0.021489,0.320644,0.953931,-0.001562,0.192954,0.959965,-0.055928,0.356261,0.950191,-0.056564
EH_Lat_2_3.9.26,114,367.1,370.57,0,367.1,370.57,0.9872,383.09,380.69,0.9938,0.398895,0.401533,-0.109465,0.393468,0.386265,-0.096873,0.391815,0.385111,-0.097094,0.390276,0.383942,-0.097018,0.393431,0.388174,-0.1232,0.391649,0.388622,-0.123435,0.389913,0.388935,-0.123482,0.378324,0.384982,-0.040413,0.37794,0.392212,-0.15514,0.39318,0.412956,-0.084151,0.393019,0.414478,-0.11967,0.345815,0.464014,0.034724,0.336467,0.447542,-0.155707,0.321663,0.561881,0.062499,0.254545,0.395775,-0.201577,0.349716,0.653401,-0.012,0.199524,0.352486,-0.257509,0.352752,0.668782,-0.016406,0.179591,0.333708,-0.285143,0.358782,0.669366,-0.05366,0.182325,0.33832,-0.29874,0.355877,0.666505,-0.030237,0.205264,0.361056,-0.26683,0.264887,0.621399,0.069844,0.258045,0.61578,-0.069926,0.206424,0.767405,0.071864,0.345541,0.739623,-0.044781,0.148487,0.928454,0.047472,0.350135,0.926791,0.010792,0.132406,0.954027,0.038992,0.336319,0.954369,0.014113,0.182277,0.957405,-0.02641,0.363916,0.948901,-0.029396
EH_Lat_2_3.9.26,115,381.93,369.8,0,381.93,369.8,0.9891,448.73,426.31,0.9943,0.399261,0.411202,-0.056868,0.395579,0.395204,-0.050268,0.393818,0.393415,-0.050485,0.392386,0.391865,-0.050416,0.396411,0.398016,-0.072329,0.395431,0.398575,-0.072588,0.394211,0.399795,-0.07264,0.381696,0.391984,-0.018931,0.385272,0.40304,-0.115586,0.392635,0.422625,-0.040221,0.39322,0.425236,-0.070081,0.344347,0.461226,0.044753,0.349667,0.46903,-0.128411,0.321678,0.561555,0.06916,0.270223,0.458535,-0.166962,0.349948,0.652594,-0.004506,0.233716,0.394729,-0.205958,0.352757,0.67113,-0.009118,0.22478,0.33491,-0.227701,0.359082,0.671191,-0.043144,0.228146,0.348865,-0.237424,0.356218,0.669352,-0.021421,0.231688,0.366453,-0.212574,0.263261,0.621275,0.066438,0.266505,0.62063,-0.066589,0.204419,0.771366,0.069952,0.354892,0.735586,-0.039416,0.138608,0.926271,0.050756,0.355831,0.927904,-0.008375,0.117605,0.952135,0.044109,0.342322,0.956153,-0.006593,0.177909,0.955977,-0.010199,0.391317,0.954335,-0.043123
EH_Lat_2_3.9.26,116,404.67,373.96,0,404.67,373.96,0.9892,411.76,384.62,0.9946,0.408157,0.417209,-0.159987,0.402871,0.402175,-0.149441,0.401422,0.400386,-0.149595,0.400207,0.39858,-0.149517,0.402345,0.405518,-0.172954,0.400734,0.406286,-0.173163,0.399169,0.407203,-0.173229,0.389614,0.39898,-0.089251,0.389111,0.410679,-0.194301,0.403197,0.4284,-0.133732,0.402712,0.43019,-0.165845,0.358053,0.466927,-0.016033,0.345854,0.463687,-0.190521,0.336189,0.558191,0.034078,0.268916,0.436347,-0.224959,0.354068,0.652003,0.000452,0.214457,0.356129,-0.249046,0.355949,0.6662,-0.001476,0.199379,0.325883,-0.267033,0.361762,0.668437,-0.036495,0.198482,0.328815,-0.284342,0.360614,0.666844,-0.016165,0.20466,0.339543,-0.260379,0.275113,0.622891,0.063409,0.265078,0.620719,-0.063503,0.340032,0.756476,0.035635,0.267816,0.762252,-0.055728,0.331443,0.925951,0.005378,0.156936,0.924187,-0.020185,0.317367,0.952219,-0.004194,0.137282,0.950142,-0.018622,0.342504,0.955837,-0.071257,0.196622,0.95263,-0.048921
EH_Lat_2_3.9.26,117,419.42,380.44,0,419.42,380.44,0.9882,428.97,382.75,0.9949,0.414844,0.423537,-0.151137,0.408117,0.40981,-0.138961,0.406616,0.40799,-0.139175,0.405353,0.406186,-0.138962,0.407771,0.412663,-0.162461,0.406157,0.413092,-0.162697,0.404689,0.413539,-0.162791,0.395726,0.406363,-0.084893,0.39504,0.41655,-0.187133,0.409923,0.43426,-0.126086,0.409256,0.435452,-0.157542,0.363277,0.471735,0.005376,0.352606,0.469739,-0.179518,0.345831,0.557482,0.045911,0.283744,0.433795,-0.230402,0.365183,0.650427,0.011475,0.22342,0.354396,-0.29529,0.367322,0.654371,0.010513,0.20614,0.32821,-0.324542,0.37204,0.651543,-0.021265,0.203349,0.328133,-0.33272,0.371471,0.656814,-0.003952,0.210909,0.337941,-0.303508,0.27494,0.62255,0.065115,0.272138,0.623204,-0.065252,0.228237,0.761943,0.057787,0.350617,0.747448,-0.044321,0.15637,0.921693,0.033918,0.335883,0.924483,-0.001778,0.136188,0.94626,0.026302,0.321141,0.950544,0.000422,0.194656,0.954972,-0.03974,0.371033,0.958489,-0.04493
EH_Lat_2_3.9.26,118,430.55,388.25,0,430.55,388.25,0.9852,446.69,387.09,0.995,0.424703,0.429123,-0.140921,0.415832,0.414743,-0.1284,0.414158,0.413033,-0.12864,0.412763,0.411429,-0.128379,0.415724,0.417616,-0.150893,0.414089,0.418012,-0.151176,0.4125,0.418311,-0.151276,0.402971,0.414151,-0.081171,0.402565,0.423297,-0.175077,0.420027,0.440976,-0.117535,0.419703,0.442062,-0.146972,0.371898,0.481149,0.018079,0.364553,0.478707,-0.168913,0.352358,0.560168,0.058228,0.293231,0.434739,-0.22804,0.368694,0.651158,0.024848,0.232654,0.358413,-0.29466,0.370978,0.656053,0.02474,0.212467,0.334893,-0.324305,0.37604,0.654248,-0.008406,0.208937,0.333937,-0.330878,0.375584,0.658411,0.00893,0.216787,0.342892,-0.301961,0.278637,0.623067,0.066822,0.280128,0.625434,-0.066978,0.217249,0.769187,0.065677,0.367311,0.744961,-0.045404,0.139379,0.919647,0.03735,0.354577,0.924943,-0.00084,0.117298,0.944363,0.029353,0.341152,0.951064,0.001711,0.180445,0.954991,-0.038437,0.389003,0.961985,-0.04234
EH_Lat_2_3.9.26,119,442.13,389.82,0,442.13,389.82,0.9837,494.51,397.11,0.9936,0.429137,0.432535,-0.064991,0.421307,0.418802,-0.053916,0.420036,0.417644,-0.054116,0.418965,0.416526,-0.053983,0.421041,0.42152,-0.076937,0.419617,0.422286,-0.07724,0.418305,0.42301,-0.07734,0.409971,0.420548,-0.005438,0.409788,0.429291,-0.105823,0.42491,0.445782,-0.042171,0.424313,0.44694,-0.073186,0.372808,0.480987,0.073663,0.376338,0.486079,-0.124266,0.351991,0.565466,0.097581,0.305348,0.448461,-0.197916,0.372634,0.648911,0.040287,0.257555,0.367697,-0.272633,0.376072,0.651938,0.038198,0.239876,0.341386,-0.302078,0.382145,0.649754,0.008179,0.233114,0.346585,-0.306909,0.38191,0.656722,0.025284,0.240834,0.354346,-0.278608,0.279834,0.623683,0.067332,0.291312,0.630039,-0.067509,0.219443,0.775806,0.062987,0.377183,0.744317,-0.048592,0.14011,0.917677,0.031778,0.358235,0.925181,-0.014531,0.116581,0.941098,0.023843,0.341492,0.952121,-0.013089,0.175562,0.954999,-0.040958,0.397439,0.965869,-0.057871
EH_Lat_2_3.9.26,120,459.39,395.41,0,459.39,395.41,0.9913,478.3,399.71,0.9927,0.434737,0.430465,-0.037094,0.42757,0.417264,-0.023941,0.426476,0.416638,-0.024119,0.42536,0.416235,-0.023982,0.427388,0.419825,-0.049196,0.426063,0.421089,-0.049495,0.424924,0.422138,-0.049618,0.416406,0.422813,0.03555,0.416524,0.430325,-0.077772,0.431154,0.445212,-0.010872,0.431076,0.446779,-0.045324,0.37844,0.482139,0.121633,0.384619,0.487995,-0.110153,0.345829,0.563314,0.180378,0.308438,0.446695,-0.193373,0.324029,0.586502,0.155575,0.249117,0.3701,-0.273616,0.314458,0.585232,0.160117,0.232098,0.346612,-0.303508,0.318492,0.583395,0.129164,0.228793,0.347746,-0.309679,0.323425,0.587306,0.142027,0.235114,0.357259,-0.279273,0.284556,0.624507,0.077971,0.296183,0.631828,-0.078139,0.226663,0.782048,0.07945,0.383033,0.744486,-0.070346,0.144766,0.91345,0.070773,0.357256,0.926838,-0.072042,0.120278,0.93573,0.065677,0.339111,0.953663,-0.072184,0.178636,0.954893,0.007646,0.397544,0.969698,-0.108524
EH_Lat_2_3.9.26,121,467.33,401.6,0,467.33,401.6,0.9936,480.42,400.74,0.9923,0.443881,0.428755,-0.074095,0.4358,0.416403,-0.063777,0.434766,0.416118,-0.063904,0.433788,0.415917,-0.06372,0.434884,0.418871,-0.086328,0.43325,0.420271,-0.086618,0.43179,0.421427,-0.086794,0.423875,0.424304,-0.010485,0.421356,0.431409,-0.113003,0.441056,0.443687,-0.051005,0.440451,0.445653,-0.081694,0.3974,0.492397,0.100908,0.384727,0.48765,-0.149048,0.365428,0.564205,0.14105,0.311644,0.444654,-0.223714,0.353814,0.603364,0.103963,0.250217,0.371055,-0.297833,0.347019,0.59903,0.10817,0.234337,0.350541,-0.330554,0.351693,0.596648,0.073763,0.23103,0.350074,-0.336691,0.35575,0.604717,0.088402,0.237038,0.359353,-0.304366,0.302342,0.627515,0.078733,0.296818,0.630947,-0.07885,0.275772,0.78758,0.073817,0.350783,0.760057,-0.070773,0.157927,0.913742,0.037861,0.285564,0.921978,-0.039924,0.129798,0.936033,0.027115,0.263774,0.938375,-0.036517,0.188077,0.954742,-0.058725,0.301185,0.969383,-0.091569
EH_Lat_2_3.9.26,122,471.72,406.82,0,471.72,406.82,0.9933,491.61,401.53,0.992,0.449592,0.426818,-0.088954,0.441306,0.41572,-0.078875,0.440155,0.415825,-0.079035,0.439039,0.415893,-0.078857,0.440227,0.418036,-0.102969,0.438413,0.419675,-0.103267,0.436293,0.421546,-0.10343,0.429199,0.424434,-0.022039,0.426339,0.431366,-0.130458,0.447344,0.443347,-0.06379,0.446362,0.445274,-0.096259,0.401828,0.492731,0.097268,0.392773,0.488942,-0.157615,0.36078,0.562531,0.119527,0.317345,0.446689,-0.223291,0.331789,0.591473,0.057409,0.256049,0.371784,-0.295679,0.319269,0.591897,0.052064,0.238292,0.35501,-0.327957,0.323063,0.590418,0.020824,0.234685,0.354224,-0.335462,0.328553,0.592946,0.04337,0.241993,0.362774,-0.302966,0.307779,0.628073,0.080055,0.304764,0.630578,-0.080166,0.271226,0.791175,0.070619,0.390647,0.759976,-0.077711,0.156703,0.902474,0.037572,0.348387,0.925662,-0.040823,0.133059,0.912006,0.027266,0.327554,0.941551,-0.03659,0.182198,0.954327,-0.054438,0.377721,0.971101,-0.089509
EH_Lat_2_3.9.26,123,490.06,423.08,0,490.06,423.08,0.9937,493.5,407.91,0.9927,0.458828,0.431577,-0.135954,0.450724,0.420164,-0.123351,0.449643,0.420115,-0.12357,0.448613,0.420062,-0.123452,0.449242,0.422508,-0.149398,0.44708,0.42396,-0.149686,0.444407,0.425868,-0.149821,0.438613,0.427506,-0.056744,0.433853,0.434064,-0.173843,0.456379,0.447795,-0.107237,0.455232,0.450459,-0.14235,0.415979,0.497777,0.064017,0.399191,0.488816,-0.19549,0.379256,0.565391,0.131144,0.319802,0.448203,-0.275422,0.370232,0.622423,0.132906,0.257033,0.377697,-0.368488,0.364381,0.625209,0.143111,0.239536,0.357399,-0.404884,0.367609,0.619559,0.105638,0.235786,0.356153,-0.414031,0.370575,0.624347,0.117401,0.242908,0.366318,-0.376389,0.318239,0.63172,0.085242,0.310739,0.630382,-0.08537,0.269999,0.794408,0.068019,0.398825,0.759539,-0.109472,0.164613,0.889074,0.02676,0.359198,0.927621,-0.074504,0.141438,0.890692,0.016101,0.338059,0.941831,-0.071696,0.177195,0.954511,-0.063602,0.393608,0.975393,-0.122074
EH_Lat_2_3.9.26,124,487.16,431.51,0,487.16,431.51,0.9909,506.36,423.94,0.9931,0.463517,0.430886,-0.137135,0.456362,0.419748,-0.12429,0.455411,0.419494,-0.124504,0.454499,0.419286,-0.124396,0.454864,0.422494,-0.151399,0.45296,0.424033,-0.151687,0.45111,0.425546,-0.151805,0.444491,0.425976,-0.05653,0.441322,0.434008,-0.178227,0.461222,0.447186,-0.107796,0.459591,0.449978,-0.144314,0.415373,0.493505,0.060965,0.40797,0.491639,-0.199968,0.384929,0.564548,0.130941,0.323771,0.451065,-0.270197,0.366139,0.61198,0.11679,0.263728,0.392539,-0.348949,0.36361,0.616617,0.122418,0.245271,0.368247,-0.383477,0.367435,0.611993,0.087512,0.242503,0.370249,-0.39269,0.368635,0.614471,0.101681,0.250167,0.383043,-0.356156,0.320014,0.631032,0.087752,0.320129,0.63148,-0.087898,0.28097,0.79619,0.069156,0.408449,0.760399,-0.104357,0.174349,0.875971,0.027267,0.363536,0.929047,-0.069083,0.151188,0.870812,0.016716,0.340988,0.942866,-0.066408,0.181967,0.95441,-0.056296,0.398114,0.980793,-0.118703
EH_Lat_2_3.9.26,125,504.68,448.75,0,504.68,448.75,0.9856,514.85,445.29,0.9935,0.471908,0.428237,-0.131049,0.464335,0.417047,-0.118602,0.463405,0.416822,-0.118812,0.462583,0.416625,-0.11872,0.463067,0.419233,-0.144363,0.461334,0.420385,-0.144654,0.458923,0.422027,-0.144785,0.453089,0.423844,-0.055034,0.448433,0.430692,-0.169988,0.469873,0.443563,-0.103648,0.468905,0.445899,-0.138256,0.42977,0.490487,0.052697,0.415481,0.491569,-0.192261,0.393572,0.563326,0.127579,0.329092,0.455472,-0.255747,0.382743,0.61464,0.122124,0.268152,0.412307,-0.332007,0.379612,0.618125,0.130595,0.247973,0.39832,-0.365442,0.383983,0.613603,0.095504,0.245182,0.401581,-0.376369,0.385593,0.617119,0.107235,0.253927,0.410421,-0.340596,0.33423,0.63209,0.086054,0.326828,0.633034,-0.086187,0.296856,0.796704,0.069155,0.414486,0.762817,-0.103521,0.181554,0.863634,0.018466,0.361217,0.931346,-0.044084,0.153754,0.848697,0.007905,0.341155,0.943828,-0.037836,0.180909,0.947719,-0.063398,0.397231,0.984011,-0.073411
EH_Lat_2_3.9.26,126,506.72,462.81,0,506.72,462.81,0.992,530.02,469.82,0.9935,0.47771,0.425141,-0.083491,0.470457,0.413747,-0.070502,0.469589,0.413607,-0.070688,0.468781,0.413495,-0.070613,0.469717,0.415642,-0.095538,0.468449,0.416649,-0.095848,0.466522,0.418225,-0.095998,0.459468,0.421683,-0.011206,0.456562,0.427291,-0.123301,0.475918,0.440645,-0.058704,0.475455,0.442519,-0.092304,0.435459,0.487851,0.086225,0.422867,0.489937,-0.165237,0.403325,0.562259,0.187934,0.337911,0.467484,-0.248858,0.405202,0.61773,0.216247,0.276053,0.43502,-0.335583,0.404919,0.620247,0.231624,0.254626,0.423799,-0.369654,0.409374,0.616157,0.196824,0.253811,0.428632,-0.376793,0.410085,0.62085,0.202148,0.261552,0.43498,-0.342602,0.338683,0.632833,0.085682,0.333429,0.634313,-0.085818,0.314036,0.799373,0.062039,0.419698,0.766564,-0.099212,0.205589,0.855167,0.000139,0.363289,0.93342,-0.046044,0.182011,0.835508,-0.009839,0.343613,0.945702,-0.038543,0.187455,0.938613,-0.077743,0.39602,0.987566,-0.080214
EH_Lat_2_3.9.26,127,531.39,486.01,0,531.39,486.01,0.991,539.88,492.5,0.9937,0.482503,0.424865,-0.087959,0.476132,0.411435,-0.075921,0.475271,0.411082,-0.076111,0.474529,0.410815,-0.076036,0.475284,0.413402,-0.100971,0.473906,0.414259,-0.101271,0.472411,0.415704,-0.10141,0.46567,0.41821,-0.012169,0.46247,0.423631,-0.126579,0.481016,0.438844,-0.063317,0.480683,0.441536,-0.097114,0.446838,0.485959,0.077797,0.427204,0.486569,-0.177023,0.411807,0.559472,0.209843,0.342002,0.475581,-0.27489,0.422481,0.611518,0.300103,0.281185,0.456014,-0.372565,0.422306,0.622373,0.325995,0.262944,0.447867,-0.407434,0.427527,0.618703,0.288472,0.262639,0.453529,-0.413013,0.427387,0.621963,0.286626,0.268263,0.460481,-0.378993,0.350588,0.633779,0.087293,0.342888,0.635661,-0.087408,0.333537,0.800812,0.072201,0.425924,0.774045,-0.10736,0.229417,0.849048,0.029624,0.364166,0.933963,-0.060286,0.20805,0.827664,0.022815,0.343959,0.945859,-0.053482,0.195226,0.928811,-0.031245,0.394424,0.988219,-0.082686
EH_Lat_2_3.9.26,128,550.92,512.56,0,550.92,512.56,0.9931,550.43,520.84,0.9942,0.488833,0.423784,-0.109448,0.482299,0.409773,-0.097946,0.481475,0.409215,-0.09811,0.480825,0.408834,-0.09804,0.481477,0.412097,-0.124208,0.479921,0.412768,-0.124527,0.478409,0.414166,-0.124704,0.472192,0.415928,-0.035784,0.468281,0.421115,-0.154949,0.487563,0.437482,-0.084143,0.487077,0.440652,-0.119377,0.454041,0.484543,0.069827,0.433898,0.484551,-0.205389,0.415576,0.555653,0.179811,0.349697,0.48498,-0.29344,0.413976,0.596791,0.233954,0.286681,0.482262,-0.37838,0.4128,0.604349,0.251709,0.265377,0.480537,-0.41488,0.416926,0.602955,0.215563,0.265365,0.48742,-0.421091,0.41803,0.603852,0.220019,0.272186,0.489867,-0.384191,0.361828,0.634424,0.08875,0.351931,0.635459,-0.088845,0.357303,0.799309,0.070954,0.430077,0.77811,-0.121837,0.254648,0.840878,0.035445,0.366223,0.935494,-0.068868,0.235135,0.817986,0.029431,0.345142,0.946352,-0.062039,0.214336,0.913781,-0.02212,0.394003,0.989108,-0.086903
EH_Lat_2_3.9.26,129,569.47,543.28,0,569.47,543.28,0.9937,561.22,547.41,0.9946,0.496795,0.419214,-0.131067,0.489818,0.407147,-0.11978,0.488722,0.407389,-0.119952,0.487793,0.407619,-0.119895,0.489008,0.408827,-0.146692,0.487347,0.40997,-0.146994,0.4857,0.41154,-0.147145,0.478236,0.41541,-0.058983,0.47531,0.420493,-0.181013,0.494377,0.435454,-0.105719,0.493873,0.437765,-0.14191,0.459834,0.483893,0.052448,0.440456,0.483021,-0.230237,0.428412,0.552843,0.185041,0.357777,0.496324,-0.317755,0.437164,0.595773,0.273368,0.2923,0.506859,-0.395798,0.440772,0.609499,0.297994,0.272137,0.513225,-0.431257,0.44467,0.607835,0.26015,0.272445,0.522243,-0.43765,0.444305,0.607758,0.259609,0.278959,0.520405,-0.401609,0.3713,0.634201,0.092067,0.361778,0.635056,-0.092157,0.381791,0.798251,0.076953,0.43499,0.784271,-0.120262,0.27937,0.836311,0.055173,0.367068,0.935402,-0.071129,0.260733,0.817133,0.050635,0.343703,0.946835,-0.064997,0.247178,0.909013,0.007013,0.395082,0.990544,-0.087663
EH_Lat_2_3.9.26,130,610.62,564.99,0,610.62,564.99,0.9944,596.04,570.33,0.9949,0.50302,0.416337,-0.131607,0.496599,0.404524,-0.12109,0.495456,0.405024,-0.121261,0.494456,0.405439,-0.121209,0.495546,0.405747,-0.147552,0.493573,0.407065,-0.147837,0.49161,0.408633,-0.147968,0.484388,0.412317,-0.063327,0.480363,0.417697,-0.182756,0.499688,0.432733,-0.106777,0.498575,0.434618,-0.142335,0.463645,0.478515,0.047169,0.450135,0.481782,-0.228591,0.429776,0.548414,0.193309,0.37468,0.510077,-0.309287,0.434156,0.584893,0.29429,0.31044,0.528082,-0.378561,0.433787,0.603093,0.319332,0.290526,0.542201,-0.412067,0.437216,0.602248,0.284049,0.289718,0.548549,-0.41882,0.437571,0.602413,0.282036,0.296946,0.545078,-0.384234,0.381418,0.633604,0.092141,0.371512,0.634523,-0.092226,0.40444,0.797511,0.075236,0.437187,0.787392,-0.118578,0.303127,0.833077,0.053747,0.367676,0.935311,-0.089533,0.282614,0.816411,0.049328,0.344073,0.945933,-0.08607,0.2856,0.906488,0.009596,0.393607,0.989839,-0.116895
EH_Lat_2_3.9.26,131,632.46,596.95,0,632.46,596.95,0.9925,624.57,601.43,0.9952,0.508669,0.410161,-0.126205,0.501877,0.399764,-0.115145,0.500432,0.400603,-0.115226,0.499159,0.401284,-0.115162,0.501332,0.400744,-0.143647,0.499439,0.402333,-0.143868,0.497583,0.404005,-0.143934,0.489138,0.407868,-0.051228,0.486712,0.41346,-0.179792,0.504866,0.427138,-0.099176,0.50435,0.428565,-0.136737,0.465424,0.470909,0.059976,0.459377,0.480437,-0.212922,0.423262,0.542511,0.131117,0.387359,0.519044,-0.288651,0.416157,0.58779,0.095155,0.325297,0.556878,-0.348209,0.415559,0.602537,0.092137,0.306907,0.570608,-0.389624,0.41975,0.602013,0.063858,0.308017,0.578756,-0.392192,0.419844,0.600297,0.081782,0.31403,0.574703,-0.350537,0.389126,0.632556,0.092907,0.384688,0.634121,-0.092972,0.421143,0.796951,0.080507,0.443135,0.788646,-0.124994,0.324977,0.834478,0.092011,0.369588,0.934802,-0.105329,0.303395,0.823786,0.090239,0.346753,0.945285,-0.103312,0.321833,0.907529,0.055548,0.394972,0.99033,-0.143088
EH_Lat_2_3.9.26,132,657.69,635.59,0,657.69,635.59,0.9958,654.97,628.11,0.9953,0.514328,0.406146,-0.117472,0.508313,0.395347,-0.104585,0.506944,0.395983,-0.104658,0.505632,0.396478,-0.104599,0.507746,0.396108,-0.137261,0.50602,0.397363,-0.137428,0.504195,0.398727,-0.137433,0.495027,0.401937,-0.034887,0.493323,0.406383,-0.173777,0.510019,0.422547,-0.088266,0.50916,0.423833,-0.131082,0.467187,0.461204,0.070985,0.466213,0.480357,-0.218,0.419193,0.538368,0.113698,0.398782,0.529547,-0.301499,0.409236,0.591365,0.061688,0.341132,0.581586,-0.357336,0.410373,0.603155,0.056096,0.326273,0.604687,-0.399741,0.412142,0.602143,0.028338,0.328421,0.611254,-0.402542,0.416209,0.602742,0.048054,0.334378,0.603035,-0.360399,0.398823,0.631366,0.098706,0.390567,0.633908,-0.098741,0.434993,0.778147,0.119946,0.446785,0.791695,-0.123394,0.350902,0.837492,0.139931,0.368443,0.934679,-0.113354,0.327728,0.832752,0.137954,0.346773,0.943111,-0.112947,0.35586,0.911754,0.107951,0.394686,0.991005,-0.157544
EH_Lat_2_3.9.26,133,701.35,663.35,0,701.35,663.35,0.9965,698.88,663.39,0.9955,0.519909,0.400002,-0.116016,0.514046,0.387657,-0.103471,0.51252,0.388142,-0.103533,0.511016,0.388492,-0.103474,0.513398,0.388062,-0.136321,0.511498,0.388941,-0.136532,0.5096,0.389728,-0.136578,0.500259,0.393718,-0.034587,0.499054,0.3957,-0.169236,0.515106,0.415515,-0.08689,0.514041,0.416534,-0.130294,0.473219,0.458356,0.068503,0.478557,0.476811,-0.223837,0.423555,0.533981,0.094965,0.414048,0.541181,-0.304245,0.404714,0.602644,0.046943,0.363997,0.614252,-0.353903,0.406381,0.617583,0.042411,0.34955,0.636824,-0.395176,0.408317,0.604135,0.015069,0.353821,0.646557,-0.397436,0.415954,0.612765,0.03388,0.359409,0.638181,-0.357175,0.410149,0.631235,0.098926,0.398694,0.635945,-0.098942,0.462576,0.771597,0.143298,0.454058,0.798054,-0.121724,0.379431,0.843487,0.21336,0.370916,0.932819,-0.099331,0.359103,0.841203,0.217147,0.346549,0.939569,-0.097342,0.380933,0.914814,0.202004,0.39465,0.990917,-0.140497
EH_Lat_2_3.9.26,134,748.32,689.44,0,748.32,689.44,0.9951,750.96,698.13,0.9948,0.524611,0.393952,-0.112734,0.518702,0.380206,-0.100757,0.517188,0.380401,-0.100834,0.515623,0.380558,-0.100776,0.518296,0.380679,-0.13472,0.516445,0.381391,-0.134876,0.514526,0.381947,-0.134895,0.504645,0.385777,-0.034411,0.503843,0.387344,-0.167802,0.519845,0.408878,-0.084582,0.518756,0.409279,-0.129398,0.479442,0.454359,0.066834,0.485608,0.470929,-0.229882,0.429977,0.534805,0.097178,0.427859,0.5508,-0.301686,0.405922,0.615757,0.053503,0.391126,0.646418,-0.336333,0.403148,0.639021,0.051469,0.381966,0.671996,-0.378076,0.405888,0.632278,0.023704,0.388679,0.67622,-0.371433,0.410125,0.630666,0.040678,0.391658,0.667527,-0.335094,0.425229,0.631804,0.100767,0.412575,0.636749,-0.10075,0.485668,0.753012,0.153188,0.45741,0.801579,-0.124095,0.410057,0.848023,0.212674,0.373105,0.930921,-0.112774,0.395655,0.844821,0.214728,0.3488,0.936392,-0.112131,0.425234,0.916212,0.193145,0.397918,0.990274,-0.158973
EH_Lat_2_3.9.26,135,810.26,708.31,0,810.26,708.31,0.9881,797.28,717.66,0.9662,0.531026,0.387632,-0.047277,0.524911,0.373715,-0.035785,0.523204,0.373832,-0.035912,0.521576,0.373961,-0.035892,0.525078,0.373954,-0.065293,0.523532,0.374345,-0.065516,0.52202,0.374604,-0.06561,0.510469,0.379759,0.017399,0.510881,0.380566,-0.114448,0.524904,0.403712,-0.024269,0.524798,0.403461,-0.064304,0.481503,0.449849,0.104166,0.49353,0.462973,-0.201381,0.446654,0.535952,0.207527,0.446773,0.557795,-0.292722,0.452138,0.593341,0.276109,0.415249,0.664497,-0.316946,0.457971,0.601726,0.296324,0.4093,0.689856,-0.350834,0.458912,0.599846,0.270416,0.41156,0.691933,-0.344664,0.457761,0.598028,0.267258,0.413816,0.682472,-0.3162,0.429294,0.631627,0.099398,0.419451,0.636525,-0.099404,0.503227,0.725859,0.12201,0.45847,0.800216,-0.141841,0.442745,0.84961,0.140314,0.374926,0.928975,-0.181571,0.426412,0.853799,0.13802,0.350031,0.93504,-0.186136,0.461717,0.916818,0.10203,0.395591,0.99022,-0.244706
EH_Lat_2_3.9.26,136,878.89,717.57,0,878.89,717.57,0.9786,872.21,705.41,0.9537,0.533834,0.381442,-0.014473,0.527794,0.366988,-0.001011,0.526319,0.366783,-0.001139,0.524987,0.366683,-0.00108,0.528373,0.367403,-0.030854,0.527305,0.36751,-0.031064,0.526237,0.367563,-0.031156,0.515614,0.372285,0.054198,0.51745,0.372829,-0.080719,0.528368,0.396905,0.008969,0.528761,0.396318,-0.031463,0.488784,0.442316,0.141944,0.501162,0.454859,-0.179186,0.454099,0.536551,0.189132,0.47154,0.559173,-0.268935,0.447804,0.605165,0.213423,0.454276,0.65316,-0.268421,0.443575,0.634808,0.213521,0.449386,0.673661,-0.301323,0.446455,0.624924,0.207722,0.451236,0.676125,-0.293094,0.449034,0.625593,0.209461,0.452216,0.67055,-0.266071,0.438183,0.629577,0.102831,0.4291,0.635497,-0.102869,0.520694,0.708358,0.11268,0.460227,0.798695,-0.140479,0.472932,0.85135,0.126795,0.378027,0.927336,-0.164459,0.455313,0.874167,0.12366,0.354203,0.931834,-0.1679,0.501337,0.913304,0.088098,0.394211,0.989895,-0.22452
EH_Lat_2_3.9.26,137,936.62,753.94,0,936.62,753.94,0.9949,929.35,746.72,0.9181,0.540481,0.376033,-0.021261,0.53379,0.362143,-0.006523,0.532192,0.362118,-0.006642,0.530738,0.362146,-0.006591,0.534222,0.362752,-0.037734,0.532944,0.363106,-0.03792,0.53171,0.363347,-0.038004,0.520186,0.36801,0.053235,0.52194,0.369358,-0.08826,0.534004,0.394277,0.003431,0.534272,0.393564,-0.038827,0.4938,0.441032,0.147221,0.506828,0.451599,-0.180916,0.467624,0.565833,0.175761,0.488509,0.579957,-0.256166,0.469527,0.672913,0.127301,0.484034,0.691412,-0.22838,0.470982,0.697343,0.128752,0.487598,0.714384,-0.25999,0.47515,0.700236,0.104397,0.489233,0.7181,-0.249574,0.474449,0.6955,0.115462,0.487841,0.707765,-0.225025,0.44661,0.628836,0.109287,0.438916,0.635421,-0.109307,0.53249,0.691354,0.139424,0.464962,0.803842,-0.161692,0.504828,0.852377,0.158993,0.378883,0.925447,-0.164581,0.489505,0.878831,0.155894,0.355447,0.930052,-0.165357,0.541885,0.902888,0.114806,0.394781,0.9902,-0.222555
EH_Lat_2_3.9.26,138,1005.51,744.02,0,1005.51,744.02,0.9927,996.82,722.48,0.8716,0.543478,0.365799,-0.018286,0.536765,0.352031,-0.004259,0.535124,0.352168,-0.004365,0.53362,0.352374,-0.004306,0.537644,0.352935,-0.03585,0.536671,0.353617,-0.036044,0.535774,0.354162,-0.03613,0.523482,0.359023,0.056097,0.527508,0.360921,-0.087136,0.538574,0.383833,0.007287,0.53897,0.38377,-0.035564,0.498843,0.436284,0.155001,0.513873,0.447172,-0.178018,0.477457,0.564674,0.177979,0.512073,0.568895,-0.233625,0.486366,0.658054,0.107795,0.519176,0.668961,-0.188786,0.487649,0.677469,0.108277,0.524269,0.697883,-0.218562,0.491908,0.677505,0.080599,0.530863,0.697821,-0.207579,0.492799,0.67331,0.09442,0.527963,0.68654,-0.18486,0.452622,0.625416,0.110536,0.44968,0.634602,-0.110525,0.543805,0.676954,0.137949,0.470629,0.811471,-0.16844,0.539583,0.853293,0.165376,0.381435,0.923179,-0.151493,0.52707,0.886128,0.162989,0.35764,0.924794,-0.150235,0.583363,0.884757,0.120442,0.393814,0.989923,-0.20556
EH_Lat_2_3.9.26,139,1075.0,737.0,0,1064.18,703.34,0.9897,1068.11,707.05,0.8258,0.551375,0.363206,0.037069,0.545448,0.348923,0.050596,0.543955,0.348722,0.050498,0.542537,0.348527,0.050567,0.545902,0.349712,0.019149,0.544716,0.350017,0.018966,0.543593,0.350151,0.01891,0.531988,0.354577,0.104851,0.534157,0.356497,-0.037183,0.546685,0.379741,0.06042,0.546911,0.379958,0.017831,0.506066,0.431773,0.193727,0.524776,0.441752,-0.137138,0.495155,0.562843,0.18659,0.53602,0.558711,-0.157841,0.512911,0.648285,0.079989,0.556305,0.654677,-0.059691,0.516304,0.66686,0.076574,0.561292,0.678676,-0.07943,0.519747,0.665736,0.050922,0.561463,0.675263,-0.067818,0.519917,0.661472,0.066401,0.560559,0.668826,-0.054173,0.464438,0.623986,0.111713,0.46091,0.63442,-0.111712,0.561691,0.672852,0.138248,0.475734,0.816884,-0.175569,0.573196,0.850389,0.157709,0.384065,0.921805,-0.164478,0.563902,0.885274,0.15445,0.360978,0.921206,-0.163204,0.620709,0.857944,0.116991,0.393553,0.98975,-0.211364
EH_Lat_2_3.9.26,140,1139.0,706.0,0,1148.12,701.86,0.9866,1133.2,700.34,0.7986,0.559721,0.362912,0.059256,0.554482,0.345914,0.072256,0.55284,0.345421,0.072142,0.551331,0.345021,0.072229,0.555265,0.346439,0.041443,0.554085,0.346303,0.041245,0.553012,0.346053,0.041165,0.541104,0.349795,0.123376,0.543178,0.351132,-0.016441,0.553485,0.377184,0.081853,0.554264,0.377619,0.039796,0.510561,0.426373,0.204523,0.534044,0.434947,-0.118437,0.484284,0.539416,0.201838,0.561068,0.552518,-0.151677,0.47726,0.615202,0.100677,0.590208,0.648464,-0.073685,0.47263,0.651576,0.099976,0.601072,0.676397,-0.097485,0.476972,0.647437,0.075567,0.604789,0.675829,-0.08067,0.480346,0.639613,0.088519,0.598342,0.665394,-0.066126,0.476861,0.621561,0.111,0.470585,0.633872,-0.111017,0.575155,0.664831,0.139713,0.482059,0.816838,-0.191227,0.60388,0.837608,0.153223,0.387302,0.920659,-0.18124,0.597632,0.88489,0.149223,0.365983,0.916473,-0.179792,0.650191,0.831005,0.10791,0.393209,0.98948,-0.233462
EH_Lat_2_3.9.26,141,1207.0,688.0,0,1216.6,693.56,0.9806,1195.28,686.54,0.7989,0.566357,0.357008,0.026428,0.560101,0.340341,0.037135,0.55867,0.339984,0.037012,0.557462,0.33967,0.03712,0.560762,0.340544,0.00874,0.559659,0.340321,0.008534,0.558707,0.339892,0.008443,0.549443,0.344445,0.084576,0.54993,0.344747,-0.044787,0.561299,0.370768,0.048025,0.56169,0.371432,0.009072,0.521752,0.418214,0.169038,0.54503,0.430453,-0.139263,0.493769,0.526044,0.184023,0.582151,0.547074,-0.175441,0.479813,0.608521,0.04758,0.622543,0.635688,-0.111602,0.471851,0.648986,0.04245,0.635156,0.663963,-0.140444,0.475886,0.645488,0.020234,0.640419,0.659646,-0.12494,0.480846,0.637643,0.036655,0.635516,0.651851,-0.10489,0.490487,0.620986,0.109138,0.481556,0.633749,-0.109141,0.587376,0.66087,0.151699,0.484791,0.815779,-0.207846,0.629306,0.820841,0.185023,0.388646,0.918064,-0.184613,0.627145,0.876034,0.182486,0.368264,0.91297,-0.182692,0.67522,0.799732,0.133806,0.394635,0.988124,-0.250601
EH_Lat_2_3.9.26,142,1256.0,644.0,0,1259.52,645.16,0.9752,1253.85,658.68,0.817,0.573743,0.349603,-0.011971,0.568266,0.333367,-0.00155,0.566979,0.333092,-0.001686,0.565908,0.332869,-0.001612,0.568516,0.333373,-0.030133,0.567266,0.333216,-0.030363,0.566132,0.332957,-0.030467,0.55667,0.337392,0.054228,0.556279,0.338544,-0.050695,0.569357,0.364553,0.010895,0.569377,0.364844,-0.028278,0.535127,0.407519,0.14319,0.552923,0.421998,-0.166773,0.547576,0.355293,0.201526,0.602787,0.542677,-0.204657,0.557836,0.272163,0.218648,0.653048,0.609888,-0.175726,0.553607,0.250797,0.225268,0.666351,0.63293,-0.207989,0.557632,0.240555,0.210854,0.670536,0.628308,-0.195805,0.562954,0.251714,0.213349,0.665293,0.622125,-0.170688,0.506465,0.62045,0.10706,0.493187,0.633659,-0.107078,0.600213,0.661226,0.162553,0.482977,0.813574,-0.192061,0.649791,0.807005,0.23063,0.393407,0.918061,-0.170819,0.65018,0.857827,0.232606,0.3728,0.911753,-0.168573,0.695471,0.779848,0.187579,0.394061,0.988202,-0.245069
EH_Lat_2_3.9.26,143,1296.0,593.0,0,1303.58,583.86,0.9774,1302.49,627.73,0.8088,0.580459,0.346701,0.025893,0.574982,0.330864,0.036798,0.573662,0.330506,0.036666,0.57255,0.330284,0.036743,0.575568,0.330777,0.007903,0.574552,0.330406,0.007666,0.573706,0.329976,0.007549,0.564524,0.33258,0.085463,0.565336,0.33276,-0.042647,0.575794,0.360588,0.047487,0.576193,0.360577,0.007677,0.545738,0.410334,0.176582,0.561654,0.409163,-0.148957,0.599233,0.435811,0.197365,0.620775,0.516829,-0.190506,0.660096,0.445816,0.12954,0.678379,0.581234,-0.137631,0.671863,0.449237,0.13079,0.69141,0.614799,-0.168545,0.681719,0.445184,0.104557,0.696236,0.593683,-0.152294,0.674995,0.451621,0.116206,0.691014,0.581279,-0.131957,0.520649,0.617917,0.106544,0.5048,0.630148,-0.106571,0.616059,0.655914,0.212315,0.48314,0.810479,-0.183857,0.667736,0.796008,0.295607,0.396307,0.917965,-0.16206,0.666588,0.839616,0.298728,0.377554,0.911167,-0.160488,0.713907,0.771478,0.255836,0.394593,0.988624,-0.238772
EH_Lat_2_3.9.26,144,1327.0,532.0,0,1336.0,521.39,0.9881,1307.96,563.9,0.8074,0.589417,0.349536,0.020539,0.585024,0.332572,0.031211,0.584084,0.331661,0.031064,0.583361,0.330941,0.031142,0.584349,0.332694,0.001845,0.582897,0.332034,0.001616,0.581591,0.331407,0.001513,0.575255,0.332456,0.08045,0.572346,0.333359,-0.052678,0.585086,0.362523,0.042911,0.584398,0.362799,0.002383,0.553158,0.409084,0.166536,0.569639,0.403483,-0.146713,0.59856,0.460574,0.194496,0.628852,0.476381,-0.196927,0.654015,0.491358,0.118397,0.681231,0.522128,-0.14999,0.663222,0.498829,0.118195,0.694541,0.545923,-0.179648,0.666619,0.496251,0.092239,0.698744,0.529574,-0.165199,0.664234,0.495889,0.105032,0.691705,0.521903,-0.145336,0.537071,0.615322,0.105952,0.516413,0.627553,-0.105969,0.632101,0.651062,0.203239,0.484414,0.807716,-0.195643,0.680854,0.787177,0.296207,0.399294,0.917599,-0.195392,0.67861,0.82283,0.300062,0.380023,0.909602,-0.196442,0.725192,0.771944,0.257387,0.394583,0.988981,-0.287127
EH_Lat_2_3.9.26,145,1340.0,466.0,0,1348.85,458.84,0.978,1337.06,497.48,0.7967,0.597986,0.345046,0.058151,0.59304,0.328217,0.069992,0.591717,0.327185,0.069856,0.590596,0.326337,0.069939,0.592794,0.328391,0.040995,0.591284,0.327492,0.040762,0.589922,0.326512,0.040668,0.581894,0.327754,0.118007,0.580564,0.327661,-0.014842,0.593646,0.357841,0.079433,0.59337,0.358029,0.039282,0.563267,0.409821,0.191876,0.578459,0.395409,-0.116255,0.610304,0.460509,0.200034,0.63819,0.436752,-0.162599,0.662366,0.496098,0.103442,0.696385,0.460629,-0.101597,0.672745,0.50987,0.102151,0.710553,0.470785,-0.129084,0.67591,0.506828,0.076405,0.71121,0.465163,-0.113255,0.672533,0.503806,0.08989,0.704007,0.462466,-0.096379,0.551383,0.612655,0.10523,0.530727,0.624633,-0.105248,0.646661,0.650916,0.196808,0.487941,0.797655,-0.188566,0.694376,0.78238,0.275231,0.40574,0.915469,-0.190094,0.691598,0.816092,0.277859,0.38572,0.90644,-0.191858,0.737495,0.776182,0.226247,0.395325,0.988897,-0.288372
EH_Lat_2_3.9.26,146,1346.0,401.0,0,1350.66,410.6,0.9744,1311.39,516.93,0.8022,0.607328,0.342738,0.054828,0.601816,0.326415,0.065697,0.60077,0.325578,0.065539,0.599835,0.324876,0.065614,0.601207,0.326335,0.036736,0.599804,0.325512,0.036525,0.598475,0.324596,0.036445,0.590966,0.326973,0.112126,0.589412,0.3271,-0.020632,0.602882,0.356447,0.075765,0.602259,0.356246,0.035605,0.575109,0.404055,0.1816,0.580182,0.391598,-0.117056,0.620705,0.454493,0.202554,0.639052,0.435978,-0.185397,0.671458,0.48742,0.111147,0.683014,0.478637,-0.158632,0.678242,0.500114,0.112546,0.690247,0.49855,-0.187543,0.683185,0.501059,0.085307,0.690802,0.495273,-0.176241,0.678087,0.497283,0.097817,0.68836,0.487955,-0.155599,0.567958,0.611487,0.102242,0.544763,0.621476,-0.102331,0.661516,0.651829,0.184645,0.489661,0.781143,-0.192062,0.708695,0.782262,0.260404,0.409888,0.910428,-0.195913,0.705222,0.814433,0.262383,0.393192,0.901866,-0.19819,0.753326,0.782047,0.208637,0.399122,0.988703,-0.297966
EH_Lat_2_3.9.26,147,1360.0,338.0,0,1359.09,335.22,0.9764,1378.04,362.85,0.797,0.617132,0.338822,0.075417,0.611622,0.32387,0.087514,0.610329,0.323216,0.087351,0.609212,0.32265,0.087504,0.611109,0.323916,0.058235,0.609557,0.323382,0.057989,0.608144,0.322747,0.057895,0.600528,0.325517,0.138916,0.599038,0.326118,0.004256,0.612224,0.352225,0.098207,0.611635,0.352363,0.057564,0.581427,0.396259,0.200035,0.586973,0.38929,-0.089184,0.575979,0.468378,0.251285,0.647175,0.36182,-0.160353,0.591816,0.515065,0.227708,0.71773,0.335972,-0.100209,0.594669,0.544224,0.238508,0.735488,0.332614,-0.122645,0.598653,0.550377,0.217153,0.7383,0.325462,-0.098972,0.598334,0.541748,0.21879,0.731092,0.326841,-0.091363,0.581917,0.611791,0.095746,0.561466,0.618659,-0.095942,0.674553,0.659757,0.169147,0.494578,0.770149,-0.181554,0.717225,0.786828,0.236593,0.419461,0.902634,-0.188725,0.712608,0.816882,0.239106,0.40131,0.897591,-0.18977,0.762552,0.79496,0.183198,0.401358,0.985433,-0.258413
EH_Lat_2_3.9.26,148,1362.68,275.33,0,1362.68,275.33,0.9693,1365.34,276.76,0.8157,0.623398,0.328953,0.042715,0.618296,0.316524,0.056279,0.616891,0.316254,0.05609,0.615537,0.315997,0.056209,0.618379,0.317119,0.02503,0.617195,0.317311,0.024793,0.616087,0.31739,0.024696,0.607127,0.321077,0.116245,0.606777,0.322914,-0.027735,0.619035,0.343419,0.068472,0.618994,0.343518,0.025298,0.600183,0.390064,0.186886,0.59275,0.380009,-0.113788,0.596243,0.47667,0.227386,0.658119,0.311564,-0.218894,0.603842,0.53892,0.21641,0.711113,0.25626,-0.156421,0.608855,0.569975,0.236511,0.728247,0.254015,-0.19773,0.611459,0.567569,0.212471,0.727944,0.243859,-0.108691,0.610384,0.560628,0.211565,0.721698,0.245466,-0.124305,0.605649,0.612295,0.094025,0.577424,0.618176,-0.094231,0.687632,0.669516,0.166745,0.504257,0.760867,-0.160471,0.72375,0.790881,0.24311,0.427377,0.894655,-0.126807,0.718974,0.818362,0.247691,0.419389,0.897396,-0.126737,0.762344,0.806751,0.186823,0.401982,0.957306,-0.243219
EH_Lat_2_3.9.26,149,1336.33,219.24,0,1336.33,219.24,0.9836,1345.5,217.73,0.8176,0.630821,0.321759,0.034291,0.625211,0.3112,0.054884,0.623927,0.31147,0.054473,0.622873,0.311848,0.054489,0.624604,0.31098,0.018936,0.623022,0.311588,0.018513,0.62162,0.311975,0.018238,0.615272,0.318671,0.097284,0.612878,0.319253,-0.030202,0.627618,0.337225,0.068047,0.626796,0.336966,0.017024,0.62053,0.392867,0.163539,0.595432,0.375656,-0.116092,0.64497,0.400813,0.216188,0.64908,0.285095,-0.238731,0.669292,0.367966,0.222644,0.700781,0.201603,-0.213233,0.672735,0.358441,0.235236,0.717351,0.186057,-0.252365,0.673411,0.352985,0.211266,0.717376,0.179198,-0.200528,0.673662,0.354644,0.213136,0.710887,0.187596,-0.196815,0.6246,0.612628,0.084898,0.589489,0.616576,-0.085083,0.697767,0.674469,0.161346,0.517774,0.751916,-0.139464,0.733371,0.795902,0.274676,0.439191,0.880272,-0.11147,0.727845,0.819197,0.282394,0.432867,0.895685,-0.11127,0.769692,0.814967,0.227715,0.407628,0.916177,-0.217528
EH_Lat_2_3.9.26,150,1302.12,179.3,0,1302.12,179.3,0.9815,1297.34,191.25,0.8277,0.647447,0.329454,-0.012455,0.646158,0.317577,0.011518,0.646295,0.317644,0.011149,0.646428,0.317698,0.011245,0.642107,0.316967,-0.012827,0.639682,0.316992,-0.013231,0.637292,0.316824,-0.013416,0.638305,0.321265,0.085738,0.626846,0.321253,-0.038486,0.644454,0.343714,0.029231,0.640589,0.342453,-0.006068,0.64366,0.3997,0.147174,0.602221,0.374334,-0.089844,0.662413,0.435054,0.178812,0.641522,0.259598,-0.183684,0.679309,0.430478,0.120341,0.675696,0.177087,-0.177809,0.682361,0.434486,0.120517,0.689414,0.157037,-0.211673,0.68445,0.441269,0.094568,0.688694,0.154572,-0.184009,0.683099,0.444149,0.108845,0.683907,0.162036,-0.170241,0.640632,0.612973,0.064667,0.601211,0.615645,-0.064835,0.706171,0.687326,0.13636,0.532186,0.745736,-0.125933,0.743886,0.800046,0.272031,0.453486,0.870358,-0.116761,0.736299,0.821437,0.281933,0.447972,0.893618,-0.11817,0.773786,0.826163,0.22287,0.412853,0.870462,-0.222261
EH_Lat_2_3.9.26,151,1259.89,144.45,0,1259.89,144.45,0.9633,1247.72,170.08,0.843,0.666678,0.335555,-0.020496,0.66477,0.322318,0.005609,0.664843,0.322211,0.005262,0.664971,0.322093,0.00539,0.661713,0.321958,-0.016404,0.659478,0.321819,-0.016798,0.657184,0.321512,-0.016933,0.65722,0.325279,0.08468,0.645265,0.325315,-0.031141,0.664337,0.349532,0.022505,0.660451,0.348569,-0.008509,0.660476,0.403787,0.143341,0.615532,0.376221,-0.075581,0.678017,0.441543,0.13848,0.633118,0.260332,-0.170598,0.693445,0.456404,0.027727,0.649853,0.157485,-0.181702,0.699091,0.487831,0.020921,0.656812,0.133615,-0.215508,0.693096,0.4563,-0.007968,0.657575,0.131337,-0.19553,0.691806,0.463281,0.013526,0.655729,0.140268,-0.177286,0.653538,0.613229,0.060317,0.610961,0.615276,-0.06046,0.709479,0.700221,0.104191,0.545561,0.744303,-0.131229,0.751307,0.80151,0.239056,0.466983,0.860682,-0.122163,0.745334,0.824911,0.24557,0.459609,0.886271,-0.129433,0.779028,0.850923,0.186885,0.429001,0.853173,-0.246737
EH_Lat_2_3.9.26,152,1190.05,145.35,0,1190.05,145.35,0.9528,1291.71,355.57,0.7605,0.669867,0.338047,0.243916,0.667014,0.324781,0.228158,0.6656,0.324495,0.227963,0.663504,0.324203,0.228033,0.669198,0.325083,0.223451,0.669139,0.325094,0.223196,0.66916,0.324937,0.223119,0.656262,0.328003,0.160215,0.664313,0.328981,0.138763,0.663938,0.351307,0.226956,0.667655,0.351402,0.219561,0.627562,0.395274,0.13911,0.679552,0.381911,0.114044,0.628203,0.409751,0.192742,0.677121,0.417853,0.183787,0.651053,0.400567,0.338671,0.672766,0.32923,0.353488,0.655833,0.398282,0.364126,0.676405,0.273683,0.380233,0.657526,0.397445,0.358941,0.670403,0.258129,0.383385,0.65787,0.401189,0.340974,0.66603,0.279411,0.358536,0.629308,0.613492,0.010185,0.661969,0.615277,-0.010484,0.604699,0.728856,-0.012788,0.708252,0.7318,0.06771,0.506934,0.831633,-0.129916,0.749674,0.841794,0.101276,0.499843,0.859592,-0.141556,0.74759,0.866311,0.106298,0.468322,0.848501,-0.184399,0.776136,0.882692,0.105467
EH_Lat_2_3.9.26,153,1146.66,206.65,0,1146.66,206.65,0.9568,1202.8,214.21,0.7762,0.69276,0.338034,0.097364,0.687622,0.324955,0.114195,0.686614,0.324965,0.113921,0.685594,0.324937,0.114068,0.686039,0.325182,0.167637,0.683808,0.325524,0.167222,0.681453,0.325737,0.167359,0.677075,0.330471,0.155131,0.672147,0.331532,0.026971,0.688999,0.353212,0.11453,0.686831,0.353084,0.184757,0.696238,0.403044,0.101462,0.64796,0.383525,-0.004553,0.698278,0.477751,0.067619,0.629874,0.29836,-0.049405,0.695334,0.520812,-0.051958,0.626459,0.198341,-0.016606,0.697078,0.542564,-0.069361,0.63832,0.166913,-0.03091,0.693308,0.522153,-0.090569,0.633018,0.15978,-0.012858,0.693076,0.505541,-0.06342,0.626451,0.169894,-0.007777,0.678746,0.614056,0.029964,0.642862,0.612219,-0.03011,0.717705,0.739615,0.050581,0.593071,0.736672,-0.028398,0.750988,0.850004,0.08358,0.537429,0.848721,0.034779,0.745381,0.871613,0.106637,0.526941,0.870075,0.005379,0.768038,0.897571,-0.020288,0.539634,0.863826,-0.154469
EH_Lat_2_3.9.26,154,1107.46,236.4,0,1107.46,236.4,0.9751,1339.09,590.84,0.7003,0.689466,0.337763,0.28834,0.688527,0.325978,0.269587,0.685858,0.326221,0.269435,0.684445,0.326478,0.269425,0.691683,0.326465,0.272471,0.693037,0.327186,0.272231,0.693269,0.327613,0.272168,0.681353,0.332266,0.189211,0.692059,0.33306,0.185241,0.683224,0.351964,0.265219,0.690464,0.353895,0.267876,0.659793,0.389736,0.109358,0.711748,0.405399,0.137703,0.635015,0.323118,0.108325,0.704,0.488827,0.102168,0.624341,0.231804,0.103368,0.697442,0.547071,0.08689,0.600952,0.214232,0.080918,0.696598,0.562053,0.083175,0.607381,0.200128,0.112927,0.691316,0.555422,0.076914,0.61694,0.207261,0.116606,0.687547,0.549298,0.084018,0.658018,0.614089,0.008618,0.694174,0.612684,-0.008957,0.639204,0.741825,0.003075,0.729167,0.740967,0.045066,0.531631,0.851237,-0.061638,0.769962,0.854591,0.08207,0.520736,0.870641,-0.068495,0.766094,0.882015,0.085502,0.50497,0.88817,-0.122755,0.801048,0.868449,0.061285
EH_Lat_2_3.9.26,155,1074.98,304.21,0,1074.98,304.21,0.9685,1337.69,525.97,0.6308,0.714391,0.345628,0.296617,0.710133,0.332524,0.280232,0.708676,0.332249,0.280051,0.707312,0.331998,0.280032,0.714513,0.334714,0.280307,0.714976,0.335329,0.280134,0.71716,0.336587,0.280122,0.699838,0.334845,0.208152,0.712455,0.341038,0.210471,0.705759,0.356567,0.278131,0.712529,0.359626,0.277351,0.663978,0.391279,0.129249,0.729227,0.416728,0.197697,0.615679,0.34359,0.125798,0.710204,0.491183,0.286374,0.577149,0.273946,0.173814,0.696715,0.487005,0.426421,0.556237,0.258316,0.163177,0.700687,0.491088,0.451386,0.560627,0.248689,0.186761,0.69275,0.488144,0.445589,0.568727,0.255607,0.185082,0.687455,0.484669,0.42741,0.665818,0.615071,0.002564,0.707339,0.615237,-0.002959,0.635538,0.746258,-0.039778,0.740779,0.744256,0.091795,0.520908,0.851623,-0.124856,0.781835,0.860026,0.141964,0.504521,0.86834,-0.132985,0.775629,0.88813,0.148238,0.512496,0.903535,-0.18643,0.814147,0.871037,0.124224
EH_Lat_2_3.9.26,156,1078.0,414.0,0,1071.64,385.29,0.9177,1373.52,511.99,0.568,0.732444,0.358363,0.279706,0.729583,0.344166,0.262925,0.728432,0.343438,0.262747,0.726364,0.342442,0.262728,0.732117,0.347015,0.262799,0.73228,0.34778,0.262656,0.733896,0.349041,0.262652,0.718719,0.344026,0.192285,0.729845,0.352594,0.194329,0.726615,0.368172,0.261206,0.730844,0.370765,0.260418,0.679301,0.395051,0.127717,0.745499,0.431293,0.179686,0.614071,0.384217,0.092304,0.732075,0.501945,0.27137,0.557922,0.349478,0.114453,0.715375,0.47406,0.427338,0.538912,0.33875,0.097667,0.718613,0.468341,0.452998,0.541801,0.331581,0.150167,0.709885,0.462319,0.448058,0.548188,0.33715,0.136708,0.70496,0.462216,0.429026,0.673021,0.618314,0.003185,0.713809,0.621185,-0.003591,0.62426,0.755885,-0.056006,0.748351,0.746739,0.107182,0.529229,0.857388,-0.128633,0.784582,0.863369,0.168616,0.512672,0.870112,-0.135092,0.777482,0.892035,0.176395,0.52747,0.920152,-0.177567,0.816721,0.879942,0.164221
EH_Lat_2_3.9.26,157,1093.0,490.0,0,1086.18,492.11,0.9636,1136.22,500.74,0.6023,0.753679,0.362528,-0.081157,0.750695,0.349433,-0.069487,0.75033,0.349004,-0.06967,0.750003,0.348412,-0.069573,0.748969,0.350882,-0.086199,0.747372,0.351175,-0.086467,0.745898,0.351636,-0.086581,0.742761,0.35183,-0.002412,0.736984,0.355219,-0.077455,0.750372,0.374946,-0.053224,0.748903,0.375989,-0.076733,0.750032,0.428406,0.046055,0.702542,0.429634,-0.068343,0.738925,0.449849,0.047088,0.683547,0.480948,-0.092059,0.728344,0.425494,-0.014146,0.591782,0.463649,-0.147301,0.724133,0.409855,-0.024985,0.572215,0.461397,-0.165497,0.725385,0.393832,-0.036578,0.570557,0.458466,-0.184603,0.726701,0.397211,-0.020855,0.576852,0.459666,-0.157981,0.716548,0.626795,0.014571,0.685775,0.621886,-0.014617,0.749614,0.760549,0.009428,0.656696,0.75138,-0.040295,0.774031,0.877149,0.105112,0.633412,0.866655,-0.053753,0.764054,0.898948,0.106936,0.595988,0.88044,-0.058458,0.803009,0.933095,0.017681,0.628003,0.895335,-0.17145
EH_Lat_2_3.9.26,158,1151.0,597.0,0,1153.35,591.23,0.9757,1141.86,582.15,0.6418,0.76735,0.362657,-0.167891,0.763335,0.350652,-0.153394,0.762865,0.350319,-0.153549,0.76247,0.349805,-0.15348,0.761636,0.351749,-0.178613,0.759892,0.351946,-0.178874,0.758079,0.352258,-0.179013,0.753227,0.353909,-0.071303,0.7468,0.356498,-0.185726,0.764632,0.375354,-0.134043,0.763071,0.376071,-0.168559,0.754527,0.431919,0.015542,0.712437,0.429803,-0.190529,0.731753,0.494785,0.065307,0.664437,0.494031,-0.232175,0.716927,0.553863,0.027463,0.59472,0.539028,-0.288325,0.712623,0.566436,0.023496,0.578718,0.548133,-0.317657,0.715076,0.563192,-0.000735,0.576852,0.549729,-0.330295,0.71658,0.557547,0.01624,0.582637,0.548956,-0.295656,0.723297,0.627247,0.046554,0.688858,0.621867,-0.046552,0.762165,0.755564,-0.007236,0.644796,0.762261,-0.078998,0.784922,0.881757,0.080488,0.623453,0.870393,-0.064512,0.775446,0.905724,0.084134,0.56912,0.878397,-0.067028,0.815282,0.934848,-0.014086,0.606838,0.917328,-0.183525
EH_Lat_2_3.9.26,159,1237.71,675.2,0,1237.71,675.2,0.9727,1208.98,663.18,0.6771,0.780727,0.361631,-0.147887,0.775327,0.350525,-0.133429,0.774268,0.35017,-0.133596,0.773289,0.34969,-0.133529,0.774783,0.351511,-0.163691,0.773411,0.351646,-0.163931,0.772112,0.351924,-0.164058,0.763404,0.353611,-0.058151,0.762312,0.356368,-0.195434,0.777423,0.374731,-0.116633,0.776778,0.375109,-0.157735,0.761398,0.433834,0.032993,0.73026,0.431395,-0.228846,0.742452,0.517574,0.06621,0.685942,0.523556,-0.273403,0.740203,0.596583,-0.003825,0.629675,0.614054,-0.302675,0.738818,0.611604,-0.009696,0.612273,0.638697,-0.33507,0.739523,0.603592,-0.039388,0.612235,0.640055,-0.344154,0.741149,0.593337,-0.018402,0.62079,0.633411,-0.30807,0.728788,0.627334,0.073567,0.696345,0.62179,-0.073586,0.767093,0.754302,0.097126,0.65044,0.768346,-0.084783,0.786916,0.882989,0.188455,0.59642,0.870704,-0.057038,0.776809,0.906707,0.190732,0.565241,0.882603,-0.057947,0.816209,0.933167,0.117642,0.593694,0.933889,-0.150748
EH_Lat_2_3.9.26,160,1347.02,720.54,0,1347.02,720.54,0.9648,1320.02,710.18,0.7068,0.790837,0.357875,-0.207276,0.783552,0.346382,-0.195141,0.781903,0.346157,-0.195348,0.780383,0.345816,-0.195311,0.783767,0.347035,-0.223613,0.782364,0.347124,-0.223852,0.780939,0.347154,-0.224,0.77087,0.351338,-0.126939,0.770927,0.353105,-0.257287,0.78725,0.371504,-0.178471,0.787348,0.370873,-0.217499,0.76429,0.432429,-0.029015,0.740058,0.431928,-0.293128,0.739522,0.543777,0.020145,0.708039,0.544725,-0.337119,0.728966,0.651433,-0.022007,0.687512,0.65757,-0.357378,0.725965,0.6725,-0.024064,0.679694,0.690704,-0.395841,0.730222,0.666762,-0.056509,0.685291,0.693895,-0.398187,0.731463,0.658731,-0.035932,0.689832,0.682988,-0.360042,0.726883,0.626199,0.081751,0.698237,0.618668,-0.081711,0.762128,0.750613,0.166661,0.660792,0.768524,-0.124579,0.785026,0.88371,0.284626,0.596798,0.876237,-0.08714,0.775884,0.907642,0.290033,0.579944,0.885898,-0.08711,0.813126,0.930529,0.226085,0.590309,0.938315,-0.185618
EH_Lat_2_3.9.26,161,1453.9,708.18,0,1453.9,708.18,0.9338,1429.03,698.12,0.7044,0.795057,0.357842,-0.085032,0.787904,0.346252,-0.072803,0.786367,0.3461,-0.072977,0.785022,0.345776,-0.072924,0.787864,0.346761,-0.10096,0.786288,0.346874,-0.101179,0.784766,0.346904,-0.101285,0.776373,0.351257,-0.020249,0.775094,0.353026,-0.145312,0.790342,0.371472,-0.060785,0.78973,0.370928,-0.099272,0.754109,0.431312,-0.024661,0.754723,0.432319,-0.200904,0.741896,0.548819,0.08525,0.736073,0.5417,-0.256721,0.749836,0.65317,0.007963,0.744285,0.646406,-0.246754,0.756855,0.679044,-0.006468,0.743257,0.677055,-0.275615,0.757351,0.678654,-0.000492,0.746486,0.671656,-0.2661,0.755638,0.674193,0.013429,0.746615,0.667431,-0.243858,0.713614,0.62126,0.088516,0.709023,0.617548,-0.088523,0.739769,0.756282,0.144297,0.673545,0.768544,-0.102289,0.782014,0.882968,0.196269,0.611474,0.877901,-0.072213,0.772607,0.909815,0.195882,0.615086,0.8877,-0.071747,0.773808,0.933766,0.137943,0.627793,0.938138,-0.176659
EH_Lat_2_3.9.26,162,1553.58,689.69,0,1553.58,689.69,0.9838,1542.96,686.6,0.7316,0.800222,0.355716,-0.074728,0.792441,0.344263,-0.062091,0.790612,0.344021,-0.062265,0.789077,0.343684,-0.062209,0.793289,0.344574,-0.092262,0.79196,0.344456,-0.092481,0.790704,0.344186,-0.092593,0.780291,0.349958,-0.004411,0.781139,0.350805,-0.140939,0.794754,0.369243,-0.049219,0.795378,0.368601,-0.090441,0.75862,0.4309,-0.012046,0.765065,0.431416,-0.201141,0.753425,0.541287,0.108011,0.76805,0.54588,-0.235938,0.790053,0.64528,0.041078,0.803623,0.635739,-0.216638,0.797134,0.655227,0.035036,0.817531,0.653387,-0.250765,0.80476,0.648973,0.016718,0.820687,0.649726,-0.238838,0.800891,0.647071,0.03344,0.815741,0.646036,-0.213072,0.726211,0.61517,0.09019,0.70852,0.612758,-0.090163,0.766344,0.752725,0.14843,0.676308,0.767747,-0.122141,0.785548,0.883093,0.245932,0.623448,0.878855,-0.065356,0.775498,0.908791,0.250668,0.614272,0.888025,-0.064121,0.814351,0.933996,0.193879,0.618905,0.936134,-0.1509
EH_Lat_2_3.9.26,163,1637.3,624.64,0,1637.3,624.64,0.9928,1618.51,640.36,0.7492,0.80786,0.353577,-0.037003,0.800258,0.341273,-0.034364,0.798319,0.341196,-0.034556,0.796642,0.341136,-0.034523,0.800986,0.341437,-0.052079,0.799487,0.341403,-0.052302,0.798096,0.341226,-0.052397,0.786929,0.348227,0.037585,0.787748,0.348587,-0.095068,0.802449,0.36773,-0.024298,0.802889,0.367028,-0.049704,0.76435,0.430803,0.113796,0.77167,0.421166,-0.15502,0.777206,0.536377,0.158631,0.796663,0.529681,-0.203625,0.814748,0.616041,0.08185,0.842972,0.592925,-0.183559,0.822736,0.61837,0.08389,0.852926,0.60902,-0.216522,0.828242,0.61565,0.04935,0.856017,0.603986,-0.19919,0.82644,0.615424,0.066199,0.852501,0.599716,-0.178188,0.7304,0.608612,0.085215,0.711284,0.605884,-0.08523,0.769898,0.75047,0.121018,0.683511,0.764378,-0.116617,0.783203,0.884067,0.197851,0.633695,0.873566,-0.016252,0.773616,0.90758,0.20143,0.62625,0.882754,-0.010164,0.814149,0.931429,0.144256,0.618785,0.923086,-0.076234
EH_Lat_2_3.9.26,164,1673.61,565.08,0,1673.61,565.08,0.9849,1671.66,609.68,0.7731,0.807433,0.355518,0.076138,0.802521,0.34219,0.080174,0.800666,0.341992,0.08002,0.799023,0.341859,0.080063,0.8036,0.341968,0.054759,0.802604,0.341676,0.054535,0.801771,0.341307,0.054457,0.788887,0.348212,0.098235,0.792906,0.348157,-0.024173,0.800545,0.368755,0.085509,0.80219,0.367498,0.050871,0.756602,0.422049,0.14822,0.784575,0.409103,-0.13742,0.755195,0.527053,0.173016,0.822476,0.516784,-0.17351,0.770883,0.61948,0.107845,0.870656,0.56452,-0.158846,0.772417,0.633007,0.112083,0.883626,0.575121,-0.186424,0.778915,0.632063,0.085324,0.888742,0.571671,-0.171113,0.779807,0.626864,0.095711,0.883449,0.569657,-0.15328,0.713577,0.598971,0.082899,0.728041,0.601967,-0.082849,0.732292,0.74956,0.112939,0.759437,0.744283,-0.024767,0.674431,0.879256,0.12456,0.776087,0.874575,0.027514,0.655209,0.901395,0.123621,0.767352,0.892072,0.031959,0.651326,0.929968,0.091298,0.805541,0.924287,-0.000921
EH_Lat_2_3.9.26,165,1714.44,516.99,0,1714.44,516.99,0.9866,1720.1,550.09,0.7677,0.808538,0.357126,0.074717,0.804231,0.343019,0.080691,0.802551,0.342681,0.080504,0.801143,0.342463,0.080563,0.805034,0.342443,0.056236,0.804123,0.341907,0.056035,0.803431,0.34136,0.055948,0.791663,0.348177,0.106623,0.79495,0.347361,-0.006412,0.802183,0.369371,0.088665,0.803105,0.367824,0.055044,0.769219,0.415421,0.156788,0.787074,0.393718,-0.110317,0.757206,0.525365,0.158316,0.844928,0.483563,-0.169791,0.769518,0.641071,0.07268,0.895883,0.509341,-0.100384,0.771227,0.66069,0.070532,0.907725,0.517693,-0.128045,0.780176,0.656034,0.044958,0.910994,0.50915,-0.107566,0.778971,0.647041,0.060045,0.904486,0.509378,-0.093364,0.732844,0.598148,0.078912,0.718344,0.596404,-0.078929,0.760646,0.748699,0.126325,0.705805,0.744687,-0.041729,0.771255,0.879945,0.208449,0.670602,0.8495,0.069988,0.761753,0.903125,0.213497,0.661628,0.850777,0.080709,0.798106,0.928738,0.167144,0.67404,0.910621,0.032215
EH_Lat_2_3.9.26,166,1745.65,472.93,0,1745.65,472.93,0.9836,1738.22,491.39,0.7643,0.813122,0.357441,0.049379,0.809684,0.34319,0.055972,0.808235,0.342792,0.055791,0.806994,0.342524,0.055848,0.809875,0.342496,0.033009,0.808714,0.341916,0.032787,0.807753,0.341326,0.032695,0.798109,0.347274,0.089654,0.799096,0.34519,-0.019578,0.806889,0.369344,0.0652,0.806848,0.367792,0.03312,0.773338,0.412722,0.144534,0.786934,0.381027,-0.10997,0.764209,0.522869,0.148689,0.851486,0.441698,-0.171768,0.775551,0.630576,0.050952,0.905324,0.454991,-0.125517,0.779668,0.654605,0.046934,0.919533,0.462483,-0.156862,0.786232,0.659863,0.019405,0.9231,0.455383,-0.131561,0.784532,0.650479,0.037598,0.916647,0.45339,-0.117312,0.746327,0.596485,0.076808,0.720387,0.590251,-0.076851,0.767488,0.748259,0.123516,0.702029,0.744072,-0.047489,0.782474,0.880086,0.204309,0.6569,0.82949,0.08199,0.772992,0.904058,0.208378,0.647671,0.825576,0.093876,0.813952,0.929613,0.151987,0.650883,0.900167,0.041311
EH_Lat_2_3.9.26,167,1754.43,431.83,0,1754.43,431.83,0.9844,1763.22,443.65,0.7823,0.813512,0.354624,0.043421,0.80981,0.340146,0.048134,0.808535,0.339607,0.047976,0.807498,0.339192,0.047969,0.809711,0.339057,0.027462,0.808567,0.33806,0.027258,0.807675,0.336958,0.027195,0.798921,0.341739,0.080895,0.799322,0.338479,-0.026767,0.808234,0.365339,0.055342,0.80755,0.363334,0.024671,0.781251,0.40139,0.143772,0.788501,0.371965,-0.109839,0.763478,0.520453,0.159971,0.861094,0.411875,-0.17201,0.767784,0.60606,0.076508,0.918344,0.410786,-0.136903,0.767688,0.620065,0.073703,0.933974,0.418202,-0.168533,0.772411,0.619784,0.048566,0.936222,0.413515,-0.144749,0.773549,0.616666,0.064594,0.931709,0.410341,-0.128931,0.755453,0.593683,0.075145,0.725653,0.585551,-0.075207,0.771743,0.746178,0.100832,0.706935,0.741309,-0.045642,0.783571,0.8797,0.181676,0.659446,0.81099,0.109602,0.774168,0.904931,0.184597,0.648322,0.806406,0.124129,0.814653,0.92894,0.127508,0.65332,0.888747,0.074022
EH_Lat_2_3.9.26,168,1763.97,411.99,0,1763.97,411.99,0.9806,1752.05,416.46,0.7935,0.815959,0.34964,0.037867,0.812592,0.334902,0.047429,0.811387,0.334383,0.047241,0.810452,0.333977,0.047307,0.812188,0.33337,0.023817,0.810805,0.332024,0.023601,0.809736,0.330556,0.023506,0.80193,0.335785,0.097489,0.800963,0.331295,-0.016959,0.810564,0.359577,0.057391,0.809568,0.357394,0.023953,0.786475,0.400325,0.159185,0.786274,0.363273,-0.102892,0.77651,0.516113,0.177835,0.852266,0.380192,-0.166808,0.783564,0.619606,0.106998,0.912528,0.385609,-0.14023,0.786162,0.637944,0.106918,0.932546,0.389025,-0.172411,0.789856,0.638465,0.08023,0.93617,0.386279,-0.148687,0.791869,0.630036,0.094728,0.924579,0.382268,-0.132672,0.761875,0.592283,0.07402,0.730967,0.582391,-0.074092,0.778506,0.745846,0.097251,0.712443,0.741236,-0.051362,0.783635,0.87852,0.199446,0.66497,0.795712,0.134655,0.774949,0.903056,0.206833,0.654737,0.784989,0.153816,0.814603,0.92935,0.146286,0.661035,0.870761,0.107794
EH_Lat_2_3.9.26,169,1768.76,392.57,0,1768.76,392.57,0.9788,1761.63,393.21,0.8074,0.81967,0.342876,0.03343,0.815958,0.328227,0.042154,0.814638,0.327717,0.041964,0.81362,0.327284,0.042036,0.815539,0.326456,0.018667,0.814143,0.32496,0.018447,0.812932,0.323232,0.01835,0.805081,0.329055,0.092276,0.803975,0.323683,-0.018875,0.814079,0.353366,0.052621,0.813017,0.35078,0.019607,0.791429,0.39759,0.152772,0.788454,0.358463,-0.100567,0.778336,0.512783,0.179536,0.856836,0.369869,-0.161749,0.782042,0.608059,0.123209,0.917514,0.364084,-0.13575,0.783631,0.625782,0.123513,0.93782,0.371707,-0.166301,0.789137,0.624368,0.098403,0.94118,0.367386,-0.146076,0.789627,0.615947,0.111984,0.933647,0.363436,-0.129594,0.770586,0.590245,0.073443,0.737884,0.578627,-0.07348,0.780848,0.744559,0.097062,0.717877,0.739917,-0.03758,0.784825,0.8773,0.215059,0.669159,0.780791,0.174762,0.775603,0.901893,0.224203,0.658419,0.770086,0.195775,0.814803,0.929089,0.166591,0.667493,0.85616,0.155293
EH_Lat_2_3.9.26,170,1773.98,379.84,0,1773.98,379.84,0.9724,1778.4,377.7,0.8244,0.817639,0.336387,-0.004324,0.814712,0.322347,0.003405,0.813721,0.321902,0.003177,0.81292,0.321457,0.003285,0.814511,0.320709,-0.020562,0.813488,0.319305,-0.020798,0.812731,0.317706,-0.020903,0.804248,0.32201,0.051805,0.804819,0.317569,-0.05916,0.812599,0.346551,0.017698,0.812127,0.343957,-0.015503,0.7875,0.390623,0.128786,0.79251,0.353791,-0.124787,0.778648,0.510253,0.172855,0.861649,0.362568,-0.193191,0.786077,0.597998,0.109964,0.926251,0.349719,-0.183172,0.78789,0.612413,0.109114,0.946079,0.357129,-0.216964,0.795243,0.610252,0.086398,0.947935,0.349111,-0.194023,0.795848,0.603499,0.099541,0.941347,0.344675,-0.176177,0.774919,0.587727,0.071162,0.746842,0.577892,-0.071226,0.784595,0.744163,0.070349,0.727173,0.73844,0.010538,0.784831,0.876625,0.139415,0.675664,0.772464,0.210958,0.774179,0.901095,0.14319,0.661585,0.761775,0.230071,0.81134,0.928639,0.079244,0.677193,0.841746,0.195718
EH_Lat_2_3.9.26,171,1789.77,373.02,0,1789.77,373.02,0.9683,1784.89,381.66,0.8251,0.827064,0.328946,-0.001938,0.823635,0.315508,0.013079,0.822314,0.31537,0.012808,0.821102,0.315264,0.012898,0.822997,0.313232,-0.010754,0.821374,0.311697,-0.010946,0.819928,0.31,-0.011065,0.81156,0.317035,0.074433,0.809654,0.31124,-0.033558,0.821891,0.340755,0.026343,0.820857,0.337845,-0.006499,0.800169,0.39309,0.135974,0.791119,0.348871,-0.106898,0.79748,0.517631,0.165443,0.865137,0.357108,-0.177688,0.806053,0.620055,0.104034,0.929632,0.353385,-0.161255,0.814271,0.650875,0.102305,0.951557,0.360302,-0.189024,0.81637,0.651712,0.080446,0.952689,0.356263,-0.174311,0.812826,0.638771,0.093302,0.945275,0.353595,-0.157572,0.779334,0.586277,0.068499,0.752448,0.57661,-0.068574,0.792098,0.74412,0.069261,0.734054,0.737224,0.012999,0.785726,0.876017,0.157712,0.681433,0.76433,0.254781,0.774646,0.900065,0.16554,0.669602,0.75545,0.278632,0.810574,0.92749,0.095727,0.684424,0.832089,0.243383
EH_Lat_2_3.9.26,172,1793.74,371.39,0,1793.74,371.39,0.9783,1798.16,379.15,0.8419,0.829312,0.324965,-0.024107,0.824169,0.310682,-0.01117,0.822592,0.310346,-0.011395,0.821368,0.310216,-0.011309,0.823819,0.308944,-0.038074,0.822399,0.307687,-0.038279,0.821244,0.306356,-0.038368,0.812104,0.313461,0.048264,0.811882,0.309408,-0.075883,0.823418,0.336796,0.001917,0.822502,0.334557,-0.035185,0.793422,0.389155,0.119512,0.796029,0.3536,-0.137877,0.799637,0.514826,0.14796,0.870523,0.355095,-0.204702,0.819376,0.640127,0.085894,0.936544,0.351063,-0.195851,0.821912,0.654636,0.086847,0.955225,0.360028,-0.234601,0.826366,0.658517,0.052998,0.957179,0.356482,-0.207116,0.828312,0.651686,0.07135,0.951359,0.35381,-0.187549,0.766254,0.585576,0.070215,0.763229,0.579436,-0.070295,0.786573,0.744607,0.09778,0.748203,0.724225,-0.012044,0.785712,0.875663,0.178398,0.68849,0.760803,0.13707,0.775017,0.899647,0.184002,0.677627,0.760247,0.150493,0.789118,0.92641,0.119295,0.691996,0.83218,0.099029
EH_Lat_2_3.9.26,173,1801.2,380.29,0,1801.2,380.29,0.9799,1814.46,385.69,0.8558,0.833286,0.323303,-0.014799,0.829484,0.309076,-5.2e-05,0.828181,0.308972,-0.000311,0.826982,0.309137,-0.000244,0.828866,0.306752,-0.027809,0.827356,0.305234,-0.027981,0.826062,0.303604,-0.028044,0.817295,0.312171,0.05924,0.815883,0.306034,-0.066334,0.827302,0.335526,0.012589,0.826694,0.332692,-0.026256,0.794845,0.390167,0.126405,0.799133,0.348186,-0.131534,0.810902,0.517118,0.151765,0.877769,0.356518,-0.184875,0.826056,0.637638,0.095713,0.945032,0.35712,-0.16979,0.829254,0.66323,0.097791,0.963716,0.368446,-0.20121,0.834069,0.667124,0.064071,0.966607,0.363532,-0.186932,0.833331,0.658666,0.08171,0.960953,0.360531,-0.166125,0.767741,0.58501,0.070937,0.769158,0.580932,-0.07104,0.781261,0.744427,0.113176,0.769406,0.72011,-0.0233,0.781893,0.875424,0.189465,0.703628,0.764323,0.111138,0.770132,0.899376,0.194353,0.711457,0.787018,0.122913,0.779501,0.917032,0.134509,0.727746,0.850608,0.061359
EH_Lat_2_3.9.26,174,1802.35,391.11,0,1802.35,391.11,0.9763,1819.29,391.86,0.8691,0.837028,0.319954,-0.007662,0.833279,0.305583,0.004938,0.831892,0.30527,0.004712,0.830559,0.30509,0.004787,0.832767,0.30346,-0.021307,0.831182,0.301831,-0.021502,0.829734,0.300103,-0.021584,0.820137,0.307162,0.059647,0.818992,0.301318,-0.06089,0.830944,0.33166,0.017023,0.830506,0.329204,-0.019478,0.798473,0.389171,0.127264,0.803312,0.343855,-0.125035,0.818461,0.517975,0.150817,0.881443,0.357089,-0.188037,0.832766,0.639377,0.097092,0.947546,0.362837,-0.174425,0.835916,0.666862,0.09868,0.965492,0.375061,-0.209387,0.840472,0.670415,0.066511,0.968177,0.369665,-0.18629,0.839249,0.662079,0.083737,0.961562,0.366729,-0.16752,0.778026,0.581343,0.073186,0.774455,0.58022,-0.0733,0.788776,0.742091,0.115861,0.781308,0.725032,-0.035058,0.78632,0.875278,0.171638,0.708027,0.759967,0.10826,0.773289,0.89893,0.171156,0.698792,0.751999,0.113528,0.80808,0.921925,0.11656,0.707815,0.83682,0.056039
EH_Lat_2_3.9.26,175,1804.4,415.11,0,1804.4,415.11,0.9792,1822.62,402.09,0.8818,0.841731,0.317593,0.002015,0.837534,0.302471,0.01526,0.835969,0.302145,0.015023,0.834401,0.301863,0.015082,0.837272,0.3004,-0.011955,0.835692,0.298836,-0.012128,0.83416,0.297181,-0.012175,0.823663,0.304206,0.069771,0.822695,0.299067,-0.053841,0.835675,0.329567,0.026694,0.835265,0.327053,-0.011311,0.80154,0.388433,0.134701,0.80635,0.343098,-0.120755,0.823517,0.516417,0.153557,0.879914,0.359513,-0.184195,0.838732,0.635526,0.100338,0.94928,0.372303,-0.17432,0.840606,0.662937,0.101947,0.966407,0.386157,-0.210302,0.846555,0.667677,0.070313,0.969886,0.380936,-0.184346,0.845388,0.659823,0.087263,0.962832,0.377991,-0.166321,0.778629,0.581464,0.073913,0.782875,0.579443,-0.07403,0.787595,0.740331,0.111194,0.793489,0.727757,-0.061683,0.788194,0.875012,0.144234,0.716518,0.763521,0.009694,0.77486,0.898515,0.1424,0.703151,0.751823,0.016015,0.813916,0.928262,0.091441,0.713407,0.839696,-0.013671
EH_Lat_2_3.9.26,176,1806.02,423.69,0,1806.02,423.69,0.9839,1807.99,413.34,0.8927,0.844173,0.318831,0.047718,0.840713,0.303367,0.060983,0.839462,0.302858,0.06077,0.838302,0.302441,0.060807,0.840156,0.301677,0.035053,0.838654,0.300167,0.034875,0.837226,0.298564,0.034814,0.828122,0.304213,0.112697,0.826101,0.299783,-0.00591,0.838949,0.330486,0.070106,0.838303,0.328409,0.034139,0.803242,0.387211,0.171151,0.808856,0.342502,-0.091189,0.825869,0.515284,0.182168,0.878851,0.366069,-0.170151,0.842494,0.639317,0.118482,0.941661,0.382719,-0.173686,0.84633,0.658511,0.119292,0.958758,0.395987,-0.202789,0.851155,0.664743,0.091379,0.961533,0.391543,-0.179708,0.850037,0.654874,0.106361,0.954452,0.386862,-0.161786,0.785252,0.579249,0.075057,0.786898,0.578027,-0.075167,0.79588,0.737757,0.09458,0.798494,0.730001,-0.113326,0.78831,0.874959,0.111448,0.725052,0.76773,-0.021983,0.773936,0.898383,0.109311,0.711131,0.754036,-0.01185,0.816415,0.928951,0.058266,0.722594,0.847064,-0.034458
EH_Lat_2_3.9.26,177,1798.07,434.15,0,1798.07,434.15,0.99,1787.16,422.5,0.8831,0.848517,0.313919,0.046316,0.845423,0.298584,0.06243,0.844367,0.298373,0.062209,0.843311,0.29826,0.062227,0.844609,0.296619,0.036431,0.842983,0.295109,0.036255,0.841302,0.293529,0.036169,0.833188,0.300178,0.123259,0.829962,0.294851,0.00325,0.843126,0.325987,0.070532,0.842055,0.323852,0.034557,0.817003,0.388741,0.178988,0.807463,0.338428,-0.089714,0.831609,0.51484,0.20357,0.869024,0.370726,-0.194802,0.850254,0.63422,0.147865,0.930813,0.391205,-0.217134,0.853027,0.663057,0.146105,0.947631,0.403144,-0.252679,0.856699,0.665551,0.121356,0.951491,0.398542,-0.234527,0.854632,0.653342,0.136492,0.944402,0.394544,-0.211505,0.800437,0.575405,0.077344,0.786297,0.572633,-0.077431,0.805786,0.735043,0.074282,0.802311,0.731477,-0.158107,0.787338,0.874823,0.109907,0.735396,0.772803,-0.009904,0.774787,0.898254,0.109094,0.720337,0.758978,0.005368,0.816713,0.931983,0.046593,0.732556,0.852,-0.022853
EH_Lat_2_3.9.26,178,1797.42,459.87,0,1797.42,459.87,0.9726,1810.59,442.26,0.8924,0.852939,0.311074,0.019146,0.849479,0.29483,0.039003,0.848258,0.294652,0.038752,0.847032,0.294567,0.038738,0.848792,0.2933,0.01046,0.847073,0.292097,0.010297,0.845363,0.290824,0.010204,0.836587,0.296895,0.111748,0.833555,0.292806,-0.016291,0.847891,0.323817,0.047175,0.84735,0.322386,0.008178,0.823758,0.387723,0.162062,0.808351,0.340187,-0.117663,0.8357,0.514046,0.184559,0.876801,0.377881,-0.212122,0.857739,0.632165,0.141513,0.943014,0.409502,-0.218227,0.860183,0.665244,0.127893,0.955465,0.434324,-0.254998,0.862406,0.666042,0.098609,0.960227,0.434589,-0.239719,0.860907,0.653108,0.125523,0.953761,0.426143,-0.213714,0.804859,0.573135,0.079731,0.791387,0.571052,-0.079811,0.80815,0.733019,0.075296,0.810776,0.730833,-0.171284,0.788545,0.874622,0.13413,0.744934,0.779293,-0.02729,0.774537,0.898007,0.135388,0.731029,0.766668,-0.011662,0.815667,0.932956,0.087997,0.741692,0.856348,-0.033842
EH_Lat_2_3.9.26,179,1764.13,463.83,0,1764.13,463.83,0.9934,1788.68,459.21,0.9021,0.855995,0.310048,0.041052,0.853301,0.293034,0.057965,0.852021,0.292782,0.057735,0.850738,0.292578,0.057728,0.853076,0.291921,0.032013,0.851606,0.290927,0.031853,0.850119,0.289805,0.03177,0.840129,0.294509,0.118838,0.838158,0.291539,0.000239,0.849946,0.323572,0.065505,0.850095,0.322249,0.02952,0.826565,0.387398,0.167739,0.810643,0.338235,-0.095261,0.840003,0.515321,0.190917,0.868106,0.381792,-0.20737,0.863459,0.634636,0.142894,0.931602,0.425196,-0.256284,0.8659,0.668105,0.137164,0.945258,0.452225,-0.296897,0.867582,0.667079,0.111786,0.950143,0.453118,-0.281124,0.867422,0.655739,0.130849,0.94438,0.446972,-0.252608,0.809984,0.571524,0.078727,0.794639,0.56841,-0.078811,0.811925,0.732182,0.078803,0.817838,0.731004,-0.178898,0.789887,0.87448,0.137397,0.755518,0.78391,-0.065053,0.775244,0.898374,0.138796,0.740766,0.774847,-0.0526,0.816051,0.932814,0.088929,0.753467,0.86112,-0.080696
EH_Lat_2_3.9.26,180,1759.47,485.9,0,1759.47,485.9,0.9921,1763.52,475.34,0.9107,0.862087,0.311392,0.042348,0.859389,0.293517,0.057972,0.857857,0.293142,0.057747,0.856392,0.292853,0.057744,0.859195,0.292721,0.030762,0.85755,0.291872,0.030605,0.855952,0.29093,0.030526,0.844699,0.293695,0.11654,0.84355,0.291241,-0.007628,0.85486,0.324323,0.066464,0.854707,0.323142,0.028904,0.828032,0.38198,0.171601,0.814168,0.337664,-0.095389,0.841761,0.515465,0.195113,0.859034,0.385741,-0.216838,0.868294,0.632123,0.136875,0.918497,0.440129,-0.258556,0.872806,0.665595,0.131972,0.931527,0.46708,-0.296814,0.874108,0.664828,0.107565,0.935526,0.468827,-0.283306,0.871707,0.653259,0.1253,0.929811,0.462456,-0.255223,0.810369,0.571911,0.081255,0.798556,0.5692,-0.081328,0.810183,0.732038,0.115084,0.829451,0.731764,-0.163251,0.790274,0.874455,0.178397,0.765123,0.790193,-0.046426,0.777964,0.89835,0.179993,0.750869,0.776007,-0.033663,0.814934,0.93252,0.141443,0.766995,0.867354,-0.056266
EH_Lat_2_3.9.26,181,1742.3,505.9,0,1742.3,505.9,0.992,1754.02,509.22,0.9182,0.865895,0.312388,0.059665,0.86284,0.293558,0.072301,0.861161,0.293053,0.072095,0.859479,0.292629,0.07208,0.863053,0.292786,0.043217,0.861552,0.291913,0.043058,0.860037,0.291019,0.043002,0.847755,0.292217,0.121759,0.847903,0.290996,-0.009444,0.859265,0.323678,0.081252,0.859642,0.322601,0.04135,0.820569,0.369221,0.182003,0.820028,0.338607,-0.095564,0.842291,0.512444,0.199765,0.856832,0.403816,-0.206654,0.871822,0.629058,0.138403,0.913555,0.471498,-0.227079,0.875814,0.658863,0.136471,0.925491,0.497605,-0.261314,0.876371,0.658351,0.112228,0.9289,0.497653,-0.246481,0.875375,0.648882,0.126948,0.923716,0.491244,-0.222704,0.805939,0.572462,0.086398,0.804887,0.570097,-0.086504,0.808022,0.730727,0.147883,0.847111,0.731998,-0.150273,0.790158,0.884154,0.174584,0.779051,0.808139,-0.088164,0.783985,0.904491,0.174218,0.762307,0.798956,-0.081472,0.815096,0.931749,0.143429,0.782149,0.897463,-0.094236
EH_Lat_2_3.9.26,182,1714.63,519.63,0,1714.63,519.63,0.9938,1737.95,527.22,0.9246,0.870074,0.310176,0.049868,0.867331,0.291627,0.062954,0.865857,0.291152,0.062738,0.864201,0.290715,0.06278,0.867546,0.290991,0.039312,0.866252,0.290221,0.039129,0.864761,0.289445,0.038995,0.851688,0.290426,0.115214,0.85242,0.289843,-0.028351,0.863742,0.320888,0.07153,0.864043,0.319987,0.037538,0.822003,0.36331,0.171059,0.823835,0.33841,-0.113828,0.843613,0.512461,0.192194,0.851427,0.415394,-0.213146,0.877349,0.628181,0.130742,0.90518,0.488167,-0.232245,0.881281,0.656971,0.129138,0.917747,0.511732,-0.264389,0.883598,0.65691,0.104045,0.920818,0.511431,-0.252342,0.881441,0.647588,0.119035,0.9155,0.504167,-0.228619,0.807264,0.571041,0.090861,0.813573,0.570623,-0.090994,0.813126,0.72488,0.145561,0.857644,0.730311,-0.137455,0.792159,0.878107,0.174274,0.789313,0.827511,-0.114313,0.782681,0.903671,0.167893,0.772261,0.829402,-0.112775,0.816008,0.931167,0.132723,0.80177,0.90669,-0.1363
EH_Lat_2_3.9.26,183,1687.65,535.4,0,1687.65,535.4,0.9906,1714.08,547.51,0.9307,0.87574,0.30614,0.089198,0.872181,0.28798,0.09977,0.87087,0.287589,0.099622,0.869469,0.287262,0.099644,0.872246,0.287401,0.072095,0.871037,0.286696,0.071884,0.869723,0.285872,0.071841,0.857453,0.287351,0.14405,0.858129,0.286767,0.012304,0.87012,0.317933,0.110032,0.870259,0.317156,0.072031,0.821848,0.352807,0.200675,0.830936,0.336229,-0.076674,0.826096,0.489378,0.195171,0.84775,0.418068,-0.181583,0.850294,0.580176,0.128979,0.892751,0.506958,-0.213248,0.853281,0.603339,0.119967,0.897518,0.538023,-0.246551,0.857097,0.593525,0.100162,0.902974,0.537265,-0.231492,0.854162,0.588533,0.116982,0.900351,0.527956,-0.209043,0.809493,0.568834,0.089541,0.821501,0.569433,-0.089678,0.816619,0.723456,0.108265,0.859326,0.726772,-0.145339,0.795445,0.877635,0.039743,0.800392,0.851029,-0.215424,0.782321,0.903073,0.029149,0.783645,0.86796,-0.224253,0.823236,0.930719,0.000124,0.82503,0.927283,-0.269373
EH_Lat_2_3.9.26,184,1657.75,562.59,0,1657.75,562.59,0.9932,1674.23,563.52,0.9371,0.877989,0.303817,0.02577,0.87446,0.285871,0.035868,0.873079,0.285576,0.035693,0.87168,0.285386,0.035715,0.874443,0.2852,0.00643,0.873156,0.284522,0.00621,0.871908,0.283795,0.006192,0.859572,0.287011,0.086959,0.859748,0.285755,-0.047213,0.872224,0.316215,0.049593,0.872263,0.31526,0.009502,0.830905,0.353153,0.169128,0.835134,0.337209,-0.119463,0.840109,0.491247,0.173751,0.838403,0.425996,-0.244391,0.877612,0.604895,0.091467,0.871993,0.521778,-0.328286,0.886541,0.629321,0.082891,0.871293,0.5519,-0.368059,0.891629,0.623549,0.05539,0.875292,0.551283,-0.361481,0.887566,0.618776,0.077037,0.875614,0.53955,-0.32797,0.813005,0.568183,0.08848,0.826124,0.569136,-0.088617,0.820041,0.722629,0.108519,0.86456,0.722783,-0.107301,0.795127,0.877592,0.09263,0.814591,0.868999,-0.106704,0.783365,0.902965,0.088665,0.795973,0.889115,-0.107995,0.822219,0.929577,0.046391,0.842351,0.939476,-0.161487
EH_Lat_2_3.9.26,185,1623.06,578.81,0,1623.06,578.81,0.9963,1631.27,584.3,0.943,0.883256,0.300957,-0.01294,0.879818,0.282235,-0.000546,0.878473,0.282072,-0.000753,0.877166,0.28201,-0.000739,0.879931,0.281643,-0.029135,0.87871,0.281146,-0.029348,0.877533,0.28063,-0.029403,0.865477,0.284447,0.0582,0.865076,0.283006,-0.072361,0.877481,0.314231,0.012731,0.87765,0.313113,-0.026387,0.850973,0.359533,0.134447,0.835252,0.337248,-0.135703,0.861767,0.499783,0.161904,0.830371,0.434688,-0.263843,0.894652,0.617936,0.092519,0.849618,0.541014,-0.363346,0.901833,0.646681,0.085456,0.8472,0.573968,-0.405307,0.904151,0.642599,0.057185,0.851097,0.574049,-0.404637,0.900774,0.636257,0.07846,0.852995,0.563445,-0.365995,0.824331,0.569422,0.086927,0.824946,0.569453,-0.087054,0.818702,0.723168,0.125195,0.869992,0.721124,-0.091263,0.793518,0.877413,0.14708,0.831695,0.883533,-0.071669,0.783614,0.902909,0.144047,0.813229,0.901986,-0.070139,0.822611,0.928729,0.087965,0.863658,0.950343,-0.133971
EH_Lat_2_3.9.26,186,1595.66,589.23,0,1595.66,589.23,0.9962,1603.71,587.01,0.9485,0.888285,0.296862,-0.003644,0.884578,0.278933,0.00987,0.883132,0.279065,0.009668,0.881647,0.279283,0.009693,0.884524,0.278286,-0.017835,0.883142,0.278054,-0.018051,0.881765,0.277822,-0.018119,0.868694,0.282864,0.068075,0.868451,0.281501,-0.057963,0.882349,0.312219,0.021935,0.882442,0.310815,-0.016145,0.859872,0.36357,0.137937,0.839123,0.335622,-0.126495,0.868553,0.504986,0.166252,0.829665,0.43109,-0.250873,0.900623,0.619686,0.104681,0.835263,0.543531,-0.353948,0.908031,0.652729,0.09729,0.830894,0.57851,-0.396021,0.910693,0.650891,0.063514,0.83964,0.583446,-0.396594,0.90601,0.641452,0.088767,0.841717,0.574428,-0.357346,0.837079,0.570528,0.086146,0.83154,0.568844,-0.086259,0.819852,0.723655,0.143755,0.874249,0.721886,-0.092205,0.793539,0.87629,0.191642,0.848769,0.899559,-0.098913,0.78234,0.896766,0.191185,0.832622,0.924414,-0.102169,0.820554,0.928643,0.136053,0.891236,0.963826,-0.183979
EH_Lat_2_3.9.26,187,1567.36,601.09,0,1567.36,601.09,0.9963,1576.25,589.17,0.9533,0.891624,0.296047,-0.016987,0.888186,0.279193,-0.00389,0.886929,0.279276,-0.004097,0.885574,0.279434,-0.00407,0.887961,0.278492,-0.031036,0.886553,0.278122,-0.031265,0.884961,0.277676,-0.031343,0.872416,0.282431,0.057123,0.870359,0.280555,-0.067374,0.88573,0.311357,0.009295,0.885712,0.309399,-0.02815,0.865521,0.36589,0.128749,0.841528,0.335855,-0.130258,0.872295,0.508544,0.16523,0.828182,0.436309,-0.253413,0.905014,0.6206,0.108349,0.820962,0.545532,-0.354056,0.91372,0.65374,0.103742,0.811436,0.577043,-0.393894,0.916573,0.6549,0.064909,0.817044,0.581386,-0.398,0.911409,0.644801,0.091315,0.820998,0.572262,-0.358982,0.841799,0.571182,0.085421,0.83675,0.569213,-0.08553,0.820576,0.725116,0.152207,0.877462,0.722606,-0.10044,0.793455,0.875235,0.210323,0.86491,0.909633,-0.110346,0.780179,0.893179,0.210782,0.850141,0.940048,-0.11405,0.818801,0.928772,0.158003,0.910561,0.96893,-0.197756
EH_Lat_2_3.9.26,188,1540.75,596.6,0,1540.75,596.6,0.9883,1555.91,597.06,0.9579,0.896438,0.292562,-0.019372,0.892415,0.27709,-0.007508,0.891239,0.277275,-0.007714,0.890094,0.277554,-0.007691,0.891995,0.276236,-0.033623,0.890614,0.275852,-0.033853,0.889208,0.2754,-0.033929,0.878263,0.28126,0.048367,0.875786,0.278779,-0.071322,0.890973,0.308696,0.004958,0.890716,0.30673,-0.031123,0.87221,0.367614,0.115427,0.845308,0.336985,-0.128204,0.87785,0.512104,0.160563,0.825691,0.446046,-0.236593,0.909413,0.622031,0.112215,0.810368,0.55283,-0.322807,0.917881,0.654647,0.110657,0.795338,0.581556,-0.359821,0.920269,0.656,0.069666,0.801492,0.588633,-0.366933,0.91615,0.646305,0.094887,0.809341,0.580041,-0.328876,0.843534,0.571855,0.0846,0.839181,0.569913,-0.084704,0.82288,0.725637,0.153389,0.882178,0.723917,-0.100779,0.794477,0.873601,0.218437,0.879175,0.926879,-0.11748,0.780047,0.891224,0.219883,0.86506,0.961505,-0.12235,0.819248,0.930479,0.172691,0.931046,0.968887,-0.205238
EH_Lat_2_3.9.26,189,1517.17,597.29,0,1517.17,597.29,0.9914,1524.04,603.3,0.9621,0.899148,0.292091,-0.02561,0.895354,0.277416,-0.013712,0.894353,0.277583,-0.013906,0.893399,0.27783,-0.013878,0.894683,0.276272,-0.038637,0.893181,0.275681,-0.038863,0.891604,0.274988,-0.038924,0.882098,0.281209,0.042205,0.878511,0.278236,-0.071951,0.893882,0.30817,-0.001309,0.893143,0.305914,-0.035776,0.872454,0.369152,0.110015,0.849855,0.337942,-0.125741,0.880273,0.512255,0.156075,0.821903,0.450223,-0.227157,0.9126,0.622241,0.112885,0.793772,0.558614,-0.301718,0.921133,0.655598,0.112837,0.777603,0.582987,-0.336936,0.923648,0.655817,0.070219,0.781663,0.59117,-0.346231,0.918299,0.646317,0.095388,0.789033,0.584267,-0.308642,0.843931,0.572056,0.083631,0.839705,0.570296,-0.08374,0.827456,0.727121,0.163992,0.885133,0.726379,-0.108754,0.795092,0.872122,0.246357,0.892701,0.935154,-0.14227,0.779924,0.890178,0.249462,0.880866,0.968012,-0.148817,0.821146,0.931372,0.205085,0.945358,0.966729,-0.234923
EH_Lat_2_3.9.26,190,1495.93,599.38,0,1495.93,599.38,0.9971,1506.32,597.6,0.9658,0.904388,0.293254,-0.032944,0.900333,0.278119,-0.020981,0.899227,0.278223,-0.021177,0.898182,0.278373,-0.021165,0.899899,0.277004,-0.046709,0.898498,0.276432,-0.046924,0.897087,0.275735,-0.046976,0.886801,0.281382,0.035399,0.884135,0.278614,-0.082404,0.898933,0.309162,-0.008474,0.898533,0.306925,-0.044033,0.873432,0.370243,0.104982,0.854775,0.338844,-0.134677,0.886286,0.514031,0.149506,0.819193,0.451388,-0.238807,0.91641,0.623771,0.111629,0.784541,0.55333,-0.331845,0.923653,0.658604,0.112714,0.767548,0.577869,-0.370025,0.927808,0.658841,0.071311,0.770854,0.587601,-0.380806,0.92375,0.648196,0.094028,0.777961,0.58227,-0.340028,0.846763,0.574036,0.083497,0.845766,0.572512,-0.083611,0.831016,0.728702,0.19435,0.890453,0.732682,-0.115201,0.795458,0.871743,0.296325,0.903251,0.940393,-0.142788,0.779793,0.889734,0.30145,0.893552,0.97633,-0.148711,0.82049,0.931616,0.261187,0.956947,0.967236,-0.234664
EH_Lat_2_3.9.26,191,1503.52,600.18,0,1503.52,600.18,0.9927,1489.66,601.08,0.969,0.907732,0.295408,-0.038409,0.903736,0.279738,-0.027314,0.902397,0.279764,-0.027508,0.901192,0.279854,-0.027487,0.90359,0.278694,-0.053949,0.902201,0.278101,-0.054162,0.900888,0.277405,-0.054198,0.889365,0.282335,0.027586,0.887692,0.279978,-0.09387,0.901895,0.310837,-0.013965,0.90185,0.308691,-0.050601,0.874787,0.371078,0.099413,0.857728,0.339575,-0.139255,0.889239,0.515614,0.132922,0.817362,0.455801,-0.230224,0.921524,0.625356,0.072334,0.775864,0.556552,-0.303014,0.929383,0.659216,0.070748,0.75954,0.575908,-0.33782,0.932389,0.658231,0.034342,0.761954,0.585347,-0.346813,0.929029,0.648788,0.055483,0.769503,0.581876,-0.309759,0.852318,0.579547,0.083466,0.852161,0.57912,-0.083595,0.836086,0.734097,0.190752,0.895402,0.741416,-0.114168,0.796355,0.870276,0.288246,0.912926,0.942925,-0.128027,0.780384,0.886592,0.29328,0.904104,0.979394,-0.132503,0.818245,0.931943,0.255062,0.970734,0.974255,-0.213234
EH_Lat_2_3.9.26,192,1485.26,600.0,0,1485.26,600.0,0.9957,1485.48,598.15,0.972,0.911104,0.296816,-0.054573,0.907141,0.281024,-0.045524,0.905885,0.280958,-0.045725,0.904725,0.280955,-0.045709,0.907114,0.280037,-0.069914,0.905906,0.279418,-0.070126,0.904783,0.278712,-0.070176,0.893186,0.283343,0.003075,0.892093,0.28131,-0.10741,0.905794,0.312037,-0.031918,0.905847,0.310011,-0.065438,0.87338,0.37137,0.072048,0.862096,0.341726,-0.140882,0.890511,0.515506,0.100032,0.81693,0.455593,-0.226729,0.925533,0.625884,0.039485,0.773689,0.553847,-0.293576,0.936997,0.66006,0.03723,0.757027,0.57325,-0.325422,0.938646,0.659023,0.003543,0.759824,0.581025,-0.324588,0.934891,0.649297,0.023584,0.767764,0.576877,-0.291679,0.855227,0.583837,0.079183,0.860916,0.584855,-0.079397,0.841801,0.738875,0.175308,0.899757,0.752749,-0.083875,0.797733,0.868667,0.253568,0.91931,0.948768,-0.076429,0.780099,0.882903,0.256474,0.910028,0.981265,-0.080893,0.817409,0.932676,0.212453,0.96834,0.985436,-0.187359
EH_Lat_2_3.9.26,193,1480.35,597.7,0,1480.35,597.7,0.9955,1482.26,594.49,0.9746,0.915036,0.297666,-0.055199,0.910934,0.28109,-0.046128,0.90969,0.280992,-0.046335,0.908531,0.28096,-0.046327,0.91073,0.280122,-0.070086,0.909398,0.279502,-0.070308,0.908111,0.278822,-0.070368,0.896695,0.283515,0.002809,0.894918,0.281649,-0.105711,0.909668,0.312794,-0.032406,0.909538,0.310778,-0.065312,0.880527,0.371868,0.070179,0.863594,0.343494,-0.136623,0.894675,0.516538,0.099388,0.817303,0.457639,-0.209223,0.930253,0.625957,0.044985,0.772012,0.550452,-0.27001,0.940072,0.659241,0.043339,0.754491,0.569215,-0.292293,0.943975,0.658241,0.011525,0.757857,0.578014,-0.313834,0.93836,0.648967,0.029948,0.765632,0.574216,-0.279953,0.860795,0.588016,0.075438,0.867111,0.588927,-0.0757,0.846608,0.745707,0.171293,0.90565,0.764097,-0.064664,0.798462,0.867768,0.255728,0.922863,0.95368,-0.04153,0.779546,0.878771,0.25994,0.912555,0.984803,-0.043136,0.816419,0.932708,0.2214,0.968563,0.991531,-0.130803
EH_Lat_2_3.9.26,194,1478.18,598.61,0,1478.18,598.61,0.9959,1482.46,594.45,0.977,0.918801,0.298419,-0.056336,0.914841,0.281918,-0.047108,0.913591,0.281846,-0.047325,0.912443,0.281826,-0.047309,0.91467,0.280922,-0.072169,0.913377,0.280327,-0.072399,0.912145,0.279666,-0.072474,0.9004,0.284369,0.002356,0.898914,0.282472,-0.110819,0.913057,0.313327,-0.033247,0.913136,0.311483,-0.067459,0.884097,0.37252,0.073349,0.867493,0.346527,-0.141494,0.898531,0.516924,0.102089,0.818395,0.459836,-0.208951,0.932623,0.62543,0.043537,0.772115,0.550419,-0.268323,0.943226,0.65794,0.042046,0.753713,0.570214,-0.288079,0.946007,0.657173,0.010871,0.757146,0.578974,-0.309313,0.941788,0.648382,0.028541,0.764387,0.575104,-0.276449,0.866198,0.593295,0.075274,0.873869,0.59464,-0.075541,0.855772,0.752587,0.162741,0.913273,0.76481,-0.051444,0.800734,0.865838,0.235144,0.925471,0.955672,-0.017763,0.779915,0.873963,0.237978,0.913841,0.986104,-0.01795,0.815726,0.933005,0.195086,0.972435,0.992395,-0.098784
EH_Lat_2_3.9.26,195,1473.01,596.77,0,1473.01,596.77,0.9965,1482.74,599.06,0.9791,0.922819,0.299111,-0.064777,0.91832,0.282381,-0.055232,0.916911,0.282254,-0.055451,0.915663,0.282173,-0.055416,0.918082,0.28145,-0.081762,0.916582,0.280851,-0.081989,0.91517,0.280195,-0.082054,0.903123,0.284615,-0.003186,0.901595,0.283029,-0.122548,0.916957,0.31391,-0.040419,0.91684,0.312061,-0.076404,0.884015,0.372841,0.073153,0.86915,0.351974,-0.150646,0.898005,0.515227,0.101595,0.819142,0.464832,-0.208478,0.922622,0.619316,0.038104,0.772262,0.554681,-0.252385,0.934774,0.656163,0.036154,0.754142,0.573625,-0.271967,0.939117,0.651686,0.006788,0.755993,0.582365,-0.29169,0.931022,0.641776,0.02366,0.764452,0.578608,-0.261786,0.874375,0.597523,0.075418,0.881832,0.600225,-0.075667,0.865762,0.757307,0.158423,0.920712,0.76732,-0.029413,0.804112,0.863635,0.228342,0.927491,0.955264,0.025463,0.781052,0.866774,0.231122,0.9136,0.986336,0.027464,0.816621,0.932954,0.186748,0.970836,0.997831,-0.04905
EH_Lat_2_3.9.26,196,1483.0,599.75,0,1483.0,599.75,0.9964,1490.37,598.53,0.9807,0.926524,0.298032,-0.060109,0.921852,0.281366,-0.049075,0.920344,0.281213,-0.049292,0.918893,0.281035,-0.049266,0.922058,0.280606,-0.07744,0.920691,0.28011,-0.077667,0.919283,0.279556,-0.077757,0.906662,0.283573,0.007526,0.906035,0.282854,-0.120159,0.920734,0.313453,-0.034249,0.920633,0.311637,-0.072647,0.886694,0.372704,0.085794,0.873196,0.355913,-0.156076,0.899026,0.513965,0.11521,0.82075,0.466344,-0.222619,0.91593,0.614374,0.050243,0.776236,0.554198,-0.274174,0.922914,0.643094,0.047489,0.757622,0.574658,-0.299064,0.925951,0.636862,0.019173,0.758681,0.58298,-0.315268,0.921725,0.629297,0.036113,0.7668,0.578041,-0.282617,0.879397,0.598194,0.077908,0.885074,0.601194,-0.078182,0.875465,0.761116,0.155668,0.926628,0.768107,-0.027781,0.807083,0.860805,0.22299,0.927808,0.955094,0.029023,0.784366,0.859357,0.225453,0.913004,0.983521,0.03093,0.816951,0.932832,0.179235,0.970549,1.001584,-0.051964
EH_Lat_2_3.9.26,197,1494.68,600.5,0,1494.68,600.5,0.9958,1498.32,600.47,0.9821,0.93163,0.297352,-0.045666,0.926148,0.280689,-0.034513,0.924484,0.280443,-0.034724,0.922937,0.28016,-0.034697,0.926401,0.280073,-0.062141,0.924861,0.279558,-0.062373,0.923277,0.278974,-0.062465,0.910411,0.282566,0.01963,0.909844,0.282358,-0.104398,0.925569,0.31288,-0.020807,0.925457,0.31121,-0.058214,0.894481,0.372865,0.08679,0.875689,0.357428,-0.147947,0.901427,0.508265,0.117943,0.823679,0.467311,-0.214534,0.913567,0.602372,0.060215,0.780375,0.555988,-0.262591,0.918474,0.625059,0.057664,0.763526,0.577639,-0.284619,0.921328,0.619042,0.026622,0.764509,0.586093,-0.301992,0.918597,0.612337,0.046011,0.771626,0.580814,-0.271493,0.890292,0.597676,0.078364,0.891169,0.600241,-0.078643,0.889289,0.762412,0.116358,0.930044,0.767144,-0.047724,0.811488,0.855233,0.147519,0.92725,0.956121,0.000334,0.789372,0.850053,0.147015,0.914098,0.982485,0.002059,0.818153,0.932408,0.094111,0.970691,0.997895,-0.075831
EH_Lat_2_3.9.26,198,1505.19,610.09,0,1505.19,610.09,0.997,1507.51,605.49,0.9834,0.933684,0.297107,-0.027745,0.928762,0.280163,-0.017255,0.927269,0.27976,-0.017426,0.925951,0.279315,-0.017415,0.928734,0.279644,-0.046958,0.927096,0.27902,-0.047268,0.925444,0.278311,-0.04743,0.913966,0.281442,0.037927,0.911503,0.281421,-0.09552,0.927568,0.31211,-0.001866,0.927181,0.31066,-0.041475,0.894849,0.372528,0.110029,0.878301,0.357809,-0.127876,0.900752,0.499711,0.145165,0.828097,0.469683,-0.185554,0.91061,0.582739,0.087467,0.785161,0.560639,-0.231321,0.91492,0.60023,0.086591,0.768332,0.582388,-0.251773,0.918177,0.594854,0.062803,0.76979,0.591093,-0.266308,0.916006,0.588647,0.075118,0.777358,0.586406,-0.238511,0.896115,0.598161,0.077843,0.89419,0.599486,-0.078126,0.903736,0.761632,0.071085,0.931685,0.766468,-0.071818,0.819101,0.850803,0.078125,0.92694,0.954387,-0.028775,0.795812,0.840449,0.076055,0.910291,0.982313,-0.025886,0.823121,0.930007,0.034186,0.970786,0.998703,-0.094989
EH_Lat_2_3.9.26,199,1524.69,613.58,0,1524.69,613.58,0.9955,1519.48,613.54,0.9843,0.937127,0.295942,-0.014955,0.932243,0.278956,-0.004897,0.930691,0.278332,-0.005065,0.929416,0.277702,-0.005051,0.932319,0.27855,-0.034943,0.930683,0.27779,-0.035281,0.929053,0.276976,-0.03546,0.917721,0.279441,0.051067,0.915151,0.2798,-0.083759,0.931446,0.310445,0.011532,0.931081,0.308968,-0.028267,0.901266,0.371109,0.124187,0.883449,0.357523,-0.116834,0.900136,0.490935,0.146054,0.834135,0.469065,-0.173704,0.912988,0.567911,0.074402,0.791395,0.568091,-0.214481,0.918634,0.594524,0.069947,0.774531,0.591303,-0.235029,0.921761,0.590382,0.048706,0.777059,0.601058,-0.247737,0.919531,0.583622,0.062201,0.783749,0.597175,-0.220465,0.903884,0.597385,0.077614,0.897212,0.598633,-0.077898,0.918723,0.765061,0.058106,0.935425,0.765531,-0.092957,0.82491,0.846035,0.079411,0.927432,0.958336,-0.050546,0.802547,0.834331,0.079097,0.909488,0.984465,-0.047271,0.824415,0.928171,0.039571,0.970443,1.000519,-0.114428
EH_Lat_2_3.9.26,200,1537.65,628.51,0,1537.65,628.51,0.9938,1528.28,620.87,0.9849,0.939594,0.295724,-0.010736,0.936014,0.279057,0.001592,0.934676,0.278481,0.001437,0.933528,0.277902,0.001469,0.935767,0.278597,-0.028419,0.934052,0.27784,-0.028743,0.932293,0.277015,-0.028931,0.921435,0.279334,0.065,0.917609,0.279166,-0.070282,0.93398,0.310368,0.017644,0.933433,0.308958,-0.022539,0.903711,0.370066,0.14337,0.886561,0.357285,-0.110075,0.912448,0.489232,0.168824,0.841509,0.467637,-0.177182,0.930005,0.567729,0.086026,0.795982,0.574883,-0.22661,0.934778,0.587575,0.080852,0.781371,0.600256,-0.252167,0.938796,0.582273,0.057128,0.784089,0.610299,-0.260996,0.936626,0.575862,0.07264,0.790352,0.603022,-0.231818,0.910866,0.596569,0.077813,0.900686,0.598466,-0.078091,0.929393,0.765662,0.067422,0.934215,0.767801,-0.122284,0.877266,0.885969,0.120315,0.905452,0.947508,-0.050385,0.864173,0.894271,0.121474,0.90496,0.982257,-0.045499,0.87815,0.947017,0.06249,0.941504,1.001308,-0.114704
EH_Lat_2_3.9.26,201,1557.21,634.52,0,1557.21,634.52,0.9968,1536.46,632.99,0.9848,0.941229,0.295046,-0.00102,0.938494,0.279109,0.011092,0.937532,0.278556,0.010938,0.936754,0.277988,0.010966,0.937436,0.278587,-0.017776,0.935484,0.277741,-0.018109,0.933505,0.276771,-0.01829,0.925405,0.278992,0.073931,0.918826,0.277748,-0.055147,0.936506,0.309294,0.027516,0.935197,0.30812,-0.011278,0.909298,0.368544,0.148992,0.889294,0.356054,-0.096266,0.915381,0.480704,0.167239,0.847269,0.469476,-0.154034,0.931678,0.555497,0.076093,0.800237,0.586104,-0.200152,0.937204,0.580153,0.068491,0.781567,0.612606,-0.222945,0.940826,0.575148,0.045364,0.786319,0.619977,-0.233901,0.938406,0.568237,0.062758,0.794843,0.613839,-0.205301,0.917214,0.594728,0.077748,0.90261,0.594969,-0.078021,0.936429,0.764441,0.036127,0.938297,0.76641,-0.12313,0.852957,0.857497,0.061842,0.922425,0.955954,-0.089596,0.833772,0.847659,0.061812,0.909074,0.984517,-0.088146,0.854395,0.937965,0.010885,0.964904,1.000188,-0.167512
EH_Lat_2_3.9.26,202,1581.36,641.47,0,1581.36,641.47,0.9969,1563.76,641.42,0.985,0.94362,0.293025,-0.002884,0.941064,0.277984,0.008911,0.940237,0.277462,0.008742,0.939591,0.276902,0.008768,0.940024,0.277247,-0.018832,0.938306,0.276217,-0.019109,0.936519,0.274983,-0.019238,0.928474,0.277094,0.068029,0.922171,0.274953,-0.057669,0.939054,0.307325,0.023712,0.93793,0.305857,-0.014064,0.911103,0.365439,0.142058,0.891882,0.355978,-0.103,0.916516,0.475298,0.164234,0.854373,0.469636,-0.167031,0.93359,0.54988,0.058379,0.814458,0.593905,-0.213627,0.937984,0.568857,0.049409,0.797484,0.620727,-0.238985,0.941285,0.563328,0.025826,0.803199,0.627857,-0.247996,0.938939,0.55722,0.04505,0.811656,0.622359,-0.218283,0.920209,0.593377,0.077934,0.905946,0.593942,-0.078206,0.938039,0.76234,0.067057,0.940694,0.765872,-0.117434,0.854455,0.848463,0.102341,0.926151,0.959217,-0.080169,0.832424,0.841058,0.102677,0.909885,0.985767,-0.078321,0.85087,0.932826,0.050463,0.958241,1.01592,-0.15668
EH_Lat_2_3.9.26,203,1600.51,642.58,0,1600.51,642.58,0.9963,1590.33,648.19,0.9857,0.947551,0.291606,-0.017781,0.944613,0.276749,-0.006909,0.943599,0.276238,-0.00708,0.942795,0.27567,-0.007041,0.943871,0.276003,-0.035131,0.942193,0.274963,-0.035459,0.940557,0.273611,-0.03564,0.931336,0.275239,0.053937,0.926369,0.272943,-0.073228,0.94275,0.30591,0.010399,0.941893,0.30438,-0.027886,0.91272,0.363278,0.140313,0.896228,0.355801,-0.116132,0.916996,0.468753,0.163816,0.859765,0.472379,-0.172158,0.933222,0.533835,0.060523,0.828298,0.600177,-0.222407,0.937136,0.550015,0.053399,0.81557,0.629156,-0.249177,0.94019,0.545814,0.027918,0.823942,0.635579,-0.256783,0.938061,0.540025,0.045771,0.830654,0.627613,-0.226852,0.92248,0.592867,0.07807,0.907351,0.593371,-0.078338,0.942604,0.760827,0.072998,0.944347,0.765726,-0.115588,0.859479,0.84549,0.109611,0.928423,0.960124,-0.08174,0.83683,0.840482,0.110003,0.911997,0.987901,-0.080252,0.859042,0.932709,0.057673,0.970273,1.007911,-0.161669
EH_Lat_2_3.9.26,204,1632.67,653.61,0,1632.67,653.61,0.9941,1620.26,653.33,0.9867,0.949386,0.28989,-0.019708,0.946961,0.274843,-0.008051,0.946065,0.274298,-0.00822,0.945355,0.273731,-0.008182,0.946113,0.27413,-0.036718,0.94451,0.273063,-0.037065,0.942857,0.271722,-0.037269,0.93451,0.273195,0.053862,0.928768,0.270616,-0.073987,0.944837,0.304258,0.009416,0.94373,0.302923,-0.029541,0.919299,0.362906,0.139628,0.898952,0.354825,-0.121757,0.921616,0.469612,0.164665,0.86422,0.474405,-0.175956,0.940338,0.506803,0.074048,0.843884,0.604937,-0.22718,0.944534,0.516143,0.066893,0.833363,0.635892,-0.254745,0.947684,0.508494,0.044975,0.841582,0.642466,-0.261484,0.945454,0.504439,0.060559,0.847066,0.631911,-0.231606,0.926364,0.592659,0.079487,0.9087,0.592723,-0.079718,0.947428,0.759703,0.073714,0.945933,0.767318,-0.116807,0.865847,0.845041,0.120567,0.928481,0.957707,-0.081468,0.844197,0.843096,0.122152,0.913627,0.985233,-0.0796,0.869081,0.93196,0.07177,0.970824,1.004078,-0.162086
EH_Lat_2_3.9.26,205,1656.36,653.59,0,1656.36,653.59,0.9944,1647.72,660.35,0.9876,0.953144,0.287674,-0.027661,0.950165,0.272862,-0.014697,0.949278,0.272416,-0.01488,0.948589,0.271991,-0.014832,0.949056,0.272085,-0.045,0.947291,0.271027,-0.045348,0.945441,0.269729,-0.045548,0.937637,0.27183,0.052745,0.931097,0.268753,-0.083053,0.948632,0.302531,0.003287,0.947253,0.301193,-0.037948,0.926379,0.363047,0.139272,0.90145,0.353737,-0.137655,0.924484,0.47286,0.169427,0.869959,0.477724,-0.198596,0.945509,0.531942,0.083113,0.858189,0.611438,-0.247117,0.948967,0.548705,0.076393,0.85067,0.64391,-0.277411,0.951972,0.543435,0.052438,0.859064,0.648912,-0.282911,0.949914,0.537583,0.069363,0.862909,0.63817,-0.249919,0.929461,0.592529,0.083823,0.909479,0.592668,-0.083997,0.956359,0.75896,0.081217,0.947194,0.76932,-0.114202,0.875901,0.845054,0.127298,0.928372,0.956841,-0.077191,0.852443,0.844784,0.125656,0.912123,0.984388,-0.075424,0.879295,0.931092,0.079161,0.972505,1.00333,-0.160736
EH_Lat_2_3.9.26,206,1684.44,658.0,0,1684.44,658.0,0.9925,1678.49,660.83,0.9882,0.95598,0.284922,-0.044046,0.953381,0.270324,-0.030703,0.952534,0.269858,-0.030895,0.951918,0.269458,-0.030846,0.95195,0.26946,-0.061763,0.949997,0.268358,-0.062111,0.947963,0.267016,-0.062294,0.940629,0.269283,0.042717,0.933047,0.266061,-0.098072,0.951055,0.300216,-0.011199,0.949305,0.298718,-0.053493,0.930134,0.362423,0.137179,0.904666,0.353334,-0.156199,0.926851,0.474395,0.169552,0.877609,0.480535,-0.229316,0.953592,0.535259,0.086547,0.874215,0.611875,-0.280981,0.958801,0.55164,0.079806,0.867891,0.648663,-0.313265,0.962301,0.545994,0.054477,0.877284,0.651109,-0.318182,0.959498,0.539837,0.072303,0.882038,0.638794,-0.283411,0.934215,0.592873,0.087645,0.911537,0.592424,-0.087787,0.967016,0.758574,0.070398,0.945792,0.772312,-0.119074,0.883405,0.846071,0.130847,0.927674,0.956782,-0.08416,0.859823,0.847065,0.132075,0.9128,0.984516,-0.08291,0.890762,0.931019,0.080808,0.971296,1.003736,-0.176551
EH_Lat_2_3.9.26,207,1713.23,662.44,0,1713.23,662.44,0.9956,1708.6,665.75,0.9886,0.958769,0.283333,-0.073522,0.956397,0.268417,-0.060751,0.955504,0.267976,-0.060978,0.954824,0.267616,-0.060923,0.954961,0.267574,-0.09215,0.952903,0.266511,-0.09248,0.950725,0.265205,-0.092647,0.942628,0.267608,0.011546,0.935068,0.264439,-0.131388,0.953403,0.29926,-0.040967,0.951686,0.297674,-0.083786,0.931925,0.361928,0.113944,0.908799,0.353323,-0.184966,0.925155,0.476361,0.157702,0.886484,0.4837,-0.245631,0.94153,0.574622,0.079766,0.889896,0.616436,-0.2787,0.94732,0.603505,0.073147,0.883463,0.654191,-0.309866,0.950396,0.595422,0.047591,0.894122,0.654435,-0.312643,0.947385,0.583124,0.066182,0.897454,0.642024,-0.279969,0.937001,0.596242,0.09036,0.918372,0.596486,-0.090492,0.974716,0.758052,0.077064,0.944244,0.775533,-0.109528,0.892758,0.846701,0.176808,0.927866,0.957398,-0.058676,0.868632,0.848477,0.182958,0.913202,0.984998,-0.055841,0.907159,0.930488,0.137006,0.969827,1.003448,-0.153087
EH_Lat_2_3.9.26,208,1738.53,657.73,0,1738.53,657.73,0.9937,1727.92,654.26,0.985,0.962526,0.283155,-0.068928,0.959207,0.267178,-0.056443,0.958096,0.26654,-0.056669,0.95712,0.265977,-0.056615,0.958444,0.26655,-0.088029,0.956752,0.26546,-0.088327,0.954988,0.264172,-0.088458,0.944123,0.265593,0.013485,0.939526,0.263412,-0.130071,0.956611,0.298657,-0.037203,0.955695,0.297256,-0.0802,0.929167,0.359609,0.113406,0.9142,0.353028,-0.185592,0.927238,0.477128,0.15759,0.893679,0.48158,-0.258888,0.944537,0.583144,0.078163,0.899956,0.605798,-0.293525,0.948202,0.612204,0.071507,0.896122,0.641991,-0.325418,0.949211,0.600037,0.045595,0.905139,0.642927,-0.325628,0.949492,0.592353,0.064573,0.907064,0.630922,-0.294036,0.938769,0.600076,0.093097,0.92363,0.602899,-0.093235,0.980628,0.757712,0.079162,0.942923,0.775449,-0.07987,0.902156,0.849501,0.178041,0.927948,0.958789,-0.029699,0.879129,0.854663,0.183529,0.913201,0.986225,-0.027617,0.915739,0.930458,0.135747,0.969654,1.002026,-0.121959
EH_Lat_2_3.9.26,209,1766.88,650.75,0,1766.88,650.75,0.9875,1768.36,648.01,0.9735,0.963142,0.283671,-0.069804,0.960443,0.267588,-0.057402,0.959653,0.266979,-0.057608,0.959005,0.26643,-0.057574,0.95936,0.266862,-0.087255,0.957745,0.265754,-0.087549,0.956085,0.264463,-0.087669,0.946992,0.265935,0.012881,0.941234,0.263721,-0.122948,0.9583,0.298922,-0.038019,0.957032,0.297563,-0.078763,0.931211,0.356928,0.11314,0.918905,0.352986,-0.173431,0.937814,0.477785,0.156715,0.901318,0.484819,-0.247721,0.963429,0.538117,0.070414,0.921021,0.600011,-0.290506,0.976769,0.558501,0.061317,0.920734,0.632845,-0.322277,0.980327,0.548371,0.035055,0.932649,0.634471,-0.32229,0.977176,0.543561,0.056387,0.932755,0.623781,-0.291253,0.940395,0.599434,0.092078,0.927379,0.601703,-0.092219,0.981642,0.754028,0.076633,0.944272,0.774559,-0.083481,0.9142,0.853133,0.158199,0.927254,0.955893,-0.036732,0.890817,0.865452,0.163404,0.913003,0.983273,-0.034746,0.92459,0.932402,0.110338,0.967041,1.000277,-0.123237
EH_Lat_2_3.9.26,210,1795.1,659.51,0,1795.1,659.51,0.9905,1808.93,643.35,0.9622,0.96831,0.283067,-0.076579,0.964758,0.26637,-0.064276,0.963718,0.26571,-0.064494,0.962809,0.265081,-0.064468,0.963884,0.265725,-0.095645,0.962272,0.264639,-0.095927,0.960693,0.26339,-0.096061,0.949703,0.264225,0.00381,0.946193,0.262556,-0.138699,0.962365,0.298412,-0.045396,0.961508,0.297132,-0.088082,0.933051,0.353797,0.107847,0.921609,0.352407,-0.193995,0.938817,0.478261,0.154213,0.908465,0.488161,-0.259713,0.962615,0.538504,0.069479,0.94215,0.595696,-0.281891,0.9688,0.562973,0.061746,0.9474,0.628022,-0.312885,0.969989,0.557708,0.035597,0.955825,0.629348,-0.313757,0.970423,0.546199,0.055858,0.954181,0.619923,-0.282579,0.941231,0.598973,0.095438,0.928695,0.600811,-0.095568,0.975627,0.753891,0.092781,0.952842,0.773746,-0.082923,0.91972,0.873602,0.17308,0.92624,0.9542,-0.028907,0.900115,0.890283,0.177204,0.911811,0.981039,-0.026358,0.932659,0.942216,0.118616,0.966434,0.999437,-0.113291
EH_Lat_2_3.9.26,211,1824.48,654.43,0,1824.48,654.43,0.9872,1836.01,646.53,0.9548,0.97215,0.283658,-0.065282,0.968312,0.266824,-0.052864,0.966982,0.266092,-0.053075,0.965777,0.265393,-0.053046,0.967745,0.26625,-0.083573,0.966079,0.265163,-0.083852,0.964395,0.263917,-0.08399,0.952073,0.264094,0.012873,0.949877,0.262908,-0.127287,0.965342,0.298937,-0.035272,0.965015,0.297629,-0.077273,0.931278,0.352402,0.111567,0.925252,0.352297,-0.189799,0.935731,0.479235,0.159902,0.918792,0.489417,-0.263286,0.955673,0.561504,0.09344,0.956256,0.598635,-0.279228,0.960074,0.605993,0.090949,0.962378,0.630717,-0.311624,0.963517,0.590041,0.065011,0.967113,0.628215,-0.30911,0.963169,0.581699,0.081108,0.965736,0.619441,-0.27862,0.938256,0.598722,0.100113,0.93395,0.600151,-0.100239,0.956474,0.758204,0.162197,0.977095,0.767529,-0.084138,0.92809,0.910977,0.226207,0.927147,0.946362,-0.034262,0.912124,0.939451,0.227752,0.910578,0.972742,-0.031959,0.957862,0.95435,0.171903,0.965117,0.99396,-0.115302
EH_Lat_2_3.9.26,212,1843.73,644.04,0,1843.73,644.04,0.9829,1851.78,644.65,0.9424,0.974958,0.284063,-0.080999,0.971714,0.267054,-0.069311,0.970521,0.266296,-0.069537,0.969423,0.265598,-0.069515,0.971054,0.266429,-0.100552,0.969366,0.265258,-0.100854,0.967582,0.263933,-0.101018,0.956051,0.264085,-0.00259,0.952505,0.262476,-0.144644,0.968219,0.299237,-0.050084,0.967702,0.29777,-0.092745,0.939014,0.352288,0.102827,0.927212,0.352038,-0.20528,0.936698,0.47962,0.150679,0.923407,0.489814,-0.270748,0.958046,0.562877,0.080557,0.964467,0.596896,-0.280558,0.965336,0.607941,0.076711,0.968716,0.628971,-0.311426,0.970154,0.594409,0.051163,0.974457,0.625613,-0.307196,0.968377,0.584675,0.068128,0.973363,0.616984,-0.278471,0.946424,0.598441,0.099476,0.930856,0.599798,-0.099585,0.990693,0.754642,0.113473,0.958558,0.769919,-0.099947,0.945233,0.901173,0.159596,0.927197,0.951864,-0.086175,0.931249,0.922833,0.159894,0.912536,0.979727,-0.088171,0.973576,0.959571,0.090822,0.969175,0.993855,-0.188273
EH_Lat_2_3.9.26,213,1875.66,642.0,0,1875.66,642.0,0.9631,1867.98,642.92,0.9391,0.97937,0.283954,-0.074619,0.975481,0.267062,-0.061695,0.974085,0.266295,-0.061914,0.972838,0.265574,-0.061889,0.974925,0.266557,-0.094131,0.973165,0.265448,-0.094436,0.971374,0.264173,-0.094601,0.958911,0.26405,0.006796,0.956426,0.262785,-0.139008,0.972009,0.299134,-0.042866,0.971736,0.297809,-0.086899,0.941432,0.352876,0.110901,0.932771,0.352926,-0.202615,0.937672,0.477041,0.17884,0.927004,0.488136,-0.2717,0.965648,0.547396,0.117931,0.972908,0.595295,-0.285564,0.974605,0.580408,0.115739,0.979153,0.626607,-0.31657,0.976244,0.563459,0.087902,0.985354,0.625368,-0.310156,0.977029,0.562307,0.104262,0.982173,0.613364,-0.2824,0.955051,0.596449,0.100306,0.935451,0.59973,-0.100394,0.998274,0.751654,0.072793,0.949987,0.771052,-0.116122,0.955699,0.901319,0.120287,0.928843,0.953688,-0.124417,0.942628,0.925257,0.120961,0.914325,0.981802,-0.128486,0.989199,0.963099,0.051936,0.970569,0.9971,-0.232698
