video_id,frame_idx,true_wrist_x,true_wrist_y,occluded,yolo_wrist_x,yolo_wrist_y,yolo_conf,mp_wrist_x,mp_wrist_y,mp_wrist_vis,lm0_x,lm0_y,lm0_z,lm1_x,lm1_y,lm1_z,lm2_x,lm2_y,lm2_z,lm3_x,lm3_y,lm3_z,lm4_x,lm4_y,lm4_z,lm5_x,lm5_y,lm5_z,lm6_x,lm6_y,lm6_z,lm7_x,lm7_y,lm7_z,lm8_x,lm8_y,lm8_z,lm9_x,lm9_y,lm9_z,lm10_x,lm10_y,lm10_z,lm11_x,lm11_y,lm11_z,lm12_x,lm12_y,lm12_z,lm13_x,lm13_y,lm13_z,lm14_x,lm14_y,lm14_z,lm15_x,lm15_y,lm15_z,lm16_x,lm16_y,lm16_z,lm17_x,lm17_y,lm17_z,lm18_x,lm18_y,lm18_z,lm19_x,lm19_y,lm19_z,lm20_x,lm20_y,lm20_z,lm21_x,lm21_y,lm21_z,lm22_x,lm22_y,lm22_z,lm23_x,lm23_y,lm23_z,lm24_x,lm24_y,lm24_z,lm25_x,lm25_y,lm25_z,lm26_x,lm26_y,lm26_z,lm27_x,lm27_y,lm27_z,lm28_x,lm28_y,lm28_z,lm29_x,lm29_y,lm29_z,lm30_x,lm30_y,lm30_z,lm31_x,lm31_y,lm31_z,lm32_x,lm32_y,lm32_z
EH_Lat_1_3.9.26,0,727.24,641.87,0,727.24,641.87,0.99,715.99,648.48,0.9982,0.40381,0.285619,-0.05303,0.397884,0.266809,-0.042683,0.396271,0.265683,-0.042881,0.394749,0.264602,-0.042821,0.39778,0.267221,-0.07339,0.396088,0.266558,-0.073685,0.394354,0.265753,-0.073777,0.383324,0.266988,0.010576,0.382317,0.2686,-0.126682,0.39622,0.300045,-0.026858,0.395825,0.299712,-0.068189,0.349632,0.345893,0.124171,0.360361,0.358173,-0.190267,0.330919,0.486187,0.171274,0.3377,0.497057,-0.237396,0.351351,0.589036,0.102274,0.372912,0.600445,-0.232006,0.351643,0.614737,0.100882,0.376784,0.636719,-0.261732,0.355499,0.613577,0.072707,0.381879,0.637704,-0.25386,0.356719,0.607614,0.088932,0.380855,0.625837,-0.227613,0.303562,0.563921,0.094635,0.324473,0.574718,-0.094869,0.276737,0.732578,0.090814,0.364369,0.735948,-0.057321,0.205901,0.877858,0.07765,0.360942,0.930027,-0.022693,0.182091,0.895478,0.072779,0.344251,0.96063,-0.020831,0.224738,0.957886,0.030756,0.403654,0.985193,-0.064461
EH_Lat_1_3.9.26,1,715.11,648.51,0,723.61,640.11,0.9899,715.11,648.51,0.9982,0.403309,0.283961,-0.052925,0.397399,0.265877,-0.042349,0.395655,0.264805,-0.042546,0.393998,0.263815,-0.042489,0.397413,0.26632,-0.072788,0.395711,0.265711,-0.073082,0.393982,0.264987,-0.073178,0.382154,0.266559,0.011394,0.381784,0.268267,-0.123724,0.396053,0.298296,-0.026769,0.395752,0.297985,-0.067808,0.349656,0.345924,0.122935,0.359894,0.35828,-0.185935,0.330996,0.486187,0.163217,0.337546,0.496952,-0.231964,0.349462,0.589281,0.087183,0.372453,0.600474,-0.227492,0.349902,0.615219,0.084276,0.376296,0.636565,-0.257401,0.353219,0.613595,0.056104,0.38156,0.636784,-0.249585,0.354284,0.607637,0.073709,0.38041,0.625687,-0.223286,0.303592,0.564692,0.092893,0.324029,0.574986,-0.093118,0.27636,0.73273,0.084715,0.364159,0.735498,-0.057988,0.205695,0.878288,0.069542,0.360869,0.929744,-0.024385,0.181654,0.895573,0.064499,0.344322,0.959187,-0.022564,0.222786,0.958608,0.020447,0.402289,0.985139,-0.065917
EH_Lat_1_3.9.26,2,714.43,648.7,0,718.94,640.46,0.9888,714.43,648.7,0.9982,0.403277,0.283588,-0.052917,0.397277,0.265736,-0.042159,0.395492,0.264704,-0.042355,0.3938,0.263759,-0.042297,0.397284,0.266138,-0.072616,0.395542,0.265545,-0.072909,0.393776,0.264853,-0.073005,0.381735,0.266589,0.012827,0.381378,0.268277,-0.122592,0.396076,0.297983,-0.026685,0.395773,0.297756,-0.06772,0.349743,0.347207,0.123052,0.359303,0.359238,-0.18482,0.331032,0.487021,0.163458,0.337374,0.497163,-0.230375,0.349939,0.590445,0.088326,0.372097,0.600653,-0.225153,0.349546,0.616088,0.085852,0.375973,0.636566,-0.255074,0.353774,0.615744,0.057575,0.381214,0.636615,-0.247079,0.354686,0.608974,0.074841,0.379945,0.625637,-0.220916,0.303519,0.565465,0.092614,0.323356,0.575418,-0.092835,0.275738,0.732827,0.080627,0.363942,0.735497,-0.058562,0.205409,0.878654,0.056246,0.360828,0.929716,-0.030755,0.181327,0.895844,0.050296,0.344251,0.958964,-0.029477,0.222355,0.958807,0.00741,0.402048,0.985142,-0.071022
EH_Lat_1_3.9.26,3,712.77,642.41,0,712.77,642.41,0.9885,712.32,648.49,0.9981,0.402603,0.2835,-0.052039,0.396086,0.265535,-0.040888,0.39419,0.264527,-0.041081,0.392291,0.2636,-0.041024,0.396218,0.26596,-0.071507,0.394479,0.265414,-0.071799,0.392607,0.26476,-0.071893,0.380032,0.266636,0.014572,0.379693,0.268342,-0.121678,0.395425,0.297964,-0.02572,0.395206,0.297756,-0.066894,0.349528,0.348133,0.12403,0.358223,0.359589,-0.184642,0.331033,0.488158,0.16388,0.336428,0.497162,-0.230541,0.350226,0.590839,0.088537,0.371,0.600455,-0.224539,0.349072,0.617299,0.086001,0.374696,0.635762,-0.254283,0.353961,0.618007,0.057613,0.379504,0.635677,-0.246365,0.354781,0.61037,0.074918,0.378182,0.624731,-0.220314,0.302975,0.566168,0.092596,0.321999,0.575574,-0.092816,0.274654,0.733062,0.077156,0.363492,0.735336,-0.056966,0.204504,0.880028,0.049665,0.360818,0.929557,-0.030195,0.180655,0.897568,0.043293,0.344144,0.958791,-0.029182,0.221352,0.958788,-0.002062,0.402034,0.985511,-0.070909
EH_Lat_1_3.9.26,4,705.96,642.3,0,705.96,642.3,0.9893,709.9,648.35,0.9981,0.400993,0.282313,-0.052874,0.394134,0.265004,-0.041254,0.392078,0.264052,-0.041445,0.39,0.263179,-0.04139,0.39451,0.265491,-0.072331,0.392821,0.265026,-0.072618,0.391,0.264448,-0.072709,0.377206,0.266637,0.014482,0.377547,0.268408,-0.123226,0.393835,0.297232,-0.026312,0.393972,0.297081,-0.068108,0.348475,0.348644,0.123821,0.356272,0.360557,-0.187144,0.329975,0.488789,0.160844,0.334372,0.497293,-0.234132,0.349563,0.591237,0.080211,0.369741,0.600323,-0.226477,0.347057,0.618648,0.076683,0.373679,0.634909,-0.256464,0.353489,0.619151,0.048067,0.378182,0.634647,-0.2486,0.354116,0.611642,0.066183,0.376746,0.623015,-0.222303,0.302343,0.566374,0.092611,0.320262,0.575609,-0.092831,0.27328,0.733195,0.072685,0.362868,0.734741,-0.052835,0.203667,0.88098,0.036264,0.360793,0.929366,-0.020575,0.180229,0.898826,0.028895,0.344056,0.958749,-0.018992,0.221376,0.958749,-0.017521,0.401803,0.98541,-0.059255
EH_Lat_1_3.9.26,5,703.66,643.83,0,703.66,643.83,0.9911,708.05,648.33,0.9981,0.399985,0.282209,-0.056781,0.393197,0.264911,-0.044671,0.391086,0.263992,-0.044858,0.388946,0.263147,-0.044797,0.39349,0.265361,-0.076348,0.3917,0.264905,-0.076634,0.389794,0.264355,-0.076726,0.37577,0.266713,0.01301,0.375895,0.268418,-0.127786,0.392719,0.29724,-0.029543,0.392835,0.29709,-0.072095,0.346772,0.349674,0.12294,0.354681,0.362287,-0.191987,0.328356,0.489149,0.160057,0.332879,0.497404,-0.237309,0.343288,0.601977,0.080654,0.368775,0.600307,-0.228353,0.34391,0.619029,0.077532,0.37304,0.63468,-0.258742,0.351317,0.621027,0.049054,0.377526,0.634315,-0.25073,0.349597,0.611643,0.06675,0.375834,0.622806,-0.224068,0.300562,0.56791,0.092965,0.318669,0.577005,-0.093174,0.271837,0.733665,0.094979,0.362444,0.734812,-0.05212,0.202477,0.882033,0.088683,0.360751,0.929333,-0.018235,0.179107,0.900752,0.084727,0.344035,0.958746,-0.01636,0.221435,0.95877,0.046256,0.401812,0.985409,-0.056877
EH_Lat_1_3.9.26,6,698.35,641.43,0,698.35,641.43,0.9918,702.56,646.03,0.9976,0.398281,0.282818,-0.056271,0.391277,0.265444,-0.043577,0.389087,0.264454,-0.043758,0.386878,0.26355,-0.0437,0.391731,0.265895,-0.076176,0.389983,0.265352,-0.076461,0.388112,0.26471,-0.076555,0.373861,0.267407,0.016479,0.374281,0.268873,-0.128034,0.390797,0.297974,-0.028288,0.391153,0.297773,-0.07205,0.345188,0.350801,0.129453,0.352099,0.36297,-0.195152,0.327328,0.489909,0.165255,0.330087,0.497405,-0.243052,0.342238,0.599472,0.082872,0.365916,0.598176,-0.228692,0.342933,0.618632,0.080056,0.370524,0.630176,-0.258895,0.350259,0.620879,0.051649,0.375323,0.62927,-0.250736,0.347573,0.611137,0.069085,0.373168,0.619308,-0.224231,0.299395,0.568723,0.096337,0.317119,0.577442,-0.096527,0.27005,0.734507,0.100593,0.362066,0.734813,-0.054234,0.201393,0.883695,0.095491,0.360725,0.929321,-0.021357,0.178445,0.902592,0.09148,0.343944,0.958754,-0.019573,0.221483,0.958759,0.050706,0.401819,0.985426,-0.06172
EH_Lat_1_3.9.26,7,695.81,643.53,0,695.81,643.53,0.9921,700.05,646.04,0.9976,0.395067,0.2832,-0.058311,0.388083,0.266169,-0.045419,0.385909,0.265227,-0.045601,0.383743,0.264344,-0.045542,0.388505,0.266549,-0.078096,0.386704,0.266006,-0.07838,0.384769,0.265362,-0.078472,0.37081,0.268434,0.01565,0.370824,0.269801,-0.130114,0.387012,0.298453,-0.030139,0.387281,0.298274,-0.073969,0.34272,0.351316,0.129055,0.350029,0.36509,-0.197985,0.325958,0.490818,0.165173,0.328208,0.498225,-0.246846,0.342404,0.598882,0.080047,0.364612,0.598187,-0.234726,0.341899,0.624088,0.076152,0.36942,0.630336,-0.26552,0.349526,0.621454,0.04738,0.374424,0.629485,-0.257465,0.347727,0.612328,0.065794,0.372324,0.619155,-0.230234,0.297659,0.570128,0.09676,0.315794,0.578704,-0.096952,0.26807,0.736056,0.097292,0.361893,0.734814,-0.054572,0.199589,0.885916,0.081265,0.360668,0.929248,-0.020982,0.176195,0.90524,0.075647,0.34391,0.958645,-0.019101,0.221525,0.958836,0.033614,0.401725,0.985212,-0.060434
EH_Lat_1_3.9.26,8,693.52,645.97,0,690.8,642.86,0.9925,693.52,645.97,0.9974,0.390995,0.285673,-0.051091,0.38373,0.269211,-0.038122,0.381601,0.268245,-0.03829,0.379535,0.267297,-0.038226,0.384082,0.269615,-0.070722,0.382318,0.269097,-0.07101,0.380491,0.268468,-0.0711,0.367352,0.27139,0.02277,0.367468,0.272911,-0.122925,0.382831,0.300493,-0.022682,0.383113,0.300342,-0.066535,0.34054,0.352102,0.136643,0.347529,0.367727,-0.192674,0.321382,0.491819,0.175137,0.326078,0.499552,-0.239083,0.336106,0.598489,0.090983,0.36121,0.598118,-0.219544,0.334831,0.623782,0.087922,0.366512,0.629621,-0.248269,0.342088,0.621944,0.060195,0.371313,0.628829,-0.239192,0.342139,0.61255,0.077112,0.368958,0.61827,-0.21442,0.295439,0.571439,0.09771,0.314518,0.579885,-0.097901,0.266078,0.739147,0.101463,0.361892,0.735056,-0.057601,0.197836,0.888671,0.094444,0.36066,0.929235,-0.030384,0.174187,0.910021,0.090375,0.343909,0.958601,-0.028893,0.221562,0.958878,0.052089,0.401732,0.985212,-0.068929
EH_Lat_1_3.9.26,9,688.65,645.37,0,689.45,643.38,0.9927,688.65,645.37,0.9973,0.389123,0.285888,-0.051171,0.381669,0.269392,-0.038323,0.379573,0.268512,-0.038494,0.37756,0.267648,-0.03843,0.381753,0.269718,-0.070821,0.379857,0.269213,-0.071109,0.377906,0.268593,-0.071199,0.36514,0.272297,0.022191,0.364639,0.273406,-0.123035,0.381233,0.30117,-0.022869,0.381275,0.301105,-0.066596,0.338595,0.352955,0.136299,0.345738,0.369938,-0.19262,0.320264,0.492906,0.174515,0.323002,0.500662,-0.23904,0.333025,0.5982,0.087405,0.358671,0.59756,-0.220174,0.331435,0.623219,0.083424,0.363964,0.627744,-0.24836,0.338981,0.621413,0.055951,0.369363,0.626682,-0.239916,0.339289,0.612532,0.073531,0.366596,0.617028,-0.215259,0.293333,0.572981,0.098454,0.312548,0.581529,-0.098638,0.263801,0.742529,0.103419,0.361898,0.734994,-0.060305,0.195705,0.891789,0.094899,0.360645,0.929235,-0.033962,0.171719,0.915188,0.090595,0.343911,0.958589,-0.032493,0.221591,0.95887,0.051731,0.401726,0.985201,-0.072948
EH_Lat_1_3.9.26,10,687.28,645.37,0,688.5,644.77,0.9931,687.28,645.37,0.9974,0.387329,0.289103,-0.053434,0.37989,0.272597,-0.040898,0.377858,0.271782,-0.04107,0.375893,0.270964,-0.041001,0.37982,0.273031,-0.07269,0.377893,0.272656,-0.072977,0.375898,0.27219,-0.073071,0.363549,0.276273,0.019251,0.362904,0.277432,-0.123269,0.379671,0.304283,-0.025473,0.379613,0.304375,-0.068174,0.338247,0.355254,0.131504,0.343346,0.372968,-0.192463,0.320268,0.494675,0.156653,0.320083,0.503723,-0.238996,0.334857,0.604177,0.062897,0.357956,0.597563,-0.223612,0.333651,0.624781,0.057828,0.363385,0.627113,-0.254132,0.34075,0.622219,0.02967,0.368999,0.625818,-0.243311,0.341017,0.614288,0.04878,0.366371,0.616714,-0.218244,0.291796,0.576045,0.097851,0.309587,0.584989,-0.098027,0.262595,0.743946,0.085872,0.362113,0.734506,-0.060197,0.193406,0.895959,0.046485,0.36066,0.929328,-0.03369,0.169101,0.921376,0.039052,0.343887,0.958687,-0.031732,0.221481,0.958916,-0.006103,0.40161,0.9852,-0.068113
EH_Lat_1_3.9.26,11,684.86,645.14,0,687.17,646.27,0.9931,684.86,645.14,0.9973,0.385493,0.293745,-0.063972,0.3783,0.276917,-0.051655,0.376142,0.275777,-0.051836,0.373995,0.274669,-0.051783,0.378395,0.27754,-0.084045,0.376492,0.277026,-0.084325,0.374422,0.276425,-0.08442,0.361473,0.279808,0.008382,0.360989,0.281092,-0.136617,0.377596,0.308845,-0.036125,0.377618,0.3089,-0.079526,0.336871,0.358697,0.122688,0.340558,0.375975,-0.204521,0.320916,0.499611,0.144211,0.314774,0.50776,-0.252421,0.342445,0.603637,0.041712,0.356699,0.597349,-0.239913,0.349079,0.624541,0.035248,0.3627,0.626009,-0.272413,0.354961,0.622552,0.004356,0.368811,0.623835,-0.262036,0.350588,0.614357,0.025943,0.366068,0.615575,-0.235062,0.289764,0.579201,0.098227,0.305037,0.587615,-0.098397,0.260427,0.747882,0.086715,0.363074,0.734715,-0.061682,0.19105,0.899875,0.047187,0.360699,0.929415,-0.027613,0.166623,0.925611,0.040771,0.343826,0.958568,-0.024433,0.220464,0.959148,0.001917,0.401574,0.985207,-0.060695
EH_Lat_1_3.9.26,12,686.69,646.45,0,686.69,646.45,0.993,681.0,645.13,0.9973,0.384519,0.298817,-0.064046,0.377165,0.281532,-0.051748,0.375122,0.280567,-0.051932,0.373136,0.279632,-0.051878,0.377045,0.281855,-0.084155,0.375146,0.281273,-0.084437,0.373158,0.280609,-0.084534,0.360725,0.284596,0.008173,0.359844,0.285089,-0.136831,0.376456,0.314163,-0.036193,0.376339,0.314394,-0.079631,0.336025,0.364125,0.122556,0.339154,0.379074,-0.203647,0.320762,0.503988,0.146702,0.312791,0.510127,-0.250574,0.344823,0.602954,0.046662,0.354686,0.597339,-0.234174,0.353157,0.624565,0.041045,0.361084,0.625627,-0.266386,0.356924,0.622842,0.010377,0.367636,0.623421,-0.255696,0.352871,0.614741,0.031105,0.364659,0.615337,-0.229152,0.286973,0.582831,0.098499,0.303178,0.591603,-0.098663,0.257999,0.752789,0.100596,0.363901,0.734796,-0.066366,0.189456,0.903693,0.093814,0.361054,0.92943,-0.027514,0.165184,0.930656,0.090287,0.343822,0.958161,-0.024184,0.220478,0.959382,0.056459,0.401576,0.985129,-0.056141
EH_Lat_1_3.9.26,13,680.27,645.66,0,680.27,645.66,0.9929,677.43,644.26,0.9973,0.382848,0.302577,-0.06336,0.375657,0.285678,-0.051571,0.37367,0.284561,-0.051754,0.371713,0.28344,-0.051692,0.37572,0.286393,-0.083357,0.374014,0.285889,-0.083642,0.372208,0.285216,-0.08374,0.359442,0.287975,0.009153,0.359085,0.28939,-0.135678,0.374969,0.31777,-0.035681,0.375093,0.317919,-0.078582,0.335841,0.369427,0.123528,0.336531,0.382861,-0.202456,0.320963,0.507672,0.148572,0.312083,0.513292,-0.249821,0.34541,0.602342,0.055853,0.35283,0.596541,-0.228614,0.354891,0.624344,0.050752,0.360032,0.623071,-0.26028,0.358851,0.623184,0.019961,0.366237,0.621072,-0.250881,0.353604,0.614811,0.04039,0.363245,0.612465,-0.22407,0.284957,0.586644,0.099445,0.299335,0.59325,-0.099595,0.25585,0.758318,0.099773,0.364044,0.734631,-0.072133,0.187836,0.908271,0.091572,0.361297,0.929461,-0.034443,0.163821,0.934838,0.087507,0.343936,0.958165,-0.03148,0.219721,0.959387,0.049479,0.401863,0.984669,-0.063369
EH_Lat_1_3.9.26,14,676.9,645.45,0,676.9,645.45,0.9933,674.03,643.5,0.9971,0.380142,0.306856,-0.060244,0.37305,0.289992,-0.04769,0.371179,0.288904,-0.047871,0.369394,0.287807,-0.047812,0.373131,0.290713,-0.080539,0.371454,0.290205,-0.080822,0.369732,0.289576,-0.080923,0.357407,0.292224,0.013226,0.356882,0.294003,-0.13514,0.372645,0.322027,-0.03254,0.372701,0.322163,-0.076693,0.333714,0.372128,0.127615,0.334769,0.385994,-0.201398,0.320433,0.510308,0.154103,0.309071,0.515066,-0.243808,0.34536,0.602511,0.061554,0.351055,0.595832,-0.213112,0.354246,0.624445,0.057084,0.358815,0.621543,-0.242374,0.358247,0.623713,0.026979,0.364959,0.619781,-0.23321,0.353562,0.615662,0.046551,0.361769,0.610943,-0.208206,0.282685,0.591623,0.100836,0.296487,0.596552,-0.100979,0.254181,0.763087,0.105296,0.364078,0.734438,-0.078801,0.185721,0.912121,0.099043,0.361377,0.929717,-0.048341,0.162776,0.937961,0.0951,0.343938,0.958799,-0.046015,0.21862,0.95929,0.056772,0.401907,0.984432,-0.078405
EH_Lat_1_3.9.26,15,675.64,648.44,0,675.64,648.44,0.9933,669.75,643.81,0.9969,0.379547,0.311562,-0.059911,0.372634,0.294484,-0.047518,0.370839,0.293239,-0.0477,0.369087,0.292022,-0.047639,0.372582,0.295407,-0.080157,0.370935,0.294866,-0.08044,0.369248,0.294201,-0.08054,0.357258,0.296037,0.013609,0.356784,0.29804,-0.134557,0.372066,0.326584,-0.032285,0.3721,0.326726,-0.076261,0.333605,0.376659,0.128071,0.332138,0.389391,-0.201321,0.320733,0.514473,0.156731,0.306413,0.519338,-0.243619,0.347007,0.60318,0.064412,0.348829,0.59612,-0.215081,0.357199,0.626737,0.060074,0.35638,0.621963,-0.244445,0.360703,0.6268,0.029503,0.363021,0.620227,-0.236023,0.355818,0.617382,0.049228,0.359717,0.611235,-0.210507,0.281353,0.595167,0.10132,0.294361,0.599521,-0.101462,0.253095,0.766607,0.105469,0.364412,0.73495,-0.079483,0.184377,0.915269,0.099263,0.361611,0.929708,-0.04449,0.161479,0.942227,0.095103,0.344349,0.958891,-0.04204,0.218725,0.959294,0.05629,0.401888,0.984295,-0.076609
EH_Lat_1_3.9.26,16,673.72,650.67,0,673.72,650.67,0.9935,668.15,644.14,0.9968,0.379047,0.316458,-0.060312,0.372475,0.298876,-0.048009,0.370679,0.297834,-0.048196,0.368913,0.296793,-0.048141,0.372348,0.299526,-0.080684,0.370679,0.298997,-0.080964,0.368983,0.298354,-0.081063,0.35685,0.300215,0.012225,0.356373,0.301734,-0.13539,0.371092,0.331699,-0.032844,0.371116,0.331928,-0.076774,0.331382,0.378627,0.125692,0.330141,0.391856,-0.201252,0.319997,0.516274,0.157026,0.304109,0.52189,-0.24278,0.347727,0.603127,0.06481,0.347997,0.596425,-0.215002,0.358351,0.62771,0.060625,0.355961,0.622275,-0.244382,0.361026,0.627033,0.02933,0.362509,0.620577,-0.235611,0.356696,0.618049,0.049299,0.35903,0.611535,-0.21036,0.279674,0.597951,0.101102,0.29275,0.602008,-0.10125,0.251855,0.769647,0.106259,0.364652,0.734993,-0.076573,0.183017,0.919117,0.101029,0.361763,0.929528,-0.043293,0.159668,0.945229,0.097044,0.344463,0.959029,-0.041875,0.217508,0.959246,0.05838,0.401822,0.983899,-0.067899
EH_Lat_1_3.9.26,17,666.62,647.09,0,666.62,647.09,0.9911,666.16,644.38,0.9968,0.377223,0.319591,-0.053003,0.370873,0.30127,-0.040465,0.369112,0.300323,-0.040652,0.367383,0.299385,-0.040599,0.37076,0.301797,-0.073249,0.369138,0.301281,-0.073527,0.367517,0.300678,-0.073625,0.355474,0.303126,0.018179,0.355134,0.304372,-0.129143,0.369154,0.335161,-0.026078,0.369217,0.33538,-0.070099,0.328168,0.381031,0.129351,0.328087,0.396059,-0.195063,0.317591,0.517373,0.164078,0.30205,0.524504,-0.22641,0.347699,0.602865,0.069248,0.34696,0.596645,-0.195214,0.357976,0.627426,0.065846,0.355778,0.622577,-0.222833,0.360526,0.626785,0.033391,0.361823,0.620696,-0.213446,0.356677,0.617902,0.053208,0.35836,0.611655,-0.190066,0.277837,0.600545,0.100958,0.291361,0.605075,-0.101111,0.250616,0.772431,0.108337,0.364813,0.735086,-0.081041,0.182085,0.921607,0.106675,0.362028,0.929461,-0.045224,0.159135,0.949266,0.103218,0.344783,0.95893,-0.042657,0.217666,0.959252,0.066447,0.401795,0.983483,-0.069144
EH_Lat_1_3.9.26,18,669.78,652.33,0,669.78,652.33,0.9935,662.45,645.68,0.9968,0.375845,0.322269,-0.052503,0.369413,0.303649,-0.039632,0.367596,0.302644,-0.039821,0.365878,0.301729,-0.039771,0.369325,0.30423,-0.072706,0.36762,0.30362,-0.07298,0.36598,0.302968,-0.073072,0.353989,0.305735,0.019312,0.353831,0.3067,-0.128927,0.368136,0.337738,-0.025521,0.368243,0.337971,-0.069799,0.327577,0.384407,0.130653,0.326358,0.39858,-0.195151,0.316811,0.518443,0.166877,0.301928,0.527477,-0.227948,0.348325,0.602737,0.069918,0.345024,0.597855,-0.199605,0.359088,0.627255,0.066407,0.353302,0.623642,-0.227401,0.361608,0.626648,0.034409,0.360237,0.620832,-0.219533,0.35752,0.617718,0.05412,0.356718,0.611955,-0.195052,0.276929,0.602231,0.100943,0.290211,0.607002,-0.101099,0.250034,0.774767,0.107352,0.364846,0.735344,-0.081981,0.181508,0.923048,0.105863,0.362163,0.929447,-0.044149,0.158499,0.950719,0.10201,0.344941,0.95894,-0.041349,0.217226,0.959251,0.06062,0.401763,0.983219,-0.068981
EH_Lat_1_3.9.26,19,664.0,649.7,0,664.0,649.7,0.9904,660.12,646.78,0.9967,0.374889,0.324559,-0.058169,0.368572,0.306066,-0.044687,0.366765,0.304942,-0.044879,0.365052,0.303956,-0.044827,0.368494,0.306758,-0.078025,0.366789,0.306142,-0.078295,0.365167,0.305546,-0.078389,0.353077,0.307595,0.015966,0.352918,0.30884,-0.133063,0.367368,0.339251,-0.030647,0.367447,0.339368,-0.075183,0.327688,0.386986,0.128541,0.324197,0.401062,-0.199357,0.315773,0.517953,0.165216,0.299462,0.529595,-0.229722,0.348273,0.602591,0.066325,0.343811,0.598873,-0.204733,0.358361,0.627045,0.062012,0.352209,0.623946,-0.233257,0.361033,0.626478,0.030512,0.358845,0.620915,-0.225138,0.357284,0.617595,0.05055,0.355291,0.612189,-0.200156,0.275727,0.60353,0.100954,0.288182,0.608744,-0.101107,0.248468,0.777191,0.11575,0.364854,0.735385,-0.081578,0.180793,0.924634,0.121094,0.362237,0.929505,-0.042209,0.158366,0.952564,0.117956,0.345287,0.958965,-0.039586,0.217359,0.959251,0.078991,0.402036,0.983237,-0.068492
EH_Lat_1_3.9.26,20,661.86,649.1,0,661.86,649.1,0.9909,656.75,648.69,0.9968,0.373983,0.32573,-0.058586,0.367685,0.307103,-0.044986,0.366008,0.305967,-0.045179,0.364397,0.30495,-0.045128,0.367458,0.307751,-0.078343,0.365821,0.307149,-0.078613,0.364206,0.306555,-0.078704,0.352386,0.308517,0.015909,0.351845,0.309719,-0.133156,0.366531,0.340253,-0.03104,0.366452,0.340381,-0.075564,0.327088,0.389891,0.128502,0.32308,0.403615,-0.199725,0.314972,0.517948,0.169111,0.297965,0.53139,-0.230486,0.348261,0.602526,0.07452,0.342059,0.600636,-0.207104,0.358166,0.626873,0.071052,0.351028,0.6256,-0.235973,0.360907,0.62632,0.038097,0.357729,0.62137,-0.227707,0.357182,0.617564,0.058257,0.354492,0.61305,-0.202489,0.274726,0.605437,0.100916,0.286858,0.610978,-0.101069,0.247168,0.778443,0.113565,0.364812,0.735403,-0.080736,0.179563,0.925367,0.113387,0.362251,0.929506,-0.041662,0.157741,0.953061,0.109775,0.345373,0.958809,-0.038816,0.217167,0.959248,0.072678,0.402152,0.983139,-0.067747
EH_Lat_1_3.9.26,21,659.66,648.41,0,659.66,648.41,0.9908,655.32,650.34,0.9969,0.372993,0.328461,-0.058368,0.366905,0.309651,-0.044609,0.365298,0.308424,-0.044804,0.363728,0.307315,-0.044753,0.366534,0.310162,-0.077976,0.364878,0.309426,-0.078245,0.36314,0.308683,-0.078335,0.351511,0.31036,0.016201,0.350359,0.311316,-0.132683,0.365529,0.342377,-0.030868,0.365282,0.342481,-0.075461,0.326185,0.393495,0.128512,0.321946,0.405903,-0.199149,0.313433,0.520286,0.168754,0.297231,0.532893,-0.229118,0.347491,0.602297,0.072956,0.341311,0.60217,-0.204143,0.357689,0.626767,0.06885,0.350214,0.626783,-0.232957,0.360705,0.626214,0.036408,0.356828,0.621919,-0.22477,0.357069,0.617422,0.056791,0.353852,0.613845,-0.199535,0.273824,0.606356,0.100866,0.285544,0.611474,-0.101022,0.246924,0.778878,0.111798,0.364607,0.735343,-0.081195,0.179029,0.925717,0.109267,0.362255,0.929552,-0.042172,0.157465,0.953394,0.105511,0.345383,0.958577,-0.039094,0.217071,0.959294,0.069343,0.402153,0.983085,-0.067596
EH_Lat_1_3.9.26,22,655.8,647.44,0,655.8,647.44,0.9908,651.88,651.47,0.997,0.372014,0.32947,-0.058564,0.365848,0.310623,-0.044868,0.364332,0.309456,-0.045063,0.362771,0.308316,-0.045012,0.365513,0.311075,-0.078101,0.363944,0.310356,-0.07837,0.362164,0.309573,-0.078461,0.350581,0.31126,0.01579,0.349312,0.312187,-0.132586,0.364628,0.343461,-0.031181,0.364376,0.343587,-0.075534,0.324985,0.394891,0.128376,0.321673,0.407495,-0.19929,0.312776,0.520302,0.169232,0.29657,0.533677,-0.229897,0.346903,0.602236,0.07503,0.339523,0.603212,-0.205889,0.357267,0.626681,0.071295,0.348634,0.627963,-0.234899,0.36052,0.626122,0.038443,0.355428,0.622576,-0.226677,0.356988,0.617356,0.058772,0.352595,0.614776,-0.20128,0.273083,0.606724,0.100823,0.284797,0.612125,-0.100977,0.246431,0.778224,0.113414,0.363973,0.735344,-0.083226,0.177966,0.925492,0.111872,0.3621,0.929498,-0.046379,0.157086,0.954044,0.108195,0.345242,0.958283,-0.043371,0.21573,0.958864,0.071628,0.401976,0.982903,-0.071496
EH_Lat_1_3.9.26,23,653.87,647.55,0,653.87,647.55,0.9908,649.66,652.17,0.9971,0.371677,0.330438,-0.057219,0.365578,0.31197,-0.043759,0.364037,0.31072,-0.043955,0.362436,0.309466,-0.043905,0.365216,0.312418,-0.076645,0.363624,0.311643,-0.076913,0.361809,0.310762,-0.077003,0.35023,0.311706,0.016089,0.348904,0.312689,-0.130793,0.364142,0.343999,-0.030161,0.363891,0.344176,-0.074085,0.324623,0.395469,0.128522,0.321327,0.407188,-0.197818,0.312169,0.520227,0.168942,0.296299,0.533823,-0.225678,0.345869,0.602058,0.073795,0.338363,0.603863,-0.197185,0.357028,0.626723,0.069583,0.347723,0.628806,-0.225563,0.360452,0.626016,0.037178,0.354652,0.622966,-0.217418,0.356639,0.617295,0.057647,0.351764,0.61529,-0.192506,0.272493,0.607035,0.100753,0.283883,0.612042,-0.100908,0.246188,0.777853,0.114548,0.363348,0.735323,-0.081702,0.177563,0.925319,0.113505,0.362022,0.929219,-0.045104,0.156848,0.953993,0.109967,0.345046,0.95772,-0.041142,0.215025,0.958619,0.073892,0.401632,0.982628,-0.064998
EH_Lat_1_3.9.26,24,653.62,649.82,0,653.62,649.82,0.9937,647.82,652.4,0.9973,0.371379,0.331397,-0.055161,0.365339,0.312824,-0.042287,0.363773,0.311456,-0.042482,0.362149,0.310091,-0.04243,0.36501,0.313292,-0.074609,0.363426,0.312423,-0.07488,0.361657,0.311465,-0.07497,0.350092,0.311764,0.016222,0.348869,0.312791,-0.128587,0.363585,0.344575,-0.028679,0.363397,0.344797,-0.071869,0.323292,0.394698,0.12828,0.320998,0.407122,-0.194675,0.31148,0.519943,0.165065,0.296485,0.533732,-0.218438,0.343867,0.602022,0.066155,0.337406,0.60407,-0.18621,0.355013,0.626681,0.061654,0.34728,0.628901,-0.213587,0.35947,0.625984,0.029985,0.353889,0.622993,-0.204719,0.355397,0.617278,0.050335,0.35094,0.615491,-0.181208,0.272424,0.606847,0.100385,0.283145,0.611784,-0.100537,0.245679,0.777494,0.11311,0.36058,0.734998,-0.080691,0.176915,0.925261,0.112337,0.361966,0.92912,-0.04345,0.156877,0.95342,0.108896,0.344893,0.957493,-0.038626,0.214294,0.958278,0.070925,0.401338,0.982155,-0.059075
EH_Lat_1_3.9.26,25,653.07,649.61,0,653.07,649.61,0.9935,646.68,652.32,0.9974,0.370865,0.330693,-0.053883,0.364992,0.312426,-0.040752,0.363408,0.311075,-0.040944,0.361856,0.309782,-0.040889,0.364565,0.312985,-0.073196,0.362867,0.312167,-0.073469,0.361074,0.311317,-0.073552,0.349771,0.311785,0.017741,0.348406,0.313073,-0.127232,0.363309,0.344042,-0.027357,0.363032,0.344344,-0.070669,0.322273,0.393524,0.128743,0.320196,0.408664,-0.192871,0.310162,0.51919,0.168758,0.295862,0.53362,-0.217058,0.339654,0.600524,0.076067,0.33681,0.604004,-0.182813,0.350501,0.625201,0.073109,0.345866,0.628818,-0.209236,0.356025,0.624635,0.042028,0.35284,0.623126,-0.200853,0.350217,0.615631,0.060732,0.349844,0.615516,-0.177827,0.272327,0.606304,0.100104,0.282833,0.612039,-0.100257,0.245379,0.777524,0.110162,0.360513,0.735002,-0.08046,0.176961,0.925442,0.093003,0.361834,0.929069,-0.042511,0.156734,0.953991,0.087984,0.344883,0.957385,-0.038066,0.214291,0.958271,0.054145,0.401215,0.981799,-0.057773
EH_Lat_1_3.9.26,26,652.52,649.19,0,652.52,649.19,0.9933,645.38,652.31,0.9974,0.370535,0.330046,-0.053806,0.36467,0.312007,-0.040695,0.363002,0.310646,-0.040885,0.361404,0.309394,-0.040828,0.364203,0.312654,-0.073093,0.362377,0.311854,-0.073369,0.360537,0.311054,-0.073456,0.349102,0.311767,0.017695,0.347771,0.313075,-0.12705,0.36298,0.343581,-0.027262,0.362687,0.343862,-0.070538,0.321849,0.392043,0.128713,0.319307,0.408692,-0.192676,0.308623,0.51879,0.168706,0.294717,0.533339,-0.219458,0.3352,0.599234,0.080312,0.336137,0.603987,-0.188072,0.342699,0.622497,0.07831,0.344859,0.628139,-0.214883,0.349334,0.623358,0.049085,0.35182,0.622898,-0.205659,0.343156,0.612841,0.065843,0.348603,0.615339,-0.182804,0.271959,0.605757,0.099912,0.282796,0.611804,-0.100065,0.245041,0.777407,0.1095,0.360356,0.734992,-0.080486,0.176845,0.925529,0.090116,0.361837,0.92914,-0.043956,0.156426,0.954094,0.084942,0.344955,0.957379,-0.039869,0.21443,0.958394,0.050817,0.401218,0.981672,-0.059796
EH_Lat_1_3.9.26,27,652.29,648.01,0,652.29,648.01,0.9935,643.55,652.19,0.9975,0.370327,0.329188,-0.050405,0.364564,0.311236,-0.037011,0.362849,0.309902,-0.037195,0.361214,0.308663,-0.037127,0.364047,0.311821,-0.069753,0.362117,0.31099,-0.070034,0.360221,0.310153,-0.070123,0.348809,0.31108,0.022402,0.347482,0.312297,-0.12384,0.362594,0.342996,-0.023325,0.362268,0.34329,-0.067111,0.320757,0.390991,0.133082,0.319344,0.40727,-0.1905,0.306112,0.518354,0.170191,0.29414,0.532497,-0.217011,0.333181,0.598936,0.079956,0.335183,0.603884,-0.181249,0.339207,0.621165,0.077653,0.343948,0.627753,-0.207396,0.346253,0.622575,0.048236,0.351097,0.622777,-0.197523,0.340078,0.612182,0.065391,0.347647,0.615203,-0.175517,0.2717,0.605324,0.099884,0.283132,0.611268,-0.100038,0.244841,0.776956,0.109478,0.359829,0.734991,-0.081732,0.176987,0.925586,0.09097,0.361833,0.929139,-0.050309,0.156347,0.954068,0.085953,0.345001,0.957381,-0.047014,0.214561,0.958421,0.053508,0.401222,0.981612,-0.06914
EH_Lat_1_3.9.26,28,652.83,647.17,0,652.83,647.17,0.993,642.39,651.93,0.9975,0.370382,0.328154,-0.048723,0.364665,0.310343,-0.035266,0.362926,0.309055,-0.035449,0.36128,0.307861,-0.035385,0.364131,0.310895,-0.068112,0.362149,0.310079,-0.06839,0.360216,0.30926,-0.068476,0.348934,0.310527,0.023865,0.347598,0.311762,-0.122668,0.362832,0.342065,-0.021726,0.362478,0.34236,-0.065644,0.321418,0.391356,0.134333,0.319143,0.406615,-0.189449,0.306952,0.518061,0.174491,0.292975,0.531821,-0.215851,0.334158,0.598067,0.084505,0.334577,0.603642,-0.17985,0.340802,0.621071,0.082185,0.343069,0.62759,-0.205854,0.347087,0.62232,0.051714,0.350699,0.622654,-0.197267,0.341532,0.611441,0.069444,0.347224,0.61499,-0.174676,0.271587,0.604988,0.099841,0.283302,0.610993,-0.099995,0.244483,0.776474,0.10912,0.359642,0.735028,-0.081394,0.177208,0.925291,0.092244,0.361791,0.929102,-0.048368,0.156549,0.953591,0.087461,0.345049,0.957291,-0.045134,0.214656,0.958423,0.054938,0.401212,0.981759,-0.068885
EH_Lat_1_3.9.26,29,652.49,646.1,0,652.49,646.1,0.9928,641.8,651.7,0.9974,0.370676,0.328084,-0.048127,0.364914,0.310272,-0.034601,0.363155,0.308953,-0.034781,0.361493,0.307759,-0.034715,0.364424,0.310895,-0.067391,0.362453,0.310086,-0.067671,0.360535,0.309293,-0.067762,0.349143,0.310626,0.024963,0.347973,0.312073,-0.121373,0.36317,0.341925,-0.020941,0.362892,0.342189,-0.064824,0.321209,0.390697,0.134601,0.31886,0.406727,-0.187708,0.30521,0.517781,0.173815,0.292258,0.531323,-0.215352,0.330852,0.598246,0.083724,0.334272,0.603423,-0.179496,0.330985,0.620963,0.081157,0.342756,0.62657,-0.205353,0.339491,0.621594,0.050527,0.350148,0.622099,-0.195674,0.33681,0.613266,0.068516,0.346491,0.614516,-0.173859,0.271569,0.604507,0.099713,0.28338,0.610524,-0.099867,0.244218,0.775927,0.109136,0.359194,0.73499,-0.080994,0.177023,0.924952,0.093408,0.361752,0.928845,-0.050983,0.156515,0.953437,0.088834,0.345122,0.957047,-0.048154,0.214705,0.958424,0.056243,0.401762,0.981755,-0.074029
EH_Lat_1_3.9.26,30,655.08,646.76,0,655.08,646.76,0.9928,641.8,651.05,0.9974,0.370868,0.327399,-0.050258,0.365256,0.309577,-0.036436,0.36353,0.308277,-0.036613,0.361885,0.307093,-0.03654,0.364684,0.310182,-0.069297,0.362682,0.309384,-0.069581,0.36072,0.308597,-0.069674,0.349478,0.309996,0.024615,0.348173,0.311422,-0.12219,0.363396,0.341337,-0.022545,0.363055,0.341605,-0.066523,0.321798,0.390174,0.134392,0.319168,0.405986,-0.188294,0.305655,0.517558,0.172653,0.291498,0.531029,-0.216423,0.330806,0.598234,0.082644,0.334269,0.602822,-0.182588,0.333346,0.620974,0.080322,0.342711,0.625742,-0.20955,0.340963,0.621554,0.050416,0.350195,0.621564,-0.200991,0.338071,0.613271,0.067728,0.346442,0.613991,-0.177688,0.271534,0.604138,0.099704,0.283388,0.610166,-0.099859,0.24398,0.775542,0.111895,0.358978,0.734957,-0.081521,0.177231,0.924661,0.099931,0.361735,0.928845,-0.053192,0.156722,0.95287,0.095794,0.345132,0.957098,-0.050486,0.214756,0.958426,0.063475,0.401769,0.981802,-0.077411
EH_Lat_1_3.9.26,31,654.06,645.22,0,654.06,645.22,0.9927,642.45,651.04,0.9973,0.371077,0.326911,-0.049432,0.365428,0.309042,-0.035346,0.363683,0.307752,-0.035525,0.362026,0.306581,-0.035459,0.364868,0.309625,-0.068417,0.362868,0.308826,-0.068699,0.360938,0.30804,-0.06879,0.34962,0.309531,0.026259,0.348452,0.31091,-0.121412,0.363626,0.34097,-0.021571,0.363297,0.341229,-0.065797,0.32228,0.389999,0.136291,0.319326,0.405388,-0.187962,0.30643,0.517472,0.172413,0.291447,0.530973,-0.21749,0.332018,0.598334,0.078553,0.334609,0.602812,-0.185344,0.335072,0.621984,0.074776,0.342895,0.625775,-0.212488,0.342007,0.622128,0.044604,0.350505,0.621639,-0.203895,0.339457,0.613439,0.063242,0.346773,0.614009,-0.180391,0.27163,0.60382,0.099736,0.283393,0.61009,-0.099892,0.243772,0.775177,0.111666,0.358894,0.734908,-0.081642,0.177,0.924593,0.099559,0.361692,0.928358,-0.051286,0.156617,0.95313,0.095332,0.345131,0.956446,-0.048495,0.214759,0.958324,0.061714,0.401615,0.981789,-0.076073
EH_Lat_1_3.9.26,32,657.98,645.74,0,657.98,645.74,0.9928,643.75,650.82,0.9973,0.371437,0.32648,-0.046818,0.365728,0.30867,-0.032924,0.363983,0.307394,-0.033106,0.362326,0.306212,-0.03304,0.365197,0.309227,-0.06599,0.363221,0.30843,-0.066274,0.361308,0.307627,-0.066363,0.349947,0.309126,0.027993,0.348804,0.310496,-0.119426,0.363972,0.340592,-0.019111,0.363662,0.340842,-0.063318,0.32261,0.389658,0.137643,0.31986,0.404983,-0.186412,0.306661,0.517369,0.172067,0.291207,0.530269,-0.216333,0.332767,0.59839,0.074839,0.335285,0.602615,-0.185204,0.336557,0.62259,0.070314,0.343608,0.625655,-0.212461,0.343035,0.622355,0.040207,0.351102,0.62156,-0.203307,0.340325,0.613453,0.059472,0.347488,0.613851,-0.179988,0.271808,0.603561,0.099722,0.283475,0.610038,-0.099877,0.243723,0.774882,0.10896,0.358919,0.734887,-0.080102,0.176509,0.92443,0.089965,0.361666,0.928117,-0.048547,0.156121,0.953036,0.084924,0.345143,0.956174,-0.045492,0.214521,0.958066,0.04998,0.401587,0.981787,-0.070489
EH_Lat_1_3.9.26,33,659.2,645.0,0,659.2,645.0,0.9929,644.75,650.49,0.9972,0.371658,0.326187,-0.046767,0.365884,0.308308,-0.033201,0.364154,0.307039,-0.033387,0.362504,0.305865,-0.033324,0.365415,0.308864,-0.066254,0.363481,0.308072,-0.066537,0.361584,0.307278,-0.066627,0.350192,0.308834,0.027039,0.349031,0.310196,-0.119843,0.364135,0.34038,-0.019343,0.363884,0.340649,-0.063541,0.322778,0.389503,0.137021,0.320291,0.404672,-0.186599,0.307099,0.517719,0.171964,0.291931,0.529833,-0.217429,0.333069,0.598532,0.07322,0.335808,0.602307,-0.186343,0.338081,0.622702,0.068814,0.344148,0.62556,-0.213485,0.344866,0.622493,0.038255,0.351465,0.621304,-0.204311,0.342601,0.613574,0.057684,0.347929,0.613408,-0.18112,0.272024,0.603346,0.099837,0.283679,0.609964,-0.099993,0.243563,0.774654,0.107488,0.35887,0.734862,-0.079967,0.176523,0.924166,0.086241,0.36166,0.928092,-0.048546,0.156284,0.95263,0.081002,0.34514,0.956082,-0.045641,0.214302,0.957122,0.045417,0.401884,0.981788,-0.070808
EH_Lat_1_3.9.26,34,663.37,646.35,0,663.37,646.35,0.9924,645.64,649.51,0.9974,0.37188,0.325915,-0.036795,0.366075,0.308142,-0.023369,0.364345,0.306875,-0.02355,0.362692,0.305686,-0.023482,0.365623,0.308686,-0.056246,0.363703,0.307886,-0.056535,0.361815,0.307072,-0.056632,0.350394,0.308622,0.035711,0.349265,0.30999,-0.110807,0.364354,0.340137,-0.009685,0.36411,0.340394,-0.053718,0.323026,0.389254,0.144599,0.320684,0.404471,-0.178549,0.307305,0.517693,0.17998,0.292646,0.529036,-0.203288,0.332607,0.598524,0.083937,0.336272,0.601396,-0.167028,0.337094,0.622656,0.080888,0.34418,0.625063,-0.193131,0.34473,0.622388,0.050587,0.351564,0.620757,-0.182439,0.342371,0.613526,0.068798,0.348098,0.61245,-0.160978,0.272201,0.6033,0.099814,0.283966,0.609766,-0.099969,0.243446,0.77445,0.107887,0.35889,0.734914,-0.080724,0.176361,0.923988,0.089338,0.361644,0.928086,-0.049744,0.156369,0.952456,0.084707,0.34514,0.955979,-0.046607,0.214006,0.956997,0.052499,0.401999,0.981764,-0.070841
EH_Lat_1_3.9.26,35,664.24,644.79,0,664.24,644.79,0.9926,646.32,649.16,0.9975,0.371938,0.325737,-0.03837,0.366186,0.307862,-0.025143,0.364463,0.306593,-0.025328,0.362823,0.305413,-0.025265,0.365693,0.308411,-0.058159,0.36373,0.307611,-0.058446,0.361888,0.306803,-0.058541,0.350496,0.308443,0.033815,0.349421,0.309789,-0.113013,0.36451,0.340072,-0.01121,0.364244,0.340338,-0.055443,0.323238,0.38922,0.143787,0.320925,0.404182,-0.180314,0.307587,0.517706,0.182181,0.293192,0.528573,-0.206136,0.333101,0.598517,0.088738,0.336624,0.601072,-0.169559,0.339744,0.622652,0.086236,0.344335,0.625034,-0.194954,0.347178,0.622539,0.054547,0.351831,0.620662,-0.186492,0.344956,0.61366,0.073127,0.348184,0.612304,-0.164296,0.272383,0.603113,0.099993,0.284324,0.609646,-0.100149,0.243342,0.774282,0.109115,0.358916,0.734933,-0.082731,0.176305,0.923819,0.096076,0.361639,0.928124,-0.053486,0.15647,0.952229,0.092,0.345178,0.955988,-0.05056,0.213874,0.95609,0.05929,0.401998,0.981194,-0.075277
EH_Lat_1_3.9.26,36,665.63,643.68,0,665.63,643.68,0.9925,646.73,649.11,0.9974,0.371992,0.325613,-0.039485,0.366239,0.307676,-0.026335,0.364503,0.306408,-0.026522,0.362855,0.305236,-0.026461,0.36579,0.308211,-0.059247,0.36385,0.307407,-0.059531,0.361997,0.3066,-0.059623,0.350659,0.308284,0.032489,0.349471,0.30961,-0.114032,0.364587,0.339991,-0.012335,0.364349,0.340266,-0.056405,0.323571,0.389024,0.143446,0.321197,0.404134,-0.181608,0.307652,0.517633,0.185295,0.293261,0.528524,-0.207564,0.334803,0.596725,0.095394,0.336837,0.601032,-0.173338,0.345642,0.622405,0.093208,0.344661,0.625075,-0.200424,0.350252,0.622152,0.061867,0.352378,0.620703,-0.190888,0.348201,0.612762,0.079925,0.348615,0.612329,-0.167761,0.27253,0.60305,0.10005,0.284487,0.609532,-0.100209,0.243486,0.774142,0.104929,0.359186,0.735163,-0.082441,0.176486,0.923665,0.088894,0.361658,0.928165,-0.052675,0.156561,0.952013,0.084187,0.345276,0.956087,-0.04987,0.213891,0.956278,0.050692,0.401998,0.980982,-0.0752
EH_Lat_1_3.9.26,37,670.13,644.78,0,670.13,644.78,0.992,649.05,649.02,0.9974,0.372398,0.325568,-0.039843,0.366383,0.307596,-0.026641,0.364638,0.306338,-0.026825,0.362952,0.305191,-0.026763,0.366042,0.308153,-0.059519,0.364187,0.307362,-0.059803,0.362395,0.306574,-0.059898,0.350796,0.308146,0.032754,0.349878,0.309475,-0.113799,0.365012,0.339893,-0.01247,0.36488,0.340178,-0.056505,0.323674,0.38857,0.143455,0.323306,0.403433,-0.181399,0.307869,0.517558,0.183138,0.294723,0.528374,-0.209532,0.334939,0.596561,0.093767,0.338048,0.600945,-0.177229,0.342954,0.620018,0.09032,0.346522,0.62515,-0.204649,0.349445,0.621773,0.058758,0.35362,0.620781,-0.194975,0.348197,0.613014,0.078011,0.350593,0.612563,-0.171701,0.272561,0.602978,0.099978,0.286285,0.609358,-0.100136,0.243631,0.774021,0.104944,0.359956,0.735176,-0.082204,0.176614,0.92353,0.093949,0.361649,0.928166,-0.050696,0.156537,0.951885,0.090024,0.345277,0.955997,-0.047478,0.213853,0.956212,0.056292,0.401891,0.981042,-0.071849
EH_Lat_1_3.9.26,38,672.06,644.74,0,672.06,644.74,0.9914,653.95,649.01,0.9975,0.373521,0.325473,-0.034956,0.367241,0.307452,-0.021409,0.365463,0.306203,-0.021583,0.363753,0.305056,-0.021517,0.366957,0.307995,-0.05451,0.365131,0.307204,-0.054793,0.36335,0.306417,-0.054889,0.351758,0.308022,0.038862,0.35095,0.309347,-0.108947,0.366027,0.339784,-0.007229,0.365954,0.340059,-0.051588,0.323711,0.388285,0.150097,0.325447,0.403391,-0.177883,0.307639,0.517488,0.191524,0.297799,0.528258,-0.205945,0.335131,0.595512,0.103046,0.340601,0.600935,-0.171549,0.342185,0.617081,0.10079,0.349335,0.625291,-0.198302,0.3492,0.620636,0.070121,0.35631,0.621069,-0.188102,0.348186,0.613017,0.087869,0.35352,0.613032,-0.165717,0.272611,0.602905,0.09999,0.287858,0.609373,-0.100148,0.243792,0.773929,0.105133,0.361048,0.735517,-0.083861,0.176675,0.923421,0.096423,0.361649,0.928215,-0.050293,0.156601,0.951761,0.092751,0.345283,0.95623,-0.047026,0.213906,0.9562,0.059082,0.401763,0.981163,-0.071759
EH_Lat_1_3.9.26,39,672.51,643.73,0,672.51,643.73,0.9911,655.49,647.21,0.9972,0.37525,0.325344,-0.025675,0.369046,0.307306,-0.012323,0.367148,0.306056,-0.012494,0.365314,0.304913,-0.012427,0.368826,0.307851,-0.045426,0.366982,0.307058,-0.045713,0.3652,0.30627,-0.045815,0.35308,0.307983,0.046823,0.352636,0.309271,-0.101163,0.367393,0.339681,0.001698,0.367421,0.339948,-0.042718,0.323995,0.388228,0.154353,0.327576,0.402624,-0.171388,0.307632,0.517742,0.189361,0.299112,0.527926,-0.198912,0.334855,0.596125,0.098729,0.341401,0.599268,-0.155866,0.340834,0.621365,0.096261,0.350864,0.623881,-0.180649,0.348798,0.621094,0.066242,0.357351,0.619604,-0.168628,0.347259,0.616177,0.083738,0.354513,0.611959,-0.149172,0.272828,0.602849,0.099985,0.289381,0.609328,-0.100143,0.243892,0.773844,0.106582,0.36232,0.735709,-0.0838,0.176774,0.923327,0.101504,0.361649,0.928216,-0.050137,0.156655,0.951641,0.098371,0.345303,0.956208,-0.046804,0.214128,0.955806,0.068131,0.401786,0.981188,-0.071125
EH_Lat_1_3.9.26,40,671.83,639.65,0,671.83,639.65,0.9849,660.1,647.09,0.9969,0.37642,0.325492,-0.025732,0.370292,0.307329,-0.01255,0.368347,0.306075,-0.012723,0.366486,0.304943,-0.012659,0.370177,0.307884,-0.045455,0.368365,0.307076,-0.04574,0.366631,0.306275,-0.045842,0.354217,0.308225,0.04623,0.354066,0.309453,-0.100967,0.368361,0.339858,0.00158,0.368515,0.340042,-0.042596,0.324366,0.38795,0.153328,0.329654,0.402332,-0.1698,0.30753,0.517874,0.188071,0.300072,0.527801,-0.198453,0.333877,0.599127,0.096974,0.343801,0.599157,-0.157235,0.336979,0.626397,0.094247,0.353461,0.623622,-0.182333,0.343639,0.621962,0.064636,0.359519,0.619613,-0.170414,0.343802,0.62007,0.082167,0.356652,0.61177,-0.15064,0.274092,0.602799,0.099763,0.291936,0.60921,-0.099922,0.243951,0.773767,0.109146,0.363784,0.736019,-0.080277,0.176872,0.923263,0.110554,0.361651,0.928229,-0.042406,0.15671,0.951881,0.107968,0.345303,0.956251,-0.038451,0.214153,0.955772,0.076004,0.401639,0.980926,-0.061769
EH_Lat_1_3.9.26,41,675.15,640.79,0,675.15,640.79,0.9915,664.4,647.02,0.996,0.377372,0.325542,-0.016193,0.371217,0.307697,-0.003607,0.369309,0.306433,-0.003773,0.367497,0.305272,-0.003711,0.371185,0.308317,-0.036273,0.369468,0.307551,-0.036558,0.367845,0.306769,-0.036655,0.355599,0.308472,0.052514,0.355794,0.309846,-0.093954,0.369331,0.339848,0.010216,0.369561,0.340034,-0.033743,0.324752,0.387288,0.156204,0.3314,0.401379,-0.16249,0.307312,0.517978,0.188439,0.303539,0.527699,-0.186785,0.332079,0.600798,0.096244,0.346044,0.599095,-0.139488,0.334022,0.630817,0.093206,0.355538,0.623459,-0.162226,0.340818,0.626944,0.064767,0.360958,0.619634,-0.151585,0.340793,0.623041,0.081879,0.358272,0.611799,-0.13309,0.275927,0.602763,0.099497,0.294492,0.609081,-0.099659,0.245026,0.773723,0.109095,0.365684,0.736071,-0.081428,0.177813,0.923216,0.108402,0.361688,0.928327,-0.04634,0.156744,0.9517,0.105305,0.345185,0.957263,-0.042667,0.214176,0.955818,0.072353,0.401646,0.980748,-0.065671
EH_Lat_1_3.9.26,42,679.85,641.02,0,679.85,641.02,0.9907,669.43,647.22,0.9941,0.378418,0.325469,-0.021972,0.372279,0.307634,-0.009281,0.370395,0.306378,-0.009452,0.368639,0.305219,-0.009393,0.372103,0.30824,-0.041761,0.370308,0.307472,-0.042044,0.368617,0.306683,-0.042134,0.356788,0.308438,0.047798,0.356614,0.309813,-0.097291,0.370712,0.339784,0.004756,0.370804,0.339967,-0.038836,0.326401,0.38677,0.153524,0.333074,0.400354,-0.163427,0.309223,0.518457,0.188113,0.306451,0.527664,-0.19124,0.340845,0.602538,0.094362,0.34866,0.59928,-0.149406,0.348143,0.631515,0.090041,0.357003,0.623499,-0.172681,0.350279,0.62869,0.063817,0.363042,0.61978,-0.16339,0.350421,0.623023,0.08058,0.359893,0.611895,-0.143803,0.278022,0.602691,0.098825,0.296493,0.609005,-0.098998,0.246784,0.773624,0.097278,0.367532,0.736162,-0.078506,0.178034,0.922854,0.081813,0.36164,0.928336,-0.036793,0.15654,0.951638,0.077291,0.34445,0.95745,-0.032666,0.213826,0.955822,0.045823,0.401588,0.98055,-0.053401
EH_Lat_1_3.9.26,43,682.92,639.07,0,682.92,639.07,0.9874,674.85,647.61,0.9934,0.380294,0.323957,-0.023453,0.373811,0.30641,-0.010194,0.371868,0.305329,-0.010369,0.370036,0.304312,-0.010309,0.373658,0.307015,-0.043529,0.371827,0.306422,-0.043812,0.370108,0.305785,-0.043903,0.357963,0.308217,0.048634,0.358046,0.309635,-0.10014,0.372715,0.338923,0.003814,0.37274,0.339205,-0.040895,0.327709,0.385754,0.154241,0.334449,0.399886,-0.167062,0.311935,0.518625,0.186711,0.308423,0.527771,-0.195019,0.343024,0.605266,0.094139,0.351486,0.599637,-0.157423,0.351199,0.63174,0.089527,0.360698,0.623717,-0.18204,0.352444,0.629637,0.063376,0.366244,0.619839,-0.172591,0.352188,0.623356,0.080191,0.363183,0.611983,-0.151863,0.27989,0.602625,0.099213,0.298893,0.608941,-0.099382,0.248315,0.773566,0.10702,0.369406,0.736171,-0.082857,0.178556,0.922224,0.111403,0.361811,0.928152,-0.037489,0.156564,0.951334,0.108947,0.344455,0.956726,-0.032894,0.213671,0.95453,0.07905,0.402037,0.980638,-0.053473
EH_Lat_1_3.9.26,44,683.08,635.79,0,683.08,635.79,0.9858,678.68,647.87,0.9922,0.381434,0.323648,-0.019756,0.375025,0.306147,-0.007092,0.373106,0.305068,-0.007265,0.371259,0.304038,-0.007215,0.374954,0.30676,-0.039942,0.373224,0.306176,-0.040221,0.371583,0.30553,-0.040294,0.359178,0.308001,0.049993,0.359746,0.309443,-0.096957,0.373651,0.338708,0.007014,0.373765,0.339012,-0.037072,0.328667,0.383926,0.155339,0.336498,0.398534,-0.163365,0.314054,0.518747,0.188275,0.311019,0.527718,-0.193066,0.348803,0.605294,0.095711,0.353481,0.599883,-0.153327,0.35801,0.631772,0.091441,0.362043,0.623917,-0.17632,0.359051,0.629812,0.064488,0.368585,0.620065,-0.167927,0.358662,0.622999,0.081558,0.365127,0.612103,-0.148137,0.282045,0.602538,0.098957,0.301784,0.608677,-0.099135,0.250983,0.773366,0.101481,0.371786,0.736732,-0.076533,0.179139,0.92043,0.098694,0.361903,0.92807,-0.029947,0.156588,0.950905,0.09571,0.344453,0.95646,-0.025495,0.213686,0.954543,0.069375,0.402129,0.980613,-0.045224
EH_Lat_1_3.9.26,45,692.06,638.52,0,692.06,638.52,0.9855,686.52,647.92,0.99,0.382849,0.323389,-0.018385,0.376759,0.305882,-0.005948,0.375043,0.304787,-0.006118,0.373432,0.303731,-0.006066,0.37613,0.306377,-0.037866,0.374188,0.305695,-0.038142,0.372345,0.304929,-0.038208,0.361211,0.307292,0.050733,0.360391,0.30882,-0.091875,0.37493,0.3386,0.008342,0.374645,0.338927,-0.034495,0.329886,0.383126,0.155135,0.338738,0.397772,-0.15633,0.314025,0.518768,0.187238,0.314278,0.527663,-0.191339,0.3477,0.60574,0.094661,0.357561,0.599926,-0.155978,0.3578,0.634272,0.090444,0.366571,0.623934,-0.179033,0.357109,0.629753,0.063578,0.372393,0.620107,-0.170679,0.357706,0.625061,0.080651,0.368702,0.612129,-0.150836,0.284285,0.602347,0.097994,0.303955,0.607988,-0.098183,0.254061,0.772978,0.09307,0.373378,0.736828,-0.076644,0.179252,0.918932,0.075366,0.361999,0.928058,-0.031867,0.156694,0.948837,0.070707,0.344365,0.95622,-0.027676,0.213614,0.954367,0.044143,0.402232,0.980671,-0.049387
EH_Lat_1_3.9.26,46,703.72,642.88,0,703.72,642.88,0.9862,694.28,648.81,0.9898,0.384305,0.321539,-0.021533,0.377971,0.304322,-0.008918,0.376149,0.303255,-0.009089,0.374378,0.302211,-0.009035,0.377578,0.304715,-0.040963,0.375702,0.304001,-0.041242,0.373868,0.303188,-0.041317,0.362146,0.30597,0.048274,0.361684,0.307139,-0.094305,0.376411,0.337032,0.005307,0.376354,0.337374,-0.037717,0.332426,0.382217,0.153799,0.339469,0.396943,-0.157949,0.317294,0.519269,0.184978,0.315065,0.52764,-0.20091,0.349993,0.608075,0.088627,0.361605,0.600753,-0.17313,0.358229,0.635145,0.083157,0.370945,0.624635,-0.199074,0.361613,0.633363,0.056212,0.376649,0.620597,-0.190166,0.359134,0.625489,0.074433,0.373087,0.612573,-0.168127,0.287675,0.602114,0.098056,0.306453,0.607673,-0.098245,0.256535,0.77255,0.094382,0.375014,0.737173,-0.075632,0.180242,0.917597,0.076616,0.362258,0.928045,-0.029038,0.156826,0.948287,0.072475,0.344344,0.956059,-0.024843,0.214109,0.954461,0.047011,0.402718,0.980682,-0.048041
EH_Lat_1_3.9.26,47,709.21,640.98,0,709.21,640.98,0.9899,702.24,648.81,0.99,0.385345,0.320577,-0.022938,0.379176,0.303667,-0.010156,0.37746,0.302577,-0.010328,0.375837,0.301504,-0.010271,0.378632,0.30407,-0.042409,0.376726,0.303335,-0.042688,0.37488,0.302483,-0.042762,0.363869,0.305129,0.047857,0.363075,0.306414,-0.096074,0.37772,0.336148,0.004186,0.377547,0.336559,-0.039118,0.333796,0.381493,0.153962,0.341438,0.396354,-0.161334,0.317299,0.519643,0.184906,0.318314,0.527621,-0.201448,0.349273,0.607742,0.085861,0.365752,0.600752,-0.173139,0.356711,0.635042,0.079701,0.374055,0.624626,-0.199119,0.360964,0.632916,0.053628,0.379573,0.620447,-0.190183,0.358281,0.626687,0.072009,0.376555,0.612403,-0.168132,0.2899,0.601767,0.098095,0.309224,0.607047,-0.098284,0.259172,0.772471,0.096837,0.37721,0.737316,-0.079479,0.181179,0.916306,0.093558,0.362468,0.928189,-0.03515,0.157632,0.944965,0.090994,0.344345,0.955693,-0.031181,0.214896,0.954891,0.069291,0.40261,0.981916,-0.05342
EH_Lat_1_3.9.26,48,708.47,640.43,0,708.47,640.43,0.9727,706.38,648.83,0.9896,0.386161,0.318667,-0.020365,0.379786,0.30221,-0.007584,0.378081,0.301215,-0.007755,0.376449,0.300238,-0.0077,0.379312,0.302565,-0.0403,0.377471,0.301887,-0.040576,0.37566,0.301076,-0.040645,0.364574,0.304293,0.050823,0.363845,0.305398,-0.095507,0.378552,0.334457,0.007006,0.378424,0.334884,-0.036947,0.335566,0.380294,0.157825,0.342907,0.394502,-0.163309,0.318605,0.519614,0.186751,0.320791,0.527425,-0.201882,0.349521,0.60756,0.086934,0.367908,0.600765,-0.173242,0.355437,0.637215,0.080599,0.376574,0.624605,-0.199248,0.359835,0.634681,0.054646,0.381508,0.620472,-0.19026,0.357411,0.627987,0.073067,0.378484,0.612382,-0.168207,0.292352,0.601316,0.098892,0.311528,0.606165,-0.099079,0.261951,0.772141,0.09749,0.379217,0.737552,-0.084224,0.182135,0.915386,0.093855,0.362434,0.928454,-0.047037,0.158353,0.942647,0.091347,0.344307,0.955715,-0.044015,0.215609,0.955645,0.067947,0.402332,0.982673,-0.069056
EH_Lat_1_3.9.26,49,722.22,637.97,0,722.22,637.97,0.9867,713.56,648.7,0.9896,0.386111,0.316951,-0.016664,0.379866,0.300388,-0.004314,0.378094,0.299245,-0.004485,0.376387,0.298106,-0.004431,0.379709,0.300979,-0.037065,0.378042,0.300348,-0.037339,0.376384,0.299559,-0.037401,0.364805,0.301404,0.053369,0.364898,0.303421,-0.093434,0.3783,0.332618,0.010628,0.37841,0.333062,-0.033416,0.336421,0.378659,0.161215,0.344057,0.393565,-0.163375,0.319876,0.519664,0.191136,0.324157,0.527234,-0.202368,0.350317,0.608979,0.092877,0.371646,0.600652,-0.173848,0.354491,0.640975,0.087272,0.381003,0.624204,-0.199998,0.359144,0.634621,0.060407,0.385362,0.619561,-0.190727,0.357071,0.631416,0.078788,0.382083,0.611562,-0.1687,0.294884,0.600743,0.099585,0.314781,0.605445,-0.099773,0.264784,0.771628,0.09805,0.381299,0.737962,-0.087552,0.182529,0.914114,0.096663,0.362416,0.928541,-0.049162,0.158863,0.939928,0.094417,0.344278,0.955645,-0.045894,0.216959,0.956632,0.070895,0.402294,0.983565,-0.070215
EH_Lat_1_3.9.26,50,719.97,631.47,0,719.97,631.47,0.986,716.45,647.55,0.9876,0.386295,0.313713,-0.009769,0.3801,0.297698,0.002435,0.378346,0.296669,0.002269,0.376684,0.295645,0.00232,0.379965,0.298186,-0.030365,0.378332,0.297586,-0.030641,0.376745,0.29682,-0.0307,0.365295,0.299473,0.059648,0.365616,0.301117,-0.087691,0.378531,0.329327,0.017466,0.378739,0.329572,-0.02668,0.336749,0.376264,0.169773,0.345826,0.39106,-0.16059,0.320836,0.519428,0.206214,0.326724,0.525937,-0.202644,0.349864,0.614008,0.113899,0.373151,0.599587,-0.179807,0.354078,0.640864,0.109343,0.383659,0.621566,-0.206002,0.359063,0.633853,0.082588,0.387599,0.616738,-0.197098,0.3566,0.630478,0.100026,0.38365,0.609418,-0.174752,0.297596,0.600423,0.101294,0.317646,0.604832,-0.101492,0.26786,0.771421,0.094709,0.383409,0.738047,-0.09184,0.184103,0.912329,0.084225,0.362413,0.928953,-0.061023,0.160335,0.935942,0.080312,0.344252,0.955918,-0.058875,0.217937,0.957173,0.051663,0.402515,0.983926,-0.088964
EH_Lat_1_3.9.26,51,719.9,628.11,0,719.9,628.11,0.9685,722.38,645.28,0.9864,0.386186,0.312749,-0.001235,0.380099,0.296113,0.011111,0.378291,0.29507,0.010947,0.376581,0.29403,0.010996,0.380132,0.296678,-0.021719,0.37855,0.29614,-0.021993,0.377019,0.295433,-0.022044,0.365352,0.297892,0.068066,0.366025,0.299833,-0.079458,0.378307,0.328179,0.025906,0.378621,0.328296,-0.018265,0.33713,0.37487,0.177186,0.346389,0.388776,-0.15405,0.323467,0.519232,0.214714,0.328808,0.524385,-0.202591,0.350481,0.613253,0.124802,0.376239,0.597483,-0.179978,0.353773,0.640868,0.120822,0.387886,0.618146,-0.20586,0.35856,0.633823,0.094911,0.391423,0.61323,-0.196818,0.356761,0.630396,0.111307,0.387393,0.606353,-0.174821,0.300404,0.599076,0.101543,0.320129,0.603087,-0.10175,0.27029,0.77095,0.081081,0.384224,0.738348,-0.090922,0.185674,0.910028,0.055798,0.36241,0.929094,-0.058893,0.161508,0.932486,0.050239,0.344195,0.956072,-0.056573,0.218072,0.957862,0.016467,0.402525,0.984132,-0.087096
EH_Lat_1_3.9.26,52,727.75,622.68,0,727.75,622.68,0.9822,725.98,642.25,0.9854,0.386786,0.310188,-0.002076,0.380765,0.293985,0.010505,0.378977,0.2931,0.010336,0.377323,0.292214,0.010385,0.380726,0.294448,-0.022446,0.379108,0.293987,-0.022726,0.377579,0.293365,-0.022786,0.366223,0.295799,0.068018,0.366782,0.297486,-0.079997,0.379122,0.325343,0.02516,0.379374,0.325416,-0.019177,0.337778,0.373808,0.177362,0.347451,0.386275,-0.154593,0.325072,0.518474,0.211725,0.330153,0.522132,-0.203202,0.352511,0.612331,0.117861,0.378116,0.594674,-0.18508,0.357512,0.640588,0.113596,0.390165,0.614595,-0.211693,0.363567,0.629722,0.086717,0.393944,0.607881,-0.201979,0.362188,0.625949,0.103895,0.389813,0.601484,-0.179769,0.303944,0.598031,0.101985,0.322384,0.601468,-0.102198,0.272718,0.770156,0.075468,0.386021,0.738356,-0.094537,0.187986,0.906756,0.044982,0.362407,0.928993,-0.068258,0.163239,0.928152,0.038782,0.344177,0.955878,-0.066873,0.218553,0.959116,0.002616,0.402522,0.984262,-0.101838
EH_Lat_1_3.9.26,53,731.0,616.96,0,731.0,616.96,0.9872,727.76,638.39,0.9832,0.386921,0.309263,-0.004177,0.381125,0.293097,0.008509,0.379391,0.292237,0.008338,0.377807,0.29136,0.008388,0.381014,0.293448,-0.024289,0.379381,0.292937,-0.024567,0.377853,0.292271,-0.024625,0.366697,0.294399,0.066351,0.36695,0.295858,-0.080992,0.37912,0.323854,0.02314,0.379309,0.323826,-0.020992,0.338486,0.373097,0.176462,0.348197,0.384225,-0.154804,0.327873,0.518054,0.212944,0.331944,0.519595,-0.204531,0.355522,0.611866,0.120844,0.379043,0.591103,-0.188556,0.360204,0.636543,0.116998,0.391329,0.610385,-0.214428,0.367493,0.627501,0.090156,0.394229,0.603772,-0.205351,0.366395,0.62354,0.106896,0.390449,0.597142,-0.183494,0.305548,0.597517,0.102209,0.32484,0.60067,-0.102429,0.27496,0.769376,0.073227,0.387172,0.738355,-0.094001,0.19043,0.903819,0.040065,0.362521,0.928786,-0.065495,0.164783,0.92471,0.033561,0.344221,0.955731,-0.063791,0.21876,0.959301,-0.001972,0.402915,0.98392,-0.097054
EH_Lat_1_3.9.26,54,737.76,616.3,0,737.76,616.3,0.9884,731.66,633.09,0.9819,0.387094,0.303788,-0.005123,0.381101,0.287705,0.008313,0.379335,0.286907,0.008147,0.377705,0.286087,0.00821,0.381069,0.288135,-0.025593,0.379449,0.287731,-0.025861,0.377921,0.287157,-0.025905,0.366584,0.290543,0.06362,0.366949,0.291861,-0.083336,0.379195,0.319572,0.022519,0.37947,0.319413,-0.022313,0.338754,0.371198,0.172558,0.348261,0.381427,-0.160255,0.32949,0.51682,0.211202,0.332703,0.517901,-0.218792,0.357061,0.609935,0.113011,0.381074,0.586196,-0.200021,0.362999,0.63651,0.106889,0.394582,0.60562,-0.226605,0.369014,0.624384,0.081938,0.397243,0.598414,-0.21709,0.368232,0.62008,0.09931,0.392587,0.591318,-0.194756,0.308538,0.59606,0.102641,0.326412,0.598783,-0.102857,0.27775,0.768373,0.078134,0.388345,0.738411,-0.096337,0.193548,0.89983,0.051839,0.362599,0.928692,-0.063859,0.167158,0.918537,0.046257,0.344154,0.95566,-0.061694,0.219301,0.959743,0.011765,0.403707,0.983953,-0.094318
EH_Lat_1_3.9.26,55,747.31,615.58,0,747.31,615.58,0.9901,736.77,629.07,0.9821,0.387517,0.298397,-0.016388,0.381445,0.281942,-0.003211,0.379681,0.281,-0.003393,0.378037,0.280044,-0.003345,0.38131,0.282502,-0.037114,0.379603,0.282042,-0.037379,0.377962,0.281405,-0.037435,0.366702,0.284985,0.054774,0.366766,0.286404,-0.094391,0.380071,0.314768,0.011595,0.380221,0.31473,-0.033488,0.342733,0.370591,0.164629,0.347802,0.377934,-0.168422,0.331695,0.515702,0.194972,0.333345,0.516065,-0.226077,0.362954,0.607257,0.091299,0.383734,0.582472,-0.208876,0.369278,0.631292,0.084111,0.398215,0.601324,-0.236538,0.3767,0.621428,0.057793,0.401072,0.594479,-0.227079,0.372258,0.617087,0.076987,0.39601,0.587601,-0.203717,0.311513,0.595247,0.102542,0.328247,0.596444,-0.102758,0.279573,0.767449,0.079154,0.389162,0.738994,-0.093269,0.196089,0.896648,0.055349,0.362586,0.928117,-0.045765,0.169961,0.911643,0.0498,0.343981,0.955553,-0.042448,0.220017,0.959773,0.013706,0.403323,0.983943,-0.078246
EH_Lat_1_3.9.26,56,752.94,616.14,0,752.94,616.14,0.9907,739.99,622.1,0.9801,0.387554,0.296509,-0.019413,0.381388,0.279959,-0.007369,0.379569,0.279084,-0.007553,0.377874,0.278192,-0.007517,0.381335,0.280462,-0.040793,0.379639,0.280029,-0.041055,0.378014,0.279427,-0.041105,0.366524,0.283034,0.048234,0.366799,0.284293,-0.099501,0.379876,0.31334,0.007764,0.380091,0.313086,-0.036791,0.341863,0.367455,0.15899,0.348009,0.375348,-0.170409,0.333498,0.514771,0.193552,0.335805,0.514574,-0.223857,0.367703,0.600954,0.093071,0.385411,0.576017,-0.203699,0.375297,0.62169,0.087145,0.401178,0.594968,-0.235426,0.381703,0.617268,0.061483,0.403926,0.588968,-0.224696,0.378833,0.612791,0.079124,0.398197,0.582041,-0.198479,0.3119,0.593616,0.102312,0.329954,0.594268,-0.102538,0.282651,0.766365,0.079989,0.390412,0.739479,-0.083093,0.198462,0.893726,0.054887,0.362577,0.927514,-0.026115,0.172713,0.907202,0.04924,0.343933,0.955228,-0.021507,0.221052,0.959813,0.013573,0.403313,0.983889,-0.051157
EH_Lat_1_3.9.26,57,756.67,612.4,0,756.67,612.4,0.9892,749.96,617.91,0.9788,0.387626,0.291429,-0.023793,0.381417,0.27582,-0.011699,0.379599,0.274958,-0.011883,0.377905,0.274063,-0.011856,0.381272,0.276505,-0.044822,0.379526,0.27617,-0.045086,0.377854,0.275618,-0.045145,0.366358,0.278877,0.045042,0.366535,0.28066,-0.102276,0.380279,0.308651,0.003437,0.380378,0.308618,-0.040807,0.343484,0.3667,0.156911,0.348024,0.372626,-0.172147,0.33737,0.514105,0.193492,0.337954,0.513433,-0.225263,0.374306,0.595221,0.095294,0.390604,0.572135,-0.203254,0.383551,0.613863,0.090079,0.405382,0.591422,-0.231296,0.389139,0.611536,0.064228,0.408254,0.584968,-0.221191,0.384135,0.604794,0.081394,0.402612,0.577411,-0.197959,0.314987,0.593109,0.102294,0.331383,0.592761,-0.102518,0.285641,0.764707,0.081872,0.391299,0.739481,-0.082532,0.201088,0.889937,0.059712,0.362241,0.927168,-0.029465,0.174902,0.900665,0.05436,0.343809,0.954493,-0.025388,0.22108,0.959803,0.020285,0.403222,0.983885,-0.056402
EH_Lat_1_3.9.26,58,763.53,609.68,0,763.53,609.68,0.9879,755.98,613.44,0.9781,0.38746,0.290257,-0.022643,0.381253,0.273949,-0.011092,0.379439,0.273051,-0.011275,0.377757,0.272116,-0.011249,0.381135,0.27461,-0.043694,0.379409,0.274224,-0.043956,0.377759,0.273635,-0.044014,0.366205,0.276592,0.045174,0.366397,0.278086,-0.101239,0.380168,0.307663,0.004102,0.380197,0.307216,-0.039518,0.343179,0.364779,0.155754,0.348079,0.370012,-0.168111,0.336607,0.511941,0.19337,0.340905,0.5121,-0.22125,0.374903,0.595416,0.104857,0.393739,0.567999,-0.200138,0.382214,0.609627,0.101927,0.408618,0.588866,-0.225223,0.38837,0.607693,0.076503,0.411051,0.581204,-0.214175,0.386139,0.60569,0.091653,0.406111,0.57241,-0.194501,0.315481,0.590669,0.10092,0.333946,0.5909,-0.101152,0.288411,0.763105,0.084664,0.391278,0.739545,-0.078758,0.204175,0.886523,0.078615,0.362165,0.926865,-0.02361,0.178342,0.895973,0.075477,0.343709,0.953806,-0.019132,0.221397,0.959792,0.041399,0.403212,0.983483,-0.052093
EH_Lat_1_3.9.26,59,770.05,606.84,0,770.05,606.84,0.9893,763.48,608.98,0.9767,0.387503,0.284435,-0.0227,0.38135,0.269294,-0.011133,0.379592,0.268511,-0.011316,0.377907,0.267642,-0.01129,0.381131,0.269812,-0.043757,0.379365,0.269437,-0.044022,0.377647,0.268794,-0.044082,0.366069,0.272171,0.045293,0.366228,0.273845,-0.101189,0.380449,0.302104,0.004074,0.380424,0.301861,-0.039569,0.345013,0.362791,0.156532,0.347961,0.365733,-0.168695,0.344171,0.50997,0.196331,0.342725,0.509754,-0.220944,0.387675,0.578259,0.107806,0.397647,0.563869,-0.2005,0.403676,0.595487,0.104695,0.411707,0.583644,-0.226163,0.404834,0.591999,0.078487,0.415751,0.573974,-0.215992,0.402178,0.585239,0.094191,0.410553,0.56457,-0.195122,0.319583,0.589708,0.101189,0.334842,0.589376,-0.101418,0.290832,0.761636,0.084275,0.39154,0.739741,-0.084657,0.20647,0.884287,0.072996,0.362187,0.92686,-0.026925,0.180913,0.891504,0.068976,0.34357,0.953668,-0.02312,0.222081,0.959784,0.025527,0.402471,0.983757,-0.067927
EH_Lat_1_3.9.26,60,774.53,601.2,0,774.53,601.2,0.9892,761.91,601.82,0.975,0.387465,0.282291,-0.031765,0.38126,0.265716,-0.019866,0.379476,0.265161,-0.020049,0.377781,0.264516,-0.020018,0.38105,0.265756,-0.052807,0.37926,0.265286,-0.053079,0.377535,0.264605,-0.053144,0.365968,0.26901,0.038885,0.36614,0.269882,-0.109254,0.38038,0.29992,-0.004009,0.380332,0.29932,-0.048237,0.344082,0.361374,0.153756,0.348023,0.362862,-0.178139,0.343883,0.507148,0.194097,0.342865,0.50584,-0.232133,0.390762,0.573774,0.104912,0.39683,0.557243,-0.210708,0.405686,0.59155,0.102087,0.412364,0.578084,-0.237003,0.409542,0.586807,0.075632,0.416178,0.567554,-0.226925,0.40371,0.579516,0.091052,0.410641,0.558086,-0.205398,0.319715,0.588061,0.102061,0.335654,0.587464,-0.102287,0.293016,0.759659,0.092019,0.391766,0.739829,-0.086665,0.209149,0.880999,0.093634,0.362185,0.92686,-0.02917,0.183891,0.886053,0.090801,0.343416,0.953554,-0.025078,0.222393,0.959795,0.045828,0.402477,0.983718,-0.068592
EH_Lat_1_3.9.26,61,786.21,598.49,0,786.21,598.49,0.9885,763.96,598.34,0.9713,0.387382,0.27942,-0.037156,0.381227,0.26335,-0.025089,0.379457,0.262755,-0.02528,0.377703,0.262087,-0.025253,0.381016,0.26348,-0.05842,0.379241,0.263043,-0.058691,0.377443,0.262381,-0.058764,0.365935,0.266794,0.033549,0.365968,0.267597,-0.116425,0.38025,0.29718,-0.009617,0.380214,0.296588,-0.054424,0.344917,0.35995,0.148543,0.348075,0.360844,-0.186769,0.347805,0.503751,0.188033,0.344704,0.503152,-0.239129,0.396163,0.568692,0.095404,0.397893,0.554015,-0.215479,0.412124,0.58614,0.091961,0.413706,0.572806,-0.242491,0.41397,0.581137,0.064505,0.417299,0.561263,-0.232529,0.410171,0.575248,0.081066,0.411472,0.554445,-0.210365,0.321207,0.587169,0.102993,0.336427,0.586031,-0.103207,0.294599,0.758693,0.09997,0.392054,0.740065,-0.090248,0.211634,0.878273,0.109846,0.362102,0.926912,-0.030992,0.186609,0.882529,0.107574,0.342677,0.953471,-0.027235,0.223056,0.959825,0.061168,0.401927,0.983949,-0.077979
EH_Lat_1_3.9.26,62,786.42,589.35,0,786.42,589.35,0.9878,766.06,594.16,0.971,0.38734,0.278354,-0.044208,0.381119,0.261988,-0.032591,0.379269,0.261368,-0.032785,0.377433,0.260661,-0.032755,0.380953,0.262137,-0.065945,0.379136,0.261703,-0.066214,0.377292,0.261064,-0.066285,0.365685,0.265303,0.024967,0.365718,0.266157,-0.125089,0.380155,0.295877,-0.016915,0.380126,0.295242,-0.061774,0.344308,0.358235,0.140488,0.348254,0.359318,-0.194882,0.346632,0.500327,0.179321,0.346092,0.500368,-0.24574,0.396472,0.561609,0.088016,0.398987,0.550147,-0.220177,0.411583,0.578748,0.084685,0.415408,0.569024,-0.247388,0.415334,0.573699,0.056941,0.418907,0.556872,-0.236953,0.409868,0.568638,0.07362,0.413832,0.550508,-0.214884,0.321492,0.585619,0.103439,0.338031,0.58471,-0.103649,0.296539,0.757631,0.107991,0.392225,0.740336,-0.089224,0.213881,0.876107,0.120048,0.362104,0.92691,-0.026903,0.188905,0.880783,0.11808,0.34239,0.953131,-0.022529,0.224149,0.959822,0.07465,0.401804,0.984044,-0.073748
EH_Lat_1_3.9.26,63,787.62,585.72,0,787.62,585.72,0.9888,772.19,589.57,0.9691,0.387272,0.275292,-0.051709,0.381092,0.259143,-0.039429,0.379253,0.258568,-0.039622,0.377377,0.257901,-0.039593,0.380826,0.259395,-0.072851,0.378943,0.25908,-0.073126,0.376922,0.258552,-0.073205,0.365431,0.262982,0.021533,0.365069,0.264173,-0.12868,0.380082,0.292629,-0.023155,0.380046,0.29232,-0.068084,0.344972,0.357126,0.139262,0.348296,0.358031,-0.197345,0.349623,0.497079,0.178426,0.347976,0.498153,-0.253545,0.402587,0.552,0.085394,0.402183,0.545898,-0.239694,0.418122,0.569661,0.081271,0.418061,0.563368,-0.269221,0.421408,0.564174,0.053294,0.422297,0.552113,-0.258818,0.41621,0.559313,0.070818,0.417051,0.54626,-0.234708,0.323232,0.583849,0.103923,0.339016,0.582328,-0.104127,0.298256,0.755542,0.106555,0.392243,0.740493,-0.08989,0.215831,0.873236,0.11702,0.362105,0.926912,-0.027544,0.190946,0.879043,0.114796,0.342287,0.953051,-0.022815,0.225407,0.959581,0.068741,0.401774,0.984166,-0.086704
EH_Lat_1_3.9.26,64,789.43,578.83,0,789.43,578.83,0.988,778.14,586.22,0.9681,0.387233,0.274514,-0.046637,0.381021,0.257427,-0.034243,0.37912,0.257097,-0.034433,0.377211,0.256664,-0.034398,0.380758,0.257542,-0.067395,0.378808,0.257343,-0.067671,0.376745,0.25695,-0.067747,0.365341,0.261918,0.025905,0.364871,0.262978,-0.123491,0.38,0.291502,-0.018427,0.379974,0.291262,-0.062999,0.344467,0.356138,0.141517,0.348729,0.356745,-0.192823,0.350772,0.494143,0.179622,0.349998,0.495668,-0.24587,0.40194,0.545815,0.086408,0.405279,0.542792,-0.226006,0.419468,0.564376,0.08149,0.420504,0.560997,-0.253907,0.421144,0.559153,0.053978,0.424372,0.550838,-0.2436,0.417028,0.554958,0.071946,0.418834,0.544623,-0.220747,0.324179,0.582433,0.103996,0.340498,0.580919,-0.104201,0.299329,0.753513,0.105518,0.392055,0.740497,-0.090658,0.218597,0.870832,0.10873,0.362064,0.92688,-0.038495,0.193285,0.876796,0.105663,0.341982,0.953055,-0.035662,0.225245,0.959003,0.065564,0.401661,0.984377,-0.099869
EH_Lat_1_3.9.26,65,794.7,575.45,0,794.7,575.45,0.9887,789.48,585.29,0.9688,0.387181,0.272534,-0.056768,0.380991,0.255879,-0.044303,0.379073,0.255444,-0.044492,0.377175,0.254851,-0.044463,0.38074,0.256112,-0.077634,0.378787,0.255903,-0.077909,0.37667,0.255484,-0.077992,0.365265,0.259682,0.016995,0.364679,0.261186,-0.132889,0.379941,0.289403,-0.028227,0.379913,0.289136,-0.072995,0.344198,0.354106,0.133267,0.348722,0.355413,-0.200184,0.35076,0.491725,0.172977,0.352241,0.494573,-0.260796,0.406798,0.543331,0.082325,0.411188,0.541936,-0.251885,0.421202,0.561058,0.078199,0.425024,0.559271,-0.28215,0.42402,0.554428,0.050166,0.429115,0.547527,-0.270441,0.419747,0.549825,0.067773,0.42364,0.541474,-0.246403,0.324936,0.580781,0.103891,0.341379,0.580046,-0.104096,0.30105,0.751503,0.101719,0.391639,0.740309,-0.090562,0.219576,0.870028,0.104208,0.362016,0.926715,-0.038423,0.194904,0.874664,0.100848,0.341906,0.952942,-0.035585,0.225875,0.958164,0.061527,0.401641,0.984428,-0.09644
EH_Lat_1_3.9.26,66,796.16,568.84,0,796.16,568.84,0.9896,795.32,583.52,0.9686,0.387168,0.270727,-0.055464,0.380936,0.254474,-0.043208,0.379036,0.254069,-0.043394,0.377114,0.253506,-0.043369,0.38065,0.254636,-0.07651,0.378684,0.254421,-0.076781,0.376493,0.254006,-0.076864,0.365059,0.258069,0.016671,0.364334,0.259512,-0.133103,0.379881,0.287673,-0.027506,0.379861,0.287333,-0.072259,0.343937,0.35268,0.130135,0.348577,0.353628,-0.201174,0.351661,0.489489,0.16648,0.353839,0.492772,-0.262025,0.408455,0.545972,0.075099,0.414227,0.5403,-0.250618,0.422015,0.561175,0.071487,0.427566,0.556886,-0.280467,0.425147,0.556553,0.043046,0.432049,0.545227,-0.268799,0.420916,0.552074,0.060426,0.427448,0.539692,-0.245176,0.325908,0.577704,0.103561,0.340965,0.577248,-0.103767,0.301931,0.749287,0.091006,0.391202,0.739964,-0.094376,0.220228,0.86885,0.090296,0.361904,0.92667,-0.048963,0.195715,0.873993,0.086809,0.341831,0.95294,-0.04697,0.226434,0.957718,0.035273,0.401635,0.984597,-0.111188
EH_Lat_1_3.9.26,67,802.11,567.54,0,802.11,567.54,0.9884,801.22,581.1,0.9681,0.387097,0.271143,-0.054493,0.380903,0.254841,-0.042055,0.379005,0.254419,-0.042242,0.377079,0.253827,-0.042215,0.380493,0.255021,-0.075532,0.378506,0.254753,-0.075803,0.376215,0.254241,-0.07588,0.364941,0.257551,0.018443,0.363878,0.259098,-0.131963,0.379863,0.287325,-0.02621,0.379747,0.287049,-0.071189,0.343725,0.350638,0.132461,0.348606,0.352394,-0.199522,0.353662,0.486528,0.169994,0.356225,0.492444,-0.264454,0.412754,0.540105,0.078533,0.417304,0.538052,-0.259617,0.427999,0.556943,0.074743,0.43048,0.555256,-0.29039,0.429611,0.5527,0.046603,0.436544,0.54342,-0.27802,0.426526,0.54674,0.063974,0.43063,0.537424,-0.254063,0.326061,0.576814,0.103484,0.341615,0.576632,-0.103694,0.302519,0.748597,0.084098,0.390865,0.739963,-0.093954,0.221678,0.868316,0.083108,0.361724,0.926676,-0.049779,0.196856,0.872978,0.079789,0.341828,0.95295,-0.047795,0.226506,0.95764,0.027971,0.401507,0.984726,-0.108539
EH_Lat_1_3.9.26,68,805.51,566.57,0,805.51,566.57,0.9886,804.94,579.41,0.9677,0.386884,0.271208,-0.059202,0.380702,0.254871,-0.046982,0.378847,0.254319,-0.047171,0.376921,0.253583,-0.047143,0.380189,0.255195,-0.080652,0.378178,0.254911,-0.080924,0.375816,0.254367,-0.081003,0.364653,0.256657,0.014338,0.363366,0.258532,-0.137061,0.379737,0.287005,-0.030428,0.379529,0.286731,-0.075699,0.343682,0.348648,0.130807,0.348493,0.35157,-0.203716,0.354866,0.485293,0.167691,0.356403,0.491369,-0.270551,0.414453,0.540896,0.074269,0.419239,0.53649,-0.269609,0.426836,0.555644,0.070041,0.431231,0.552787,-0.301975,0.4303,0.551919,0.041297,0.43831,0.541228,-0.289408,0.428378,0.547249,0.059448,0.432218,0.535629,-0.264084,0.326111,0.576238,0.10348,0.342331,0.576348,-0.10369,0.302904,0.747905,0.084999,0.390621,0.739969,-0.093575,0.222377,0.867964,0.091353,0.361601,0.926621,-0.049314,0.198217,0.872543,0.089124,0.341909,0.9528,-0.047168,0.226771,0.957204,0.035173,0.401508,0.984833,-0.107136
EH_Lat_1_3.9.26,69,807.48,564.17,0,807.48,564.17,0.9898,805.62,577.68,0.9677,0.386859,0.269882,-0.060621,0.380666,0.253803,-0.048115,0.378823,0.253282,-0.048303,0.376891,0.252568,-0.048277,0.380059,0.254279,-0.08204,0.378061,0.254137,-0.082312,0.375658,0.253704,-0.082395,0.364469,0.256382,0.013921,0.363063,0.258289,-0.138511,0.379697,0.285836,-0.03171,0.379496,0.285718,-0.077286,0.343535,0.348742,0.129865,0.34843,0.351521,-0.204706,0.357544,0.484207,0.16766,0.356978,0.490322,-0.270934,0.418225,0.536513,0.075662,0.419593,0.534893,-0.268968,0.430149,0.550141,0.071796,0.431651,0.551005,-0.301035,0.434821,0.546974,0.042911,0.43933,0.53936,-0.288881,0.430458,0.542432,0.060819,0.433119,0.533541,-0.263647,0.325892,0.575785,0.103469,0.342601,0.576288,-0.103679,0.302909,0.74705,0.085221,0.390408,0.739905,-0.10047,0.223026,0.868087,0.097593,0.361587,0.926518,-0.0589,0.199089,0.872157,0.095761,0.341951,0.952527,-0.056786,0.227311,0.95721,0.044216,0.401424,0.985286,-0.116979
EH_Lat_1_3.9.26,70,811.19,564.58,0,811.19,564.58,0.9899,806.47,576.09,0.9673,0.386714,0.270057,-0.060226,0.38053,0.253472,-0.047826,0.378712,0.252965,-0.048014,0.376759,0.252246,-0.047987,0.379879,0.253791,-0.081715,0.377856,0.253565,-0.081984,0.375391,0.253037,-0.08206,0.364193,0.255748,0.013767,0.362563,0.257527,-0.138529,0.379602,0.285891,-0.031461,0.379303,0.28568,-0.07699,0.343452,0.348747,0.129359,0.348349,0.351228,-0.204694,0.35818,0.483434,0.166147,0.358017,0.49008,-0.272766,0.420629,0.536998,0.073798,0.420039,0.533416,-0.273472,0.431531,0.552799,0.0699,0.431482,0.550144,-0.305918,0.433584,0.547872,0.040814,0.439905,0.538595,-0.293641,0.431129,0.543798,0.05888,0.433647,0.532901,-0.268217,0.325664,0.574829,0.103446,0.342229,0.575377,-0.103656,0.303062,0.746275,0.084006,0.390375,0.739859,-0.099098,0.223477,0.868087,0.093219,0.361588,0.926512,-0.057014,0.199557,0.872596,0.091198,0.342139,0.952478,-0.054797,0.22744,0.957213,0.038049,0.401391,0.98541,-0.11327
EH_Lat_1_3.9.26,71,815.77,564.71,0,815.77,564.71,0.9899,810.44,576.4,0.9683,0.386496,0.269841,-0.063779,0.380323,0.253096,-0.051344,0.378527,0.252643,-0.05153,0.376594,0.251987,-0.051501,0.379588,0.25326,-0.085242,0.377507,0.252976,-0.085511,0.37503,0.252403,-0.085584,0.36408,0.255347,0.010528,0.362307,0.25694,-0.141845,0.37949,0.285435,-0.034908,0.379074,0.285101,-0.080471,0.342905,0.348917,0.12663,0.3483,0.35015,-0.207033,0.35925,0.482932,0.162328,0.359476,0.489869,-0.273087,0.42188,0.535859,0.06918,0.422106,0.533702,-0.271021,0.432366,0.551656,0.065375,0.435005,0.551618,-0.303399,0.437164,0.547173,0.035921,0.442866,0.539698,-0.290826,0.432337,0.542573,0.054116,0.435581,0.533353,-0.265585,0.324758,0.574803,0.103355,0.342004,0.57531,-0.103566,0.302715,0.74527,0.084831,0.389849,0.739725,-0.098107,0.223477,0.867863,0.09369,0.361766,0.926483,-0.056352,0.199372,0.872252,0.091604,0.342276,0.952426,-0.054201,0.227394,0.957215,0.039802,0.40142,0.985409,-0.111706
EH_Lat_1_3.9.26,72,816.59,565.13,0,816.59,565.13,0.9904,813.04,575.5,0.9703,0.386322,0.269695,-0.061785,0.380103,0.252745,-0.049379,0.378325,0.252315,-0.049561,0.376394,0.251684,-0.04953,0.379329,0.25292,-0.083245,0.377224,0.252663,-0.083514,0.374748,0.25213,-0.083589,0.36396,0.255178,0.011993,0.362123,0.256868,-0.140177,0.379387,0.28512,-0.033103,0.378924,0.284832,-0.078608,0.342553,0.347163,0.12817,0.348532,0.349654,-0.206486,0.359085,0.480366,0.164336,0.362004,0.488852,-0.272565,0.420084,0.53379,0.071821,0.423458,0.53287,-0.27283,0.431069,0.549682,0.068202,0.436678,0.552413,-0.3065,0.433529,0.545679,0.038769,0.444098,0.540654,-0.292862,0.430728,0.541422,0.056809,0.438817,0.534213,-0.267023,0.324077,0.573551,0.103299,0.341692,0.574439,-0.103509,0.301944,0.744776,0.08247,0.389063,0.73959,-0.097687,0.222953,0.867858,0.090769,0.361759,0.926461,-0.063732,0.198414,0.872766,0.088751,0.342273,0.952468,-0.06282,0.227244,0.957057,0.036941,0.401401,0.985426,-0.124528
EH_Lat_1_3.9.26,73,820.3,567.51,0,820.3,567.51,0.9902,817.42,575.51,0.9722,0.386215,0.269893,-0.066208,0.380053,0.252609,-0.054102,0.378283,0.25213,-0.054284,0.376358,0.251428,-0.054247,0.379287,0.252791,-0.087993,0.37718,0.252485,-0.088261,0.374713,0.251897,-0.088335,0.363952,0.254723,0.007671,0.362098,0.256345,-0.144684,0.379243,0.28522,-0.037144,0.378759,0.284827,-0.082723,0.341953,0.346683,0.125976,0.348824,0.348822,-0.210031,0.358474,0.478991,0.160109,0.363465,0.486886,-0.275315,0.420062,0.533909,0.063772,0.425739,0.53288,-0.277178,0.430702,0.54985,0.059391,0.438932,0.552567,-0.312262,0.435434,0.5468,0.029259,0.44698,0.541699,-0.29823,0.431224,0.541891,0.048444,0.441256,0.534881,-0.271275,0.323444,0.57252,0.103225,0.341687,0.573703,-0.103433,0.301133,0.743864,0.090434,0.387277,0.739588,-0.092801,0.222302,0.867627,0.118351,0.361813,0.92647,-0.051125,0.197393,0.87325,0.118163,0.342278,0.952522,-0.04962,0.227599,0.956469,0.071485,0.401351,0.985397,-0.121477
EH_Lat_1_3.9.26,74,819.4,568.29,0,819.4,568.29,0.9906,819.97,575.43,0.9744,0.38603,0.269942,-0.065183,0.379989,0.252667,-0.053274,0.378234,0.252216,-0.053449,0.376307,0.251527,-0.053406,0.379234,0.252761,-0.086501,0.377138,0.252434,-0.086775,0.374669,0.251824,-0.086856,0.363887,0.254867,0.008097,0.362033,0.256331,-0.141661,0.379129,0.285313,-0.036207,0.378603,0.284842,-0.080996,0.341496,0.346201,0.126831,0.349236,0.348082,-0.207286,0.357018,0.47641,0.161116,0.364366,0.48432,-0.269945,0.416594,0.531458,0.066664,0.427069,0.532809,-0.268641,0.426297,0.553149,0.062583,0.4407,0.552772,-0.303017,0.431016,0.550121,0.033056,0.448641,0.54195,-0.288885,0.427269,0.545628,0.051665,0.442647,0.534759,-0.262577,0.323081,0.570541,0.102625,0.341244,0.571974,-0.102828,0.300263,0.742429,0.094038,0.386075,0.739515,-0.092834,0.221468,0.867451,0.126422,0.361841,0.926382,-0.052314,0.196743,0.873837,0.126635,0.342281,0.952509,-0.050811,0.227955,0.956471,0.08209,0.40135,0.985407,-0.117265
EH_Lat_1_3.9.26,75,819.64,569.99,0,819.64,569.99,0.9911,819.61,575.93,0.9761,0.385866,0.269558,-0.060016,0.379796,0.252286,-0.048572,0.378024,0.251814,-0.048739,0.376154,0.251136,-0.04869,0.379038,0.252399,-0.08188,0.376918,0.25206,-0.082158,0.374516,0.251455,-0.082241,0.36388,0.254349,0.011608,0.361944,0.255655,-0.1387,0.378905,0.284901,-0.031228,0.378344,0.284331,-0.076211,0.340639,0.345389,0.131387,0.349429,0.346593,-0.206169,0.355977,0.474818,0.170245,0.364975,0.481944,-0.266425,0.414406,0.531592,0.084025,0.42688,0.533268,-0.263872,0.424411,0.555599,0.082105,0.440681,0.553477,-0.297511,0.429675,0.552669,0.052324,0.448195,0.543107,-0.28324,0.426025,0.548269,0.069218,0.442202,0.53603,-0.25768,0.323026,0.568934,0.102462,0.340844,0.570581,-0.102666,0.299696,0.741429,0.094698,0.384763,0.739513,-0.091306,0.220906,0.867228,0.119363,0.361858,0.926053,-0.049784,0.19615,0.874097,0.118612,0.342249,0.952152,-0.047986,0.228421,0.955217,0.075762,0.401353,0.985429,-0.112536
EH_Lat_1_3.9.26,76,825.9,573.55,0,825.9,573.55,0.9834,818.8,576.55,0.9772,0.385673,0.268337,-0.070618,0.379482,0.251258,-0.058604,0.377704,0.250834,-0.058788,0.375859,0.250232,-0.058746,0.378718,0.251413,-0.09198,0.37657,0.251125,-0.092253,0.374202,0.250574,-0.092334,0.36381,0.253539,0.003307,0.361828,0.254706,-0.146949,0.378756,0.283582,-0.041471,0.378202,0.283166,-0.086467,0.340769,0.345821,0.123782,0.349512,0.346869,-0.212842,0.357961,0.475419,0.161053,0.365376,0.480846,-0.27654,0.421855,0.535313,0.070473,0.426459,0.533846,-0.275696,0.432383,0.557498,0.067658,0.440002,0.554467,-0.310283,0.435401,0.554371,0.036464,0.447635,0.544611,-0.296856,0.432987,0.549891,0.055012,0.441261,0.537434,-0.270049,0.322949,0.568802,0.102385,0.340467,0.570355,-0.102587,0.298853,0.740441,0.099719,0.383123,0.739505,-0.086917,0.220275,0.867413,0.128684,0.361861,0.925926,-0.045963,0.195562,0.874777,0.128304,0.342225,0.952126,-0.04436,0.228311,0.95509,0.085108,0.400638,0.985429,-0.110684
EH_Lat_1_3.9.26,77,823.47,577.0,0,823.47,577.0,0.9841,815.72,576.34,0.9784,0.385657,0.268528,-0.06648,0.379475,0.251071,-0.054367,0.377698,0.250614,-0.054551,0.37585,0.249979,-0.054511,0.378707,0.251216,-0.087749,0.376564,0.250893,-0.088022,0.374185,0.250283,-0.088102,0.363771,0.25341,0.006956,0.361557,0.254479,-0.143431,0.378743,0.283885,-0.03763,0.378193,0.283391,-0.082574,0.340388,0.3449,0.125703,0.349542,0.345883,-0.209899,0.357669,0.47617,0.162625,0.365184,0.479519,-0.273745,0.419228,0.540562,0.071432,0.424857,0.533652,-0.274083,0.431179,0.55752,0.068353,0.438959,0.554592,-0.308874,0.435765,0.554825,0.038083,0.446278,0.545418,-0.294918,0.431648,0.549724,0.056306,0.439935,0.538222,-0.268221,0.321341,0.567545,0.102374,0.34021,0.569716,-0.102576,0.297069,0.739061,0.099144,0.381701,0.738905,-0.082806,0.220181,0.867528,0.121139,0.361938,0.925911,-0.040274,0.195476,0.875366,0.120067,0.342252,0.952223,-0.03835,0.228233,0.954965,0.076605,0.400929,0.985396,-0.099462
EH_Lat_1_3.9.26,78,824.94,583.22,0,824.94,583.22,0.9851,813.43,577.41,0.9786,0.385374,0.268832,-0.071027,0.379303,0.251535,-0.059132,0.377545,0.25106,-0.059318,0.375753,0.250447,-0.059284,0.378568,0.251668,-0.093131,0.376451,0.251323,-0.0934,0.37414,0.25072,-0.093483,0.363743,0.253365,0.001906,0.361557,0.254338,-0.151187,0.378334,0.284102,-0.042211,0.377901,0.283507,-0.08798,0.339955,0.344062,0.121096,0.349524,0.345823,-0.219082,0.360081,0.475915,0.15213,0.364816,0.478956,-0.288516,0.422196,0.541713,0.051211,0.423661,0.534635,-0.288941,0.433998,0.558736,0.046387,0.43784,0.555036,-0.324517,0.437217,0.55585,0.015539,0.443935,0.546428,-0.311276,0.434121,0.550856,0.035474,0.438372,0.53859,-0.283418,0.320445,0.566786,0.102364,0.339486,0.568958,-0.102565,0.293127,0.737805,0.098592,0.379833,0.738826,-0.08326,0.22011,0.867685,0.119203,0.36194,0.925746,-0.040733,0.195294,0.875748,0.118105,0.3422,0.952207,-0.039255,0.228177,0.954845,0.07325,0.400858,0.985378,-0.101615
EH_Lat_1_3.9.26,79,821.97,587.23,0,821.97,587.23,0.9861,811.57,577.75,0.9794,0.385298,0.269097,-0.072884,0.379286,0.251919,-0.060876,0.377526,0.251433,-0.061064,0.37573,0.250814,-0.061026,0.37856,0.252038,-0.095459,0.376446,0.25167,-0.095727,0.374137,0.251052,-0.095807,0.363738,0.253307,0.000782,0.361566,0.254243,-0.154796,0.378213,0.284314,-0.043742,0.377801,0.283713,-0.090261,0.339395,0.343676,0.120729,0.349508,0.346063,-0.22382,0.3607,0.476178,0.148419,0.364252,0.479383,-0.293731,0.422286,0.542321,0.041744,0.422691,0.534949,-0.293592,0.43383,0.55966,0.035758,0.43663,0.55699,-0.32963,0.437048,0.556599,0.004803,0.442353,0.550348,-0.317033,0.433939,0.551708,0.02572,0.437023,0.541648,-0.288251,0.318124,0.566971,0.102461,0.337408,0.569123,-0.102662,0.288124,0.737298,0.099209,0.378221,0.738825,-0.08007,0.217951,0.868044,0.12306,0.361958,0.92564,-0.03706,0.193231,0.87595,0.122201,0.342315,0.952217,-0.035584,0.227999,0.95483,0.076818,0.400866,0.985336,-0.097504
EH_Lat_1_3.9.26,80,814.81,591.25,0,814.81,591.25,0.9855,809.7,581.76,0.9805,0.385132,0.269337,-0.074818,0.379163,0.252082,-0.062969,0.377382,0.251595,-0.063153,0.375609,0.250982,-0.063112,0.378441,0.252182,-0.09728,0.376319,0.25181,-0.09755,0.374044,0.251203,-0.097622,0.363689,0.253443,-0.001745,0.361462,0.254372,-0.155858,0.377925,0.284543,-0.045702,0.377487,0.283949,-0.091845,0.337839,0.343493,0.119494,0.349508,0.34604,-0.223869,0.359863,0.475745,0.15089,0.364134,0.478855,-0.289901,0.419977,0.541822,0.05034,0.421721,0.538665,-0.285802,0.433475,0.563056,0.045269,0.435435,0.565332,-0.320528,0.43584,0.561894,0.014712,0.441264,0.56069,-0.308599,0.431631,0.552089,0.034664,0.435903,0.550793,-0.280494,0.314516,0.566421,0.102441,0.336426,0.569162,-0.102644,0.284988,0.736062,0.099639,0.377038,0.738245,-0.068451,0.214871,0.868305,0.122603,0.36194,0.925592,-0.020993,0.190283,0.876568,0.121537,0.342603,0.952218,-0.018933,0.227746,0.955001,0.07758,0.400921,0.985088,-0.073917
EH_Lat_1_3.9.26,81,806.01,600.33,0,806.01,600.33,0.9953,809.54,586.86,0.9786,0.38491,0.269573,-0.088068,0.379054,0.252272,-0.076727,0.377242,0.251759,-0.07692,0.37548,0.251134,-0.076879,0.378354,0.252376,-0.109683,0.376206,0.251994,-0.10995,0.373932,0.251386,-0.110022,0.363601,0.253503,-0.016185,0.361235,0.254444,-0.164197,0.377498,0.284757,-0.059153,0.377088,0.284157,-0.103557,0.337069,0.343441,0.103709,0.349501,0.346323,-0.226725,0.360966,0.475544,0.130753,0.363473,0.478903,-0.288896,0.421407,0.543122,0.029858,0.421634,0.54339,-0.280747,0.433109,0.569374,0.024328,0.435215,0.573971,-0.314073,0.437644,0.566985,-0.005905,0.439861,0.571079,-0.302964,0.432097,0.556225,0.014378,0.434506,0.560518,-0.27575,0.310841,0.566653,0.101275,0.333484,0.569457,-0.101479,0.280999,0.735676,0.105065,0.375215,0.737864,-0.065889,0.211252,0.868511,0.130196,0.361937,0.925146,-0.01902,0.186943,0.877821,0.129124,0.342724,0.951593,-0.016938,0.226552,0.955034,0.08712,0.401032,0.984882,-0.068647
EH_Lat_1_3.9.26,82,798.37,606.27,0,798.37,606.27,0.9959,808.05,595.33,0.9801,0.384731,0.269781,-0.057203,0.378768,0.252379,-0.046801,0.376814,0.251857,-0.046955,0.374878,0.251213,-0.046902,0.378234,0.252477,-0.07961,0.376087,0.252094,-0.079894,0.373818,0.251485,-0.079965,0.362657,0.253718,0.004717,0.360824,0.25468,-0.142687,0.377127,0.285003,-0.031273,0.376818,0.284426,-0.075602,0.334974,0.343343,0.121479,0.349514,0.34615,-0.211499,0.351879,0.474349,0.188825,0.362874,0.478619,-0.271365,0.385745,0.560453,0.142187,0.420859,0.551231,-0.262347,0.391758,0.580069,0.146156,0.433836,0.584163,-0.294112,0.397321,0.579596,0.117392,0.438344,0.581477,-0.282459,0.3956,0.571649,0.12909,0.43299,0.570503,-0.256549,0.307612,0.565022,0.100785,0.332044,0.569171,-0.100994,0.277213,0.735433,0.10473,0.373612,0.737883,-0.069274,0.207301,0.868597,0.126205,0.361943,0.925072,-0.020774,0.183092,0.880576,0.124644,0.342884,0.951412,-0.017971,0.223448,0.954651,0.08268,0.401007,0.984856,-0.062449
EH_Lat_1_3.9.26,83,793.63,611.83,0,793.63,611.83,0.9868,805.61,605.55,0.9813,0.384646,0.2699,-0.090985,0.3786,0.25235,-0.080089,0.376576,0.251819,-0.080275,0.374599,0.251163,-0.080234,0.378101,0.252476,-0.113703,0.375924,0.252115,-0.113966,0.373649,0.251537,-0.114034,0.362268,0.25389,-0.020929,0.360466,0.254878,-0.17148,0.376952,0.285116,-0.062392,0.376629,0.284608,-0.107572,0.334749,0.343273,0.102258,0.349456,0.346412,-0.237643,0.354576,0.474322,0.138335,0.362484,0.47919,-0.299421,0.398867,0.560347,0.04305,0.419586,0.560695,-0.295067,0.405502,0.581307,0.037058,0.43053,0.595165,-0.331511,0.414196,0.579343,0.004798,0.435794,0.591965,-0.322857,0.407518,0.57125,0.026893,0.431562,0.58229,-0.291044,0.305306,0.565095,0.10079,0.329645,0.569387,-0.100998,0.273808,0.735151,0.109613,0.372429,0.737951,-0.065722,0.203856,0.868695,0.139137,0.361943,0.925071,-0.01716,0.179564,0.883323,0.138257,0.343206,0.951505,-0.014954,0.222184,0.954443,0.096493,0.401003,0.984761,-0.063819
EH_Lat_1_3.9.26,84,778.93,619.68,0,778.93,619.68,0.9956,799.16,617.12,0.9825,0.384311,0.269937,-0.101383,0.378169,0.252506,-0.090377,0.376081,0.251983,-0.090566,0.374024,0.25133,-0.090529,0.377763,0.252616,-0.123842,0.375585,0.252257,-0.124105,0.373268,0.251679,-0.124178,0.36132,0.254049,-0.029445,0.359554,0.255042,-0.179323,0.376519,0.285189,-0.072205,0.376129,0.284698,-0.117155,0.334732,0.34346,0.095914,0.348781,0.346497,-0.243351,0.356011,0.474809,0.128937,0.362332,0.479377,-0.301798,0.405739,0.560016,0.031816,0.416227,0.571412,-0.297901,0.412615,0.582891,0.025721,0.424438,0.605463,-0.334652,0.422642,0.580582,-0.006895,0.430816,0.60145,-0.326395,0.41496,0.572462,0.01544,0.427801,0.592374,-0.294188,0.303183,0.565436,0.100793,0.326544,0.569525,-0.101002,0.271031,0.735398,0.11286,0.370941,0.737964,-0.064175,0.199736,0.868741,0.144074,0.362225,0.925054,-0.010311,0.174703,0.885928,0.143319,0.343709,0.951506,-0.007644,0.218975,0.954338,0.099735,0.401379,0.984766,-0.057933
EH_Lat_1_3.9.26,85,779.26,622.86,0,779.26,622.86,0.9875,787.46,624.54,0.9839,0.383794,0.270086,-0.1098,0.377464,0.252573,-0.100547,0.375301,0.252043,-0.100754,0.373066,0.251384,-0.100722,0.377239,0.252703,-0.133384,0.375096,0.252349,-0.133651,0.372694,0.251772,-0.13373,0.359958,0.254226,-0.043124,0.358398,0.255234,-0.190231,0.37586,0.285355,-0.081632,0.375538,0.284862,-0.125805,0.33478,0.343514,0.081529,0.347256,0.346739,-0.25244,0.358804,0.474882,0.113825,0.360142,0.480294,-0.308834,0.411837,0.562083,0.023569,0.410136,0.578279,-0.306481,0.418737,0.588155,0.018747,0.416367,0.612581,-0.344118,0.427222,0.586979,-0.015561,0.423973,0.609974,-0.33549,0.420484,0.577526,0.006826,0.420302,0.599462,-0.302954,0.302352,0.565723,0.100748,0.324089,0.569646,-0.100953,0.268274,0.73572,0.122585,0.370005,0.737965,-0.058928,0.195614,0.868775,0.155903,0.362374,0.92517,-0.003314,0.170728,0.887233,0.155364,0.344421,0.951889,-0.000255,0.216063,0.954342,0.112153,0.401642,0.98482,-0.047926
EH_Lat_1_3.9.26,86,759.52,632.5,0,759.52,632.5,0.9951,767.34,633.15,0.9854,0.383567,0.270164,-0.102795,0.377126,0.252626,-0.092945,0.374915,0.252107,-0.093152,0.372588,0.251458,-0.093118,0.376998,0.252719,-0.125913,0.374876,0.252379,-0.126181,0.372465,0.251804,-0.126257,0.359265,0.254254,-0.034918,0.357843,0.255301,-0.182469,0.375577,0.285384,-0.074706,0.375221,0.285177,-0.118999,0.335788,0.343901,0.087774,0.345931,0.347711,-0.244027,0.36071,0.476499,0.125997,0.356416,0.484454,-0.299737,0.413368,0.566671,0.036097,0.399658,0.586252,-0.298359,0.421744,0.592665,0.030676,0.404388,0.619957,-0.335786,0.428073,0.59486,0.000131,0.411614,0.618866,-0.326974,0.421516,0.584564,0.020567,0.40864,0.608033,-0.294777,0.300836,0.56656,0.100212,0.321112,0.570743,-0.100404,0.265392,0.735891,0.118335,0.368931,0.737952,-0.057997,0.191125,0.869132,0.146333,0.362427,0.92518,-0.002709,0.165878,0.888499,0.145447,0.344687,0.951974,0.000552,0.212314,0.95431,0.104062,0.401655,0.984846,-0.042347
EH_Lat_1_3.9.26,87,741.68,634.32,0,741.68,634.32,0.996,739.56,638.35,0.9867,0.382337,0.271996,-0.111722,0.376065,0.254205,-0.101171,0.373866,0.253649,-0.101387,0.371558,0.252975,-0.101362,0.376007,0.254131,-0.134158,0.373884,0.253691,-0.134422,0.371456,0.253085,-0.134499,0.358092,0.255709,-0.039925,0.356646,0.256739,-0.187396,0.37436,0.287201,-0.082626,0.373962,0.287074,-0.126841,0.337563,0.344737,0.085538,0.343501,0.349037,-0.25111,0.362197,0.480111,0.1271,0.352133,0.487657,-0.312798,0.413238,0.575765,0.042154,0.385187,0.591068,-0.325309,0.421665,0.603682,0.037856,0.393027,0.626529,-0.36569,0.427915,0.607243,0.00463,0.398295,0.626184,-0.358933,0.421141,0.596148,0.025891,0.396945,0.616159,-0.322999,0.299387,0.566886,0.100259,0.316846,0.570843,-0.100446,0.263107,0.736899,0.1156,0.367564,0.737749,-0.058778,0.185938,0.869675,0.14422,0.362482,0.925926,-0.007705,0.160183,0.889357,0.144714,0.34499,0.953173,-0.004976,0.208358,0.954429,0.100621,0.402319,0.98486,-0.050805
EH_Lat_1_3.9.26,88,732.11,644.36,0,732.11,644.36,0.9945,713.99,640.38,0.9876,0.380487,0.2746,-0.102065,0.374632,0.257246,-0.091299,0.372599,0.256554,-0.091514,0.37055,0.255836,-0.09149,0.37432,0.257002,-0.124072,0.372178,0.25629,-0.124335,0.36987,0.255523,-0.12441,0.357096,0.257878,-0.031268,0.355205,0.25873,-0.178121,0.373043,0.289708,-0.073623,0.372545,0.289901,-0.117534,0.340844,0.349473,0.089198,0.340801,0.351876,-0.243555,0.365926,0.484226,0.126878,0.344402,0.489803,-0.309268,0.413217,0.588058,0.042404,0.371871,0.592946,-0.323982,0.421521,0.620129,0.038368,0.381466,0.630812,-0.362426,0.426587,0.623919,0.003948,0.386865,0.629345,-0.357447,0.420006,0.611091,0.025747,0.385365,0.618465,-0.322399,0.298564,0.569338,0.099856,0.314098,0.572237,-0.100037,0.261116,0.73912,0.101724,0.366432,0.737041,-0.059302,0.181246,0.869898,0.096488,0.362494,0.925924,-0.00917,0.155653,0.889286,0.091846,0.345073,0.953171,-0.009151,0.201925,0.955404,0.043393,0.402476,0.984865,-0.051485
EH_Lat_1_3.9.26,89,716.39,647.97,0,716.39,647.97,0.9926,703.44,645.85,0.9886,0.378745,0.278951,-0.097112,0.373479,0.261189,-0.086153,0.371596,0.260454,-0.086365,0.369785,0.259759,-0.08634,0.372971,0.260707,-0.11877,0.370815,0.25978,-0.119033,0.3686,0.258887,-0.119106,0.356459,0.261088,-0.026291,0.354118,0.26158,-0.174202,0.371703,0.294102,-0.068869,0.371067,0.294213,-0.11254,0.341138,0.352902,0.092521,0.338085,0.355,-0.239081,0.365586,0.488351,0.129665,0.338852,0.493144,-0.305122,0.411149,0.593591,0.045293,0.366373,0.598014,-0.324872,0.417955,0.624688,0.041311,0.373863,0.636426,-0.363602,0.422573,0.629368,0.007089,0.381183,0.63599,-0.359551,0.415664,0.61636,0.028744,0.379947,0.624381,-0.323657,0.297055,0.570239,0.098944,0.311647,0.573114,-0.09912,0.258696,0.741505,0.086957,0.365592,0.736543,-0.061022,0.176784,0.870343,0.067951,0.362456,0.926431,-0.030487,0.151663,0.88923,0.061852,0.34508,0.954732,-0.031743,0.19656,0.95583,0.012079,0.402721,0.984819,-0.078756
EH_Lat_1_3.9.26,90,691.94,652.18,0,691.94,652.18,0.9946,683.33,646.47,0.9838,0.376143,0.284011,-0.090392,0.371564,0.266056,-0.081272,0.369851,0.265244,-0.081511,0.368253,0.264529,-0.081509,0.371091,0.265598,-0.111056,0.369108,0.264623,-0.111311,0.367049,0.263678,-0.111375,0.35498,0.265043,-0.025009,0.352804,0.265476,-0.16109,0.369612,0.298311,-0.064225,0.369053,0.298365,-0.104111,0.341074,0.355253,0.095591,0.336741,0.359326,-0.221235,0.365008,0.492423,0.130718,0.335793,0.497979,-0.286297,0.407701,0.600723,0.046666,0.355899,0.598586,-0.302053,0.415565,0.632459,0.04298,0.362583,0.63925,-0.332904,0.418628,0.637314,0.009628,0.367093,0.633424,-0.337257,0.411481,0.624415,0.030515,0.366159,0.623313,-0.304589,0.295103,0.572802,0.097097,0.312332,0.577374,-0.097287,0.257677,0.743991,0.082354,0.365202,0.736485,-0.055497,0.17214,0.870878,0.063473,0.362332,0.926745,-0.030724,0.146619,0.889193,0.057585,0.344836,0.95523,-0.031867,0.188614,0.95599,0.005587,0.402374,0.984838,-0.08032
EH_Lat_1_3.9.26,91,669.69,659.22,0,669.69,659.22,0.9877,672.25,654.18,0.9833,0.374028,0.286421,-0.089292,0.369895,0.268616,-0.079514,0.368169,0.267779,-0.07974,0.366631,0.267026,-0.079725,0.369411,0.26809,-0.110371,0.367369,0.266978,-0.110629,0.365322,0.265901,-0.110689,0.353667,0.267576,-0.022076,0.351187,0.267713,-0.1607,0.367378,0.301092,-0.062188,0.366821,0.30091,-0.103336,0.341551,0.361291,0.092686,0.332317,0.360789,-0.221542,0.364889,0.4974,0.122684,0.329071,0.497973,-0.293044,0.403836,0.608141,0.037638,0.35013,0.605725,-0.314747,0.410318,0.640068,0.033631,0.356747,0.640493,-0.349686,0.413748,0.645734,-0.000774,0.361713,0.636653,-0.349903,0.407355,0.63265,0.020958,0.360269,0.626786,-0.315526,0.292922,0.576416,0.096245,0.307183,0.57877,-0.096432,0.253249,0.748969,0.072524,0.364586,0.733668,-0.058135,0.167935,0.872099,0.039307,0.362331,0.926804,-0.045008,0.142942,0.889183,0.031538,0.344829,0.955458,-0.047534,0.182344,0.956527,-0.027016,0.402459,0.984725,-0.103667
EH_Lat_1_3.9.26,92,650.58,664.39,0,650.58,664.39,0.9887,654.61,663.92,0.9842,0.370953,0.291168,-0.084604,0.367352,0.27304,-0.074449,0.36596,0.272385,-0.074685,0.364636,0.271716,-0.074692,0.36679,0.272463,-0.103998,0.364962,0.271513,-0.104253,0.362964,0.27054,-0.104323,0.351504,0.272207,-0.017856,0.348792,0.272371,-0.150465,0.364817,0.305323,-0.058433,0.364019,0.304953,-0.097837,0.341494,0.367295,0.095261,0.329348,0.362372,-0.216939,0.36438,0.501329,0.127167,0.323537,0.497904,-0.29237,0.398305,0.61512,0.039757,0.340942,0.614739,-0.315089,0.404027,0.647474,0.035625,0.345339,0.649051,-0.350641,0.407177,0.653394,0.002657,0.351925,0.647578,-0.34999,0.401961,0.641024,0.023534,0.349865,0.63623,-0.315389,0.290506,0.578665,0.095244,0.303452,0.580523,-0.095429,0.251899,0.751852,0.067707,0.364885,0.733522,-0.073691,0.164307,0.8732,0.033242,0.362332,0.928248,-0.067174,0.139346,0.889145,0.025503,0.344749,0.956194,-0.068969,0.178896,0.958638,-0.029482,0.402457,0.985188,-0.119122
EH_Lat_1_3.9.26,93,626.02,665.6,0,626.02,665.6,0.9855,634.82,663.58,0.9852,0.367368,0.298245,-0.084283,0.364129,0.279244,-0.073966,0.362901,0.278636,-0.074198,0.36169,0.277978,-0.074199,0.363563,0.278488,-0.103838,0.361924,0.277488,-0.10409,0.359988,0.276404,-0.104162,0.348559,0.277639,-0.01728,0.345823,0.277334,-0.150411,0.360952,0.311922,-0.057788,0.360092,0.311364,-0.097824,0.341067,0.371297,0.092711,0.325747,0.364526,-0.21737,0.363338,0.503624,0.126852,0.317057,0.498666,-0.292115,0.392474,0.616291,0.042437,0.330638,0.614429,-0.309091,0.398865,0.648847,0.038653,0.330702,0.648693,-0.344362,0.400919,0.655502,0.005364,0.337023,0.648683,-0.341802,0.395978,0.643602,0.026138,0.337461,0.636263,-0.3084,0.289802,0.580256,0.095119,0.298485,0.582667,-0.095297,0.250469,0.753948,0.07162,0.36408,0.733863,-0.084803,0.161272,0.875349,0.042046,0.362332,0.928698,-0.058004,0.139932,0.889614,0.034519,0.343994,0.957311,-0.05787,0.175592,0.959161,-0.027603,0.402308,0.985184,-0.109557
EH_Lat_1_3.9.26,94,605.92,673.28,0,605.92,673.28,0.9854,623.43,672.48,0.9855,0.366405,0.303726,-0.082079,0.363043,0.284448,-0.071672,0.361492,0.283468,-0.071889,0.360056,0.28264,-0.071885,0.362641,0.284011,-0.10135,0.360782,0.282809,-0.101592,0.358787,0.281692,-0.101669,0.34723,0.281966,-0.016974,0.344778,0.281751,-0.14977,0.359575,0.317315,-0.056647,0.358978,0.317009,-0.09635,0.338375,0.376593,0.093741,0.322803,0.369269,-0.217244,0.361089,0.509276,0.128848,0.313613,0.504554,-0.290674,0.38687,0.621599,0.052639,0.324702,0.622671,-0.305772,0.391417,0.656594,0.051496,0.32504,0.656973,-0.341002,0.392926,0.661642,0.016246,0.330285,0.65589,-0.337196,0.389746,0.650267,0.036061,0.330289,0.642799,-0.30451,0.289307,0.581923,0.095289,0.294451,0.585177,-0.095466,0.250188,0.755924,0.076012,0.361213,0.733763,-0.09208,0.202317,0.910564,0.059351,0.317241,0.938144,-0.054024,0.192161,0.930178,0.054156,0.300112,0.967862,-0.055582,0.205961,0.960591,-0.002829,0.355222,0.991493,-0.103513
EH_Lat_1_3.9.26,95,581.15,677.05,0,581.15,677.05,0.9894,604.1,684.74,0.9862,0.363954,0.30927,-0.10176,0.361226,0.291877,-0.089655,0.359703,0.290917,-0.089877,0.358321,0.290025,-0.089861,0.360534,0.29121,-0.119588,0.358479,0.289841,-0.119823,0.356442,0.288489,-0.119908,0.346211,0.287774,-0.025995,0.342572,0.286385,-0.16076,0.357146,0.323193,-0.073794,0.356391,0.322403,-0.114442,0.338371,0.386164,0.074471,0.316727,0.371533,-0.220306,0.357035,0.512983,0.129829,0.303157,0.507818,-0.295453,0.381591,0.622948,0.075618,0.314637,0.634014,-0.332206,0.385024,0.659202,0.076172,0.31105,0.673648,-0.368954,0.386419,0.66272,0.040883,0.317169,0.674199,-0.370541,0.384139,0.650904,0.060077,0.319923,0.659952,-0.334507,0.29194,0.590344,0.093323,0.282775,0.588818,-0.09343,0.348328,0.752137,0.063426,0.252626,0.754093,-0.123534,0.351939,0.919831,0.06829,0.160697,0.908275,-0.141668,0.3338,0.946681,0.063575,0.13667,0.920476,-0.147683,0.390924,0.972541,-0.003016,0.18287,0.980214,-0.249645
EH_Lat_1_3.9.26,96,555.71,677.34,0,555.71,677.34,0.9917,575.13,695.31,0.9863,0.361712,0.311263,-0.130374,0.358684,0.294643,-0.117914,0.357126,0.293609,-0.118148,0.355591,0.292556,-0.118125,0.358057,0.294328,-0.149026,0.355892,0.293018,-0.149258,0.35363,0.291527,-0.149355,0.344022,0.290308,-0.049907,0.340153,0.288834,-0.190929,0.354414,0.325598,-0.100966,0.353886,0.324454,-0.14339,0.336954,0.38833,0.05056,0.311037,0.373881,-0.243871,0.348564,0.515408,0.113124,0.293859,0.514971,-0.322033,0.374487,0.626514,0.07536,0.299547,0.643807,-0.369302,0.37873,0.664766,0.073513,0.29513,0.682706,-0.408903,0.379361,0.665966,0.039078,0.302023,0.683488,-0.411531,0.376572,0.654079,0.059918,0.305005,0.669822,-0.372595,0.293104,0.59629,0.093087,0.276456,0.59441,-0.09317,0.35679,0.747985,0.07658,0.237693,0.766303,-0.115983,0.361127,0.92402,0.127949,0.148591,0.903423,-0.113547,0.344091,0.954179,0.125914,0.122879,0.915925,-0.117129,0.400676,0.979283,0.03697,0.17505,0.97676,-0.219532
EH_Lat_1_3.9.26,97,534.14,679.53,0,534.14,679.53,0.9928,550.33,702.71,0.9866,0.358731,0.316757,-0.096455,0.355709,0.300252,-0.08475,0.354364,0.299401,-0.085021,0.352963,0.298434,-0.085008,0.354971,0.299982,-0.114175,0.352861,0.298866,-0.114405,0.350438,0.297398,-0.114518,0.341808,0.296211,-0.026312,0.337297,0.29436,-0.158618,0.351193,0.332041,-0.070409,0.350204,0.330549,-0.109999,0.334768,0.39381,0.055214,0.305309,0.376102,-0.219705,0.341936,0.522898,0.118504,0.284124,0.522451,-0.304818,0.366755,0.630747,0.063572,0.286628,0.650662,-0.349362,0.371647,0.67196,0.059533,0.28096,0.686767,-0.389645,0.374361,0.67217,0.023068,0.290005,0.687102,-0.380069,0.369423,0.658932,0.046724,0.293212,0.675672,-0.34666,0.284507,0.605203,0.091942,0.278776,0.602102,-0.092055,0.257208,0.765244,0.077504,0.30229,0.754035,-0.100272,0.178475,0.91567,0.068519,0.315164,0.909526,-0.054209,0.151884,0.940577,0.060667,0.295355,0.931399,-0.052629,0.208209,0.97779,-0.013796,0.351497,0.976965,-0.113707
EH_Lat_1_3.9.26,98,507.4,688.11,0,507.4,688.11,0.9934,519.03,703.89,0.9877,0.353366,0.322577,-0.076954,0.350898,0.305095,-0.060675,0.349837,0.304135,-0.060892,0.348762,0.303075,-0.060861,0.349974,0.304966,-0.091829,0.347937,0.303769,-0.092031,0.345567,0.302236,-0.092119,0.338327,0.301288,0.012654,0.332683,0.299508,-0.130127,0.34631,0.336905,-0.047164,0.344901,0.335721,-0.089577,0.331974,0.402858,0.093401,0.298229,0.378658,-0.196795,0.336471,0.529585,0.156957,0.276991,0.520918,-0.29557,0.361404,0.633638,0.104549,0.270327,0.651745,-0.34477,0.365906,0.673047,0.102767,0.264898,0.685616,-0.384805,0.36743,0.672713,0.067277,0.274006,0.687593,-0.38468,0.363008,0.660058,0.088392,0.276646,0.675615,-0.346756,0.286708,0.615028,0.092236,0.271218,0.609126,-0.09235,0.338117,0.757561,0.081822,0.235785,0.771776,-0.132719,0.347812,0.923257,0.11755,0.151197,0.907963,-0.117467,0.328722,0.951146,0.114077,0.12592,0.926541,-0.119312,0.378462,0.978855,0.02669,0.183411,0.972026,-0.212717
EH_Lat_1_3.9.26,99,487.26,687.8,0,487.26,687.8,0.9862,496.78,700.92,0.9885,0.3489,0.329263,-0.083087,0.347242,0.311737,-0.065082,0.346384,0.310631,-0.065282,0.345653,0.309503,-0.065246,0.345661,0.311408,-0.093624,0.343631,0.310018,-0.093787,0.34138,0.308344,-0.093876,0.335507,0.307132,0.005987,0.328483,0.305002,-0.132762,0.342211,0.342942,-0.050954,0.340183,0.341622,-0.090784,0.32971,0.405822,0.093458,0.295162,0.380628,-0.194593,0.332996,0.531837,0.153627,0.274465,0.519723,-0.295221,0.358716,0.636776,0.089888,0.258742,0.649001,-0.360858,0.364816,0.675401,0.087219,0.252095,0.680181,-0.402372,0.365071,0.674862,0.052527,0.258518,0.68301,-0.406524,0.360906,0.662628,0.073788,0.260859,0.672193,-0.365492,0.284736,0.618817,0.091093,0.26743,0.614002,-0.091189,0.347268,0.756167,0.076529,0.228769,0.78031,-0.133228,0.358774,0.923542,0.111758,0.159412,0.909633,-0.105889,0.341824,0.953199,0.108044,0.117836,0.926124,-0.106467,0.389839,0.978349,0.017856,0.172812,0.969665,-0.197179
EH_Lat_1_3.9.26,100,460.67,685.45,0,460.67,685.45,0.9841,472.05,694.93,0.9875,0.347073,0.332416,-0.067391,0.345256,0.315317,-0.054642,0.344213,0.314164,-0.05487,0.343322,0.312937,-0.054861,0.343727,0.314842,-0.08334,0.341595,0.313413,-0.08356,0.339416,0.311769,-0.083628,0.332168,0.309711,0.008177,0.325981,0.307895,-0.124503,0.339346,0.346265,-0.038727,0.337643,0.344858,-0.077672,0.32492,0.407266,0.097635,0.291862,0.383125,-0.180311,0.328874,0.534052,0.15096,0.267453,0.518734,-0.262464,0.354883,0.639298,0.083126,0.245858,0.643449,-0.310583,0.360441,0.675978,0.080745,0.237261,0.673847,-0.338535,0.361736,0.675692,0.045898,0.243035,0.677829,-0.355724,0.357261,0.664078,0.067006,0.246665,0.667177,-0.319005,0.275496,0.623452,0.089039,0.273248,0.620074,-0.089203,0.243693,0.779729,0.072734,0.318922,0.761861,-0.096528,0.159378,0.918461,0.06471,0.336931,0.913515,-0.046912,0.136075,0.944152,0.058625,0.317368,0.937822,-0.044655,0.197122,0.977266,-0.001868,0.376595,0.970518,-0.093049
EH_Lat_1_3.9.26,101,436.51,681.01,0,436.51,681.01,0.9851,447.0,690.11,0.9851,0.341189,0.336492,-0.060768,0.340167,0.319965,-0.049543,0.339479,0.319136,-0.049769,0.33899,0.318311,-0.049766,0.338078,0.318623,-0.078051,0.335816,0.31688,-0.078298,0.333561,0.315004,-0.078361,0.327723,0.313978,0.012171,0.319917,0.309689,-0.116825,0.333934,0.350526,-0.03232,0.331328,0.348557,-0.070738,0.319503,0.40692,0.105129,0.287645,0.383983,-0.168615,0.323597,0.535854,0.15001,0.256882,0.517561,-0.244833,0.349459,0.641518,0.08026,0.23281,0.63899,-0.283227,0.355203,0.678356,0.077428,0.22569,0.669572,-0.308851,0.357746,0.679079,0.043647,0.229955,0.673081,-0.324473,0.352792,0.667541,0.064174,0.232558,0.663527,-0.290583,0.268488,0.623555,0.087981,0.271213,0.619742,-0.088191,0.227018,0.786514,0.064522,0.340024,0.752365,-0.095897,0.139246,0.915567,0.038195,0.35834,0.918175,-0.047688,0.115408,0.940353,0.031059,0.339895,0.946453,-0.045771,0.175461,0.976789,-0.024059,0.400331,0.970945,-0.094087
EH_Lat_1_3.9.26,102,410.62,678.84,0,410.62,678.84,0.9866,418.79,685.96,0.9865,0.339226,0.336906,-0.062488,0.338243,0.32177,-0.050919,0.33771,0.32091,-0.051119,0.337367,0.320071,-0.0511,0.336146,0.320501,-0.080097,0.33389,0.318635,-0.080342,0.331567,0.316512,-0.080413,0.326751,0.316305,0.011545,0.318264,0.310965,-0.120127,0.332418,0.350804,-0.034147,0.329964,0.348893,-0.073519,0.317196,0.407408,0.104835,0.281381,0.383058,-0.174411,0.317857,0.535755,0.151957,0.246912,0.515561,-0.246452,0.345446,0.642087,0.087196,0.218119,0.635144,-0.285061,0.351207,0.678999,0.084798,0.208347,0.666288,-0.31438,0.354173,0.680083,0.049019,0.213179,0.668621,-0.327001,0.348868,0.668723,0.070199,0.21857,0.658789,-0.291653,0.270588,0.621795,0.088192,0.263289,0.617774,-0.088391,0.247587,0.798425,0.068251,0.311329,0.76323,-0.118891,0.146424,0.946994,0.061607,0.309766,0.949533,-0.050162,0.166107,0.969618,0.057588,0.304133,0.978319,-0.046523,0.209263,0.994443,-0.007492,0.351518,1.006244,-0.120711
EH_Lat_1_3.9.26,103,386.81,668.32,0,386.81,668.32,0.9894,391.87,684.19,0.9877,0.338543,0.337757,-0.078201,0.337311,0.3222,-0.066735,0.336656,0.321408,-0.066955,0.336142,0.320611,-0.066945,0.335576,0.321025,-0.095189,0.333458,0.319278,-0.095439,0.33124,0.317332,-0.095517,0.324354,0.316665,-0.001736,0.317509,0.312272,-0.127113,0.331425,0.351434,-0.048869,0.32957,0.349321,-0.08699,0.314341,0.409735,0.087556,0.277056,0.382422,-0.183594,0.314158,0.537622,0.123555,0.237315,0.514511,-0.256397,0.34167,0.644328,0.045009,0.204099,0.633512,-0.285988,0.347835,0.680592,0.038972,0.190724,0.664896,-0.321372,0.350618,0.682009,0.002428,0.19816,0.665913,-0.337844,0.345335,0.67108,0.027022,0.205299,0.655983,-0.298758,0.265686,0.622518,0.085264,0.259572,0.618165,-0.085487,0.225104,0.794027,0.057489,0.329264,0.754773,-0.11626,0.135199,0.938473,0.036434,0.354871,0.945899,-0.05064,0.116396,0.958361,0.029328,0.339598,0.972686,-0.046696,0.171496,0.990619,-0.039791,0.395478,1.003473,-0.120979
EH_Lat_1_3.9.26,104,365.66,663.99,0,365.66,663.99,0.9909,370.8,678.26,0.9887,0.337765,0.337325,-0.079015,0.335598,0.321944,-0.067829,0.334785,0.321076,-0.068051,0.33414,0.320223,-0.068044,0.334054,0.320875,-0.095463,0.331967,0.319232,-0.095713,0.329764,0.317406,-0.095787,0.322295,0.316935,-0.003621,0.316117,0.313103,-0.1305,0.330453,0.351071,-0.049853,0.329236,0.34912,-0.087508,0.311703,0.408881,0.084198,0.274624,0.38161,-0.178265,0.309246,0.536171,0.114996,0.229074,0.509132,-0.248884,0.336827,0.643203,0.037274,0.193126,0.628016,-0.288696,0.342434,0.679454,0.030506,0.177897,0.660579,-0.31959,0.345823,0.681445,-0.004243,0.183679,0.665513,-0.336565,0.340696,0.670439,0.019948,0.191044,0.654856,-0.298424,0.260514,0.620741,0.082153,0.258479,0.616659,-0.082398,0.222768,0.791599,0.046411,0.334787,0.750479,-0.111813,0.134499,0.931775,0.008284,0.360267,0.943133,-0.057536,0.109713,0.95091,-0.000745,0.34591,0.969603,-0.05658,0.169785,0.988587,-0.065735,0.402381,0.995305,-0.122013
EH_Lat_1_3.9.26,105,344.63,652.35,0,344.63,652.35,0.9913,345.99,669.69,0.9897,0.335659,0.337809,-0.091561,0.333935,0.321669,-0.078445,0.33307,0.32097,-0.078633,0.332328,0.320264,-0.078611,0.332652,0.320635,-0.107179,0.330673,0.319196,-0.10739,0.328559,0.317594,-0.107448,0.320365,0.317858,-0.007541,0.314537,0.314256,-0.136529,0.328479,0.35169,-0.060801,0.327526,0.349509,-0.100031,0.310447,0.409711,0.078857,0.270966,0.38114,-0.1832,0.307258,0.538134,0.119916,0.221002,0.505062,-0.251441,0.334025,0.64343,0.061592,0.180204,0.620087,-0.29273,0.340307,0.679433,0.056473,0.166842,0.651043,-0.324451,0.344244,0.681694,0.019725,0.170972,0.659907,-0.337368,0.339061,0.670953,0.04424,0.178294,0.651452,-0.300194,0.26563,0.620747,0.082743,0.249153,0.616436,-0.08293,0.316735,0.768369,0.052132,0.23362,0.777486,-0.125782,0.344264,0.929768,0.09165,0.145556,0.932142,-0.099874,0.330591,0.95597,0.088822,0.123739,0.951865,-0.101228,0.384993,0.987052,0.003821,0.18344,0.98288,-0.193501
EH_Lat_1_3.9.26,106,324.2,640.16,0,324.2,640.16,0.9914,325.37,657.54,0.9906,0.333712,0.337582,-0.081105,0.332085,0.32089,-0.068196,0.331216,0.320284,-0.068402,0.330453,0.319684,-0.068385,0.3309,0.319817,-0.096373,0.328968,0.318453,-0.096614,0.326888,0.316964,-0.096678,0.318433,0.317626,0.000955,0.312635,0.313954,-0.126435,0.326407,0.351462,-0.050518,0.325469,0.34927,-0.088707,0.308169,0.409887,0.084136,0.268791,0.380666,-0.166103,0.304018,0.536932,0.123153,0.215516,0.497337,-0.233499,0.330794,0.641601,0.056221,0.169462,0.608835,-0.284158,0.336895,0.677067,0.050331,0.154008,0.634641,-0.312899,0.340505,0.678772,0.013858,0.15771,0.646911,-0.331391,0.336394,0.66803,0.038321,0.165678,0.639498,-0.29331,0.259036,0.620559,0.081431,0.249347,0.615703,-0.081645,0.238236,0.780638,0.040582,0.292082,0.763598,-0.118624,0.157734,0.926662,0.016468,0.330977,0.93202,-0.091695,0.132815,0.951134,0.008271,0.317369,0.957015,-0.092595,0.195475,0.982747,-0.058928,0.375235,0.981874,-0.168028
EH_Lat_1_3.9.26,107,304.17,632.2,0,304.17,632.2,0.9915,303.64,646.52,0.9914,0.333559,0.336488,-0.11562,0.331147,0.319847,-0.101004,0.330084,0.319236,-0.101192,0.32914,0.318615,-0.101163,0.330133,0.318965,-0.13097,0.32812,0.31774,-0.13118,0.325983,0.316396,-0.131242,0.317029,0.317433,-0.022182,0.31165,0.314079,-0.158109,0.325438,0.350974,-0.082611,0.324646,0.349008,-0.123531,0.307372,0.411774,0.065767,0.265497,0.380341,-0.171819,0.302778,0.539127,0.119819,0.20913,0.49132,-0.244874,0.327881,0.641777,0.056457,0.158148,0.598629,-0.286689,0.334164,0.675934,0.050638,0.142861,0.622832,-0.317137,0.338966,0.677252,0.013708,0.145377,0.63528,-0.340895,0.33451,0.666617,0.038648,0.152873,0.628375,-0.298774,0.263805,0.621631,0.08248,0.242635,0.615756,-0.082679,0.315297,0.764393,0.080317,0.229716,0.78088,-0.12745,0.342656,0.926817,0.143778,0.144317,0.926956,-0.104233,0.328566,0.955536,0.143081,0.121145,0.950504,-0.105715,0.38375,0.983261,0.064379,0.181615,0.978312,-0.203114
EH_Lat_1_3.9.26,108,285.84,614.1,0,285.84,614.1,0.9931,285.99,628.86,0.992,0.330686,0.336778,-0.108784,0.329012,0.320061,-0.094052,0.328217,0.319426,-0.09424,0.327518,0.318775,-0.094172,0.327811,0.319181,-0.120146,0.325989,0.317932,-0.120367,0.324011,0.316538,-0.12045,0.315838,0.317391,-0.018198,0.309758,0.313993,-0.14304,0.32343,0.351177,-0.077057,0.322419,0.348949,-0.112934,0.305177,0.410496,0.072469,0.26186,0.380036,-0.166941,0.297368,0.537296,0.122559,0.20378,0.487537,-0.216978,0.323794,0.640132,0.055765,0.148953,0.582275,-0.251613,0.329947,0.674286,0.050989,0.130536,0.607485,-0.278246,0.334631,0.676072,0.014362,0.132676,0.617416,-0.299266,0.330065,0.665219,0.038065,0.140506,0.611876,-0.262182,0.260785,0.621414,0.082024,0.24361,0.616834,-0.08222,0.312672,0.77939,0.100374,0.258828,0.777409,-0.124581,0.286385,0.945475,0.14084,0.186028,0.944902,-0.020988,0.271266,0.975194,0.137752,0.200624,0.972691,-0.01471,0.321399,0.984014,0.055509,0.196846,0.988392,-0.095472
EH_Lat_1_3.9.26,109,265.93,603.83,0,265.93,603.83,0.9933,266.89,614.16,0.9926,0.330717,0.336245,-0.10574,0.328187,0.319444,-0.091244,0.327122,0.318643,-0.091437,0.326215,0.317882,-0.091379,0.327069,0.318623,-0.119758,0.325055,0.31731,-0.119973,0.322805,0.315952,-0.120049,0.313494,0.316783,-0.016903,0.307991,0.313611,-0.140875,0.322796,0.351072,-0.074239,0.321814,0.349059,-0.112157,0.302647,0.410277,0.071891,0.259215,0.379831,-0.167243,0.294151,0.536547,0.093716,0.198209,0.481197,-0.220886,0.320615,0.639107,-0.002109,0.139007,0.568665,-0.258352,0.327274,0.673492,-0.011656,0.120968,0.595673,-0.284585,0.33142,0.67519,-0.045671,0.124013,0.603663,-0.303864,0.326936,0.66427,-0.019738,0.130798,0.598533,-0.2678,0.256555,0.620778,0.079525,0.244116,0.616913,-0.07974,0.238659,0.784737,0.072738,0.294146,0.76174,-0.119288,0.152379,0.940112,0.059982,0.334186,0.943507,-0.027958,0.1598,0.967997,0.052439,0.325488,0.969911,-0.022872,0.186499,0.978945,-0.030516,0.369728,0.984721,-0.092558
EH_Lat_1_3.9.26,110,251.19,589.08,0,251.19,589.08,0.9939,252.64,597.28,0.9932,0.329168,0.336576,-0.104994,0.327272,0.319785,-0.091029,0.326154,0.319006,-0.091218,0.325173,0.318248,-0.091126,0.325992,0.318639,-0.116546,0.32386,0.317234,-0.11676,0.321547,0.315793,-0.116833,0.312025,0.316476,-0.016079,0.306599,0.312891,-0.138266,0.321187,0.351308,-0.073562,0.319902,0.349038,-0.109095,0.300826,0.410524,0.071296,0.2576,0.379532,-0.162769,0.290603,0.535661,0.105286,0.195304,0.473012,-0.210982,0.317852,0.638202,0.020586,0.131583,0.553039,-0.249674,0.324424,0.672676,0.013222,0.112609,0.580122,-0.274561,0.329016,0.674492,-0.021301,0.114721,0.585501,-0.29444,0.324307,0.663517,0.00331,0.122094,0.579432,-0.259722,0.254767,0.620201,0.078595,0.243032,0.617082,-0.078796,0.247704,0.788053,0.088947,0.290089,0.766088,-0.116757,0.213736,0.950459,0.117253,0.321283,0.951332,-0.022298,0.216414,0.978618,0.113463,0.309965,0.979785,-0.016847,0.221995,0.984927,0.025134,0.356362,0.992086,-0.094606
EH_Lat_1_3.9.26,111,239.11,571.98,0,239.11,571.98,0.9951,236.82,582.44,0.9935,0.328069,0.337317,-0.101036,0.326878,0.320856,-0.088436,0.325862,0.320144,-0.088642,0.324922,0.319402,-0.088582,0.325434,0.319411,-0.115105,0.32311,0.317822,-0.115336,0.320674,0.316249,-0.115414,0.311596,0.316979,-0.019614,0.305766,0.312852,-0.13965,0.320138,0.351776,-0.070791,0.318625,0.34941,-0.107419,0.297987,0.40981,0.063882,0.255232,0.379395,-0.165455,0.286548,0.534831,0.086301,0.190698,0.464736,-0.221802,0.314252,0.637615,-0.000116,0.123341,0.539298,-0.264175,0.320461,0.672254,-0.007659,0.105487,0.56524,-0.291327,0.325995,0.674527,-0.041097,0.106084,0.570455,-0.307346,0.320808,0.663112,-0.017163,0.112975,0.565094,-0.272069,0.250203,0.620368,0.07497,0.242271,0.617472,-0.075202,0.226293,0.788946,0.077329,0.30938,0.757824,-0.098454,0.142,0.939875,0.075181,0.353429,0.947707,-0.021009,0.118901,0.969046,0.069004,0.340383,0.976569,-0.017053,0.17016,0.979025,-0.005511,0.394639,0.986798,-0.082517
EH_Lat_1_3.9.26,112,223.04,560.69,0,223.04,560.69,0.9951,231.24,566.39,0.9937,0.327994,0.337002,-0.098372,0.326294,0.320922,-0.085932,0.325366,0.320141,-0.086139,0.32443,0.319247,-0.08609,0.325019,0.31965,-0.113459,0.322896,0.318029,-0.113692,0.320396,0.316234,-0.113769,0.310776,0.316439,-0.018226,0.305151,0.312289,-0.138367,0.320196,0.351474,-0.068517,0.318684,0.349304,-0.106367,0.29759,0.41015,0.064429,0.253489,0.378761,-0.157623,0.285623,0.534956,0.076833,0.185736,0.458268,-0.208652,0.312347,0.637538,-0.028401,0.120436,0.524435,-0.253307,0.318204,0.672382,-0.040031,0.102459,0.543123,-0.278234,0.323528,0.674663,-0.073172,0.100874,0.54829,-0.29817,0.318725,0.663158,-0.045867,0.108215,0.54333,-0.263179,0.248915,0.62038,0.073205,0.24036,0.617676,-0.073434,0.221942,0.789231,0.067817,0.3123,0.751641,-0.099287,0.135769,0.933485,0.063619,0.353443,0.942051,-0.031463,0.112698,0.960116,0.057488,0.341141,0.973894,-0.028289,0.166132,0.975636,-0.020412,0.392116,0.980511,-0.096999
EH_Lat_1_3.9.26,113,217.26,543.5,0,217.26,543.5,0.9952,222.84,555.37,0.9939,0.327378,0.3377,-0.096588,0.325984,0.321729,-0.084264,0.325091,0.321039,-0.084473,0.324164,0.320213,-0.08443,0.324822,0.320347,-0.112299,0.322731,0.318625,-0.112531,0.320224,0.316713,-0.112609,0.311001,0.316908,-0.017244,0.305246,0.312155,-0.136166,0.319406,0.35189,-0.06704,0.317974,0.349675,-0.106209,0.296746,0.410179,0.0677,0.25196,0.378283,-0.15249,0.284407,0.535204,0.080073,0.181705,0.450755,-0.208462,0.309545,0.637502,-0.027466,0.11606,0.514228,-0.260926,0.315616,0.672204,-0.0394,0.095453,0.529047,-0.2865,0.320401,0.674219,-0.072059,0.093417,0.534164,-0.30587,0.316184,0.662915,-0.044906,0.10205,0.529611,-0.270527,0.246213,0.620906,0.073771,0.239279,0.618013,-0.074001,0.220938,0.790863,0.054292,0.315409,0.7483,-0.099464,0.133044,0.93115,0.040293,0.354589,0.939833,-0.03214,0.109148,0.955993,0.03352,0.342402,0.97217,-0.028442,0.165571,0.971998,-0.035999,0.399851,0.976485,-0.104326
EH_Lat_1_3.9.26,114,197.66,533.01,0,197.66,533.01,0.9957,224.6,535.96,0.9938,0.327311,0.337552,-0.095422,0.325682,0.321719,-0.082809,0.324865,0.320963,-0.083034,0.324041,0.320044,-0.082984,0.324441,0.320433,-0.108858,0.322357,0.318662,-0.109103,0.319857,0.316637,-0.109174,0.311364,0.316665,-0.012548,0.304741,0.311749,-0.12676,0.319595,0.351907,-0.064511,0.318057,0.349785,-0.100407,0.296864,0.411196,0.069555,0.25196,0.377066,-0.14311,0.283812,0.535854,0.081799,0.18296,0.442373,-0.204286,0.307152,0.637157,-0.033063,0.116979,0.496262,-0.265392,0.312945,0.671857,-0.046287,0.096481,0.508545,-0.291773,0.317323,0.673799,-0.078503,0.093292,0.512357,-0.310477,0.313358,0.662485,-0.050535,0.101531,0.509108,-0.274866,0.245766,0.620711,0.07468,0.238137,0.617819,-0.074902,0.220058,0.791171,0.045129,0.315713,0.745843,-0.100895,0.132156,0.92921,0.027524,0.352815,0.93872,-0.056148,0.10822,0.952087,0.020363,0.341309,0.971069,-0.055636,0.167271,0.970964,-0.050318,0.399445,0.97157,-0.127362
EH_Lat_1_3.9.26,115,194.61,519.94,0,194.61,519.94,0.9957,215.7,518.95,0.9937,0.327606,0.337688,-0.094788,0.325894,0.322138,-0.082198,0.325091,0.32143,-0.082418,0.324296,0.320526,-0.082369,0.324625,0.320839,-0.108545,0.322556,0.319051,-0.108791,0.320024,0.316943,-0.108862,0.312013,0.317122,-0.012308,0.304829,0.311697,-0.127008,0.31994,0.352012,-0.063938,0.318324,0.349866,-0.100361,0.296533,0.412236,0.070656,0.252268,0.37529,-0.143048,0.282204,0.536602,0.080278,0.184469,0.434001,-0.195148,0.304543,0.637078,-0.036517,0.112345,0.480512,-0.250477,0.310641,0.671926,-0.049296,0.091366,0.492609,-0.275845,0.315219,0.673783,-0.083224,0.090022,0.497179,-0.296586,0.311279,0.662461,-0.054592,0.09865,0.494718,-0.261212,0.246265,0.620523,0.074036,0.235419,0.617526,-0.074234,0.219623,0.790113,0.049429,0.314156,0.741243,-0.113941,0.134214,0.926545,0.051174,0.34965,0.936368,-0.056651,0.111202,0.949842,0.046839,0.339103,0.97017,-0.055572,0.166563,0.970005,-0.048147,0.394866,0.967665,-0.129979
EH_Lat_1_3.9.26,116,192.99,502.9,0,192.99,502.9,0.9956,220.75,499.06,0.9934,0.328233,0.338461,-0.09413,0.3264,0.323022,-0.081724,0.325576,0.322298,-0.081944,0.32476,0.321337,-0.081903,0.325185,0.321773,-0.108277,0.323189,0.319995,-0.108523,0.320687,0.317782,-0.108599,0.312645,0.317764,-0.010705,0.305593,0.312093,-0.126826,0.320418,0.352678,-0.063841,0.318846,0.350564,-0.099628,0.297218,0.41388,0.071992,0.253025,0.373517,-0.144359,0.28224,0.537863,0.089104,0.187019,0.42578,-0.202033,0.304445,0.637213,-0.01489,0.114976,0.462089,-0.258842,0.309957,0.672298,-0.025437,0.096802,0.469996,-0.285856,0.314449,0.673949,-0.060622,0.093503,0.47169,-0.302151,0.310705,0.662787,-0.033035,0.10253,0.469154,-0.267392,0.247192,0.620169,0.074796,0.233435,0.617207,-0.07498,0.219572,0.788929,0.057967,0.287709,0.7479,-0.123715,0.159646,0.931019,0.101425,0.339769,0.943268,-0.055256,0.138241,0.950822,0.099707,0.333726,0.969879,-0.052354,0.16925,0.968656,0.007093,0.378083,0.968608,-0.131859
EH_Lat_1_3.9.26,117,187.49,492.88,0,187.49,492.88,0.9951,237.89,482.56,0.9902,0.32902,0.339465,-0.091073,0.327248,0.324011,-0.079135,0.326366,0.323188,-0.079357,0.325487,0.322129,-0.079306,0.326112,0.32275,-0.104921,0.324128,0.320869,-0.105159,0.321677,0.318551,-0.10523,0.313058,0.318263,-0.008188,0.306644,0.312682,-0.124903,0.321058,0.353391,-0.060289,0.319656,0.351187,-0.095486,0.297152,0.414203,0.072728,0.254674,0.371442,-0.144152,0.281231,0.537629,0.087923,0.19244,0.415037,-0.21152,0.303597,0.637268,-0.023059,0.123901,0.446818,-0.287418,0.308804,0.672332,-0.034684,0.104177,0.447602,-0.317049,0.314653,0.673951,-0.070158,0.102891,0.447314,-0.334824,0.309854,0.662645,-0.041554,0.110793,0.453415,-0.298428,0.245969,0.61997,0.075277,0.230747,0.616498,-0.075446,0.21938,0.788032,0.059616,0.278989,0.751962,-0.126508,0.138121,0.926908,0.099929,0.342956,0.937561,-0.058151,0.139695,0.950345,0.097561,0.334303,0.969737,-0.054635,0.168209,0.968218,0.009416,0.372678,0.966982,-0.139403
EH_Lat_1_3.9.26,118,187.55,474.42,0,187.55,474.42,0.9948,254.31,465.44,0.9696,0.329859,0.341108,-0.083553,0.328081,0.325112,-0.069958,0.327163,0.324383,-0.070199,0.326251,0.323454,-0.070147,0.326957,0.323595,-0.09566,0.324961,0.321654,-0.095904,0.322533,0.319345,-0.095963,0.313737,0.31983,0.00641,0.307543,0.314072,-0.110824,0.321791,0.354665,-0.050833,0.32047,0.352307,-0.086018,0.297729,0.417772,0.086948,0.255806,0.370369,-0.133592,0.28087,0.539193,0.105663,0.196379,0.408827,-0.236513,0.30207,0.637553,0.001488,0.132451,0.430965,-0.3691,0.307479,0.672068,-0.011147,0.117187,0.429312,-0.405944,0.313705,0.673703,-0.045839,0.117151,0.428716,-0.420232,0.308876,0.662395,-0.016866,0.123843,0.435888,-0.379901,0.243013,0.619728,0.075547,0.232326,0.616298,-0.07571,0.218978,0.787422,0.051591,0.289451,0.748973,-0.11871,0.134136,0.926413,0.027031,0.347584,0.937458,-0.074826,0.114459,0.948944,0.017829,0.337726,0.96877,-0.075742,0.166317,0.967306,-0.071962,0.393459,0.96233,-0.16116
EH_Lat_1_3.9.26,119,183.99,459.18,0,183.99,459.18,0.9946,271.91,464.41,0.948,0.330538,0.343408,-0.072368,0.328732,0.3269,-0.058355,0.327798,0.326159,-0.058611,0.326875,0.325288,-0.058571,0.327608,0.325314,-0.084851,0.325596,0.323461,-0.085095,0.323184,0.321451,-0.08515,0.314294,0.321273,0.017066,0.308269,0.316232,-0.103246,0.322543,0.356666,-0.039881,0.321221,0.354477,-0.076019,0.298075,0.419351,0.0946,0.25668,0.370108,-0.129194,0.28059,0.54057,0.113966,0.200744,0.40361,-0.245682,0.301887,0.637888,0.009138,0.141619,0.430011,-0.375898,0.307528,0.671933,-0.004333,0.124802,0.42015,-0.412269,0.314103,0.673825,-0.039753,0.124393,0.417438,-0.426098,0.308889,0.662333,-0.009717,0.130645,0.425332,-0.386442,0.2419,0.619542,0.075685,0.233062,0.61621,-0.075843,0.21932,0.787775,0.049823,0.296455,0.747149,-0.101318,0.133368,0.926233,0.018426,0.348895,0.936906,-0.071336,0.109192,0.94761,0.00912,0.339144,0.968317,-0.071768,0.166927,0.96687,-0.078404,0.399719,0.961673,-0.153213
EH_Lat_1_3.9.26,120,186.85,445.97,0,186.85,445.97,0.9943,253.61,445.14,0.9489,0.330828,0.346655,-0.063918,0.328903,0.329789,-0.050482,0.328046,0.328879,-0.05073,0.327205,0.327826,-0.050683,0.327776,0.328453,-0.077099,0.325905,0.326666,-0.077345,0.323664,0.324705,-0.077405,0.314748,0.323017,0.019952,0.308679,0.319212,-0.100172,0.323059,0.359301,-0.033296,0.321609,0.357391,-0.069485,0.298913,0.422688,0.096401,0.257387,0.37002,-0.128939,0.280903,0.541332,0.123724,0.197753,0.400628,-0.245945,0.302326,0.638323,0.039428,0.132088,0.412167,-0.367153,0.307739,0.671756,0.032508,0.114725,0.409375,-0.401902,0.313955,0.673633,-0.002767,0.114685,0.408247,-0.415881,0.309082,0.662175,0.021496,0.119864,0.408431,-0.377528,0.240625,0.619441,0.075816,0.233419,0.616023,-0.075978,0.219767,0.787715,0.047595,0.299466,0.744757,-0.092281,0.133519,0.925349,0.016616,0.349984,0.93643,-0.068901,0.107796,0.946879,0.007558,0.340021,0.967947,-0.071472,0.167273,0.965832,-0.078315,0.39948,0.960699,-0.149161
EH_Lat_1_3.9.26,121,188.03,434.62,0,188.03,434.62,0.9938,257.45,437.66,0.9494,0.330993,0.351689,-0.061078,0.329279,0.333607,-0.047993,0.32832,0.332562,-0.048236,0.327409,0.331423,-0.048187,0.328541,0.332665,-0.074698,0.326905,0.331048,-0.074948,0.325061,0.329266,-0.07501,0.315131,0.326587,0.021304,0.31052,0.323868,-0.098706,0.323188,0.363152,-0.030716,0.321967,0.361563,-0.066962,0.299509,0.426229,0.099056,0.258459,0.370073,-0.12627,0.28064,0.542041,0.130676,0.198051,0.396189,-0.243966,0.302535,0.638319,0.049576,0.134087,0.405245,-0.349886,0.308163,0.671643,0.043581,0.116736,0.400066,-0.383239,0.314815,0.673549,0.007989,0.113732,0.395842,-0.397438,0.309757,0.662034,0.031655,0.119901,0.401123,-0.360041,0.239536,0.619571,0.075919,0.232209,0.615884,-0.076087,0.220781,0.788273,0.039659,0.300602,0.741978,-0.092136,0.134501,0.923798,0.002139,0.348742,0.936013,-0.067436,0.107982,0.946266,-0.007517,0.339002,0.967509,-0.068941,0.166026,0.965446,-0.09368,0.399039,0.96043,-0.146092
EH_Lat_1_3.9.26,122,190.81,426.17,0,190.81,426.17,0.9932,261.62,428.61,0.953,0.331899,0.354975,-0.042987,0.330219,0.337035,-0.029155,0.329162,0.336112,-0.029399,0.328223,0.335152,-0.029358,0.329878,0.336295,-0.056395,0.328515,0.334971,-0.056638,0.327138,0.333513,-0.056695,0.316519,0.331474,0.039975,0.313374,0.329264,-0.082079,0.323764,0.366377,-0.01306,0.323291,0.364871,-0.049938,0.299965,0.430599,0.111034,0.25946,0.370085,-0.114527,0.280495,0.542226,0.136728,0.198704,0.392738,-0.238284,0.303047,0.638173,0.046621,0.136262,0.396865,-0.350987,0.309196,0.671369,0.039004,0.117321,0.386884,-0.386682,0.315496,0.673125,0.002607,0.11485,0.388369,-0.400856,0.310603,0.661422,0.028109,0.121229,0.394328,-0.361568,0.239229,0.619511,0.077341,0.231134,0.615865,-0.077481,0.221555,0.790245,0.037192,0.301937,0.741363,-0.096777,0.133767,0.923353,0.005633,0.349442,0.935008,-0.086095,0.109326,0.94618,-0.003561,0.339659,0.967249,-0.088557,0.165424,0.965382,-0.088725,0.396338,0.959383,-0.16881
EH_Lat_1_3.9.26,123,194.75,419.11,0,194.75,419.11,0.9925,256.58,420.89,0.9543,0.335351,0.358096,-0.051518,0.333516,0.339477,-0.039542,0.33226,0.33854,-0.039766,0.331121,0.337585,-0.039737,0.333342,0.339071,-0.066837,0.33197,0.337967,-0.067078,0.33063,0.33677,-0.067146,0.318629,0.334429,0.027965,0.316696,0.333328,-0.095285,0.326745,0.369811,-0.022463,0.32669,0.368683,-0.059438,0.300084,0.432796,0.105047,0.259989,0.370378,-0.127064,0.280557,0.543294,0.141226,0.200012,0.391552,-0.238534,0.302146,0.638312,0.067361,0.133637,0.38971,-0.342863,0.308256,0.671342,0.063332,0.117061,0.383461,-0.37626,0.314329,0.673069,0.02631,0.116049,0.38347,-0.390379,0.30957,0.661353,0.049079,0.120549,0.384842,-0.353031,0.236614,0.619935,0.079263,0.231687,0.616014,-0.079399,0.222293,0.791541,0.0431,0.303085,0.741049,-0.079386,0.134575,0.923193,0.017338,0.348896,0.934259,-0.04157,0.110034,0.945076,0.008454,0.338132,0.967142,-0.04137,0.168001,0.965425,-0.077292,0.394444,0.959968,-0.117775
EH_Lat_1_3.9.26,124,199.26,410.75,0,199.26,410.75,0.992,267.04,420.19,0.9555,0.338514,0.361755,-0.055347,0.336722,0.343774,-0.040896,0.335412,0.34292,-0.041071,0.334227,0.342075,-0.041039,0.336659,0.343492,-0.070389,0.335338,0.342506,-0.070537,0.334099,0.341405,-0.070557,0.321624,0.339599,0.026358,0.320365,0.337934,-0.105498,0.329758,0.373537,-0.027821,0.330043,0.3725,-0.068291,0.301916,0.439425,0.08712,0.260192,0.371607,-0.12739,0.280894,0.54424,0.136247,0.201553,0.387295,-0.239318,0.30174,0.638634,0.057328,0.139081,0.389068,-0.334436,0.308296,0.671278,0.052911,0.120889,0.371852,-0.367093,0.313976,0.672951,0.016445,0.120037,0.369971,-0.381174,0.308958,0.661341,0.039515,0.125253,0.374978,-0.344363,0.239033,0.62054,0.078803,0.22826,0.616913,-0.078896,0.29548,0.761321,0.070558,0.23526,0.776856,-0.107537,0.335536,0.923529,0.023783,0.144918,0.926062,-0.094409,0.323282,0.954726,0.012567,0.123425,0.95186,-0.096244,0.356153,0.960345,-0.065965,0.183532,0.96055,-0.179403
EH_Lat_1_3.9.26,125,205.94,404.98,0,205.94,404.98,0.9918,240.52,408.27,0.9594,0.341685,0.366746,-0.083104,0.340091,0.349776,-0.070509,0.338801,0.34896,-0.070679,0.337645,0.348183,-0.070646,0.339967,0.349551,-0.098309,0.338633,0.348578,-0.098487,0.337422,0.347463,-0.098521,0.325213,0.345983,-0.008033,0.324108,0.343625,-0.133818,0.332878,0.377913,-0.057331,0.333325,0.376891,-0.095653,0.304571,0.444465,0.054324,0.261361,0.374239,-0.146725,0.281098,0.545609,0.094998,0.198239,0.386403,-0.234812,0.301819,0.639384,0.037221,0.125273,0.37803,-0.307397,0.308583,0.671355,0.036591,0.108412,0.371918,-0.333294,0.313875,0.672842,0.00076,0.105131,0.373612,-0.351531,0.308973,0.661351,0.020573,0.11327,0.37857,-0.319366,0.240522,0.622234,0.077303,0.224212,0.617622,-0.077367,0.306321,0.751066,0.059428,0.226447,0.787629,-0.146642,0.346645,0.923395,-0.017417,0.132736,0.921431,-0.162048,0.335821,0.959393,-0.03274,0.11112,0.943061,-0.166804,0.38707,0.960724,-0.118763,0.169542,0.961201,-0.253214
EH_Lat_1_3.9.26,126,213.41,399.47,0,213.41,399.47,0.9923,236.47,400.42,0.9627,0.346151,0.370708,-0.092972,0.344339,0.35411,-0.080039,0.343022,0.353368,-0.080222,0.341798,0.352664,-0.080184,0.3441,0.353921,-0.107966,0.342638,0.353013,-0.108164,0.341203,0.35195,-0.108209,0.328895,0.350853,-0.015392,0.327482,0.348696,-0.142829,0.337593,0.382698,-0.066322,0.337994,0.381628,-0.104957,0.307714,0.448362,0.050061,0.263643,0.377845,-0.158839,0.281514,0.546563,0.096353,0.197995,0.384747,-0.246698,0.302301,0.640944,0.087689,0.123162,0.370755,-0.332691,0.308877,0.671796,0.092875,0.103161,0.363792,-0.361594,0.31325,0.672904,0.055968,0.099365,0.366755,-0.378622,0.3091,0.66183,0.071623,0.111165,0.374013,-0.344985,0.241757,0.623675,0.077475,0.222072,0.618905,-0.077549,0.309115,0.748944,0.07036,0.225841,0.792446,-0.168296,0.349752,0.924074,0.001713,0.132137,0.919131,-0.182888,0.337444,0.961344,-0.005212,0.108092,0.940263,-0.187693,0.394545,0.961068,-0.085102,0.167368,0.961692,-0.282066
EH_Lat_1_3.9.26,127,217.01,391.15,0,217.01,391.15,0.9926,231.6,394.51,0.9664,0.350587,0.37503,-0.103802,0.348771,0.358369,-0.09092,0.347353,0.357539,-0.09116,0.345964,0.356763,-0.091102,0.348561,0.358328,-0.11822,0.347007,0.357455,-0.118466,0.345382,0.356481,-0.118538,0.332425,0.354304,-0.025679,0.331063,0.353219,-0.148569,0.341938,0.387384,-0.075679,0.34223,0.386446,-0.112881,0.309442,0.452068,0.053308,0.267058,0.382148,-0.163452,0.282443,0.547561,0.126441,0.196616,0.384321,-0.245741,0.302099,0.643012,0.128498,0.120624,0.365286,-0.33023,0.30875,0.67245,0.137027,0.100243,0.356829,-0.354871,0.313201,0.673511,0.097909,0.095713,0.360873,-0.373757,0.308845,0.663033,0.111527,0.106209,0.3682,-0.343581,0.24065,0.625287,0.07753,0.224583,0.620684,-0.077604,0.250049,0.77336,0.078023,0.280399,0.766476,-0.096142,0.168357,0.922217,0.04283,0.313216,0.92032,-0.045865,0.138407,0.954514,0.036114,0.302877,0.945859,-0.043163,0.203916,0.961205,-0.032423,0.36095,0.958953,-0.103483
EH_Lat_1_3.9.26,128,221.3,386.68,0,221.3,386.68,0.993,237.68,390.51,0.9696,0.355081,0.378651,-0.118536,0.353119,0.362208,-0.106015,0.35161,0.361168,-0.106278,0.350036,0.36014,-0.106213,0.353024,0.362949,-0.1347,0.351498,0.362492,-0.134936,0.34984,0.362011,-0.134975,0.335652,0.357277,-0.042537,0.335291,0.359904,-0.171128,0.346135,0.391584,-0.09065,0.346261,0.391273,-0.129433,0.309347,0.448172,0.040047,0.273448,0.392501,-0.184075,0.282973,0.548964,0.11107,0.195417,0.383744,-0.257151,0.302222,0.643704,0.088329,0.123792,0.361582,-0.327808,0.309187,0.672597,0.088814,0.103259,0.354454,-0.353819,0.312896,0.673483,0.0518,0.100467,0.359403,-0.371525,0.309254,0.66315,0.071063,0.110037,0.364745,-0.339658,0.236082,0.627314,0.077658,0.226714,0.626545,-0.077742,0.232998,0.785145,0.098844,0.30134,0.754811,-0.019969,0.142322,0.920656,0.081558,0.342576,0.920575,0.059259,0.111342,0.949734,0.075011,0.331241,0.947555,0.064646,0.176819,0.961285,0.007885,0.394166,0.959392,0.013386
EH_Lat_1_3.9.26,129,230.15,383.33,0,230.15,383.33,0.9938,244.63,392.15,0.972,0.358354,0.38563,-0.0806,0.356854,0.368142,-0.069458,0.355338,0.367012,-0.06972,0.35378,0.365885,-0.069655,0.356875,0.369084,-0.096703,0.355402,0.368715,-0.096939,0.353818,0.36839,-0.096936,0.33937,0.362205,-0.019218,0.339348,0.366617,-0.138595,0.348978,0.397115,-0.056636,0.349009,0.397384,-0.093177,0.308547,0.444881,0.049854,0.279287,0.400526,-0.14578,0.283513,0.552158,0.114535,0.19658,0.38492,-0.189982,0.302781,0.645598,0.074083,0.12741,0.363105,-0.225886,0.310125,0.674026,0.072039,0.107282,0.355881,-0.24374,0.314273,0.67395,0.035319,0.10483,0.35873,-0.26252,0.310394,0.663844,0.056711,0.113303,0.364864,-0.236485,0.231474,0.62854,0.076256,0.227399,0.630938,-0.07641,0.229414,0.790001,0.089208,0.309235,0.751846,-0.017991,0.139161,0.919819,0.073734,0.347245,0.921733,0.045878,0.110076,0.943706,0.066374,0.334538,0.95101,0.050303,0.16887,0.961273,-0.005312,0.394394,0.959773,0.010464
EH_Lat_1_3.9.26,130,241.62,381.39,0,241.62,381.39,0.9905,249.93,394.36,0.9743,0.360376,0.392085,-0.080438,0.35906,0.37538,-0.069514,0.357608,0.373838,-0.069773,0.356203,0.372305,-0.06971,0.359349,0.377626,-0.096667,0.358192,0.377874,-0.096901,0.357088,0.378283,-0.096898,0.342364,0.368483,-0.019525,0.344247,0.378871,-0.138068,0.351345,0.402274,-0.056623,0.35164,0.403605,-0.093122,0.30817,0.443641,0.049171,0.294618,0.41417,-0.146697,0.28373,0.554769,0.085727,0.197608,0.386989,-0.197089,0.303,0.64867,0.015679,0.130169,0.365147,-0.237663,0.310456,0.677281,0.009488,0.110396,0.354196,-0.257662,0.315003,0.676969,-0.025008,0.107621,0.358788,-0.275836,0.310976,0.666769,-0.001794,0.115884,0.364868,-0.248151,0.230972,0.629826,0.074012,0.227522,0.635356,-0.074227,0.228736,0.793396,0.088995,0.313886,0.747335,0.00339,0.138497,0.919269,0.074211,0.349633,0.922177,0.07541,0.11006,0.94083,0.067374,0.337092,0.953668,0.080352,0.169323,0.961416,0.004274,0.392857,0.959859,0.039657
EH_Lat_1_3.9.26,131,249.93,380.68,0,249.93,380.68,0.9924,250.58,393.27,0.9756,0.365445,0.398285,-0.083671,0.36418,0.38215,-0.070756,0.363023,0.380877,-0.071025,0.36206,0.37966,-0.070959,0.363764,0.383603,-0.097634,0.362349,0.383476,-0.097883,0.361023,0.383422,-0.097903,0.349335,0.376825,-0.015625,0.347799,0.382471,-0.131655,0.356963,0.408025,-0.057257,0.356414,0.408549,-0.093557,0.319672,0.469956,0.06313,0.290049,0.409939,-0.141394,0.285651,0.563596,0.148054,0.200078,0.387616,-0.200485,0.303732,0.652016,0.128918,0.130508,0.364143,-0.258072,0.310923,0.679224,0.133886,0.113237,0.354731,-0.281772,0.315567,0.679756,0.096823,0.110936,0.357826,-0.299137,0.311371,0.669713,0.112077,0.118894,0.363942,-0.268609,0.232185,0.634843,0.075041,0.228731,0.636907,-0.075241,0.229919,0.797399,0.086496,0.318333,0.742878,-0.035007,0.137618,0.918849,0.068972,0.349627,0.922904,0.022182,0.111129,0.938134,0.061753,0.33727,0.955283,0.025627,0.167871,0.961885,-0.005793,0.392386,0.960067,-0.026698
EH_Lat_1_3.9.26,132,269.13,382.42,0,269.13,382.42,0.9926,262.53,393.19,0.9777,0.370341,0.406693,-0.090383,0.368783,0.389976,-0.075424,0.367375,0.38865,-0.075683,0.366111,0.38732,-0.075613,0.368595,0.391329,-0.103799,0.367122,0.391022,-0.104044,0.365743,0.39074,-0.10407,0.353072,0.384254,-0.014271,0.352674,0.389746,-0.135019,0.361187,0.418273,-0.06147,0.360987,0.419099,-0.099628,0.320073,0.470978,0.063458,0.290081,0.410891,-0.142732,0.287807,0.568218,0.141124,0.205113,0.388787,-0.208258,0.304281,0.654961,0.097052,0.136734,0.364065,-0.266762,0.312251,0.680257,0.095063,0.11641,0.351479,-0.291908,0.315776,0.680438,0.0602,0.112996,0.353309,-0.30848,0.312122,0.671755,0.078741,0.120885,0.360391,-0.277011,0.234145,0.635997,0.077408,0.229556,0.637997,-0.077611,0.231102,0.800528,0.088429,0.320475,0.739414,-0.043678,0.136586,0.918725,0.065934,0.34963,0.923644,0.011111,0.111394,0.936262,0.058425,0.338129,0.955913,0.014397,0.165352,0.961813,-0.011261,0.395222,0.960097,-0.037534
EH_Lat_1_3.9.26,133,280.99,380.65,0,280.99,380.65,0.9928,440.75,488.48,0.9387,0.371351,0.409522,0.001767,0.369721,0.394263,0.003646,0.367759,0.392504,0.003433,0.365875,0.390655,0.003476,0.370731,0.39708,-0.019455,0.36964,0.397639,-0.019644,0.368654,0.398268,-0.019633,0.352857,0.38697,0.014368,0.356771,0.400363,-0.086988,0.361302,0.419439,0.011687,0.362551,0.421859,-0.019532,0.305162,0.439566,0.06438,0.325601,0.475873,-0.128291,0.288742,0.554165,0.080718,0.272483,0.504659,-0.185568,0.304584,0.654642,-0.017488,0.229559,0.452298,-0.196247,0.312373,0.680035,-0.024975,0.217987,0.428434,-0.211505,0.316278,0.680384,-0.053014,0.218,0.411408,-0.220268,0.312431,0.671255,-0.03249,0.220554,0.420369,-0.201682,0.232413,0.635084,0.072605,0.238977,0.641602,-0.072841,0.231896,0.802139,0.088073,0.323655,0.737752,-0.016519,0.135556,0.918445,0.053932,0.350946,0.923749,0.014926,0.110851,0.934835,0.047596,0.337991,0.955998,0.016657,0.160538,0.960009,-0.00754,0.392886,0.961005,-0.010384
EH_Lat_1_3.9.26,134,292.77,380.37,0,292.77,380.37,0.9936,441.81,529.19,0.944,0.37911,0.415035,-0.02607,0.376896,0.39989,-0.02104,0.37487,0.398153,-0.021264,0.3728,0.396338,-0.021214,0.37753,0.402517,-0.045662,0.376169,0.40283,-0.045868,0.374807,0.40319,-0.045871,0.358399,0.392669,0.011017,0.361736,0.404418,-0.100449,0.368612,0.426295,-0.010546,0.36933,0.428386,-0.043695,0.303615,0.430626,0.058471,0.333404,0.496189,-0.132504,0.289202,0.553689,0.070948,0.266678,0.528183,-0.164009,0.304969,0.655909,-0.022982,0.230108,0.489991,-0.163222,0.311934,0.680762,-0.031007,0.22102,0.467212,-0.178833,0.317597,0.681475,-0.06157,0.221696,0.453109,-0.190535,0.312781,0.675508,-0.038927,0.223101,0.463118,-0.16912,0.23278,0.634343,0.068492,0.244113,0.643378,-0.068733,0.232856,0.803882,0.07018,0.327436,0.736981,-0.004336,0.134972,0.91839,0.039309,0.351456,0.924104,0.047239,0.112159,0.933653,0.033168,0.339155,0.956017,0.051268,0.159842,0.95955,-0.011141,0.395037,0.96234,0.033885
EH_Lat_1_3.9.26,135,305.02,376.29,0,305.02,376.29,0.9924,440.51,523.84,0.9494,0.384217,0.426024,-0.041989,0.382627,0.410295,-0.029643,0.380979,0.408405,-0.029852,0.379295,0.406303,-0.029798,0.382833,0.412687,-0.057903,0.381474,0.412738,-0.05813,0.380177,0.412798,-0.058163,0.365383,0.4015,-0.011582,0.367413,0.412429,-0.114027,0.374079,0.436367,-0.011159,0.374352,0.437742,-0.052272,0.306648,0.430915,0.046077,0.330719,0.488095,-0.135853,0.295672,0.562286,0.061744,0.257662,0.507641,-0.174656,0.311104,0.658206,-0.025826,0.229435,0.48504,-0.186624,0.315253,0.681725,-0.034568,0.221611,0.465543,-0.205979,0.320125,0.682804,-0.065738,0.226682,0.459279,-0.216175,0.316801,0.677305,-0.04185,0.227848,0.469021,-0.192176,0.233756,0.634208,0.066087,0.246768,0.64504,-0.066317,0.233407,0.805776,0.057905,0.330723,0.736012,-0.002163,0.135296,0.918225,0.00936,0.353083,0.925636,0.05619,0.11237,0.932543,0.000689,0.339952,0.957081,0.060992,0.163592,0.959432,-0.043687,0.394555,0.964345,0.040564
EH_Lat_1_3.9.26,136,326.34,376.4,0,326.34,376.4,0.9891,402.42,407.46,0.9543,0.390238,0.431169,-0.0768,0.388495,0.415323,-0.061149,0.387196,0.414103,-0.061385,0.385944,0.412866,-0.061315,0.387874,0.415891,-0.088277,0.386194,0.415236,-0.088544,0.384545,0.414572,-0.088611,0.372336,0.409676,-0.012972,0.37075,0.413532,-0.120524,0.381273,0.442468,-0.045738,0.380716,0.442742,-0.083162,0.335904,0.488278,0.051399,0.318701,0.463269,-0.138075,0.303484,0.579265,0.075889,0.246239,0.431725,-0.169383,0.317942,0.665518,-0.003811,0.209596,0.377278,-0.194037,0.324192,0.688343,-0.010479,0.19917,0.355536,-0.21403,0.328455,0.686445,-0.044256,0.208814,0.355485,-0.232209,0.326446,0.680783,-0.020808,0.208683,0.365932,-0.203968,0.244809,0.637192,0.067421,0.245856,0.643088,-0.067608,0.233829,0.806504,0.058317,0.334445,0.732488,-0.015125,0.134892,0.919419,0.018549,0.355485,0.925527,0.026118,0.109707,0.93281,0.009369,0.337887,0.957118,0.02898,0.167974,0.959512,-0.051568,0.393718,0.964428,-0.012718
EH_Lat_1_3.9.26,137,343.08,374.11,0,343.08,374.11,0.991,373.15,388.15,0.9588,0.396032,0.435727,-0.077775,0.394765,0.420394,-0.061595,0.393716,0.419383,-0.061829,0.392757,0.41836,-0.061753,0.393639,0.420227,-0.088975,0.391846,0.41923,-0.089245,0.390078,0.418138,-0.089313,0.378775,0.413495,-0.006608,0.375965,0.415103,-0.120506,0.387506,0.446031,-0.04684,0.386324,0.445818,-0.084456,0.346542,0.502062,0.061266,0.31931,0.451435,-0.136085,0.312396,0.587838,0.090795,0.246195,0.4081,-0.170432,0.326777,0.671342,0.013156,0.194351,0.359395,-0.206538,0.332562,0.692802,0.007087,0.180483,0.338852,-0.229109,0.337156,0.689421,-0.030546,0.184152,0.339823,-0.246823,0.335231,0.683791,-0.00596,0.187484,0.349214,-0.216811,0.251808,0.639142,0.069059,0.246526,0.641814,-0.06921,0.23408,0.808167,0.060067,0.338805,0.732502,-0.032807,0.134052,0.919324,0.018115,0.346092,0.932098,0.013504,0.109965,0.932976,0.008573,0.339012,0.957017,0.015589,0.168893,0.959596,-0.058452,0.385866,0.964315,-0.030574
EH_Lat_1_3.9.26,138,360.06,374.14,0,360.06,374.14,0.9918,364.94,376.12,0.9625,0.401584,0.438822,-0.103596,0.399586,0.425049,-0.089127,0.398687,0.423954,-0.089307,0.397901,0.422852,-0.089251,0.398227,0.425389,-0.116535,0.396428,0.424547,-0.116745,0.394759,0.42353,-0.116813,0.384095,0.418761,-0.026599,0.3807,0.421003,-0.147777,0.393272,0.449641,-0.076013,0.391731,0.45,-0.113597,0.353404,0.508298,0.039418,0.322355,0.448488,-0.15814,0.322431,0.594284,0.073614,0.24887,0.400197,-0.181746,0.332281,0.673621,0.014559,0.190075,0.348258,-0.214403,0.339803,0.69364,0.01046,0.17528,0.327783,-0.236927,0.34215,0.6917,-0.025504,0.175387,0.327365,-0.255531,0.339759,0.68614,-0.003004,0.179952,0.337888,-0.225568,0.264027,0.639581,0.069556,0.247009,0.642214,-0.069683,0.332933,0.755998,0.099316,0.250231,0.792573,-0.079328,0.346752,0.920271,0.050763,0.146366,0.925135,-0.060571,0.327079,0.940968,0.038275,0.119868,0.940042,-0.060913,0.382193,0.966046,-0.025532,0.176979,0.964186,-0.130479
EH_Lat_1_3.9.26,139,376.31,372.85,0,376.31,372.85,0.9923,375.53,374.89,0.9659,0.411724,0.446002,-0.121444,0.408063,0.431628,-0.108391,0.407002,0.430662,-0.108561,0.405979,0.429662,-0.108516,0.406508,0.43142,-0.135688,0.404478,0.43047,-0.135892,0.402505,0.429558,-0.135966,0.392319,0.425892,-0.044183,0.388684,0.427825,-0.166619,0.404068,0.457973,-0.094233,0.402617,0.45777,-0.131532,0.359413,0.506381,0.024595,0.328548,0.450723,-0.175017,0.32729,0.589424,0.060366,0.256529,0.399066,-0.188628,0.339231,0.676582,0.010103,0.195587,0.347119,-0.226076,0.344259,0.69668,0.007619,0.180206,0.327293,-0.249387,0.347786,0.693668,-0.026817,0.177794,0.32728,-0.266504,0.345752,0.688884,-0.006454,0.183588,0.338148,-0.236384,0.274082,0.640559,0.06957,0.24892,0.641993,-0.069664,0.349205,0.743878,0.064053,0.237637,0.808842,-0.101152,0.358312,0.921188,0.00226,0.133094,0.921961,-0.092746,0.338362,0.946675,-0.011305,0.108508,0.935877,-0.09461,0.394574,0.97284,-0.082537,0.168979,0.964178,-0.174994
EH_Lat_1_3.9.26,140,394.65,377.45,0,394.65,377.45,0.986,392.19,369.55,0.9689,0.417825,0.452987,-0.128543,0.41407,0.438339,-0.11483,0.413168,0.437411,-0.114997,0.412318,0.436502,-0.114954,0.412347,0.437778,-0.14139,0.410398,0.436524,-0.141594,0.408472,0.435292,-0.141662,0.398686,0.43273,-0.046499,0.395285,0.43355,-0.166533,0.410236,0.464119,-0.100215,0.40866,0.46344,-0.136603,0.367622,0.517488,0.025317,0.334183,0.451511,-0.175105,0.333549,0.589121,0.05342,0.264656,0.398592,-0.191846,0.347335,0.675056,-0.014033,0.204265,0.342179,-0.229946,0.354154,0.695015,-0.019384,0.188496,0.322716,-0.253838,0.35735,0.692642,-0.052062,0.185643,0.322991,-0.271931,0.355363,0.687365,-0.030285,0.192253,0.332762,-0.24098,0.281911,0.641699,0.070088,0.252338,0.64123,-0.070196,0.357835,0.737831,0.063479,0.235944,0.813341,-0.123519,0.36055,0.92133,0.007803,0.130124,0.921814,-0.124331,0.340455,0.949017,-0.004802,0.106848,0.932527,-0.127127,0.396268,0.975175,-0.077578,0.164591,0.964154,-0.213911
EH_Lat_1_3.9.26,141,414.6,380.26,0,414.6,380.26,0.9873,406.78,367.34,0.9709,0.424993,0.452162,-0.117592,0.420036,0.437588,-0.104671,0.41852,0.436309,-0.104843,0.417097,0.435137,-0.104797,0.419018,0.438011,-0.130306,0.417034,0.4373,-0.130509,0.415044,0.436604,-0.13056,0.404023,0.434135,-0.040452,0.401834,0.437204,-0.157433,0.417485,0.463772,-0.090817,0.416559,0.464083,-0.125827,0.373791,0.52172,0.0268,0.345402,0.457222,-0.16894,0.339935,0.594669,0.054742,0.270652,0.400859,-0.166517,0.357723,0.675463,-0.014121,0.211863,0.340126,-0.189687,0.362763,0.694438,-0.020774,0.198651,0.31867,-0.210805,0.368141,0.691859,-0.052285,0.196413,0.317342,-0.23339,0.366161,0.686187,-0.029941,0.201931,0.327513,-0.202772,0.285924,0.641743,0.068623,0.258309,0.640659,-0.068674,0.363797,0.736161,0.064738,0.236296,0.814046,-0.110348,0.360996,0.921439,0.016363,0.130647,0.92144,-0.098864,0.342341,0.950271,0.0053,0.107944,0.929248,-0.100249,0.397966,0.979217,-0.065614,0.164774,0.964144,-0.182833
EH_Lat_1_3.9.26,142,434.17,382.19,0,434.17,382.19,0.9849,429.14,371.02,0.973,0.43221,0.455219,-0.139494,0.426973,0.439741,-0.125962,0.425639,0.438364,-0.126123,0.424462,0.437039,-0.126067,0.425722,0.440979,-0.153076,0.42361,0.440622,-0.153272,0.421508,0.440242,-0.15333,0.411351,0.437504,-0.056739,0.408345,0.441901,-0.179183,0.425014,0.467575,-0.110801,0.423614,0.468356,-0.147853,0.376324,0.516058,0.016687,0.352136,0.462272,-0.182602,0.348506,0.595942,0.041976,0.277615,0.403259,-0.179798,0.36225,0.673455,-0.031913,0.223511,0.343535,-0.206783,0.366645,0.693608,-0.039717,0.207723,0.320587,-0.227658,0.373525,0.691409,-0.072126,0.205352,0.318631,-0.242166,0.371111,0.685727,-0.048361,0.21088,0.329526,-0.216408,0.290442,0.641196,0.068954,0.265574,0.640606,-0.068997,0.370673,0.736613,0.077424,0.237556,0.813129,-0.107686,0.361738,0.921606,0.026998,0.131441,0.920349,-0.093057,0.341674,0.950775,0.013307,0.108799,0.928253,-0.094289,0.397094,0.978389,-0.064328,0.158481,0.964433,-0.178942
EH_Lat_1_3.9.26,143,447.13,370.19,0,447.13,370.19,0.9864,451.02,372.79,0.9747,0.438155,0.455743,-0.13867,0.432811,0.442101,-0.124955,0.431418,0.440978,-0.125116,0.430117,0.439901,-0.125054,0.431984,0.443043,-0.151867,0.430116,0.442702,-0.152057,0.428261,0.442254,-0.152114,0.417691,0.442296,-0.056252,0.415078,0.444309,-0.177478,0.431213,0.467608,-0.110235,0.43047,0.468456,-0.146948,0.381838,0.517506,0.016418,0.358683,0.465481,-0.181614,0.356255,0.597276,0.042183,0.286575,0.40489,-0.191316,0.367781,0.673135,-0.026717,0.234905,0.345173,-0.211703,0.370328,0.693025,-0.03343,0.219625,0.320722,-0.229592,0.376832,0.691479,-0.065839,0.217273,0.318353,-0.243741,0.374351,0.685027,-0.043055,0.222484,0.329772,-0.219493,0.294873,0.641219,0.068628,0.276026,0.640236,-0.068656,0.37512,0.739961,0.085537,0.24197,0.810861,-0.099413,0.362705,0.921794,0.048008,0.138956,0.916128,-0.077615,0.340215,0.951235,0.036202,0.134486,0.915862,-0.078341,0.390123,0.978306,-0.037629,0.168917,0.964244,-0.148286
EH_Lat_1_3.9.26,144,463.92,372.2,0,463.92,372.2,0.9826,467.08,374.36,0.9772,0.443317,0.45774,-0.134515,0.43918,0.444893,-0.112884,0.438305,0.44387,-0.113137,0.437432,0.443059,-0.113049,0.437329,0.445074,-0.140009,0.435248,0.444311,-0.140319,0.43314,0.443525,-0.140417,0.424335,0.443905,-0.029943,0.419432,0.44492,-0.149402,0.437182,0.468994,-0.0978,0.435441,0.469563,-0.133658,0.396567,0.525007,0.055222,0.361214,0.464079,-0.15979,0.366576,0.599527,0.122615,0.297596,0.405824,-0.19082,0.374921,0.673861,0.092314,0.243271,0.346628,-0.227374,0.376206,0.695106,0.093819,0.228048,0.322497,-0.252442,0.381217,0.692724,0.056979,0.225878,0.320429,-0.266001,0.379754,0.6867,0.075213,0.231166,0.331384,-0.235541,0.293706,0.642834,0.078982,0.2861,0.640007,-0.079053,0.26896,0.786524,0.070372,0.371054,0.772057,-0.095166,0.163682,0.916182,0.030179,0.342406,0.918512,-0.071094,0.136782,0.928049,0.020145,0.324598,0.929958,-0.072955,0.186875,0.978,-0.049036,0.374575,0.968175,-0.113956
EH_Lat_1_3.9.26,145,478.14,373.05,0,478.14,373.05,0.9921,483.38,374.7,0.9794,0.447531,0.458915,-0.14321,0.442835,0.444537,-0.12785,0.441676,0.443075,-0.128091,0.440612,0.441859,-0.128037,0.441564,0.444978,-0.154684,0.439599,0.444018,-0.154964,0.437646,0.443127,-0.155038,0.427246,0.442143,-0.054133,0.423738,0.444335,-0.17329,0.441342,0.469434,-0.111595,0.439683,0.470419,-0.147524,0.397962,0.522164,0.033672,0.367129,0.46665,-0.178758,0.372744,0.600168,0.096472,0.305338,0.406753,-0.22125,0.382366,0.677909,0.058797,0.251759,0.346946,-0.272946,0.382805,0.699087,0.054871,0.236825,0.324864,-0.299049,0.38494,0.698174,0.020409,0.23471,0.323446,-0.315208,0.386264,0.690879,0.041861,0.240183,0.333558,-0.28254,0.298175,0.643452,0.081168,0.294754,0.640021,-0.081288,0.254233,0.800764,0.065032,0.391582,0.759612,-0.094096,0.147888,0.907775,0.02013,0.361212,0.919634,-0.069592,0.122942,0.912236,0.009942,0.340708,0.939714,-0.067228,0.1695,0.974868,-0.062931,0.394131,0.973311,-0.096575
EH_Lat_1_3.9.26,146,492.75,368.55,0,492.75,368.55,0.9913,488.89,373.97,0.9814,0.455764,0.459036,-0.148676,0.450897,0.444823,-0.134664,0.449812,0.443422,-0.134901,0.448779,0.442162,-0.134832,0.449294,0.445277,-0.161827,0.447068,0.444258,-0.162098,0.444706,0.44329,-0.162175,0.435391,0.441883,-0.062758,0.431322,0.44415,-0.183091,0.449997,0.469982,-0.117913,0.448241,0.470428,-0.154235,0.41141,0.523427,0.026796,0.376458,0.468527,-0.188444,0.382096,0.597672,0.070479,0.31085,0.407467,-0.230982,0.390998,0.676569,0.001101,0.254629,0.346273,-0.283229,0.389827,0.698002,-0.006125,0.241798,0.322646,-0.311151,0.395251,0.697163,-0.044253,0.239858,0.322128,-0.327672,0.394902,0.68966,-0.017891,0.24362,0.332266,-0.293105,0.309156,0.643605,0.081859,0.301247,0.639772,-0.081981,0.257826,0.805513,0.054925,0.396851,0.754899,-0.090313,0.153387,0.900035,0.000408,0.362745,0.920844,-0.018925,0.129441,0.900309,-0.010839,0.342948,0.942527,-0.01268,0.166924,0.97397,-0.088872,0.393655,0.975305,-0.048186
EH_Lat_1_3.9.26,147,506.5,374.42,0,506.5,374.42,0.9921,504.81,376.41,0.9831,0.462686,0.458515,-0.142914,0.457472,0.444439,-0.130065,0.456209,0.442855,-0.130282,0.455002,0.441421,-0.130202,0.456474,0.445808,-0.157161,0.454467,0.445203,-0.157419,0.45234,0.444709,-0.157476,0.442878,0.442,-0.062563,0.439421,0.446047,-0.182757,0.45678,0.468894,-0.113754,0.455614,0.470203,-0.149983,0.411505,0.516235,0.024903,0.388384,0.474329,-0.190566,0.395193,0.596096,0.048037,0.318925,0.409974,-0.235885,0.399445,0.673372,-0.044024,0.26292,0.348532,-0.286644,0.400336,0.68962,-0.05486,0.24837,0.327458,-0.314245,0.403518,0.689392,-0.089675,0.246696,0.326856,-0.330817,0.402847,0.685356,-0.062331,0.251762,0.335989,-0.296328,0.313295,0.643351,0.081265,0.313038,0.64092,-0.081391,0.264188,0.80762,0.04555,0.403788,0.755256,-0.071992,0.161594,0.891021,-0.029144,0.365055,0.922237,0.023381,0.136088,0.886672,-0.042084,0.345527,0.945604,0.031862,0.167895,0.973139,-0.117327,0.39861,0.97848,0.005106
EH_Lat_1_3.9.26,148,515.71,376.13,0,515.71,376.13,0.9922,516.74,378.01,0.9841,0.466186,0.455956,-0.125133,0.461911,0.44189,-0.117358,0.460456,0.440275,-0.11745,0.459186,0.438982,-0.117339,0.461263,0.443183,-0.141647,0.45926,0.442395,-0.141905,0.457322,0.441844,-0.142023,0.447748,0.439281,-0.057103,0.444988,0.442901,-0.175351,0.459617,0.466949,-0.101837,0.458417,0.468887,-0.134829,0.416298,0.511597,0.028526,0.392309,0.472053,-0.185589,0.399957,0.56887,0.069807,0.325077,0.411418,-0.195993,0.408567,0.60207,0.043616,0.269137,0.350011,-0.197102,0.409598,0.607022,0.043663,0.254394,0.329605,-0.215979,0.414043,0.603744,0.016217,0.252301,0.328431,-0.231255,0.414532,0.604526,0.030445,0.257327,0.337523,-0.205631,0.328846,0.643049,0.077578,0.316482,0.640666,-0.077664,0.388358,0.792596,0.050997,0.359419,0.77023,-0.093718,0.345499,0.906402,-0.02614,0.226719,0.895258,-0.044721,0.324479,0.919002,-0.039756,0.201448,0.895915,-0.040665,0.327902,0.972494,-0.116321,0.191271,0.973204,-0.099491
EH_Lat_1_3.9.26,149,520.63,385.3,0,520.63,385.3,0.9844,524.77,379.54,0.9841,0.47653,0.45549,-0.130174,0.472027,0.441763,-0.120405,0.470838,0.440086,-0.120547,0.469504,0.438733,-0.120457,0.470807,0.443124,-0.145896,0.468598,0.442566,-0.146153,0.466279,0.442075,-0.146289,0.45831,0.437653,-0.05932,0.453317,0.441913,-0.176593,0.470803,0.465826,-0.104659,0.469395,0.467212,-0.13917,0.426912,0.509967,0.020522,0.396406,0.47116,-0.186556,0.390217,0.55077,0.079732,0.329929,0.413582,-0.19923,0.388327,0.589317,0.082708,0.273315,0.351424,-0.209593,0.400438,0.596533,0.088671,0.259063,0.332767,-0.229349,0.406487,0.597585,0.060395,0.256006,0.332245,-0.243136,0.398012,0.596238,0.070697,0.261906,0.340896,-0.217629,0.341979,0.64327,0.073848,0.322239,0.640686,-0.073943,0.411988,0.780071,0.025646,0.332152,0.789716,-0.093832,0.364086,0.920961,-0.01206,0.195747,0.873957,-0.058585,0.344207,0.937371,-0.021999,0.174427,0.857493,-0.056006,0.355437,0.978122,-0.095332,0.171108,0.963191,-0.125332
EH_Lat_1_3.9.26,150,531.09,387.64,0,531.09,387.64,0.9879,532.18,381.39,0.9802,0.475953,0.455782,-0.155573,0.473272,0.440729,-0.148743,0.472221,0.439139,-0.148935,0.471259,0.437729,-0.148876,0.47228,0.441967,-0.173211,0.470573,0.441315,-0.173481,0.469001,0.440644,-0.173645,0.461477,0.435876,-0.095076,0.458472,0.439675,-0.204917,0.469122,0.465365,-0.130916,0.468046,0.466499,-0.164051,0.435721,0.508953,-0.013954,0.397526,0.468838,-0.207593,0.387706,0.538,0.079032,0.332009,0.414558,-0.214442,0.379233,0.57626,0.105089,0.277178,0.353135,-0.21126,0.392404,0.58386,0.11543,0.263402,0.33466,-0.227504,0.398152,0.586162,0.086536,0.260895,0.333967,-0.241182,0.387907,0.583886,0.094032,0.266314,0.342465,-0.218638,0.352016,0.643334,0.069603,0.328848,0.639978,-0.069719,0.419321,0.775375,0.008009,0.331333,0.801695,-0.095791,0.366121,0.92767,-0.036827,0.204332,0.866203,-0.062578,0.344091,0.946118,-0.047122,0.186328,0.841511,-0.059853,0.36076,0.987675,-0.123507,0.173109,0.950508,-0.127375
EH_Lat_1_3.9.26,151,531.72,395.8,0,531.72,395.8,0.9928,543.82,381.57,0.9796,0.479608,0.45304,-0.144145,0.475422,0.438045,-0.135314,0.474658,0.436551,-0.135513,0.473435,0.435127,-0.135436,0.474121,0.439208,-0.160253,0.472496,0.438625,-0.160531,0.470933,0.438043,-0.160672,0.465107,0.433332,-0.078762,0.460733,0.43772,-0.190012,0.473889,0.462992,-0.118514,0.472571,0.463989,-0.15221,0.43906,0.505985,0.003444,0.40701,0.468841,-0.196554,0.39362,0.528094,0.095956,0.337651,0.418401,-0.209928,0.379391,0.572692,0.099296,0.283238,0.353303,-0.212607,0.382865,0.581113,0.105646,0.26618,0.337485,-0.231795,0.387936,0.585181,0.072401,0.26385,0.336373,-0.245144,0.383678,0.582508,0.085499,0.269785,0.343296,-0.219522,0.354136,0.643161,0.069691,0.340775,0.639831,-0.069781,0.379747,0.796854,0.025978,0.416284,0.793342,-0.102027,0.265161,0.873549,-0.0219,0.335701,0.886079,-0.043756,0.257311,0.847902,-0.032661,0.325228,0.905785,-0.035126,0.205918,0.943756,-0.112299,0.367584,0.961469,-0.079206
EH_Lat_1_3.9.26,152,538.04,407.83,0,538.04,407.83,0.9906,552.21,396.19,0.98,0.486529,0.452958,-0.139732,0.48447,0.437445,-0.130147,0.483858,0.436046,-0.130349,0.483316,0.434697,-0.13026,0.482487,0.439037,-0.15489,0.480783,0.438455,-0.155184,0.479144,0.437857,-0.155328,0.475739,0.432654,-0.070931,0.470013,0.436322,-0.18267,0.4804,0.462463,-0.113147,0.478828,0.463467,-0.146652,0.450492,0.504826,0.009951,0.413702,0.46885,-0.191807,0.407914,0.525079,0.12994,0.344497,0.424056,-0.203658,0.389658,0.566902,0.161156,0.287609,0.366847,-0.211919,0.385854,0.57522,0.173189,0.268152,0.35181,-0.230866,0.389654,0.579396,0.13997,0.265899,0.351616,-0.243979,0.390191,0.577083,0.148357,0.273084,0.359001,-0.218439,0.360205,0.644094,0.069821,0.350881,0.63981,-0.06989,0.35776,0.808402,0.034983,0.42652,0.792914,-0.11237,0.258326,0.854837,-0.010342,0.361277,0.907642,-0.044148,0.254815,0.827875,-0.020846,0.340007,0.92728,-0.035617,0.20217,0.918519,-0.096938,0.394282,0.971185,-0.08032
EH_Lat_1_3.9.26,153,555.37,420.34,0,555.37,420.34,0.9769,564.03,417.66,0.9796,0.497316,0.452168,-0.17647,0.494696,0.437356,-0.164817,0.494181,0.435637,-0.165021,0.493834,0.433994,-0.164949,0.492163,0.438564,-0.189767,0.489452,0.437671,-0.190088,0.486582,0.437515,-0.190282,0.484152,0.431371,-0.096577,0.475011,0.436025,-0.208574,0.493041,0.462246,-0.147303,0.489913,0.463116,-0.180881,0.470561,0.50435,0.010969,0.425841,0.471796,-0.223856,0.462198,0.520538,0.237411,0.355734,0.437891,-0.312381,0.45727,0.538806,0.422485,0.293768,0.386725,-0.388645,0.45473,0.54103,0.466752,0.273452,0.372414,-0.413759,0.462858,0.527437,0.432092,0.269774,0.37086,-0.423452,0.458198,0.535805,0.413802,0.278024,0.380165,-0.395583,0.369448,0.644213,0.075676,0.360375,0.639995,-0.075855,0.366883,0.81177,0.03952,0.431642,0.790816,-0.119396,0.263628,0.848041,-0.009683,0.365651,0.918164,-0.048111,0.254352,0.82092,-0.01618,0.345367,0.935028,-0.038831,0.219842,0.916361,-0.084572,0.394944,0.976368,-0.082995
EH_Lat_1_3.9.26,154,560.87,442.36,0,560.87,442.36,0.9845,567.44,445.56,0.9776,0.504258,0.443733,-0.159076,0.500162,0.42922,-0.147663,0.499319,0.428245,-0.147854,0.498602,0.427278,-0.147786,0.498052,0.429625,-0.172793,0.495171,0.429689,-0.173095,0.492385,0.429786,-0.173258,0.489041,0.428625,-0.082403,0.481592,0.430878,-0.195143,0.500202,0.454888,-0.131082,0.498049,0.456556,-0.164912,0.481656,0.499909,0.015429,0.434167,0.471662,-0.210224,0.474038,0.522203,0.247118,0.36149,0.453141,-0.285935,0.467435,0.5439,0.415524,0.295541,0.412552,-0.348266,0.463735,0.547397,0.457877,0.275814,0.399175,-0.3705,0.467128,0.544977,0.424708,0.271133,0.399134,-0.381808,0.468425,0.547891,0.406893,0.279258,0.405947,-0.355572,0.379938,0.644083,0.077671,0.365397,0.63841,-0.077849,0.389195,0.80816,0.034436,0.437165,0.788862,-0.135644,0.281577,0.843046,-0.013847,0.368243,0.921484,-0.07712,0.268736,0.81635,-0.021894,0.348654,0.936901,-0.07004,0.231935,0.911326,-0.091923,0.397398,0.98108,-0.112913
EH_Lat_1_3.9.26,155,566.75,471.54,0,566.75,471.54,0.9873,586.31,477.61,0.9576,0.511188,0.429177,-0.145699,0.505642,0.416374,-0.134335,0.504775,0.416024,-0.134517,0.504009,0.415584,-0.13447,0.503761,0.417156,-0.158179,0.501451,0.417662,-0.158535,0.499188,0.417922,-0.158731,0.493952,0.422481,-0.06868,0.487207,0.424554,-0.177115,0.507845,0.442558,-0.117945,0.506159,0.444494,-0.150143,0.481943,0.494982,0.035975,0.447284,0.473076,-0.198291,0.459428,0.52629,0.234043,0.370218,0.467874,-0.247267,0.449151,0.551046,0.370962,0.305371,0.442232,-0.280865,0.444637,0.554579,0.40222,0.284735,0.43498,-0.297421,0.448387,0.555108,0.368923,0.280484,0.43272,-0.306751,0.451068,0.556661,0.361056,0.289152,0.439198,-0.285324,0.386713,0.642895,0.079246,0.374525,0.637796,-0.07938,0.411265,0.806218,0.032595,0.437778,0.787734,-0.152887,0.307484,0.840005,-0.010227,0.367775,0.924539,-0.128336,0.292051,0.813298,-0.018167,0.347821,0.938714,-0.124889,0.265452,0.912261,-0.090745,0.396206,0.982662,-0.17022
EH_Lat_1_3.9.26,156,571.77,493.93,0,571.77,493.93,0.9885,601.25,512.25,0.9596,0.515355,0.419488,-0.111729,0.510694,0.40703,-0.097114,0.510095,0.407039,-0.097256,0.509601,0.406925,-0.097175,0.508271,0.407655,-0.122943,0.506065,0.408014,-0.123202,0.503815,0.40817,-0.123315,0.4997,0.414947,-0.022762,0.492387,0.417659,-0.138426,0.512246,0.434338,-0.08109,0.510377,0.435299,-0.115629,0.484901,0.487103,0.076895,0.457766,0.472844,-0.175544,0.447752,0.529,0.20082,0.375494,0.480846,-0.245638,0.426146,0.572718,0.108622,0.313149,0.474307,-0.28417,0.426974,0.582735,0.104804,0.289379,0.465947,-0.3149,0.435508,0.580383,0.073968,0.287409,0.47116,-0.323707,0.432641,0.577314,0.094129,0.296873,0.477091,-0.289964,0.39333,0.639107,0.084554,0.382584,0.636904,-0.084634,0.426945,0.800698,0.040315,0.440819,0.786771,-0.154823,0.332207,0.836653,0.025165,0.370552,0.925791,-0.144207,0.314125,0.814181,0.019604,0.350171,0.939441,-0.143541,0.304025,0.913068,-0.043519,0.399474,0.986709,-0.204147
EH_Lat_1_3.9.26,157,593.42,532.07,0,593.42,532.07,0.9871,609.18,544.82,0.9629,0.523724,0.407481,-0.168079,0.517865,0.395768,-0.156366,0.517019,0.396093,-0.156527,0.516292,0.396163,-0.156444,0.516128,0.39633,-0.182571,0.513948,0.397163,-0.182796,0.511658,0.397902,-0.182867,0.505559,0.404428,-0.084634,0.500686,0.408382,-0.20218,0.521289,0.423457,-0.137725,0.519748,0.423756,-0.172947,0.492503,0.48039,0.017945,0.466575,0.472267,-0.232202,0.43981,0.529365,0.048629,0.385279,0.496447,-0.29059,0.416836,0.574251,-0.015103,0.317283,0.50446,-0.352703,0.41996,0.584894,-0.024056,0.297857,0.504077,-0.392944,0.425351,0.582387,-0.05459,0.295732,0.508811,-0.405139,0.431348,0.580022,-0.029669,0.303632,0.510575,-0.360687,0.410433,0.636249,0.086449,0.391895,0.63638,-0.086458,0.449515,0.791705,0.089727,0.447206,0.787856,-0.138713,0.362985,0.839934,0.128604,0.370281,0.925402,-0.109222,0.342882,0.824324,0.128157,0.350335,0.93917,-0.106857,0.358452,0.913494,0.092238,0.395658,0.985734,-0.16166
EH_Lat_1_3.9.26,158,616.11,580.38,0,616.11,580.38,0.99,642.97,580.59,0.9649,0.530615,0.394772,-0.193361,0.524739,0.383587,-0.182736,0.52388,0.384068,-0.182913,0.523028,0.38431,-0.182845,0.523197,0.383936,-0.210685,0.521061,0.38498,-0.210907,0.518727,0.386077,-0.210995,0.512473,0.390721,-0.113735,0.507301,0.395975,-0.239705,0.529128,0.411339,-0.163733,0.527326,0.411419,-0.201363,0.498909,0.469897,-0.01573,0.475592,0.472038,-0.27551,0.436045,0.532716,0.009743,0.400292,0.509122,-0.355154,0.410182,0.576527,-0.048385,0.334881,0.537586,-0.430275,0.39612,0.586903,-0.0587,0.316664,0.544998,-0.476251,0.399721,0.582733,-0.087807,0.314745,0.548299,-0.48383,0.408774,0.580663,-0.06216,0.324107,0.548987,-0.436678,0.424578,0.633956,0.091604,0.401831,0.634072,-0.091552,0.469205,0.785661,0.103242,0.448968,0.7901,-0.140052,0.384429,0.842906,0.188373,0.371839,0.925123,-0.110744,0.366486,0.831404,0.193083,0.348511,0.93896,-0.108461,0.38102,0.910467,0.159792,0.397878,0.985217,-0.16685
EH_Lat_1_3.9.26,159,670.79,614.87,0,670.79,614.87,0.9944,670.91,620.11,0.9672,0.538118,0.388019,-0.222811,0.53172,0.37581,-0.212145,0.530397,0.376013,-0.21232,0.529134,0.376051,-0.212267,0.53085,0.376579,-0.241539,0.528787,0.377593,-0.241758,0.526607,0.378604,-0.241849,0.517969,0.381263,-0.142594,0.515126,0.387079,-0.275101,0.53465,0.403781,-0.192747,0.533727,0.403741,-0.232348,0.498966,0.459968,-0.038196,0.483229,0.471368,-0.306927,0.444177,0.544328,-0.00572,0.409995,0.521562,-0.367638,0.416307,0.594791,-0.063112,0.349434,0.574173,-0.4162,0.401444,0.620705,-0.071901,0.330934,0.590258,-0.458994,0.405587,0.616769,-0.1039,0.330665,0.596665,-0.467031,0.411763,0.612539,-0.078034,0.338693,0.593272,-0.421883,0.435879,0.631857,0.092291,0.413548,0.632701,-0.092235,0.493877,0.76492,0.106641,0.44887,0.793367,-0.145152,0.411312,0.84789,0.188435,0.372442,0.925011,-0.108723,0.395478,0.839491,0.192112,0.35166,0.938821,-0.106182,0.416322,0.91276,0.155343,0.402152,0.983681,-0.166472
EH_Lat_1_3.9.26,160,724.44,658.59,0,724.44,658.59,0.9956,726.23,654.39,0.9682,0.543086,0.379605,-0.215677,0.536506,0.365919,-0.204912,0.535249,0.366153,-0.204899,0.534069,0.366292,-0.204819,0.535476,0.366684,-0.225257,0.533535,0.367625,-0.225667,0.531631,0.368488,-0.225756,0.522707,0.372122,-0.118531,0.520182,0.376444,-0.233847,0.538565,0.396568,-0.189121,0.537577,0.396565,-0.206697,0.501897,0.453796,-0.012377,0.486713,0.467159,-0.26405,0.452018,0.544495,0.042159,0.429068,0.537299,-0.318735,0.420942,0.599103,-0.015346,0.378245,0.605919,-0.353778,0.407222,0.621928,-0.020588,0.362291,0.629792,-0.38981,0.410583,0.621904,-0.049995,0.364749,0.636153,-0.397678,0.414307,0.61483,-0.029081,0.372369,0.627997,-0.359835,0.445386,0.632027,0.095569,0.421199,0.632597,-0.095491,0.515946,0.738577,0.116553,0.451189,0.792859,-0.171089,0.446902,0.8516,0.182752,0.378153,0.923858,-0.117714,0.430404,0.843797,0.184669,0.355238,0.935568,-0.113243,0.455972,0.9167,0.142675,0.395504,0.984226,-0.173956
EH_Lat_1_3.9.26,161,776.42,703.48,0,776.42,703.48,0.9945,772.33,697.89,0.9701,0.547877,0.375573,-0.148559,0.541337,0.360311,-0.134521,0.539685,0.360205,-0.134627,0.538123,0.36009,-0.134577,0.540586,0.360754,-0.161712,0.538511,0.361091,-0.161955,0.536542,0.361397,-0.162074,0.526337,0.363485,-0.067003,0.524881,0.365723,-0.197243,0.542132,0.390427,-0.124284,0.541294,0.390643,-0.157985,0.505879,0.452445,0.023256,0.493072,0.461165,-0.243395,0.456006,0.546679,0.064275,0.442271,0.552494,-0.294177,0.421959,0.620946,0.029003,0.402256,0.646197,-0.294123,0.411612,0.64264,0.028019,0.392057,0.672172,-0.330452,0.413924,0.64756,0.00042,0.397657,0.678709,-0.328951,0.417196,0.640807,0.01674,0.402126,0.670601,-0.294251,0.452805,0.632558,0.095153,0.432368,0.634032,-0.0951,0.532002,0.717316,0.125408,0.458421,0.796658,-0.17377,0.473043,0.850694,0.188994,0.379489,0.92264,-0.129483,0.452927,0.84501,0.190967,0.356854,0.931762,-0.125378,0.495784,0.916853,0.15682,0.394864,0.985625,-0.18226
EH_Lat_1_3.9.26,162,854.03,718.36,0,854.03,718.36,0.9966,863.52,716.04,0.9632,0.554025,0.369503,-0.05231,0.547132,0.354672,-0.035339,0.545358,0.354675,-0.035466,0.543469,0.354765,-0.035404,0.546566,0.354784,-0.065833,0.544469,0.354885,-0.066039,0.542321,0.354997,-0.066137,0.530865,0.359096,0.033236,0.530492,0.360327,-0.106232,0.548119,0.384132,-0.025335,0.547591,0.384386,-0.066552,0.508562,0.44848,0.116258,0.502233,0.45583,-0.187949,0.468871,0.54676,0.140708,0.469962,0.56195,-0.264182,0.445365,0.629517,0.074685,0.449748,0.662996,-0.266155,0.437819,0.651289,0.070703,0.443115,0.692278,-0.302065,0.440946,0.651234,0.051076,0.446422,0.692487,-0.298086,0.444373,0.644246,0.064645,0.448787,0.681392,-0.265611,0.458319,0.631386,0.097911,0.442338,0.633945,-0.097902,0.545774,0.696529,0.10896,0.460651,0.795402,-0.221691,0.503475,0.848684,0.143493,0.381577,0.921714,-0.219984,0.485408,0.851074,0.141585,0.357583,0.928428,-0.221014,0.534513,0.906467,0.094168,0.395029,0.986211,-0.296967
EH_Lat_1_3.9.26,163,940.08,738.41,0,940.08,738.41,0.9949,933.73,737.03,0.9578,0.559945,0.364607,-0.055603,0.55362,0.349753,-0.040568,0.551817,0.349599,-0.040711,0.549938,0.349467,-0.040655,0.553275,0.349718,-0.072073,0.551257,0.349676,-0.072276,0.549119,0.349628,-0.072385,0.537916,0.35294,0.02296,0.537157,0.354171,-0.119605,0.553202,0.378825,-0.029368,0.552512,0.378899,-0.072086,0.514018,0.441205,0.113061,0.508433,0.45289,-0.19461,0.469475,0.546661,0.144463,0.490429,0.571575,-0.261658,0.452217,0.627185,0.079386,0.486319,0.682433,-0.237298,0.446774,0.65972,0.073628,0.487493,0.711177,-0.269592,0.45172,0.651663,0.055377,0.493936,0.714195,-0.263842,0.453605,0.651798,0.069048,0.493266,0.704773,-0.23522,0.465784,0.626423,0.100135,0.451902,0.632537,-0.100167,0.560762,0.679886,0.125727,0.466377,0.795163,-0.185451,0.534687,0.844996,0.147537,0.383974,0.920664,-0.171995,0.517603,0.854726,0.143981,0.359092,0.92513,-0.171811,0.572298,0.894356,0.095889,0.395717,0.986266,-0.242694
EH_Lat_1_3.9.26,164,1015.21,724.23,0,1015.21,724.23,0.995,1011.78,740.18,0.9563,0.562505,0.364858,-0.070628,0.556946,0.348469,-0.056674,0.5553,0.347799,-0.056818,0.553759,0.347181,-0.056774,0.557114,0.34914,-0.087956,0.555573,0.34894,-0.088135,0.55402,0.34879,-0.08822,0.542728,0.351646,0.004397,0.542845,0.354525,-0.136593,0.555885,0.378058,-0.044768,0.555872,0.378335,-0.087261,0.516788,0.431167,0.097603,0.514182,0.450205,-0.201155,0.495004,0.548178,0.130201,0.516339,0.580889,-0.261543,0.499842,0.647823,0.054669,0.526969,0.685349,-0.22672,0.500646,0.673155,0.050588,0.532674,0.718118,-0.257658,0.504234,0.67055,0.025093,0.537285,0.718172,-0.251607,0.504126,0.665891,0.041861,0.536175,0.706588,-0.224554,0.476764,0.620001,0.099793,0.461391,0.631825,-0.099825,0.569235,0.666517,0.127435,0.468721,0.795781,-0.177209,0.565165,0.839939,0.173591,0.384951,0.91997,-0.151037,0.553399,0.858647,0.172629,0.362261,0.923871,-0.149584,0.607174,0.872446,0.128311,0.394966,0.986548,-0.218786
EH_Lat_1_3.9.26,165,1098.74,705.49,0,1098.74,705.49,0.9876,1079.28,693.0,0.8842,0.570109,0.358571,-0.011638,0.56449,0.343009,0.002042,0.562854,0.342216,0.001912,0.561271,0.341473,0.001975,0.564661,0.343218,-0.030938,0.563115,0.342597,-0.031118,0.561479,0.341837,-0.031197,0.550499,0.345591,0.058808,0.5502,0.346472,-0.090441,0.562927,0.371677,0.013189,0.563172,0.37151,-0.031663,0.52216,0.423935,0.140858,0.523038,0.441605,-0.173185,0.490717,0.535274,0.149949,0.5403,0.561019,-0.199678,0.470328,0.647039,0.056149,0.562123,0.641665,-0.102856,0.463007,0.664817,0.051362,0.568708,0.662726,-0.122252,0.466458,0.664534,0.029813,0.569854,0.660303,-0.111975,0.469843,0.664479,0.04491,0.566347,0.653086,-0.09707,0.490324,0.618373,0.101279,0.472068,0.629269,-0.101327,0.579889,0.659376,0.105338,0.471603,0.795255,-0.193209,0.597908,0.829427,0.152692,0.388516,0.918744,-0.175977,0.586569,0.85917,0.147608,0.366507,0.920565,-0.175006,0.643855,0.84961,0.084815,0.395321,0.98724,-0.244286
EH_Lat_1_3.9.26,166,1164.29,680.32,0,1164.29,680.32,0.9881,1157.74,691.07,0.8892,0.57565,0.351258,-0.034266,0.569255,0.334716,-0.021401,0.56752,0.334059,-0.021548,0.565879,0.333554,-0.021476,0.569337,0.334875,-0.052316,0.5677,0.33455,-0.052511,0.566087,0.334211,-0.052612,0.555006,0.338658,0.034316,0.554647,0.340303,-0.10641,0.568919,0.365196,-0.009817,0.568761,0.365908,-0.052169,0.533197,0.415407,0.116851,0.533674,0.436803,-0.18419,0.497461,0.517676,0.148782,0.567246,0.552094,-0.215758,0.472614,0.620377,0.067816,0.602991,0.639879,-0.2015,0.465425,0.650868,0.058337,0.614646,0.668082,-0.229353,0.466792,0.653399,0.044218,0.620146,0.665723,-0.225253,0.467566,0.657833,0.059543,0.615687,0.65512,-0.200006,0.505394,0.612696,0.099919,0.482483,0.625096,-0.099969,0.595463,0.65255,0.050928,0.471153,0.794678,-0.216687,0.630343,0.814889,0.082816,0.388597,0.918045,-0.202376,0.622777,0.852719,0.079033,0.368021,0.919672,-0.202235,0.676669,0.825345,0.013026,0.397115,0.9886,-0.289832
EH_Lat_1_3.9.26,167,1238.93,652.64,0,1238.93,652.64,0.987,1226.8,662.87,0.8977,0.583633,0.35015,-0.037936,0.57753,0.332439,-0.025369,0.575829,0.331622,-0.025513,0.574207,0.33091,-0.025442,0.577378,0.332967,-0.055559,0.575604,0.332605,-0.055768,0.573832,0.332218,-0.055893,0.563598,0.335434,0.032483,0.562682,0.337369,-0.105169,0.576224,0.363676,-0.012338,0.575902,0.364394,-0.053784,0.542531,0.406681,0.120173,0.545518,0.43064,-0.186531,0.515672,0.497217,0.161857,0.593316,0.539198,-0.226223,0.49136,0.594532,0.096763,0.638956,0.613772,-0.222453,0.482278,0.629369,0.093906,0.651641,0.640486,-0.255872,0.484661,0.62969,0.074195,0.656769,0.635967,-0.245042,0.489937,0.62462,0.087616,0.651955,0.628433,-0.218168,0.517873,0.606385,0.098153,0.493451,0.619995,-0.098205,0.607909,0.647833,0.052709,0.472856,0.7922,-0.219257,0.65526,0.802423,0.08313,0.390676,0.916905,-0.212658,0.652328,0.841894,0.079905,0.37099,0.917026,-0.213743,0.701333,0.804756,0.017117,0.397268,0.989459,-0.310996
EH_Lat_1_3.9.26,168,1286.57,607.21,0,1286.57,607.21,0.9826,1274.47,632.26,0.9015,0.592008,0.346477,-0.036905,0.586934,0.329628,-0.024736,0.585188,0.328934,-0.024876,0.583553,0.328295,-0.02482,0.586737,0.330002,-0.055025,0.584937,0.329685,-0.055245,0.583206,0.329281,-0.055372,0.573113,0.331057,0.030827,0.5722,0.332663,-0.107207,0.58487,0.35979,-0.012358,0.584566,0.360239,-0.054056,0.550685,0.404679,0.123242,0.556304,0.423021,-0.18865,0.586935,0.480966,0.153208,0.608165,0.536501,-0.23383,0.642807,0.535471,0.075336,0.663788,0.585426,-0.21363,0.650698,0.539719,0.07216,0.681187,0.602055,-0.248135,0.652398,0.543057,0.048236,0.683918,0.599713,-0.234209,0.652909,0.534521,0.063048,0.67809,0.596222,-0.208942,0.526127,0.601285,0.09718,0.504562,0.614527,-0.097237,0.619081,0.648593,0.122075,0.472212,0.784727,-0.229556,0.67782,0.788867,0.199654,0.39426,0.91549,-0.222601,0.67857,0.828671,0.201047,0.372975,0.914428,-0.223883,0.722973,0.786515,0.138414,0.39742,0.99005,-0.328008
EH_Lat_1_3.9.26,169,1316.0,557.0,0,1316.61,537.02,0.9839,1310.75,576.68,0.8915,0.59847,0.343877,0.013791,0.593548,0.327307,0.025647,0.591915,0.326402,0.025522,0.590422,0.325594,0.025607,0.593895,0.327703,-0.003731,0.592455,0.327082,-0.00397,0.591073,0.326299,-0.004079,0.581798,0.327657,0.077431,0.581549,0.328429,-0.056369,0.592484,0.356231,0.037061,0.592758,0.356309,-0.003415,0.558898,0.403904,0.162194,0.565228,0.41214,-0.140615,0.599875,0.467883,0.174969,0.627892,0.502116,-0.17376,0.666926,0.500125,0.072198,0.682683,0.53396,-0.111816,0.67732,0.49667,0.067664,0.699158,0.555856,-0.139075,0.685687,0.495613,0.043203,0.702201,0.536284,-0.123407,0.679481,0.492177,0.058937,0.696786,0.529367,-0.105972,0.536805,0.598159,0.096847,0.514916,0.607108,-0.096931,0.634688,0.643169,0.117624,0.470855,0.775064,-0.174801,0.699493,0.775293,0.178862,0.399176,0.913257,-0.148624,0.697424,0.811332,0.179828,0.380125,0.910167,-0.148739,0.7386,0.775667,0.119207,0.396337,0.989595,-0.28705
EH_Lat_1_3.9.26,170,1328.0,487.0,0,1329.97,494.53,0.9706,1342.48,522.77,0.874,0.607732,0.341946,-7.8e-05,0.603259,0.324785,0.010938,0.601884,0.323786,0.010796,0.600585,0.322945,0.01087,0.602767,0.324796,-0.017867,0.600994,0.323749,-0.0181,0.599249,0.322574,-0.018217,0.591526,0.325104,0.062867,0.588964,0.324402,-0.068284,0.602883,0.354137,0.023241,0.602395,0.35384,-0.016497,0.571945,0.403167,0.144882,0.575221,0.401189,-0.145809,0.624181,0.461453,0.163244,0.644088,0.461661,-0.186523,0.678397,0.494106,0.064871,0.699209,0.484049,-0.135921,0.689309,0.501659,0.060397,0.713985,0.497404,-0.165333,0.692212,0.500529,0.033926,0.716036,0.484293,-0.15145,0.688735,0.498154,0.050637,0.710048,0.478756,-0.131692,0.549659,0.596851,0.09439,0.525989,0.605078,-0.094483,0.647807,0.641407,0.134499,0.473579,0.764451,-0.154259,0.717362,0.767615,0.204093,0.403757,0.908716,-0.129321,0.715225,0.802421,0.205812,0.386771,0.903172,-0.129582,0.756766,0.76821,0.147564,0.398233,0.989188,-0.250176
EH_Lat_1_3.9.26,171,1368.75,433.91,0,1368.75,433.91,0.9757,1383.12,481.59,0.8706,0.618384,0.339088,-0.001655,0.613628,0.32184,0.009171,0.612212,0.320419,0.009023,0.610958,0.319183,0.00912,0.613175,0.321815,-0.019795,0.611355,0.320521,-0.020043,0.609534,0.319278,-0.020163,0.600284,0.320984,0.061719,0.597684,0.321392,-0.070104,0.613682,0.350709,0.022388,0.613059,0.350919,-0.017695,0.582252,0.394872,0.145316,0.589176,0.395126,-0.147156,0.620039,0.44544,0.177993,0.662862,0.421499,-0.195802,0.657116,0.478687,0.094396,0.720372,0.445913,-0.151335,0.663615,0.483239,0.092261,0.737764,0.453942,-0.182012,0.665345,0.481361,0.066584,0.74011,0.444906,-0.165878,0.664369,0.480535,0.08086,0.732752,0.441479,-0.14629,0.566189,0.595578,0.092772,0.541091,0.603054,-0.092908,0.660418,0.643205,0.119707,0.479184,0.751213,-0.146872,0.728335,0.765029,0.17565,0.410473,0.899848,-0.129712,0.728353,0.798389,0.176319,0.393376,0.894027,-0.130579,0.765833,0.770738,0.116608,0.401573,0.986888,-0.240983
EH_Lat_1_3.9.26,172,1377.66,369.99,0,1377.66,369.99,0.9798,1399.99,396.55,0.8797,0.62787,0.337161,-0.008109,0.622666,0.320373,0.005458,0.621596,0.31922,0.005283,0.620706,0.318241,0.005415,0.621475,0.320218,-0.025075,0.619559,0.319168,-0.025306,0.61766,0.318141,-0.025417,0.610575,0.321083,0.069041,0.605798,0.321553,-0.070435,0.623409,0.349737,0.019702,0.622353,0.349809,-0.022574,0.597818,0.396154,0.152215,0.596486,0.388376,-0.149311,0.584507,0.46851,0.219914,0.666245,0.383676,-0.209206,0.580563,0.508863,0.18174,0.729164,0.367176,-0.170584,0.581187,0.488242,0.189206,0.746431,0.365879,-0.183901,0.584189,0.488966,0.160461,0.746074,0.361717,-0.211583,0.586034,0.487371,0.169628,0.740768,0.361755,-0.182583,0.583784,0.597218,0.091475,0.552622,0.602512,-0.091663,0.67297,0.649554,0.102135,0.488675,0.741763,-0.163632,0.740206,0.768626,0.155616,0.418458,0.885643,-0.160307,0.739343,0.798887,0.155335,0.405813,0.890388,-0.162861,0.777593,0.769766,0.095817,0.402714,0.962235,-0.280737
EH_Lat_1_3.9.26,173,1383.35,305.67,0,1383.35,305.67,0.9802,1392.35,323.02,0.8891,0.636642,0.336237,0.000893,0.632388,0.32123,0.016742,0.631139,0.320076,0.016536,0.630097,0.318996,0.016666,0.631369,0.321105,-0.015273,0.629434,0.319985,-0.015497,0.627479,0.318711,-0.015612,0.62093,0.321955,0.087113,0.615903,0.321342,-0.05917,0.631489,0.348934,0.030836,0.630446,0.348444,-0.013349,0.609307,0.398156,0.164999,0.599442,0.380943,-0.142351,0.594283,0.479817,0.214619,0.664942,0.344754,-0.218487,0.598216,0.516142,0.150002,0.725183,0.299091,-0.184142,0.601844,0.543991,0.153734,0.743051,0.292802,-0.191796,0.605022,0.518263,0.123346,0.741237,0.281001,-0.22814,0.605967,0.496329,0.136341,0.735942,0.285282,-0.200367,0.59783,0.599185,0.090155,0.564552,0.60272,-0.090364,0.683753,0.658658,0.106194,0.499363,0.741757,-0.127879,0.749185,0.766908,0.216777,0.426647,0.873455,-0.078223,0.750321,0.796114,0.222428,0.420888,0.883528,-0.076814,0.786505,0.77478,0.157218,0.402511,0.925352,-0.194204
EH_Lat_1_3.9.26,174,1370.65,252.44,0,1370.65,252.44,0.9671,1362.9,263.49,0.8987,0.640043,0.33271,0.012306,0.636636,0.319801,0.029612,0.635482,0.319031,0.02942,0.634434,0.318328,0.029542,0.63596,0.319787,-0.002042,0.634384,0.319116,-0.00226,0.63284,0.318298,-0.002345,0.626211,0.32265,0.1035,0.623028,0.322264,-0.040475,0.634923,0.346021,0.042917,0.633903,0.345245,-0.000499,0.628688,0.399823,0.169661,0.599596,0.376249,-0.121078,0.619937,0.485472,0.188731,0.655081,0.309434,-0.214303,0.617694,0.533639,0.082204,0.709842,0.243974,-0.184839,0.619846,0.557589,0.076806,0.728327,0.235059,-0.211793,0.622041,0.542336,0.047334,0.726412,0.228869,-0.199831,0.622613,0.51672,0.067335,0.720186,0.233082,-0.182044,0.615528,0.601109,0.083073,0.577637,0.604148,-0.083271,0.694423,0.667359,0.09589,0.511994,0.73965,-0.124663,0.762179,0.776126,0.194108,0.436051,0.862518,-0.084992,0.761805,0.800128,0.198748,0.429803,0.879202,-0.084741,0.797672,0.795914,0.131255,0.405095,0.889217,-0.191263
EH_Lat_1_3.9.26,175,1350.62,203.88,0,1350.62,203.88,0.9689,1350.46,209.63,0.9079,0.654736,0.337446,7.6e-05,0.652978,0.323713,0.015669,0.652467,0.323152,0.015473,0.651904,0.322587,0.015611,0.651807,0.323617,-0.01314,0.650574,0.323099,-0.013378,0.649352,0.322379,-0.013477,0.642838,0.32628,0.087283,0.639377,0.325811,-0.043874,0.650029,0.351623,0.030239,0.648362,0.350466,-0.00948,0.640769,0.403259,0.151894,0.609375,0.370231,-0.108378,0.633943,0.489704,0.17731,0.655712,0.279692,-0.212644,0.626223,0.549351,0.08506,0.703367,0.194103,-0.200697,0.627273,0.580299,0.082054,0.718296,0.179197,-0.228389,0.630085,0.562363,0.052302,0.717785,0.17203,-0.217959,0.631352,0.561177,0.070279,0.713176,0.179681,-0.198119,0.632266,0.602619,0.070887,0.590523,0.605372,-0.071081,0.703238,0.668622,0.101697,0.525447,0.737055,-0.104964,0.767142,0.782616,0.216983,0.448435,0.853387,-0.057235,0.766857,0.802385,0.223124,0.442042,0.87609,-0.056546,0.798747,0.808218,0.153965,0.412477,0.855617,-0.157281
EH_Lat_1_3.9.26,176,1314.31,172.04,0,1314.31,172.04,0.9814,1319.14,191.56,0.8705,0.66588,0.341835,0.041395,0.665081,0.327977,0.042585,0.664445,0.327342,0.042417,0.663834,0.326716,0.042457,0.665089,0.328172,0.024661,0.6645,0.327739,0.02439,0.664027,0.327134,0.024294,0.657394,0.328909,0.063213,0.657288,0.329666,-0.025605,0.661179,0.354164,0.053072,0.661223,0.353981,0.027768,0.628132,0.377743,0.088614,0.639683,0.380315,-0.0377,0.655167,0.290964,0.095204,0.660602,0.275945,-0.103231,0.684555,0.225596,0.015911,0.687051,0.177373,-0.104934,0.689742,0.184243,0.003517,0.697753,0.153531,-0.12539,0.690608,0.181334,-0.012328,0.697501,0.150923,-0.117977,0.687977,0.189183,0.007088,0.694044,0.157508,-0.103469,0.61479,0.603632,0.027707,0.630144,0.60546,-0.028114,0.6055,0.704419,-0.008731,0.700244,0.715648,0.015377,0.49916,0.817894,-0.039947,0.765313,0.816092,0.085133,0.494782,0.844375,-0.046195,0.768306,0.833529,0.09137,0.458743,0.812966,-0.115532,0.782577,0.840014,0.066653
EH_Lat_1_3.9.26,177,1270.78,147.45,0,1270.78,147.45,0.9767,1298.55,310.29,0.7884,0.682594,0.344162,0.07177,0.681747,0.329885,0.072592,0.680524,0.32913,0.07244,0.679577,0.328369,0.072479,0.68197,0.330295,0.051955,0.68128,0.329908,0.051705,0.680698,0.329313,0.051615,0.670904,0.329579,0.07844,0.672748,0.331529,-0.014021,0.676579,0.356095,0.080585,0.677331,0.356568,0.052127,0.624258,0.37727,0.089814,0.665931,0.38844,-0.031857,0.647665,0.278333,0.093481,0.6756,0.342279,-0.080852,0.656463,0.193975,0.01393,0.676328,0.28731,-0.083622,0.656519,0.178343,-0.001774,0.681444,0.268032,-0.098906,0.659142,0.171998,-0.010657,0.672477,0.25853,-0.100733,0.660967,0.179827,0.007363,0.669258,0.263324,-0.085257,0.617348,0.604267,0.033428,0.650686,0.605664,-0.033812,0.58694,0.72113,-0.007011,0.72072,0.717025,-0.003105,0.482207,0.830509,-0.047886,0.7792,0.822371,0.034124,0.475452,0.857249,-0.054847,0.777652,0.840747,0.037588,0.450604,0.816767,-0.131965,0.80707,0.873516,-0.005232
EH_Lat_1_3.9.26,178,1212.0,163.0,0,1223.32,168.63,0.961,1375.73,514.15,0.7276,0.693122,0.344695,0.109547,0.690377,0.330855,0.110161,0.689127,0.330005,0.11003,0.687838,0.329155,0.110063,0.690633,0.331485,0.090271,0.689701,0.331123,0.089993,0.688876,0.330554,0.089888,0.677329,0.32996,0.108854,0.679449,0.332305,0.02052,0.687237,0.356508,0.115661,0.688132,0.357346,0.088164,0.634945,0.376292,0.109123,0.688312,0.389408,-0.013081,0.632357,0.254799,0.101948,0.698296,0.45852,-0.034246,0.634576,0.165757,0.04143,0.716525,0.476067,-0.013077,0.628455,0.133833,0.013221,0.724901,0.482522,-0.023553,0.633991,0.126003,0.036012,0.717539,0.469643,-0.026645,0.639659,0.140454,0.049968,0.712899,0.462825,-0.013009,0.633959,0.604901,0.03842,0.66727,0.606039,-0.038793,0.583027,0.730396,-0.005975,0.729641,0.723165,-0.048453,0.489912,0.839127,-0.045989,0.781799,0.838166,-0.025036,0.48341,0.860874,-0.051718,0.779235,0.85402,-0.022358,0.463467,0.838501,-0.109256,0.808557,0.895143,-0.06208
EH_Lat_1_3.9.26,179,1177.01,215.3,0,1177.01,215.3,0.9523,1350.92,546.27,0.658,0.708901,0.346682,0.207518,0.705488,0.332679,0.204223,0.703957,0.331846,0.204052,0.702323,0.331009,0.204053,0.705917,0.333198,0.187683,0.704927,0.332791,0.187438,0.704016,0.332191,0.187335,0.691111,0.331883,0.175452,0.694579,0.3343,0.102758,0.702654,0.358341,0.203197,0.70377,0.359328,0.180174,0.647355,0.375598,0.147083,0.702311,0.400957,0.064528,0.624378,0.270145,0.143111,0.707043,0.496308,0.111975,0.615414,0.169312,0.119523,0.703602,0.505805,0.235344,0.609215,0.142326,0.104956,0.708795,0.506608,0.24903,0.61524,0.139292,0.117975,0.697828,0.494741,0.242953,0.618831,0.14886,0.123804,0.694079,0.490588,0.236758,0.645024,0.605358,0.037695,0.679057,0.606633,-0.038074,0.5841,0.737011,-0.006684,0.737097,0.728876,-0.034186,0.500475,0.846699,-0.046556,0.783686,0.848442,-0.014902,0.490938,0.860692,-0.051316,0.77608,0.855133,-0.011094,0.485304,0.870162,-0.097104,0.814057,0.906763,-0.033876
EH_Lat_1_3.9.26,180,1130.61,246.76,0,1130.61,246.76,0.9698,1391.15,587.83,0.6079,0.718334,0.347127,0.194732,0.713908,0.332982,0.195592,0.711877,0.332073,0.195413,0.709562,0.331138,0.195411,0.715661,0.33419,0.17281,0.714728,0.334035,0.17257,0.713888,0.333659,0.172466,0.700233,0.33208,0.185868,0.704877,0.335687,0.084165,0.710639,0.359291,0.19691,0.712608,0.359852,0.165653,0.660943,0.378708,0.17883,0.712212,0.406937,0.011234,0.620754,0.295578,0.222303,0.712867,0.509964,-0.042047,0.600097,0.213362,0.225208,0.724556,0.544289,-0.068219,0.594977,0.190231,0.219601,0.728386,0.552739,-0.085984,0.599949,0.180214,0.220308,0.725856,0.543804,-0.083531,0.602686,0.188141,0.225396,0.720791,0.536862,-0.067422,0.65933,0.605656,0.042295,0.690152,0.606757,-0.042472,0.596313,0.740661,0.005813,0.744704,0.729507,-0.050311,0.512944,0.85008,-0.077692,0.782936,0.848822,-0.033639,0.499885,0.860638,-0.0882,0.774583,0.875635,-0.030997,0.506849,0.894664,-0.15003,0.821986,0.911813,-0.069959
EH_Lat_1_3.9.26,181,1117.05,308.84,0,1117.05,308.84,0.9761,1262.98,456.13,0.6332,0.735404,0.354618,0.149618,0.731326,0.342317,0.134572,0.730446,0.34205,0.13441,0.729446,0.341864,0.134316,0.730639,0.343206,0.108696,0.729375,0.343624,0.108336,0.728102,0.343955,0.108096,0.718202,0.344544,0.134213,0.716983,0.348259,0.026754,0.731646,0.367879,0.142815,0.731352,0.368506,0.107345,0.69368,0.395509,0.156893,0.69528,0.408275,-0.029355,0.708174,0.480566,0.205018,0.670312,0.483811,-0.071551,0.717593,0.559321,0.142555,0.657801,0.422342,-0.146185,0.721765,0.577059,0.150504,0.631511,0.397828,-0.167378,0.724352,0.579549,0.122502,0.631801,0.391048,-0.164339,0.723207,0.571803,0.130211,0.638498,0.399841,-0.149017,0.690843,0.61363,0.043826,0.68401,0.611347,-0.044242,0.737742,0.74738,0.027655,0.668305,0.732655,-0.12464,0.770956,0.874318,0.009848,0.576588,0.851729,-0.161282,0.761371,0.896518,0.001105,0.556436,0.86661,-0.166453,0.801982,0.921652,-0.085189,0.572825,0.914005,-0.240764
EH_Lat_1_3.9.26,182,1092.25,382.96,0,1092.25,382.96,0.9556,1131.11,385.02,0.6615,0.750944,0.355802,-0.004453,0.745415,0.344068,0.00823,0.744443,0.343979,0.008057,0.743509,0.343931,0.008147,0.744745,0.344762,-0.018228,0.743413,0.345321,-0.018464,0.742106,0.346141,-0.018531,0.732396,0.349169,0.073343,0.731099,0.351874,-0.04682,0.747723,0.371285,0.020286,0.747332,0.371582,-0.016201,0.733934,0.423317,0.120525,0.702517,0.4093,-0.069156,0.71474,0.524141,0.144595,0.653251,0.423896,-0.102041,0.722569,0.607837,0.071202,0.589118,0.356499,-0.162171,0.725665,0.625065,0.070242,0.571645,0.341499,-0.18405,0.725055,0.614464,0.038987,0.570688,0.339942,-0.190483,0.724812,0.603898,0.056159,0.576528,0.348891,-0.168662,0.709962,0.619614,0.052593,0.682585,0.613171,-0.052667,0.751944,0.748831,0.083658,0.640444,0.749031,-0.136221,0.783399,0.877428,0.125378,0.557552,0.85555,-0.132042,0.774396,0.90366,0.123699,0.536267,0.86862,-0.133427,0.817425,0.928346,0.046999,0.559093,0.922029,-0.220191
EH_Lat_1_3.9.26,183,1122.63,479.29,0,1122.63,479.29,0.9539,1123.69,389.19,0.6936,0.764838,0.357072,-0.080635,0.761362,0.346336,-0.065501,0.760831,0.346506,-0.065662,0.760362,0.346654,-0.065571,0.759376,0.346911,-0.090762,0.757465,0.347589,-0.090998,0.755535,0.348324,-0.091099,0.750201,0.351992,0.013887,0.743705,0.3538,-0.101758,0.761578,0.372659,-0.048717,0.759982,0.372576,-0.083582,0.755427,0.43639,0.082481,0.704831,0.409644,-0.117137,0.734581,0.528419,0.092316,0.650296,0.428989,-0.175747,0.728207,0.610192,-0.000557,0.585254,0.360359,-0.251436,0.72771,0.626762,-0.010146,0.570207,0.359248,-0.280571,0.730422,0.619347,-0.036405,0.568123,0.341335,-0.290929,0.730264,0.611667,-0.014483,0.573234,0.359503,-0.259178,0.722544,0.621697,0.056561,0.68691,0.613898,-0.056528,0.76007,0.747865,0.075539,0.643342,0.76175,-0.131574,0.783756,0.878991,0.136452,0.562557,0.856571,-0.109056,0.77424,0.904537,0.138425,0.544081,0.871706,-0.11286,0.819902,0.929151,0.059809,0.567907,0.928202,-0.195023
EH_Lat_1_3.9.26,184,1178.27,572.22,0,1178.27,572.22,0.9747,1147.49,537.47,0.724,0.773224,0.359476,-0.086679,0.769765,0.348957,-0.071674,0.76916,0.349076,-0.0718,0.768621,0.349147,-0.071744,0.768527,0.349174,-0.099409,0.767077,0.349564,-0.099643,0.765631,0.349972,-0.099748,0.759155,0.353503,0.004604,0.75469,0.354816,-0.120707,0.770108,0.374558,-0.055094,0.769069,0.373682,-0.092806,0.756323,0.435447,0.080916,0.719131,0.409994,-0.146559,0.738359,0.518946,0.10606,0.662336,0.465346,-0.214363,0.73622,0.586871,0.029111,0.59765,0.49766,-0.275863,0.736135,0.60131,0.021443,0.588034,0.505023,-0.305055,0.7383,0.595781,-0.005243,0.585537,0.504126,-0.314661,0.738002,0.589735,0.01526,0.589978,0.508172,-0.28201,0.726333,0.621288,0.058359,0.691777,0.613243,-0.058308,0.760992,0.743997,-0.06539,0.652504,0.767657,-0.12981,0.783661,0.879325,-0.017768,0.574736,0.871802,-0.089854,0.77374,0.905112,-0.018505,0.557303,0.87904,-0.093385,0.818367,0.929046,-0.100492,0.573728,0.934625,-0.180442
EH_Lat_1_3.9.26,185,1237.84,654.63,0,1237.84,654.63,0.9829,1208.51,634.12,0.7515,0.782357,0.362074,-0.103418,0.777628,0.351031,-0.089916,0.776454,0.35098,-0.090061,0.775357,0.350916,-0.089988,0.777202,0.351064,-0.119933,0.775839,0.351225,-0.120174,0.774593,0.351391,-0.120289,0.766198,0.354634,-0.019732,0.764924,0.355839,-0.155479,0.778001,0.376014,-0.073618,0.777405,0.375035,-0.114293,0.759469,0.436711,0.0694,0.733318,0.417929,-0.192345,0.74284,0.529875,0.102325,0.68669,0.506327,-0.245661,0.739422,0.60496,0.024332,0.629431,0.58715,-0.2836,0.739103,0.620672,0.017853,0.61128,0.602227,-0.314099,0.742278,0.616595,-0.01189,0.609213,0.604034,-0.322522,0.74209,0.610573,0.009333,0.618079,0.600778,-0.288449,0.729215,0.620721,0.067968,0.696192,0.612068,-0.067984,0.761648,0.741957,-0.025326,0.662929,0.767034,-0.093977,0.78319,0.879312,0.040256,0.595567,0.87702,-0.040897,0.772984,0.905076,0.039104,0.582437,0.882157,-0.040557,0.817054,0.928672,-0.049092,0.583296,0.93904,-0.1354
EH_Lat_1_3.9.26,186,1330.15,694.05,0,1330.15,694.05,0.9806,1319.8,682.19,0.7736,0.794013,0.359488,-0.140411,0.78704,0.347726,-0.126061,0.78524,0.347842,-0.126233,0.783599,0.348005,-0.126149,0.787168,0.347446,-0.157379,0.785568,0.34754,-0.157617,0.784137,0.347665,-0.157735,0.773511,0.353417,-0.054517,0.773619,0.353888,-0.197114,0.789232,0.373714,-0.110333,0.789284,0.372631,-0.152965,0.761546,0.433266,0.041744,0.744044,0.418387,-0.245339,0.735108,0.533257,0.075642,0.71068,0.524758,-0.307386,0.726924,0.636619,0.010799,0.687398,0.631658,-0.334702,0.724052,0.656287,0.007248,0.679133,0.661921,-0.372373,0.728761,0.645317,-0.02359,0.685645,0.664468,-0.371405,0.730266,0.644846,-0.003539,0.689211,0.653207,-0.335896,0.723389,0.615403,0.082387,0.697891,0.607442,-0.082351,0.759683,0.740414,0.110538,0.670996,0.766127,-0.095574,0.782424,0.88005,0.178866,0.611944,0.880351,-0.053016,0.772051,0.905636,0.178819,0.599597,0.887238,-0.052413,0.815125,0.925178,0.105914,0.59972,0.935535,-0.137236
EH_Lat_1_3.9.26,187,1432.34,712.39,0,1432.34,712.39,0.9024,1424.41,702.44,0.7722,0.79967,0.357015,-0.173451,0.792905,0.344363,-0.159924,0.79122,0.344384,-0.160125,0.789715,0.344532,-0.160078,0.792801,0.34401,-0.189845,0.791005,0.343908,-0.190073,0.789275,0.343838,-0.190208,0.779326,0.351045,-0.089055,0.778191,0.350967,-0.224865,0.79408,0.371071,-0.143325,0.793871,0.370278,-0.183976,0.763362,0.430573,0.012562,0.754142,0.419689,-0.268607,0.738025,0.535711,0.050671,0.739286,0.539423,-0.315661,0.739711,0.626968,-0.020072,0.741878,0.650407,-0.31541,0.737439,0.657036,-0.024475,0.743866,0.682418,-0.350044,0.741506,0.645948,-0.056742,0.74974,0.678295,-0.346825,0.741473,0.645193,-0.034812,0.746726,0.669189,-0.315113,0.724497,0.610449,0.084548,0.699904,0.602234,-0.084509,0.758437,0.739367,0.115063,0.67819,0.76581,-0.095506,0.781181,0.877954,0.18977,0.620681,0.878477,-0.027117,0.772703,0.903413,0.191121,0.60732,0.883388,-0.023217,0.811355,0.922787,0.119859,0.611455,0.932438,-0.108277
EH_Lat_1_3.9.26,188,1536.18,687.52,0,1536.18,687.52,0.9746,1527.6,686.62,0.7873,0.803284,0.353168,-0.11866,0.796561,0.340435,-0.105849,0.795114,0.340362,-0.106029,0.793898,0.340372,-0.105986,0.796586,0.340308,-0.133157,0.795032,0.3402,-0.133381,0.793522,0.340111,-0.1335,0.78487,0.347287,-0.044007,0.783598,0.347578,-0.16838,0.798052,0.367114,-0.092338,0.797983,0.366696,-0.12969,0.766826,0.42918,0.043378,0.759457,0.41976,-0.21522,0.758582,0.536649,0.079283,0.766719,0.544166,-0.261812,0.790776,0.628931,0.016917,0.795626,0.635757,-0.26737,0.799668,0.645485,0.014923,0.80893,0.654731,-0.301595,0.805311,0.645385,-0.015412,0.812349,0.653327,-0.296296,0.800622,0.642022,0.003108,0.806434,0.648315,-0.266809,0.72697,0.604634,0.082027,0.703886,0.595697,-0.082024,0.759935,0.735286,0.088509,0.683063,0.760358,-0.187328,0.781173,0.876285,0.144023,0.625174,0.868982,-0.084607,0.772442,0.901846,0.144194,0.611561,0.869578,-0.075487,0.816519,0.922416,0.073941,0.616087,0.926206,-0.155844
EH_Lat_1_3.9.26,189,1606.09,633.6,0,1606.09,633.6,0.9845,1599.79,641.73,0.799,0.808013,0.346284,-0.054618,0.802008,0.333427,-0.034171,0.800438,0.333552,-0.034322,0.79906,0.33375,-0.034192,0.802204,0.333322,-0.066256,0.800645,0.333552,-0.06648,0.799096,0.333695,-0.066577,0.789256,0.341484,0.039931,0.78884,0.341781,-0.098659,0.802803,0.360678,-0.021654,0.802844,0.360589,-0.064937,0.765601,0.42052,0.132404,0.767689,0.414168,-0.192977,0.744715,0.512382,0.151979,0.791973,0.530318,-0.215633,0.745698,0.593381,0.03345,0.833223,0.594198,-0.153481,0.743887,0.609881,0.029563,0.843299,0.607171,-0.18433,0.747603,0.608236,-0.01043,0.845345,0.603199,-0.166731,0.749195,0.60255,0.015695,0.841295,0.599448,-0.146445,0.73035,0.5973,0.084399,0.70803,0.588802,-0.084391,0.75997,0.734844,0.078506,0.686242,0.75152,-0.150789,0.778421,0.877718,0.126226,0.628464,0.855391,-0.07239,0.771568,0.903097,0.127141,0.615468,0.856219,-0.064407,0.811217,0.919923,0.070665,0.620744,0.918006,-0.127047
EH_Lat_1_3.9.26,190,1654.27,576.59,0,1654.27,576.59,0.9678,1653.01,612.44,0.816,0.810974,0.343808,-0.046331,0.805698,0.330561,-0.029419,0.804222,0.330555,-0.029573,0.80291,0.330655,-0.029457,0.805863,0.330307,-0.058936,0.804408,0.330307,-0.059163,0.80295,0.330263,-0.059263,0.793433,0.336603,0.039657,0.792377,0.336891,-0.096421,0.804876,0.357265,-0.017638,0.804816,0.357266,-0.057541,0.775801,0.412655,0.126884,0.774164,0.395093,-0.173772,0.802623,0.50131,0.15063,0.812703,0.525442,-0.222338,0.85887,0.564867,0.044291,0.860945,0.567073,-0.198335,0.872476,0.579446,0.039523,0.875191,0.576488,-0.237182,0.875533,0.576128,0.010621,0.879253,0.576894,-0.217558,0.871141,0.571588,0.030963,0.873175,0.574898,-0.19156,0.733451,0.593079,0.085759,0.710064,0.583199,-0.085751,0.760817,0.733568,0.095113,0.686975,0.743564,-0.140003,0.778894,0.877458,0.164974,0.631183,0.843186,-0.037694,0.77073,0.902083,0.166724,0.61783,0.841035,-0.030449,0.812555,0.919044,0.0987,0.624318,0.911583,-0.101319
EH_Lat_1_3.9.26,191,1687.67,523.04,0,1687.67,523.04,0.9646,1694.76,559.26,0.8301,0.814592,0.341897,-0.003684,0.810225,0.326912,0.008451,0.808595,0.326465,0.008271,0.807102,0.326094,0.008381,0.810295,0.326628,-0.021252,0.808711,0.326115,-0.021476,0.807121,0.325547,-0.021573,0.796559,0.329067,0.064651,0.795703,0.328973,-0.069701,0.807718,0.354052,0.022045,0.807652,0.3538,-0.018263,0.776956,0.396705,0.151289,0.781501,0.381524,-0.164334,0.755718,0.490949,0.171258,0.830514,0.489338,-0.221024,0.764741,0.552037,0.062064,0.882685,0.517831,-0.14268,0.765308,0.57129,0.057625,0.895303,0.528364,-0.171571,0.768598,0.568236,0.032422,0.898834,0.518432,-0.151214,0.769096,0.559919,0.049621,0.89201,0.513102,-0.134466,0.735618,0.584219,0.086035,0.716273,0.575844,-0.086087,0.761631,0.732617,0.077014,0.688093,0.732896,-0.101006,0.77831,0.877901,0.13396,0.633177,0.830661,-0.011264,0.769923,0.903214,0.132447,0.620235,0.826098,-0.004957,0.813719,0.917975,0.064458,0.628043,0.906154,-0.070081
EH_Lat_1_3.9.26,192,1710.03,471.89,0,1710.03,471.89,0.9266,1713.55,495.92,0.8361,0.815269,0.335362,0.025898,0.81141,0.319983,0.039087,0.810139,0.319737,0.038914,0.809007,0.319628,0.039028,0.811203,0.3194,0.009714,0.809818,0.318884,0.009486,0.808496,0.318342,0.009391,0.799582,0.323786,0.094909,0.798369,0.322591,-0.038229,0.809213,0.348113,0.05094,0.809054,0.347566,0.010971,0.774524,0.384303,0.17706,0.786789,0.369802,-0.13167,0.750638,0.48712,0.225786,0.843951,0.453964,-0.189915,0.751722,0.544722,0.172679,0.892472,0.459185,-0.122033,0.749056,0.565217,0.178957,0.905074,0.46182,-0.147745,0.75594,0.558459,0.153736,0.90578,0.452927,-0.126754,0.756222,0.553461,0.161652,0.90237,0.450975,-0.113912,0.73705,0.577205,0.086388,0.722964,0.569823,-0.086458,0.762924,0.730007,0.060563,0.690164,0.723736,-0.087604,0.780253,0.877503,0.105512,0.634625,0.820954,-0.009082,0.771678,0.904177,0.105349,0.621345,0.813884,-0.003335,0.814937,0.917426,0.044599,0.630368,0.900169,-0.06588
EH_Lat_1_3.9.26,193,1718.32,435.65,0,1718.32,435.65,0.937,1712.66,449.51,0.8389,0.817828,0.328759,0.024632,0.813247,0.313832,0.037631,0.811935,0.31371,0.037436,0.810735,0.313754,0.037536,0.813295,0.313408,0.008948,0.812,0.313079,0.008718,0.810773,0.312753,0.008612,0.801344,0.318707,0.093686,0.800844,0.317803,-0.035917,0.812862,0.341637,0.049611,0.812643,0.340899,0.010557,0.782639,0.380206,0.170611,0.790215,0.361095,-0.121295,0.756743,0.481839,0.213179,0.849472,0.423171,-0.167064,0.751466,0.540383,0.15026,0.892013,0.416215,-0.093055,0.749425,0.558126,0.152592,0.905459,0.414011,-0.115491,0.755023,0.555015,0.128301,0.904689,0.403412,-0.09799,0.756845,0.548951,0.139061,0.898615,0.402168,-0.086064,0.74694,0.57452,0.084825,0.726529,0.563628,-0.084907,0.765112,0.727506,0.05546,0.695776,0.716215,-0.070883,0.778895,0.876178,0.107731,0.636481,0.808427,0.022827,0.770052,0.902769,0.108763,0.623998,0.802473,0.030189,0.813955,0.915643,0.044288,0.633352,0.889715,-0.03644
EH_Lat_1_3.9.26,194,1724.5,411.04,0,1724.5,411.04,0.929,1723.09,424.53,0.8436,0.820519,0.327012,0.013203,0.816537,0.312235,0.025856,0.815308,0.312028,0.025662,0.814211,0.311982,0.025756,0.816111,0.311768,-0.00252,0.814535,0.311292,-0.002751,0.81302,0.310803,-0.002854,0.80477,0.315782,0.083388,0.802359,0.31398,-0.045586,0.81543,0.339506,0.038535,0.814813,0.338351,-0.000243,0.784884,0.37804,0.161024,0.79417,0.354979,-0.123129,0.762675,0.480456,0.196776,0.858374,0.403142,-0.168903,0.760466,0.53793,0.124516,0.897443,0.393081,-0.099841,0.759215,0.554553,0.124052,0.907938,0.386708,-0.12207,0.761631,0.552891,0.099816,0.908174,0.38137,-0.106445,0.763637,0.546174,0.112954,0.902586,0.38126,-0.093664,0.752929,0.574798,0.083787,0.732147,0.564044,-0.083873,0.766473,0.724783,0.058969,0.700466,0.712262,-0.060815,0.776742,0.874988,0.117117,0.637977,0.798256,0.034191,0.768849,0.901159,0.118251,0.625554,0.79078,0.041478,0.813508,0.914739,0.05175,0.633731,0.877872,-0.025604
EH_Lat_1_3.9.26,195,1722.58,400.64,0,1722.58,400.64,0.9342,1729.44,412.11,0.8551,0.822038,0.324557,0.011809,0.818663,0.309732,0.025156,0.817418,0.309405,0.024957,0.816339,0.30926,0.025059,0.818235,0.309134,-0.003776,0.816669,0.308387,-0.004012,0.815176,0.307561,-0.004116,0.80713,0.312258,0.086918,0.804665,0.309475,-0.045178,0.817032,0.336595,0.038657,0.816563,0.335261,-0.00098,0.785433,0.378233,0.170072,0.796724,0.349827,-0.124294,0.769643,0.47647,0.2329,0.8584,0.383858,-0.175739,0.772166,0.536025,0.190379,0.900751,0.381585,-0.127425,0.774158,0.551912,0.196231,0.910919,0.379137,-0.151922,0.776111,0.550501,0.168349,0.911788,0.373855,-0.1379,0.77742,0.543746,0.177956,0.906322,0.374413,-0.122525,0.758347,0.573657,0.083558,0.738119,0.56328,-0.083663,0.767979,0.722353,0.068149,0.70579,0.711284,-0.069074,0.777954,0.874074,0.127016,0.640329,0.788945,0.016977,0.769323,0.900193,0.128016,0.626442,0.781578,0.023612,0.811452,0.913699,0.063246,0.636768,0.868964,-0.042265
EH_Lat_1_3.9.26,196,1735.53,397.88,0,1735.53,397.88,0.9289,1741.34,407.99,0.8611,0.824436,0.322494,0.019781,0.820652,0.307766,0.032188,0.819337,0.307399,0.031991,0.818165,0.307085,0.032088,0.820379,0.307089,0.003478,0.818834,0.306256,0.003243,0.817395,0.305257,0.003137,0.809434,0.31015,0.090616,0.807571,0.307131,-0.040622,0.81915,0.334366,0.045645,0.818704,0.332805,0.006228,0.786069,0.375731,0.17254,0.798619,0.349106,-0.124406,0.770129,0.473589,0.236692,0.859252,0.373481,-0.200909,0.774404,0.535842,0.204376,0.906948,0.37777,-0.168849,0.776717,0.552542,0.211499,0.922038,0.377387,-0.19635,0.779885,0.549256,0.185,0.923961,0.374504,-0.171018,0.77975,0.543978,0.192789,0.912803,0.374728,-0.160133,0.762182,0.573076,0.083367,0.745179,0.563458,-0.083478,0.769405,0.719391,0.071587,0.712451,0.710673,-0.074933,0.778581,0.873587,0.120203,0.643496,0.780948,-0.000599,0.76899,0.899419,0.120217,0.628248,0.771897,0.004839,0.816996,0.9128,0.055796,0.639554,0.860586,-0.060437
EH_Lat_1_3.9.26,197,1742.3,397.23,0,1742.3,397.23,0.9407,1751.29,405.5,0.8723,0.826841,0.32301,0.017203,0.823292,0.308663,0.029118,0.821989,0.308196,0.02892,0.820878,0.307761,0.029018,0.822828,0.307665,0.001481,0.8212,0.306537,0.00124,0.819733,0.305203,0.00113,0.812384,0.309957,0.087714,0.809794,0.306302,-0.038696,0.821012,0.334328,0.043197,0.820367,0.332556,0.005163,0.788157,0.372608,0.17014,0.79994,0.346155,-0.12032,0.77367,0.469037,0.256213,0.861324,0.367941,-0.206558,0.784266,0.535345,0.264201,0.912132,0.37546,-0.198167,0.785465,0.55184,0.277398,0.927247,0.378176,-0.228126,0.789011,0.5477,0.249939,0.93005,0.374805,-0.204144,0.78997,0.542915,0.25348,0.922896,0.37339,-0.1903,0.766695,0.572519,0.082967,0.751377,0.56352,-0.083078,0.772512,0.717695,0.077107,0.718677,0.711728,-0.077896,0.778525,0.872998,0.124255,0.646257,0.774472,-0.001319,0.767692,0.90077,0.12435,0.630506,0.763743,0.00486,0.813827,0.911721,0.062641,0.641522,0.851931,-0.05593
EH_Lat_1_3.9.26,198,1755.73,408.13,0,1755.73,408.13,0.9308,1762.97,406.09,0.8839,0.829309,0.319075,0.002219,0.824797,0.305095,0.016108,0.823512,0.304624,0.015897,0.822393,0.304223,0.016015,0.823965,0.303895,-0.010996,0.822107,0.302663,-0.011232,0.820386,0.301309,-0.011347,0.813111,0.307267,0.08202,0.810038,0.30358,-0.044371,0.823834,0.331166,0.033262,0.822898,0.32931,-0.004355,0.792249,0.37191,0.161612,0.80128,0.347846,-0.126983,0.780709,0.463427,0.239636,0.866322,0.367527,-0.216782,0.789522,0.53457,0.231111,0.918211,0.376009,-0.210261,0.789912,0.550808,0.241289,0.934862,0.385705,-0.242607,0.793756,0.54658,0.212287,0.937172,0.380778,-0.220329,0.794949,0.541881,0.219453,0.931258,0.377869,-0.202943,0.771832,0.57298,0.083031,0.756292,0.564819,-0.083132,0.776512,0.716653,0.097607,0.727889,0.714444,-0.085906,0.779513,0.872266,0.161194,0.650987,0.77096,-0.006867,0.768302,0.900223,0.163149,0.635536,0.757753,0.000168,0.813208,0.910405,0.108367,0.642923,0.847979,-0.055078
EH_Lat_1_3.9.26,199,1768.53,418.16,0,1768.53,418.16,0.9468,1772.33,409.1,0.8936,0.830279,0.31685,0.004965,0.825877,0.303001,0.017925,0.824614,0.302445,0.017724,0.823533,0.302008,0.01782,0.825025,0.301666,-0.008076,0.823132,0.300358,-0.008303,0.821378,0.298964,-0.008401,0.814214,0.305053,0.079917,0.810945,0.301702,-0.040886,0.825083,0.32917,0.033103,0.823976,0.327475,-0.003148,0.794229,0.369454,0.162963,0.803556,0.347963,-0.124156,0.785958,0.459833,0.251503,0.86789,0.368277,-0.213764,0.796384,0.53411,0.266945,0.923088,0.378798,-0.219285,0.799456,0.549988,0.280391,0.937799,0.392393,-0.252189,0.803103,0.545708,0.252345,0.940672,0.387803,-0.2323,0.802145,0.541234,0.256445,0.934861,0.383437,-0.213191,0.777342,0.572645,0.083211,0.763343,0.565048,-0.083298,0.780655,0.716432,0.087597,0.737039,0.716859,-0.111004,0.780197,0.872187,0.13974,0.657469,0.769327,-0.023656,0.768779,0.899604,0.140318,0.642481,0.756737,-0.014401,0.817916,0.910064,0.08268,0.647171,0.845303,-0.06671
EH_Lat_1_3.9.26,200,1777.01,425.19,0,1777.01,425.19,0.9446,1779.64,421.79,0.9022,0.835546,0.315859,0.042326,0.83067,0.301855,0.052412,0.828893,0.301398,0.052249,0.827349,0.301047,0.052347,0.830872,0.30045,0.026539,0.829451,0.299298,0.026295,0.828033,0.29806,0.026199,0.817084,0.30392,0.102119,0.817414,0.301137,-0.017971,0.829807,0.32816,0.065171,0.830295,0.326417,0.029252,0.795299,0.366049,0.1828,0.812399,0.34717,-0.108886,0.785063,0.459951,0.24762,0.874643,0.376819,-0.180246,0.793007,0.534192,0.237407,0.926896,0.390542,-0.154259,0.792294,0.550371,0.248237,0.940986,0.399889,-0.182323,0.797916,0.547756,0.223263,0.942521,0.396322,-0.160086,0.799559,0.541031,0.227458,0.936772,0.393583,-0.146058,0.777375,0.569468,0.084431,0.771694,0.565396,-0.084515,0.781225,0.716635,0.095939,0.746244,0.71852,-0.129027,0.782089,0.871832,0.140712,0.663927,0.771408,-0.055562,0.769575,0.899225,0.141121,0.64916,0.757029,-0.047738,0.819783,0.909783,0.090889,0.653737,0.847918,-0.085399
EH_Lat_1_3.9.26,201,1782.22,436.32,0,1782.22,436.32,0.9489,1792.99,435.06,0.909,0.84021,0.317484,0.031988,0.836217,0.302901,0.04234,0.834683,0.302389,0.042163,0.833214,0.301907,0.04225,0.836254,0.301676,0.016331,0.834876,0.300579,0.016091,0.833631,0.29938,0.015991,0.822999,0.304658,0.092834,0.822741,0.302262,-0.027663,0.834471,0.32926,0.054799,0.834471,0.327913,0.018738,0.799883,0.363126,0.172074,0.814651,0.349987,-0.112977,0.784369,0.457558,0.247808,0.879339,0.384578,-0.190922,0.794479,0.534022,0.26524,0.933847,0.40283,-0.181338,0.795528,0.550393,0.28034,0.947177,0.411956,-0.212256,0.799964,0.549512,0.255886,0.950549,0.408148,-0.188416,0.801312,0.542408,0.256512,0.944705,0.405508,-0.173026,0.781192,0.569451,0.084757,0.775667,0.566834,-0.084833,0.784677,0.716787,0.110083,0.757135,0.719144,-0.141099,0.783018,0.871589,0.160478,0.671448,0.77235,-0.06829,0.768895,0.898838,0.161595,0.656137,0.757398,-0.060488,0.820031,0.909686,0.121536,0.660471,0.849975,-0.090697
EH_Lat_1_3.9.26,202,1789.23,457.22,0,1789.23,457.22,0.9531,1807.91,442.18,0.9168,0.844854,0.317169,0.028946,0.840651,0.30224,0.039694,0.83906,0.301728,0.039522,0.837526,0.301199,0.039596,0.84056,0.300944,0.013462,0.83906,0.299841,0.013212,0.837706,0.298641,0.013103,0.827203,0.303511,0.092691,0.826645,0.301359,-0.028989,0.839304,0.328946,0.052627,0.839027,0.32759,0.016218,0.802977,0.360789,0.17783,0.819221,0.348885,-0.115386,0.789177,0.453571,0.271494,0.883293,0.39133,-0.200489,0.800268,0.533562,0.311669,0.941621,0.409427,-0.204033,0.801571,0.549972,0.330965,0.95401,0.421465,-0.237039,0.805747,0.548683,0.306231,0.955599,0.420577,-0.215641,0.807443,0.541819,0.30379,0.951402,0.413215,-0.196792,0.784949,0.567501,0.087493,0.782139,0.566818,-0.087576,0.785348,0.717985,0.111617,0.769439,0.720225,-0.175182,0.781477,0.871488,0.155753,0.679316,0.773965,-0.107822,0.766986,0.898571,0.156393,0.66361,0.760044,-0.100074,0.82036,0.910315,0.116322,0.670131,0.851714,-0.12886
EH_Lat_1_3.9.26,203,1793.23,471.89,0,1793.23,471.89,0.9659,1806.8,455.63,0.9235,0.846733,0.315674,0.035351,0.843138,0.301218,0.046228,0.841752,0.30076,0.046063,0.840414,0.300285,0.046125,0.842591,0.299835,0.020585,0.840976,0.298702,0.020339,0.839476,0.297461,0.020232,0.829836,0.3019,0.098339,0.828204,0.299571,-0.020366,0.841275,0.327549,0.058654,0.840479,0.326117,0.023123,0.806732,0.360318,0.185454,0.82111,0.34747,-0.11402,0.799699,0.450883,0.258813,0.881091,0.395883,-0.199597,0.804454,0.529892,0.263189,0.941043,0.421877,-0.199035,0.803967,0.549472,0.275979,0.952606,0.445789,-0.231423,0.807268,0.548577,0.252496,0.955003,0.446298,-0.2116,0.80991,0.541651,0.254688,0.949618,0.437372,-0.192176,0.787956,0.563016,0.089498,0.788933,0.564912,-0.089612,0.788577,0.718217,0.100613,0.778982,0.720805,-0.173872,0.781598,0.871287,0.123826,0.687547,0.775993,-0.153088,0.768152,0.898364,0.121017,0.671106,0.763809,-0.151043,0.821564,0.910322,0.084608,0.68324,0.855056,-0.194185
EH_Lat_1_3.9.26,204,1786.89,486.88,0,1786.89,486.88,0.9667,1800.71,474.19,0.9296,0.849703,0.312422,0.034876,0.845912,0.297707,0.045418,0.844504,0.297257,0.045247,0.843194,0.296838,0.045295,0.845571,0.296527,0.020275,0.844018,0.295507,0.020031,0.842563,0.294356,0.019925,0.833108,0.298225,0.095531,0.831802,0.296608,-0.021032,0.844205,0.32455,0.057225,0.843606,0.323316,0.022381,0.807659,0.360108,0.178625,0.824332,0.34785,-0.112332,0.798033,0.447833,0.271313,0.884559,0.397973,-0.202795,0.803615,0.528191,0.317083,0.937868,0.439069,-0.221213,0.802786,0.549073,0.336824,0.948459,0.463167,-0.253952,0.806517,0.548959,0.313223,0.950094,0.463261,-0.235585,0.808964,0.541834,0.309969,0.946175,0.456464,-0.215093,0.787455,0.561328,0.088736,0.793769,0.564707,-0.08885,0.792965,0.718265,0.095901,0.786256,0.721668,-0.170685,0.782402,0.870887,0.10344,0.699424,0.780244,-0.157911,0.768733,0.898276,0.100098,0.682946,0.767572,-0.156579,0.820464,0.910395,0.0654,0.696115,0.859236,-0.196691
EH_Lat_1_3.9.26,205,1795.13,507.56,0,1795.13,507.56,0.9695,1801.02,499.4,0.9351,0.852835,0.313075,0.033157,0.850049,0.29836,0.043989,0.848736,0.297994,0.043814,0.847487,0.297679,0.043849,0.84937,0.297015,0.018809,0.847666,0.295926,0.018563,0.846025,0.294738,0.018451,0.836811,0.298456,0.095458,0.834599,0.296215,-0.020957,0.846995,0.324999,0.056124,0.84598,0.323754,0.021246,0.81191,0.362177,0.181087,0.826228,0.34857,-0.112171,0.802726,0.449278,0.286357,0.882575,0.407116,-0.205282,0.804849,0.528141,0.34484,0.938033,0.462411,-0.227698,0.801732,0.551856,0.366742,0.948401,0.486208,-0.260509,0.805008,0.549743,0.343872,0.950412,0.486343,-0.242318,0.808298,0.545058,0.338531,0.947089,0.479526,-0.221566,0.792019,0.561872,0.08924,0.796536,0.564848,-0.089364,0.798594,0.718657,0.094064,0.795208,0.722288,-0.17729,0.782587,0.870851,0.087091,0.71015,0.784276,-0.170523,0.767453,0.898076,0.083354,0.693612,0.773172,-0.169571,0.821835,0.910749,0.045807,0.710227,0.861741,-0.207865
EH_Lat_1_3.9.26,206,1794.6,532.68,0,1794.6,532.68,0.9776,1810.12,533.31,0.9409,0.856354,0.313156,0.041433,0.853714,0.298122,0.052396,0.852543,0.297714,0.052228,0.851417,0.297405,0.052248,0.853042,0.296591,0.027978,0.851418,0.295295,0.027728,0.849821,0.293932,0.027609,0.841147,0.298197,0.102139,0.8386,0.295256,-0.011018,0.850663,0.324835,0.0636,0.850005,0.323767,0.029685,0.814464,0.362471,0.187562,0.830384,0.349475,-0.104074,0.807108,0.451153,0.29767,0.883122,0.42155,-0.200857,0.807349,0.531517,0.37246,0.942771,0.493805,-0.214686,0.803097,0.556259,0.398044,0.952974,0.516637,-0.246199,0.807992,0.551956,0.376551,0.956542,0.517156,-0.227753,0.811255,0.550636,0.367511,0.952257,0.509409,-0.208347,0.793537,0.559731,0.089385,0.803283,0.563633,-0.089519,0.80067,0.71892,0.091268,0.81022,0.722667,-0.182785,0.782276,0.871002,0.079301,0.726873,0.786216,-0.191074,0.767541,0.897913,0.074753,0.70912,0.776697,-0.19115,0.822385,0.911526,0.038282,0.725127,0.864038,-0.223592
EH_Lat_1_3.9.26,207,1787.21,543.59,0,1787.21,543.59,0.9854,1793.95,541.22,0.9416,0.860864,0.31217,0.070431,0.857765,0.29728,0.080218,0.856527,0.296922,0.080054,0.85539,0.296725,0.080066,0.857202,0.295775,0.056153,0.855633,0.29455,0.055912,0.854129,0.293261,0.055816,0.845677,0.296991,0.120882,0.843661,0.293882,0.009501,0.854885,0.323254,0.089321,0.854562,0.322353,0.055934,0.816958,0.361158,0.194979,0.835617,0.349114,-0.085051,0.803637,0.455292,0.293748,0.881326,0.435555,-0.184571,0.813285,0.532127,0.35129,0.934347,0.501125,-0.208338,0.809872,0.558484,0.373002,0.944862,0.525494,-0.240264,0.816298,0.552184,0.352723,0.946617,0.526691,-0.224363,0.817372,0.550277,0.345616,0.942277,0.518671,-0.202917,0.79583,0.558337,0.089018,0.809206,0.563124,-0.089158,0.80285,0.71896,0.095264,0.820714,0.723005,-0.170316,0.782731,0.871069,0.083288,0.739746,0.791864,-0.204976,0.768607,0.897801,0.078635,0.721833,0.784301,-0.208686,0.821849,0.911388,0.043151,0.744849,0.870902,-0.245267
EH_Lat_1_3.9.26,208,1786.17,567.14,0,1786.17,567.14,0.9858,1787.24,555.59,0.9453,0.865429,0.311107,0.066927,0.862138,0.296086,0.07667,0.860986,0.295795,0.076506,0.859892,0.295643,0.076521,0.861653,0.294741,0.051826,0.860209,0.293638,0.051592,0.858767,0.292464,0.051508,0.849798,0.295937,0.117744,0.848011,0.293118,0.003452,0.85961,0.322272,0.086225,0.859267,0.321378,0.051913,0.820269,0.361611,0.192055,0.838732,0.350108,-0.088842,0.809616,0.456968,0.282684,0.880333,0.446908,-0.184115,0.819327,0.536186,0.329903,0.930853,0.514436,-0.205738,0.817189,0.561752,0.349443,0.941794,0.538801,-0.236315,0.823463,0.553447,0.328335,0.94247,0.539347,-0.219688,0.824189,0.551169,0.323464,0.937797,0.530919,-0.199947,0.797794,0.559538,0.089423,0.814369,0.563899,-0.089575,0.804956,0.718352,0.110573,0.831255,0.723374,-0.161436,0.782534,0.871023,0.0903,0.7512,0.803444,-0.186114,0.770811,0.897716,0.087718,0.731513,0.801189,-0.190429,0.818721,0.910975,0.063423,0.765422,0.872371,-0.224698
EH_Lat_1_3.9.26,209,1774.68,573.0,0,1774.68,573.0,0.9717,1784.78,575.94,0.9491,0.871116,0.307095,0.073082,0.866994,0.292781,0.082892,0.865746,0.292397,0.08275,0.864528,0.292106,0.082774,0.866716,0.291859,0.056707,0.865294,0.290934,0.056489,0.863816,0.289886,0.056425,0.853857,0.292842,0.122663,0.85227,0.291078,0.003457,0.865412,0.320171,0.092191,0.865346,0.319273,0.056323,0.821116,0.362066,0.197036,0.842051,0.350757,-0.090981,0.816238,0.46178,0.269434,0.880143,0.456769,-0.174591,0.826345,0.544125,0.298255,0.929571,0.53328,-0.179772,0.823372,0.572502,0.308894,0.937897,0.559254,-0.207723,0.829125,0.564871,0.302283,0.938753,0.560723,-0.190315,0.831015,0.565404,0.295345,0.935174,0.552059,-0.172827,0.800765,0.56044,0.091566,0.818854,0.564449,-0.091724,0.80707,0.718173,0.115253,0.842911,0.723619,-0.145162,0.784291,0.872705,0.094054,0.766088,0.81728,-0.183069,0.774963,0.900208,0.092293,0.745218,0.822708,-0.189105,0.818499,0.912245,0.069032,0.784962,0.881003,-0.228614
EH_Lat_1_3.9.26,210,1762.25,587.28,0,1762.25,587.28,0.9614,1776.25,593.86,0.9505,0.872338,0.308059,0.102214,0.8691,0.293672,0.111845,0.867944,0.29346,0.111714,0.866829,0.293312,0.111718,0.868855,0.292487,0.086135,0.86756,0.291576,0.085901,0.866255,0.290566,0.085849,0.857002,0.294275,0.146457,0.85562,0.291994,0.028748,0.867354,0.32094,0.119314,0.867031,0.319789,0.083983,0.823813,0.363102,0.21427,0.844642,0.351345,-0.066803,0.821399,0.466913,0.301519,0.876689,0.460667,-0.159524,0.833929,0.543431,0.350296,0.925129,0.549869,-0.177565,0.833548,0.570302,0.369514,0.933206,0.575303,-0.204042,0.840031,0.566124,0.350963,0.934514,0.576176,-0.187466,0.841744,0.56467,0.344453,0.930884,0.568113,-0.171085,0.803891,0.559715,0.090946,0.823059,0.564186,-0.091104,0.808835,0.718708,0.083612,0.8547,0.722492,-0.144001,0.784848,0.873435,0.015405,0.781542,0.827783,-0.214199,0.773456,0.902042,0.006487,0.763577,0.837979,-0.222443,0.8187,0.914617,-0.018468,0.801378,0.889698,-0.257919
EH_Lat_1_3.9.26,211,1756.57,605.98,0,1756.57,605.98,0.9653,1765.71,600.74,0.9535,0.878688,0.309369,0.08523,0.874782,0.294447,0.095171,0.873232,0.294193,0.095042,0.871778,0.294029,0.095063,0.875034,0.293438,0.067441,0.873681,0.292606,0.067208,0.872398,0.291692,0.067159,0.860707,0.294518,0.133771,0.861103,0.292712,0.009179,0.872767,0.321832,0.104154,0.873094,0.320772,0.06632,0.825351,0.363914,0.206903,0.84804,0.351886,-0.080652,0.82581,0.470707,0.279647,0.87394,0.462167,-0.160838,0.842867,0.559781,0.325699,0.91964,0.556236,-0.159777,0.846227,0.576318,0.334336,0.926655,0.581265,-0.182118,0.852545,0.574789,0.329223,0.927638,0.580752,-0.168755,0.853225,0.571464,0.319892,0.924677,0.573971,-0.153767,0.808533,0.559217,0.091255,0.828628,0.564143,-0.091433,0.809732,0.718797,0.07414,0.862573,0.72085,-0.142872,0.78185,0.889922,0.01679,0.795641,0.838547,-0.203616,0.77131,0.902743,0.00833,0.778255,0.855476,-0.210918,0.816021,0.919217,-0.019391,0.820864,0.904912,-0.247576
EH_Lat_1_3.9.26,212,1745.37,615.68,0,1745.37,615.68,0.9809,1755.85,612.63,0.9575,0.883837,0.309664,0.062688,0.880399,0.293654,0.068777,0.878665,0.293314,0.06868,0.876977,0.29311,0.068713,0.880878,0.292782,0.038163,0.879533,0.292008,0.037905,0.878209,0.291196,0.037871,0.865502,0.293043,0.102485,0.866852,0.291888,-0.030064,0.878079,0.321959,0.081127,0.87856,0.320918,0.039797,0.831369,0.364226,0.188656,0.853648,0.351971,-0.100537,0.831246,0.472384,0.253771,0.872127,0.464414,-0.167009,0.852169,0.555737,0.258454,0.914504,0.567247,-0.162681,0.854533,0.573834,0.26624,0.921932,0.595921,-0.186773,0.860251,0.570855,0.24743,0.923121,0.595656,-0.174365,0.85985,0.567257,0.249384,0.919647,0.586698,-0.157225,0.811713,0.559988,0.090885,0.833421,0.564367,-0.091053,0.812857,0.719054,0.089687,0.871968,0.718954,-0.087832,0.78191,0.889179,0.042878,0.816435,0.851828,-0.092969,0.771167,0.902279,0.036265,0.798943,0.867302,-0.094528,0.814536,0.918638,0.037472,0.844731,0.920241,-0.123288
EH_Lat_1_3.9.26,213,1728.13,619.27,0,1728.13,619.27,0.9781,1754.4,614.74,0.9612,0.888816,0.310344,0.01362,0.885507,0.294149,0.020479,0.883765,0.293767,0.020354,0.882113,0.293517,0.020413,0.885973,0.293386,-0.009168,0.884586,0.292638,-0.009412,0.883228,0.291859,-0.00947,0.870799,0.293064,0.061388,0.872041,0.292297,-0.071033,0.882406,0.32234,0.035264,0.882947,0.321412,-0.005084,0.835156,0.362754,0.154594,0.857572,0.352396,-0.137252,0.834874,0.472129,0.209207,0.869229,0.47066,-0.189397,0.85321,0.552636,0.186153,0.913753,0.569199,-0.178451,0.85388,0.573012,0.191837,0.917336,0.607198,-0.203952,0.859336,0.568316,0.168297,0.91915,0.607523,-0.1945,0.859234,0.564967,0.175988,0.917505,0.596034,-0.173405,0.81598,0.560615,0.091125,0.837761,0.564607,-0.091293,0.815968,0.719224,0.123884,0.878643,0.718141,-0.07733,0.783936,0.885786,0.151767,0.831999,0.863653,-0.059502,0.771971,0.900307,0.152219,0.815842,0.882526,-0.058708,0.815319,0.913011,0.133964,0.863374,0.928235,-0.092036
EH_Lat_1_3.9.26,214,1714.19,628.82,0,1714.19,628.82,0.9804,1743.0,633.31,0.965,0.891125,0.310613,-0.008378,0.887692,0.294213,-0.000954,0.886325,0.293848,-0.001088,0.885072,0.29359,-0.001014,0.888049,0.293526,-0.02849,0.88701,0.292848,-0.028724,0.886044,0.292138,-0.028786,0.874741,0.293272,0.041837,0.876165,0.292708,-0.08267,0.885231,0.322501,0.013521,0.885588,0.321701,-0.024088,0.838853,0.361281,0.134325,0.860642,0.352594,-0.146233,0.838949,0.47622,0.186021,0.868635,0.477746,-0.197289,0.851498,0.576889,0.160264,0.907813,0.586401,-0.191739,0.850959,0.595686,0.166073,0.905172,0.620242,-0.219397,0.853145,0.59551,0.141642,0.90692,0.623412,-0.21077,0.853981,0.592185,0.150158,0.907761,0.613148,-0.187433,0.82022,0.561682,0.090863,0.841216,0.568408,-0.091025,0.817776,0.719911,0.137904,0.88474,0.717688,-0.067588,0.784204,0.881793,0.181522,0.849,0.87793,-0.055037,0.770847,0.897393,0.183045,0.835858,0.903217,-0.055159,0.815724,0.912204,0.15705,0.891713,0.935539,-0.098106
EH_Lat_1_3.9.26,215,1698.13,633.95,0,1698.13,633.95,0.964,1717.28,634.81,0.9683,0.894769,0.31075,-0.019793,0.891904,0.294801,-0.012876,0.890573,0.294433,-0.013029,0.889312,0.29417,-0.012965,0.892194,0.294091,-0.040239,0.891149,0.29339,-0.040471,0.890145,0.292641,-0.040534,0.879082,0.293969,0.029354,0.880048,0.293328,-0.094798,0.88882,0.322871,0.00212,0.888928,0.32208,-0.035253,0.842769,0.358375,0.117485,0.861417,0.352898,-0.153933,0.841523,0.478759,0.157852,0.8666,0.478228,-0.211583,0.845969,0.592545,0.119477,0.894418,0.587783,-0.21499,0.844301,0.611925,0.121566,0.89073,0.620164,-0.243094,0.847786,0.60919,0.099546,0.892598,0.620693,-0.235917,0.84948,0.603377,0.109896,0.893273,0.610964,-0.211698,0.827541,0.562097,0.090435,0.847591,0.568427,-0.090617,0.821013,0.719811,0.135552,0.890048,0.717699,-0.068889,0.785192,0.877415,0.177672,0.866514,0.885403,-0.058607,0.770345,0.895598,0.178675,0.852472,0.914258,-0.05944,0.816685,0.912161,0.147472,0.912893,0.941028,-0.108551
EH_Lat_1_3.9.26,216,1682.73,631.43,0,1682.73,631.43,0.9677,1689.46,635.68,0.9328,0.900438,0.310826,-0.000384,0.897985,0.294547,0.008214,0.896832,0.294093,0.008063,0.895673,0.293716,0.00812,0.897947,0.293911,-0.018973,0.896751,0.293157,-0.019206,0.895467,0.292371,-0.019278,0.884404,0.293019,0.052627,0.884299,0.292715,-0.071316,0.894955,0.322809,0.021497,0.894791,0.322013,-0.015698,0.849991,0.357111,0.136371,0.864896,0.353163,-0.142417,0.845199,0.47891,0.180136,0.865482,0.481122,-0.196775,0.854332,0.588731,0.128111,0.879925,0.588589,-0.178356,0.853927,0.610062,0.128805,0.875426,0.617026,-0.198513,0.856686,0.607024,0.107776,0.876774,0.614789,-0.19664,0.857923,0.599792,0.118113,0.878433,0.607862,-0.176589,0.83701,0.562433,0.0904,0.847644,0.568624,-0.090576,0.825515,0.719837,0.076229,0.862675,0.720602,-0.083174,0.787563,0.872011,0.088039,0.853302,0.902257,-0.074305,0.790153,0.897054,0.085321,0.841852,0.933766,-0.07555,0.821619,0.912702,0.02757,0.893705,0.939319,-0.117477
EH_Lat_1_3.9.26,217,1673.44,635.79,0,1673.44,635.79,0.9767,1679.67,634.41,0.927,0.906423,0.311063,-0.016667,0.903573,0.294613,-0.007074,0.90237,0.294121,-0.007221,0.901165,0.293701,-0.007163,0.903704,0.29404,-0.035284,0.902571,0.29328,-0.035522,0.901346,0.292493,-0.03559,0.889375,0.29287,0.041078,0.889873,0.292714,-0.086118,0.900873,0.322963,0.00687,0.900906,0.32222,-0.031441,0.858014,0.357751,0.129963,0.872535,0.35455,-0.146752,0.854021,0.483591,0.163083,0.865622,0.483196,-0.199562,0.864684,0.58587,0.09493,0.874827,0.587413,-0.179923,0.864582,0.611581,0.094415,0.872734,0.611571,-0.201023,0.868962,0.613673,0.07134,0.874918,0.612618,-0.19949,0.869873,0.603785,0.083872,0.876133,0.602795,-0.17914,0.840277,0.56365,0.090191,0.850801,0.570336,-0.090364,0.826532,0.720315,0.080403,0.894728,0.720118,-0.074463,0.788585,0.868188,0.090987,0.897867,0.899591,-0.070691,0.784228,0.894658,0.088055,0.884736,0.934323,-0.073004,0.820209,0.912733,0.036745,0.943706,0.936846,-0.128493
EH_Lat_1_3.9.26,218,1664.24,637.77,0,1664.24,637.77,0.9802,1666.29,639.39,0.9024,0.910228,0.311219,-0.003393,0.906924,0.294928,0.006482,0.905491,0.294441,0.006335,0.9041,0.294027,0.006388,0.907181,0.294331,-0.021412,0.905987,0.293546,-0.021649,0.904835,0.292716,-0.021722,0.893132,0.293308,0.053832,0.893913,0.292802,-0.072368,0.903951,0.32311,0.019501,0.904264,0.322389,-0.018517,0.865125,0.358131,0.139022,0.876645,0.356982,-0.139313,0.858758,0.489512,0.174833,0.86612,0.486226,-0.197915,0.865157,0.587141,0.112052,0.867858,0.592028,-0.180196,0.865645,0.622701,0.112437,0.861948,0.619841,-0.202784,0.869167,0.614671,0.090007,0.867696,0.624326,-0.200251,0.869071,0.607961,0.10112,0.867548,0.615327,-0.1799,0.847865,0.565058,0.090071,0.855337,0.570759,-0.090243,0.833373,0.721259,0.072286,0.902235,0.720148,-0.083893,0.789413,0.866751,0.068737,0.914242,0.902147,-0.087179,0.780641,0.892644,0.064823,0.904114,0.937827,-0.09375,0.819816,0.913064,0.014638,0.967421,0.935872,-0.163601
EH_Lat_1_3.9.26,219,1657.47,632.55,0,1657.47,632.55,0.9761,1640.76,659.17,0.9053,0.915266,0.311439,-0.015147,0.911611,0.295096,-0.00469,0.910151,0.294599,-0.00483,0.908751,0.29416,-0.004786,0.911918,0.29457,-0.032208,0.910758,0.293808,-0.032442,0.909674,0.292985,-0.032519,0.898034,0.293697,0.044526,0.899304,0.293083,-0.079716,0.909007,0.323239,0.008138,0.909474,0.322445,-0.029248,0.871629,0.358199,0.127801,0.881418,0.360781,-0.14038,0.862859,0.493613,0.158015,0.865337,0.485531,-0.199142,0.861131,0.604526,0.102232,0.854562,0.610343,-0.194427,0.858966,0.631354,0.102132,0.845762,0.637409,-0.216389,0.861983,0.625833,0.080964,0.848461,0.643216,-0.21913,0.863053,0.61765,0.092092,0.852305,0.637861,-0.195429,0.855732,0.570473,0.089793,0.862731,0.574762,-0.089976,0.837154,0.722675,0.107098,0.909931,0.724338,-0.077336,0.790362,0.86646,0.127009,0.927512,0.905104,-0.083213,0.778668,0.891329,0.125394,0.918659,0.93951,-0.087749,0.818814,0.913702,0.076192,0.978708,0.932734,-0.162967
EH_Lat_1_3.9.26,220,1651.3,633.7,0,1651.3,633.7,0.9847,1648.14,653.48,0.885,0.918892,0.311425,-0.004672,0.9152,0.295158,0.005517,0.913573,0.294636,0.005373,0.911878,0.294138,0.005421,0.915644,0.294718,-0.022103,0.914466,0.293992,-0.022337,0.913324,0.293194,-0.022415,0.900753,0.293847,0.051108,0.902474,0.293415,-0.071983,0.912476,0.323397,0.018003,0.912984,0.322575,-0.019375,0.874684,0.35981,0.133976,0.884033,0.361904,-0.136752,0.867634,0.492283,0.169367,0.865649,0.480073,-0.202555,0.868308,0.603401,0.091939,0.858404,0.605078,-0.218079,0.866292,0.627538,0.088967,0.849913,0.613086,-0.242873,0.869486,0.622599,0.06694,0.852946,0.614598,-0.242196,0.870758,0.613822,0.080618,0.854974,0.621774,-0.218007,0.861494,0.57422,0.090258,0.873627,0.578067,-0.090425,0.840391,0.726745,0.114918,0.915494,0.728245,-0.084953,0.79159,0.864518,0.138692,0.934725,0.905342,-0.097971,0.776902,0.887666,0.137435,0.92529,0.940312,-0.103448,0.81884,0.913219,0.09427,0.986389,0.934126,-0.174392
EH_Lat_1_3.9.26,221,1654.87,631.21,0,1654.87,631.21,0.9533,1652.62,630.76,0.8119,0.921924,0.311578,0.00035,0.918733,0.295327,0.010341,0.917287,0.294811,0.010196,0.915852,0.294317,0.010249,0.918985,0.294878,-0.017123,0.917815,0.294133,-0.017359,0.916661,0.293304,-0.017438,0.905086,0.294099,0.053887,0.906058,0.293501,-0.06716,0.916201,0.323432,0.022249,0.91627,0.322761,-0.014519,0.877387,0.362034,0.137365,0.887906,0.364119,-0.12832,0.871072,0.491532,0.177266,0.869524,0.479338,-0.200054,0.876298,0.596216,0.103442,0.860741,0.584035,-0.209699,0.874577,0.618543,0.100103,0.851183,0.599788,-0.235473,0.877772,0.613586,0.08076,0.854326,0.606473,-0.229882,0.879259,0.60572,0.093238,0.858283,0.610297,-0.207776,0.866781,0.58193,0.090333,0.88111,0.585711,-0.090492,0.846831,0.730163,0.115258,0.922131,0.735438,-0.096138,0.793285,0.862438,0.150142,0.938993,0.90843,-0.117641,0.776249,0.881149,0.15068,0.928079,0.943516,-0.122144,0.818924,0.913232,0.11729,0.987777,0.94304,-0.186329
EH_Lat_1_3.9.26,222,1641.05,635.22,0,1641.05,635.22,0.9773,1644.44,636.5,0.8184,0.928614,0.311613,-0.012593,0.925626,0.295477,-0.001571,0.924165,0.294967,-0.001725,0.922587,0.29448,-0.001687,0.925582,0.295023,-0.030592,0.924095,0.294274,-0.030829,0.922463,0.293414,-0.030921,0.910379,0.294175,0.051364,0.910253,0.294032,-0.078876,0.922733,0.32353,0.012427,0.92245,0.322807,-0.026908,0.884831,0.364486,0.13369,0.890816,0.36711,-0.133597,0.88235,0.494863,0.158357,0.872006,0.483348,-0.210312,0.888672,0.60088,0.082316,0.856481,0.589352,-0.241901,0.887343,0.624055,0.078052,0.847911,0.609056,-0.269647,0.889975,0.620043,0.0561,0.848413,0.616593,-0.271801,0.890733,0.610943,0.070853,0.851053,0.609945,-0.243406,0.876551,0.585639,0.089908,0.886301,0.588015,-0.090061,0.853229,0.734601,0.123149,0.929309,0.736518,-0.097016,0.793908,0.861294,0.175545,0.941589,0.909528,-0.114112,0.775907,0.876372,0.177282,0.930051,0.943347,-0.117574,0.820394,0.913802,0.139364,0.991696,0.946879,-0.184674
EH_Lat_1_3.9.26,223,1643.56,633.57,0,1643.56,633.57,0.9604,1643.52,638.25,0.8352,0.931589,0.311273,-0.016933,0.928247,0.295589,-0.005946,0.926848,0.295054,-0.006104,0.925478,0.294523,-0.006068,0.928482,0.295148,-0.034322,0.927201,0.294408,-0.034557,0.925976,0.293564,-0.034656,0.913672,0.294339,0.047122,0.914987,0.294211,-0.081338,0.926295,0.323651,0.007612,0.926154,0.322968,-0.030959,0.889154,0.368351,0.126725,0.89584,0.370061,-0.133838,0.886116,0.49896,0.149685,0.874795,0.487088,-0.20914,0.890069,0.604765,0.081327,0.855999,0.590974,-0.245705,0.887972,0.628077,0.077718,0.844422,0.613901,-0.273722,0.890263,0.623809,0.056467,0.847019,0.620855,-0.276508,0.89118,0.614955,0.070359,0.851092,0.613445,-0.247563,0.883974,0.588258,0.087406,0.895721,0.588109,-0.087581,0.862736,0.736754,0.119698,0.934497,0.736586,-0.078375,0.797204,0.858995,0.162275,0.941858,0.908909,-0.075503,0.776878,0.870631,0.163111,0.92982,0.942561,-0.078253,0.821677,0.914731,0.12449,0.990708,0.94809,-0.152534
EH_Lat_1_3.9.26,224,1646.15,632.25,0,1646.15,632.25,0.977,1644.43,638.84,0.8498,0.937594,0.310639,-0.031102,0.93378,0.295193,-0.020553,0.932301,0.294704,-0.020729,0.93089,0.294206,-0.020699,0.934282,0.294813,-0.048192,0.933098,0.294177,-0.048426,0.93192,0.293447,-0.048553,0.919215,0.294274,0.031482,0.920083,0.294295,-0.093213,0.932033,0.323446,-0.006894,0.932043,0.322882,-0.044318,0.893181,0.370194,0.112508,0.899489,0.370586,-0.141092,0.88976,0.49976,0.136995,0.877549,0.488135,-0.211585,0.889541,0.605826,0.073976,0.856475,0.591515,-0.244377,0.886543,0.63038,0.070711,0.843326,0.615302,-0.271222,0.888032,0.625479,0.050673,0.846047,0.622135,-0.273986,0.889231,0.616403,0.063605,0.852097,0.61555,-0.246056,0.887633,0.58856,0.084444,0.901268,0.587594,-0.084649,0.872301,0.73829,0.115478,0.93894,0.737637,-0.038591,0.801124,0.854569,0.1481,0.942435,0.910071,-0.014205,0.779725,0.864395,0.147789,0.929067,0.942512,-0.015319,0.822199,0.914927,0.107982,0.987217,0.949897,-0.090206
EH_Lat_1_3.9.26,225,1649.9,631.96,0,1649.9,631.96,0.9804,1647.57,638.12,0.8608,0.939094,0.310157,-0.026948,0.935664,0.2945,-0.017402,0.934269,0.294052,-0.017579,0.932959,0.293562,-0.017549,0.936109,0.294139,-0.044272,0.935045,0.29358,-0.044505,0.934118,0.292915,-0.044625,0.921264,0.293952,0.030471,0.92327,0.293967,-0.090378,0.933268,0.323142,-0.003986,0.933402,0.322606,-0.040352,0.894699,0.370544,0.109124,0.904083,0.370729,-0.13922,0.890395,0.498804,0.131851,0.880528,0.488278,-0.210646,0.882561,0.60017,0.068592,0.85811,0.590852,-0.230469,0.88294,0.630787,0.065061,0.844107,0.614063,-0.260895,0.884503,0.625815,0.046158,0.847039,0.621276,-0.253169,0.885785,0.616712,0.058725,0.853381,0.615711,-0.228776,0.891215,0.587674,0.082808,0.907076,0.586687,-0.083036,0.882052,0.740487,0.10634,0.941016,0.738176,-0.036177,0.807364,0.847036,0.130035,0.943031,0.909401,-0.011661,0.785215,0.854265,0.129301,0.928991,0.940954,-0.01254,0.82405,0.914346,0.08421,0.989657,0.950037,-0.082619
EH_Lat_1_3.9.26,226,1656.3,635.04,0,1656.3,635.04,0.9745,1654.33,638.01,0.871,0.945896,0.30925,-0.024697,0.941819,0.293372,-0.014199,0.940216,0.292884,-0.014374,0.938758,0.292322,-0.014342,0.942272,0.293022,-0.041659,0.940964,0.292458,-0.041894,0.939727,0.291813,-0.042028,0.926698,0.292874,0.036283,0.927524,0.293273,-0.087434,0.939937,0.322167,-0.000903,0.939873,0.321731,-0.0381,0.900312,0.370537,0.113117,0.90872,0.37028,-0.137977,0.891793,0.497292,0.140613,0.884767,0.486937,-0.208352,0.878292,0.596782,0.085597,0.86163,0.590748,-0.229232,0.8737,0.624725,0.083263,0.848154,0.61399,-0.255661,0.875308,0.621625,0.064619,0.851301,0.621862,-0.254796,0.877055,0.615401,0.07614,0.857148,0.616375,-0.229596,0.897276,0.586746,0.082656,0.91209,0.585989,-0.082885,0.894665,0.740853,0.104195,0.940176,0.740665,-0.046847,0.815177,0.839519,0.12906,0.942232,0.910383,-0.018231,0.793187,0.840207,0.128677,0.929341,0.94147,-0.018492,0.825408,0.911944,0.076549,0.989768,0.950507,-0.09376
EH_Lat_1_3.9.26,227,1664.07,636.7,0,1664.07,636.7,0.9717,1659.21,637.52,0.8832,0.947712,0.308434,-0.018081,0.943849,0.292331,-0.007255,0.942353,0.291759,-0.007423,0.940961,0.291137,-0.007387,0.944117,0.292007,-0.034989,0.942803,0.291382,-0.035226,0.941599,0.290684,-0.03535,0.928749,0.291483,0.04037,0.929255,0.292083,-0.081876,0.941862,0.321019,0.005856,0.941662,0.320631,-0.031812,0.907671,0.370433,0.120156,0.911966,0.370214,-0.136793,0.89954,0.496116,0.154234,0.88952,0.485322,-0.212706,0.888636,0.59446,0.100705,0.864171,0.590298,-0.248732,0.887745,0.627447,0.099768,0.852407,0.61373,-0.277004,0.888809,0.624077,0.07962,0.856163,0.621983,-0.278482,0.887874,0.612955,0.090619,0.861219,0.616244,-0.250168,0.904883,0.586645,0.082812,0.914244,0.584616,-0.083033,0.906809,0.740016,0.095327,0.938965,0.740819,-0.057279,0.824078,0.834101,0.116925,0.943086,0.911089,-0.034662,0.802591,0.832775,0.11626,0.92873,0.942952,-0.035358,0.828568,0.910185,0.061425,0.989178,0.952543,-0.110831
EH_Lat_1_3.9.26,228,1680.06,633.11,0,1680.06,633.11,0.9709,1662.93,637.74,0.8944,0.951592,0.307453,-0.016546,0.947852,0.29165,-0.004441,0.946427,0.290897,-0.004612,0.945089,0.290109,-0.004575,0.947885,0.291461,-0.032499,0.946547,0.290755,-0.032744,0.945295,0.289956,-0.032881,0.932779,0.289619,0.042454,0.932785,0.290401,-0.07871,0.945656,0.319952,0.008453,0.94519,0.319781,-0.029623,0.913357,0.370391,0.124723,0.916607,0.369979,-0.136149,0.907381,0.495125,0.160099,0.896011,0.484175,-0.215206,0.903603,0.593654,0.108579,0.866109,0.590496,-0.266953,0.902571,0.625064,0.108756,0.856517,0.614498,-0.297839,0.904714,0.621391,0.087759,0.85984,0.62267,-0.299162,0.905205,0.611237,0.098239,0.861565,0.616088,-0.268814,0.911867,0.585687,0.082671,0.91806,0.583546,-0.082878,0.915316,0.73928,0.095524,0.940796,0.741975,-0.064904,0.835044,0.827095,0.12814,0.943308,0.911129,-0.039733,0.814555,0.822731,0.12891,0.927671,0.943469,-0.039694,0.833999,0.905343,0.075382,0.990277,0.953264,-0.116909
EH_Lat_1_3.9.26,229,1697.33,631.73,0,1697.33,631.73,0.9825,1680.55,638.85,0.9028,0.954412,0.306112,-0.018647,0.950444,0.290391,-0.005384,0.948928,0.289477,-0.005554,0.947526,0.288551,-0.005516,0.950542,0.290386,-0.034702,0.949223,0.289656,-0.034951,0.947991,0.288812,-0.035098,0.934961,0.287498,0.046192,0.935541,0.288647,-0.080133,0.947947,0.318555,0.007505,0.947643,0.318521,-0.032267,0.915744,0.370356,0.127994,0.920372,0.369837,-0.137434,0.913246,0.494359,0.161508,0.902312,0.484483,-0.215112,0.909081,0.592294,0.102452,0.875288,0.591532,-0.253627,0.906645,0.6246,0.101816,0.859435,0.615526,-0.282485,0.908627,0.619922,0.080982,0.864797,0.62356,-0.282399,0.910073,0.610292,0.091894,0.869656,0.616422,-0.254451,0.919845,0.584949,0.083088,0.923535,0.583247,-0.083287,0.924222,0.738795,0.105899,0.941773,0.742807,-0.068985,0.844671,0.821975,0.150191,0.942927,0.912924,-0.037307,0.8251,0.815791,0.151916,0.926986,0.944979,-0.03648,0.842264,0.898172,0.101409,0.989188,0.952855,-0.11617
EH_Lat_1_3.9.26,230,1714.32,637.64,0,1714.32,637.64,0.9819,1701.32,643.62,0.9067,0.95745,0.305892,-0.037284,0.953794,0.290045,-0.025615,0.952376,0.289077,-0.025795,0.951099,0.288115,-0.025757,0.953813,0.290039,-0.055206,0.952464,0.28926,-0.055451,0.951252,0.288368,-0.055582,0.938759,0.286756,0.029888,0.939002,0.288013,-0.102422,0.951165,0.318233,-0.011316,0.950691,0.318297,-0.051359,0.920281,0.37032,0.110508,0.923696,0.369535,-0.152727,0.919454,0.493796,0.139882,0.907032,0.487359,-0.219772,0.920607,0.59396,0.075622,0.886103,0.595947,-0.244485,0.918443,0.62328,0.073897,0.87216,0.620398,-0.270957,0.920763,0.618633,0.053014,0.876816,0.627379,-0.270732,0.921756,0.609278,0.064987,0.881925,0.619765,-0.244989,0.925132,0.587752,0.083156,0.928857,0.585896,-0.083353,0.931253,0.73824,0.106115,0.944107,0.744852,-0.062329,0.853676,0.820796,0.144566,0.941609,0.913808,-0.011506,0.832696,0.81439,0.14546,0.926432,0.943948,-0.008538,0.849181,0.898758,0.099174,0.988286,0.951357,-0.077891
EH_Lat_1_3.9.26,231,1731.15,637.13,0,1731.15,637.13,0.9771,1720.84,652.53,0.9131,0.958302,0.305051,-0.059657,0.954791,0.28891,-0.049914,0.953504,0.287943,-0.050095,0.95232,0.286938,-0.050055,0.954678,0.288704,-0.077512,0.953397,0.287766,-0.077754,0.952252,0.286726,-0.077871,0.939736,0.285432,0.002784,0.939769,0.286304,-0.122118,0.952877,0.317601,-0.034937,0.952358,0.317581,-0.07246,0.923339,0.368972,0.085768,0.925788,0.369262,-0.167978,0.921627,0.493347,0.118738,0.911393,0.490387,-0.224822,0.924851,0.596922,0.067478,0.89627,0.604197,-0.240355,0.923741,0.624591,0.067077,0.885373,0.63034,-0.265522,0.926122,0.619895,0.046151,0.890696,0.635615,-0.265453,0.926614,0.610613,0.057356,0.894298,0.627095,-0.240776,0.929336,0.587515,0.083153,0.932857,0.586289,-0.083347,0.938194,0.73779,0.128766,0.947002,0.747124,-0.051441,0.863884,0.817575,0.183711,0.941688,0.913431,-0.00121,0.842731,0.814708,0.186538,0.927024,0.943793,0.001488,0.863681,0.894548,0.146728,0.98594,0.951185,-0.06876
EH_Lat_1_3.9.26,232,1748.4,645.48,0,1748.4,645.48,0.9801,1739.15,657.32,0.9039,0.961837,0.30428,-0.06456,0.958525,0.288126,-0.054487,0.957455,0.287258,-0.054669,0.956557,0.286379,-0.054629,0.958053,0.287734,-0.082452,0.956645,0.286763,-0.082696,0.95534,0.285709,-0.082814,0.944541,0.284926,-0.000217,0.942254,0.285424,-0.126831,0.956644,0.316654,-0.0393,0.955787,0.316609,-0.077296,0.925379,0.368495,0.082413,0.929919,0.369119,-0.172366,0.91966,0.493479,0.115209,0.916386,0.491816,-0.226657,0.921769,0.595398,0.062586,0.905806,0.608632,-0.236558,0.919175,0.623318,0.061426,0.897182,0.638582,-0.262151,0.92099,0.620478,0.040593,0.901167,0.643179,-0.260899,0.92158,0.610284,0.052445,0.903526,0.634319,-0.236698,0.93384,0.587065,0.083247,0.933769,0.586071,-0.083439,0.947294,0.737363,0.123781,0.951109,0.746187,-0.051367,0.874492,0.816569,0.168083,0.942285,0.911977,-0.000111,0.852478,0.814923,0.169584,0.926274,0.94268,0.002884,0.873067,0.895371,0.125265,0.987334,0.95142,-0.068286
EH_Lat_1_3.9.26,233,1763.13,650.38,0,1763.13,650.38,0.9749,1762.47,664.16,0.8882,0.965246,0.302284,-0.055231,0.962042,0.28635,-0.044092,0.960914,0.285679,-0.04427,0.959918,0.284983,-0.044229,0.961646,0.285834,-0.072901,0.960276,0.284963,-0.073142,0.959006,0.283993,-0.073252,0.947919,0.283823,0.012628,0.946055,0.284025,-0.117377,0.959936,0.315507,-0.02912,0.959386,0.315245,-0.068161,0.928264,0.367457,0.095646,0.933839,0.36878,-0.168053,0.923145,0.496582,0.129198,0.920785,0.494097,-0.224181,0.925193,0.603502,0.072969,0.917951,0.61496,-0.235831,0.921249,0.631675,0.07125,0.911914,0.645772,-0.257912,0.923725,0.633224,0.049998,0.916655,0.649548,-0.258718,0.926481,0.623087,0.062515,0.917766,0.639454,-0.236152,0.939881,0.586774,0.084218,0.937342,0.585894,-0.084397,0.959425,0.73678,0.106227,0.954474,0.745468,-0.054317,0.884563,0.816664,0.163519,0.943014,0.911955,-0.020682,0.863543,0.815038,0.168875,0.924889,0.943801,-0.019487,0.884512,0.896158,0.114837,0.989223,0.953417,-0.084386
EH_Lat_1_3.9.26,234,1783.38,652.86,0,1783.38,652.86,0.9759,1775.51,666.72,0.8859,0.968009,0.302317,-0.065327,0.965597,0.286289,-0.054596,0.964688,0.285667,-0.054787,0.963982,0.285034,-0.054741,0.964618,0.285601,-0.082595,0.963093,0.284636,-0.082841,0.961697,0.283556,-0.082941,0.952334,0.283583,0.003332,0.948283,0.282839,-0.123307,0.962055,0.315619,-0.038617,0.961173,0.315317,-0.076653,0.932835,0.366728,0.089314,0.937294,0.368221,-0.171273,0.929614,0.49864,0.120313,0.92425,0.49638,-0.223653,0.933375,0.604827,0.058959,0.924747,0.617332,-0.233818,0.93003,0.631996,0.055774,0.918879,0.649773,-0.257152,0.936176,0.63354,0.03393,0.924854,0.651373,-0.256685,0.936953,0.62305,0.048144,0.925932,0.642475,-0.233753,0.941699,0.587481,0.084331,0.9378,0.585715,-0.084504,0.971339,0.735713,0.104856,0.954126,0.745483,-0.057566,0.895817,0.818547,0.15984,0.942916,0.911397,-0.028619,0.873755,0.819342,0.163535,0.924933,0.945791,-0.027371,0.900894,0.896913,0.116016,0.99031,0.953046,-0.095644
