video_id,frame_idx,true_wrist_x,true_wrist_y,occluded,yolo_wrist_x,yolo_wrist_y,yolo_conf,mp_wrist_x,mp_wrist_y,mp_wrist_vis,lm0_x,lm0_y,lm0_z,lm1_x,lm1_y,lm1_z,lm2_x,lm2_y,lm2_z,lm3_x,lm3_y,lm3_z,lm4_x,lm4_y,lm4_z,lm5_x,lm5_y,lm5_z,lm6_x,lm6_y,lm6_z,lm7_x,lm7_y,lm7_z,lm8_x,lm8_y,lm8_z,lm9_x,lm9_y,lm9_z,lm10_x,lm10_y,lm10_z,lm11_x,lm11_y,lm11_z,lm12_x,lm12_y,lm12_z,lm13_x,lm13_y,lm13_z,lm14_x,lm14_y,lm14_z,lm15_x,lm15_y,lm15_z,lm16_x,lm16_y,lm16_z,lm17_x,lm17_y,lm17_z,lm18_x,lm18_y,lm18_z,lm19_x,lm19_y,lm19_z,lm20_x,lm20_y,lm20_z,lm21_x,lm21_y,lm21_z,lm22_x,lm22_y,lm22_z,lm23_x,lm23_y,lm23_z,lm24_x,lm24_y,lm24_z,lm25_x,lm25_y,lm25_z,lm26_x,lm26_y,lm26_z,lm27_x,lm27_y,lm27_z,lm28_x,lm28_y,lm28_z,lm29_x,lm29_y,lm29_z,lm30_x,lm30_y,lm30_z,lm31_x,lm31_y,lm31_z,lm32_x,lm32_y,lm32_z
EH_Lat_2_4.13.26,0,1298.45,1171.3,0,1298.45,1171.3,0.9874,1316.0,1186.5,0.9632,0.376267,0.35022,-0.074648,0.372623,0.338551,-0.065087,0.371652,0.338062,-0.065241,0.370967,0.337651,-0.065175,0.371435,0.338913,-0.087899,0.36984,0.339078,-0.088102,0.368343,0.339359,-0.088202,0.362369,0.340797,-0.017689,0.358916,0.342676,-0.120367,0.372425,0.360483,-0.0531,0.37111,0.361271,-0.083992,0.345449,0.39376,0.062326,0.343757,0.407101,-0.158707,0.325396,0.482041,0.082789,0.315803,0.490484,-0.186887,0.326805,0.549838,0.014381,0.342709,0.549307,-0.175284,0.325315,0.572998,0.011218,0.346774,0.56775,-0.198681,0.330987,0.564874,-0.009396,0.350786,0.564866,-0.191099,0.331078,0.561846,0.004361,0.348648,0.559121,-0.171729,0.296802,0.533364,0.071155,0.307151,0.545668,-0.071205,0.271083,0.627808,0.142629,0.349021,0.650433,-0.057039,0.224103,0.710338,0.201653,0.333525,0.786079,-0.016692,0.21105,0.712098,0.205053,0.318676,0.804925,-0.013441,0.222787,0.765435,0.187024,0.359237,0.825768,-0.044197
EH_Lat_2_4.13.26,1,1302.4,1170.41,0,1302.4,1170.41,0.9861,1315.59,1182.9,0.9536,0.376258,0.349956,-0.100423,0.37262,0.338517,-0.088156,0.371669,0.338041,-0.088282,0.371031,0.33762,-0.08823,0.371414,0.338836,-0.11055,0.369833,0.338948,-0.110738,0.368304,0.339079,-0.110838,0.362286,0.3408,-0.028597,0.358667,0.342676,-0.129605,0.372468,0.360431,-0.075536,0.371112,0.361007,-0.105752,0.350075,0.395899,0.055758,0.342711,0.406767,-0.163854,0.333577,0.482746,0.082083,0.315968,0.488816,-0.190551,0.340547,0.549218,0.014335,0.342602,0.54764,-0.185422,0.344381,0.569961,0.010893,0.346379,0.567558,-0.210414,0.345217,0.564725,-0.011345,0.350445,0.564545,-0.204413,0.344202,0.561412,0.00395,0.348644,0.557641,-0.183075,0.307568,0.537866,0.069618,0.303532,0.543925,-0.069631,0.343646,0.644714,0.045107,0.276446,0.63956,-0.121639,0.32818,0.775402,0.069731,0.230124,0.720268,-0.070357,0.316193,0.791149,0.067933,0.217227,0.72166,-0.066536,0.347392,0.811702,0.01152,0.232929,0.778582,-0.121379
EH_Lat_2_4.13.26,2,1304.21,1172.49,0,1304.21,1172.49,0.9861,1315.2,1182.67,0.9476,0.376284,0.349981,-0.103438,0.372786,0.338632,-0.092334,0.371919,0.338187,-0.092458,0.371329,0.337795,-0.092416,0.371661,0.338867,-0.114197,0.370163,0.338952,-0.114379,0.3686,0.339059,-0.114476,0.362283,0.340881,-0.036893,0.358769,0.34268,-0.135099,0.372586,0.360539,-0.080145,0.371251,0.361003,-0.109587,0.352487,0.398529,0.045368,0.341827,0.406949,-0.166997,0.33654,0.483878,0.073142,0.315053,0.488851,-0.190264,0.34401,0.548759,0.007128,0.342499,0.547533,-0.183985,0.347736,0.568915,0.002276,0.345956,0.567561,-0.208656,0.348343,0.564807,-0.020654,0.350297,0.564662,-0.202843,0.347273,0.561223,-0.003774,0.348644,0.557574,-0.181631,0.309389,0.538246,0.067618,0.303149,0.542125,-0.067608,0.345859,0.649316,0.052216,0.27636,0.637245,-0.11217,0.331117,0.78451,0.079193,0.226813,0.715735,-0.066727,0.318774,0.796852,0.077637,0.211975,0.715075,-0.063502,0.332045,0.815867,0.023602,0.230877,0.773778,-0.116945
EH_Lat_2_4.13.26,3,1304.17,1168.96,0,1304.17,1168.96,0.9893,1313.91,1182.03,0.9467,0.376363,0.349478,-0.128478,0.37292,0.338432,-0.11758,0.372218,0.338029,-0.117717,0.371756,0.337629,-0.11768,0.371831,0.338647,-0.13792,0.370376,0.338698,-0.138101,0.368764,0.338756,-0.138197,0.362293,0.340656,-0.058961,0.358849,0.342577,-0.150564,0.372919,0.360453,-0.103939,0.371535,0.360697,-0.131411,0.35696,0.400523,0.0243,0.340791,0.406723,-0.174981,0.341273,0.483339,0.057674,0.314918,0.487899,-0.197381,0.347113,0.546343,-0.002519,0.342163,0.547238,-0.201256,0.349548,0.567199,-0.007425,0.344278,0.567593,-0.227261,0.351505,0.564973,-0.031566,0.349787,0.564949,-0.224374,0.349739,0.560154,-0.013577,0.348408,0.557868,-0.200447,0.313299,0.538972,0.063655,0.302522,0.541218,-0.06363,0.347364,0.653022,0.038582,0.274628,0.634313,-0.13692,0.329945,0.785357,0.068814,0.22801,0.715266,-0.075887,0.318751,0.800147,0.06726,0.213446,0.716885,-0.071272,0.332104,0.81991,0.007002,0.230227,0.773487,-0.127634
EH_Lat_2_4.13.26,4,1306.06,1171.14,0,1306.06,1171.14,0.9888,1313.89,1181.97,0.9514,0.376435,0.349486,-0.110045,0.373234,0.338445,-0.107787,0.372714,0.338054,-0.107866,0.372411,0.337659,-0.107895,0.372109,0.338646,-0.119594,0.370685,0.338678,-0.119779,0.36902,0.338657,-0.119829,0.362808,0.340602,-0.045761,0.359051,0.342525,-0.135076,0.373218,0.360477,-0.096571,0.371717,0.360681,-0.112269,0.356809,0.400312,0.036274,0.341043,0.406152,-0.166632,0.340977,0.483056,0.062345,0.314941,0.487928,-0.187503,0.346386,0.545468,0.001265,0.342158,0.547208,-0.185214,0.348766,0.56589,-0.003145,0.343384,0.568592,-0.207262,0.350554,0.564201,-0.026611,0.349728,0.565771,-0.203947,0.349429,0.558957,-0.009512,0.348382,0.55873,-0.183682,0.312107,0.536313,0.064332,0.304953,0.540799,-0.064328,0.28335,0.643336,0.073307,0.338135,0.640647,-0.082438,0.238777,0.732249,0.093317,0.322234,0.771426,-0.061236,0.222828,0.735216,0.091533,0.308223,0.785737,-0.061211,0.237775,0.786374,0.055778,0.347882,0.809961,-0.086343
EH_Lat_2_4.13.26,5,1303.57,1170.47,0,1303.57,1170.47,0.9876,1313.9,1181.9,0.9551,0.376706,0.349528,-0.10785,0.373721,0.33848,-0.102039,0.373249,0.338096,-0.102154,0.372951,0.337699,-0.102093,0.372654,0.338658,-0.118681,0.371285,0.338678,-0.11884,0.369602,0.338623,-0.11887,0.363165,0.340508,-0.042169,0.359486,0.342379,-0.134026,0.373485,0.360627,-0.088291,0.372011,0.360707,-0.111932,0.357091,0.400423,0.037017,0.341368,0.40584,-0.16792,0.343664,0.482286,0.062603,0.316198,0.486893,-0.190254,0.347197,0.545097,0.002555,0.34216,0.547176,-0.184899,0.34909,0.565532,-0.002793,0.342909,0.569403,-0.207305,0.350879,0.565339,-0.025258,0.349732,0.566842,-0.203397,0.349528,0.558786,-0.008032,0.348466,0.560197,-0.183058,0.310027,0.534975,0.064827,0.305217,0.539663,-0.06483,0.275141,0.638053,0.081672,0.344362,0.643832,-0.080903,0.229476,0.720286,0.099618,0.311353,0.783071,-0.053324,0.215556,0.722764,0.098124,0.299298,0.803337,-0.051363,0.23067,0.776946,0.062783,0.332876,0.817495,-0.084283
EH_Lat_2_4.13.26,6,1302.4,1170.47,0,1302.4,1170.47,0.9875,1314.0,1182.07,0.9557,0.376713,0.349426,-0.121312,0.373836,0.338306,-0.110221,0.373377,0.337954,-0.110352,0.373066,0.337568,-0.110307,0.372661,0.338281,-0.130973,0.371271,0.338207,-0.131151,0.369578,0.338185,-0.13124,0.36316,0.340485,-0.049718,0.35913,0.342375,-0.144741,0.37371,0.360675,-0.09683,0.372009,0.36077,-0.124865,0.357745,0.400546,0.036133,0.341413,0.40566,-0.177351,0.34413,0.482198,0.064843,0.318043,0.485877,-0.203973,0.3486,0.545142,0.001304,0.342187,0.547256,-0.202333,0.350237,0.565751,-0.003407,0.342968,0.569383,-0.228381,0.351496,0.567301,-0.027663,0.349669,0.567122,-0.224275,0.350391,0.558809,-0.010007,0.348456,0.56052,-0.200877,0.31112,0.535567,0.06517,0.304095,0.53954,-0.065177,0.338784,0.645783,0.04784,0.302465,0.649033,-0.113064,0.309498,0.778403,0.071048,0.234117,0.726147,-0.079066,0.303303,0.798458,0.068888,0.221214,0.729404,-0.077337,0.320933,0.807474,0.012725,0.23727,0.782988,-0.132666
EH_Lat_2_4.13.26,7,1302.46,1172.81,0,1302.46,1172.81,0.9872,1313.77,1182.3,0.9563,0.376892,0.348795,-0.123841,0.374104,0.337749,-0.112485,0.373669,0.337461,-0.112622,0.373342,0.337075,-0.112577,0.372818,0.337767,-0.133363,0.371329,0.337629,-0.133547,0.369591,0.337519,-0.133637,0.363164,0.339855,-0.052751,0.359148,0.342023,-0.147044,0.374065,0.360478,-0.099089,0.372276,0.360567,-0.127294,0.358694,0.400969,0.032457,0.341306,0.405643,-0.176288,0.344025,0.482057,0.063899,0.316518,0.485947,-0.20076,0.348167,0.544894,-0.000954,0.342128,0.547361,-0.201748,0.349858,0.565428,-0.006153,0.342157,0.569789,-0.228217,0.351081,0.566337,-0.030618,0.348899,0.568087,-0.225009,0.350113,0.558313,-0.01229,0.348099,0.560725,-0.200708,0.31375,0.537768,0.064796,0.30337,0.539638,-0.064789,0.346575,0.651535,0.027779,0.276427,0.638719,-0.137268,0.328482,0.784335,0.053977,0.228532,0.718795,-0.080575,0.317193,0.800084,0.052083,0.215201,0.720937,-0.07667,0.349057,0.816079,-0.009419,0.232381,0.778302,-0.136568
EH_Lat_2_4.13.26,8,1301.4,1174.9,0,1301.4,1174.9,0.9877,1313.99,1184.71,0.9599,0.377005,0.348706,-0.095526,0.374192,0.337638,-0.086419,0.373738,0.337396,-0.086549,0.373372,0.337033,-0.0865,0.372915,0.337601,-0.106609,0.371397,0.337443,-0.106799,0.369641,0.337305,-0.106885,0.363154,0.339851,-0.039317,0.359261,0.342028,-0.129432,0.374118,0.360479,-0.074532,0.372369,0.360553,-0.101638,0.358142,0.400886,0.044987,0.343543,0.405628,-0.167714,0.343194,0.481978,0.070471,0.316776,0.485978,-0.193663,0.347149,0.544056,0.010641,0.342184,0.548476,-0.187329,0.348424,0.563968,0.007406,0.342273,0.571749,-0.211193,0.350223,0.563347,-0.014192,0.348911,0.570291,-0.205764,0.349505,0.556321,0.000352,0.348118,0.561879,-0.184773,0.30776,0.535664,0.066092,0.306793,0.540043,-0.066117,0.279163,0.643054,0.106378,0.341526,0.646657,-0.058007,0.235186,0.730637,0.129744,0.322918,0.773784,-0.021306,0.220496,0.734455,0.129145,0.309915,0.788121,-0.018531,0.236504,0.780129,0.098516,0.348244,0.807494,-0.049884
EH_Lat_2_4.13.26,9,1301.07,1179.29,0,1301.07,1179.29,0.9876,1312.85,1188.97,0.9633,0.377087,0.348708,-0.08698,0.374365,0.337697,-0.078518,0.373934,0.337459,-0.078646,0.37357,0.337094,-0.078612,0.373095,0.337623,-0.098334,0.371562,0.337448,-0.098521,0.369814,0.337307,-0.098608,0.363204,0.339866,-0.036062,0.359545,0.342115,-0.124156,0.374165,0.360615,-0.06768,0.372405,0.360632,-0.094264,0.355346,0.400818,0.044833,0.344745,0.405622,-0.162692,0.342469,0.483007,0.069389,0.316765,0.486909,-0.18615,0.346849,0.544908,0.013913,0.341889,0.550451,-0.17698,0.348375,0.564969,0.011673,0.342294,0.573539,-0.199731,0.350675,0.56682,-0.00969,0.348919,0.57235,-0.193834,0.349549,0.557672,0.003847,0.348129,0.563978,-0.174304,0.304866,0.534755,0.065945,0.306727,0.540065,-0.06597,0.272833,0.637549,0.105537,0.346438,0.650369,-0.057357,0.226768,0.719118,0.125472,0.330408,0.785371,-0.02389,0.21266,0.722501,0.124746,0.318744,0.80211,-0.021018,0.228441,0.773876,0.094867,0.355725,0.817775,-0.049354
EH_Lat_2_4.13.26,10,1295.9,1180.71,0,1295.9,1180.71,0.9882,1310.59,1189.59,0.9663,0.377087,0.349319,-0.089539,0.374444,0.338247,-0.080508,0.374017,0.337977,-0.080638,0.373649,0.33758,-0.0806,0.373169,0.338075,-0.101005,0.371612,0.337775,-0.101193,0.369859,0.337561,-0.101284,0.363201,0.339976,-0.035695,0.35956,0.342255,-0.125844,0.374146,0.361483,-0.069122,0.372376,0.361341,-0.096631,0.353598,0.400846,0.045801,0.345021,0.405761,-0.165089,0.341731,0.483612,0.069418,0.316574,0.487727,-0.191082,0.346521,0.545683,0.012927,0.3413,0.550738,-0.181524,0.347779,0.565123,0.010203,0.342253,0.573367,-0.204608,0.350252,0.56729,-0.011549,0.348857,0.572094,-0.196701,0.349366,0.558268,0.002698,0.347937,0.564151,-0.178011,0.303369,0.534774,0.067561,0.306652,0.540764,-0.067584,0.270914,0.635849,0.113813,0.346666,0.650526,-0.061681,0.224541,0.716357,0.1396,0.333097,0.787095,-0.02621,0.209553,0.719823,0.139491,0.321199,0.803276,-0.023214,0.225669,0.771508,0.107744,0.357936,0.821334,-0.056068
EH_Lat_2_4.13.26,11,1300.7,1186.92,0,1300.7,1186.92,0.9879,1308.4,1189.67,0.9647,0.377682,0.350693,-0.104689,0.374785,0.33958,-0.09394,0.374335,0.339304,-0.094065,0.373979,0.338937,-0.094026,0.37353,0.339497,-0.114882,0.372031,0.339367,-0.115061,0.370234,0.33913,-0.115149,0.363593,0.341722,-0.040552,0.35986,0.343533,-0.133621,0.374663,0.36275,-0.081816,0.372903,0.36225,-0.109981,0.354951,0.402784,0.041307,0.344549,0.406411,-0.166379,0.341385,0.483674,0.069427,0.315677,0.488096,-0.190606,0.346491,0.546185,0.012564,0.340729,0.550775,-0.182318,0.34797,0.565676,0.009557,0.342126,0.573111,-0.20572,0.350018,0.567275,-0.012557,0.348685,0.571737,-0.197593,0.349144,0.558816,0.002134,0.347576,0.564095,-0.178886,0.30607,0.536162,0.066349,0.304078,0.540779,-0.066352,0.339778,0.648228,0.048985,0.276322,0.640727,-0.114709,0.323853,0.777458,0.070642,0.230094,0.728284,-0.078686,0.304276,0.800368,0.068513,0.215362,0.731125,-0.076487,0.324253,0.812932,0.015313,0.233017,0.786432,-0.130349
EH_Lat_2_4.13.26,12,1298.15,1189.99,0,1298.15,1189.99,0.9879,1304.65,1191.39,0.9594,0.377679,0.350969,-0.112247,0.374826,0.340036,-0.101276,0.374395,0.339775,-0.101405,0.374051,0.339414,-0.101367,0.37357,0.339814,-0.121839,0.372058,0.339563,-0.122015,0.370268,0.339298,-0.122103,0.363587,0.341857,-0.045231,0.359867,0.343745,-0.13766,0.374656,0.363282,-0.088763,0.3729,0.362691,-0.116559,0.354997,0.404101,0.033837,0.343644,0.406563,-0.166418,0.341197,0.485308,0.060981,0.314994,0.488038,-0.189629,0.346198,0.548422,0.000374,0.339753,0.551569,-0.184796,0.347788,0.567872,-0.004344,0.341466,0.573,-0.209215,0.349865,0.57057,-0.027304,0.34806,0.571616,-0.204512,0.348869,0.561214,-0.010359,0.346674,0.564095,-0.183075,0.308118,0.538986,0.063775,0.300538,0.540745,-0.063755,0.346318,0.652116,0.036591,0.270211,0.637278,-0.130799,0.330218,0.783766,0.056893,0.22356,0.719155,-0.077476,0.313883,0.80869,0.054456,0.20851,0.721143,-0.073733,0.335302,0.819748,-0.00483,0.226283,0.778779,-0.13079
EH_Lat_2_4.13.26,13,1292.72,1194.63,0,1292.72,1194.63,0.988,1301.37,1191.65,0.9562,0.377514,0.35206,-0.122228,0.37469,0.341039,-0.110928,0.374303,0.340729,-0.111052,0.373988,0.340304,-0.111013,0.373378,0.340798,-0.131382,0.371809,0.340463,-0.13156,0.369986,0.340263,-0.131652,0.363254,0.342636,-0.052256,0.3596,0.34486,-0.14459,0.374515,0.364492,-0.097821,0.372718,0.363994,-0.12554,0.354967,0.406169,0.027959,0.342994,0.407884,-0.169861,0.340881,0.487146,0.057124,0.314038,0.48814,-0.193576,0.346097,0.549923,-0.001753,0.338899,0.551691,-0.197519,0.347634,0.569699,-0.006321,0.340599,0.572912,-0.223708,0.349737,0.572262,-0.029802,0.347305,0.571529,-0.220031,0.348841,0.562681,-0.012603,0.345582,0.564063,-0.19654,0.309172,0.542331,0.062827,0.298236,0.540882,-0.062794,0.346497,0.651745,0.015909,0.268547,0.636265,-0.149187,0.331154,0.783983,0.045754,0.221588,0.718439,-0.08801,0.318829,0.800348,0.044417,0.206508,0.720072,-0.083493,0.349226,0.821798,-0.01574,0.224246,0.775818,-0.144705
EH_Lat_2_4.13.26,14,1287.17,1196.82,0,1287.17,1196.82,0.9897,1300.13,1191.73,0.9483,0.376813,0.353436,-0.116589,0.374398,0.342418,-0.105575,0.37407,0.342084,-0.1057,0.37381,0.341648,-0.105659,0.372963,0.342145,-0.126413,0.371379,0.341791,-0.126594,0.369584,0.341664,-0.126687,0.363108,0.343787,-0.049518,0.359372,0.346125,-0.142609,0.37384,0.366024,-0.092773,0.371949,0.365578,-0.120941,0.353706,0.406461,0.030814,0.342929,0.408482,-0.169771,0.337032,0.487852,0.058623,0.313289,0.48841,-0.193529,0.343144,0.550903,-0.001016,0.338574,0.551727,-0.195271,0.345313,0.570172,-0.004971,0.340641,0.57283,-0.220784,0.348367,0.571989,-0.027873,0.347121,0.5715,-0.216568,0.347083,0.563844,-0.011545,0.345483,0.563332,-0.193877,0.309238,0.544009,0.063089,0.298445,0.54168,-0.063061,0.346748,0.651904,0.017264,0.267178,0.636193,-0.141112,0.333005,0.785411,0.036904,0.219658,0.716611,-0.080854,0.319975,0.800853,0.034593,0.204631,0.719239,-0.076288,0.340849,0.820665,-0.024764,0.22261,0.772691,-0.133455
EH_Lat_2_4.13.26,15,1282.23,1200.54,0,1282.23,1200.54,0.9887,1298.75,1192.29,0.9531,0.376455,0.353838,-0.104828,0.373982,0.343158,-0.094618,0.373721,0.342816,-0.094736,0.373537,0.342344,-0.094682,0.372405,0.342948,-0.115511,0.370785,0.342559,-0.115692,0.368997,0.342377,-0.115772,0.362938,0.344364,-0.042254,0.358696,0.346941,-0.135199,0.373393,0.366539,-0.081601,0.371324,0.366262,-0.109591,0.350533,0.406231,0.045503,0.342927,0.409233,-0.168526,0.334363,0.488114,0.068504,0.313009,0.488732,-0.19153,0.340434,0.551146,0.000817,0.338217,0.551986,-0.185245,0.342947,0.57017,-0.003738,0.340314,0.57282,-0.209641,0.346033,0.572372,-0.025765,0.346801,0.571466,-0.20332,0.343941,0.563777,-0.00989,0.345266,0.563306,-0.182355,0.301747,0.541652,0.066938,0.299141,0.542737,-0.066948,0.27095,0.643354,0.091385,0.337185,0.639554,-0.067591,0.222498,0.727698,0.111198,0.324765,0.776803,-0.020188,0.207446,0.72965,0.11038,0.299727,0.801117,-0.016148,0.224782,0.780684,0.074718,0.347649,0.811432,-0.050982
EH_Lat_2_4.13.26,16,1278.34,1197.83,0,1278.34,1197.83,0.9905,1292.04,1194.87,0.9551,0.376174,0.354243,-0.11677,0.37368,0.343745,-0.105689,0.373432,0.343439,-0.105811,0.373273,0.342987,-0.105765,0.372146,0.343552,-0.126465,0.370531,0.343127,-0.126636,0.368743,0.342887,-0.126711,0.362825,0.344969,-0.047806,0.358484,0.3474,-0.141159,0.372893,0.367027,-0.092209,0.370838,0.366604,-0.120231,0.352166,0.407325,0.038416,0.342299,0.409202,-0.171387,0.335346,0.488018,0.070163,0.313074,0.488763,-0.194279,0.340634,0.552842,0.015198,0.336468,0.553179,-0.194432,0.343063,0.572051,0.012519,0.338434,0.573392,-0.220434,0.345891,0.574966,-0.012349,0.345534,0.572544,-0.216572,0.343752,0.565559,0.004025,0.343853,0.565191,-0.19316,0.304231,0.542002,0.066766,0.296631,0.542278,-0.06676,0.336647,0.648348,0.033497,0.272213,0.636862,-0.128705,0.322735,0.771993,0.051927,0.224421,0.728996,-0.085228,0.311822,0.788173,0.049387,0.209301,0.735087,-0.082771,0.345847,0.813034,-0.007288,0.228904,0.785205,-0.143312
EH_Lat_2_4.13.26,17,1271.28,1203.01,0,1271.28,1203.01,0.9883,1286.14,1195.11,0.9566,0.374823,0.354591,-0.123722,0.372689,0.343918,-0.112279,0.372507,0.343602,-0.112404,0.372424,0.34317,-0.112361,0.370942,0.343731,-0.13309,0.369323,0.343416,-0.133269,0.367471,0.343277,-0.133357,0.362241,0.345135,-0.052808,0.357415,0.347686,-0.146501,0.37213,0.367187,-0.098916,0.369921,0.366848,-0.126995,0.352197,0.408123,0.032082,0.340574,0.409326,-0.172919,0.333868,0.48843,0.06378,0.309987,0.488917,-0.194313,0.338759,0.552965,0.005058,0.334931,0.553293,-0.195227,0.341044,0.572109,0.00092,0.336959,0.573345,-0.221158,0.344256,0.575177,-0.023989,0.34402,0.572519,-0.217267,0.342867,0.56596,-0.006357,0.34227,0.565087,-0.193996,0.304383,0.5423,0.065075,0.294382,0.54169,-0.065054,0.342872,0.648919,0.026446,0.263756,0.636503,-0.12604,0.331158,0.780273,0.03805,0.215681,0.720799,-0.077724,0.318839,0.799135,0.034715,0.199979,0.723065,-0.074569,0.339595,0.816068,-0.024215,0.218754,0.778688,-0.13236
EH_Lat_2_4.13.26,18,1266.33,1202.67,0,1266.33,1202.67,0.9889,1279.01,1195.08,0.9543,0.373148,0.354562,-0.112364,0.370849,0.343899,-0.100649,0.370505,0.343583,-0.100763,0.370203,0.34315,-0.100723,0.369424,0.343665,-0.121684,0.3679,0.343355,-0.121859,0.366047,0.343227,-0.121952,0.360177,0.345101,-0.042968,0.355922,0.347659,-0.137647,0.370259,0.367127,-0.088411,0.368518,0.366788,-0.1168,0.348919,0.407963,0.039123,0.33974,0.409309,-0.166254,0.331041,0.488405,0.067946,0.308751,0.488861,-0.186524,0.336527,0.552778,0.006686,0.333075,0.553278,-0.184223,0.338974,0.572035,0.002136,0.335579,0.573156,-0.209354,0.342171,0.574887,-0.022149,0.342123,0.57195,-0.204456,0.341388,0.565828,-0.004623,0.340542,0.563779,-0.182589,0.302698,0.542188,0.064858,0.293116,0.54147,-0.064838,0.341468,0.648969,0.035109,0.261864,0.635949,-0.120404,0.331203,0.781863,0.052318,0.213306,0.718754,-0.06614,0.314631,0.809286,0.049773,0.197584,0.720479,-0.062476,0.336892,0.81878,-0.005968,0.216848,0.776007,-0.123497
EH_Lat_2_4.13.26,19,1260.94,1200.5,0,1260.94,1200.5,0.9894,1271.24,1195.37,0.9511,0.371243,0.354691,-0.121608,0.369138,0.343919,-0.110412,0.368793,0.343588,-0.110531,0.368509,0.343158,-0.110487,0.367704,0.343701,-0.13111,0.366206,0.343403,-0.131287,0.364376,0.343299,-0.131378,0.358813,0.345149,-0.051876,0.354419,0.347649,-0.145321,0.368535,0.367251,-0.097188,0.366673,0.366908,-0.125204,0.347842,0.408051,0.031223,0.338306,0.409279,-0.170985,0.33012,0.488373,0.059034,0.30713,0.488797,-0.192654,0.336089,0.552731,-0.002396,0.331053,0.55341,-0.196939,0.338954,0.571975,-0.007438,0.334316,0.573128,-0.223822,0.341386,0.573531,-0.031463,0.340628,0.571875,-0.219453,0.340116,0.565786,-0.013609,0.338738,0.563761,-0.195821,0.30243,0.542178,0.064639,0.290618,0.540529,-0.064609,0.341308,0.64985,0.03815,0.259765,0.635999,-0.126543,0.331495,0.784655,0.058625,0.210683,0.719235,-0.075696,0.319529,0.803822,0.056352,0.19492,0.720625,-0.072374,0.350569,0.821611,-0.001092,0.215359,0.776851,-0.13465
EH_Lat_2_4.13.26,20,1251.23,1192.56,0,1251.23,1192.56,0.9903,1267.71,1194.14,0.9478,0.368756,0.354656,-0.085442,0.366735,0.343856,-0.074076,0.366384,0.343553,-0.07418,0.366036,0.343133,-0.074137,0.365455,0.343624,-0.09612,0.364005,0.343355,-0.096295,0.362344,0.343257,-0.096388,0.355981,0.345126,-0.019188,0.352273,0.347632,-0.1181,0.365592,0.367206,-0.062086,0.364198,0.366882,-0.091738,0.342304,0.407519,0.065635,0.338183,0.408806,-0.157093,0.323645,0.487573,0.092427,0.306744,0.487899,-0.182923,0.33234,0.552263,0.026613,0.330134,0.552844,-0.176425,0.335635,0.570814,0.022615,0.333888,0.572346,-0.201597,0.339102,0.571526,-0.001169,0.339499,0.570444,-0.194406,0.337729,0.565409,0.015051,0.337631,0.56197,-0.173722,0.297021,0.541108,0.068234,0.290647,0.540093,-0.068213,0.337173,0.649968,0.055506,0.280283,0.65044,-0.100406,0.307834,0.784488,0.082337,0.224257,0.736765,-0.072594,0.30631,0.804746,0.080795,0.208524,0.746775,-0.071611,0.325081,0.816268,0.030783,0.230485,0.77769,-0.131148
EH_Lat_2_4.13.26,21,1240.73,1186.6,0,1240.73,1186.6,0.991,1253.61,1191.53,0.9503,0.366639,0.354644,-0.071012,0.36475,0.343818,-0.061098,0.364216,0.343515,-0.061221,0.36364,0.343105,-0.061183,0.363662,0.343587,-0.08296,0.362218,0.34332,-0.083153,0.360509,0.343223,-0.083239,0.353622,0.345121,-0.013536,0.350239,0.347604,-0.111378,0.363387,0.367176,-0.04999,0.362183,0.366857,-0.079334,0.340459,0.407489,0.066452,0.335221,0.4087,-0.155041,0.323533,0.487387,0.088564,0.303285,0.486388,-0.180609,0.33108,0.552192,0.022546,0.32646,0.551636,-0.166367,0.334336,0.570585,0.019075,0.330075,0.569852,-0.188445,0.336456,0.570327,-0.003328,0.335316,0.568417,-0.181357,0.335212,0.56515,0.011481,0.333639,0.56008,-0.163111,0.290296,0.540278,0.069653,0.290864,0.540547,-0.069657,0.259374,0.642619,0.092405,0.33168,0.648815,-0.073707,0.208344,0.727541,0.117169,0.326127,0.781623,-0.049728,0.193931,0.730691,0.117131,0.312318,0.800239,-0.047825,0.21096,0.781061,0.082794,0.351524,0.816968,-0.084144
EH_Lat_2_4.13.26,22,1232.11,1183.54,0,1232.11,1183.54,0.9909,1237.47,1180.81,0.9437,0.363626,0.354622,-0.056429,0.361262,0.343817,-0.044968,0.360522,0.343513,-0.045068,0.359688,0.343119,-0.045026,0.360457,0.343609,-0.067745,0.359078,0.343366,-0.067923,0.357433,0.343284,-0.068004,0.35011,0.345457,0.007832,0.347313,0.347817,-0.095179,0.360508,0.367149,-0.034256,0.359413,0.366845,-0.065023,0.338489,0.407468,0.082976,0.331457,0.408604,-0.137866,0.316955,0.487244,0.103956,0.300511,0.483545,-0.159522,0.325174,0.553906,0.032865,0.322259,0.546673,-0.146677,0.327863,0.570213,0.028693,0.327351,0.565421,-0.168721,0.331236,0.567059,0.006458,0.333107,0.561732,-0.162616,0.330076,0.563101,0.021847,0.331191,0.555667,-0.144128,0.293319,0.54419,0.069694,0.285511,0.541478,-0.06968,0.323955,0.646807,0.02456,0.261139,0.646335,-0.134826,0.318679,0.771679,0.029378,0.210726,0.737006,-0.10555,0.305942,0.786472,0.025914,0.193989,0.741555,-0.103937,0.340597,0.810573,-0.029727,0.217251,0.799242,-0.162813
EH_Lat_2_4.13.26,23,1215.45,1172.2,0,1215.45,1172.2,0.991,1230.44,1178.04,0.9396,0.360782,0.354712,-0.053819,0.357865,0.344094,-0.042495,0.3571,0.343861,-0.042601,0.356239,0.343581,-0.042562,0.356821,0.343931,-0.064951,0.35528,0.343806,-0.06513,0.353608,0.343797,-0.065214,0.346112,0.346609,0.00954,0.343559,0.348897,-0.091673,0.357854,0.367149,-0.031945,0.356843,0.366864,-0.062198,0.336903,0.408616,0.0857,0.32802,0.408936,-0.133894,0.312781,0.489838,0.109331,0.296844,0.483553,-0.156634,0.318932,0.552074,0.039124,0.320426,0.545391,-0.143195,0.320886,0.570461,0.034824,0.327117,0.563529,-0.16452,0.325198,0.564808,0.013294,0.332345,0.559661,-0.157664,0.324896,0.561286,0.028435,0.33026,0.553972,-0.140262,0.292149,0.544996,0.069417,0.281413,0.541953,-0.069403,0.334402,0.64941,0.010282,0.251689,0.645822,-0.125736,0.328844,0.782984,0.006234,0.199043,0.727854,-0.093647,0.316573,0.799637,0.002003,0.182054,0.730933,-0.092844,0.354617,0.820492,-0.051081,0.204984,0.790686,-0.161556
EH_Lat_2_4.13.26,24,1211.41,1169.32,0,1211.41,1169.32,0.9914,1218.61,1171.27,0.9318,0.359088,0.355364,-0.05475,0.355951,0.345163,-0.043693,0.354931,0.344938,-0.043802,0.353837,0.344667,-0.043765,0.355279,0.345156,-0.065395,0.353755,0.345073,-0.065575,0.352097,0.345046,-0.065654,0.344047,0.348334,0.006643,0.34244,0.350303,-0.091215,0.356209,0.367845,-0.033624,0.355179,0.36755,-0.062935,0.335895,0.412504,0.079021,0.325187,0.411682,-0.132216,0.313038,0.491531,0.101732,0.293515,0.4833,-0.151337,0.318904,0.554597,0.034734,0.317346,0.542257,-0.137074,0.320909,0.570287,0.030628,0.324266,0.558704,-0.157069,0.325276,0.564528,0.009525,0.329796,0.555262,-0.151187,0.324806,0.560936,0.024353,0.327179,0.550015,-0.134527,0.292854,0.550651,0.069232,0.278902,0.545497,-0.069219,0.335878,0.649667,-0.011007,0.248863,0.645602,-0.126625,0.331048,0.784576,0.001757,0.195827,0.725695,-0.089025,0.317675,0.801817,-0.000675,0.179302,0.729256,-0.086794,0.353148,0.822319,-0.054086,0.203788,0.78828,-0.146195
EH_Lat_2_4.13.26,25,1201.07,1165.97,0,1201.07,1165.97,0.9911,1207.19,1164.52,0.9358,0.354406,0.356988,-0.063111,0.350962,0.346863,-0.052291,0.350024,0.346634,-0.052395,0.349079,0.346411,-0.052356,0.350211,0.346918,-0.073974,0.34884,0.346932,-0.074158,0.347393,0.346933,-0.074247,0.339767,0.350241,-0.000732,0.337671,0.351938,-0.098277,0.35128,0.369213,-0.041398,0.350447,0.369046,-0.070574,0.333756,0.416287,0.074597,0.319929,0.413105,-0.136655,0.306947,0.49479,0.097493,0.280969,0.483351,-0.153764,0.314604,0.552523,0.030862,0.314373,0.539131,-0.137084,0.315921,0.5694,0.027483,0.322366,0.556073,-0.156664,0.3211,0.563797,0.004892,0.327246,0.551047,-0.149101,0.321635,0.558,0.020139,0.325347,0.545297,-0.133488,0.292136,0.555653,0.068603,0.278105,0.55119,-0.068587,0.337208,0.651262,-0.010054,0.247431,0.649101,-0.124878,0.330043,0.785877,0.005231,0.192205,0.727173,-0.066111,0.318098,0.804194,0.003328,0.175431,0.731242,-0.060992,0.353794,0.824745,-0.048895,0.202194,0.78852,-0.113487
EH_Lat_2_4.13.26,26,1193.1,1166.98,0,1193.1,1166.98,0.9896,1194.43,1164.42,0.9387,0.349178,0.359866,-0.050795,0.34568,0.349617,-0.040543,0.344744,0.349414,-0.040636,0.343752,0.349239,-0.040587,0.344905,0.349576,-0.06251,0.343522,0.349539,-0.062689,0.342095,0.349498,-0.062765,0.334493,0.353525,0.008049,0.33302,0.354778,-0.09012,0.346263,0.37185,-0.030035,0.345364,0.371593,-0.05945,0.326758,0.418632,0.079225,0.316174,0.416309,-0.128008,0.298722,0.495206,0.092422,0.274282,0.485271,-0.131023,0.309066,0.555062,0.001852,0.31105,0.539083,-0.089681,0.311567,0.569386,-0.007377,0.31911,0.556027,-0.105849,0.315436,0.562678,-0.026001,0.323681,0.550498,-0.098282,0.316072,0.557353,-0.008442,0.32173,0.544777,-0.085537,0.285803,0.560763,0.06803,0.278479,0.559803,-0.068011,0.310298,0.670431,0.051498,0.265825,0.667013,-0.087545,0.309653,0.792562,0.072585,0.206262,0.751648,-0.046896,0.307677,0.812902,0.071215,0.189624,0.760604,-0.043178,0.326231,0.822846,0.029299,0.215863,0.796087,-0.084548
EH_Lat_2_4.13.26,27,1174.36,1176.32,0,1174.36,1176.32,0.9917,1181.77,1168.07,0.9425,0.342206,0.362719,-0.057933,0.338673,0.352581,-0.041021,0.337885,0.352386,-0.041263,0.337032,0.352224,-0.041286,0.337762,0.352531,-0.066514,0.336387,0.352513,-0.066646,0.334889,0.352608,-0.066701,0.327279,0.356519,-0.009245,0.325645,0.35819,-0.098242,0.339253,0.374536,-0.032039,0.338245,0.374463,-0.06536,0.319009,0.420561,0.064517,0.310403,0.422141,-0.134121,0.29545,0.49796,0.071777,0.269744,0.492694,-0.139252,0.306377,0.55491,-0.009845,0.307752,0.540773,-0.10451,0.308837,0.570029,-0.017734,0.315831,0.557132,-0.12025,0.312389,0.563,-0.034949,0.320509,0.551492,-0.114359,0.314094,0.557503,-0.019247,0.318315,0.545295,-0.100716,0.276397,0.564708,0.068005,0.279448,0.568045,-0.067993,0.244365,0.669026,0.127312,0.335038,0.66193,-0.065725,0.188858,0.749306,0.172883,0.327309,0.78389,-0.026932,0.173139,0.755239,0.175348,0.316713,0.803344,-0.022608,0.200009,0.803137,0.157593,0.355715,0.823166,-0.04288
EH_Lat_2_4.13.26,28,1174.62,1190.97,0,1174.62,1190.97,0.9933,1178.41,1179.56,0.947,0.334871,0.364158,-0.06382,0.331663,0.35451,-0.053221,0.331025,0.354436,-0.053427,0.330361,0.354339,-0.053414,0.330454,0.354518,-0.074508,0.329013,0.354611,-0.074698,0.327387,0.354738,-0.074767,0.320741,0.358782,-0.017132,0.318219,0.360483,-0.103997,0.331786,0.377134,-0.04207,0.330243,0.377249,-0.07008,0.314305,0.423577,0.059841,0.303111,0.424262,-0.136692,0.294747,0.503999,0.069667,0.266615,0.500776,-0.137591,0.307089,0.556616,-0.011804,0.306877,0.546094,-0.10129,0.309858,0.573354,-0.019765,0.315162,0.561131,-0.116802,0.315732,0.566117,-0.037438,0.31993,0.554304,-0.111238,0.314412,0.56008,-0.021404,0.317555,0.549251,-0.097504,0.274959,0.569877,0.067176,0.277432,0.572636,-0.067179,0.241237,0.672238,0.108071,0.313903,0.663788,-0.062999,0.181178,0.746136,0.135007,0.327145,0.786238,0.004426,0.16557,0.753297,0.135481,0.318264,0.807164,0.012025,0.194122,0.79881,0.106928,0.34394,0.819171,-0.008827
EH_Lat_2_4.13.26,29,1176.18,1196.74,0,1176.18,1196.74,0.9918,1179.42,1191.73,0.9481,0.325287,0.365873,-0.06282,0.322352,0.35557,-0.052656,0.321786,0.355466,-0.052792,0.321189,0.355314,-0.052763,0.321256,0.355867,-0.074755,0.319821,0.356052,-0.074929,0.318135,0.356174,-0.075003,0.311117,0.360297,-0.007311,0.308994,0.362041,-0.103833,0.322297,0.378998,-0.041372,0.320986,0.379325,-0.070784,0.305706,0.424824,0.069313,0.295674,0.423508,-0.137367,0.292285,0.512869,0.079577,0.269682,0.508268,-0.142057,0.309782,0.559896,-0.003458,0.307141,0.551725,-0.116503,0.313699,0.575844,-0.010526,0.316029,0.564203,-0.134608,0.316167,0.570691,-0.029716,0.320498,0.557684,-0.12863,0.316435,0.565106,-0.01342,0.317891,0.553238,-0.113134,0.27635,0.576417,0.067332,0.271538,0.577856,-0.067335,0.266445,0.683825,0.084378,0.294351,0.679578,-0.076926,0.279675,0.791337,0.114326,0.235869,0.778891,-0.023766,0.275981,0.812148,0.114001,0.221001,0.79323,-0.018701,0.295321,0.810353,0.07262,0.248861,0.815434,-0.055408
EH_Lat_2_4.13.26,30,1194.07,1202.49,0,1194.07,1202.49,0.9892,1186.37,1197.48,0.9509,0.317105,0.365824,-0.038711,0.313724,0.355382,-0.030988,0.312835,0.355314,-0.031119,0.311939,0.355221,-0.031092,0.312605,0.355536,-0.053086,0.311037,0.355738,-0.053281,0.309296,0.355933,-0.053354,0.301748,0.359943,0.008256,0.299838,0.362039,-0.09003,0.314103,0.378885,-0.019946,0.312616,0.379273,-0.049397,0.294367,0.423653,0.082117,0.288913,0.422624,-0.133319,0.282161,0.514982,0.094768,0.268938,0.516887,-0.145047,0.298585,0.575118,0.021206,0.308952,0.554387,-0.115129,0.301737,0.586825,0.016057,0.317236,0.565236,-0.131336,0.305825,0.580751,-0.000908,0.321682,0.558297,-0.124831,0.304923,0.576345,0.011946,0.318963,0.554553,-0.111095,0.267833,0.576412,0.067586,0.269963,0.576585,-0.067609,0.239571,0.683343,0.079022,0.311911,0.673498,-0.060737,0.17939,0.768121,0.09111,0.327056,0.789819,-0.02192,0.161307,0.78028,0.089425,0.316886,0.812062,-0.017701,0.196597,0.804924,0.05995,0.35485,0.826661,-0.039685
EH_Lat_2_4.13.26,31,1204.18,1179.78,0,1204.18,1179.78,0.9892,1189.02,1195.56,0.9536,0.307138,0.366612,-0.037865,0.304373,0.356088,-0.030915,0.303747,0.355847,-0.031037,0.303012,0.355534,-0.031016,0.303313,0.356369,-0.052439,0.301661,0.356403,-0.052632,0.299729,0.356414,-0.052691,0.292904,0.359871,0.007091,0.290137,0.362066,-0.089168,0.304312,0.379102,-0.019522,0.302445,0.379566,-0.048265,0.281311,0.422522,0.081271,0.28127,0.422259,-0.131016,0.284848,0.51317,0.096282,0.270066,0.518998,-0.146406,0.301661,0.564786,0.032043,0.309641,0.5535,-0.113665,0.311153,0.574731,0.028567,0.321032,0.563959,-0.127865,0.314418,0.572554,0.012933,0.323158,0.55682,-0.121323,0.310646,0.571083,0.023431,0.319503,0.552501,-0.109524,0.262749,0.578434,0.066824,0.271043,0.578195,-0.066894,0.235285,0.685195,0.08299,0.324745,0.669271,-0.051072,0.173999,0.762808,0.088559,0.333201,0.791115,-0.015995,0.156949,0.774314,0.08663,0.321565,0.811952,-0.01213,0.192061,0.802692,0.064369,0.359489,0.830485,-0.028405
EH_Lat_2_4.13.26,32,1219.45,1146.39,0,1219.45,1146.39,0.9926,1190.99,1161.52,0.9568,0.299591,0.366411,-0.040502,0.296538,0.355542,-0.03336,0.29585,0.355193,-0.033481,0.295244,0.354766,-0.033468,0.295083,0.355741,-0.055281,0.293447,0.355728,-0.05547,0.292078,0.355656,-0.055517,0.285672,0.358861,0.007381,0.282401,0.360051,-0.090413,0.297049,0.378859,-0.020985,0.295373,0.378934,-0.050229,0.276641,0.420788,0.085017,0.270292,0.420609,-0.130406,0.286986,0.508984,0.098968,0.267774,0.516807,-0.149743,0.313834,0.54001,0.027162,0.310152,0.537739,-0.125125,0.325354,0.54763,0.021834,0.32449,0.54591,-0.137799,0.328172,0.543079,0.005376,0.326549,0.536542,-0.133116,0.323253,0.539888,0.017967,0.321779,0.533352,-0.121393,0.261459,0.578128,0.066785,0.271651,0.576908,-0.066865,0.235419,0.6875,0.078028,0.324251,0.667891,-0.063227,0.173313,0.76095,0.0719,0.332323,0.790686,-0.029934,0.156654,0.769965,0.069687,0.321122,0.811203,-0.028906,0.192552,0.800844,0.059785,0.359354,0.831544,-0.047639
EH_Lat_2_4.13.26,33,1224.48,1107.98,0,1224.48,1107.98,0.993,1197.14,1117.26,0.9603,0.292576,0.366047,-0.035173,0.288719,0.355301,-0.028873,0.288099,0.355084,-0.02899,0.287575,0.354553,-0.028981,0.287568,0.355464,-0.050592,0.286397,0.355536,-0.050787,0.284888,0.355495,-0.050832,0.278355,0.357663,0.009595,0.275273,0.358553,-0.087494,0.288959,0.378487,-0.016236,0.287653,0.378553,-0.045192,0.26755,0.416456,0.088949,0.262754,0.416699,-0.128505,0.28294,0.496196,0.123602,0.268418,0.51552,-0.166874,0.317172,0.516637,0.082308,0.311756,0.517251,-0.164895,0.328202,0.523619,0.082319,0.326926,0.523247,-0.182676,0.332065,0.514136,0.065545,0.328366,0.512393,-0.175453,0.326651,0.513135,0.073754,0.323391,0.510337,-0.161086,0.256815,0.577606,0.065741,0.269232,0.575794,-0.065877,0.236016,0.687619,0.060103,0.317384,0.666513,-0.044928,0.171901,0.760215,0.037234,0.330202,0.789771,-0.018591,0.155627,0.769627,0.033648,0.320139,0.811378,-0.016903,0.189263,0.801127,0.018204,0.359324,0.830875,-0.036954
EH_Lat_2_4.13.26,34,1228.58,1049.28,0,1228.58,1049.28,0.9924,1199.93,1078.6,0.9626,0.284322,0.364095,-0.038325,0.280902,0.353356,-0.031287,0.280372,0.352987,-0.03141,0.279949,0.352304,-0.031408,0.279333,0.353476,-0.05334,0.278098,0.353485,-0.053537,0.276594,0.353288,-0.053596,0.270435,0.355102,0.010612,0.267057,0.355856,-0.088353,0.280776,0.375919,-0.018194,0.27916,0.375837,-0.047718,0.263041,0.413401,0.089781,0.25484,0.413461,-0.13001,0.279843,0.488521,0.122229,0.267373,0.504296,-0.182191,0.321642,0.495164,0.073678,0.312481,0.499353,-0.19322,0.334,0.497821,0.071968,0.327995,0.502369,-0.214074,0.335499,0.489946,0.054791,0.329237,0.490702,-0.206542,0.33172,0.48991,0.06459,0.324049,0.489989,-0.189855,0.25623,0.577185,0.065679,0.263551,0.575333,-0.06581,0.235593,0.688061,0.060888,0.312842,0.665446,-0.063099,0.171487,0.759956,0.054772,0.32977,0.790144,-0.048063,0.155275,0.76926,0.05139,0.320009,0.812633,-0.046801,0.190808,0.801265,0.037065,0.359493,0.830978,-0.07564
EH_Lat_2_4.13.26,35,1216.0,1030.0,0,1232.35,1013.26,0.9889,1218.52,1025.91,0.9605,0.277995,0.360979,-0.038612,0.274687,0.350213,-0.031303,0.273995,0.349633,-0.031435,0.273305,0.348818,-0.031433,0.273408,0.350116,-0.053068,0.2715,0.34971,-0.05326,0.269754,0.349325,-0.053325,0.263144,0.351512,0.012067,0.259891,0.352494,-0.08599,0.274076,0.372748,-0.018104,0.272518,0.37266,-0.0474,0.261079,0.409862,0.087271,0.248499,0.410339,-0.129665,0.283691,0.475391,0.102695,0.268803,0.48875,-0.181135,0.328898,0.471088,0.023001,0.317322,0.47496,-0.187625,0.340063,0.470589,0.016975,0.332299,0.473661,-0.208592,0.341237,0.46207,0.001806,0.332163,0.462406,-0.201657,0.336036,0.462333,0.013782,0.326845,0.462486,-0.184692,0.254406,0.576688,0.065323,0.255499,0.574686,-0.065434,0.234312,0.688317,0.069142,0.305347,0.665495,-0.105579,0.172826,0.759953,0.102221,0.32801,0.790234,-0.092673,0.155222,0.769922,0.103863,0.31819,0.813621,-0.092147,0.191911,0.801478,0.084987,0.358416,0.829884,-0.133145
EH_Lat_2_4.13.26,36,1244.0,973.0,0,1242.21,978.01,0.9891,1226.78,976.6,0.9538,0.272459,0.358479,-0.039996,0.269498,0.348144,-0.031772,0.268789,0.347229,-0.031906,0.268125,0.346152,-0.031892,0.267663,0.348218,-0.053602,0.265888,0.34754,-0.053786,0.26424,0.346939,-0.053849,0.257837,0.348951,0.016825,0.254428,0.3498,-0.081728,0.268353,0.370164,-0.017991,0.266438,0.370265,-0.047476,0.258378,0.405966,0.088139,0.239744,0.409405,-0.13055,0.285453,0.455614,0.052876,0.269558,0.474253,-0.187454,0.32954,0.445798,-0.086889,0.319475,0.452129,-0.187303,0.341208,0.441728,-0.103317,0.333482,0.446394,-0.209877,0.34143,0.433785,-0.11699,0.332695,0.437226,-0.203078,0.335988,0.436117,-0.097187,0.327539,0.439574,-0.184479,0.252875,0.57589,0.066027,0.249714,0.574216,-0.06612,0.233273,0.688405,0.081675,0.297118,0.666014,-0.118754,0.172854,0.760071,0.126563,0.327238,0.790931,-0.12203,0.155777,0.770254,0.128923,0.318196,0.815675,-0.123773,0.191826,0.801725,0.102953,0.358931,0.825597,-0.1763
EH_Lat_2_4.13.26,37,1226.0,925.0,0,1243.8,931.58,0.99,1235.78,926.95,0.9445,0.268534,0.355395,-0.048233,0.265938,0.345276,-0.040507,0.265447,0.344157,-0.040648,0.264944,0.343035,-0.040642,0.264164,0.345542,-0.061288,0.262065,0.344778,-0.061486,0.260105,0.344055,-0.061537,0.253905,0.346288,0.009432,0.249659,0.34708,-0.082773,0.264506,0.367518,-0.025058,0.262494,0.367574,-0.053301,0.25267,0.4014,0.080845,0.237283,0.404957,-0.134402,0.285928,0.445765,0.059088,0.279664,0.462909,-0.188797,0.329361,0.424956,-0.045191,0.321818,0.429144,-0.18557,0.340709,0.419375,-0.055723,0.333779,0.42406,-0.207794,0.340528,0.407932,-0.069888,0.332876,0.413492,-0.202218,0.335082,0.411444,-0.054556,0.327771,0.415623,-0.18353,0.245582,0.572397,0.066215,0.246269,0.570681,-0.066307,0.232565,0.687809,0.078327,0.288582,0.665819,-0.110572,0.171211,0.76041,0.109524,0.323721,0.790663,-0.118754,0.154497,0.770889,0.110325,0.316829,0.816433,-0.121323,0.19166,0.801852,0.083434,0.359152,0.812888,-0.173326
EH_Lat_2_4.13.26,38,1217.0,867.0,0,1245.23,879.58,0.9908,1242.41,871.64,0.9184,0.2646,0.354592,-0.079304,0.262491,0.344159,-0.071845,0.261958,0.343279,-0.071998,0.261381,0.342379,-0.071983,0.260696,0.343998,-0.093036,0.258686,0.343187,-0.093215,0.256685,0.342435,-0.093273,0.250625,0.344346,-0.021139,0.246433,0.344737,-0.117075,0.260152,0.366743,-0.055625,0.258489,0.366567,-0.084521,0.245255,0.400036,0.057296,0.234118,0.405938,-0.159252,0.286796,0.434198,0.054167,0.284087,0.44657,-0.222428,0.328531,0.404331,-0.030557,0.323544,0.403539,-0.233599,0.338179,0.393562,-0.038862,0.33415,0.395766,-0.260354,0.338759,0.386173,-0.05453,0.333111,0.38608,-0.252864,0.33445,0.39065,-0.04009,0.327948,0.389293,-0.231796,0.242363,0.572298,0.066437,0.243029,0.570661,-0.066532,0.232329,0.687077,0.086288,0.283621,0.670567,-0.075396,0.169206,0.760655,0.116949,0.321268,0.790083,-0.057677,0.153479,0.771231,0.117775,0.315077,0.817421,-0.058281,0.191745,0.801977,0.081478,0.357954,0.802928,-0.134644
EH_Lat_2_4.13.26,39,1219.0,826.0,0,1231.86,826.57,0.9953,1242.46,830.07,0.9127,0.262501,0.352345,-0.072904,0.259939,0.341718,-0.064907,0.259276,0.340831,-0.065049,0.258463,0.339892,-0.065034,0.258636,0.341723,-0.086764,0.257018,0.340975,-0.086958,0.255006,0.340155,-0.087019,0.24891,0.342177,-0.014788,0.244993,0.342898,-0.113606,0.258831,0.364495,-0.049545,0.257448,0.364115,-0.079282,0.243054,0.397242,0.064121,0.233003,0.402634,-0.160792,0.283345,0.433248,0.06552,0.285877,0.429496,-0.226474,0.325223,0.390521,-0.018288,0.323557,0.384292,-0.239359,0.333696,0.380176,-0.026246,0.334513,0.374113,-0.267819,0.333347,0.370597,-0.042551,0.333071,0.364276,-0.259656,0.330196,0.375155,-0.027854,0.328013,0.36742,-0.237262,0.239057,0.569258,0.06964,0.234299,0.563745,-0.069705,0.232234,0.686569,0.090822,0.277253,0.669763,-0.099803,0.170105,0.760807,0.133306,0.318547,0.789247,-0.097581,0.15489,0.771333,0.135308,0.313727,0.81584,-0.09936,0.193022,0.802056,0.103553,0.35462,0.791508,-0.159408
EH_Lat_2_4.13.26,40,1208.0,798.0,0,1225.43,800.41,0.9949,1241.6,794.77,0.8796,0.261649,0.352596,-0.061211,0.259086,0.341846,-0.052358,0.25833,0.341045,-0.052531,0.257481,0.340171,-0.052515,0.257799,0.341807,-0.076009,0.256047,0.341076,-0.076196,0.254161,0.340311,-0.076278,0.247062,0.342096,0.000263,0.243388,0.342699,-0.106736,0.257002,0.364566,-0.036604,0.25551,0.364361,-0.068824,0.243646,0.398494,0.077549,0.227926,0.402735,-0.15459,0.284407,0.432156,0.085819,0.284314,0.419538,-0.220581,0.324534,0.382555,0.01055,0.323333,0.367951,-0.233633,0.333141,0.369567,0.004802,0.333565,0.359239,-0.261175,0.33179,0.361708,-0.010826,0.330467,0.348804,-0.251928,0.328746,0.364491,0.001045,0.325737,0.351858,-0.231299,0.238415,0.568979,0.070584,0.231598,0.563824,-0.070639,0.232196,0.686309,0.097872,0.273326,0.669649,-0.08971,0.17153,0.760982,0.14154,0.317457,0.788662,-0.078874,0.155785,0.771489,0.143522,0.311222,0.815336,-0.080799,0.193756,0.802811,0.106617,0.351443,0.785678,-0.137132
EH_Lat_2_4.13.26,41,1214.62,765.89,0,1214.62,765.89,0.9961,1230.53,776.94,0.886,0.259982,0.352589,0.001281,0.257272,0.341523,0.010874,0.256556,0.340745,0.010744,0.255673,0.339924,0.010749,0.255973,0.341407,-0.01188,0.254455,0.340699,-0.012088,0.252519,0.339878,-0.01216,0.246068,0.342154,0.058689,0.242216,0.342406,-0.044397,0.256018,0.36448,0.023016,0.254468,0.364011,-0.007982,0.246379,0.399169,0.127003,0.22503,0.400275,-0.103874,0.284968,0.429315,0.146388,0.281955,0.410898,-0.175905,0.32298,0.376843,0.088828,0.320451,0.359696,-0.193059,0.331556,0.362115,0.088167,0.329672,0.350976,-0.22168,0.329926,0.354084,0.072399,0.32636,0.342907,-0.207648,0.326934,0.358219,0.080019,0.323149,0.345457,-0.189742,0.236954,0.567346,0.070693,0.225301,0.559642,-0.070742,0.23285,0.686094,0.083373,0.26938,0.670307,-0.102712,0.172028,0.761088,0.115003,0.315371,0.788839,-0.113607,0.156046,0.771536,0.116274,0.309868,0.816038,-0.116197,0.194257,0.803222,0.090585,0.349674,0.780891,-0.165722
EH_Lat_2_4.13.26,42,1210.0,770.0,0,1213.95,758.24,0.9966,1230.44,764.41,0.8819,0.259575,0.353029,-0.013034,0.257758,0.341585,-0.003568,0.257025,0.340781,-0.003704,0.256277,0.340001,-0.003679,0.256224,0.341457,-0.026776,0.25436,0.340783,-0.02697,0.252568,0.339945,-0.027039,0.246043,0.342557,0.046635,0.24167,0.342918,-0.058952,0.255069,0.364695,0.009923,0.253463,0.364099,-0.021791,0.24324,0.399579,0.117911,0.223408,0.397771,-0.115994,0.283125,0.424911,0.134886,0.281526,0.403809,-0.188079,0.320914,0.377829,0.071482,0.320427,0.353894,-0.207305,0.32925,0.365319,0.069088,0.329378,0.345453,-0.236201,0.328537,0.356869,0.051943,0.326589,0.337103,-0.223683,0.325579,0.358947,0.06182,0.323172,0.339728,-0.204036,0.233641,0.567823,0.071633,0.224091,0.559713,-0.071671,0.233618,0.685947,0.096619,0.265381,0.669907,-0.116975,0.172018,0.761152,0.147854,0.312823,0.789564,-0.129387,0.156287,0.771706,0.150804,0.309065,0.81658,-0.132184,0.191587,0.803353,0.121731,0.348683,0.775778,-0.186522
EH_Lat_2_4.13.26,43,1220.0,785.0,0,1224.13,768.58,0.9968,1228.34,776.64,0.8538,0.259119,0.353209,0.011278,0.256851,0.341846,0.0212,0.256302,0.341066,0.021075,0.255683,0.3403,0.021106,0.255157,0.341704,-0.001978,0.253544,0.341039,-0.002174,0.251524,0.340188,-0.00224,0.245889,0.342671,0.071845,0.241083,0.342523,-0.033223,0.255386,0.364799,0.034442,0.253149,0.364245,0.002851,0.245433,0.402842,0.141101,0.220999,0.394309,-0.095215,0.283219,0.422163,0.157771,0.278503,0.406365,-0.164981,0.320615,0.378159,0.093036,0.31988,0.359555,-0.164576,0.329177,0.365375,0.091128,0.328989,0.351878,-0.188662,0.328581,0.359533,0.074481,0.326849,0.343877,-0.175648,0.325675,0.36058,0.083515,0.323318,0.346325,-0.160274,0.233345,0.567898,0.071996,0.221656,0.559247,-0.07204,0.23405,0.685832,0.087547,0.26408,0.669708,-0.117626,0.171696,0.761199,0.132212,0.310647,0.791224,-0.125764,0.156248,0.771811,0.134416,0.308751,0.818643,-0.12772,0.191167,0.803762,0.105378,0.347547,0.775085,-0.179101
EH_Lat_2_4.13.26,44,1231.0,815.0,0,1233.96,802.31,0.9968,1232.9,800.31,0.8542,0.259155,0.354842,-0.009263,0.256911,0.343122,-0.000226,0.256294,0.342388,-0.000356,0.255603,0.341639,-0.000326,0.255396,0.342951,-0.023324,0.253968,0.34233,-0.023517,0.252316,0.341512,-0.023583,0.245649,0.34281,0.048929,0.241974,0.342753,-0.052688,0.255275,0.366309,0.013496,0.253405,0.365486,-0.018,0.239057,0.403145,0.122576,0.2233,0.395239,-0.108363,0.282521,0.425377,0.139504,0.278926,0.410346,-0.191897,0.321633,0.385657,0.076471,0.321069,0.370513,-0.19605,0.331746,0.374091,0.075708,0.331619,0.364313,-0.223827,0.331525,0.368429,0.056493,0.330776,0.355855,-0.209092,0.328651,0.36918,0.066187,0.326338,0.357638,-0.191317,0.23055,0.567922,0.073606,0.222002,0.559614,-0.07365,0.233398,0.686018,0.088062,0.262665,0.669615,-0.118817,0.171872,0.762489,0.130618,0.308235,0.790983,-0.119112,0.156927,0.773072,0.13271,0.308359,0.818062,-0.120349,0.189895,0.804341,0.101762,0.344951,0.772428,-0.170301
EH_Lat_2_4.13.26,45,1238.0,860.0,0,1245.33,878.55,0.9958,1235.47,813.69,0.8344,0.25837,0.355077,-0.035187,0.25634,0.343671,-0.027673,0.255804,0.342941,-0.027816,0.255231,0.342225,-0.027785,0.254889,0.343241,-0.05086,0.253592,0.342434,-0.051033,0.252012,0.341578,-0.051095,0.246056,0.34299,0.019491,0.242326,0.342897,-0.085099,0.254223,0.366329,-0.01287,0.25279,0.365567,-0.044496,0.241906,0.401573,0.093625,0.221485,0.395985,-0.139994,0.282898,0.426281,0.109564,0.278897,0.417604,-0.213577,0.326744,0.394637,0.054716,0.321737,0.37671,-0.223855,0.338574,0.384658,0.054832,0.333744,0.374141,-0.252216,0.33858,0.377841,0.030108,0.334085,0.366792,-0.241438,0.33601,0.379698,0.042466,0.329307,0.366951,-0.22089,0.231037,0.567874,0.073321,0.222242,0.56114,-0.073369,0.232731,0.686126,0.089784,0.263909,0.67145,-0.116477,0.171697,0.764151,0.128079,0.307264,0.79089,-0.100799,0.156711,0.774167,0.131783,0.308316,0.818909,-0.100789,0.188281,0.805968,0.086434,0.341257,0.770871,-0.155241
EH_Lat_2_4.13.26,46,1229.0,941.0,0,1232.06,935.81,0.9953,1230.02,923.09,0.8306,0.257777,0.355686,-0.034797,0.255886,0.343867,-0.026382,0.255419,0.343069,-0.026529,0.254922,0.342317,-0.026492,0.254293,0.343608,-0.049252,0.253034,0.342847,-0.049407,0.251509,0.342003,-0.049466,0.245082,0.343018,0.026343,0.241477,0.34295,-0.076637,0.253884,0.367082,-0.012009,0.252378,0.366197,-0.043269,0.243866,0.400017,0.097208,0.219895,0.396443,-0.136875,0.283904,0.42872,0.107617,0.27109,0.431445,-0.209055,0.330799,0.422887,0.029537,0.320318,0.427357,-0.2248,0.341446,0.420414,0.024473,0.333644,0.424929,-0.25357,0.340525,0.414554,0.002172,0.333813,0.417781,-0.246019,0.337706,0.416277,0.017477,0.329206,0.418271,-0.222662,0.232136,0.567886,0.073081,0.222252,0.56199,-0.073128,0.232399,0.686257,0.074398,0.264519,0.671264,-0.141534,0.17109,0.766274,0.104197,0.307,0.790897,-0.149306,0.156031,0.77646,0.104541,0.308006,0.819961,-0.152303,0.189272,0.8071,0.059056,0.340158,0.771403,-0.215637
EH_Lat_2_4.13.26,47,1203.0,1017.0,0,1210.55,1026.58,0.9935,1203.47,1003.47,0.8114,0.258321,0.356716,-0.02767,0.256846,0.345043,-0.019147,0.256488,0.344243,-0.019299,0.256125,0.343512,-0.019281,0.255108,0.344682,-0.038951,0.253828,0.343795,-0.039115,0.252435,0.342855,-0.039169,0.246744,0.3439,0.030286,0.242868,0.343116,-0.059922,0.254722,0.36764,-0.006011,0.253103,0.366511,-0.033073,0.249636,0.399412,0.097482,0.220263,0.396555,-0.115312,0.287451,0.433338,0.103274,0.260983,0.452054,-0.176681,0.332932,0.454692,0.024821,0.313403,0.46457,-0.191135,0.343084,0.461982,0.018952,0.325858,0.469446,-0.216499,0.344006,0.455527,-0.002339,0.328806,0.461835,-0.213526,0.339351,0.45455,0.013447,0.324306,0.459005,-0.190375,0.233146,0.567138,0.067814,0.223101,0.562033,-0.067891,0.231668,0.686445,0.052919,0.2661,0.671142,-0.127484,0.170787,0.767224,0.071056,0.307099,0.790986,-0.134843,0.155649,0.77806,0.069953,0.307803,0.820453,-0.138013,0.189375,0.808008,0.028521,0.33893,0.773106,-0.196096
EH_Lat_2_4.13.26,48,1155.0,1107.0,0,1161.04,1104.78,0.9941,1154.46,1111.41,0.8297,0.259664,0.357922,-0.027458,0.257441,0.346094,-0.018938,0.256882,0.345265,-0.019087,0.256198,0.344522,-0.01907,0.255818,0.345669,-0.038995,0.254648,0.344679,-0.039165,0.25304,0.34369,-0.039211,0.247076,0.343945,0.030225,0.243345,0.343249,-0.062292,0.255971,0.368131,-0.005885,0.254395,0.36729,-0.033119,0.254597,0.398149,0.097792,0.221617,0.396823,-0.116596,0.288754,0.44809,0.103473,0.253573,0.469089,-0.173807,0.331888,0.490265,0.028723,0.30064,0.514542,-0.192139,0.342593,0.504757,0.023295,0.313739,0.529386,-0.217723,0.343897,0.502727,0.002143,0.317112,0.521501,-0.213699,0.33875,0.497268,0.017609,0.314164,0.515475,-0.191037,0.233962,0.564476,0.066394,0.223959,0.56005,-0.066489,0.231399,0.686421,0.028882,0.266501,0.670958,-0.12415,0.170649,0.767595,0.020378,0.307169,0.791555,-0.134937,0.155685,0.77798,0.016787,0.307645,0.82207,-0.138068,0.19013,0.809446,-0.016428,0.33734,0.774602,-0.185953
EH_Lat_2_4.13.26,49,1057.0,1190.0,0,1063.17,1184.24,0.9951,1083.72,1192.83,0.8465,0.264279,0.358916,-0.044089,0.262765,0.346887,-0.036974,0.262611,0.34626,-0.037125,0.262539,0.345761,-0.037108,0.261276,0.346298,-0.057211,0.260126,0.345389,-0.057395,0.25847,0.344432,-0.057432,0.253599,0.344843,0.007499,0.249342,0.343843,-0.08292,0.260552,0.368351,-0.023252,0.258673,0.36764,-0.05036,0.260861,0.398254,0.086207,0.222628,0.395938,-0.12939,0.289122,0.462368,0.10812,0.247179,0.478962,-0.176607,0.329098,0.529089,0.047437,0.282218,0.552238,-0.191314,0.338392,0.543394,0.044865,0.290382,0.573429,-0.215332,0.340422,0.54382,0.019745,0.294566,0.568193,-0.213888,0.335075,0.539539,0.035586,0.293557,0.561521,-0.190866,0.23513,0.562026,0.065909,0.224877,0.556351,-0.066026,0.231504,0.686161,0.013811,0.270496,0.668331,-0.100246,0.170627,0.768158,-0.015427,0.307186,0.791465,-0.110021,0.155299,0.778272,-0.021385,0.308201,0.821679,-0.113712,0.189902,0.809826,-0.060234,0.337724,0.776692,-0.157269
EH_Lat_2_4.13.26,50,960.0,1257.0,0,963.98,1253.51,0.9952,971.37,1242.76,0.8612,0.27368,0.361074,-0.105195,0.27294,0.348095,-0.098303,0.272618,0.347399,-0.098466,0.272369,0.346836,-0.09845,0.271129,0.347205,-0.118501,0.269587,0.346129,-0.118664,0.267992,0.345118,-0.118726,0.262936,0.345418,-0.054279,0.258164,0.344272,-0.145663,0.269846,0.369759,-0.085345,0.267457,0.369424,-0.112759,0.269194,0.399532,0.020197,0.228219,0.395997,-0.181713,0.289001,0.474862,0.06436,0.241532,0.489956,-0.218267,0.315882,0.554061,0.035726,0.25296,0.575351,-0.219628,0.323796,0.571595,0.037039,0.254657,0.598806,-0.240312,0.324295,0.57358,0.010604,0.261018,0.598718,-0.245176,0.31946,0.567966,0.024972,0.261055,0.590202,-0.22184,0.242944,0.560752,0.065394,0.224961,0.556165,-0.065483,0.272322,0.671304,0.029248,0.239638,0.674971,-0.099504,0.304867,0.781699,0.03085,0.178752,0.771326,-0.081728,0.303314,0.811604,0.024284,0.163437,0.77948,-0.082265,0.335984,0.791014,-0.034283,0.197128,0.802808,-0.135134
EH_Lat_2_4.13.26,51,826.0,1268.0,0,831.42,1261.79,0.9954,839.6,1249.62,0.874,0.283677,0.367381,-0.073165,0.283912,0.354239,-0.064781,0.283808,0.353199,-0.064912,0.283778,0.352214,-0.064892,0.281816,0.353595,-0.09015,0.280013,0.352254,-0.090301,0.278303,0.350938,-0.090352,0.273488,0.350721,-0.018537,0.267618,0.348843,-0.112995,0.278895,0.377172,-0.052085,0.27668,0.375707,-0.088771,0.27865,0.407561,0.058141,0.233087,0.396906,-0.12397,0.288897,0.488482,0.082467,0.221398,0.489519,-0.162048,0.306579,0.573439,0.023894,0.218645,0.578529,-0.186516,0.310188,0.599638,0.018666,0.214667,0.603485,-0.206446,0.31088,0.59993,-0.005681,0.220956,0.60517,-0.218945,0.307354,0.592034,0.012335,0.222538,0.59776,-0.191574,0.244944,0.56189,0.060009,0.2307,0.557725,-0.060131,0.253174,0.679985,0.024633,0.273949,0.671722,-0.101384,0.196851,0.775483,0.037276,0.292004,0.783599,-0.091217,0.180681,0.785707,0.034818,0.288039,0.803237,-0.09254,0.214784,0.798911,-0.009995,0.320445,0.80131,-0.145318
EH_Lat_2_4.13.26,52,711.03,1217.06,0,711.03,1217.06,0.9953,720.97,1222.37,0.8839,0.296152,0.376165,-0.065641,0.296271,0.364501,-0.057241,0.295828,0.363539,-0.0574,0.29548,0.362556,-0.057378,0.294323,0.363962,-0.077011,0.292555,0.36262,-0.077185,0.291083,0.361286,-0.077244,0.286793,0.360196,-0.008277,0.279769,0.357652,-0.102089,0.291648,0.385772,-0.043537,0.28956,0.385051,-0.071282,0.290181,0.419951,0.056909,0.239156,0.402143,-0.101532,0.291972,0.502851,0.067814,0.216409,0.487221,-0.126979,0.300629,0.579245,-0.022387,0.187753,0.56591,-0.157269,0.302032,0.603275,-0.034863,0.180015,0.587846,-0.176167,0.299173,0.602217,-0.057915,0.181258,0.590849,-0.191895,0.296708,0.594939,-0.034335,0.185001,0.58445,-0.164039,0.248282,0.562139,0.058365,0.231194,0.556435,-0.05846,0.250884,0.685057,0.021878,0.284542,0.662655,-0.113855,0.181192,0.768248,0.0483,0.310012,0.788263,-0.115002,0.165024,0.769142,0.046072,0.307208,0.813283,-0.118005,0.19442,0.80273,0.001816,0.341978,0.798511,-0.184331
EH_Lat_2_4.13.26,53,621.29,1147.21,0,621.29,1147.21,0.9944,626.7,1163.34,0.8953,0.307238,0.389358,-0.104324,0.306696,0.377116,-0.095545,0.306096,0.376307,-0.095727,0.305625,0.375463,-0.095702,0.305093,0.376406,-0.112238,0.303664,0.37549,-0.112403,0.301963,0.3744,-0.11246,0.294991,0.373784,-0.042277,0.289666,0.372322,-0.115999,0.302504,0.399759,-0.0809,0.300717,0.398766,-0.103158,0.298085,0.434984,0.020036,0.245674,0.412717,-0.111169,0.297826,0.514001,0.010466,0.207657,0.483374,-0.148988,0.300662,0.58725,-0.098675,0.163203,0.538583,-0.176932,0.30127,0.610442,-0.115354,0.15199,0.553618,-0.190826,0.298239,0.608662,-0.13821,0.152444,0.554452,-0.225398,0.295835,0.601945,-0.111135,0.155936,0.55105,-0.192865,0.247765,0.568331,0.058822,0.232974,0.558736,-0.058914,0.248226,0.692416,0.018665,0.291632,0.65697,-0.113552,0.179118,0.764726,0.036053,0.313544,0.788504,-0.101818,0.16267,0.763998,0.033459,0.310174,0.814437,-0.102838,0.192667,0.809168,-0.018634,0.346512,0.796323,-0.165306
EH_Lat_2_4.13.26,54,588.71,1041.31,0,588.71,1041.31,0.9944,597.31,1059.47,0.9055,0.317771,0.407254,-0.190993,0.316709,0.39434,-0.184024,0.316025,0.393779,-0.184208,0.315528,0.39327,-0.184156,0.31519,0.393516,-0.201999,0.313812,0.392902,-0.202166,0.31222,0.392205,-0.202228,0.304814,0.392824,-0.130929,0.299741,0.391801,-0.210946,0.313248,0.41723,-0.167002,0.31136,0.417129,-0.191279,0.306307,0.450278,-0.059459,0.254466,0.431884,-0.196784,0.305117,0.524218,-0.045688,0.207683,0.474068,-0.219498,0.304703,0.593354,-0.12562,0.155549,0.490497,-0.253924,0.304654,0.614284,-0.136883,0.143443,0.494266,-0.275194,0.303116,0.614175,-0.16469,0.141736,0.498708,-0.293694,0.301317,0.607445,-0.139263,0.145602,0.50021,-0.263088,0.249219,0.573612,0.054048,0.234982,0.57086,-0.054133,0.245588,0.69752,0.028096,0.285551,0.658261,-0.085811,0.180796,0.774276,0.044344,0.314162,0.788946,-0.03814,0.161445,0.765906,0.041626,0.309688,0.814647,-0.037252,0.192062,0.8097,-0.028155,0.339238,0.800361,-0.112154
EH_Lat_2_4.13.26,55,634.56,902.59,0,634.56,902.59,0.9934,628.68,920.57,0.9149,0.329032,0.420844,-0.218898,0.327173,0.408515,-0.209319,0.326538,0.408266,-0.209484,0.3258,0.40793,-0.209427,0.326007,0.407749,-0.23013,0.324187,0.406804,-0.230255,0.322096,0.405821,-0.230278,0.3138,0.406479,-0.149085,0.311006,0.405665,-0.242952,0.323928,0.430898,-0.19348,0.322433,0.430564,-0.221794,0.31217,0.460103,-0.076683,0.262461,0.436893,-0.232966,0.315563,0.531103,-0.058212,0.210157,0.436144,-0.257772,0.310196,0.593219,-0.134021,0.163718,0.426188,-0.285665,0.3084,0.613304,-0.145259,0.151646,0.423008,-0.308024,0.308001,0.612367,-0.171647,0.150463,0.424659,-0.324367,0.30554,0.605015,-0.147056,0.154477,0.427256,-0.294492,0.255449,0.580001,0.055276,0.237331,0.579765,-0.055351,0.29975,0.67214,0.031567,0.242585,0.697586,-0.073918,0.311086,0.788213,0.047591,0.178053,0.772861,-0.00821,0.305288,0.811873,0.044287,0.162036,0.778705,-0.004448,0.343114,0.809662,-0.020945,0.195222,0.81083,-0.066097
EH_Lat_2_4.13.26,56,730.18,812.94,0,730.18,812.94,0.9913,684.97,926.66,0.923,0.339363,0.424621,-0.170722,0.33621,0.4115,-0.16299,0.335101,0.411053,-0.163139,0.33386,0.410571,-0.163091,0.335542,0.411445,-0.182888,0.333927,0.411096,-0.183006,0.332049,0.410944,-0.183028,0.322566,0.41129,-0.11416,0.321479,0.412602,-0.203757,0.334722,0.435211,-0.149564,0.333404,0.435598,-0.176702,0.317022,0.471527,-0.048477,0.274692,0.443114,-0.208946,0.324773,0.53845,-0.038505,0.227587,0.426683,-0.238751,0.321025,0.598665,-0.120168,0.178377,0.429009,-0.266359,0.315814,0.614204,-0.132279,0.188974,0.421868,-0.290013,0.313946,0.609559,-0.15637,0.186062,0.423114,-0.300512,0.314104,0.604964,-0.132503,0.184797,0.428259,-0.27276,0.260637,0.58876,0.055989,0.244569,0.590599,-0.056047,0.312557,0.667074,0.039703,0.235313,0.705342,-0.084827,0.316983,0.792096,0.05532,0.169379,0.770973,-0.044939,0.308877,0.81858,0.050498,0.153542,0.777049,-0.043657,0.350619,0.809515,-0.013059,0.189612,0.811199,-0.106989
EH_Lat_2_4.13.26,57,820.69,746.31,0,820.69,746.31,0.9939,802.13,819.19,0.9266,0.349243,0.423486,-0.087112,0.346399,0.412312,-0.082014,0.345413,0.412232,-0.082099,0.344337,0.412056,-0.081994,0.345672,0.412285,-0.10078,0.344273,0.412409,-0.100921,0.342711,0.412527,-0.100934,0.333095,0.413691,-0.050122,0.332157,0.41581,-0.134172,0.344581,0.434608,-0.071423,0.343455,0.435455,-0.097044,0.313949,0.463045,-0.002601,0.309797,0.45663,-0.134821,0.321334,0.524072,0.055595,0.26494,0.435366,-0.123113,0.314062,0.526846,0.052395,0.208889,0.379256,-0.08596,0.307332,0.522255,0.053927,0.200188,0.341794,-0.094918,0.306934,0.516229,0.041748,0.199297,0.340496,-0.10552,0.309987,0.5193,0.046834,0.201648,0.347749,-0.090743,0.26467,0.587912,0.054641,0.259427,0.58996,-0.054678,0.316102,0.667008,0.045857,0.25693,0.697948,-0.071498,0.288475,0.801604,0.040532,0.200486,0.773359,-0.038267,0.279386,0.826005,0.034858,0.183657,0.782266,-0.035781,0.308854,0.811049,-0.015044,0.194862,0.810861,-0.078187
EH_Lat_2_4.13.26,58,893.58,712.23,0,893.58,712.23,0.9738,844.74,718.69,0.9335,0.357314,0.418944,-0.09613,0.354935,0.407734,-0.086962,0.35447,0.40763,-0.087113,0.354024,0.407451,-0.087048,0.353487,0.407244,-0.1033,0.35193,0.406928,-0.10347,0.350159,0.406599,-0.103519,0.344444,0.408346,-0.034647,0.340191,0.408266,-0.102034,0.353787,0.430649,-0.074739,0.352261,0.430743,-0.096415,0.343961,0.471869,0.011915,0.298899,0.44744,-0.097359,0.347151,0.544669,0.015507,0.260548,0.384704,-0.106362,0.321334,0.571579,-0.080261,0.219983,0.332728,-0.126032,0.310859,0.576034,-0.094126,0.20502,0.319019,-0.14119,0.311831,0.567537,-0.108909,0.202136,0.3159,-0.153653,0.316671,0.566498,-0.089104,0.210222,0.322204,-0.132581,0.279543,0.591148,0.05515,0.270999,0.586105,-0.05519,0.251537,0.687861,0.034796,0.332247,0.679784,-0.080205,0.187648,0.771858,0.035576,0.314211,0.790559,-0.046745,0.173291,0.771916,0.031561,0.304567,0.809446,-0.044746,0.19305,0.811961,-0.019858,0.344812,0.821034,-0.089947
EH_Lat_2_4.13.26,59,931.63,712.3,0,931.63,712.3,0.9892,926.68,699.81,0.9393,0.367417,0.414998,-0.060504,0.363934,0.40298,-0.05169,0.363261,0.402555,-0.051831,0.362557,0.402106,-0.05176,0.362647,0.402412,-0.066836,0.361069,0.401768,-0.066999,0.359334,0.401127,-0.067023,0.352843,0.402223,-0.005418,0.349749,0.402107,-0.070873,0.363987,0.425375,-0.040456,0.362606,0.42519,-0.060486,0.342646,0.466766,0.041199,0.311006,0.442911,-0.073637,0.346609,0.531763,0.003132,0.278537,0.409027,-0.100248,0.333485,0.56732,-0.135568,0.241324,0.323984,-0.126813,0.329065,0.574558,-0.155837,0.232451,0.304363,-0.142848,0.330267,0.561905,-0.169586,0.233601,0.298917,-0.151443,0.331886,0.561408,-0.145358,0.235146,0.308036,-0.132008,0.288751,0.588946,0.051111,0.290346,0.587543,-0.051231,0.255858,0.690205,0.032295,0.348132,0.678868,-0.048457,0.193248,0.753371,0.009039,0.326037,0.798266,-0.01198,0.178343,0.747353,0.003388,0.313103,0.818602,-0.00921,0.186276,0.808698,-0.039404,0.350955,0.828211,-0.034618
EH_Lat_2_4.13.26,60,949.69,734.19,0,949.69,734.19,0.9805,939.86,709.41,0.9441,0.377379,0.410311,-0.077766,0.374375,0.399702,-0.066091,0.373896,0.39974,-0.066247,0.373498,0.399775,-0.066177,0.372696,0.399267,-0.082955,0.370966,0.39902,-0.083156,0.369052,0.398781,-0.083246,0.36412,0.401881,-0.0041,0.358796,0.401127,-0.078186,0.373608,0.423954,-0.053062,0.371756,0.424262,-0.075531,0.368806,0.461665,0.050764,0.318789,0.441957,-0.079592,0.351995,0.526399,0.051937,0.279176,0.384146,-0.100901,0.335746,0.5556,-0.03394,0.244755,0.32843,-0.128842,0.330604,0.559654,-0.043572,0.236606,0.307018,-0.145607,0.332142,0.552957,-0.059397,0.238953,0.301203,-0.15505,0.334089,0.550679,-0.043138,0.241056,0.311162,-0.134181,0.312808,0.592396,0.051735,0.302303,0.586742,-0.051828,0.275095,0.695296,0.037427,0.356713,0.679087,-0.110743,0.207167,0.732606,0.060875,0.327773,0.801065,-0.063717,0.193019,0.71974,0.060029,0.314216,0.819415,-0.059875,0.195911,0.790191,-0.000482,0.352519,0.838168,-0.121508
EH_Lat_2_4.13.26,61,956.42,804.76,0,956.42,804.76,0.9861,946.09,784.01,0.9291,0.387536,0.400974,-0.076677,0.384633,0.391849,-0.063381,0.384429,0.391966,-0.063509,0.38433,0.392062,-0.063427,0.382436,0.392352,-0.083011,0.380516,0.393291,-0.083221,0.378524,0.394449,-0.083296,0.374231,0.398244,0.002475,0.367801,0.399522,-0.085048,0.383623,0.417301,-0.050001,0.381037,0.419852,-0.07624,0.377408,0.460928,0.059913,0.333458,0.43838,-0.090966,0.36476,0.523911,0.047381,0.287894,0.399861,-0.105199,0.366332,0.522438,-0.101037,0.246377,0.362965,-0.107311,0.365845,0.519768,-0.119128,0.235642,0.352535,-0.119492,0.369347,0.509994,-0.132531,0.236253,0.348933,-0.130945,0.369434,0.509965,-0.111451,0.239962,0.354725,-0.112727,0.327474,0.59443,0.052842,0.320157,0.589833,-0.052928,0.304995,0.70329,0.038418,0.364169,0.682693,-0.108581,0.230583,0.71751,0.059545,0.328262,0.800713,-0.042625,0.218662,0.70397,0.05621,0.314632,0.817146,-0.036048,0.212132,0.767991,-0.00102,0.348731,0.84762,-0.08614
EH_Lat_2_4.13.26,62,972.41,889.32,0,972.41,889.32,0.9945,981.97,876.18,0.9338,0.40009,0.39073,-0.095113,0.396387,0.381683,-0.083348,0.395945,0.381733,-0.083483,0.395678,0.381597,-0.083422,0.394362,0.382426,-0.102954,0.392356,0.383572,-0.103199,0.390292,0.384973,-0.103291,0.386362,0.388422,-0.022246,0.379772,0.394482,-0.111697,0.397697,0.40401,-0.070486,0.394803,0.407302,-0.096859,0.385531,0.449858,0.049912,0.356805,0.436661,-0.121836,0.378745,0.507731,0.128336,0.304789,0.420468,-0.155684,0.400416,0.523415,0.172561,0.255723,0.40564,-0.16731,0.407129,0.524087,0.188874,0.240241,0.404238,-0.172611,0.409523,0.51764,0.16472,0.239014,0.405509,-0.183862,0.40617,0.516842,0.163141,0.243901,0.407139,-0.173022,0.342003,0.592868,0.0542,0.338264,0.589598,-0.054318,0.336463,0.702509,0.054664,0.371673,0.687871,-0.098071,0.265687,0.709467,0.068932,0.331857,0.799979,-0.03906,0.251719,0.696755,0.06768,0.316762,0.816001,-0.03366,0.250341,0.760835,0.030924,0.348921,0.849176,-0.072474
EH_Lat_2_4.13.26,63,1018.55,1041.54,0,1018.55,1041.54,0.9935,1027.59,1022.63,0.9395,0.410362,0.38492,-0.159873,0.407689,0.374965,-0.14618,0.407682,0.374849,-0.14634,0.407865,0.374628,-0.146304,0.404891,0.375594,-0.168355,0.402921,0.376514,-0.168586,0.40073,0.377607,-0.168708,0.400046,0.380696,-0.074057,0.390871,0.386698,-0.174969,0.408478,0.397398,-0.130767,0.405125,0.400167,-0.160729,0.394425,0.44327,0.024591,0.371647,0.435549,-0.188075,0.390687,0.507951,0.145937,0.321127,0.457941,-0.245867,0.42102,0.52465,0.207003,0.267603,0.473442,-0.29328,0.430277,0.523207,0.227317,0.252362,0.481136,-0.312887,0.433201,0.517685,0.197617,0.250923,0.484669,-0.323269,0.429616,0.518553,0.195871,0.255972,0.48309,-0.299446,0.357629,0.592793,0.064136,0.348715,0.588898,-0.064244,0.368077,0.70076,0.083188,0.377929,0.689428,-0.097006,0.30293,0.719038,0.126996,0.333747,0.79959,-0.0275,0.287556,0.709947,0.128096,0.320122,0.815849,-0.021585,0.295219,0.770519,0.085116,0.335498,0.841703,-0.066162
EH_Lat_2_4.13.26,64,1144.74,1175.66,0,1144.74,1175.66,0.9959,1125.73,1173.07,0.9456,0.422382,0.380228,-0.217551,0.419522,0.369788,-0.205112,0.419147,0.369621,-0.205285,0.418905,0.369387,-0.205247,0.417658,0.370024,-0.228115,0.415894,0.370532,-0.228325,0.414135,0.371212,-0.228424,0.410174,0.374504,-0.131903,0.404169,0.379,-0.237096,0.419746,0.392674,-0.187581,0.417108,0.394472,-0.218752,0.404586,0.435507,-0.031497,0.388623,0.435788,-0.2481,0.402542,0.504232,0.100031,0.34208,0.490269,-0.313234,0.441322,0.509574,0.111146,0.293159,0.543086,-0.383794,0.4513,0.511435,0.121355,0.282779,0.561113,-0.414016,0.454856,0.507905,0.092864,0.283593,0.564991,-0.425553,0.449651,0.50715,0.099609,0.287379,0.561069,-0.391112,0.381279,0.591883,0.069353,0.363129,0.588415,-0.069429,0.40533,0.688059,0.098994,0.383572,0.701065,-0.096278,0.33983,0.726125,0.203096,0.335875,0.799568,-0.025032,0.325168,0.719576,0.210801,0.319499,0.814614,-0.019302,0.343468,0.769247,0.181845,0.348159,0.85317,-0.070581
EH_Lat_2_4.13.26,65,1331.06,1286.2,0,1331.06,1286.2,0.996,1329.95,1280.62,0.9508,0.434433,0.375737,-0.136424,0.431705,0.365029,-0.124678,0.431044,0.365003,-0.12475,0.430436,0.364992,-0.12474,0.430319,0.364735,-0.149759,0.428648,0.364887,-0.14994,0.426819,0.365143,-0.14999,0.42089,0.369375,-0.062667,0.416872,0.371745,-0.191392,0.430567,0.388245,-0.111148,0.428814,0.389636,-0.145637,0.415851,0.432405,0.024701,0.40241,0.435605,-0.184641,0.427098,0.501771,0.099281,0.372098,0.517935,-0.228189,0.472772,0.498631,0.030294,0.346342,0.59288,-0.267315,0.483212,0.501237,0.02525,0.337778,0.616665,-0.29106,0.485384,0.496283,0.003411,0.341053,0.623105,-0.301421,0.480523,0.495863,0.018535,0.344992,0.614067,-0.273155,0.394499,0.590886,0.067537,0.378092,0.587917,-0.067604,0.435877,0.657772,0.080376,0.387109,0.705272,-0.104438,0.387669,0.731302,0.148939,0.338768,0.799121,-0.047786,0.374735,0.745914,0.152458,0.324347,0.808905,-0.043707,0.405653,0.77662,0.112465,0.352096,0.854122,-0.103769
EH_Lat_2_4.13.26,66,1561.65,1347.62,0,1561.65,1347.62,0.9947,1563.31,1345.4,0.952,0.445766,0.370164,-0.134784,0.442307,0.360212,-0.124481,0.441671,0.360047,-0.124527,0.441116,0.359798,-0.124541,0.440996,0.360388,-0.144012,0.439455,0.36051,-0.144212,0.437961,0.360611,-0.144243,0.43236,0.364617,-0.059475,0.428768,0.367005,-0.163316,0.442311,0.382274,-0.10758,0.441005,0.383264,-0.136557,0.426706,0.426837,0.029445,0.414804,0.428463,-0.188089,0.453137,0.489813,0.103952,0.404463,0.522339,-0.229633,0.497464,0.489526,0.105121,0.407111,0.62287,-0.246737,0.506023,0.490377,0.111681,0.407311,0.648933,-0.270051,0.509596,0.485185,0.088145,0.412296,0.649959,-0.275858,0.504788,0.484073,0.095157,0.412661,0.640506,-0.250415,0.405099,0.578662,0.068048,0.389325,0.577133,-0.068087,0.461022,0.628684,0.07568,0.388684,0.703939,-0.11165,0.437625,0.732919,0.140818,0.338301,0.798794,-0.070956,0.426915,0.759078,0.144932,0.324136,0.804787,-0.068605,0.466608,0.7742,0.103338,0.34992,0.855128,-0.130839
EH_Lat_2_4.13.26,67,1814.0,1282.0,0,1830.1,1265.79,0.9938,1817.36,1270.15,0.9399,0.458813,0.365627,-0.091623,0.455318,0.355306,-0.080516,0.454621,0.354821,-0.080613,0.453847,0.354229,-0.080598,0.454159,0.355366,-0.103395,0.452469,0.354929,-0.103543,0.450578,0.354443,-0.103592,0.444591,0.357566,-0.026563,0.440697,0.359404,-0.133255,0.454455,0.377351,-0.068933,0.453118,0.377732,-0.100344,0.435339,0.41907,0.054022,0.426758,0.422542,-0.174608,0.472704,0.464931,0.104665,0.444174,0.510881,-0.228767,0.519035,0.478448,0.073959,0.473272,0.588031,-0.186149,0.529474,0.483585,0.075303,0.478875,0.610297,-0.209374,0.532104,0.47999,0.053099,0.481548,0.607267,-0.20766,0.527554,0.477972,0.063724,0.479821,0.598129,-0.185963,0.411847,0.563212,0.067869,0.401508,0.565548,-0.067906,0.477961,0.61706,0.073832,0.391647,0.701544,-0.115993,0.489393,0.73416,0.122576,0.340067,0.798624,-0.083035,0.484171,0.760873,0.123762,0.324865,0.804268,-0.081449,0.521747,0.748102,0.081856,0.349046,0.857458,-0.147962
EH_Lat_2_4.13.26,68,2030.0,1138.0,0,2027.3,1137.16,0.985,1996.56,1170.41,0.9446,0.471715,0.360228,-0.162553,0.468534,0.349464,-0.152056,0.4679,0.349298,-0.152217,0.467329,0.34908,-0.152201,0.466941,0.34945,-0.174074,0.465273,0.349382,-0.174211,0.463451,0.349316,-0.174295,0.458443,0.352852,-0.09177,0.453766,0.354186,-0.192212,0.468567,0.371698,-0.13736,0.46701,0.372157,-0.167534,0.459558,0.410172,-0.010947,0.438871,0.419471,-0.224307,0.498541,0.451851,0.021156,0.476884,0.494558,-0.270474,0.542432,0.469079,-0.038314,0.519939,0.541855,-0.281639,0.552414,0.469731,-0.044841,0.532213,0.557288,-0.317492,0.554117,0.471296,-0.072295,0.535105,0.554038,-0.314364,0.550523,0.47105,-0.051134,0.531366,0.549445,-0.282568,0.440299,0.558554,0.066383,0.416105,0.564988,-0.066351,0.502736,0.60921,0.079885,0.390492,0.696364,-0.112785,0.53075,0.725007,0.157461,0.341915,0.798282,-0.073012,0.53038,0.758752,0.160476,0.327947,0.801971,-0.07136,0.563962,0.719092,0.10393,0.347368,0.857933,-0.146308
EH_Lat_2_4.13.26,69,2124.61,930.27,0,2124.61,930.27,0.9702,2125.41,967.48,0.9309,0.486511,0.358282,-0.114365,0.483942,0.34686,-0.104705,0.483218,0.34646,-0.104865,0.482439,0.345985,-0.104836,0.482701,0.346671,-0.128367,0.481268,0.346322,-0.128499,0.479503,0.345803,-0.128585,0.47261,0.3484,-0.050561,0.468949,0.348849,-0.166002,0.482747,0.369057,-0.091174,0.481404,0.368793,-0.124006,0.47508,0.404914,0.018459,0.448383,0.404591,-0.19588,0.517474,0.426824,0.045474,0.50511,0.439139,-0.256946,0.558671,0.437802,-0.013311,0.553491,0.447905,-0.26663,0.56912,0.443939,-0.017577,0.564963,0.457251,-0.299562,0.570469,0.443231,-0.041564,0.566984,0.449344,-0.292103,0.565851,0.441426,-0.025055,0.562624,0.4469,-0.26588,0.46236,0.555133,0.066079,0.435502,0.559583,-0.066059,0.524179,0.613555,0.104976,0.397611,0.684583,-0.117867,0.561955,0.710954,0.193043,0.349227,0.795792,-0.083155,0.560906,0.73672,0.197036,0.338935,0.800946,-0.082592,0.593432,0.706261,0.139741,0.34441,0.854782,-0.16484
EH_Lat_2_4.13.26,70,2131.39,731.21,0,2131.39,731.21,0.9718,2165.55,718.57,0.9368,0.49826,0.358828,-0.038755,0.495622,0.349125,-0.025712,0.495162,0.348594,-0.025875,0.494755,0.348067,-0.025844,0.494159,0.348961,-0.048687,0.492645,0.348326,-0.048864,0.491049,0.347573,-0.048952,0.487283,0.349903,0.031062,0.481973,0.349005,-0.074335,0.495812,0.368253,-0.015316,0.494672,0.367575,-0.046905,0.491781,0.405448,0.088357,0.461069,0.388728,-0.127278,0.523413,0.434821,0.141534,0.517612,0.36824,-0.213253,0.564203,0.445212,0.115134,0.563946,0.332671,-0.224989,0.57493,0.451666,0.120148,0.576628,0.332529,-0.26154,0.575781,0.449843,0.091298,0.580398,0.328257,-0.240972,0.571504,0.44877,0.102631,0.575323,0.32819,-0.220079,0.488822,0.555842,0.056177,0.455748,0.559766,-0.056245,0.541514,0.626223,0.090979,0.40917,0.679345,-0.092959,0.58416,0.705725,0.185418,0.360041,0.783774,-0.061345,0.58386,0.725076,0.191213,0.358997,0.800829,-0.062742,0.608575,0.717946,0.148187,0.336069,0.803716,-0.142836
EH_Lat_2_4.13.26,71,2049.0,551.0,0,2031.42,545.08,0.9878,2076.34,541.95,0.9406,0.512077,0.360905,-0.241446,0.51229,0.350593,-0.231473,0.512524,0.350565,-0.231713,0.512834,0.350656,-0.231734,0.509307,0.35005,-0.245037,0.507302,0.35045,-0.245228,0.505213,0.350488,-0.245323,0.507927,0.350959,-0.156936,0.496481,0.353139,-0.218101,0.509681,0.368472,-0.209653,0.507065,0.370879,-0.228699,0.512104,0.410062,-0.083856,0.470925,0.388422,-0.186245,0.540464,0.436993,-0.015566,0.507128,0.319716,-0.265266,0.576336,0.451689,-0.013269,0.540714,0.250903,-0.31782,0.582016,0.459344,-0.01353,0.551199,0.235536,-0.350327,0.582302,0.458063,-0.043266,0.552308,0.231327,-0.341672,0.579574,0.455284,-0.024877,0.549306,0.237286,-0.318111,0.511078,0.557201,0.020149,0.47782,0.56115,-0.020279,0.553821,0.636769,0.02093,0.431493,0.671137,-0.040654,0.603463,0.707596,0.151516,0.375416,0.774341,-0.058132,0.605787,0.71471,0.174672,0.374145,0.799186,-0.06249,0.622023,0.72374,0.126002,0.338206,0.760631,-0.137034
EH_Lat_2_4.13.26,72,1882.0,471.0,0,1872.89,448.81,0.9889,1797.65,976.26,0.941,0.534684,0.365696,-0.218027,0.532195,0.356497,-0.21089,0.531729,0.356557,-0.211113,0.531397,0.356594,-0.211122,0.530545,0.355646,-0.221139,0.528864,0.355616,-0.221345,0.52712,0.355271,-0.22142,0.525752,0.356526,-0.148867,0.518312,0.355571,-0.195265,0.531004,0.374368,-0.191009,0.529514,0.373889,-0.20566,0.533936,0.415146,-0.103323,0.483072,0.392845,-0.140281,0.559301,0.447295,-0.070171,0.470831,0.363346,-0.161082,0.577271,0.462448,-0.098568,0.468138,0.451974,-0.229909,0.579616,0.467554,-0.107614,0.47015,0.475018,-0.248094,0.578234,0.466647,-0.129388,0.471674,0.479216,-0.268349,0.576693,0.464495,-0.107622,0.471624,0.472964,-0.240843,0.52934,0.55948,0.003292,0.496872,0.56263,-0.003449,0.570276,0.651256,0.015898,0.45105,0.671403,-0.030345,0.617365,0.723529,0.096373,0.395729,0.767929,-0.044703,0.61945,0.734323,0.100793,0.393351,0.793702,-0.05162,0.632969,0.767499,0.041484,0.363096,0.764812,-0.135381
EH_Lat_2_4.13.26,73,1732.04,580.81,0,1732.04,580.81,0.9889,1750.43,579.35,0.9461,0.560007,0.370718,-0.226687,0.556039,0.362835,-0.217431,0.555351,0.362401,-0.217666,0.554807,0.361933,-0.217633,0.554671,0.36221,-0.234805,0.553011,0.361573,-0.235048,0.550913,0.360616,-0.235182,0.546627,0.361531,-0.154198,0.540865,0.36051,-0.233951,0.556488,0.380691,-0.199245,0.55475,0.379389,-0.223512,0.553929,0.424456,-0.081201,0.507946,0.396065,-0.206701,0.56679,0.471918,-0.020191,0.477603,0.337541,-0.271006,0.582092,0.483761,0.103635,0.455842,0.268216,-0.328292,0.583814,0.486741,0.121348,0.45173,0.248641,-0.354159,0.582367,0.486228,0.09393,0.453962,0.243118,-0.349295,0.58008,0.480619,0.095055,0.455354,0.24952,-0.329975,0.544151,0.564519,0.023194,0.517258,0.56476,-0.023304,0.583086,0.664788,0.026767,0.473064,0.67234,-0.056476,0.622439,0.758783,0.10431,0.416625,0.768685,-0.004684,0.619109,0.776252,0.107722,0.413693,0.782839,-0.001738,0.644351,0.799598,0.045544,0.396807,0.785676,-0.07562
EH_Lat_2_4.13.26,74,1687.55,788.71,0,1687.55,788.71,0.9837,1715.31,742.94,0.9511,0.581103,0.378801,-0.143077,0.576874,0.371741,-0.133228,0.575972,0.371914,-0.133415,0.575252,0.371998,-0.133312,0.575546,0.371577,-0.151739,0.573942,0.371699,-0.151963,0.572122,0.371528,-0.152077,0.567562,0.374585,-0.073343,0.562572,0.373689,-0.158178,0.577643,0.389841,-0.117828,0.576023,0.388606,-0.143681,0.574018,0.434682,-0.015284,0.528763,0.408281,-0.153875,0.568328,0.492257,0.00054,0.485815,0.345298,-0.189612,0.569976,0.511976,-0.065034,0.446696,0.343953,-0.231329,0.569606,0.520166,-0.074219,0.427511,0.340409,-0.251356,0.575906,0.511812,-0.093444,0.4252,0.338039,-0.258859,0.570576,0.505446,-0.075434,0.431106,0.339884,-0.237116,0.561033,0.576877,0.036042,0.533053,0.573994,-0.036179,0.593305,0.678506,0.08479,0.497148,0.679547,-0.070332,0.626284,0.775503,0.137058,0.43964,0.770109,-0.040346,0.623272,0.794571,0.136589,0.429326,0.78281,-0.040098,0.650228,0.8092,0.055257,0.435013,0.819184,-0.134994
EH_Lat_2_4.13.26,75,1752.39,1092.04,0,1752.39,1092.04,0.9923,1740.09,1071.16,0.9554,0.600491,0.387878,-0.189078,0.597347,0.378765,-0.178812,0.596237,0.378646,-0.178982,0.595245,0.378497,-0.178902,0.596245,0.378547,-0.198835,0.594515,0.378408,-0.199028,0.59286,0.37809,-0.19912,0.587115,0.381645,-0.112497,0.583123,0.380479,-0.203515,0.596067,0.399724,-0.161222,0.595095,0.398417,-0.188667,0.58852,0.446083,-0.038096,0.546949,0.431363,-0.188809,0.576952,0.509044,-0.015009,0.496382,0.465023,-0.202149,0.583869,0.552828,-0.083727,0.453148,0.495906,-0.238548,0.587543,0.56726,-0.092444,0.438162,0.506688,-0.259973,0.589589,0.561795,-0.117283,0.436505,0.509413,-0.268119,0.587707,0.557593,-0.095909,0.442639,0.505436,-0.244761,0.570667,0.583101,0.043555,0.543884,0.576438,-0.043646,0.603671,0.679235,0.075021,0.519273,0.693045,-0.071606,0.627886,0.775742,0.136898,0.469901,0.780393,-0.029669,0.622428,0.79429,0.137436,0.458901,0.785964,-0.028638,0.650077,0.811532,0.056076,0.460593,0.825396,-0.117257
EH_Lat_2_4.13.26,76,1998.34,1326.52,0,1998.34,1326.52,0.99,1991.67,1327.17,0.9588,0.618105,0.389442,-0.180488,0.613462,0.379823,-0.170631,0.61204,0.379703,-0.170803,0.610576,0.379523,-0.170746,0.613239,0.380026,-0.192291,0.611973,0.380182,-0.192462,0.610714,0.38018,-0.192545,0.601747,0.382558,-0.112956,0.601497,0.38334,-0.21948,0.612129,0.401907,-0.15486,0.611907,0.401516,-0.185332,0.58672,0.443292,-0.036959,0.576056,0.445351,-0.227313,0.574021,0.513343,-0.00358,0.540583,0.530831,-0.230951,0.587149,0.565545,-0.054428,0.518663,0.614432,-0.226174,0.591105,0.577544,-0.05987,0.513169,0.63173,-0.246286,0.594758,0.576106,-0.084379,0.513512,0.633393,-0.254673,0.592039,0.569685,-0.066087,0.516029,0.62863,-0.230056,0.578823,0.58175,0.054674,0.554702,0.581697,-0.054748,0.606969,0.676108,0.091645,0.537875,0.696068,-0.026655,0.62733,0.773596,0.159291,0.493336,0.780259,0.069031,0.620342,0.792437,0.160987,0.484098,0.784258,0.07566,0.650109,0.811135,0.100622,0.484808,0.824267,0.012941
EH_Lat_2_4.13.26,77,2352.54,1360.05,0,2352.54,1360.05,0.9887,2309.84,1343.3,0.9429,0.624983,0.389257,-0.195365,0.621219,0.378792,-0.187444,0.619982,0.378611,-0.187632,0.618716,0.378391,-0.187605,0.621085,0.378875,-0.209939,0.61983,0.378887,-0.210098,0.618462,0.378761,-0.210199,0.608636,0.381264,-0.135442,0.608716,0.381766,-0.237791,0.619981,0.401787,-0.172112,0.619608,0.401426,-0.202698,0.593666,0.442835,-0.052406,0.582929,0.446573,-0.249361,0.592758,0.527778,-0.005131,0.586317,0.545883,-0.255557,0.605219,0.600792,-0.043032,0.601522,0.6219,-0.231473,0.610301,0.623601,-0.046213,0.606763,0.644472,-0.254097,0.613391,0.622231,-0.071279,0.610657,0.638316,-0.256197,0.611322,0.616156,-0.054127,0.609094,0.63155,-0.232532,0.581082,0.581183,0.056228,0.558064,0.580921,-0.056269,0.606056,0.674397,0.1255,0.547556,0.694736,-0.007265,0.625938,0.775099,0.217062,0.507595,0.764602,0.125041,0.620108,0.795182,0.221729,0.499546,0.762782,0.135995,0.647181,0.811446,0.16958,0.495707,0.806234,0.086219
EH_Lat_2_4.13.26,78,2557.17,1206.12,0,2557.17,1206.12,0.9873,2550.02,1209.64,0.9467,0.629196,0.387555,-0.077415,0.626191,0.3773,-0.068051,0.625076,0.377199,-0.068198,0.623937,0.376984,-0.068134,0.626319,0.377754,-0.09087,0.625374,0.378105,-0.091026,0.624429,0.37827,-0.09109,0.615271,0.380214,-0.019796,0.616023,0.381244,-0.123675,0.624398,0.399819,-0.055891,0.624728,0.400098,-0.086949,0.591043,0.428195,0.055155,0.597967,0.440346,-0.161221,0.587718,0.520835,0.098037,0.626019,0.517163,-0.177151,0.594959,0.565886,0.048718,0.664068,0.560019,-0.144529,0.595023,0.580526,0.046959,0.672801,0.573198,-0.16855,0.598124,0.577831,0.026653,0.675776,0.56595,-0.159289,0.598999,0.573018,0.039651,0.673033,0.560234,-0.14076,0.574353,0.573664,0.059328,0.559539,0.576003,-0.059389,0.602401,0.673353,0.106377,0.551329,0.691216,-0.026614,0.621896,0.774683,0.194867,0.515429,0.744337,0.099745,0.616438,0.794361,0.200596,0.509443,0.740804,0.111524,0.64397,0.809778,0.167385,0.502275,0.790084,0.082066
EH_Lat_2_4.13.26,79,2693.2,1043.43,0,2693.2,1043.43,0.9907,2683.26,1106.56,0.943,0.630319,0.385306,-0.072892,0.626996,0.374287,-0.065419,0.625807,0.374188,-0.065585,0.624633,0.374027,-0.06551,0.626988,0.374394,-0.086541,0.625877,0.3746,-0.086694,0.624766,0.374745,-0.086779,0.616638,0.376071,-0.02017,0.616683,0.377458,-0.11624,0.624789,0.398014,-0.052143,0.624468,0.398052,-0.080911,0.599282,0.417394,0.050325,0.603431,0.425751,-0.160284,0.592835,0.492451,0.080556,0.655721,0.507686,-0.197916,0.594621,0.546937,0.034472,0.698765,0.512296,-0.180397,0.593186,0.563421,0.031526,0.708699,0.518251,-0.206667,0.595974,0.561092,0.013791,0.710264,0.510596,-0.194848,0.597447,0.554832,0.026305,0.706586,0.505504,-0.176303,0.579325,0.569065,0.058575,0.563269,0.569208,-0.058623,0.601631,0.672755,0.104118,0.556204,0.681741,-0.000519,0.619699,0.774343,0.191979,0.51953,0.721099,0.15618,0.614027,0.793068,0.197832,0.512752,0.716506,0.171053,0.642254,0.80939,0.161527,0.510115,0.770859,0.145363
EH_Lat_2_4.13.26,80,2739.16,930.08,0,2739.16,930.08,0.9924,2478.1,839.38,0.948,0.634364,0.38181,-0.058204,0.632284,0.370286,-0.047674,0.631606,0.370339,-0.047856,0.630939,0.37019,-0.047792,0.631507,0.36976,-0.066568,0.630291,0.369677,-0.066707,0.629051,0.369427,-0.066783,0.624309,0.373639,0.004009,0.621354,0.373927,-0.081368,0.63095,0.39413,-0.036714,0.629796,0.39417,-0.062418,0.61456,0.420062,0.057641,0.600129,0.40968,-0.123182,0.600815,0.492491,0.084139,0.626871,0.429033,-0.199389,0.598307,0.545468,0.043981,0.645339,0.388604,-0.258287,0.596962,0.561293,0.042396,0.647869,0.377142,-0.288945,0.598659,0.558906,0.02362,0.648654,0.373236,-0.277273,0.599472,0.552236,0.035466,0.647265,0.37764,-0.256634,0.589297,0.565862,0.052419,0.56671,0.560677,-0.052462,0.603864,0.671611,0.034219,0.561594,0.675133,-0.012445,0.617187,0.772651,0.083432,0.521516,0.699884,0.133626,0.611412,0.791306,0.0849,0.513348,0.692097,0.147519,0.639484,0.808212,0.034685,0.519709,0.755227,0.11821
EH_Lat_2_4.13.26,81,2759.45,876.41,0,2759.45,876.41,0.9926,2370.33,824.62,0.9395,0.639277,0.366364,-0.039422,0.635869,0.356583,-0.027245,0.63491,0.356497,-0.027416,0.633987,0.356262,-0.027369,0.63539,0.355873,-0.048197,0.634071,0.355796,-0.048343,0.632789,0.355282,-0.048424,0.627242,0.359919,0.028342,0.62548,0.358928,-0.067332,0.635878,0.378187,-0.017238,0.635036,0.377966,-0.045752,0.615903,0.419649,0.082622,0.606506,0.400952,-0.119535,0.594727,0.491843,0.114839,0.604947,0.404559,-0.268522,0.597091,0.547782,0.082595,0.617273,0.381767,-0.383414,0.596906,0.564664,0.082013,0.618046,0.385666,-0.422154,0.599161,0.562751,0.060435,0.62021,0.381649,-0.407852,0.599705,0.55547,0.072728,0.617825,0.380116,-0.382037,0.595308,0.56227,0.055206,0.575682,0.55412,-0.055237,0.608636,0.669282,0.040502,0.568879,0.666828,-0.023618,0.616099,0.771435,0.073715,0.526007,0.688098,0.09318,0.609857,0.789781,0.072545,0.516724,0.681042,0.103389,0.639855,0.809077,0.016291,0.523385,0.74407,0.06486
EH_Lat_2_4.13.26,82,2766.01,856.11,0,2766.01,856.11,0.9942,2386.19,796.82,0.9332,0.643174,0.362044,-0.035533,0.640533,0.351375,-0.024768,0.639582,0.351215,-0.024946,0.638656,0.350935,-0.024927,0.640138,0.350585,-0.045386,0.639025,0.350206,-0.045534,0.637918,0.349672,-0.045616,0.63209,0.35313,0.025528,0.631039,0.352395,-0.06907,0.639215,0.372613,-0.014884,0.638601,0.372365,-0.043068,0.619038,0.411721,0.080915,0.611597,0.391703,-0.117699,0.615892,0.458066,0.147136,0.614256,0.399803,-0.268747,0.626099,0.48764,0.163207,0.621404,0.3689,-0.384156,0.627353,0.496099,0.17056,0.620607,0.358382,-0.420696,0.628853,0.493933,0.1509,0.621433,0.356585,-0.409658,0.629237,0.489757,0.155374,0.621229,0.361267,-0.384315,0.598959,0.556248,0.055008,0.583683,0.547784,-0.055051,0.61168,0.668959,0.036329,0.576234,0.666309,-0.021131,0.616458,0.770773,0.070715,0.532105,0.682045,0.099753,0.608854,0.788795,0.070006,0.523116,0.671309,0.110737,0.639823,0.80926,0.015644,0.527402,0.736655,0.07888
EH_Lat_2_4.13.26,83,2760.12,853.57,0,2760.12,853.57,0.9942,2753.98,851.08,0.938,0.644404,0.355687,-0.070052,0.642086,0.344364,-0.061917,0.641057,0.343782,-0.062101,0.639994,0.343199,-0.062097,0.641667,0.343709,-0.079334,0.640432,0.342896,-0.079501,0.639099,0.341983,-0.079579,0.632695,0.345515,-0.011551,0.631117,0.344613,-0.098391,0.640674,0.366239,-0.051262,0.640016,0.365891,-0.076277,0.616719,0.397164,0.055319,0.615482,0.386034,-0.151978,0.607732,0.463422,0.107205,0.67126,0.397293,-0.239256,0.611082,0.505417,0.087822,0.717183,0.394018,-0.235563,0.610765,0.513252,0.088273,0.73018,0.39811,-0.267597,0.613393,0.509158,0.067142,0.731629,0.395593,-0.251109,0.614315,0.506699,0.078889,0.726395,0.394936,-0.230365,0.605935,0.553237,0.057584,0.589252,0.547684,-0.057605,0.615679,0.667389,0.058938,0.585752,0.667153,-0.038517,0.615728,0.770524,0.137006,0.538447,0.681118,0.145296,0.60675,0.788236,0.142751,0.528835,0.67106,0.165405,0.636328,0.808738,0.109495,0.535436,0.733129,0.157164
EH_Lat_2_4.13.26,84,2757.81,888.83,0,2757.81,888.83,0.9949,2760.79,881.7,0.9429,0.641969,0.352275,-0.052956,0.639649,0.341052,-0.043815,0.6388,0.340502,-0.043957,0.637936,0.33993,-0.043927,0.639367,0.340848,-0.067756,0.638284,0.340325,-0.06795,0.637131,0.339783,-0.068068,0.631709,0.342107,0.006369,0.629617,0.342472,-0.102944,0.638773,0.361567,-0.031003,0.638021,0.361464,-0.063836,0.613096,0.382226,0.077473,0.613302,0.384744,-0.150703,0.627989,0.3267,0.13566,0.664979,0.4023,-0.201311,0.63582,0.281242,0.135392,0.718956,0.408196,-0.195353,0.634183,0.273032,0.136483,0.731192,0.414576,-0.224863,0.636737,0.269752,0.122309,0.732808,0.411839,-0.210995,0.640323,0.276892,0.129187,0.72733,0.409933,-0.190413,0.605025,0.552559,0.063897,0.596023,0.549923,-0.063995,0.615825,0.66528,0.089778,0.600276,0.668736,-0.080039,0.614393,0.770162,0.135065,0.547893,0.683553,0.132901,0.604912,0.788082,0.138854,0.53817,0.673821,0.12225,0.636461,0.808809,0.106189,0.544164,0.738255,0.106003
EH_Lat_2_4.13.26,85,2769.65,934.34,0,2769.65,934.34,0.9947,2744.27,897.51,0.945,0.649243,0.347603,-0.065512,0.646029,0.335453,-0.053516,0.644925,0.33498,-0.053701,0.643762,0.334558,-0.053662,0.645734,0.335598,-0.077153,0.644522,0.335349,-0.077318,0.643206,0.335048,-0.07741,0.635949,0.33669,0.004196,0.634844,0.337376,-0.10457,0.644714,0.358444,-0.041656,0.643858,0.359025,-0.073955,0.623019,0.391019,0.076125,0.614341,0.384374,-0.158216,0.628623,0.451348,0.117301,0.658215,0.407085,-0.225262,0.649127,0.547331,0.118824,0.714654,0.415513,-0.228525,0.654126,0.572572,0.103262,0.726449,0.417797,-0.257033,0.655149,0.574402,0.069541,0.729633,0.419503,-0.248213,0.654875,0.566264,0.097558,0.724018,0.413257,-0.226149,0.614885,0.551193,0.067626,0.599336,0.549839,-0.067665,0.620221,0.664993,0.094581,0.610369,0.669795,-0.124405,0.613755,0.769937,0.179744,0.557695,0.691238,0.056444,0.604025,0.787325,0.185223,0.548744,0.682884,0.0729,0.636918,0.810249,0.151066,0.556303,0.747427,0.079829
EH_Lat_2_4.13.26,86,2732.18,973.86,0,2732.18,973.86,0.9947,2741.9,967.12,0.9478,0.652502,0.348086,-0.015683,0.649592,0.335694,-0.004692,0.648561,0.335223,-0.004881,0.647542,0.334803,-0.004853,0.649513,0.335731,-0.026005,0.648527,0.335374,-0.026137,0.647552,0.334888,-0.026205,0.639795,0.335731,0.041893,0.63948,0.335699,-0.055734,0.647189,0.35973,0.003824,0.647172,0.359562,-0.025402,0.625232,0.39372,0.097872,0.617379,0.38143,-0.119043,0.637184,0.483128,0.129727,0.665624,0.410454,-0.178978,0.659271,0.568654,0.0934,0.714035,0.447741,-0.171499,0.662644,0.5892,0.090429,0.724526,0.463622,-0.197389,0.665533,0.592846,0.068295,0.726329,0.461566,-0.187123,0.664684,0.585523,0.082615,0.722114,0.455121,-0.168082,0.620049,0.546767,0.065185,0.602786,0.546254,-0.065231,0.62366,0.665399,0.088013,0.620125,0.6705,-0.122102,0.61274,0.76974,0.16313,0.56819,0.692787,0.005428,0.603362,0.785509,0.167351,0.558763,0.689219,0.018942,0.635395,0.810538,0.132666,0.570274,0.757629,0.006113
EH_Lat_2_4.13.26,87,2707.09,1036.84,0,2707.09,1036.84,0.9929,2705.73,1034.35,0.9495,0.654313,0.349577,-0.009629,0.651789,0.336796,0.000601,0.650857,0.336169,0.000437,0.649949,0.335589,0.00046,0.651427,0.336653,-0.021497,0.650351,0.336043,-0.021623,0.649303,0.335329,-0.021678,0.641307,0.335204,0.045039,0.640525,0.335046,-0.056078,0.649015,0.360022,0.009356,0.64875,0.35982,-0.020902,0.621579,0.389464,0.103129,0.620736,0.383784,-0.118847,0.637511,0.483442,0.127298,0.660316,0.433924,-0.176039,0.663443,0.56754,0.084941,0.704617,0.478864,-0.161919,0.666267,0.588083,0.08508,0.713279,0.492957,-0.186163,0.668457,0.5892,0.064284,0.714982,0.492675,-0.174505,0.668373,0.583743,0.075425,0.712143,0.488629,-0.157754,0.619796,0.545754,0.065559,0.607974,0.545803,-0.065618,0.623826,0.662671,0.101934,0.630891,0.670727,-0.12188,0.612007,0.769286,0.166432,0.580032,0.717504,-0.035931,0.603078,0.785005,0.169907,0.569375,0.712719,-0.026689,0.631141,0.810208,0.146121,0.584819,0.778306,-0.039016
EH_Lat_2_4.13.26,88,2654.0,1105.0,0,2648.61,1101.24,0.9913,2657.92,1095.28,0.9539,0.657164,0.35127,-0.007622,0.655515,0.33852,0.00116,0.654398,0.3377,0.001012,0.653359,0.336892,0.001026,0.655591,0.338569,-0.020671,0.654591,0.337948,-0.020807,0.653668,0.337227,-0.020862,0.644288,0.335025,0.041652,0.644777,0.335936,-0.058269,0.651544,0.36066,0.010269,0.651664,0.360515,-0.019603,0.625031,0.388439,0.10191,0.621264,0.385219,-0.115667,0.640584,0.486945,0.132733,0.650977,0.453249,-0.16992,0.668231,0.570972,0.094788,0.692166,0.507072,-0.167776,0.671914,0.588941,0.095985,0.700775,0.526055,-0.192377,0.672667,0.592022,0.075005,0.702508,0.525387,-0.182536,0.671871,0.585822,0.08544,0.699644,0.520111,-0.16427,0.623717,0.545893,0.065158,0.612284,0.545947,-0.06523,0.622229,0.663586,0.107176,0.640737,0.671142,-0.10706,0.611579,0.769516,0.167984,0.597651,0.744744,-0.025218,0.603224,0.786276,0.171272,0.585203,0.746162,-0.016821,0.63106,0.809996,0.150767,0.602925,0.800195,-0.031896
EH_Lat_2_4.13.26,89,2601.0,1184.0,0,2600.42,1178.39,0.9824,2614.22,1170.17,0.9578,0.661296,0.351627,-0.02807,0.65984,0.338999,-0.020174,0.658687,0.338049,-0.020313,0.657492,0.336998,-0.020295,0.659947,0.339078,-0.041037,0.659009,0.338355,-0.041197,0.65791,0.337436,-0.041264,0.648651,0.334176,0.024614,0.64883,0.335173,-0.074249,0.655681,0.360531,-0.0095,0.655817,0.360321,-0.038031,0.629032,0.388477,0.086897,0.623536,0.386424,-0.120755,0.642501,0.482466,0.131683,0.646084,0.476787,-0.162953,0.664686,0.552119,0.088806,0.680788,0.541744,-0.165395,0.668256,0.571082,0.087509,0.688512,0.564534,-0.188612,0.670713,0.572676,0.071104,0.690047,0.561262,-0.183702,0.669247,0.567856,0.083552,0.687628,0.557289,-0.163581,0.627551,0.543439,0.063211,0.615809,0.544858,-0.063309,0.624207,0.662144,0.098445,0.645188,0.671424,-0.10312,0.61207,0.769645,0.16095,0.608188,0.766545,-0.043426,0.603187,0.786115,0.163163,0.597525,0.774985,-0.038358,0.631026,0.814688,0.134791,0.621795,0.825662,-0.070602
EH_Lat_2_4.13.26,90,2530.0,1217.0,0,2532.19,1220.82,0.993,2538.72,1222.22,0.96,0.664976,0.35001,-0.09199,0.663108,0.33751,-0.085752,0.661863,0.336546,-0.085918,0.66074,0.335578,-0.085903,0.662933,0.337713,-0.107062,0.661587,0.336955,-0.107232,0.660191,0.335972,-0.107306,0.651763,0.333375,-0.04531,0.651049,0.333775,-0.142971,0.659211,0.35928,-0.07298,0.658957,0.359224,-0.102245,0.635255,0.389815,0.029172,0.627854,0.38745,-0.177003,0.652004,0.48749,0.078148,0.641944,0.486449,-0.20478,0.675574,0.567535,0.048673,0.661124,0.565842,-0.193512,0.679109,0.588162,0.049267,0.663005,0.587966,-0.206987,0.681186,0.590144,0.02699,0.667797,0.586518,-0.226289,0.679467,0.583276,0.039536,0.667662,0.580787,-0.199021,0.626948,0.543249,0.066704,0.621531,0.545749,-0.066784,0.627502,0.655828,0.181288,0.650198,0.671623,-0.107187,0.611834,0.763722,0.283547,0.626609,0.802755,-0.093715,0.602905,0.781017,0.290137,0.614774,0.818731,-0.094386,0.63001,0.800098,0.263774,0.649419,0.850307,-0.153149
EH_Lat_2_4.13.26,91,2463.0,1249.0,0,2449.48,1240.63,0.9925,2480.64,1238.59,0.9636,0.66901,0.350666,-0.112427,0.666983,0.337965,-0.105703,0.665695,0.337027,-0.105875,0.664517,0.336087,-0.10585,0.666527,0.338142,-0.127136,0.665044,0.337396,-0.127291,0.663649,0.33645,-0.127358,0.65533,0.334421,-0.062831,0.654767,0.334743,-0.160679,0.663599,0.360262,-0.092452,0.663022,0.360183,-0.121888,0.640217,0.390856,0.013294,0.634911,0.389525,-0.196191,0.655479,0.487099,0.062251,0.639962,0.488281,-0.242683,0.680881,0.571884,0.038392,0.646001,0.57342,-0.262379,0.685175,0.593732,0.039655,0.644038,0.597884,-0.28968,0.6871,0.595704,0.013933,0.649137,0.597439,-0.294651,0.684733,0.589416,0.027514,0.650319,0.589683,-0.265293,0.630276,0.54585,0.068192,0.627231,0.550909,-0.06826,0.629345,0.656622,0.193022,0.651863,0.678531,-0.067323,0.609885,0.763514,0.302678,0.64467,0.820987,-0.049414,0.599871,0.778578,0.309633,0.634305,0.843972,-0.050041,0.628756,0.800766,0.277946,0.675697,0.85908,-0.116141
EH_Lat_2_4.13.26,92,2399.0,1265.0,0,2390.82,1264.95,0.9917,2399.41,1258.38,0.9669,0.673474,0.351147,-0.104064,0.670606,0.338495,-0.089279,0.669429,0.337616,-0.089439,0.668318,0.336732,-0.089482,0.670038,0.338579,-0.116671,0.668492,0.337842,-0.116843,0.666955,0.336931,-0.116845,0.658652,0.335439,-0.029143,0.657133,0.335765,-0.146173,0.668432,0.360733,-0.076182,0.667672,0.360766,-0.114033,0.649829,0.397014,0.02916,0.633064,0.393562,-0.171319,0.660414,0.495732,0.075494,0.622779,0.496698,-0.237033,0.683672,0.579357,0.047661,0.624847,0.582583,-0.249007,0.68823,0.604513,0.047511,0.619403,0.608864,-0.276482,0.689502,0.605054,0.023594,0.626703,0.610173,-0.280489,0.687648,0.598818,0.037167,0.630482,0.602757,-0.251909,0.640587,0.562362,0.068584,0.632428,0.565569,-0.068626,0.631006,0.659786,0.182298,0.656852,0.686283,-0.103732,0.608471,0.761261,0.292332,0.659715,0.83541,-0.117639,0.59692,0.773994,0.299593,0.650381,0.86303,-0.121456,0.627353,0.801939,0.268533,0.696353,0.870226,-0.196067
EH_Lat_2_4.13.26,93,2321.0,1272.0,0,2319.24,1273.68,0.9953,2331.12,1264.93,0.9699,0.678107,0.351679,-0.060278,0.674976,0.338575,-0.048755,0.67394,0.337706,-0.048912,0.672944,0.336906,-0.048909,0.674189,0.33873,-0.071456,0.672699,0.33802,-0.071628,0.670978,0.337167,-0.071674,0.663169,0.33599,0.004114,0.660479,0.336009,-0.098112,0.673291,0.361726,-0.03727,0.672309,0.361446,-0.06866,0.655585,0.407035,0.0593,0.634667,0.395831,-0.127931,0.665572,0.502646,0.09224,0.616347,0.4962,-0.195226,0.689583,0.586596,0.060495,0.607063,0.585615,-0.244243,0.693993,0.609358,0.060059,0.599583,0.609054,-0.271998,0.695032,0.610074,0.034771,0.604687,0.612453,-0.278505,0.692331,0.603376,0.04909,0.609658,0.605808,-0.248768,0.646302,0.568254,0.067985,0.634255,0.571263,-0.068013,0.630646,0.665229,0.173835,0.662398,0.69572,-0.111186,0.607647,0.760974,0.289171,0.665581,0.842461,-0.128167,0.595562,0.77351,0.2973,0.654814,0.869512,-0.13239,0.626492,0.802689,0.273075,0.701716,0.877606,-0.206193
EH_Lat_2_4.13.26,94,2278.0,1249.0,0,2270.95,1249.88,0.9962,2273.65,1259.0,0.9728,0.681319,0.352867,-0.057884,0.678549,0.340187,-0.047012,0.677575,0.339666,-0.047182,0.676632,0.339222,-0.047165,0.677567,0.339894,-0.069211,0.675816,0.33915,-0.069389,0.673997,0.338249,-0.069452,0.66735,0.339171,0.005064,0.663796,0.337725,-0.09589,0.676393,0.364192,-0.035429,0.675291,0.363236,-0.066064,0.662675,0.414041,0.062938,0.633429,0.401388,-0.1235,0.671745,0.508733,0.106724,0.607849,0.496805,-0.176074,0.690871,0.589007,0.077679,0.592097,0.58287,-0.232033,0.694966,0.612363,0.077858,0.584933,0.601712,-0.257199,0.696663,0.613339,0.051611,0.587893,0.608353,-0.26798,0.69348,0.605569,0.066088,0.591818,0.603041,-0.246376,0.652654,0.56967,0.066968,0.636238,0.57285,-0.066994,0.63431,0.66929,0.167723,0.669096,0.697301,-0.126994,0.607182,0.759858,0.29617,0.666834,0.843718,-0.138264,0.594995,0.769033,0.305659,0.655744,0.868061,-0.1417,0.624266,0.802748,0.281363,0.700178,0.885244,-0.21589
EH_Lat_2_4.13.26,95,2242.0,1250.0,0,2236.92,1240.8,0.9941,2239.06,1253.08,0.9753,0.683399,0.357586,-0.042091,0.681237,0.344972,-0.031413,0.680345,0.344608,-0.031586,0.679418,0.344274,-0.031562,0.680474,0.344452,-0.05344,0.678918,0.343732,-0.053627,0.677109,0.342831,-0.05371,0.670332,0.344068,0.020487,0.667075,0.341976,-0.080576,0.678309,0.369252,-0.019969,0.677458,0.367842,-0.050397,0.667517,0.417066,0.07573,0.633265,0.406113,-0.10931,0.675366,0.509014,0.116842,0.605405,0.498426,-0.167622,0.690041,0.589595,0.085371,0.583089,0.580131,-0.229686,0.693916,0.61163,0.086024,0.575377,0.598573,-0.254511,0.696098,0.612942,0.061405,0.578923,0.606026,-0.262397,0.693425,0.605511,0.074353,0.583292,0.600925,-0.240824,0.658452,0.575214,0.065673,0.641366,0.575208,-0.065718,0.643001,0.682313,0.162664,0.676797,0.697571,-0.130552,0.607441,0.758821,0.296499,0.6684,0.844292,-0.1475,0.594615,0.763479,0.306928,0.655124,0.866326,-0.151428,0.623021,0.805528,0.284938,0.700647,0.888599,-0.226215
EH_Lat_2_4.13.26,96,2208.75,1229.49,0,2208.75,1229.49,0.9939,2213.87,1238.0,0.9775,0.685179,0.358404,-0.002283,0.682951,0.345473,0.007779,0.681986,0.344996,0.007638,0.681032,0.344545,0.007667,0.682455,0.345102,-0.013474,0.681085,0.344383,-0.013681,0.67952,0.343444,-0.013779,0.672017,0.344342,0.055212,0.669287,0.342455,-0.041705,0.679794,0.369764,0.018477,0.679415,0.36826,-0.010728,0.668935,0.416403,0.105712,0.632589,0.405812,-0.072133,0.671371,0.50622,0.133738,0.604223,0.493362,-0.112597,0.658729,0.584831,0.092031,0.576528,0.573148,-0.151093,0.652227,0.606826,0.090121,0.565925,0.593744,-0.171003,0.652386,0.60417,0.074945,0.571728,0.6002,-0.178409,0.654085,0.59663,0.084598,0.576697,0.595708,-0.155197,0.663278,0.576826,0.061901,0.644828,0.574491,-0.062015,0.659343,0.688516,0.105486,0.681024,0.697884,-0.115329,0.610851,0.753743,0.197503,0.66739,0.84506,-0.111185,0.595474,0.753203,0.204527,0.654004,0.86735,-0.113098,0.621608,0.806046,0.179303,0.698012,0.892541,-0.180305
EH_Lat_2_4.13.26,97,2203.37,1206.88,0,2203.37,1206.88,0.994,2204.52,1220.59,0.9789,0.688557,0.358356,0.018926,0.686448,0.345452,0.029169,0.68521,0.34498,0.029054,0.684226,0.344533,0.029095,0.685933,0.345086,0.007109,0.684432,0.344374,0.006901,0.683029,0.343436,0.006825,0.674643,0.344305,0.07679,0.672098,0.342392,-0.022861,0.68289,0.369682,0.039946,0.682661,0.368233,0.009947,0.670837,0.414919,0.126718,0.635233,0.405236,-0.060141,0.668625,0.503436,0.147565,0.605342,0.489919,-0.107592,0.646012,0.57436,0.097769,0.574094,0.565089,-0.142339,0.639667,0.593274,0.094572,0.564708,0.586004,-0.159973,0.639766,0.583796,0.081563,0.56945,0.591379,-0.167051,0.641765,0.575611,0.090758,0.573691,0.586421,-0.145673,0.669276,0.574683,0.061875,0.648152,0.572883,-0.061996,0.678776,0.687533,0.015203,0.68147,0.697078,-0.111792,0.617315,0.751161,0.036601,0.666482,0.845338,-0.129501,0.600358,0.749027,0.036217,0.653523,0.867945,-0.133532,0.622116,0.808297,-0.005825,0.700102,0.893514,-0.205426
EH_Lat_2_4.13.26,98,2199.64,1196.03,0,2199.64,1196.03,0.9931,2202.93,1212.49,0.979,0.689049,0.357885,0.01919,0.687853,0.345273,0.029411,0.68685,0.344845,0.029295,0.686015,0.344417,0.029338,0.687315,0.344717,0.00792,0.685959,0.343925,0.007704,0.684593,0.34293,0.007622,0.677474,0.344037,0.079062,0.674171,0.341709,-0.018572,0.684048,0.369424,0.041,0.683506,0.367741,0.011628,0.673379,0.414488,0.133445,0.638322,0.402721,-0.05382,0.679144,0.502403,0.166324,0.606292,0.488459,-0.107289,0.677987,0.577354,0.122867,0.57368,0.561339,-0.150407,0.677651,0.596535,0.123147,0.564411,0.581255,-0.167509,0.678292,0.590437,0.105606,0.567569,0.585462,-0.175507,0.677677,0.582591,0.114117,0.572109,0.580478,-0.154444,0.675361,0.575442,0.061749,0.653096,0.572951,-0.061882,0.688044,0.684764,0.004733,0.682199,0.698957,-0.112433,0.623849,0.751884,0.015749,0.665586,0.844633,-0.133757,0.606659,0.750864,0.01419,0.65062,0.866407,-0.137828,0.62562,0.810535,-0.034868,0.69936,0.892497,-0.214443
EH_Lat_2_4.13.26,99,2209.27,1191.19,0,2209.27,1191.19,0.9924,2204.11,1206.82,0.9792,0.693447,0.353083,0.006768,0.691585,0.339804,0.01619,0.690359,0.339472,0.016064,0.689292,0.339131,0.016112,0.691143,0.339269,-0.005661,0.689571,0.338609,-0.00589,0.687988,0.33775,-0.005987,0.68043,0.339529,0.064486,0.676955,0.337671,-0.034993,0.687967,0.365253,0.028425,0.687417,0.363704,-0.00151,0.677305,0.41173,0.121979,0.640352,0.401367,-0.066085,0.678977,0.494459,0.17191,0.607676,0.486657,-0.098672,0.674657,0.5552,0.153341,0.573987,0.558715,-0.119078,0.674883,0.572123,0.156406,0.565581,0.578752,-0.133007,0.676296,0.565864,0.140749,0.568466,0.583005,-0.141798,0.675057,0.558216,0.146048,0.572885,0.578027,-0.122766,0.679455,0.574306,0.061657,0.655541,0.572215,-0.061796,0.688717,0.683226,0.058358,0.680578,0.699186,-0.106288,0.630043,0.754124,0.103297,0.664896,0.843375,-0.120626,0.614056,0.753671,0.105039,0.651229,0.867866,-0.123883,0.635829,0.814648,0.066261,0.698122,0.891069,-0.198419
EH_Lat_2_4.13.26,100,2222.06,1187.53,0,2222.06,1187.53,0.9913,2216.09,1204.03,0.9749,0.694973,0.350405,0.019231,0.694043,0.337686,0.028985,0.693087,0.337475,0.028856,0.692293,0.337239,0.028908,0.693294,0.336615,0.006488,0.691857,0.335676,0.006244,0.690397,0.334592,0.006148,0.683671,0.336955,0.078399,0.678804,0.333438,-0.024678,0.689901,0.362842,0.041441,0.689242,0.360606,0.010449,0.677555,0.409321,0.134024,0.645059,0.396507,-0.054541,0.680007,0.481464,0.217875,0.608627,0.47996,-0.086751,0.673889,0.520884,0.242648,0.577106,0.557422,-0.101263,0.673273,0.531772,0.252186,0.569432,0.577244,-0.113571,0.67452,0.525837,0.236106,0.572242,0.581338,-0.122192,0.673706,0.52037,0.236304,0.576382,0.576319,-0.104947,0.680622,0.573532,0.061572,0.65921,0.571804,-0.061719,0.692806,0.685322,0.066994,0.680318,0.702473,-0.102969,0.638137,0.761007,0.123721,0.664269,0.844697,-0.112766,0.621531,0.760859,0.127223,0.651601,0.86886,-0.114865,0.645489,0.817893,0.094274,0.697285,0.890544,-0.183327
EH_Lat_2_4.13.26,101,2237.19,1188.24,0,2237.19,1188.24,0.9893,2229.33,1202.32,0.9763,0.696217,0.349247,0.019519,0.694858,0.336951,0.030782,0.694098,0.336709,0.030654,0.693457,0.336425,0.030715,0.69397,0.335923,0.008729,0.692591,0.334909,0.008501,0.69111,0.333701,0.008419,0.684702,0.336139,0.084194,0.679945,0.332534,-0.016592,0.691464,0.361708,0.04268,0.69046,0.35968,0.01233,0.679564,0.408511,0.13729,0.64817,0.395222,-0.050362,0.678445,0.488737,0.176645,0.60871,0.478538,-0.099802,0.681448,0.577358,0.127559,0.580554,0.556631,-0.137482,0.682813,0.596555,0.120868,0.573369,0.57651,-0.155278,0.684958,0.592178,0.101716,0.576578,0.580928,-0.161154,0.683473,0.583591,0.116796,0.580248,0.576156,-0.140644,0.682302,0.573878,0.06124,0.66002,0.571404,-0.061392,0.698492,0.694385,0.044132,0.676494,0.705771,-0.106182,0.646771,0.77429,0.124556,0.662047,0.844976,-0.107137,0.631894,0.773576,0.130032,0.65065,0.869967,-0.10808,0.654965,0.824783,0.093747,0.697144,0.890862,-0.176394
EH_Lat_2_4.13.26,102,2261.63,1209.34,0,2261.63,1209.34,0.9878,2245.56,1206.8,0.9773,0.699577,0.346835,0.012812,0.697857,0.334448,0.023827,0.696965,0.334091,0.023701,0.696273,0.333769,0.023757,0.697003,0.333486,0.001673,0.695629,0.332483,0.001446,0.69424,0.331319,0.001365,0.687975,0.333667,0.077207,0.683279,0.330198,-0.023609,0.694443,0.359255,0.035994,0.693739,0.356681,0.005657,0.683096,0.405401,0.131837,0.650054,0.393772,-0.055897,0.67873,0.491351,0.166278,0.613473,0.479178,-0.098777,0.67845,0.5738,0.096112,0.584782,0.558705,-0.135246,0.680235,0.600848,0.089963,0.57783,0.580291,-0.152855,0.682093,0.596582,0.07161,0.581573,0.585095,-0.161948,0.681062,0.587888,0.086115,0.585043,0.57996,-0.139428,0.684201,0.575224,0.060491,0.661047,0.571221,-0.060654,0.702327,0.696047,0.001323,0.674882,0.706474,-0.111707,0.657774,0.788124,0.034711,0.661763,0.846949,-0.105971,0.643807,0.794018,0.034932,0.650948,0.871047,-0.107075,0.671879,0.841338,-0.015995,0.69338,0.889374,-0.181393
EH_Lat_2_4.13.26,103,2297.89,1227.3,0,2297.89,1227.3,0.9788,2270.54,1214.47,0.9786,0.702414,0.346625,-0.009916,0.700758,0.334444,-0.000895,0.699943,0.334029,-0.001048,0.699266,0.333633,-0.000981,0.699986,0.333326,-0.024869,0.69868,0.332109,-0.0251,0.697155,0.330752,-0.025195,0.690338,0.332832,0.04897,0.68561,0.328824,-0.060048,0.69682,0.358639,0.012866,0.696094,0.3562,-0.020013,0.681774,0.403204,0.111679,0.654583,0.39045,-0.096544,0.676893,0.505066,0.1402,0.619762,0.479137,-0.151549,0.677007,0.572532,0.0874,0.591286,0.562255,-0.194338,0.678596,0.603228,0.083654,0.582405,0.585594,-0.216587,0.679986,0.598896,0.063985,0.588112,0.591019,-0.224429,0.679149,0.590474,0.077417,0.591286,0.585652,-0.198471,0.686761,0.576104,0.062516,0.663785,0.571228,-0.062682,0.704127,0.69768,0.050316,0.673563,0.707838,-0.084666,0.671551,0.805061,0.056329,0.660404,0.845186,-0.069724,0.660281,0.820999,0.043477,0.650834,0.86766,-0.071213,0.693122,0.859741,0.05245,0.692621,0.887619,-0.150902
EH_Lat_2_4.13.26,104,2340.27,1243.71,0,2340.27,1243.71,0.9832,2319.26,1236.9,0.9801,0.704997,0.346421,-0.026268,0.703477,0.334193,-0.018145,0.702301,0.333696,-0.018302,0.701415,0.333215,-0.018236,0.70279,0.333005,-0.04235,0.701197,0.331701,-0.042578,0.699785,0.330278,-0.042678,0.69234,0.331107,0.030004,0.688564,0.327221,-0.080081,0.698851,0.357796,-0.003775,0.698343,0.355365,-0.036946,0.680369,0.399752,0.09515,0.656554,0.388312,-0.116151,0.672311,0.500964,0.129174,0.624887,0.479855,-0.164311,0.676464,0.572315,0.085573,0.603975,0.572637,-0.194963,0.676533,0.599389,0.082772,0.596422,0.59747,-0.216567,0.676525,0.596277,0.062762,0.601144,0.602777,-0.22313,0.67582,0.588179,0.07573,0.604572,0.596663,-0.198233,0.68895,0.576874,0.063806,0.665988,0.572164,-0.063968,0.708936,0.696642,0.070104,0.67304,0.70747,-0.075437,0.683493,0.813464,0.11724,0.66013,0.844595,-0.05638,0.672645,0.831083,0.113699,0.650347,0.866795,-0.057575,0.710532,0.865957,0.059695,0.691417,0.888407,-0.138982
EH_Lat_2_4.13.26,105,2389.06,1256.63,0,2389.06,1256.63,0.9788,2379.49,1252.26,0.9818,0.707126,0.346688,-0.033773,0.705766,0.334396,-0.025683,0.704755,0.333837,-0.025832,0.703796,0.333288,-0.025763,0.705174,0.33327,-0.049882,0.703557,0.331979,-0.050116,0.70187,0.330555,-0.050218,0.694674,0.330751,0.023624,0.691054,0.327136,-0.086572,0.700914,0.357948,-0.010706,0.700364,0.355696,-0.043836,0.681812,0.398323,0.090957,0.659014,0.387934,-0.122623,0.672039,0.500888,0.129419,0.632077,0.484211,-0.166087,0.67572,0.572368,0.088932,0.619658,0.579748,-0.190318,0.673096,0.597416,0.086143,0.613661,0.607256,-0.211856,0.675733,0.594535,0.065886,0.619182,0.612038,-0.217899,0.675494,0.590236,0.079118,0.623785,0.603923,-0.193088,0.690781,0.577969,0.064329,0.668674,0.574497,-0.064489,0.714448,0.695964,0.067846,0.672722,0.708789,-0.074701,0.692891,0.820242,0.120759,0.659742,0.845829,-0.051303,0.680211,0.839105,0.120735,0.650396,0.867961,-0.052013,0.72144,0.870588,0.066445,0.690659,0.889163,-0.133414
EH_Lat_2_4.13.26,106,2454.49,1284.46,0,2454.49,1284.46,0.9847,2442.33,1277.33,0.9832,0.709374,0.347945,-0.043016,0.708191,0.335057,-0.034991,0.707347,0.334249,-0.035141,0.706508,0.333507,-0.035071,0.707715,0.334088,-0.058844,0.706402,0.332608,-0.059082,0.704835,0.330948,-0.059187,0.69755,0.331072,0.014948,0.694055,0.327611,-0.093786,0.70336,0.358093,-0.019729,0.702692,0.356146,-0.052391,0.686418,0.398254,0.085779,0.66013,0.388448,-0.13044,0.679863,0.500056,0.125631,0.641216,0.491831,-0.175011,0.68124,0.573952,0.083105,0.636022,0.591355,-0.200504,0.683802,0.605177,0.080027,0.63137,0.618864,-0.223526,0.686035,0.596178,0.059025,0.636048,0.621337,-0.228583,0.685483,0.593009,0.073021,0.639045,0.612599,-0.202728,0.693517,0.580052,0.064427,0.669746,0.578992,-0.064583,0.71847,0.69689,0.053363,0.672359,0.709595,-0.072402,0.704905,0.827371,0.098656,0.659374,0.847221,-0.047775,0.695657,0.848594,0.098537,0.650395,0.868449,-0.048704,0.733929,0.871785,0.034589,0.69004,0.888946,-0.13288
EH_Lat_2_4.13.26,107,2520.17,1289.06,0,2520.17,1289.06,0.9808,2518.18,1285.02,0.9839,0.713503,0.350528,-0.083339,0.712047,0.337205,-0.076699,0.711293,0.336405,-0.076866,0.710537,0.335549,-0.076805,0.711487,0.336495,-0.100211,0.710256,0.335174,-0.10045,0.708694,0.333601,-0.100561,0.7014,0.3323,-0.025752,0.697653,0.329032,-0.132934,0.707423,0.360107,-0.058854,0.70659,0.358517,-0.091033,0.69237,0.398407,0.056255,0.663944,0.388722,-0.163546,0.690881,0.500614,0.102641,0.651011,0.495356,-0.199468,0.699162,0.579947,0.059283,0.655777,0.594918,-0.212448,0.701344,0.603185,0.055674,0.651854,0.624124,-0.235911,0.702982,0.600862,0.033705,0.660958,0.624535,-0.2396,0.702149,0.594442,0.048907,0.663664,0.614896,-0.213788,0.6981,0.585358,0.064867,0.67456,0.587308,-0.065021,0.722558,0.698148,0.055309,0.671935,0.714844,-0.045568,0.715181,0.830744,0.1152,0.658976,0.84733,0.017697,0.706084,0.854449,0.116293,0.650034,0.869249,0.020644,0.744714,0.874626,0.056869,0.690815,0.888984,-0.059347
EH_Lat_2_4.13.26,108,2585.91,1290.7,0,2585.91,1290.7,0.9843,2587.56,1283.64,0.981,0.715557,0.354999,-0.056711,0.714698,0.34058,-0.048075,0.713534,0.339427,-0.048231,0.712506,0.338282,-0.048174,0.714286,0.340096,-0.071011,0.712842,0.338697,-0.07124,0.711399,0.337141,-0.07134,0.703304,0.3337,0.002145,0.700402,0.331356,-0.106704,0.709107,0.3634,-0.033017,0.708504,0.362033,-0.064375,0.692986,0.398324,0.06927,0.668799,0.388951,-0.150065,0.692552,0.500567,0.113704,0.661055,0.497973,-0.196467,0.702738,0.578709,0.074303,0.673844,0.594279,-0.202496,0.705673,0.601586,0.071476,0.673332,0.621715,-0.225046,0.708633,0.599916,0.051035,0.683297,0.621076,-0.227487,0.707679,0.592815,0.064449,0.684044,0.611363,-0.203136,0.696931,0.584245,0.070805,0.679546,0.587337,-0.070945,0.720438,0.698449,0.060953,0.673117,0.714109,-0.048439,0.71848,0.833824,0.105519,0.669404,0.84959,-0.027369,0.712702,0.860983,0.104635,0.649187,0.86868,-0.026994,0.724353,0.884146,0.040259,0.691245,0.889868,-0.103991
EH_Lat_2_4.13.26,109,2651.28,1274.28,0,2651.28,1274.28,0.9823,2653.93,1284.14,0.9826,0.718902,0.357648,-0.063302,0.718469,0.343752,-0.056762,0.717564,0.342713,-0.056902,0.716692,0.341721,-0.056841,0.717677,0.3431,-0.08097,0.716127,0.341694,-0.081204,0.714559,0.340138,-0.081317,0.707194,0.337194,-0.012698,0.703603,0.334353,-0.12364,0.712443,0.366301,-0.041319,0.711703,0.364966,-0.074432,0.694151,0.398168,0.066764,0.673542,0.390494,-0.168399,0.692282,0.50045,0.108165,0.669278,0.501324,-0.207131,0.702653,0.577957,0.067396,0.691128,0.594507,-0.204287,0.704534,0.601098,0.066811,0.691876,0.622781,-0.227788,0.707396,0.598842,0.045105,0.700065,0.619266,-0.226592,0.708007,0.59366,0.057429,0.700689,0.610524,-0.203214,0.696524,0.583822,0.071635,0.682344,0.585998,-0.071765,0.68902,0.703916,0.085753,0.704118,0.715334,-0.061388,0.700546,0.846023,0.109519,0.693395,0.858803,-0.036563,0.694256,0.869711,0.108401,0.684083,0.883605,-0.035526,0.702101,0.886753,0.052398,0.719335,0.89032,-0.115675
EH_Lat_2_4.13.26,110,2720.33,1268.09,0,2720.33,1268.09,0.9838,2717.47,1281.98,0.9834,0.723161,0.35999,-0.053477,0.722984,0.346382,-0.046504,0.722082,0.345129,-0.046645,0.72117,0.343977,-0.046584,0.722213,0.345501,-0.070663,0.720691,0.34373,-0.070895,0.719032,0.341934,-0.071002,0.711828,0.338875,-0.004296,0.708838,0.335985,-0.115654,0.716569,0.368549,-0.031289,0.715775,0.367391,-0.064184,0.696811,0.396466,0.074305,0.679461,0.390593,-0.160887,0.695548,0.505808,0.114175,0.676915,0.49972,-0.195044,0.701906,0.577304,0.070054,0.707674,0.593511,-0.18147,0.704682,0.600597,0.06942,0.711761,0.622579,-0.202642,0.707043,0.59842,0.048939,0.717179,0.610465,-0.196363,0.707208,0.591608,0.060579,0.716559,0.600869,-0.177406,0.694627,0.580418,0.073693,0.685461,0.584573,-0.073812,0.676081,0.709327,0.088766,0.726751,0.710056,-0.068395,0.660377,0.847354,0.106303,0.737328,0.849751,-0.040608,0.650786,0.871758,0.103905,0.726459,0.880259,-0.041765,0.690043,0.885537,0.051413,0.754753,0.886402,-0.119434
EH_Lat_2_4.13.26,111,2774.7,1242.88,0,2774.7,1242.88,0.9814,2773.67,1275.06,0.9846,0.727877,0.361046,-0.072897,0.727486,0.348075,-0.067746,0.726602,0.346815,-0.067921,0.725608,0.345492,-0.067861,0.726924,0.347449,-0.092508,0.725596,0.345729,-0.092739,0.724016,0.343827,-0.092846,0.71626,0.340416,-0.026722,0.713911,0.33821,-0.139523,0.721482,0.369726,-0.051558,0.720814,0.368976,-0.085323,0.700592,0.396521,0.058043,0.681762,0.393849,-0.185611,0.692552,0.505822,0.105186,0.681928,0.501739,-0.216611,0.698033,0.585082,0.064731,0.722309,0.590308,-0.197364,0.700488,0.605213,0.062922,0.730907,0.616381,-0.220233,0.70244,0.600918,0.042391,0.736219,0.603073,-0.212177,0.702511,0.596633,0.055341,0.733011,0.5957,-0.192615,0.701627,0.579391,0.073075,0.685752,0.583714,-0.07321,0.726568,0.707906,0.068332,0.688619,0.711796,-0.044836,0.743172,0.843283,0.075388,0.669344,0.849555,0.009284,0.735216,0.873091,0.071991,0.657001,0.879771,0.012001,0.784802,0.88161,0.014902,0.701547,0.886492,-0.048328
EH_Lat_2_4.13.26,112,2837.79,1231.55,0,2837.79,1231.55,0.974,2825.57,1251.11,0.9858,0.732143,0.363063,-0.017709,0.731632,0.350056,-0.011932,0.73064,0.348571,-0.012076,0.729704,0.347042,-0.012021,0.731091,0.349799,-0.037662,0.729883,0.348028,-0.037882,0.728707,0.346048,-0.037984,0.720193,0.342188,0.022935,0.71921,0.34045,-0.095279,0.725634,0.371549,0.000982,0.725332,0.371229,-0.0341,0.698384,0.396345,0.100043,0.688277,0.396458,-0.176517,0.690603,0.505717,0.137286,0.692023,0.502331,-0.209222,0.699557,0.583827,0.092099,0.735826,0.579217,-0.164266,0.702346,0.604647,0.091532,0.746169,0.603268,-0.186081,0.703372,0.600178,0.073464,0.751476,0.593857,-0.17707,0.703215,0.595772,0.083583,0.74861,0.587486,-0.159258,0.700599,0.577213,0.074656,0.69189,0.582012,-0.074805,0.733443,0.706614,0.069676,0.682762,0.711851,-0.056095,0.75344,0.842886,0.085564,0.656909,0.849346,-0.016241,0.746366,0.87338,0.083096,0.645139,0.878602,-0.015868,0.791514,0.881312,0.031803,0.690204,0.886495,-0.083911
