video_id,frame_idx,true_wrist_x,true_wrist_y,occluded,yolo_wrist_x,yolo_wrist_y,yolo_conf,mp_wrist_x,mp_wrist_y,mp_wrist_vis,lm0_x,lm0_y,lm0_z,lm1_x,lm1_y,lm1_z,lm2_x,lm2_y,lm2_z,lm3_x,lm3_y,lm3_z,lm4_x,lm4_y,lm4_z,lm5_x,lm5_y,lm5_z,lm6_x,lm6_y,lm6_z,lm7_x,lm7_y,lm7_z,lm8_x,lm8_y,lm8_z,lm9_x,lm9_y,lm9_z,lm10_x,lm10_y,lm10_z,lm11_x,lm11_y,lm11_z,lm12_x,lm12_y,lm12_z,lm13_x,lm13_y,lm13_z,lm14_x,lm14_y,lm14_z,lm15_x,lm15_y,lm15_z,lm16_x,lm16_y,lm16_z,lm17_x,lm17_y,lm17_z,lm18_x,lm18_y,lm18_z,lm19_x,lm19_y,lm19_z,lm20_x,lm20_y,lm20_z,lm21_x,lm21_y,lm21_z,lm22_x,lm22_y,lm22_z,lm23_x,lm23_y,lm23_z,lm24_x,lm24_y,lm24_z,lm25_x,lm25_y,lm25_z,lm26_x,lm26_y,lm26_z,lm27_x,lm27_y,lm27_z,lm28_x,lm28_y,lm28_z,lm29_x,lm29_y,lm29_z,lm30_x,lm30_y,lm30_z,lm31_x,lm31_y,lm31_z,lm32_x,lm32_y,lm32_z
HA_Lat_16_6.13.26,0,516.93,572.94,0,516.93,572.94,0.9868,513.46,578.5,0.9968,0.327292,0.347898,-0.07606,0.323678,0.335664,-0.066466,0.322766,0.335511,-0.06661,0.321931,0.335357,-0.066538,0.322614,0.334878,-0.091513,0.32093,0.334402,-0.091751,0.319252,0.333922,-0.091876,0.312442,0.33656,-0.016836,0.309654,0.335703,-0.129905,0.322615,0.359799,-0.053202,0.321525,0.359026,-0.087062,0.290908,0.390721,0.076344,0.286436,0.388529,-0.178069,0.260182,0.459375,0.115868,0.246946,0.463384,-0.211574,0.270115,0.516341,0.061761,0.267427,0.535647,-0.204704,0.271324,0.531917,0.06101,0.272557,0.552054,-0.229931,0.276069,0.530595,0.038603,0.278034,0.542763,-0.221419,0.276608,0.525536,0.051034,0.276466,0.537509,-0.200274,0.231333,0.537937,0.079766,0.236279,0.542174,-0.079853,0.198084,0.651072,0.121154,0.268481,0.652087,-0.054823,0.147174,0.743946,0.144362,0.27386,0.787711,-0.024237,0.133705,0.742545,0.143766,0.265361,0.808528,-0.022172,0.147843,0.797177,0.110215,0.307146,0.821644,-0.062297
HA_Lat_16_6.13.26,1,517.14,575.86,0,517.14,575.86,0.9873,514.23,579.48,0.997,0.327598,0.347968,-0.07584,0.323756,0.335866,-0.065313,0.322825,0.335677,-0.065461,0.321963,0.335505,-0.065386,0.322839,0.335241,-0.090352,0.321263,0.334767,-0.090594,0.319655,0.334247,-0.090711,0.312607,0.338114,-0.012861,0.310008,0.337177,-0.124787,0.323189,0.359792,-0.052701,0.32224,0.359029,-0.086371,0.292163,0.39262,0.079302,0.286444,0.389914,-0.171621,0.260261,0.467423,0.11126,0.246814,0.465694,-0.194356,0.262547,0.521075,0.033033,0.267829,0.536556,-0.179541,0.261774,0.543056,0.02865,0.273227,0.552729,-0.203644,0.266592,0.542062,0.005239,0.27886,0.544353,-0.195143,0.267213,0.536474,0.021367,0.277133,0.538565,-0.174807,0.230466,0.536687,0.078869,0.235514,0.540228,-0.078957,0.198022,0.651517,0.093696,0.268583,0.652153,-0.050664,0.147175,0.744099,0.094825,0.273864,0.787711,-0.004509,0.133526,0.742507,0.092305,0.265381,0.808355,0.000112,0.147191,0.797176,0.05928,0.306724,0.821491,-0.024851
HA_Lat_16_6.13.26,2,516.71,577.17,0,516.71,577.17,0.9873,514.23,579.41,0.9969,0.327821,0.347989,-0.068826,0.323839,0.335868,-0.057492,0.322886,0.335678,-0.057644,0.322005,0.335506,-0.057572,0.323074,0.335286,-0.081824,0.321586,0.334843,-0.082075,0.320057,0.334359,-0.082193,0.312661,0.338809,-0.004679,0.310364,0.338141,-0.113041,0.32372,0.359871,-0.045751,0.322936,0.359166,-0.078365,0.294467,0.39676,0.084872,0.286419,0.391033,-0.158992,0.260694,0.469658,0.111226,0.246797,0.465837,-0.172441,0.261609,0.522623,0.026096,0.267829,0.53649,-0.155056,0.260759,0.543477,0.019821,0.273224,0.552619,-0.178346,0.265644,0.54226,-0.003249,0.278854,0.544341,-0.171095,0.266541,0.536702,0.014333,0.277122,0.538554,-0.150843,0.230434,0.536581,0.078241,0.234598,0.539084,-0.078316,0.198006,0.651636,0.095475,0.26858,0.652207,-0.050434,0.14691,0.744117,0.103071,0.273842,0.787797,-0.00836,0.133069,0.742491,0.101039,0.2653,0.808472,-0.004538,0.146755,0.797635,0.06579,0.30674,0.821411,-0.033965
HA_Lat_16_6.13.26,3,518.6,577.87,0,518.6,577.87,0.9876,514.41,579.4,0.9969,0.327822,0.348102,-0.060831,0.323858,0.335974,-0.048928,0.32292,0.335816,-0.04908,0.322051,0.335674,-0.049014,0.323119,0.335437,-0.073631,0.321665,0.335061,-0.073882,0.320158,0.334655,-0.074,0.312798,0.339658,0.003571,0.310512,0.339104,-0.106632,0.323874,0.360307,-0.037962,0.323139,0.359557,-0.071022,0.294342,0.397519,0.093333,0.286334,0.391624,-0.157041,0.26114,0.471052,0.11796,0.24679,0.466286,-0.175343,0.264347,0.522984,0.034774,0.267923,0.536486,-0.156634,0.262563,0.543228,0.030486,0.273371,0.552761,-0.17945,0.267746,0.541704,0.007651,0.279041,0.544748,-0.170904,0.268217,0.536356,0.023339,0.277274,0.538655,-0.151863,0.230011,0.536036,0.078248,0.233767,0.537968,-0.078324,0.197861,0.652116,0.097856,0.268525,0.65234,-0.053615,0.146368,0.744019,0.107988,0.273902,0.788828,-0.013819,0.132517,0.742251,0.106255,0.26525,0.809783,-0.009136,0.145748,0.797648,0.071935,0.306741,0.821403,-0.039443
HA_Lat_16_6.13.26,4,517.72,576.84,0,517.72,576.84,0.9881,514.41,579.77,0.9969,0.327524,0.348456,-0.050959,0.32362,0.336372,-0.039973,0.322713,0.336245,-0.040118,0.321859,0.33611,-0.040062,0.322938,0.335893,-0.063951,0.321536,0.335588,-0.064194,0.320062,0.335233,-0.064302,0.312772,0.340342,0.008747,0.310485,0.340015,-0.098159,0.323773,0.361094,-0.029278,0.323096,0.360117,-0.061337,0.294205,0.397328,0.095438,0.286222,0.391912,-0.149048,0.25915,0.470409,0.117812,0.24679,0.466867,-0.166628,0.264301,0.523004,0.034336,0.267919,0.536819,-0.142838,0.262381,0.543777,0.029561,0.273332,0.553689,-0.163597,0.26748,0.542278,0.007682,0.279002,0.546382,-0.155162,0.267903,0.536932,0.023083,0.277173,0.539588,-0.138023,0.229376,0.535602,0.077624,0.233517,0.537606,-0.077702,0.197701,0.652323,0.086411,0.268182,0.652398,-0.049439,0.145318,0.743892,0.078895,0.273914,0.790115,-0.014205,0.131256,0.742248,0.075512,0.265235,0.810627,-0.0101,0.145513,0.797648,0.040257,0.306754,0.821401,-0.038047
HA_Lat_16_6.13.26,5,517.46,577.13,0,517.46,577.13,0.9875,515.07,580.34,0.997,0.327378,0.350307,-0.052872,0.323507,0.338002,-0.04239,0.322568,0.33772,-0.042537,0.321696,0.337501,-0.042475,0.322901,0.337736,-0.066288,0.321515,0.337396,-0.06653,0.320052,0.33705,-0.066639,0.312547,0.341402,0.005476,0.310425,0.341368,-0.10111,0.323531,0.362157,-0.031419,0.322913,0.361511,-0.063388,0.29395,0.397135,0.092416,0.285741,0.3921,-0.150257,0.259171,0.470859,0.110085,0.246672,0.467861,-0.167916,0.264238,0.522832,0.019627,0.268266,0.537354,-0.147314,0.262809,0.543342,0.013166,0.273902,0.554549,-0.168859,0.267756,0.541759,-0.008401,0.27972,0.547152,-0.161194,0.268148,0.536433,0.008292,0.277707,0.540221,-0.142804,0.228808,0.535185,0.076119,0.23277,0.537245,-0.076203,0.197018,0.652371,0.081239,0.267883,0.652616,-0.048554,0.144366,0.743949,0.072232,0.273932,0.790361,-0.014803,0.129965,0.742554,0.068647,0.265236,0.810786,-0.010996,0.145007,0.797734,0.033822,0.306789,0.821347,-0.038828
HA_Lat_16_6.13.26,6,518.95,576.85,0,518.95,576.85,0.9882,515.49,580.46,0.9971,0.326925,0.352106,-0.050311,0.323214,0.339965,-0.0398,0.322239,0.339481,-0.039944,0.321345,0.339118,-0.039887,0.322645,0.339842,-0.064309,0.321228,0.339399,-0.064552,0.319727,0.339011,-0.064658,0.312124,0.342762,0.008018,0.309802,0.343086,-0.101044,0.323058,0.363374,-0.028854,0.322363,0.362981,-0.06156,0.292695,0.397163,0.094986,0.284668,0.393106,-0.152329,0.261261,0.470927,0.115097,0.246512,0.469084,-0.172782,0.275081,0.517059,0.02788,0.268486,0.537459,-0.151353,0.278086,0.527348,0.023512,0.274485,0.55453,-0.172297,0.281444,0.529222,0.001441,0.280223,0.54708,-0.164588,0.279896,0.519787,0.016809,0.278095,0.540205,-0.146743,0.228186,0.535192,0.076202,0.231263,0.537211,-0.076285,0.196179,0.652437,0.073376,0.267375,0.652753,-0.053061,0.143429,0.743946,0.060066,0.273946,0.790502,-0.034852,0.128538,0.742783,0.056001,0.265273,0.810875,-0.033004,0.144896,0.797749,0.020346,0.306843,0.821294,-0.059671
HA_Lat_16_6.13.26,7,518.01,575.32,0,518.01,575.32,0.9885,515.93,581.23,0.9973,0.326532,0.352792,-0.054523,0.322737,0.340289,-0.044025,0.321781,0.339843,-0.044169,0.320887,0.339493,-0.044104,0.322251,0.340208,-0.068704,0.320885,0.339835,-0.068946,0.319404,0.339507,-0.069057,0.311735,0.342943,0.006909,0.30925,0.343743,-0.105257,0.32269,0.364071,-0.032436,0.322056,0.363648,-0.065553,0.291019,0.397059,0.091741,0.283604,0.39372,-0.155399,0.259745,0.47054,0.109117,0.246066,0.470327,-0.177134,0.274896,0.515679,0.027879,0.268712,0.538179,-0.158146,0.277518,0.526967,0.023395,0.275016,0.555186,-0.179508,0.280703,0.529606,0.001601,0.280577,0.547948,-0.171577,0.279539,0.52067,0.01673,0.278419,0.540847,-0.153567,0.226854,0.534774,0.075815,0.230522,0.537106,-0.075896,0.19567,0.652811,0.078708,0.266611,0.652811,-0.051254,0.142672,0.74377,0.067967,0.274101,0.79084,-0.029843,0.12747,0.742785,0.064211,0.265282,0.811173,-0.027208,0.144755,0.797758,0.028029,0.306963,0.821361,-0.049586
HA_Lat_16_6.13.26,8,516.89,574.28,0,516.89,574.28,0.9891,516.76,581.33,0.9974,0.326125,0.353338,-0.056643,0.322064,0.340877,-0.046283,0.32101,0.340365,-0.04643,0.320038,0.339987,-0.046368,0.321718,0.340962,-0.070569,0.320343,0.34059,-0.070813,0.318868,0.340259,-0.070923,0.310989,0.34377,0.003762,0.308733,0.344501,-0.105231,0.322289,0.364331,-0.034657,0.321716,0.364053,-0.067223,0.291154,0.398818,0.090837,0.282747,0.39408,-0.153908,0.260493,0.470877,0.101733,0.245496,0.470578,-0.169256,0.277547,0.515096,0.006298,0.269148,0.538269,-0.144207,0.279519,0.527669,-0.001265,0.275672,0.555256,-0.163734,0.284058,0.527998,-0.022561,0.281511,0.547858,-0.156881,0.282654,0.520838,-0.005189,0.279228,0.540825,-0.139784,0.226904,0.53479,0.074492,0.229235,0.536024,-0.074568,0.194864,0.653272,0.060482,0.265709,0.652823,-0.051211,0.141386,0.743784,0.031514,0.274192,0.791322,-0.034267,0.12603,0.743027,0.025739,0.265297,0.811838,-0.03259,0.144311,0.797945,-0.013569,0.306969,0.821364,-0.057124
HA_Lat_16_6.13.26,9,520.64,574.77,0,520.64,574.77,0.9896,516.75,581.33,0.9974,0.323737,0.353314,-0.049499,0.320008,0.340894,-0.038585,0.319139,0.340424,-0.038737,0.31829,0.340068,-0.03868,0.319652,0.340916,-0.063221,0.318488,0.340541,-0.063467,0.31721,0.340188,-0.063574,0.309904,0.343804,0.010647,0.307826,0.344296,-0.09921,0.320561,0.364363,-0.02767,0.320094,0.364151,-0.06059,0.289505,0.398685,0.098991,0.282171,0.394012,-0.152204,0.258874,0.471172,0.120196,0.245173,0.470801,-0.172612,0.277096,0.51546,0.03083,0.269138,0.538266,-0.149494,0.279843,0.52821,0.025633,0.275905,0.555253,-0.169787,0.285471,0.527722,0.003227,0.281666,0.547794,-0.161898,0.283415,0.521138,0.018693,0.27937,0.540809,-0.144819,0.225508,0.534722,0.074754,0.228202,0.535805,-0.074832,0.194054,0.65382,0.067479,0.264873,0.653052,-0.051234,0.140264,0.74378,0.050986,0.274292,0.791584,-0.031963,0.125242,0.743348,0.046697,0.26532,0.812807,-0.029957,0.14429,0.797952,0.010418,0.306991,0.82139,-0.056904
HA_Lat_16_6.13.26,10,523.8,575.95,0,523.8,575.95,0.9897,518.05,580.81,0.9974,0.323497,0.35368,-0.051736,0.319846,0.341006,-0.04099,0.318972,0.340514,-0.041147,0.318138,0.340137,-0.041094,0.319388,0.340958,-0.065411,0.318146,0.340531,-0.065653,0.316792,0.340134,-0.06576,0.309256,0.343794,0.00809,0.306567,0.344149,-0.100592,0.320055,0.364653,-0.029962,0.319413,0.364338,-0.062588,0.289518,0.403689,0.096033,0.280301,0.393998,-0.153186,0.261431,0.473015,0.114957,0.24423,0.470782,-0.175473,0.280203,0.515558,0.020267,0.269819,0.537784,-0.155777,0.283878,0.52895,0.013678,0.276852,0.555153,-0.177084,0.288178,0.527821,-0.008555,0.282595,0.547123,-0.169324,0.286121,0.521516,0.008312,0.280503,0.539729,-0.151261,0.225565,0.535377,0.074834,0.226115,0.53534,-0.074908,0.193328,0.65441,0.061965,0.263717,0.653019,-0.057883,0.139012,0.743806,0.037657,0.274283,0.79162,-0.050679,0.123859,0.743763,0.032301,0.2653,0.812799,-0.050136,0.14417,0.798128,-0.007437,0.306997,0.821399,-0.080621
HA_Lat_16_6.13.26,11,524.9,570.75,0,524.9,570.75,0.9898,521.21,579.45,0.9975,0.321047,0.353596,-0.052343,0.317111,0.340966,-0.041759,0.316333,0.340496,-0.041916,0.315582,0.340104,-0.041869,0.316483,0.340938,-0.065833,0.315181,0.340468,-0.066074,0.313706,0.340047,-0.066181,0.306756,0.343794,0.006896,0.303757,0.344077,-0.100202,0.317961,0.364654,-0.030734,0.317234,0.364291,-0.06289,0.288643,0.404076,0.094573,0.277324,0.393951,-0.15307,0.261275,0.476125,0.115733,0.242812,0.471626,-0.177058,0.282487,0.515722,0.022045,0.271466,0.536531,-0.159308,0.288219,0.529153,0.016463,0.278656,0.554505,-0.180986,0.291439,0.527534,-0.00526,0.283997,0.545322,-0.173206,0.288813,0.521535,0.0108,0.281784,0.537899,-0.154836,0.224762,0.536267,0.074946,0.224241,0.535053,-0.075019,0.192416,0.655177,0.061613,0.262569,0.653099,-0.062244,0.137998,0.74382,0.040661,0.274273,0.791764,-0.051188,0.122648,0.744052,0.035822,0.265241,0.812958,-0.050033,0.143727,0.798163,-0.002475,0.306976,0.821378,-0.079689
HA_Lat_16_6.13.26,12,527.34,566.75,0,527.34,566.75,0.9896,523.69,578.27,0.9976,0.318673,0.352501,-0.043796,0.314354,0.340096,-0.032897,0.313541,0.339805,-0.033048,0.312718,0.339527,-0.033007,0.313763,0.340134,-0.057188,0.312468,0.339865,-0.057433,0.310999,0.339573,-0.05754,0.303836,0.343782,0.014894,0.301481,0.344036,-0.093086,0.315899,0.364342,-0.022583,0.315236,0.363957,-0.054949,0.284749,0.403741,0.101824,0.276129,0.393658,-0.149241,0.257515,0.475703,0.129639,0.242055,0.471836,-0.175787,0.282215,0.515215,0.052131,0.272757,0.535439,-0.158827,0.287723,0.528026,0.049445,0.280327,0.5541,-0.180104,0.292662,0.525721,0.026617,0.28608,0.544621,-0.171782,0.28955,0.519975,0.040404,0.28402,0.536993,-0.154215,0.222158,0.536275,0.075021,0.224181,0.535101,-0.075094,0.191441,0.656143,0.060242,0.261573,0.653382,-0.060999,0.136901,0.743944,0.037016,0.27429,0.791798,-0.044567,0.12163,0.744665,0.032067,0.265264,0.81328,-0.042867,0.143294,0.798177,-0.004498,0.306983,0.821344,-0.073836
HA_Lat_16_6.13.26,13,529.59,565.92,0,529.59,565.92,0.991,524.5,574.01,0.9978,0.313878,0.350984,-0.042453,0.310135,0.338789,-0.031774,0.309352,0.33865,-0.031921,0.308528,0.338465,-0.031877,0.309655,0.338829,-0.055615,0.308507,0.338737,-0.055861,0.307203,0.338584,-0.055963,0.299974,0.343006,0.015046,0.298096,0.343551,-0.090963,0.311584,0.363648,-0.021608,0.311,0.363242,-0.053373,0.278256,0.399839,0.102491,0.273629,0.393527,-0.146683,0.252235,0.475281,0.136835,0.240425,0.472498,-0.172648,0.280833,0.510381,0.071958,0.273177,0.53149,-0.152853,0.285707,0.516915,0.071232,0.281376,0.550124,-0.172374,0.290861,0.515167,0.049458,0.287106,0.540121,-0.163102,0.288166,0.512101,0.060974,0.284662,0.532918,-0.147715,0.219158,0.536226,0.07489,0.223166,0.535157,-0.074967,0.190757,0.657021,0.0576,0.260576,0.653393,-0.060783,0.136032,0.744065,0.03428,0.274131,0.791786,-0.043928,0.120533,0.745151,0.029589,0.265074,0.81324,-0.042003,0.143111,0.798326,-0.004471,0.306945,0.821442,-0.060034
HA_Lat_16_6.13.26,14,535.61,561.67,0,535.61,561.67,0.9911,527.88,569.22,0.9979,0.311689,0.350342,-0.041928,0.307916,0.337966,-0.031869,0.307129,0.337742,-0.032021,0.306379,0.337472,-0.031975,0.307412,0.33813,-0.055311,0.30618,0.338051,-0.055549,0.304792,0.337886,-0.055652,0.297918,0.341905,0.014186,0.295531,0.342668,-0.089741,0.308916,0.362464,-0.02123,0.308162,0.362139,-0.052394,0.279029,0.399789,0.099774,0.271489,0.39254,-0.145852,0.253095,0.475943,0.105926,0.240474,0.473395,-0.168486,0.281146,0.509598,-0.007011,0.274939,0.527059,-0.142184,0.28642,0.518026,-0.016903,0.283704,0.545057,-0.161504,0.290767,0.515199,-0.037374,0.289297,0.533903,-0.153705,0.288503,0.509531,-0.018878,0.286231,0.526973,-0.137598,0.219274,0.536276,0.074358,0.222215,0.535057,-0.074425,0.190231,0.65804,0.061128,0.259777,0.653396,-0.060053,0.135163,0.744274,0.044646,0.27407,0.791778,-0.041242,0.119561,0.746,0.040267,0.265073,0.813201,-0.038185,0.143139,0.798338,0.00311,0.306895,0.821393,-0.055715
HA_Lat_16_6.13.26,15,536.92,555.29,0,536.92,555.29,0.9907,530.97,563.78,0.998,0.30692,0.350358,-0.037613,0.303412,0.337964,-0.027558,0.302552,0.337736,-0.027705,0.301655,0.337459,-0.027656,0.303011,0.338127,-0.051306,0.301831,0.338042,-0.051539,0.300483,0.337864,-0.051628,0.292845,0.341505,0.017319,0.291082,0.342339,-0.087911,0.303611,0.362442,-0.017264,0.30304,0.362128,-0.048842,0.269996,0.396554,0.102536,0.268621,0.392525,-0.144002,0.248532,0.475555,0.115805,0.239734,0.474512,-0.167206,0.280392,0.509934,0.012296,0.276549,0.522022,-0.135166,0.285852,0.519576,0.007715,0.286317,0.537397,-0.152411,0.289847,0.515549,-0.010363,0.290934,0.525819,-0.143368,0.28776,0.51054,0.00137,0.287551,0.520394,-0.129944,0.216266,0.536282,0.074329,0.221405,0.535554,-0.074404,0.189733,0.65907,0.058957,0.259073,0.653419,-0.059857,0.134331,0.7446,0.036017,0.273969,0.791773,-0.039455,0.118223,0.74699,0.031211,0.264949,0.813182,-0.036757,0.143117,0.798526,-0.002344,0.306902,0.82116,-0.052064
HA_Lat_16_6.13.26,16,539.69,548.31,0,539.69,548.31,0.9919,536.37,556.31,0.9981,0.304847,0.350196,-0.034875,0.301167,0.337804,-0.026196,0.300066,0.337424,-0.026339,0.299043,0.337006,-0.026288,0.300979,0.338061,-0.049695,0.299729,0.337918,-0.049936,0.298413,0.337678,-0.050031,0.290146,0.340694,0.015936,0.288843,0.341594,-0.088531,0.300788,0.361578,-0.015385,0.30051,0.3614,-0.046614,0.26868,0.393513,0.10087,0.265893,0.392153,-0.142716,0.247992,0.470984,0.130723,0.239634,0.475795,-0.167514,0.279812,0.491453,0.07148,0.279362,0.515103,-0.137167,0.285575,0.498138,0.07235,0.289706,0.527794,-0.153934,0.28974,0.493962,0.053961,0.293623,0.514337,-0.144214,0.287185,0.482283,0.06212,0.289749,0.510403,-0.131573,0.214431,0.536419,0.072988,0.219707,0.536178,-0.073069,0.189347,0.660601,0.054511,0.258194,0.653703,-0.060695,0.133516,0.745039,0.032391,0.273751,0.791773,-0.038515,0.116959,0.747821,0.027878,0.264861,0.813176,-0.035685,0.143152,0.798538,-0.001164,0.306472,0.820313,-0.051462
HA_Lat_16_6.13.26,17,537.0,545.0,0,539.09,533.94,0.9861,539.29,548.84,0.9982,0.300941,0.350138,-0.024799,0.297069,0.337746,-0.016685,0.295823,0.337307,-0.016824,0.29469,0.33683,-0.016779,0.297179,0.33804,-0.040131,0.296011,0.337867,-0.040367,0.294815,0.337579,-0.040452,0.286102,0.340332,0.02208,0.285597,0.34127,-0.081861,0.296407,0.36091,-0.006291,0.296676,0.360832,-0.037456,0.264674,0.391869,0.105839,0.263065,0.391941,-0.137942,0.248592,0.470272,0.147748,0.239255,0.476991,-0.163992,0.279967,0.486072,0.101274,0.28088,0.508185,-0.126824,0.285559,0.485862,0.10426,0.291982,0.518522,-0.141252,0.290261,0.482641,0.085629,0.295687,0.505101,-0.131262,0.286806,0.477652,0.092082,0.291672,0.501589,-0.121,0.211983,0.536961,0.072544,0.21857,0.537317,-0.07264,0.188951,0.662124,0.049898,0.257038,0.654157,-0.058662,0.132696,0.745514,0.021886,0.273531,0.791707,-0.032767,0.116176,0.748756,0.016938,0.264844,0.812989,-0.029047,0.143139,0.798584,-0.009102,0.305874,0.820071,-0.037374
HA_Lat_16_6.13.26,18,532.0,535.0,0,533.95,522.99,0.9867,539.57,541.37,0.9982,0.297435,0.350022,-0.028089,0.294051,0.337448,-0.019126,0.292815,0.336874,-0.019266,0.291679,0.336295,-0.019224,0.294232,0.337843,-0.043521,0.293139,0.337602,-0.043744,0.292027,0.337243,-0.043826,0.283339,0.339051,0.022656,0.283158,0.340157,-0.085098,0.292924,0.360184,-0.008446,0.293236,0.360072,-0.040822,0.260082,0.39055,0.105996,0.25936,0.391693,-0.141286,0.247048,0.470184,0.130321,0.238248,0.478111,-0.166495,0.280181,0.486102,0.031289,0.281029,0.501268,-0.12653,0.286716,0.48693,0.025453,0.292607,0.50899,-0.141816,0.290228,0.480337,0.009074,0.295915,0.495681,-0.132788,0.287125,0.478468,0.021226,0.29195,0.493261,-0.12107,0.209997,0.537665,0.072588,0.217597,0.53849,-0.072681,0.188389,0.663649,0.056558,0.255842,0.65523,-0.058401,0.13192,0.746228,0.032262,0.273463,0.791227,-0.033397,0.115837,0.750217,0.026933,0.264846,0.812558,-0.030258,0.143163,0.79866,-0.004762,0.3059,0.819753,-0.039017
HA_Lat_16_6.13.26,19,538.0,519.0,0,533.79,511.06,0.9869,541.77,530.61,0.9978,0.293483,0.348954,-0.031446,0.290408,0.33646,-0.020762,0.289364,0.335836,-0.020907,0.288385,0.335225,-0.020853,0.290299,0.336841,-0.045368,0.28919,0.336469,-0.045626,0.288067,0.335956,-0.045734,0.280198,0.337579,0.019347,0.279462,0.338016,-0.085898,0.289334,0.358558,-0.010698,0.289381,0.358471,-0.043624,0.259324,0.390209,0.099787,0.254192,0.3916,-0.144803,0.247569,0.470181,0.079616,0.23739,0.478698,-0.166505,0.280164,0.482028,-0.052407,0.28217,0.491309,-0.108937,0.286389,0.481447,-0.064699,0.294222,0.496553,-0.122202,0.289648,0.474803,-0.079765,0.296773,0.483611,-0.1138,0.287064,0.474434,-0.062873,0.292749,0.481445,-0.103365,0.209876,0.54041,0.072726,0.215791,0.540117,-0.07282,0.187688,0.66503,0.062124,0.254962,0.655467,-0.055895,0.130844,0.746789,0.059245,0.273126,0.791054,-0.033084,0.115087,0.751664,0.056442,0.26418,0.811925,-0.030142,0.143114,0.79957,0.028066,0.305909,0.819761,-0.040938
HA_Lat_16_6.13.26,20,538.0,510.0,0,537.13,504.61,0.9857,542.83,516.7,0.9968,0.289247,0.344756,-0.033984,0.285706,0.332855,-0.021943,0.284902,0.33261,-0.022078,0.284166,0.332273,-0.022012,0.285228,0.333063,-0.048395,0.284017,0.332937,-0.048667,0.282726,0.332592,-0.048776,0.275796,0.334996,0.01632,0.273699,0.335356,-0.088601,0.2854,0.355877,-0.012131,0.284798,0.355308,-0.046892,0.262776,0.391545,0.089844,0.249089,0.389721,-0.145118,0.254679,0.470085,0.041138,0.236683,0.478776,-0.145341,0.283565,0.47275,-0.117152,0.282723,0.478423,-0.067677,0.288811,0.472928,-0.134223,0.294193,0.479335,-0.078546,0.290897,0.461977,-0.146392,0.295527,0.464565,-0.072394,0.288433,0.461949,-0.126972,0.291759,0.4649,-0.062667,0.210707,0.543523,0.07286,0.212106,0.541219,-0.072955,0.186777,0.667576,0.069525,0.253822,0.655768,-0.07407,0.129594,0.747869,0.082339,0.272966,0.790926,-0.064584,0.114061,0.753812,0.080758,0.264141,0.811843,-0.063794,0.143111,0.799766,0.04814,0.305925,0.819771,-0.094293
HA_Lat_16_6.13.26,21,542.0,498.0,0,535.57,494.82,0.988,542.18,502.96,0.9937,0.283048,0.341632,-0.036848,0.279163,0.329755,-0.025583,0.278349,0.329735,-0.025721,0.277605,0.329571,-0.025659,0.278754,0.329925,-0.051182,0.277564,0.330052,-0.051435,0.276289,0.33006,-0.05154,0.269572,0.333789,0.015677,0.267958,0.334109,-0.088618,0.279902,0.353754,-0.015278,0.279106,0.35307,-0.048816,0.259651,0.391632,0.087358,0.245816,0.387417,-0.142557,0.254879,0.471089,0.037458,0.236606,0.479007,-0.130502,0.284878,0.460378,-0.11551,0.282387,0.465699,-0.034417,0.292157,0.458745,-0.130772,0.293562,0.464387,-0.041271,0.292406,0.446568,-0.140449,0.294595,0.450335,-0.034536,0.289265,0.446901,-0.124117,0.291113,0.450176,-0.028829,0.209566,0.545158,0.072857,0.209958,0.542035,-0.07294,0.185945,0.669398,0.069778,0.252697,0.656111,-0.07171,0.128381,0.748985,0.08025,0.272766,0.790789,-0.059199,0.112814,0.755343,0.078403,0.263643,0.811477,-0.058013,0.142313,0.799858,0.045445,0.305936,0.819658,-0.087063
HA_Lat_16_6.13.26,22,542.0,486.0,0,533.88,486.76,0.9879,540.81,487.96,0.9907,0.278447,0.33563,-0.037845,0.27408,0.324906,-0.026576,0.273397,0.325138,-0.026711,0.272752,0.325179,-0.026646,0.273505,0.3249,-0.052727,0.27235,0.325176,-0.052979,0.271111,0.325265,-0.053085,0.265208,0.330111,0.015207,0.262958,0.330598,-0.088393,0.276144,0.348305,-0.016128,0.275236,0.347781,-0.050184,0.258602,0.392414,0.085777,0.241146,0.38573,-0.138075,0.258463,0.474576,0.03099,0.236229,0.479357,-0.119516,0.284847,0.450796,-0.127527,0.281674,0.451818,-0.022263,0.292765,0.443051,-0.143049,0.292422,0.444429,-0.028259,0.292397,0.43073,-0.149424,0.293396,0.432795,-0.022424,0.288835,0.433094,-0.134716,0.28898,0.434437,-0.016856,0.210244,0.547319,0.072764,0.207025,0.542492,-0.072832,0.185082,0.672292,0.07743,0.251529,0.656411,-0.083882,0.127547,0.75059,0.100583,0.272729,0.790784,-0.08654,0.111956,0.757484,0.100508,0.263658,0.811485,-0.087114,0.141987,0.799969,0.069791,0.306189,0.819763,-0.122147
HA_Lat_16_6.13.26,23,532.12,470.59,0,532.12,470.59,0.9898,540.5,473.56,0.9829,0.274005,0.333584,-0.038282,0.270037,0.322654,-0.028067,0.26934,0.322821,-0.02821,0.268642,0.322787,-0.028152,0.269248,0.322603,-0.052131,0.26793,0.322799,-0.052359,0.26647,0.322876,-0.05246,0.25974,0.327862,0.014561,0.257203,0.328613,-0.084062,0.271522,0.346601,-0.017336,0.270305,0.346118,-0.048809,0.256947,0.392753,0.085741,0.236733,0.384057,-0.132114,0.260432,0.474932,0.030657,0.235763,0.479138,-0.111518,0.284355,0.439844,-0.124875,0.281508,0.438483,-0.00718,0.291547,0.429921,-0.140094,0.291666,0.430254,-0.011323,0.291676,0.417251,-0.145165,0.290079,0.4184,-0.005496,0.288554,0.420911,-0.131489,0.285225,0.421461,-0.001625,0.210064,0.549106,0.072291,0.204876,0.543869,-0.072342,0.184056,0.674372,0.077629,0.25065,0.656939,-0.08029,0.126741,0.752433,0.095688,0.272729,0.790835,-0.077332,0.110808,0.759621,0.095075,0.263658,0.811562,-0.077274,0.142039,0.800125,0.062506,0.307374,0.81981,-0.111618
HA_Lat_16_6.13.26,24,526.93,458.78,0,526.93,458.78,0.9896,539.32,459.97,0.9826,0.269539,0.330728,-0.038254,0.266317,0.320429,-0.028263,0.265791,0.320693,-0.02841,0.265284,0.320757,-0.028355,0.2651,0.320026,-0.051266,0.263602,0.320088,-0.051481,0.261983,0.320012,-0.051579,0.256348,0.324823,0.01691,0.252214,0.325419,-0.080115,0.266254,0.344314,-0.017168,0.264581,0.343756,-0.047417,0.255571,0.394262,0.086403,0.230704,0.382529,-0.127969,0.26241,0.476204,0.032298,0.23608,0.477905,-0.117241,0.284114,0.42733,-0.13118,0.280896,0.425901,-0.030946,0.291021,0.416628,-0.147342,0.291492,0.416778,-0.038352,0.291264,0.406727,-0.151364,0.286266,0.406248,-0.032928,0.288241,0.410402,-0.137482,0.281829,0.410366,-0.025897,0.209895,0.550447,0.072297,0.202266,0.544782,-0.072342,0.182972,0.6756,0.07834,0.24972,0.657455,-0.085055,0.125482,0.754513,0.099807,0.272681,0.790801,-0.091116,0.109439,0.763078,0.099624,0.26367,0.811882,-0.092318,0.142078,0.800123,0.067015,0.308825,0.818957,-0.130949
HA_Lat_16_6.13.26,25,523.23,447.35,0,523.23,447.35,0.9889,535.55,448.78,0.9836,0.263488,0.328034,-0.025937,0.260098,0.318638,-0.016066,0.259403,0.318968,-0.01621,0.258753,0.319113,-0.016168,0.258941,0.318057,-0.037518,0.257424,0.318121,-0.037708,0.255858,0.318066,-0.037796,0.249972,0.322897,0.031027,0.246464,0.323848,-0.062473,0.260316,0.34183,-0.004879,0.258766,0.341389,-0.033299,0.253245,0.394256,0.094774,0.22563,0.382211,-0.117003,0.267132,0.466585,0.037306,0.236208,0.472422,-0.123715,0.28386,0.41134,-0.126877,0.278934,0.415537,-0.104653,0.290254,0.399001,-0.145558,0.288244,0.40411,-0.122314,0.288804,0.391566,-0.150186,0.281703,0.395467,-0.117723,0.286003,0.396526,-0.133633,0.277316,0.400392,-0.102244,0.20908,0.551377,0.071699,0.199813,0.545092,-0.071738,0.181987,0.67636,0.077307,0.248227,0.658423,-0.08055,0.124597,0.755892,0.097916,0.272602,0.79076,-0.08186,0.108639,0.765019,0.097671,0.263819,0.812288,-0.082607,0.142086,0.799975,0.062174,0.309512,0.818093,-0.123118
HA_Lat_16_6.13.26,26,510.08,430.31,0,510.08,430.31,0.9869,526.56,434.16,0.985,0.25856,0.326794,-0.028202,0.255207,0.317435,-0.017776,0.254428,0.317704,-0.017925,0.253663,0.317801,-0.017885,0.254081,0.316807,-0.038612,0.252451,0.316756,-0.038796,0.250707,0.316654,-0.038876,0.244491,0.321189,0.033239,0.240614,0.322626,-0.057324,0.255442,0.340448,-0.006282,0.253755,0.340182,-0.033982,0.250988,0.394071,0.095197,0.220253,0.381118,-0.111299,0.271476,0.465446,0.025621,0.236493,0.464376,-0.151982,0.282696,0.403028,-0.134334,0.274249,0.402005,-0.160887,0.286378,0.388339,-0.15397,0.281876,0.388224,-0.18307,0.283173,0.381966,-0.154745,0.274872,0.381758,-0.178996,0.280057,0.387636,-0.13933,0.270905,0.387958,-0.159334,0.209605,0.553518,0.071529,0.197482,0.546213,-0.071562,0.181035,0.677689,0.073128,0.247047,0.659225,-0.084755,0.123213,0.757621,0.097762,0.272562,0.790714,-0.080789,0.107398,0.766961,0.097779,0.263838,0.812546,-0.08126,0.142051,0.799868,0.059651,0.309439,0.817168,-0.126237
HA_Lat_16_6.13.26,27,510.74,425.6,0,510.74,425.6,0.9878,520.47,423.92,0.986,0.253995,0.32582,-0.03034,0.250579,0.3165,-0.019742,0.249971,0.316793,-0.019892,0.249366,0.316924,-0.019851,0.249047,0.315821,-0.04089,0.247246,0.315731,-0.041079,0.245332,0.315625,-0.041165,0.239732,0.319897,0.033123,0.235174,0.321983,-0.060077,0.251471,0.339912,-0.007871,0.249548,0.339942,-0.036056,0.24736,0.392846,0.095639,0.215641,0.380338,-0.114946,0.270164,0.463579,0.022552,0.236924,0.454308,-0.173708,0.279258,0.396775,-0.137351,0.271078,0.392515,-0.178026,0.281495,0.379299,-0.156691,0.277866,0.376731,-0.200577,0.277758,0.375567,-0.156252,0.271554,0.372188,-0.195899,0.275089,0.381485,-0.141981,0.268243,0.378984,-0.176094,0.209469,0.555038,0.071247,0.196549,0.54746,-0.071278,0.179983,0.679167,0.072131,0.245894,0.660264,-0.082498,0.12223,0.759562,0.104229,0.272649,0.790676,-0.072077,0.106827,0.769766,0.104953,0.264321,0.812561,-0.071777,0.142077,0.799787,0.063606,0.309505,0.817005,-0.115692
HA_Lat_16_6.13.26,28,508.75,419.01,0,508.75,419.01,0.9857,515.73,413.6,0.9872,0.248207,0.326201,-0.0265,0.244882,0.316522,-0.015621,0.244303,0.316751,-0.015764,0.243793,0.31683,-0.015719,0.24346,0.315904,-0.03828,0.241729,0.315796,-0.03847,0.239909,0.315769,-0.038558,0.235078,0.319423,0.038767,0.230134,0.321657,-0.062981,0.246012,0.34024,-0.003213,0.244025,0.340238,-0.033663,0.243003,0.391921,0.104171,0.211175,0.379103,-0.121251,0.269936,0.46019,0.039739,0.237051,0.445482,-0.197198,0.277578,0.388351,-0.109807,0.268607,0.382963,-0.20563,0.279867,0.371804,-0.125969,0.274248,0.366745,-0.23079,0.276285,0.365692,-0.127672,0.269375,0.36189,-0.224998,0.273754,0.371299,-0.115031,0.266641,0.368986,-0.203395,0.208538,0.555137,0.072164,0.195193,0.54825,-0.072185,0.179062,0.679719,0.080662,0.243163,0.660169,-0.094851,0.121342,0.761143,0.120749,0.272182,0.790636,-0.089899,0.106103,0.772652,0.121866,0.264323,0.813043,-0.090641,0.142089,0.799693,0.083513,0.30945,0.813748,-0.139156
HA_Lat_16_6.13.26,29,504.22,404.03,0,504.22,404.03,0.9906,511.1,402.75,0.9883,0.242338,0.324614,-0.02157,0.238848,0.315087,-0.009663,0.238276,0.315481,-0.009801,0.237757,0.315692,-0.00976,0.237557,0.314434,-0.032768,0.235907,0.314521,-0.032957,0.234106,0.314646,-0.033039,0.229145,0.31873,0.048377,0.224567,0.320779,-0.055896,0.240592,0.339434,0.002829,0.238528,0.339292,-0.028327,0.239984,0.391811,0.114441,0.206223,0.377947,-0.119269,0.269179,0.455438,0.04594,0.236546,0.431787,-0.212171,0.276569,0.384756,-0.089751,0.266199,0.372915,-0.246285,0.27932,0.367855,-0.104568,0.271243,0.357329,-0.276438,0.275678,0.360935,-0.109697,0.268035,0.351422,-0.268211,0.27322,0.36687,-0.096162,0.265753,0.358916,-0.24406,0.208262,0.554792,0.073668,0.193837,0.548167,-0.073678,0.178098,0.680491,0.081923,0.240914,0.660107,-0.102586,0.121167,0.761845,0.128522,0.271252,0.790129,-0.099419,0.106068,0.773548,0.13023,0.264221,0.813033,-0.100654,0.142098,0.799639,0.091053,0.308968,0.80806,-0.153619
HA_Lat_16_6.13.26,30,503.37,396.72,0,503.37,396.72,0.9888,509.12,391.96,0.9894,0.238506,0.324022,-0.024269,0.235339,0.314249,-0.012192,0.234895,0.314546,-0.012333,0.234464,0.314658,-0.012294,0.233948,0.313543,-0.035062,0.232313,0.313481,-0.035251,0.230508,0.31352,-0.035331,0.22594,0.317794,0.047483,0.22046,0.320172,-0.055286,0.237182,0.338452,0.000469,0.235013,0.338249,-0.030344,0.239542,0.390942,0.112941,0.201217,0.376421,-0.118065,0.268234,0.449743,0.047797,0.235749,0.419929,-0.216646,0.275445,0.378744,-0.100632,0.265166,0.362926,-0.258016,0.279304,0.362888,-0.117577,0.270885,0.348286,-0.289325,0.274295,0.355201,-0.121132,0.268543,0.343027,-0.280499,0.271874,0.360742,-0.1067,0.26639,0.349549,-0.255829,0.208205,0.554195,0.074975,0.191778,0.547932,-0.074969,0.177095,0.68141,0.083707,0.238231,0.659969,-0.113993,0.120808,0.761912,0.142698,0.270579,0.78966,-0.113607,0.105214,0.773666,0.145655,0.26416,0.812914,-0.115627,0.142127,0.799625,0.104792,0.307602,0.802518,-0.17679
HA_Lat_16_6.13.26,31,505.1,389.36,0,505.1,389.36,0.9902,507.81,386.23,0.9903,0.235217,0.322342,-0.025616,0.232382,0.31286,-0.013281,0.231976,0.313128,-0.013424,0.231593,0.313219,-0.013383,0.230805,0.311962,-0.036519,0.229071,0.311691,-0.036709,0.227155,0.311501,-0.036786,0.222232,0.316015,0.047604,0.216812,0.317625,-0.057601,0.233538,0.336357,-0.00042,0.231425,0.336221,-0.031784,0.236616,0.389621,0.11426,0.19797,0.373231,-0.11993,0.267516,0.442824,0.052253,0.234659,0.413077,-0.217552,0.274838,0.373026,-0.094944,0.264483,0.357622,-0.254119,0.279218,0.357955,-0.111234,0.270501,0.343979,-0.285203,0.274613,0.35094,-0.115787,0.268412,0.338623,-0.276706,0.27185,0.356082,-0.101372,0.266483,0.344548,-0.251895,0.207538,0.553657,0.076234,0.190447,0.547744,-0.076222,0.176363,0.681197,0.087671,0.236111,0.659895,-0.119233,0.12046,0.761713,0.150475,0.269668,0.789431,-0.121748,0.104904,0.773392,0.153714,0.264042,0.813013,-0.12428,0.141485,0.799237,0.113851,0.307092,0.797313,-0.185802
HA_Lat_16_6.13.26,32,506.55,386.16,0,506.55,386.16,0.9912,507.16,381.45,0.9907,0.230483,0.320452,-0.022836,0.227952,0.310819,-0.010334,0.227592,0.310996,-0.01047,0.227281,0.311014,-0.010429,0.226399,0.309955,-0.034483,0.224687,0.309635,-0.034672,0.222823,0.309369,-0.034748,0.217671,0.313894,0.050607,0.211911,0.315657,-0.058709,0.22885,0.334088,0.002841,0.22702,0.333674,-0.029846,0.23001,0.386686,0.120556,0.193591,0.371123,-0.120818,0.26715,0.435656,0.065116,0.232802,0.406634,-0.21147,0.274539,0.365723,-0.087286,0.264147,0.353199,-0.236364,0.279398,0.351502,-0.101131,0.271015,0.340375,-0.265647,0.275442,0.343673,-0.108077,0.268745,0.334057,-0.256701,0.2725,0.348428,-0.094164,0.26666,0.338743,-0.233683,0.206237,0.553077,0.076153,0.189898,0.547521,-0.076144,0.176329,0.680479,0.087082,0.234983,0.659832,-0.110074,0.120461,0.761449,0.138492,0.268507,0.789062,-0.10752,0.104901,0.772915,0.14055,0.263729,0.813043,-0.109241,0.141532,0.799117,0.100755,0.306845,0.791953,-0.166488
HA_Lat_16_6.13.26,33,505.98,380.53,0,505.98,380.53,0.9914,507.6,376.09,0.991,0.225718,0.318732,-0.012783,0.222867,0.309349,-0.000328,0.222275,0.309464,-0.000462,0.221705,0.309418,-0.00043,0.221553,0.308595,-0.024723,0.219951,0.308317,-0.024904,0.217965,0.308039,-0.024964,0.212793,0.3126,0.059905,0.206602,0.314281,-0.050754,0.223844,0.332408,0.012755,0.221994,0.331672,-0.020424,0.225711,0.385455,0.128668,0.189311,0.370286,-0.113122,0.265526,0.430699,0.087212,0.231133,0.398929,-0.200731,0.274708,0.365966,-0.052257,0.264376,0.348235,-0.221594,0.27948,0.3513,-0.06596,0.271561,0.336662,-0.25005,0.276154,0.343769,-0.073827,0.269413,0.331121,-0.241126,0.273276,0.3483,-0.059801,0.267052,0.335836,-0.218915,0.205094,0.552624,0.076158,0.189051,0.547429,-0.076149,0.175256,0.67988,0.093248,0.232965,0.65978,-0.129284,0.120317,0.761586,0.153443,0.267153,0.788798,-0.152736,0.105053,0.772727,0.156764,0.263336,0.813792,-0.157351,0.141539,0.799164,0.122236,0.305939,0.789215,-0.220756
HA_Lat_16_6.13.26,34,506.57,374.84,0,506.57,374.84,0.9925,508.78,373.17,0.9898,0.222357,0.318724,-0.008868,0.219341,0.308866,0.003497,0.21872,0.308727,0.003362,0.21818,0.308459,0.003388,0.21777,0.308352,-0.020605,0.216099,0.308031,-0.020781,0.214153,0.307718,-0.020838,0.208559,0.312304,0.063416,0.202681,0.314069,-0.045997,0.220718,0.33245,0.016667,0.218331,0.331491,-0.016143,0.221287,0.384338,0.132531,0.185755,0.369675,-0.107352,0.261971,0.425748,0.099235,0.229397,0.391772,-0.194857,0.274875,0.366793,-0.035527,0.264989,0.345526,-0.214688,0.279574,0.352753,-0.049547,0.272519,0.336576,-0.242672,0.276618,0.345083,-0.060809,0.270616,0.330781,-0.233076,0.273758,0.348972,-0.044427,0.268185,0.334747,-0.211921,0.20421,0.551247,0.076007,0.188876,0.547291,-0.075995,0.175369,0.679609,0.091,0.231559,0.659864,-0.13202,0.120373,0.761391,0.138632,0.26598,0.788642,-0.156686,0.105294,0.771917,0.140504,0.262631,0.814473,-0.161133,0.141535,0.799086,0.105042,0.304797,0.78715,-0.223187
HA_Lat_16_6.13.26,35,506.64,372.06,0,506.64,372.06,0.993,509.74,375.7,0.9895,0.21915,0.31703,-0.014851,0.215881,0.30677,-0.003116,0.215282,0.306514,-0.003254,0.214713,0.306133,-0.003221,0.214535,0.306427,-0.026802,0.212706,0.306054,-0.026989,0.210679,0.30567,-0.027057,0.205682,0.310059,0.054265,0.199958,0.311362,-0.052639,0.21705,0.330287,0.00968,0.214389,0.329171,-0.022393,0.219395,0.382794,0.124366,0.182526,0.368674,-0.111987,0.258927,0.423842,0.089883,0.227861,0.386868,-0.194634,0.275243,0.369832,-0.070331,0.26549,0.347872,-0.214031,0.282064,0.356868,-0.089344,0.272824,0.338928,-0.242135,0.278188,0.347853,-0.102509,0.270964,0.333458,-0.232713,0.274703,0.352948,-0.080958,0.268383,0.338095,-0.211377,0.204097,0.549932,0.075616,0.189271,0.547224,-0.075592,0.175183,0.679468,0.094,0.230572,0.660059,-0.12775,0.120394,0.761268,0.15171,0.263734,0.787777,-0.141396,0.105523,0.771316,0.154583,0.261605,0.814435,-0.144947,0.141465,0.79903,0.118126,0.303084,0.785487,-0.209229
HA_Lat_16_6.13.26,36,508.82,372.26,0,508.82,372.26,0.9929,509.52,376.96,0.9872,0.215597,0.315676,-0.016349,0.212244,0.305292,-0.004734,0.211628,0.304945,-0.004871,0.211003,0.304486,-0.004841,0.210924,0.305005,-0.028686,0.209062,0.304567,-0.028872,0.207033,0.304105,-0.028938,0.202314,0.308185,0.05316,0.196648,0.309109,-0.055499,0.213593,0.328669,0.008525,0.211077,0.327353,-0.024047,0.215051,0.379062,0.123808,0.178334,0.366939,-0.115011,0.254385,0.419815,0.094537,0.224196,0.382824,-0.202484,0.27526,0.375927,-0.039261,0.265375,0.349034,-0.230058,0.283055,0.36288,-0.053944,0.273356,0.339361,-0.25976,0.279694,0.35519,-0.069779,0.271397,0.337117,-0.249525,0.275081,0.361005,-0.05019,0.268922,0.341861,-0.227278,0.204055,0.547015,0.075165,0.189451,0.54651,-0.075145,0.175159,0.679072,0.093,0.230639,0.660023,-0.118808,0.120677,0.760661,0.143399,0.2625,0.786824,-0.12297,0.105759,0.770907,0.145416,0.260678,0.814317,-0.125303,0.141041,0.798448,0.107534,0.299779,0.782485,-0.185863
HA_Lat_16_6.13.26,37,509.44,378.74,0,509.53,371.34,0.9923,509.44,378.74,0.98,0.211605,0.312976,-0.017181,0.208398,0.303046,-0.005565,0.207853,0.302724,-0.005685,0.207377,0.302314,-0.005666,0.20673,0.302583,-0.029903,0.204813,0.302103,-0.030086,0.202649,0.301589,-0.030134,0.19864,0.30542,0.049198,0.191999,0.305676,-0.057322,0.20944,0.325769,0.006535,0.206657,0.324435,-0.025228,0.21121,0.374387,0.120333,0.174454,0.364883,-0.115212,0.250198,0.416829,0.08659,0.221428,0.378578,-0.203758,0.275234,0.375114,-0.069321,0.265332,0.350683,-0.223147,0.283986,0.365144,-0.089079,0.273716,0.343678,-0.251978,0.280328,0.357871,-0.104686,0.271436,0.341107,-0.242795,0.275546,0.362339,-0.081317,0.269367,0.344232,-0.220442,0.203928,0.543784,0.074184,0.189516,0.545692,-0.074187,0.175224,0.678625,0.091805,0.230308,0.659559,-0.11298,0.12094,0.760188,0.134825,0.261515,0.785384,-0.103614,0.105784,0.77057,0.136295,0.259919,0.81411,-0.104739,0.140467,0.798151,0.098854,0.297247,0.779012,-0.174934
HA_Lat_16_6.13.26,38,509.95,381.31,0,507.65,379.86,0.9939,509.95,381.31,0.9733,0.209036,0.311195,-0.018561,0.205415,0.301525,-0.007407,0.204739,0.301155,-0.007535,0.204155,0.300742,-0.007511,0.203962,0.301145,-0.031486,0.2022,0.300658,-0.031675,0.200305,0.300127,-0.031733,0.196094,0.304183,0.047758,0.190234,0.304247,-0.059057,0.206422,0.323493,0.005594,0.204526,0.322728,-0.026489,0.208057,0.371904,0.119701,0.171611,0.364266,-0.116064,0.246814,0.416305,0.094361,0.219758,0.37558,-0.202025,0.27566,0.378999,-0.032677,0.265601,0.353065,-0.220143,0.286732,0.370849,-0.047216,0.274504,0.348998,-0.247989,0.283942,0.363637,-0.064888,0.273534,0.343754,-0.23943,0.278248,0.366599,-0.044509,0.270657,0.346149,-0.217545,0.203881,0.54176,0.073286,0.189503,0.545272,-0.073304,0.175354,0.678081,0.086496,0.229248,0.659073,-0.109737,0.120816,0.760035,0.13386,0.260487,0.784326,-0.096777,0.105441,0.770247,0.13611,0.259355,0.813928,-0.097483,0.139849,0.798076,0.092774,0.29623,0.775873,-0.167998
HA_Lat_16_6.13.26,39,510.41,387.04,0,506.12,386.12,0.9931,510.41,387.04,0.9664,0.206899,0.311072,-0.01988,0.203463,0.301093,-0.008184,0.20273,0.300741,-0.008308,0.20207,0.300364,-0.008271,0.202032,0.300711,-0.032352,0.200253,0.300237,-0.032539,0.198421,0.299684,-0.032599,0.19354,0.303525,0.047654,0.188044,0.303386,-0.059178,0.203754,0.323499,0.00411,0.202077,0.322818,-0.027843,0.205206,0.369532,0.119348,0.168936,0.363098,-0.116805,0.243909,0.414683,0.108243,0.21957,0.373151,-0.198833,0.275677,0.383481,0.012145,0.265841,0.358369,-0.214528,0.287295,0.375727,0.002212,0.276147,0.356466,-0.241716,0.285127,0.368466,-0.015525,0.275962,0.350442,-0.233899,0.279702,0.371237,0.001278,0.271744,0.352083,-0.212109,0.203909,0.539505,0.071257,0.189825,0.544862,-0.071296,0.175492,0.676997,0.091849,0.228737,0.658441,-0.108804,0.121032,0.759942,0.14991,0.25948,0.783776,-0.083798,0.105591,0.769954,0.153028,0.258696,0.813629,-0.083785,0.139801,0.798081,0.113233,0.294867,0.77509,-0.155517
HA_Lat_16_6.13.26,40,509.6,393.64,0,512.72,390.41,0.9895,509.6,393.64,0.958,0.203394,0.31015,-0.020453,0.19938,0.300255,-0.00939,0.198638,0.300005,-0.009522,0.19801,0.299715,-0.009489,0.197918,0.299841,-0.033178,0.196191,0.29948,-0.03337,0.194522,0.299015,-0.033436,0.190044,0.302791,0.047433,0.184862,0.302666,-0.060042,0.200852,0.322836,0.003208,0.198887,0.322083,-0.02851,0.20359,0.371154,0.117867,0.169339,0.362927,-0.117971,0.241783,0.416737,0.125828,0.218286,0.373991,-0.190957,0.275697,0.387257,0.057405,0.265415,0.364486,-0.212711,0.287271,0.379047,0.052535,0.276198,0.361525,-0.239269,0.28565,0.371445,0.033013,0.27603,0.356724,-0.228317,0.280462,0.374145,0.046744,0.27174,0.359002,-0.207975,0.203767,0.538325,0.069677,0.190286,0.544237,-0.069716,0.175323,0.675546,0.095843,0.228224,0.65769,-0.107839,0.121155,0.759893,0.152017,0.2592,0.782863,-0.085692,0.105786,0.769723,0.154906,0.258262,0.813465,-0.085976,0.139811,0.797721,0.120113,0.294134,0.771663,-0.154192
HA_Lat_16_6.13.26,41,514.71,403.08,0,514.71,403.08,0.9897,508.61,399.22,0.9564,0.201065,0.310553,-0.01971,0.197072,0.300641,-0.009516,0.196348,0.300465,-0.009658,0.195728,0.300227,-0.009633,0.19557,0.300251,-0.032894,0.193888,0.299952,-0.033094,0.192014,0.299552,-0.033164,0.187666,0.303475,0.046303,0.181922,0.303393,-0.060907,0.198662,0.323474,0.00352,0.196867,0.322799,-0.027974,0.201252,0.371931,0.116803,0.166713,0.363515,-0.118082,0.238822,0.418979,0.150204,0.215771,0.375552,-0.189937,0.275151,0.38863,0.107482,0.264899,0.369652,-0.209425,0.287053,0.383083,0.107155,0.276253,0.365718,-0.235825,0.285529,0.375841,0.085544,0.27608,0.359086,-0.227225,0.280443,0.377548,0.096795,0.27168,0.361709,-0.206384,0.203319,0.53701,0.068548,0.190597,0.543281,-0.068605,0.175178,0.674048,0.089401,0.228192,0.657304,-0.096363,0.121327,0.759751,0.130704,0.258996,0.782599,-0.074234,0.105856,0.769728,0.132065,0.258071,0.813359,-0.074368,0.139546,0.797718,0.094527,0.293579,0.769456,-0.135891
HA_Lat_16_6.13.26,42,504.15,415.57,0,504.15,415.57,0.9908,508.21,399.59,0.956,0.19822,0.310849,-0.020403,0.194256,0.300932,-0.010203,0.193585,0.300792,-0.010345,0.193073,0.300584,-0.010318,0.192567,0.300586,-0.033548,0.190734,0.300308,-0.033747,0.188848,0.299921,-0.03382,0.185176,0.3038,0.044686,0.179224,0.303791,-0.061151,0.195872,0.324048,0.002835,0.193972,0.323572,-0.028618,0.198997,0.37226,0.116653,0.165689,0.3642,-0.118674,0.23725,0.419081,0.147965,0.215407,0.379916,-0.189909,0.273581,0.390889,0.103531,0.264691,0.369993,-0.211647,0.28635,0.39122,0.103418,0.276118,0.37479,-0.238367,0.285011,0.384857,0.082567,0.275999,0.368966,-0.23045,0.279547,0.384204,0.093228,0.271658,0.368266,-0.209246,0.202994,0.535927,0.067832,0.190843,0.541954,-0.067889,0.175042,0.672606,0.085917,0.227966,0.656788,-0.096852,0.121473,0.759694,0.126662,0.258732,0.782357,-0.077182,0.105846,0.769577,0.128376,0.257837,0.81308,-0.077732,0.139173,0.797488,0.094076,0.292059,0.769233,-0.137829
HA_Lat_16_6.13.26,43,501.0,430.0,0,496.1,420.86,0.9939,502.17,414.28,0.9486,0.196448,0.310865,-0.023577,0.192551,0.301071,-0.013816,0.191945,0.300969,-0.013964,0.191526,0.300809,-0.013944,0.190672,0.300849,-0.036829,0.188748,0.300651,-0.037025,0.186735,0.300357,-0.037094,0.183733,0.30411,0.040828,0.176998,0.304418,-0.063766,0.194484,0.324272,0.000138,0.192436,0.32399,-0.031047,0.197477,0.371737,0.112036,0.164704,0.364798,-0.119113,0.231927,0.418916,0.12841,0.213295,0.384286,-0.187528,0.269638,0.402557,0.034755,0.261545,0.383591,-0.205493,0.281051,0.405446,0.027081,0.272225,0.391524,-0.230928,0.280303,0.39943,0.014659,0.272538,0.38817,-0.228362,0.275935,0.399637,0.026129,0.268778,0.387646,-0.204894,0.203016,0.534474,0.067349,0.190855,0.541365,-0.067406,0.174944,0.671482,0.08589,0.228432,0.656595,-0.098347,0.121535,0.759669,0.129117,0.258948,0.782401,-0.082885,0.105717,0.769453,0.131097,0.257927,0.813084,-0.083978,0.139175,0.797437,0.096712,0.291756,0.768594,-0.148628
HA_Lat_16_6.13.26,44,490.0,441.0,0,496.36,430.64,0.9833,492.73,429.53,0.9386,0.19481,0.311144,-0.023251,0.19077,0.301425,-0.013383,0.190177,0.301331,-0.013533,0.189774,0.301188,-0.013515,0.188756,0.301258,-0.036261,0.186801,0.301087,-0.036456,0.184846,0.300836,-0.036526,0.181933,0.304584,0.040916,0.175363,0.305087,-0.063193,0.192992,0.324465,0.000482,0.1906,0.324293,-0.030599,0.196686,0.372451,0.112331,0.164989,0.365192,-0.117251,0.228514,0.421051,0.131928,0.21067,0.388422,-0.17884,0.266046,0.414649,0.062934,0.256631,0.397713,-0.191826,0.277398,0.416787,0.058788,0.268122,0.403612,-0.21499,0.276739,0.411612,0.039636,0.268735,0.401195,-0.212738,0.272172,0.41237,0.052544,0.264352,0.401547,-0.191234,0.202691,0.534156,0.067321,0.190931,0.541045,-0.067379,0.174597,0.670489,0.084692,0.228835,0.655611,-0.104693,0.121213,0.759556,0.124656,0.259139,0.782498,-0.101566,0.105591,0.769352,0.126382,0.258006,0.813242,-0.10342,0.13921,0.796843,0.096665,0.292279,0.768013,-0.163708
HA_Lat_16_6.13.26,45,487.83,444.44,0,491.16,442.09,0.9952,487.83,444.44,0.9254,0.192966,0.311354,-0.023562,0.188764,0.301554,-0.013737,0.188187,0.301446,-0.013889,0.18778,0.301303,-0.013875,0.18671,0.301472,-0.036532,0.184799,0.301333,-0.036728,0.182671,0.301145,-0.036801,0.18023,0.304751,0.040611,0.173473,0.305555,-0.063269,0.191478,0.32458,0.000293,0.188936,0.324487,-0.030727,0.194232,0.37289,0.112271,0.164571,0.365508,-0.117808,0.225099,0.422499,0.127929,0.207877,0.389645,-0.179442,0.262533,0.426384,0.055632,0.25408,0.411516,-0.192124,0.273015,0.432553,0.050539,0.264658,0.419139,-0.215308,0.27252,0.426192,0.031174,0.266552,0.415689,-0.212913,0.269067,0.42649,0.045063,0.26232,0.415486,-0.191467,0.202544,0.534605,0.067472,0.191111,0.541051,-0.067528,0.174247,0.669708,0.08618,0.229407,0.654935,-0.105845,0.121155,0.759468,0.129431,0.259215,0.782563,-0.102498,0.105519,0.769267,0.131541,0.258036,0.81334,-0.104069,0.139226,0.795945,0.101994,0.292337,0.768846,-0.16334
HA_Lat_16_6.13.26,46,481.97,461.16,0,486.84,454.18,0.9931,481.97,461.16,0.925,0.192687,0.311893,-0.023646,0.18847,0.302034,-0.013767,0.187879,0.301933,-0.013919,0.187418,0.301787,-0.013904,0.186577,0.301882,-0.036612,0.184586,0.301722,-0.036808,0.182702,0.301526,-0.036882,0.17973,0.305228,0.040502,0.173762,0.306031,-0.063485,0.190917,0.325081,0.000189,0.188595,0.324955,-0.030891,0.193716,0.373329,0.112368,0.16354,0.365917,-0.117411,0.223699,0.423674,0.128867,0.205817,0.398828,-0.171386,0.258899,0.439847,0.054017,0.251024,0.427001,-0.179321,0.268341,0.448912,0.048811,0.260687,0.438268,-0.20187,0.268237,0.443353,0.029482,0.262901,0.435188,-0.19895,0.265611,0.441463,0.04356,0.259022,0.431978,-0.178089,0.202496,0.534847,0.067677,0.191147,0.541214,-0.067734,0.17412,0.669056,0.077961,0.229935,0.654737,-0.106317,0.120963,0.759379,0.102935,0.259347,0.782539,-0.106882,0.105472,0.769178,0.103162,0.258135,0.813334,-0.108917,0.139422,0.795343,0.073335,0.292212,0.769996,-0.166853
HA_Lat_16_6.13.26,47,471.19,472.28,0,472.66,460.21,0.9926,471.19,472.28,0.9141,0.192686,0.312098,-0.023727,0.188733,0.30206,-0.013981,0.188122,0.301971,-0.014134,0.187591,0.301836,-0.014119,0.18694,0.301945,-0.036814,0.184898,0.301796,-0.037008,0.183017,0.301568,-0.03708,0.17941,0.305412,0.039991,0.174053,0.306298,-0.063915,0.190246,0.32543,0.000128,0.188024,0.325277,-0.030935,0.192334,0.373653,0.11191,0.161974,0.36644,-0.117463,0.221941,0.424121,0.126535,0.20056,0.407163,-0.167341,0.256019,0.443271,0.048522,0.245414,0.437296,-0.168365,0.26491,0.450165,0.038964,0.253898,0.447771,-0.189578,0.26488,0.448116,0.014055,0.256192,0.445149,-0.186755,0.262762,0.446646,0.03514,0.252292,0.443122,-0.166864,0.202317,0.535011,0.067753,0.191231,0.541224,-0.067813,0.173757,0.668821,0.078517,0.230325,0.654083,-0.105707,0.120758,0.759308,0.108116,0.259495,0.782526,-0.106244,0.105496,0.769107,0.108773,0.258173,0.813278,-0.108294,0.139654,0.794879,0.076035,0.292259,0.770853,-0.166132
HA_Lat_16_6.13.26,48,466.05,484.44,0,476.92,478.74,0.9892,466.05,484.44,0.9133,0.192661,0.312215,-0.023742,0.188173,0.302192,-0.014015,0.187579,0.302029,-0.014168,0.187059,0.301887,-0.014152,0.186541,0.30233,-0.03685,0.184747,0.302249,-0.037044,0.182751,0.302111,-0.037116,0.178517,0.305557,0.039405,0.173841,0.30655,-0.064035,0.190658,0.325564,2.3e-05,0.188587,0.325321,-0.031046,0.191265,0.373701,0.111202,0.161706,0.367126,-0.117024,0.222624,0.424313,0.120809,0.196811,0.416926,-0.165319,0.255332,0.450463,0.037034,0.242732,0.448557,-0.168643,0.264335,0.462315,0.029224,0.251812,0.460724,-0.190551,0.264553,0.460262,0.009517,0.253244,0.458486,-0.187243,0.262228,0.457543,0.026072,0.250142,0.455688,-0.167048,0.201537,0.535412,0.06773,0.191389,0.541915,-0.067795,0.173042,0.668842,0.078699,0.2304,0.654109,-0.102219,0.120536,0.759251,0.108463,0.259682,0.782805,-0.105124,0.105511,0.769237,0.10915,0.258195,0.813499,-0.107996,0.139678,0.794501,0.078095,0.292645,0.771447,-0.165397
HA_Lat_16_6.13.26,49,455.37,491.31,0,466.41,483.37,0.9898,455.37,491.31,0.9183,0.193396,0.313739,-0.023765,0.189493,0.303845,-0.014046,0.189029,0.303576,-0.014199,0.188622,0.303316,-0.014183,0.187554,0.304075,-0.036816,0.185829,0.303907,-0.037009,0.183786,0.303733,-0.037082,0.179326,0.306478,0.039223,0.174372,0.307529,-0.063914,0.191515,0.326449,-5.8e-05,0.189283,0.326147,-0.031024,0.193656,0.373916,0.110854,0.161484,0.367829,-0.11499,0.224971,0.42452,0.117146,0.193988,0.422778,-0.16332,0.255735,0.45704,0.027202,0.237173,0.45492,-0.17203,0.264776,0.469636,0.018885,0.246184,0.467736,-0.194795,0.265173,0.469998,0.000714,0.24731,0.465183,-0.191299,0.262343,0.464949,0.016704,0.244947,0.463155,-0.170524,0.2016,0.535683,0.067526,0.191468,0.542391,-0.067594,0.172576,0.668852,0.078647,0.230836,0.653929,-0.102169,0.120482,0.759216,0.109519,0.259854,0.782817,-0.106139,0.105549,0.769182,0.110336,0.258255,0.81344,-0.108814,0.139616,0.794414,0.07953,0.292794,0.77209,-0.165283
HA_Lat_16_6.13.26,50,449.26,506.48,0,457.55,494.03,0.9889,449.26,506.48,0.9259,0.193612,0.314093,-0.024693,0.189595,0.304576,-0.014947,0.189251,0.304239,-0.015098,0.188993,0.303908,-0.015077,0.187669,0.304886,-0.037196,0.185805,0.304822,-0.037385,0.183678,0.304776,-0.037451,0.180182,0.30715,0.038296,0.174505,0.308841,-0.063408,0.192084,0.326494,-0.001089,0.189439,0.326207,-0.031258,0.195727,0.373959,0.108218,0.161703,0.369144,-0.112239,0.225636,0.426783,0.091593,0.19322,0.429459,-0.156941,0.253569,0.46212,-0.034934,0.233987,0.468959,-0.172643,0.261439,0.473204,-0.050988,0.242422,0.486366,-0.196733,0.261916,0.473928,-0.068716,0.24448,0.482721,-0.193985,0.25935,0.469236,-0.046067,0.241884,0.478607,-0.171699,0.201729,0.535732,0.066117,0.19157,0.542525,-0.066191,0.17233,0.668771,0.075466,0.23159,0.653902,-0.101347,0.120533,0.759162,0.103258,0.259965,0.782843,-0.1052,0.105572,0.769078,0.103605,0.258446,0.813436,-0.107736,0.13975,0.794216,0.075,0.292527,0.772708,-0.163846
HA_Lat_16_6.13.26,51,442.12,515.58,0,448.36,511.37,0.9907,442.12,515.58,0.9325,0.194621,0.314277,-0.025587,0.190852,0.305032,-0.016131,0.190564,0.304614,-0.016277,0.190383,0.304201,-0.016251,0.188887,0.30543,-0.038245,0.187035,0.30539,-0.038433,0.184876,0.305371,-0.038495,0.181792,0.30735,0.036257,0.175726,0.309401,-0.064163,0.193211,0.326613,-0.002128,0.190463,0.32632,-0.032034,0.195242,0.374079,0.106658,0.162291,0.369239,-0.112934,0.224881,0.432955,0.086488,0.192206,0.434161,-0.153651,0.248578,0.465969,-0.040966,0.23027,0.477389,-0.161959,0.256448,0.48094,-0.056541,0.237284,0.495776,-0.184654,0.255999,0.477881,-0.07366,0.240109,0.49113,-0.184425,0.254176,0.474473,-0.051915,0.237609,0.487175,-0.161412,0.20182,0.535933,0.065601,0.191646,0.542465,-0.065682,0.172343,0.668255,0.073363,0.232491,0.653914,-0.094572,0.120578,0.758493,0.097137,0.260003,0.782943,-0.095173,0.105592,0.768807,0.097024,0.258696,0.813454,-0.097375,0.139785,0.793865,0.06936,0.292173,0.773269,-0.150196
HA_Lat_16_6.13.26,52,433.15,528.59,0,440.51,521.99,0.9913,433.15,528.59,0.9381,0.196313,0.314412,-0.023606,0.192666,0.305115,-0.014975,0.192318,0.304714,-0.015116,0.192071,0.304322,-0.015083,0.190636,0.305538,-0.037283,0.188832,0.305508,-0.037473,0.186821,0.305473,-0.037536,0.183011,0.307413,0.036008,0.177393,0.30942,-0.064698,0.19461,0.326819,-0.000956,0.192052,0.326518,-0.031096,0.194029,0.374085,0.106572,0.163527,0.369251,-0.113575,0.218347,0.433004,0.090699,0.19044,0.438254,-0.152394,0.234343,0.473349,-0.023801,0.2256,0.489432,-0.150328,0.239793,0.495758,-0.036027,0.230607,0.509239,-0.170755,0.238021,0.49073,-0.052813,0.23338,0.504253,-0.170354,0.236245,0.485534,-0.034326,0.231437,0.498625,-0.149232,0.20114,0.53601,0.065188,0.191658,0.541948,-0.065284,0.172386,0.667386,0.068,0.23329,0.653911,-0.075203,0.120614,0.758154,0.084165,0.260016,0.782982,-0.069834,0.105609,0.767957,0.083509,0.259071,0.813456,-0.071429,0.139873,0.793853,0.057832,0.292278,0.773506,-0.120529
HA_Lat_16_6.13.26,53,424.86,538.41,0,432.17,533.49,0.9915,424.86,538.41,0.9429,0.198361,0.314243,-0.029206,0.194635,0.304918,-0.021701,0.194251,0.304617,-0.021843,0.193953,0.304322,-0.021804,0.192677,0.30527,-0.043796,0.190866,0.305276,-0.044001,0.188913,0.305277,-0.04408,0.185131,0.307548,0.024971,0.179485,0.309435,-0.074507,0.196636,0.32659,-0.007321,0.194187,0.326332,-0.037131,0.193243,0.372404,0.099821,0.165449,0.369129,-0.117956,0.213076,0.43542,0.097234,0.188813,0.44239,-0.156682,0.226851,0.476081,0.015447,0.221283,0.498524,-0.154554,0.230975,0.500346,0.007967,0.224613,0.517923,-0.174592,0.23018,0.495662,-0.008298,0.22726,0.513509,-0.173464,0.22784,0.486316,0.006276,0.226256,0.507922,-0.153149,0.201071,0.535943,0.065215,0.192863,0.541904,-0.065315,0.172504,0.665819,0.069231,0.234324,0.653871,-0.062095,0.120992,0.757651,0.093464,0.260136,0.783002,-0.051112,0.105623,0.76746,0.093422,0.259213,0.813464,-0.052226,0.139904,0.793561,0.065105,0.292436,0.773542,-0.103599
HA_Lat_16_6.13.26,54,417.92,546.62,0,422.71,540.74,0.9909,417.92,546.62,0.948,0.199507,0.314356,-0.03892,0.195863,0.305011,-0.029437,0.195495,0.30472,-0.029564,0.195209,0.304433,-0.029516,0.193888,0.305336,-0.051914,0.192063,0.305338,-0.052128,0.19013,0.305336,-0.05221,0.186508,0.307636,0.024564,0.180704,0.309507,-0.076476,0.197797,0.326735,-0.01416,0.195398,0.326471,-0.044527,0.194364,0.372497,0.100148,0.166701,0.369164,-0.117972,0.216429,0.436472,0.074866,0.187766,0.447818,-0.158999,0.221844,0.4418,-0.055893,0.217668,0.506134,-0.160081,0.216388,0.431975,-0.074272,0.220941,0.524107,-0.181699,0.213898,0.422366,-0.082842,0.223166,0.519596,-0.173726,0.214499,0.425853,-0.063563,0.222463,0.513883,-0.157519,0.201133,0.536055,0.065235,0.195621,0.541907,-0.065339,0.172574,0.664899,0.07024,0.23515,0.653709,-0.064387,0.12172,0.757291,0.092866,0.260355,0.782986,-0.052758,0.105857,0.766996,0.092563,0.259451,0.813418,-0.053944,0.14076,0.793585,0.058528,0.292532,0.773313,-0.112591
HA_Lat_16_6.13.26,55,409.14,548.68,0,409.14,548.68,0.99,413.54,553.35,0.9522,0.200538,0.313942,-0.043976,0.19678,0.304733,-0.034142,0.19632,0.304422,-0.034259,0.19594,0.304084,-0.034205,0.194908,0.305072,-0.056716,0.193083,0.30507,-0.056941,0.191149,0.305022,-0.057029,0.187085,0.307572,0.023294,0.181699,0.309311,-0.078441,0.198689,0.326389,-0.018044,0.196349,0.326158,-0.048597,0.195948,0.371372,0.099725,0.167633,0.368645,-0.119147,0.217758,0.443369,0.050433,0.186111,0.449942,-0.161187,0.222623,0.423995,-0.107532,0.215383,0.51236,-0.163613,0.217026,0.40859,-0.129759,0.217631,0.531756,-0.183759,0.214076,0.400583,-0.13742,0.220986,0.526526,-0.184508,0.214372,0.404674,-0.115628,0.220224,0.520892,-0.163164,0.201238,0.536139,0.065443,0.195995,0.541762,-0.065559,0.172644,0.664009,0.072975,0.23581,0.653715,-0.065456,0.12253,0.756626,0.095711,0.260375,0.782993,-0.054665,0.10661,0.765637,0.096173,0.259573,0.813223,-0.056199,0.141258,0.793581,0.063273,0.292638,0.773368,-0.120413
HA_Lat_16_6.13.26,56,394.47,562.4,0,394.47,562.4,0.9892,404.67,556.69,0.9467,0.201728,0.313463,-0.04149,0.19839,0.304341,-0.03282,0.198077,0.303961,-0.032918,0.1978,0.303564,-0.032847,0.196381,0.304652,-0.05578,0.194484,0.304574,-0.056026,0.192464,0.304419,-0.056128,0.188982,0.307242,0.023612,0.182854,0.30879,-0.077415,0.200209,0.325662,-0.015896,0.198064,0.325413,-0.046816,0.196386,0.370177,0.100519,0.168315,0.367237,-0.118036,0.216526,0.446834,0.066084,0.183922,0.449818,-0.162015,0.22795,0.463061,-0.072327,0.210766,0.515457,-0.16638,0.2283,0.469082,-0.087523,0.213337,0.538334,-0.187155,0.226539,0.459317,-0.10127,0.216698,0.532414,-0.186889,0.225625,0.455771,-0.081662,0.215056,0.527088,-0.16562,0.202608,0.53617,0.065585,0.197886,0.541751,-0.065697,0.172707,0.663453,0.06963,0.236662,0.653247,-0.068801,0.123243,0.756333,0.086133,0.260627,0.782929,-0.062329,0.106851,0.765033,0.085318,0.259693,0.813191,-0.064068,0.141217,0.79417,0.05077,0.293337,0.771941,-0.124066
HA_Lat_16_6.13.26,57,382.41,564.11,0,382.41,564.11,0.9924,399.22,570.97,0.944,0.203844,0.311903,-0.068853,0.200928,0.302576,-0.058044,0.200963,0.301966,-0.058165,0.201038,0.301324,-0.058106,0.198251,0.303265,-0.08007,0.196143,0.303288,-0.080299,0.193884,0.303167,-0.080386,0.193045,0.305961,0.006541,0.184273,0.307847,-0.092765,0.202848,0.323848,-0.040439,0.200155,0.324242,-0.070365,0.199066,0.369304,0.088101,0.171293,0.366775,-0.129202,0.21831,0.451738,0.034843,0.185486,0.457057,-0.178875,0.228136,0.431605,-0.122325,0.207925,0.528673,-0.193911,0.222556,0.419234,-0.144886,0.210598,0.551543,-0.216278,0.220969,0.409075,-0.152946,0.213897,0.549163,-0.218632,0.221188,0.41198,-0.130592,0.212738,0.540863,-0.194446,0.203925,0.537774,0.066534,0.2015,0.542409,-0.066668,0.172797,0.662674,0.080453,0.237942,0.653466,-0.056253,0.123973,0.756087,0.099686,0.260783,0.782895,-0.031564,0.10719,0.764037,0.098325,0.259813,0.812814,-0.032057,0.141224,0.794174,0.057377,0.293359,0.771796,-0.09922
HA_Lat_16_6.13.26,58,364.73,570.24,0,364.73,570.24,0.9931,378.12,572.26,0.9472,0.207814,0.3099,-0.063101,0.205029,0.300068,-0.052319,0.205172,0.299516,-0.052436,0.205376,0.29893,-0.052379,0.202039,0.300852,-0.074487,0.199791,0.300963,-0.074721,0.197353,0.300937,-0.074807,0.198054,0.30445,0.010801,0.188045,0.306493,-0.089401,0.20658,0.322375,-0.035298,0.203768,0.322915,-0.06539,0.202154,0.367557,0.091967,0.17588,0.363901,-0.12838,0.218822,0.450016,0.057405,0.182824,0.453298,-0.178958,0.227228,0.431898,-0.075055,0.19694,0.529868,-0.198752,0.225795,0.422022,-0.093096,0.19631,0.554999,-0.221581,0.223057,0.406628,-0.10469,0.201135,0.553484,-0.224721,0.223812,0.416422,-0.084254,0.20238,0.545879,-0.199723,0.206331,0.537931,0.06683,0.202767,0.542442,-0.066975,0.173101,0.660851,0.078552,0.238919,0.653074,-0.057257,0.125479,0.755179,0.096051,0.260793,0.7827,-0.037124,0.107986,0.762705,0.094728,0.259745,0.812573,-0.037853,0.141627,0.794194,0.05152,0.293595,0.771978,-0.103528
HA_Lat_16_6.13.26,59,355.98,570.05,0,355.98,570.05,0.9928,364.12,575.63,0.9519,0.212606,0.303261,-0.057516,0.20905,0.294306,-0.049374,0.208951,0.294327,-0.049543,0.208887,0.294304,-0.049564,0.206695,0.294773,-0.073633,0.204672,0.295294,-0.073846,0.202449,0.295267,-0.073942,0.202192,0.301573,0.017156,0.193848,0.303276,-0.079154,0.21124,0.317295,-0.032773,0.208929,0.317403,-0.065211,0.206347,0.365274,0.096264,0.181246,0.361417,-0.117828,0.216614,0.450408,0.080323,0.179808,0.450895,-0.174378,0.219256,0.494395,-0.020485,0.189645,0.53299,-0.199106,0.220042,0.512275,-0.033962,0.186098,0.555916,-0.224083,0.220532,0.508816,-0.051469,0.191464,0.555212,-0.226546,0.220062,0.502328,-0.031,0.193244,0.549231,-0.200119,0.208052,0.535142,0.066867,0.204447,0.536357,-0.067008,0.173774,0.658068,0.073603,0.239951,0.650283,-0.063709,0.126465,0.754588,0.093881,0.261307,0.78242,-0.068054,0.108363,0.7621,0.092727,0.260187,0.812321,-0.072102,0.142054,0.794285,0.048186,0.295098,0.772203,-0.149154
HA_Lat_16_6.13.26,60,340.65,572.42,0,340.65,572.42,0.9935,348.85,575.52,0.9546,0.218657,0.30423,-0.052348,0.215236,0.29479,-0.042608,0.2151,0.294652,-0.042749,0.215026,0.294509,-0.042731,0.212923,0.295223,-0.065679,0.21096,0.295509,-0.065892,0.208773,0.29541,-0.065978,0.207619,0.300934,0.019042,0.199409,0.302288,-0.077265,0.217133,0.317518,-0.026637,0.21479,0.317582,-0.057978,0.214884,0.36558,0.097399,0.185339,0.358363,-0.110338,0.218447,0.451449,0.040508,0.177663,0.45074,-0.171346,0.22632,0.436978,-0.131471,0.181694,0.532887,-0.205655,0.224551,0.425291,-0.157342,0.175349,0.554508,-0.229776,0.225215,0.415728,-0.166449,0.176953,0.555761,-0.234872,0.225245,0.417178,-0.140876,0.180625,0.550493,-0.208089,0.209775,0.53409,0.066893,0.204816,0.534872,-0.067042,0.174544,0.656403,0.064618,0.242312,0.649065,-0.067547,0.126452,0.754261,0.086568,0.262102,0.782205,-0.068181,0.108763,0.761757,0.085475,0.260579,0.812238,-0.07301,0.142066,0.794664,0.033927,0.296246,0.772606,-0.153753
HA_Lat_16_6.13.26,61,328.29,572.22,0,328.29,572.22,0.9891,332.52,581.31,0.959,0.226088,0.304737,-0.059268,0.222276,0.295402,-0.048856,0.221944,0.2952,-0.048968,0.221656,0.295008,-0.048916,0.220179,0.295756,-0.071774,0.218263,0.295899,-0.072015,0.216241,0.295763,-0.072109,0.213543,0.300566,0.014031,0.206782,0.30204,-0.086655,0.224117,0.317665,-0.032013,0.221917,0.31766,-0.062915,0.219556,0.36551,0.091504,0.188602,0.357984,-0.121511,0.218513,0.45099,0.026764,0.17581,0.452072,-0.177411,0.229902,0.421246,-0.144076,0.173188,0.538251,-0.214061,0.228116,0.406674,-0.168889,0.164778,0.557788,-0.238202,0.228272,0.397108,-0.180008,0.167166,0.55954,-0.245622,0.227536,0.399525,-0.154382,0.170921,0.554033,-0.217186,0.210588,0.532922,0.068006,0.204492,0.53276,-0.068162,0.175295,0.656306,0.063654,0.245568,0.647111,-0.067783,0.126717,0.754157,0.086804,0.262758,0.782213,-0.073252,0.109237,0.761701,0.085572,0.260616,0.812238,-0.078093,0.142075,0.794705,0.034006,0.297442,0.774473,-0.159543
HA_Lat_16_6.13.26,62,313.61,570.92,0,313.61,570.92,0.9906,314.82,583.18,0.963,0.23162,0.304873,-0.075143,0.228238,0.295818,-0.065275,0.227858,0.295644,-0.06539,0.227513,0.295455,-0.065331,0.226343,0.296197,-0.087159,0.224547,0.29639,-0.087396,0.222645,0.296286,-0.087484,0.218779,0.300974,-0.002985,0.212767,0.302408,-0.100713,0.229637,0.317981,-0.047691,0.227639,0.317895,-0.077173,0.224493,0.36582,0.072401,0.192325,0.358523,-0.130515,0.220344,0.452284,0.000486,0.17541,0.452073,-0.181287,0.232102,0.413504,-0.175959,0.163966,0.539984,-0.218447,0.230477,0.400537,-0.202397,0.154736,0.556151,-0.241737,0.230727,0.390297,-0.212745,0.155674,0.558699,-0.251317,0.230227,0.393308,-0.186018,0.160041,0.554775,-0.222538,0.211291,0.532793,0.068006,0.204322,0.532612,-0.068162,0.176638,0.65685,0.063649,0.247638,0.645974,-0.070827,0.126756,0.753801,0.088228,0.263477,0.782219,-0.073212,0.109318,0.760883,0.087136,0.2607,0.812228,-0.077887,0.142074,0.794807,0.0368,0.298329,0.776993,-0.154826
HA_Lat_16_6.13.26,63,297.19,572.9,0,297.19,572.9,0.9882,300.33,577.79,0.9666,0.237921,0.305515,-0.07832,0.233381,0.296359,-0.069575,0.232801,0.296162,-0.069702,0.232251,0.29595,-0.06964,0.232075,0.296708,-0.092153,0.230542,0.296856,-0.092375,0.228881,0.296737,-0.092466,0.22332,0.301263,-0.015754,0.219068,0.302693,-0.117216,0.236174,0.318485,-0.053915,0.234526,0.318404,-0.08434,0.226248,0.366123,0.058322,0.199011,0.358895,-0.145764,0.219241,0.457283,0.033892,0.173833,0.45122,-0.182503,0.21711,0.51063,-0.061886,0.156424,0.534993,-0.210106,0.214633,0.525503,-0.07116,0.145484,0.551264,-0.233396,0.216357,0.52035,-0.09267,0.146463,0.554358,-0.241182,0.21659,0.513289,-0.07349,0.151867,0.550536,-0.213272,0.212209,0.532942,0.066424,0.205356,0.533043,-0.066551,0.178464,0.657066,0.067046,0.25067,0.645671,-0.057445,0.126686,0.753306,0.090525,0.264152,0.782231,-0.028471,0.109163,0.760423,0.08958,0.260782,0.812231,-0.028427,0.14209,0.794901,0.043253,0.298555,0.78176,-0.092578
HA_Lat_16_6.13.26,64,281.93,568.25,0,281.93,568.25,0.9881,281.23,573.58,0.9697,0.243934,0.30773,-0.070751,0.23945,0.298233,-0.06201,0.238706,0.298024,-0.062138,0.237999,0.297766,-0.06208,0.238209,0.298478,-0.084672,0.236644,0.298579,-0.084891,0.23493,0.298471,-0.084983,0.228591,0.302735,-0.009784,0.224768,0.303997,-0.111918,0.241735,0.320928,-0.046914,0.240199,0.320496,-0.077522,0.228653,0.367293,0.062624,0.203089,0.359179,-0.142109,0.216847,0.461181,0.040601,0.171137,0.450606,-0.176782,0.207886,0.532066,-0.023351,0.146474,0.531094,-0.19126,0.20432,0.549878,-0.032461,0.135296,0.545179,-0.212078,0.206665,0.5449,-0.051551,0.135795,0.548318,-0.225813,0.207325,0.537234,-0.033969,0.14066,0.54538,-0.196556,0.213671,0.53476,0.066216,0.207507,0.534691,-0.066338,0.1793,0.659325,0.088103,0.255623,0.64454,-0.057709,0.126638,0.753217,0.122217,0.264723,0.78238,-0.019978,0.109025,0.760409,0.122318,0.260718,0.812096,-0.018613,0.142057,0.794895,0.081839,0.298524,0.786008,-0.077257
HA_Lat_16_6.13.26,65,270.5,560.13,0,270.5,560.13,0.9892,269.37,566.66,0.9719,0.249136,0.308977,-0.08799,0.244866,0.299422,-0.07909,0.244441,0.29922,-0.079223,0.24409,0.298944,-0.079157,0.243002,0.299847,-0.101056,0.2412,0.300174,-0.101274,0.239251,0.300422,-0.101367,0.235274,0.304545,-0.023983,0.229862,0.306294,-0.122754,0.247593,0.322369,-0.063162,0.24522,0.322308,-0.092839,0.233873,0.368614,0.051636,0.210158,0.359214,-0.146197,0.217987,0.465607,0.04676,0.170497,0.449397,-0.1799,0.20943,0.520382,-0.029498,0.140295,0.524681,-0.201751,0.207437,0.540766,-0.040499,0.127839,0.537372,-0.224797,0.20953,0.536256,-0.058956,0.12851,0.54014,-0.236778,0.21031,0.52957,-0.040065,0.133998,0.537759,-0.20715,0.213088,0.536637,0.065946,0.20699,0.53597,-0.06606,0.180133,0.663238,0.100236,0.260028,0.643705,-0.050081,0.12653,0.753383,0.139616,0.265416,0.782386,-0.007378,0.108618,0.76047,0.139976,0.260748,0.8119,-0.005653,0.141224,0.794883,0.099926,0.29865,0.787242,-0.062761
HA_Lat_16_6.13.26,66,253.15,548.4,0,253.15,548.4,0.9892,252.75,561.64,0.9747,0.256398,0.318986,-0.085491,0.252564,0.309818,-0.0754,0.252111,0.309397,-0.07553,0.251679,0.30886,-0.075461,0.250898,0.309853,-0.097971,0.249239,0.309618,-0.098194,0.247418,0.309291,-0.098294,0.242808,0.312475,-0.016875,0.237405,0.313589,-0.118114,0.254218,0.330845,-0.059579,0.252283,0.330279,-0.089962,0.240765,0.375895,0.060059,0.213794,0.362639,-0.144885,0.218687,0.46506,0.04996,0.167684,0.448801,-0.18081,0.208776,0.520149,-0.024721,0.131643,0.520039,-0.211793,0.206187,0.54362,-0.03537,0.118767,0.536396,-0.237202,0.208239,0.539051,-0.055051,0.120298,0.536241,-0.247776,0.209518,0.532489,-0.035765,0.125532,0.532282,-0.216824,0.212619,0.541011,0.068674,0.206315,0.538794,-0.068757,0.180978,0.668109,0.09509,0.263294,0.643401,-0.078937,0.126067,0.753941,0.134655,0.266125,0.783377,-0.049799,0.108574,0.761408,0.135152,0.260916,0.811927,-0.048537,0.141253,0.795438,0.095336,0.300968,0.790076,-0.104684
HA_Lat_16_6.13.26,67,244.0,532.0,0,245.96,532.7,0.9882,246.44,548.98,0.9772,0.263307,0.329417,-0.095834,0.259454,0.319671,-0.086068,0.258917,0.319247,-0.086202,0.258407,0.318728,-0.086126,0.257869,0.319724,-0.108335,0.256182,0.319526,-0.108554,0.25439,0.319289,-0.108648,0.249059,0.322215,-0.027404,0.244122,0.323481,-0.126968,0.260981,0.341051,-0.06984,0.259231,0.340334,-0.099684,0.247661,0.38446,0.049658,0.217227,0.368639,-0.150958,0.219525,0.472012,0.047133,0.168472,0.445425,-0.1848,0.211171,0.521866,-0.032717,0.128355,0.508314,-0.218573,0.207584,0.542319,-0.044628,0.113657,0.515469,-0.244155,0.209737,0.539188,-0.062966,0.114752,0.519868,-0.255034,0.210998,0.53315,-0.043422,0.121169,0.521805,-0.223701,0.21347,0.546951,0.070882,0.205948,0.545157,-0.070945,0.181916,0.672441,0.095304,0.265976,0.643618,-0.091999,0.125222,0.75547,0.133654,0.266995,0.783713,-0.062844,0.107949,0.764038,0.133761,0.26092,0.811927,-0.061392,0.141258,0.79544,0.094585,0.301742,0.79282,-0.111546
HA_Lat_16_6.13.26,68,242.16,508.83,0,242.16,508.83,0.987,244.48,522.01,0.9795,0.269388,0.336764,-0.108787,0.265328,0.326705,-0.098898,0.264709,0.326448,-0.099028,0.264111,0.326117,-0.098947,0.263771,0.326867,-0.122287,0.26204,0.326927,-0.122495,0.260158,0.326991,-0.122571,0.254726,0.331005,-0.038698,0.249627,0.332972,-0.143536,0.267002,0.348416,-0.08224,0.265397,0.348025,-0.113613,0.251155,0.390063,0.039431,0.223918,0.378804,-0.162879,0.22167,0.475284,0.039769,0.169893,0.438893,-0.198526,0.211284,0.520852,-0.034848,0.127335,0.483341,-0.23436,0.207922,0.543235,-0.049229,0.113121,0.4884,-0.261108,0.21016,0.541066,-0.066708,0.113057,0.49324,-0.271608,0.211755,0.535659,-0.044042,0.119216,0.49452,-0.239602,0.213585,0.552813,0.07246,0.206365,0.552493,-0.072513,0.182326,0.676808,0.096513,0.26825,0.643852,-0.093196,0.123872,0.757473,0.131438,0.267806,0.784884,-0.065825,0.106966,0.766648,0.131111,0.260945,0.812057,-0.064598,0.141232,0.795448,0.09184,0.302309,0.79606,-0.113367
HA_Lat_16_6.13.26,69,237.3,484.24,0,237.3,484.24,0.992,238.68,496.55,0.9815,0.275904,0.343381,-0.099406,0.271823,0.333416,-0.088363,0.271277,0.333361,-0.088497,0.270775,0.333356,-0.088412,0.270449,0.33355,-0.110988,0.268788,0.333811,-0.111201,0.267013,0.334028,-0.111284,0.262557,0.339512,-0.026099,0.257169,0.340839,-0.127682,0.273696,0.356123,-0.072353,0.272136,0.35578,-0.102703,0.259503,0.401975,0.049751,0.2286,0.388118,-0.153159,0.228693,0.48372,0.046084,0.17209,0.430403,-0.194131,0.214604,0.534563,-0.032004,0.124311,0.459765,-0.225766,0.210346,0.549331,-0.04357,0.110942,0.462496,-0.252053,0.212459,0.547078,-0.064501,0.110411,0.467821,-0.261713,0.21415,0.541791,-0.043018,0.116891,0.468114,-0.230723,0.214626,0.560243,0.073048,0.206544,0.559968,-0.073091,0.182005,0.680574,0.094401,0.271679,0.644058,-0.104035,0.122332,0.75887,0.13082,0.269375,0.78653,-0.087227,0.105918,0.76879,0.130695,0.261362,0.813452,-0.087346,0.139782,0.795518,0.091545,0.303926,0.804908,-0.139388
HA_Lat_16_6.13.26,70,244.35,467.41,0,244.35,467.41,0.9817,238.25,471.71,0.9833,0.281477,0.353288,-0.141653,0.278078,0.343867,-0.130848,0.277811,0.343639,-0.131001,0.277551,0.343515,-0.130898,0.276114,0.344105,-0.153392,0.274335,0.344291,-0.153597,0.272542,0.344403,-0.153677,0.26992,0.349053,-0.064112,0.263205,0.351273,-0.165045,0.279317,0.365383,-0.11292,0.277292,0.365454,-0.143144,0.264687,0.40568,0.016223,0.235299,0.398879,-0.17812,0.237263,0.477131,0.025724,0.173496,0.422567,-0.225527,0.216965,0.527331,-0.039388,0.124089,0.436764,-0.276163,0.212088,0.542068,-0.045428,0.109778,0.437694,-0.306164,0.213315,0.541984,-0.075684,0.1097,0.443065,-0.316023,0.215273,0.537161,-0.052525,0.115829,0.445373,-0.281924,0.215584,0.56636,0.074474,0.207562,0.568193,-0.074513,0.18172,0.682753,0.112094,0.272198,0.644231,-0.097817,0.120796,0.760381,0.154652,0.270193,0.788099,-0.079957,0.104696,0.770981,0.154739,0.261438,0.814003,-0.080505,0.139126,0.795458,0.1124,0.305385,0.808504,-0.139253
HA_Lat_16_6.13.26,71,245.28,440.64,0,245.28,440.64,0.9921,249.26,448.05,0.9843,0.287445,0.366103,-0.148376,0.284198,0.356438,-0.135695,0.284031,0.355804,-0.135871,0.28391,0.355181,-0.135799,0.281778,0.357092,-0.157696,0.279821,0.357123,-0.157915,0.277743,0.357107,-0.158023,0.275512,0.358685,-0.063865,0.267528,0.36214,-0.163742,0.285146,0.376495,-0.118091,0.282828,0.377297,-0.147966,0.269869,0.411015,0.02968,0.239495,0.406963,-0.173705,0.255107,0.474723,0.168467,0.175035,0.413125,-0.246313,0.234112,0.512936,0.253356,0.129821,0.414864,-0.32376,0.228214,0.525039,0.272631,0.114378,0.413008,-0.352241,0.227838,0.522314,0.245113,0.11406,0.41826,-0.36042,0.231595,0.518889,0.244681,0.120297,0.421592,-0.329575,0.217676,0.569839,0.075204,0.209532,0.571296,-0.07529,0.181518,0.684802,0.106788,0.277496,0.644407,-0.098304,0.119083,0.762647,0.140674,0.270985,0.788557,-0.08084,0.103472,0.773705,0.141178,0.261884,0.814101,-0.080929,0.138855,0.795545,0.109642,0.30538,0.809744,-0.136255
HA_Lat_16_6.13.26,72,269.84,420.77,0,269.84,420.77,0.9942,257.27,426.71,0.9855,0.292706,0.373308,-0.126277,0.289655,0.363327,-0.114397,0.289317,0.362802,-0.114576,0.288998,0.36228,-0.114521,0.287847,0.363958,-0.135822,0.286143,0.36398,-0.136042,0.284413,0.363903,-0.136151,0.280364,0.366708,-0.049419,0.274842,0.36857,-0.146936,0.290422,0.384146,-0.098776,0.288712,0.384353,-0.12795,0.278397,0.424658,0.040375,0.243001,0.408622,-0.164806,0.273817,0.473385,0.215633,0.1804,0.403524,-0.220129,0.266032,0.505803,0.348918,0.133993,0.395101,-0.27182,0.260871,0.517405,0.378844,0.11928,0.389395,-0.295381,0.260878,0.513787,0.35073,0.11842,0.394337,-0.301401,0.26402,0.510047,0.34143,0.124173,0.398258,-0.276123,0.219388,0.572147,0.074797,0.212093,0.571525,-0.074889,0.181372,0.685306,0.092056,0.280635,0.644793,-0.103416,0.117977,0.763427,0.094119,0.271633,0.789289,-0.084828,0.103142,0.774235,0.09089,0.261996,0.814308,-0.084376,0.138075,0.795946,0.046057,0.305588,0.811608,-0.134426
HA_Lat_16_6.13.26,73,280.6,401.46,0,280.6,401.46,0.9876,267.93,407.92,0.9866,0.299406,0.379078,-0.12024,0.296352,0.36829,-0.109065,0.295845,0.367772,-0.109228,0.295344,0.367239,-0.109163,0.294806,0.368674,-0.130588,0.293232,0.368543,-0.130806,0.291588,0.368318,-0.130905,0.286372,0.371162,-0.04723,0.28129,0.372972,-0.144623,0.296383,0.390659,-0.0938,0.294877,0.390472,-0.123025,0.284057,0.431977,0.034488,0.248766,0.409507,-0.158609,0.281796,0.474531,0.143847,0.187467,0.392175,-0.211568,0.274709,0.510236,0.176173,0.139546,0.377707,-0.262319,0.271639,0.518818,0.187971,0.125873,0.37176,-0.285029,0.272295,0.516049,0.16254,0.12481,0.375581,-0.293424,0.274909,0.513905,0.166424,0.129577,0.37974,-0.267797,0.222522,0.572744,0.074764,0.215593,0.571544,-0.074857,0.181531,0.684435,0.086445,0.282867,0.645022,-0.105491,0.118212,0.763435,0.084497,0.272143,0.790199,-0.088212,0.103276,0.773722,0.080358,0.262022,0.814388,-0.088178,0.137837,0.795884,0.030109,0.305208,0.813043,-0.137642
HA_Lat_16_6.13.26,74,292.85,387.17,0,292.85,387.17,0.9926,279.7,394.57,0.9874,0.305041,0.381355,-0.111654,0.302973,0.369882,-0.099947,0.302764,0.369519,-0.100102,0.302586,0.369117,-0.100034,0.300871,0.369803,-0.120924,0.298985,0.369448,-0.12115,0.296948,0.368975,-0.121251,0.294463,0.372861,-0.036954,0.286555,0.373632,-0.140493,0.302154,0.393086,-0.084154,0.299907,0.392912,-0.112705,0.292138,0.437709,0.043007,0.253584,0.40803,-0.13247,0.286318,0.500365,0.13885,0.197617,0.385041,-0.183544,0.275323,0.519008,0.155643,0.145677,0.365338,-0.257168,0.27133,0.522557,0.16374,0.133155,0.359168,-0.283409,0.273646,0.518102,0.140772,0.131779,0.362355,-0.286578,0.276617,0.517291,0.146301,0.136501,0.36791,-0.257548,0.227929,0.573531,0.074256,0.22037,0.570587,-0.074339,0.18288,0.683202,0.06711,0.28716,0.64589,-0.100906,0.118507,0.763144,0.060734,0.272693,0.790935,-0.086787,0.103332,0.773191,0.056029,0.262198,0.814436,-0.087311,0.137034,0.795853,0.000547,0.306565,0.816674,-0.140621
HA_Lat_16_6.13.26,75,308.0,381.0,0,311.01,385.22,0.9815,282.47,383.23,0.9885,0.312029,0.380761,-0.089742,0.30909,0.369986,-0.076948,0.308696,0.369788,-0.077082,0.308386,0.369543,-0.076996,0.307134,0.369674,-0.096187,0.305139,0.369234,-0.096423,0.302891,0.368653,-0.09652,0.299794,0.374347,-0.012489,0.292307,0.373721,-0.101475,0.308479,0.393165,-0.062588,0.306503,0.392466,-0.088455,0.296375,0.439309,0.056366,0.260287,0.406794,-0.105457,0.287047,0.495457,0.118828,0.206423,0.376525,-0.140151,0.276354,0.527848,0.091923,0.147121,0.354844,-0.187867,0.272475,0.533622,0.091573,0.137815,0.348518,-0.20861,0.274668,0.532382,0.070979,0.137179,0.352812,-0.219115,0.277235,0.530306,0.08226,0.141568,0.358237,-0.193671,0.23313,0.574709,0.072905,0.226439,0.570218,-0.072968,0.186132,0.682394,0.055374,0.290901,0.646293,-0.116577,0.121062,0.762118,0.046252,0.273176,0.791726,-0.105194,0.105296,0.768554,0.041202,0.262294,0.81467,-0.105729,0.136215,0.795876,-0.015503,0.3063,0.818267,-0.160405
HA_Lat_16_6.13.26,76,320.0,372.0,0,319.16,375.69,0.994,294.43,374.24,0.9891,0.319422,0.378409,-0.114881,0.31633,0.367848,-0.10238,0.315838,0.367706,-0.102541,0.315446,0.367488,-0.10246,0.31448,0.367237,-0.120493,0.312454,0.366649,-0.120733,0.309959,0.36596,-0.120848,0.306823,0.371672,-0.033692,0.299343,0.370256,-0.112356,0.315504,0.390221,-0.086155,0.313729,0.389377,-0.110523,0.308154,0.441215,0.037893,0.264469,0.403787,-0.115761,0.301069,0.505434,0.084611,0.212463,0.364318,-0.141273,0.27605,0.528486,0.055581,0.153348,0.346518,-0.175231,0.268869,0.533741,0.053424,0.137916,0.341926,-0.194831,0.270308,0.530494,0.033022,0.138578,0.347336,-0.20591,0.273545,0.528558,0.0466,0.14182,0.352459,-0.181191,0.240384,0.574307,0.070316,0.230306,0.568296,-0.070364,0.19202,0.681768,0.060725,0.293832,0.648504,-0.115911,0.126189,0.760004,0.069914,0.273786,0.792503,-0.094354,0.10996,0.758853,0.0668,0.262441,0.814705,-0.095328,0.134347,0.797066,0.00976,0.306148,0.821282,-0.150644
HA_Lat_16_6.13.26,77,337.34,365.86,0,337.34,365.86,0.995,316.76,371.46,0.99,0.324208,0.375588,-0.108214,0.320514,0.364597,-0.096977,0.320092,0.364381,-0.097134,0.319759,0.364135,-0.097068,0.3189,0.363986,-0.118277,0.317076,0.363352,-0.118495,0.314923,0.362584,-0.118584,0.310606,0.369596,-0.032233,0.303157,0.367612,-0.105598,0.320874,0.387895,-0.080487,0.31885,0.387215,-0.108565,0.315643,0.441899,0.043855,0.27056,0.401474,-0.107382,0.310942,0.513356,0.075191,0.221254,0.358824,-0.125705,0.286321,0.529029,0.021098,0.16498,0.343947,-0.157296,0.278374,0.533507,0.015733,0.147149,0.339315,-0.177857,0.279277,0.528591,-0.004694,0.146246,0.34513,-0.188324,0.282711,0.526901,0.011172,0.151275,0.350388,-0.163121,0.246102,0.572552,0.069412,0.235461,0.566879,-0.069445,0.198963,0.681552,0.058131,0.295265,0.650154,-0.13087,0.133785,0.754435,0.066046,0.27446,0.792984,-0.099552,0.118254,0.74383,0.062504,0.262767,0.814695,-0.098453,0.131279,0.797712,0.001189,0.306227,0.822605,-0.156017
HA_Lat_16_6.13.26,78,345.03,363.66,0,345.03,363.66,0.9952,332.29,369.64,0.9907,0.329841,0.373841,-0.106549,0.326203,0.36232,-0.095106,0.32585,0.362055,-0.095264,0.325617,0.361751,-0.095175,0.324422,0.361827,-0.113823,0.322548,0.361347,-0.114079,0.320379,0.360736,-0.114205,0.316984,0.367381,-0.02337,0.308304,0.365644,-0.101765,0.326519,0.386486,-0.080186,0.324327,0.38615,-0.10477,0.321092,0.438229,0.045378,0.275091,0.399701,-0.103254,0.311918,0.504738,0.098081,0.226882,0.352969,-0.114627,0.286765,0.534714,0.072906,0.173066,0.342257,-0.135581,0.279349,0.542638,0.074734,0.15597,0.338652,-0.153655,0.280065,0.540342,0.050143,0.15495,0.344651,-0.163976,0.283221,0.536989,0.062254,0.160711,0.34915,-0.14104,0.251815,0.571076,0.067104,0.240376,0.565992,-0.067134,0.207958,0.681665,0.0477,0.297618,0.652131,-0.1332,0.140789,0.744572,0.05171,0.275181,0.793397,-0.096761,0.127776,0.727108,0.048045,0.263059,0.814579,-0.094714,0.126638,0.797333,-0.013615,0.305962,0.824816,-0.150675
HA_Lat_16_6.13.26,79,353.85,369.05,0,353.85,369.05,0.9945,345.73,370.74,0.9916,0.335453,0.372258,-0.103767,0.33276,0.360769,-0.092468,0.332152,0.36025,-0.092625,0.331634,0.35973,-0.092554,0.331303,0.360536,-0.111846,0.329422,0.359947,-0.112093,0.327425,0.359307,-0.11221,0.321795,0.364556,-0.020818,0.314582,0.363431,-0.102263,0.33163,0.38431,-0.077203,0.329662,0.384423,-0.103168,0.323695,0.432825,0.047854,0.281986,0.398489,-0.111565,0.309145,0.491616,0.069355,0.232954,0.351373,-0.140611,0.291485,0.525306,-0.008996,0.180067,0.343279,-0.170821,0.28513,0.531772,-0.017428,0.16316,0.33882,-0.1918,0.285753,0.534559,-0.041824,0.162755,0.345655,-0.199989,0.288457,0.530249,-0.021705,0.168855,0.350613,-0.17545,0.25801,0.569874,0.06722,0.245311,0.563928,-0.067255,0.219444,0.684873,0.054548,0.301218,0.654141,-0.137087,0.148588,0.734079,0.0677,0.275532,0.793301,-0.092291,0.137312,0.713466,0.065134,0.263111,0.813779,-0.091161,0.127775,0.788709,0.009282,0.305833,0.826239,-0.150339
HA_Lat_16_6.13.26,80,368.13,377.65,0,368.13,377.65,0.9814,356.36,377.07,0.9922,0.339373,0.370198,-0.102447,0.336587,0.358745,-0.088846,0.33593,0.358226,-0.088982,0.335364,0.357689,-0.088884,0.33535,0.358467,-0.111212,0.333532,0.357858,-0.111481,0.331507,0.357184,-0.111605,0.32531,0.36205,-0.014513,0.319365,0.361186,-0.104902,0.335342,0.382054,-0.073861,0.33389,0.382031,-0.102761,0.326439,0.428531,0.053804,0.287718,0.397519,-0.121597,0.325103,0.433294,0.069741,0.238538,0.353398,-0.160596,0.328331,0.422336,0.012855,0.185605,0.349142,-0.199407,0.326668,0.418617,0.007813,0.16914,0.345468,-0.221544,0.328701,0.417651,-0.014465,0.168624,0.353993,-0.233851,0.330193,0.418775,0.001826,0.174422,0.358729,-0.205818,0.264302,0.569066,0.069156,0.252045,0.563797,-0.069208,0.231957,0.689098,0.058447,0.304817,0.656363,-0.134828,0.158987,0.721974,0.071719,0.275829,0.793239,-0.09945,0.147896,0.70073,0.071015,0.26331,0.813134,-0.09745,0.131253,0.771561,0.010385,0.305692,0.827287,-0.153695
HA_Lat_16_6.13.26,81,365.35,388.07,0,367.73,389.03,0.9954,365.35,388.07,0.9905,0.342168,0.36776,-0.102319,0.340365,0.356823,-0.088515,0.340176,0.35643,-0.088655,0.340097,0.356025,-0.08857,0.338206,0.356465,-0.110791,0.336257,0.355912,-0.111062,0.334117,0.355255,-0.111196,0.3331,0.360113,-0.014787,0.323901,0.35938,-0.108516,0.339282,0.379563,-0.073346,0.337228,0.37945,-0.102902,0.332672,0.425897,0.061664,0.292412,0.396952,-0.122851,0.340313,0.41495,0.219758,0.24184,0.356712,-0.158391,0.345758,0.400722,0.340322,0.190286,0.359326,-0.186737,0.344734,0.402267,0.368303,0.174103,0.35669,-0.201905,0.347428,0.401446,0.341601,0.173551,0.364281,-0.20993,0.349415,0.403537,0.332139,0.179457,0.36836,-0.19106,0.272593,0.568391,0.069093,0.259553,0.563242,-0.069143,0.244702,0.691367,0.061779,0.308536,0.659828,-0.137412,0.172335,0.709193,0.099826,0.276641,0.793235,-0.094793,0.162198,0.686302,0.1025,0.263839,0.812466,-0.094443,0.141867,0.752233,0.050347,0.305712,0.827033,-0.150836
HA_Lat_16_6.13.26,82,386.0,410.0,0,378.63,404.57,0.9948,376.0,401.12,0.9907,0.34936,0.365293,-0.080851,0.346346,0.35577,-0.066855,0.345821,0.355562,-0.066968,0.345389,0.355247,-0.066882,0.344759,0.355491,-0.090456,0.342885,0.355029,-0.090737,0.340893,0.354407,-0.090874,0.338182,0.35975,0.002481,0.331242,0.359317,-0.101411,0.346591,0.377543,-0.052939,0.345057,0.377034,-0.084699,0.338364,0.42442,0.071351,0.300095,0.396659,-0.121599,0.338931,0.401065,0.15558,0.246913,0.363199,-0.157767,0.340796,0.380985,0.15967,0.195834,0.371405,-0.188684,0.338839,0.375804,0.165099,0.180501,0.370163,-0.207126,0.341494,0.375092,0.142842,0.179972,0.376814,-0.216083,0.343396,0.37725,0.14978,0.186113,0.380374,-0.193391,0.279646,0.5678,0.069098,0.266145,0.562707,-0.069149,0.258907,0.693071,0.065064,0.313285,0.662519,-0.142079,0.187721,0.698436,0.11099,0.277243,0.793198,-0.092744,0.177836,0.674807,0.113281,0.264345,0.811273,-0.091899,0.154792,0.73757,0.068081,0.305937,0.827799,-0.147132
HA_Lat_16_6.13.26,83,390.0,433.0,0,386.47,428.65,0.9952,386.44,403.28,0.9914,0.355293,0.357642,-0.149344,0.351303,0.350019,-0.136064,0.350728,0.350342,-0.136207,0.350224,0.35044,-0.136121,0.349894,0.349733,-0.15996,0.348117,0.349814,-0.160228,0.346006,0.349888,-0.160365,0.342512,0.357057,-0.063677,0.336418,0.356075,-0.172122,0.35254,0.371083,-0.119815,0.351311,0.370192,-0.152181,0.343142,0.420114,0.019314,0.307389,0.396513,-0.184198,0.344881,0.416469,0.1496,0.252053,0.369063,-0.233133,0.345484,0.418289,0.134419,0.201273,0.373406,-0.28059,0.343449,0.418718,0.143491,0.187503,0.371779,-0.306234,0.345477,0.416731,0.117467,0.187098,0.38085,-0.313343,0.347509,0.417392,0.123769,0.192895,0.385161,-0.285168,0.287236,0.56745,0.069102,0.271815,0.562508,-0.069153,0.274458,0.692671,0.086756,0.315341,0.666406,-0.138463,0.202697,0.689897,0.164172,0.277494,0.793177,-0.064415,0.195302,0.665293,0.169364,0.264342,0.80805,-0.056426,0.171403,0.722985,0.129618,0.30485,0.827761,-0.105274
HA_Lat_16_6.13.26,84,410.0,456.0,0,403.31,449.06,0.9958,403.9,434.47,0.9922,0.361378,0.352827,-0.136803,0.356676,0.345526,-0.123583,0.355967,0.34602,-0.123732,0.355296,0.346278,-0.123649,0.355373,0.345236,-0.146685,0.353523,0.345415,-0.146944,0.351345,0.345701,-0.147071,0.346115,0.354499,-0.054784,0.340866,0.354006,-0.159474,0.358353,0.367062,-0.108749,0.356989,0.365811,-0.140039,0.348545,0.419145,0.025263,0.312803,0.396132,-0.172432,0.342702,0.438318,0.136221,0.257948,0.373795,-0.20994,0.337875,0.494449,0.167524,0.210362,0.402285,-0.247612,0.335286,0.504657,0.182589,0.194152,0.405045,-0.271047,0.337922,0.507834,0.152947,0.195459,0.417381,-0.278546,0.339642,0.504878,0.156411,0.201521,0.418678,-0.252009,0.294506,0.567325,0.068365,0.278686,0.562447,-0.0684,0.286753,0.693074,0.095488,0.318192,0.66831,-0.131983,0.220007,0.684985,0.170489,0.277634,0.793114,-0.050837,0.212037,0.661412,0.175399,0.264547,0.807056,-0.042523,0.187857,0.719929,0.137172,0.304336,0.827716,-0.090413
HA_Lat_16_6.13.26,85,424.0,484.0,0,418.68,481.25,0.9946,417.96,475.36,0.9929,0.364276,0.348186,-0.128319,0.36003,0.340505,-0.115702,0.359871,0.341317,-0.115833,0.359764,0.341918,-0.115746,0.357926,0.33999,-0.138584,0.355999,0.340693,-0.138839,0.353809,0.341517,-0.138957,0.35233,0.350216,-0.047628,0.343812,0.351348,-0.15081,0.362617,0.362592,-0.100165,0.35973,0.362065,-0.131017,0.352461,0.418317,0.033379,0.317473,0.395878,-0.164718,0.327621,0.447389,0.126896,0.262374,0.393518,-0.194549,0.320675,0.50387,0.131182,0.217686,0.440152,-0.205527,0.325444,0.514258,0.138352,0.202297,0.443338,-0.228047,0.325386,0.516292,0.112557,0.205168,0.454747,-0.235708,0.324314,0.512125,0.120566,0.21111,0.456504,-0.208893,0.301367,0.566792,0.068379,0.284286,0.56085,-0.068408,0.305362,0.691483,0.093787,0.319148,0.670748,-0.128187,0.237742,0.678838,0.153525,0.277717,0.793032,-0.055318,0.23039,0.656611,0.156962,0.264526,0.80708,-0.049051,0.206219,0.717883,0.11947,0.304408,0.828384,-0.099731
HA_Lat_16_6.13.26,86,438.89,517.43,0,439.76,515.33,0.9921,438.89,517.43,0.9935,0.368346,0.345673,-0.102676,0.364453,0.337371,-0.091185,0.36432,0.338183,-0.091273,0.364244,0.338851,-0.091192,0.362389,0.336441,-0.114268,0.360599,0.336957,-0.114487,0.358517,0.337743,-0.114572,0.357115,0.346241,-0.029623,0.349278,0.347467,-0.133248,0.366725,0.358901,-0.077079,0.36347,0.358648,-0.107873,0.355728,0.416047,0.04887,0.326138,0.394451,-0.159421,0.327488,0.465007,0.118548,0.27089,0.414892,-0.190333,0.31331,0.524356,0.088045,0.228586,0.479102,-0.20272,0.311749,0.537832,0.088583,0.214889,0.484712,-0.226181,0.31282,0.538254,0.064015,0.21661,0.49421,-0.232968,0.313796,0.532776,0.076805,0.223033,0.494514,-0.205905,0.310274,0.566727,0.068392,0.292915,0.560662,-0.068421,0.324715,0.68652,0.072733,0.321131,0.676105,-0.101055,0.255603,0.677377,0.107344,0.278056,0.792788,-0.053745,0.247292,0.65848,0.108684,0.264407,0.807151,-0.049468,0.228962,0.723594,0.078362,0.302846,0.828666,-0.098908
HA_Lat_16_6.13.26,87,475.2,541.72,0,473.59,545.55,0.9895,475.2,541.72,0.9941,0.372078,0.344257,-0.116072,0.368492,0.335367,-0.104549,0.368343,0.336026,-0.104645,0.368265,0.33659,-0.104565,0.366579,0.334592,-0.127542,0.364778,0.335045,-0.127757,0.362644,0.335779,-0.127831,0.361295,0.343161,-0.039779,0.352767,0.345015,-0.142493,0.370253,0.357038,-0.08908,0.3674,0.356998,-0.119751,0.360181,0.413373,0.041342,0.329741,0.394161,-0.166052,0.331333,0.480853,0.07618,0.280446,0.435405,-0.18813,0.311018,0.532632,0.01364,0.247499,0.501592,-0.201146,0.306473,0.5546,0.007661,0.23437,0.511722,-0.225229,0.308166,0.553563,-0.015549,0.237348,0.52092,-0.232057,0.310132,0.547274,0.002313,0.242978,0.51932,-0.20405,0.321329,0.566693,0.068405,0.299396,0.560435,-0.068433,0.346051,0.683499,0.03731,0.323173,0.678009,-0.118345,0.274761,0.680248,0.10203,0.278444,0.792611,-0.070045,0.263865,0.662626,0.106157,0.264388,0.806329,-0.065071,0.252364,0.730861,0.076792,0.302846,0.827617,-0.11824
HA_Lat_16_6.13.26,88,516.1,571.37,0,516.1,571.37,0.9958,511.74,577.8,0.9945,0.376819,0.34362,-0.117072,0.3738,0.333707,-0.105457,0.373421,0.334003,-0.105566,0.373114,0.33422,-0.105492,0.372187,0.333057,-0.129289,0.370309,0.333204,-0.129491,0.368072,0.333587,-0.129562,0.365312,0.338255,-0.041323,0.358436,0.339975,-0.149055,0.374005,0.355447,-0.090267,0.371163,0.355739,-0.122244,0.361944,0.409265,0.039851,0.335318,0.39393,-0.179152,0.332691,0.481452,0.071576,0.29063,0.456853,-0.208899,0.311205,0.550395,0.012054,0.26653,0.535,-0.226816,0.304258,0.568883,0.005826,0.255306,0.546901,-0.255552,0.305781,0.565768,-0.016226,0.258775,0.555061,-0.258853,0.30851,0.559197,0.0013,0.264163,0.551992,-0.228337,0.328665,0.566405,0.070691,0.307867,0.560365,-0.070694,0.360445,0.674609,0.041665,0.326969,0.67937,-0.094462,0.292849,0.685584,0.159074,0.279164,0.792557,-0.0455,0.280339,0.669553,0.167145,0.264372,0.804109,-0.041395,0.27608,0.736757,0.140161,0.302663,0.827582,-0.097991
HA_Lat_16_6.13.26,89,563.28,590.51,0,563.28,590.51,0.9952,563.75,606.78,0.9949,0.381188,0.341474,-0.113401,0.377239,0.331778,-0.103027,0.376537,0.331951,-0.103145,0.375886,0.33205,-0.103121,0.37618,0.331306,-0.127485,0.374604,0.331397,-0.127649,0.372785,0.331611,-0.127696,0.367428,0.335447,-0.038844,0.363323,0.336767,-0.144377,0.378447,0.353563,-0.089699,0.376858,0.353402,-0.121316,0.362899,0.403963,0.041395,0.339972,0.393773,-0.172846,0.366738,0.467007,0.110787,0.306281,0.477688,-0.204107,0.372161,0.46535,0.114996,0.293621,0.561836,-0.2277,0.366537,0.467852,0.117291,0.283859,0.578872,-0.254225,0.366804,0.457285,0.100497,0.289183,0.583206,-0.25888,0.367882,0.458366,0.107784,0.294247,0.577234,-0.230078,0.337426,0.565266,0.070662,0.316801,0.560264,-0.070663,0.37424,0.661863,0.08213,0.328741,0.683354,-0.080194,0.310738,0.692351,0.182426,0.279401,0.792132,-0.041068,0.298819,0.67691,0.189802,0.264479,0.803743,-0.037654,0.306261,0.74046,0.168432,0.303131,0.828693,-0.088634
HA_Lat_16_6.13.26,90,617.89,619.06,0,617.89,619.06,0.9925,609.09,620.66,0.995,0.38531,0.337471,-0.111946,0.381096,0.327235,-0.102797,0.380145,0.327161,-0.102917,0.379178,0.327027,-0.102911,0.380246,0.326903,-0.126889,0.378717,0.326773,-0.127087,0.377043,0.326674,-0.127163,0.369868,0.329144,-0.037742,0.367195,0.330035,-0.142992,0.381754,0.349769,-0.089371,0.380881,0.349563,-0.119909,0.368052,0.400553,0.041959,0.341582,0.393713,-0.175543,0.362399,0.472073,0.097722,0.322597,0.488853,-0.204858,0.367845,0.503132,0.052731,0.317232,0.574687,-0.224828,0.366155,0.513308,0.048151,0.31166,0.598262,-0.250793,0.366944,0.504496,0.029182,0.320333,0.598055,-0.255536,0.367633,0.500931,0.043575,0.323549,0.590239,-0.227446,0.345168,0.565098,0.071067,0.322832,0.560687,-0.071061,0.390529,0.644597,0.076756,0.328892,0.686995,-0.090869,0.333495,0.693077,0.154407,0.280378,0.791868,-0.04798,0.321739,0.698556,0.158747,0.265302,0.80369,-0.044715,0.337224,0.755209,0.123136,0.30488,0.828632,-0.094351
HA_Lat_16_6.13.26,91,670.26,624.6,0,670.26,624.6,0.9954,669.58,620.49,0.9951,0.388884,0.336708,-0.122473,0.384807,0.32607,-0.110982,0.383984,0.326008,-0.111099,0.383123,0.325835,-0.111062,0.384075,0.32583,-0.133628,0.382663,0.32573,-0.133812,0.381127,0.325594,-0.133855,0.374223,0.32808,-0.043786,0.371778,0.328851,-0.14527,0.385531,0.349169,-0.096151,0.384505,0.349104,-0.126239,0.377997,0.399636,0.026223,0.344336,0.39355,-0.177983,0.403021,0.46767,-0.04248,0.339134,0.490926,-0.220981,0.403348,0.41577,-0.209365,0.34874,0.574528,-0.238179,0.402949,0.4051,-0.236579,0.346861,0.598305,-0.26555,0.399137,0.397273,-0.24192,0.353452,0.598053,-0.267588,0.397974,0.402903,-0.21644,0.354662,0.590866,-0.239608,0.351851,0.56358,0.070419,0.326458,0.560577,-0.070431,0.40329,0.62953,0.04879,0.33058,0.689764,-0.083036,0.355565,0.705888,0.152653,0.280563,0.79134,-0.028821,0.343371,0.720375,0.150884,0.265638,0.802541,-0.025747,0.366566,0.765896,0.109966,0.304465,0.829871,-0.090951
HA_Lat_16_6.13.26,92,730.88,611.05,0,730.88,611.05,0.9929,724.66,615.08,0.9952,0.393694,0.337111,-0.119412,0.389446,0.326006,-0.107805,0.388705,0.325818,-0.107923,0.388068,0.325564,-0.107863,0.388228,0.325626,-0.130344,0.386634,0.325285,-0.130554,0.384854,0.324824,-0.130619,0.379057,0.327981,-0.041256,0.374558,0.327704,-0.143522,0.390787,0.348576,-0.09272,0.389374,0.348621,-0.12285,0.384657,0.396316,0.035731,0.351376,0.393433,-0.173241,0.417359,0.449163,0.081399,0.354871,0.492086,-0.209261,0.42244,0.383422,0.059727,0.377429,0.569523,-0.233305,0.422242,0.364988,0.059617,0.381577,0.591541,-0.264711,0.416618,0.359784,0.053577,0.388018,0.588147,-0.254376,0.414882,0.36676,0.058229,0.387466,0.580069,-0.229433,0.356583,0.561591,0.073057,0.33404,0.560394,-0.073034,0.41683,0.616627,0.0975,0.334117,0.691329,-0.097755,0.381675,0.716781,0.201748,0.280507,0.790934,-0.097124,0.369749,0.734119,0.208074,0.265637,0.801754,-0.098539,0.401865,0.768358,0.174518,0.304519,0.829182,-0.167795
HA_Lat_16_6.13.26,93,776.76,598.94,0,789.34,605.27,0.9961,776.76,598.94,0.9951,0.398496,0.334974,-0.103118,0.394475,0.323994,-0.089498,0.393557,0.323812,-0.089611,0.392782,0.323596,-0.089587,0.393454,0.323485,-0.111748,0.391869,0.323045,-0.111881,0.390075,0.322491,-0.111909,0.383353,0.32654,-0.021907,0.379178,0.325632,-0.122422,0.394924,0.345916,-0.075896,0.393745,0.345691,-0.106161,0.389836,0.394868,0.054376,0.356809,0.393286,-0.16366,0.427285,0.427851,0.060778,0.371743,0.486855,-0.194976,0.432561,0.365415,-0.057345,0.404565,0.554574,-0.192186,0.433363,0.348162,-0.076706,0.412517,0.57444,-0.219276,0.426255,0.34417,-0.083643,0.417584,0.569237,-0.216409,0.423937,0.351914,-0.063356,0.414846,0.562252,-0.190794,0.365623,0.558339,0.072113,0.340325,0.560021,-0.072151,0.428189,0.606447,0.011555,0.336177,0.692308,-0.101235,0.409936,0.726857,0.077351,0.281337,0.790254,-0.088601,0.399657,0.75169,0.079724,0.266045,0.800694,-0.088383,0.436081,0.767272,0.025642,0.30449,0.829957,-0.160388
HA_Lat_16_6.13.26,94,826.21,574.17,0,826.21,574.17,0.9968,827.67,583.61,0.9945,0.402976,0.333393,-0.103499,0.398953,0.32292,-0.090349,0.397892,0.322643,-0.090468,0.396934,0.322356,-0.090432,0.398325,0.322456,-0.112637,0.396844,0.321906,-0.112798,0.39511,0.321261,-0.112843,0.387326,0.325,-0.023497,0.384003,0.324526,-0.124406,0.399268,0.344303,-0.076373,0.398638,0.343889,-0.106576,0.393078,0.390833,0.053466,0.364263,0.393751,-0.166441,0.430387,0.415177,0.029524,0.393249,0.484415,-0.196158,0.440911,0.347377,-0.112743,0.431079,0.540377,-0.191267,0.443395,0.328559,-0.136293,0.440684,0.556781,-0.218333,0.438043,0.3223,-0.14549,0.444269,0.550361,-0.217213,0.43573,0.329607,-0.120704,0.441532,0.545059,-0.190668,0.374111,0.557714,0.071914,0.347826,0.559919,-0.071967,0.437315,0.595514,-0.016709,0.338849,0.691736,-0.119841,0.437987,0.73027,0.037922,0.282353,0.788988,-0.092199,0.430955,0.756502,0.039064,0.267178,0.798229,-0.091316,0.468416,0.763173,-0.023114,0.304464,0.829658,-0.167105
HA_Lat_16_6.13.26,95,867.54,546.05,0,867.54,546.05,0.9952,874.15,563.44,0.9944,0.408489,0.332369,-0.097318,0.404945,0.322315,-0.084035,0.403854,0.321947,-0.084177,0.402819,0.321609,-0.084173,0.404044,0.321844,-0.108913,0.402432,0.32117,-0.109077,0.400818,0.320463,-0.109146,0.393702,0.32435,-0.020083,0.390773,0.324332,-0.127038,0.405069,0.343321,-0.07078,0.404214,0.343325,-0.104456,0.395524,0.38621,0.064137,0.372776,0.393538,-0.174079,0.437199,0.393246,0.138025,0.40813,0.474695,-0.209803,0.450651,0.323465,0.136614,0.455284,0.5217,-0.194922,0.454395,0.303162,0.139326,0.466471,0.534412,-0.220164,0.450241,0.29712,0.122341,0.468926,0.533624,-0.224661,0.447793,0.304917,0.129491,0.465283,0.530323,-0.198597,0.38412,0.557384,0.072923,0.35676,0.560248,-0.072949,0.447051,0.593324,-0.038604,0.341392,0.692801,-0.131146,0.465241,0.729161,0.021925,0.283296,0.786135,-0.079984,0.460327,0.755207,0.024323,0.268302,0.793956,-0.074345,0.497943,0.749516,-0.031917,0.30441,0.829599,-0.150773
HA_Lat_16_6.13.26,96,904.64,513.14,0,904.64,513.14,0.9965,901.11,548.0,0.9947,0.412944,0.331417,-0.091911,0.409884,0.321262,-0.07903,0.408919,0.320915,-0.07917,0.40789,0.320601,-0.079159,0.408949,0.320766,-0.105085,0.407355,0.320066,-0.105257,0.405594,0.319349,-0.105344,0.398341,0.323142,-0.014901,0.39529,0.323177,-0.127639,0.409489,0.342501,-0.064791,0.408412,0.342506,-0.100357,0.400338,0.380402,0.071259,0.380188,0.390951,-0.176052,0.443985,0.378044,0.135077,0.420319,0.465184,-0.216218,0.461252,0.304683,0.110366,0.469329,0.507411,-0.202287,0.464773,0.284722,0.109399,0.481075,0.511613,-0.233933,0.462512,0.278046,0.090596,0.483124,0.499765,-0.228636,0.46081,0.2861,0.10159,0.479542,0.498159,-0.20033,0.396959,0.556138,0.073027,0.367332,0.560276,-0.073053,0.45859,0.596924,-0.037993,0.34531,0.692117,-0.126991,0.489034,0.727584,0.033926,0.286476,0.783257,-0.067518,0.485147,0.751627,0.037729,0.270407,0.789925,-0.061422,0.523118,0.737823,-0.018595,0.304143,0.829272,-0.138479
HA_Lat_16_6.13.26,97,930.0,483.0,0,929.46,470.94,0.9948,922.95,503.39,0.9949,0.417973,0.33115,-0.066739,0.414279,0.321239,-0.055362,0.413351,0.320978,-0.055495,0.412387,0.320749,-0.055473,0.413434,0.32089,-0.081695,0.412058,0.320404,-0.081877,0.410589,0.319875,-0.081974,0.403315,0.323117,0.003329,0.400983,0.323554,-0.11572,0.414978,0.342187,-0.041388,0.413974,0.342065,-0.077331,0.40734,0.375155,0.08412,0.386237,0.385125,-0.172569,0.448465,0.363351,0.135944,0.433406,0.454643,-0.218062,0.469511,0.290854,0.100551,0.480704,0.466101,-0.217336,0.475064,0.27126,0.099136,0.493534,0.464339,-0.251114,0.473833,0.265118,0.079339,0.494094,0.452437,-0.236478,0.471856,0.272032,0.091011,0.49013,0.45169,-0.212074,0.407582,0.554635,0.072891,0.376623,0.560253,-0.072917,0.468474,0.601802,-0.018382,0.346567,0.691165,-0.11767,0.511024,0.726972,0.037578,0.290122,0.780649,-0.042704,0.508675,0.747894,0.039767,0.274692,0.785281,-0.036676,0.545551,0.726399,-0.018396,0.304136,0.829607,-0.100952
HA_Lat_16_6.13.26,98,940.0,443.0,0,942.81,439.17,0.9974,942.59,453.05,0.9952,0.424727,0.330068,-0.059609,0.420331,0.320453,-0.048862,0.419491,0.320291,-0.048997,0.4186,0.320147,-0.048956,0.419214,0.320161,-0.075508,0.417773,0.319842,-0.075701,0.416333,0.319477,-0.075806,0.408921,0.323002,0.009054,0.406296,0.323346,-0.112662,0.421906,0.341075,-0.034384,0.420773,0.341105,-0.070895,0.413104,0.373244,0.089382,0.39322,0.38226,-0.170755,0.456703,0.351732,0.127635,0.444888,0.415213,-0.226217,0.479709,0.281736,0.08787,0.490932,0.419487,-0.232022,0.48432,0.260411,0.089054,0.502959,0.415239,-0.26676,0.483213,0.254936,0.072537,0.502196,0.404896,-0.251137,0.481686,0.260895,0.080972,0.49847,0.406258,-0.22702,0.417582,0.553941,0.072782,0.38533,0.56059,-0.072809,0.480929,0.609397,0.005314,0.350583,0.690302,-0.115261,0.529317,0.725395,0.067109,0.295533,0.777867,-0.043215,0.527929,0.745033,0.069424,0.280894,0.779785,-0.037853,0.560793,0.718763,0.012807,0.304043,0.830268,-0.103267
HA_Lat_16_6.13.26,99,956.0,403.0,0,958.76,402.24,0.9929,955.55,409.55,0.9954,0.431438,0.32935,-0.052434,0.427303,0.319854,-0.040761,0.426452,0.319697,-0.040909,0.425568,0.319545,-0.040866,0.426269,0.31955,-0.068154,0.424758,0.319315,-0.068359,0.423179,0.319076,-0.068477,0.416392,0.322417,0.019489,0.413372,0.32286,-0.106491,0.429086,0.339723,-0.02646,0.427623,0.34036,-0.064107,0.421903,0.370184,0.100595,0.399286,0.379011,-0.169275,0.460069,0.342246,0.149235,0.45252,0.380068,-0.227952,0.48407,0.270254,0.105361,0.497682,0.379218,-0.238293,0.488215,0.248009,0.10503,0.509627,0.37654,-0.273314,0.488089,0.24448,0.084357,0.508642,0.365322,-0.257934,0.486865,0.252522,0.095301,0.505412,0.367145,-0.233672,0.428062,0.553028,0.073042,0.39537,0.560951,-0.073095,0.49056,0.614778,0.049221,0.356442,0.689027,-0.115015,0.542307,0.722676,0.109107,0.30202,0.774567,-0.035554,0.542435,0.742766,0.110406,0.288249,0.773213,-0.029033,0.5733,0.718735,0.033286,0.304078,0.830155,-0.097271
HA_Lat_16_6.13.26,100,952.0,363.0,0,951.79,298.53,0.991,957.33,337.6,0.992,0.437704,0.324893,-0.067603,0.433478,0.316782,-0.054766,0.432643,0.317002,-0.054919,0.431848,0.317244,-0.054877,0.432323,0.315908,-0.081423,0.430673,0.315753,-0.081627,0.428969,0.315675,-0.081742,0.423326,0.321359,0.010265,0.419321,0.321082,-0.11239,0.434559,0.336418,-0.040522,0.433132,0.336543,-0.076928,0.429202,0.371267,0.088154,0.40017,0.376738,-0.178456,0.468719,0.34055,0.120773,0.45796,0.352176,-0.266528,0.500853,0.262026,0.016442,0.498609,0.31259,-0.290121,0.505947,0.228681,0.005023,0.51073,0.309224,-0.32793,0.50474,0.227929,-0.013011,0.50461,0.292749,-0.315481,0.502408,0.233834,0.004864,0.503072,0.301541,-0.287477,0.439272,0.552745,0.072968,0.404777,0.561072,-0.073014,0.500718,0.619971,0.088544,0.363636,0.688068,-0.108102,0.555866,0.722413,0.158013,0.308737,0.772187,-0.003188,0.556571,0.742964,0.159449,0.296421,0.767059,0.00496,0.587669,0.723379,0.07854,0.303942,0.83006,-0.073606
HA_Lat_16_6.13.26,101,944.0,326.0,0,944.07,317.77,0.9715,945.24,316.39,0.9719,0.443599,0.324459,-0.069577,0.440716,0.31689,-0.055722,0.440161,0.31716,-0.055786,0.439753,0.317446,-0.055706,0.438739,0.316009,-0.083683,0.436822,0.315869,-0.083886,0.434843,0.315749,-0.083939,0.431769,0.321669,0.002186,0.424481,0.320956,-0.114991,0.440655,0.335905,-0.04338,0.438351,0.335767,-0.080023,0.440554,0.369569,0.083436,0.403098,0.373429,-0.175171,0.476822,0.32554,0.076516,0.45246,0.338505,-0.267522,0.513861,0.24989,-0.025387,0.49231,0.292952,-0.313709,0.517781,0.227762,-0.039126,0.502144,0.278938,-0.353432,0.515971,0.22103,-0.05812,0.500431,0.275345,-0.342771,0.514369,0.228515,-0.037123,0.498573,0.278332,-0.312665,0.452198,0.552256,0.067719,0.415609,0.561141,-0.067831,0.510694,0.621746,0.094917,0.371806,0.687843,-0.087151,0.566231,0.722162,0.181877,0.318657,0.770712,0.036265,0.566182,0.742894,0.185369,0.308352,0.767113,0.045742,0.58994,0.725578,0.101055,0.304606,0.828849,-0.035859
HA_Lat_16_6.13.26,102,934.77,292.35,0,945.14,286.14,0.9675,934.77,292.35,0.9575,0.44345,0.325098,-0.076534,0.442736,0.317662,-0.063441,0.443164,0.317942,-0.063548,0.443625,0.318301,-0.063485,0.439342,0.316817,-0.088414,0.437361,0.316672,-0.088621,0.435363,0.316551,-0.088705,0.438022,0.322532,0.004051,0.428044,0.321743,-0.096708,0.442131,0.336288,-0.049835,0.438282,0.335778,-0.083011,0.44886,0.368856,0.079581,0.40733,0.373341,-0.145821,0.480568,0.328942,0.081895,0.441935,0.315626,-0.249652,0.51563,0.261194,0.008376,0.486861,0.270693,-0.308572,0.522446,0.236314,-0.000597,0.497535,0.254582,-0.347943,0.522736,0.231074,-0.020527,0.49791,0.254432,-0.336084,0.520566,0.240752,-0.00253,0.494827,0.260977,-0.30743,0.461607,0.551856,0.061603,0.425047,0.561081,-0.061765,0.519129,0.626291,0.081143,0.381041,0.68772,-0.092366,0.576072,0.726055,0.150897,0.326891,0.770508,0.005694,0.574428,0.747673,0.153795,0.318531,0.76907,0.012775,0.597954,0.747029,0.0714,0.309119,0.828491,-0.064792
HA_Lat_16_6.13.26,103,922.0,255.0,0,917.24,254.2,0.9685,929.27,260.44,0.9557,0.452809,0.326175,-0.030272,0.454699,0.319101,-0.013947,0.455892,0.32048,-0.014094,0.456908,0.322106,-0.01404,0.449813,0.317097,-0.034319,0.447794,0.317138,-0.034546,0.44579,0.317248,-0.034656,0.452395,0.325862,0.060875,0.439197,0.322507,-0.032256,0.451936,0.33674,-0.000712,0.446916,0.337048,-0.029115,0.459601,0.371906,0.127882,0.415895,0.371785,-0.076148,0.490405,0.332588,0.160765,0.444871,0.297571,-0.171094,0.51518,0.263454,0.112624,0.483993,0.241153,-0.216794,0.522761,0.241947,0.11021,0.491847,0.225584,-0.251009,0.522887,0.236924,0.091431,0.493405,0.225333,-0.233185,0.519299,0.24515,0.103085,0.491063,0.233196,-0.212969,0.47134,0.55202,0.055303,0.433736,0.561593,-0.055525,0.528345,0.637622,0.070284,0.391004,0.687267,-0.08519,0.579766,0.736118,0.139309,0.33748,0.770312,0.019025,0.579248,0.754646,0.142235,0.330489,0.771094,0.026996,0.600878,0.770463,0.064324,0.318516,0.82831,-0.045997
HA_Lat_16_6.13.26,104,896.0,241.0,0,893.68,242.0,0.9891,904.4,241.81,0.9579,0.456247,0.319789,-0.005052,0.460387,0.318072,0.016872,0.462156,0.31994,0.016722,0.463742,0.321791,0.016772,0.455194,0.316082,-0.000896,0.453358,0.316646,-0.001129,0.451388,0.317183,-0.001223,0.463709,0.327443,0.10237,0.447149,0.323069,0.020319,0.457968,0.334021,0.026609,0.451592,0.332447,0.001602,0.471252,0.374116,0.159522,0.425216,0.373015,-0.01817,0.501124,0.330846,0.199066,0.438534,0.292628,-0.09803,0.521112,0.263126,0.15251,0.471042,0.223897,-0.143539,0.530833,0.246072,0.148981,0.477701,0.203181,-0.175007,0.529089,0.238813,0.128833,0.480996,0.204287,-0.16258,0.522543,0.248706,0.142424,0.479038,0.212427,-0.141796,0.483096,0.552182,0.048453,0.445495,0.561939,-0.048718,0.534538,0.649663,0.016829,0.403315,0.686738,-0.089751,0.585748,0.750703,0.063233,0.349419,0.770788,-0.005879,0.586108,0.76893,0.062993,0.34409,0.773316,0.000204,0.608468,0.796618,-0.035376,0.329532,0.826721,-0.052097
HA_Lat_16_6.13.26,105,872.0,228.0,0,864.96,228.03,0.9602,881.8,216.01,0.9605,0.469524,0.321795,-0.04458,0.470012,0.318478,-0.028699,0.470884,0.320099,-0.028848,0.471709,0.321884,-0.028798,0.465842,0.316496,-0.048827,0.463587,0.31687,-0.049055,0.461225,0.317292,-0.049157,0.468628,0.329591,0.051323,0.455081,0.323377,-0.030212,0.470209,0.334901,-0.015741,0.465558,0.333827,-0.043444,0.478545,0.375125,0.119798,0.435058,0.372494,-0.052447,0.511181,0.337604,0.160987,0.434784,0.277566,-0.117637,0.526956,0.264557,0.111814,0.459271,0.200013,-0.159241,0.533999,0.24869,0.107032,0.461491,0.178215,-0.191384,0.531633,0.242936,0.086001,0.465281,0.176956,-0.182153,0.526922,0.251967,0.101396,0.46571,0.186106,-0.158917,0.490437,0.552332,0.045055,0.45399,0.562117,-0.045287,0.539605,0.658312,0.017344,0.41473,0.686439,-0.082003,0.585686,0.761605,0.07888,0.362442,0.771723,0.004775,0.58537,0.778656,0.080196,0.35929,0.774826,0.010091,0.606008,0.80917,-0.012649,0.341116,0.824752,-0.068161
HA_Lat_16_6.13.26,106,842.0,221.0,0,838.66,221.37,0.9851,851.5,220.14,0.9636,0.485506,0.324218,-0.049493,0.483246,0.320768,-0.044375,0.48332,0.32221,-0.044508,0.48343,0.323775,-0.044459,0.480613,0.31931,-0.066686,0.47852,0.319784,-0.066903,0.476259,0.320236,-0.067005,0.477839,0.331293,0.036625,0.467484,0.32603,-0.050314,0.484563,0.336938,-0.030612,0.481348,0.335961,-0.060949,0.489352,0.376351,0.104496,0.443921,0.373412,-0.063915,0.51644,0.342973,0.142165,0.429089,0.285961,-0.134959,0.531554,0.280491,0.090207,0.443491,0.203837,-0.18361,0.538635,0.26617,0.089295,0.443581,0.18099,-0.216534,0.533142,0.260863,0.072442,0.448906,0.178465,-0.207788,0.528014,0.268013,0.080771,0.450334,0.188954,-0.183373,0.499975,0.553355,0.044582,0.463576,0.563394,-0.044795,0.546565,0.669205,0.008255,0.427065,0.687215,-0.083917,0.586405,0.772536,0.089258,0.375175,0.773216,-0.002172,0.585554,0.789121,0.091869,0.372312,0.78048,0.002229,0.60417,0.818723,0.004413,0.353006,0.81994,-0.077326
HA_Lat_16_6.13.26,107,808.0,236.0,0,800.16,244.35,0.9954,823.58,225.88,0.9631,0.491737,0.32685,-0.123811,0.491152,0.323173,-0.10512,0.491404,0.324569,-0.105332,0.49167,0.326073,-0.105294,0.487619,0.321748,-0.119098,0.485238,0.32226,-0.119343,0.483071,0.322705,-0.119469,0.488166,0.332778,-0.007117,0.477107,0.327428,-0.071475,0.490495,0.339627,-0.088883,0.485754,0.338122,-0.108722,0.498333,0.376408,0.045322,0.449391,0.37386,-0.084521,0.527662,0.353626,0.032355,0.426275,0.295996,-0.159046,0.542767,0.296414,-0.080666,0.428947,0.209147,-0.20684,0.548034,0.283884,-0.10062,0.427512,0.186703,-0.247612,0.542243,0.279568,-0.119102,0.431973,0.181818,-0.239212,0.54047,0.285987,-0.09175,0.433832,0.19147,-0.210548,0.510739,0.55524,0.035992,0.473905,0.566846,-0.036211,0.551799,0.676695,0.005395,0.438179,0.689173,-0.066597,0.58752,0.785523,0.089856,0.38863,0.777126,0.045664,0.586171,0.80489,0.096917,0.386466,0.789777,0.05231,0.606375,0.823451,0.019866,0.362433,0.815879,-0.035543
HA_Lat_16_6.13.26,108,782.0,261.0,0,783.85,279.17,0.9967,805.24,248.38,0.9623,0.496914,0.32757,-0.14202,0.497391,0.323348,-0.121371,0.49806,0.324883,-0.121591,0.498653,0.326496,-0.121532,0.493379,0.321998,-0.134295,0.491426,0.322814,-0.134525,0.489475,0.323614,-0.134633,0.49745,0.333795,-0.026198,0.485596,0.329833,-0.082002,0.497847,0.340214,-0.106557,0.492922,0.338853,-0.124982,0.508179,0.37967,0.020772,0.460537,0.374729,-0.091903,0.537173,0.358844,-0.034881,0.422754,0.313829,-0.170466,0.546678,0.308295,-0.202891,0.419397,0.229979,-0.246659,0.552552,0.29388,-0.233471,0.427008,0.207727,-0.288433,0.549119,0.289213,-0.250979,0.428132,0.202247,-0.285675,0.544779,0.295791,-0.214984,0.425613,0.210249,-0.252063,0.517071,0.55828,0.035275,0.483144,0.569639,-0.035499,0.556359,0.679006,0.009894,0.449506,0.691782,-0.065394,0.585822,0.788868,0.123142,0.400764,0.781582,0.053507,0.58345,0.808382,0.131918,0.397423,0.798443,0.060505,0.606261,0.822095,0.027208,0.373587,0.814333,-0.032991
HA_Lat_16_6.13.26,109,756.0,305.0,0,767.45,330.14,0.9949,789.23,287.08,0.9657,0.519129,0.334936,-0.130122,0.515201,0.328386,-0.111341,0.514788,0.329264,-0.111559,0.514406,0.330259,-0.111501,0.513063,0.327756,-0.130506,0.511161,0.328302,-0.130746,0.50931,0.328757,-0.130882,0.50806,0.33652,-0.023528,0.500505,0.334002,-0.111766,0.517341,0.347773,-0.096154,0.514885,0.34734,-0.123074,0.519204,0.384318,0.031625,0.47189,0.377937,-0.111917,0.543358,0.362826,0.173823,0.424897,0.328796,-0.2358,0.551064,0.328742,0.246214,0.411056,0.265814,-0.343645,0.555838,0.319393,0.264335,0.403171,0.249279,-0.381735,0.553114,0.314621,0.237492,0.407424,0.241081,-0.374243,0.552404,0.323364,0.237196,0.411731,0.246425,-0.345971,0.526053,0.565043,0.041533,0.492774,0.573824,-0.041717,0.56156,0.68442,0.066725,0.461397,0.695954,-0.06689,0.586289,0.791033,0.213183,0.410923,0.785211,0.044732,0.583644,0.811869,0.223267,0.406301,0.800423,0.054214,0.605538,0.821026,0.156911,0.387528,0.812742,-0.022319
HA_Lat_16_6.13.26,110,754.21,365.45,0,754.21,365.45,0.9968,760.45,298.38,0.9687,0.527047,0.341182,-0.144501,0.524449,0.333213,-0.127848,0.524239,0.333487,-0.128087,0.524109,0.33383,-0.128026,0.521802,0.333166,-0.147167,0.519756,0.33345,-0.147415,0.517635,0.333582,-0.147573,0.518388,0.33903,-0.044223,0.508629,0.33794,-0.134171,0.525179,0.353217,-0.110893,0.522663,0.352841,-0.138256,0.528356,0.391019,0.03246,0.478524,0.385492,-0.124235,0.553009,0.393213,0.19162,0.429065,0.362229,-0.229435,0.562761,0.359009,0.305771,0.396067,0.276282,-0.320384,0.565957,0.349337,0.331253,0.381143,0.250058,-0.351594,0.563634,0.341311,0.305698,0.385026,0.259565,-0.347308,0.563361,0.34757,0.298515,0.39093,0.262928,-0.323249,0.534343,0.571795,0.041904,0.501181,0.579505,-0.04216,0.568027,0.690132,0.090905,0.470624,0.700843,-0.074323,0.589889,0.79098,0.241476,0.417309,0.786569,0.046612,0.586289,0.810895,0.252195,0.411636,0.800166,0.05669,0.6097,0.822784,0.187387,0.397,0.812514,-0.019472
HA_Lat_16_6.13.26,111,756.0,427.0,0,756.02,438.73,0.9957,758.51,402.08,0.9714,0.535462,0.345033,-0.132505,0.532503,0.335773,-0.116481,0.532533,0.335683,-0.116693,0.532665,0.335629,-0.116629,0.529377,0.336675,-0.136608,0.527035,0.337387,-0.136842,0.524665,0.338019,-0.13698,0.526956,0.340167,-0.037609,0.515404,0.343208,-0.131486,0.534589,0.35746,-0.100323,0.531874,0.358835,-0.128488,0.533543,0.393631,0.03927,0.491267,0.391882,-0.124733,0.555522,0.412777,0.17986,0.438625,0.405802,-0.189064,0.567073,0.3939,0.266001,0.395057,0.372298,-0.228873,0.569427,0.386982,0.287772,0.379781,0.362153,-0.246432,0.570321,0.381386,0.262701,0.38122,0.354508,-0.247452,0.569005,0.385026,0.257846,0.387104,0.357513,-0.232224,0.53856,0.573464,0.04468,0.50808,0.583632,-0.044778,0.571524,0.689322,0.085832,0.48101,0.70518,-0.084893,0.592874,0.791114,0.205947,0.426136,0.786546,0.031325,0.588809,0.811003,0.213586,0.417629,0.795192,0.038786,0.610592,0.822171,0.150909,0.407292,0.81391,-0.035626
HA_Lat_16_6.13.26,112,778.0,501.0,0,796.1,501.39,0.9963,772.66,487.45,0.9717,0.545327,0.34605,-0.089294,0.541397,0.336094,-0.078835,0.540993,0.335967,-0.079024,0.540659,0.335892,-0.078957,0.539427,0.336704,-0.099494,0.537678,0.337235,-0.099698,0.535884,0.337707,-0.099799,0.533242,0.34051,-0.021254,0.526486,0.343025,-0.116802,0.543697,0.358022,-0.064574,0.541709,0.359163,-0.093162,0.538379,0.39849,0.040769,0.500081,0.397262,-0.121416,0.545758,0.455527,0.116599,0.455342,0.440661,-0.170642,0.554432,0.450327,0.074746,0.402429,0.451342,-0.210665,0.551133,0.445704,0.073147,0.381892,0.450399,-0.230262,0.552862,0.435794,0.053915,0.383748,0.447095,-0.236903,0.552659,0.438707,0.065285,0.387446,0.447944,-0.215836,0.542476,0.573111,0.047989,0.514213,0.584268,-0.048064,0.575224,0.68849,0.092173,0.492147,0.707524,-0.069229,0.593728,0.792515,0.187478,0.435095,0.783423,0.050794,0.587655,0.811945,0.192957,0.425242,0.785221,0.06073,0.614096,0.824077,0.129153,0.420096,0.813923,0.003417
HA_Lat_16_6.13.26,113,836.0,557.0,0,843.01,555.21,0.993,826.18,556.31,0.974,0.554422,0.346609,-0.076786,0.550379,0.336864,-0.065768,0.549707,0.336777,-0.065931,0.549114,0.336696,-0.065889,0.549051,0.337224,-0.086609,0.547481,0.337661,-0.086797,0.545749,0.338101,-0.08688,0.540558,0.342187,-0.00928,0.53651,0.344296,-0.105279,0.552598,0.358226,-0.052892,0.550887,0.358979,-0.081548,0.545784,0.405644,0.04583,0.508367,0.402499,-0.118416,0.555207,0.478339,0.076135,0.474514,0.469112,-0.159539,0.580588,0.475975,-0.010446,0.430304,0.515102,-0.20549,0.590249,0.472895,-0.020026,0.417211,0.525017,-0.226702,0.590812,0.46478,-0.041799,0.414644,0.52426,-0.238168,0.587515,0.465865,-0.022535,0.419167,0.52112,-0.212518,0.545844,0.572421,0.049049,0.517108,0.582992,-0.049167,0.578813,0.687476,0.087097,0.500376,0.708435,-0.104125,0.594164,0.793639,0.179466,0.443226,0.780937,0.007041,0.587385,0.811624,0.17832,0.434713,0.777213,0.016904,0.61489,0.823469,0.12168,0.424665,0.814037,-0.021236
HA_Lat_16_6.13.26,114,908.03,606.9,0,908.03,606.9,0.9908,888.2,611.04,0.9766,0.561045,0.346295,-0.083525,0.556249,0.33671,-0.071947,0.555508,0.33667,-0.0721,0.554804,0.336613,-0.072061,0.555579,0.337054,-0.092948,0.554317,0.337535,-0.093138,0.552937,0.33802,-0.093226,0.546768,0.342978,-0.009996,0.54384,0.345413,-0.108078,0.560072,0.358071,-0.058819,0.55881,0.358617,-0.087632,0.549408,0.41269,0.047351,0.51918,0.404914,-0.131347,0.553473,0.498379,0.076851,0.495516,0.48837,-0.169672,0.586905,0.516976,0.014095,0.462604,0.565781,-0.209399,0.595883,0.521648,0.009128,0.452552,0.582149,-0.231989,0.596635,0.515902,-0.014392,0.45365,0.585004,-0.242868,0.594145,0.515349,0.002147,0.458255,0.580685,-0.215668,0.550532,0.571869,0.05143,0.522509,0.582212,-0.051465,0.580819,0.685734,0.092952,0.508615,0.707797,-0.111382,0.595117,0.793224,0.173838,0.452308,0.779345,0.00012,0.589122,0.811183,0.175341,0.444211,0.769718,0.009907,0.616533,0.824292,0.114897,0.431408,0.814212,-0.028848
HA_Lat_16_6.13.26,115,984.33,644.87,0,984.33,644.87,0.9883,979.77,648.38,0.9787,0.567716,0.346038,-0.107552,0.56345,0.33653,-0.09823,0.562649,0.336505,-0.098366,0.561941,0.336465,-0.098343,0.562466,0.336826,-0.122138,0.561028,0.33728,-0.122305,0.559511,0.337738,-0.1224,0.552681,0.342717,-0.043121,0.549735,0.344875,-0.151716,0.565574,0.358074,-0.08537,0.564197,0.358443,-0.117809,0.550595,0.412136,0.031654,0.526706,0.408718,-0.186084,0.551559,0.505353,0.069283,0.514555,0.51089,-0.222779,0.574309,0.576765,0.02659,0.510298,0.600347,-0.238853,0.578926,0.590946,0.024325,0.506238,0.624074,-0.264265,0.581484,0.585668,0.000222,0.513194,0.623384,-0.273182,0.579471,0.580557,0.015328,0.515748,0.616391,-0.2425,0.552761,0.571446,0.060032,0.527556,0.581465,-0.060026,0.582466,0.684452,0.123364,0.516236,0.706773,-0.111066,0.594331,0.792679,0.202609,0.46187,0.775973,0.019104,0.587933,0.811516,0.205091,0.452626,0.765093,0.02999,0.616441,0.824402,0.146575,0.442394,0.814314,-0.018675
HA_Lat_16_6.13.26,116,1059.73,628.34,0,1059.73,628.34,0.9933,1055.23,630.7,0.9803,0.574575,0.345844,-0.13174,0.569619,0.336399,-0.123363,0.56836,0.336389,-0.123529,0.567153,0.336369,-0.123515,0.569639,0.336664,-0.147268,0.568465,0.337118,-0.147441,0.567212,0.337602,-0.147547,0.558516,0.342585,-0.07157,0.558099,0.344814,-0.180363,0.570972,0.357935,-0.109926,0.570636,0.358182,-0.142436,0.553662,0.410371,0.010985,0.536587,0.409345,-0.21697,0.548771,0.506483,0.059437,0.530857,0.504294,-0.25087,0.5725,0.589118,0.028272,0.5496,0.583985,-0.253981,0.574804,0.597415,0.027921,0.554813,0.604118,-0.280318,0.579567,0.594228,0.00317,0.559763,0.599938,-0.282293,0.578263,0.587306,0.017441,0.559233,0.593762,-0.254423,0.552241,0.570506,0.065997,0.529729,0.5791,-0.065982,0.581597,0.683224,0.138957,0.523361,0.705933,-0.106407,0.594139,0.793165,0.206865,0.468238,0.773767,0.014005,0.588141,0.811561,0.208689,0.460935,0.76152,0.025922,0.616302,0.825168,0.161567,0.447417,0.814397,-0.020583
HA_Lat_16_6.13.26,117,1116.68,609.98,0,1116.68,609.98,0.9872,1112.77,613.31,0.9819,0.580002,0.345606,-0.130565,0.57551,0.335566,-0.12191,0.574487,0.335621,-0.122065,0.57349,0.335636,-0.122035,0.575069,0.335737,-0.145055,0.573792,0.33616,-0.145227,0.572503,0.336587,-0.145332,0.564448,0.341867,-0.070868,0.563522,0.343499,-0.176213,0.576829,0.357769,-0.108228,0.576027,0.357958,-0.139739,0.553111,0.408902,0.011197,0.547924,0.407096,-0.207482,0.546648,0.50343,0.057881,0.551892,0.501931,-0.227458,0.564183,0.590646,0.024725,0.579569,0.567875,-0.198063,0.565891,0.606191,0.02431,0.587654,0.582282,-0.221419,0.570706,0.601315,0.001029,0.591735,0.575075,-0.217472,0.570058,0.594667,0.014649,0.589279,0.571091,-0.195648,0.553413,0.568066,0.065504,0.533231,0.571721,-0.065503,0.581651,0.682243,0.130155,0.527338,0.705152,-0.094886,0.595553,0.792975,0.211262,0.475659,0.770407,0.042534,0.588598,0.811536,0.215149,0.466544,0.760175,0.055885,0.617145,0.824721,0.178694,0.457012,0.812678,0.02876
HA_Lat_16_6.13.26,118,1163.69,575.79,0,1163.69,575.79,0.9862,1160.07,581.25,0.9829,0.582741,0.345884,-0.016667,0.578551,0.335506,-0.0068,0.577458,0.335553,-0.006913,0.576357,0.335574,-0.006849,0.578231,0.335698,-0.030902,0.577029,0.336091,-0.031078,0.575785,0.336488,-0.031156,0.567517,0.341748,0.038061,0.567356,0.343253,-0.072316,0.579733,0.358194,0.00338,0.579114,0.358381,-0.029399,0.549648,0.406943,0.106835,0.558462,0.406438,-0.139866,0.539219,0.48503,0.13373,0.57251,0.488768,-0.150534,0.557683,0.56146,0.08078,0.604201,0.538198,-0.100185,0.555721,0.578719,0.081291,0.61146,0.550977,-0.120088,0.566077,0.576179,0.063843,0.614277,0.543706,-0.109023,0.562804,0.568982,0.073052,0.612164,0.539344,-0.094563,0.551378,0.56404,0.069628,0.536896,0.566709,-0.06966,0.57962,0.681673,0.108802,0.533213,0.704922,-0.09586,0.594421,0.794067,0.159566,0.481468,0.769041,-0.00143,0.588064,0.812345,0.160667,0.474215,0.760107,0.007778,0.615745,0.824128,0.17088,0.462488,0.811347,-0.001192
HA_Lat_16_6.13.26,119,1204.88,556.76,0,1204.88,556.76,0.9821,1204.01,557.74,0.9768,0.587623,0.345772,-0.029187,0.583253,0.335494,-0.019092,0.582332,0.33549,-0.019219,0.581436,0.335439,-0.019146,0.582902,0.335649,-0.042868,0.581829,0.336054,-0.043052,0.580772,0.336472,-0.043136,0.572965,0.341175,0.029707,0.572392,0.34271,-0.078671,0.585024,0.35799,-0.007621,0.584458,0.358174,-0.040031,0.555535,0.401977,0.102895,0.567803,0.401647,-0.138934,0.545105,0.480507,0.132797,0.59474,0.479299,-0.152068,0.551275,0.557941,0.083086,0.627088,0.516426,-0.09429,0.551074,0.575966,0.084382,0.633324,0.525533,-0.113354,0.55683,0.574429,0.066622,0.634587,0.519132,-0.103596,0.554733,0.566798,0.075225,0.631737,0.516007,-0.089426,0.55231,0.56176,0.072342,0.539183,0.563328,-0.072379,0.578886,0.680951,0.10853,0.539423,0.702268,-0.101079,0.594546,0.794478,0.160787,0.487243,0.765384,-0.014541,0.587124,0.812952,0.16152,0.477078,0.757168,-0.005646,0.616066,0.82386,0.146773,0.467981,0.809587,-0.009774
HA_Lat_16_6.13.26,120,1239.33,532.85,0,1239.33,532.85,0.9677,1244.62,540.15,0.9695,0.59067,0.34549,-0.042024,0.585577,0.335016,-0.031819,0.584681,0.33492,-0.031942,0.583895,0.334818,-0.031866,0.585189,0.335224,-0.054726,0.584026,0.335526,-0.054913,0.582879,0.335835,-0.054992,0.57623,0.340677,0.020081,0.574808,0.342025,-0.084643,0.5883,0.357478,-0.01919,0.588045,0.357639,-0.050504,0.557505,0.396059,0.0976,0.578557,0.393435,-0.139072,0.547043,0.474389,0.126833,0.614636,0.466533,-0.161361,0.55044,0.538744,0.08192,0.648238,0.500135,-0.111196,0.549614,0.553445,0.083234,0.654995,0.511299,-0.133093,0.553788,0.552106,0.064829,0.65537,0.507887,-0.122471,0.554043,0.546019,0.074971,0.65283,0.504444,-0.106507,0.551808,0.558306,0.073827,0.539652,0.562028,-0.073871,0.580684,0.678312,0.104406,0.543067,0.699852,-0.105955,0.594544,0.794075,0.168242,0.489889,0.761946,-0.011746,0.588008,0.813033,0.170649,0.480554,0.750541,-0.002157,0.617042,0.823669,0.147228,0.471985,0.809096,-0.020351
HA_Lat_16_6.13.26,121,1270.78,507.48,0,1270.78,507.48,0.9692,1274.84,523.08,0.9702,0.592728,0.344171,-0.031675,0.587619,0.333598,-0.021736,0.586662,0.333405,-0.021846,0.585841,0.333263,-0.021772,0.587629,0.333916,-0.044173,0.586636,0.334141,-0.044361,0.585658,0.33441,-0.044452,0.578938,0.339494,0.02775,0.578815,0.340782,-0.074908,0.590825,0.355192,-0.009833,0.590968,0.355362,-0.040528,0.559119,0.389435,0.106506,0.583977,0.386291,-0.138448,0.549187,0.467668,0.15287,0.627002,0.463783,-0.167956,0.554158,0.527311,0.126072,0.663977,0.484331,-0.13149,0.553292,0.541867,0.131537,0.66885,0.495162,-0.156242,0.557296,0.53817,0.109576,0.669242,0.493987,-0.143976,0.559145,0.534794,0.117414,0.667179,0.490933,-0.126589,0.552656,0.554636,0.074532,0.540369,0.558974,-0.074578,0.581571,0.677843,0.100961,0.545101,0.696618,-0.108995,0.594413,0.79395,0.174244,0.492176,0.758192,-0.011286,0.588841,0.8135,0.178307,0.484077,0.743431,0.003714,0.616408,0.824504,0.151044,0.474795,0.807524,-0.008585
HA_Lat_16_6.13.26,122,1285.34,485.76,0,1285.34,485.76,0.9751,1297.54,516.91,0.972,0.597011,0.340097,-0.04174,0.591425,0.33077,-0.0303,0.590534,0.330805,-0.030422,0.589808,0.330922,-0.030337,0.591116,0.330939,-0.05246,0.589918,0.331278,-0.05265,0.588755,0.331658,-0.052744,0.583609,0.337967,0.025325,0.582247,0.33914,-0.075819,0.595714,0.350499,-0.017915,0.595623,0.350413,-0.048239,0.564203,0.387066,0.105715,0.590768,0.381412,-0.138502,0.548374,0.465753,0.14501,0.635327,0.450231,-0.165194,0.555881,0.512711,0.106313,0.675801,0.478616,-0.121397,0.555378,0.527227,0.109007,0.680712,0.484666,-0.146556,0.560208,0.52732,0.086656,0.68044,0.483981,-0.134559,0.561276,0.52495,0.096931,0.677847,0.480918,-0.116523,0.553834,0.551695,0.074561,0.543181,0.556627,-0.074625,0.582739,0.675734,0.104111,0.549227,0.6912,-0.107485,0.593861,0.793437,0.177255,0.496006,0.752305,-0.010576,0.588496,0.813125,0.181326,0.487095,0.737751,0.006389,0.615378,0.824226,0.14751,0.480825,0.806021,-0.011174
HA_Lat_16_6.13.26,123,1307.46,472.7,0,1307.46,472.7,0.9571,1311.59,506.58,0.9743,0.600814,0.332489,-0.044716,0.594998,0.325041,-0.032726,0.594103,0.325442,-0.032869,0.59331,0.325838,-0.032786,0.595108,0.325305,-0.055716,0.594216,0.326009,-0.055909,0.593307,0.326684,-0.056015,0.587598,0.334424,0.02521,0.587649,0.335391,-0.079777,0.600196,0.343254,-0.020469,0.600277,0.343144,-0.051935,0.57728,0.384156,0.107747,0.592778,0.378503,-0.148841,0.56155,0.46257,0.16211,0.641212,0.434588,-0.194389,0.557966,0.506424,0.138374,0.68312,0.469053,-0.129201,0.557178,0.521079,0.1442,0.688988,0.479519,-0.177093,0.559962,0.520187,0.118751,0.690285,0.477512,-0.153201,0.563212,0.515517,0.128505,0.687303,0.475618,-0.141998,0.558639,0.550931,0.078519,0.545204,0.554438,-0.078568,0.584518,0.674071,0.106154,0.551237,0.686265,-0.110814,0.592901,0.793095,0.186801,0.497204,0.746728,-0.008384,0.587075,0.812833,0.191481,0.487239,0.73097,0.00471,0.61702,0.824095,0.15325,0.484485,0.802973,-0.013439
HA_Lat_16_6.13.26,124,1318.59,467.65,0,1318.59,467.65,0.9528,1323.79,488.64,0.9761,0.603982,0.330115,-0.038771,0.598562,0.322323,-0.027633,0.597756,0.322779,-0.027784,0.597001,0.323249,-0.0277,0.598562,0.322527,-0.050647,0.597693,0.323283,-0.050834,0.596788,0.323999,-0.050935,0.590957,0.332079,0.027168,0.591105,0.332659,-0.07796,0.603636,0.341689,-0.015614,0.603324,0.341354,-0.04712,0.582503,0.380538,0.106473,0.595139,0.37621,-0.149437,0.56669,0.460412,0.152313,0.645327,0.421045,-0.19552,0.563098,0.508013,0.120749,0.689472,0.452444,-0.160104,0.562568,0.528403,0.124633,0.697067,0.473293,-0.194855,0.564527,0.527266,0.1004,0.698161,0.474853,-0.180774,0.56664,0.520152,0.111016,0.694537,0.468778,-0.161319,0.562071,0.550225,0.07863,0.547955,0.552153,-0.078664,0.586662,0.67398,0.111096,0.55477,0.682468,-0.108759,0.59278,0.792688,0.196047,0.499837,0.740095,-0.006923,0.586503,0.812223,0.201142,0.488493,0.724909,0.005687,0.617998,0.824439,0.163064,0.492611,0.79933,-0.015139
HA_Lat_16_6.13.26,125,1314.84,461.32,0,1314.84,461.32,0.9136,1331.84,479.22,0.9775,0.607171,0.330341,-0.020283,0.602025,0.32185,-0.010919,0.601239,0.322153,-0.011068,0.600525,0.322478,-0.010987,0.602041,0.322192,-0.032771,0.601249,0.322825,-0.032962,0.600465,0.323396,-0.033067,0.594303,0.330355,0.036644,0.59487,0.33092,-0.063649,0.606309,0.341901,0.000508,0.606242,0.341628,-0.029499,0.586181,0.37602,0.11313,0.598792,0.373535,-0.14496,0.574596,0.454002,0.166562,0.649507,0.414298,-0.194911,0.567347,0.507743,0.152592,0.693667,0.443719,-0.16964,0.564379,0.528078,0.159427,0.701137,0.465868,-0.200587,0.565608,0.520676,0.137133,0.702818,0.468349,-0.187687,0.568812,0.519829,0.14406,0.699268,0.459507,-0.167202,0.565066,0.549496,0.077738,0.550885,0.549687,-0.077785,0.587682,0.674082,0.108215,0.557973,0.679433,-0.107359,0.592672,0.793089,0.190475,0.501747,0.732599,0.003796,0.585717,0.812709,0.195177,0.490424,0.71984,0.016865,0.618979,0.824191,0.155726,0.499867,0.791919,-0.007014
HA_Lat_16_6.13.26,126,1319.2,462.62,0,1319.2,462.62,0.902,1336.54,475.2,0.9795,0.608501,0.326824,-0.004072,0.603029,0.318749,0.0056,0.602297,0.319084,0.005441,0.601632,0.319495,0.005515,0.6032,0.319035,-0.016856,0.60258,0.319617,-0.017065,0.601991,0.32013,-0.017194,0.595873,0.326781,0.052302,0.596782,0.327206,-0.051101,0.607979,0.338457,0.016218,0.608085,0.338047,-0.014716,0.585913,0.373089,0.132369,0.602502,0.369702,-0.13466,0.569537,0.433284,0.253254,0.653454,0.411514,-0.189514,0.567782,0.505247,0.335367,0.696116,0.440002,-0.164859,0.564619,0.518216,0.360887,0.703183,0.462682,-0.192395,0.566622,0.510483,0.337275,0.704894,0.464953,-0.177351,0.569689,0.510905,0.329587,0.701384,0.456033,-0.160058,0.56623,0.546186,0.078584,0.554871,0.546282,-0.078629,0.585972,0.674299,0.107162,0.561354,0.675689,-0.112701,0.593139,0.793225,0.188546,0.504895,0.725439,-0.004975,0.585853,0.81338,0.193244,0.494003,0.713428,0.007617,0.61871,0.825237,0.151277,0.504016,0.785023,-0.013642
HA_Lat_16_6.13.26,127,1319.95,467.2,0,1319.95,467.2,0.9112,1337.92,475.99,0.9811,0.611193,0.319902,-0.000505,0.605658,0.312928,0.008686,0.604848,0.313475,0.008575,0.604097,0.31407,0.008665,0.606071,0.313294,-0.014921,0.605513,0.314097,-0.015149,0.604955,0.314802,-0.01527,0.598575,0.322329,0.053688,0.599947,0.322656,-0.054228,0.611173,0.33229,0.019366,0.611388,0.331669,-0.012948,0.591358,0.36929,0.129401,0.606121,0.366452,-0.134284,0.587652,0.42473,0.187151,0.655299,0.409933,-0.176562,0.593527,0.468286,0.189089,0.696835,0.440731,-0.141364,0.591136,0.468827,0.196895,0.702387,0.462638,-0.170116,0.594719,0.466131,0.174035,0.70379,0.464346,-0.154568,0.598423,0.465947,0.180458,0.700743,0.456236,-0.135671,0.566886,0.542359,0.078177,0.55749,0.542855,-0.078218,0.584626,0.674255,0.113102,0.564824,0.671867,-0.110877,0.593081,0.792939,0.187896,0.508015,0.717078,0.001546,0.585827,0.813305,0.192541,0.497203,0.704891,0.016442,0.618936,0.826082,0.158102,0.506572,0.774667,0.002844
HA_Lat_16_6.13.26,128,1339.03,476.2,0,1333.87,474.49,0.9443,1339.03,476.2,0.9817,0.61209,0.313878,-0.006598,0.606496,0.306911,0.002998,0.60589,0.307472,0.002872,0.605343,0.308018,0.002958,0.606779,0.307289,-0.018564,0.606366,0.308098,-0.018769,0.60601,0.30873,-0.018876,0.60054,0.316412,0.047523,0.602039,0.316823,-0.051409,0.612414,0.327037,0.012747,0.612601,0.326284,-0.016829,0.592194,0.365056,0.122337,0.607727,0.364296,-0.13399,0.583098,0.427454,0.167211,0.657146,0.411253,-0.174113,0.58061,0.497654,0.163078,0.697412,0.440921,-0.130252,0.577916,0.512717,0.165316,0.702216,0.464604,-0.15738,0.580536,0.514059,0.141907,0.702724,0.466314,-0.141506,0.583453,0.507615,0.15283,0.700032,0.459483,-0.124134,0.568353,0.539109,0.079354,0.561194,0.540484,-0.0794,0.586983,0.672291,0.113837,0.57131,0.669991,-0.111319,0.592969,0.792579,0.192237,0.511267,0.706018,0.009572,0.585396,0.812982,0.197198,0.500819,0.691591,0.025022,0.618766,0.825888,0.16753,0.505535,0.759778,0.015311
HA_Lat_16_6.13.26,129,1328.16,483.62,0,1328.16,483.62,0.9173,1334.23,482.88,0.9821,0.613496,0.311966,0.03724,0.607614,0.305637,0.045951,0.606974,0.306236,0.045843,0.606383,0.306788,0.045923,0.607935,0.305887,0.025199,0.607544,0.306646,0.025003,0.607146,0.30754,0.024901,0.601385,0.315149,0.080845,0.6032,0.315142,-0.013979,0.613978,0.324993,0.052853,0.614235,0.323859,0.024411,0.591693,0.364912,0.14978,0.61082,0.362217,-0.108178,0.579938,0.429319,0.201582,0.656284,0.413126,-0.142416,0.577244,0.496996,0.201063,0.694912,0.447113,-0.089293,0.575172,0.517143,0.212328,0.700369,0.469303,-0.112236,0.579167,0.516975,0.191447,0.700835,0.471204,-0.096438,0.580626,0.511767,0.19333,0.698019,0.465263,-0.082734,0.569322,0.536481,0.080617,0.564824,0.538544,-0.080661,0.588166,0.672239,0.111293,0.576686,0.669634,-0.114942,0.593695,0.792532,0.191543,0.515617,0.696306,0.009396,0.585918,0.812938,0.196804,0.505193,0.678516,0.024194,0.618402,0.825303,0.170786,0.506377,0.749671,0.014627
HA_Lat_16_6.13.26,130,1325.11,493.39,0,1325.11,493.39,0.9332,1331.68,494.3,0.9823,0.616334,0.314726,0.066241,0.610414,0.307505,0.074407,0.609769,0.308077,0.074314,0.609131,0.308624,0.074389,0.610479,0.307448,0.054487,0.609899,0.308008,0.054295,0.609374,0.308607,0.054203,0.604167,0.315987,0.104918,0.605033,0.315728,0.01377,0.616231,0.327354,0.080317,0.616498,0.326358,0.05296,0.591299,0.365828,0.167627,0.613403,0.360131,-0.080607,0.58036,0.43037,0.218188,0.65518,0.41453,-0.119221,0.578239,0.495942,0.219515,0.693582,0.457685,-0.07404,0.57638,0.516009,0.231135,0.697579,0.48004,-0.095192,0.579562,0.516575,0.213166,0.698175,0.482495,-0.080631,0.581885,0.51017,0.213037,0.696221,0.477396,-0.067804,0.570894,0.533581,0.079503,0.568799,0.535032,-0.079556,0.589371,0.672571,0.109553,0.581306,0.66881,-0.121502,0.594029,0.792971,0.181838,0.518959,0.6874,-0.001801,0.585997,0.813109,0.186496,0.50944,0.665145,0.012751,0.61887,0.824923,0.161113,0.506522,0.741017,0.004055
HA_Lat_16_6.13.26,131,1318.87,512.92,0,1318.87,512.92,0.9815,1325.82,506.47,0.9829,0.620567,0.315721,0.047698,0.614679,0.307898,0.056556,0.613911,0.308463,0.05646,0.613183,0.30903,0.056532,0.614713,0.307539,0.036466,0.613976,0.307929,0.036268,0.613257,0.3083,0.03617,0.607476,0.315792,0.092206,0.608004,0.315018,0.000371,0.61986,0.32841,0.06372,0.619926,0.327102,0.036161,0.593604,0.366052,0.158912,0.617005,0.359099,-0.086124,0.578078,0.431386,0.209909,0.655739,0.415647,-0.120063,0.575852,0.50166,0.210125,0.69053,0.468951,-0.075204,0.573739,0.520223,0.221266,0.694712,0.49149,-0.096213,0.577006,0.522023,0.202308,0.695322,0.493568,-0.082544,0.579569,0.514827,0.2033,0.6928,0.488425,-0.069217,0.572562,0.531122,0.078778,0.572075,0.532457,-0.078838,0.589639,0.672577,0.109498,0.584878,0.667484,-0.124946,0.594308,0.793123,0.172848,0.522401,0.678035,-0.001965,0.585834,0.812885,0.176814,0.513129,0.655118,0.012561,0.618878,0.824884,0.157388,0.50791,0.731024,0.008531
HA_Lat_16_6.13.26,132,1312.1,522.94,0,1312.1,522.94,0.9808,1319.68,520.52,0.9834,0.620783,0.316467,0.079151,0.614308,0.307919,0.087024,0.613408,0.308479,0.086943,0.612548,0.309049,0.087007,0.614985,0.307378,0.067579,0.614544,0.307602,0.067386,0.614075,0.307732,0.067301,0.607242,0.315161,0.115296,0.609633,0.313931,0.026335,0.620012,0.32893,0.092394,0.620781,0.327377,0.065708,0.592712,0.366946,0.172536,0.618808,0.357608,-0.06688,0.578831,0.433862,0.204777,0.654105,0.419532,-0.10262,0.576684,0.505004,0.192185,0.687331,0.481961,-0.056511,0.57416,0.521389,0.201107,0.689884,0.502761,-0.075871,0.578061,0.522216,0.184232,0.689777,0.504667,-0.061921,0.581052,0.51574,0.185664,0.688012,0.499604,-0.050288,0.572811,0.530926,0.078136,0.576052,0.532308,-0.078196,0.590933,0.671993,0.105158,0.590049,0.665273,-0.13012,0.594287,0.793075,0.150265,0.526658,0.668768,-0.028798,0.585959,0.812866,0.152322,0.518057,0.646157,-0.016671,0.619666,0.824787,0.134516,0.50815,0.721874,-0.010256
HA_Lat_16_6.13.26,133,1301.64,532.42,0,1301.64,532.42,0.9591,1313.25,532.25,0.9835,0.620732,0.316395,0.029581,0.615798,0.307193,0.039815,0.615465,0.30757,0.03971,0.615143,0.307935,0.039775,0.614901,0.306965,0.020128,0.613937,0.307213,0.019927,0.612989,0.307354,0.019821,0.610705,0.3135,0.084035,0.608424,0.313476,-0.003945,0.620827,0.328816,0.048658,0.619982,0.327425,0.021663,0.594871,0.367377,0.15748,0.621109,0.35749,-0.079544,0.580893,0.438708,0.199072,0.651589,0.425532,-0.10426,0.579205,0.514484,0.188653,0.683984,0.492827,-0.050257,0.576874,0.529785,0.1989,0.684908,0.512362,-0.067756,0.580633,0.530822,0.180729,0.684922,0.514123,-0.054042,0.58347,0.524459,0.182086,0.683748,0.508325,-0.043556,0.574331,0.532171,0.077636,0.579067,0.533317,-0.077697,0.592893,0.671632,0.1047,0.595547,0.663972,-0.134615,0.593642,0.792858,0.150929,0.530733,0.659993,-0.03994,0.585507,0.812733,0.152609,0.523428,0.63721,-0.028328,0.619025,0.824617,0.132947,0.509827,0.709711,-0.019071
HA_Lat_16_6.13.26,134,1294.18,537.15,0,1294.18,537.15,0.9594,1301.83,541.06,0.9835,0.623906,0.314813,0.053788,0.618493,0.305866,0.064281,0.617844,0.306213,0.064184,0.617192,0.306596,0.064235,0.618387,0.305607,0.043209,0.617693,0.305777,0.043022,0.617014,0.305858,0.042935,0.611932,0.31226,0.103112,0.612581,0.311707,0.007604,0.623579,0.327786,0.070746,0.623445,0.326109,0.042023,0.595516,0.367007,0.17306,0.622555,0.358514,-0.077026,0.582458,0.438739,0.213334,0.649171,0.434121,-0.100273,0.589015,0.50941,0.196463,0.678037,0.50098,-0.036312,0.58817,0.526335,0.20626,0.679858,0.520843,-0.051205,0.592777,0.524171,0.188303,0.680292,0.522469,-0.038075,0.593931,0.519818,0.189385,0.678547,0.516164,-0.029502,0.576165,0.532534,0.078749,0.58273,0.534148,-0.078823,0.594148,0.668405,0.106081,0.601271,0.660069,-0.127872,0.593438,0.79274,0.145081,0.53566,0.651829,-0.040362,0.585191,0.812703,0.14546,0.528855,0.628989,-0.030194,0.618286,0.824453,0.129807,0.513085,0.699716,-0.019583
HA_Lat_16_6.13.26,135,1278.29,543.65,0,1278.29,543.65,0.9611,1292.07,547.03,0.9821,0.627898,0.315835,0.068119,0.622256,0.306542,0.077596,0.621308,0.306891,0.077489,0.620363,0.307287,0.077522,0.622585,0.306178,0.05626,0.621898,0.306291,0.056074,0.621201,0.306315,0.055996,0.614488,0.312734,0.11063,0.616243,0.311678,0.013171,0.626576,0.328518,0.083064,0.626935,0.32695,0.053875,0.59587,0.367114,0.178158,0.62352,0.35847,-0.073657,0.586403,0.442111,0.244693,0.647895,0.439746,-0.10292,0.594431,0.50796,0.270723,0.672953,0.50651,-0.041156,0.593783,0.522522,0.288306,0.673956,0.526183,-0.053765,0.599101,0.520549,0.271059,0.674243,0.527465,-0.040802,0.599188,0.515902,0.264992,0.673221,0.520836,-0.034302,0.577619,0.532228,0.079576,0.586659,0.534478,-0.079659,0.593815,0.664856,0.107858,0.608519,0.656816,-0.124831,0.593109,0.792718,0.131686,0.540928,0.644318,-0.061364,0.584894,0.812287,0.130327,0.535361,0.621319,-0.053779,0.618517,0.824363,0.120173,0.517374,0.691133,-0.03804
HA_Lat_16_6.13.26,136,1272.76,547.12,0,1272.76,547.12,0.9406,1284.42,550.5,0.9813,0.629555,0.316706,0.091553,0.624495,0.307299,0.10028,0.623499,0.307627,0.10018,0.622541,0.308,0.10021,0.625129,0.306914,0.07976,0.624618,0.306986,0.079583,0.624081,0.306939,0.079515,0.616951,0.313266,0.128091,0.619571,0.311871,0.034617,0.627883,0.329209,0.104583,0.62851,0.327697,0.076598,0.598047,0.366806,0.189341,0.625412,0.359206,-0.055162,0.588114,0.444177,0.238252,0.646336,0.443726,-0.076064,0.594709,0.507986,0.244477,0.668968,0.509725,-0.002774,0.594787,0.523378,0.258428,0.669924,0.528297,-0.011783,0.598779,0.521588,0.24218,0.669862,0.529808,0.000249,0.599867,0.515972,0.238465,0.669191,0.524049,0.004265,0.579212,0.532088,0.07923,0.591014,0.534799,-0.079317,0.594397,0.661422,0.107192,0.615863,0.653518,-0.123993,0.59305,0.792378,0.107807,0.547567,0.639793,-0.089785,0.584983,0.81184,0.104552,0.541229,0.616743,-0.085905,0.618858,0.824404,0.097962,0.521127,0.680345,-0.069835
HA_Lat_16_6.13.26,137,1273.74,548.72,0,1273.74,548.72,0.9744,1277.39,553.54,0.9808,0.632317,0.316814,0.0882,0.627152,0.306641,0.097774,0.626071,0.306797,0.09767,0.625063,0.307006,0.097705,0.62772,0.306313,0.077385,0.627056,0.306268,0.077222,0.62635,0.306134,0.077164,0.618966,0.311702,0.12935,0.62088,0.310612,0.036912,0.629746,0.328715,0.10252,0.630229,0.327232,0.074795,0.601835,0.36402,0.1887,0.625222,0.358292,-0.049788,0.589179,0.444338,0.219451,0.644863,0.446266,-0.06782,0.594761,0.509687,0.211988,0.665306,0.512538,0.004653,0.594963,0.53131,0.2249,0.66522,0.532742,-0.005231,0.598576,0.525915,0.202648,0.665277,0.533638,0.004936,0.598633,0.524668,0.204204,0.664918,0.527423,0.010839,0.582017,0.530744,0.078855,0.593399,0.533931,-0.078939,0.595626,0.658576,0.106489,0.622276,0.651333,-0.122173,0.593426,0.791792,0.11417,0.552999,0.635104,-0.077086,0.584674,0.810858,0.112174,0.546013,0.611523,-0.071096,0.618371,0.824379,0.10504,0.526088,0.677253,-0.05438
HA_Lat_16_6.13.26,138,1262.0,554.0,0,1266.37,554.6,0.9663,1271.03,557.31,0.9816,0.633251,0.314481,0.06294,0.627766,0.304036,0.073378,0.626841,0.30426,0.073266,0.625993,0.304485,0.07331,0.628012,0.303661,0.052787,0.627233,0.303693,0.052616,0.626412,0.303656,0.052543,0.620262,0.309712,0.111933,0.621225,0.308542,0.01874,0.631944,0.32677,0.079819,0.631901,0.324983,0.051842,0.606724,0.36264,0.178921,0.625737,0.357197,-0.06604,0.595394,0.445597,0.209703,0.643045,0.446847,-0.09627,0.595091,0.516208,0.195827,0.661996,0.51603,-0.044226,0.594095,0.537379,0.201448,0.662077,0.537321,-0.060003,0.596745,0.534702,0.185181,0.66272,0.53906,-0.049454,0.597781,0.528687,0.188673,0.662178,0.533054,-0.038685,0.585665,0.529896,0.07908,0.595289,0.532225,-0.079166,0.597767,0.656302,0.098423,0.627093,0.64822,-0.126707,0.59381,0.790977,0.109272,0.557168,0.632436,-0.064698,0.584707,0.810092,0.107193,0.549328,0.610262,-0.05643,0.618764,0.824342,0.097357,0.531341,0.679581,-0.045414
HA_Lat_16_6.13.26,139,1258.0,556.0,0,1261.04,551.75,0.9828,1265.08,559.57,0.9828,0.632973,0.306689,0.051248,0.627031,0.297682,0.061806,0.626197,0.298421,0.061697,0.625403,0.299091,0.061741,0.627315,0.297507,0.041476,0.626665,0.298158,0.041301,0.625985,0.298684,0.041227,0.620132,0.305341,0.10226,0.621379,0.305057,0.01048,0.632807,0.321364,0.068787,0.632707,0.319815,0.041186,0.607322,0.359187,0.172283,0.627066,0.355735,-0.06918,0.599681,0.44555,0.20393,0.642625,0.447161,-0.092749,0.602471,0.515652,0.173951,0.658897,0.518118,-0.038229,0.600406,0.531782,0.17787,0.659064,0.537516,-0.052234,0.603866,0.530466,0.161908,0.659684,0.539423,-0.043286,0.604659,0.525088,0.166667,0.659085,0.53342,-0.033025,0.58768,0.527418,0.078812,0.59863,0.530201,-0.078897,0.598659,0.654718,0.091535,0.632014,0.645544,-0.124599,0.594138,0.790302,0.100078,0.561286,0.6296,-0.05491,0.584818,0.809488,0.097566,0.553475,0.605706,-0.045924,0.618301,0.824204,0.088022,0.537631,0.679783,-0.030881
HA_Lat_16_6.13.26,140,1256.0,556.0,0,1254.65,552.69,0.9602,1260.94,560.94,0.9825,0.635289,0.307263,0.070799,0.629485,0.297914,0.081491,0.628639,0.298422,0.081392,0.627855,0.298928,0.081427,0.629544,0.297823,0.059964,0.628761,0.298311,0.059789,0.627986,0.298695,0.059729,0.622082,0.304878,0.119397,0.623326,0.304367,0.02192,0.634811,0.320689,0.087375,0.63467,0.319252,0.058181,0.605195,0.358409,0.187969,0.630155,0.354455,-0.060827,0.60042,0.445028,0.221918,0.643643,0.447334,-0.080436,0.60627,0.510644,0.196705,0.656738,0.519393,-0.012278,0.606658,0.524508,0.205001,0.657284,0.537649,-0.021437,0.612085,0.518365,0.189452,0.658273,0.539598,-0.013208,0.613168,0.508075,0.189835,0.657168,0.53422,-0.006777,0.589071,0.525447,0.079343,0.602395,0.528648,-0.079436,0.600188,0.65436,0.086493,0.63723,0.643959,-0.130309,0.594919,0.789016,0.074309,0.565571,0.628829,-0.088082,0.585211,0.807871,0.069408,0.557401,0.60529,-0.082196,0.61815,0.823833,0.060097,0.543431,0.677903,-0.059387
HA_Lat_16_6.13.26,141,1250.0,551.0,0,1250.19,548.12,0.9569,1258.31,558.5,0.9827,0.637012,0.307703,0.058716,0.631693,0.297826,0.06822,0.630749,0.298007,0.068111,0.629895,0.298198,0.06815,0.632081,0.298043,0.047311,0.631385,0.298421,0.047137,0.63075,0.29868,0.047077,0.623883,0.303281,0.10517,0.625462,0.303208,0.009902,0.635441,0.320375,0.074891,0.635845,0.319232,0.0465,0.605317,0.35695,0.173442,0.632185,0.352866,-0.069049,0.596196,0.445001,0.201952,0.643422,0.446309,-0.089134,0.601967,0.51125,0.150313,0.655371,0.517125,-0.024156,0.602732,0.527664,0.154357,0.65671,0.534527,-0.033955,0.607558,0.522545,0.138264,0.656902,0.536232,-0.027742,0.60932,0.510591,0.142677,0.656741,0.531358,-0.019608,0.591441,0.525719,0.079142,0.606147,0.529351,-0.079231,0.60236,0.654792,0.087139,0.642529,0.641216,-0.12832,0.594939,0.788397,0.087273,0.569616,0.628831,-0.072177,0.585257,0.806788,0.083901,0.561235,0.605951,-0.065354,0.61784,0.824143,0.078283,0.549632,0.67941,-0.050751
HA_Lat_16_6.13.26,142,1247.72,550.3,0,1247.72,550.3,0.957,1257.96,557.81,0.9786,0.637525,0.308592,0.06097,0.632809,0.298426,0.071691,0.632095,0.298301,0.071587,0.631527,0.298153,0.071626,0.632612,0.299023,0.051441,0.631713,0.299413,0.051274,0.630872,0.299674,0.051223,0.625991,0.303015,0.111811,0.625718,0.304127,0.020537,0.63649,0.320856,0.078331,0.636485,0.319842,0.050901,0.606797,0.356948,0.175715,0.634276,0.352106,-0.055883,0.596535,0.445849,0.199305,0.644686,0.445684,-0.079321,0.601898,0.509355,0.141574,0.65519,0.516492,-0.019719,0.601302,0.531134,0.144426,0.654565,0.533616,-0.0292,0.605425,0.525234,0.129296,0.653447,0.53511,-0.022954,0.605827,0.518723,0.134292,0.653763,0.530048,-0.015314,0.594137,0.52587,0.078897,0.611155,0.529884,-0.079006,0.603686,0.654873,0.077983,0.647152,0.638412,-0.126669,0.595381,0.788065,0.073138,0.573891,0.630754,-0.085474,0.585892,0.806579,0.069307,0.564712,0.607866,-0.08046,0.617515,0.823895,0.063887,0.556271,0.68388,-0.058802
HA_Lat_16_6.13.26,143,1241.38,561.53,0,1241.38,561.53,0.9008,1254.6,557.14,0.9693,0.639576,0.308054,0.052276,0.634674,0.297465,0.063507,0.633743,0.297123,0.063392,0.633012,0.296789,0.063442,0.634858,0.298362,0.042783,0.633973,0.298723,0.042604,0.633184,0.298939,0.042521,0.627031,0.301623,0.111352,0.62775,0.303111,0.014167,0.63803,0.320064,0.070661,0.638363,0.319348,0.042391,0.60777,0.355599,0.171382,0.63582,0.352157,-0.066537,0.601581,0.445779,0.175249,0.646462,0.448281,-0.078338,0.609436,0.506011,0.122642,0.653436,0.515868,0.003149,0.608901,0.528808,0.125784,0.652502,0.533773,-0.002581,0.613173,0.523519,0.110607,0.650792,0.534891,0.00135,0.614403,0.516921,0.11533,0.650903,0.529009,0.007151,0.596742,0.526648,0.07845,0.613091,0.530741,-0.078576,0.605886,0.655073,0.082638,0.652076,0.63641,-0.117476,0.596021,0.787766,0.084689,0.578573,0.633875,-0.070009,0.586305,0.806262,0.081151,0.567837,0.613323,-0.063595,0.617402,0.823851,0.074565,0.563185,0.687847,-0.057005
HA_Lat_16_6.13.26,144,,,1,1243.36,547.68,0.8783,1247.9,555.29,0.9271,0.642295,0.308938,0.04929,0.637814,0.298253,0.056894,0.636811,0.297842,0.056781,0.635973,0.297439,0.056818,0.637712,0.299107,0.037885,0.636575,0.299391,0.037724,0.635498,0.29952,0.037697,0.629592,0.301562,0.092787,0.629161,0.303077,0.005453,0.64032,0.320789,0.065162,0.640515,0.319992,0.039516,0.60771,0.353554,0.153553,0.637042,0.350651,-0.071288,0.603286,0.445737,0.161716,0.648416,0.448337,-0.069836,0.611272,0.505427,0.117049,0.64995,0.514154,0.031646,0.610767,0.529944,0.121232,0.647038,0.530191,0.030596,0.616306,0.523128,0.106834,0.644661,0.530981,0.03254,0.616859,0.517329,0.110298,0.645286,0.52562,0.035297,0.599927,0.527237,0.077606,0.615879,0.531382,-0.07776,0.609316,0.654984,0.085927,0.656056,0.63488,-0.108606,0.596467,0.78774,0.097217,0.582717,0.637082,-0.063804,0.586582,0.80617,0.094512,0.571497,0.618943,-0.0557,0.617603,0.823549,0.086391,0.570716,0.692696,-0.028084
HA_Lat_16_6.13.26,145,,,1,1239.86,545.35,0.8507,1244.54,554.27,0.8689,0.64397,0.309216,0.045826,0.639592,0.298429,0.054261,0.638468,0.29796,0.054148,0.637446,0.297525,0.054192,0.639997,0.299086,0.034473,0.639193,0.299148,0.034303,0.638425,0.299043,0.034258,0.631098,0.300544,0.084439,0.632321,0.301318,0.004548,0.641328,0.320345,0.062363,0.642093,0.319506,0.035608,0.607253,0.350007,0.140847,0.639175,0.348656,-0.072057,0.602608,0.444769,0.145307,0.64983,0.449158,-0.077242,0.610611,0.504909,0.094891,0.648197,0.51321,0.009281,0.610529,0.529315,0.097361,0.645205,0.529739,0.006444,0.615469,0.522453,0.084118,0.642434,0.530786,0.008134,0.614575,0.518685,0.088404,0.64315,0.524668,0.012421,0.600259,0.52752,0.075799,0.618615,0.531691,-0.075991,0.611732,0.654001,0.087019,0.660344,0.633555,-0.099663,0.596984,0.787195,0.088942,0.586585,0.642699,-0.065065,0.586566,0.805703,0.085429,0.574921,0.625037,-0.059787,0.617912,0.823535,0.078877,0.577442,0.696903,-0.035692
HA_Lat_16_6.13.26,146,,,1,1234.38,541.68,0.923,1243.07,552.32,0.795,0.646818,0.309431,0.043717,0.642237,0.298385,0.052556,0.641054,0.297839,0.052444,0.639957,0.297348,0.052491,0.642731,0.298862,0.03262,0.641963,0.29868,0.03245,0.641241,0.298332,0.032392,0.633819,0.298904,0.08129,0.635444,0.299353,-0.004252,0.643312,0.319919,0.060443,0.644347,0.319113,0.033322,0.609231,0.347728,0.140765,0.640021,0.346619,-0.074232,0.606342,0.443536,0.157198,0.652109,0.448302,-0.069842,0.613191,0.504816,0.117498,0.64743,0.51141,0.036284,0.614066,0.527659,0.122153,0.644357,0.525536,0.037174,0.619586,0.518594,0.107925,0.641436,0.524571,0.038008,0.617321,0.517693,0.110905,0.641772,0.520984,0.039614,0.602797,0.527157,0.075802,0.619988,0.531288,-0.075995,0.614013,0.653442,0.087713,0.664172,0.632293,-0.101162,0.597962,0.786885,0.080173,0.592802,0.646296,-0.062766,0.586695,0.804742,0.075877,0.579212,0.628329,-0.057225,0.618106,0.823512,0.066336,0.585829,0.701381,-0.037401
HA_Lat_16_6.13.26,147,,,1,1233.06,540.79,0.9037,1242.6,548.11,0.7287,0.647881,0.309168,0.043618,0.643715,0.298181,0.051378,0.6425,0.297555,0.051267,0.64133,0.297027,0.051314,0.644452,0.298473,0.03138,0.643836,0.298118,0.031203,0.643241,0.297612,0.031146,0.635411,0.297905,0.079018,0.63796,0.298012,-0.005928,0.644464,0.319076,0.059415,0.645627,0.318242,0.032287,0.610949,0.347005,0.138921,0.642394,0.345861,-0.073197,0.60882,0.442713,0.158484,0.654708,0.447795,-0.06074,0.616488,0.499294,0.12321,0.647189,0.507507,0.048473,0.616372,0.517856,0.128317,0.643926,0.51787,0.05025,0.619409,0.514383,0.114611,0.640588,0.515193,0.051082,0.619,0.514793,0.116906,0.64131,0.509096,0.051803,0.606209,0.526552,0.075549,0.622801,0.530493,-0.075746,0.615027,0.651969,0.081752,0.667951,0.631044,-0.097218,0.598387,0.786698,0.062703,0.59635,0.655212,-0.067788,0.586728,0.804547,0.057607,0.582725,0.650497,-0.063968,0.618064,0.822999,0.045378,0.593847,0.71837,-0.050747
HA_Lat_16_6.13.26,148,,,1,1236.59,524.76,0.8752,1242.41,536.86,0.6662,0.649343,0.309235,0.029879,0.645094,0.297981,0.035086,0.643817,0.297307,0.034976,0.642577,0.296748,0.035026,0.646028,0.298203,0.014406,0.645505,0.297736,0.014221,0.645003,0.297125,0.014172,0.637089,0.297612,0.061619,0.640022,0.297525,-0.029869,0.646171,0.318876,0.044548,0.647447,0.318042,0.016652,0.613537,0.347834,0.123859,0.643628,0.345735,-0.086118,0.61105,0.442709,0.145925,0.657296,0.447304,-0.073717,0.618687,0.494884,0.105705,0.64709,0.497093,0.028659,0.618609,0.510874,0.108823,0.643845,0.503034,0.027936,0.620626,0.509077,0.09465,0.640361,0.499904,0.028203,0.621273,0.503183,0.098874,0.641164,0.496462,0.031509,0.609887,0.525708,0.07529,0.623641,0.528653,-0.075483,0.614968,0.652126,0.083317,0.670772,0.629003,-0.095225,0.598668,0.786735,0.080595,0.602583,0.669379,-0.038088,0.586944,0.804121,0.077538,0.589749,0.669396,-0.030756,0.617899,0.822734,0.064945,0.603848,0.731599,-0.0143
HA_Lat_16_6.13.26,149,,,1,1236.46,515.41,0.7733,1243.56,523.4,0.6094,0.651183,0.308151,0.021884,0.646615,0.296733,0.026925,0.645454,0.296155,0.026818,0.644346,0.295653,0.026871,0.647367,0.296917,0.006063,0.646777,0.296502,0.005873,0.646216,0.295935,0.005823,0.638722,0.297293,0.055386,0.640914,0.297028,-0.037696,0.648131,0.318391,0.037029,0.649374,0.317274,0.008891,0.617328,0.348592,0.120574,0.644624,0.345195,-0.091236,0.613792,0.441908,0.15162,0.659576,0.446917,-0.073592,0.622943,0.487418,0.119666,0.647689,0.484633,0.034331,0.622108,0.504958,0.12378,0.644429,0.487476,0.033594,0.624153,0.499581,0.108907,0.640932,0.484132,0.033491,0.624574,0.495282,0.112772,0.641442,0.482479,0.036909,0.613385,0.523193,0.075174,0.626007,0.525117,-0.075355,0.617149,0.652727,0.081016,0.673266,0.627766,-0.094412,0.598554,0.786613,0.085402,0.611337,0.682509,-0.023036,0.586944,0.803793,0.083395,0.596227,0.686794,-0.014011,0.617792,0.822668,0.070481,0.618718,0.741549,-0.001772
HA_Lat_16_6.13.26,150,,,1,1234.47,506.19,0.7159,1246.63,516.78,0.56,0.653947,0.308485,0.02398,0.649808,0.29712,0.029714,0.648686,0.296548,0.029607,0.647609,0.296051,0.029659,0.650334,0.297264,0.008529,0.649651,0.296814,0.008338,0.649007,0.296209,0.008286,0.642051,0.297273,0.059327,0.643399,0.296781,-0.036735,0.650722,0.318777,0.039441,0.651611,0.317718,0.01087,0.618982,0.348406,0.124447,0.646024,0.344954,-0.093915,0.616663,0.4407,0.15293,0.662261,0.446596,-0.077859,0.626108,0.484919,0.115443,0.649286,0.478497,0.028369,0.625712,0.501045,0.118424,0.646148,0.484353,0.02718,0.627219,0.497581,0.103977,0.641411,0.477371,0.027493,0.627936,0.490046,0.108379,0.642332,0.476344,0.031143,0.615535,0.522257,0.075554,0.627882,0.52398,-0.075729,0.617538,0.652475,0.080545,0.675864,0.627048,-0.094581,0.598628,0.786509,0.085895,0.617869,0.695618,-0.026875,0.586895,0.80372,0.084005,0.602768,0.703054,-0.015306,0.617698,0.822642,0.068567,0.63022,0.753622,-0.020048
HA_Lat_16_6.13.26,151,,,1,1245.68,495.25,0.7868,1254.97,503.36,0.5125,0.657064,0.308639,0.025037,0.652488,0.297075,0.029858,0.651281,0.296548,0.029753,0.650175,0.296104,0.029803,0.653027,0.297155,0.008504,0.652276,0.296713,0.008309,0.65159,0.296127,0.008258,0.644254,0.297358,0.05419,0.645847,0.296858,-0.042562,0.653255,0.318926,0.039672,0.654316,0.318022,0.010835,0.620351,0.34903,0.117758,0.648499,0.345379,-0.098684,0.618074,0.439443,0.154633,0.665856,0.446564,-0.078568,0.629268,0.480038,0.120728,0.653632,0.466077,0.037658,0.629193,0.498369,0.126248,0.653736,0.473666,0.038562,0.631417,0.495658,0.114669,0.648361,0.467215,0.038632,0.631746,0.48912,0.114707,0.647498,0.465626,0.040518,0.617557,0.522401,0.075537,0.63049,0.523971,-0.075708,0.620254,0.652335,0.081544,0.678896,0.627825,-0.090152,0.598702,0.786507,0.079733,0.624554,0.713139,-0.048881,0.587024,0.803169,0.077133,0.610338,0.721576,-0.044569,0.617631,0.822634,0.062352,0.640815,0.765927,-0.053064
HA_Lat_16_6.13.26,152,,,1,1242.11,489.41,0.7237,1263.94,493.71,0.4735,0.660712,0.308756,0.029214,0.656195,0.29738,0.030074,0.654971,0.296879,0.029966,0.653843,0.29645,0.030023,0.656714,0.297459,0.00968,0.655953,0.297061,0.009498,0.655201,0.296522,0.009441,0.647594,0.297669,0.057145,0.648953,0.297407,-0.040549,0.656746,0.31915,0.040539,0.657815,0.318135,0.011411,0.622298,0.349628,0.119565,0.650676,0.345964,-0.097636,0.62048,0.43898,0.158063,0.668769,0.446866,-0.07677,0.63603,0.473015,0.169562,0.658304,0.457135,0.045824,0.636262,0.49045,0.180213,0.658529,0.457149,0.048767,0.638489,0.488295,0.168399,0.653139,0.453339,0.049446,0.63829,0.483245,0.164404,0.652745,0.453836,0.049201,0.620058,0.522747,0.075272,0.633585,0.524125,-0.07543,0.62071,0.652411,0.075012,0.680427,0.628877,-0.082749,0.598797,0.786363,0.051397,0.632294,0.729596,-0.064973,0.587898,0.80172,0.046924,0.618222,0.740175,-0.06369,0.617195,0.822577,0.026926,0.654494,0.779084,-0.077143
HA_Lat_16_6.13.26,153,,,1,1243.42,490.43,0.7308,1273.75,481.78,0.4461,0.662222,0.308908,0.029406,0.657829,0.297608,0.03179,0.656561,0.297098,0.031682,0.655414,0.296647,0.031735,0.658679,0.297703,0.010991,0.658055,0.297317,0.010799,0.65743,0.296789,0.010742,0.649312,0.297571,0.053588,0.651612,0.29751,-0.045182,0.658304,0.319397,0.041774,0.65956,0.318385,0.012699,0.623251,0.350153,0.114227,0.653611,0.346398,-0.101551,0.62592,0.438912,0.15375,0.672355,0.44693,-0.077886,0.642117,0.465232,0.163062,0.663409,0.446092,0.046897,0.645829,0.471803,0.175343,0.664056,0.441456,0.04975,0.64761,0.469008,0.16203,0.65934,0.432997,0.049027,0.64697,0.465592,0.160113,0.658868,0.435616,0.049804,0.620742,0.523111,0.074266,0.636158,0.524356,-0.074411,0.620946,0.652687,0.069525,0.682924,0.630268,-0.076546,0.59899,0.786331,0.037405,0.641734,0.744897,-0.063724,0.588415,0.801426,0.032407,0.628591,0.757115,-0.061893,0.61712,0.822558,0.013152,0.667703,0.788365,-0.072513
HA_Lat_16_6.13.26,154,,,1,1246.49,482.55,0.6769,1278.64,468.95,0.4123,0.664162,0.309089,0.0295,0.660132,0.297771,0.031337,0.658871,0.297282,0.031231,0.657716,0.296856,0.031279,0.660833,0.297861,0.010131,0.660196,0.297494,0.009927,0.659567,0.296994,0.009869,0.651056,0.297909,0.048257,0.6534,0.29788,-0.049391,0.660143,0.319574,0.041455,0.661366,0.318594,0.012313,0.623194,0.350537,0.107371,0.656056,0.346725,-0.104211,0.625957,0.435934,0.155937,0.675292,0.447531,-0.07919,0.644846,0.442217,0.167312,0.66596,0.434211,0.0365,0.650058,0.441756,0.177744,0.666885,0.422236,0.038996,0.651731,0.43828,0.165525,0.662136,0.420004,0.038335,0.650821,0.436601,0.162535,0.661651,0.42303,0.039214,0.621888,0.523196,0.072139,0.638083,0.52421,-0.072274,0.621642,0.652848,0.049773,0.683978,0.631311,-0.068683,0.599319,0.786302,0.00715,0.651271,0.756708,-0.061168,0.588772,0.801428,0.00153,0.639478,0.771977,-0.058901,0.616844,0.822365,-0.019755,0.678118,0.795861,-0.070567
HA_Lat_16_6.13.26,155,,,1,1248.64,480.13,0.6751,1291.85,467.05,0.3875,0.667768,0.309239,0.028964,0.664121,0.297935,0.029992,0.663053,0.297451,0.029886,0.662005,0.297029,0.029932,0.664349,0.298039,0.008593,0.663605,0.297687,0.008381,0.662896,0.297206,0.008323,0.654536,0.298011,0.044728,0.656174,0.298052,-0.052391,0.663836,0.319738,0.040275,0.664771,0.318749,0.011088,0.624914,0.350634,0.105421,0.658492,0.347016,-0.10668,0.630923,0.435318,0.158274,0.677937,0.448229,-0.079704,0.65298,0.433622,0.179636,0.672837,0.432455,0.031937,0.658715,0.43148,0.190588,0.674212,0.41862,0.034019,0.660357,0.427414,0.178767,0.669245,0.41716,0.034085,0.659371,0.426627,0.174555,0.668386,0.420321,0.034886,0.623478,0.523251,0.071254,0.640572,0.524083,-0.07138,0.622673,0.652904,0.054156,0.685362,0.631875,-0.064409,0.59943,0.786111,0.023031,0.659775,0.769956,-0.060806,0.588774,0.801122,0.0186,0.649611,0.790737,-0.059402,0.616639,0.822302,-0.000439,0.692984,0.800366,-0.074878
HA_Lat_16_6.13.26,156,,,1,1263.26,476.37,0.7186,1292.53,460.95,0.3646,0.671584,0.309287,0.024223,0.668235,0.298074,0.024411,0.667255,0.297593,0.024301,0.666275,0.29717,0.024343,0.668287,0.298183,0.002584,0.667471,0.297843,0.002364,0.666686,0.297375,0.002301,0.658399,0.297976,0.03898,0.659451,0.298207,-0.059469,0.667489,0.319817,0.035366,0.668233,0.318824,0.005736,0.627373,0.350673,0.102072,0.660576,0.347257,-0.111678,0.632827,0.435132,0.160269,0.679801,0.449367,-0.089527,0.654369,0.428878,0.197529,0.673191,0.426803,0.024626,0.659356,0.425755,0.210019,0.674087,0.415743,0.025747,0.660529,0.420756,0.198856,0.669679,0.411741,0.026408,0.659888,0.420457,0.192902,0.669,0.414967,0.027748,0.625607,0.523455,0.071009,0.642776,0.524443,-0.071127,0.624171,0.65314,0.052973,0.685742,0.633913,-0.060525,0.599337,0.785858,0.023332,0.671199,0.781821,-0.059284,0.588651,0.800897,0.019061,0.663043,0.807228,-0.057082,0.616642,0.822293,-0.001094,0.707313,0.804824,-0.073587
HA_Lat_16_6.13.26,157,,,1,1276.13,472.8,0.6599,1294.93,468.04,0.3458,0.675422,0.309333,0.02284,0.672677,0.298096,0.022694,0.671695,0.297581,0.022582,0.6707,0.297122,0.022626,0.672736,0.298261,0.000876,0.671903,0.297927,0.000654,0.671102,0.297475,0.000587,0.662311,0.297698,0.035941,0.66359,0.298166,-0.062457,0.670916,0.319927,0.033737,0.671617,0.318862,0.004078,0.630426,0.35088,0.097594,0.663517,0.347284,-0.11377,0.632626,0.434878,0.161255,0.681935,0.449417,-0.091605,0.652114,0.438232,0.19499,0.674444,0.433371,0.027062,0.656851,0.439046,0.20802,0.674916,0.424692,0.030384,0.658565,0.434875,0.1957,0.670676,0.419176,0.030507,0.658005,0.433407,0.189979,0.670166,0.421921,0.030235,0.627967,0.52351,0.069925,0.646845,0.524502,-0.070047,0.625646,0.653654,0.054968,0.685936,0.63915,-0.048083,0.599346,0.785311,0.025923,0.681661,0.787055,-0.044958,0.588631,0.800909,0.021712,0.673074,0.813628,-0.044784,0.616587,0.822295,0.000713,0.717589,0.803895,-0.066235
HA_Lat_16_6.13.26,158,,,1,1285.08,474.32,0.7078,1301.61,460.77,0.3518,0.677165,0.309703,0.023672,0.674359,0.298227,0.024305,0.673374,0.297684,0.024196,0.672407,0.29719,0.024242,0.67451,0.298407,0.002657,0.673714,0.298062,0.002435,0.672937,0.297601,0.002372,0.664309,0.297885,0.039719,0.665458,0.298287,-0.057496,0.673095,0.320527,0.035151,0.673787,0.319559,0.005762,0.634332,0.353031,0.100777,0.666341,0.349071,-0.10978,0.639647,0.435289,0.155634,0.684934,0.450271,-0.091602,0.659072,0.431393,0.191393,0.677922,0.426637,0.024987,0.663757,0.427798,0.200246,0.678766,0.413549,0.027077,0.664779,0.415701,0.180314,0.676197,0.411006,0.027055,0.664684,0.418416,0.182219,0.674284,0.414839,0.027964,0.631043,0.523881,0.067579,0.649579,0.524929,-0.06771,0.626836,0.654003,0.034715,0.685097,0.645771,-0.047218,0.59947,0.784728,-0.0181,0.690484,0.792423,-0.0395,0.588721,0.800909,-0.024751,0.683427,0.819873,-0.038967,0.616476,0.82233,-0.049156,0.728666,0.802202,-0.064472
HA_Lat_16_6.13.26,159,,,1,1300.47,459.08,0.8762,1307.75,456.13,0.3518,0.680108,0.30974,0.024393,0.676566,0.298316,0.025854,0.675542,0.297781,0.025745,0.67451,0.297294,0.02579,0.676832,0.298504,0.004297,0.676087,0.298162,0.004078,0.675327,0.297698,0.004013,0.666664,0.298021,0.041257,0.667983,0.298322,-0.055965,0.6762,0.320614,0.036329,0.676902,0.319618,0.00704,0.636685,0.354133,0.102409,0.669434,0.350617,-0.107883,0.640333,0.435596,0.180666,0.687434,0.450861,-0.091548,0.660401,0.429086,0.246516,0.681118,0.422345,0.026108,0.665908,0.415868,0.265002,0.681548,0.408367,0.028769,0.666003,0.412982,0.25255,0.678263,0.404114,0.030403,0.666009,0.415933,0.242361,0.677703,0.408365,0.029617,0.634182,0.524163,0.067248,0.653079,0.525183,-0.067365,0.627911,0.65484,0.044068,0.684691,0.650595,-0.048879,0.599666,0.784407,0.009655,0.697505,0.794108,-0.037566,0.589024,0.800894,0.004978,0.693094,0.824176,-0.036518,0.61634,0.822295,-0.01737,0.733873,0.799236,-0.060879
HA_Lat_16_6.13.26,160,,,1,1302.52,472.48,0.5863,1302.56,462.76,0.3388,0.683197,0.310466,0.02454,0.679648,0.298856,0.026938,0.678607,0.298305,0.026828,0.677575,0.297802,0.026874,0.679799,0.299124,0.005451,0.678954,0.29882,0.005236,0.678133,0.298415,0.005172,0.66947,0.298274,0.04243,0.670572,0.298801,-0.054052,0.679042,0.321226,0.037195,0.679721,0.320556,0.008004,0.638805,0.355638,0.100228,0.671797,0.351926,-0.106289,0.640181,0.43934,0.177948,0.689052,0.452632,-0.081939,0.655095,0.442078,0.218865,0.678415,0.428477,0.044384,0.658721,0.427818,0.234341,0.678707,0.416403,0.049249,0.659884,0.42681,0.221827,0.675067,0.414534,0.049861,0.659923,0.427656,0.214392,0.67486,0.417682,0.04775,0.638046,0.525451,0.066355,0.656561,0.526402,-0.066468,0.629729,0.656323,0.048462,0.684685,0.658376,-0.042851,0.600005,0.783896,0.024044,0.7029,0.794475,-0.032866,0.589047,0.800154,0.018589,0.700108,0.82457,-0.031773,0.615088,0.822097,-0.000511,0.739533,0.795803,-0.060794
HA_Lat_16_6.13.26,161,,,1,1297.28,474.49,0.5547,1309.87,466.96,0.3385,0.685773,0.312491,0.041526,0.682223,0.300039,0.043132,0.681303,0.299512,0.043027,0.680397,0.299029,0.043069,0.682214,0.3003,0.021539,0.681372,0.300014,0.021315,0.68057,0.299656,0.021247,0.672425,0.299604,0.055848,0.673294,0.30035,-0.041528,0.682309,0.32319,0.05267,0.68271,0.322902,0.023335,0.642843,0.35975,0.105236,0.674741,0.354553,-0.088117,0.644763,0.444225,0.189135,0.693024,0.453903,-0.061494,0.659352,0.446017,0.234271,0.682223,0.432373,0.064782,0.662542,0.440989,0.250049,0.68143,0.42095,0.069312,0.663696,0.438335,0.239056,0.679421,0.417141,0.069584,0.663563,0.437799,0.230362,0.677481,0.42203,0.068008,0.64188,0.526241,0.064927,0.659211,0.526716,-0.06504,0.631873,0.657699,0.031637,0.684716,0.663538,-0.03916,0.599999,0.783893,-0.014154,0.706685,0.796246,-0.033293,0.588994,0.799248,-0.019985,0.704255,0.827114,-0.03227,0.614966,0.822077,-0.044002,0.743688,0.795841,-0.058876
HA_Lat_16_6.13.26,162,,,1,1303.74,484.3,0.6879,1313.91,471.61,0.339,0.687081,0.31778,0.050631,0.684054,0.304762,0.053071,0.683112,0.30398,0.052964,0.682177,0.303241,0.053011,0.684055,0.305013,0.030667,0.683199,0.304448,0.030446,0.682323,0.303782,0.030385,0.674736,0.302731,0.068079,0.675083,0.303135,-0.032974,0.683998,0.327574,0.062055,0.684241,0.327687,0.03172,0.646923,0.364665,0.117857,0.677766,0.356843,-0.082857,0.647317,0.449007,0.189258,0.696245,0.455469,-0.057574,0.663043,0.458049,0.216747,0.68433,0.436673,0.071452,0.66465,0.458871,0.230739,0.683398,0.426893,0.076498,0.66597,0.456314,0.219259,0.680053,0.424225,0.077597,0.665781,0.455307,0.212268,0.679359,0.42748,0.075166,0.646046,0.527567,0.065178,0.662756,0.527983,-0.065296,0.633839,0.659364,0.027643,0.686623,0.667476,-0.037376,0.600142,0.783857,-0.025385,0.708547,0.798571,-0.032739,0.588954,0.798749,-0.031869,0.704795,0.82742,-0.031985,0.614539,0.822049,-0.057339,0.746045,0.801757,-0.057704
HA_Lat_16_6.13.26,163,,,1,1312.79,480.85,0.644,1319.06,474.04,0.3324,0.689459,0.32253,0.055742,0.686692,0.308731,0.057595,0.685809,0.307732,0.057484,0.684987,0.306828,0.057529,0.686621,0.309214,0.035714,0.68576,0.308545,0.035493,0.68492,0.307781,0.035431,0.677553,0.30573,0.071103,0.677651,0.306498,-0.027834,0.686322,0.331639,0.066493,0.686471,0.332055,0.036835,0.648967,0.367978,0.123736,0.680803,0.359226,-0.07747,0.64998,0.451875,0.211399,0.69893,0.456131,-0.050671,0.6669,0.466168,0.277817,0.68701,0.438922,0.085474,0.668786,0.471746,0.299949,0.686347,0.431501,0.094017,0.670714,0.47069,0.287814,0.681646,0.428174,0.096709,0.670325,0.469623,0.274293,0.681446,0.430714,0.090182,0.648792,0.529583,0.064898,0.667165,0.530309,-0.065019,0.636451,0.660036,0.011722,0.689307,0.670453,-0.027841,0.600166,0.783218,-0.059767,0.710339,0.800454,-0.022863,0.589032,0.797382,-0.067943,0.705214,0.829083,-0.02233,0.613752,0.822088,-0.093847,0.746619,0.805476,-0.044889
HA_Lat_16_6.13.26,164,,,1,1316.06,487.33,0.6031,1324.61,484.22,0.3146,0.693089,0.322964,0.04341,0.68983,0.309662,0.043733,0.688963,0.308853,0.04362,0.688153,0.30813,0.043665,0.689613,0.3101,0.020682,0.688677,0.309591,0.020462,0.687819,0.308989,0.020409,0.680168,0.30776,0.056109,0.680311,0.308527,-0.045723,0.690306,0.332711,0.053852,0.690495,0.332902,0.022877,0.65318,0.369506,0.112117,0.683265,0.362292,-0.090035,0.653746,0.4547,0.191973,0.702051,0.458137,-0.057032,0.670893,0.471603,0.254179,0.689902,0.44835,0.062194,0.672645,0.477909,0.262953,0.689218,0.44088,0.067284,0.674097,0.475587,0.250012,0.683599,0.430238,0.068936,0.673833,0.47398,0.248884,0.683691,0.433045,0.066167,0.652659,0.532613,0.065258,0.671465,0.534028,-0.06538,0.639591,0.661971,0.017198,0.692236,0.673239,-0.020642,0.600514,0.782631,-0.047255,0.711279,0.801705,-0.010469,0.589027,0.796064,-0.054889,0.705634,0.82798,-0.009601,0.613478,0.822043,-0.080407,0.747947,0.811654,-0.030399
HA_Lat_16_6.13.26,165,,,1,1331.78,482.72,0.5902,1331.42,480.5,0.3012,0.697039,0.322546,0.042441,0.693533,0.309691,0.043266,0.692539,0.30893,0.043155,0.691521,0.308253,0.043195,0.69352,0.310174,0.020464,0.692635,0.309751,0.020241,0.691786,0.309243,0.020188,0.683671,0.308675,0.053654,0.684629,0.309527,-0.045153,0.693723,0.33249,0.053493,0.694051,0.332641,0.022839,0.655507,0.370713,0.109666,0.686478,0.364203,-0.089856,0.656703,0.453638,0.18959,0.706802,0.45951,-0.058657,0.671572,0.464499,0.246747,0.693449,0.444905,0.074698,0.674987,0.464551,0.26402,0.692739,0.43503,0.083105,0.676756,0.455566,0.252555,0.688808,0.427471,0.084574,0.675961,0.46085,0.242829,0.688631,0.432584,0.078872,0.655933,0.534575,0.064196,0.675795,0.535464,-0.064317,0.642272,0.664157,0.012212,0.695971,0.673789,-0.011246,0.601303,0.78129,-0.054258,0.713429,0.800397,0.009227,0.58917,0.793858,-0.061842,0.707098,0.825433,0.011523,0.612867,0.822051,-0.087956,0.748513,0.81646,-0.005999
HA_Lat_16_6.13.26,166,,,1,1330.31,483.08,0.7472,1334.52,480.73,0.276,0.70016,0.323031,0.027788,0.696921,0.310134,0.02779,0.695979,0.309331,0.027675,0.695033,0.308661,0.027717,0.696873,0.31065,0.006586,0.696013,0.310211,0.006368,0.695223,0.309725,0.006288,0.687093,0.309026,0.040069,0.687939,0.31004,-0.054607,0.696676,0.333116,0.038614,0.696988,0.333461,0.0098,0.658064,0.370097,0.095145,0.689119,0.364831,-0.097734,0.659697,0.454397,0.181754,0.709821,0.460397,-0.061797,0.673796,0.472743,0.230348,0.695065,0.445124,0.061947,0.676015,0.478761,0.248738,0.692298,0.435177,0.069622,0.677227,0.47266,0.236884,0.690534,0.430151,0.071872,0.676516,0.472323,0.226535,0.6906,0.434358,0.066296,0.65917,0.535742,0.063219,0.678446,0.536389,-0.063352,0.646492,0.665874,0.025136,0.700189,0.67261,-0.018322,0.603335,0.779111,-0.025048,0.71401,0.799877,-0.002467,0.589563,0.789375,-0.030772,0.707768,0.825033,-0.000763,0.61301,0.822207,-0.052548,0.748584,0.81899,-0.018261
HA_Lat_16_6.13.26,167,,,1,1345.51,483.16,0.679,1342.12,481.15,0.2571,0.703204,0.323178,0.027684,0.699924,0.310624,0.028311,0.69903,0.30995,0.028196,0.698153,0.309357,0.028237,0.699771,0.311064,0.006845,0.698856,0.310703,0.006628,0.698009,0.310268,0.006553,0.690016,0.30985,0.042944,0.690276,0.31083,-0.053261,0.699989,0.333413,0.038932,0.700116,0.333616,0.009857,0.662407,0.371011,0.098192,0.69134,0.36597,-0.097618,0.666017,0.455108,0.172414,0.714721,0.460751,-0.065588,0.680109,0.472378,0.217786,0.699022,0.445505,0.062312,0.681314,0.478726,0.23669,0.697708,0.435783,0.069987,0.682169,0.472497,0.229074,0.695069,0.430784,0.070937,0.681456,0.472242,0.215138,0.695069,0.43434,0.06622,0.662492,0.536875,0.062616,0.681714,0.537429,-0.062753,0.650571,0.6677,0.017444,0.703823,0.672808,-0.014082,0.605334,0.776709,-0.042777,0.714811,0.800915,0.003426,0.590589,0.785814,-0.049568,0.708226,0.825763,0.005199,0.613477,0.822204,-0.074691,0.748322,0.819644,-0.013704
HA_Lat_16_6.13.26,168,,,1,1351.83,476.67,0.6763,1344.43,481.43,0.237,0.706572,0.323153,0.037153,0.703567,0.310801,0.038806,0.702694,0.310115,0.038706,0.70179,0.309485,0.038754,0.703403,0.311287,0.016355,0.702513,0.310959,0.016147,0.701645,0.310557,0.016082,0.693699,0.309853,0.056613,0.694163,0.311001,-0.043879,0.703306,0.33328,0.049494,0.703356,0.333562,0.019328,0.665394,0.370563,0.103242,0.693619,0.366402,-0.088285,0.669248,0.45563,0.167714,0.717265,0.460458,-0.061045,0.68369,0.478228,0.175474,0.700226,0.445772,0.075415,0.685996,0.49023,0.187643,0.697606,0.436142,0.084759,0.686636,0.485824,0.178003,0.696269,0.43134,0.08623,0.685434,0.483222,0.171187,0.696539,0.434454,0.079849,0.666128,0.536558,0.061706,0.685433,0.537154,-0.061858,0.65604,0.668539,-0.003835,0.706521,0.671682,-0.013456,0.60808,0.774156,-0.079022,0.715342,0.800252,0.001584,0.592277,0.780183,-0.087254,0.708159,0.824742,0.002992,0.613913,0.822273,-0.114341,0.747805,0.818567,-0.015389
HA_Lat_16_6.13.26,169,,,1,1359.7,477.83,0.6937,1356.47,466.59,0.223,0.7096,0.322917,0.03722,0.707052,0.310549,0.038764,0.705938,0.309847,0.038662,0.704863,0.309218,0.03871,0.707184,0.311045,0.016355,0.706303,0.310698,0.016147,0.705477,0.310276,0.016084,0.69598,0.309661,0.054802,0.697438,0.310929,-0.044833,0.705463,0.332988,0.049366,0.705851,0.333249,0.019282,0.668791,0.370047,0.104591,0.696659,0.365791,-0.08878,0.674129,0.456839,0.150623,0.72002,0.459999,-0.062671,0.689436,0.487276,0.142942,0.706496,0.432032,0.072936,0.693343,0.494303,0.151595,0.706464,0.419884,0.080912,0.694677,0.490956,0.141375,0.702107,0.417437,0.082239,0.693665,0.48843,0.138027,0.702384,0.420945,0.077067,0.668422,0.536503,0.061907,0.688848,0.537024,-0.062063,0.661859,0.669307,0.011858,0.710059,0.671108,-0.014271,0.612009,0.77144,-0.043359,0.715739,0.800176,0.009817,0.595295,0.775995,-0.049894,0.707938,0.823771,0.012197,0.617185,0.822698,-0.073481,0.747947,0.818788,-0.004683
HA_Lat_16_6.13.26,170,,,1,1355.46,470.61,0.5318,1361.67,469.48,0.2088,0.71337,0.322856,0.03638,0.709928,0.310355,0.037639,0.708901,0.309659,0.037536,0.707865,0.30904,0.037579,0.709781,0.31084,0.01536,0.708784,0.310491,0.015155,0.707851,0.310067,0.015103,0.699392,0.309489,0.053711,0.700009,0.310706,-0.044977,0.709632,0.332895,0.048359,0.709713,0.333113,0.018495,0.672903,0.37007,0.104066,0.699348,0.366242,-0.088483,0.677501,0.4563,0.13682,0.7243,0.459701,-0.060206,0.692876,0.484653,0.110953,0.709201,0.4347,0.070416,0.697152,0.493929,0.114855,0.708312,0.42477,0.076847,0.69792,0.489582,0.104824,0.704827,0.421356,0.075721,0.696926,0.48725,0.105477,0.705077,0.424435,0.073338,0.672505,0.536586,0.06151,0.691731,0.536897,-0.061677,0.667956,0.669723,0.016828,0.712226,0.671196,-0.018644,0.616413,0.768442,-0.033083,0.715845,0.800804,-0.001349,0.599001,0.770317,-0.039108,0.707269,0.824244,0.000831,0.61972,0.822724,-0.061551,0.74754,0.817751,-0.014322
HA_Lat_16_6.13.26,171,,,1,1359.19,473.92,0.598,1365.86,460.99,0.193,0.715346,0.322893,0.027893,0.712935,0.310619,0.028366,0.711923,0.309878,0.028251,0.710928,0.309185,0.028289,0.712995,0.31111,0.007155,0.712108,0.310727,0.006954,0.711301,0.310252,0.006908,0.702481,0.309338,0.043283,0.703297,0.310566,-0.050861,0.711064,0.332892,0.039304,0.711279,0.333181,0.01087,0.67593,0.369833,0.095873,0.702349,0.366211,-0.091648,0.680802,0.455755,0.13169,0.726706,0.459409,-0.065359,0.691582,0.488447,0.115752,0.711386,0.42684,0.06374,0.695336,0.495685,0.121923,0.710501,0.414791,0.072251,0.696403,0.492944,0.11156,0.707145,0.408428,0.068324,0.695524,0.490022,0.110597,0.707415,0.412236,0.065543,0.674934,0.536415,0.061288,0.693334,0.536747,-0.061463,0.673117,0.669987,0.019383,0.713828,0.671138,-0.024175,0.620482,0.766567,-0.024821,0.716314,0.801945,-0.004001,0.604085,0.767258,-0.030851,0.70725,0.823841,-0.001801,0.621975,0.823715,-0.05292,0.747322,0.819968,-0.019439
HA_Lat_16_6.13.26,172,,,1,1380.12,470.18,0.6613,1373.5,460.0,0.1831,0.718229,0.322855,0.020336,0.715982,0.310616,0.02134,0.714986,0.309838,0.021224,0.713996,0.309102,0.021261,0.71579,0.311096,-0.000633,0.714741,0.310668,-0.00084,0.713727,0.310146,-0.000884,0.704898,0.309216,0.039434,0.705092,0.310419,-0.058143,0.713571,0.33275,0.032738,0.713669,0.333056,0.003343,0.678434,0.369592,0.094652,0.704388,0.366211,-0.099149,0.684372,0.454639,0.129231,0.730514,0.459182,-0.077585,0.700934,0.451988,0.106878,0.715365,0.425926,0.044774,0.705898,0.446552,0.110081,0.714236,0.416768,0.049793,0.706042,0.443115,0.101113,0.710822,0.410045,0.044159,0.704819,0.443841,0.101626,0.711252,0.413034,0.045554,0.678183,0.536246,0.061592,0.695865,0.536636,-0.061764,0.678498,0.670032,0.011737,0.714132,0.671637,-0.023565,0.625783,0.763598,-0.034344,0.715875,0.80208,0.00036,0.609992,0.762581,-0.040117,0.707192,0.823082,0.003009,0.625169,0.823725,-0.066594,0.747873,0.821852,-0.017239
HA_Lat_16_6.13.26,173,,,1,1396.94,469.18,0.6689,1378.32,458.83,0.1696,0.720646,0.322708,0.022044,0.718416,0.310478,0.023323,0.717423,0.309713,0.02321,0.716408,0.309,0.023252,0.718073,0.310955,0.001598,0.716982,0.31054,0.00139,0.71589,0.310043,0.001338,0.707161,0.308977,0.04167,0.707299,0.310285,-0.055431,0.716341,0.332623,0.034395,0.716282,0.332911,0.005157,0.680362,0.369387,0.095246,0.706501,0.366095,-0.09978,0.686088,0.453703,0.140657,0.733187,0.458309,-0.080673,0.701565,0.451523,0.136996,0.717874,0.42484,0.042648,0.706793,0.448106,0.145024,0.716546,0.417281,0.047994,0.706778,0.444372,0.133765,0.713059,0.409955,0.044476,0.705242,0.444033,0.131748,0.713699,0.412549,0.044386,0.680158,0.536153,0.061726,0.697679,0.536592,-0.061893,0.685236,0.669782,0.01414,0.71444,0.671129,-0.029643,0.63094,0.759969,-0.010169,0.716408,0.802107,-0.020207,0.615286,0.756949,-0.012728,0.707428,0.823493,-0.019051,0.63025,0.823524,-0.030891,0.748252,0.82313,-0.044616
HA_Lat_16_6.13.26,174,,,1,1387.07,464.13,0.5996,1383.07,454.35,0.1551,0.723621,0.322271,0.016698,0.72139,0.309936,0.018552,0.720345,0.309159,0.018443,0.719266,0.308388,0.018493,0.721101,0.310403,-0.003085,0.719972,0.309985,-0.003276,0.718857,0.30946,-0.003323,0.70967,0.30811,0.039509,0.709931,0.309593,-0.057075,0.71928,0.332243,0.030009,0.719187,0.332653,0.000908,0.682972,0.369354,0.0911,0.7088,0.366069,-0.102135,0.688692,0.453583,0.109509,0.735572,0.457454,-0.082968,0.700322,0.469504,0.0588,0.72035,0.420698,0.041394,0.705522,0.472861,0.059399,0.719047,0.409817,0.046614,0.705534,0.470564,0.049765,0.715661,0.401333,0.044243,0.703775,0.466429,0.053046,0.716064,0.403995,0.043636,0.682786,0.535997,0.061669,0.700085,0.536508,-0.061838,0.689465,0.669547,0.027047,0.714149,0.67105,-0.031636,0.634853,0.757157,0.013262,0.716217,0.801665,-0.020398,0.619169,0.755447,0.011141,0.70737,0.823057,-0.019103,0.637375,0.82293,-0.007529,0.748314,0.823084,-0.043652
HA_Lat_16_6.13.26,175,,,1,1389.57,457.04,0.5794,1394.13,454.18,0.1434,0.727109,0.322048,0.01862,0.72426,0.309578,0.020815,0.723211,0.308758,0.02071,0.722176,0.307936,0.020762,0.724095,0.31008,-0.000867,0.723046,0.309684,-0.001057,0.722027,0.309129,-0.001104,0.713093,0.307743,0.041734,0.713529,0.309435,-0.054928,0.722974,0.332016,0.03207,0.722944,0.332546,0.002912,0.686154,0.368521,0.093486,0.712048,0.365874,-0.101213,0.688368,0.453503,0.099634,0.737846,0.45642,-0.081563,0.699718,0.479972,0.032602,0.726108,0.420536,0.048329,0.704618,0.486773,0.03097,0.723225,0.408912,0.053971,0.704737,0.484692,0.021882,0.721469,0.40021,0.051634,0.703008,0.479491,0.026704,0.721762,0.402594,0.050776,0.684832,0.535689,0.061622,0.702233,0.53629,-0.061791,0.693766,0.669438,0.031782,0.714583,0.670676,-0.038282,0.640521,0.755891,0.014599,0.716554,0.801981,-0.026699,0.624737,0.754843,0.012026,0.707266,0.824153,-0.025306,0.644433,0.822834,-0.004604,0.748194,0.822919,-0.04731
HA_Lat_16_6.13.26,176,,,1,1397.26,459.72,0.6319,1401.04,452.14,0.1382,0.728749,0.321129,0.025983,0.725998,0.308801,0.029628,0.725026,0.308032,0.029521,0.724054,0.307235,0.029572,0.725707,0.309332,0.006081,0.724606,0.308995,0.00589,0.723502,0.308507,0.005871,0.714908,0.306921,0.055076,0.714639,0.308725,-0.049074,0.724832,0.331153,0.040594,0.724684,0.331861,0.009228,0.689505,0.367782,0.105898,0.713509,0.365722,-0.096545,0.695581,0.450713,0.113115,0.740524,0.45543,-0.079629,0.710231,0.455109,0.045756,0.729707,0.418649,0.048315,0.714743,0.453041,0.042468,0.728883,0.406906,0.053591,0.714208,0.449508,0.035534,0.725321,0.398334,0.05021,0.712966,0.448194,0.040128,0.724241,0.400504,0.050606,0.688646,0.534653,0.061896,0.704382,0.535279,-0.062078,0.697794,0.669395,0.022272,0.715612,0.670624,-0.046493,0.645745,0.754655,-0.021417,0.716399,0.802536,-0.055926,0.629931,0.754689,-0.026941,0.707209,0.823972,-0.0565,0.649657,0.822313,-0.046968,0.749385,0.824171,-0.078332
HA_Lat_16_6.13.26,177,,,1,1406.86,456.45,0.6785,1405.28,446.16,0.1315,0.731901,0.32013,0.011592,0.729249,0.307723,0.014866,0.728229,0.306941,0.014758,0.727173,0.306102,0.014818,0.729007,0.308374,-0.007854,0.727896,0.308109,-0.00803,0.726765,0.307699,-0.00806,0.717885,0.305933,0.041909,0.717884,0.307946,-0.059236,0.727784,0.330293,0.026724,0.727757,0.331104,-0.003649,0.692542,0.366691,0.092779,0.716809,0.36561,-0.106741,0.697111,0.450199,0.077086,0.742747,0.454217,-0.087998,0.708854,0.465977,-0.015286,0.731915,0.413108,0.038512,0.713583,0.469659,-0.021084,0.729462,0.400891,0.042488,0.713266,0.46619,-0.029454,0.726001,0.391787,0.039865,0.711507,0.462125,-0.021654,0.726249,0.397934,0.040805,0.691491,0.534333,0.061982,0.707005,0.535098,-0.062161,0.702468,0.668772,0.037553,0.716801,0.670386,-0.046086,0.651645,0.753447,0.008297,0.716328,0.80276,-0.044399,0.635749,0.754324,0.004521,0.707111,0.824066,-0.043714,0.657219,0.821741,-0.012469,0.748939,0.823252,-0.06404
HA_Lat_16_6.13.26,178,,,1,1410.75,454.19,0.7401,1408.55,441.79,0.1242,0.734985,0.318575,0.012025,0.731991,0.306353,0.015167,0.731048,0.305603,0.015061,0.730102,0.304799,0.015121,0.731795,0.307041,-0.0076,0.730807,0.30682,-0.007771,0.729816,0.306493,-0.007801,0.721204,0.304835,0.041333,0.721307,0.306911,-0.060224,0.731261,0.328996,0.026835,0.73125,0.329957,-0.003678,0.695096,0.363982,0.091989,0.719152,0.365324,-0.108664,0.698636,0.449769,0.077925,0.745037,0.453047,-0.089958,0.711612,0.476306,-0.014866,0.733621,0.409067,0.03395,0.716396,0.483947,-0.020308,0.73138,0.39826,0.037045,0.715943,0.480718,-0.029077,0.728184,0.388599,0.035125,0.714105,0.47545,-0.021329,0.728429,0.39221,0.036331,0.693772,0.533779,0.062645,0.709375,0.53482,-0.062813,0.706388,0.667475,0.051975,0.718313,0.67019,-0.054678,0.656663,0.752566,0.03058,0.716541,0.802449,-0.058979,0.640727,0.752997,0.0275,0.707329,0.823493,-0.059409,0.662912,0.820789,0.010432,0.749361,0.822332,-0.084931
HA_Lat_16_6.13.26,179,,,1,1414.15,455.01,0.8348,1415.84,443.66,0.1161,0.737347,0.315501,0.008138,0.733815,0.303957,0.011936,0.732978,0.303322,0.011832,0.732111,0.302622,0.011892,0.733385,0.304754,-0.010622,0.732338,0.304716,-0.01079,0.731253,0.304594,-0.010818,0.72328,0.303877,0.039373,0.72274,0.306186,-0.061339,0.734373,0.3268,0.023354,0.734004,0.327694,-0.006924,0.698239,0.362944,0.09071,0.721731,0.364857,-0.109149,0.7014,0.449597,0.083126,0.747956,0.452302,-0.088335,0.715031,0.490428,-0.000668,0.737418,0.4108,0.034498,0.71958,0.501872,-0.004203,0.736055,0.40085,0.037539,0.719633,0.498682,-0.015333,0.732921,0.3936,0.036165,0.717999,0.492433,-0.007698,0.733229,0.397573,0.036993,0.696471,0.533267,0.063167,0.711966,0.534471,-0.063326,0.709965,0.666597,0.056779,0.720152,0.670051,-0.055131,0.662424,0.752957,0.033067,0.716421,0.802505,-0.056375,0.646945,0.754572,0.029587,0.706367,0.823285,-0.056626,0.668321,0.819624,0.010414,0.748706,0.822705,-0.083033
HA_Lat_16_6.13.26,180,,,1,1416.93,447.89,0.7968,1417.58,447.64,0.1089,0.739877,0.3142,0.011626,0.736285,0.302952,0.014527,0.735398,0.302341,0.014425,0.734499,0.301699,0.014487,0.735909,0.3038,-0.007255,0.734828,0.303834,-0.007443,0.733747,0.303822,-0.007493,0.725892,0.303292,0.040222,0.72537,0.305725,-0.059139,0.736783,0.325384,0.025875,0.73636,0.326377,-0.003631,0.701015,0.36212,0.091483,0.723449,0.363402,-0.107304,0.702695,0.449451,0.088878,0.74758,0.449998,-0.086932,0.720752,0.489113,-0.002266,0.738324,0.414485,0.031575,0.725707,0.499122,-0.00794,0.741636,0.405248,0.033785,0.726555,0.494427,-0.019237,0.734986,0.396193,0.032348,0.724716,0.490757,-0.009857,0.733705,0.401011,0.033748,0.699246,0.531615,0.0648,0.714367,0.533109,-0.064959,0.71332,0.665028,0.053072,0.722552,0.67003,-0.06452,0.668081,0.75336,0.027217,0.717388,0.80228,-0.073962,0.653054,0.755322,0.023311,0.706442,0.823138,-0.074863,0.674931,0.817908,0.003399,0.74949,0.822694,-0.100426
HA_Lat_16_6.13.26,181,,,1,1413.02,454.29,0.6346,1420.75,443.36,0.1219,0.74153,0.314054,0.003283,0.738121,0.302615,0.005237,0.737242,0.302024,0.005128,0.73638,0.301401,0.005184,0.737912,0.303474,-0.016962,0.736973,0.303531,-0.017135,0.736047,0.303539,-0.017162,0.727874,0.302938,0.026783,0.727886,0.305256,-0.072548,0.738303,0.325234,0.016504,0.738285,0.326216,-0.013259,0.701851,0.361109,0.080958,0.72671,0.362905,-0.118697,0.705395,0.445437,0.070911,0.751067,0.449466,-0.098309,0.720858,0.475531,-0.011112,0.739972,0.410519,0.015887,0.725119,0.48209,-0.016311,0.739453,0.399443,0.016537,0.725534,0.479197,-0.025044,0.735928,0.389967,0.013878,0.724325,0.476061,-0.017568,0.735751,0.397319,0.017482,0.701674,0.531627,0.065343,0.716809,0.533139,-0.065489,0.717967,0.662979,0.062381,0.725057,0.669976,-0.062257,0.673828,0.753631,0.04351,0.717773,0.80266,-0.068835,0.659753,0.75595,0.040192,0.706865,0.823791,-0.069393,0.682897,0.816341,0.022446,0.750504,0.822599,-0.094866
HA_Lat_16_6.13.26,182,,,1,1416.62,448.81,0.7496,1424.16,444.32,0.1147,0.743476,0.313831,0.007862,0.740011,0.30241,0.011542,0.7392,0.301826,0.01141,0.738383,0.301211,0.011441,0.739591,0.303271,-0.011312,0.738603,0.303339,-0.011412,0.737616,0.303369,-0.011381,0.729813,0.302886,0.035788,0.729403,0.305231,-0.065717,0.740371,0.325031,0.02156,0.739861,0.326071,-0.008957,0.704827,0.361032,0.083875,0.72724,0.362714,-0.109547,0.711542,0.449711,0.08364,0.751464,0.448825,-0.094911,0.734624,0.502053,-0.008271,0.741748,0.41141,-0.003058,0.739863,0.512597,-0.014102,0.74169,0.400355,-0.005807,0.741144,0.509265,-0.026952,0.737018,0.390043,-0.005942,0.739358,0.504988,-0.016368,0.736826,0.394268,-0.001569,0.704591,0.53105,0.066066,0.719137,0.532167,-0.066204,0.721866,0.661051,0.069324,0.727001,0.669901,-0.07218,0.678587,0.753819,0.059984,0.718243,0.802363,-0.086068,0.664369,0.756427,0.05742,0.707406,0.824016,-0.087661,0.689038,0.813075,0.037758,0.750311,0.823235,-0.119061
HA_Lat_16_6.13.26,183,,,1,1426.41,442.22,0.7487,1424.14,441.01,0.1148,0.745543,0.312108,0.005988,0.742011,0.301091,0.008526,0.74113,0.300502,0.008403,0.740262,0.299905,0.008446,0.741784,0.301989,-0.013428,0.740853,0.302064,-0.013559,0.739946,0.302128,-0.013551,0.731958,0.301919,0.029819,0.732062,0.304207,-0.067784,0.742159,0.32358,0.018934,0.741921,0.324812,-0.010477,0.707507,0.359661,0.080436,0.729526,0.361754,-0.112088,0.713488,0.449543,0.072742,0.75498,0.448759,-0.098949,0.733728,0.49754,-0.010904,0.74174,0.408345,-0.001532,0.73868,0.50752,-0.015006,0.741173,0.392147,-0.002614,0.739353,0.505268,-0.026003,0.738245,0.386603,-0.003699,0.737788,0.501073,-0.017956,0.738238,0.390004,3.8e-05,0.707621,0.531011,0.066191,0.72137,0.532168,-0.066325,0.727639,0.657752,0.08051,0.728462,0.669072,-0.066063,0.685084,0.754392,0.077565,0.718062,0.801603,-0.073877,0.669803,0.757547,0.075633,0.708131,0.823095,-0.074872,0.695899,0.80759,0.056761,0.749313,0.823133,-0.105274
HA_Lat_16_6.13.26,184,,,1,1435.54,443.83,0.8005,1426.01,439.63,0.1072,0.747439,0.31217,0.029931,0.743878,0.301035,0.032762,0.742995,0.300454,0.032664,0.742099,0.299863,0.032722,0.743672,0.301926,0.011427,0.742781,0.302,0.011291,0.741912,0.30206,0.011292,0.733674,0.301891,0.05392,0.734147,0.304147,-0.041374,0.743925,0.32362,0.042675,0.743799,0.324792,0.013942,0.709211,0.358968,0.092654,0.7314,0.361278,-0.09312,0.712441,0.449235,0.086472,0.757542,0.448437,-0.082676,0.727396,0.496759,0.005023,0.742716,0.407064,0.009484,0.73189,0.507619,0.001437,0.742049,0.388934,0.007209,0.731994,0.50521,-0.00739,0.739358,0.385111,0.008147,0.730453,0.500206,-0.001006,0.739399,0.388253,0.01118,0.710251,0.52938,0.066142,0.722422,0.530673,-0.066273,0.733872,0.656044,0.067671,0.729591,0.668532,-0.081184,0.690921,0.755024,0.054345,0.717764,0.800993,-0.104753,0.676197,0.758155,0.052248,0.708671,0.8226,-0.107043,0.701332,0.805555,0.037625,0.748944,0.823411,-0.13679
HA_Lat_16_6.13.26,185,,,1,1439.77,437.61,0.8131,1428.57,437.67,0.1081,0.749668,0.311826,0.028822,0.746219,0.3005,0.031663,0.745257,0.299924,0.031561,0.744311,0.299325,0.031617,0.745975,0.301356,0.01007,0.744945,0.301414,0.009922,0.74392,0.301433,0.009913,0.735576,0.301029,0.05383,0.735513,0.303281,-0.043323,0.745731,0.323502,0.041819,0.745569,0.324671,0.012719,0.710589,0.358401,0.0963,0.732812,0.360295,-0.094006,0.712919,0.44815,0.093669,0.75955,0.448209,-0.083613,0.729762,0.497987,0.015862,0.744049,0.405253,0.008406,0.733769,0.509684,0.011897,0.742789,0.390162,0.006335,0.734194,0.507939,0.001145,0.740438,0.383725,0.005671,0.732948,0.50256,0.008978,0.740052,0.389425,0.00993,0.714624,0.529265,0.066801,0.723022,0.530233,-0.066917,0.738504,0.654876,0.062885,0.731141,0.667591,-0.08639,0.696792,0.755732,0.047677,0.718273,0.801043,-0.109856,0.682207,0.761182,0.045478,0.709266,0.823333,-0.112317,0.706694,0.805332,0.027199,0.749224,0.82427,-0.147916
HA_Lat_16_6.13.26,186,,,1,1442.27,429.76,0.8213,1433.45,437.66,0.1067,0.752213,0.311787,0.028406,0.749191,0.300358,0.031106,0.748174,0.299737,0.031003,0.747162,0.299087,0.03105,0.748863,0.301169,0.009522,0.747741,0.301152,0.009365,0.74662,0.301065,0.00935,0.738112,0.300267,0.053183,0.73806,0.302452,-0.044632,0.747819,0.323406,0.041092,0.747613,0.324605,0.011897,0.712847,0.357772,0.097709,0.734462,0.35981,-0.094061,0.715098,0.447177,0.095843,0.761961,0.448114,-0.083431,0.726804,0.500342,0.013211,0.746588,0.405237,0.011026,0.730413,0.515207,0.008951,0.745001,0.391015,0.012768,0.730603,0.514573,-0.00156,0.742326,0.383321,0.011798,0.729295,0.507635,0.006476,0.742758,0.390705,0.012584,0.719445,0.5292,0.067357,0.722534,0.530002,-0.067463,0.742747,0.654379,0.064673,0.731309,0.667464,-0.082348,0.704233,0.759013,0.078671,0.718651,0.801273,-0.092395,0.689237,0.765392,0.079428,0.708972,0.823157,-0.093535,0.711779,0.802307,0.065486,0.749326,0.824492,-0.127821
HA_Lat_16_6.13.26,187,,,1,1451.0,436.94,0.7678,1439.44,440.09,0.0992,0.754214,0.311914,0.036934,0.751193,0.300454,0.040932,0.750197,0.299831,0.040829,0.749235,0.299179,0.0409,0.750906,0.301254,0.017734,0.749801,0.301227,0.017584,0.748706,0.301129,0.01758,0.740298,0.300221,0.068322,0.740022,0.302369,-0.036253,0.749921,0.32347,0.051973,0.749741,0.324647,0.020609,0.716378,0.357876,0.113381,0.736666,0.359774,-0.092277,0.717679,0.446961,0.093536,0.763882,0.448102,-0.074041,0.728113,0.497733,-0.018566,0.74971,0.40749,0.042573,0.731247,0.510885,-0.027994,0.747841,0.394271,0.042905,0.730791,0.509135,-0.036473,0.745096,0.386588,0.041667,0.729565,0.50311,-0.025414,0.745707,0.392783,0.044751,0.722816,0.529219,0.070847,0.723697,0.529964,-0.070929,0.746363,0.65356,0.078633,0.732034,0.667355,-0.094485,0.709906,0.761115,0.099201,0.719471,0.802027,-0.125846,0.697377,0.769903,0.100206,0.709042,0.823514,-0.129419,0.721258,0.799339,0.087771,0.749527,0.824335,-0.16968
HA_Lat_16_6.13.26,188,,,1,1457.45,446.34,0.7855,1443.45,440.02,0.0965,0.756451,0.311975,0.027569,0.753406,0.30047,0.032211,0.752385,0.299869,0.032087,0.751412,0.299241,0.032168,0.753106,0.301274,0.008029,0.751975,0.301245,0.007881,0.750838,0.301165,0.007883,0.742435,0.300194,0.065159,0.742061,0.302348,-0.045302,0.751932,0.323525,0.044249,0.751732,0.324678,0.011545,0.720983,0.35798,0.112568,0.738169,0.359755,-0.099771,0.72372,0.448292,0.093361,0.764689,0.447767,-0.0804,0.736537,0.505261,-0.004806,0.751795,0.407422,0.029079,0.739889,0.519652,-0.011375,0.749549,0.394257,0.026172,0.740382,0.518004,-0.023883,0.747035,0.38572,0.025583,0.739154,0.511541,-0.012791,0.746863,0.392597,0.030954,0.726314,0.529319,0.071798,0.725557,0.530014,-0.071869,0.749489,0.653179,0.077656,0.732393,0.667424,-0.094193,0.715065,0.766199,0.099845,0.720032,0.802262,-0.111058,0.702747,0.776905,0.100541,0.709327,0.82328,-0.113155,0.728686,0.799636,0.082235,0.749825,0.824447,-0.154397
HA_Lat_16_6.13.26,189,,,1,1458.23,450.46,0.8186,1443.95,441.23,0.0912,0.758138,0.312018,-0.000198,0.755196,0.300517,0.005158,0.754207,0.299891,0.005023,0.753261,0.299275,0.005107,0.754844,0.301318,-0.018926,0.753677,0.301266,-0.01909,0.752488,0.301188,-0.019119,0.744247,0.30017,0.042301,0.743498,0.302332,-0.066837,0.753645,0.323565,0.018287,0.753315,0.324698,-0.014198,0.724885,0.358048,0.09917,0.739111,0.359744,-0.115778,0.727348,0.448243,0.093295,0.765699,0.447723,-0.097634,0.737146,0.503958,0.005574,0.752059,0.408545,0.014029,0.742578,0.52523,0.001792,0.749712,0.395684,0.012452,0.742493,0.519288,-0.012037,0.747236,0.387518,0.013597,0.741584,0.51571,-0.002498,0.747717,0.393879,0.016875,0.730902,0.529332,0.071385,0.726138,0.5298,-0.071465,0.752119,0.652862,0.070918,0.733013,0.667404,-0.08463,0.722094,0.767981,0.079055,0.720071,0.801424,-0.092289,0.710545,0.781353,0.078513,0.70936,0.822267,-0.092233,0.739693,0.801045,0.055017,0.749099,0.824531,-0.132324
HA_Lat_16_6.13.26,190,,,1,1463.54,451.8,0.8323,1449.3,438.82,0.0873,0.76029,0.312041,0.005935,0.757523,0.300548,0.010146,0.756585,0.299928,0.010021,0.755688,0.299319,0.010092,0.757104,0.301347,-0.013364,0.755965,0.3013,-0.013534,0.754835,0.301224,-0.013561,0.746841,0.300202,0.042532,0.745916,0.302347,-0.066429,0.755596,0.323579,0.022478,0.755229,0.324733,-0.009185,0.727253,0.358113,0.100101,0.740809,0.359768,-0.113449,0.731254,0.450874,0.105744,0.767025,0.447759,-0.094817,0.741725,0.507699,0.033151,0.754846,0.406315,0.017812,0.747447,0.531825,0.032712,0.751965,0.393584,0.017412,0.748087,0.528507,0.016998,0.749329,0.384487,0.017604,0.746429,0.522608,0.024946,0.749894,0.388714,0.020459,0.732663,0.529365,0.071088,0.728026,0.52982,-0.071173,0.754391,0.652647,0.068683,0.732728,0.667464,-0.081216,0.728033,0.777178,0.088875,0.71953,0.801193,-0.087384,0.720388,0.796372,0.089169,0.709225,0.822101,-0.088423,0.755268,0.801325,0.061892,0.749012,0.824335,-0.133281
HA_Lat_16_6.13.26,191,,,1,1464.92,458.89,0.855,1453.59,440.05,0.0825,0.762732,0.313827,0.008675,0.76058,0.302025,0.01271,0.759513,0.301253,0.012591,0.758478,0.300447,0.012652,0.760378,0.302743,-0.010424,0.759241,0.302501,-0.010592,0.758103,0.302184,-0.010614,0.749442,0.300419,0.04323,0.748954,0.30251,-0.063278,0.757586,0.324695,0.024423,0.757509,0.325745,-0.006655,0.727982,0.358186,0.101045,0.742206,0.359791,-0.112295,0.729085,0.450252,0.126878,0.768207,0.447778,-0.09335,0.738113,0.506218,0.087516,0.75708,0.407453,0.026401,0.742261,0.525625,0.092241,0.753974,0.394718,0.028597,0.742616,0.523041,0.079132,0.75214,0.385593,0.032078,0.741263,0.516781,0.081127,0.75199,0.390453,0.03086,0.735135,0.5294,0.071359,0.729587,0.529824,-0.071449,0.759259,0.651871,0.067587,0.734128,0.667453,-0.078628,0.733648,0.782004,0.078752,0.719366,0.801,-0.084062,0.72719,0.802101,0.07854,0.709116,0.821936,-0.085355,0.765799,0.801376,0.051723,0.74871,0.825586,-0.12985
HA_Lat_16_6.13.26,192,,,1,1476.17,454.73,0.9137,1454.26,440.46,0.081,0.764953,0.315274,0.00896,0.763225,0.302766,0.012944,0.762182,0.301841,0.012822,0.761203,0.300879,0.012891,0.762899,0.303449,-0.009981,0.761728,0.303058,-0.010154,0.760595,0.302582,-0.010188,0.751901,0.300428,0.04254,0.751346,0.302573,-0.062107,0.759626,0.325456,0.024747,0.759437,0.32653,-0.006175,0.728583,0.358214,0.10103,0.743566,0.359828,-0.11419,0.729608,0.450235,0.129687,0.768836,0.447911,-0.09767,0.73931,0.509244,0.092377,0.757425,0.407832,0.02499,0.743092,0.527165,0.097535,0.754868,0.394948,0.027463,0.743353,0.525094,0.084734,0.752271,0.385742,0.031613,0.74189,0.517753,0.086148,0.752626,0.389679,0.029727,0.73693,0.529408,0.07139,0.730944,0.529813,-0.071484,0.75987,0.65094,0.0596,0.736098,0.66674,-0.078476,0.742304,0.781619,0.070062,0.719371,0.800318,-0.084157,0.734613,0.802837,0.069082,0.709422,0.821177,-0.085845,0.773466,0.801836,0.051548,0.748455,0.826412,-0.132574
HA_Lat_16_6.13.26,193,,,1,1477.62,453.8,0.8711,1460.0,443.89,0.077,0.766725,0.316378,0.01066,0.764729,0.303784,0.014409,0.763705,0.302792,0.014288,0.762722,0.301735,0.014359,0.76435,0.304376,-0.008423,0.763183,0.303864,-0.008597,0.762035,0.303223,-0.008631,0.753744,0.300699,0.042977,0.753168,0.302734,-0.060765,0.76158,0.326199,0.026181,0.761404,0.327096,-0.004625,0.731303,0.358241,0.101066,0.745454,0.359811,-0.113061,0.730772,0.450083,0.12443,0.770365,0.448254,-0.096675,0.741956,0.508469,0.07421,0.760417,0.411011,0.037642,0.74477,0.523244,0.076177,0.757937,0.403087,0.041414,0.74487,0.521128,0.064036,0.756192,0.394345,0.043978,0.743229,0.514264,0.067723,0.756769,0.397006,0.04206,0.737955,0.52911,0.071254,0.732768,0.529519,-0.071352,0.762713,0.650118,0.05943,0.735739,0.666571,-0.078306,0.74707,0.782435,0.066571,0.71913,0.800293,-0.08301,0.738025,0.804493,0.065352,0.709434,0.820969,-0.084014,0.778446,0.802066,0.046172,0.748157,0.826782,-0.125552
HA_Lat_16_6.13.26,194,,,1,1476.84,459.05,0.6733,1462.91,444.82,0.0725,0.76952,0.31779,0.005716,0.768042,0.304816,0.008701,0.766954,0.303712,0.008577,0.765931,0.302535,0.008659,0.767909,0.305373,-0.014064,0.766826,0.304769,-0.014241,0.765776,0.304022,-0.014282,0.756545,0.300945,0.035925,0.756322,0.302923,-0.067096,0.764212,0.327144,0.021341,0.764179,0.327968,-0.009516,0.731875,0.357963,0.095676,0.747355,0.359809,-0.117979,0.732251,0.449731,0.121563,0.771735,0.448832,-0.098089,0.743925,0.50627,0.075669,0.761934,0.411871,0.037145,0.746689,0.523679,0.078802,0.759243,0.403227,0.039984,0.747058,0.521815,0.065806,0.757652,0.394705,0.041562,0.745482,0.514553,0.06908,0.758226,0.39721,0.040828,0.739682,0.529125,0.071104,0.735254,0.529581,-0.071204,0.76563,0.649166,0.062861,0.736127,0.666247,-0.073053,0.756956,0.780875,0.083969,0.718975,0.800251,-0.067584,0.747944,0.803886,0.083942,0.709211,0.820993,-0.068604,0.787504,0.802305,0.05444,0.748337,0.826623,-0.12107
HA_Lat_16_6.13.26,195,,,1,1481.16,448.6,0.879,1467.93,447.07,0.0689,0.771594,0.318957,0.007288,0.770507,0.305562,0.010635,0.76947,0.304388,0.010511,0.768489,0.303144,0.010581,0.770327,0.306058,-0.011915,0.769236,0.305357,-0.012089,0.768162,0.304499,-0.012126,0.758895,0.301132,0.03759,0.758474,0.303013,-0.064903,0.766113,0.328072,0.022641,0.766101,0.328773,-0.007745,0.732852,0.357766,0.096031,0.749078,0.359613,-0.116863,0.733562,0.44638,0.12057,0.773816,0.448872,-0.096289,0.74289,0.506062,0.071267,0.764546,0.413954,0.03987,0.746607,0.523263,0.073265,0.763396,0.407323,0.042943,0.747015,0.52091,0.060467,0.760706,0.399712,0.044566,0.74548,0.513953,0.064548,0.761142,0.401889,0.043728,0.741159,0.529184,0.071049,0.737345,0.529735,-0.071153,0.768196,0.647933,0.062218,0.735945,0.666222,-0.071745,0.763418,0.780201,0.077032,0.719052,0.800151,-0.067266,0.754422,0.804468,0.076269,0.708946,0.820955,-0.068468,0.795204,0.801967,0.047956,0.748457,0.826533,-0.118849
HA_Lat_16_6.13.26,196,,,1,1487.09,449.27,0.9024,1470.61,448.04,0.0671,0.773343,0.319404,0.002664,0.771926,0.305919,0.005418,0.770873,0.304723,0.005296,0.769888,0.30345,0.005381,0.77166,0.306459,-0.01706,0.77051,0.305786,-0.017239,0.769379,0.304941,-0.017279,0.760659,0.301404,0.031659,0.76005,0.303329,-0.070044,0.768226,0.328605,0.017971,0.767985,0.329469,-0.012518,0.735023,0.357822,0.08913,0.75052,0.359708,-0.1201,0.735564,0.447077,0.108809,0.774552,0.449072,-0.096458,0.747389,0.505063,0.0567,0.765944,0.414853,0.038629,0.75215,0.521062,0.057282,0.76394,0.407298,0.041342,0.752628,0.51862,0.043458,0.761926,0.399633,0.042571,0.750798,0.512072,0.049411,0.762594,0.403248,0.042215,0.74234,0.529602,0.070632,0.738663,0.530105,-0.070733,0.769744,0.647738,0.065123,0.736121,0.666227,-0.060255,0.769706,0.779868,0.084926,0.718815,0.800054,-0.048171,0.761147,0.804694,0.084524,0.708835,0.820895,-0.048658,0.80107,0.80219,0.052929,0.748591,0.826442,-0.097074
HA_Lat_16_6.13.26,197,,,1,1493.1,446.21,0.9273,1473.43,455.03,0.0662,0.775591,0.319362,0.005384,0.773742,0.305882,0.008324,0.77268,0.304682,0.008204,0.771639,0.303398,0.008283,0.773536,0.306431,-0.014249,0.772409,0.305771,-0.014426,0.771278,0.304931,-0.014463,0.762544,0.301407,0.033547,0.762111,0.303339,-0.06738,0.770806,0.328574,0.020555,0.770551,0.329429,-0.010015,0.737082,0.357752,0.090345,0.752363,0.3597,-0.118198,0.735119,0.447354,0.108874,0.774861,0.449438,-0.095495,0.745494,0.50668,0.055305,0.767414,0.421324,0.037615,0.749973,0.522841,0.055204,0.766816,0.413324,0.040088,0.750531,0.521408,0.040704,0.764034,0.405429,0.041232,0.748862,0.514109,0.047654,0.764431,0.408441,0.041111,0.74394,0.529754,0.070576,0.740763,0.530295,-0.070677,0.770882,0.648144,0.061241,0.73637,0.666223,-0.061456,0.774062,0.780841,0.084366,0.718714,0.799989,-0.054474,0.766501,0.806177,0.084225,0.708776,0.820827,-0.055172,0.80749,0.801531,0.042169,0.748593,0.826268,-0.0991
HA_Lat_16_6.13.26,198,,,1,1499.85,452.88,0.8505,1477.18,457.28,0.0666,0.778349,0.319512,0.008158,0.776879,0.306025,0.011057,0.775755,0.304841,0.01095,0.774645,0.303567,0.011045,0.776718,0.306554,-0.012608,0.775567,0.305902,-0.012793,0.774363,0.305065,-0.012825,0.764934,0.301463,0.037667,0.76457,0.303343,-0.06644,0.773381,0.328747,0.023778,0.773223,0.329536,-0.008266,0.738783,0.357799,0.092701,0.754326,0.359663,-0.116724,0.737678,0.446846,0.10155,0.777417,0.449533,-0.092245,0.747863,0.498077,0.020691,0.769365,0.423411,0.04449,0.752632,0.509583,0.015212,0.768762,0.414713,0.046628,0.753099,0.507912,0.003109,0.765854,0.407109,0.04618,0.75136,0.501581,0.012984,0.766267,0.409991,0.047483,0.745606,0.529748,0.070521,0.742551,0.530248,-0.070622,0.771927,0.648209,0.056988,0.737066,0.665955,-0.062249,0.778895,0.781651,0.073353,0.718705,0.799953,-0.056644,0.77292,0.8069,0.071996,0.708735,0.820712,-0.057009,0.812349,0.7995,0.031713,0.748878,0.826293,-0.100802
HA_Lat_16_6.13.26,199,,,1,1505.33,451.02,0.9168,1481.21,456.92,0.0649,0.780535,0.320376,0.008203,0.779516,0.306936,0.01141,0.778383,0.305783,0.011303,0.777241,0.304508,0.011387,0.779366,0.307362,-0.012117,0.778222,0.306696,-0.012301,0.777012,0.305836,-0.012334,0.767321,0.302078,0.038184,0.767254,0.30384,-0.065296,0.775402,0.329494,0.023851,0.775129,0.330255,-0.007998,0.739752,0.358279,0.093146,0.756303,0.360009,-0.115717,0.73656,0.449134,0.098336,0.778173,0.450344,-0.092198,0.746538,0.513341,0.022326,0.771465,0.423072,0.042723,0.750961,0.529217,0.018824,0.770828,0.414469,0.04476,0.751774,0.527641,0.006059,0.768003,0.406395,0.04521,0.750217,0.519615,0.014818,0.768431,0.409513,0.045942,0.748098,0.530007,0.070297,0.744974,0.530271,-0.070402,0.774071,0.649352,0.068154,0.737833,0.66595,-0.062115,0.784959,0.782124,0.092645,0.718727,0.799892,-0.055888,0.778421,0.807608,0.092552,0.708544,0.820473,-0.056389,0.819268,0.797623,0.061021,0.749073,0.826563,-0.099289
HA_Lat_16_6.13.26,200,,,1,1507.83,454.44,0.9,1492.65,459.3,0.0707,0.782131,0.32089,0.00877,0.78102,0.307391,0.011918,0.779946,0.306249,0.01181,0.778912,0.305002,0.011893,0.780913,0.307727,-0.011773,0.779828,0.307009,-0.011959,0.778685,0.306096,-0.011988,0.769137,0.302378,0.038571,0.769132,0.303958,-0.066922,0.777203,0.329829,0.024274,0.777053,0.330471,-0.007716,0.74174,0.358352,0.093457,0.758699,0.360034,-0.118176,0.744138,0.447535,0.069427,0.780012,0.450674,-0.088781,0.765298,0.448057,-0.05517,0.777424,0.425274,0.053143,0.77043,0.453175,-0.069048,0.777659,0.416284,0.054868,0.769949,0.438288,-0.078048,0.774864,0.409099,0.052085,0.767438,0.440812,-0.063347,0.773629,0.413704,0.055335,0.750437,0.530303,0.070632,0.747576,0.530546,-0.070744,0.776381,0.650133,0.070731,0.739245,0.665947,-0.062626,0.789609,0.7819,0.092771,0.718762,0.799599,-0.06529,0.783145,0.807627,0.092237,0.708442,0.820017,-0.067337,0.823742,0.795707,0.062531,0.748999,0.826454,-0.111844
HA_Lat_16_6.13.26,201,,,1,1515.43,458.84,0.9382,1499.83,460.74,0.0778,0.783682,0.321235,0.004124,0.782615,0.307896,0.007348,0.781553,0.306771,0.007243,0.780524,0.305521,0.007328,0.782454,0.308212,-0.016844,0.781364,0.307519,-0.017032,0.780219,0.306609,-0.017055,0.77118,0.302765,0.034965,0.77096,0.304383,-0.073049,0.778977,0.330177,0.019909,0.77868,0.330803,-0.012656,0.743617,0.358366,0.093343,0.760369,0.360285,-0.124135,0.747324,0.443802,0.063737,0.782191,0.451447,-0.08969,0.771427,0.43686,-0.059897,0.781164,0.426612,0.050228,0.776265,0.43101,-0.073157,0.7818,0.417591,0.051738,0.775649,0.425712,-0.08265,0.778914,0.410847,0.049417,0.774092,0.428573,-0.068196,0.778161,0.414939,0.052517,0.750848,0.530495,0.071249,0.749549,0.530792,-0.071368,0.777584,0.651935,0.075727,0.740543,0.66591,-0.063496,0.794826,0.781723,0.098642,0.71893,0.799315,-0.068655,0.788699,0.808168,0.098069,0.708301,0.819292,-0.070801,0.829493,0.792836,0.068491,0.749094,0.826395,-0.114926
HA_Lat_16_6.13.26,202,,,1,1514.92,456.84,0.9215,1504.32,461.14,0.0841,0.7857,0.321575,0.001069,0.78442,0.308383,0.004475,0.783369,0.307298,0.004371,0.782354,0.306087,0.004459,0.784224,0.308668,-0.019611,0.783136,0.307999,-0.019802,0.782002,0.307099,-0.019826,0.772993,0.30344,0.032886,0.77292,0.305022,-0.074787,0.781121,0.330564,0.017005,0.780807,0.331171,-0.015404,0.745535,0.359097,0.092147,0.762648,0.361022,-0.125257,0.748584,0.442503,0.061544,0.783967,0.452163,-0.0893,0.772561,0.434555,-0.057873,0.783498,0.42698,0.05429,0.776673,0.436915,-0.070375,0.783834,0.418289,0.056107,0.774999,0.424739,-0.079847,0.780872,0.411502,0.052949,0.774489,0.427103,-0.066013,0.779509,0.415223,0.056444,0.752867,0.531912,0.071405,0.751722,0.531973,-0.071526,0.779583,0.652824,0.078621,0.741524,0.665913,-0.06375,0.797682,0.781584,0.103324,0.719094,0.798881,-0.068916,0.792666,0.808663,0.10299,0.708185,0.818534,-0.071012,0.832183,0.790044,0.073198,0.749188,0.826326,-0.114777
HA_Lat_16_6.13.26,203,,,1,1520.27,457.86,0.9273,1508.71,464.55,0.0875,0.788003,0.321797,0.000476,0.786385,0.308648,0.00412,0.785312,0.307585,0.004016,0.784262,0.30638,0.004106,0.786257,0.308981,-0.019955,0.785174,0.308374,-0.020146,0.784057,0.307519,-0.020178,0.774971,0.303991,0.033145,0.774948,0.305613,-0.07459,0.783303,0.330814,0.016597,0.783102,0.331318,-0.015837,0.748213,0.359546,0.092593,0.764362,0.361575,-0.127759,0.749134,0.441844,0.065001,0.785388,0.453258,-0.090144,0.773008,0.437047,-0.054344,0.785786,0.430138,0.05297,0.778289,0.443203,-0.066004,0.786415,0.421596,0.054764,0.776968,0.428198,-0.07653,0.783627,0.415144,0.052426,0.776364,0.430405,-0.062805,0.782683,0.4197,0.055512,0.754241,0.532467,0.071903,0.753326,0.532282,-0.072026,0.78169,0.65341,0.082115,0.742828,0.665924,-0.062857,0.801053,0.781397,0.106621,0.719206,0.798214,-0.066759,0.796629,0.808574,0.106364,0.708172,0.817779,-0.068758,0.834368,0.786346,0.076267,0.749236,0.826265,-0.114227
HA_Lat_16_6.13.26,204,,,1,1528.47,456.48,0.9406,1513.44,467.51,0.0895,0.790607,0.322517,4e-06,0.788773,0.30945,0.003955,0.787682,0.30843,0.00385,0.786616,0.307267,0.003941,0.788681,0.309754,-0.020192,0.787579,0.309185,-0.020382,0.78639,0.308361,-0.020418,0.777413,0.304919,0.033804,0.777235,0.306475,-0.074163,0.786001,0.331463,0.016419,0.78573,0.33176,-0.016132,0.751491,0.360431,0.092885,0.766738,0.362098,-0.128026,0.751967,0.442023,0.065925,0.786631,0.454219,-0.091731,0.775742,0.442439,-0.053453,0.788252,0.432879,0.050888,0.781205,0.438018,-0.06503,0.78919,0.423552,0.052569,0.779233,0.433327,-0.075588,0.786578,0.417288,0.050781,0.778809,0.431186,-0.061855,0.785613,0.422244,0.053602,0.755616,0.533569,0.071872,0.754792,0.533195,-0.071997,0.78394,0.654123,0.077963,0.743741,0.665952,-0.059471,0.802983,0.781256,0.096644,0.719378,0.797826,-0.057655,0.798697,0.808889,0.096011,0.708184,0.816803,-0.058974,0.837025,0.784471,0.066929,0.749284,0.826293,-0.102735
HA_Lat_16_6.13.26,205,,,1,1530.75,457.93,0.9534,1518.43,467.4,0.0903,0.793698,0.322479,-0.012558,0.791153,0.309393,-0.007631,0.790027,0.308386,-0.007749,0.788932,0.307245,-0.007658,0.790924,0.309699,-0.03216,0.789679,0.309135,-0.032347,0.788416,0.308311,-0.032381,0.779904,0.305053,0.025152,0.77962,0.306555,-0.085071,0.789034,0.33142,0.004513,0.788667,0.33173,-0.028618,0.756472,0.361688,0.086416,0.7682,0.362836,-0.135079,0.752711,0.44531,0.069158,0.788113,0.455799,-0.096815,0.772802,0.450597,-0.032892,0.790851,0.432781,0.048847,0.777166,0.452305,-0.041249,0.792849,0.423504,0.049095,0.777144,0.446888,-0.052976,0.789176,0.416965,0.047594,0.776452,0.444356,-0.041129,0.788224,0.421329,0.051559,0.758517,0.535174,0.072321,0.756508,0.53451,-0.072435,0.786082,0.654418,0.09683,0.744453,0.666173,-0.058233,0.805169,0.781103,0.133699,0.719613,0.797179,-0.055729,0.80049,0.808272,0.134482,0.70818,0.816012,-0.056997,0.839185,0.784611,0.101609,0.749453,0.826441,-0.10325
HA_Lat_16_6.13.26,206,,,1,1537.2,456.92,0.9695,1525.58,470.7,0.094,0.795674,0.322389,-0.016769,0.793016,0.309398,-0.011431,0.791896,0.308426,-0.011551,0.790799,0.307354,-0.011467,0.792779,0.309702,-0.036038,0.79153,0.309153,-0.036223,0.790263,0.308358,-0.036256,0.782009,0.305816,0.022596,0.781667,0.307069,-0.087724,0.791342,0.331446,0.000627,0.791024,0.331724,-0.0325,0.759581,0.362555,0.086185,0.770173,0.36362,-0.137568,0.759628,0.445139,0.057728,0.789678,0.457394,-0.097457,0.782449,0.442634,-0.070683,0.794571,0.435835,0.04837,0.787742,0.435769,-0.084426,0.797253,0.426384,0.048228,0.787124,0.428689,-0.095843,0.793774,0.41976,0.045733,0.785636,0.431261,-0.079802,0.792381,0.423754,0.051445,0.760175,0.535363,0.073251,0.758751,0.534822,-0.073359,0.788411,0.654958,0.095195,0.745794,0.666178,-0.059663,0.807429,0.781225,0.128013,0.719809,0.796622,-0.059504,0.802777,0.808582,0.128171,0.708192,0.815283,-0.061489,0.841948,0.786016,0.09391,0.749432,0.82669,-0.113693
HA_Lat_16_6.13.26,207,,,1,1542.27,457.2,0.9713,1530.11,469.85,0.1008,0.798125,0.322354,-0.025328,0.79548,0.309503,-0.020221,0.794367,0.308578,-0.020347,0.793283,0.307567,-0.020263,0.795099,0.309813,-0.044363,0.79376,0.309301,-0.044551,0.792417,0.308548,-0.04459,0.784302,0.306736,0.014133,0.783864,0.30794,-0.094139,0.793765,0.331625,-0.007846,0.793345,0.331907,-0.040323,0.761265,0.364855,0.078761,0.772895,0.365777,-0.140861,0.760827,0.447068,0.048524,0.791645,0.459649,-0.10064,0.785105,0.436063,-0.076307,0.796933,0.435045,0.041489,0.790209,0.426319,-0.089907,0.799578,0.425015,0.040559,0.78938,0.421703,-0.10059,0.796101,0.418275,0.038064,0.788111,0.425224,-0.085047,0.794234,0.422516,0.04404,0.762369,0.538086,0.073122,0.761259,0.537627,-0.073232,0.790393,0.655424,0.092835,0.746833,0.666518,-0.05474,0.808099,0.781855,0.126465,0.719959,0.795765,-0.043919,0.803356,0.809381,0.126842,0.708147,0.813752,-0.044408,0.843378,0.786359,0.091585,0.749414,0.826942,-0.094014
HA_Lat_16_6.13.26,208,,,1,1546.82,457.05,0.9683,1537.62,469.2,0.1113,0.799445,0.324093,-0.021088,0.797179,0.311464,-0.016719,0.796135,0.310641,-0.016841,0.79513,0.309768,-0.016753,0.797123,0.311798,-0.040485,0.79611,0.311326,-0.040672,0.795114,0.310635,-0.040707,0.78696,0.309187,0.015247,0.787211,0.310204,-0.091299,0.794656,0.333799,-0.004225,0.794689,0.334043,-0.036207,0.762057,0.365789,0.080132,0.77545,0.368464,-0.139681,0.763637,0.447069,0.054418,0.794615,0.461175,-0.103027,0.787806,0.430184,-0.064064,0.800842,0.434445,0.035151,0.792521,0.423057,-0.076629,0.803125,0.42359,0.034081,0.791121,0.415396,-0.087025,0.798962,0.417108,0.033108,0.789495,0.418033,-0.0725,0.797343,0.421455,0.038019,0.764974,0.538823,0.073212,0.76377,0.538673,-0.073323,0.792879,0.656262,0.093109,0.747898,0.667252,-0.05241,0.809473,0.78274,0.133524,0.720317,0.794768,-0.028515,0.804366,0.809886,0.134623,0.708258,0.812217,-0.027524,0.84394,0.787997,0.098027,0.749673,0.827205,-0.075951
HA_Lat_16_6.13.26,209,1550.27,457.42,0,1550.27,457.42,0.9621,1541.02,469.26,0.1139,0.802233,0.324338,-0.022585,0.79974,0.311877,-0.017895,0.798699,0.311077,-0.01802,0.797676,0.310211,-0.01794,0.799595,0.31223,-0.041317,0.798507,0.311803,-0.041503,0.797414,0.311158,-0.041542,0.789319,0.310247,0.01475,0.789397,0.311377,-0.090424,0.79765,0.334366,-0.005677,0.797449,0.334582,-0.037224,0.765807,0.367224,0.079051,0.777572,0.370251,-0.137068,0.765833,0.44988,0.052671,0.797563,0.462996,-0.101597,0.789724,0.433064,-0.067361,0.802615,0.434496,0.03559,0.794088,0.425483,-0.080742,0.804344,0.42346,0.034982,0.793307,0.417275,-0.090629,0.800888,0.416542,0.033926,0.792437,0.420276,-0.075629,0.79942,0.420821,0.038425,0.767892,0.540281,0.073116,0.766373,0.54038,-0.073226,0.794643,0.656521,0.092124,0.74936,0.66745,-0.052854,0.810273,0.782858,0.130654,0.720629,0.793836,-0.032455,0.804852,0.810203,0.13157,0.708363,0.810797,-0.031795,0.845813,0.7917,0.094933,0.749643,0.827193,-0.07929
HA_Lat_16_6.13.26,210,1556.5,454.98,0,1556.5,454.98,0.9689,1546.59,470.16,0.127,0.803592,0.324792,-0.023697,0.800994,0.312899,-0.018445,0.800073,0.312215,-0.01857,0.79915,0.311449,-0.018495,0.800818,0.313211,-0.042043,0.799851,0.312882,-0.042224,0.798869,0.31233,-0.042264,0.791088,0.312027,0.015574,0.79122,0.31314,-0.090022,0.799532,0.334896,-0.006348,0.799371,0.335132,-0.038059,0.767879,0.368018,0.08013,0.78008,0.371327,-0.136221,0.768541,0.452284,0.04683,0.798303,0.464561,-0.100447,0.793773,0.435986,-0.091812,0.805515,0.435335,0.033051,0.799004,0.427467,-0.108077,0.808956,0.423656,0.031731,0.798021,0.419466,-0.118772,0.805374,0.41636,0.030756,0.796421,0.422517,-0.10087,0.803378,0.420826,0.035712,0.771009,0.541122,0.073029,0.768987,0.541168,-0.073141,0.796877,0.656553,0.092825,0.751455,0.667473,-0.054847,0.810436,0.783184,0.130617,0.72111,0.79295,-0.039678,0.804112,0.810337,0.131382,0.708693,0.808956,-0.039806,0.845311,0.794728,0.095642,0.74961,0.827176,-0.082504
HA_Lat_16_6.13.26,211,1562.68,457.68,0,1562.68,457.68,0.9746,1552.03,471.48,0.1242,0.806697,0.32468,-0.021841,0.803278,0.312924,-0.016372,0.802319,0.312276,-0.0165,0.801358,0.311548,-0.016425,0.80312,0.313237,-0.040117,0.80213,0.312953,-0.040303,0.801117,0.312445,-0.040349,0.793298,0.312652,0.017493,0.793492,0.313718,-0.088795,0.802964,0.334855,-0.004776,0.802774,0.335175,-0.036717,0.771276,0.369418,0.080679,0.783137,0.372132,-0.136105,0.770608,0.455032,0.047439,0.800655,0.466173,-0.100195,0.796078,0.438211,-0.083792,0.808348,0.436553,0.034577,0.801026,0.42945,-0.098192,0.811677,0.424248,0.032805,0.800239,0.421886,-0.108601,0.808101,0.416744,0.031139,0.798768,0.425065,-0.092526,0.806312,0.421485,0.037029,0.77329,0.543735,0.072995,0.770555,0.543122,-0.073103,0.798592,0.656524,0.09809,0.753729,0.667466,-0.070411,0.811511,0.783592,0.133622,0.721445,0.791839,-0.070469,0.803666,0.810473,0.134149,0.709016,0.807664,-0.071844,0.846041,0.79724,0.098731,0.749598,0.827037,-0.121223
HA_Lat_16_6.13.26,212,1567.38,463.17,0,1567.38,463.17,0.9745,1560.41,468.98,0.1335,0.809534,0.326208,-0.019138,0.806524,0.314653,-0.013899,0.80559,0.314093,-0.014022,0.804636,0.313421,-0.013942,0.806231,0.314868,-0.037772,0.805201,0.314623,-0.037958,0.804144,0.314187,-0.037999,0.796679,0.314126,0.019389,0.796585,0.315448,-0.087413,0.805844,0.336284,-0.002152,0.805565,0.336491,-0.034264,0.774142,0.370173,0.081697,0.785619,0.372706,-0.135828,0.772787,0.455095,0.049658,0.803393,0.46657,-0.099975,0.798666,0.433357,-0.082416,0.812714,0.434243,0.034847,0.802694,0.421022,-0.096757,0.815624,0.419848,0.033649,0.801603,0.414675,-0.106355,0.81127,0.413288,0.032286,0.800047,0.418406,-0.090848,0.809513,0.41816,0.037469,0.776218,0.544018,0.073306,0.772723,0.543074,-0.07341,0.800795,0.656474,0.094879,0.75439,0.667479,-0.073669,0.811914,0.783804,0.129889,0.722243,0.79074,-0.071853,0.803981,0.81024,0.130442,0.709526,0.805758,-0.073033,0.846224,0.799935,0.093824,0.749601,0.827022,-0.124162
HA_Lat_16_6.13.26,213,1571.16,457.1,0,1571.16,457.1,0.9832,1565.58,469.16,0.1337,0.811525,0.326202,-0.008221,0.808301,0.3149,-0.001912,0.807424,0.314294,-0.002031,0.806532,0.313577,-0.001956,0.807872,0.315232,-0.026375,0.806828,0.315048,-0.02656,0.805774,0.314668,-0.026596,0.798979,0.314276,0.032375,0.798534,0.316013,-0.076608,0.808263,0.336204,0.008733,0.807842,0.336512,-0.024009,0.777211,0.370187,0.093754,0.788945,0.372454,-0.128481,0.775267,0.456108,0.055132,0.806197,0.466831,-0.092939,0.803771,0.436031,-0.079254,0.815407,0.434405,0.041192,0.809408,0.42671,-0.094384,0.818923,0.420901,0.040495,0.808454,0.419497,-0.104178,0.815485,0.414008,0.039977,0.805926,0.42232,-0.087979,0.813553,0.418629,0.044106,0.779305,0.543534,0.073289,0.7765,0.542866,-0.073393,0.803217,0.656331,0.076456,0.756684,0.667147,-0.076577,0.812488,0.784243,0.089219,0.722612,0.789443,-0.083478,0.803457,0.810338,0.087569,0.709979,0.803587,-0.085334,0.845342,0.801511,0.051584,0.749587,0.826755,-0.131729
HA_Lat_16_6.13.26,214,1576.91,458.58,0,1576.91,458.58,0.9728,1569.6,469.09,0.1368,0.815193,0.327614,-0.00814,0.812709,0.315842,-0.001904,0.811844,0.315058,-0.002023,0.810988,0.314176,-0.001947,0.812001,0.316257,-0.026362,0.810834,0.315931,-0.026548,0.809701,0.315387,-0.026583,0.802737,0.314254,0.032506,0.801902,0.316067,-0.076455,0.811592,0.337601,0.008766,0.811065,0.338053,-0.023931,0.780547,0.370414,0.095166,0.79329,0.372191,-0.127861,0.7796,0.455702,0.055122,0.809182,0.466607,-0.091253,0.8046,0.436141,-0.084148,0.8175,0.43434,0.043281,0.809974,0.425143,-0.100009,0.821138,0.421177,0.043081,0.809116,0.418238,-0.109296,0.817821,0.41414,0.042789,0.807548,0.421681,-0.092731,0.815949,0.418912,0.046388,0.782526,0.543131,0.07325,0.779423,0.542557,-0.073356,0.805289,0.65604,0.068431,0.759309,0.666892,-0.079826,0.812631,0.784406,0.078523,0.723257,0.787967,-0.084664,0.803547,0.810251,0.076691,0.710728,0.801258,-0.086268,0.846589,0.804115,0.038981,0.749605,0.826739,-0.133567
HA_Lat_16_6.13.26,215,1584.37,461.68,0,1584.37,461.68,0.9821,1573.56,469.62,0.1455,0.818498,0.328524,-0.005864,0.816051,0.316475,0.000591,0.815138,0.315643,0.000477,0.814238,0.314702,0.000562,0.81538,0.316897,-0.024262,0.814232,0.316517,-0.02445,0.813075,0.315899,-0.024483,0.805773,0.314476,0.035702,0.804972,0.316241,-0.074972,0.814683,0.338573,0.0115,0.814251,0.338978,-0.021783,0.781242,0.37056,0.099374,0.797154,0.37191,-0.12747,0.7813,0.455489,0.057575,0.812887,0.466374,-0.090563,0.806222,0.436954,-0.073909,0.819562,0.434837,0.045679,0.811211,0.425802,-0.08829,0.823332,0.422287,0.046056,0.810795,0.420795,-0.098207,0.819962,0.415264,0.045821,0.808595,0.424144,-0.082565,0.818,0.420278,0.048915,0.784823,0.54235,0.073728,0.78298,0.541872,-0.073839,0.807352,0.655686,0.068289,0.762568,0.665944,-0.08816,0.812459,0.784303,0.076798,0.724168,0.785299,-0.098889,0.803319,0.810004,0.074825,0.711765,0.797632,-0.100998,0.845079,0.804928,0.038115,0.749601,0.826502,-0.148827
HA_Lat_16_6.13.26,216,1589.25,456.08,0,1589.25,456.08,0.9882,1577.89,471.96,0.1835,0.819763,0.328301,0.000311,0.817122,0.316259,0.006341,0.816257,0.315416,0.006227,0.815376,0.314473,0.006315,0.816619,0.316696,-0.018183,0.8156,0.316302,-0.018376,0.814569,0.315672,-0.018412,0.807384,0.314228,0.039811,0.807125,0.315951,-0.069467,0.816154,0.338344,0.017166,0.815974,0.338755,-0.015651,0.782843,0.370583,0.103219,0.800143,0.37181,-0.124066,0.782889,0.455276,0.060353,0.814505,0.466014,-0.08686,0.805792,0.437516,-0.066983,0.821817,0.437002,0.049496,0.810588,0.42777,-0.080538,0.825497,0.42465,0.050454,0.810787,0.421546,-0.090668,0.822246,0.417597,0.050792,0.809719,0.425154,-0.075574,0.820515,0.422031,0.05312,0.787429,0.542283,0.073668,0.786232,0.541829,-0.073779,0.808915,0.655475,0.066474,0.764979,0.66586,-0.083169,0.812171,0.784612,0.071481,0.725439,0.78332,-0.08949,0.803774,0.809892,0.069309,0.712703,0.794778,-0.091607,0.845488,0.805671,0.035736,0.749661,0.826381,-0.145426
HA_Lat_16_6.13.26,217,1593.88,457.37,0,1593.88,457.37,0.9886,1581.29,472.83,0.1961,0.82127,0.329392,0.005227,0.818811,0.317597,0.010913,0.81797,0.316672,0.010804,0.817095,0.31564,0.010894,0.818387,0.318056,-0.013318,0.81744,0.317547,-0.013507,0.81645,0.31677,-0.013539,0.809289,0.314895,0.043,0.809064,0.316376,-0.065212,0.81778,0.339201,0.021642,0.817697,0.339544,-0.010809,0.784677,0.370892,0.105762,0.80317,0.371701,-0.121405,0.785041,0.455045,0.060936,0.817358,0.465743,-0.086523,0.80899,0.438391,-0.068216,0.823587,0.437806,0.049399,0.81248,0.429105,-0.081989,0.827564,0.425093,0.050639,0.814342,0.422471,-0.091507,0.824478,0.418017,0.051721,0.811979,0.426256,-0.076639,0.82253,0.422379,0.053254,0.789452,0.542051,0.073748,0.789194,0.541649,-0.073864,0.810408,0.655523,0.06826,0.768573,0.665817,-0.086871,0.812216,0.784701,0.077302,0.726996,0.780978,-0.089439,0.804187,0.809769,0.075604,0.713587,0.790593,-0.09057,0.845304,0.80676,0.042647,0.749836,0.826393,-0.136326
HA_Lat_16_6.13.26,218,1599.7,461.93,0,1599.7,461.93,0.9867,1587.56,474.87,0.1943,0.824016,0.330216,0.013025,0.821989,0.318306,0.018078,0.821129,0.317304,0.017971,0.820219,0.316226,0.018056,0.821671,0.318866,-0.005463,0.820798,0.31833,-0.005645,0.819922,0.317532,-0.005671,0.812451,0.315166,0.047487,0.812798,0.31665,-0.057832,0.820393,0.339851,0.028475,0.820605,0.340085,-0.003092,0.786156,0.371122,0.108347,0.807072,0.371591,-0.114377,0.787797,0.455226,0.061974,0.821781,0.465504,-0.080802,0.812379,0.439589,-0.066773,0.826853,0.439697,0.055528,0.816873,0.43113,-0.080552,0.83056,0.42725,0.057778,0.817551,0.424616,-0.0894,0.82756,0.41964,0.059204,0.815091,0.428107,-0.074848,0.825528,0.424087,0.059556,0.791458,0.541881,0.073717,0.7925,0.541457,-0.073836,0.811625,0.656073,0.069579,0.772515,0.665742,-0.089584,0.812521,0.784873,0.080836,0.729101,0.7782,-0.090063,0.803935,0.809779,0.079363,0.714723,0.786294,-0.09067,0.845568,0.807333,0.047614,0.749952,0.826385,-0.131463
HA_Lat_16_6.13.26,219,1604.78,459.93,0,1604.78,459.93,0.9865,1593.46,474.34,0.1899,0.826439,0.330459,0.012618,0.824424,0.318329,0.017631,0.823524,0.317355,0.017524,0.82252,0.316315,0.017609,0.824321,0.318841,-0.005498,0.823512,0.318295,-0.005677,0.822634,0.317508,-0.005704,0.814641,0.31524,0.047197,0.81539,0.316633,-0.056263,0.822594,0.340257,0.02811,0.823004,0.34032,-0.002961,0.788867,0.371171,0.107219,0.81049,0.371461,-0.111862,0.791555,0.455051,0.06264,0.826588,0.465307,-0.079116,0.815844,0.439121,-0.065768,0.829929,0.439203,0.056291,0.820701,0.431663,-0.079216,0.833066,0.426846,0.058382,0.820628,0.425333,-0.087827,0.830359,0.419317,0.059482,0.818255,0.428539,-0.07365,0.828478,0.423876,0.060061,0.793779,0.541776,0.073683,0.795476,0.541409,-0.073802,0.812421,0.65739,0.079695,0.776791,0.665781,-0.094205,0.813039,0.785012,0.096897,0.731601,0.776417,-0.092479,0.803827,0.809724,0.096211,0.716814,0.783002,-0.092577,0.84636,0.807837,0.06997,0.750105,0.826383,-0.130238
HA_Lat_16_6.13.26,220,1610.13,460.84,0,1610.13,460.84,0.9835,1596.86,473.96,0.1814,0.828728,0.3303,0.028147,0.826483,0.318108,0.033608,0.825528,0.317152,0.033506,0.824475,0.31613,0.03359,0.826454,0.318613,0.010766,0.825642,0.318082,0.01059,0.824757,0.317313,0.010563,0.816461,0.315185,0.063066,0.817523,0.316534,-0.039613,0.82496,0.340267,0.043208,0.825459,0.340358,0.012407,0.791393,0.371344,0.117006,0.813785,0.371309,-0.096912,0.791352,0.45508,0.070213,0.831274,0.465183,-0.064812,0.816636,0.439279,-0.061492,0.831698,0.438855,0.070481,0.820441,0.433559,-0.075637,0.833612,0.426508,0.072882,0.820602,0.427036,-0.08008,0.830964,0.419115,0.073335,0.820008,0.429477,-0.067758,0.82979,0.423602,0.073953,0.796194,0.541546,0.073658,0.799521,0.54134,-0.073777,0.81237,0.658912,0.097026,0.781424,0.665815,-0.110906,0.81274,0.785297,0.13402,0.73415,0.774701,-0.11327,0.803102,0.809706,0.135611,0.718511,0.778199,-0.113138,0.845685,0.807948,0.113486,0.750461,0.826448,-0.14819
HA_Lat_16_6.13.26,221,1617.54,457.81,0,1617.54,457.81,0.9718,1601.67,473.88,0.1765,0.830917,0.330121,0.046286,0.828429,0.317919,0.051785,0.827421,0.316979,0.051689,0.826348,0.315976,0.051769,0.828519,0.318423,0.029367,0.82773,0.317913,0.029193,0.826897,0.317175,0.029169,0.818325,0.315143,0.080231,0.819661,0.316482,-0.020776,0.827222,0.340137,0.060853,0.827843,0.340217,0.030555,0.793397,0.371487,0.132033,0.817182,0.371194,-0.079636,0.795717,0.454945,0.084355,0.835711,0.465049,-0.045334,0.819544,0.439084,-0.043967,0.834204,0.438782,0.092598,0.823856,0.432822,-0.056662,0.83563,0.426276,0.095876,0.823988,0.426588,-0.059289,0.833115,0.418879,0.095688,0.823356,0.429299,-0.049256,0.832085,0.423347,0.095925,0.797935,0.539813,0.073714,0.8027,0.540563,-0.073832,0.811823,0.661722,0.098079,0.786711,0.66671,-0.120407,0.812615,0.785952,0.131065,0.737222,0.772834,-0.133146,0.802796,0.809974,0.132151,0.721324,0.773332,-0.133976,0.845841,0.807954,0.110334,0.751144,0.826439,-0.167841
HA_Lat_16_6.13.26,222,1621.09,458.22,0,1621.09,458.22,0.9689,1604.46,473.41,0.1815,0.832692,0.330011,0.059825,0.830461,0.317803,0.065582,0.829429,0.316868,0.065482,0.828399,0.315866,0.065551,0.830578,0.318317,0.043432,0.829736,0.31782,0.043254,0.828848,0.317103,0.043225,0.82051,0.315028,0.093821,0.821221,0.316382,-0.005821,0.82924,0.340071,0.07421,0.829813,0.340133,0.044329,0.796106,0.371406,0.14444,0.820193,0.371062,-0.066728,0.799373,0.453665,0.098786,0.839785,0.4649,-0.0299,0.821856,0.438237,-0.021489,0.835657,0.438339,0.114656,0.826603,0.433748,-0.031998,0.837159,0.426247,0.119709,0.82596,0.427427,-0.03392,0.834448,0.418685,0.118544,0.825795,0.428625,-0.026269,0.833044,0.423153,0.117975,0.798696,0.537991,0.073598,0.804821,0.539625,-0.073718,0.811047,0.662631,0.094068,0.794521,0.667476,-0.1242,0.812861,0.786182,0.10778,0.741001,0.770316,-0.14716,0.802999,0.810381,0.107176,0.724658,0.768272,-0.148829,0.845122,0.807725,0.105174,0.751406,0.826596,-0.17657
HA_Lat_16_6.13.26,223,1624.31,459.0,0,1624.31,459.0,0.9731,1609.88,473.27,0.1858,0.835596,0.329912,0.054282,0.833613,0.317683,0.058993,0.832587,0.316762,0.058886,0.831551,0.315775,0.058951,0.833714,0.318194,0.036927,0.832862,0.317703,0.03674,0.831921,0.316992,0.036702,0.823711,0.314903,0.084611,0.824248,0.316362,-0.01533,0.83225,0.339954,0.06779,0.832633,0.34003,0.037872,0.79712,0.371332,0.136086,0.823035,0.371028,-0.073877,0.798096,0.453806,0.122935,0.842926,0.464871,-0.04071,0.819973,0.43721,0.057087,0.838478,0.438214,0.099641,0.825215,0.434417,0.055363,0.839222,0.425773,0.10458,0.824441,0.427639,0.051714,0.836526,0.418515,0.10367,0.824397,0.429075,0.053217,0.834848,0.423067,0.102972,0.799363,0.537248,0.073085,0.808296,0.539353,-0.073203,0.812323,0.662944,0.091263,0.799997,0.667962,-0.129922,0.813069,0.786678,0.105804,0.747324,0.767927,-0.143183,0.802986,0.810615,0.10515,0.730025,0.764795,-0.143423,0.845607,0.807913,0.092432,0.752187,0.826616,-0.165603
HA_Lat_16_6.13.26,224,,,1,1627.36,457.81,0.9721,1610.96,472.79,0.1827,0.837628,0.329807,0.072065,0.835401,0.31758,0.075336,0.834387,0.316662,0.075234,0.833334,0.315677,0.075298,0.83547,0.318095,0.054992,0.834615,0.317607,0.05481,0.833715,0.316901,0.054765,0.825132,0.314816,0.092644,0.826136,0.316274,-0.000174,0.83417,0.339849,0.08238,0.834676,0.339938,0.054557,0.797328,0.371635,0.132934,0.826827,0.370937,-0.055277,0.796737,0.455327,0.13648,0.847499,0.464659,-0.007309,0.815513,0.485133,0.106079,0.839041,0.437765,0.142107,0.822559,0.492558,0.11111,0.838974,0.425571,0.151154,0.82053,0.490932,0.107267,0.835838,0.418517,0.150189,0.819423,0.486966,0.103578,0.835364,0.422902,0.145699,0.800088,0.536587,0.068523,0.812,0.538959,-0.068613,0.815092,0.662848,0.096926,0.805467,0.668477,-0.128231,0.813429,0.786762,0.112069,0.752086,0.76563,-0.139837,0.803426,0.81056,0.112102,0.735144,0.759459,-0.139646,0.845766,0.808328,0.108004,0.75287,0.826675,-0.155981
HA_Lat_16_6.13.26,225,,,1,1634.22,460.71,0.9581,1618.51,472.45,0.1752,0.840189,0.32978,0.073836,0.837844,0.317539,0.076895,0.836864,0.316625,0.076785,0.835863,0.315659,0.076837,0.837891,0.318079,0.056648,0.837044,0.317592,0.05645,0.836156,0.316868,0.056393,0.8277,0.314803,0.093453,0.828545,0.316249,0.000496,0.836852,0.339673,0.084013,0.837182,0.339832,0.056129,0.799998,0.371583,0.138877,0.829344,0.370845,-0.058432,0.800501,0.452891,0.187415,0.849676,0.464208,-0.020787,0.8185,0.474109,0.21877,0.842976,0.43745,0.124493,0.824153,0.477955,0.23395,0.843028,0.425565,0.132563,0.824145,0.481904,0.227598,0.840394,0.418841,0.133729,0.823241,0.47718,0.21673,0.840004,0.422835,0.128555,0.800912,0.535579,0.068683,0.815069,0.538175,-0.068772,0.81575,0.662711,0.093928,0.810504,0.668872,-0.131583,0.813433,0.786985,0.104675,0.756824,0.764307,-0.144761,0.803963,0.810506,0.103899,0.740447,0.756735,-0.144635,0.845292,0.808479,0.097149,0.754714,0.826544,-0.160894
HA_Lat_16_6.13.26,226,,,1,1638.06,458.63,0.944,1622.86,472.3,0.1624,0.842314,0.329743,0.071774,0.839698,0.317512,0.074787,0.838697,0.316592,0.074687,0.837727,0.315614,0.074728,0.839816,0.318018,0.054593,0.838999,0.317519,0.054404,0.838183,0.316795,0.054353,0.829716,0.314736,0.092602,0.830682,0.316185,0.00035,0.838701,0.339648,0.082407,0.839264,0.339792,0.054725,0.801549,0.371555,0.138237,0.831973,0.370798,-0.060013,0.803237,0.452308,0.161704,0.853022,0.464078,-0.026631,0.827236,0.456363,0.150851,0.845239,0.437314,0.117356,0.8312,0.44723,0.159023,0.845137,0.425509,0.12542,0.831477,0.451612,0.154311,0.842485,0.419007,0.125616,0.829751,0.45236,0.148106,0.842089,0.42288,0.121023,0.800327,0.535369,0.068816,0.81768,0.53816,-0.068907,0.816617,0.662567,0.092116,0.815814,0.669383,-0.131857,0.813082,0.78693,0.084222,0.760915,0.761463,-0.165261,0.804198,0.810464,0.081455,0.744956,0.751579,-0.167365,0.844402,0.80842,0.07715,0.757833,0.82626,-0.180623
HA_Lat_16_6.13.26,227,,,1,1639.66,453.79,0.9461,1632.28,472.74,0.1531,0.845142,0.329706,0.076385,0.842352,0.31746,0.079054,0.841317,0.316527,0.078949,0.840281,0.315539,0.078978,0.842423,0.317957,0.058846,0.841562,0.31745,0.058665,0.840689,0.316728,0.058628,0.831962,0.314697,0.093632,0.833045,0.316138,0.00154,0.84147,0.339633,0.085839,0.842107,0.339775,0.058205,0.803137,0.371529,0.139868,0.834561,0.370705,-0.059112,0.805693,0.452049,0.17194,0.855174,0.464035,-0.026335,0.831143,0.446001,0.181691,0.850145,0.437723,0.11823,0.83585,0.434815,0.193556,0.850705,0.426786,0.127069,0.836181,0.437697,0.188048,0.847546,0.420442,0.128392,0.83533,0.440399,0.179195,0.84596,0.423706,0.122237,0.800258,0.53537,0.068926,0.820273,0.537916,-0.069021,0.816545,0.662592,0.088146,0.823861,0.669368,-0.131441,0.812805,0.787065,0.05987,0.765921,0.757848,-0.172434,0.804437,0.810523,0.055331,0.751212,0.748208,-0.175352,0.843919,0.808306,0.048497,0.762792,0.824085,-0.185679
HA_Lat_16_6.13.26,228,,,1,1646.73,453.64,0.9561,1630.78,472.48,0.141,0.84687,0.32944,0.093081,0.843878,0.317377,0.095555,0.842769,0.316459,0.095467,0.84165,0.31549,0.095502,0.844153,0.317906,0.075895,0.84337,0.317424,0.075728,0.842585,0.316704,0.075697,0.833485,0.314645,0.107427,0.835339,0.316087,0.018471,0.843314,0.339402,0.101375,0.844056,0.339466,0.074615,0.805119,0.371529,0.141968,0.836385,0.370634,-0.043476,0.805348,0.453771,0.140796,0.857728,0.46376,-0.006471,0.827363,0.451253,0.093685,0.849367,0.437484,0.139664,0.833029,0.445803,0.09472,0.849867,0.426658,0.149062,0.833511,0.445905,0.090851,0.846884,0.420411,0.148674,0.832229,0.446327,0.090088,0.846224,0.423688,0.14312,0.802583,0.535375,0.067067,0.824005,0.537466,-0.067166,0.818002,0.663082,0.083883,0.82957,0.66935,-0.12584,0.812253,0.787311,0.056062,0.773211,0.756361,-0.163566,0.804254,0.811437,0.052095,0.757708,0.748321,-0.166006,0.843336,0.808826,0.045452,0.771608,0.823542,-0.175236
HA_Lat_16_6.13.26,229,,,1,1650.0,454.29,0.9332,1636.06,472.18,0.1317,0.848884,0.329618,0.083748,0.846235,0.317513,0.085632,0.845156,0.316585,0.08553,0.844082,0.31562,0.085561,0.846518,0.318087,0.065912,0.845773,0.317616,0.065733,0.845028,0.316938,0.065692,0.835823,0.314712,0.097231,0.837722,0.316166,0.006993,0.845279,0.339446,0.092112,0.846033,0.339561,0.06509,0.806237,0.371496,0.138207,0.83918,0.370461,-0.05282,0.807976,0.453761,0.179978,0.859057,0.463612,-0.018416,0.82921,0.44852,0.21602,0.852115,0.437205,0.127651,0.835559,0.438632,0.232369,0.852355,0.426424,0.137864,0.836266,0.435715,0.22623,0.849381,0.420356,0.140221,0.835847,0.437889,0.214076,0.848944,0.423629,0.132065,0.803713,0.535655,0.067255,0.825453,0.537457,-0.067351,0.818516,0.663035,0.084246,0.834271,0.669208,-0.120724,0.812889,0.787488,0.056792,0.779847,0.755455,-0.153727,0.804705,0.811959,0.052399,0.764818,0.749518,-0.155941,0.843979,0.808767,0.045447,0.781171,0.822863,-0.167101
HA_Lat_16_6.13.26,230,,,1,1653.58,455.37,0.8735,1644.64,471.99,0.1286,0.850327,0.329956,0.110453,0.847779,0.317766,0.112519,0.846649,0.316851,0.112425,0.845466,0.315906,0.112449,0.84811,0.318351,0.092779,0.847393,0.317909,0.092633,0.846667,0.317297,0.092615,0.837443,0.315027,0.119602,0.839834,0.316497,0.030835,0.846614,0.339636,0.116982,0.847494,0.339739,0.090256,0.807875,0.371726,0.148338,0.840383,0.370428,-0.033898,0.808741,0.45813,0.151395,0.861716,0.463565,0.001587,0.824361,0.481799,0.141069,0.856584,0.437032,0.145011,0.829777,0.486124,0.148557,0.85751,0.426514,0.153192,0.830266,0.483384,0.124152,0.854355,0.421377,0.154265,0.829618,0.480794,0.129078,0.852462,0.424087,0.14894,0.805296,0.535721,0.066444,0.82805,0.537339,-0.066546,0.821104,0.663139,0.085108,0.840035,0.669192,-0.117756,0.813775,0.787536,0.063036,0.787613,0.754134,-0.152397,0.806471,0.812654,0.059097,0.772566,0.749573,-0.154603,0.843987,0.808802,0.052424,0.788846,0.821811,-0.162898
HA_Lat_16_6.13.26,231,,,1,1659.86,455.76,0.8116,1647.19,471.41,0.1222,0.852127,0.329889,0.10284,0.849312,0.317708,0.105097,0.848143,0.316794,0.105012,0.846914,0.315847,0.105042,0.849718,0.318292,0.085367,0.849018,0.317851,0.085213,0.848314,0.317242,0.08519,0.83884,0.314996,0.114386,0.84164,0.316461,0.025727,0.848096,0.3396,0.110253,0.849215,0.339699,0.083556,0.809981,0.371753,0.145593,0.843358,0.370237,-0.038506,0.81059,0.458366,0.148227,0.863888,0.463488,-0.002534,0.828224,0.475653,0.102414,0.857912,0.436494,0.141135,0.833671,0.478234,0.101444,0.857761,0.426009,0.149623,0.834244,0.474221,0.104281,0.854773,0.420467,0.149582,0.833126,0.472278,0.099993,0.853812,0.424067,0.144732,0.808526,0.535258,0.065475,0.831104,0.536383,-0.065586,0.822495,0.662179,0.076137,0.84548,0.668572,-0.117062,0.815762,0.78752,0.039072,0.794964,0.754432,-0.151456,0.809835,0.813456,0.033807,0.779081,0.751276,-0.153576,0.843722,0.809487,0.029553,0.798235,0.820175,-0.160425
HA_Lat_16_6.13.26,232,,,1,1663.55,455.44,0.7762,1651.47,470.31,0.1281,0.854521,0.33,0.084667,0.852143,0.317684,0.087214,0.851021,0.316751,0.087123,0.849844,0.315799,0.087163,0.852585,0.31826,0.06666,0.851932,0.317803,0.066493,0.851254,0.317198,0.066466,0.841905,0.314849,0.102308,0.844288,0.316312,0.00891,0.850748,0.339563,0.093886,0.851569,0.339667,0.066031,0.811859,0.371751,0.141147,0.846117,0.370061,-0.051889,0.815439,0.458247,0.136683,0.865117,0.463404,-0.01328,0.83501,0.450941,0.086502,0.860141,0.435474,0.131048,0.840257,0.446521,0.086546,0.861112,0.424762,0.137909,0.84078,0.440981,0.084323,0.857153,0.420259,0.138084,0.840369,0.443624,0.083267,0.856608,0.423716,0.134289,0.810984,0.535182,0.065676,0.833079,0.536128,-0.065786,0.822902,0.661918,0.076109,0.849523,0.667574,-0.11598,0.817159,0.787502,0.051237,0.801051,0.754708,-0.146915,0.812106,0.813395,0.047188,0.785736,0.753824,-0.149525,0.840866,0.809288,0.039371,0.806332,0.816126,-0.145655
HA_Lat_16_6.13.26,233,,,1,1669.1,458.53,0.8074,1656.59,469.84,0.1307,0.856369,0.329933,0.079153,0.853544,0.317656,0.081383,0.852383,0.316734,0.081296,0.851172,0.315782,0.081331,0.8541,0.318234,0.061053,0.853506,0.317793,0.06089,0.852905,0.317174,0.06087,0.843284,0.31482,0.096126,0.846302,0.316287,0.003163,0.852611,0.339525,0.08815,0.853703,0.339613,0.060649,0.813657,0.371725,0.140191,0.847863,0.369521,-0.055366,0.818496,0.458323,0.101584,0.86715,0.463243,-0.020653,0.841162,0.451188,0.00264,0.862807,0.435035,0.124089,0.84689,0.446545,-0.007405,0.864061,0.424468,0.132929,0.847335,0.441265,-0.009374,0.860401,0.420221,0.137504,0.846063,0.443708,-0.001948,0.858883,0.423676,0.128955,0.81413,0.53497,0.064314,0.834989,0.535643,-0.064431,0.824605,0.661908,0.062921,0.854646,0.666726,-0.112736,0.818684,0.787536,0.039082,0.808534,0.755897,-0.123761,0.814293,0.813491,0.034834,0.79443,0.755974,-0.123487,0.836085,0.81034,0.025129,0.813032,0.813815,-0.120408
HA_Lat_16_6.13.26,234,,,1,1671.38,461.22,0.8928,1662.15,470.19,0.1361,0.85826,0.330293,0.074554,0.855856,0.317939,0.075244,0.854748,0.316962,0.075176,0.853566,0.315969,0.075183,0.856277,0.3185,0.055449,0.855621,0.318002,0.05528,0.854929,0.31735,0.055268,0.845644,0.314815,0.086775,0.848167,0.316318,-0.003594,0.854601,0.339592,0.082691,0.855497,0.339672,0.056128,0.815707,0.371709,0.135021,0.850098,0.369102,-0.057167,0.821541,0.458119,0.105413,0.868496,0.463203,-0.036019,0.843471,0.449977,0.024762,0.865701,0.435361,0.087113,0.84871,0.445484,0.014658,0.866811,0.424719,0.09045,0.849421,0.439659,0.00914,0.863041,0.420242,0.090987,0.848427,0.4413,0.019161,0.860886,0.424219,0.090184,0.816356,0.53495,0.06453,0.836042,0.535267,-0.06465,0.825172,0.662405,0.058721,0.859126,0.665689,-0.106304,0.81861,0.787644,0.029713,0.814962,0.757073,-0.108128,0.812431,0.812438,0.024688,0.802117,0.757216,-0.107195,0.83629,0.811959,0.01235,0.820428,0.808613,-0.10799
HA_Lat_16_6.13.26,235,,,1,1673.39,460.41,0.8458,1660.76,469.51,0.1294,0.859972,0.330536,0.056071,0.857446,0.318033,0.055645,0.856248,0.317033,0.055547,0.85497,0.316029,0.055552,0.858091,0.318583,0.036568,0.857516,0.318056,0.036377,0.856917,0.317396,0.036334,0.847275,0.314811,0.063767,0.850482,0.316316,-0.023809,0.856268,0.339716,0.063634,0.857325,0.339784,0.037662,0.817356,0.371752,0.11856,0.853534,0.368937,-0.076118,0.823709,0.458096,0.15668,0.871915,0.4631,-0.058108,0.842912,0.448551,0.186718,0.86498,0.434729,0.063707,0.847621,0.44445,0.199201,0.86505,0.424606,0.068222,0.848341,0.435111,0.190492,0.861481,0.42022,0.070033,0.848028,0.437364,0.183315,0.860676,0.424099,0.067219,0.818539,0.535229,0.065063,0.84037,0.535268,-0.065172,0.825879,0.662758,0.063582,0.86428,0.663484,-0.0948,0.81826,0.787632,0.040098,0.822062,0.757865,-0.108711,0.811163,0.811086,0.035406,0.810159,0.761477,-0.109188,0.836642,0.811944,0.022055,0.837076,0.808527,-0.117455
