video_id,frame_idx,true_wrist_x,true_wrist_y,occluded,yolo_wrist_x,yolo_wrist_y,yolo_conf,mp_wrist_x,mp_wrist_y,mp_wrist_vis,lm0_x,lm0_y,lm0_z,lm1_x,lm1_y,lm1_z,lm2_x,lm2_y,lm2_z,lm3_x,lm3_y,lm3_z,lm4_x,lm4_y,lm4_z,lm5_x,lm5_y,lm5_z,lm6_x,lm6_y,lm6_z,lm7_x,lm7_y,lm7_z,lm8_x,lm8_y,lm8_z,lm9_x,lm9_y,lm9_z,lm10_x,lm10_y,lm10_z,lm11_x,lm11_y,lm11_z,lm12_x,lm12_y,lm12_z,lm13_x,lm13_y,lm13_z,lm14_x,lm14_y,lm14_z,lm15_x,lm15_y,lm15_z,lm16_x,lm16_y,lm16_z,lm17_x,lm17_y,lm17_z,lm18_x,lm18_y,lm18_z,lm19_x,lm19_y,lm19_z,lm20_x,lm20_y,lm20_z,lm21_x,lm21_y,lm21_z,lm22_x,lm22_y,lm22_z,lm23_x,lm23_y,lm23_z,lm24_x,lm24_y,lm24_z,lm25_x,lm25_y,lm25_z,lm26_x,lm26_y,lm26_z,lm27_x,lm27_y,lm27_z,lm28_x,lm28_y,lm28_z,lm29_x,lm29_y,lm29_z,lm30_x,lm30_y,lm30_z,lm31_x,lm31_y,lm31_z,lm32_x,lm32_y,lm32_z
HA_Lat_12_6.13.26,0,457.2,577.44,0,457.66,571.59,0.9842,457.2,577.44,0.996,0.24512,0.326688,-0.124418,0.244878,0.314986,-0.108334,0.246284,0.31497,-0.108493,0.247464,0.314991,-0.108397,0.238618,0.315383,-0.128304,0.235683,0.315924,-0.128563,0.232876,0.316351,-0.128685,0.244799,0.320482,-0.021232,0.226062,0.32043,-0.111733,0.246211,0.338455,-0.088288,0.238572,0.339745,-0.115467,0.243813,0.390315,0.089272,0.211259,0.378708,-0.142,0.226989,0.48024,0.132432,0.203202,0.472829,-0.182293,0.227798,0.546466,0.07369,0.238127,0.534667,-0.194874,0.226539,0.57475,0.070491,0.246407,0.552423,-0.218966,0.229991,0.570978,0.051191,0.251595,0.542031,-0.213759,0.229122,0.562723,0.064464,0.249688,0.537401,-0.191411,0.224904,0.554238,0.073244,0.216554,0.55504,-0.073396,0.183371,0.668164,0.093094,0.268714,0.648488,-0.067287,0.132573,0.753635,0.110687,0.278367,0.78028,-0.020588,0.118659,0.763301,0.110268,0.269935,0.801925,-0.016316,0.153037,0.795458,0.08111,0.311298,0.817645,-0.053831
HA_Lat_12_6.13.26,1,457.21,577.38,0,459.69,570.89,0.983,457.21,577.38,0.995,0.245041,0.326687,-0.131791,0.244882,0.314987,-0.116139,0.246345,0.314959,-0.116283,0.247553,0.314966,-0.116196,0.238622,0.315419,-0.135079,0.235694,0.315931,-0.13532,0.232907,0.316347,-0.135421,0.244805,0.320432,-0.02962,0.226037,0.320347,-0.115542,0.246207,0.33846,-0.095845,0.238601,0.339706,-0.121678,0.243141,0.389865,0.079146,0.211189,0.378659,-0.141229,0.23082,0.479302,0.106595,0.203223,0.472831,-0.17381,0.238086,0.540397,0.02998,0.238129,0.534611,-0.176254,0.239012,0.563366,0.022974,0.24638,0.552257,-0.197729,0.241917,0.55762,0.00607,0.25151,0.542032,-0.193773,0.241973,0.551937,0.021158,0.249665,0.537345,-0.17334,0.22473,0.554408,0.071761,0.21631,0.55505,-0.071903,0.183371,0.668809,0.111931,0.268543,0.648754,-0.060493,0.132573,0.75365,0.148531,0.278035,0.780282,-0.001074,0.118557,0.763441,0.150062,0.269085,0.801925,0.00466,0.151969,0.795318,0.126946,0.311084,0.817321,-0.027369
HA_Lat_12_6.13.26,2,457.22,577.36,0,460.29,571.12,0.9821,457.22,577.36,0.9942,0.244681,0.326575,-0.132743,0.244747,0.314986,-0.117057,0.246297,0.314952,-0.117196,0.24753,0.314936,-0.117111,0.23841,0.315425,-0.135585,0.235503,0.315936,-0.135824,0.23273,0.31635,-0.135922,0.244805,0.320181,-0.030004,0.225837,0.320359,-0.115512,0.246161,0.338459,-0.096604,0.23852,0.339704,-0.121923,0.242929,0.389715,0.078161,0.211152,0.378534,-0.138033,0.231205,0.478738,0.101001,0.203312,0.472784,-0.168434,0.23753,0.539617,0.020184,0.238134,0.534589,-0.171242,0.239361,0.560424,0.011916,0.246323,0.552187,-0.192896,0.242052,0.556225,-0.004996,0.251445,0.542052,-0.189282,0.242386,0.549812,0.011169,0.249644,0.537356,-0.168551,0.224635,0.55452,0.071038,0.21579,0.55505,-0.071169,0.183307,0.669362,0.11338,0.268278,0.648669,-0.061045,0.132564,0.753778,0.156045,0.277993,0.780239,-0.005046,0.118508,0.763463,0.158304,0.268864,0.80179,0.000202,0.151932,0.795161,0.136964,0.310407,0.815934,-0.033487
HA_Lat_12_6.13.26,3,457.46,577.34,0,461.17,571.12,0.9822,457.46,577.34,0.9931,0.244331,0.326463,-0.134566,0.244526,0.314973,-0.119102,0.246152,0.314935,-0.119242,0.247414,0.314903,-0.11916,0.238142,0.315425,-0.137333,0.235272,0.315935,-0.13757,0.232524,0.316345,-0.137673,0.244733,0.319935,-0.032921,0.225449,0.320356,-0.116329,0.245979,0.338448,-0.098726,0.238405,0.339696,-0.123632,0.242685,0.389471,0.074994,0.211005,0.378516,-0.138254,0.231217,0.478242,0.104617,0.203514,0.472728,-0.169287,0.237049,0.53902,0.034626,0.238262,0.534575,-0.171621,0.239391,0.55878,0.028657,0.246341,0.552081,-0.193296,0.241792,0.555346,0.011121,0.251451,0.542049,-0.189252,0.242133,0.548484,0.025729,0.249653,0.537347,-0.168766,0.224495,0.554519,0.070714,0.215446,0.555056,-0.070838,0.183254,0.66941,0.125901,0.268021,0.648721,-0.058438,0.132575,0.753779,0.17966,0.277925,0.780231,0.00427,0.118508,0.763458,0.183043,0.268729,0.801772,0.010416,0.151671,0.794712,0.162491,0.309897,0.815298,-0.022233
HA_Lat_12_6.13.26,4,457.7,577.33,0,461.91,570.72,0.9839,457.7,577.33,0.992,0.243714,0.326463,-0.134169,0.244178,0.315019,-0.118686,0.24586,0.31498,-0.118827,0.247166,0.314939,-0.118745,0.237863,0.315457,-0.137026,0.235026,0.315945,-0.137263,0.232312,0.316344,-0.137364,0.244595,0.319886,-0.032317,0.225076,0.320261,-0.116104,0.24545,0.33848,-0.098251,0.23813,0.3397,-0.123306,0.242321,0.388804,0.075276,0.210658,0.378498,-0.137595,0.230465,0.47728,0.098801,0.203662,0.472683,-0.167115,0.236657,0.538422,0.018087,0.238383,0.534568,-0.167288,0.239323,0.557743,0.009853,0.24635,0.55196,-0.188559,0.241715,0.553634,-0.006992,0.251441,0.542078,-0.184825,0.241896,0.547907,0.009073,0.249649,0.537381,-0.164533,0.224115,0.554301,0.0705,0.2151,0.554985,-0.070622,0.183119,0.669422,0.120601,0.267719,0.648752,-0.059055,0.13258,0.753789,0.166502,0.277857,0.780242,-3e-05,0.118505,0.763452,0.16907,0.268662,0.801779,0.005605,0.151574,0.794628,0.148193,0.309395,0.814887,-0.027229
HA_Lat_12_6.13.26,5,457.85,577.27,0,460.55,570.42,0.9849,457.85,577.27,0.9916,0.243329,0.326463,-0.133457,0.243838,0.315067,-0.117858,0.245451,0.315038,-0.118003,0.246719,0.315,-0.117918,0.237704,0.315488,-0.136528,0.234893,0.315955,-0.136771,0.23219,0.316345,-0.136877,0.244101,0.319891,-0.031316,0.224855,0.320234,-0.115763,0.244855,0.338571,-0.097453,0.237757,0.3397,-0.122889,0.241936,0.388822,0.075666,0.209638,0.378723,-0.136812,0.230485,0.477103,0.094739,0.203784,0.472685,-0.165656,0.237592,0.537798,0.007402,0.238461,0.534513,-0.16812,0.239603,0.556936,-0.002205,0.246358,0.551904,-0.190328,0.243962,0.551695,-0.019125,0.251451,0.541994,-0.186962,0.242264,0.546656,-0.001866,0.249658,0.537295,-0.1656,0.224034,0.554312,0.070099,0.214852,0.554981,-0.070213,0.183082,0.669486,0.121999,0.267492,0.648797,-0.059684,0.132515,0.753837,0.174089,0.277749,0.780231,-0.002448,0.118403,0.763468,0.177285,0.268362,0.801779,0.002819,0.15132,0.794452,0.156294,0.30907,0.813908,-0.030884
HA_Lat_12_6.13.26,6,458.2,577.27,0,461.29,570.77,0.9851,458.2,577.27,0.9907,0.242711,0.32635,-0.134925,0.243258,0.31504,-0.119368,0.244983,0.31499,-0.119508,0.24631,0.314927,-0.119426,0.237174,0.315488,-0.137586,0.234363,0.315955,-0.137824,0.231695,0.316345,-0.137923,0.243807,0.319779,-0.032519,0.224205,0.320192,-0.115644,0.244468,0.338446,-0.098821,0.237294,0.339694,-0.123689,0.241732,0.388633,0.074451,0.209053,0.378735,-0.136442,0.230687,0.476655,0.096637,0.20393,0.472689,-0.166433,0.238351,0.537277,0.017886,0.238647,0.534513,-0.170197,0.240231,0.556,0.009953,0.246443,0.551884,-0.192335,0.245102,0.55049,-0.007185,0.251516,0.541995,-0.189002,0.242663,0.545957,0.008845,0.24972,0.5373,-0.16772,0.224021,0.554372,0.069672,0.21457,0.554963,-0.069788,0.183011,0.669615,0.117314,0.267297,0.648997,-0.056427,0.132514,0.753901,0.158536,0.277719,0.780252,-0.003015,0.11838,0.763507,0.160451,0.267986,0.801849,0.00186,0.151274,0.794232,0.136609,0.309051,0.813268,-0.033154
HA_Lat_12_6.13.26,7,458.63,577.32,0,462.23,571.91,0.9853,458.63,577.32,0.9893,0.242379,0.326346,-0.134235,0.242924,0.315042,-0.118611,0.244613,0.31499,-0.118753,0.245901,0.314926,-0.118669,0.236854,0.3155,-0.137035,0.234015,0.315965,-0.137274,0.23135,0.31635,-0.137376,0.243209,0.319743,-0.032085,0.22384,0.320192,-0.11562,0.244072,0.338449,-0.098152,0.236985,0.339697,-0.123261,0.241471,0.388698,0.073735,0.208376,0.378734,-0.13664,0.231321,0.476621,0.096611,0.203963,0.472689,-0.167326,0.240694,0.536058,0.01769,0.23887,0.534553,-0.171813,0.243529,0.555091,0.009481,0.246493,0.551895,-0.194119,0.247009,0.549824,-0.007743,0.251533,0.542157,-0.190819,0.245959,0.544217,0.008551,0.249777,0.537514,-0.169376,0.224024,0.554364,0.069292,0.214387,0.55492,-0.069403,0.182982,0.669644,0.117107,0.266877,0.649052,-0.056727,0.132501,0.753982,0.162373,0.277509,0.780255,-0.004349,0.118355,0.763562,0.164674,0.267944,0.80184,0.000534,0.151214,0.794225,0.139522,0.308172,0.812178,-0.034655
HA_Lat_12_6.13.26,8,458.72,577.34,0,460.89,572.5,0.9863,458.72,577.34,0.9885,0.241823,0.326203,-0.133867,0.242282,0.315035,-0.118217,0.243899,0.314982,-0.118362,0.245154,0.314913,-0.118274,0.236396,0.315501,-0.136856,0.23358,0.315965,-0.1371,0.230916,0.316349,-0.137205,0.242425,0.319697,-0.031638,0.223178,0.320157,-0.11524,0.243479,0.338441,-0.097745,0.236403,0.339661,-0.123104,0.241298,0.388809,0.074926,0.207657,0.378788,-0.136207,0.233381,0.476643,0.099921,0.203982,0.472761,-0.16818,0.24232,0.535683,0.021332,0.238916,0.534571,-0.173269,0.245942,0.554608,0.013249,0.246493,0.551897,-0.195502,0.248786,0.549636,-0.004207,0.251534,0.542264,-0.191233,0.247964,0.544425,0.012114,0.249809,0.537728,-0.170314,0.224025,0.554365,0.069276,0.214183,0.554907,-0.069384,0.182845,0.670085,0.115347,0.266501,0.649048,-0.071537,0.132377,0.754016,0.164325,0.277479,0.780257,-0.022102,0.118327,0.763613,0.167203,0.267915,0.801847,-0.017619,0.151099,0.794217,0.142455,0.307972,0.812237,-0.057373
HA_Lat_12_6.13.26,9,458.82,577.65,0,459.21,573.01,0.9858,458.82,577.65,0.9877,0.241247,0.326291,-0.132137,0.241766,0.315156,-0.116554,0.243415,0.315061,-0.116693,0.244707,0.314951,-0.116614,0.23597,0.315599,-0.13507,0.233245,0.316001,-0.135305,0.230611,0.316361,-0.135404,0.241911,0.319697,-0.030173,0.222689,0.320125,-0.113684,0.242948,0.338542,-0.096167,0.235864,0.339712,-0.121425,0.240938,0.38882,0.075621,0.206856,0.378956,-0.135474,0.234097,0.476665,0.100353,0.203988,0.472782,-0.168613,0.242836,0.535777,0.01891,0.23897,0.534859,-0.17465,0.246897,0.55492,0.010331,0.246493,0.552174,-0.196971,0.249578,0.550007,-0.007049,0.251534,0.542988,-0.192404,0.248797,0.544926,0.009601,0.24983,0.538626,-0.171573,0.224035,0.554295,0.069345,0.213893,0.554722,-0.069455,0.182764,0.670144,0.114311,0.266173,0.649003,-0.078872,0.13233,0.754026,0.164204,0.277479,0.780428,-0.035972,0.118325,0.7637,0.167147,0.267925,0.802135,-0.032286,0.151109,0.794217,0.142402,0.308103,0.812278,-0.07445
HA_Lat_12_6.13.26,10,458.82,577.83,0,459.16,574.52,0.9865,458.82,577.83,0.9871,0.240804,0.326262,-0.130445,0.241299,0.315166,-0.115144,0.242894,0.315064,-0.115279,0.244171,0.314951,-0.115205,0.235503,0.315616,-0.133254,0.232808,0.316007,-0.133487,0.230165,0.316364,-0.133584,0.241399,0.319672,-0.029626,0.222345,0.320062,-0.111704,0.242443,0.338543,-0.09484,0.235287,0.339699,-0.119603,0.240609,0.388696,0.076188,0.206515,0.37896,-0.133276,0.234744,0.476534,0.100779,0.203987,0.472977,-0.166933,0.242799,0.535144,0.022426,0.238969,0.535029,-0.175009,0.246492,0.555511,0.014527,0.246484,0.552438,-0.197533,0.249497,0.549046,-0.002758,0.251528,0.543277,-0.193401,0.248843,0.544424,0.013282,0.24983,0.538872,-0.172214,0.224044,0.554119,0.068907,0.213626,0.554521,-0.069013,0.182671,0.670256,0.111018,0.265839,0.648991,-0.077607,0.132304,0.754026,0.158324,0.27748,0.78067,-0.035642,0.118327,0.763701,0.160474,0.267948,0.802368,-0.032099,0.15067,0.794014,0.135415,0.307936,0.812373,-0.07415
HA_Lat_12_6.13.26,11,458.82,578.41,0,459.01,575.14,0.9854,458.82,578.41,0.9862,0.240303,0.326235,-0.129334,0.24074,0.315159,-0.1142,0.242296,0.315046,-0.114335,0.243554,0.314919,-0.114265,0.235045,0.315613,-0.13227,0.232394,0.315998,-0.132501,0.229755,0.316349,-0.1326,0.240772,0.319639,-0.029574,0.221974,0.32005,-0.111571,0.241926,0.338529,-0.094195,0.234849,0.339619,-0.11892,0.240667,0.388815,0.076066,0.20589,0.379024,-0.133587,0.237197,0.476583,0.097799,0.203987,0.47347,-0.167552,0.248794,0.535415,0.014975,0.23897,0.535568,-0.176063,0.252241,0.554558,0.006144,0.246454,0.552976,-0.1994,0.253849,0.547518,-0.011302,0.251513,0.543708,-0.196594,0.252761,0.541586,0.005583,0.249831,0.539226,-0.174053,0.22405,0.554108,0.068686,0.213358,0.554357,-0.068787,0.182658,0.670288,0.110895,0.265619,0.648941,-0.078165,0.132304,0.754026,0.162561,0.27748,0.780844,-0.034934,0.118325,0.763712,0.165464,0.267981,0.802568,-0.031359,0.150264,0.794019,0.138313,0.307928,0.812396,-0.07568
HA_Lat_12_6.13.26,12,458.76,578.76,0,458.5,574.78,0.9853,458.76,578.76,0.9842,0.239538,0.326232,-0.123352,0.240132,0.31516,-0.108613,0.24175,0.315046,-0.108749,0.243041,0.314917,-0.108682,0.234377,0.315613,-0.12641,0.231691,0.315997,-0.126643,0.229039,0.316341,-0.126748,0.24043,0.319622,-0.026408,0.221492,0.320032,-0.107245,0.241283,0.338526,-0.089141,0.234264,0.339598,-0.113536,0.240786,0.38884,0.076458,0.205303,0.379074,-0.129824,0.238047,0.476599,0.096199,0.20398,0.473657,-0.163173,0.247308,0.534151,0.010279,0.238936,0.535889,-0.173933,0.25083,0.554637,0.000681,0.246342,0.553242,-0.197275,0.253684,0.546968,-0.016075,0.251445,0.543904,-0.194652,0.251456,0.540694,0.001083,0.24981,0.539442,-0.172035,0.224082,0.55406,0.068006,0.213175,0.554225,-0.068103,0.182612,0.670449,0.109776,0.265488,0.648899,-0.080241,0.132304,0.754032,0.161613,0.277496,0.780969,-0.036133,0.118327,0.763715,0.164768,0.268045,0.802599,-0.032442,0.150093,0.793985,0.137782,0.307917,0.812412,-0.076887
HA_Lat_12_6.13.26,13,458.72,579.2,0,457.86,574.16,0.9861,458.72,579.2,0.9826,0.238942,0.32623,-0.120029,0.239641,0.315159,-0.105516,0.241299,0.315044,-0.105651,0.242619,0.314912,-0.105582,0.23386,0.315614,-0.123291,0.23116,0.315995,-0.123525,0.22853,0.316329,-0.12363,0.240128,0.319598,-0.024488,0.221042,0.319966,-0.105061,0.240794,0.338538,-0.086155,0.233816,0.33959,-0.110509,0.240403,0.388784,0.076757,0.204846,0.379075,-0.127354,0.237488,0.476592,0.09416,0.203956,0.473784,-0.157189,0.246174,0.533325,0.006437,0.238914,0.536293,-0.164118,0.249266,0.554544,-0.003526,0.24625,0.553588,-0.186434,0.251905,0.547346,-0.019605,0.251363,0.544211,-0.183922,0.250464,0.540458,-0.002535,0.249769,0.539767,-0.162131,0.224079,0.554046,0.067222,0.212965,0.554195,-0.067315,0.182533,0.670655,0.109516,0.265373,0.648896,-0.078389,0.132293,0.754055,0.161142,0.277496,0.781088,-0.034755,0.118327,0.763742,0.164364,0.268055,0.802715,-0.031094,0.149989,0.793973,0.138735,0.307949,0.812498,-0.074088
HA_Lat_12_6.13.26,14,458.53,579.2,0,456.78,573.78,0.9868,458.53,579.2,0.9817,0.238279,0.326211,-0.120844,0.239206,0.315158,-0.106079,0.240915,0.315043,-0.106216,0.242313,0.314911,-0.106144,0.233297,0.315608,-0.124328,0.230571,0.315983,-0.124564,0.22793,0.316303,-0.124669,0.240072,0.319596,-0.024533,0.220553,0.319869,-0.105159,0.240351,0.338545,-0.086643,0.233236,0.339579,-0.111483,0.240442,0.388811,0.076827,0.204805,0.378984,-0.127655,0.236955,0.476562,0.09408,0.203832,0.473779,-0.159855,0.24596,0.532445,0.008739,0.238817,0.5363,-0.165488,0.250007,0.554251,-0.000763,0.246107,0.553687,-0.186626,0.253039,0.546615,-0.017431,0.251324,0.544237,-0.185084,0.25047,0.539639,-0.000361,0.249751,0.539769,-0.162589,0.224046,0.554033,0.067236,0.212778,0.554139,-0.067331,0.182536,0.670691,0.110305,0.2653,0.648878,-0.079761,0.132293,0.754056,0.165443,0.277504,0.781109,-0.035741,0.118328,0.763789,0.168837,0.268089,0.802715,-0.031972,0.149965,0.793974,0.143175,0.307899,0.812558,-0.075036
HA_Lat_12_6.13.26,15,458.53,579.53,0,456.52,573.57,0.9869,458.53,579.53,0.9803,0.238243,0.326251,-0.120867,0.23905,0.315159,-0.105933,0.24074,0.315042,-0.106071,0.242087,0.314909,-0.105999,0.233094,0.315612,-0.124049,0.230269,0.315985,-0.124284,0.227591,0.316302,-0.124388,0.239596,0.319591,-0.02334,0.219854,0.319893,-0.104022,0.240158,0.338604,-0.086279,0.233111,0.339627,-0.110977,0.240005,0.388597,0.076924,0.204408,0.379002,-0.124984,0.237694,0.476483,0.093583,0.2038,0.473864,-0.157149,0.245911,0.531685,0.005774,0.238816,0.536602,-0.165708,0.250617,0.553628,-0.004221,0.24607,0.553946,-0.18772,0.25328,0.546459,-0.020433,0.251301,0.544546,-0.185596,0.250284,0.539277,-0.003241,0.249741,0.539999,-0.163411,0.22403,0.553931,0.066532,0.21249,0.554117,-0.066628,0.182529,0.670701,0.107061,0.265203,0.648877,-0.078527,0.132293,0.754075,0.162253,0.277497,0.781083,-0.032902,0.118328,0.763847,0.164929,0.268069,0.802605,-0.028957,0.15013,0.793976,0.139721,0.307907,0.81269,-0.070436
HA_Lat_12_6.13.26,16,458.43,579.57,0,456.15,573.59,0.9871,458.43,579.57,0.9808,0.237851,0.3262,-0.121349,0.2386,0.315118,-0.106036,0.240306,0.314979,-0.106169,0.241678,0.314815,-0.106098,0.232587,0.315596,-0.124141,0.229718,0.315977,-0.124374,0.22703,0.316297,-0.12448,0.239371,0.319481,-0.023374,0.219348,0.319907,-0.104749,0.23998,0.338586,-0.086306,0.232724,0.339613,-0.111009,0.240032,0.388623,0.078099,0.20419,0.379002,-0.125486,0.237401,0.476466,0.094666,0.203759,0.473905,-0.158152,0.245645,0.531874,0.011936,0.238764,0.536643,-0.169966,0.249434,0.554008,0.003122,0.246,0.554104,-0.194102,0.252145,0.546251,-0.013613,0.251249,0.544603,-0.191336,0.249576,0.53986,0.002902,0.249691,0.54003,-0.167788,0.224022,0.553957,0.067363,0.21225,0.554123,-0.067448,0.182461,0.670963,0.119711,0.26515,0.648845,-0.085499,0.132293,0.754076,0.189,0.277505,0.781086,-0.042472,0.118335,0.76385,0.193769,0.268091,0.802593,-0.038621,0.150145,0.793974,0.172251,0.307885,0.812761,-0.081051
HA_Lat_12_6.13.26,17,458.28,579.56,0,456.45,573.83,0.9867,458.28,579.56,0.9807,0.237694,0.326205,-0.121776,0.238437,0.315115,-0.106378,0.240154,0.314973,-0.106514,0.241504,0.314803,-0.106442,0.232409,0.315593,-0.124641,0.229533,0.315965,-0.124876,0.226858,0.316268,-0.124984,0.239017,0.319447,-0.023487,0.219024,0.319824,-0.105309,0.239676,0.338587,-0.086749,0.232526,0.339614,-0.11162,0.239612,0.388206,0.078132,0.203943,0.378942,-0.126842,0.236249,0.475748,0.096515,0.203696,0.473874,-0.160048,0.245552,0.531617,0.015404,0.238688,0.536629,-0.170326,0.248861,0.554333,0.007015,0.245955,0.554039,-0.193508,0.251593,0.546554,-0.010183,0.25118,0.544595,-0.190367,0.249001,0.540394,0.006269,0.24959,0.540021,-0.168029,0.22401,0.553843,0.067446,0.212221,0.554068,-0.067534,0.182542,0.67096,0.11494,0.265098,0.648872,-0.08351,0.13232,0.754087,0.171498,0.277494,0.781074,-0.041507,0.118338,0.763899,0.174978,0.267986,0.802499,-0.037337,0.150297,0.794021,0.155713,0.307862,0.812842,-0.079605
HA_Lat_12_6.13.26,18,458.2,579.61,0,456.94,574.17,0.9871,458.2,579.61,0.9811,0.237307,0.326154,-0.1235,0.238043,0.315068,-0.108149,0.239704,0.314909,-0.108284,0.241051,0.314737,-0.108212,0.232093,0.315566,-0.126157,0.229244,0.315941,-0.126392,0.226581,0.316242,-0.1265,0.238695,0.319417,-0.024547,0.218835,0.319812,-0.105752,0.239273,0.338565,-0.088319,0.232207,0.339496,-0.112922,0.239152,0.388005,0.077649,0.203832,0.378952,-0.127454,0.23606,0.47565,0.09754,0.203605,0.473909,-0.160744,0.245479,0.53164,0.018429,0.238645,0.536673,-0.170898,0.248348,0.554589,0.010996,0.245833,0.554051,-0.194076,0.250976,0.546411,-0.005515,0.251042,0.544619,-0.191046,0.24863,0.540795,0.009806,0.249498,0.540037,-0.1687,0.223996,0.553793,0.067479,0.212223,0.554066,-0.067571,0.182544,0.670958,0.114302,0.265002,0.648866,-0.081578,0.132324,0.754148,0.16674,0.277504,0.781073,-0.037795,0.118336,0.764037,0.169739,0.267969,0.802497,-0.033862,0.150301,0.794042,0.148033,0.307929,0.812859,-0.076229
HA_Lat_12_6.13.26,19,457.98,579.62,0,457.17,574.19,0.9875,457.98,579.62,0.9815,0.236974,0.326158,-0.121438,0.237783,0.315068,-0.106305,0.239432,0.314908,-0.106441,0.240779,0.314736,-0.106367,0.2318,0.315569,-0.124277,0.228899,0.315945,-0.124515,0.226211,0.316244,-0.124625,0.238542,0.319416,-0.023137,0.218627,0.319826,-0.104517,0.238949,0.338545,-0.086595,0.231924,0.33948,-0.111207,0.238968,0.387996,0.078322,0.203475,0.378947,-0.127473,0.235903,0.475656,0.098349,0.203471,0.473926,-0.161291,0.245066,0.531644,0.020976,0.238532,0.536682,-0.171598,0.247706,0.55474,0.013682,0.245624,0.554099,-0.194774,0.248902,0.546656,-0.00254,0.250843,0.544696,-0.191619,0.248022,0.541104,0.012522,0.24935,0.540081,-0.169342,0.223983,0.553768,0.067486,0.212144,0.554035,-0.067579,0.182544,0.670957,0.113745,0.264877,0.648848,-0.080694,0.132327,0.754183,0.165336,0.277505,0.781073,-0.039571,0.118341,0.764103,0.16842,0.267958,0.802493,-0.036132,0.150246,0.794123,0.144872,0.30794,0.812898,-0.07977
HA_Lat_12_6.13.26,20,457.83,579.71,0,456.56,574.36,0.9883,457.83,579.71,0.9814,0.236646,0.326114,-0.121681,0.23751,0.315032,-0.10657,0.239189,0.314861,-0.106705,0.240539,0.314677,-0.106632,0.231447,0.31555,-0.124383,0.228474,0.315933,-0.124621,0.225794,0.316231,-0.12473,0.2384,0.31933,-0.023324,0.218412,0.319825,-0.104982,0.23873,0.338408,-0.086872,0.23167,0.339417,-0.111359,0.239011,0.388067,0.078171,0.20303,0.378963,-0.127932,0.235825,0.475665,0.097671,0.203327,0.474044,-0.161627,0.245414,0.533078,0.017229,0.238452,0.536767,-0.171958,0.248063,0.554828,0.008992,0.245472,0.554149,-0.195046,0.249097,0.546723,-0.007423,0.250654,0.544838,-0.19192,0.248354,0.541264,0.008467,0.249211,0.540203,-0.169718,0.223972,0.55377,0.067366,0.212084,0.554029,-0.067462,0.182516,0.67113,0.11074,0.264742,0.648842,-0.079663,0.132336,0.754249,0.164223,0.277514,0.781041,-0.037253,0.118345,0.764171,0.167599,0.267962,0.802377,-0.033621,0.150106,0.794208,0.141635,0.307944,0.812914,-0.075645
HA_Lat_12_6.13.26,21,457.54,579.71,0,457.0,574.41,0.988,457.54,579.71,0.9811,0.236372,0.326112,-0.121139,0.237313,0.31503,-0.105865,0.23901,0.314858,-0.106,0.24036,0.314676,-0.105926,0.231194,0.315551,-0.123695,0.228187,0.315935,-0.123935,0.225502,0.316231,-0.124044,0.238304,0.319328,-0.021525,0.218167,0.31983,-0.102892,0.238523,0.338356,-0.086023,0.231451,0.339376,-0.110516,0.239124,0.388388,0.079857,0.202715,0.378953,-0.125833,0.235717,0.475676,0.098009,0.203191,0.47406,-0.158589,0.245324,0.532635,0.017813,0.2383,0.536765,-0.169452,0.247932,0.554947,0.009195,0.245304,0.554163,-0.192593,0.2489,0.54677,-0.00739,0.250517,0.544846,-0.189592,0.248298,0.540942,0.008909,0.249077,0.540207,-0.167273,0.223992,0.553707,0.067387,0.211984,0.553873,-0.067484,0.182516,0.671129,0.110529,0.264588,0.648837,-0.080639,0.132336,0.754287,0.164463,0.277511,0.781054,-0.038673,0.118343,0.764342,0.167926,0.267942,0.802377,-0.035152,0.150118,0.794217,0.141708,0.308005,0.812978,-0.079782
HA_Lat_12_6.13.26,22,457.53,579.76,0,457.17,574.42,0.9882,457.53,579.76,0.9812,0.236183,0.326008,-0.12072,0.237059,0.314913,-0.105407,0.238764,0.314738,-0.105543,0.240109,0.314557,-0.105468,0.231013,0.315465,-0.123084,0.228038,0.315864,-0.123324,0.225381,0.316164,-0.123432,0.238082,0.319289,-0.021016,0.217985,0.31982,-0.101401,0.238386,0.338276,-0.085647,0.231353,0.339201,-0.109921,0.239164,0.3885,0.079866,0.202472,0.378995,-0.122993,0.235835,0.475688,0.096879,0.203177,0.474299,-0.15336,0.245262,0.53265,0.011875,0.238299,0.536811,-0.16408,0.247511,0.555068,0.002326,0.245305,0.55418,-0.186778,0.248782,0.546609,-0.013827,0.250516,0.544839,-0.184302,0.248137,0.541021,0.003011,0.249075,0.540199,-0.16211,0.224026,0.553701,0.066655,0.211959,0.553804,-0.066752,0.182482,0.671184,0.105108,0.264469,0.648839,-0.08155,0.132316,0.754403,0.161043,0.277557,0.781117,-0.042971,0.118323,0.764431,0.16482,0.267945,0.802436,-0.039891,0.150111,0.794212,0.138443,0.308147,0.813076,-0.085238
HA_Lat_12_6.13.26,23,457.5,579.77,0,457.02,574.11,0.9882,457.5,579.77,0.9809,0.236055,0.326006,-0.122983,0.236918,0.314902,-0.107305,0.238629,0.314719,-0.107438,0.239988,0.314533,-0.107366,0.230894,0.315463,-0.12527,0.227963,0.315861,-0.125508,0.225319,0.316159,-0.125613,0.237963,0.319282,-0.021181,0.217905,0.319815,-0.102383,0.238257,0.338229,-0.087109,0.231233,0.339157,-0.111741,0.239194,0.388482,0.079966,0.2023,0.378986,-0.123341,0.236753,0.47565,0.097552,0.203126,0.474357,-0.156175,0.247866,0.532692,0.013402,0.238283,0.536821,-0.170034,0.250859,0.553346,0.004236,0.245299,0.554181,-0.193351,0.251804,0.545204,-0.01248,0.250504,0.544817,-0.191023,0.250853,0.538841,0.004303,0.24907,0.540175,-0.16826,0.224679,0.553624,0.066855,0.211974,0.553696,-0.066951,0.182456,0.671277,0.105102,0.264368,0.648843,-0.083741,0.132312,0.754407,0.160493,0.277602,0.781145,-0.046136,0.118322,0.764447,0.164035,0.267959,0.802491,-0.043226,0.15009,0.79421,0.138371,0.308219,0.813116,-0.090387
HA_Lat_12_6.13.26,24,457.56,579.83,0,457.24,573.88,0.9883,457.56,579.83,0.9789,0.235634,0.326003,-0.122458,0.236536,0.314852,-0.106877,0.238304,0.314668,-0.107011,0.239695,0.314491,-0.106937,0.230463,0.315423,-0.124533,0.227493,0.315824,-0.124773,0.224849,0.31611,-0.124878,0.237803,0.319281,-0.021045,0.217498,0.319812,-0.101,0.238007,0.338163,-0.086771,0.230943,0.339111,-0.111022,0.239211,0.388569,0.079991,0.202194,0.378985,-0.121893,0.236829,0.475722,0.09683,0.203123,0.474511,-0.152506,0.246996,0.532513,0.011747,0.238312,0.536878,-0.16149,0.250052,0.553614,0.002405,0.245324,0.554272,-0.183574,0.251424,0.545682,-0.013858,0.250517,0.544885,-0.181374,0.250278,0.539087,0.002819,0.249088,0.5402,-0.159652,0.224685,0.553614,0.066518,0.211984,0.55369,-0.066617,0.182404,0.671329,0.101684,0.264204,0.648879,-0.082802,0.132268,0.754561,0.151067,0.277628,0.781209,-0.044155,0.118362,0.76461,0.153738,0.267997,0.802522,-0.041312,0.150103,0.794251,0.124368,0.308459,0.81317,-0.08869
HA_Lat_12_6.13.26,25,457.58,579.97,0,456.43,575.4,0.988,457.58,579.97,0.979,0.235601,0.32596,-0.125281,0.236418,0.314767,-0.109606,0.238164,0.314553,-0.10974,0.239543,0.314335,-0.109665,0.230403,0.315387,-0.127308,0.227458,0.315796,-0.127548,0.224812,0.316088,-0.127656,0.237619,0.319191,-0.022837,0.217438,0.319811,-0.102822,0.237956,0.338084,-0.089259,0.230885,0.339072,-0.113539,0.239225,0.388725,0.079316,0.202114,0.378977,-0.122401,0.236749,0.475796,0.096281,0.203109,0.47465,-0.154046,0.246389,0.532547,0.010368,0.238325,0.53701,-0.161925,0.24947,0.553864,0.000939,0.245424,0.554307,-0.184024,0.25104,0.545866,-0.015699,0.250534,0.544878,-0.182265,0.249873,0.539311,0.001288,0.249093,0.540197,-0.159843,0.22469,0.553636,0.066573,0.211978,0.553689,-0.066673,0.182309,0.671385,0.102101,0.264072,0.648931,-0.081982,0.132232,0.754652,0.155074,0.277629,0.781223,-0.04269,0.118363,0.764845,0.158227,0.268001,0.802523,-0.039726,0.150109,0.79427,0.127477,0.308463,0.813214,-0.087713
HA_Lat_12_6.13.26,26,457.55,580.07,0,456.67,576.15,0.9881,457.55,580.07,0.9785,0.235668,0.325958,-0.126177,0.236408,0.314756,-0.110514,0.238126,0.314534,-0.11065,0.239485,0.314305,-0.110576,0.230458,0.315384,-0.128605,0.227532,0.315791,-0.128843,0.224891,0.31608,-0.12895,0.237354,0.319179,-0.023554,0.217399,0.319786,-0.105757,0.237939,0.338073,-0.090072,0.230883,0.339066,-0.114862,0.239254,0.388712,0.078957,0.201872,0.378979,-0.126029,0.237267,0.4758,0.096285,0.203108,0.474743,-0.159773,0.246135,0.532484,0.010689,0.238308,0.537099,-0.170434,0.250198,0.554014,0.001439,0.245426,0.554375,-0.193824,0.252243,0.545892,-0.015494,0.250534,0.544884,-0.1917,0.249905,0.539495,0.00148,0.249089,0.540211,-0.168545,0.225404,0.553614,0.066757,0.211976,0.553685,-0.066854,0.182311,0.671405,0.104923,0.263976,0.648944,-0.082919,0.132221,0.754654,0.163768,0.277629,0.781228,-0.042226,0.118363,0.764941,0.167387,0.26796,0.802519,-0.039088,0.150114,0.794291,0.137237,0.308468,0.813217,-0.087212
HA_Lat_12_6.13.26,27,457.57,580.38,0,456.61,576.17,0.9883,457.57,580.38,0.978,0.235203,0.325907,-0.12424,0.236088,0.314713,-0.108432,0.237831,0.314503,-0.108567,0.239223,0.314289,-0.108493,0.230083,0.315319,-0.126047,0.227171,0.315717,-0.126287,0.224531,0.315997,-0.126398,0.237302,0.319174,-0.021607,0.217201,0.319754,-0.101725,0.23755,0.338033,-0.088339,0.230487,0.338908,-0.112567,0.23951,0.388827,0.079843,0.201634,0.379013,-0.123194,0.237158,0.475923,0.096629,0.203114,0.474949,-0.154784,0.244321,0.533672,0.010018,0.238315,0.537394,-0.165188,0.248585,0.555867,0.000347,0.245426,0.554627,-0.188311,0.248696,0.54728,-0.016127,0.250528,0.545211,-0.186056,0.248127,0.540136,0.000995,0.249079,0.540486,-0.163283,0.225387,0.553587,0.066729,0.211977,0.553683,-0.066826,0.18231,0.67141,0.104188,0.263885,0.648998,-0.08358,0.132223,0.754654,0.162862,0.277498,0.781226,-0.047973,0.118382,0.764942,0.166373,0.267963,0.802527,-0.045393,0.150119,0.794305,0.136884,0.308754,0.813325,-0.09578
HA_Lat_12_6.13.26,28,457.98,580.75,0,456.77,576.72,0.9882,457.98,580.75,0.9776,0.235241,0.325836,-0.126371,0.236024,0.314614,-0.110622,0.237748,0.314372,-0.110758,0.239121,0.31411,-0.110683,0.230072,0.315279,-0.128479,0.227169,0.315692,-0.128715,0.224525,0.315984,-0.128821,0.237141,0.319036,-0.023681,0.217093,0.319758,-0.104773,0.237562,0.33797,-0.090404,0.230478,0.33889,-0.114906,0.23956,0.388964,0.078315,0.201546,0.379013,-0.126209,0.237073,0.476036,0.094111,0.203118,0.475049,-0.155973,0.244245,0.534436,0.006778,0.238529,0.537735,-0.166302,0.248754,0.556826,-0.00285,0.245608,0.554842,-0.189416,0.248835,0.547906,-0.019704,0.250674,0.54544,-0.186924,0.248365,0.540472,-0.002437,0.249201,0.540708,-0.164297,0.225376,0.553596,0.066737,0.21196,0.553685,-0.066833,0.182286,0.671425,0.105041,0.263693,0.649106,-0.081601,0.132227,0.754755,0.162273,0.277538,0.781249,-0.045948,0.118434,0.765011,0.165598,0.267964,0.80258,-0.042787,0.150129,0.794357,0.136715,0.30902,0.813357,-0.09044
HA_Lat_12_6.13.26,29,458.09,580.95,0,456.23,577.0,0.9888,458.09,580.95,0.978,0.235228,0.325812,-0.127155,0.235941,0.314584,-0.111223,0.23765,0.314332,-0.11136,0.239005,0.314057,-0.111284,0.230042,0.315258,-0.129404,0.22716,0.31567,-0.12964,0.224511,0.315963,-0.129747,0.23693,0.318985,-0.023786,0.216965,0.319757,-0.106196,0.237498,0.337947,-0.090972,0.230453,0.338882,-0.115891,0.239593,0.388975,0.078538,0.201463,0.379012,-0.128952,0.237054,0.476042,0.096417,0.203146,0.47506,-0.161444,0.243453,0.534983,0.011324,0.238588,0.53792,-0.171575,0.24853,0.557771,0.002473,0.245718,0.555048,-0.195372,0.248802,0.548458,-0.015132,0.250731,0.545644,-0.192388,0.24829,0.540829,0.001925,0.249239,0.540936,-0.169401,0.22536,0.553604,0.067187,0.211925,0.553687,-0.067283,0.182248,0.671495,0.107577,0.263588,0.649114,-0.081289,0.132227,0.754767,0.164476,0.277539,0.781258,-0.044228,0.118436,0.765022,0.167771,0.267942,0.80258,-0.041038,0.150079,0.794486,0.138455,0.309008,0.813348,-0.088668
HA_Lat_12_6.13.26,30,458.08,580.95,0,456.24,577.17,0.9887,458.08,580.95,0.979,0.235235,0.325777,-0.128181,0.235881,0.314564,-0.1121,0.237567,0.314309,-0.112238,0.238899,0.314034,-0.112162,0.230039,0.315233,-0.130713,0.227179,0.315635,-0.13095,0.224532,0.315923,-0.131055,0.236691,0.318962,-0.024062,0.216855,0.319724,-0.108561,0.2374,0.337907,-0.091777,0.230429,0.338859,-0.117261,0.239628,0.38906,0.079234,0.201387,0.378977,-0.133233,0.236983,0.476047,0.10093,0.203147,0.47506,-0.169877,0.243729,0.534558,0.018787,0.238586,0.537916,-0.18299,0.249238,0.557658,0.01076,0.245718,0.555057,-0.207521,0.250441,0.548185,-0.007742,0.250731,0.545692,-0.204577,0.248524,0.540924,0.009067,0.249238,0.540992,-0.180928,0.225354,0.553602,0.068183,0.211926,0.55367,-0.068284,0.182247,0.67151,0.108278,0.263532,0.649137,-0.081296,0.132207,0.754799,0.163889,0.277539,0.78127,-0.044553,0.118412,0.765103,0.167285,0.267908,0.802595,-0.041664,0.150072,0.794487,0.136829,0.309013,0.813372,-0.090777
HA_Lat_12_6.13.26,31,458.15,581.06,0,456.27,577.56,0.9889,458.15,581.06,0.978,0.234946,0.325691,-0.121854,0.235675,0.314509,-0.106162,0.237392,0.314268,-0.106298,0.238752,0.314009,-0.106222,0.229762,0.315154,-0.124233,0.226896,0.315543,-0.124472,0.224256,0.315818,-0.124578,0.236644,0.31895,-0.020181,0.216729,0.319668,-0.10245,0.237164,0.337871,-0.086297,0.230214,0.338707,-0.11109,0.239705,0.389255,0.081529,0.201265,0.378988,-0.127132,0.236931,0.476081,0.101203,0.203164,0.475075,-0.160873,0.243526,0.534709,0.018561,0.238622,0.538018,-0.170803,0.249033,0.558117,0.010297,0.245748,0.555142,-0.193872,0.250379,0.548354,-0.007898,0.250758,0.54574,-0.191305,0.248502,0.54096,0.008918,0.249245,0.54104,-0.168822,0.225349,0.553619,0.068019,0.211926,0.553675,-0.06812,0.182207,0.671626,0.103215,0.263465,0.649198,-0.081443,0.132173,0.754831,0.156148,0.277454,0.781289,-0.045302,0.118411,0.765144,0.159252,0.267951,0.802596,-0.042567,0.15004,0.794495,0.128888,0.309176,0.813374,-0.091736
HA_Lat_12_6.13.26,32,458.25,581.13,0,456.26,577.52,0.9887,458.25,581.13,0.9778,0.234851,0.32568,-0.118465,0.235594,0.314507,-0.103244,0.237315,0.314266,-0.103379,0.238673,0.314008,-0.103304,0.229683,0.315136,-0.120993,0.226835,0.315505,-0.121232,0.2242,0.315758,-0.121338,0.236552,0.318946,-0.019046,0.216678,0.319564,-0.100125,0.237011,0.337836,-0.08361,0.230117,0.338637,-0.108012,0.239732,0.389247,0.081723,0.201193,0.378989,-0.124315,0.236902,0.476065,0.100902,0.203217,0.475077,-0.156105,0.243633,0.534416,0.017557,0.238674,0.538083,-0.165285,0.248933,0.5582,0.009039,0.245838,0.555153,-0.187925,0.250279,0.548513,-0.008653,0.250805,0.545761,-0.185559,0.248588,0.541025,0.008097,0.249271,0.541063,-0.16339,0.225761,0.553351,0.067642,0.21194,0.553662,-0.067743,0.182198,0.671636,0.102906,0.26343,0.649357,-0.081471,0.132173,0.754864,0.154868,0.27747,0.781424,-0.047944,0.118418,0.76517,0.157811,0.267968,0.802803,-0.04567,0.150042,0.794526,0.127743,0.309446,0.813408,-0.095656
HA_Lat_12_6.13.26,33,458.35,581.33,0,456.46,577.61,0.9889,458.35,581.33,0.9777,0.234664,0.325661,-0.118916,0.235501,0.31448,-0.103876,0.237236,0.314247,-0.104013,0.238626,0.314001,-0.103938,0.229419,0.315097,-0.121769,0.226525,0.315465,-0.122008,0.223898,0.31571,-0.122115,0.236588,0.318956,-0.019166,0.216599,0.319557,-0.10036,0.236924,0.337835,-0.084191,0.229909,0.338633,-0.108743,0.239751,0.38949,0.082326,0.201143,0.378985,-0.124525,0.236901,0.476947,0.100956,0.203259,0.475093,-0.156629,0.243198,0.536353,0.017553,0.238723,0.538271,-0.165512,0.248753,0.560717,0.009026,0.24587,0.555378,-0.188272,0.250231,0.549955,-0.008635,0.250861,0.546039,-0.185876,0.248543,0.543175,0.008106,0.249317,0.541451,-0.163604,0.225695,0.553319,0.067702,0.211932,0.553646,-0.067803,0.182173,0.67167,0.103187,0.263341,0.649416,-0.082265,0.132028,0.754893,0.154899,0.277352,0.781394,-0.0554,0.118418,0.765201,0.157833,0.267971,0.802817,-0.053898,0.150048,0.794522,0.128156,0.309494,0.813322,-0.105698
HA_Lat_12_6.13.26,34,458.54,581.34,0,456.48,577.55,0.989,458.54,581.34,0.978,0.234714,0.325582,-0.121685,0.235493,0.31442,-0.106511,0.237221,0.314182,-0.10665,0.238593,0.313924,-0.106578,0.229444,0.315037,-0.124738,0.226557,0.315405,-0.124974,0.223925,0.315648,-0.125079,0.236415,0.318892,-0.021342,0.21653,0.319544,-0.104009,0.236937,0.337731,-0.086612,0.229924,0.338614,-0.111561,0.239776,0.389476,0.081022,0.200987,0.379001,-0.127349,0.236867,0.476851,0.100097,0.203273,0.475101,-0.1594,0.243465,0.535834,0.016046,0.238821,0.538278,-0.168413,0.249129,0.560642,0.007318,0.245993,0.555379,-0.191542,0.251159,0.549957,-0.010479,0.250901,0.546058,-0.189168,0.248659,0.543172,0.006517,0.249357,0.541462,-0.166538,0.225628,0.55331,0.067707,0.21191,0.553583,-0.067808,0.182138,0.671757,0.103329,0.263222,0.649453,-0.080492,0.132028,0.754913,0.155753,0.277443,0.781442,-0.048808,0.118412,0.765242,0.158712,0.268018,0.80288,-0.046968,0.150034,0.794523,0.128274,0.309505,0.813413,-0.102131
HA_Lat_12_6.13.26,35,458.62,581.34,0,456.85,577.4,0.9888,458.62,581.34,0.9786,0.234379,0.32558,-0.123791,0.235337,0.314407,-0.108359,0.237098,0.314176,-0.108496,0.23849,0.313923,-0.108423,0.229189,0.315014,-0.126275,0.226317,0.315374,-0.126511,0.223674,0.3156,-0.126615,0.236429,0.31889,-0.022335,0.216388,0.319441,-0.104128,0.236685,0.337733,-0.08833,0.229674,0.338605,-0.11289,0.239797,0.389621,0.081014,0.200957,0.378993,-0.127473,0.236848,0.476853,0.100104,0.203286,0.47508,-0.159545,0.243778,0.535822,0.016092,0.238862,0.53828,-0.168564,0.249562,0.560526,0.007368,0.246032,0.555377,-0.191645,0.251909,0.549898,-0.010365,0.250916,0.546084,-0.189445,0.248861,0.543146,0.00659,0.249367,0.541481,-0.166774,0.225547,0.553298,0.067719,0.211872,0.553537,-0.067822,0.182131,0.67176,0.10103,0.263073,0.649546,-0.075383,0.132032,0.755082,0.145428,0.277289,0.781408,-0.041136,0.11847,0.765412,0.14736,0.26802,0.802813,-0.039108,0.15011,0.794604,0.114909,0.309481,0.813245,-0.09324
HA_Lat_12_6.13.26,36,458.66,581.34,0,457.02,577.07,0.989,458.66,581.34,0.9784,0.234392,0.325582,-0.121742,0.235314,0.314432,-0.106473,0.237073,0.314214,-0.106611,0.238455,0.313989,-0.106539,0.229205,0.315012,-0.124339,0.226352,0.315369,-0.124576,0.22371,0.315586,-0.124682,0.23632,0.318916,-0.021566,0.21636,0.319431,-0.102972,0.236579,0.337737,-0.086672,0.229642,0.338554,-0.11114,0.239812,0.389629,0.081121,0.200899,0.37899,-0.126483,0.236803,0.476814,0.099896,0.20329,0.475132,-0.158422,0.243714,0.535824,0.014578,0.238887,0.538279,-0.167908,0.24947,0.560498,0.005475,0.24606,0.555372,-0.190965,0.251332,0.549958,-0.012015,0.250919,0.546106,-0.188548,0.248845,0.54315,0.005143,0.249368,0.541492,-0.166012,0.225331,0.553271,0.067552,0.211823,0.553438,-0.067655,0.182131,0.671756,0.099296,0.263004,0.649639,-0.075521,0.132063,0.755184,0.143849,0.277372,0.781423,-0.04113,0.118486,0.765548,0.145892,0.268042,0.802837,-0.039043,0.150124,0.79467,0.113671,0.309488,0.813346,-0.091726
HA_Lat_12_6.13.26,37,458.66,581.28,0,457.24,576.81,0.989,458.66,581.28,0.9794,0.234423,0.32558,-0.120583,0.235332,0.314431,-0.105229,0.237073,0.314212,-0.105365,0.238442,0.313988,-0.105293,0.229242,0.31501,-0.123522,0.226385,0.315367,-0.12376,0.223736,0.31558,-0.123866,0.236255,0.318911,-0.02015,0.216389,0.319385,-0.103025,0.236561,0.337736,-0.085328,0.229659,0.338477,-0.11037,0.239097,0.389334,0.083333,0.200878,0.37899,-0.126525,0.235618,0.476009,0.105471,0.203295,0.475131,-0.15962,0.242561,0.534293,0.024316,0.238886,0.538221,-0.169448,0.248306,0.559125,0.01619,0.246064,0.55535,-0.19272,0.250397,0.548409,-0.001563,0.25093,0.546096,-0.189856,0.248605,0.542457,0.014857,0.249369,0.541462,-0.167357,0.224995,0.553275,0.067834,0.211815,0.553435,-0.067938,0.182125,0.671758,0.099779,0.262989,0.649634,-0.076787,0.132073,0.755173,0.147381,0.277373,0.781393,-0.041253,0.11849,0.765532,0.15002,0.268043,0.802793,-0.039004,0.150091,0.794661,0.122006,0.309381,0.813339,-0.091084
HA_Lat_12_6.13.26,38,458.6,581.03,0,457.05,576.07,0.9895,458.6,581.03,0.98,0.234551,0.325572,-0.113866,0.235345,0.314417,-0.099038,0.23709,0.31419,-0.099179,0.238441,0.313961,-0.099108,0.22928,0.315003,-0.117903,0.226445,0.31536,-0.118144,0.223805,0.315575,-0.118257,0.236075,0.31884,-0.016871,0.216436,0.319364,-0.101992,0.236586,0.337734,-0.079673,0.229684,0.338467,-0.105485,0.23913,0.389326,0.08517,0.200672,0.37903,-0.126637,0.234975,0.4757,0.113515,0.203299,0.475046,-0.160421,0.241844,0.534008,0.040505,0.238855,0.537995,-0.172712,0.246831,0.55905,0.033726,0.246051,0.555231,-0.196788,0.249448,0.548118,0.015559,0.250918,0.54608,-0.193567,0.246743,0.542469,0.031148,0.24935,0.541409,-0.170543,0.225261,0.553274,0.067988,0.211804,0.553486,-0.068089,0.18211,0.671761,0.104919,0.262972,0.649629,-0.08113,0.132065,0.755174,0.16254,0.277402,0.7814,-0.043507,0.118484,0.765533,0.166172,0.268051,0.802799,-0.040896,0.150082,0.794687,0.138207,0.309381,0.813377,-0.091867
HA_Lat_12_6.13.26,39,458.58,580.77,0,458.91,574.0,0.9899,458.58,580.77,0.9808,0.234868,0.325568,-0.102086,0.235377,0.314427,-0.08806,0.23711,0.314199,-0.088199,0.238451,0.313974,-0.088129,0.229454,0.31501,-0.107365,0.22665,0.315361,-0.107606,0.224019,0.315575,-0.107722,0.235797,0.318838,-0.01089,0.216617,0.31934,-0.098431,0.236612,0.337737,-0.069737,0.22969,0.338463,-0.096159,0.239165,0.389327,0.087891,0.200535,0.379368,-0.126519,0.234749,0.475598,0.118109,0.203315,0.474999,-0.160741,0.240998,0.534581,0.048005,0.238843,0.537747,-0.174484,0.244933,0.559329,0.041759,0.246025,0.555093,-0.199074,0.246156,0.548649,0.02365,0.250912,0.546045,-0.195403,0.245307,0.542713,0.038748,0.249342,0.54137,-0.172178,0.225245,0.553323,0.068021,0.211839,0.553612,-0.06812,0.182079,0.671766,0.105476,0.262972,0.649656,-0.081943,0.132071,0.755174,0.162594,0.277283,0.781368,-0.045986,0.118505,0.765472,0.166035,0.268047,0.802795,-0.043561,0.150079,0.794709,0.137719,0.309455,0.813382,-0.094684
HA_Lat_12_6.13.26,40,458.6,580.6,0,458.41,572.7,0.9901,458.6,580.6,0.9814,0.235487,0.325566,-0.103852,0.235456,0.314464,-0.089642,0.237125,0.314219,-0.089783,0.238461,0.313987,-0.089713,0.229962,0.315051,-0.109342,0.227408,0.31538,-0.109578,0.224869,0.315592,-0.109692,0.235421,0.318832,-0.011708,0.21713,0.319338,-0.098614,0.236725,0.337733,-0.071202,0.22997,0.338432,-0.098086,0.239262,0.38933,0.087228,0.200308,0.379826,-0.130239,0.234786,0.475514,0.115578,0.203315,0.475001,-0.167914,0.241484,0.533375,0.034234,0.238856,0.537597,-0.184179,0.245324,0.557955,0.025216,0.246096,0.554982,-0.210168,0.246562,0.547675,0.006852,0.251106,0.545836,-0.206575,0.246194,0.541212,0.024285,0.24951,0.541173,-0.182078,0.225223,0.553325,0.068406,0.211832,0.553618,-0.068491,0.181945,0.67189,0.112198,0.262955,0.649629,-0.090243,0.132061,0.755182,0.182068,0.277214,0.781339,-0.051174,0.118522,0.765474,0.186752,0.268053,0.802745,-0.048338,0.150215,0.794853,0.159383,0.309209,0.813745,-0.099631
HA_Lat_12_6.13.26,41,458.61,580.22,0,458.04,571.36,0.9906,458.61,580.22,0.9814,0.236629,0.325589,-0.092896,0.235712,0.314547,-0.080778,0.23715,0.314285,-0.080923,0.238471,0.314036,-0.080861,0.231037,0.315089,-0.101575,0.228586,0.315389,-0.101803,0.226088,0.31559,-0.10191,0.234451,0.318805,-0.011177,0.2178,0.319238,-0.099955,0.236962,0.337745,-0.063418,0.230901,0.338429,-0.091713,0.239192,0.38928,0.08564,0.200309,0.380117,-0.134844,0.234782,0.475423,0.113866,0.203315,0.474999,-0.170959,0.241474,0.533171,0.031858,0.238859,0.537236,-0.182739,0.245202,0.55794,0.023288,0.246101,0.554706,-0.207808,0.24664,0.547685,0.005195,0.251109,0.545731,-0.204266,0.246285,0.541245,0.022137,0.249515,0.541055,-0.180569,0.225159,0.55333,0.068413,0.211876,0.55368,-0.068496,0.181931,0.671888,0.111714,0.262903,0.649636,-0.083517,0.132058,0.75517,0.180542,0.277257,0.7813,-0.040058,0.118537,0.765461,0.184047,0.268238,0.802637,-0.037163,0.150219,0.794851,0.151901,0.309193,0.813489,-0.088791
HA_Lat_12_6.13.26,42,458.64,579.82,0,458.13,570.19,0.9911,458.64,579.82,0.9819,0.238146,0.325712,-0.09248,0.23647,0.314807,-0.080186,0.237498,0.314536,-0.080329,0.2386,0.314273,-0.08027,0.232664,0.315278,-0.101581,0.230465,0.315495,-0.101805,0.227974,0.315649,-0.101913,0.234238,0.318814,-0.01083,0.218944,0.319215,-0.103425,0.237516,0.337908,-0.062719,0.232262,0.338506,-0.091841,0.238181,0.389233,0.08545,0.200329,0.3802,-0.139785,0.23469,0.47536,0.112006,0.203302,0.474683,-0.178716,0.241359,0.533102,0.034869,0.238873,0.536871,-0.189402,0.243873,0.556418,0.027403,0.246131,0.554386,-0.214757,0.246674,0.547941,0.009225,0.251135,0.545584,-0.210476,0.246304,0.541295,0.025213,0.249541,0.540873,-0.186985,0.225,0.55333,0.068878,0.211885,0.55372,-0.068948,0.18182,0.671959,0.117856,0.262875,0.649622,-0.083603,0.13198,0.755201,0.186712,0.277215,0.781279,-0.040086,0.118537,0.765472,0.190948,0.268238,0.802637,-0.037131,0.149973,0.794804,0.163204,0.309118,0.813751,-0.088585
HA_Lat_12_6.13.26,43,458.64,579.06,0,459.5,569.68,0.9909,458.64,579.06,0.9815,0.239896,0.325851,-0.07924,0.237368,0.315063,-0.069523,0.23786,0.314749,-0.06967,0.238664,0.314434,-0.069624,0.234511,0.315559,-0.092059,0.232661,0.315729,-0.092278,0.23048,0.31581,-0.092383,0.233211,0.318807,-0.010208,0.220795,0.319212,-0.107549,0.23807,0.337994,-0.05322,0.234476,0.338601,-0.083811,0.237245,0.388845,0.080231,0.200341,0.380209,-0.145897,0.233858,0.478409,0.104408,0.203249,0.474579,-0.181414,0.240544,0.533108,0.033075,0.238874,0.536162,-0.186788,0.241876,0.555271,0.02514,0.246143,0.553463,-0.211302,0.245927,0.548105,0.007201,0.251158,0.544955,-0.207351,0.244205,0.541548,0.023554,0.249554,0.540253,-0.184408,0.224767,0.553274,0.068991,0.211897,0.553718,-0.069054,0.181819,0.671942,0.116587,0.262822,0.649579,-0.074036,0.131982,0.7552,0.180545,0.277163,0.781189,-0.027457,0.118583,0.765466,0.185266,0.268229,0.80258,-0.024368,0.150097,0.794803,0.162135,0.308886,0.813779,-0.075008
HA_Lat_12_6.13.26,44,458.57,578.11,0,459.2,568.13,0.9905,458.57,578.11,0.9825,0.241332,0.326106,-0.07143,0.238429,0.315338,-0.062177,0.238472,0.314972,-0.06232,0.238918,0.314605,-0.062275,0.236158,0.315838,-0.085298,0.234287,0.315939,-0.085514,0.232257,0.315938,-0.085618,0.232824,0.318798,-0.007128,0.22237,0.319195,-0.108437,0.238747,0.338167,-0.046448,0.236113,0.338773,-0.077825,0.235865,0.388342,0.079886,0.200444,0.380208,-0.147854,0.231611,0.477,0.103091,0.202994,0.474568,-0.181726,0.239773,0.532986,0.031648,0.238841,0.535291,-0.185118,0.241832,0.555331,0.023708,0.246115,0.55236,-0.209334,0.245489,0.547667,0.00587,0.25116,0.543757,-0.205474,0.242971,0.541584,0.022198,0.249552,0.539162,-0.182713,0.22442,0.553085,0.069517,0.211936,0.553713,-0.069568,0.181819,0.671921,0.118086,0.262787,0.64958,-0.073727,0.13199,0.755201,0.17774,0.277123,0.78108,-0.026279,0.1187,0.765476,0.181471,0.268211,0.802575,-0.022979,0.150254,0.79478,0.154739,0.308941,0.813909,-0.07252
HA_Lat_12_6.13.26,45,458.48,577.27,0,458.87,567.47,0.9908,458.48,577.27,0.9831,0.242864,0.326158,-0.064607,0.239669,0.315402,-0.056033,0.239418,0.315028,-0.056172,0.239528,0.314645,-0.056125,0.237726,0.315925,-0.078763,0.235789,0.316011,-0.078985,0.233726,0.315988,-0.07909,0.232809,0.318797,-0.003821,0.223759,0.319186,-0.107715,0.239909,0.338283,-0.04044,0.237624,0.338923,-0.071288,0.235536,0.388214,0.079867,0.200946,0.379969,-0.145028,0.230114,0.476014,0.101374,0.202855,0.474521,-0.180372,0.237063,0.532991,0.030746,0.23879,0.534511,-0.172588,0.239634,0.555837,0.022814,0.246035,0.551639,-0.194725,0.241652,0.547915,0.005155,0.251143,0.542779,-0.190297,0.240876,0.541627,0.021305,0.249516,0.538341,-0.169715,0.224158,0.552908,0.069505,0.211921,0.553656,-0.069558,0.18183,0.67184,0.11684,0.262748,0.649538,-0.073305,0.131979,0.755248,0.177413,0.277082,0.781058,-0.028926,0.118706,0.765505,0.180652,0.268196,0.802587,-0.025592,0.150342,0.794739,0.15377,0.30907,0.814185,-0.07473
HA_Lat_12_6.13.26,46,458.47,576.72,0,460.09,569.19,0.9904,458.47,576.72,0.984,0.244616,0.326157,-0.06378,0.241161,0.3154,-0.0549,0.240653,0.315023,-0.055049,0.240429,0.314629,-0.055005,0.239542,0.315926,-0.078138,0.237605,0.316012,-0.078358,0.235705,0.315988,-0.078466,0.232894,0.318744,-0.002452,0.225607,0.319173,-0.107633,0.24137,0.338287,-0.039673,0.239414,0.338921,-0.071111,0.235889,0.388133,0.079572,0.202142,0.379361,-0.145461,0.230164,0.475098,0.097271,0.202697,0.474385,-0.178213,0.238069,0.531848,0.019492,0.238784,0.534002,-0.174158,0.240432,0.552822,0.010875,0.246099,0.550715,-0.197125,0.243019,0.546347,-0.007258,0.251185,0.541565,-0.192702,0.24259,0.539502,0.00959,0.249523,0.53724,-0.171386,0.224034,0.552895,0.069542,0.211912,0.553602,-0.069589,0.181909,0.671634,0.116118,0.262762,0.649428,-0.076335,0.132019,0.755263,0.174257,0.277142,0.780946,-0.030727,0.118681,0.765502,0.177396,0.268201,0.802438,-0.027477,0.150296,0.794825,0.149766,0.308999,0.814229,-0.076318
HA_Lat_12_6.13.26,47,458.42,576.2,0,461.58,569.25,0.9906,458.42,576.2,0.9847,0.246499,0.326189,-0.07253,0.242872,0.315411,-0.06375,0.24217,0.315028,-0.063902,0.24167,0.314628,-0.063857,0.241408,0.315933,-0.086338,0.239474,0.316012,-0.086559,0.237604,0.315984,-0.086668,0.232982,0.318493,-0.007613,0.227344,0.318994,-0.116661,0.242873,0.338331,-0.047964,0.241126,0.33894,-0.078441,0.235705,0.387565,0.067199,0.20304,0.379312,-0.153392,0.230009,0.474464,0.079902,0.202614,0.474384,-0.178514,0.238147,0.531771,-0.001505,0.238761,0.53352,-0.173065,0.240801,0.553008,-0.010523,0.246103,0.549969,-0.195644,0.243374,0.546095,-0.027985,0.251178,0.540745,-0.191819,0.242714,0.538727,-0.01113,0.249477,0.536372,-0.170437,0.223592,0.552857,0.069421,0.211922,0.553592,-0.069463,0.181927,0.671286,0.128651,0.262763,0.649262,-0.072796,0.132044,0.755222,0.191333,0.277143,0.780742,-0.014428,0.118659,0.765401,0.194979,0.268195,0.802145,-0.00967,0.150242,0.794636,0.168313,0.308808,0.814215,-0.053301
HA_Lat_12_6.13.26,48,461.42,568.57,0,461.42,568.57,0.99,458.43,575.73,0.9852,0.247494,0.326198,-0.075907,0.243798,0.315414,-0.067375,0.243118,0.315026,-0.067526,0.242579,0.314609,-0.067483,0.242289,0.315958,-0.089795,0.240347,0.316029,-0.090013,0.23845,0.315995,-0.090121,0.233118,0.318415,-0.012109,0.228501,0.318986,-0.11988,0.244174,0.338353,-0.05152,0.242288,0.338969,-0.081745,0.235712,0.387359,0.063757,0.204745,0.378824,-0.155541,0.230284,0.474358,0.077117,0.202562,0.474212,-0.179227,0.238222,0.531683,-0.002147,0.238766,0.53308,-0.172984,0.240825,0.552375,-0.010748,0.246134,0.549459,-0.195458,0.243645,0.545878,-0.028076,0.251217,0.539903,-0.191797,0.243286,0.538261,-0.011655,0.249482,0.535579,-0.170434,0.222865,0.552877,0.069394,0.212009,0.553591,-0.069433,0.181924,0.671191,0.133102,0.26277,0.649223,-0.067195,0.132068,0.755198,0.1965,0.277139,0.780707,-0.006525,0.118635,0.765396,0.200291,0.268184,0.802145,-0.001593,0.150173,0.794348,0.174881,0.308343,0.814204,-0.04352
HA_Lat_12_6.13.26,49,464.0,570.0,0,462.95,564.39,0.9896,459.06,575.45,0.9856,0.248751,0.326194,-0.080183,0.24534,0.315435,-0.0712,0.244735,0.315038,-0.071349,0.24424,0.314611,-0.071304,0.243589,0.315994,-0.093149,0.241574,0.31605,-0.093369,0.23959,0.315999,-0.093478,0.234159,0.318344,-0.018409,0.22977,0.318888,-0.124214,0.245456,0.338351,-0.054795,0.243312,0.338968,-0.084286,0.235848,0.387152,0.062295,0.205913,0.37785,-0.159333,0.230125,0.474344,0.079626,0.202555,0.473893,-0.180848,0.238294,0.531785,0.002639,0.239092,0.532826,-0.172276,0.2409,0.552461,-0.005508,0.246431,0.549003,-0.194502,0.243755,0.545942,-0.023038,0.251491,0.539258,-0.190998,0.243809,0.538279,-0.006872,0.249669,0.534782,-0.169748,0.222595,0.552851,0.06954,0.212068,0.553569,-0.069581,0.181882,0.6711,0.139368,0.262794,0.649224,-0.058268,0.1321,0.7552,0.205272,0.27706,0.780571,0.010306,0.118598,0.765306,0.209351,0.268127,0.802137,0.016044,0.15029,0.794307,0.18352,0.30766,0.814206,-0.024857
HA_Lat_12_6.13.26,50,464.0,570.0,0,460.24,564.19,0.9894,459.36,574.71,0.9858,0.250148,0.326194,-0.082642,0.246927,0.315432,-0.073218,0.246452,0.315033,-0.073369,0.246074,0.314604,-0.073323,0.245022,0.315987,-0.095089,0.243021,0.316034,-0.09531,0.241009,0.315974,-0.095419,0.235723,0.31822,-0.019236,0.23119,0.318725,-0.124074,0.247047,0.338354,-0.056671,0.244665,0.338967,-0.085759,0.235918,0.387038,0.063313,0.20695,0.377633,-0.158645,0.230274,0.474157,0.081513,0.202551,0.473889,-0.182979,0.238749,0.531708,0.003769,0.239252,0.532137,-0.175204,0.241377,0.55169,-0.004538,0.246608,0.548138,-0.197838,0.244469,0.545495,-0.022395,0.251763,0.538166,-0.193841,0.244867,0.537684,-0.005897,0.249921,0.533553,-0.172517,0.22255,0.552814,0.06955,0.212075,0.553536,-0.06959,0.18189,0.670975,0.138446,0.262857,0.649223,-0.060552,0.132115,0.755152,0.2052,0.277034,0.780511,0.008167,0.11857,0.7651,0.209254,0.268126,0.802134,0.013948,0.15029,0.794276,0.181829,0.307533,0.814215,-0.028674
HA_Lat_12_6.13.26,51,464.0,563.0,0,462.7,564.24,0.989,460.38,574.08,0.9863,0.251777,0.326412,-0.084443,0.248911,0.315527,-0.074571,0.248451,0.315117,-0.074721,0.248085,0.314675,-0.074669,0.246956,0.316046,-0.095737,0.245099,0.316071,-0.095967,0.243091,0.315989,-0.096074,0.237181,0.318189,-0.022646,0.232791,0.318621,-0.127708,0.248439,0.338584,-0.057639,0.246077,0.339137,-0.086376,0.235963,0.386939,0.062233,0.209277,0.377147,-0.161901,0.230305,0.473881,0.080915,0.202576,0.473809,-0.183376,0.240094,0.530873,0.001396,0.239779,0.531552,-0.174604,0.241841,0.549851,-0.007359,0.246967,0.547632,-0.197037,0.244676,0.545209,-0.025141,0.251978,0.537786,-0.193226,0.245447,0.536787,-0.008352,0.250224,0.533014,-0.171911,0.222398,0.552778,0.069736,0.212686,0.553509,-0.069781,0.18189,0.670658,0.142194,0.262951,0.649323,-0.056429,0.132115,0.755119,0.2102,0.276826,0.78037,0.017874,0.118522,0.764951,0.21448,0.267863,0.802051,0.024294,0.150231,0.79428,0.188605,0.306913,0.814213,-0.015382
HA_Lat_12_6.13.26,52,465.36,564.11,0,465.36,564.11,0.9891,461.79,573.86,0.9863,0.253458,0.326566,-0.090162,0.250753,0.315614,-0.082492,0.250256,0.315198,-0.082649,0.24984,0.314745,-0.082615,0.24879,0.316082,-0.104749,0.246933,0.316083,-0.104959,0.244929,0.315989,-0.105074,0.238887,0.318124,-0.032602,0.234539,0.31842,-0.13549,0.250154,0.338803,-0.066159,0.247827,0.33928,-0.096362,0.236044,0.386831,0.055414,0.211717,0.376926,-0.167882,0.230342,0.473638,0.078066,0.202669,0.473799,-0.188029,0.242057,0.529568,0.002335,0.240517,0.531354,-0.177628,0.243051,0.548414,-0.006067,0.247331,0.547365,-0.200079,0.248367,0.544425,-0.023949,0.252185,0.537709,-0.196645,0.248773,0.535319,-0.007377,0.250404,0.532853,-0.175084,0.222205,0.552516,0.06987,0.213347,0.553408,-0.069918,0.181889,0.669989,0.149268,0.263082,0.649346,-0.046776,0.132121,0.755108,0.220015,0.276832,0.780343,0.029589,0.118461,0.764892,0.224474,0.267806,0.80205,0.03598,0.150236,0.794244,0.197543,0.306992,0.814318,-0.005312
HA_Lat_12_6.13.26,53,466.63,564.26,0,466.63,564.26,0.9887,463.49,573.78,0.9861,0.254758,0.327079,-0.088849,0.252374,0.315987,-0.081652,0.251926,0.315576,-0.081805,0.25154,0.315116,-0.081774,0.250372,0.316309,-0.103811,0.24853,0.316225,-0.104019,0.246601,0.316051,-0.104131,0.240917,0.318148,-0.030164,0.236251,0.318395,-0.130102,0.251559,0.339292,-0.065615,0.24928,0.33967,-0.095745,0.236061,0.386699,0.057344,0.213957,0.376783,-0.162105,0.230451,0.473586,0.076279,0.203113,0.47376,-0.186915,0.242985,0.52866,-0.001294,0.241403,0.531279,-0.171452,0.245406,0.548622,-0.010176,0.247928,0.547181,-0.192836,0.250439,0.542521,-0.027289,0.252488,0.537683,-0.189439,0.250234,0.534354,-0.010758,0.250764,0.532755,-0.168866,0.221885,0.551891,0.069812,0.213657,0.553033,-0.069864,0.182009,0.669309,0.141586,0.263267,0.649348,-0.048167,0.132165,0.755035,0.205675,0.276837,0.780344,0.016413,0.118389,0.764843,0.209596,0.267789,0.802119,0.021674,0.150287,0.794284,0.182478,0.307136,0.814326,-0.018811
HA_Lat_12_6.13.26,54,467.7,563.81,0,467.7,563.81,0.9894,468.36,573.56,0.9864,0.256787,0.327629,-0.092417,0.254784,0.316466,-0.084493,0.254437,0.316048,-0.084632,0.254161,0.3156,-0.084593,0.252515,0.31663,-0.106576,0.250484,0.316491,-0.106788,0.248327,0.316266,-0.106894,0.244321,0.318532,-0.02877,0.237918,0.318525,-0.12777,0.253548,0.339909,-0.067551,0.250953,0.340308,-0.097478,0.236629,0.386603,0.060339,0.215914,0.376781,-0.158902,0.23079,0.473571,0.052036,0.204007,0.473807,-0.173174,0.244125,0.458788,-0.067955,0.243939,0.531078,-0.138837,0.245729,0.444493,-0.084316,0.250565,0.546397,-0.155243,0.250234,0.436887,-0.092845,0.254567,0.537243,-0.152129,0.249395,0.439448,-0.075106,0.252313,0.532191,-0.13534,0.221027,0.551342,0.070292,0.213801,0.552333,-0.070364,0.182355,0.668515,0.138608,0.263729,0.649342,-0.052095,0.132285,0.754863,0.192474,0.276927,0.780351,0.007268,0.118373,0.76466,0.195456,0.2678,0.802205,0.012245,0.150934,0.794402,0.173113,0.308453,0.814441,-0.027186
HA_Lat_12_6.13.26,55,469.02,563.62,0,469.02,563.62,0.9892,472.24,573.24,0.9869,0.259017,0.328535,-0.092461,0.256742,0.317294,-0.084473,0.256332,0.316885,-0.084612,0.255992,0.316448,-0.084572,0.254757,0.317244,-0.106702,0.25297,0.31699,-0.106912,0.250964,0.31665,-0.107017,0.246154,0.319035,-0.028874,0.240715,0.318906,-0.129854,0.255598,0.340659,-0.067664,0.253301,0.340824,-0.097854,0.23787,0.386957,0.058604,0.218732,0.376792,-0.164134,0.23105,0.473648,0.028613,0.205137,0.473884,-0.182034,0.245299,0.449954,-0.108201,0.24596,0.530773,-0.148136,0.246678,0.435633,-0.127816,0.252708,0.546333,-0.168764,0.250086,0.426139,-0.136408,0.256808,0.53736,-0.165917,0.249375,0.429364,-0.11587,0.254084,0.53228,-0.14587,0.219903,0.551297,0.071507,0.21399,0.552152,-0.071591,0.182507,0.66817,0.141911,0.264569,0.649157,-0.055415,0.13244,0.754732,0.202527,0.277089,0.780406,0.003047,0.11848,0.764632,0.20642,0.268119,0.802396,0.006962,0.151075,0.79444,0.183899,0.309902,0.814684,-0.032177
HA_Lat_12_6.13.26,56,470.96,561.26,0,470.96,561.26,0.9895,475.07,571.52,0.9869,0.261947,0.329267,-0.086528,0.259296,0.318299,-0.079747,0.258823,0.317967,-0.079878,0.258428,0.317574,-0.079845,0.257434,0.318169,-0.10276,0.255727,0.317832,-0.102962,0.253935,0.317375,-0.10306,0.248641,0.319794,-0.027719,0.243879,0.319473,-0.129288,0.25861,0.341415,-0.063778,0.256435,0.3415,-0.094789,0.241371,0.387815,0.055415,0.221356,0.376851,-0.167049,0.235359,0.475181,0.001222,0.206394,0.474073,-0.182449,0.247865,0.455111,-0.157769,0.247432,0.529185,-0.147412,0.248544,0.442825,-0.180909,0.254224,0.544821,-0.166093,0.250235,0.430845,-0.18795,0.257808,0.536286,-0.162381,0.249403,0.433535,-0.165425,0.255031,0.531347,-0.144096,0.219548,0.55125,0.073485,0.214327,0.552075,-0.073575,0.182507,0.668048,0.142199,0.265801,0.649018,-0.057052,0.132555,0.754739,0.199711,0.277278,0.780548,-0.013644,0.118708,0.764664,0.203278,0.268098,0.802635,-0.010829,0.151076,0.794434,0.180237,0.310599,0.814904,-0.045616
HA_Lat_12_6.13.26,57,472.53,561.48,0,472.53,561.48,0.9893,477.93,570.87,0.987,0.264445,0.330247,-0.086999,0.261832,0.319462,-0.079575,0.261379,0.319198,-0.079706,0.261026,0.318875,-0.07967,0.260103,0.319257,-0.102775,0.258406,0.318849,-0.102978,0.256656,0.318325,-0.103076,0.251694,0.32079,-0.026897,0.246725,0.320141,-0.131038,0.260971,0.342335,-0.063705,0.258874,0.342374,-0.09486,0.243546,0.388321,0.05644,0.223934,0.376953,-0.172516,0.235992,0.474905,0.006828,0.208171,0.474358,-0.188407,0.25018,0.455714,-0.148741,0.24892,0.52858,-0.152194,0.250671,0.44585,-0.171162,0.255575,0.544417,-0.171718,0.251279,0.431913,-0.179869,0.259249,0.536253,-0.167693,0.250518,0.436991,-0.157211,0.256392,0.530936,-0.14875,0.219134,0.551231,0.075828,0.214586,0.552036,-0.075914,0.182508,0.66773,0.148522,0.266695,0.648983,-0.057927,0.132667,0.754743,0.2087,0.27739,0.780575,-0.011501,0.118904,0.764748,0.212471,0.268098,0.802645,-0.007942,0.151145,0.794472,0.191381,0.310478,0.815059,-0.040177
HA_Lat_12_6.13.26,58,479.18,561.18,0,479.18,561.18,0.9883,481.15,569.32,0.9878,0.267394,0.331106,-0.073269,0.26455,0.32042,-0.065316,0.264047,0.320164,-0.065455,0.263618,0.319837,-0.065408,0.262964,0.320224,-0.08873,0.261279,0.319786,-0.088927,0.259525,0.319231,-0.08902,0.254398,0.321661,-0.018436,0.249728,0.321093,-0.125807,0.264113,0.343083,-0.051353,0.261973,0.343068,-0.082953,0.244309,0.388383,0.060638,0.227353,0.377155,-0.169007,0.233609,0.474907,0.069155,0.209567,0.474467,-0.186422,0.23608,0.530206,0.001718,0.250598,0.527151,-0.155039,0.234299,0.546556,-0.004213,0.256573,0.543809,-0.174419,0.237368,0.542513,-0.021523,0.260708,0.535986,-0.172218,0.237761,0.535216,-0.007315,0.258072,0.529737,-0.15232,0.219003,0.551088,0.075425,0.21653,0.551996,-0.075512,0.182501,0.667099,0.143697,0.267767,0.648979,-0.057603,0.133131,0.754762,0.203917,0.277512,0.780585,-0.00305,0.119206,0.764788,0.207814,0.268097,0.802645,0.001977,0.151292,0.79424,0.1849,0.310527,0.815266,-0.023143
HA_Lat_12_6.13.26,59,484.18,562.85,0,484.18,562.85,0.9883,484.19,568.91,0.9886,0.269979,0.331803,-0.074187,0.267476,0.321129,-0.066448,0.266941,0.320925,-0.066589,0.266462,0.320639,-0.066545,0.265878,0.32087,-0.089497,0.264284,0.320411,-0.089698,0.262623,0.319815,-0.0898,0.257235,0.322338,-0.018545,0.252996,0.321547,-0.125215,0.266506,0.343794,-0.052072,0.26446,0.343619,-0.083261,0.245813,0.388379,0.061107,0.229499,0.377266,-0.165588,0.233458,0.47466,0.077203,0.211439,0.474518,-0.185138,0.235354,0.539623,0.014617,0.252184,0.526771,-0.155832,0.233863,0.557276,0.008528,0.257674,0.543957,-0.174803,0.237417,0.553592,-0.008665,0.262183,0.536146,-0.174288,0.237776,0.545833,0.005659,0.259531,0.529904,-0.153894,0.219082,0.55109,0.07533,0.217453,0.55199,-0.075424,0.182605,0.666804,0.146363,0.269003,0.648873,-0.05688,0.133285,0.754727,0.20979,0.277661,0.78061,0.004955,0.119425,0.764787,0.213975,0.268104,0.802666,0.010921,0.151615,0.794222,0.197949,0.310328,0.815266,-0.014275
HA_Lat_12_6.13.26,60,484.0,566.0,0,488.72,560.95,0.9882,486.66,569.02,0.9889,0.272848,0.333152,-0.068408,0.270464,0.322447,-0.061561,0.269946,0.322284,-0.061699,0.269503,0.322022,-0.061668,0.268921,0.322057,-0.084908,0.267413,0.321475,-0.085134,0.265812,0.320721,-0.085256,0.260579,0.323358,-0.017286,0.256239,0.322072,-0.124989,0.269172,0.345182,-0.047182,0.267253,0.344808,-0.07877,0.247511,0.388375,0.067594,0.232448,0.377288,-0.16565,0.235558,0.46771,0.133224,0.213028,0.474519,-0.19011,0.247726,0.475456,0.126418,0.253468,0.52687,-0.1642,0.249041,0.477292,0.129907,0.258449,0.54411,-0.181163,0.253162,0.47033,0.114169,0.26252,0.536966,-0.177616,0.253058,0.468035,0.119128,0.260057,0.530362,-0.160912,0.218885,0.550959,0.075476,0.218723,0.551917,-0.075566,0.182853,0.666294,0.144598,0.270408,0.648873,-0.052975,0.133651,0.754692,0.191478,0.277819,0.780793,0.003476,0.119588,0.764768,0.194589,0.268121,0.80273,0.009004,0.151688,0.794239,0.191278,0.310313,0.815362,-0.015686
HA_Lat_12_6.13.26,61,494.0,564.0,0,492.54,562.96,0.9879,488.36,569.05,0.9893,0.276204,0.334638,-0.071544,0.273722,0.323546,-0.064329,0.273153,0.323431,-0.064468,0.27266,0.323239,-0.064427,0.272297,0.323096,-0.087465,0.270859,0.322562,-0.08768,0.269395,0.321848,-0.087791,0.26402,0.324933,-0.017795,0.260276,0.323308,-0.125487,0.272354,0.347092,-0.049589,0.270654,0.346533,-0.080868,0.249288,0.388371,0.065661,0.235921,0.377347,-0.165574,0.235485,0.467857,0.129516,0.215016,0.474595,-0.188141,0.24277,0.526261,0.05208,0.254352,0.526902,-0.162609,0.242244,0.542789,0.043342,0.258974,0.544146,-0.181546,0.246868,0.54047,0.031927,0.262845,0.537403,-0.17712,0.247229,0.532849,0.044908,0.260607,0.530385,-0.159061,0.218865,0.55069,0.075145,0.220136,0.551858,-0.075232,0.182927,0.665888,0.145082,0.27139,0.648849,-0.053329,0.133986,0.754692,0.19668,0.277845,0.780815,0.007456,0.119843,0.764662,0.199805,0.268109,0.802745,0.013235,0.151682,0.794221,0.189183,0.310351,0.815419,-0.011818
HA_Lat_12_6.13.26,62,494.0,564.0,0,494.53,561.97,0.9873,491.25,568.92,0.9899,0.279545,0.336119,-0.062595,0.276853,0.324827,-0.054557,0.276294,0.324645,-0.054691,0.275792,0.324388,-0.054637,0.275329,0.32444,-0.078603,0.273784,0.323934,-0.07881,0.272185,0.323282,-0.078905,0.26674,0.325983,-0.008376,0.262776,0.324696,-0.118839,0.275678,0.348709,-0.04066,0.273541,0.348111,-0.073092,0.251119,0.388397,0.074062,0.238397,0.377728,-0.165069,0.232718,0.47388,0.107645,0.217314,0.474536,-0.187615,0.233587,0.545357,0.038217,0.255861,0.526782,-0.165013,0.231485,0.565616,0.032455,0.260424,0.544198,-0.185596,0.235823,0.563487,0.01576,0.264509,0.537962,-0.178611,0.236721,0.554783,0.029354,0.262206,0.530429,-0.160702,0.218955,0.550088,0.075221,0.221528,0.551551,-0.075303,0.183585,0.665218,0.134806,0.272185,0.648849,-0.058519,0.134386,0.754646,0.172538,0.277861,0.781097,-0.010546,0.119929,0.764109,0.174097,0.268146,0.802781,-0.006409,0.151749,0.794678,0.156791,0.310338,0.815645,-0.030669
HA_Lat_12_6.13.26,63,494.0,564.0,0,495.85,562.69,0.9879,493.49,569.04,0.9902,0.282032,0.336995,-0.056117,0.279054,0.325565,-0.04799,0.278461,0.32541,-0.04812,0.277934,0.325163,-0.048062,0.277608,0.325208,-0.071829,0.27605,0.324816,-0.072038,0.274455,0.324309,-0.072132,0.268915,0.327487,-0.002355,0.264997,0.326835,-0.111015,0.278377,0.349825,-0.034515,0.276223,0.34934,-0.066647,0.252878,0.388427,0.078153,0.241699,0.378359,-0.157889,0.233007,0.473549,0.099972,0.219351,0.474522,-0.184082,0.232453,0.546168,0.030822,0.257027,0.526889,-0.162784,0.230321,0.565207,0.02503,0.261558,0.544549,-0.18381,0.234534,0.562697,0.008068,0.265664,0.538851,-0.176706,0.235468,0.554586,0.021816,0.263343,0.531002,-0.158417,0.220069,0.549769,0.074995,0.223709,0.551359,-0.075075,0.184496,0.664601,0.122716,0.272941,0.648789,-0.063386,0.134814,0.754483,0.154717,0.278012,0.781452,-0.022621,0.119972,0.763348,0.155633,0.268143,0.802803,-0.019242,0.151797,0.794921,0.136211,0.310319,0.815858,-0.046332
HA_Lat_12_6.13.26,64,494.0,564.0,0,501.16,560.92,0.9875,496.72,568.74,0.9903,0.285115,0.337121,-0.060798,0.281917,0.325641,-0.053034,0.281272,0.325456,-0.053171,0.280681,0.325189,-0.05312,0.280854,0.325394,-0.076393,0.279508,0.325094,-0.0766,0.278135,0.324685,-0.076694,0.271754,0.327441,-0.00593,0.269038,0.327012,-0.112287,0.281579,0.350052,-0.03925,0.279686,0.349623,-0.070771,0.256732,0.388923,0.073494,0.24471,0.37864,-0.157539,0.235441,0.473551,0.086999,0.221398,0.474486,-0.176661,0.233701,0.544839,0.018195,0.258707,0.526613,-0.147898,0.232445,0.562574,0.012879,0.263504,0.544275,-0.167552,0.236332,0.559148,-0.004908,0.267214,0.538621,-0.161493,0.236899,0.551641,0.009142,0.265147,0.53083,-0.143842,0.221611,0.549426,0.074486,0.224394,0.55108,-0.07456,0.185354,0.663499,0.124614,0.273572,0.648694,-0.063354,0.135589,0.753956,0.162804,0.278038,0.781879,-0.020552,0.120366,0.76213,0.165058,0.268135,0.802719,-0.017115,0.151755,0.7951,0.136516,0.310153,0.815889,-0.040809
HA_Lat_12_6.13.26,65,500.0,564.0,0,503.35,561.46,0.9848,499.3,568.8,0.9908,0.288262,0.337792,-0.059199,0.285416,0.326224,-0.051514,0.284671,0.325978,-0.051641,0.283991,0.325646,-0.051594,0.284342,0.325957,-0.075495,0.282939,0.325609,-0.075705,0.281526,0.325135,-0.075799,0.274672,0.327436,-0.005727,0.272323,0.326986,-0.113142,0.284066,0.350464,-0.037698,0.282439,0.350064,-0.069984,0.258323,0.388643,0.075953,0.247646,0.378739,-0.157508,0.238214,0.471467,0.096544,0.224259,0.474341,-0.178374,0.244167,0.543615,0.032823,0.26005,0.526668,-0.148065,0.244647,0.560681,0.027962,0.265543,0.544298,-0.169033,0.24922,0.553995,0.010369,0.26921,0.538248,-0.165742,0.249234,0.547454,0.023501,0.266965,0.530802,-0.145572,0.222061,0.548891,0.074521,0.226407,0.550875,-0.074594,0.186818,0.662741,0.124606,0.274243,0.648684,-0.065501,0.136592,0.753314,0.165286,0.278089,0.78268,-0.02289,0.120994,0.760623,0.167283,0.268138,0.802769,-0.019216,0.151759,0.795152,0.144918,0.310723,0.816494,-0.045499
HA_Lat_12_6.13.26,66,502.0,563.0,0,506.04,560.84,0.9841,501.74,568.78,0.9912,0.290981,0.338213,-0.055478,0.288373,0.326732,-0.04766,0.287542,0.326481,-0.047787,0.286722,0.326136,-0.047733,0.287263,0.326384,-0.071744,0.285741,0.325976,-0.071952,0.284255,0.325457,-0.072046,0.277387,0.3277,-0.002665,0.275074,0.327225,-0.111012,0.286367,0.350747,-0.034109,0.28494,0.350247,-0.066508,0.261372,0.388208,0.079191,0.251184,0.378769,-0.157447,0.238553,0.470714,0.097163,0.226307,0.473302,-0.183871,0.240869,0.543702,0.028831,0.261325,0.526646,-0.163159,0.239675,0.562631,0.023191,0.26675,0.544297,-0.185957,0.244292,0.559441,0.005248,0.270971,0.538163,-0.178314,0.24492,0.551506,0.019353,0.268835,0.530696,-0.158851,0.222706,0.547686,0.074666,0.227472,0.549838,-0.074741,0.187973,0.661759,0.116434,0.274705,0.648721,-0.065358,0.137818,0.752732,0.146073,0.278104,0.782776,-0.022324,0.121907,0.758631,0.14654,0.268146,0.802766,-0.018709,0.151675,0.795507,0.122527,0.310778,0.816583,-0.047983
HA_Lat_12_6.13.26,67,502.0,563.0,0,511.98,562.07,0.9883,503.37,568.36,0.9918,0.294583,0.338526,-0.054879,0.291751,0.326851,-0.047019,0.290815,0.326611,-0.047154,0.289915,0.326294,-0.047102,0.291035,0.326513,-0.070825,0.289721,0.326127,-0.071032,0.288413,0.32565,-0.07112,0.280867,0.328101,-0.002401,0.279316,0.327689,-0.10967,0.289534,0.351048,-0.03366,0.288532,0.350463,-0.065663,0.263866,0.387606,0.079527,0.254205,0.378752,-0.156319,0.239097,0.470008,0.096484,0.227775,0.471995,-0.183878,0.241115,0.544579,0.024224,0.262173,0.526258,-0.165933,0.239752,0.563772,0.017921,0.268091,0.543964,-0.188533,0.24449,0.561136,-6.6e-05,0.272993,0.537545,-0.180032,0.245089,0.552995,0.014665,0.270591,0.530074,-0.161237,0.223465,0.545563,0.07457,0.22883,0.54782,-0.074644,0.190831,0.661203,0.1143,0.274989,0.648666,-0.065344,0.138708,0.751957,0.143988,0.278173,0.782773,-0.021909,0.122963,0.756301,0.144505,0.26815,0.802771,-0.018301,0.151672,0.79563,0.122819,0.310762,0.816576,-0.047259
HA_Lat_12_6.13.26,68,507.0,563.0,0,512.49,562.31,0.9878,504.77,567.66,0.9921,0.299048,0.338263,-0.057104,0.29583,0.32661,-0.048836,0.294808,0.326364,-0.048971,0.293821,0.326043,-0.048915,0.295249,0.326302,-0.072426,0.293916,0.325925,-0.072635,0.29255,0.325455,-0.072722,0.284596,0.327975,-0.00492,0.283287,0.327479,-0.118675,0.293714,0.350755,-0.034109,0.292879,0.350211,-0.068987,0.265817,0.386328,0.07895,0.256946,0.378422,-0.16505,0.243372,0.466687,0.093919,0.229325,0.470451,-0.195365,0.258033,0.534977,0.008156,0.262902,0.52561,-0.179403,0.259952,0.550635,-0.000222,0.268614,0.543265,-0.202571,0.264514,0.550292,-0.020296,0.27378,0.53655,-0.194742,0.263789,0.542944,-0.002978,0.271555,0.529205,-0.174984,0.224372,0.54405,0.075207,0.229779,0.546515,-0.07528,0.193064,0.660828,0.116587,0.275303,0.648659,-0.065205,0.139932,0.751128,0.156521,0.278199,0.783065,-0.020855,0.1251,0.755251,0.158235,0.268152,0.803056,-0.017097,0.151342,0.795689,0.136242,0.310698,0.816076,-0.045882
HA_Lat_12_6.13.26,69,512.0,563.0,0,515.69,561.09,0.9857,508.35,566.63,0.9926,0.302437,0.338006,-0.061212,0.299134,0.325932,-0.052829,0.298197,0.325722,-0.052965,0.297342,0.32546,-0.052912,0.298392,0.325629,-0.076074,0.297069,0.325321,-0.076284,0.295753,0.324979,-0.076375,0.288105,0.327541,-0.006233,0.286291,0.327447,-0.119838,0.2977,0.350681,-0.03789,0.296592,0.350141,-0.071139,0.269073,0.385808,0.077746,0.260395,0.377993,-0.165347,0.244676,0.466737,0.093661,0.231197,0.468553,-0.192868,0.255857,0.533659,0.01354,0.264765,0.52466,-0.178308,0.257176,0.548936,0.006575,0.270704,0.542501,-0.201609,0.261841,0.547322,-0.013602,0.276024,0.535223,-0.192652,0.261367,0.540386,0.002675,0.273724,0.527976,-0.174729,0.22688,0.543767,0.075402,0.232519,0.546188,-0.075474,0.195133,0.660486,0.118743,0.275382,0.648688,-0.056361,0.141971,0.750467,0.152049,0.278285,0.783061,-0.00684,0.127681,0.754287,0.152601,0.268159,0.803137,-0.002368,0.151203,0.796243,0.128676,0.310596,0.815786,-0.027829
HA_Lat_12_6.13.26,70,516.0,561.0,0,515.95,558.0,0.9867,510.16,566.14,0.9931,0.305612,0.337819,-0.063195,0.302396,0.325807,-0.05478,0.301414,0.325584,-0.054919,0.300504,0.325312,-0.054869,0.30186,0.32552,-0.078253,0.300625,0.32521,-0.078463,0.29943,0.324861,-0.078558,0.291091,0.327427,-0.007241,0.290004,0.327297,-0.120452,0.300352,0.350466,-0.040106,0.299631,0.349979,-0.072739,0.271405,0.385696,0.076996,0.262386,0.377612,-0.165269,0.244994,0.466839,0.094936,0.232504,0.466974,-0.191338,0.254035,0.539758,0.020685,0.265709,0.5242,-0.17778,0.257007,0.556742,0.014784,0.272145,0.541868,-0.200794,0.259942,0.5545,-0.005136,0.277082,0.534265,-0.190096,0.259085,0.546873,0.010266,0.274763,0.527333,-0.173124,0.227708,0.542707,0.07535,0.232607,0.544778,-0.075423,0.19715,0.659673,0.119637,0.275437,0.648686,-0.049906,0.143967,0.749596,0.157308,0.278354,0.782966,0.00141,0.130194,0.75147,0.158296,0.268172,0.803083,0.006155,0.151141,0.796903,0.134808,0.310548,0.815727,-0.01961
HA_Lat_12_6.13.26,71,514.95,557.52,0,514.95,557.52,0.9867,510.84,565.44,0.9934,0.308217,0.337651,-0.064647,0.305355,0.32577,-0.056164,0.304445,0.325516,-0.056303,0.303551,0.325221,-0.056253,0.304824,0.32549,-0.078964,0.303634,0.325155,-0.079162,0.302453,0.324781,-0.079253,0.293954,0.327359,-0.007898,0.293097,0.327215,-0.123122,0.303045,0.350305,-0.041175,0.302335,0.349867,-0.073192,0.272692,0.384748,0.076379,0.265518,0.377111,-0.168644,0.24878,0.464706,0.093995,0.233656,0.46503,-0.194909,0.26873,0.512239,0.009333,0.266062,0.523553,-0.177322,0.273818,0.531835,0.001775,0.272426,0.541095,-0.199346,0.278383,0.529637,-0.019379,0.277549,0.533371,-0.190413,0.27689,0.524022,-0.002321,0.275496,0.52665,-0.17276,0.228758,0.541666,0.075345,0.233677,0.543673,-0.075423,0.198728,0.658568,0.10751,0.275372,0.648728,-0.048884,0.145964,0.749685,0.123003,0.278356,0.782961,0.00143,0.131527,0.75061,0.12172,0.268165,0.8031,0.005998,0.151164,0.797079,0.091947,0.310348,0.815727,-0.020877
HA_Lat_12_6.13.26,72,516.42,558.1,0,516.42,558.1,0.9847,511.5,564.94,0.9934,0.311586,0.337134,-0.062391,0.308102,0.324982,-0.053844,0.307113,0.324835,-0.05398,0.306125,0.324663,-0.053928,0.307625,0.324686,-0.07777,0.306405,0.324453,-0.077984,0.305183,0.324195,-0.078084,0.296735,0.326665,-0.006733,0.295888,0.326907,-0.121102,0.306461,0.349841,-0.039889,0.30575,0.349215,-0.072506,0.274735,0.38354,0.078863,0.268712,0.376409,-0.167979,0.250979,0.46237,0.095386,0.236037,0.463043,-0.194241,0.267491,0.511946,0.012279,0.266406,0.523094,-0.169976,0.270554,0.531718,0.005386,0.272331,0.540646,-0.190555,0.275412,0.529653,-0.01575,0.277651,0.53281,-0.181573,0.274432,0.523981,0.000783,0.275565,0.526294,-0.164909,0.228856,0.539457,0.075348,0.234168,0.541818,-0.075429,0.199993,0.657673,0.103834,0.275192,0.648725,-0.049071,0.148125,0.749674,0.115466,0.278377,0.78292,-0.000674,0.133052,0.750511,0.11388,0.268187,0.80321,0.003829,0.151668,0.797221,0.083645,0.310126,0.815468,-0.024672
HA_Lat_12_6.13.26,73,517.74,559.54,0,517.74,559.54,0.9846,512.78,563.91,0.9939,0.315022,0.337044,-0.065912,0.311923,0.324798,-0.056553,0.311025,0.324635,-0.056691,0.310089,0.324441,-0.056626,0.311146,0.324508,-0.081686,0.30972,0.324234,-0.081913,0.308179,0.323919,-0.08202,0.300327,0.326298,-0.009128,0.298343,0.326562,-0.124218,0.310059,0.349813,-0.043603,0.309061,0.349144,-0.077405,0.277924,0.381905,0.077464,0.271726,0.375185,-0.168822,0.252585,0.462242,0.094007,0.237287,0.461465,-0.192684,0.263503,0.51325,0.012708,0.267073,0.522142,-0.165974,0.264859,0.537086,0.006786,0.272838,0.539694,-0.185582,0.269529,0.536482,-0.014533,0.278065,0.532032,-0.175976,0.268989,0.530034,0.001397,0.276134,0.525463,-0.160285,0.23053,0.538761,0.075307,0.236118,0.541624,-0.075393,0.201588,0.656594,0.106318,0.27508,0.649067,-0.036705,0.150339,0.749366,0.120538,0.278565,0.782929,0.016444,0.13607,0.749489,0.119441,0.268578,0.803446,0.021692,0.151666,0.797197,0.09031,0.310155,0.815934,-0.00226
HA_Lat_12_6.13.26,74,518.63,558.84,0,518.63,558.84,0.9849,513.76,563.12,0.9942,0.316854,0.336748,-0.060931,0.313448,0.324321,-0.05089,0.312449,0.324198,-0.05102,0.311403,0.324035,-0.050958,0.312842,0.323953,-0.076314,0.311449,0.32366,-0.076549,0.30999,0.323325,-0.076655,0.301656,0.32604,-0.001741,0.300252,0.326157,-0.116832,0.311616,0.349548,-0.038424,0.310835,0.348806,-0.072435,0.278638,0.381019,0.084908,0.274218,0.374727,-0.163557,0.254314,0.461237,0.100724,0.238611,0.459856,-0.185587,0.270004,0.509483,0.015802,0.267583,0.521407,-0.155466,0.27246,0.531242,0.009886,0.273,0.539605,-0.173969,0.277386,0.530719,-0.011287,0.278583,0.531961,-0.16501,0.276361,0.524756,0.004382,0.276829,0.525438,-0.149809,0.230783,0.536918,0.075135,0.236444,0.539538,-0.075233,0.203359,0.655381,0.081074,0.274899,0.649226,-0.042299,0.151588,0.749101,0.074654,0.278713,0.782921,0.008029,0.136945,0.747942,0.071518,0.268626,0.803539,0.011983,0.151751,0.79746,0.040333,0.309724,0.815928,-0.007873
HA_Lat_12_6.13.26,75,518.67,558.77,0,518.67,558.77,0.9846,514.22,563.04,0.9941,0.318633,0.336793,-0.058679,0.31571,0.324402,-0.048635,0.314747,0.324253,-0.048768,0.313717,0.324065,-0.048705,0.315107,0.324058,-0.073794,0.313793,0.323759,-0.074027,0.312356,0.323406,-0.074134,0.303787,0.326026,0.000352,0.302296,0.326146,-0.112855,0.313547,0.349454,-0.036367,0.31276,0.348719,-0.070028,0.281011,0.381101,0.085011,0.27653,0.374725,-0.16046,0.254938,0.461601,0.099148,0.240039,0.458657,-0.182805,0.265403,0.510987,0.014897,0.267823,0.521335,-0.154925,0.266647,0.535557,0.008692,0.272975,0.539413,-0.174187,0.271198,0.535369,-0.01185,0.278363,0.532059,-0.165766,0.270546,0.52869,0.003795,0.276745,0.525578,-0.149656,0.232352,0.536157,0.075104,0.236746,0.538247,-0.075206,0.203962,0.654586,0.083911,0.27476,0.649571,-0.045328,0.15226,0.748561,0.078866,0.278769,0.783034,-0.001444,0.138182,0.747096,0.07573,0.268843,0.804037,0.001447,0.15179,0.797498,0.041892,0.309723,0.816472,-0.021163
HA_Lat_12_6.13.26,76,524.46,562.27,0,524.46,562.27,0.9891,515.91,562.93,0.9945,0.320686,0.337681,-0.059936,0.31789,0.325425,-0.050096,0.317034,0.325111,-0.050228,0.316117,0.324804,-0.050168,0.317018,0.32511,-0.074941,0.315625,0.324645,-0.075179,0.314214,0.324144,-0.075287,0.306294,0.32657,-0.001114,0.304268,0.326697,-0.112789,0.315898,0.349767,-0.037531,0.315043,0.349123,-0.070805,0.2821,0.380739,0.085565,0.278595,0.374723,-0.159631,0.256517,0.456627,0.123655,0.24136,0.45752,-0.181599,0.276723,0.492561,0.071656,0.268705,0.521234,-0.150809,0.279597,0.502958,0.071567,0.273962,0.539394,-0.16791,0.284301,0.500752,0.051445,0.279381,0.532163,-0.158873,0.28326,0.496791,0.0616,0.277658,0.525697,-0.145122,0.232198,0.535116,0.074227,0.237452,0.537841,-0.074349,0.204318,0.653932,0.076327,0.274642,0.649729,-0.041736,0.153775,0.747384,0.070848,0.278779,0.783107,-0.001868,0.139851,0.745683,0.068193,0.268874,0.804207,0.001369,0.151766,0.797498,0.038243,0.309699,0.81647,-0.021027
HA_Lat_12_6.13.26,77,524.99,563.27,0,524.99,563.27,0.9875,516.76,562.87,0.9946,0.322127,0.338481,-0.059463,0.319775,0.326635,-0.049235,0.318894,0.326206,-0.049371,0.317972,0.325765,-0.049308,0.319091,0.326302,-0.074376,0.317815,0.325694,-0.074611,0.31657,0.325036,-0.074714,0.308416,0.327255,0.000691,0.306735,0.327253,-0.111926,0.317637,0.35002,-0.036872,0.316948,0.349428,-0.070449,0.285768,0.38086,0.087461,0.281604,0.37474,-0.159556,0.264707,0.457709,0.112718,0.243242,0.457068,-0.181728,0.276675,0.498452,0.03373,0.269143,0.521179,-0.152805,0.278716,0.507969,0.029193,0.274217,0.539508,-0.171245,0.282868,0.504499,0.004076,0.279572,0.532274,-0.162955,0.282104,0.500335,0.020383,0.277827,0.5258,-0.147541,0.232729,0.533704,0.074249,0.2381,0.536631,-0.074372,0.20525,0.653242,0.074696,0.274592,0.650052,-0.04428,0.154691,0.745599,0.07098,0.278864,0.783251,-0.008057,0.140983,0.74254,0.068169,0.269329,0.80441,-0.005335,0.1519,0.797543,0.036754,0.309781,0.816532,-0.026408
HA_Lat_12_6.13.26,78,517.96,563.19,0,524.59,564.96,0.9865,517.96,563.19,0.9947,0.325133,0.339087,-0.057978,0.321949,0.32731,-0.047104,0.320928,0.326811,-0.04724,0.319934,0.32632,-0.047168,0.321362,0.326992,-0.07204,0.319983,0.326328,-0.072274,0.318649,0.325613,-0.072378,0.310477,0.327969,0.00356,0.309029,0.327718,-0.107967,0.320466,0.350217,-0.035333,0.31978,0.349669,-0.068723,0.286728,0.380984,0.089631,0.284088,0.375042,-0.157367,0.260316,0.45831,0.110025,0.244956,0.457275,-0.18174,0.273877,0.504582,0.029122,0.269769,0.521475,-0.154611,0.277409,0.524099,0.024186,0.274975,0.539793,-0.1734,0.282132,0.52286,0.001545,0.280429,0.532633,-0.16592,0.280808,0.517507,0.017194,0.278593,0.526221,-0.149647,0.232903,0.532612,0.074313,0.238293,0.53567,-0.074438,0.20574,0.652176,0.083362,0.274515,0.650251,-0.045878,0.155558,0.744462,0.084864,0.278831,0.783432,-0.012944,0.141691,0.740626,0.082439,0.269333,0.804453,-0.010333,0.151904,0.79715,0.050443,0.309778,0.816871,-0.034025
HA_Lat_12_6.13.26,79,518.6,563.31,0,523.25,565.95,0.9874,518.6,563.31,0.9949,0.326635,0.339661,-0.059275,0.323503,0.327934,-0.048804,0.322522,0.327504,-0.048939,0.321529,0.3271,-0.048871,0.322914,0.327525,-0.073616,0.32158,0.326868,-0.073848,0.320247,0.326167,-0.073953,0.31203,0.329391,0.003247,0.310625,0.328789,-0.10866,0.32232,0.350685,-0.036616,0.32166,0.3501,-0.069751,0.289957,0.381469,0.092657,0.285853,0.375685,-0.15757,0.26206,0.458514,0.114843,0.245635,0.457401,-0.183828,0.279408,0.506137,0.030675,0.270102,0.521582,-0.161069,0.281926,0.525451,0.025778,0.275514,0.53996,-0.182046,0.287817,0.522312,0.002794,0.281838,0.532709,-0.172654,0.286251,0.517442,0.018638,0.279868,0.526299,-0.155668,0.232973,0.532022,0.075541,0.237663,0.534416,-0.075658,0.205892,0.651877,0.081554,0.274297,0.650251,-0.05473,0.155732,0.744462,0.077258,0.2787,0.783723,-0.025569,0.141904,0.740243,0.074093,0.269269,0.80476,-0.022819,0.151902,0.796515,0.038256,0.310046,0.817005,-0.050643
HA_Lat_12_6.13.26,80,518.97,563.62,0,524.35,569.02,0.9869,518.97,563.62,0.9951,0.32943,0.342026,-0.058085,0.32507,0.329388,-0.047208,0.323892,0.328967,-0.047349,0.32276,0.328588,-0.047275,0.324732,0.328913,-0.071937,0.323395,0.328239,-0.072174,0.322038,0.327508,-0.07228,0.313189,0.331335,0.00446,0.311988,0.330399,-0.106406,0.324211,0.352471,-0.035374,0.32369,0.351994,-0.068472,0.293879,0.384008,0.091819,0.28685,0.376274,-0.155262,0.263024,0.45861,0.113067,0.246524,0.456897,-0.179616,0.274408,0.509893,0.030046,0.270295,0.521872,-0.159692,0.280215,0.533534,0.025142,0.275815,0.540478,-0.181317,0.287252,0.532238,0.002626,0.282295,0.533127,-0.171905,0.283907,0.526746,0.018445,0.2802,0.5267,-0.154404,0.234307,0.532152,0.075566,0.237676,0.53334,-0.075677,0.206254,0.652205,0.087726,0.274098,0.650285,-0.054758,0.156064,0.744555,0.096048,0.278696,0.783928,-0.026779,0.142535,0.739438,0.094392,0.269265,0.804818,-0.02417,0.152206,0.796515,0.062765,0.310749,0.817002,-0.053753
HA_Lat_12_6.13.26,81,519.43,564.41,0,524.93,571.11,0.9861,519.43,564.41,0.9953,0.329662,0.34291,-0.057713,0.32559,0.330007,-0.046878,0.324428,0.329538,-0.047016,0.323355,0.329143,-0.046945,0.325295,0.329512,-0.071265,0.323962,0.328766,-0.0715,0.322606,0.32796,-0.071606,0.31475,0.332027,0.003859,0.31312,0.331147,-0.105167,0.324859,0.353342,-0.035248,0.324398,0.352944,-0.067932,0.293465,0.384343,0.090118,0.286883,0.378561,-0.152925,0.261496,0.459111,0.1096,0.2469,0.457166,-0.17549,0.273933,0.513302,0.02758,0.270538,0.522605,-0.156335,0.275509,0.533761,0.022226,0.275858,0.541172,-0.178181,0.28209,0.532638,0.001225,0.282144,0.533654,-0.168692,0.281604,0.52703,0.016465,0.280294,0.527137,-0.151099,0.234331,0.531506,0.075472,0.237474,0.53249,-0.075581,0.207053,0.652323,0.09066,0.273805,0.650316,-0.053832,0.156451,0.744543,0.10068,0.278696,0.784429,-0.023254,0.143157,0.739074,0.099104,0.269237,0.805259,-0.020167,0.152377,0.796503,0.066494,0.311237,0.816966,-0.049645
HA_Lat_12_6.13.26,82,518.94,565.6,0,522.56,568.93,0.9896,518.94,565.6,0.9955,0.330561,0.344945,-0.058588,0.3268,0.33206,-0.048052,0.325774,0.331681,-0.04819,0.324837,0.331369,-0.048121,0.326361,0.331506,-0.072435,0.325002,0.330789,-0.072669,0.323584,0.329974,-0.072774,0.315904,0.334692,0.002805,0.314005,0.333479,-0.106407,0.325557,0.355277,-0.036045,0.324912,0.354993,-0.068638,0.293541,0.385384,0.088925,0.288682,0.381539,-0.153414,0.260029,0.459521,0.108617,0.248324,0.457401,-0.176277,0.271355,0.516111,0.026276,0.27028,0.5237,-0.156745,0.26697,0.535031,0.020805,0.27548,0.542246,-0.178691,0.273156,0.535317,-0.000453,0.281653,0.534983,-0.169055,0.274005,0.534434,0.015104,0.27983,0.52868,-0.151533,0.234382,0.530351,0.075435,0.238012,0.531846,-0.075543,0.207871,0.652466,0.091916,0.273553,0.650328,-0.052691,0.156656,0.744067,0.101848,0.278457,0.784507,-0.0215,0.143391,0.737402,0.100217,0.269182,0.805293,-0.01814,0.152625,0.796508,0.067861,0.311253,0.816917,-0.04796
HA_Lat_12_6.13.26,83,519.79,566.49,0,522.17,570.27,0.9896,519.79,566.49,0.9954,0.330617,0.347997,-0.058775,0.327751,0.335577,-0.048455,0.326856,0.335102,-0.048593,0.326045,0.334683,-0.048529,0.327179,0.334729,-0.072602,0.325757,0.333744,-0.072836,0.324272,0.332704,-0.072943,0.317764,0.337422,0.001967,0.314848,0.33547,-0.106819,0.32573,0.358002,-0.036465,0.324881,0.357132,-0.068844,0.293772,0.386092,0.088035,0.288286,0.382219,-0.153457,0.259835,0.459853,0.107677,0.248627,0.457694,-0.174445,0.270434,0.51613,0.025806,0.270722,0.524528,-0.152543,0.266047,0.534907,0.020125,0.275994,0.542869,-0.173615,0.271781,0.534993,-0.000785,0.282225,0.535336,-0.164667,0.272383,0.533606,0.014816,0.28022,0.529012,-0.147528,0.23419,0.530103,0.075397,0.238032,0.531852,-0.075506,0.208049,0.652652,0.093116,0.273066,0.650354,-0.046525,0.156365,0.744021,0.104626,0.278458,0.784807,-0.01116,0.142908,0.738383,0.103142,0.269178,0.805534,-0.007424,0.152864,0.796507,0.068552,0.311308,0.816904,-0.037374
HA_Lat_12_6.13.26,84,520.05,567.61,0,517.7,567.74,0.9911,520.05,567.61,0.9955,0.332763,0.351175,-0.055529,0.329319,0.337811,-0.044724,0.32821,0.337169,-0.044863,0.327193,0.336601,-0.044795,0.328983,0.337315,-0.069344,0.327668,0.336442,-0.069586,0.326398,0.335538,-0.069695,0.318194,0.339204,0.005308,0.316855,0.33805,-0.104847,0.327701,0.360813,-0.033334,0.327065,0.360383,-0.066279,0.294412,0.386909,0.091983,0.290037,0.384531,-0.153158,0.26135,0.460096,0.111611,0.249262,0.457914,-0.174251,0.272,0.511533,0.026537,0.270861,0.525561,-0.151644,0.269454,0.529371,0.020697,0.276385,0.543606,-0.172529,0.274554,0.528488,-0.000172,0.282713,0.535825,-0.163894,0.274968,0.525664,0.015475,0.280548,0.529589,-0.14666,0.23409,0.53005,0.075392,0.23798,0.531759,-0.075501,0.208299,0.652672,0.08826,0.27284,0.650336,-0.046558,0.156815,0.743652,0.094497,0.278297,0.785007,-0.013499,0.143257,0.736598,0.092603,0.269053,0.80558,-0.010219,0.152977,0.796521,0.060701,0.311291,0.8169,-0.03804
HA_Lat_12_6.13.26,85,521.07,569.21,0,519.15,569.59,0.9913,521.07,569.21,0.9957,0.330951,0.353503,-0.054983,0.328471,0.340393,-0.044218,0.327758,0.339962,-0.044357,0.327172,0.339611,-0.044287,0.327509,0.339306,-0.067532,0.326018,0.338281,-0.06777,0.324518,0.337268,-0.067878,0.319187,0.341723,0.005829,0.315376,0.339444,-0.097104,0.326106,0.363654,-0.032709,0.324764,0.362237,-0.063956,0.29527,0.387888,0.091459,0.290191,0.386323,-0.142335,0.260282,0.46074,0.111823,0.249863,0.458138,-0.165136,0.25895,0.518997,0.031531,0.271392,0.527048,-0.147596,0.257545,0.535465,0.026757,0.27695,0.54459,-0.168621,0.258767,0.536725,0.005847,0.28302,0.537048,-0.159268,0.260711,0.537241,0.02092,0.280817,0.530896,-0.142439,0.23387,0.529997,0.073737,0.23798,0.531637,-0.073846,0.208393,0.652789,0.083132,0.272404,0.650412,-0.047121,0.156702,0.743494,0.08692,0.278333,0.785289,-0.014096,0.143097,0.737188,0.084861,0.269084,0.805902,-0.010672,0.15296,0.796509,0.05137,0.311389,0.816951,-0.038021
HA_Lat_12_6.13.26,86,520.67,570.98,0,517.09,569.84,0.9883,520.67,570.98,0.9959,0.334505,0.353368,-0.055798,0.330789,0.340195,-0.044898,0.329733,0.339756,-0.045039,0.328723,0.339374,-0.044968,0.330428,0.339453,-0.068698,0.329085,0.338603,-0.068936,0.327643,0.337757,-0.069044,0.320116,0.341823,0.005771,0.318409,0.340342,-0.099665,0.329339,0.363386,-0.033379,0.328657,0.362564,-0.065066,0.296448,0.388543,0.092153,0.292215,0.387856,-0.143798,0.261535,0.460942,0.112487,0.25014,0.458211,-0.167552,0.264573,0.518391,0.0297,0.271184,0.528684,-0.146515,0.263828,0.535392,0.024523,0.276646,0.54614,-0.167665,0.266946,0.536674,0.004093,0.282482,0.539257,-0.159059,0.268023,0.536901,0.019075,0.28038,0.532928,-0.14156,0.234189,0.530174,0.073755,0.238212,0.531604,-0.073865,0.208216,0.65289,0.083276,0.27229,0.650451,-0.041497,0.157055,0.743479,0.086764,0.278293,0.785339,-0.003819,0.143094,0.737783,0.0845,0.269079,0.806012,9.4e-05,0.153044,0.79643,0.052094,0.311321,0.816673,-0.022637
HA_Lat_12_6.13.26,87,521.34,572.46,0,516.53,571.85,0.9891,521.34,572.46,0.9961,0.331597,0.358351,-0.054558,0.329379,0.345355,-0.043094,0.328793,0.345013,-0.043233,0.328305,0.344743,-0.043162,0.328158,0.343634,-0.066126,0.326554,0.342314,-0.066366,0.324854,0.341018,-0.066475,0.320643,0.346317,0.010013,0.315649,0.342604,-0.091765,0.326853,0.368089,-0.031388,0.325078,0.366147,-0.062167,0.296746,0.392024,0.097744,0.291163,0.389132,-0.13808,0.260997,0.463429,0.11917,0.250563,0.458619,-0.166291,0.263485,0.523756,0.037558,0.271531,0.530055,-0.147929,0.26122,0.53856,0.032841,0.27706,0.547233,-0.168331,0.264835,0.538706,0.012129,0.282934,0.54028,-0.160708,0.266194,0.536819,0.026968,0.280807,0.533812,-0.143152,0.233995,0.530308,0.073559,0.237979,0.531401,-0.073673,0.208204,0.652969,0.063568,0.271993,0.65029,-0.056155,0.156947,0.743232,0.05196,0.27834,0.785657,-0.034502,0.143026,0.737923,0.048317,0.269207,0.806159,-0.032101,0.153035,0.796419,0.011007,0.311323,0.817247,-0.060318
HA_Lat_12_6.13.26,88,521.55,575.26,0,516.61,575.17,0.9899,521.55,575.26,0.9964,0.334475,0.359518,-0.055896,0.331185,0.346149,-0.044177,0.330229,0.345666,-0.044327,0.329369,0.345257,-0.044247,0.330588,0.345068,-0.067507,0.329134,0.344002,-0.067759,0.327597,0.342873,-0.067875,0.32076,0.346982,0.007481,0.317981,0.344892,-0.096183,0.329454,0.368768,-0.033389,0.328376,0.367672,-0.064679,0.29669,0.393817,0.095372,0.291813,0.391346,-0.142236,0.260333,0.463899,0.117291,0.250318,0.459585,-0.168079,0.263244,0.526776,0.035582,0.27164,0.532645,-0.149454,0.259838,0.547293,0.030107,0.27763,0.549819,-0.169688,0.264205,0.548195,0.01151,0.283462,0.542901,-0.162158,0.265589,0.543858,0.025588,0.281374,0.536348,-0.144687,0.233838,0.530161,0.073498,0.237817,0.531076,-0.073611,0.207906,0.653045,0.0729,0.27186,0.65029,-0.047491,0.156936,0.742838,0.074987,0.278346,0.785832,-0.004156,0.142718,0.737648,0.072572,0.269208,0.806284,0.000601,0.153026,0.796416,0.039022,0.311318,0.817245,-0.022148
HA_Lat_12_6.13.26,89,522.0,577.83,0,516.83,575.75,0.9898,522.0,577.83,0.9964,0.333103,0.363712,-0.045362,0.330596,0.349792,-0.0349,0.329708,0.349111,-0.035051,0.328941,0.348463,-0.034991,0.329977,0.348629,-0.058176,0.32853,0.347356,-0.058411,0.327026,0.346004,-0.058519,0.320662,0.34946,0.01167,0.31765,0.34729,-0.092098,0.327923,0.372832,-0.024631,0.326937,0.371086,-0.055822,0.295079,0.393577,0.095128,0.291311,0.392545,-0.140852,0.260012,0.464298,0.115176,0.251243,0.461721,-0.165945,0.260945,0.527856,0.033876,0.271876,0.535024,-0.146157,0.256587,0.550671,0.02845,0.277893,0.552931,-0.166489,0.261232,0.551337,0.008907,0.283421,0.547709,-0.158144,0.262497,0.545978,0.023546,0.28141,0.540338,-0.141305,0.233811,0.530242,0.073051,0.237683,0.531317,-0.073171,0.207514,0.653067,0.073185,0.27166,0.650223,-0.038356,0.156546,0.742741,0.065526,0.278345,0.785838,0.00369,0.142348,0.737698,0.062187,0.269192,0.806273,0.008257,0.153085,0.797196,0.027755,0.311122,0.817193,-0.012188
HA_Lat_12_6.13.26,90,522.23,580.8,0,519.32,577.69,0.9894,522.23,580.8,0.9966,0.333842,0.361715,-0.0469,0.330848,0.348155,-0.036659,0.329833,0.347515,-0.036801,0.328937,0.346909,-0.036745,0.330509,0.347264,-0.060007,0.329185,0.346174,-0.060235,0.327817,0.344973,-0.060337,0.320452,0.348409,0.011388,0.318497,0.346783,-0.092499,0.328881,0.371008,-0.025391,0.328266,0.369714,-0.056588,0.294986,0.393273,0.094258,0.292275,0.393114,-0.143057,0.259629,0.464271,0.113697,0.251557,0.463266,-0.167157,0.260903,0.529074,0.032415,0.271995,0.53778,-0.147613,0.256615,0.549185,0.026877,0.27808,0.556262,-0.167584,0.261437,0.549215,0.007386,0.283604,0.550894,-0.15938,0.262736,0.543927,0.022073,0.281563,0.543406,-0.142776,0.233769,0.529996,0.073189,0.237585,0.531514,-0.073307,0.207197,0.653117,0.085333,0.27148,0.650227,-0.039624,0.156227,0.741922,0.093992,0.278362,0.786174,0.000443,0.142054,0.737432,0.092383,0.269233,0.806643,0.004619,0.153078,0.797175,0.061192,0.311253,0.81718,-0.018877
HA_Lat_12_6.13.26,91,522.86,585.29,0,518.39,578.13,0.9848,522.86,585.29,0.9967,0.333884,0.360552,-0.056144,0.330515,0.347546,-0.045551,0.329456,0.346953,-0.04571,0.328471,0.346403,-0.045647,0.330187,0.346913,-0.069331,0.328829,0.346024,-0.069567,0.327396,0.345018,-0.069677,0.319885,0.348208,0.00288,0.318113,0.347252,-0.103094,0.329198,0.370024,-0.034533,0.328534,0.369171,-0.066395,0.294627,0.394405,0.088769,0.292232,0.395226,-0.15076,0.259298,0.466326,0.11294,0.251578,0.466026,-0.171465,0.260919,0.53084,0.031427,0.272324,0.541935,-0.156934,0.256701,0.554601,0.025809,0.278237,0.560727,-0.17979,0.261529,0.555085,0.006942,0.284307,0.554809,-0.171609,0.262765,0.549421,0.021231,0.282267,0.547255,-0.152474,0.233602,0.530143,0.073247,0.237497,0.531682,-0.073362,0.206983,0.653161,0.086281,0.271152,0.650278,-0.039134,0.156097,0.741796,0.094229,0.278369,0.786371,0.002914,0.141923,0.737574,0.092819,0.269231,0.80685,0.007114,0.153074,0.796914,0.061939,0.311263,0.817224,-0.017654
HA_Lat_12_6.13.26,92,524.11,586.87,0,521.07,580.52,0.9835,524.11,586.87,0.997,0.333611,0.361393,-0.05046,0.330525,0.348357,-0.04028,0.329537,0.347752,-0.040432,0.328636,0.347202,-0.040376,0.33015,0.347822,-0.063964,0.328793,0.347006,-0.064201,0.327338,0.346091,-0.064307,0.319989,0.348928,0.005702,0.317962,0.348429,-0.099975,0.328917,0.37112,-0.029753,0.328298,0.370173,-0.06148,0.293904,0.394169,0.091024,0.291717,0.396295,-0.149967,0.25906,0.466303,0.116589,0.251925,0.468327,-0.171355,0.263871,0.530603,0.041413,0.272974,0.543399,-0.155203,0.263181,0.55138,0.037305,0.278816,0.562074,-0.177432,0.268399,0.552038,0.016516,0.284753,0.556487,-0.168935,0.268717,0.546684,0.030669,0.282505,0.548772,-0.15058,0.233042,0.530235,0.07328,0.237401,0.531819,-0.073396,0.206949,0.653188,0.082341,0.270835,0.650336,-0.038889,0.15598,0.741838,0.076953,0.278388,0.786512,0.001498,0.141698,0.737791,0.073942,0.269324,0.807063,0.005656,0.153062,0.797556,0.040932,0.311207,0.817237,-0.017264
HA_Lat_12_6.13.26,93,525.03,588.84,0,522.44,581.5,0.9843,525.03,588.84,0.9971,0.333123,0.360808,-0.051872,0.329623,0.347998,-0.041915,0.32854,0.347366,-0.042072,0.327572,0.346791,-0.042017,0.32935,0.347594,-0.065525,0.327951,0.346811,-0.065766,0.326462,0.346002,-0.065872,0.318992,0.349086,0.003495,0.317086,0.348738,-0.101793,0.328464,0.370494,-0.031469,0.327906,0.369775,-0.063071,0.29396,0.395094,0.08943,0.291941,0.397325,-0.152748,0.258897,0.466702,0.106206,0.251974,0.470414,-0.174111,0.267675,0.530158,0.017109,0.273451,0.545225,-0.15783,0.268034,0.550956,0.010084,0.279209,0.563262,-0.180631,0.273251,0.551774,-0.011723,0.285287,0.557995,-0.172465,0.273236,0.546387,0.005485,0.282867,0.55079,-0.153372,0.232212,0.530203,0.073366,0.237187,0.531949,-0.073477,0.20658,0.653213,0.081385,0.270187,0.650348,-0.040218,0.155409,0.741301,0.077358,0.27845,0.786949,-0.002872,0.141055,0.73775,0.074413,0.269355,0.807874,7.7e-05,0.152848,0.797212,0.040399,0.311451,0.817244,-0.02581
HA_Lat_12_6.13.26,94,525.84,590.16,0,526.01,581.88,0.9853,525.84,590.16,0.9972,0.332428,0.363701,-0.049985,0.329233,0.350929,-0.039829,0.328237,0.350288,-0.039983,0.327332,0.349693,-0.039933,0.328836,0.350594,-0.064435,0.327409,0.349799,-0.064685,0.325895,0.34894,-0.064801,0.318852,0.351207,0.005548,0.316565,0.350821,-0.101921,0.327763,0.372745,-0.029331,0.326986,0.372357,-0.06228,0.293373,0.394891,0.095209,0.291632,0.398517,-0.15554,0.258196,0.464407,0.175437,0.252097,0.472665,-0.186897,0.28158,0.496204,0.177483,0.273875,0.546449,-0.172614,0.279828,0.508887,0.187532,0.280315,0.565361,-0.193762,0.288257,0.50124,0.165209,0.285961,0.558805,-0.183555,0.284356,0.506438,0.168313,0.283409,0.551527,-0.167256,0.230905,0.530146,0.074891,0.236993,0.531999,-0.07501,0.205569,0.65325,0.074653,0.269644,0.650348,-0.052639,0.154949,0.741293,0.060663,0.278439,0.78708,-0.028696,0.140098,0.7379,0.057001,0.269289,0.808058,-0.026141,0.153221,0.797202,0.026869,0.311142,0.817683,-0.04756
HA_Lat_12_6.13.26,95,527.59,591.87,0,528.34,582.44,0.9893,527.59,591.87,0.9974,0.331841,0.363139,-0.050561,0.328587,0.350485,-0.040392,0.327544,0.349832,-0.040552,0.326595,0.349241,-0.040515,0.328277,0.350276,-0.065158,0.326884,0.349553,-0.065406,0.325405,0.348777,-0.065516,0.318046,0.351374,0.004506,0.315896,0.351203,-0.103487,0.327265,0.372479,-0.030289,0.326662,0.372109,-0.063304,0.292956,0.395931,0.094847,0.290835,0.399294,-0.157216,0.258186,0.466173,0.152903,0.252127,0.474365,-0.186545,0.280439,0.500339,0.109395,0.274789,0.548028,-0.172999,0.282002,0.512917,0.111033,0.281372,0.5674,-0.195476,0.290445,0.502173,0.094436,0.286874,0.560335,-0.186616,0.287984,0.511514,0.101695,0.284693,0.552808,-0.168291,0.229644,0.530204,0.075065,0.236493,0.532615,-0.075179,0.204683,0.653419,0.075798,0.269092,0.650543,-0.042107,0.153989,0.741281,0.065403,0.278387,0.787158,-0.005444,0.138469,0.737999,0.061841,0.269275,0.808069,-0.001761,0.153212,0.797475,0.027583,0.311019,0.817688,-0.023819
HA_Lat_12_6.13.26,96,528.0,590.0,0,531.04,583.97,0.9856,527.42,592.77,0.9974,0.331191,0.362885,-0.049954,0.328015,0.35049,-0.039131,0.326983,0.34996,-0.039286,0.326036,0.349482,-0.039243,0.32767,0.350124,-0.063775,0.326288,0.349461,-0.064015,0.324836,0.348746,-0.064117,0.317505,0.351893,0.009046,0.315471,0.351456,-0.099922,0.32655,0.372609,-0.028646,0.325888,0.371988,-0.061577,0.292681,0.399646,0.098221,0.290431,0.399305,-0.15471,0.260422,0.472231,0.136972,0.25206,0.476349,-0.185985,0.280214,0.509842,0.075726,0.2747,0.548861,-0.16986,0.282894,0.524686,0.073799,0.281262,0.567096,-0.192017,0.288886,0.518495,0.056471,0.286906,0.560357,-0.183386,0.287401,0.522617,0.067089,0.284717,0.553137,-0.165097,0.229344,0.53038,0.075594,0.235284,0.532688,-0.075697,0.203981,0.653568,0.07063,0.268374,0.650555,-0.051558,0.152913,0.741155,0.056777,0.2784,0.787279,-0.035342,0.1366,0.738109,0.052763,0.269273,0.808479,-0.034117,0.153017,0.797434,0.016537,0.31108,0.817685,-0.063879
HA_Lat_12_6.13.26,97,536.0,590.0,0,535.68,584.16,0.9852,528.47,593.03,0.9973,0.330754,0.363315,-0.050796,0.327607,0.350759,-0.040122,0.326663,0.350149,-0.040277,0.325813,0.349611,-0.04023,0.327154,0.350547,-0.064686,0.325762,0.349869,-0.064925,0.3243,0.349148,-0.065028,0.317415,0.351761,0.008414,0.314976,0.351557,-0.102365,0.326199,0.373039,-0.029398,0.325392,0.372697,-0.062169,0.292654,0.400895,0.097187,0.289528,0.399214,-0.156863,0.26165,0.475135,0.131867,0.25172,0.478529,-0.184503,0.280449,0.52613,0.07244,0.275244,0.549105,-0.16764,0.282495,0.543136,0.071177,0.281848,0.567244,-0.188827,0.288631,0.534818,0.046837,0.287225,0.5605,-0.18105,0.287342,0.533669,0.060165,0.285117,0.553041,-0.163195,0.228818,0.531133,0.075714,0.23409,0.532998,-0.075815,0.202983,0.653813,0.07275,0.267745,0.650668,-0.042464,0.151199,0.741016,0.062676,0.278453,0.787396,-0.017945,0.134639,0.738128,0.059019,0.269317,0.808936,-0.016258,0.152907,0.797184,0.023487,0.311152,0.817536,-0.043512
HA_Lat_12_6.13.26,98,538.0,590.0,0,539.88,584.95,0.9872,531.36,592.37,0.9975,0.329981,0.364236,-0.048391,0.327147,0.351389,-0.038706,0.326102,0.35068,-0.038858,0.325137,0.350051,-0.038813,0.326907,0.351214,-0.062908,0.325558,0.350476,-0.063147,0.324099,0.349686,-0.063248,0.316499,0.351614,0.007767,0.314619,0.351547,-0.101944,0.325377,0.373713,-0.027905,0.324903,0.373247,-0.060232,0.289299,0.400614,0.096093,0.288129,0.399609,-0.156761,0.261365,0.475003,0.136261,0.25171,0.48086,-0.184784,0.281689,0.524298,0.087514,0.276748,0.548495,-0.169051,0.283085,0.539118,0.088307,0.283002,0.56778,-0.189745,0.288493,0.533921,0.066135,0.288394,0.560998,-0.181173,0.287824,0.530484,0.07677,0.286588,0.553252,-0.164213,0.227286,0.531579,0.075241,0.233299,0.534404,-0.075349,0.201837,0.654277,0.060311,0.267117,0.650839,-0.038076,0.149022,0.741033,0.033306,0.278454,0.787453,-0.005559,0.132948,0.738583,0.028133,0.269318,0.808927,-0.002361,0.152334,0.797183,-0.006692,0.311154,0.817571,-0.022006
HA_Lat_12_6.13.26,99,538.0,587.0,0,540.67,582.95,0.9873,535.41,591.88,0.9977,0.329045,0.365407,-0.048557,0.32632,0.352187,-0.039439,0.325291,0.351378,-0.039591,0.324279,0.350613,-0.039553,0.326251,0.3521,-0.063052,0.325079,0.351292,-0.063292,0.323748,0.350368,-0.063386,0.315607,0.351991,0.004485,0.31425,0.351824,-0.10231,0.324451,0.374259,-0.029063,0.324271,0.373908,-0.060586,0.2883,0.40055,0.093182,0.28655,0.401231,-0.156502,0.262425,0.475061,0.13463,0.251614,0.482812,-0.183932,0.287953,0.519268,0.086947,0.278859,0.548035,-0.169153,0.28675,0.534299,0.087501,0.28491,0.567373,-0.190193,0.292007,0.530963,0.064975,0.290224,0.560272,-0.181916,0.29288,0.524874,0.076194,0.288821,0.55263,-0.164551,0.225508,0.531938,0.074565,0.23181,0.534844,-0.074668,0.200933,0.654972,0.059111,0.266294,0.650905,-0.039279,0.147193,0.741043,0.034683,0.27835,0.787458,-0.006354,0.131478,0.739392,0.029713,0.269313,0.808923,-0.003419,0.152293,0.797172,-0.003741,0.310895,0.817476,-0.0243
HA_Lat_12_6.13.26,100,542.0,587.0,0,543.73,579.53,0.9887,541.06,593.92,0.9979,0.327504,0.365204,-0.052946,0.324455,0.351746,-0.04465,0.323509,0.350842,-0.044803,0.32257,0.350066,-0.04478,0.324422,0.351534,-0.066536,0.323379,0.350626,-0.066769,0.322156,0.349723,-0.066857,0.313683,0.351664,-0.00304,0.312268,0.351818,-0.102875,0.323675,0.373701,-0.034258,0.323705,0.373313,-0.063573,0.287785,0.400816,0.082639,0.284462,0.402399,-0.154528,0.262829,0.475176,0.134099,0.251467,0.485469,-0.181462,0.289357,0.519134,0.07524,0.281803,0.549928,-0.169411,0.290802,0.534572,0.07469,0.287975,0.570194,-0.191238,0.29612,0.531348,0.051869,0.293775,0.561925,-0.182807,0.297112,0.525469,0.064338,0.29223,0.554565,-0.165042,0.22433,0.532549,0.072833,0.230455,0.53627,-0.072903,0.199685,0.655466,0.06474,0.26543,0.651144,-0.045492,0.146255,0.741074,0.051048,0.278282,0.78749,-0.022959,0.130486,0.739702,0.047226,0.269272,0.808997,-0.020762,0.1523,0.797472,0.013553,0.310761,0.817054,-0.043205
HA_Lat_12_6.13.26,101,550.0,582.0,0,548.74,578.66,0.99,544.16,593.88,0.998,0.325587,0.364513,-0.059239,0.322401,0.351205,-0.05005,0.321426,0.350357,-0.050205,0.320455,0.349623,-0.050179,0.322363,0.350967,-0.073087,0.321291,0.350103,-0.073324,0.320043,0.34924,-0.073418,0.310925,0.351302,-0.005485,0.309602,0.351416,-0.109185,0.321605,0.373325,-0.039199,0.321625,0.372906,-0.069956,0.286439,0.401778,0.083214,0.281327,0.401936,-0.160598,0.263714,0.476244,0.132216,0.251452,0.486739,-0.188471,0.295137,0.517417,0.07729,0.283418,0.549893,-0.178136,0.297664,0.532218,0.076929,0.290061,0.570294,-0.200731,0.304674,0.525758,0.053625,0.295417,0.561453,-0.19224,0.303191,0.522025,0.066013,0.293686,0.554225,-0.173718,0.223592,0.534317,0.073185,0.228675,0.536794,-0.073248,0.198876,0.657017,0.065025,0.264666,0.651686,-0.048534,0.144641,0.741321,0.050453,0.278282,0.787567,-0.023273,0.129133,0.741669,0.046378,0.269279,0.809063,-0.020762,0.152214,0.797437,0.010118,0.310937,0.817005,-0.04606
HA_Lat_12_6.13.26,102,550.0,582.0,0,553.57,577.06,0.9894,545.89,593.26,0.9981,0.322224,0.365144,-0.059913,0.319188,0.352122,-0.050442,0.318308,0.351326,-0.0506,0.317424,0.35059,-0.050578,0.319004,0.351972,-0.073807,0.317896,0.351182,-0.074032,0.316522,0.35041,-0.074123,0.308218,0.351923,-0.004804,0.306308,0.352013,-0.109607,0.318398,0.374298,-0.039412,0.31824,0.373765,-0.070621,0.286242,0.405724,0.08267,0.277346,0.401743,-0.160659,0.268783,0.481709,0.115358,0.251284,0.488748,-0.194797,0.296572,0.522213,0.034316,0.284319,0.549317,-0.19593,0.302182,0.537549,0.028169,0.291003,0.569523,-0.221274,0.307581,0.530114,0.003954,0.296172,0.56094,-0.21399,0.305017,0.524723,0.021743,0.2942,0.553682,-0.19259,0.223769,0.536915,0.073501,0.226486,0.536793,-0.073544,0.197922,0.658076,0.065099,0.263851,0.651738,-0.072836,0.143569,0.741641,0.05607,0.278203,0.787736,-0.068162,0.128,0.743054,0.052398,0.269255,0.809327,-0.068575,0.15225,0.797578,0.013338,0.310947,0.81701,-0.108553
HA_Lat_12_6.13.26,103,553.42,576.22,0,553.42,576.22,0.9901,547.51,590.09,0.9981,0.317915,0.366401,-0.052592,0.315363,0.353287,-0.042948,0.314468,0.352466,-0.043111,0.313588,0.351684,-0.0431,0.315053,0.353208,-0.066794,0.313884,0.352402,-0.066995,0.312458,0.351584,-0.067069,0.30469,0.352168,0.00322,0.302363,0.352283,-0.103505,0.31352,0.375267,-0.031828,0.313391,0.374656,-0.063696,0.285105,0.406143,0.086175,0.27345,0.401469,-0.156766,0.273847,0.481982,0.115553,0.251151,0.489495,-0.194552,0.298711,0.524607,0.035058,0.28516,0.546381,-0.198685,0.3033,0.539479,0.029463,0.292112,0.566219,-0.224035,0.309032,0.532365,0.006021,0.29717,0.556168,-0.216484,0.306131,0.526195,0.022894,0.294686,0.549004,-0.195378,0.223288,0.53986,0.073637,0.223708,0.536789,-0.073672,0.197215,0.659282,0.060885,0.262872,0.65174,-0.076579,0.142163,0.742141,0.052365,0.278076,0.78796,-0.073225,0.126532,0.744265,0.048604,0.269238,0.809616,-0.073774,0.152247,0.797526,0.007816,0.310984,0.816965,-0.112148
HA_Lat_12_6.13.26,104,558.19,571.58,0,558.19,571.58,0.991,549.12,580.02,0.9981,0.315192,0.365857,-0.046243,0.312442,0.352786,-0.036226,0.311531,0.352012,-0.036391,0.31062,0.351269,-0.036374,0.312137,0.352673,-0.060143,0.310942,0.351893,-0.060341,0.309517,0.351091,-0.060418,0.301892,0.351908,0.01099,0.299423,0.351981,-0.09583,0.31076,0.374887,-0.025134,0.31065,0.374265,-0.057076,0.284459,0.406909,0.092404,0.269981,0.401363,-0.151687,0.276043,0.483627,0.115415,0.251027,0.489095,-0.192257,0.298085,0.524755,0.027849,0.285999,0.537053,-0.188906,0.303772,0.541805,0.021774,0.293664,0.557073,-0.212759,0.309184,0.532757,-0.000148,0.298647,0.544259,-0.204886,0.305835,0.526439,0.016158,0.295626,0.537228,-0.185015,0.223375,0.541964,0.0739,0.221068,0.536831,-0.073923,0.196551,0.660812,0.061918,0.262015,0.651703,-0.08542,0.140903,0.742778,0.055753,0.277734,0.788047,-0.082986,0.125533,0.74614,0.052255,0.269216,0.809933,-0.083307,0.152186,0.797519,0.012583,0.311054,0.816565,-0.12072
HA_Lat_12_6.13.26,105,561.18,566.4,0,561.18,566.4,0.9906,549.74,569.56,0.9979,0.309519,0.365457,-0.041313,0.307259,0.352482,-0.031541,0.306519,0.351752,-0.031698,0.30583,0.351057,-0.031668,0.306823,0.352311,-0.055104,0.30579,0.351556,-0.055304,0.304637,0.350774,-0.055379,0.29762,0.351576,0.015532,0.295034,0.351708,-0.088779,0.305073,0.37459,-0.019918,0.304904,0.37397,-0.051193,0.281753,0.406285,0.098077,0.267313,0.400414,-0.144585,0.274113,0.483457,0.101513,0.250974,0.488984,-0.174799,0.295699,0.519677,-0.018873,0.286324,0.527368,-0.143062,0.301596,0.534149,-0.029673,0.29552,0.543891,-0.160873,0.306089,0.523388,-0.047583,0.299564,0.529524,-0.152868,0.303373,0.518927,-0.029845,0.296153,0.52427,-0.13837,0.221919,0.542688,0.073797,0.220473,0.537188,-0.073823,0.196225,0.662068,0.053412,0.261492,0.651747,-0.075113,0.139976,0.7439,0.039166,0.277635,0.788161,-0.059676,0.12433,0.748571,0.034896,0.269173,0.810263,-0.058418,0.152085,0.797413,-0.004491,0.310836,0.81621,-0.091039
HA_Lat_12_6.13.26,106,561.3,557.51,0,561.3,557.51,0.9907,553.79,562.5,0.9978,0.30628,0.365112,-0.043562,0.303625,0.352153,-0.033891,0.302764,0.351441,-0.034045,0.302012,0.350794,-0.034011,0.303197,0.351985,-0.057473,0.301941,0.351227,-0.05768,0.30057,0.350449,-0.057765,0.293856,0.351449,0.013223,0.291205,0.351604,-0.091709,0.30159,0.374392,-0.022278,0.301092,0.373773,-0.053621,0.278552,0.406265,0.09696,0.264196,0.400128,-0.14583,0.272309,0.482876,0.098217,0.250823,0.489777,-0.174882,0.2959,0.51627,-0.011105,0.28843,0.520829,-0.147776,0.303335,0.529018,-0.019936,0.29904,0.534707,-0.167208,0.307476,0.518195,-0.039486,0.303073,0.520565,-0.159121,0.304421,0.513824,-0.022408,0.29903,0.515611,-0.143262,0.220479,0.543764,0.073804,0.218661,0.537815,-0.073832,0.195737,0.6634,0.064867,0.2611,0.651898,-0.078517,0.13906,0.745232,0.077375,0.277525,0.788167,-0.058643,0.123163,0.75024,0.075624,0.269126,0.810275,-0.056931,0.152092,0.797349,0.038378,0.310358,0.814771,-0.089466
HA_Lat_12_6.13.26,107,563.6,545.94,0,563.6,545.94,0.991,555.91,554.56,0.9977,0.302114,0.361784,-0.041146,0.299634,0.347832,-0.031769,0.298792,0.34734,-0.031918,0.298012,0.346868,-0.031885,0.299272,0.347855,-0.055746,0.298133,0.347426,-0.055953,0.296897,0.346941,-0.056038,0.289411,0.346849,0.013713,0.287798,0.34818,-0.092473,0.297878,0.371892,-0.020308,0.297286,0.371694,-0.052162,0.272447,0.402777,0.098374,0.262654,0.399242,-0.146511,0.269559,0.482342,0.099644,0.250158,0.489965,-0.172611,0.294004,0.507614,0.008783,0.289536,0.513477,-0.136243,0.302045,0.514133,0.00242,0.301588,0.523715,-0.153896,0.306816,0.508826,-0.018598,0.305001,0.509822,-0.145007,0.302466,0.503217,-0.002495,0.300739,0.50586,-0.131262,0.216839,0.544041,0.074077,0.217431,0.538568,-0.074103,0.194831,0.66494,0.067405,0.260368,0.6519,-0.073208,0.137898,0.746545,0.082798,0.277274,0.788147,-0.050972,0.122171,0.752192,0.081434,0.269017,0.810252,-0.048956,0.151915,0.797245,0.04709,0.310103,0.814119,-0.079533
HA_Lat_12_6.13.26,108,563.64,534.9,0,563.64,534.9,0.9914,558.35,543.24,0.9975,0.298504,0.359951,-0.040435,0.295443,0.34678,-0.031848,0.294383,0.346096,-0.031997,0.293446,0.34542,-0.03196,0.295433,0.347067,-0.055232,0.294321,0.346605,-0.055439,0.293162,0.346042,-0.055533,0.285797,0.345589,0.012412,0.284322,0.347182,-0.0921,0.294351,0.369444,-0.020286,0.294223,0.369286,-0.05129,0.270033,0.402234,0.097861,0.259876,0.399201,-0.146286,0.26832,0.482039,0.087316,0.249646,0.490378,-0.164991,0.295067,0.497397,-0.030273,0.290807,0.502997,-0.118163,0.303755,0.503268,-0.040214,0.30272,0.509698,-0.134119,0.30668,0.49517,-0.057603,0.305276,0.495966,-0.125839,0.303491,0.491804,-0.041078,0.301207,0.49324,-0.113146,0.215377,0.544905,0.073912,0.216425,0.540397,-0.073936,0.194288,0.66651,0.074097,0.259845,0.652014,-0.071245,0.136895,0.747697,0.089317,0.277163,0.787899,-0.048616,0.121103,0.75385,0.087868,0.269021,0.809951,-0.046554,0.151922,0.796847,0.054036,0.310111,0.813883,-0.076755
HA_Lat_12_6.13.26,109,561.02,519.81,0,561.02,519.81,0.9813,558.16,527.67,0.9955,0.294053,0.355261,-0.039479,0.290865,0.34222,-0.031211,0.289946,0.341764,-0.03136,0.289132,0.341316,-0.03132,0.2908,0.342653,-0.05446,0.289812,0.342537,-0.054661,0.288743,0.342235,-0.05475,0.281602,0.34259,0.011577,0.280683,0.343942,-0.092173,0.290256,0.365792,-0.019866,0.290003,0.365623,-0.050668,0.265224,0.399675,0.095711,0.25527,0.397595,-0.14651,0.267016,0.481531,0.055179,0.248486,0.490673,-0.149355,0.294621,0.486518,-0.09948,0.290706,0.488579,-0.071426,0.302589,0.490243,-0.115505,0.302948,0.492973,-0.082646,0.304702,0.479238,-0.128778,0.303663,0.476508,-0.075526,0.301723,0.477066,-0.109736,0.299608,0.474755,-0.066153,0.213432,0.545837,0.073916,0.215966,0.542372,-0.07394,0.193514,0.66831,0.081653,0.259435,0.652878,-0.068928,0.135842,0.749248,0.10183,0.277061,0.787597,-0.045927,0.12023,0.75604,0.101134,0.269015,0.809611,-0.043806,0.151906,0.796677,0.070177,0.31012,0.813869,-0.073273
HA_Lat_12_6.13.26,110,557.56,504.93,0,557.56,504.93,0.9786,557.39,514.85,0.9949,0.290542,0.350319,-0.045839,0.286793,0.337912,-0.038316,0.28604,0.337586,-0.038473,0.285356,0.337153,-0.038428,0.28646,0.338311,-0.060765,0.285397,0.338278,-0.060959,0.284243,0.338026,-0.061054,0.27816,0.339761,0.002954,0.276111,0.340575,-0.096439,0.287484,0.361281,-0.026635,0.286866,0.360559,-0.056176,0.265661,0.399437,0.08046,0.250652,0.395738,-0.150054,0.266919,0.480703,0.027631,0.248365,0.490358,-0.15197,0.293701,0.474226,-0.135762,0.290308,0.476712,-0.080036,0.30129,0.475333,-0.153818,0.301884,0.477063,-0.09281,0.303058,0.464025,-0.165629,0.302314,0.461974,-0.08725,0.300924,0.460885,-0.145599,0.298683,0.460626,-0.075562,0.213654,0.547241,0.073919,0.212546,0.543127,-0.073944,0.19258,0.670159,0.081351,0.25876,0.653431,-0.070626,0.135132,0.750661,0.094804,0.276982,0.787414,-0.053474,0.119907,0.758303,0.093253,0.269016,0.809466,-0.052298,0.151937,0.796686,0.058889,0.310129,0.813886,-0.08572
HA_Lat_12_6.13.26,111,555.88,494.65,0,555.88,494.65,0.9829,557.5,499.8,0.992,0.285066,0.347045,-0.044528,0.281426,0.334469,-0.036678,0.280609,0.33425,-0.036834,0.279874,0.333927,-0.036788,0.281044,0.334719,-0.059182,0.27989,0.334732,-0.05938,0.27867,0.33455,-0.059477,0.27184,0.336928,0.004322,0.270105,0.33773,-0.094781,0.281562,0.358825,-0.025206,0.280839,0.358073,-0.054951,0.261451,0.399204,0.0817,0.245929,0.393773,-0.148149,0.266905,0.480063,0.03436,0.248226,0.49033,-0.142529,0.29325,0.464086,-0.124047,0.290367,0.462775,-0.061353,0.302124,0.458451,-0.140581,0.301861,0.457914,-0.071889,0.302567,0.447417,-0.15049,0.301453,0.444804,-0.066741,0.299832,0.447559,-0.133084,0.297967,0.44677,-0.056923,0.213374,0.548459,0.073536,0.21096,0.544187,-0.073562,0.192069,0.671979,0.080458,0.257963,0.653635,-0.071459,0.133979,0.752214,0.093331,0.276801,0.787247,-0.059136,0.118734,0.760909,0.092072,0.26899,0.809265,-0.058404,0.15196,0.796684,0.057911,0.310365,0.814056,-0.091313
HA_Lat_12_6.13.26,112,555.93,483.85,0,550.38,486.24,0.9851,555.93,483.85,0.988,0.280001,0.343191,-0.045095,0.275852,0.331148,-0.037228,0.274893,0.330914,-0.037384,0.274005,0.330649,-0.037336,0.275738,0.331503,-0.059617,0.27462,0.331503,-0.05981,0.27343,0.331349,-0.059909,0.265531,0.334116,0.004187,0.264184,0.334997,-0.094861,0.276785,0.355268,-0.025795,0.276587,0.35478,-0.05538,0.257985,0.398254,0.078835,0.24154,0.392082,-0.148294,0.264663,0.477328,0.023622,0.248142,0.489926,-0.139856,0.292777,0.448918,-0.136306,0.289549,0.448007,-0.050972,0.300503,0.440343,-0.152639,0.300626,0.440299,-0.060006,0.301074,0.429087,-0.159992,0.300129,0.428767,-0.055512,0.296511,0.431271,-0.144267,0.295764,0.431435,-0.046527,0.212547,0.549522,0.073107,0.209628,0.545349,-0.073137,0.19026,0.673116,0.082557,0.256888,0.654385,-0.079614,0.132643,0.754244,0.099952,0.276806,0.787245,-0.07962,0.117492,0.763808,0.099362,0.269039,0.809282,-0.080163,0.151958,0.796703,0.067402,0.311895,0.814229,-0.114631
HA_Lat_12_6.13.26,113,551.32,468.66,0,551.32,468.66,0.9851,554.53,470.61,0.9838,0.272451,0.339017,-0.031235,0.268673,0.327012,-0.02194,0.267875,0.326895,-0.022086,0.267175,0.326757,-0.022043,0.268098,0.327095,-0.044297,0.26685,0.327117,-0.044492,0.265541,0.327144,-0.044586,0.258852,0.330955,0.023002,0.256771,0.331974,-0.076108,0.269468,0.351511,-0.01104,0.268438,0.350946,-0.0408,0.255431,0.398572,0.091347,0.235883,0.390685,-0.129117,0.26379,0.477977,0.041152,0.247872,0.489743,-0.133664,0.2923,0.437847,-0.114718,0.288818,0.435753,-0.06376,0.299523,0.427007,-0.130207,0.299186,0.425123,-0.074637,0.298662,0.418042,-0.136181,0.294733,0.415361,-0.068951,0.293747,0.420296,-0.121859,0.290814,0.419763,-0.059368,0.212426,0.551133,0.072553,0.207122,0.546048,-0.072574,0.18861,0.674733,0.08103,0.255733,0.654631,-0.089353,0.13187,0.755428,0.09726,0.27683,0.787262,-0.098295,0.116498,0.765162,0.096911,0.269081,0.809332,-0.099599,0.151862,0.796943,0.063674,0.312249,0.814242,-0.138493
HA_Lat_12_6.13.26,114,542.0,455.0,0,547.15,454.24,0.9873,552.24,457.6,0.9838,0.26852,0.337469,-0.031551,0.266255,0.325775,-0.021447,0.265671,0.325639,-0.021593,0.265157,0.325485,-0.021556,0.265034,0.325299,-0.043485,0.263533,0.324917,-0.043671,0.261934,0.32453,-0.043761,0.25628,0.328021,0.029146,0.25218,0.328579,-0.0682,0.264744,0.350381,-0.009518,0.263188,0.349759,-0.038883,0.255164,0.398525,0.09803,0.230301,0.388956,-0.122459,0.264689,0.477075,0.041869,0.247636,0.483704,-0.169153,0.291968,0.425413,-0.123634,0.287623,0.423705,-0.180174,0.299808,0.415149,-0.142553,0.298284,0.414285,-0.203975,0.298573,0.404468,-0.149628,0.291679,0.403007,-0.195995,0.293675,0.407723,-0.131443,0.287913,0.407566,-0.177282,0.21243,0.55184,0.072578,0.204847,0.546603,-0.0726,0.187435,0.675776,0.080714,0.254595,0.654942,-0.096906,0.130703,0.756461,0.111864,0.276793,0.787091,-0.102251,0.115453,0.766475,0.112704,0.269087,0.809297,-0.103647,0.151329,0.79696,0.074096,0.312917,0.813911,-0.151926
HA_Lat_12_6.13.26,115,537.93,438.65,0,537.93,438.65,0.9884,546.64,442.79,0.9848,0.261761,0.337485,-0.023639,0.260071,0.326213,-0.013252,0.259653,0.32602,-0.013393,0.259365,0.325802,-0.013349,0.25844,0.325694,-0.034808,0.25676,0.325206,-0.034993,0.255066,0.324707,-0.035083,0.251374,0.327539,0.038444,0.245565,0.328425,-0.057242,0.258213,0.349722,-0.001008,0.256119,0.349282,-0.029794,0.251512,0.39749,0.109777,0.225251,0.388004,-0.117026,0.268774,0.466771,0.05117,0.247642,0.471528,-0.171912,0.291739,0.40666,-0.110253,0.284707,0.409987,-0.170349,0.299509,0.395069,-0.127947,0.294087,0.398915,-0.19216,0.294992,0.387559,-0.133541,0.286339,0.389935,-0.184857,0.290658,0.390636,-0.117338,0.283272,0.394234,-0.167122,0.212257,0.553157,0.073334,0.203249,0.547743,-0.073358,0.18648,0.676601,0.080242,0.253677,0.655564,-0.094887,0.129964,0.758321,0.108149,0.276847,0.787075,-0.095703,0.114405,0.768302,0.108455,0.269327,0.809338,-0.096674,0.151429,0.796977,0.070469,0.313862,0.811469,-0.142623
HA_Lat_12_6.13.26,116,531.3,430.86,0,531.3,430.86,0.9928,538.48,428.63,0.9853,0.257653,0.337172,-0.023948,0.255642,0.325761,-0.013116,0.255185,0.325389,-0.013256,0.254735,0.324919,-0.013212,0.253841,0.325177,-0.035913,0.252011,0.324406,-0.036098,0.250164,0.3237,-0.036185,0.245931,0.325466,0.041464,0.240105,0.327072,-0.060816,0.25414,0.348704,-0.000288,0.251905,0.348475,-0.030831,0.247651,0.395122,0.112732,0.219491,0.38644,-0.120509,0.270689,0.461717,0.051076,0.247576,0.462111,-0.193963,0.289592,0.395532,-0.112164,0.28046,0.396883,-0.211804,0.296256,0.383536,-0.131157,0.288745,0.382895,-0.238663,0.289296,0.377178,-0.134836,0.281391,0.377547,-0.232772,0.28612,0.380673,-0.118695,0.278665,0.382669,-0.209809,0.212035,0.553511,0.07407,0.201511,0.54817,-0.074095,0.185954,0.677374,0.080156,0.253176,0.656856,-0.093284,0.129351,0.759154,0.11006,0.276986,0.787109,-0.082878,0.114167,0.769866,0.110644,0.269603,0.809684,-0.082867,0.15124,0.796927,0.071043,0.314167,0.811327,-0.127987
HA_Lat_12_6.13.26,117,522.0,421.0,0,531.21,418.85,0.9871,528.22,415.0,0.9861,0.253018,0.335386,-0.025296,0.251218,0.324524,-0.014329,0.250841,0.324269,-0.014467,0.250502,0.323873,-0.014425,0.249379,0.323806,-0.037897,0.247525,0.323038,-0.038085,0.245547,0.322298,-0.038173,0.24108,0.32414,0.041539,0.234664,0.325632,-0.064825,0.249618,0.347319,-0.001227,0.247596,0.347209,-0.032903,0.24485,0.392926,0.113204,0.215519,0.385257,-0.124386,0.270437,0.459287,0.055368,0.247231,0.452848,-0.213094,0.285132,0.389288,-0.095138,0.275112,0.384261,-0.241567,0.2908,0.372833,-0.111751,0.281302,0.368821,-0.270366,0.284177,0.36669,-0.115976,0.276105,0.364837,-0.263865,0.281448,0.372313,-0.101511,0.273855,0.371151,-0.239718,0.211544,0.553567,0.074581,0.200457,0.549298,-0.074608,0.185107,0.677746,0.080089,0.25239,0.657032,-0.092911,0.128523,0.759847,0.114477,0.27662,0.786796,-0.079971,0.11371,0.771148,0.115289,0.269414,0.809765,-0.079936,0.150642,0.796927,0.076008,0.313911,0.809171,-0.126688
HA_Lat_12_6.13.26,118,522.07,406.91,0,522.94,409.49,0.9869,522.07,406.91,0.9871,0.247176,0.330358,-0.024635,0.245289,0.321088,-0.013677,0.244905,0.321051,-0.013812,0.244562,0.320891,-0.01377,0.243327,0.320286,-0.037072,0.241296,0.319657,-0.037261,0.239128,0.319047,-0.037349,0.236266,0.321527,0.042298,0.228958,0.322245,-0.063048,0.244095,0.343122,-0.000515,0.24202,0.343296,-0.031995,0.241527,0.39069,0.113793,0.210982,0.382852,-0.124108,0.270045,0.456185,0.056904,0.24541,0.441457,-0.213033,0.281199,0.387158,-0.091848,0.271911,0.376764,-0.240219,0.286266,0.369864,-0.108178,0.278024,0.362936,-0.269009,0.281548,0.363759,-0.11232,0.274396,0.357708,-0.261764,0.278593,0.369437,-0.098132,0.271629,0.363764,-0.238069,0.211326,0.553349,0.075028,0.199588,0.549435,-0.075053,0.184923,0.677686,0.081552,0.251352,0.65697,-0.09628,0.128269,0.760653,0.121023,0.276269,0.78681,-0.089142,0.113572,0.773018,0.122118,0.269287,0.80979,-0.089987,0.150644,0.796861,0.083801,0.313207,0.803246,-0.13972
HA_Lat_12_6.13.26,119,515.95,400.84,0,513.43,402.25,0.9885,515.95,400.84,0.9881,0.243542,0.328974,-0.024758,0.240903,0.319235,-0.013879,0.240439,0.319108,-0.014016,0.239977,0.318836,-0.013973,0.239248,0.318642,-0.037501,0.237443,0.318097,-0.03769,0.23536,0.31749,-0.037774,0.230925,0.319738,0.042101,0.22457,0.320732,-0.064324,0.241093,0.34185,-0.000554,0.23915,0.342393,-0.032349,0.238652,0.388194,0.113379,0.206965,0.380712,-0.124471,0.269745,0.451213,0.058481,0.243186,0.431396,-0.208936,0.279189,0.385866,-0.089956,0.268725,0.371144,-0.230489,0.284587,0.368368,-0.106053,0.275214,0.357375,-0.258257,0.279774,0.361473,-0.110624,0.271914,0.350818,-0.25127,0.276871,0.367075,-0.096425,0.269375,0.357025,-0.228314,0.211041,0.552913,0.075064,0.19859,0.549301,-0.075087,0.184612,0.677819,0.083296,0.249572,0.655983,-0.096769,0.127954,0.760768,0.123414,0.275695,0.786643,-0.090872,0.112964,0.773658,0.124563,0.268764,0.809788,-0.091912,0.149512,0.796488,0.087651,0.312559,0.800304,-0.142174
HA_Lat_12_6.13.26,120,515.22,390.46,0,512.28,392.49,0.9825,515.22,390.46,0.9887,0.2385,0.327528,-0.017104,0.235997,0.317507,-0.005603,0.235588,0.317427,-0.005737,0.235224,0.317247,-0.005701,0.234476,0.316891,-0.030443,0.232833,0.316376,-0.03063,0.231013,0.315821,-0.030706,0.226861,0.318445,0.052004,0.220532,0.319242,-0.060291,0.236288,0.340201,0.007636,0.23448,0.340443,-0.025865,0.233946,0.384281,0.122853,0.201843,0.378602,-0.123956,0.267828,0.444166,0.068793,0.241416,0.419849,-0.213072,0.278609,0.380429,-0.081831,0.268345,0.361533,-0.235999,0.28423,0.365594,-0.095936,0.274321,0.348042,-0.264423,0.279933,0.357281,-0.105487,0.271415,0.340969,-0.256381,0.276985,0.361623,-0.089786,0.269296,0.346537,-0.233524,0.211037,0.551963,0.075384,0.198244,0.549231,-0.075412,0.183938,0.677512,0.083925,0.248359,0.655702,-0.098508,0.127843,0.7606,0.125643,0.274699,0.786173,-0.09352,0.11243,0.773391,0.127101,0.268451,0.809777,-0.094705,0.149429,0.796435,0.091539,0.311818,0.797312,-0.144847
HA_Lat_12_6.13.26,121,513.51,383.49,0,511.78,387.66,0.9853,513.51,383.49,0.989,0.234005,0.326239,-0.011282,0.231443,0.316509,-0.001039,0.230768,0.316266,-0.001171,0.230201,0.315999,-0.001145,0.230263,0.315925,-0.02586,0.228576,0.315283,-0.026046,0.22667,0.314525,-0.026118,0.221771,0.317003,0.052453,0.215832,0.317306,-0.059692,0.23146,0.338645,0.012254,0.229985,0.338259,-0.02128,0.229083,0.382868,0.124161,0.197673,0.37689,-0.122567,0.265951,0.437221,0.083901,0.237975,0.414142,-0.208249,0.279345,0.377181,-0.049523,0.267455,0.355084,-0.225067,0.285079,0.360888,-0.061323,0.274217,0.341348,-0.250946,0.281738,0.353834,-0.068667,0.2711,0.335482,-0.241858,0.278711,0.358384,-0.056772,0.268603,0.341531,-0.221956,0.211124,0.551453,0.075397,0.197734,0.549049,-0.075425,0.182151,0.677103,0.088872,0.247398,0.65568,-0.101115,0.127588,0.760855,0.133871,0.274024,0.785586,-0.106601,0.112505,0.773776,0.135934,0.268313,0.809817,-0.108774,0.149095,0.796433,0.107227,0.311103,0.793885,-0.157736
HA_Lat_12_6.13.26,122,514.99,376.54,0,511.31,387.5,0.9867,514.99,376.54,0.9875,0.230102,0.323279,-0.010335,0.227138,0.313761,0.000165,0.226473,0.313489,3.2e-05,0.22589,0.313204,5.4e-05,0.225869,0.313142,-0.02472,0.224047,0.31243,-0.024903,0.222143,0.311637,-0.024971,0.217604,0.314628,0.054338,0.211712,0.314792,-0.058481,0.227707,0.335626,0.013468,0.225978,0.334969,-0.020226,0.225756,0.380789,0.126577,0.193416,0.375154,-0.120804,0.263407,0.431519,0.098451,0.23574,0.40589,-0.208919,0.279817,0.373817,-0.025436,0.268221,0.348644,-0.232514,0.285677,0.358298,-0.036633,0.275588,0.336361,-0.259879,0.28296,0.351647,-0.047395,0.273019,0.330557,-0.249412,0.279921,0.355153,-0.034003,0.270665,0.335889,-0.229312,0.210738,0.550025,0.075385,0.197522,0.548881,-0.075413,0.181114,0.677038,0.089462,0.246194,0.655652,-0.104531,0.127397,0.760805,0.133041,0.272976,0.785335,-0.112245,0.112755,0.773377,0.134745,0.268183,0.809928,-0.114941,0.149208,0.796366,0.102665,0.310862,0.790357,-0.169597
HA_Lat_12_6.13.26,123,516.71,371.99,0,513.97,379.09,0.9877,516.71,371.99,0.9856,0.2272,0.320213,-0.009772,0.223573,0.310317,0.000801,0.222854,0.310044,0.000669,0.22222,0.309795,0.00069,0.22225,0.309666,-0.023555,0.220639,0.309017,-0.023735,0.218726,0.308291,-0.023799,0.213449,0.311913,0.055153,0.208702,0.311617,-0.05556,0.224259,0.333052,0.014122,0.222221,0.332057,-0.018986,0.222609,0.379113,0.126971,0.189612,0.37282,-0.116765,0.260814,0.424994,0.105701,0.233062,0.398246,-0.202836,0.280054,0.371135,-0.010964,0.26912,0.344438,-0.220499,0.286127,0.357582,-0.021589,0.276911,0.333136,-0.247288,0.283779,0.3508,-0.034154,0.275034,0.327777,-0.23703,0.280729,0.354036,-0.020062,0.272477,0.332543,-0.21734,0.210146,0.547637,0.075269,0.19683,0.548109,-0.075292,0.180403,0.676478,0.095443,0.244358,0.655091,-0.115837,0.127313,0.760567,0.150812,0.271387,0.78438,-0.12626,0.112829,0.772457,0.153676,0.267686,0.809927,-0.12922,0.149243,0.79634,0.120955,0.310295,0.787194,-0.188655
HA_Lat_12_6.13.26,124,518.16,371.94,0,515.52,372.47,0.9891,518.16,371.94,0.9858,0.223214,0.317764,-0.012369,0.219297,0.308131,-0.002064,0.218587,0.307923,-0.002196,0.21799,0.307728,-0.002173,0.217957,0.307478,-0.026177,0.216463,0.306971,-0.026354,0.214678,0.306451,-0.02641,0.208912,0.31066,0.051168,0.204813,0.310397,-0.058086,0.220198,0.330697,0.011127,0.21812,0.329484,-0.021595,0.219324,0.377193,0.121902,0.186672,0.371815,-0.117988,0.258593,0.420351,0.104623,0.230957,0.393834,-0.19982,0.28034,0.369839,-0.034481,0.269873,0.344386,-0.208877,0.286279,0.35609,-0.050308,0.277716,0.335359,-0.234623,0.284263,0.348194,-0.063742,0.276174,0.329048,-0.225174,0.281229,0.352582,-0.045062,0.273608,0.332951,-0.205735,0.209871,0.54586,0.074986,0.196208,0.547084,-0.074997,0.179945,0.675658,0.101185,0.243017,0.65442,-0.123276,0.127473,0.760532,0.159691,0.269944,0.783615,-0.133571,0.112969,0.771821,0.162724,0.26694,0.80997,-0.13677,0.149075,0.796328,0.129422,0.308137,0.785161,-0.198496
HA_Lat_12_6.13.26,125,519.14,369.8,0,513.16,370.9,0.9902,519.14,369.8,0.9849,0.218176,0.317192,-0.016107,0.214228,0.307093,-0.005828,0.213366,0.30682,-0.005963,0.212596,0.306582,-0.005934,0.212889,0.306531,-0.029813,0.211111,0.306042,-0.029996,0.209231,0.305647,-0.030063,0.204394,0.309889,0.046612,0.19972,0.309808,-0.06134,0.215046,0.329737,0.007072,0.213135,0.328925,-0.025302,0.215889,0.374191,0.120541,0.183089,0.3717,-0.120502,0.254519,0.417343,0.098264,0.229251,0.388877,-0.199938,0.279683,0.370796,-0.03999,0.270388,0.342412,-0.2148,0.286553,0.35755,-0.054291,0.278592,0.335112,-0.242396,0.284616,0.350014,-0.067209,0.277101,0.328907,-0.233159,0.281267,0.355592,-0.049848,0.274295,0.332526,-0.212202,0.209701,0.543863,0.074732,0.196131,0.546249,-0.074734,0.180118,0.67431,0.102371,0.241958,0.653472,-0.134255,0.127491,0.760423,0.165329,0.269262,0.782701,-0.145728,0.112879,0.771317,0.168768,0.266449,0.809906,-0.149155,0.148389,0.795828,0.133349,0.306551,0.782581,-0.214923
HA_Lat_12_6.13.26,126,518.39,373.19,0,512.61,370.01,0.99,518.39,373.19,0.9813,0.213427,0.31476,-0.017135,0.209998,0.304639,-0.007136,0.209063,0.30432,-0.007271,0.208168,0.304051,-0.007248,0.208929,0.304189,-0.031123,0.207232,0.3037,-0.03131,0.205548,0.303301,-0.031377,0.20021,0.307158,0.044821,0.196183,0.307001,-0.063315,0.210205,0.326839,0.006048,0.208695,0.325938,-0.026488,0.208479,0.370391,0.11966,0.179626,0.370802,-0.122093,0.250627,0.415818,0.11997,0.227305,0.386794,-0.200983,0.279094,0.371752,0.029678,0.269995,0.345544,-0.218393,0.286511,0.361474,0.022664,0.278801,0.336429,-0.245899,0.284898,0.354507,0.006761,0.277475,0.331326,-0.236179,0.281568,0.358508,0.019879,0.274645,0.335379,-0.215582,0.208429,0.541155,0.074631,0.196933,0.545182,-0.074637,0.180323,0.673067,0.09807,0.241503,0.652713,-0.118632,0.127364,0.760185,0.147952,0.26896,0.782016,-0.124538,0.11255,0.770974,0.15009,0.266061,0.80988,-0.124534,0.148456,0.795774,0.1141,0.30532,0.781551,-0.186269
HA_Lat_12_6.13.26,127,518.35,379.02,0,511.63,371.66,0.989,518.35,379.02,0.9776,0.211255,0.314229,-0.018797,0.207489,0.304224,-0.008877,0.20674,0.303855,-0.009007,0.206069,0.303495,-0.008987,0.206094,0.303892,-0.033164,0.204306,0.30346,-0.033354,0.20253,0.303088,-0.033417,0.197828,0.306809,0.043694,0.192803,0.307088,-0.06435,0.208741,0.326623,0.00598,0.206803,0.326196,-0.027289,0.208491,0.370865,0.118332,0.177812,0.369607,-0.1237,0.249568,0.4144,0.108489,0.226746,0.383511,-0.199693,0.27894,0.374515,-0.001155,0.269973,0.350949,-0.210476,0.286682,0.366192,-0.008521,0.279216,0.342513,-0.236841,0.285053,0.360335,-0.009631,0.27794,0.337324,-0.228022,0.281805,0.362716,-0.006349,0.275058,0.340699,-0.207613,0.208571,0.539957,0.07404,0.196885,0.544702,-0.07405,0.180581,0.672281,0.095673,0.240576,0.652423,-0.112459,0.127673,0.760148,0.141869,0.268045,0.781741,-0.113456,0.112812,0.770717,0.143833,0.265398,0.809837,-0.113593,0.14834,0.795761,0.107729,0.3049,0.779702,-0.168678
HA_Lat_12_6.13.26,128,518.14,385.75,0,513.48,374.84,0.9875,518.14,385.75,0.965,0.209241,0.314067,-0.0202,0.206021,0.304206,-0.010218,0.205477,0.303896,-0.010347,0.204978,0.303577,-0.010333,0.204195,0.303849,-0.034268,0.202326,0.303504,-0.034456,0.20033,0.303181,-0.034505,0.196536,0.30687,0.042538,0.190283,0.30726,-0.065281,0.206696,0.326621,0.005798,0.204581,0.326416,-0.027416,0.206637,0.369098,0.117719,0.175667,0.369213,-0.12434,0.24717,0.410888,0.099542,0.226221,0.38182,-0.199369,0.27868,0.37638,-0.018267,0.269863,0.357175,-0.205993,0.286765,0.370341,-0.029545,0.279433,0.352562,-0.231442,0.285246,0.363721,-0.038257,0.278129,0.345452,-0.222901,0.282022,0.365398,-0.026624,0.275391,0.34763,-0.202928,0.208308,0.537617,0.072536,0.196927,0.543238,-0.072567,0.18053,0.670608,0.091009,0.239481,0.652369,-0.110215,0.127926,0.759969,0.141284,0.26746,0.781304,-0.098484,0.113003,0.770588,0.143251,0.264633,0.809667,-0.099082,0.148378,0.795761,0.100154,0.304681,0.777897,-0.160707
HA_Lat_12_6.13.26,129,517.13,388.01,0,513.87,381.0,0.9873,517.13,388.01,0.9569,0.20708,0.314704,-0.025918,0.20354,0.30456,-0.016844,0.202755,0.304273,-0.016981,0.202021,0.303983,-0.016975,0.202221,0.304291,-0.040605,0.200432,0.304004,-0.040793,0.198634,0.303716,-0.040849,0.193631,0.306942,0.034356,0.188916,0.307578,-0.07351,0.204307,0.327443,-0.001084,0.202701,0.327321,-0.033921,0.203693,0.368366,0.109534,0.17393,0.369441,-0.129033,0.245066,0.411536,0.113387,0.224397,0.381328,-0.20287,0.278015,0.381747,0.039724,0.269337,0.359265,-0.216828,0.286836,0.375124,0.034363,0.279282,0.354237,-0.24346,0.285387,0.368158,0.017557,0.27828,0.348089,-0.235425,0.282014,0.370301,0.029984,0.275385,0.350357,-0.214456,0.207702,0.536255,0.07154,0.197292,0.542408,-0.07158,0.180396,0.668272,0.091538,0.238694,0.652045,-0.107385,0.128124,0.759808,0.14,0.267059,0.780687,-0.095173,0.113155,0.770543,0.141996,0.264283,0.809496,-0.095729,0.148137,0.795762,0.102554,0.303867,0.775677,-0.155838
HA_Lat_12_6.13.26,130,517.57,395.28,0,517.59,387.01,0.9868,517.57,395.28,0.956,0.204122,0.314762,-0.026573,0.200077,0.304615,-0.017763,0.199222,0.304423,-0.017901,0.19846,0.304205,-0.017895,0.198925,0.304356,-0.041158,0.197196,0.304159,-0.041345,0.195494,0.303937,-0.041402,0.190401,0.307466,0.032369,0.186118,0.308115,-0.07388,0.201349,0.327594,-0.002428,0.19998,0.327543,-0.03466,0.201727,0.369581,0.105511,0.173203,0.369953,-0.128979,0.243295,0.414376,0.113275,0.222544,0.382419,-0.202114,0.277559,0.385574,0.040977,0.26957,0.366,-0.212731,0.286955,0.379261,0.035684,0.279549,0.361612,-0.239351,0.285413,0.372155,0.017079,0.278539,0.355077,-0.231294,0.282095,0.374153,0.030666,0.275573,0.357373,-0.21036,0.207121,0.535398,0.069624,0.197613,0.54168,-0.069668,0.179908,0.66669,0.091348,0.238396,0.652041,-0.106865,0.128215,0.759654,0.137084,0.266859,0.780305,-0.094535,0.113151,0.770456,0.139069,0.264202,0.809449,-0.095281,0.148366,0.795731,0.102396,0.302519,0.774096,-0.153632
HA_Lat_12_6.13.26,131,510.0,407.0,0,518.41,399.46,0.987,517.08,400.4,0.9518,0.202563,0.315032,-0.029672,0.198509,0.305023,-0.020284,0.197773,0.304865,-0.020424,0.197197,0.304674,-0.020418,0.197043,0.30476,-0.04335,0.195234,0.30456,-0.043537,0.193485,0.304311,-0.043595,0.189344,0.308046,0.031438,0.184148,0.308637,-0.074164,0.199802,0.328123,-0.005545,0.198192,0.328127,-0.037253,0.201701,0.370902,0.10426,0.171935,0.37046,-0.128898,0.241797,0.417071,0.114541,0.22137,0.383851,-0.200999,0.277669,0.387816,0.040471,0.269313,0.370737,-0.212378,0.287053,0.382041,0.034523,0.279334,0.364917,-0.239292,0.285562,0.374169,0.015745,0.278704,0.355784,-0.232415,0.28221,0.374752,0.029986,0.27569,0.359253,-0.210516,0.207038,0.534998,0.068958,0.197647,0.541346,-0.069001,0.179119,0.665662,0.093125,0.238255,0.652014,-0.106656,0.12812,0.759561,0.142143,0.266418,0.779914,-0.097581,0.113165,0.77059,0.144391,0.264046,0.80933,-0.09886,0.148339,0.795737,0.108915,0.300054,0.774851,-0.161088
HA_Lat_12_6.13.26,132,513.1,414.84,0,513.1,414.84,0.9885,516.69,404.26,0.9506,0.200916,0.315259,-0.032156,0.196961,0.30545,-0.023247,0.196205,0.305357,-0.023392,0.195639,0.305228,-0.023383,0.195519,0.305255,-0.045563,0.19374,0.305118,-0.045751,0.191996,0.304914,-0.045814,0.187801,0.308668,0.027066,0.182548,0.309262,-0.075137,0.198373,0.328688,-0.008814,0.196845,0.328685,-0.039444,0.198123,0.371864,0.099815,0.171226,0.370958,-0.128362,0.240097,0.417995,0.120378,0.221543,0.386905,-0.193793,0.276661,0.392625,0.064857,0.269109,0.374311,-0.210229,0.286837,0.392259,0.06212,0.279164,0.37552,-0.236096,0.285394,0.385039,0.042213,0.278747,0.369719,-0.228434,0.281732,0.384333,0.054658,0.275639,0.370371,-0.207597,0.206529,0.534584,0.067249,0.197713,0.541077,-0.0673,0.177974,0.665143,0.092485,0.238269,0.651909,-0.100518,0.127946,0.759525,0.138448,0.266105,0.77953,-0.091188,0.113188,0.770822,0.140308,0.26374,0.809089,-0.092532,0.148364,0.795737,0.10477,0.29924,0.774464,-0.159593
HA_Lat_12_6.13.26,133,509.69,422.69,0,509.69,422.69,0.9895,515.61,416.55,0.9485,0.199725,0.315442,-0.037833,0.195989,0.305836,-0.02817,0.195491,0.305741,-0.028316,0.195155,0.30563,-0.028305,0.194035,0.305653,-0.049894,0.192063,0.305523,-0.050086,0.190125,0.305338,-0.050158,0.187675,0.309172,0.024832,0.18123,0.309749,-0.075508,0.197597,0.32878,-0.013901,0.195503,0.328851,-0.043697,0.19839,0.372559,0.098758,0.170905,0.371328,-0.127689,0.237282,0.420269,0.119681,0.220584,0.391113,-0.192247,0.275659,0.406606,0.060153,0.268548,0.385696,-0.209536,0.286004,0.406424,0.056665,0.278706,0.392158,-0.235783,0.284872,0.400176,0.036822,0.278726,0.388013,-0.228788,0.281287,0.399278,0.049809,0.275307,0.385953,-0.207329,0.206368,0.534691,0.066449,0.197775,0.541057,-0.066506,0.1774,0.664847,0.092502,0.238441,0.651896,-0.101012,0.127981,0.759436,0.137863,0.266004,0.779298,-0.094133,0.113258,0.77083,0.139739,0.263694,0.809069,-0.095678,0.148608,0.795489,0.10456,0.297551,0.77512,-0.16069
HA_Lat_12_6.13.26,134,509.26,434.49,0,508.97,431.35,0.9888,509.26,434.49,0.94,0.200435,0.316206,-0.046945,0.196464,0.306453,-0.037301,0.195762,0.306344,-0.03745,0.195191,0.306224,-0.037435,0.19492,0.306284,-0.059438,0.193009,0.306139,-0.059625,0.191096,0.305938,-0.059699,0.187253,0.309643,0.016447,0.181717,0.31024,-0.084697,0.197718,0.329446,-0.022857,0.195805,0.329483,-0.053115,0.198919,0.373002,0.09047,0.169826,0.371447,-0.133764,0.233799,0.42183,0.114374,0.217861,0.394073,-0.19626,0.273832,0.42259,0.028161,0.265238,0.402308,-0.212314,0.284907,0.420768,0.021174,0.275778,0.409419,-0.238382,0.283654,0.413124,0.00371,0.276183,0.405843,-0.232559,0.279456,0.414283,0.018071,0.272718,0.403487,-0.210571,0.206495,0.535075,0.066519,0.197958,0.541379,-0.066572,0.17703,0.664518,0.097043,0.23876,0.651895,-0.101632,0.127888,0.759356,0.145802,0.266007,0.779233,-0.096826,0.113311,0.770774,0.147921,0.263696,0.809014,-0.098684,0.148619,0.794934,0.111844,0.298107,0.774958,-0.164557
HA_Lat_12_6.13.26,135,506.43,447.09,0,506.24,442.16,0.988,506.43,447.09,0.932,0.1994,0.316794,-0.043577,0.195693,0.306982,-0.033863,0.195248,0.306855,-0.034008,0.194943,0.306713,-0.033987,0.193647,0.306796,-0.057596,0.191645,0.306615,-0.057786,0.189728,0.306373,-0.057863,0.187343,0.309986,0.01893,0.1809,0.31055,-0.07861,0.197371,0.329914,-0.019873,0.194955,0.329956,-0.052283,0.198735,0.373263,0.093561,0.169723,0.371714,-0.126406,0.231487,0.422142,0.112281,0.215478,0.395334,-0.185562,0.270581,0.428843,0.034584,0.263765,0.413968,-0.20229,0.282169,0.434838,0.028304,0.274553,0.425127,-0.227306,0.28161,0.427737,0.009703,0.275392,0.420129,-0.223704,0.277574,0.42685,0.024308,0.271998,0.417307,-0.201273,0.2063,0.535338,0.066283,0.197907,0.541383,-0.066343,0.176171,0.664622,0.096198,0.238946,0.651694,-0.101493,0.127774,0.759277,0.142159,0.266105,0.779151,-0.098232,0.113223,0.770715,0.144004,0.263765,0.809013,-0.100315,0.148659,0.79422,0.108726,0.2989,0.774355,-0.164644
HA_Lat_12_6.13.26,136,496.0,462.0,0,501.63,453.49,0.9891,500.41,464.35,0.9266,0.199515,0.317257,-0.043014,0.195476,0.30739,-0.03355,0.19493,0.307254,-0.033695,0.194467,0.307101,-0.033672,0.193769,0.307185,-0.056265,0.191882,0.306976,-0.056452,0.190039,0.306703,-0.056523,0.186779,0.310323,0.018246,0.18149,0.310853,-0.079899,0.197163,0.330262,-0.019673,0.195144,0.330307,-0.050679,0.196733,0.373681,0.092502,0.170155,0.371938,-0.12736,0.22989,0.423018,0.104892,0.213797,0.402649,-0.183336,0.266521,0.435941,0.024894,0.260631,0.42995,-0.189607,0.277709,0.444371,0.016974,0.271031,0.443176,-0.212874,0.277945,0.439903,0.005151,0.27221,0.43877,-0.209876,0.274444,0.437704,0.016184,0.269098,0.435188,-0.188398,0.2056,0.535249,0.066381,0.198049,0.541312,-0.066447,0.175835,0.664172,0.095714,0.239259,0.651699,-0.09302,0.12784,0.759214,0.132219,0.26614,0.779202,-0.0943,0.113271,0.77065,0.132695,0.263826,0.809059,-0.097279,0.148676,0.793897,0.09735,0.298236,0.775234,-0.162151
HA_Lat_12_6.13.26,137,490.0,468.0,0,491.85,462.6,0.9911,489.8,475.14,0.9235,0.199563,0.317526,-0.041935,0.195221,0.307607,-0.031992,0.194557,0.307474,-0.032134,0.193992,0.307324,-0.032109,0.193624,0.307433,-0.055139,0.191797,0.307233,-0.055324,0.189891,0.306971,-0.055392,0.185986,0.31038,0.020347,0.181341,0.310994,-0.079671,0.196927,0.330219,-0.018409,0.195002,0.330223,-0.050048,0.195883,0.373769,0.094036,0.169776,0.371929,-0.126911,0.227138,0.423769,0.105234,0.209967,0.409207,-0.177461,0.264074,0.444744,0.01957,0.255103,0.439948,-0.179304,0.274645,0.454148,0.011598,0.264544,0.452025,-0.20147,0.275235,0.453611,-0.004171,0.266212,0.450133,-0.19842,0.270834,0.452281,0.009724,0.263092,0.446168,-0.177802,0.205432,0.535176,0.066666,0.197885,0.54105,-0.066731,0.175272,0.664146,0.092845,0.239469,0.651647,-0.092615,0.127825,0.759161,0.123634,0.26629,0.779167,-0.093378,0.113295,0.770628,0.123905,0.263856,0.809076,-0.096397,0.148799,0.793553,0.091278,0.298279,0.775368,-0.162052
HA_Lat_12_6.13.26,138,478.92,482.7,0,485.86,475.71,0.9901,478.92,482.7,0.9166,0.201152,0.317563,-0.040304,0.197703,0.307769,-0.030434,0.197175,0.307683,-0.030577,0.196704,0.307583,-0.030552,0.195925,0.307458,-0.053484,0.194115,0.307331,-0.05367,0.192304,0.307142,-0.053739,0.188101,0.310479,0.021361,0.183031,0.31118,-0.079167,0.198438,0.330477,-0.016832,0.196618,0.33043,-0.048623,0.194679,0.373584,0.095425,0.170903,0.371802,-0.125081,0.224916,0.424238,0.104483,0.208381,0.414802,-0.17488,0.258457,0.447646,0.016971,0.249437,0.446943,-0.179809,0.26886,0.459296,0.008695,0.257461,0.459692,-0.20217,0.269285,0.460129,-0.007914,0.25812,0.457883,-0.19888,0.263968,0.455362,0.007063,0.255504,0.454067,-0.17825,0.205039,0.53519,0.06651,0.197989,0.540819,-0.066589,0.174766,0.663956,0.089219,0.239683,0.651505,-0.090496,0.127755,0.75912,0.118567,0.266371,0.778986,-0.091504,0.113316,0.770588,0.118875,0.263903,0.809072,-0.094564,0.148811,0.79331,0.086241,0.29854,0.775796,-0.161102
HA_Lat_12_6.13.26,139,466.0,495.0,0,479.95,482.63,0.987,474.32,489.28,0.9204,0.201968,0.317828,-0.039213,0.198856,0.307986,-0.029399,0.198559,0.307884,-0.029542,0.198327,0.307769,-0.029518,0.196772,0.307696,-0.052769,0.194885,0.30756,-0.052956,0.193029,0.307363,-0.053026,0.189633,0.310681,0.022347,0.18339,0.311204,-0.075652,0.199686,0.330541,-0.015805,0.197643,0.33045,-0.048304,0.197214,0.373503,0.096411,0.171559,0.371213,-0.121187,0.227234,0.424552,0.103758,0.204853,0.42082,-0.174316,0.260285,0.456814,0.014064,0.247044,0.453039,-0.183715,0.269621,0.467649,0.005939,0.256214,0.464004,-0.206895,0.270511,0.468508,-0.008141,0.257383,0.460366,-0.201567,0.266669,0.465546,0.004546,0.254339,0.45776,-0.181755,0.205233,0.535304,0.066483,0.198079,0.540781,-0.066566,0.174218,0.663946,0.088975,0.23989,0.651473,-0.092194,0.127644,0.759089,0.117983,0.266451,0.77895,-0.098671,0.11333,0.77056,0.118228,0.263927,0.809088,-0.101791,0.148817,0.79313,0.086101,0.298687,0.776305,-0.163779
HA_Lat_12_6.13.26,140,464.69,502.87,0,472.1,495.67,0.9875,464.69,502.87,0.9194,0.203918,0.318051,-0.038502,0.200813,0.308183,-0.028754,0.200436,0.308076,-0.028897,0.200103,0.307955,-0.028874,0.19894,0.307895,-0.051904,0.19713,0.307745,-0.052092,0.195343,0.307537,-0.052162,0.191015,0.310718,0.022119,0.185546,0.311192,-0.077138,0.201572,0.330614,-0.015106,0.199645,0.330484,-0.047198,0.197881,0.373669,0.095,0.172611,0.371296,-0.121774,0.229216,0.425209,0.089644,0.203311,0.426814,-0.172144,0.258318,0.462855,-0.020285,0.242026,0.465619,-0.17515,0.267298,0.475642,-0.032257,0.249919,0.478946,-0.19676,0.267278,0.474429,-0.04884,0.252142,0.475459,-0.194204,0.2654,0.471939,-0.030626,0.248692,0.473108,-0.173788,0.205334,0.535393,0.066185,0.198179,0.540743,-0.066272,0.174179,0.663519,0.084798,0.240051,0.651417,-0.088347,0.127656,0.759067,0.109965,0.26644,0.778976,-0.09707,0.113505,0.770531,0.109809,0.263959,0.809091,-0.100991,0.149305,0.792935,0.08019,0.298355,0.776481,-0.160133
HA_Lat_12_6.13.26,141,458.0,516.0,0,464.15,507.48,0.9887,458.95,517.73,0.9235,0.20511,0.317984,-0.039526,0.202174,0.308206,-0.030323,0.201874,0.308079,-0.030466,0.201613,0.307944,-0.030437,0.200229,0.307967,-0.052862,0.198424,0.307811,-0.053051,0.196603,0.307589,-0.053118,0.192927,0.310658,0.020283,0.186841,0.311082,-0.078612,0.203059,0.33019,-0.016271,0.201045,0.330105,-0.047277,0.198745,0.373283,0.094497,0.174276,0.370207,-0.121989,0.229034,0.426127,0.089467,0.20374,0.431888,-0.171767,0.256216,0.468537,-0.015423,0.239038,0.47938,-0.173914,0.265452,0.479829,-0.026161,0.244386,0.495124,-0.195465,0.265325,0.477165,-0.0433,0.247835,0.490423,-0.194053,0.261487,0.47516,-0.025769,0.244682,0.486645,-0.172961,0.205465,0.535375,0.065955,0.199122,0.54054,-0.066051,0.17438,0.6625,0.080321,0.240177,0.651631,-0.074104,0.127767,0.758816,0.098225,0.266511,0.778874,-0.073482,0.113746,0.770466,0.097239,0.263992,0.809015,-0.076207,0.149304,0.792943,0.066277,0.29781,0.776769,-0.131547
HA_Lat_12_6.13.26,142,444.65,518.08,0,444.65,518.08,0.9917,448.39,529.58,0.9289,0.206699,0.317721,-0.040068,0.203637,0.307735,-0.031282,0.203272,0.307656,-0.031423,0.202957,0.307586,-0.031395,0.201777,0.307453,-0.053945,0.199974,0.307314,-0.05414,0.198148,0.307123,-0.054211,0.194345,0.31014,0.018578,0.188443,0.310496,-0.082777,0.204509,0.329685,-0.017045,0.202529,0.329547,-0.048009,0.200004,0.373436,0.094312,0.175432,0.369503,-0.124399,0.228455,0.431842,0.094889,0.202114,0.435929,-0.173958,0.25194,0.468032,0.003178,0.233537,0.490353,-0.178322,0.261441,0.47741,-0.005753,0.2368,0.508338,-0.201169,0.261484,0.476872,-0.02446,0.239049,0.502682,-0.195984,0.258537,0.471864,-0.007403,0.237667,0.497375,-0.176458,0.205513,0.535335,0.066101,0.200286,0.540338,-0.066195,0.174552,0.66186,0.080994,0.240288,0.651195,-0.075648,0.128133,0.758646,0.104074,0.266537,0.778822,-0.065103,0.114019,0.77024,0.103832,0.263863,0.808847,-0.066447,0.149844,0.793039,0.066683,0.298075,0.77702,-0.12134
HA_Lat_12_6.13.26,143,440.0,533.0,0,442.09,528.09,0.9892,438.99,538.64,0.9352,0.20744,0.317556,-0.044945,0.204109,0.307311,-0.035754,0.20352,0.307179,-0.035892,0.20302,0.30706,-0.035861,0.202528,0.307126,-0.057819,0.200745,0.306998,-0.058025,0.198983,0.306836,-0.058098,0.194599,0.309754,0.017168,0.189362,0.310348,-0.082877,0.204793,0.329418,-0.020848,0.203155,0.329317,-0.050922,0.201154,0.372385,0.094973,0.175843,0.367412,-0.124556,0.227611,0.435351,0.114202,0.200807,0.437731,-0.175521,0.255013,0.467514,0.043687,0.228638,0.498743,-0.194553,0.263014,0.476148,0.038152,0.23193,0.517238,-0.218433,0.263421,0.475327,0.017032,0.234007,0.511467,-0.219097,0.261098,0.472111,0.032566,0.233227,0.506173,-0.19497,0.205701,0.534822,0.066202,0.201462,0.53991,-0.066298,0.17479,0.660653,0.075295,0.240314,0.651073,-0.069858,0.128593,0.758039,0.086862,0.266579,0.77874,-0.057544,0.114148,0.769257,0.085089,0.263878,0.808738,-0.058918,0.149732,0.793233,0.04704,0.298293,0.777117,-0.117054
HA_Lat_12_6.13.26,144,427.84,532.34,0,427.84,532.34,0.9899,433.94,549.5,0.9403,0.208763,0.317308,-0.043371,0.205997,0.306515,-0.034325,0.205674,0.306335,-0.034465,0.205412,0.306205,-0.034437,0.204098,0.306324,-0.056481,0.202423,0.306106,-0.056685,0.200679,0.305868,-0.056758,0.197476,0.30899,0.016843,0.191009,0.309386,-0.083304,0.206567,0.329025,-0.019701,0.204663,0.328922,-0.049831,0.201212,0.371742,0.095174,0.177614,0.365402,-0.124789,0.228898,0.439851,0.115703,0.198747,0.442764,-0.176604,0.257447,0.470886,0.043928,0.226012,0.508798,-0.198085,0.265867,0.477241,0.038309,0.228485,0.526861,-0.221125,0.265734,0.475564,0.017209,0.231619,0.520441,-0.222842,0.263182,0.474199,0.032688,0.230363,0.515561,-0.198916,0.206192,0.534531,0.066136,0.203682,0.538226,-0.066242,0.17498,0.659335,0.055918,0.240411,0.650923,-0.063029,0.129827,0.757345,0.047268,0.266586,0.778734,-0.050666,0.114912,0.768768,0.043255,0.263904,0.808582,-0.052275,0.149859,0.793691,0.001664,0.298416,0.777292,-0.109611
HA_Lat_12_6.13.26,145,418.07,544.42,0,418.07,544.42,0.9915,427.46,554.05,0.9455,0.213778,0.316917,-0.042729,0.210957,0.305562,-0.034407,0.210563,0.305326,-0.034547,0.210233,0.30516,-0.034523,0.209353,0.305288,-0.056569,0.207958,0.304924,-0.056777,0.206552,0.304498,-0.056849,0.201957,0.307774,0.013581,0.196899,0.307645,-0.086615,0.211445,0.328327,-0.019852,0.20978,0.328134,-0.049937,0.202268,0.370667,0.093949,0.181933,0.361512,-0.127307,0.22904,0.442945,0.123697,0.195967,0.444911,-0.178603,0.259013,0.472856,0.068843,0.222634,0.513008,-0.206469,0.267443,0.481134,0.066144,0.224103,0.532583,-0.229034,0.267455,0.479319,0.04467,0.226889,0.527083,-0.231,0.264653,0.476683,0.058001,0.226947,0.519844,-0.207348,0.207201,0.534469,0.066217,0.206043,0.537825,-0.066318,0.175768,0.657395,0.057465,0.240836,0.650058,-0.063265,0.131208,0.75653,0.050083,0.266605,0.778618,-0.048173,0.115775,0.76771,0.046294,0.263921,0.808407,-0.049346,0.150001,0.794012,0.00609,0.29924,0.777418,-0.105812
HA_Lat_12_6.13.26,146,401.94,554.17,0,401.94,554.17,0.9916,415.68,555.76,0.9485,0.218514,0.315989,-0.04273,0.215515,0.304366,-0.03446,0.215152,0.304109,-0.0346,0.21485,0.303911,-0.034577,0.214009,0.303969,-0.057045,0.212746,0.303455,-0.057251,0.211451,0.302864,-0.057318,0.206864,0.306541,0.014277,0.201951,0.305788,-0.088394,0.216122,0.327449,-0.019893,0.214478,0.327007,-0.050523,0.206019,0.370671,0.09337,0.186577,0.359298,-0.13016,0.229073,0.448752,0.117638,0.19381,0.444184,-0.192112,0.259248,0.476639,0.046697,0.216498,0.514592,-0.227479,0.267258,0.486968,0.040889,0.216797,0.538521,-0.251627,0.267169,0.484828,0.020597,0.221858,0.533171,-0.253774,0.264671,0.480578,0.035751,0.222001,0.524602,-0.228807,0.208667,0.535283,0.066443,0.210556,0.537883,-0.066557,0.17662,0.657021,0.062461,0.242418,0.649635,-0.062475,0.132395,0.755393,0.063304,0.266624,0.778559,-0.047701,0.116753,0.766054,0.060271,0.263934,0.8083,-0.049022,0.15012,0.794422,0.019994,0.299684,0.777532,-0.106575
HA_Lat_12_6.13.26,147,389.95,559.6,0,389.95,559.6,0.9911,405.07,562.07,0.9483,0.226448,0.315796,-0.042776,0.223373,0.304206,-0.03443,0.222738,0.303956,-0.034553,0.22214,0.30377,-0.034517,0.221976,0.303703,-0.057588,0.220249,0.303127,-0.057807,0.218476,0.302503,-0.057882,0.213536,0.306218,0.015569,0.20829,0.305244,-0.088564,0.223473,0.32723,-0.019347,0.221824,0.326772,-0.050534,0.211611,0.370188,0.091046,0.191743,0.357511,-0.13037,0.227449,0.455264,0.038755,0.193155,0.444843,-0.198268,0.240347,0.436352,-0.118051,0.210972,0.520435,-0.230659,0.23674,0.416463,-0.139651,0.207772,0.542991,-0.254602,0.235512,0.409285,-0.148575,0.213259,0.539044,-0.254822,0.235374,0.413324,-0.126741,0.21486,0.531694,-0.230948,0.215237,0.536121,0.066366,0.211556,0.538189,-0.066492,0.179458,0.656793,0.054745,0.230377,0.652375,-0.065077,0.134215,0.753709,0.066256,0.266312,0.778765,-0.022261,0.118282,0.763634,0.064585,0.263692,0.80805,-0.020227,0.150314,0.794444,0.01719,0.298926,0.780792,-0.081313
HA_Lat_12_6.13.26,148,373.11,560.65,0,373.11,560.65,0.9922,387.68,567.72,0.9522,0.233157,0.315099,-0.040093,0.23008,0.303813,-0.031097,0.229485,0.303548,-0.031189,0.228939,0.303336,-0.031129,0.228496,0.303284,-0.055749,0.226567,0.302724,-0.056003,0.224633,0.302143,-0.056091,0.219829,0.305826,0.02446,0.214305,0.305042,-0.087248,0.230353,0.326703,-0.014783,0.228281,0.326185,-0.047839,0.21719,0.369946,0.099891,0.197393,0.356785,-0.129779,0.225121,0.454281,0.05196,0.191518,0.443729,-0.19624,0.236474,0.431283,-0.100882,0.201915,0.525663,-0.225432,0.233957,0.40108,-0.121856,0.196095,0.546661,-0.248897,0.233042,0.393909,-0.132387,0.201696,0.54557,-0.249983,0.233034,0.398417,-0.110535,0.204044,0.539176,-0.225747,0.216142,0.535264,0.067206,0.211764,0.535403,-0.067368,0.181254,0.657092,0.031664,0.240138,0.649884,-0.068542,0.135095,0.751642,0.01716,0.266426,0.778873,-0.025482,0.118201,0.760265,0.012629,0.263596,0.808116,-0.021224,0.150317,0.794441,-0.036725,0.299272,0.78313,-0.108806
HA_Lat_12_6.13.26,149,361.27,560.53,0,361.27,560.53,0.9894,372.11,564.59,0.9559,0.240702,0.314696,-0.040086,0.2375,0.303507,-0.030969,0.23663,0.303249,-0.031066,0.235746,0.30305,-0.031007,0.236079,0.302907,-0.055385,0.233957,0.302258,-0.055628,0.231712,0.301548,-0.055714,0.225639,0.305327,0.024397,0.220947,0.304211,-0.086539,0.237462,0.326193,-0.014934,0.235844,0.325578,-0.047975,0.221539,0.369566,0.099886,0.203052,0.35379,-0.130042,0.222407,0.456623,0.089574,0.190643,0.441638,-0.200404,0.225868,0.501368,0.011292,0.193808,0.522764,-0.240781,0.226679,0.528569,0.002442,0.186014,0.545288,-0.267901,0.227253,0.524189,-0.015501,0.193091,0.546076,-0.26887,0.227377,0.516819,0.001078,0.196758,0.539266,-0.241621,0.216053,0.534694,0.067952,0.213023,0.533888,-0.068107,0.184069,0.657328,0.047828,0.248167,0.647249,-0.061677,0.134975,0.751027,0.036698,0.266745,0.778879,-0.041053,0.118287,0.759907,0.029786,0.263411,0.808146,-0.041007,0.150363,0.794449,-0.01102,0.301254,0.784961,-0.112863
HA_Lat_12_6.13.26,150,344.67,568.1,0,344.67,568.1,0.9907,349.25,571.85,0.9594,0.246717,0.315313,-0.042011,0.244137,0.303933,-0.03304,0.243308,0.303634,-0.033144,0.242466,0.303396,-0.033076,0.242732,0.30317,-0.057052,0.240726,0.302368,-0.057285,0.238517,0.301643,-0.057378,0.232416,0.305461,0.019939,0.227372,0.304535,-0.088794,0.242861,0.326561,-0.017679,0.241416,0.325757,-0.050256,0.225942,0.369566,0.096157,0.208312,0.354472,-0.13064,0.218985,0.459103,0.09338,0.188737,0.441461,-0.190902,0.214524,0.522895,0.018978,0.181899,0.529493,-0.22457,0.214209,0.553966,0.011153,0.172835,0.548331,-0.249113,0.215658,0.549395,-0.00691,0.175595,0.549734,-0.261471,0.216165,0.540696,0.008867,0.179532,0.544892,-0.228615,0.216084,0.534325,0.068482,0.21216,0.533096,-0.068627,0.185995,0.658183,0.068795,0.253411,0.644787,-0.062335,0.134757,0.750247,0.095835,0.267299,0.778887,-0.047299,0.118189,0.758335,0.094768,0.263422,0.807895,-0.048302,0.150049,0.794468,0.04961,0.303175,0.786439,-0.116106
HA_Lat_12_6.13.26,151,327.7,572.7,0,326.79,569.55,0.9912,327.7,572.7,0.9632,0.252541,0.319033,-0.04844,0.250335,0.307234,-0.04002,0.249624,0.306897,-0.040132,0.24889,0.306614,-0.040068,0.248976,0.306375,-0.06319,0.247138,0.305394,-0.06341,0.244885,0.30436,-0.063504,0.23871,0.307873,0.009271,0.23376,0.306288,-0.095094,0.248539,0.330461,-0.025511,0.247042,0.329257,-0.056882,0.230326,0.370647,0.085476,0.212864,0.355452,-0.132938,0.214939,0.461164,0.095904,0.186031,0.440588,-0.181567,0.210272,0.52539,0.038386,0.170675,0.530275,-0.204387,0.208027,0.553406,0.033003,0.160241,0.546148,-0.227372,0.21031,0.549463,0.014323,0.161985,0.54881,-0.238077,0.210936,0.541384,0.028508,0.16636,0.544994,-0.20798,0.216355,0.534974,0.068472,0.211876,0.534126,-0.068615,0.187366,0.660197,0.092707,0.259054,0.642543,-0.053952,0.134736,0.74974,0.138968,0.268112,0.778858,-0.027797,0.118146,0.757309,0.140309,0.263472,0.807805,-0.027585,0.150064,0.794537,0.103105,0.304028,0.786756,-0.087598
HA_Lat_12_6.13.26,152,310.61,566.96,0,312.9,563.48,0.9927,310.61,566.96,0.9666,0.259547,0.325345,-0.052584,0.257532,0.313762,-0.043964,0.256799,0.313125,-0.044079,0.256168,0.312512,-0.044019,0.255985,0.312571,-0.066173,0.254266,0.311343,-0.066389,0.252317,0.309996,-0.066481,0.24664,0.312926,0.00668,0.241261,0.310756,-0.094139,0.255594,0.336376,-0.029371,0.25343,0.334648,-0.059496,0.235647,0.375113,0.081208,0.217758,0.356245,-0.130678,0.215433,0.464932,0.093291,0.184055,0.439838,-0.166973,0.209962,0.530666,0.026406,0.161779,0.524963,-0.18638,0.206962,0.557163,0.018748,0.150592,0.540103,-0.208264,0.209552,0.552985,0.000697,0.152298,0.543711,-0.217698,0.21012,0.544903,0.01636,0.157341,0.540702,-0.18996,0.217023,0.53747,0.06812,0.211685,0.535986,-0.068257,0.188316,0.664925,0.092537,0.264459,0.640567,-0.059849,0.134586,0.749796,0.135015,0.269462,0.778659,-0.037566,0.118096,0.757688,0.136136,0.263871,0.807251,-0.037495,0.149815,0.794864,0.100613,0.305936,0.788055,-0.094918
HA_Lat_12_6.13.26,153,295.36,550.49,0,295.36,550.49,0.9933,292.4,557.03,0.9699,0.266976,0.33471,-0.065675,0.265123,0.323057,-0.056355,0.264533,0.322428,-0.056469,0.264073,0.321826,-0.0564,0.263292,0.321711,-0.078822,0.261481,0.320417,-0.079035,0.259502,0.318989,-0.07912,0.254431,0.321688,-0.001697,0.248369,0.318972,-0.103215,0.263054,0.345477,-0.041048,0.260781,0.343594,-0.071456,0.239818,0.381002,0.074394,0.222915,0.361249,-0.136811,0.212366,0.46219,0.081785,0.182825,0.439355,-0.171512,0.205767,0.527268,0.024074,0.152293,0.515769,-0.198545,0.202678,0.545432,0.016255,0.139762,0.529998,-0.222283,0.205761,0.542454,-0.006135,0.142312,0.533816,-0.234025,0.206357,0.535442,0.012416,0.147422,0.530632,-0.203894,0.216692,0.542683,0.068345,0.21134,0.540553,-0.068479,0.189518,0.671292,0.093531,0.268616,0.64013,-0.06289,0.13446,0.750742,0.131473,0.27116,0.778713,-0.035479,0.118042,0.757865,0.132158,0.265209,0.807178,-0.034165,0.14981,0.79524,0.0987,0.307703,0.788073,-0.085076
HA_Lat_12_6.13.26,154,282.0,535.0,0,283.73,537.32,0.9891,277.83,550.76,0.9728,0.273428,0.343835,-0.063751,0.271212,0.332273,-0.055015,0.270454,0.331558,-0.055131,0.26984,0.330852,-0.055062,0.269848,0.331243,-0.078062,0.268242,0.330091,-0.078266,0.266321,0.328684,-0.078341,0.259917,0.330663,-0.00384,0.254765,0.327889,-0.107845,0.268987,0.354474,-0.040361,0.267066,0.352666,-0.071465,0.244051,0.385314,0.071359,0.228418,0.367401,-0.140641,0.215397,0.463524,0.078203,0.182733,0.439002,-0.181151,0.211756,0.524966,0.023004,0.144705,0.509963,-0.21584,0.211249,0.544011,0.014745,0.131348,0.527408,-0.240767,0.213415,0.541919,-0.009966,0.133633,0.525545,-0.250537,0.21389,0.535829,0.009617,0.139275,0.522038,-0.220693,0.216427,0.546113,0.068839,0.211078,0.544484,-0.068975,0.191144,0.673775,0.090986,0.271518,0.63998,-0.069158,0.134286,0.752297,0.129356,0.273661,0.778721,-0.042296,0.117601,0.758796,0.131725,0.266877,0.806828,-0.0421,0.150256,0.795197,0.089188,0.308941,0.7883,-0.093971
HA_Lat_12_6.13.26,155,273.0,508.0,0,272.88,523.47,0.9898,268.48,538.47,0.9754,0.281204,0.352481,-0.061203,0.278545,0.340851,-0.052113,0.277854,0.340147,-0.052227,0.277225,0.339418,-0.052155,0.277344,0.339973,-0.075632,0.275602,0.338862,-0.075834,0.273688,0.337669,-0.075904,0.267272,0.339547,0.000132,0.26231,0.337868,-0.105851,0.276629,0.363019,-0.037448,0.274847,0.361174,-0.069161,0.246548,0.392453,0.073367,0.235607,0.376196,-0.140159,0.216922,0.464765,0.077507,0.183367,0.437581,-0.188574,0.212483,0.513711,0.019772,0.139833,0.498584,-0.226151,0.210214,0.530338,0.011134,0.125502,0.503432,-0.251757,0.212668,0.528593,-0.015869,0.127348,0.50964,-0.260427,0.213513,0.52365,0.005206,0.133618,0.512173,-0.230675,0.2164,0.551599,0.071715,0.21188,0.550601,-0.071852,0.190318,0.679363,0.09254,0.274896,0.638648,-0.079344,0.13272,0.754373,0.129353,0.277278,0.778527,-0.053529,0.116525,0.761987,0.130212,0.270922,0.806569,-0.052686,0.149095,0.795252,0.096537,0.313369,0.78827,-0.099887
HA_Lat_12_6.13.26,156,271.48,488.33,0,271.48,488.33,0.9955,270.31,509.84,0.9777,0.288415,0.3633,-0.092146,0.286447,0.351813,-0.080281,0.286015,0.351455,-0.080397,0.285659,0.351034,-0.080297,0.284486,0.35017,-0.103989,0.282406,0.34883,-0.104187,0.280047,0.347359,-0.104246,0.276034,0.351031,-0.015045,0.268219,0.347278,-0.122043,0.284228,0.372961,-0.063691,0.281735,0.371138,-0.095707,0.251733,0.399098,0.066831,0.242323,0.386554,-0.149054,0.222797,0.473601,0.076077,0.185642,0.431758,-0.211824,0.217655,0.533321,0.009311,0.140788,0.47207,-0.263342,0.215581,0.548394,0.000528,0.126832,0.4743,-0.292212,0.217782,0.546669,-0.02718,0.126715,0.480201,-0.299395,0.218639,0.541547,-0.005455,0.133139,0.482415,-0.267686,0.21608,0.556195,0.074723,0.213912,0.556366,-0.074862,0.189839,0.681937,0.097324,0.278453,0.638438,-0.086579,0.13099,0.75686,0.135766,0.281804,0.778542,-0.063953,0.115203,0.765195,0.136168,0.274833,0.806527,-0.063689,0.148151,0.794849,0.099909,0.316931,0.788835,-0.109538
HA_Lat_12_6.13.26,157,272.0,467.0,0,279.13,474.22,0.9905,267.49,477.43,0.9799,0.293649,0.372245,-0.096043,0.291831,0.360833,-0.083737,0.29158,0.360494,-0.083857,0.291428,0.360108,-0.083754,0.289934,0.359531,-0.107732,0.288103,0.358397,-0.107931,0.285838,0.357151,-0.107993,0.282267,0.361146,-0.016932,0.274769,0.358148,-0.125153,0.290141,0.382445,-0.067256,0.287636,0.380914,-0.099594,0.259135,0.406741,0.067547,0.248136,0.397687,-0.149174,0.228053,0.473006,0.085938,0.187316,0.4253,-0.210762,0.218973,0.525341,0.034025,0.139316,0.442064,-0.259823,0.217546,0.542494,0.029045,0.12528,0.444334,-0.286695,0.219738,0.539853,0.004048,0.124368,0.448332,-0.293823,0.221048,0.535909,0.021257,0.130101,0.45081,-0.264116,0.215832,0.561503,0.076097,0.215343,0.562841,-0.076243,0.189374,0.684679,0.094504,0.281575,0.638145,-0.084683,0.129521,0.758869,0.120974,0.284706,0.778932,-0.064082,0.114418,0.768062,0.119066,0.276668,0.806443,-0.064088,0.148011,0.794771,0.079513,0.318568,0.789705,-0.110361
HA_Lat_12_6.13.26,158,282.0,441.0,0,284.1,441.87,0.9928,279.59,453.43,0.9818,0.299194,0.380229,-0.092659,0.297089,0.369059,-0.081236,0.296703,0.368581,-0.081364,0.296373,0.368016,-0.08127,0.295394,0.368346,-0.105528,0.293596,0.367574,-0.105717,0.291573,0.366812,-0.105773,0.286678,0.368739,-0.018285,0.280532,0.368241,-0.12834,0.295332,0.391283,-0.065421,0.293452,0.390296,-0.098232,0.263085,0.409949,0.06294,0.253443,0.403639,-0.150919,0.234804,0.474446,0.098976,0.190176,0.416296,-0.220807,0.221811,0.52947,0.070783,0.145618,0.419846,-0.281538,0.221897,0.54416,0.070185,0.129782,0.416181,-0.30984,0.223649,0.542704,0.044509,0.128368,0.421706,-0.316444,0.224408,0.53904,0.05864,0.133988,0.425219,-0.286309,0.215837,0.565121,0.076222,0.219247,0.568006,-0.076369,0.188916,0.68537,0.093605,0.285883,0.638586,-0.082307,0.128533,0.760863,0.118755,0.285171,0.779123,-0.062837,0.113626,0.770443,0.117275,0.27715,0.806388,-0.062744,0.148111,0.794771,0.078262,0.319675,0.79352,-0.106378
HA_Lat_12_6.13.26,159,294.0,421.0,0,297.61,423.88,0.9899,295.47,431.5,0.9835,0.30577,0.388002,-0.095716,0.303452,0.376145,-0.085582,0.302905,0.375474,-0.085704,0.30244,0.374702,-0.085612,0.302061,0.375555,-0.11016,0.300346,0.37475,-0.110355,0.298373,0.374003,-0.110415,0.292532,0.375599,-0.02717,0.287049,0.3759,-0.139121,0.301417,0.398614,-0.069836,0.299681,0.397508,-0.103146,0.265948,0.415576,0.055151,0.261995,0.410383,-0.161181,0.245644,0.469439,0.11433,0.200369,0.405739,-0.235611,0.239804,0.520914,0.121378,0.153888,0.399534,-0.290688,0.238578,0.528191,0.127868,0.136818,0.391767,-0.316678,0.240158,0.530498,0.102546,0.136385,0.399958,-0.322437,0.242165,0.532049,0.110198,0.142464,0.404159,-0.295099,0.215699,0.56553,0.076345,0.223613,0.570305,-0.076497,0.188587,0.685183,0.091751,0.289062,0.638828,-0.082741,0.128066,0.762166,0.105924,0.285967,0.780092,-0.067635,0.113231,0.772003,0.103022,0.277528,0.806578,-0.067842,0.148189,0.794772,0.063759,0.320194,0.798052,-0.107032
HA_Lat_12_6.13.26,160,308.84,404.5,0,308.84,404.5,0.9898,304.49,408.38,0.985,0.313122,0.385398,-0.090801,0.31011,0.372728,-0.080429,0.309226,0.372198,-0.080569,0.308351,0.371654,-0.080488,0.309226,0.372663,-0.104012,0.307629,0.372238,-0.104209,0.305824,0.371882,-0.104274,0.298249,0.374243,-0.0247,0.294519,0.375384,-0.13186,0.308616,0.397219,-0.066438,0.307558,0.396277,-0.098378,0.277801,0.420773,0.054801,0.265863,0.411414,-0.156022,0.268695,0.467966,0.15813,0.207875,0.394653,-0.222618,0.269415,0.514933,0.212741,0.158589,0.378125,-0.269304,0.269617,0.523675,0.228701,0.142894,0.369229,-0.292897,0.270707,0.523994,0.200869,0.14181,0.374868,-0.299043,0.272289,0.523648,0.202083,0.147223,0.380753,-0.273974,0.22057,0.567677,0.076165,0.226161,0.571868,-0.076304,0.188476,0.683934,0.091083,0.293457,0.640925,-0.083208,0.128134,0.762049,0.102092,0.287807,0.78147,-0.068146,0.11327,0.772365,0.098988,0.277806,0.806559,-0.068125,0.148205,0.794754,0.0585,0.320052,0.803422,-0.107761
HA_Lat_12_6.13.26,161,321.86,390.73,0,321.86,390.73,0.9895,314.52,390.54,0.9849,0.319789,0.38571,-0.082852,0.317064,0.373637,-0.073004,0.316358,0.373211,-0.073133,0.315661,0.372684,-0.073059,0.315887,0.373349,-0.096896,0.314271,0.372848,-0.097078,0.312469,0.372318,-0.097124,0.305484,0.374704,-0.016786,0.300519,0.375435,-0.124638,0.315555,0.397656,-0.057903,0.314157,0.396746,-0.089976,0.286977,0.426527,0.061424,0.272937,0.409831,-0.144086,0.277398,0.467901,0.19714,0.21447,0.384077,-0.203269,0.275966,0.510997,0.278254,0.163815,0.361608,-0.248358,0.275233,0.522525,0.299244,0.149133,0.356669,-0.262106,0.277399,0.521036,0.272917,0.147666,0.359536,-0.271825,0.279593,0.519004,0.268941,0.152623,0.364702,-0.256669,0.226655,0.568868,0.075774,0.229348,0.570411,-0.075911,0.18936,0.682756,0.082484,0.298003,0.642536,-0.084659,0.128198,0.761931,0.085744,0.288669,0.78316,-0.073197,0.113285,0.771723,0.082604,0.278054,0.806718,-0.073214,0.147731,0.794765,0.040495,0.320122,0.808961,-0.111173
HA_Lat_12_6.13.26,162,345.82,373.88,0,345.82,373.88,0.9772,318.94,376.16,0.9863,0.326258,0.385666,-0.078418,0.324102,0.374634,-0.068443,0.323405,0.37433,-0.068572,0.322765,0.373925,-0.068499,0.323104,0.374177,-0.092049,0.321605,0.373576,-0.09224,0.319992,0.372837,-0.092298,0.313496,0.375144,-0.012615,0.309145,0.375071,-0.123702,0.320922,0.397137,-0.053684,0.319858,0.396214,-0.085308,0.292255,0.425202,0.063513,0.280301,0.408325,-0.133842,0.2792,0.468884,0.174769,0.223139,0.371819,-0.187786,0.276919,0.510139,0.135745,0.166116,0.348301,-0.231846,0.275581,0.520448,0.137731,0.155059,0.342934,-0.248704,0.277819,0.519009,0.115776,0.154434,0.347893,-0.258406,0.279614,0.51704,0.125464,0.158936,0.352483,-0.239804,0.233665,0.568039,0.075422,0.236912,0.569596,-0.075558,0.192204,0.681828,0.077206,0.301303,0.644425,-0.076226,0.129616,0.759524,0.065646,0.289417,0.784953,-0.06363,0.114258,0.767277,0.060964,0.278381,0.807082,-0.063055,0.146746,0.794726,0.019071,0.321267,0.812655,-0.094862
HA_Lat_12_6.13.26,163,362.27,363.84,0,362.27,363.84,0.972,339.19,367.91,0.9875,0.33305,0.383427,-0.062523,0.33029,0.372625,-0.050384,0.329401,0.37235,-0.050508,0.328527,0.371925,-0.050411,0.329507,0.372241,-0.073804,0.328042,0.371739,-0.074018,0.326468,0.371025,-0.074088,0.31855,0.373262,0.009179,0.31542,0.373269,-0.097214,0.328051,0.395166,-0.037415,0.327142,0.394332,-0.068734,0.302501,0.429377,0.077557,0.28552,0.405126,-0.120781,0.277645,0.467765,0.143304,0.234808,0.361227,-0.173347,0.268561,0.508206,0.109872,0.176659,0.340658,-0.211129,0.26584,0.51868,0.11052,0.159885,0.333319,-0.231981,0.267955,0.517408,0.086837,0.156945,0.34081,-0.239954,0.269895,0.515067,0.098522,0.163823,0.345453,-0.216827,0.240403,0.568513,0.076426,0.241175,0.567856,-0.07655,0.198803,0.681261,0.070617,0.3061,0.646014,-0.080552,0.13387,0.75566,0.053569,0.29012,0.78591,-0.06681,0.117359,0.755072,0.048423,0.278613,0.808043,-0.066061,0.142182,0.795644,0.003776,0.322006,0.814509,-0.09877
HA_Lat_12_6.13.26,164,380.16,358.37,0,380.16,358.37,0.9741,362.96,361.24,0.9883,0.3375,0.385131,-0.05757,0.335988,0.373498,-0.044298,0.335407,0.372875,-0.044425,0.334879,0.37217,-0.04432,0.334509,0.372697,-0.066462,0.33278,0.371559,-0.066684,0.330927,0.370331,-0.06677,0.32484,0.372134,0.020439,0.319345,0.371468,-0.077872,0.332589,0.395457,-0.030853,0.331089,0.394306,-0.060421,0.314702,0.430914,0.08429,0.290704,0.402821,-0.099364,0.287133,0.47449,0.115729,0.244625,0.353495,-0.147535,0.270778,0.523244,0.040045,0.189043,0.33448,-0.185044,0.265889,0.534905,0.033716,0.17104,0.329837,-0.207225,0.267617,0.53643,0.009143,0.167769,0.335691,-0.214809,0.270025,0.532388,0.027236,0.175403,0.339006,-0.19009,0.249448,0.568361,0.07622,0.244651,0.56606,-0.076351,0.206526,0.680727,0.066091,0.308639,0.647605,-0.097892,0.140093,0.749318,0.055093,0.290757,0.787445,-0.076121,0.125517,0.736826,0.050402,0.279137,0.808656,-0.074773,0.135338,0.795682,-0.000128,0.322376,0.814783,-0.113937
HA_Lat_12_6.13.26,165,388.76,353.76,0,388.76,353.76,0.9934,381.0,357.87,0.9892,0.341556,0.383889,-0.067485,0.339102,0.37219,-0.051822,0.33873,0.371533,-0.051961,0.338467,0.370869,-0.05183,0.337158,0.371744,-0.073826,0.335132,0.370786,-0.074091,0.332996,0.369729,-0.074228,0.330397,0.371716,0.015809,0.32273,0.370711,-0.084899,0.336688,0.394381,-0.037527,0.334459,0.393677,-0.066835,0.322898,0.429554,0.085315,0.295582,0.400931,-0.107968,0.300187,0.479989,0.122384,0.250756,0.348978,-0.154345,0.284867,0.527903,0.063031,0.19844,0.331365,-0.193238,0.279482,0.538419,0.062355,0.180771,0.3278,-0.216535,0.281585,0.53928,0.032751,0.177534,0.332789,-0.222927,0.284488,0.535346,0.049048,0.18445,0.33653,-0.1976,0.25555,0.567752,0.075988,0.249397,0.564778,-0.07611,0.215559,0.680725,0.06883,0.312833,0.649686,-0.113367,0.147211,0.739225,0.070872,0.291279,0.787727,-0.08121,0.13568,0.721494,0.067905,0.27963,0.808748,-0.078896,0.130446,0.792782,0.019748,0.322751,0.815595,-0.125503
HA_Lat_12_6.13.26,166,400.0,356.0,0,397.46,359.71,0.9849,396.9,358.4,0.9891,0.347487,0.38228,-0.057561,0.345019,0.370523,-0.043281,0.344497,0.369942,-0.043414,0.344059,0.369406,-0.043316,0.343584,0.369763,-0.066845,0.341798,0.36877,-0.067129,0.339821,0.367723,-0.067286,0.334669,0.370949,0.021078,0.328306,0.369604,-0.086076,0.342793,0.393067,-0.029856,0.341033,0.392282,-0.061708,0.328816,0.42673,0.093759,0.302033,0.399563,-0.113038,0.333221,0.415157,0.225276,0.259211,0.344231,-0.166479,0.336279,0.396493,0.314389,0.206718,0.331853,-0.201248,0.334763,0.390503,0.337309,0.189224,0.328906,-0.227034,0.337577,0.390013,0.312288,0.187119,0.334441,-0.232383,0.340416,0.39351,0.305794,0.193862,0.338513,-0.204264,0.264363,0.567139,0.076911,0.25623,0.564032,-0.077033,0.225954,0.683995,0.070462,0.315824,0.653683,-0.13007,0.154876,0.726707,0.078004,0.291972,0.789279,-0.118139,0.144007,0.707779,0.075564,0.280284,0.809907,-0.11693,0.132615,0.781177,0.030918,0.32366,0.815796,-0.15996
HA_Lat_12_6.13.26,167,408.37,354.11,0,408.37,354.11,0.9939,410.12,362.23,0.9902,0.353063,0.378684,-0.072208,0.350425,0.367086,-0.057018,0.35007,0.366596,-0.057148,0.349785,0.366127,-0.057006,0.34861,0.366323,-0.080082,0.346654,0.365417,-0.080337,0.344552,0.364465,-0.080457,0.340333,0.368714,0.018954,0.333409,0.367153,-0.087526,0.349161,0.389643,-0.042241,0.347362,0.388834,-0.073151,0.334857,0.426393,0.090564,0.307517,0.398402,-0.11712,0.313636,0.460731,0.153421,0.265323,0.342569,-0.165178,0.302063,0.510064,0.104626,0.213603,0.335394,-0.201892,0.298922,0.5218,0.105262,0.196412,0.333531,-0.227095,0.300593,0.510743,0.073875,0.194557,0.339329,-0.232888,0.303024,0.51868,0.090191,0.201074,0.343321,-0.205626,0.272081,0.567496,0.076628,0.264562,0.563203,-0.076752,0.238209,0.687441,0.07196,0.318237,0.655151,-0.125405,0.165822,0.711195,0.093461,0.292393,0.789449,-0.101675,0.155513,0.68988,0.093669,0.280629,0.809877,-0.106016,0.133029,0.757778,0.040462,0.324208,0.816271,-0.145495
HA_Lat_12_6.13.26,168,413.76,367.72,0,413.76,367.72,0.9936,417.39,369.3,0.9911,0.358948,0.377228,-0.07678,0.356065,0.365109,-0.062694,0.355577,0.364551,-0.062817,0.355136,0.364042,-0.062676,0.354496,0.364316,-0.0855,0.352661,0.363372,-0.085743,0.350674,0.362409,-0.085844,0.345984,0.366219,0.012963,0.340474,0.364817,-0.089457,0.355376,0.387899,-0.047346,0.35427,0.387135,-0.07784,0.34262,0.424309,0.080156,0.312416,0.39801,-0.118528,0.316603,0.469706,0.100609,0.268252,0.344742,-0.156375,0.300446,0.525444,0.026888,0.21739,0.341942,-0.187433,0.295454,0.538208,0.021429,0.200174,0.338855,-0.211234,0.297155,0.536232,-0.004908,0.198299,0.344495,-0.217894,0.299686,0.534213,0.013628,0.204536,0.348007,-0.191451,0.28086,0.566777,0.075105,0.271228,0.56306,-0.075186,0.251001,0.690553,0.067065,0.321781,0.657238,-0.134282,0.179139,0.696115,0.110835,0.291901,0.790114,-0.092327,0.170011,0.672993,0.113958,0.280267,0.80985,-0.096203,0.142059,0.735407,0.066665,0.324401,0.816694,-0.138563
HA_Lat_12_6.13.26,169,430.0,381.0,0,422.13,388.31,0.9898,425.51,380.48,0.9917,0.364432,0.376161,-0.093348,0.361627,0.364961,-0.078717,0.361523,0.364075,-0.078842,0.361493,0.363376,-0.078718,0.359119,0.364043,-0.101202,0.356925,0.363234,-0.101464,0.354405,0.361992,-0.101581,0.353314,0.364507,-0.000689,0.343762,0.363301,-0.101452,0.361261,0.387116,-0.062395,0.35914,0.386085,-0.092707,0.349223,0.423126,0.07497,0.31707,0.397699,-0.120222,0.325921,0.469229,0.141748,0.271544,0.351135,-0.158195,0.30942,0.518805,0.141813,0.221617,0.3523,-0.191992,0.30381,0.530109,0.14945,0.205155,0.349033,-0.21443,0.306324,0.528937,0.121611,0.203932,0.355711,-0.221039,0.309448,0.526407,0.130182,0.210139,0.359409,-0.195921,0.290029,0.566869,0.071888,0.278685,0.562456,-0.071942,0.265098,0.69221,0.064744,0.324657,0.66145,-0.131345,0.193804,0.683165,0.114148,0.292389,0.789857,-0.079298,0.186101,0.658928,0.117359,0.280905,0.809078,-0.073762,0.157249,0.717231,0.070746,0.323878,0.817041,-0.124992
HA_Lat_12_6.13.26,170,442.0,403.0,0,429.7,400.52,0.9941,435.38,392.67,0.9923,0.370655,0.365845,-0.086078,0.366302,0.356608,-0.072832,0.365749,0.357004,-0.072959,0.36523,0.357351,-0.072853,0.364939,0.355598,-0.095489,0.363235,0.355802,-0.095734,0.361327,0.355652,-0.09584,0.35721,0.362674,-0.000353,0.351974,0.361689,-0.103002,0.367735,0.37857,-0.057098,0.36636,0.377601,-0.087816,0.352762,0.421504,0.070868,0.325417,0.39702,-0.120926,0.323998,0.470467,0.118712,0.275363,0.358237,-0.16272,0.310586,0.522216,0.08975,0.226759,0.363588,-0.195153,0.305612,0.533608,0.092458,0.211407,0.361184,-0.218307,0.30839,0.53471,0.064607,0.210455,0.367712,-0.224114,0.311032,0.530533,0.077092,0.216312,0.370995,-0.198881,0.297202,0.566996,0.069327,0.285604,0.562083,-0.069351,0.279201,0.692149,0.073388,0.329598,0.665853,-0.129213,0.211019,0.669966,0.145916,0.292672,0.789942,-0.055178,0.205048,0.645691,0.150999,0.280944,0.808066,-0.046055,0.173795,0.697112,0.116701,0.323467,0.817899,-0.089615
HA_Lat_12_6.13.26,171,438.39,428.65,0,438.39,428.65,0.994,445.15,403.75,0.9928,0.375476,0.363344,-0.066892,0.371565,0.353785,-0.053724,0.370932,0.354291,-0.053823,0.370297,0.354787,-0.053729,0.370216,0.352785,-0.078838,0.368367,0.353065,-0.079071,0.366178,0.353301,-0.079147,0.362151,0.361078,0.0114,0.356816,0.360747,-0.100111,0.372412,0.376241,-0.040607,0.370478,0.375406,-0.074462,0.35363,0.419692,0.078646,0.332392,0.396611,-0.121576,0.326738,0.464321,0.159446,0.279539,0.360166,-0.165303,0.310483,0.518121,0.176722,0.231847,0.373847,-0.19895,0.305334,0.528934,0.187519,0.21636,0.370379,-0.221358,0.307297,0.530205,0.160868,0.216334,0.381898,-0.225729,0.310187,0.526206,0.165769,0.22223,0.385914,-0.20086,0.303326,0.566692,0.069401,0.293468,0.561042,-0.069414,0.294847,0.691712,0.064273,0.331888,0.670449,-0.122274,0.225795,0.658525,0.129367,0.292279,0.790064,-0.056882,0.222265,0.63502,0.132772,0.280545,0.807297,-0.050352,0.188843,0.683532,0.10415,0.322955,0.819247,-0.092345
HA_Lat_12_6.13.26,172,466.0,452.0,0,461.16,450.97,0.9949,458.91,441.45,0.993,0.380877,0.359861,-0.066929,0.377658,0.350935,-0.054044,0.377042,0.351558,-0.054138,0.376438,0.352167,-0.054056,0.376386,0.349895,-0.079558,0.374694,0.350146,-0.079789,0.372699,0.350327,-0.079875,0.369279,0.358215,0.006736,0.364186,0.357932,-0.107002,0.377807,0.37218,-0.04151,0.376212,0.371406,-0.075678,0.359343,0.418672,0.074519,0.339386,0.396191,-0.134277,0.327981,0.452934,0.180066,0.285747,0.373597,-0.178746,0.309178,0.505009,0.23633,0.239015,0.408746,-0.204288,0.30316,0.51868,0.253241,0.223845,0.406445,-0.225849,0.305356,0.524457,0.226452,0.22408,0.419004,-0.22733,0.308413,0.519414,0.226845,0.230271,0.422229,-0.205227,0.310195,0.565803,0.069575,0.301004,0.559866,-0.069597,0.308995,0.691114,0.092067,0.332772,0.672126,-0.106943,0.246491,0.65148,0.18922,0.291818,0.789976,-0.027049,0.243448,0.626815,0.197445,0.280245,0.806278,-0.018917,0.210993,0.674165,0.182285,0.300642,0.818107,-0.051372
HA_Lat_12_6.13.26,173,489.0,484.0,0,478.57,482.62,0.9942,480.23,480.77,0.9933,0.385611,0.353464,-0.040076,0.381598,0.344842,-0.027931,0.381163,0.345392,-0.028012,0.380758,0.345926,-0.027938,0.380123,0.344276,-0.052819,0.378315,0.344729,-0.053042,0.376181,0.345274,-0.053125,0.373372,0.353301,0.029374,0.367775,0.353912,-0.083187,0.383652,0.365827,-0.016187,0.381581,0.365346,-0.049696,0.365548,0.417892,0.099018,0.347733,0.39615,-0.124559,0.332915,0.453655,0.195765,0.292841,0.39686,-0.172977,0.314301,0.503556,0.226819,0.250118,0.44516,-0.202954,0.309584,0.515848,0.240078,0.236295,0.449174,-0.225805,0.310376,0.519552,0.213953,0.237951,0.457581,-0.227042,0.313099,0.519085,0.21674,0.244452,0.458818,-0.204127,0.319132,0.564874,0.072217,0.308285,0.558441,-0.072216,0.330142,0.690232,0.067392,0.336073,0.675715,-0.104228,0.267291,0.645823,0.15068,0.292394,0.789809,-0.028895,0.26209,0.622936,0.155194,0.280063,0.806289,-0.020356,0.232202,0.671867,0.134471,0.304976,0.817773,-0.073839
HA_Lat_12_6.13.26,174,510.0,519.0,0,507.87,518.18,0.9923,501.48,518.39,0.9939,0.390696,0.348707,-0.048051,0.386119,0.340703,-0.035534,0.385426,0.341214,-0.035656,0.384747,0.341686,-0.03557,0.385136,0.340528,-0.059402,0.38346,0.341129,-0.059648,0.381506,0.341911,-0.059757,0.377556,0.349137,0.029259,0.373253,0.350658,-0.087388,0.388477,0.360665,-0.021796,0.386724,0.360509,-0.054196,0.371232,0.415336,0.094548,0.3524,0.396043,-0.133653,0.339633,0.464352,0.129405,0.298606,0.41895,-0.173294,0.32535,0.525581,0.078748,0.261186,0.47999,-0.198417,0.32059,0.538813,0.077705,0.246477,0.482831,-0.222154,0.322286,0.538948,0.053215,0.248661,0.492717,-0.225068,0.324494,0.534956,0.066941,0.255334,0.493892,-0.200162,0.330451,0.564009,0.072224,0.315663,0.55753,-0.072221,0.351648,0.686297,0.041854,0.338944,0.677505,-0.103916,0.282663,0.648285,0.078621,0.292918,0.789677,-0.049746,0.276125,0.627877,0.080642,0.279942,0.806031,-0.044521,0.25255,0.681611,0.056835,0.308283,0.817873,-0.092199
HA_Lat_12_6.13.26,175,542.24,546.46,0,542.24,546.46,0.9918,542.52,550.79,0.9945,0.394725,0.345889,-0.078029,0.390274,0.337031,-0.06758,0.389594,0.337366,-0.067673,0.388886,0.337628,-0.067597,0.3892,0.337202,-0.091056,0.387397,0.337762,-0.091253,0.385315,0.338471,-0.091307,0.380772,0.34405,-0.011469,0.376663,0.345945,-0.119176,0.392255,0.357191,-0.054774,0.390375,0.357672,-0.086294,0.372894,0.409612,0.056946,0.35868,0.395773,-0.155955,0.348547,0.468856,0.087031,0.310476,0.436611,-0.191867,0.344304,0.527512,0.039798,0.282563,0.509987,-0.217682,0.342772,0.541032,0.037543,0.27064,0.522753,-0.243897,0.343999,0.540703,0.013549,0.273096,0.529116,-0.24621,0.344955,0.536281,0.028215,0.278089,0.526419,-0.219161,0.339557,0.561717,0.070299,0.325701,0.556942,-0.070286,0.371032,0.67781,0.048102,0.34162,0.678992,-0.083236,0.301809,0.648593,0.133531,0.293097,0.789647,-0.049257,0.293681,0.63083,0.140466,0.279792,0.805113,-0.045713,0.275432,0.691615,0.129509,0.310479,0.81722,-0.090471
HA_Lat_12_6.13.26,176,586.21,575.82,0,586.21,575.82,0.9938,588.41,586.68,0.995,0.399164,0.342492,-0.081882,0.395324,0.333766,-0.071061,0.394802,0.33402,-0.071161,0.394354,0.334161,-0.071092,0.393831,0.33366,-0.09486,0.392139,0.333977,-0.095045,0.390285,0.334276,-0.095102,0.386897,0.338735,-0.013866,0.381875,0.339475,-0.122024,0.396851,0.353106,-0.058056,0.394659,0.353357,-0.090078,0.377136,0.405259,0.057326,0.362227,0.394796,-0.16243,0.35003,0.471279,0.08488,0.323578,0.459492,-0.207047,0.336851,0.543459,0.033632,0.306463,0.543218,-0.23416,0.332424,0.561374,0.029546,0.297254,0.557724,-0.2632,0.333571,0.558774,0.007373,0.301763,0.563462,-0.263495,0.335865,0.554027,0.022795,0.30672,0.560512,-0.234956,0.349757,0.561651,0.07039,0.332288,0.556778,-0.070365,0.386227,0.662761,0.069937,0.345005,0.681477,-0.073565,0.317442,0.656223,0.169347,0.293143,0.789237,-0.034855,0.308991,0.638629,0.177499,0.279643,0.803706,-0.031422,0.301336,0.703506,0.16271,0.313543,0.818351,-0.079901
HA_Lat_12_6.13.26,177,636.25,595.06,0,636.25,595.06,0.9902,635.6,599.5,0.9954,0.402828,0.338761,-0.071917,0.39888,0.330258,-0.062496,0.398091,0.330464,-0.062609,0.397359,0.330587,-0.062596,0.39804,0.330198,-0.085786,0.396642,0.330513,-0.085959,0.395153,0.330788,-0.086025,0.389569,0.334703,-0.011428,0.386397,0.335292,-0.119102,0.399679,0.349672,-0.051094,0.398507,0.350172,-0.08298,0.380869,0.402538,0.058657,0.365297,0.394689,-0.152695,0.374308,0.460131,0.190354,0.338463,0.470336,-0.206317,0.390073,0.479897,0.273937,0.331044,0.555093,-0.233613,0.389549,0.488488,0.292696,0.325588,0.573859,-0.260487,0.39192,0.486309,0.269486,0.332597,0.57783,-0.255902,0.391775,0.487878,0.266397,0.335746,0.573304,-0.231525,0.360092,0.561693,0.070457,0.342436,0.557886,-0.070438,0.40404,0.645287,0.107455,0.344903,0.684679,-0.077313,0.33866,0.654661,0.209737,0.293916,0.787894,-0.040223,0.327062,0.64379,0.219162,0.280164,0.801129,-0.034854,0.326952,0.699726,0.210444,0.314216,0.818217,-0.085275
HA_Lat_12_6.13.26,178,692.83,610.81,0,692.83,610.81,0.993,694.24,613.01,0.9929,0.40646,0.33642,-0.104547,0.40301,0.326945,-0.095479,0.402379,0.327103,-0.095617,0.401798,0.327144,-0.095575,0.402055,0.326743,-0.11975,0.400746,0.32695,-0.119936,0.399351,0.327135,-0.120011,0.393185,0.330694,-0.040688,0.390108,0.331146,-0.151637,0.403782,0.348116,-0.081054,0.40234,0.348363,-0.114075,0.387826,0.400912,0.037603,0.366128,0.394425,-0.19012,0.38056,0.47386,0.070661,0.356416,0.486407,-0.223534,0.378542,0.538363,0.009107,0.361584,0.567598,-0.23395,0.376569,0.554995,0.003836,0.360107,0.589335,-0.260988,0.378484,0.549958,-0.016517,0.36624,0.589358,-0.260765,0.379334,0.544248,-0.00072,0.366818,0.583129,-0.233728,0.366807,0.56095,0.071458,0.34471,0.557864,-0.071416,0.42049,0.626743,0.101286,0.345359,0.686307,-0.132249,0.358856,0.66154,0.173555,0.294517,0.786854,-0.111917,0.345692,0.663106,0.178359,0.280452,0.79934,-0.110501,0.36073,0.715047,0.150231,0.315471,0.819165,-0.176007
HA_Lat_12_6.13.26,179,750.71,609.55,0,750.71,609.55,0.9954,747.91,610.92,0.9933,0.412014,0.335294,-0.113198,0.408255,0.324739,-0.101448,0.407431,0.324673,-0.101574,0.406595,0.324474,-0.101512,0.407548,0.324919,-0.126565,0.406188,0.325038,-0.126742,0.404704,0.325109,-0.126782,0.397575,0.328196,-0.037333,0.395271,0.329279,-0.151263,0.40867,0.347407,-0.086384,0.407787,0.347536,-0.120502,0.394678,0.398533,0.040838,0.371177,0.394163,-0.19001,0.421199,0.466522,-0.003608,0.372385,0.489566,-0.227758,0.432403,0.420409,-0.168727,0.389539,0.565666,-0.23563,0.434015,0.409747,-0.192534,0.39233,0.587255,-0.263629,0.429281,0.401155,-0.202916,0.399421,0.585581,-0.26318,0.42761,0.405987,-0.177594,0.398626,0.578781,-0.235576,0.37229,0.557225,0.073874,0.352992,0.556864,-0.073855,0.434829,0.606419,0.098928,0.346613,0.688619,-0.102979,0.385014,0.66225,0.194829,0.294911,0.785834,-0.094366,0.372216,0.677188,0.202059,0.281089,0.798123,-0.090596,0.391581,0.72673,0.170917,0.315736,0.819011,-0.150064
HA_Lat_12_6.13.26,180,802.0,597.0,0,812.29,599.5,0.9963,798.56,598.52,0.992,0.416928,0.333606,-0.108337,0.412178,0.323011,-0.100198,0.411278,0.322847,-0.1004,0.410381,0.322624,-0.10053,0.411503,0.32347,-0.123914,0.410099,0.323618,-0.124318,0.408614,0.323695,-0.124449,0.402276,0.327484,-0.027778,0.400003,0.328532,-0.145276,0.414044,0.345106,-0.083545,0.413329,0.345739,-0.113088,0.402177,0.393056,0.061373,0.376374,0.394045,-0.17125,0.435224,0.444996,0.025527,0.387475,0.485928,-0.204372,0.448058,0.385876,0.00284,0.415917,0.554181,-0.183597,0.449024,0.369968,-0.001687,0.42288,0.571236,-0.207751,0.443814,0.365606,-0.021761,0.4288,0.567644,-0.204866,0.442168,0.37211,-0.007661,0.425199,0.562149,-0.18218,0.382165,0.55591,0.074477,0.358779,0.556752,-0.074463,0.445804,0.592406,0.07792,0.350726,0.688229,-0.102825,0.406913,0.674308,0.166956,0.297094,0.784036,-0.085967,0.393297,0.697615,0.171957,0.282104,0.794176,-0.082358,0.424623,0.735113,0.145372,0.316727,0.819731,-0.14269
HA_Lat_12_6.13.26,181,849.19,577.03,0,849.19,577.03,0.9943,854.5,582.11,0.9919,0.420959,0.333256,-0.11055,0.41664,0.32266,-0.098756,0.415636,0.322384,-0.098902,0.414599,0.322047,-0.098916,0.415956,0.323011,-0.122633,0.414506,0.323018,-0.122826,0.413047,0.322916,-0.122895,0.406156,0.326278,-0.032184,0.403817,0.327246,-0.142814,0.417908,0.34469,-0.083999,0.417263,0.345129,-0.115957,0.405909,0.390899,0.051598,0.381187,0.393901,-0.178612,0.443944,0.428146,0.061272,0.406978,0.482156,-0.208398,0.458113,0.364363,-0.01496,0.44505,0.538989,-0.193926,0.460053,0.347646,-0.027947,0.454494,0.555019,-0.218655,0.455318,0.342345,-0.040952,0.458326,0.549655,-0.218078,0.453344,0.349839,-0.023018,0.455295,0.54416,-0.193787,0.392452,0.554896,0.07292,0.366961,0.556857,-0.072925,0.456615,0.582752,0.007081,0.3539,0.688696,-0.102288,0.434159,0.686857,0.116571,0.29841,0.780845,-0.042212,0.422078,0.713187,0.124877,0.283596,0.789475,-0.036592,0.458348,0.736955,0.080534,0.316498,0.820011,-0.103517
HA_Lat_12_6.13.26,182,892.21,548.26,0,892.21,548.26,0.9954,894.49,560.7,0.9919,0.425259,0.331519,-0.100717,0.421504,0.32122,-0.090313,0.420612,0.320769,-0.090463,0.419615,0.320275,-0.090406,0.420691,0.321476,-0.112993,0.419254,0.321183,-0.113224,0.417693,0.32076,-0.1133,0.410901,0.323704,-0.030928,0.408332,0.324741,-0.133873,0.422366,0.342384,-0.075566,0.421713,0.342953,-0.10624,0.409792,0.386924,0.063297,0.389564,0.392526,-0.172899,0.449216,0.414068,0.080094,0.420411,0.470855,-0.208687,0.467452,0.345868,-0.004267,0.465883,0.519165,-0.195976,0.469495,0.330499,-0.016146,0.476053,0.533046,-0.221237,0.466616,0.322871,-0.029187,0.479712,0.527125,-0.216925,0.464896,0.328284,-0.012568,0.475755,0.522573,-0.194221,0.403639,0.553551,0.072917,0.376863,0.55693,-0.072924,0.469174,0.572042,-0.036861,0.358354,0.687057,-0.102247,0.463576,0.697085,0.037557,0.30097,0.778433,-0.038913,0.453748,0.725236,0.042153,0.286135,0.785967,-0.033911,0.49213,0.736701,-0.010616,0.316584,0.820265,-0.101134
HA_Lat_12_6.13.26,183,925.31,517.9,0,925.31,517.9,0.9922,928.79,551.8,0.9922,0.430482,0.331394,-0.068457,0.427172,0.321467,-0.057322,0.426416,0.321082,-0.057444,0.425601,0.320629,-0.057428,0.426277,0.321554,-0.08325,0.424904,0.321251,-0.083448,0.423481,0.320823,-0.083543,0.416143,0.323661,-0.002405,0.413589,0.324645,-0.121929,0.427917,0.342347,-0.044665,0.426983,0.342674,-0.080097,0.413309,0.382558,0.087264,0.397975,0.388685,-0.166912,0.454905,0.397579,0.160572,0.435346,0.459587,-0.211253,0.480907,0.333131,0.16838,0.483745,0.510927,-0.199488,0.486563,0.316801,0.176138,0.496078,0.53229,-0.223987,0.484994,0.306628,0.157266,0.497487,0.50615,-0.219607,0.481501,0.313765,0.160461,0.493114,0.502772,-0.199041,0.412375,0.552093,0.073306,0.388474,0.55691,-0.073311,0.478132,0.571095,-0.053107,0.361843,0.685415,-0.121676,0.491259,0.700248,0.005088,0.305016,0.775682,-0.05991,0.485564,0.729327,0.008276,0.290241,0.780251,-0.054656,0.523172,0.728205,-0.042687,0.317277,0.820209,-0.123907
HA_Lat_12_6.13.26,184,961.72,480.28,0,961.72,480.28,0.9942,954.56,510.96,0.9927,0.435739,0.329516,-0.053733,0.432541,0.319886,-0.042582,0.431875,0.319569,-0.042705,0.431181,0.31924,-0.042692,0.431347,0.319845,-0.067562,0.429878,0.319517,-0.067746,0.428436,0.319086,-0.067833,0.42196,0.322546,0.012453,0.418636,0.323529,-0.102438,0.43372,0.340813,-0.030066,0.432354,0.341043,-0.064219,0.424292,0.377405,0.093252,0.405101,0.384822,-0.162026,0.465484,0.3749,0.154148,0.452005,0.457123,-0.207945,0.491016,0.308882,0.131403,0.497168,0.473109,-0.209254,0.497132,0.291407,0.132954,0.508556,0.478713,-0.239503,0.494121,0.285857,0.113104,0.509949,0.457944,-0.224528,0.491217,0.292518,0.122293,0.506058,0.455856,-0.20521,0.425961,0.550229,0.072673,0.398853,0.556891,-0.072686,0.490148,0.57381,-0.05505,0.365025,0.684403,-0.122024,0.518105,0.700177,0.001978,0.310897,0.771854,-0.053501,0.513428,0.728053,0.00486,0.297047,0.773928,-0.047153,0.551452,0.714084,-0.046423,0.31763,0.820557,-0.107208
HA_Lat_12_6.13.26,185,974.59,442.65,0,974.59,442.65,0.9958,970.02,459.24,0.9931,0.442505,0.328705,-0.048302,0.43848,0.319234,-0.036408,0.43771,0.319029,-0.036527,0.436916,0.318788,-0.036502,0.437329,0.319126,-0.061326,0.435984,0.318935,-0.061506,0.434591,0.318637,-0.061596,0.427461,0.322533,0.020948,0.424657,0.323446,-0.093213,0.440219,0.340145,-0.024112,0.438741,0.340282,-0.058145,0.43305,0.375571,0.094148,0.410915,0.38114,-0.157135,0.473465,0.358692,0.140237,0.460608,0.422141,-0.206483,0.501816,0.293845,0.089623,0.50522,0.425222,-0.21023,0.507586,0.273125,0.083589,0.516746,0.422542,-0.242021,0.503781,0.266385,0.064717,0.515866,0.410528,-0.226851,0.501392,0.274436,0.079198,0.512535,0.411824,-0.206035,0.438146,0.548467,0.071143,0.407194,0.556961,-0.071166,0.501094,0.581104,-0.038991,0.371198,0.683571,-0.118004,0.541209,0.699575,0.016852,0.317575,0.76986,-0.05511,0.538326,0.72458,0.019211,0.303849,0.769544,-0.04988,0.573843,0.701982,-0.04127,0.319077,0.820573,-0.114559
HA_Lat_12_6.13.26,186,984.0,406.0,0,993.9,394.44,0.9952,979.79,413.86,0.9933,0.44943,0.324715,-0.05634,0.444699,0.315989,-0.044614,0.443917,0.315837,-0.044728,0.443126,0.315705,-0.044683,0.443511,0.315839,-0.06911,0.441973,0.315665,-0.069296,0.440462,0.315458,-0.069372,0.43442,0.320588,0.013896,0.431252,0.321481,-0.097545,0.44749,0.335836,-0.031609,0.445907,0.336276,-0.064799,0.442598,0.371324,0.088863,0.415015,0.376782,-0.16051,0.479713,0.350948,0.139316,0.465823,0.385145,-0.253168,0.511072,0.285264,0.121215,0.510308,0.383201,-0.308139,0.514766,0.261067,0.123711,0.521799,0.381398,-0.346228,0.512708,0.256917,0.103355,0.521261,0.370755,-0.331198,0.511844,0.265967,0.111867,0.518092,0.372271,-0.304923,0.449093,0.547172,0.069951,0.416565,0.557048,-0.069986,0.513174,0.591033,-0.000256,0.377022,0.683301,-0.115495,0.5609,0.699168,0.059614,0.324881,0.766523,-0.043964,0.558839,0.722107,0.063271,0.311273,0.760826,-0.038322,0.594484,0.695345,0.015171,0.320075,0.82035,-0.104346
HA_Lat_12_6.13.26,187,984.0,361.0,0,997.22,302.56,0.9748,985.28,309.49,0.9917,0.45551,0.324012,-0.077976,0.450572,0.315044,-0.06557,0.449863,0.315043,-0.065748,0.44919,0.315086,-0.065705,0.449211,0.314628,-0.092613,0.447537,0.314427,-0.092805,0.445842,0.314251,-0.092907,0.4413,0.320557,-5.1e-05,0.437193,0.320685,-0.124245,0.453671,0.334762,-0.050385,0.451949,0.334858,-0.08742,0.450134,0.371362,0.085769,0.421467,0.369878,-0.184584,0.488138,0.352687,0.133933,0.478189,0.347886,-0.280659,0.521194,0.323162,0.105674,0.513168,0.286562,-0.312591,0.527617,0.313021,0.106245,0.520533,0.265075,-0.349832,0.526602,0.309498,0.086355,0.518522,0.26161,-0.335254,0.524625,0.311584,0.096611,0.516306,0.267334,-0.309666,0.460875,0.545511,0.07018,0.426983,0.557043,-0.070223,0.523458,0.598669,0.066301,0.38639,0.681131,-0.114297,0.578122,0.697796,0.136059,0.332393,0.763466,-0.035414,0.576711,0.719033,0.138172,0.321041,0.755643,-0.030281,0.609085,0.694688,0.06175,0.321847,0.819976,-0.104092
HA_Lat_12_6.13.26,188,983.36,319.13,0,986.54,317.59,0.9722,983.36,319.13,0.9689,0.461845,0.326456,-0.086773,0.459973,0.317293,-0.075991,0.459589,0.317255,-0.076172,0.45936,0.317228,-0.076134,0.457809,0.316907,-0.100975,0.455855,0.316697,-0.101169,0.453811,0.316478,-0.101284,0.451055,0.322338,-0.012364,0.443391,0.321939,-0.128184,0.458458,0.337351,-0.059373,0.45608,0.337301,-0.094049,0.45554,0.368495,0.068901,0.421218,0.367575,-0.184023,0.488901,0.336408,0.090674,0.467354,0.33207,-0.281893,0.529611,0.284068,0.02286,0.512164,0.295495,-0.318968,0.534535,0.258229,0.015356,0.522979,0.278743,-0.355675,0.532946,0.255177,-0.00405,0.52187,0.27365,-0.343869,0.531581,0.259872,0.011979,0.518996,0.279917,-0.316941,0.47032,0.543606,0.069946,0.4365,0.556861,-0.070015,0.533179,0.604617,0.100961,0.39577,0.679152,-0.108835,0.589827,0.697482,0.185555,0.340529,0.761938,-0.017397,0.589305,0.720269,0.188932,0.33021,0.754686,-0.01142,0.623121,0.696921,0.110707,0.328519,0.818611,-0.093624
HA_Lat_12_6.13.26,189,974.68,294.39,0,997.71,294.42,0.9913,974.68,294.39,0.9652,0.464672,0.322725,-0.086164,0.463007,0.314954,-0.073936,0.46323,0.315566,-0.074107,0.463466,0.316128,-0.074064,0.460062,0.314162,-0.098411,0.458031,0.31423,-0.098605,0.455914,0.314524,-0.09871,0.458699,0.321708,-0.007427,0.447409,0.321148,-0.113288,0.463579,0.333862,-0.05816,0.460277,0.333244,-0.092103,0.468194,0.369081,0.076689,0.428912,0.367139,-0.173289,0.500575,0.33561,0.111209,0.467233,0.313624,-0.257523,0.535014,0.272036,0.034456,0.507645,0.27258,-0.303279,0.543454,0.249245,0.025926,0.517455,0.259062,-0.341398,0.54359,0.242587,0.000859,0.517963,0.257246,-0.328234,0.539996,0.25223,0.018458,0.515734,0.262518,-0.301106,0.482547,0.544286,0.06854,0.448054,0.556856,-0.068651,0.543368,0.609069,0.099161,0.406246,0.677369,-0.108541,0.601635,0.698405,0.1911,0.350588,0.760352,-0.002568,0.601087,0.720706,0.195588,0.341884,0.753841,0.005746,0.627406,0.697189,0.118947,0.333673,0.818307,-0.069827
HA_Lat_12_6.13.26,190,957.0,267.0,0,952.21,256.0,0.9876,961.91,265.55,0.9667,0.474356,0.323337,-0.018295,0.474934,0.316293,-0.00229,0.475626,0.316986,-0.002434,0.476172,0.317542,-0.002383,0.470938,0.314876,-0.023865,0.469057,0.314691,-0.024082,0.467105,0.314695,-0.02419,0.471268,0.322428,0.068317,0.459782,0.320592,-0.031226,0.472692,0.334918,0.00969,0.468771,0.333575,-0.020415,0.479513,0.368279,0.137319,0.437006,0.367178,-0.089721,0.513905,0.329598,0.167789,0.464274,0.300428,-0.186433,0.541135,0.264657,0.109631,0.500997,0.245875,-0.230973,0.551313,0.24475,0.107137,0.509245,0.230158,-0.26712,0.549545,0.238665,0.086369,0.510703,0.230849,-0.247282,0.547367,0.244862,0.098235,0.508004,0.239033,-0.226527,0.491299,0.544838,0.064492,0.456264,0.556893,-0.064665,0.550748,0.61829,0.07901,0.416845,0.676797,-0.101572,0.608663,0.705178,0.154838,0.360951,0.761047,-0.003843,0.609505,0.726445,0.158901,0.353934,0.756567,0.003307,0.63234,0.721241,0.087345,0.342857,0.817786,-0.069015
HA_Lat_12_6.13.26,191,938.0,240.0,0,928.04,237.03,0.969,947.76,236.91,0.9664,0.482868,0.324801,-0.058347,0.483826,0.317622,-0.032461,0.48484,0.31812,-0.032665,0.485733,0.318434,-0.032615,0.479624,0.316393,-0.028798,0.477617,0.316164,-0.029188,0.475596,0.316111,-0.029448,0.482077,0.322783,0.035902,0.468763,0.321559,-0.059651,0.482257,0.336486,-0.015445,0.477901,0.334922,-0.03244,0.489906,0.371209,0.109484,0.446919,0.367176,-0.092637,0.525606,0.324394,0.148034,0.462648,0.289685,-0.178207,0.551775,0.259895,0.107535,0.493624,0.21936,-0.227881,0.560208,0.242987,0.098289,0.50026,0.201207,-0.263506,0.55945,0.238632,0.077085,0.502108,0.202035,-0.248145,0.55508,0.244998,0.097561,0.500878,0.209098,-0.225368,0.50193,0.545205,0.054518,0.466541,0.556901,-0.054737,0.557965,0.628505,0.058475,0.428453,0.676781,-0.091443,0.614643,0.720229,0.119147,0.374309,0.762184,0.005727,0.614389,0.742156,0.119239,0.368245,0.760974,0.012446,0.6377,0.752888,0.018886,0.355439,0.817538,-0.068403
HA_Lat_12_6.13.26,192,915.0,225.0,0,909.1,213.93,0.983,923.41,220.28,0.9679,0.487297,0.324882,-0.072738,0.489995,0.318539,-0.04094,0.491422,0.319026,-0.041237,0.492794,0.319235,-0.041189,0.484616,0.317323,-0.049574,0.482283,0.317143,-0.049815,0.479829,0.317064,-0.049966,0.491354,0.324543,0.026633,0.474936,0.322468,-0.041586,0.489091,0.337718,-0.024389,0.482712,0.335795,-0.051528,0.50108,0.373609,0.099226,0.455659,0.368464,-0.055845,0.529478,0.33655,0.142537,0.457266,0.280122,-0.117932,0.556495,0.27767,0.104289,0.480944,0.203967,-0.162136,0.562732,0.25791,0.098844,0.484796,0.183143,-0.193952,0.561918,0.25651,0.076847,0.488864,0.18216,-0.184642,0.558948,0.262609,0.093994,0.488191,0.190358,-0.162066,0.513973,0.545655,0.04331,0.477379,0.557731,-0.043562,0.566324,0.639253,0.034592,0.440018,0.677531,-0.076265,0.616512,0.737763,0.119076,0.388186,0.763611,0.019385,0.612574,0.755689,0.11938,0.384324,0.763529,0.025532,0.642982,0.787875,0.031941,0.366976,0.817069,-0.056849
HA_Lat_12_6.13.26,193,886.0,225.0,0,875.85,238.21,0.9958,895.7,218.8,0.97,0.500965,0.323992,-0.103937,0.501844,0.318327,-0.07833,0.502742,0.319034,-0.078579,0.503642,0.319515,-0.078528,0.497347,0.316992,-0.086896,0.494878,0.316764,-0.087178,0.492568,0.316656,-0.087322,0.501012,0.325065,0.022288,0.486801,0.321708,-0.061961,0.501203,0.336938,-0.062486,0.495988,0.334812,-0.080124,0.509794,0.374995,0.083411,0.463875,0.369047,-0.068216,0.540935,0.341541,0.122636,0.451172,0.28486,-0.13075,0.561024,0.28703,0.06174,0.466511,0.202592,-0.181757,0.568665,0.274302,0.051745,0.467324,0.178162,-0.214524,0.566671,0.267925,0.027977,0.472149,0.17607,-0.207215,0.562749,0.273463,0.050244,0.472697,0.184576,-0.182384,0.522562,0.545908,0.037719,0.486777,0.558394,-0.037963,0.572856,0.648786,0.01009,0.453064,0.678594,-0.062331,0.616266,0.753794,0.11323,0.403874,0.764297,0.048671,0.614551,0.769465,0.11616,0.402195,0.771315,0.055613,0.63889,0.804415,0.022758,0.3784,0.812889,-0.031355
HA_Lat_12_6.13.26,194,860.0,236.0,0,858.4,254.97,0.9867,865.5,225.18,0.969,0.516787,0.324187,-0.126694,0.513403,0.318749,-0.106355,0.513247,0.319512,-0.106584,0.513119,0.320011,-0.106535,0.510631,0.3172,-0.120531,0.508385,0.317209,-0.12076,0.506191,0.317326,-0.120856,0.50704,0.325498,-0.011775,0.49823,0.321963,-0.066753,0.515327,0.337676,-0.090231,0.511815,0.335347,-0.111097,0.518332,0.374921,0.029231,0.470877,0.369454,-0.095497,0.55104,0.351282,-0.048154,0.445625,0.292788,-0.139146,0.564761,0.305466,-0.243503,0.450779,0.2085,-0.264242,0.569337,0.29466,-0.279349,0.450363,0.188237,-0.306514,0.566605,0.289598,-0.295968,0.45526,0.180107,-0.298934,0.564913,0.294763,-0.256245,0.456089,0.188138,-0.266754,0.532238,0.547496,0.032645,0.496734,0.561348,-0.032847,0.579529,0.661821,0.006757,0.463988,0.682217,-0.051704,0.616315,0.767101,0.120692,0.416681,0.769752,0.059981,0.612962,0.783705,0.126757,0.414582,0.78416,0.066303,0.634931,0.812521,0.038137,0.392574,0.810487,-0.017331
HA_Lat_12_6.13.26,195,826.0,262.0,0,830.18,272.52,0.996,843.21,248.13,0.9714,0.525908,0.326732,-0.116841,0.522489,0.321362,-0.097176,0.522189,0.322168,-0.097382,0.521915,0.322824,-0.097323,0.519854,0.320556,-0.115675,0.517567,0.321205,-0.115894,0.515217,0.32206,-0.115984,0.516126,0.328612,-0.009134,0.506898,0.327356,-0.078548,0.524272,0.339764,-0.081613,0.521308,0.338355,-0.10761,0.526657,0.377939,0.038148,0.480533,0.37069,-0.104614,0.561449,0.359403,0.031409,0.443535,0.310884,-0.158158,0.573726,0.317153,-0.09849,0.439172,0.229746,-0.265977,0.57767,0.30697,-0.119049,0.440961,0.211323,-0.30509,0.57326,0.301854,-0.139402,0.443561,0.204283,-0.298841,0.571601,0.307878,-0.110988,0.443395,0.210531,-0.268243,0.539702,0.551069,0.041225,0.506811,0.563815,-0.041363,0.583307,0.667644,0.01876,0.476873,0.684828,-0.061848,0.614977,0.775634,0.144231,0.429237,0.774728,0.036344,0.611947,0.793844,0.149748,0.425005,0.790117,0.043555,0.63274,0.815411,0.054056,0.408501,0.810086,-0.039682
HA_Lat_12_6.13.26,196,806.0,299.0,0,808.96,328.09,0.9945,839.46,285.48,0.9732,0.531598,0.328936,-0.146977,0.528909,0.323366,-0.126251,0.529103,0.32384,-0.126459,0.529379,0.324236,-0.126384,0.525483,0.323816,-0.142132,0.523025,0.324866,-0.142345,0.520401,0.326009,-0.142449,0.52556,0.330562,-0.030933,0.513606,0.332232,-0.093411,0.531111,0.341875,-0.110358,0.527667,0.341532,-0.132783,0.540724,0.382113,0.026235,0.490749,0.37699,-0.108284,0.573155,0.363592,-0.01269,0.445643,0.325886,-0.172171,0.578817,0.327771,-0.168535,0.437217,0.264338,-0.287376,0.580862,0.317171,-0.19504,0.424193,0.24916,-0.327681,0.577707,0.313356,-0.212958,0.42762,0.24136,-0.327175,0.576449,0.318483,-0.180534,0.434648,0.246413,-0.292581,0.549393,0.555272,0.043701,0.51615,0.567378,-0.04385,0.587538,0.672121,0.033936,0.489148,0.68899,-0.070568,0.614184,0.778136,0.156462,0.439954,0.778374,0.025077,0.610575,0.798141,0.161847,0.434649,0.793159,0.031416,0.637718,0.813822,0.061258,0.41933,0.80854,-0.053763
HA_Lat_12_6.13.26,197,799.11,363.71,0,799.11,363.71,0.9963,822.7,304.77,0.9756,0.547923,0.330492,-0.114579,0.544093,0.326,-0.096731,0.543533,0.326591,-0.096999,0.543046,0.327088,-0.09695,0.54221,0.326246,-0.116063,0.540234,0.327334,-0.116292,0.53814,0.328519,-0.116428,0.536364,0.334955,-0.018901,0.528877,0.336705,-0.094852,0.546647,0.343918,-0.084965,0.544666,0.343566,-0.112305,0.550117,0.389388,0.032504,0.500702,0.385546,-0.110018,0.57584,0.389697,0.173352,0.452975,0.360562,-0.183471,0.587636,0.354557,0.24976,0.428488,0.282194,-0.292988,0.591051,0.337937,0.26891,0.411979,0.255024,-0.324027,0.587801,0.333314,0.245688,0.413617,0.255391,-0.320492,0.586165,0.343582,0.242226,0.420123,0.25695,-0.296204,0.558317,0.56087,0.044989,0.525718,0.571855,-0.045192,0.593915,0.67987,0.068218,0.499633,0.695055,-0.087323,0.615917,0.784235,0.186698,0.446636,0.779778,0.014232,0.611749,0.804912,0.193736,0.441227,0.792819,0.020865,0.638638,0.816634,0.132691,0.426139,0.808223,-0.049318
HA_Lat_12_6.13.26,198,806.0,428.0,0,801.46,435.75,0.9947,817.26,401.87,0.9776,0.559334,0.338966,-0.112611,0.55651,0.33246,-0.098338,0.556036,0.332581,-0.098574,0.55569,0.332609,-0.098523,0.554624,0.332826,-0.118451,0.552701,0.333432,-0.118682,0.550626,0.334036,-0.118815,0.548142,0.33849,-0.029789,0.539981,0.340895,-0.12077,0.557284,0.352153,-0.084026,0.555324,0.352353,-0.112252,0.560454,0.394728,0.038483,0.511204,0.392235,-0.119314,0.580301,0.411408,0.203392,0.460912,0.406094,-0.184899,0.596272,0.390824,0.33173,0.425657,0.372101,-0.27953,0.600365,0.379789,0.359948,0.406128,0.358966,-0.318295,0.598359,0.374604,0.333008,0.406434,0.351353,-0.311764,0.596104,0.380824,0.323964,0.413327,0.354285,-0.281458,0.56567,0.564962,0.046293,0.535203,0.576106,-0.04656,0.599077,0.686891,0.079325,0.50876,0.699962,-0.079273,0.618787,0.788583,0.193353,0.455405,0.779769,0.050454,0.612944,0.806736,0.200709,0.447959,0.790743,0.061436,0.641426,0.818575,0.145398,0.437834,0.807352,0.005008
HA_Lat_12_6.13.26,199,826.0,495.0,0,830.41,490.71,0.9954,823.19,486.08,0.9784,0.570192,0.343857,-0.078736,0.566917,0.335421,-0.068916,0.56624,0.335467,-0.069131,0.565726,0.335476,-0.06909,0.565351,0.335503,-0.090928,0.563459,0.335732,-0.091142,0.561437,0.335907,-0.091261,0.557128,0.340085,-0.017466,0.550342,0.341555,-0.120034,0.567209,0.356885,-0.055306,0.565598,0.35671,-0.085886,0.562494,0.400257,0.049394,0.521827,0.397323,-0.120111,0.576497,0.443832,0.196677,0.478135,0.437488,-0.178321,0.600116,0.426186,0.287267,0.428742,0.450072,-0.220518,0.605966,0.41433,0.309105,0.409129,0.450575,-0.237295,0.606974,0.405286,0.282726,0.40729,0.44386,-0.241214,0.604196,0.410259,0.278124,0.414766,0.443729,-0.224721,0.571121,0.566635,0.049851,0.542502,0.578246,-0.049991,0.603392,0.685401,0.086192,0.519071,0.703282,-0.080533,0.620551,0.78997,0.180706,0.464027,0.77829,0.04932,0.614195,0.807702,0.186341,0.456984,0.781498,0.061198,0.64173,0.820233,0.133375,0.447222,0.807368,0.015028
HA_Lat_12_6.13.26,200,879.0,556.0,0,877.56,554.82,0.9926,866.95,551.45,0.979,0.580684,0.345611,-0.076848,0.576154,0.336305,-0.068111,0.575169,0.336266,-0.068303,0.574185,0.336172,-0.068259,0.575508,0.33636,-0.090429,0.573965,0.33652,-0.090643,0.572227,0.336658,-0.090759,0.565226,0.340492,-0.016849,0.561635,0.342189,-0.119821,0.577591,0.358153,-0.054091,0.576379,0.357728,-0.08493,0.566826,0.403302,0.050773,0.531575,0.401219,-0.130014,0.579356,0.455949,0.170355,0.497059,0.466592,-0.183851,0.606503,0.459372,0.235953,0.451534,0.510602,-0.223939,0.61533,0.456064,0.253894,0.437443,0.517473,-0.241603,0.614782,0.448886,0.227457,0.433722,0.51676,-0.246901,0.612628,0.450475,0.226162,0.440065,0.513698,-0.228231,0.575997,0.566855,0.051133,0.546944,0.578357,-0.051217,0.608858,0.684145,0.084231,0.529155,0.704535,-0.081853,0.620937,0.789708,0.169444,0.472527,0.776113,0.037028,0.613401,0.808387,0.174588,0.465052,0.774253,0.04764,0.643143,0.820257,0.11874,0.454779,0.807494,0.000688
HA_Lat_12_6.13.26,201,946.0,604.0,0,951.44,601.13,0.9925,933.59,608.64,0.9808,0.584946,0.346025,-0.090712,0.580346,0.336641,-0.083478,0.579409,0.336569,-0.083643,0.578547,0.336406,-0.083626,0.579621,0.336751,-0.105231,0.578141,0.336936,-0.105405,0.576436,0.337088,-0.105498,0.570121,0.341433,-0.031257,0.566627,0.34323,-0.129899,0.582793,0.358229,-0.070011,0.581633,0.357941,-0.099713,0.569942,0.406421,0.039136,0.542029,0.405402,-0.148405,0.578739,0.490027,0.067822,0.518714,0.490645,-0.180567,0.61495,0.500973,-0.003845,0.486244,0.563554,-0.203328,0.625407,0.50021,-0.010639,0.476517,0.577641,-0.222515,0.626296,0.494285,-0.033708,0.475796,0.579985,-0.23503,0.623135,0.49455,-0.015965,0.480308,0.575865,-0.209727,0.578611,0.566454,0.053614,0.551935,0.577179,-0.053656,0.611256,0.682515,0.111101,0.538563,0.704724,-0.112724,0.621497,0.789283,0.193465,0.481554,0.772719,0.008709,0.613905,0.808038,0.196884,0.473151,0.764331,0.021169,0.644946,0.819593,0.145945,0.459508,0.807563,-0.019989
HA_Lat_12_6.13.26,202,1028.23,637.59,0,1028.23,637.59,0.9946,1026.32,645.05,0.9816,0.590793,0.345996,-0.093156,0.585581,0.336605,-0.085386,0.584529,0.336544,-0.085536,0.583567,0.336325,-0.085528,0.585093,0.336581,-0.107886,0.583618,0.336692,-0.10807,0.581951,0.33681,-0.108179,0.575014,0.341273,-0.030656,0.571817,0.343305,-0.133857,0.588698,0.358128,-0.07254,0.587783,0.357794,-0.103356,0.572302,0.40602,0.042925,0.552303,0.4093,-0.16522,0.578211,0.458246,0.098192,0.540763,0.509612,-0.202703,0.590989,0.44962,0.115172,0.534542,0.597268,-0.218166,0.594462,0.445049,0.120727,0.529659,0.618468,-0.24471,0.594694,0.438562,0.104012,0.534075,0.619661,-0.246166,0.593858,0.44088,0.108172,0.538136,0.612911,-0.222345,0.582056,0.566005,0.061317,0.558835,0.576409,-0.061354,0.613322,0.679172,0.113464,0.547293,0.704297,-0.111594,0.621984,0.787523,0.182956,0.490555,0.769038,-0.003972,0.613482,0.806659,0.185858,0.481109,0.759627,0.0073,0.64664,0.817963,0.138062,0.470743,0.807639,-0.028925
HA_Lat_12_6.13.26,203,1106.0,628.0,0,1107.85,627.82,0.9932,1096.52,629.79,0.983,0.59903,0.345635,-0.117904,0.593839,0.336402,-0.109876,0.592484,0.336401,-0.110037,0.591139,0.336247,-0.110017,0.59399,0.336383,-0.133209,0.592865,0.336559,-0.133384,0.591619,0.336777,-0.133492,0.582293,0.341195,-0.059236,0.581775,0.343129,-0.166151,0.595628,0.357761,-0.096899,0.595606,0.357485,-0.128761,0.578076,0.406016,0.02099,0.561886,0.408285,-0.204388,0.576492,0.496521,0.07093,0.55158,0.498216,-0.239944,0.596037,0.577954,0.051084,0.571102,0.583141,-0.238212,0.598048,0.587398,0.052012,0.577686,0.603799,-0.264066,0.602615,0.588645,0.029495,0.582114,0.599417,-0.26343,0.600862,0.582075,0.041508,0.580906,0.593651,-0.237605,0.580506,0.565662,0.066082,0.560143,0.576101,-0.066103,0.614718,0.676928,0.145422,0.554201,0.702988,-0.112543,0.621527,0.786771,0.22223,0.498035,0.767521,-0.003098,0.613486,0.805905,0.225391,0.489793,0.755522,0.007819,0.645065,0.817043,0.186703,0.474732,0.807678,-0.025201
HA_Lat_12_6.13.26,204,1166.0,613.0,0,1163.57,612.8,0.9878,1158.51,616.68,0.9844,0.604122,0.345336,-0.13628,0.599813,0.336182,-0.128744,0.598722,0.336177,-0.128897,0.597652,0.336033,-0.128862,0.599738,0.336178,-0.151191,0.598628,0.336352,-0.151375,0.597461,0.336563,-0.151486,0.589045,0.341026,-0.07991,0.58871,0.342865,-0.182264,0.601596,0.357597,-0.114827,0.601002,0.357258,-0.14538,0.578124,0.405452,0.005117,0.573707,0.407362,-0.218934,0.56981,0.501773,0.053407,0.575669,0.499862,-0.239541,0.583514,0.585238,0.02793,0.60339,0.570998,-0.228778,0.585303,0.603454,0.027939,0.610677,0.588668,-0.253682,0.588866,0.597775,0.006206,0.615318,0.581367,-0.25062,0.588066,0.589842,0.018697,0.61316,0.577614,-0.226737,0.579211,0.564436,0.066342,0.562114,0.569631,-0.066361,0.613834,0.67541,0.127538,0.560382,0.701934,-0.109546,0.621428,0.787243,0.198926,0.506568,0.765023,0.018573,0.614186,0.805907,0.202075,0.498568,0.751136,0.031345,0.647229,0.81859,0.166013,0.486115,0.807371,0.01172
HA_Lat_12_6.13.26,205,1209.93,580.52,0,1209.93,580.52,0.9901,1204.59,586.58,0.9855,0.60778,0.346201,-0.036616,0.603577,0.336347,-0.027851,0.602548,0.33626,-0.027958,0.601523,0.336094,-0.027898,0.603336,0.336515,-0.050618,0.602212,0.336692,-0.050786,0.60105,0.336899,-0.050863,0.593376,0.340956,0.015325,0.593193,0.342745,-0.08884,0.605457,0.35858,-0.016835,0.604949,0.358501,-0.047828,0.574953,0.404618,0.088409,0.584087,0.405856,-0.148085,0.566414,0.492676,0.12149,0.597159,0.490334,-0.151502,0.575258,0.572816,0.074453,0.627388,0.543129,-0.113638,0.583134,0.587413,0.074647,0.635259,0.556753,-0.135157,0.580932,0.584214,0.058044,0.636954,0.550788,-0.124359,0.578585,0.577734,0.067863,0.634032,0.546761,-0.108575,0.579219,0.559409,0.067595,0.566346,0.562085,-0.067622,0.612367,0.674318,0.111968,0.568439,0.701789,-0.108724,0.622611,0.787627,0.144333,0.513601,0.762142,0.010911,0.614626,0.807249,0.145005,0.505399,0.75022,0.023689,0.646072,0.818682,0.115152,0.49409,0.806007,-0.007649
HA_Lat_12_6.13.26,206,1245.96,560.77,0,1245.96,560.77,0.9855,1245.06,563.7,0.9773,0.613261,0.346619,-0.01298,0.6092,0.336401,-0.005071,0.608339,0.336264,-0.005178,0.60743,0.336068,-0.005109,0.608815,0.336518,-0.027089,0.60773,0.336618,-0.027268,0.606599,0.336764,-0.027338,0.599073,0.340798,0.034586,0.598822,0.342442,-0.06588,0.610811,0.358403,0.005582,0.610396,0.358332,-0.024458,0.577339,0.400055,0.104836,0.595254,0.401194,-0.125878,0.570647,0.481394,0.132893,0.621185,0.482363,-0.126863,0.577248,0.557993,0.082842,0.648467,0.521944,-0.059751,0.578418,0.566912,0.084185,0.654888,0.531861,-0.074559,0.580316,0.572785,0.070552,0.65521,0.528286,-0.066333,0.580704,0.565548,0.077314,0.652475,0.524979,-0.055046,0.58111,0.555947,0.069514,0.569293,0.557996,-0.069569,0.611241,0.674261,0.102089,0.575009,0.699082,-0.106094,0.621033,0.788128,0.145492,0.519205,0.757373,-0.003003,0.614767,0.807161,0.146872,0.510475,0.742821,0.00817,0.645895,0.818582,0.115878,0.501541,0.804129,-0.015496
HA_Lat_12_6.13.26,207,1284.0,540.64,0,1284.0,540.64,0.9837,1287.72,551.03,0.9765,0.61843,0.345792,-0.042958,0.613811,0.335206,-0.033427,0.613027,0.334892,-0.033547,0.61225,0.334552,-0.033482,0.613488,0.335421,-0.055297,0.612508,0.33541,-0.055472,0.611499,0.335406,-0.055544,0.604673,0.339381,0.015719,0.604099,0.340995,-0.083964,0.616814,0.357399,-0.021293,0.616449,0.35742,-0.051152,0.584624,0.396224,0.09092,0.605122,0.393634,-0.131151,0.5811,0.479503,0.117514,0.639148,0.469671,-0.155169,0.586325,0.542784,0.038515,0.670686,0.510208,-0.113446,0.589842,0.566404,0.034694,0.673919,0.52454,-0.135568,0.592578,0.565966,0.015644,0.674105,0.52276,-0.127808,0.593518,0.559371,0.029519,0.672226,0.518489,-0.109986,0.579405,0.5527,0.070665,0.57148,0.555764,-0.070707,0.61114,0.673662,0.104031,0.580443,0.694762,-0.11072,0.621492,0.788538,0.153288,0.52517,0.753177,-0.007367,0.613452,0.807437,0.153648,0.515302,0.739149,0.003751,0.64595,0.818449,0.1332,0.5069,0.803306,-0.016772
HA_Lat_12_6.13.26,208,1317.97,524.39,0,1317.97,524.39,0.9866,1320.63,539.31,0.9778,0.622521,0.344389,-0.011044,0.617431,0.33378,-0.002124,0.616327,0.333422,-0.00222,0.615273,0.333089,-0.002153,0.617755,0.334119,-0.022856,0.616938,0.334136,-0.023038,0.616065,0.334134,-0.023115,0.608323,0.338517,0.041338,0.609362,0.339821,-0.053295,0.620158,0.355215,0.008333,0.62051,0.355139,-0.020077,0.589543,0.391084,0.114452,0.614362,0.386928,-0.118445,0.580276,0.470353,0.140723,0.651399,0.460703,-0.139752,0.585013,0.527977,0.085159,0.68783,0.499359,-0.095852,0.585245,0.540765,0.086359,0.690798,0.516193,-0.118542,0.588426,0.539175,0.068164,0.690676,0.51684,-0.107256,0.590308,0.534315,0.07764,0.689302,0.511281,-0.091076,0.58085,0.549015,0.072379,0.573451,0.553286,-0.072432,0.614409,0.672072,0.101219,0.586534,0.690036,-0.124625,0.621928,0.787995,0.154893,0.529478,0.747939,-0.033239,0.613997,0.806723,0.156385,0.519552,0.73262,-0.023011,0.646723,0.818843,0.132298,0.513208,0.801448,-0.03567
HA_Lat_12_6.13.26,209,1337.64,512.8,0,1337.64,512.8,0.9892,1343.87,527.82,0.9787,0.625786,0.342559,-0.029461,0.620892,0.332341,-0.019452,0.620084,0.332143,-0.019559,0.619396,0.331965,-0.019489,0.620814,0.3326,-0.039828,0.619869,0.332781,-0.040017,0.618899,0.33292,-0.04011,0.61319,0.338199,0.03048,0.612269,0.339224,-0.062512,0.624648,0.353792,-0.007772,0.624606,0.353477,-0.035755,0.598478,0.390507,0.107992,0.620596,0.382541,-0.1234,0.583004,0.468395,0.134888,0.659835,0.458286,-0.149189,0.589553,0.543541,0.08523,0.69993,0.488721,-0.110554,0.587568,0.555904,0.086542,0.705161,0.504696,-0.136395,0.591177,0.555113,0.067385,0.705273,0.506298,-0.122879,0.593916,0.549924,0.077334,0.702254,0.501969,-0.105275,0.583463,0.547792,0.073458,0.575858,0.552829,-0.073505,0.616203,0.671714,0.107171,0.591005,0.68599,-0.126564,0.62197,0.787874,0.180388,0.533284,0.744679,-0.020966,0.613933,0.807827,0.184794,0.522126,0.728419,-0.010778,0.647729,0.818521,0.158875,0.520411,0.800364,-0.023216
HA_Lat_12_6.13.26,210,1360.89,504.83,0,1360.89,504.83,0.9617,1361.59,520.7,0.9799,0.629476,0.339871,-0.020523,0.624586,0.330387,-0.011987,0.623783,0.330514,-0.012102,0.623053,0.330661,-0.012023,0.624927,0.330278,-0.031774,0.624313,0.330664,-0.03197,0.623703,0.330958,-0.03207,0.617456,0.337709,0.032753,0.618498,0.337947,-0.057596,0.628958,0.352063,-0.000672,0.629398,0.351219,-0.027845,0.607061,0.387862,0.108295,0.626436,0.37977,-0.12415,0.589758,0.463926,0.138453,0.667693,0.455778,-0.154777,0.587515,0.516673,0.101772,0.709164,0.482127,-0.117311,0.584645,0.527181,0.105698,0.716707,0.495764,-0.142596,0.587835,0.526566,0.086234,0.717962,0.494952,-0.128347,0.590745,0.522125,0.094241,0.714803,0.491327,-0.11171,0.586757,0.546125,0.073796,0.578862,0.551861,-0.073852,0.615484,0.669801,0.10165,0.596132,0.678765,-0.12053,0.621031,0.786761,0.168769,0.537991,0.739134,-0.024166,0.612631,0.80694,0.172278,0.525706,0.725976,-0.01406,0.647697,0.818432,0.146313,0.529954,0.799274,-0.028055
HA_Lat_12_6.13.26,211,1366.38,503.76,0,1366.38,503.76,0.9452,1369.66,517.07,0.9815,0.632319,0.334415,-0.020746,0.627039,0.326387,-0.012126,0.626472,0.326785,-0.012245,0.625922,0.327142,-0.012153,0.627037,0.3264,-0.032019,0.626462,0.326942,-0.032239,0.625908,0.327392,-0.03236,0.62122,0.335481,0.033211,0.621602,0.335279,-0.057539,0.632876,0.347767,-0.000546,0.632902,0.34625,-0.027882,0.613269,0.384766,0.113973,0.630587,0.377886,-0.125415,0.594286,0.447804,0.172979,0.672845,0.454264,-0.155862,0.58801,0.502798,0.180636,0.713364,0.478766,-0.119227,0.583743,0.50957,0.192865,0.721656,0.491568,-0.145341,0.587194,0.507979,0.171127,0.724308,0.489035,-0.12925,0.591018,0.505023,0.173416,0.720461,0.48578,-0.112924,0.58935,0.544309,0.075086,0.58227,0.550069,-0.075147,0.614581,0.668258,0.098598,0.598979,0.674371,-0.116223,0.620394,0.785645,0.16665,0.541276,0.733725,-0.018874,0.612375,0.806356,0.170588,0.52864,0.722972,-0.008653,0.647422,0.817669,0.138862,0.538849,0.795374,-0.027
HA_Lat_12_6.13.26,212,1377.49,513.6,0,1377.49,513.6,0.9739,1376.14,515.67,0.9825,0.635759,0.33107,-0.002637,0.63065,0.323339,0.0055,0.630117,0.323938,0.0054,0.62962,0.324501,0.005487,0.630707,0.323336,-0.014719,0.630047,0.324096,-0.014951,0.629498,0.324662,-0.015062,0.624931,0.33339,0.047715,0.625709,0.332677,-0.044394,0.636272,0.344458,0.0165,0.636692,0.343161,-0.011252,0.614844,0.380531,0.128509,0.634641,0.375385,-0.11423,0.610704,0.440682,0.190614,0.676909,0.453271,-0.136105,0.620131,0.492573,0.199492,0.716739,0.477469,-0.089514,0.619648,0.492863,0.211598,0.726436,0.488882,-0.113528,0.622829,0.494471,0.190096,0.729078,0.485589,-0.09764,0.625815,0.492984,0.191874,0.724905,0.482898,-0.083233,0.591512,0.542119,0.074889,0.585626,0.546923,-0.074947,0.616464,0.665509,0.095322,0.602211,0.671851,-0.116635,0.620644,0.785138,0.156235,0.545033,0.728873,-0.015354,0.612384,0.806235,0.160207,0.532399,0.719545,-0.006636,0.648713,0.817124,0.138106,0.546423,0.789452,-0.015605
HA_Lat_12_6.13.26,213,1376.81,519.91,0,1376.81,519.91,0.9731,1379.94,517.17,0.9828,0.6382,0.327302,-0.02795,0.63348,0.320263,-0.018494,0.63303,0.320825,-0.018614,0.63262,0.321292,-0.01854,0.633291,0.320631,-0.038982,0.632718,0.321457,-0.039196,0.632181,0.322088,-0.0393,0.627596,0.330735,0.030782,0.628081,0.330887,-0.063133,0.639048,0.341095,-0.006587,0.639061,0.339807,-0.034685,0.620278,0.378718,0.110463,0.639767,0.373769,-0.117545,0.630564,0.44078,0.168989,0.67911,0.45235,-0.151121,0.648709,0.493694,0.091986,0.71872,0.47886,-0.122282,0.651421,0.49573,0.093795,0.727928,0.489264,-0.148947,0.653902,0.496947,0.070571,0.730516,0.485018,-0.1358,0.654869,0.4953,0.081882,0.726544,0.483092,-0.11746,0.593832,0.539011,0.074225,0.590414,0.543621,-0.074283,0.617035,0.666131,0.094226,0.60605,0.669636,-0.114512,0.620682,0.785185,0.156983,0.548605,0.722449,-0.001124,0.611996,0.806673,0.16089,0.536304,0.71247,0.011544,0.649168,0.81666,0.134475,0.550829,0.780941,0.000807
HA_Lat_12_6.13.26,214,1375.71,526.42,0,1375.71,526.42,0.9705,1384.39,524.61,0.9839,0.641846,0.320767,-0.033146,0.636511,0.316234,-0.023713,0.635968,0.316985,-0.023829,0.635468,0.31757,-0.023749,0.636591,0.316551,-0.043733,0.63605,0.317728,-0.043953,0.635578,0.318527,-0.044063,0.631344,0.327822,0.025374,0.632511,0.327901,-0.065947,0.643428,0.333822,-0.011873,0.643362,0.332958,-0.039269,0.626384,0.375982,0.108398,0.645762,0.373035,-0.121287,0.623721,0.439039,0.153154,0.683665,0.450346,-0.153493,0.631172,0.490737,0.10796,0.721037,0.485748,-0.118899,0.630849,0.493502,0.113378,0.72961,0.49628,-0.145735,0.633429,0.494054,0.090674,0.732683,0.49027,-0.131644,0.63574,0.492285,0.098995,0.729166,0.488014,-0.11348,0.596109,0.534698,0.074,0.594093,0.53876,-0.074062,0.617165,0.664161,0.093472,0.610988,0.66632,-0.113224,0.620838,0.785197,0.156326,0.5518,0.714209,0.000145,0.611684,0.806373,0.159921,0.540551,0.703212,0.012974,0.649221,0.816663,0.132281,0.549951,0.767798,0.001563
HA_Lat_12_6.13.26,215,1374.23,532.86,0,1374.23,532.86,0.9787,1375.79,529.01,0.9846,0.644761,0.316961,0.029909,0.639761,0.313619,0.038074,0.638858,0.314399,0.037983,0.637904,0.315115,0.03806,0.640379,0.313972,0.020308,0.640001,0.315131,0.020103,0.639634,0.316046,0.020009,0.633372,0.325187,0.074209,0.636006,0.326468,-0.00674,0.644487,0.329033,0.046077,0.645237,0.328554,0.021614,0.618511,0.372556,0.144181,0.649912,0.372207,-0.08111,0.606443,0.430838,0.199969,0.68369,0.448994,-0.100839,0.613136,0.489447,0.209512,0.716558,0.489827,-0.047346,0.61341,0.502272,0.222321,0.723858,0.50322,-0.065508,0.615845,0.498879,0.202935,0.726396,0.499348,-0.051684,0.617457,0.500133,0.203153,0.722828,0.49673,-0.0411,0.596326,0.531033,0.073375,0.600072,0.536998,-0.073443,0.618361,0.663664,0.084996,0.616372,0.664416,-0.118667,0.620458,0.785566,0.131251,0.555957,0.705386,-0.035602,0.611185,0.806711,0.133404,0.54465,0.692358,-0.0258,0.648229,0.81701,0.112901,0.550437,0.759627,-0.027139
HA_Lat_12_6.13.26,216,1368.08,542.54,0,1368.08,542.54,0.9818,1369.35,538.76,0.985,0.646797,0.317471,0.068663,0.642183,0.313322,0.074025,0.641441,0.314133,0.073943,0.640706,0.314909,0.074007,0.642978,0.313313,0.055833,0.642865,0.314197,0.055631,0.64282,0.314863,0.05555,0.636441,0.324109,0.095408,0.640357,0.324401,0.012539,0.646758,0.330116,0.079777,0.647812,0.329217,0.054789,0.61894,0.371959,0.155677,0.654176,0.372234,-0.072257,0.606137,0.432092,0.206609,0.683954,0.448555,-0.081981,0.607768,0.488535,0.222207,0.713204,0.498851,-0.011215,0.606847,0.501018,0.235741,0.719728,0.513119,-0.026301,0.609893,0.499854,0.218291,0.722087,0.510399,-0.012286,0.612415,0.498526,0.216431,0.718838,0.506717,-0.004475,0.597704,0.530587,0.074318,0.604158,0.5375,-0.07438,0.619908,0.662891,0.087396,0.621669,0.662236,-0.11759,0.620204,0.785642,0.137301,0.559023,0.696903,-0.027824,0.611146,0.806423,0.139752,0.548139,0.68085,-0.017263,0.648112,0.81665,0.118063,0.552075,0.750461,-0.01756
HA_Lat_12_6.13.26,217,1362.34,546.51,0,1362.34,546.51,0.9787,1360.59,546.65,0.9839,0.650451,0.319369,0.102824,0.645121,0.313972,0.104078,0.644286,0.314742,0.104001,0.643449,0.315474,0.104045,0.64654,0.313821,0.088397,0.646706,0.314509,0.088209,0.646928,0.314964,0.088142,0.639408,0.323838,0.106912,0.645325,0.323095,0.034949,0.650107,0.332159,0.107243,0.651714,0.331249,0.085547,0.620875,0.371094,0.153865,0.656535,0.371978,-0.056562,0.603597,0.434682,0.191707,0.682482,0.448681,-0.084458,0.604768,0.492961,0.200752,0.708641,0.506158,-0.034385,0.603444,0.50686,0.211494,0.713514,0.522766,-0.049118,0.607152,0.506459,0.197667,0.715969,0.521219,-0.037319,0.609827,0.502412,0.195905,0.713274,0.516468,-0.028829,0.59796,0.530108,0.073818,0.608392,0.536819,-0.073879,0.618879,0.660675,0.08742,0.630063,0.659966,-0.116202,0.620899,0.785509,0.11545,0.564527,0.685006,-0.050141,0.610948,0.805823,0.115128,0.553408,0.66738,-0.042498,0.648782,0.816299,0.104606,0.553388,0.73879,-0.034331
HA_Lat_12_6.13.26,218,1352.0,554.0,0,1344.78,556.32,0.9492,1352.73,555.68,0.9842,0.652436,0.320263,0.123209,0.647453,0.313902,0.126973,0.646616,0.314649,0.126899,0.645747,0.315383,0.126931,0.648472,0.31358,0.110246,0.648403,0.314087,0.110086,0.648386,0.314367,0.11004,0.641043,0.32311,0.133549,0.646098,0.321333,0.057487,0.651926,0.333179,0.128554,0.653272,0.332092,0.105615,0.622297,0.370714,0.176178,0.658457,0.371333,-0.041694,0.605759,0.438545,0.199363,0.680763,0.450145,-0.078638,0.608992,0.50489,0.193958,0.704546,0.514518,-0.035591,0.609891,0.522163,0.2028,0.708006,0.53355,-0.051106,0.612476,0.522748,0.188695,0.710326,0.53305,-0.038636,0.614843,0.521362,0.188408,0.708098,0.52707,-0.029926,0.598776,0.528847,0.073768,0.612509,0.536623,-0.073832,0.617385,0.657575,0.089884,0.636947,0.656919,-0.115741,0.621495,0.785166,0.11093,0.568165,0.674921,-0.063346,0.611128,0.805313,0.109691,0.5582,0.656087,-0.057176,0.649449,0.815951,0.101165,0.556074,0.728116,-0.047686
HA_Lat_12_6.13.26,219,1341.0,560.0,0,1337.47,559.45,0.9482,1343.28,563.67,0.9846,0.654646,0.320384,0.126883,0.649532,0.312902,0.12645,0.648585,0.313454,0.126362,0.647655,0.31393,0.126378,0.650981,0.312854,0.11174,0.65108,0.313469,0.111585,0.651306,0.313702,0.111548,0.642508,0.321766,0.118899,0.649717,0.319784,0.05159,0.653883,0.332995,0.127195,0.655756,0.332115,0.107015,0.623613,0.368799,0.157367,0.662115,0.371177,-0.045494,0.610107,0.438581,0.179555,0.680189,0.452145,-0.08972,0.619504,0.503976,0.16773,0.699625,0.52192,-0.057468,0.620932,0.519616,0.174731,0.702496,0.542561,-0.072596,0.62423,0.520493,0.158808,0.704156,0.542726,-0.061509,0.626049,0.514826,0.161126,0.701878,0.536743,-0.052531,0.599737,0.528677,0.072652,0.617831,0.537149,-0.072738,0.616542,0.655406,0.095787,0.643827,0.653843,-0.095134,0.621371,0.784876,0.097758,0.573394,0.666972,-0.072965,0.61075,0.804931,0.09415,0.563222,0.646699,-0.069959,0.648067,0.815695,0.089664,0.557273,0.717894,-0.056231
HA_Lat_12_6.13.26,220,1335.61,572.97,0,1331.46,565.69,0.9436,1335.61,572.97,0.9821,0.660415,0.321196,0.108311,0.655129,0.3138,0.111395,0.654047,0.314292,0.111302,0.652949,0.31473,0.111323,0.656339,0.313749,0.094617,0.656222,0.31427,0.094461,0.656184,0.314442,0.094412,0.646801,0.321751,0.117482,0.653316,0.320061,0.041841,0.65935,0.333941,0.113896,0.660838,0.333096,0.091062,0.626439,0.367984,0.161825,0.665401,0.370899,-0.050528,0.614149,0.438834,0.178164,0.680481,0.455722,-0.087019,0.620766,0.508248,0.161868,0.695631,0.530529,-0.037247,0.620896,0.525316,0.169199,0.698745,0.552392,-0.048698,0.624831,0.524553,0.155404,0.699437,0.552911,-0.038176,0.626598,0.518447,0.156071,0.697103,0.546794,-0.031693,0.602721,0.529028,0.072492,0.622084,0.537083,-0.072582,0.617417,0.655059,0.100384,0.651096,0.651117,-0.096403,0.621541,0.784633,0.089933,0.577836,0.658179,-0.100574,0.610393,0.804631,0.085062,0.567902,0.637287,-0.100105,0.648381,0.815759,0.077977,0.55972,0.709239,-0.089387
HA_Lat_12_6.13.26,221,1329.06,576.84,0,1328.83,570.03,0.9475,1329.06,576.84,0.9771,0.663274,0.32198,0.152594,0.658363,0.314411,0.153849,0.656985,0.314919,0.153751,0.655649,0.315358,0.15377,0.660394,0.314428,0.138042,0.660543,0.314956,0.137895,0.660766,0.315106,0.137861,0.649276,0.321676,0.148636,0.657993,0.320006,0.07721,0.660909,0.334415,0.153892,0.66312,0.333569,0.132363,0.627272,0.367701,0.181317,0.667344,0.370086,-0.025777,0.614699,0.443173,0.190879,0.678993,0.458759,-0.07699,0.617027,0.516708,0.172949,0.692219,0.534107,-0.041507,0.616181,0.537955,0.179996,0.695823,0.555195,-0.054233,0.619927,0.537569,0.168306,0.695975,0.555476,-0.043047,0.621733,0.537117,0.168075,0.693566,0.550104,-0.036032,0.605184,0.528872,0.072439,0.626362,0.53664,-0.072514,0.620387,0.65458,0.099473,0.656837,0.647963,-0.097627,0.621211,0.784444,0.072923,0.583576,0.650155,-0.116785,0.610881,0.804779,0.067401,0.574013,0.630356,-0.116841,0.648183,0.815824,0.060872,0.565151,0.700518,-0.10511
HA_Lat_12_6.13.26,222,1323.34,580.7,0,1325.28,572.21,0.9419,1323.34,580.7,0.9682,0.666583,0.322594,0.156824,0.662333,0.314726,0.160471,0.661,0.315129,0.160374,0.659631,0.315464,0.160396,0.664127,0.314616,0.143713,0.664222,0.314926,0.143571,0.664364,0.314873,0.143546,0.652717,0.3205,0.163351,0.660838,0.319006,0.087886,0.664082,0.334919,0.160851,0.665883,0.33405,0.138108,0.630629,0.366161,0.194813,0.669254,0.369526,-0.015722,0.616023,0.444303,0.199506,0.67897,0.461408,-0.068335,0.615962,0.520798,0.174531,0.689238,0.537687,-0.029889,0.613645,0.539686,0.180566,0.691776,0.557812,-0.041631,0.619114,0.540212,0.168898,0.691828,0.558223,-0.031246,0.619519,0.540979,0.169449,0.690277,0.552311,-0.024638,0.607798,0.528037,0.072277,0.629104,0.535289,-0.072353,0.623216,0.654323,0.095878,0.662251,0.645229,-0.098965,0.621464,0.7843,0.064573,0.589802,0.642237,-0.125016,0.61089,0.804615,0.058855,0.580298,0.622408,-0.125948,0.64789,0.816029,0.053432,0.571309,0.692622,-0.113379
HA_Lat_12_6.13.26,223,1321.08,582.38,0,1323.63,568.63,0.9461,1321.08,582.38,0.9552,0.669189,0.322743,0.140885,0.665588,0.314957,0.14738,0.664397,0.315189,0.147281,0.663154,0.315363,0.147308,0.666786,0.314873,0.130159,0.666594,0.315043,0.130019,0.666453,0.314884,0.129992,0.656083,0.319419,0.16239,0.662237,0.318208,0.084806,0.66646,0.335378,0.149169,0.667972,0.334531,0.125768,0.631895,0.366476,0.199064,0.671602,0.368099,-0.010536,0.618103,0.448725,0.202498,0.678408,0.462336,-0.05196,0.616027,0.525122,0.173792,0.688062,0.539245,-0.000679,0.612705,0.544273,0.179313,0.690235,0.558973,-0.010081,0.617028,0.543734,0.168464,0.69035,0.560009,0.000408,0.617606,0.544827,0.169046,0.688956,0.553935,0.005013,0.610511,0.527153,0.072144,0.632398,0.534389,-0.072223,0.624784,0.654183,0.093102,0.667878,0.642325,-0.09838,0.622346,0.784243,0.062139,0.596302,0.636507,-0.114561,0.611248,0.804802,0.056354,0.585013,0.618119,-0.114727,0.648329,0.816471,0.049368,0.576811,0.688353,-0.101752
HA_Lat_12_6.13.26,224,1318.06,583.33,0,1321.85,570.95,0.9393,1318.06,583.33,0.9131,0.673104,0.323227,0.154047,0.669019,0.314721,0.161992,0.667733,0.314808,0.161895,0.666491,0.314904,0.161917,0.670202,0.31464,0.143216,0.669846,0.314656,0.143075,0.669528,0.3144,0.14305,0.659815,0.318556,0.180839,0.66443,0.317591,0.096135,0.670404,0.335617,0.163474,0.67185,0.334724,0.138029,0.634931,0.366682,0.215826,0.673774,0.365345,-0.004226,0.622543,0.45059,0.218059,0.678697,0.463935,-0.060481,0.62122,0.529102,0.185051,0.686489,0.540123,-0.021275,0.620555,0.542292,0.190673,0.688861,0.560194,-0.032824,0.627114,0.542513,0.179436,0.688747,0.561506,-0.022086,0.625021,0.543444,0.179868,0.687376,0.556028,-0.015941,0.613129,0.524941,0.072629,0.635771,0.530894,-0.072743,0.626945,0.653553,0.08871,0.672348,0.639379,-0.099383,0.622666,0.784138,0.046896,0.602163,0.635785,-0.138862,0.611254,0.804647,0.03983,0.589829,0.617725,-0.141712,0.648085,0.81654,0.032192,0.584539,0.685053,-0.131282
HA_Lat_12_6.13.26,225,1316.28,582.2,0,1320.97,572.76,0.9306,1316.28,582.2,0.9016,0.674661,0.322851,0.155455,0.6697,0.313159,0.163179,0.668617,0.3132,0.163082,0.667543,0.313315,0.163101,0.670769,0.31312,0.145282,0.670573,0.31311,0.145143,0.670407,0.312898,0.145122,0.661382,0.317232,0.180088,0.666203,0.316106,0.099205,0.672861,0.334669,0.163927,0.674207,0.333662,0.139611,0.636189,0.367045,0.210778,0.67719,0.363553,-2.8e-05,0.623878,0.451053,0.216695,0.678969,0.462758,-0.057437,0.622013,0.526295,0.189271,0.685563,0.539073,-0.026884,0.619369,0.542322,0.194934,0.685682,0.558652,-0.039303,0.625643,0.54269,0.183379,0.685597,0.560809,-0.029573,0.623792,0.544322,0.18415,0.684785,0.555132,-0.022216,0.615838,0.523443,0.072523,0.638149,0.529225,-0.072632,0.630724,0.653227,0.085702,0.678264,0.636837,-0.09998,0.622881,0.783493,0.053442,0.607324,0.63442,-0.132138,0.611051,0.804004,0.047445,0.595509,0.617064,-0.133751,0.647923,0.816482,0.039596,0.591555,0.688436,-0.123787
HA_Lat_12_6.13.26,226,1315.62,581.43,0,1318.82,568.81,0.9435,1315.62,581.43,0.9047,0.677482,0.316532,0.127485,0.671816,0.307221,0.135319,0.67075,0.307394,0.135227,0.669702,0.307765,0.135259,0.672605,0.30749,0.117766,0.672217,0.307726,0.117613,0.671867,0.307811,0.117585,0.663638,0.313087,0.15632,0.667741,0.31266,0.077136,0.676379,0.329129,0.137629,0.677489,0.32823,0.113763,0.640893,0.36446,0.197813,0.679934,0.36159,-0.012301,0.629302,0.451824,0.209046,0.680259,0.461845,-0.058063,0.62975,0.525867,0.182225,0.68522,0.538363,-0.025956,0.626903,0.542698,0.187768,0.684924,0.558133,-0.038096,0.632801,0.542807,0.175418,0.684811,0.560232,-0.029575,0.630587,0.543423,0.176844,0.68419,0.554194,-0.021651,0.619335,0.520178,0.072417,0.641211,0.525143,-0.072526,0.634036,0.65176,0.081258,0.683493,0.631598,-0.097587,0.622915,0.782869,0.055957,0.612691,0.637174,-0.10823,0.610812,0.802898,0.0504,0.599601,0.619764,-0.107648,0.647873,0.816423,0.039146,0.600772,0.693251,-0.100874
HA_Lat_12_6.13.26,227,1314.53,578.45,0,1310.45,568.95,0.971,1314.53,578.45,0.9011,0.682039,0.315188,0.121597,0.676796,0.304859,0.128675,0.675665,0.304894,0.12858,0.674531,0.305085,0.128612,0.677639,0.304906,0.110204,0.677212,0.304907,0.110052,0.676823,0.30478,0.110029,0.66745,0.30948,0.147435,0.672064,0.308957,0.064023,0.679804,0.327423,0.131038,0.68118,0.326387,0.105931,0.641943,0.361558,0.187747,0.682343,0.360629,-0.022541,0.632799,0.452289,0.198864,0.681417,0.461465,-0.067564,0.633081,0.523352,0.181252,0.684651,0.535606,-0.034625,0.630041,0.540452,0.182296,0.684711,0.555015,-0.046365,0.633668,0.539605,0.171898,0.684315,0.557087,-0.03837,0.633189,0.540428,0.175137,0.683501,0.551305,-0.030489,0.622019,0.519173,0.072334,0.645048,0.523518,-0.072441,0.636267,0.647456,0.074286,0.687537,0.62689,-0.09772,0.623255,0.782,0.040229,0.617389,0.640196,-0.10638,0.610897,0.801726,0.033449,0.604411,0.625391,-0.106062,0.64776,0.81636,0.017532,0.610371,0.694306,-0.099755
HA_Lat_12_6.13.26,228,1313.93,563.94,0,1313.93,563.94,0.9446,1316.58,579.26,0.8849,0.684256,0.31586,0.108795,0.679843,0.304792,0.115938,0.678668,0.304504,0.115842,0.677582,0.304345,0.115875,0.680546,0.304978,0.097204,0.679878,0.304837,0.097047,0.679273,0.304577,0.097017,0.670938,0.307583,0.137127,0.673744,0.307654,0.052426,0.681207,0.327286,0.119427,0.682356,0.326275,0.09393,0.641753,0.360666,0.181064,0.683969,0.358182,-0.030133,0.6354,0.452505,0.193778,0.683367,0.461063,-0.073392,0.632662,0.522454,0.168906,0.685718,0.536353,-0.035761,0.629143,0.53804,0.169386,0.686748,0.557821,-0.046218,0.634652,0.537889,0.164009,0.686159,0.559874,-0.038437,0.634084,0.539007,0.165013,0.68513,0.553621,-0.031512,0.62559,0.518255,0.072357,0.6494,0.521636,-0.072475,0.637712,0.646481,0.074491,0.691608,0.623808,-0.094673,0.623489,0.781345,0.045998,0.623007,0.646312,-0.099074,0.610891,0.80016,0.039801,0.609679,0.633637,-0.098334,0.648275,0.816288,0.022686,0.619349,0.700569,-0.09412
HA_Lat_12_6.13.26,229,1310.04,558.6,0,1310.04,558.6,0.8228,1314.72,576.98,0.8615,0.685015,0.316251,0.103754,0.681448,0.304953,0.107548,0.680201,0.304444,0.107454,0.679094,0.304013,0.107487,0.682483,0.305293,0.087311,0.682014,0.305089,0.087143,0.681594,0.304763,0.087163,0.672862,0.306021,0.123656,0.676567,0.306935,0.035179,0.681975,0.326595,0.113387,0.683486,0.325655,0.086084,0.642635,0.356157,0.168431,0.68619,0.355528,-0.033433,0.636874,0.448034,0.162573,0.684736,0.459071,-0.073573,0.640325,0.521176,0.11363,0.684751,0.534243,-0.045351,0.637538,0.534667,0.115456,0.68434,0.552847,-0.055871,0.644249,0.534534,0.104917,0.683813,0.553199,-0.049025,0.642461,0.534882,0.108077,0.683078,0.548217,-0.041206,0.628194,0.518685,0.072321,0.652781,0.521774,-0.072457,0.638054,0.647395,0.075604,0.696952,0.620466,-0.078538,0.623751,0.779821,0.02545,0.632158,0.652706,-0.097892,0.611156,0.797948,0.016644,0.617161,0.640438,-0.099147,0.647757,0.816218,0.000685,0.632842,0.706768,-0.094171
HA_Lat_12_6.13.26,230,1315.86,574.27,0,1312.1,551.02,0.7705,1315.86,574.27,0.8185,0.688396,0.314615,0.078458,0.684624,0.302463,0.082798,0.683351,0.301826,0.082697,0.682139,0.301212,0.082737,0.685638,0.302674,0.063191,0.685166,0.302281,0.063016,0.684737,0.30173,0.06301,0.676202,0.302303,0.102049,0.679051,0.302924,0.015264,0.684908,0.324506,0.089686,0.686361,0.323419,0.063096,0.645216,0.353894,0.154755,0.687975,0.354019,-0.042939,0.643156,0.449039,0.163157,0.688567,0.460922,-0.079613,0.648599,0.52008,0.127256,0.685344,0.531731,-0.02878,0.648053,0.535425,0.130899,0.683996,0.550901,-0.035904,0.654348,0.536063,0.118669,0.683321,0.55203,-0.031868,0.654668,0.532895,0.121489,0.683093,0.545919,-0.02562,0.631027,0.518227,0.071982,0.655294,0.521371,-0.072144,0.638463,0.647666,0.09316,0.701509,0.617999,-0.04695,0.624411,0.778963,0.026294,0.641603,0.657247,-0.022273,0.611576,0.797126,0.026137,0.625346,0.649808,-0.019073,0.647361,0.816162,0.023967,0.644882,0.710666,-0.007876
HA_Lat_12_6.13.26,231,1318.0,563.0,0,1317.11,534.05,0.8673,1317.08,563.43,0.797,0.691171,0.313823,0.061423,0.687059,0.301582,0.066541,0.685615,0.300917,0.066435,0.684262,0.300308,0.066485,0.688217,0.301879,0.046245,0.687737,0.301524,0.046065,0.687274,0.301043,0.046044,0.677998,0.301484,0.089699,0.681634,0.302256,-0.000853,0.687625,0.323449,0.074194,0.689072,0.322371,0.046704,0.64739,0.354026,0.144445,0.690236,0.351941,-0.057937,0.645373,0.448993,0.150641,0.690531,0.460464,-0.080318,0.649767,0.523574,0.100061,0.68598,0.521693,-0.012533,0.651587,0.535682,0.101486,0.683198,0.534851,-0.016823,0.655576,0.535202,0.089029,0.682224,0.5355,-0.014849,0.65476,0.532915,0.093715,0.682349,0.531499,-0.009738,0.635535,0.518707,0.071745,0.659064,0.521917,-0.071925,0.640431,0.649342,0.089484,0.704541,0.616396,-0.052021,0.624975,0.778734,0.040139,0.650289,0.664125,-0.026353,0.611708,0.796928,0.03447,0.634528,0.671323,-0.023135,0.647073,0.81618,0.020758,0.655541,0.719317,-0.01327
HA_Lat_12_6.13.26,232,,,1,1311.14,540.16,0.8559,1321.52,551.93,0.7843,0.694479,0.313191,0.053685,0.69015,0.301298,0.058081,0.688626,0.300618,0.057978,0.687115,0.3,0.058028,0.691692,0.301567,0.038124,0.691331,0.30117,0.037942,0.691013,0.300664,0.037917,0.681121,0.30043,0.079442,0.685606,0.301167,-0.009801,0.690214,0.322568,0.066141,0.692289,0.32154,0.039113,0.649876,0.352577,0.134478,0.692847,0.351024,-0.065782,0.648746,0.448948,0.143067,0.697364,0.459174,-0.077306,0.649442,0.526374,0.092695,0.68829,0.511045,-0.005787,0.650793,0.538987,0.093427,0.684325,0.523541,-0.010283,0.655312,0.534705,0.08038,0.682364,0.523048,-0.01018,0.653928,0.534272,0.086141,0.68346,0.517221,-0.00379,0.637591,0.518713,0.070778,0.66241,0.522281,-0.070972,0.640301,0.649772,0.07767,0.709874,0.616465,-0.057735,0.624756,0.778724,0.034544,0.658292,0.682008,-0.029889,0.611991,0.796672,0.027972,0.642918,0.693722,-0.026685,0.646894,0.816319,0.012386,0.669914,0.73087,-0.020246
HA_Lat_12_6.13.26,233,,,1,1321.56,520.76,0.8234,1324.01,542.5,0.7556,0.69673,0.313262,0.041929,0.692525,0.301185,0.046018,0.691083,0.300382,0.045933,0.689679,0.299657,0.045983,0.693978,0.301581,0.024872,0.693638,0.301161,0.024656,0.693332,0.300637,0.024601,0.683936,0.300235,0.069385,0.688111,0.301185,-0.026136,0.693034,0.322635,0.055456,0.694894,0.321819,0.026702,0.654272,0.351718,0.130425,0.695857,0.351148,-0.08395,0.659883,0.413199,0.160448,0.700306,0.458934,-0.079663,0.667333,0.394868,0.172973,0.68959,0.502314,-0.014441,0.667821,0.390127,0.180519,0.685751,0.511409,-0.017933,0.670057,0.382255,0.172076,0.682879,0.509152,-0.018657,0.671658,0.383429,0.169034,0.684264,0.505409,-0.012356,0.642291,0.518133,0.071297,0.667209,0.522122,-0.071499,0.641609,0.649731,0.069023,0.713545,0.617408,-0.053829,0.624951,0.778423,0.026829,0.668225,0.708145,-0.042382,0.613025,0.794322,0.020648,0.65484,0.724236,-0.039145,0.646851,0.816122,-0.001247,0.688499,0.749756,-0.02849
HA_Lat_12_6.13.26,234,,,1,1320.72,519.72,0.8364,1329.25,531.36,0.7322,0.698441,0.312858,0.051393,0.694102,0.301076,0.05602,0.692627,0.300362,0.055932,0.691223,0.299738,0.055982,0.695557,0.301349,0.035915,0.695275,0.300901,0.035714,0.695059,0.300337,0.035669,0.685354,0.300649,0.075817,0.690165,0.300751,-0.014954,0.695047,0.322194,0.063882,0.697021,0.321297,0.036533,0.656834,0.352593,0.127614,0.698073,0.350382,-0.076699,0.657149,0.418519,0.149816,0.703451,0.455327,-0.068965,0.665549,0.433888,0.127732,0.692318,0.492002,0.015187,0.666865,0.43694,0.132061,0.688246,0.496949,0.014824,0.669893,0.433802,0.12054,0.68514,0.493879,0.012149,0.670894,0.440732,0.121822,0.685896,0.491211,0.016557,0.644728,0.518215,0.068386,0.670199,0.52146,-0.068589,0.643175,0.649835,0.057173,0.715744,0.619354,-0.05671,0.62635,0.778098,0.003037,0.678408,0.725921,-0.045355,0.614533,0.794042,-0.004384,0.665212,0.741656,-0.042326,0.646651,0.816158,-0.023019,0.702399,0.761913,-0.047911
HA_Lat_12_6.13.26,235,,,1,1323.52,512.46,0.8131,1336.5,520.27,0.6989,0.702208,0.311235,0.04922,0.697728,0.299739,0.051828,0.696363,0.299117,0.051748,0.695023,0.298599,0.051809,0.699072,0.299974,0.031516,0.698791,0.299596,0.031299,0.698606,0.299113,0.031257,0.689179,0.299973,0.067561,0.693889,0.299985,-0.02382,0.698886,0.320829,0.060461,0.700693,0.320153,0.032906,0.659072,0.352665,0.120709,0.701409,0.350292,-0.078609,0.658106,0.423967,0.155048,0.708007,0.454837,-0.051412,0.666924,0.457037,0.155341,0.696096,0.481735,0.073148,0.669266,0.464883,0.165111,0.691666,0.488431,0.07924,0.672029,0.462588,0.153049,0.6892,0.482778,0.076456,0.672652,0.462638,0.15001,0.68903,0.480485,0.075601,0.647512,0.518405,0.067558,0.672963,0.521462,-0.067739,0.645023,0.649871,0.055539,0.719568,0.621864,-0.056657,0.626799,0.777782,0.006616,0.688488,0.743047,-0.049599,0.614776,0.793478,5e-05,0.677533,0.761719,-0.046422,0.646509,0.816137,-0.016296,0.717314,0.771915,-0.049962
HA_Lat_12_6.13.26,236,,,1,1334.05,506.18,0.7884,1344.41,507.77,0.6721,0.705363,0.308893,0.034037,0.700901,0.297791,0.03536,0.699571,0.297149,0.035278,0.698286,0.296607,0.035345,0.702274,0.298299,0.014415,0.702015,0.298061,0.014192,0.701842,0.297726,0.014144,0.692606,0.298598,0.049088,0.697154,0.29936,-0.044784,0.702069,0.318999,0.044791,0.703856,0.318487,0.016448,0.662131,0.351619,0.106084,0.704272,0.350816,-0.096484,0.661289,0.420399,0.157998,0.710846,0.454529,-0.0643,0.673572,0.450699,0.178103,0.700214,0.470157,0.048856,0.676478,0.458601,0.191399,0.697182,0.476867,0.053778,0.678928,0.456937,0.177227,0.693722,0.469205,0.053639,0.67959,0.453733,0.17251,0.694019,0.467666,0.052282,0.651579,0.518855,0.06664,0.677131,0.521996,-0.066807,0.646198,0.650012,0.053998,0.720948,0.623707,-0.04564,0.627024,0.776562,0.010391,0.701669,0.757907,-0.03831,0.614651,0.792531,0.004467,0.691344,0.782314,-0.036761,0.646382,0.816109,-0.013067,0.730121,0.778369,-0.04454
HA_Lat_12_6.13.26,237,,,1,1332.5,506.64,0.7496,1348.71,501.84,0.616,0.709694,0.309763,0.042466,0.705854,0.29865,0.044807,0.704619,0.298053,0.044716,0.703444,0.297543,0.044775,0.706737,0.299079,0.024106,0.706247,0.298825,0.023888,0.705814,0.298465,0.023832,0.696527,0.299507,0.060342,0.699983,0.300017,-0.033406,0.706304,0.319906,0.053507,0.707701,0.319351,0.025401,0.665449,0.35262,0.116272,0.707237,0.351629,-0.087825,0.663039,0.420643,0.194899,0.716109,0.454516,-0.053997,0.679462,0.452147,0.261918,0.702455,0.464663,0.08454,0.68408,0.456967,0.282271,0.699849,0.467339,0.093294,0.686544,0.454928,0.268362,0.697849,0.458928,0.094793,0.686328,0.452243,0.257458,0.698106,0.458338,0.088987,0.65534,0.519227,0.066643,0.679469,0.522319,-0.066794,0.648883,0.650154,0.050813,0.722358,0.624927,-0.050326,0.627424,0.776367,0.00805,0.714528,0.769665,-0.043457,0.615016,0.791459,0.002592,0.707443,0.797182,-0.039721,0.646282,0.816085,-0.019085,0.749423,0.783606,-0.061244
HA_Lat_12_6.13.26,238,,,1,1340.32,495.04,0.8275,1357.26,502.23,0.5684,0.713462,0.310302,0.045972,0.71005,0.29917,0.047935,0.70879,0.298586,0.047837,0.707581,0.298076,0.047889,0.710963,0.299559,0.027748,0.710516,0.29929,0.027525,0.710109,0.298904,0.027466,0.700278,0.299872,0.061706,0.704316,0.30032,-0.029482,0.709703,0.320392,0.056634,0.711281,0.319869,0.029093,0.668045,0.353277,0.118039,0.711217,0.352286,-0.082672,0.665071,0.4243,0.209399,0.719767,0.454596,-0.042648,0.681915,0.448083,0.292823,0.706907,0.465032,0.098254,0.686719,0.449473,0.314868,0.703258,0.467875,0.107888,0.689459,0.446602,0.301492,0.701582,0.463816,0.10796,0.689144,0.445173,0.288988,0.701954,0.462291,0.102136,0.658598,0.519432,0.066349,0.684548,0.522725,-0.066479,0.65134,0.650185,0.050035,0.723769,0.630821,-0.046116,0.627494,0.77597,0.012934,0.724838,0.777805,-0.043104,0.615003,0.790264,0.008178,0.718609,0.805379,-0.041132,0.646195,0.816073,-0.012577,0.760328,0.784281,-0.060671
HA_Lat_12_6.13.26,239,,,1,1352.84,486.5,0.805,1367.9,496.21,0.5292,0.716174,0.310682,0.049045,0.713243,0.299662,0.050748,0.712031,0.299135,0.050646,0.710839,0.298673,0.050693,0.714136,0.300025,0.030906,0.713705,0.299794,0.030683,0.713311,0.299435,0.03062,0.703494,0.300537,0.061245,0.707527,0.300954,-0.028127,0.712289,0.32092,0.059087,0.713778,0.320354,0.031968,0.670898,0.35378,0.115895,0.713887,0.352677,-0.080256,0.669143,0.427978,0.207821,0.723363,0.455117,-0.043617,0.686957,0.442132,0.289465,0.712448,0.459455,0.093453,0.691628,0.441255,0.31164,0.71132,0.458222,0.102279,0.69438,0.438073,0.299133,0.708204,0.450835,0.103414,0.694061,0.4375,0.286013,0.707999,0.451845,0.097659,0.662449,0.519749,0.06503,0.688246,0.523031,-0.065147,0.653552,0.650238,0.047386,0.725114,0.639855,-0.038623,0.627421,0.775393,0.007304,0.734786,0.783161,-0.036137,0.615174,0.789911,0.002432,0.729407,0.809787,-0.034993,0.645453,0.816036,-0.017783,0.769679,0.782084,-0.052924
HA_Lat_12_6.13.26,240,,,1,1360.58,477.6,0.6379,1374.07,495.56,0.5025,0.720009,0.311092,0.025387,0.717262,0.30002,0.025087,0.716127,0.299461,0.024982,0.714973,0.298955,0.025033,0.71806,0.300366,0.006088,0.717634,0.300103,0.005851,0.717251,0.299716,0.00577,0.707368,0.300673,0.035325,0.711269,0.301314,-0.050484,0.715986,0.321264,0.035341,0.717306,0.320715,0.009306,0.675444,0.354179,0.09574,0.717181,0.352941,-0.093075,0.672991,0.429548,0.19773,0.726929,0.456211,-0.054579,0.689155,0.438751,0.264136,0.71566,0.458853,0.070252,0.69274,0.438984,0.285049,0.714771,0.456615,0.077535,0.695145,0.435341,0.271869,0.711311,0.447975,0.07828,0.69545,0.434409,0.260472,0.711129,0.44924,0.074209,0.667051,0.522006,0.063572,0.693244,0.52557,-0.063691,0.654658,0.65205,0.052573,0.727099,0.648343,-0.036271,0.627531,0.775391,0.020353,0.742124,0.785525,-0.024609,0.61527,0.789668,0.015859,0.73778,0.812509,-0.022703,0.644431,0.815999,-0.003151,0.775702,0.779701,-0.037338
HA_Lat_12_6.13.26,241,,,1,1394.41,466.04,0.6436,1395.82,472.51,0.4726,0.723553,0.311151,0.039377,0.719652,0.30015,0.031304,0.718347,0.299499,0.031168,0.717104,0.299066,0.031183,0.720693,0.300787,0.011962,0.720276,0.300646,0.011674,0.719897,0.300396,0.011557,0.710023,0.300943,0.05218,0.713817,0.30212,-0.034868,0.719832,0.321295,0.041284,0.721268,0.321054,0.014596,0.678257,0.355237,0.107656,0.720683,0.354867,-0.092584,0.677537,0.433064,0.203806,0.731176,0.457869,-0.046576,0.698433,0.43196,0.290237,0.726991,0.437513,0.08596,0.702583,0.42759,0.312663,0.728715,0.423848,0.093384,0.706089,0.413874,0.301521,0.724418,0.418086,0.095863,0.70564,0.420703,0.287441,0.723191,0.425113,0.09031,0.670741,0.525807,0.062312,0.697791,0.529516,-0.062411,0.656901,0.65382,0.051002,0.728996,0.655231,-0.032553,0.628101,0.775264,0.015992,0.745744,0.78883,-0.022772,0.615674,0.78876,0.011765,0.742539,0.814497,-0.021029,0.64423,0.816028,-0.004437,0.778284,0.779768,-0.032836
HA_Lat_12_6.13.26,242,,,1,1402.75,450.61,0.809,1399.75,463.74,0.4384,0.725502,0.311327,0.039402,0.720998,0.300194,0.03666,0.719613,0.29961,0.036541,0.718345,0.299236,0.036567,0.722246,0.301088,0.017529,0.721797,0.301059,0.017289,0.721416,0.300916,0.017207,0.711347,0.301223,0.046417,0.715317,0.303233,-0.039491,0.721844,0.321459,0.045465,0.723319,0.321423,0.019249,0.679912,0.358453,0.100082,0.723481,0.358534,-0.088201,0.681416,0.436051,0.200229,0.733669,0.460515,-0.05205,0.702655,0.426964,0.291749,0.729035,0.42939,0.075149,0.707535,0.414338,0.314836,0.729584,0.413469,0.082769,0.710905,0.411263,0.303126,0.725895,0.411627,0.084176,0.710438,0.415181,0.288976,0.725051,0.416444,0.079,0.675011,0.529738,0.061311,0.701788,0.533126,-0.061417,0.660458,0.655037,0.045762,0.73248,0.659435,-0.031912,0.628875,0.774847,0.006809,0.74786,0.791191,-0.022208,0.61588,0.786751,0.002322,0.743998,0.817209,-0.020492,0.644028,0.815978,-0.013819,0.780394,0.785476,-0.031287
HA_Lat_12_6.13.26,243,,,1,1401.12,454.82,0.745,1407.2,457.5,0.4042,0.729405,0.312573,0.043075,0.724972,0.301831,0.04259,0.723624,0.301227,0.042477,0.722305,0.300803,0.042509,0.726139,0.302995,0.02344,0.725741,0.303117,0.023216,0.725395,0.30318,0.023146,0.715015,0.303325,0.04927,0.719232,0.306118,-0.03545,0.726205,0.323057,0.050887,0.727547,0.32333,0.02468,0.683914,0.361896,0.099946,0.72684,0.362047,-0.085257,0.684536,0.441049,0.19732,0.737141,0.462276,-0.046873,0.704689,0.425393,0.287843,0.732916,0.423608,0.0855,0.70878,0.417771,0.309818,0.731528,0.408584,0.094143,0.711346,0.405105,0.299603,0.728158,0.402947,0.095332,0.711135,0.408323,0.285509,0.727616,0.407671,0.089207,0.679775,0.533647,0.060034,0.706156,0.536795,-0.06014,0.663739,0.656197,0.046236,0.736338,0.661916,-0.013972,0.62931,0.774456,0.000519,0.748535,0.791706,-0.001213,0.616668,0.785954,-0.004681,0.744006,0.818244,0.000722,0.643983,0.815894,-0.020297,0.783892,0.793374,-0.00857
HA_Lat_12_6.13.26,244,,,1,1410.43,464.52,0.6872,1411.09,461.01,0.3699,0.733286,0.315139,0.045268,0.728931,0.304416,0.044619,0.727589,0.303702,0.044515,0.726275,0.303115,0.044562,0.730034,0.305887,0.025314,0.729617,0.306142,0.0251,0.729251,0.306344,0.025038,0.71886,0.305397,0.053712,0.722946,0.308964,-0.032262,0.73001,0.325847,0.052665,0.731343,0.326247,0.026291,0.686637,0.365156,0.103311,0.730184,0.364587,-0.082881,0.688574,0.4459,0.20374,0.740334,0.463758,-0.036873,0.709887,0.431104,0.306609,0.73494,0.42686,0.104929,0.714585,0.426087,0.331189,0.734719,0.416142,0.116018,0.718221,0.413372,0.31976,0.730431,0.40941,0.118076,0.717964,0.416488,0.304007,0.728505,0.41157,0.109221,0.68442,0.537017,0.059285,0.711558,0.540012,-0.059391,0.667252,0.656992,0.049294,0.739724,0.663059,-0.004592,0.6309,0.773611,0.004795,0.751136,0.792614,0.018003,0.618648,0.784245,-0.00032,0.745817,0.818685,0.020782,0.64353,0.815824,-0.01642,0.784233,0.801524,0.011388
HA_Lat_12_6.13.26,245,,,1,1429.34,451.05,0.7715,1414.44,465.67,0.35,0.736469,0.318927,0.045724,0.73213,0.307242,0.045715,0.730943,0.306502,0.045609,0.72974,0.30587,0.045654,0.73305,0.308802,0.025831,0.732596,0.309105,0.025621,0.732189,0.309406,0.025568,0.722367,0.30813,0.054982,0.725998,0.311923,-0.034865,0.73349,0.329663,0.053924,0.734738,0.33042,0.026912,0.691242,0.369071,0.103061,0.732587,0.367591,-0.081397,0.692125,0.455036,0.1801,0.745448,0.465252,-0.04318,0.708402,0.450177,0.252375,0.736689,0.431178,0.087482,0.712461,0.445823,0.273391,0.734055,0.419604,0.095897,0.714877,0.439219,0.266539,0.731191,0.412538,0.096708,0.714694,0.438037,0.250076,0.730855,0.416235,0.0911,0.690404,0.538694,0.058654,0.716405,0.540644,-0.058773,0.671611,0.658983,0.043307,0.743382,0.662588,-0.006823,0.632513,0.772064,-0.00975,0.754006,0.792256,0.008251,0.619729,0.782113,-0.015682,0.746356,0.816947,0.010265,0.643736,0.81585,-0.033154,0.7861,0.808776,-6e-06
HA_Lat_12_6.13.26,246,,,1,1432.27,447.74,0.7308,1421.79,473.98,0.3294,0.739786,0.31993,0.046898,0.735325,0.308381,0.047258,0.734149,0.307735,0.04715,0.732934,0.307198,0.047191,0.736265,0.309793,0.027469,0.735867,0.310085,0.02726,0.735522,0.310378,0.027206,0.725784,0.310076,0.056223,0.729788,0.313229,-0.033152,0.737299,0.330776,0.055407,0.738401,0.331491,0.028512,0.695287,0.372891,0.10377,0.735409,0.369997,-0.080868,0.695531,0.460331,0.178204,0.751142,0.465946,-0.043215,0.71245,0.451575,0.242831,0.740516,0.438866,0.085065,0.716672,0.449399,0.260735,0.737665,0.428116,0.093086,0.718671,0.443307,0.250459,0.736611,0.421808,0.093085,0.718316,0.442568,0.239346,0.73438,0.424864,0.088396,0.695313,0.539445,0.059041,0.720663,0.540949,-0.059157,0.677064,0.660594,0.046355,0.748352,0.661834,-0.017392,0.635737,0.768234,-0.001472,0.755553,0.791559,-0.007493,0.621626,0.775338,-0.009821,0.747403,0.815956,-0.005605,0.645547,0.815661,-0.016984,0.786548,0.810541,-0.014066
HA_Lat_12_6.13.26,247,,,1,1419.1,473.22,0.7318,1423.99,475.55,0.3078,0.743213,0.321799,0.047662,0.738889,0.310434,0.048289,0.737736,0.309877,0.04818,0.736583,0.309395,0.04822,0.739578,0.311638,0.028517,0.739013,0.311894,0.02831,0.738508,0.312134,0.028255,0.729009,0.31253,0.058085,0.731879,0.314999,-0.031277,0.740851,0.332667,0.056423,0.741635,0.333484,0.029581,0.69658,0.376543,0.106191,0.737836,0.371496,-0.078074,0.699903,0.463385,0.176076,0.755407,0.466105,-0.039124,0.717735,0.453,0.233466,0.74166,0.440328,0.091152,0.722339,0.451025,0.24919,0.739799,0.42572,0.099333,0.72402,0.444497,0.242746,0.737243,0.423232,0.09874,0.723362,0.444048,0.230863,0.736738,0.426448,0.09426,0.699315,0.540341,0.059423,0.723573,0.541021,-0.059539,0.682977,0.6628,0.048166,0.752833,0.661498,-0.024494,0.64028,0.764098,0.018772,0.755868,0.792559,-0.009474,0.62498,0.768947,0.015449,0.748073,0.815648,-0.005979,0.646593,0.815526,0.010588,0.787109,0.811016,-0.025205
HA_Lat_12_6.13.26,248,,,1,1443.81,462.62,0.7831,1427.51,469.53,0.2816,0.745216,0.324426,0.060839,0.741452,0.31309,0.060769,0.740351,0.31253,0.060675,0.739242,0.311999,0.060718,0.742124,0.314118,0.041656,0.741646,0.314276,0.041469,0.741213,0.314422,0.041416,0.731673,0.314557,0.068043,0.735022,0.31691,-0.017675,0.742737,0.334766,0.068764,0.743719,0.33565,0.042889,0.700635,0.376258,0.108448,0.741986,0.372522,-0.066261,0.702702,0.464026,0.142757,0.760411,0.466238,-0.03196,0.715435,0.485469,0.13587,0.743496,0.434749,0.102687,0.719813,0.491508,0.143792,0.741322,0.420672,0.112666,0.721041,0.488417,0.136832,0.739595,0.41472,0.112401,0.719902,0.483819,0.132372,0.739639,0.418701,0.106209,0.703014,0.541605,0.058349,0.728661,0.54152,-0.058486,0.689465,0.664804,0.0461,0.757262,0.661549,-0.028304,0.644064,0.760999,0.005093,0.755818,0.794462,-0.040522,0.628098,0.763714,0.001147,0.747733,0.8176,-0.041185,0.648804,0.81533,-0.002038,0.786077,0.811272,-0.055617
HA_Lat_12_6.13.26,249,,,1,1437.26,499.2,0.7402,1439.71,468.84,0.2567,0.748379,0.325052,0.065475,0.74458,0.31389,0.06587,0.743398,0.313409,0.065779,0.742172,0.312926,0.065824,0.745242,0.314732,0.046346,0.744697,0.314851,0.046167,0.744187,0.314953,0.04612,0.734293,0.315469,0.074507,0.737607,0.31752,-0.01282,0.745561,0.335582,0.07385,0.746539,0.336244,0.047472,0.703642,0.377863,0.109915,0.744541,0.373346,-0.063013,0.706274,0.466808,0.133742,0.764179,0.466124,-0.032343,0.719649,0.502218,0.111555,0.749847,0.434108,0.10212,0.724601,0.510363,0.117584,0.746595,0.422317,0.111658,0.725633,0.507912,0.109604,0.743417,0.412459,0.111555,0.72405,0.502701,0.107324,0.743759,0.416346,0.105675,0.706132,0.542507,0.057889,0.732101,0.541474,-0.058037,0.696607,0.666683,0.042319,0.760727,0.662489,-0.030369,0.648435,0.759199,-0.001689,0.756677,0.794782,-0.045924,0.632572,0.758059,-0.005891,0.748186,0.818564,-0.04664,0.649996,0.815246,-0.012056,0.786654,0.81044,-0.060243
HA_Lat_12_6.13.26,250,,,1,1444.13,486.63,0.7784,1448.31,448.85,0.2357,0.752183,0.325326,0.063058,0.748189,0.314144,0.061327,0.74703,0.313666,0.061236,0.745861,0.313196,0.061279,0.748855,0.31492,0.042337,0.748336,0.314997,0.042179,0.747869,0.315056,0.042141,0.738114,0.315771,0.0649,0.741418,0.317689,-0.019619,0.749242,0.335982,0.069451,0.750182,0.336604,0.044014,0.706437,0.377158,0.097378,0.747353,0.373448,-0.068671,0.706131,0.46731,0.115526,0.767595,0.465793,-0.037775,0.724239,0.51365,0.092289,0.754326,0.415603,0.085946,0.730152,0.523333,0.098768,0.750911,0.401291,0.091996,0.731627,0.521188,0.0892,0.748863,0.393748,0.092898,0.729711,0.515666,0.087596,0.749089,0.397263,0.089495,0.709671,0.542917,0.056679,0.735224,0.541557,-0.056851,0.703942,0.667562,0.037239,0.763003,0.662654,-0.031852,0.654134,0.757693,-0.015366,0.7569,0.795252,-0.045699,0.637908,0.754632,-0.020529,0.746972,0.818439,-0.045534,0.651479,0.815238,-0.03081,0.786388,0.812529,-0.055798
HA_Lat_12_6.13.26,251,,,1,1451.56,480.74,0.5962,1454.39,446.05,0.2193,0.754391,0.325049,0.041403,0.750604,0.313979,0.038035,0.749414,0.313472,0.037932,0.748198,0.312976,0.037961,0.751464,0.314776,0.019614,0.751049,0.314836,0.019426,0.750667,0.31487,0.019388,0.740448,0.315499,0.038763,0.74441,0.31745,-0.043259,0.751258,0.335658,0.04712,0.752404,0.33623,0.022443,0.710396,0.376227,0.078447,0.750916,0.37345,-0.084576,0.714812,0.462052,0.108501,0.772017,0.465514,-0.063975,0.729834,0.455653,0.104597,0.757493,0.413008,0.044291,0.734575,0.451823,0.109946,0.754341,0.398195,0.048392,0.735384,0.451182,0.101972,0.752295,0.391192,0.044292,0.734597,0.450841,0.100444,0.752268,0.398423,0.045179,0.71405,0.543103,0.05551,0.740318,0.541888,-0.055699,0.71128,0.668737,0.015057,0.763451,0.664862,-0.029538,0.659738,0.755302,-0.040646,0.757096,0.796308,-0.042343,0.643812,0.750116,-0.04656,0.747517,0.817987,-0.043514,0.655566,0.814474,-0.063808,0.785525,0.814986,-0.052229
HA_Lat_12_6.13.26,252,,,1,1462.91,481.43,0.6018,1462.96,445.99,0.2051,0.756746,0.324698,0.016649,0.752668,0.313863,0.01477,0.751396,0.31336,0.014658,0.750083,0.312858,0.014683,0.753763,0.31464,-0.004831,0.753434,0.314688,-0.005032,0.753132,0.314702,-0.005076,0.74274,0.315329,0.021883,0.747239,0.317214,-0.065139,0.753501,0.335337,0.024799,0.754855,0.335959,-0.001392,0.714313,0.375491,0.068348,0.753272,0.373292,-0.104546,0.720232,0.448814,0.100604,0.775504,0.465437,-0.087674,0.737519,0.41579,0.091397,0.761958,0.412955,0.017612,0.742456,0.406885,0.094568,0.760023,0.398528,0.020565,0.74282,0.404622,0.086336,0.757673,0.394235,0.016485,0.74213,0.406415,0.086668,0.756356,0.399224,0.018408,0.718694,0.542807,0.055521,0.743335,0.541874,-0.055705,0.718555,0.668954,0.006489,0.76475,0.665571,-0.027978,0.665872,0.751805,-0.047248,0.756034,0.79602,-0.032742,0.649734,0.747343,-0.053169,0.747064,0.817864,-0.033257,0.66296,0.813468,-0.074353,0.785374,0.815677,-0.052057
HA_Lat_12_6.13.26,253,,,1,1488.46,480.8,0.66,1466.9,446.29,0.1901,0.760187,0.323939,0.014529,0.756279,0.313703,0.013267,0.755147,0.313155,0.013166,0.753972,0.312589,0.013203,0.75704,0.314602,-0.005508,0.756612,0.314597,-0.005699,0.756221,0.314571,-0.005749,0.74625,0.315234,0.022682,0.749957,0.31703,-0.060972,0.757013,0.33451,0.023482,0.758062,0.335305,-0.001765,0.717831,0.374445,0.066785,0.756354,0.373122,-0.102872,0.72346,0.448088,0.08618,0.778666,0.465096,-0.084816,0.738314,0.43064,0.056703,0.76401,0.413234,0.025425,0.743253,0.426089,0.058823,0.76063,0.397579,0.030106,0.743234,0.421931,0.051451,0.758275,0.391183,0.027572,0.742046,0.423814,0.052341,0.758195,0.398154,0.027236,0.721627,0.5425,0.0549,0.747068,0.541713,-0.055089,0.725321,0.668618,0.014284,0.766294,0.666606,-0.02918,0.672598,0.748299,-0.03423,0.756253,0.797647,-0.039364,0.65677,0.746185,-0.039339,0.747309,0.818605,-0.040065,0.672028,0.812088,-0.05453,0.785845,0.815878,-0.058831
HA_Lat_12_6.13.26,254,,,1,1484.05,473.27,0.691,1480.02,451.44,0.1755,0.762633,0.323515,0.025498,0.75894,0.313599,0.02522,0.757759,0.313015,0.025118,0.756465,0.312394,0.025155,0.759686,0.314522,0.006149,0.759242,0.314521,0.005953,0.758813,0.314477,0.005902,0.748583,0.315024,0.034755,0.752391,0.316929,-0.050531,0.759385,0.333811,0.034458,0.760428,0.334627,0.008713,0.719497,0.374289,0.080251,0.75909,0.372822,-0.096182,0.725794,0.448141,0.114642,0.781623,0.464739,-0.079427,0.744241,0.430429,0.108791,0.770843,0.417997,0.03262,0.750133,0.424659,0.114587,0.768132,0.404052,0.036638,0.750841,0.421051,0.106138,0.765164,0.397721,0.037212,0.749604,0.422394,0.104454,0.765283,0.404733,0.03575,0.724185,0.542077,0.055026,0.749754,0.541604,-0.0552,0.732661,0.668183,0.012178,0.766695,0.667051,-0.052376,0.679419,0.746096,-0.041246,0.756905,0.797635,-0.068097,0.663334,0.74512,-0.046942,0.747528,0.818018,-0.068923,0.679937,0.810245,-0.063724,0.786039,0.816868,-0.088376
HA_Lat_12_6.13.26,255,,,1,1483.43,462.29,0.638,1481.39,449.17,0.1617,0.765271,0.322221,0.022156,0.761553,0.312705,0.021503,0.760423,0.312089,0.021395,0.759233,0.31144,0.021425,0.762202,0.313812,0.002149,0.761734,0.313918,0.001948,0.761309,0.313964,0.001904,0.751205,0.314531,0.032189,0.754785,0.316661,-0.054397,0.762166,0.332337,0.031538,0.763167,0.333392,0.005451,0.722622,0.373261,0.082449,0.762092,0.372567,-0.098178,0.727886,0.447502,0.122193,0.784417,0.463268,-0.07887,0.744416,0.425511,0.121996,0.771557,0.415901,0.032469,0.749665,0.419656,0.12831,0.769155,0.40249,0.036383,0.750529,0.416759,0.119184,0.766207,0.395872,0.034623,0.749622,0.417835,0.117455,0.765032,0.400212,0.034527,0.726544,0.541713,0.057054,0.752378,0.541352,-0.057221,0.740435,0.668069,0.021048,0.766226,0.667195,-0.059531,0.686065,0.743348,-0.026262,0.757263,0.79698,-0.066471,0.670839,0.743031,-0.031842,0.747126,0.817034,-0.066427,0.688825,0.809796,-0.047066,0.785992,0.817948,-0.087071
HA_Lat_12_6.13.26,256,,,1,1484.03,466.5,0.5877,1487.63,441.59,0.1482,0.768027,0.321137,0.01449,0.764213,0.311569,0.013093,0.762997,0.310875,0.012996,0.761724,0.31016,0.013031,0.764992,0.312718,-0.005468,0.764553,0.312813,-0.005666,0.764147,0.312837,-0.005716,0.753923,0.313217,0.023754,0.757902,0.31556,-0.059488,0.764847,0.331289,0.023985,0.765953,0.332302,-0.001138,0.724246,0.37178,0.071378,0.765171,0.372542,-0.103154,0.727296,0.447076,0.100234,0.788256,0.46178,-0.084868,0.745029,0.423375,0.083133,0.774806,0.408883,0.023647,0.750955,0.418005,0.086375,0.772678,0.395023,0.027095,0.751691,0.414539,0.077764,0.769511,0.389004,0.024309,0.750367,0.415028,0.078409,0.769269,0.392743,0.025133,0.728554,0.541471,0.057187,0.754581,0.5412,-0.057354,0.745583,0.666864,0.024607,0.76673,0.667633,-0.063064,0.695149,0.743068,-0.005425,0.757066,0.797529,-0.070409,0.679881,0.742624,-0.008746,0.746577,0.817236,-0.070541,0.697565,0.809769,-0.021766,0.786334,0.818835,-0.090843
HA_Lat_12_6.13.26,257,,,1,1493.05,454.67,0.5745,1490.83,443.4,0.1357,0.770663,0.319792,0.019859,0.766752,0.310232,0.019519,0.765598,0.309524,0.019407,0.764395,0.308835,0.019436,0.767442,0.31155,0.000375,0.766982,0.311732,0.000157,0.76655,0.311839,9.4e-05,0.756605,0.31223,0.030523,0.760344,0.314781,-0.055313,0.767603,0.329927,0.029621,0.768683,0.331,0.003724,0.727125,0.370625,0.079,0.767822,0.371845,-0.09873,0.729234,0.447983,0.097242,0.791184,0.460032,-0.08245,0.747009,0.43217,0.064106,0.776475,0.410559,0.04136,0.753039,0.431321,0.066846,0.772649,0.396782,0.048426,0.753839,0.427967,0.058589,0.771068,0.388141,0.045943,0.752239,0.425128,0.059389,0.771106,0.394767,0.043342,0.731237,0.541432,0.05725,0.756795,0.540733,-0.057416,0.750006,0.664903,0.028322,0.7677,0.667366,-0.068323,0.701849,0.742389,-0.005215,0.756879,0.797232,-0.091794,0.6869,0.742976,-0.008539,0.74668,0.816441,-0.093635,0.704807,0.809361,-0.019181,0.78712,0.818671,-0.112006
HA_Lat_12_6.13.26,258,,,1,1493.07,459.48,0.6222,1495.71,438.93,0.1271,0.773244,0.319,0.015897,0.769489,0.30931,0.015106,0.768331,0.308602,0.015002,0.767116,0.307916,0.015044,0.77019,0.310638,-0.004136,0.769717,0.310829,-0.00433,0.769272,0.310946,-0.004378,0.759256,0.311295,0.026236,0.76277,0.31398,-0.060209,0.769948,0.32912,0.025495,0.771025,0.33026,-0.00059,0.72847,0.36892,0.072495,0.770292,0.370563,-0.104791,0.731567,0.448191,0.091791,0.793479,0.45755,-0.082853,0.748841,0.436008,0.063474,0.779013,0.406413,0.036098,0.754329,0.435064,0.066875,0.774708,0.392157,0.04166,0.755213,0.431563,0.058192,0.771967,0.385009,0.03919,0.753931,0.429762,0.05874,0.772148,0.389275,0.038034,0.73385,0.541309,0.057797,0.759162,0.540691,-0.057957,0.75288,0.662024,0.058462,0.769624,0.667261,-0.061529,0.710492,0.742346,0.027762,0.757203,0.796477,-0.078259,0.696022,0.742915,0.024214,0.747168,0.815367,-0.079579,0.713885,0.809084,0.015159,0.787705,0.818056,-0.097625
HA_Lat_12_6.13.26,259,,,1,1500.56,458.58,0.6258,1500.2,437.57,0.1177,0.777057,0.318442,0.015559,0.773663,0.308368,0.013844,0.772604,0.307561,0.013739,0.771487,0.306781,0.013783,0.77414,0.309798,-0.005365,0.773616,0.309991,-0.005534,0.773116,0.310109,-0.005569,0.763168,0.309621,0.020387,0.766269,0.31279,-0.065855,0.773488,0.32825,0.02372,0.774443,0.329625,-0.002335,0.7311,0.367255,0.062572,0.772825,0.369614,-0.112676,0.734335,0.448213,0.072682,0.796158,0.455475,-0.08626,0.748706,0.475893,0.03468,0.781354,0.405155,0.03681,0.753789,0.486789,0.038332,0.778593,0.391206,0.042732,0.755075,0.484249,0.028728,0.775437,0.384582,0.041285,0.753775,0.478676,0.029778,0.775438,0.388312,0.039376,0.736573,0.541228,0.058653,0.761869,0.540568,-0.058811,0.757358,0.659199,0.076236,0.771287,0.66701,-0.058836,0.717991,0.743159,0.040004,0.757505,0.796857,-0.082767,0.704313,0.744334,0.035589,0.747378,0.816295,-0.085376,0.723759,0.807352,0.026346,0.787886,0.818135,-0.106342
HA_Lat_12_6.13.26,260,,,1,1501.56,456.87,0.6539,1509.39,442.51,0.1072,0.779525,0.317924,0.020865,0.77564,0.30756,0.019559,0.774674,0.306701,0.019458,0.773718,0.305887,0.019503,0.775881,0.309107,0.00035,0.775274,0.309344,0.000172,0.774711,0.3095,0.000135,0.765706,0.308843,0.025606,0.768359,0.312164,-0.060752,0.776523,0.327621,0.029104,0.777219,0.32913,0.003046,0.734221,0.366471,0.067771,0.776154,0.367747,-0.110114,0.73669,0.445724,0.089037,0.798248,0.454612,-0.082747,0.755484,0.47127,0.070189,0.78614,0.409734,0.04213,0.761518,0.482827,0.076484,0.783904,0.39152,0.050262,0.762874,0.478988,0.0665,0.779575,0.390485,0.049625,0.761538,0.472362,0.065424,0.779696,0.39414,0.045196,0.738882,0.540558,0.060385,0.764094,0.540202,-0.060532,0.762475,0.65466,0.082667,0.772993,0.666621,-0.065401,0.724653,0.744094,0.05124,0.758256,0.796452,-0.09461,0.711609,0.746345,0.04752,0.748157,0.815286,-0.097459,0.732449,0.802604,0.039214,0.787349,0.817862,-0.12051
HA_Lat_12_6.13.26,261,,,1,1507.49,449.22,0.6686,1513.47,444.19,0.0982,0.782318,0.31708,0.011969,0.778738,0.306677,0.007931,0.777656,0.30578,0.007832,0.776529,0.304889,0.007878,0.779147,0.308191,-0.009861,0.778521,0.308384,-0.010037,0.77792,0.308472,-0.010073,0.768765,0.307575,0.00747,0.771387,0.310812,-0.072463,0.779178,0.327048,0.018048,0.779986,0.328559,-0.006242,0.736458,0.364948,0.046906,0.779024,0.367019,-0.115492,0.736126,0.444542,0.079762,0.801009,0.4542,-0.0882,0.756801,0.451832,0.078273,0.788263,0.411287,0.02971,0.763205,0.455408,0.085524,0.783472,0.396105,0.036169,0.765069,0.450024,0.07463,0.781783,0.392448,0.034782,0.763915,0.446729,0.073505,0.782135,0.39637,0.031859,0.74166,0.540156,0.059708,0.766739,0.540117,-0.059846,0.765822,0.649988,0.088182,0.773207,0.666293,-0.055034,0.732511,0.745152,0.063038,0.758564,0.795356,-0.078247,0.719796,0.747623,0.059817,0.748596,0.814408,-0.08181,0.737865,0.799564,0.049297,0.78707,0.817097,-0.112982
HA_Lat_12_6.13.26,262,,,1,1513.61,446.42,0.6122,1511.87,445.8,0.0902,0.785254,0.316492,0.014832,0.781561,0.306114,0.013959,0.780501,0.305228,0.013841,0.779391,0.304342,0.013865,0.781925,0.307569,-0.004339,0.781287,0.307746,-0.00453,0.780662,0.3078,-0.004585,0.77142,0.307134,0.019058,0.773858,0.310097,-0.063821,0.78194,0.326465,0.023211,0.782698,0.327978,-0.001605,0.739092,0.364281,0.059145,0.780954,0.366631,-0.110675,0.739948,0.443037,0.061767,0.803353,0.453985,-0.0841,0.759708,0.436193,0.010887,0.787435,0.412779,0.033907,0.765987,0.43448,0.009504,0.783247,0.399245,0.041242,0.768127,0.420059,0.002811,0.780897,0.3943,0.036146,0.765692,0.427243,0.006146,0.781342,0.397865,0.034768,0.745645,0.540101,0.059992,0.768706,0.54003,-0.060127,0.774026,0.648884,0.083568,0.774178,0.666031,-0.057076,0.739624,0.745786,0.062923,0.758233,0.795424,-0.078204,0.726901,0.751734,0.060235,0.748659,0.814006,-0.080701,0.74675,0.795908,0.048846,0.786106,0.817014,-0.108718
HA_Lat_12_6.13.26,263,,,1,1520.95,446.89,0.6338,1521.3,447.41,0.0824,0.787339,0.316033,0.037649,0.783753,0.305592,0.036335,0.782782,0.304716,0.036264,0.781774,0.303837,0.036333,0.783911,0.307042,0.017258,0.783198,0.307224,0.017083,0.782482,0.307277,0.017065,0.77393,0.30675,0.042107,0.775839,0.309635,-0.044144,0.784231,0.326122,0.045628,0.784844,0.327639,0.019654,0.741459,0.363788,0.068119,0.782971,0.36614,-0.101649,0.742136,0.442647,0.076727,0.806247,0.453566,-0.067646,0.763074,0.434511,0.02328,0.792346,0.414266,0.061682,0.769394,0.431779,0.021682,0.788713,0.400584,0.068477,0.770899,0.416073,0.015177,0.783887,0.395765,0.06422,0.768733,0.424718,0.018474,0.784504,0.399501,0.063068,0.749716,0.539466,0.060612,0.770221,0.539134,-0.060733,0.783144,0.648084,0.077813,0.77433,0.665879,-0.073266,0.747576,0.749533,0.068245,0.758086,0.795409,-0.096354,0.735834,0.756284,0.067342,0.748327,0.814684,-0.098558,0.74962,0.787388,0.060337,0.786884,0.817686,-0.126945
HA_Lat_12_6.13.26,264,,,1,1529.33,432.22,0.6604,1521.46,442.89,0.0758,0.789699,0.315877,0.063287,0.786492,0.305146,0.060716,0.785486,0.304219,0.060645,0.784467,0.3033,0.060718,0.786817,0.306544,0.042033,0.786178,0.306614,0.041856,0.785555,0.306579,0.041841,0.776734,0.305478,0.061315,0.778659,0.308102,-0.023542,0.78628,0.325811,0.069329,0.787141,0.327325,0.043668,0.743551,0.362274,0.086798,0.785248,0.364125,-0.080766,0.743971,0.44328,0.107594,0.807188,0.451985,-0.045403,0.764004,0.433634,0.086835,0.792428,0.410086,0.084137,0.76983,0.4307,0.089058,0.788879,0.39748,0.090703,0.770997,0.42064,0.08319,0.785146,0.391882,0.088863,0.769745,0.42351,0.082983,0.785812,0.395467,0.086233,0.754374,0.537767,0.061036,0.771186,0.537082,-0.061133,0.789835,0.646833,0.075574,0.775136,0.665803,-0.076503,0.755202,0.754094,0.083397,0.758744,0.795502,-0.091897,0.744824,0.764292,0.084261,0.749042,0.815214,-0.093336,0.763875,0.782619,0.077011,0.787425,0.817502,-0.12374
HA_Lat_12_6.13.26,265,,,1,1529.04,440.07,0.6118,1523.7,444.33,0.0711,0.792823,0.315594,0.031562,0.789688,0.304426,0.030615,0.78871,0.303493,0.030531,0.787728,0.302599,0.030618,0.789799,0.305798,0.010958,0.789042,0.305839,0.010769,0.78831,0.30579,0.010741,0.779128,0.304275,0.040111,0.780524,0.306753,-0.049545,0.789158,0.325524,0.040997,0.789731,0.327029,0.013865,0.746137,0.361704,0.079381,0.787219,0.363211,-0.096975,0.746856,0.445478,0.128701,0.808891,0.451888,-0.049482,0.767255,0.43573,0.156568,0.793591,0.411413,0.07197,0.773061,0.433782,0.168517,0.788381,0.398261,0.078062,0.774257,0.425525,0.156284,0.786851,0.393072,0.076987,0.773239,0.426734,0.151915,0.787413,0.395983,0.07436,0.760305,0.535928,0.061569,0.772225,0.535031,-0.061648,0.791508,0.646871,0.07324,0.775008,0.665676,-0.070187,0.762381,0.759927,0.08435,0.758336,0.795108,-0.073607,0.753475,0.777284,0.084969,0.748617,0.814668,-0.073571,0.778364,0.786436,0.070209,0.786518,0.816777,-0.111766
HA_Lat_12_6.13.26,266,,,1,1537.5,439.25,0.5921,1526.18,444.55,0.0699,0.795111,0.313852,0.02302,0.791014,0.303094,0.023315,0.790013,0.302268,0.023227,0.789032,0.301493,0.023312,0.791147,0.304367,0.003603,0.790394,0.304429,0.003433,0.789699,0.304411,0.00341,0.780735,0.303799,0.036924,0.782548,0.305938,-0.052503,0.791959,0.323867,0.033717,0.792442,0.325201,0.006701,0.751583,0.361777,0.077504,0.788073,0.362499,-0.098683,0.751092,0.447208,0.092339,0.81074,0.451877,-0.054205,0.768131,0.482097,0.042179,0.794884,0.411616,0.069033,0.773083,0.491589,0.041179,0.79056,0.403057,0.07366,0.773922,0.488608,0.031106,0.788451,0.395506,0.071863,0.772618,0.483488,0.036428,0.789068,0.398035,0.071081,0.764562,0.534608,0.061584,0.772192,0.534094,-0.061661,0.796881,0.645064,0.081212,0.775044,0.665884,-0.067347,0.771352,0.765373,0.117113,0.758336,0.794773,-0.068491,0.764797,0.786044,0.119651,0.749041,0.814287,-0.068247,0.796255,0.785859,0.1077,0.787548,0.816254,-0.103999
HA_Lat_12_6.13.26,267,,,1,1543.97,449.2,0.6007,1531.41,444.09,0.0759,0.798573,0.313739,0.006953,0.79501,0.30286,0.008381,0.793964,0.302065,0.008274,0.792881,0.301321,0.008351,0.795144,0.304079,-0.012009,0.794329,0.304133,-0.012181,0.793523,0.304123,-0.012223,0.784522,0.30358,0.027816,0.78588,0.305643,-0.064602,0.794771,0.32384,0.019717,0.795247,0.325105,-0.008136,0.754519,0.36159,0.077084,0.789134,0.362269,-0.109055,0.753615,0.449215,0.104211,0.81272,0.451898,-0.068938,0.768043,0.505449,0.081851,0.797608,0.411192,0.060523,0.77258,0.519333,0.089631,0.794837,0.400557,0.063287,0.773825,0.518246,0.073444,0.792416,0.393016,0.063417,0.772398,0.511159,0.075144,0.79277,0.39848,0.063541,0.766573,0.533389,0.062188,0.77321,0.533616,-0.06225,0.799267,0.64409,0.077142,0.775027,0.665781,-0.06522,0.779445,0.76826,0.109825,0.75782,0.794529,-0.052724,0.770523,0.790159,0.111918,0.748518,0.814043,-0.051842,0.80766,0.788029,0.09549,0.786975,0.817613,-0.093266
HA_Lat_12_6.13.26,268,,,1,1547.35,450.74,0.648,1537.63,444.67,0.0823,0.800637,0.313344,0.008044,0.796988,0.302559,0.008806,0.795959,0.301786,0.008701,0.794907,0.301064,0.008781,0.797185,0.303679,-0.011067,0.796428,0.303685,-0.011235,0.795687,0.303626,-0.011271,0.786763,0.303192,0.026303,0.788259,0.305075,-0.063867,0.796997,0.323317,0.020112,0.797514,0.324544,-0.007024,0.757258,0.358871,0.076129,0.791279,0.362032,-0.108274,0.755362,0.449165,0.103741,0.813372,0.45203,-0.069091,0.767466,0.509284,0.079366,0.80085,0.41173,0.059597,0.771841,0.524482,0.084865,0.797885,0.400441,0.062837,0.773342,0.523029,0.071405,0.795177,0.39289,0.062805,0.772072,0.515711,0.073374,0.795384,0.39931,0.062543,0.767055,0.531892,0.06234,0.775191,0.532875,-0.062401,0.801292,0.643254,0.081964,0.775165,0.665718,-0.064442,0.787492,0.769584,0.120448,0.757308,0.794362,-0.05008,0.777902,0.793458,0.122987,0.748146,0.81417,-0.049117,0.816742,0.789131,0.110119,0.786103,0.81843,-0.086114
HA_Lat_12_6.13.26,269,,,1,1554.44,448.8,0.6348,1541.18,453.96,0.0803,0.803679,0.313908,0.010391,0.800492,0.302606,0.012152,0.799484,0.301813,0.012052,0.798421,0.301084,0.012137,0.800616,0.303695,-0.008292,0.799808,0.303733,-0.008462,0.798998,0.303694,-0.008495,0.7901,0.303262,0.026843,0.791281,0.305111,-0.060717,0.799696,0.323818,0.023282,0.80032,0.324855,-0.004598,0.760958,0.359086,0.081766,0.79377,0.362064,-0.10614,0.759622,0.449248,0.104903,0.815867,0.452125,-0.063993,0.772923,0.507462,0.071981,0.802698,0.420334,0.074727,0.777388,0.521598,0.075132,0.799884,0.406972,0.078804,0.77832,0.520354,0.062571,0.797443,0.39928,0.077676,0.776968,0.51339,0.06583,0.797388,0.40861,0.077558,0.769054,0.531442,0.063446,0.776826,0.53257,-0.063499,0.803793,0.642668,0.085202,0.774474,0.66585,-0.066738,0.796241,0.770497,0.121283,0.757282,0.794384,-0.05145,0.788147,0.795525,0.123157,0.748436,0.814485,-0.050908,0.825823,0.790054,0.106051,0.786126,0.819074,-0.090505
HA_Lat_12_6.13.26,270,,,1,1561.28,463.11,0.7064,1547.83,453.97,0.0877,0.805268,0.31395,0.0146,0.801908,0.302691,0.015743,0.800837,0.3019,0.015646,0.799685,0.301172,0.015727,0.802119,0.303765,-0.004426,0.801329,0.303792,-0.004599,0.800534,0.303746,-0.00463,0.791904,0.303333,0.027092,0.793367,0.305169,-0.058443,0.801294,0.323889,0.02644,0.801972,0.324863,-0.00107,0.763683,0.359239,0.08218,0.795679,0.362107,-0.104589,0.760427,0.449749,0.098216,0.817355,0.45219,-0.060828,0.772842,0.502883,0.052082,0.806159,0.420344,0.07712,0.776814,0.514771,0.052991,0.804046,0.407177,0.081072,0.77761,0.51239,0.042394,0.801298,0.399503,0.079918,0.776693,0.506469,0.046361,0.801272,0.40829,0.079917,0.770699,0.530672,0.063412,0.779718,0.532153,-0.063467,0.805662,0.642771,0.081442,0.774249,0.66601,-0.066755,0.803879,0.770666,0.111902,0.757252,0.794474,-0.052333,0.79563,0.795504,0.113497,0.748276,0.815027,-0.051834,0.836239,0.788884,0.097587,0.786864,0.81861,-0.092783
HA_Lat_12_6.13.26,271,,,1,1563.93,477.97,0.715,1549.61,453.62,0.0926,0.807982,0.314917,0.008914,0.805031,0.303377,0.011474,0.804023,0.302633,0.01139,0.802957,0.301916,0.011485,0.805176,0.304352,-0.009563,0.804371,0.304359,-0.009744,0.803569,0.304289,-0.009779,0.794833,0.30339,0.028961,0.796052,0.305215,-0.059362,0.80389,0.324813,0.023274,0.804503,0.32564,-0.005299,0.765906,0.360411,0.083713,0.79725,0.362149,-0.107425,0.765609,0.448368,0.081944,0.819079,0.452204,-0.068837,0.783156,0.467106,0.005305,0.807088,0.420023,0.076945,0.788414,0.468851,-8.8e-05,0.805412,0.406554,0.076727,0.788175,0.464646,-0.007975,0.802905,0.399173,0.072256,0.786651,0.46189,-0.000742,0.80305,0.406557,0.078365,0.773578,0.530786,0.063541,0.781432,0.532219,-0.063601,0.807621,0.643454,0.072026,0.774479,0.666139,-0.06565,0.810095,0.771641,0.092827,0.757296,0.794438,-0.053063,0.802974,0.797329,0.092845,0.748161,0.815412,-0.052381,0.84428,0.788448,0.083621,0.786653,0.818231,-0.094104
HA_Lat_12_6.13.26,272,,,1,1566.67,479.22,0.6474,1554.42,455.02,0.0967,0.810497,0.314958,0.012454,0.807184,0.303457,0.01271,0.806211,0.302726,0.012623,0.80519,0.302013,0.012687,0.807263,0.304407,-0.006594,0.806473,0.304409,-0.006781,0.805685,0.304336,-0.006818,0.797216,0.303485,0.036814,0.79857,0.305295,-0.058546,0.806802,0.324868,0.023994,0.807242,0.325695,-0.002522,0.770007,0.360795,0.08842,0.79854,0.362215,-0.106142,0.765195,0.449513,0.089974,0.82014,0.452662,-0.068246,0.780381,0.491183,0.036331,0.809594,0.421318,0.075719,0.785142,0.502729,0.036428,0.807345,0.407254,0.078758,0.785669,0.500208,0.025541,0.804735,0.399598,0.077579,0.784357,0.494097,0.030136,0.805015,0.406648,0.07852,0.77794,0.530805,0.064177,0.783821,0.532263,-0.064238,0.811224,0.643944,0.074881,0.77502,0.666085,-0.064897,0.819451,0.772493,0.100694,0.757373,0.794448,-0.05422,0.812034,0.798771,0.101371,0.747851,0.815752,-0.053666,0.852134,0.786604,0.083941,0.786759,0.818038,-0.093511
HA_Lat_12_6.13.26,273,,,1,1574.79,486.14,0.7328,1557.58,458.66,0.0969,0.813541,0.314979,0.013607,0.809954,0.303555,0.015077,0.809096,0.302842,0.014988,0.808173,0.302136,0.015058,0.809674,0.304486,-0.005251,0.808774,0.304496,-0.00543,0.807852,0.30444,-0.005464,0.799855,0.303666,0.040383,0.800446,0.30563,-0.057628,0.810349,0.324896,0.026053,0.810225,0.325766,-0.001727,0.773211,0.361109,0.091601,0.799645,0.362286,-0.105837,0.766972,0.451431,0.093942,0.820023,0.453117,-0.068441,0.785768,0.490005,0.035159,0.811238,0.424682,0.072296,0.789904,0.50719,0.034531,0.808322,0.412103,0.076008,0.790505,0.504333,0.022471,0.805232,0.400099,0.075414,0.788975,0.498278,0.028294,0.803396,0.408133,0.075269,0.780848,0.531251,0.064648,0.786275,0.532562,-0.064711,0.812783,0.644666,0.07417,0.775403,0.666142,-0.064453,0.825563,0.772584,0.099857,0.757279,0.794338,-0.054293,0.820263,0.799705,0.10066,0.747514,0.815565,-0.054107,0.857488,0.785061,0.081008,0.786874,0.818354,-0.09342
HA_Lat_12_6.13.26,274,,,1,1574.27,494.21,0.7547,1560.96,477.21,0.0923,0.815749,0.316733,0.013247,0.812385,0.304916,0.015593,0.811484,0.304228,0.015503,0.810503,0.303537,0.015582,0.812158,0.305798,-0.00572,0.811236,0.305791,-0.005893,0.810263,0.305729,-0.005924,0.802167,0.304728,0.040436,0.802691,0.30677,-0.058611,0.811937,0.326613,0.026623,0.811963,0.327298,-0.002379,0.774165,0.361524,0.091557,0.801743,0.362659,-0.108196,0.768404,0.453194,0.096334,0.821421,0.45422,-0.070808,0.78708,0.495758,0.039604,0.813,0.441862,0.069924,0.792291,0.510713,0.039518,0.811889,0.436434,0.073945,0.79314,0.503962,0.02617,0.808111,0.424582,0.073245,0.791675,0.501602,0.032407,0.80699,0.425751,0.07276,0.782275,0.53172,0.065839,0.786818,0.533096,-0.065913,0.814088,0.644834,0.073891,0.776429,0.666108,-0.065538,0.830729,0.772756,0.091617,0.757174,0.794261,-0.056826,0.826298,0.800414,0.091689,0.747263,0.815547,-0.05708,0.862219,0.778279,0.074887,0.787527,0.818753,-0.095625
HA_Lat_12_6.13.26,275,,,1,1581.36,490.19,0.8056,1562.19,491.19,0.0894,0.818088,0.318498,0.014854,0.815087,0.306509,0.016723,0.814285,0.305833,0.016632,0.813411,0.305128,0.016707,0.814673,0.307273,-0.004219,0.813744,0.307207,-0.004393,0.812801,0.307086,-0.004425,0.805114,0.305769,0.043062,0.805134,0.307881,-0.057761,0.814492,0.328009,0.027451,0.814342,0.328562,-0.001,0.777629,0.361719,0.095901,0.802856,0.362846,-0.108015,0.774656,0.453072,0.110966,0.822532,0.454357,-0.074014,0.789413,0.493783,0.044413,0.813639,0.454802,0.063556,0.793498,0.51208,0.043112,0.813925,0.455915,0.06676,0.794428,0.509508,0.035771,0.810794,0.4439,0.068304,0.794481,0.5015,0.033859,0.81004,0.442365,0.067333,0.784407,0.531767,0.067089,0.788906,0.533116,-0.067173,0.816108,0.645053,0.072849,0.777328,0.66603,-0.065008,0.834304,0.772331,0.087998,0.757119,0.794243,-0.058668,0.830658,0.80021,0.088073,0.7471,0.815494,-0.059563,0.865701,0.775717,0.068444,0.788161,0.818854,-0.098277
HA_Lat_12_6.13.26,276,,,1,1580.38,490.52,0.7172,1565.48,494.44,0.0909,0.820096,0.320666,0.004881,0.81759,0.308299,0.007926,0.816759,0.30753,0.007823,0.815839,0.306733,0.007909,0.81723,0.30894,-0.014142,0.816316,0.308684,-0.014315,0.815358,0.30837,-0.014344,0.807573,0.306518,0.035581,0.807717,0.308465,-0.066426,0.816288,0.330247,0.019451,0.816318,0.330621,-0.010481,0.780852,0.362108,0.094106,0.804738,0.36287,-0.114013,0.778781,0.453147,0.107969,0.824117,0.455039,-0.079317,0.791764,0.49448,0.048224,0.815357,0.457812,0.052323,0.795177,0.517519,0.048572,0.816175,0.459886,0.054521,0.796512,0.510565,0.035956,0.811974,0.449111,0.055274,0.795829,0.507769,0.040051,0.810556,0.447411,0.055626,0.788462,0.532066,0.067627,0.791672,0.533583,-0.067716,0.817128,0.645233,0.0731,0.778523,0.665959,-0.06221,0.836768,0.771825,0.088448,0.757183,0.793849,-0.056304,0.833652,0.800227,0.087999,0.746991,0.814991,-0.057291,0.868916,0.775181,0.066659,0.788542,0.818819,-0.097218
HA_Lat_12_6.13.26,277,,,1,1583.59,478.35,0.724,1565.49,490.34,0.0899,0.821869,0.322115,0.008627,0.819197,0.309395,0.011083,0.8183,0.308648,0.010983,0.817355,0.307885,0.011066,0.818966,0.309916,-0.010554,0.818075,0.309588,-0.010727,0.817176,0.309206,-0.010756,0.809377,0.307665,0.035668,0.809925,0.309383,-0.064101,0.817954,0.331875,0.022238,0.817995,0.332266,-0.007154,0.782886,0.362357,0.09307,0.805945,0.363044,-0.111749,0.777776,0.453862,0.105991,0.825215,0.455917,-0.078469,0.791158,0.493089,0.046954,0.815359,0.454018,0.052481,0.794983,0.515863,0.046506,0.816918,0.453084,0.05569,0.79633,0.50724,0.032812,0.81158,0.443179,0.055972,0.796181,0.503906,0.039303,0.809691,0.443208,0.055754,0.790299,0.532622,0.06797,0.794925,0.534242,-0.068065,0.819917,0.645346,0.07483,0.780077,0.665936,-0.062139,0.839552,0.771637,0.095186,0.757313,0.793654,-0.056649,0.83649,0.800726,0.095011,0.746921,0.814516,-0.057547,0.871415,0.774213,0.071821,0.78835,0.818765,-0.096244
HA_Lat_12_6.13.26,278,,,1,1585.69,481.23,0.7473,1577.01,492.96,0.0983,0.823768,0.324704,0.009869,0.821169,0.31182,0.011623,0.820318,0.311003,0.011514,0.819465,0.310159,0.011599,0.820695,0.312283,-0.009482,0.819708,0.311854,-0.009655,0.818784,0.311352,-0.009692,0.811547,0.309687,0.03956,0.811594,0.311314,-0.064,0.820144,0.334322,0.022977,0.819973,0.334697,-0.006035,0.785586,0.363287,0.096573,0.807399,0.363708,-0.111384,0.782494,0.454713,0.105735,0.827981,0.456166,-0.077168,0.796782,0.492857,0.038643,0.821361,0.456441,0.052849,0.800251,0.516371,0.03598,0.821304,0.451522,0.056901,0.801501,0.5103,0.02209,0.817561,0.44342,0.056994,0.801673,0.502714,0.030808,0.816951,0.44473,0.056107,0.793291,0.532748,0.067918,0.796139,0.534396,-0.06802,0.822738,0.645464,0.055917,0.781588,0.665898,-0.062109,0.841589,0.772599,0.054474,0.757703,0.792638,-0.057655,0.838274,0.802849,0.051682,0.746851,0.813412,-0.058685,0.875667,0.7759,0.023228,0.788443,0.818765,-0.096206
HA_Lat_12_6.13.26,279,,,1,1597.49,477.98,0.8284,1584.46,491.79,0.1017,0.825222,0.327569,0.014698,0.822959,0.314583,0.017694,0.822072,0.313653,0.017588,0.821142,0.312691,0.01767,0.822668,0.31496,-0.0046,0.821781,0.314336,-0.004773,0.820914,0.313649,-0.004792,0.813394,0.311664,0.044807,0.813914,0.312936,-0.059077,0.821326,0.336682,0.028798,0.821408,0.336831,-0.001488,0.786136,0.365556,0.099177,0.809646,0.364011,-0.107412,0.781709,0.457546,0.105419,0.830543,0.456921,-0.072399,0.801559,0.491882,0.038052,0.825238,0.455357,0.05939,0.804711,0.511944,0.034954,0.824545,0.450658,0.062803,0.806685,0.50651,0.021708,0.821623,0.443335,0.062651,0.806825,0.499292,0.03036,0.821223,0.445256,0.062436,0.795814,0.533366,0.067722,0.800198,0.535077,-0.067825,0.824846,0.64586,0.052013,0.783465,0.665853,-0.060023,0.843357,0.774096,0.048655,0.758057,0.792079,-0.054707,0.839046,0.80444,0.046011,0.746886,0.811812,-0.055157,0.878293,0.776174,0.020688,0.788566,0.818678,-0.087295
HA_Lat_12_6.13.26,280,,,1,1603.31,471.49,0.8796,1592.37,489.75,0.1221,0.828504,0.328208,0.014507,0.826185,0.315377,0.017594,0.82524,0.31445,0.017489,0.824303,0.313487,0.01757,0.825864,0.315705,-0.004938,0.824835,0.315087,-0.005114,0.823862,0.314356,-0.005133,0.816292,0.312303,0.044384,0.816414,0.313452,-0.059767,0.824499,0.337493,0.028661,0.82442,0.337543,-0.00188,0.789111,0.366808,0.098646,0.811203,0.364617,-0.109403,0.786729,0.458302,0.105436,0.832524,0.457374,-0.075315,0.807421,0.490853,0.040131,0.829358,0.453468,0.055264,0.810782,0.508944,0.037497,0.829027,0.448343,0.057788,0.812173,0.503467,0.024517,0.82654,0.442157,0.057174,0.811062,0.497118,0.032576,0.826055,0.444401,0.058169,0.799872,0.534335,0.068026,0.801496,0.535688,-0.06814,0.827253,0.646146,0.047136,0.785581,0.665364,-0.061356,0.844356,0.77542,0.038633,0.758397,0.791022,-0.058675,0.837334,0.805357,0.035481,0.746955,0.809791,-0.059276,0.879587,0.779082,0.00836,0.788415,0.818626,-0.092019
HA_Lat_12_6.13.26,281,,,1,1603.18,479.02,0.892,1600.04,488.64,0.16,0.830912,0.328531,0.014401,0.828739,0.315769,0.017402,0.827804,0.314838,0.017298,0.826888,0.31386,0.01738,0.828424,0.316152,-0.005351,0.827371,0.315596,-0.005529,0.826352,0.314899,-0.005548,0.818879,0.312818,0.043968,0.818731,0.314035,-0.061609,0.826971,0.33779,0.028405,0.826751,0.337905,-0.002399,0.791336,0.367779,0.098292,0.812835,0.365569,-0.113806,0.790183,0.458106,0.110192,0.834108,0.457843,-0.082635,0.811158,0.49009,0.047495,0.833354,0.452445,0.046154,0.814321,0.508104,0.044662,0.834292,0.447065,0.048295,0.815886,0.501799,0.028508,0.831708,0.441392,0.04894,0.814556,0.495671,0.038547,0.830743,0.443784,0.049619,0.802642,0.535419,0.068748,0.80443,0.536333,-0.068871,0.829432,0.64619,0.051779,0.787924,0.665157,-0.061343,0.846067,0.777064,0.047179,0.758683,0.790355,-0.059109,0.837633,0.805202,0.044586,0.747028,0.808443,-0.059697,0.87924,0.784087,0.020338,0.788592,0.818657,-0.092147
HA_Lat_12_6.13.26,282,,,1,1608.56,464.96,0.8976,1602.07,486.61,0.1811,0.834454,0.328449,0.010756,0.831894,0.315841,0.014005,0.830889,0.314962,0.013896,0.829885,0.314037,0.013977,0.831725,0.316243,-0.008978,0.83069,0.315766,-0.009161,0.829631,0.315162,-0.009187,0.821461,0.313321,0.040733,0.821397,0.314584,-0.064699,0.830553,0.337705,0.024987,0.830361,0.337909,-0.006049,0.795772,0.368419,0.097199,0.814892,0.366348,-0.116024,0.793784,0.45785,0.109931,0.836552,0.458316,-0.083843,0.813448,0.489293,0.050283,0.834413,0.450561,0.044264,0.81543,0.506374,0.048885,0.834448,0.444928,0.046108,0.816751,0.500572,0.03454,0.832133,0.438531,0.045823,0.815476,0.494929,0.042271,0.831672,0.441073,0.047345,0.805733,0.536639,0.06885,0.80536,0.536517,-0.068972,0.831905,0.646365,0.047162,0.789844,0.664854,-0.063949,0.846501,0.777624,0.040603,0.758826,0.789025,-0.063718,0.83853,0.804736,0.037612,0.747114,0.806781,-0.064514,0.879522,0.78999,0.006834,0.788552,0.818603,-0.10174
HA_Lat_12_6.13.26,283,,,1,1620.97,474.69,0.8692,1608.73,485.16,0.1878,0.836779,0.329348,0.007413,0.834773,0.31673,0.010719,0.833776,0.315868,0.010606,0.832775,0.314932,0.010684,0.834392,0.317117,-0.012272,0.833177,0.316653,-0.012455,0.831947,0.316013,-0.012483,0.824044,0.314327,0.038083,0.823425,0.315339,-0.066573,0.832481,0.338434,0.022082,0.832115,0.338723,-0.008904,0.798265,0.369222,0.096997,0.816996,0.367676,-0.11645,0.79543,0.45945,0.100623,0.839063,0.459108,-0.084527,0.816498,0.488802,0.029181,0.837879,0.449226,0.044206,0.819423,0.502929,0.02495,0.838027,0.443285,0.046208,0.820896,0.498469,0.012502,0.83569,0.436688,0.045332,0.819272,0.49389,0.021438,0.835134,0.439363,0.047019,0.810053,0.53831,0.068688,0.80851,0.5378,-0.06881,0.834094,0.646619,0.049621,0.792143,0.664848,-0.062641,0.847451,0.778341,0.04696,0.759308,0.787309,-0.054141,0.838616,0.804267,0.044558,0.747235,0.804287,-0.053731,0.880115,0.796362,0.015512,0.788578,0.818554,-0.089912
HA_Lat_12_6.13.26,284,,,1,1627.67,476.12,0.91,1616.42,484.63,0.2185,0.83915,0.329355,0.000393,0.83728,0.316854,0.00384,0.836288,0.316001,0.00373,0.835238,0.315063,0.003814,0.836925,0.317236,-0.019099,0.835727,0.316784,-0.019286,0.834401,0.316149,-0.019317,0.826404,0.314559,0.03171,0.825613,0.315529,-0.072074,0.834727,0.338449,0.015428,0.834316,0.338854,-0.015464,0.80072,0.36994,0.095097,0.819186,0.368843,-0.122061,0.799469,0.459302,0.094986,0.840506,0.460227,-0.090336,0.820269,0.477654,0.02218,0.841885,0.448732,0.037998,0.825533,0.483588,0.018345,0.842436,0.442116,0.039869,0.826795,0.480429,0.006061,0.840218,0.43545,0.039176,0.825077,0.477571,0.014479,0.839321,0.438371,0.040963,0.813108,0.538533,0.068671,0.811443,0.537836,-0.068797,0.836935,0.646754,0.046931,0.794883,0.664796,-0.063079,0.848487,0.77887,0.039778,0.76026,0.78492,-0.056452,0.840179,0.804351,0.036778,0.748308,0.800953,-0.05627,0.880332,0.798495,0.005083,0.788451,0.818534,-0.094818
HA_Lat_12_6.13.26,285,,,1,1633.24,470.7,0.9242,1621.88,485.0,0.2267,0.841179,0.329655,-0.005422,0.839143,0.317161,-0.002078,0.838145,0.316312,-0.002191,0.83711,0.315371,-0.002109,0.838811,0.317562,-0.024728,0.837633,0.317136,-0.024916,0.836365,0.316521,-0.024951,0.828248,0.314838,0.026201,0.827469,0.315796,-0.075893,0.836643,0.338781,0.009933,0.836246,0.339142,-0.020544,0.803383,0.370577,0.09098,0.821226,0.369418,-0.124067,0.803136,0.459295,0.08661,0.841364,0.460935,-0.091842,0.824458,0.472003,0.009744,0.84473,0.449074,0.03796,0.828671,0.479522,0.004479,0.84703,0.441476,0.040183,0.829775,0.47601,-0.006567,0.844217,0.435051,0.039645,0.828122,0.473697,0.002369,0.843017,0.438193,0.041045,0.816375,0.539413,0.068629,0.814269,0.538533,-0.068756,0.839245,0.646867,0.048686,0.797453,0.664787,-0.0628,0.847941,0.77933,0.042689,0.761074,0.782982,-0.053306,0.840071,0.803753,0.03984,0.748671,0.798502,-0.052808,0.879056,0.800208,0.007895,0.788432,0.818508,-0.091073
HA_Lat_12_6.13.26,286,,,1,1641.6,476.69,0.9379,1627.5,484.68,0.2407,0.843841,0.329469,-0.004405,0.84178,0.317177,-0.001342,0.840792,0.316347,-0.001458,0.839763,0.315432,-0.001378,0.841466,0.317609,-0.023571,0.840347,0.317226,-0.023761,0.839146,0.316669,-0.023797,0.830971,0.314974,0.025119,0.830418,0.316008,-0.075072,0.839625,0.338635,0.01032,0.839172,0.339024,-0.019639,0.805529,0.370966,0.088895,0.823808,0.369977,-0.122804,0.804981,0.459175,0.09052,0.843672,0.461559,-0.090592,0.826095,0.472842,0.023743,0.847656,0.448782,0.037761,0.828848,0.480272,0.021296,0.849967,0.440841,0.040351,0.830031,0.476681,0.009054,0.847124,0.434415,0.040424,0.828726,0.474065,0.016481,0.845992,0.437808,0.041081,0.818792,0.540282,0.068562,0.817712,0.539189,-0.068686,0.841985,0.646909,0.049065,0.800715,0.664775,-0.062756,0.847854,0.77942,0.043462,0.762265,0.781033,-0.053957,0.839933,0.803367,0.040725,0.749269,0.796066,-0.053616,0.879873,0.801059,0.009418,0.788392,0.818438,-0.091075
HA_Lat_12_6.13.26,287,,,1,1646.6,470.68,0.9498,1634.07,484.5,0.2484,0.845758,0.329981,-0.00307,0.844163,0.317593,-3e-06,0.843188,0.316754,-0.000119,0.842181,0.315842,-4e-05,0.843925,0.317994,-0.022151,0.842882,0.317591,-0.022342,0.841784,0.31702,-0.022377,0.83347,0.315157,0.026425,0.83316,0.316235,-0.073283,0.841297,0.339144,0.011768,0.84088,0.339501,-0.018088,0.807868,0.370854,0.088936,0.825884,0.370572,-0.121583,0.810494,0.457071,0.090187,0.844635,0.462486,-0.092866,0.834821,0.461623,0.020068,0.851081,0.448612,0.028666,0.839673,0.453808,0.016118,0.854667,0.440358,0.030388,0.840092,0.445566,0.005196,0.851188,0.433864,0.030768,0.837818,0.44944,0.013024,0.850042,0.437308,0.031959,0.822069,0.540384,0.068526,0.82009,0.539235,-0.068654,0.844676,0.646974,0.046004,0.805384,0.664751,-0.079652,0.847554,0.779734,0.034382,0.7642,0.778884,-0.082443,0.83851,0.803208,0.030979,0.750524,0.79234,-0.083018,0.880377,0.801375,-0.000579,0.788353,0.818165,-0.119195
HA_Lat_12_6.13.26,288,1651.31,470.0,0,1651.31,470.0,0.9518,1640.37,484.27,0.2477,0.847923,0.329717,-0.003518,0.845965,0.31739,0.000224,0.844931,0.316561,0.000107,0.84388,0.315664,0.000178,0.84579,0.317808,-0.021531,0.844754,0.317423,-0.021716,0.843669,0.316873,-0.02175,0.835313,0.315077,0.02755,0.835171,0.316172,-0.071468,0.843699,0.338923,0.011573,0.843324,0.339283,-0.017722,0.810689,0.370831,0.088922,0.8282,0.37074,-0.120783,0.814169,0.457185,0.070532,0.84626,0.463871,-0.090544,0.839002,0.451794,-0.034092,0.854361,0.448396,0.03344,0.843416,0.440279,-0.044727,0.858007,0.43948,0.035281,0.843645,0.432762,-0.053644,0.854526,0.433573,0.035434,0.842497,0.436953,-0.041359,0.853238,0.437207,0.036599,0.824338,0.540499,0.068466,0.823123,0.539465,-0.068592,0.846643,0.648232,0.062449,0.809986,0.664702,-0.084784,0.848136,0.780276,0.075104,0.766351,0.776711,-0.080396,0.838959,0.803056,0.074063,0.752233,0.787349,-0.080168,0.881125,0.802192,0.047457,0.788471,0.818146,-0.112988
HA_Lat_12_6.13.26,289,1658.85,470.62,0,1658.85,470.62,0.9681,1646.58,484.04,0.262,0.850172,0.329498,0.002561,0.847977,0.31726,0.007422,0.846926,0.316427,0.007301,0.845868,0.315523,0.007359,0.847738,0.317709,-0.01306,0.846606,0.317336,-0.013253,0.845449,0.316807,-0.013289,0.837234,0.314982,0.037111,0.837006,0.316148,-0.056676,0.846092,0.338597,0.018258,0.845629,0.338887,-0.009528,0.812534,0.370788,0.098007,0.830348,0.370649,-0.102969,0.815894,0.456461,0.102275,0.847176,0.463858,-0.077228,0.841416,0.452844,0.040289,0.857592,0.448181,0.036244,0.846569,0.448688,0.036731,0.861283,0.438972,0.038767,0.846699,0.433782,0.02815,0.85829,0.433011,0.037214,0.844698,0.437508,0.034591,0.856791,0.436856,0.038877,0.826216,0.539643,0.068387,0.826947,0.538812,-0.068514,0.846608,0.651516,0.074104,0.815129,0.664587,-0.103572,0.848559,0.781348,0.096533,0.768594,0.774162,-0.094723,0.839149,0.803462,0.096794,0.753388,0.783086,-0.093305,0.880352,0.802489,0.077897,0.788833,0.818126,-0.119695
HA_Lat_12_6.13.26,290,1664.97,471.88,0,1664.97,471.88,0.9564,1655.32,483.91,0.2858,0.853018,0.329393,0.00455,0.850891,0.317148,0.010706,0.84983,0.316357,0.010577,0.848753,0.315495,0.010628,0.850825,0.317501,-0.009615,0.849788,0.317151,-0.009805,0.848679,0.316658,-0.009843,0.840025,0.314964,0.04349,0.839851,0.316111,-0.049709,0.849188,0.338554,0.021454,0.848693,0.338713,-0.006025,0.814636,0.370727,0.10383,0.833334,0.370577,-0.096287,0.817966,0.45661,0.098066,0.848911,0.4644,-0.07104,0.841369,0.455645,0.001388,0.862145,0.448069,0.038123,0.848111,0.456227,-0.008418,0.866655,0.438863,0.039469,0.846197,0.443544,-0.017464,0.86275,0.432888,0.039061,0.845138,0.445039,-0.005512,0.860841,0.43669,0.040967,0.828085,0.538334,0.068233,0.829552,0.537654,-0.068365,0.846329,0.654358,0.077504,0.82036,0.664552,-0.104235,0.84829,0.783036,0.104506,0.771659,0.77098,-0.089865,0.839445,0.803687,0.10505,0.75567,0.777551,-0.088103,0.880398,0.803348,0.086971,0.789215,0.818145,-0.114153
HA_Lat_12_6.13.26,291,1665.07,474.68,0,1665.07,474.68,0.9612,1662.59,482.98,0.2994,0.854319,0.329229,0.012772,0.852173,0.317066,0.019571,0.851079,0.31626,0.019442,0.849989,0.315389,0.019489,0.851997,0.317421,-0.001613,0.850903,0.317053,-0.001791,0.849815,0.316543,-0.001828,0.841511,0.314868,0.053681,0.841362,0.316041,-0.042446,0.850175,0.338417,0.029922,0.849748,0.33856,0.001425,0.818084,0.370984,0.114185,0.835449,0.370553,-0.094163,0.822967,0.457551,0.09084,0.850141,0.464381,-0.070317,0.843653,0.457824,-0.036256,0.865931,0.447204,0.038431,0.851727,0.458802,-0.049846,0.869189,0.438333,0.038025,0.851733,0.448036,-0.059179,0.865182,0.432108,0.03866,0.850008,0.447934,-0.044039,0.863661,0.435334,0.041521,0.830326,0.538057,0.069118,0.831604,0.53745,-0.069251,0.846418,0.657979,0.092913,0.825912,0.664544,-0.111399,0.848472,0.78355,0.131925,0.774526,0.767937,-0.100087,0.839233,0.803735,0.133405,0.757923,0.772051,-0.098451,0.879788,0.804312,0.117675,0.789493,0.818337,-0.122867
HA_Lat_12_6.13.26,292,1668.31,477.66,0,1668.31,477.66,0.9673,1667.74,482.72,0.3293,0.857197,0.32907,0.013154,0.85558,0.316939,0.019393,0.854603,0.316136,0.019267,0.853637,0.315269,0.019319,0.855335,0.317306,-0.0019,0.8543,0.316946,-0.002079,0.853268,0.316447,-0.002117,0.844785,0.314846,0.051583,0.844442,0.316006,-0.044789,0.852878,0.338288,0.029861,0.852434,0.338443,0.001193,0.820142,0.370956,0.112881,0.838295,0.370659,-0.095943,0.822653,0.457493,0.099767,0.851881,0.464676,-0.071296,0.843962,0.459233,-0.018599,0.868614,0.44696,0.038633,0.852042,0.459021,-0.023025,0.872289,0.438183,0.038576,0.85293,0.452596,-0.034927,0.868033,0.432039,0.039903,0.851099,0.450902,-0.026057,0.86641,0.435009,0.042097,0.832525,0.537517,0.069258,0.83409,0.537416,-0.069391,0.848212,0.658185,0.08419,0.832523,0.664599,-0.11701,0.849295,0.783596,0.106221,0.778152,0.765566,-0.103286,0.839849,0.804014,0.106003,0.761692,0.766188,-0.101132,0.88047,0.804484,0.087276,0.790089,0.818741,-0.121997
HA_Lat_12_6.13.26,293,1674.19,475.95,0,1674.19,475.95,0.9681,1671.39,482.68,0.3478,0.859591,0.328821,0.014247,0.857645,0.316839,0.020541,0.856698,0.316056,0.020419,0.855763,0.315208,0.020466,0.857261,0.317179,-0.000832,0.856143,0.31682,-0.001012,0.855015,0.316314,-0.001051,0.846712,0.314741,0.053352,0.846079,0.315905,-0.04295,0.855622,0.338071,0.030874,0.854977,0.338257,0.00212,0.822955,0.370844,0.115646,0.840992,0.370699,-0.095492,0.824031,0.457455,0.099968,0.853858,0.464874,-0.071552,0.849607,0.451838,-0.002152,0.870516,0.446925,0.034111,0.85532,0.450564,-0.009273,0.874596,0.438046,0.033351,0.854761,0.434785,-0.01872,0.870381,0.431935,0.035854,0.85289,0.437008,-0.00906,0.86868,0.434791,0.038053,0.833091,0.536451,0.069763,0.83641,0.537112,-0.069899,0.848313,0.659059,0.082404,0.837957,0.664888,-0.121539,0.84986,0.783547,0.102323,0.782063,0.761906,-0.113359,0.840607,0.803944,0.101883,0.765825,0.760038,-0.111586,0.881193,0.804596,0.08602,0.790816,0.819041,-0.129117
HA_Lat_12_6.13.26,294,1681.42,472.3,0,1681.42,472.3,0.9664,1677.87,482.48,0.365,0.861677,0.3287,0.013989,0.85934,0.31674,0.019873,0.858263,0.315953,0.019753,0.85719,0.315105,0.019803,0.859018,0.317089,-0.001597,0.857813,0.316726,-0.001777,0.856584,0.316228,-0.001816,0.848248,0.314666,0.0527,0.847902,0.315841,-0.044205,0.857484,0.337979,0.030342,0.856999,0.338159,0.001452,0.825036,0.371067,0.114222,0.843742,0.370652,-0.096934,0.826443,0.457699,0.0875,0.85568,0.464896,-0.072212,0.849988,0.453016,-0.035964,0.873889,0.446739,0.035696,0.856646,0.454183,-0.048656,0.878436,0.438016,0.034902,0.857388,0.435724,-0.058245,0.874173,0.431738,0.036709,0.855387,0.439173,-0.043844,0.872289,0.434607,0.039396,0.835375,0.536245,0.069894,0.839125,0.537061,-0.070027,0.849265,0.660223,0.097148,0.841556,0.665357,-0.117502,0.849696,0.783281,0.135143,0.78752,0.759918,-0.099699,0.84107,0.803859,0.136395,0.770668,0.756095,-0.099483,0.881232,0.804291,0.124756,0.791392,0.819226,-0.11262
HA_Lat_12_6.13.26,295,1685.67,473.25,0,1685.67,473.25,0.957,1684.05,482.27,0.3927,0.863734,0.328647,0.024058,0.861309,0.316669,0.029122,0.860273,0.315889,0.028991,0.859223,0.31505,0.029024,0.860958,0.317032,0.00817,0.859778,0.316693,0.007979,0.858571,0.316197,0.007925,0.85026,0.31465,0.056994,0.849986,0.315789,-0.038533,0.859654,0.337938,0.038482,0.859185,0.33808,0.009951,0.826844,0.371021,0.118647,0.845741,0.37059,-0.092468,0.827608,0.457309,0.169301,0.857252,0.464825,-0.071919,0.852809,0.45528,0.185511,0.87711,0.446546,0.036768,0.859589,0.458236,0.198118,0.881952,0.437973,0.0362,0.861579,0.443612,0.185586,0.877626,0.43161,0.040871,0.857525,0.445493,0.180664,0.875489,0.434566,0.039465,0.836323,0.535401,0.069959,0.841345,0.536759,-0.070084,0.85069,0.660057,0.094301,0.845715,0.665491,-0.120927,0.850047,0.783236,0.117319,0.792474,0.757913,-0.101962,0.841205,0.803802,0.117352,0.775814,0.752306,-0.099516,0.880939,0.804591,0.106444,0.792847,0.819622,-0.11158
HA_Lat_12_6.13.26,296,1693.52,472.44,0,1693.52,472.44,0.9627,1691.16,482.12,0.4282,0.866159,0.328561,0.028205,0.864067,0.316602,0.033298,0.863057,0.31583,0.033176,0.862037,0.315003,0.033209,0.86379,0.316973,0.012258,0.862665,0.316648,0.012067,0.861511,0.316176,0.012017,0.852921,0.314482,0.061477,0.852504,0.315584,-0.033951,0.862023,0.337904,0.042784,0.861632,0.338061,0.014213,0.82833,0.370885,0.123284,0.847751,0.370549,-0.087641,0.830323,0.455909,0.153855,0.858319,0.464878,-0.070524,0.857259,0.442278,0.126536,0.880811,0.446404,0.03759,0.862579,0.435685,0.130103,0.885272,0.438104,0.037528,0.863014,0.43046,0.120004,0.881429,0.4315,0.041346,0.861511,0.433558,0.121177,0.879228,0.434459,0.040283,0.836765,0.534191,0.069886,0.843928,0.536221,-0.07001,0.853396,0.659786,0.087838,0.851153,0.665484,-0.122219,0.850426,0.782963,0.106062,0.798401,0.755547,-0.102696,0.841496,0.803668,0.105665,0.781778,0.749725,-0.099596,0.881849,0.805037,0.092845,0.796207,0.819607,-0.110922
HA_Lat_12_6.13.26,297,1701.5,473.14,0,1701.5,473.14,0.962,1695.04,482.19,0.4597,0.868799,0.327612,0.027859,0.866202,0.315691,0.032913,0.865193,0.314949,0.032789,0.864174,0.31416,0.032817,0.865662,0.316012,0.011803,0.864383,0.315672,0.011613,0.863101,0.315201,0.011567,0.855331,0.313913,0.060163,0.854613,0.315055,-0.035583,0.864867,0.337077,0.042156,0.864074,0.337158,0.013493,0.830436,0.370597,0.122565,0.849752,0.370315,-0.088894,0.833406,0.454743,0.174053,0.859672,0.464849,-0.070944,0.861119,0.439752,0.188106,0.882831,0.446473,0.038027,0.865965,0.430002,0.199251,0.886793,0.438281,0.038429,0.866077,0.424165,0.188306,0.882709,0.432073,0.043346,0.86502,0.427882,0.183665,0.88072,0.434823,0.040943,0.837224,0.533799,0.070109,0.84869,0.536193,-0.07023,0.855591,0.659756,0.08465,0.855926,0.665405,-0.121771,0.850568,0.78274,0.101056,0.803252,0.753574,-0.111713,0.841988,0.80369,0.100554,0.787048,0.747418,-0.10931,0.882479,0.805008,0.086957,0.802086,0.819568,-0.116408
HA_Lat_12_6.13.26,298,1690.0,484.0,0,1702.48,473.65,0.967,1700.55,482.39,0.4869,0.870075,0.327597,0.044615,0.867586,0.315586,0.049876,0.866463,0.31484,0.049762,0.865335,0.314045,0.049794,0.867297,0.315896,0.029468,0.866087,0.31554,0.029296,0.864899,0.315045,0.029261,0.856569,0.313841,0.075442,0.856672,0.315003,-0.016377,0.866052,0.337052,0.058061,0.865535,0.337029,0.030461,0.832139,0.370768,0.130389,0.851904,0.37029,-0.0706,0.834955,0.45727,0.147149,0.860859,0.464808,-0.049004,0.858258,0.488794,0.146688,0.885703,0.446661,0.064219,0.863881,0.495117,0.152472,0.890201,0.439645,0.065875,0.865605,0.49291,0.137261,0.886049,0.43288,0.073143,0.864163,0.489478,0.139041,0.883894,0.43515,0.069774,0.837912,0.533608,0.069687,0.851354,0.536017,-0.06981,0.855921,0.659713,0.087157,0.862296,0.665246,-0.120759,0.850889,0.782569,0.099028,0.807934,0.752929,-0.125072,0.842461,0.803606,0.098138,0.792064,0.747502,-0.124259,0.883049,0.805198,0.089425,0.809004,0.819285,-0.128542
HA_Lat_12_6.13.26,299,1696.0,484.0,0,1705.5,474.32,0.9628,1703.74,483.62,0.5202,0.873018,0.327,0.045614,0.870357,0.315059,0.051134,0.869286,0.314334,0.051021,0.868217,0.313558,0.051056,0.869865,0.315313,0.030601,0.868473,0.314926,0.030431,0.867095,0.314397,0.030396,0.859258,0.313585,0.077829,0.858604,0.314664,-0.014392,0.869426,0.336441,0.059431,0.868661,0.336326,0.031698,0.834781,0.370781,0.132045,0.854046,0.370211,-0.068418,0.838354,0.45947,0.136501,0.862397,0.464782,-0.049538,0.860157,0.508001,0.107716,0.887367,0.447793,0.059226,0.864851,0.515675,0.108699,0.892281,0.442964,0.06021,0.866578,0.51251,0.096641,0.888245,0.435369,0.067035,0.866337,0.509697,0.100433,0.886079,0.436816,0.064759,0.840094,0.532929,0.06958,0.853989,0.535357,-0.069702,0.855704,0.659694,0.090898,0.867424,0.664892,-0.116311,0.850164,0.782419,0.100975,0.812183,0.751228,-0.119716,0.842149,0.803528,0.099729,0.796616,0.747293,-0.118706,0.882238,0.805239,0.092207,0.816241,0.818369,-0.124862
HA_Lat_12_6.13.26,300,1696.0,484.0,0,1708.64,474.21,0.973,1707.1,483.56,0.5562,0.875065,0.326956,0.039307,0.872734,0.315023,0.044602,0.871732,0.314307,0.044486,0.870728,0.313537,0.044525,0.872223,0.315278,0.023684,0.870883,0.314884,0.023509,0.869532,0.314339,0.023473,0.861729,0.31353,0.071709,0.860716,0.314527,-0.022167,0.871147,0.336403,0.053461,0.870439,0.336231,0.025274,0.836301,0.370746,0.128095,0.856164,0.370188,-0.075507,0.838354,0.459775,0.132278,0.863119,0.464855,-0.055754,0.863206,0.501327,0.08704,0.889116,0.447744,0.054007,0.868511,0.507433,0.08662,0.895353,0.443691,0.052583,0.868801,0.506442,0.075407,0.891599,0.435242,0.065825,0.869957,0.501967,0.080263,0.88915,0.436635,0.061732,0.841638,0.532763,0.069551,0.856401,0.535208,-0.069672,0.856171,0.659555,0.094373,0.871581,0.66418,-0.112062,0.850601,0.782294,0.10385,0.817557,0.750237,-0.11054,0.842822,0.803493,0.102447,0.80241,0.747907,-0.109697,0.882943,0.805129,0.095234,0.824312,0.816982,-0.112878
HA_Lat_12_6.13.26,301,1706.0,486.0,0,1711.42,475.81,0.9674,1712.29,483.44,0.5895,0.877471,0.326937,0.035246,0.875567,0.315008,0.040268,0.874622,0.314291,0.040152,0.873665,0.313521,0.040192,0.875068,0.315273,0.019314,0.873801,0.314868,0.019136,0.872427,0.314305,0.019099,0.864511,0.313495,0.067144,0.863142,0.314406,-0.026849,0.873735,0.336397,0.049437,0.872989,0.336182,0.021184,0.837807,0.370723,0.124094,0.858094,0.370171,-0.079832,0.838962,0.459688,0.129394,0.864779,0.464817,-0.057949,0.86328,0.494835,0.078734,0.891818,0.447631,0.041337,0.868058,0.499939,0.077919,0.896982,0.443403,0.039022,0.869647,0.497294,0.066967,0.893383,0.435014,0.050554,0.869482,0.493943,0.072221,0.891066,0.436491,0.048447,0.842838,0.532836,0.069323,0.859031,0.535204,-0.069453,0.856358,0.659428,0.098521,0.876726,0.663688,-0.104793,0.851285,0.782738,0.10677,0.824094,0.751148,-0.098687,0.844152,0.805539,0.105225,0.809063,0.749708,-0.096273,0.88314,0.80507,0.098846,0.8328,0.815988,-0.093364
HA_Lat_12_6.13.26,302,1715.43,478.18,0,1715.43,478.18,0.9758,1718.53,483.47,0.6235,0.880557,0.326612,0.033314,0.87854,0.314719,0.038317,0.877541,0.314045,0.03821,0.876543,0.31332,0.038262,0.878154,0.314916,0.016825,0.876908,0.3145,0.016646,0.875572,0.313922,0.016614,0.867087,0.31338,0.066511,0.866002,0.3141,-0.030188,0.876827,0.336083,0.047947,0.876202,0.33565,0.01895,0.841293,0.370678,0.122626,0.859876,0.369684,-0.082689,0.844153,0.461227,0.129712,0.865946,0.46458,-0.061903,0.868734,0.503849,0.086058,0.89507,0.447662,0.025296,0.873482,0.5155,0.087796,0.900022,0.443657,0.02083,0.876658,0.509222,0.074292,0.896598,0.435273,0.031845,0.874511,0.505411,0.079389,0.894507,0.43654,0.03188,0.845041,0.532857,0.06924,0.860249,0.535207,-0.069367,0.857647,0.658135,0.105355,0.881681,0.662744,-0.094984,0.852357,0.78248,0.110089,0.8318,0.752329,-0.088967,0.846795,0.805429,0.108145,0.816798,0.752587,-0.086748,0.882367,0.804857,0.097961,0.841811,0.814331,-0.089762
HA_Lat_12_6.13.26,303,1719.54,478.38,0,1719.54,478.38,0.9636,1721.91,483.47,0.6553,0.883067,0.326701,0.027364,0.881296,0.314735,0.031969,0.880363,0.314046,0.031846,0.879416,0.313311,0.031875,0.880771,0.314924,0.011459,0.87942,0.314492,0.011284,0.877998,0.31391,0.011248,0.870038,0.313357,0.05901,0.868551,0.314067,-0.032685,0.87917,0.336126,0.041716,0.878395,0.33564,0.014079,0.844901,0.370871,0.11571,0.86248,0.369408,-0.082907,0.84608,0.461769,0.122741,0.867173,0.464319,-0.072793,0.87051,0.501705,0.076885,0.896831,0.447656,0.009705,0.875897,0.514142,0.07705,0.902673,0.444125,0.004541,0.87857,0.50953,0.0611,0.899355,0.435567,0.014034,0.876245,0.503202,0.069368,0.897124,0.436591,0.015546,0.848418,0.532867,0.068972,0.862531,0.535209,-0.069095,0.858125,0.657051,0.108152,0.884783,0.661883,-0.090403,0.852399,0.778505,0.121549,0.837996,0.753642,-0.08502,0.847416,0.801902,0.120574,0.823179,0.754551,-0.083047,0.881476,0.804538,0.113879,0.850035,0.813385,-0.088548
HA_Lat_12_6.13.26,304,1721.19,481.32,0,1721.19,481.32,0.9689,1727.34,483.44,0.6866,0.884315,0.326833,0.019504,0.882509,0.314823,0.023007,0.881613,0.314103,0.02288,0.880703,0.31334,0.022908,0.882132,0.315015,0.003168,0.881023,0.314547,0.002991,0.879889,0.313931,0.002958,0.871967,0.313332,0.047008,0.871175,0.314057,-0.041451,0.880471,0.336225,0.033158,0.87986,0.335663,0.006443,0.845981,0.370844,0.105067,0.86476,0.369306,-0.088976,0.847504,0.461783,0.118254,0.868981,0.464125,-0.079792,0.872863,0.499687,0.074196,0.899658,0.447628,0.000749,0.878601,0.509348,0.074042,0.905259,0.444558,-0.00461,0.881038,0.505017,0.05956,0.90187,0.436002,0.004149,0.878519,0.500351,0.067049,0.899696,0.436782,0.006253,0.850684,0.532928,0.068661,0.865015,0.535354,-0.06878,0.858896,0.657024,0.10944,0.887996,0.661694,-0.081554,0.852655,0.776002,0.124364,0.844332,0.754384,-0.074617,0.847035,0.798088,0.123474,0.829485,0.756393,-0.072822,0.880759,0.804139,0.115802,0.858302,0.811087,-0.080845
HA_Lat_12_6.13.26,305,1726.0,482.78,0,1726.0,482.78,0.9643,1730.24,483.95,0.7154,0.886284,0.326877,0.023932,0.88423,0.314884,0.02691,0.883284,0.314148,0.02679,0.882313,0.313366,0.026816,0.883949,0.315058,0.007324,0.882892,0.314574,0.007148,0.881834,0.313942,0.00712,0.873925,0.313323,0.047312,0.873491,0.314051,-0.039503,0.882482,0.33621,0.036413,0.881956,0.335642,0.010047,0.847425,0.370956,0.105826,0.866623,0.369183,-0.087611,0.848121,0.46242,0.122425,0.870143,0.464102,-0.077142,0.873298,0.506762,0.086907,0.901167,0.448105,0.011822,0.879559,0.513846,0.088364,0.907239,0.445514,0.007828,0.880985,0.511209,0.074019,0.904168,0.436528,0.016113,0.878951,0.507227,0.080132,0.901899,0.437101,0.017314,0.851143,0.532949,0.068065,0.866532,0.535345,-0.068187,0.859815,0.657284,0.104484,0.891679,0.66071,-0.079071,0.853775,0.775784,0.11667,0.850718,0.75606,-0.075033,0.845834,0.797493,0.115731,0.836854,0.76337,-0.073451,0.880147,0.804012,0.106718,0.868914,0.80959,-0.080324
HA_Lat_12_6.13.26,306,1734.34,487.43,0,1734.34,487.43,0.9781,1734.47,484.42,0.7412,0.889613,0.326867,0.023874,0.887136,0.314871,0.026904,0.886147,0.314137,0.026784,0.885098,0.313353,0.02681,0.886924,0.315039,0.007267,0.885868,0.314559,0.007091,0.88473,0.313932,0.007062,0.8765,0.313313,0.047888,0.876125,0.314036,-0.039532,0.886055,0.336176,0.03641,0.885566,0.335553,0.009969,0.851213,0.37094,0.105935,0.869167,0.369152,-0.087966,0.852432,0.462316,0.122375,0.872151,0.463924,-0.076943,0.87716,0.504204,0.081194,0.903369,0.448539,0.013865,0.882979,0.512385,0.081657,0.908985,0.446481,0.009974,0.885727,0.506757,0.068424,0.905741,0.437111,0.017891,0.882877,0.503545,0.074509,0.903643,0.43763,0.019233,0.854077,0.533287,0.067891,0.869242,0.535425,-0.068013,0.86106,0.657529,0.102885,0.895267,0.659403,-0.078329,0.854309,0.775873,0.09819,0.856959,0.760957,-0.077558,0.845145,0.797562,0.095694,0.844298,0.776548,-0.075277,0.879884,0.804646,0.086962,0.88055,0.809728,-0.084371
HA_Lat_12_6.13.26,307,1738.7,484.93,0,1737.34,487.37,0.9661,1738.7,484.93,0.7658,0.891058,0.327248,0.022495,0.889117,0.315011,0.0253,0.888182,0.314242,0.025183,0.887215,0.313431,0.025214,0.888696,0.315116,0.005495,0.887577,0.314586,0.005311,0.886466,0.313931,0.005283,0.878897,0.313301,0.0464,0.878313,0.314021,-0.042214,0.887346,0.336424,0.035196,0.886711,0.335634,0.008618,0.852539,0.371595,0.103966,0.8715,0.369078,-0.089087,0.853517,0.462191,0.124961,0.873791,0.463799,-0.078174,0.881233,0.500792,0.094973,0.905574,0.449005,0.000264,0.886691,0.508552,0.096861,0.911604,0.447582,-0.005451,0.889959,0.502852,0.081923,0.90836,0.437739,0.003302,0.887074,0.499759,0.088,0.906115,0.438027,0.005679,0.855402,0.533296,0.067633,0.871442,0.535384,-0.067762,0.862441,0.65821,0.10044,0.897975,0.657976,-0.071266,0.853981,0.776325,0.107931,0.864737,0.766891,-0.06388,0.844985,0.797689,0.107338,0.851797,0.785891,-0.061701,0.878913,0.803035,0.1003,0.889398,0.809769,-0.072899
HA_Lat_12_6.13.26,308,1741.91,485.75,0,1741.45,485.08,0.9774,1741.91,485.75,0.7869,0.894418,0.327787,0.022497,0.892605,0.315441,0.02532,0.891599,0.314669,0.025203,0.890538,0.313846,0.025236,0.892521,0.315464,0.005452,0.89152,0.314899,0.005266,0.890461,0.314211,0.005238,0.88202,0.3134,0.046803,0.881823,0.314094,-0.042724,0.890652,0.336792,0.035213,0.890365,0.335813,0.008615,0.854406,0.371671,0.103786,0.874489,0.369009,-0.08926,0.854552,0.462081,0.130185,0.874689,0.463599,-0.080913,0.882241,0.499196,0.108282,0.907244,0.449772,-0.011128,0.888307,0.507674,0.111204,0.913151,0.448709,-0.017307,0.891198,0.500771,0.095981,0.909947,0.438614,-0.008303,0.888262,0.497907,0.101397,0.907639,0.438988,-0.005735,0.856889,0.53331,0.067326,0.874116,0.535327,-0.067464,0.863875,0.658654,0.0985,0.901844,0.656811,-0.069423,0.853543,0.777679,0.109813,0.872094,0.774454,-0.059583,0.845555,0.797846,0.109784,0.860428,0.794059,-0.057414,0.875911,0.798863,0.10212,0.899205,0.809996,-0.069902
HA_Lat_12_6.13.26,309,1749.62,486.49,0,1744.85,486.75,0.9735,1749.62,486.49,0.8069,0.896608,0.329119,0.013278,0.895464,0.316477,0.015465,0.894536,0.315564,0.015347,0.893589,0.314588,0.015393,0.895112,0.316487,-0.004623,0.894023,0.315752,-0.004822,0.892941,0.314853,-0.004853,0.885104,0.313522,0.037196,0.88435,0.314183,-0.052936,0.89224,0.337961,0.026942,0.891853,0.336778,-5e-06,0.857093,0.371618,0.095274,0.876962,0.368849,-0.09678,0.857725,0.462027,0.128337,0.876608,0.463507,-0.091547,0.88485,0.498789,0.100036,0.911259,0.450457,-0.02616,0.890293,0.505806,0.102538,0.916508,0.449558,-0.033277,0.893313,0.500307,0.08738,0.91343,0.439248,-0.023735,0.890624,0.497477,0.093097,0.911374,0.439646,-0.020621,0.859244,0.533406,0.066946,0.877604,0.535317,-0.067091,0.864999,0.658968,0.099064,0.904868,0.655671,-0.061968,0.853527,0.779471,0.116441,0.880979,0.778989,-0.049296,0.846749,0.798074,0.116921,0.869277,0.798313,-0.047123,0.874422,0.797476,0.108858,0.910119,0.810223,-0.06113
HA_Lat_12_6.13.26,310,1752.26,487.72,0,1745.78,489.93,0.9786,1752.26,487.72,0.8245,0.898633,0.329361,0.016303,0.897478,0.316632,0.016807,0.896566,0.315687,0.016691,0.895623,0.31469,0.016736,0.897376,0.316631,-0.002994,0.896489,0.315854,-0.003217,0.895613,0.31492,-0.00325,0.887623,0.313526,0.039971,0.887641,0.314181,-0.051112,0.894368,0.338042,0.028806,0.894105,0.336815,0.002116,0.859438,0.371552,0.097866,0.879581,0.368741,-0.097122,0.859904,0.461408,0.151548,0.878382,0.463246,-0.093034,0.888783,0.498555,0.166644,0.912633,0.451591,-0.028055,0.892822,0.500574,0.176053,0.91894,0.451141,-0.033878,0.896788,0.498195,0.160383,0.916116,0.440619,-0.024981,0.896285,0.497051,0.160561,0.913774,0.440938,-0.02267,0.86065,0.533459,0.067089,0.879224,0.535223,-0.067245,0.866166,0.659285,0.098874,0.907743,0.655248,-0.06299,0.853546,0.781149,0.113895,0.888981,0.781806,-0.057864,0.847246,0.799021,0.113932,0.877373,0.800725,-0.056278,0.874949,0.797377,0.104542,0.919573,0.810236,-0.069654
HA_Lat_12_6.13.26,311,1756.8,488.75,0,1752.42,490.52,0.9796,1756.8,488.75,0.8411,0.900106,0.329457,0.006529,0.898914,0.316792,0.007679,0.897936,0.315833,0.007556,0.896939,0.314812,0.007605,0.899082,0.316807,-0.012628,0.898345,0.316037,-0.012839,0.897632,0.315098,-0.01288,0.888734,0.313546,0.027961,0.889526,0.314208,-0.063677,0.89606,0.338021,0.019608,0.896046,0.336837,-0.007713,0.861363,0.371714,0.089889,0.882209,0.368735,-0.110207,0.860865,0.461692,0.145509,0.880261,0.463135,-0.104878,0.890338,0.497036,0.129318,0.915,0.452546,-0.039194,0.895425,0.500098,0.134736,0.92154,0.452054,-0.045668,0.899366,0.497474,0.11944,0.918483,0.441074,-0.036505,0.897267,0.496445,0.122723,0.91589,0.441513,-0.033582,0.863187,0.534342,0.067424,0.882638,0.535424,-0.067588,0.866409,0.660484,0.110505,0.910691,0.655192,-0.051656,0.853466,0.781821,0.128108,0.898604,0.784633,-0.044126,0.846656,0.799445,0.128133,0.887484,0.804031,-0.042843,0.877544,0.797397,0.1181,0.930032,0.809834,-0.061137
HA_Lat_12_6.13.26,312,1761.55,489.1,0,1757.63,495.17,0.9723,1761.55,489.1,0.8552,0.903935,0.329898,0.01851,0.902426,0.317359,0.018946,0.90137,0.316361,0.01884,0.900307,0.315291,0.018894,0.90264,0.317354,-0.001131,0.901854,0.316538,-0.001343,0.901084,0.315543,-0.001369,0.892196,0.313917,0.032885,0.89299,0.314598,-0.056325,0.90031,0.338136,0.030643,0.900347,0.336887,0.003567,0.863881,0.371972,0.090521,0.885522,0.368658,-0.10016,0.865276,0.461689,0.14293,0.882599,0.462743,-0.102017,0.894193,0.496481,0.12712,0.917474,0.452875,-0.020812,0.901245,0.499932,0.131864,0.923963,0.452834,-0.026248,0.902515,0.496534,0.116539,0.921427,0.441662,-0.01807,0.900035,0.495114,0.120446,0.918784,0.441998,-0.015558,0.8649,0.53449,0.067167,0.884586,0.535365,-0.067337,0.86748,0.660661,0.108311,0.91354,0.655218,-0.053978,0.853852,0.782074,0.115549,0.907757,0.786157,-0.051737,0.846237,0.79975,0.114571,0.895886,0.80732,-0.050917,0.878904,0.797472,0.106602,0.939241,0.809209,-0.067896
HA_Lat_12_6.13.26,313,1766.69,490.3,0,1765.88,495.44,0.9697,1766.69,490.3,0.8677,0.906166,0.330012,0.013812,0.904745,0.317581,0.013944,0.903728,0.316569,0.013839,0.902683,0.315485,0.013894,0.90498,0.31757,-0.005944,0.904235,0.316733,-0.006148,0.903521,0.315711,-0.006185,0.894783,0.314163,0.028717,0.895749,0.314743,-0.060626,0.902211,0.338188,0.025461,0.902326,0.336887,-0.001503,0.866201,0.371984,0.088723,0.888122,0.368654,-0.103361,0.867825,0.461698,0.139642,0.885047,0.462585,-0.104121,0.896146,0.49663,0.114949,0.920153,0.453982,-0.03279,0.903788,0.500686,0.118953,0.927747,0.454956,-0.039448,0.904953,0.498518,0.104012,0.924804,0.443079,-0.031242,0.902264,0.496382,0.108244,0.921907,0.442943,-0.027544,0.8677,0.535827,0.066283,0.888919,0.535796,-0.066439,0.868585,0.660968,0.106382,0.916844,0.655388,-0.042818,0.85382,0.78218,0.114182,0.915874,0.787543,-0.03676,0.845939,0.799765,0.113616,0.907792,0.809298,-0.036377,0.87875,0.79818,0.106353,0.9489,0.807831,-0.056124
HA_Lat_12_6.13.26,314,1773.58,490.97,0,1768.47,497.4,0.9735,1773.58,490.97,0.88,0.908977,0.329991,0.028174,0.907069,0.317569,0.029093,0.906115,0.316564,0.029,0.905116,0.315494,0.029053,0.907114,0.317574,0.008611,0.906329,0.316744,0.008406,0.90561,0.315728,0.008373,0.897193,0.314579,0.041117,0.898224,0.315061,-0.050447,0.905383,0.338211,0.039008,0.905418,0.336923,0.011362,0.869746,0.37284,0.096865,0.891171,0.369056,-0.098351,0.869905,0.46264,0.150312,0.887441,0.462594,-0.100252,0.89862,0.49605,0.145111,0.923739,0.454598,-0.020403,0.903722,0.502564,0.153113,0.930762,0.455562,-0.025641,0.906096,0.501117,0.137381,0.928389,0.443772,-0.017511,0.904227,0.495914,0.138649,0.925653,0.443478,-0.015051,0.86944,0.536245,0.066272,0.891539,0.535855,-0.06643,0.869697,0.660941,0.104269,0.919685,0.655513,-0.049462,0.853948,0.782145,0.105886,0.92382,0.788075,-0.045669,0.845689,0.799779,0.104285,0.916577,0.810786,-0.044968,0.878484,0.798758,0.097652,0.956195,0.806504,-0.061656
HA_Lat_12_6.13.26,315,1779.02,492.19,0,1770.85,496.25,0.9753,1779.02,492.19,0.8907,0.912637,0.330235,0.017315,0.911007,0.318072,0.017345,0.910017,0.317099,0.017252,0.909031,0.316058,0.017307,0.911149,0.318105,-0.002245,0.910375,0.317339,-0.002447,0.90965,0.316382,-0.002491,0.900933,0.315179,0.030418,0.901957,0.315701,-0.057859,0.908924,0.338426,0.027992,0.909015,0.337179,0.001389,0.8724,0.372817,0.088372,0.89474,0.369737,-0.101094,0.872653,0.462711,0.120911,0.89044,0.462619,-0.100037,0.901419,0.503799,0.093204,0.926571,0.45573,-0.026857,0.904878,0.508765,0.097093,0.934224,0.458214,-0.033272,0.908608,0.503789,0.081115,0.931492,0.445241,-0.025498,0.90648,0.499641,0.086052,0.928579,0.444513,-0.021681,0.871493,0.537484,0.064138,0.894619,0.536995,-0.064283,0.870105,0.661278,0.102874,0.922976,0.655549,-0.041902,0.853907,0.782119,0.102138,0.931979,0.787975,-0.037553,0.845468,0.799811,0.100145,0.925245,0.811169,-0.037338,0.878447,0.799564,0.090599,0.964641,0.804688,-0.056139
HA_Lat_12_6.13.26,316,1774.13,497.12,0,1774.13,497.12,0.9768,1784.13,493.87,0.9007,0.914356,0.331154,0.03572,0.91236,0.318701,0.03554,0.911446,0.317757,0.035455,0.910536,0.31676,0.035504,0.912517,0.318818,0.01655,0.911868,0.318119,0.016348,0.911272,0.317245,0.0163,0.903037,0.316313,0.043125,0.904746,0.31705,-0.041195,0.910691,0.339732,0.044703,0.910969,0.338423,0.018889,0.874896,0.373823,0.09501,0.898297,0.371002,-0.086725,0.874006,0.463742,0.145708,0.892868,0.46312,-0.082932,0.903027,0.501929,0.147575,0.929237,0.457286,-0.010262,0.907669,0.507978,0.156991,0.93675,0.459932,-0.015079,0.911343,0.502393,0.141282,0.93459,0.446551,-0.006079,0.908584,0.498685,0.141344,0.931858,0.445555,-0.004479,0.87399,0.538007,0.062641,0.89767,0.537209,-0.062784,0.871071,0.661583,0.102015,0.926175,0.656004,-0.049895,0.853873,0.78209,0.098082,0.939982,0.787513,-0.045697,0.845333,0.799833,0.096637,0.933174,0.810805,-0.044956,0.878298,0.799619,0.090623,0.973105,0.804407,-0.058957
HA_Lat_12_6.13.26,317,1783.59,500.49,0,1783.59,500.49,0.975,1787.36,495.28,0.9083,0.917798,0.332514,0.033686,0.915953,0.320134,0.033961,0.915018,0.319128,0.03387,0.914078,0.318105,0.033914,0.916065,0.320345,0.015072,0.915342,0.319669,0.014872,0.914658,0.318837,0.014825,0.90622,0.317424,0.043192,0.907398,0.318279,-0.040259,0.914234,0.340689,0.043396,0.914393,0.339437,0.017731,0.877915,0.37431,0.094877,0.90095,0.371982,-0.082886,0.876597,0.464258,0.141838,0.895382,0.463564,-0.079926,0.905396,0.500704,0.137221,0.930916,0.458591,-0.008862,0.910757,0.507454,0.144602,0.939041,0.461667,-0.013429,0.913796,0.503522,0.130132,0.937037,0.448602,-0.005181,0.911549,0.498479,0.131248,0.934048,0.447248,-0.003395,0.877067,0.538958,0.059763,0.900919,0.537947,-0.059908,0.872004,0.662082,0.101569,0.929491,0.656255,-0.049881,0.853845,0.781836,0.098233,0.947545,0.786639,-0.044875,0.845215,0.799859,0.096969,0.941354,0.810132,-0.043931,0.878403,0.800315,0.095372,0.980997,0.80286,-0.056389
HA_Lat_12_6.13.26,318,1790.34,501.96,0,1790.34,501.96,0.9742,1793.87,496.61,0.9156,0.92146,0.3347,0.033369,0.919626,0.322054,0.032411,0.918551,0.321039,0.032326,0.917392,0.319999,0.032362,0.919903,0.322242,0.014328,0.919183,0.321584,0.014111,0.918425,0.320806,0.014038,0.909066,0.31886,0.040724,0.91078,0.32001,-0.043015,0.917783,0.342533,0.04194,0.918037,0.341354,0.0171,0.880268,0.375497,0.094553,0.904395,0.372614,-0.083066,0.879789,0.464708,0.143042,0.898473,0.463625,-0.089255,0.908264,0.499889,0.148236,0.934305,0.45982,-0.024493,0.913448,0.508124,0.157497,0.942866,0.46358,-0.030059,0.916423,0.504933,0.142593,0.94061,0.450593,-0.021739,0.91456,0.498405,0.142316,0.937466,0.448982,-0.01915,0.879933,0.539868,0.060111,0.904139,0.538642,-0.060255,0.872514,0.662457,0.10058,0.932846,0.657129,-0.04535,0.853989,0.781806,0.0934,0.953591,0.785769,-0.041536,0.845105,0.799851,0.091931,0.948143,0.809254,-0.040773,0.878531,0.80052,0.088593,0.987435,0.798703,-0.054667
HA_Lat_12_6.13.26,319,1797.79,503.3,0,1797.79,503.3,0.9782,1800.37,497.8,0.9224,0.922812,0.336207,0.036378,0.920716,0.323492,0.036075,0.91958,0.322408,0.035983,0.918406,0.321295,0.036017,0.921259,0.32381,0.017516,0.920653,0.323181,0.017306,0.920072,0.322446,0.017245,0.910797,0.320028,0.043831,0.913235,0.321746,-0.039479,0.919222,0.343863,0.04529,0.919754,0.342704,0.01997,0.881834,0.377489,0.094996,0.907871,0.373859,-0.081877,0.882326,0.466044,0.153552,0.901858,0.464403,-0.084096,0.910284,0.502342,0.169669,0.937692,0.46093,-0.019343,0.916415,0.509441,0.180607,0.946473,0.464931,-0.024695,0.919463,0.50651,0.165506,0.944362,0.452064,-0.016594,0.917008,0.50175,0.163967,0.941048,0.450432,-0.014033,0.882282,0.540568,0.059582,0.907008,0.539372,-0.059728,0.873356,0.662651,0.095521,0.93616,0.65791,-0.043318,0.853985,0.781668,0.08295,0.959043,0.785097,-0.039183,0.845076,0.799629,0.081173,0.955233,0.808432,-0.038208,0.878455,0.800611,0.079277,0.991665,0.789558,-0.049006
HA_Lat_12_6.13.26,320,1807.23,507.22,0,1807.23,507.22,0.9753,1806.09,500.65,0.9286,0.926576,0.336461,0.033732,0.924161,0.323911,0.034207,0.923073,0.322864,0.034111,0.921935,0.321795,0.034147,0.92449,0.324302,0.015176,0.923779,0.323756,0.01497,0.92307,0.323116,0.014916,0.913863,0.321059,0.044198,0.915829,0.322821,-0.04002,0.923449,0.344084,0.043711,0.923739,0.343061,0.017857,0.885792,0.377732,0.09518,0.911024,0.374178,-0.083902,0.885496,0.466326,0.156544,0.905071,0.465042,-0.089647,0.915641,0.499521,0.174125,0.940673,0.463564,-0.035916,0.922536,0.502386,0.184286,0.950335,0.468471,-0.041365,0.924205,0.501625,0.169507,0.948362,0.455352,-0.034153,0.922018,0.498166,0.168402,0.944988,0.453582,-0.031136,0.885932,0.541035,0.060063,0.910655,0.540031,-0.060211,0.874079,0.662921,0.092179,0.939648,0.659815,-0.03764,0.853939,0.78141,0.077605,0.963613,0.78467,-0.03473,0.844886,0.799532,0.075314,0.960677,0.80853,-0.033733,0.878466,0.800791,0.070123,0.995494,0.784487,-0.045337
HA_Lat_12_6.13.26,321,1813.76,505.07,0,1813.76,505.07,0.9706,1813.08,502.45,0.9346,0.931026,0.337646,0.032139,0.928895,0.325565,0.033025,0.927687,0.324468,0.032927,0.926436,0.323321,0.032968,0.929514,0.325927,0.013828,0.928862,0.325305,0.01363,0.928204,0.324581,0.01358,0.918162,0.322035,0.044202,0.920435,0.323795,-0.040626,0.927715,0.34504,0.042664,0.928266,0.343945,0.016588,0.887956,0.378272,0.095849,0.914389,0.374457,-0.08572,0.88698,0.466757,0.168532,0.908707,0.465638,-0.098421,0.917757,0.499096,0.20972,0.944311,0.465231,-0.049812,0.922543,0.499662,0.224048,0.95413,0.470106,-0.055067,0.927358,0.498827,0.208504,0.951824,0.457421,-0.04682,0.92522,0.495489,0.20439,0.948147,0.455774,-0.044685,0.888065,0.541901,0.060392,0.913958,0.541152,-0.06053,0.875311,0.663213,0.090864,0.942934,0.661698,-0.033421,0.853865,0.780977,0.073192,0.968041,0.784442,-0.031167,0.844466,0.799432,0.070429,0.965446,0.809017,-0.030074,0.878263,0.800604,0.064702,0.998655,0.781674,-0.040655
HA_Lat_12_6.13.26,322,1819.6,504.21,0,1819.6,504.21,0.9723,1822.76,503.5,0.9392,0.933952,0.338645,0.024357,0.9318,0.326323,0.024706,0.930573,0.325185,0.024602,0.929276,0.323997,0.024632,0.932479,0.326765,0.00535,0.931886,0.326184,0.00514,0.93129,0.325533,0.005077,0.92095,0.322772,0.036089,0.923648,0.324935,-0.050862,0.930485,0.345875,0.034603,0.931083,0.34493,0.00832,0.890232,0.379814,0.092771,0.91845,0.375557,-0.094623,0.889464,0.468003,0.165271,0.912716,0.467902,-0.101464,0.920123,0.498861,0.20558,0.949355,0.466204,-0.039342,0.924789,0.499226,0.220118,0.958728,0.469727,-0.043613,0.930459,0.49766,0.204892,0.956187,0.457182,-0.035291,0.928505,0.495302,0.200353,0.952956,0.456235,-0.033861,0.891348,0.543606,0.060694,0.917482,0.543178,-0.060834,0.87644,0.663641,0.093001,0.946495,0.663624,-0.032158,0.853858,0.779955,0.079866,0.970847,0.78436,-0.023676,0.844439,0.799031,0.077798,0.967746,0.809015,-0.022184,0.878241,0.800457,0.069734,0.999986,0.782855,-0.033827
HA_Lat_12_6.13.26,323,1826.34,506.12,0,1826.34,506.12,0.9749,1830.17,505.25,0.9416,0.937395,0.340864,0.015821,0.935536,0.328076,0.015586,0.934345,0.326868,0.015484,0.933105,0.325644,0.015508,0.936202,0.32869,-0.003552,0.935555,0.328137,-0.003762,0.934954,0.32753,-0.003833,0.924694,0.324316,0.026924,0.927527,0.326929,-0.059778,0.93371,0.347821,0.025902,0.934357,0.347112,-0.000222,0.89348,0.380122,0.08537,0.922774,0.376754,-0.10154,0.893677,0.468152,0.158838,0.916805,0.46932,-0.110661,0.924464,0.485702,0.194783,0.953214,0.467821,-0.051139,0.929717,0.484318,0.208046,0.96185,0.470955,-0.056935,0.934301,0.482514,0.193142,0.959625,0.458413,-0.049509,0.934261,0.478049,0.18946,0.956669,0.457867,-0.046216,0.894905,0.545131,0.060711,0.921439,0.545229,-0.060852,0.87819,0.66443,0.097369,0.950033,0.664719,-0.02951,0.854041,0.778997,0.092261,0.9736,0.784264,-0.015302,0.844389,0.798419,0.091349,0.970535,0.80889,-0.013539,0.878197,0.800541,0.087162,1.000302,0.783865,-0.026852
HA_Lat_12_6.13.26,324,1836.15,506.77,0,1836.15,506.77,0.9729,1837.8,507.16,0.9447,0.940504,0.341192,0.00759,0.938123,0.328478,0.007604,0.936972,0.327321,0.007503,0.935765,0.326162,0.007528,0.93868,0.329229,-0.011121,0.938094,0.328827,-0.011332,0.937513,0.328386,-0.011411,0.92792,0.325562,0.020493,0.930607,0.328499,-0.064362,0.937379,0.34846,0.018081,0.937923,0.347887,-0.007472,0.897872,0.380612,0.079731,0.926479,0.378283,-0.104799,0.896908,0.469221,0.153587,0.921017,0.471443,-0.111791,0.92699,0.486259,0.172537,0.957185,0.469595,-0.05357,0.932265,0.486318,0.183048,0.966261,0.472957,-0.060248,0.9369,0.484065,0.168114,0.964341,0.460438,-0.052721,0.93639,0.479425,0.166803,0.961241,0.459492,-0.048615,0.898172,0.54576,0.060283,0.925024,0.546358,-0.06042,0.880766,0.664719,0.105514,0.953492,0.664878,-0.026186,0.854582,0.777738,0.113394,0.974456,0.784048,-0.008019,0.844365,0.796593,0.113545,0.971037,0.808509,-0.005925,0.878122,0.800741,0.11109,0.99969,0.784101,-0.019175
HA_Lat_12_6.13.26,325,1846.17,509.18,0,1846.17,509.18,0.9696,1846.68,508.0,0.9472,0.943673,0.34227,0.003011,0.941409,0.329867,0.003046,0.940284,0.328711,0.002941,0.939144,0.327559,0.002962,0.942,0.330667,-0.015471,0.941466,0.330291,-0.015674,0.940968,0.32986,-0.015751,0.931459,0.327106,0.015852,0.934237,0.330151,-0.067725,0.94049,0.349529,0.013487,0.941085,0.349015,-0.011714,0.900184,0.380979,0.075368,0.930447,0.379596,-0.107067,0.899693,0.469828,0.140117,0.924947,0.473263,-0.112533,0.929758,0.493059,0.171682,0.961814,0.470369,-0.053306,0.935372,0.494942,0.178263,0.971283,0.473278,-0.059775,0.939633,0.49577,0.16448,0.969036,0.46046,-0.052411,0.938649,0.484872,0.165656,0.965896,0.45971,-0.048382,0.901551,0.547351,0.05977,0.928681,0.547759,-0.05991,0.883087,0.665393,0.10593,0.956345,0.665096,-0.023827,0.855088,0.776259,0.116803,0.975447,0.784042,-0.000372,0.844398,0.794671,0.117041,0.971897,0.808356,0.002147,0.878087,0.800909,0.112492,0.999582,0.785199,-0.012157
HA_Lat_12_6.13.26,326,1853.7,508.07,0,1856.33,511.1,0.9733,1853.7,508.07,0.9505,0.946478,0.343044,0.00725,0.943935,0.330639,0.007848,0.9428,0.329553,0.007742,0.941653,0.328491,0.00777,0.944633,0.331341,-0.011122,0.944156,0.330953,-0.011324,0.943713,0.330527,-0.011391,0.934153,0.328223,0.022014,0.937258,0.331068,-0.063458,0.943405,0.350551,0.018137,0.94402,0.349885,-0.007613,0.904261,0.381219,0.079794,0.93365,0.380109,-0.106129,0.904064,0.47144,0.120373,0.929843,0.474207,-0.107224,0.932901,0.513254,0.10215,0.965471,0.470439,-0.041754,0.937684,0.519692,0.105701,0.975172,0.473516,-0.04884,0.941781,0.51562,0.091176,0.97316,0.460644,-0.041618,0.941031,0.504164,0.095459,0.969861,0.459599,-0.036474,0.906065,0.548305,0.058922,0.933034,0.548617,-0.059061,0.886355,0.665768,0.108139,0.959862,0.665273,-0.023136,0.856026,0.774804,0.126307,0.977484,0.784326,0.000278,0.844934,0.791238,0.127212,0.972222,0.80807,0.002647,0.878889,0.801352,0.122917,1.001633,0.786458,-0.012181
HA_Lat_12_6.13.26,327,1860.3,508.36,0,1862.72,509.83,0.9675,1860.3,508.36,0.9539,0.950094,0.342788,0.00847,0.947215,0.330271,0.00866,0.946031,0.329203,0.00855,0.944834,0.328167,0.008587,0.947986,0.33101,-0.008862,0.947529,0.330667,-0.009045,0.947113,0.3303,-0.009115,0.937102,0.328289,0.025482,0.940562,0.331236,-0.058216,0.94718,0.350637,0.01953,0.947848,0.350004,-0.005277,0.90694,0.382904,0.07905,0.937973,0.380544,-0.088273,0.90863,0.475149,0.113947,0.93539,0.475294,-0.079988,0.93878,0.52184,0.099403,0.968906,0.4707,-0.018295,0.942596,0.525641,0.103613,0.97876,0.474849,-0.024441,0.946726,0.521702,0.088539,0.97636,0.46194,-0.017795,0.9455,0.511982,0.092869,0.973137,0.460447,-0.013711,0.909597,0.549055,0.053885,0.937512,0.549319,-0.054021,0.889653,0.665978,0.107187,0.963492,0.665315,-0.023183,0.856803,0.773026,0.122327,0.978944,0.785223,-0.006595,0.845452,0.788011,0.123332,0.97459,0.808614,-0.004867,0.879687,0.801897,0.120761,1.001502,0.786553,-0.018865
HA_Lat_12_6.13.26,328,1872.68,508.44,0,1868.8,510.34,0.9539,1872.68,508.44,0.9553,0.953954,0.342616,0.010937,0.950941,0.330131,0.010194,0.949764,0.329115,0.010095,0.9486,0.328141,0.010119,0.951772,0.330847,-0.006348,0.951334,0.330526,-0.006522,0.950945,0.330176,-0.0066,0.941199,0.328591,0.02747,0.944574,0.331384,-0.056656,0.951158,0.350673,0.020097,0.951803,0.349992,-0.003164,0.91114,0.382785,0.081659,0.941587,0.380932,-0.087754,0.912082,0.476313,0.118922,0.94045,0.477609,-0.079048,0.942137,0.522006,0.107143,0.975353,0.470774,-0.009715,0.946737,0.524221,0.112149,0.984115,0.474265,-0.014489,0.951495,0.519951,0.097725,0.981752,0.461542,-0.007398,0.949399,0.513798,0.10087,0.978713,0.46053,-0.00468,0.913767,0.549216,0.054399,0.941444,0.549516,-0.054536,0.893518,0.666243,0.105792,0.966785,0.665335,-0.024375,0.858425,0.770362,0.121579,0.980171,0.786342,-0.002992,0.846456,0.784438,0.122475,0.974844,0.809279,-0.000869,0.879796,0.802267,0.119189,1.000425,0.78744,-0.015657
HA_Lat_12_6.13.26,329,1879.25,509.18,0,1875.3,508.71,0.9458,1879.25,509.18,0.9566,0.957795,0.342906,0.015611,0.955004,0.330263,0.014244,0.953745,0.329205,0.014146,0.952481,0.328187,0.014164,0.955928,0.331062,-0.002106,0.955511,0.330765,-0.002274,0.955126,0.330438,-0.002344,0.94484,0.328479,0.02872,0.948471,0.331483,-0.055216,0.954653,0.351086,0.022774,0.955414,0.35037,0.000254,0.914382,0.382894,0.081028,0.94606,0.381084,-0.087294,0.91656,0.477929,0.114665,0.946316,0.478385,-0.075343,0.945497,0.527767,0.099179,0.978774,0.471465,-0.000216,0.950363,0.53431,0.103643,0.987415,0.475272,-0.003592,0.954673,0.525248,0.090051,0.985162,0.462194,0.002795,0.952795,0.520215,0.093163,0.982229,0.461185,0.004714,0.9177,0.549179,0.054228,0.945363,0.549315,-0.054369,0.897819,0.666246,0.104964,0.96994,0.66531,-0.021197,0.860334,0.76744,0.11754,0.97978,0.787364,-0.001042,0.847743,0.780512,0.117807,0.974116,0.809791,0.000926,0.87972,0.802472,0.113666,1.002716,0.789553,-0.013424
HA_Lat_12_6.13.26,330,1881.31,507.68,0,1881.31,507.68,0.9184,1885.07,509.86,0.9592,0.962708,0.342609,0.018279,0.959422,0.330155,0.017204,0.958182,0.329161,0.017107,0.956927,0.328114,0.017129,0.960064,0.330988,0.000982,0.959429,0.330568,0.000811,0.958834,0.330128,0.000754,0.948847,0.328097,0.029004,0.95185,0.330966,-0.050249,0.959372,0.350844,0.025431,0.959842,0.350045,0.003445,0.919063,0.38269,0.082451,0.949915,0.381158,-0.080308,0.920908,0.478298,0.117003,0.952337,0.478921,-0.064337,0.949667,0.527108,0.101443,0.981808,0.472093,0.008667,0.954273,0.533231,0.105869,0.990535,0.475378,0.005561,0.958178,0.525645,0.091435,0.988237,0.46243,0.011386,0.956143,0.52083,0.09515,0.985302,0.461526,0.013279,0.921354,0.548899,0.052982,0.948834,0.549101,-0.053128,0.903775,0.666187,0.087288,0.973266,0.665241,-0.024528,0.862965,0.76467,0.091126,0.980814,0.787479,-0.008012,0.84964,0.774815,0.090845,0.975062,0.810148,-0.006315,0.880068,0.803094,0.087427,1.002721,0.790709,-0.020571
HA_Lat_12_6.13.26,331,1896.29,507.05,0,1896.29,507.05,0.9066,1897.57,509.3,0.9611,0.965522,0.342313,0.019996,0.96258,0.329874,0.019279,0.961319,0.328884,0.019164,0.960059,0.327842,0.019171,0.963429,0.330665,0.002519,0.962918,0.33025,0.00234,0.96244,0.329817,0.002281,0.952272,0.327798,0.029785,0.955433,0.330612,-0.05015,0.961998,0.35057,0.026849,0.962807,0.349873,0.004622,0.922322,0.382542,0.082595,0.953581,0.381331,-0.082934,0.925383,0.477507,0.135778,0.957884,0.479642,-0.067554,0.95377,0.523302,0.168547,0.988316,0.471577,0.012812,0.957906,0.528317,0.181753,0.996225,0.474544,0.01369,0.962897,0.521619,0.168525,0.994805,0.462074,0.020566,0.960765,0.516956,0.164065,0.991845,0.461175,0.018282,0.926242,0.548679,0.053704,0.955145,0.548787,-0.053859,0.909357,0.666215,0.077934,0.976103,0.665294,-0.018432,0.867055,0.760871,0.066977,0.982133,0.787893,0.007109,0.852622,0.768297,0.065216,0.975547,0.810202,0.010042,0.880264,0.803399,0.061462,1.002689,0.793156,0.000871
HA_Lat_12_6.13.26,332,,,1,1905.57,507.1,0.8692,1909.42,507.52,0.9139,0.968936,0.34181,0.026824,0.965654,0.329388,0.027481,0.964508,0.328491,0.02737,0.96338,0.327562,0.027375,0.966258,0.330165,0.009589,0.965646,0.329824,0.009406,0.965094,0.329478,0.009345,0.955594,0.327605,0.039214,0.958189,0.330428,-0.042496,0.965772,0.3505,0.03537,0.966319,0.349683,0.011505,0.92555,0.382416,0.087042,0.957752,0.381336,-0.077697,0.929581,0.476937,0.13563,0.964312,0.48001,-0.067404,0.955872,0.519151,0.159645,0.994489,0.469923,0.016147,0.961962,0.526099,0.169707,1.000623,0.472515,0.016495,0.966588,0.51907,0.164997,1.000335,0.4591,0.022571,0.964574,0.514464,0.157031,0.997082,0.458679,0.021096,0.930642,0.548476,0.053711,0.957475,0.548625,-0.053872,0.915923,0.666915,0.069722,0.979672,0.665998,-0.021672,0.871204,0.757567,0.061051,0.983083,0.788741,-0.001858,0.856371,0.763617,0.0597,0.97531,0.810604,0.000821,0.881611,0.803801,0.053643,1.003719,0.799253,-0.011065
HA_Lat_12_6.13.26,333,,,1,1906.63,506.68,0.8678,1916.41,504.3,0.848,0.972664,0.341632,0.029325,0.969713,0.329267,0.030629,0.96853,0.328378,0.030518,0.967354,0.327457,0.030522,0.97022,0.330033,0.01244,0.969508,0.329697,0.012254,0.968838,0.329354,0.012189,0.959113,0.327483,0.043687,0.961388,0.330336,-0.038184,0.969183,0.350289,0.038832,0.9697,0.34954,0.014464,0.928907,0.382296,0.088515,0.961633,0.381403,-0.072402,0.933159,0.476842,0.138858,0.969792,0.480108,-0.065716,0.961434,0.512244,0.156402,0.998131,0.466941,0.018779,0.967013,0.515472,0.166042,1.004094,0.468254,0.020168,0.970652,0.505485,0.156385,1.003897,0.454716,0.02656,0.969513,0.509895,0.15244,1.000221,0.455024,0.023757,0.934932,0.548416,0.052851,0.960995,0.547753,-0.053023,0.92323,0.667222,0.05816,0.982082,0.666931,-0.024592,0.876253,0.75367,0.038966,0.984027,0.789476,-0.003353,0.861627,0.756268,0.036668,0.975905,0.810744,-0.000359,0.88173,0.804083,0.02688,1.003229,0.801579,-0.012864
HA_Lat_12_6.13.26,334,,,1,1908.46,503.86,0.6264,1920.58,502.42,0.7727,0.975384,0.341288,0.028957,0.972135,0.328698,0.030269,0.970925,0.327757,0.030158,0.969725,0.326808,0.030163,0.972792,0.329578,0.012964,0.972181,0.329292,0.012774,0.971634,0.329007,0.012714,0.961476,0.327303,0.044019,0.964511,0.330251,-0.031255,0.971849,0.35012,0.038817,0.972513,0.34952,0.01566,0.932555,0.382125,0.087711,0.964653,0.381315,-0.060954,0.938577,0.47347,0.136595,0.974259,0.4798,-0.059601,0.966079,0.484731,0.149611,1.000301,0.465204,0.013798,0.971396,0.483348,0.158105,1.006326,0.4652,0.014393,0.974358,0.479681,0.147016,1.00606,0.452184,0.019858,0.973653,0.4818,0.145077,1.002043,0.453015,0.018066,0.938434,0.54768,0.049211,0.963783,0.546148,-0.04941,0.932198,0.667343,0.029334,0.982988,0.666947,-0.026705,0.883231,0.750656,-0.021872,0.983237,0.789723,-0.013026,0.868202,0.751291,-0.027425,0.975642,0.810706,-0.011796,0.882919,0.804089,-0.040387,1.004161,0.804348,-0.023779
HA_Lat_12_6.13.26,335,,,1,1914.98,499.98,0.5646,1926.02,502.39,0.7006,0.981163,0.34117,0.028364,0.978339,0.328603,0.029417,0.976986,0.327663,0.029308,0.975634,0.326717,0.029321,0.978946,0.329481,0.011661,0.978082,0.329203,0.01147,0.977244,0.328928,0.011412,0.966722,0.327213,0.043582,0.968843,0.329985,-0.031617,0.977369,0.349963,0.038119,0.977923,0.349362,0.014555,0.936466,0.382039,0.08664,0.968756,0.38122,-0.059265,0.940964,0.472962,0.136067,0.978495,0.479954,-0.056351,0.97036,0.478354,0.152317,1.003135,0.465175,0.015046,0.978772,0.474415,0.160269,1.008582,0.464698,0.016473,0.982014,0.472249,0.150098,1.008416,0.452198,0.021038,0.98106,0.474086,0.14818,1.004254,0.453058,0.01874,0.942764,0.546432,0.048445,0.967577,0.545337,-0.048651,0.939166,0.667361,0.0273,0.984075,0.667005,-0.026213,0.889225,0.748026,-0.017274,0.982803,0.79064,-0.010931,0.874859,0.745805,-0.02225,0.975168,0.811253,-0.009134,0.884812,0.804005,-0.039088,1.003621,0.80586,-0.023324
HA_Lat_12_6.13.26,336,,,1,1914.55,499.46,0.6033,1931.65,502.76,0.6323,0.984524,0.340868,0.028635,0.981251,0.327993,0.030395,0.980062,0.327042,0.030281,0.978859,0.326122,0.030284,0.9816,0.328886,0.011978,0.980746,0.328566,0.011784,0.979918,0.328249,0.01172,0.970028,0.326851,0.046214,0.971709,0.329219,-0.034192,0.981064,0.349901,0.039095,0.98154,0.349278,0.01457,0.938936,0.381946,0.089217,0.97394,0.381249,-0.06627,0.944387,0.472593,0.148393,0.983287,0.479797,-0.062135,0.971549,0.476686,0.179694,1.006067,0.465521,0.017081,0.978884,0.477533,0.191038,1.015228,0.464752,0.020187,0.981786,0.474851,0.180901,1.012017,0.45342,0.026282,0.981245,0.475581,0.175893,1.007318,0.454479,0.021712,0.946629,0.545906,0.049545,0.971713,0.545086,-0.04974,0.945824,0.667377,0.01813,0.985127,0.667649,-0.026569,0.89512,0.744467,-0.031021,0.983204,0.791051,-0.006098,0.882047,0.737491,-0.036357,0.975705,0.811436,-0.003627,0.888332,0.803411,-0.059622,1.004785,0.807451,-0.02185
HA_Lat_12_6.13.26,337,,,1,1914.58,490.84,0.506,1943.14,506.36,0.5703,0.987658,0.340757,0.038858,0.984569,0.327954,0.041107,0.983314,0.327025,0.040992,0.982016,0.326098,0.040998,0.985311,0.328815,0.021161,0.984671,0.328506,0.020967,0.984049,0.328192,0.020895,0.973267,0.326799,0.055898,0.976081,0.329076,-0.032177,0.983817,0.349757,0.049373,0.984826,0.349171,0.022597,0.941908,0.382222,0.098599,0.978432,0.381348,-0.068824,0.94861,0.472023,0.165133,0.990153,0.479585,-0.059532,0.971192,0.477738,0.205399,1.012054,0.468853,0.040189,0.976279,0.481172,0.219937,1.01898,0.466143,0.046157,0.979137,0.475525,0.209046,1.015219,0.456678,0.053017,0.97896,0.476926,0.201682,1.010616,0.457474,0.045793,0.949949,0.545893,0.050247,0.975864,0.544994,-0.050455,0.953096,0.667343,0.018668,0.984858,0.668075,-0.026579,0.902558,0.740328,-0.02604,0.983775,0.791914,-0.005454,0.89006,0.735447,-0.030763,0.975804,0.811883,-0.003077,0.895527,0.800366,-0.055547,1.003079,0.806983,-0.02298
HA_Lat_12_6.13.26,338,,,1,1910.9,494.18,0.3712,1952.8,535.84,0.5144,0.990115,0.340712,0.044364,0.987214,0.327874,0.04763,0.986024,0.326944,0.047533,0.984824,0.326011,0.047539,0.987988,0.32872,0.027671,0.987428,0.328407,0.027483,0.986902,0.328079,0.027408,0.976441,0.326769,0.065788,0.979288,0.32902,-0.023474,0.986354,0.349674,0.055936,0.987354,0.349075,0.028983,0.944085,0.382153,0.10849,0.982624,0.381458,-0.065003,0.951209,0.471524,0.156655,0.995984,0.479656,-0.063146,0.970983,0.489176,0.194454,1.017082,0.496144,0.025779,0.975222,0.503614,0.199704,1.023868,0.499414,0.027514,0.978829,0.494787,0.202905,1.020828,0.492519,0.035036,0.977876,0.499767,0.19391,1.016066,0.489982,0.031281,0.952939,0.544305,0.051245,0.978788,0.543007,-0.05147,0.961574,0.666539,0.025027,0.986876,0.668,-0.027221,0.910923,0.736506,-0.005657,0.983615,0.791984,-0.007466,0.897336,0.734193,-0.009126,0.974973,0.812083,-0.006288,0.904225,0.798706,-0.034794,1.00504,0.807351,-0.040676
HA_Lat_12_6.13.26,339,,,1,1915.47,533.02,0.0726,1968.74,542.28,0.464,0.993403,0.340671,0.046913,0.990327,0.327802,0.050637,0.989064,0.326874,0.050551,0.98777,0.325944,0.050553,0.991101,0.328639,0.030789,0.990496,0.328329,0.030605,0.989907,0.328003,0.030522,0.979047,0.326712,0.068865,0.982234,0.328966,-0.020072,0.990047,0.349656,0.058363,0.991033,0.349048,0.031529,0.948557,0.381889,0.112812,0.986712,0.381358,-0.06565,0.955145,0.471112,0.152413,1.00121,0.479533,-0.064331,0.974415,0.494131,0.160212,1.025386,0.502113,0.013775,0.978685,0.512424,0.163353,1.03279,0.506772,0.013035,0.982039,0.508337,0.160536,1.029866,0.499712,0.020668,0.981593,0.507969,0.157363,1.024774,0.496661,0.01904,0.956501,0.543341,0.053997,0.981408,0.541655,-0.054206,0.968136,0.665598,0.039699,0.988353,0.668005,-0.034989,0.919011,0.735262,0.018809,0.983092,0.792046,-0.021237,0.904918,0.733143,0.01593,0.974122,0.812184,-0.020603,0.913981,0.797997,-0.002439,1.005149,0.809544,-0.058382
HA_Lat_12_6.13.26,340,,,1,1916.98,533.09,0.0285,1970.46,504.26,0.4182,0.996816,0.338544,0.04411,0.99368,0.325817,0.04747,0.992513,0.32506,0.047368,0.991256,0.324343,0.047375,0.994132,0.326423,0.027939,0.993419,0.326123,0.027758,0.992677,0.325832,0.027678,0.982847,0.325448,0.064011,0.985462,0.32722,-0.023117,0.993557,0.348559,0.054906,0.994335,0.348057,0.028559,0.952952,0.381834,0.1087,0.99011,0.381277,-0.06705,0.959038,0.469473,0.143293,1.006163,0.476182,-0.056369,0.978241,0.495255,0.12596,1.026279,0.466905,0.047591,0.982213,0.511681,0.131314,1.033256,0.456935,0.051498,0.985112,0.507669,0.123504,1.027837,0.448164,0.058943,0.984832,0.506781,0.121779,1.022826,0.450099,0.053231,0.959176,0.542445,0.055392,0.984346,0.540165,-0.055577,0.972485,0.663597,0.044303,0.988933,0.667964,-0.045635,0.926153,0.735507,0.017314,0.983222,0.792189,-0.039104,0.911467,0.734595,0.013521,0.974539,0.812219,-0.038606,0.925564,0.798114,-0.011314,1.00375,0.809509,-0.070397
HA_Lat_12_6.13.26,341,,,1,1910.55,517.35,0.0262,1959.48,477.43,0.3769,0.999949,0.338409,0.04548,0.996796,0.325654,0.0484,0.995561,0.324921,0.048284,0.99426,0.32424,0.048292,0.997415,0.326256,0.028874,0.996743,0.325967,0.028696,0.996091,0.325687,0.028613,0.986058,0.325414,0.062425,0.989411,0.327088,-0.024597,0.996296,0.348537,0.055214,0.997127,0.348025,0.028887,0.956233,0.381929,0.106731,0.991784,0.381253,-0.067651,0.957731,0.468716,0.147386,1.009076,0.469271,-0.044804,0.974769,0.497736,0.150358,1.020561,0.442066,0.076929,0.977953,0.511401,0.161916,1.025811,0.427805,0.084597,0.980911,0.508485,0.152588,1.017367,0.413943,0.090979,0.9809,0.506746,0.146592,1.015316,0.422324,0.082442,0.962695,0.542457,0.056874,0.986676,0.539967,-0.05704,0.975864,0.661254,0.048672,0.991032,0.667944,-0.044998,0.933914,0.736698,0.016662,0.983751,0.79202,-0.040026,0.920516,0.738245,0.011995,0.974467,0.812105,-0.039579,0.934752,0.797872,-0.013803,1.00393,0.809588,-0.067811
HA_Lat_12_6.13.26,342,,,1,1909.61,515.34,0.0102,1965.21,448.1,0.34,1.003448,0.336084,0.041775,0.999839,0.324296,0.047258,0.998638,0.323724,0.047125,0.997366,0.323215,0.047124,1.000315,0.325075,0.025904,0.999588,0.325004,0.025747,0.998892,0.324892,0.025611,0.989608,0.3254,0.059552,0.992769,0.327013,-0.028264,0.999795,0.346821,0.052677,1.000429,0.346781,0.024248,0.960511,0.381461,0.105876,0.994659,0.3816,-0.077681,0.962162,0.466339,0.147895,1.014439,0.461944,-0.071634,0.97637,0.501708,0.147993,1.023545,0.414908,0.037533,0.978557,0.513688,0.159208,1.028638,0.39761,0.036238,0.981585,0.511965,0.148548,1.02161,0.386983,0.048287,0.981858,0.508825,0.143482,1.018031,0.392734,0.043599,0.966407,0.542119,0.061153,0.988852,0.539965,-0.06127,0.980185,0.659048,0.070367,0.993369,0.667899,-0.05721,0.943805,0.737705,0.073875,0.98428,0.791915,-0.041736,0.929945,0.739781,0.072688,0.975023,0.812026,-0.040472,0.943867,0.796698,0.039597,1.00377,0.826399,-0.076848
HA_Lat_12_6.13.26,343,,,1,1916.5,504.38,0.0017,1963.38,463.73,0.3066,1.008399,0.336328,0.028067,1.005586,0.324341,0.033501,1.004418,0.323747,0.033376,1.003153,0.323229,0.033389,1.005945,0.325111,0.011644,1.005167,0.325015,0.011482,1.004403,0.324891,0.011354,0.995671,0.32535,0.053809,0.998667,0.327005,-0.041332,1.004874,0.346863,0.040644,1.005337,0.346877,0.011287,0.965062,0.379119,0.105089,0.997718,0.381546,-0.088777,0.966017,0.466411,0.133854,1.011884,0.4609,-0.086339,0.980285,0.501402,0.101209,1.022594,0.429378,0.002356,0.98223,0.513484,0.10442,1.028005,0.419373,-0.002203,0.985075,0.511594,0.09273,1.0227,0.408925,0.005312,0.985465,0.508343,0.095283,1.018476,0.411825,0.006802,0.969245,0.541433,0.064417,0.989258,0.539799,-0.064521,0.984462,0.655493,0.088087,0.995849,0.667455,-0.061838,0.951222,0.739151,0.102519,0.984093,0.790619,-0.043264,0.939144,0.742483,0.10213,0.974436,0.809702,-0.041874,0.956645,0.795022,0.069446,1.003108,0.823831,-0.082897
HA_Lat_12_6.13.26,344,,,1,1918.82,498.48,0.0029,1974.85,472.45,0.2768,1.009978,0.333571,0.033934,1.006073,0.322537,0.039863,1.004711,0.32195,0.03976,1.003142,0.321495,0.039772,1.006705,0.323247,0.018108,1.00601,0.323087,0.017943,1.005278,0.322896,0.017829,0.996905,0.324468,0.06162,1.00016,0.325603,-0.035128,1.006891,0.34364,0.046423,1.007614,0.343957,0.016764,0.969402,0.377996,0.112104,1.001554,0.381035,-0.086826,0.963346,0.463932,0.135661,1.011947,0.457438,-0.100308,0.979676,0.497214,0.10816,1.028568,0.437456,-0.046103,0.982721,0.511611,0.11092,1.035219,0.430446,-0.055362,0.98548,0.505493,0.098513,1.031594,0.419539,-0.046984,0.985423,0.501963,0.101984,1.026686,0.421933,-0.041757,0.971605,0.540045,0.066987,0.990909,0.538912,-0.067085,0.990162,0.652153,0.085706,0.997167,0.666894,-0.078658,0.960697,0.740214,0.094203,0.984537,0.789794,-0.063611,0.949461,0.743497,0.093074,0.974645,0.808205,-0.062642,0.962513,0.794727,0.060188,1.00257,0.822187,-0.107321
HA_Lat_12_6.13.26,345,,,1,1911.82,490.13,0.001,1959.08,475.86,0.2509,1.007128,0.332937,0.083929,1.004324,0.321662,0.083085,1.002637,0.321145,0.082999,1.00129,0.320863,0.08301,1.005935,0.322207,0.066678,1.005685,0.321965,0.066513,1.005379,0.321714,0.066421,0.996188,0.324221,0.079607,1.002036,0.324794,0.004476,1.004757,0.342128,0.086878,1.006048,0.342633,0.064245,0.968346,0.378863,0.113261,1.003648,0.379582,-0.055001,0.962659,0.463952,0.132853,1.010754,0.457961,-0.097251,0.980166,0.492909,0.101519,1.020354,0.440607,-0.05476,0.982554,0.507506,0.101721,1.026016,0.435406,-0.065871,0.986041,0.501657,0.091083,1.02223,0.42301,-0.060157,0.986551,0.498131,0.095913,1.01801,0.42533,-0.052362,0.975244,0.5395,0.066394,0.994765,0.537831,-0.066451,0.994603,0.650936,0.088046,0.998747,0.66649,-0.069459,0.967629,0.744386,0.117368,0.985082,0.789273,-0.063107,0.960794,0.75772,0.11833,0.97535,0.807758,-0.05693,0.969424,0.793172,0.082311,1.003345,0.820506,-0.083184
HA_Lat_12_6.13.26,346,,,1,1906.51,500.19,0.0015,1949.84,490.49,0.2319,1.004667,0.32634,0.092989,1.001773,0.317366,0.090328,1.00054,0.317389,0.090233,0.998807,0.317602,0.090239,1.003873,0.316974,0.076473,1.003916,0.316665,0.076308,1.003854,0.316296,0.076215,0.994147,0.323078,0.082397,1.002489,0.320951,0.018619,1.00193,0.335416,0.094838,1.004603,0.335413,0.075515,0.971606,0.378826,0.112936,1.005417,0.375305,-0.041512,0.964571,0.463139,0.119571,1.002012,0.45457,-0.098407,0.983362,0.483188,0.073351,1.015541,0.454159,-0.133224,0.986453,0.497975,0.068575,1.023393,0.451902,-0.154648,0.989621,0.488484,0.0572,1.020028,0.444533,-0.148271,0.989588,0.480824,0.067119,1.014154,0.445343,-0.132204,0.977303,0.538818,0.066157,0.997638,0.537274,-0.066242,0.996964,0.64705,0.120518,0.998671,0.666125,-0.052424,0.978672,0.74643,0.206725,0.984808,0.789263,-0.00578,0.970994,0.761152,0.212557,0.975736,0.807134,-0.001938,0.986566,0.775457,0.17197,1.0038,0.819058,-0.072859
HA_Lat_12_6.13.26,347,,,1,1904.06,508.28,0.0011,1944.95,492.75,0.2261,1.004256,0.319134,0.104159,1.000861,0.313353,0.104324,1.000206,0.313651,0.104228,0.999256,0.314145,0.104232,1.002511,0.309973,0.08963,1.002263,0.30965,0.089451,1.001882,0.309281,0.089347,0.996079,0.319669,0.103665,1.001087,0.316689,0.036744,1.002421,0.328052,0.108594,1.006261,0.326996,0.088186,0.976066,0.376192,0.134755,1.011604,0.364196,-0.033582,0.965004,0.462452,0.122706,0.998579,0.443464,-0.109816,0.985935,0.478171,0.079787,1.012995,0.456247,-0.17434,0.988711,0.491545,0.074591,1.019404,0.455757,-0.200877,0.992747,0.482327,0.061741,1.016556,0.448804,-0.190558,0.992084,0.477371,0.072836,1.012263,0.44882,-0.172349,0.981457,0.53723,0.066041,1.000295,0.535005,-0.066133,0.999466,0.647228,0.11614,1.000714,0.66579,-0.056322,0.983472,0.757625,0.192179,0.985108,0.78911,-0.011597,0.976772,0.775788,0.196303,0.976111,0.807157,-0.008689,0.991998,0.77604,0.148107,1.004102,0.817774,-0.084014
HA_Lat_12_6.13.26,348,,,1,1903.35,508.72,0.0016,1941.95,485.8,0.2115,1.003865,0.319135,0.094656,1.000201,0.313041,0.094149,0.998862,0.312703,0.094047,0.998048,0.313252,0.09406,1.004222,0.310495,0.07841,1.005381,0.310215,0.078221,1.006512,0.309853,0.078086,0.994715,0.319689,0.094387,1.00733,0.314935,0.021988,1.001727,0.326704,0.099505,1.007136,0.325452,0.077596,0.980901,0.369292,0.132974,1.015446,0.354741,-0.048124,0.967127,0.446387,0.124229,0.997379,0.422886,-0.153748,0.982741,0.473301,0.093182,1.011432,0.449812,-0.228333,0.984907,0.488272,0.091328,1.014861,0.449641,-0.258668,0.989005,0.481797,0.076132,1.016085,0.445705,-0.246162,0.989336,0.477461,0.085681,1.010628,0.445927,-0.226,0.984326,0.53169,0.069735,1.000359,0.529511,-0.069828,0.999811,0.644469,0.108547,1.001134,0.662556,-0.064006,0.989704,0.767654,0.163542,0.985504,0.788639,-0.015123,0.983987,0.790494,0.165282,0.976265,0.807169,-0.011967,0.998788,0.778131,0.110534,1.004316,0.817528,-0.095577
HA_Lat_12_6.13.26,349,,,1,1901.89,506.89,0.0017,1939.68,484.89,0.1984,1.008217,0.317155,0.117551,1.005103,0.310865,0.11634,1.003187,0.310971,0.116238,1.001452,0.311753,0.116252,1.0101,0.308684,0.102183,1.011811,0.308336,0.10199,1.013463,0.307859,0.101842,0.998256,0.316794,0.111889,1.015181,0.310708,0.046322,1.005884,0.323802,0.120683,1.011883,0.322235,0.100714,0.986189,0.357988,0.144091,1.022136,0.345534,-0.036153,0.969088,0.442722,0.134381,0.999766,0.408343,-0.141056,0.984546,0.473856,0.101045,1.010252,0.44897,-0.214195,0.98698,0.488129,0.099513,1.013858,0.450163,-0.243954,0.990797,0.48362,0.085033,1.013959,0.446968,-0.2313,0.99,0.477448,0.093919,1.009756,0.446484,-0.211741,0.987234,0.529273,0.069223,1.002509,0.525692,-0.069329,1.000459,0.645443,0.110957,1.001419,0.661484,-0.060554,0.990795,0.773574,0.171857,0.986266,0.788467,-0.017481,0.984781,0.794457,0.174152,0.976503,0.807146,-0.014629,0.999152,0.781672,0.11669,1.003854,0.817259,-0.094298
HA_Lat_12_6.13.26,350,,,1,1898.6,513.04,0.0014,1939.3,481.19,0.1848,1.015914,0.318839,0.040141,1.013499,0.311723,0.043611,1.012081,0.311657,0.043469,1.010757,0.312204,0.043486,1.016454,0.310147,0.02755,1.017356,0.309823,0.02727,1.018177,0.309374,0.026977,1.007579,0.314442,0.073274,1.018162,0.310881,0.002204,1.014351,0.32386,0.055568,1.01805,0.323233,0.032911,0.99587,0.343984,0.131499,1.010692,0.333792,-0.079649,0.975939,0.419766,0.134793,1.002462,0.405882,-0.176251,0.983944,0.464059,0.091718,1.010051,0.445544,-0.232843,0.985686,0.482261,0.089424,1.008367,0.449472,-0.263276,0.990131,0.479412,0.069261,1.010717,0.446996,-0.257032,0.99019,0.473059,0.081914,1.009386,0.446362,-0.232327,0.99327,0.526279,0.072107,1.001193,0.523466,-0.072195,1.002159,0.646671,0.106832,1.002749,0.660196,-0.093468,0.988914,0.780366,0.134394,0.987094,0.788209,-0.053798,0.981516,0.799774,0.134787,0.977507,0.806762,-0.052052,0.998519,0.802795,0.096555,1.005942,0.827781,-0.133828
HA_Lat_12_6.13.26,351,,,1,1900.77,517.87,0.0017,1946.38,481.48,0.1681,1.036453,0.307575,0.028045,1.033839,0.298958,0.030082,1.031894,0.298564,0.029945,1.030002,0.298728,0.02996,1.037817,0.298789,0.011779,1.038945,0.298722,0.011522,1.040005,0.298478,0.01128,1.024084,0.297491,0.053453,1.03847,0.297478,-0.030283,1.032447,0.311123,0.041866,1.037341,0.311406,0.016348,1.00141,0.325656,0.130019,1.033924,0.333423,-0.101217,0.979389,0.402895,0.128163,1.017094,0.408827,-0.18303,0.984391,0.462363,0.065558,1.013739,0.445814,-0.220574,0.984447,0.477097,0.060991,1.011375,0.449628,-0.248186,0.989653,0.476174,0.040852,1.012029,0.447048,-0.242406,0.990405,0.469845,0.055242,1.010999,0.446321,-0.219726,0.994979,0.523261,0.07636,1.006883,0.517534,-0.076457,1.001136,0.647345,0.100607,1.004319,0.657083,-0.083486,0.986969,0.781723,0.143587,0.987094,0.787347,-0.046365,0.980286,0.801133,0.144042,0.978352,0.805199,-0.044637,0.996449,0.809637,0.085116,1.008107,0.826755,-0.116233
HA_Lat_12_6.13.26,352,,,1,1905.38,528.54,0.0046,1977.82,488.24,0.1552,1.044546,0.294103,0.069521,1.041301,0.284773,0.067416,1.038733,0.284148,0.067276,1.036189,0.284022,0.06728,1.047325,0.285959,0.05034,1.049285,0.28647,0.050108,1.051197,0.286776,0.0499,1.029977,0.284855,0.064944,1.051214,0.288359,-0.014241,1.039758,0.298913,0.073755,1.046835,0.300445,0.049849,1.005266,0.322474,0.124716,1.052965,0.336179,-0.092434,0.980639,0.40642,0.128399,1.031697,0.420308,-0.186015,0.985668,0.462246,0.079286,1.030113,0.452073,-0.255291,0.985647,0.475617,0.077056,1.029932,0.455467,-0.286357,0.990329,0.475004,0.060356,1.028542,0.451607,-0.276248,0.990718,0.467916,0.070968,1.026991,0.450287,-0.253582,0.997266,0.518593,0.075917,1.01884,0.515317,-0.07603,1.002946,0.647904,0.100778,1.006054,0.655893,-0.07939,0.9872,0.782939,0.143864,0.987806,0.786185,-0.043019,0.978275,0.802343,0.143928,0.97854,0.804383,-0.039701,0.994605,0.810823,0.082458,1.008815,0.825128,-0.100704
HA_Lat_12_6.13.26,353,,,1,1908.72,526.66,0.0086,1968.36,497.58,0.1566,1.026774,0.299263,0.049891,1.023491,0.284963,0.049952,1.021536,0.284904,0.049799,1.019588,0.285546,0.049824,1.027477,0.287626,0.033014,1.028558,0.289688,0.032764,1.029621,0.291277,0.032522,1.014378,0.288115,0.058042,1.029141,0.295486,-0.020697,1.023799,0.3065,0.058024,1.028898,0.306816,0.03421,1.00294,0.33392,0.124099,1.034807,0.342104,-0.099698,0.982535,0.414761,0.125619,1.018804,0.419786,-0.196024,0.988276,0.466324,0.073264,1.025185,0.460718,-0.251697,0.987025,0.482428,0.071646,1.026128,0.469267,-0.282076,0.992731,0.479641,0.051189,1.027401,0.469558,-0.273247,0.992066,0.47738,0.063461,1.022878,0.466604,-0.25017,1.001475,0.520494,0.076191,1.01237,0.517971,-0.076296,1.002474,0.649773,0.099176,1.008061,0.654495,-0.085205,0.988803,0.782487,0.139862,0.988496,0.785272,-0.050766,0.980737,0.800708,0.139679,0.979246,0.802925,-0.048759,0.996519,0.810297,0.080199,1.007752,0.82417,-0.113938
HA_Lat_12_6.13.26,354,,,1,1912.99,518.9,0.0912,1961.21,501.45,0.1648,1.026902,0.302642,0.040019,1.023399,0.286194,0.044305,1.021594,0.287478,0.044147,1.019825,0.289488,0.044174,1.026956,0.288252,0.025257,1.027918,0.290176,0.025005,1.02883,0.291748,0.024774,1.014846,0.29263,0.061756,1.027665,0.296132,-0.021405,1.024348,0.310747,0.053221,1.028871,0.311345,0.026826,1.002006,0.335531,0.129157,1.029576,0.345715,-0.096387,0.984887,0.422227,0.133923,1.01308,0.422644,-0.189534,0.993959,0.467748,0.077484,1.021461,0.464302,-0.252309,0.993952,0.484629,0.07406,1.022908,0.472975,-0.28441,0.998854,0.483175,0.053269,1.023646,0.471265,-0.274461,0.997511,0.477522,0.06722,1.020653,0.468522,-0.250209,1.002618,0.523313,0.077815,1.014434,0.51908,-0.077927,1.004129,0.65333,0.10021,1.019105,0.654372,-0.084775,0.987867,0.782752,0.145447,0.989725,0.783547,-0.032915,0.979488,0.800954,0.145795,0.979766,0.801876,-0.027179,0.998597,0.809377,0.08547,1.008003,0.816275,-0.097806
HA_Lat_12_6.13.26,355,,,1,1911.68,520.24,0.1827,1961.33,513.08,0.1586,1.020798,0.318681,0.090185,1.017904,0.308984,0.089702,1.016273,0.309995,0.089607,1.014668,0.311556,0.089631,1.02147,0.309392,0.078742,1.022698,0.310474,0.078494,1.023941,0.311241,0.07831,1.011998,0.314944,0.089482,1.026067,0.314195,0.039245,1.018669,0.323944,0.094974,1.023083,0.324176,0.079374,0.999673,0.361308,0.135446,1.034771,0.349157,-0.030438,0.986545,0.439373,0.133992,1.013839,0.426036,-0.097797,0.999293,0.483428,0.078255,1.021527,0.475077,-0.173791,1.000043,0.500278,0.074443,1.02386,0.482881,-0.20696,1.004709,0.49465,0.059001,1.023463,0.480856,-0.200507,1.005754,0.49289,0.070258,1.020735,0.478233,-0.174307,1.005445,0.524124,0.07054,1.019215,0.520398,-0.070695,1.004994,0.656321,0.07242,1.018078,0.654413,-0.085669,0.987951,0.781763,0.110651,0.990572,0.782631,-0.046639,0.979544,0.798965,0.110809,0.980356,0.800222,-0.043365,0.998431,0.808733,0.048811,1.007843,0.811919,-0.108436
HA_Lat_12_6.13.26,356,,,1,1911.09,517.32,0.1947,1940.61,519.31,0.1747,1.021991,0.325063,-0.028444,1.020213,0.318571,-0.022892,1.019561,0.318962,-0.023023,1.018985,0.319856,-0.023013,1.021295,0.319434,-0.03274,1.02178,0.320473,-0.032987,1.02226,0.321236,-0.033204,1.018317,0.322259,0.013418,1.022899,0.323773,-0.027721,1.022272,0.328522,-0.011198,1.023612,0.329603,-0.025144,1.022986,0.371688,0.074524,1.025857,0.355155,-0.032704,1.002781,0.447459,0.08558,1.004515,0.42713,-0.110847,1.003339,0.486491,0.027122,1.010736,0.480843,-0.20215,1.0073,0.50334,0.017693,1.014416,0.491598,-0.23243,1.011471,0.498156,-0.001171,1.020382,0.489333,-0.230675,1.011539,0.494719,0.017901,1.019489,0.485001,-0.203635,1.015994,0.525252,0.054252,1.014464,0.519806,-0.054354,1.008325,0.658299,0.040668,1.015348,0.651958,-0.082312,0.990056,0.781246,0.07106,0.990636,0.781672,-0.0437,0.982927,0.798319,0.069266,0.982437,0.799001,-0.041381,0.99585,0.808369,-0.013516,1.006421,0.811921,-0.121798
HA_Lat_12_6.13.26,357,,,1,1907.11,478.66,0.3492,,,,,,,,,,,,,,,,,,,,,,,,,,,,,,,,,,,,,,,,,,,,,,,,,,,,,,,,,,,,,,,,,,,,,,,,,,,,,,,,,,,,,,,,,,,,,,,,,,,,,,
HA_Lat_12_6.13.26,358,,,1,1913.22,483.12,0.1985,,,,,,,,,,,,,,,,,,,,,,,,,,,,,,,,,,,,,,,,,,,,,,,,,,,,,,,,,,,,,,,,,,,,,,,,,,,,,,,,,,,,,,,,,,,,,,,,,,,,,,
HA_Lat_12_6.13.26,359,,,1,1914.42,531.47,0.1003,,,,,,,,,,,,,,,,,,,,,,,,,,,,,,,,,,,,,,,,,,,,,,,,,,,,,,,,,,,,,,,,,,,,,,,,,,,,,,,,,,,,,,,,,,,,,,,,,,,,,,
HA_Lat_12_6.13.26,360,,,1,1917.9,518.77,0.0167,,,,,,,,,,,,,,,,,,,,,,,,,,,,,,,,,,,,,,,,,,,,,,,,,,,,,,,,,,,,,,,,,,,,,,,,,,,,,,,,,,,,,,,,,,,,,,,,,,,,,,
HA_Lat_12_6.13.26,361,,,1,1916.29,561.26,0.0074,,,,,,,,,,,,,,,,,,,,,,,,,,,,,,,,,,,,,,,,,,,,,,,,,,,,,,,,,,,,,,,,,,,,,,,,,,,,,,,,,,,,,,,,,,,,,,,,,,,,,,
HA_Lat_12_6.13.26,362,,,1,1916.96,528.75,0.0076,,,,,,,,,,,,,,,,,,,,,,,,,,,,,,,,,,,,,,,,,,,,,,,,,,,,,,,,,,,,,,,,,,,,,,,,,,,,,,,,,,,,,,,,,,,,,,,,,,,,,,
HA_Lat_12_6.13.26,363,,,1,1917.01,576.67,0.0093,,,,,,,,,,,,,,,,,,,,,,,,,,,,,,,,,,,,,,,,,,,,,,,,,,,,,,,,,,,,,,,,,,,,,,,,,,,,,,,,,,,,,,,,,,,,,,,,,,,,,,
HA_Lat_12_6.13.26,364,,,1,1919.14,634.64,0.0089,,,,,,,,,,,,,,,,,,,,,,,,,,,,,,,,,,,,,,,,,,,,,,,,,,,,,,,,,,,,,,,,,,,,,,,,,,,,,,,,,,,,,,,,,,,,,,,,,,,,,,
HA_Lat_12_6.13.26,365,,,1,,,,,,,,,,,,,,,,,,,,,,,,,,,,,,,,,,,,,,,,,,,,,,,,,,,,,,,,,,,,,,,,,,,,,,,,,,,,,,,,,,,,,,,,,,,,,,,,,,,,,,,,,
HA_Lat_12_6.13.26,366,,,1,,,,,,,,,,,,,,,,,,,,,,,,,,,,,,,,,,,,,,,,,,,,,,,,,,,,,,,,,,,,,,,,,,,,,,,,,,,,,,,,,,,,,,,,,,,,,,,,,,,,,,,,,
HA_Lat_12_6.13.26,367,,,1,,,,,,,,,,,,,,,,,,,,,,,,,,,,,,,,,,,,,,,,,,,,,,,,,,,,,,,,,,,,,,,,,,,,,,,,,,,,,,,,,,,,,,,,,,,,,,,,,,,,,,,,,
HA_Lat_12_6.13.26,368,,,1,,,,,,,,,,,,,,,,,,,,,,,,,,,,,,,,,,,,,,,,,,,,,,,,,,,,,,,,,,,,,,,,,,,,,,,,,,,,,,,,,,,,,,,,,,,,,,,,,,,,,,,,,
HA_Lat_12_6.13.26,369,,,1,,,,,,,,,,,,,,,,,,,,,,,,,,,,,,,,,,,,,,,,,,,,,,,,,,,,,,,,,,,,,,,,,,,,,,,,,,,,,,,,,,,,,,,,,,,,,,,,,,,,,,,,,
HA_Lat_12_6.13.26,370,,,1,,,,,,,,,,,,,,,,,,,,,,,,,,,,,,,,,,,,,,,,,,,,,,,,,,,,,,,,,,,,,,,,,,,,,,,,,,,,,,,,,,,,,,,,,,,,,,,,,,,,,,,,,
HA_Lat_12_6.13.26,371,,,1,,,,,,,,,,,,,,,,,,,,,,,,,,,,,,,,,,,,,,,,,,,,,,,,,,,,,,,,,,,,,,,,,,,,,,,,,,,,,,,,,,,,,,,,,,,,,,,,,,,,,,,,,
HA_Lat_12_6.13.26,372,,,1,,,,,,,,,,,,,,,,,,,,,,,,,,,,,,,,,,,,,,,,,,,,,,,,,,,,,,,,,,,,,,,,,,,,,,,,,,,,,,,,,,,,,,,,,,,,,,,,,,,,,,,,,
HA_Lat_12_6.13.26,373,,,1,,,,,,,,,,,,,,,,,,,,,,,,,,,,,,,,,,,,,,,,,,,,,,,,,,,,,,,,,,,,,,,,,,,,,,,,,,,,,,,,,,,,,,,,,,,,,,,,,,,,,,,,,
HA_Lat_12_6.13.26,374,,,1,,,,,,,,,,,,,,,,,,,,,,,,,,,,,,,,,,,,,,,,,,,,,,,,,,,,,,,,,,,,,,,,,,,,,,,,,,,,,,,,,,,,,,,,,,,,,,,,,,,,,,,,,
HA_Lat_12_6.13.26,375,,,1,,,,,,,,,,,,,,,,,,,,,,,,,,,,,,,,,,,,,,,,,,,,,,,,,,,,,,,,,,,,,,,,,,,,,,,,,,,,,,,,,,,,,,,,,,,,,,,,,,,,,,,,,
HA_Lat_12_6.13.26,376,,,1,,,,,,,,,,,,,,,,,,,,,,,,,,,,,,,,,,,,,,,,,,,,,,,,,,,,,,,,,,,,,,,,,,,,,,,,,,,,,,,,,,,,,,,,,,,,,,,,,,,,,,,,,
HA_Lat_12_6.13.26,377,,,1,,,,,,,,,,,,,,,,,,,,,,,,,,,,,,,,,,,,,,,,,,,,,,,,,,,,,,,,,,,,,,,,,,,,,,,,,,,,,,,,,,,,,,,,,,,,,,,,,,,,,,,,,
HA_Lat_12_6.13.26,378,,,1,,,,,,,,,,,,,,,,,,,,,,,,,,,,,,,,,,,,,,,,,,,,,,,,,,,,,,,,,,,,,,,,,,,,,,,,,,,,,,,,,,,,,,,,,,,,,,,,,,,,,,,,,
HA_Lat_12_6.13.26,379,,,1,,,,,,,,,,,,,,,,,,,,,,,,,,,,,,,,,,,,,,,,,,,,,,,,,,,,,,,,,,,,,,,,,,,,,,,,,,,,,,,,,,,,,,,,,,,,,,,,,,,,,,,,,
HA_Lat_12_6.13.26,380,,,1,,,,,,,,,,,,,,,,,,,,,,,,,,,,,,,,,,,,,,,,,,,,,,,,,,,,,,,,,,,,,,,,,,,,,,,,,,,,,,,,,,,,,,,,,,,,,,,,,,,,,,,,,
HA_Lat_12_6.13.26,381,,,1,,,,,,,,,,,,,,,,,,,,,,,,,,,,,,,,,,,,,,,,,,,,,,,,,,,,,,,,,,,,,,,,,,,,,,,,,,,,,,,,,,,,,,,,,,,,,,,,,,,,,,,,,
HA_Lat_12_6.13.26,382,,,1,,,,,,,,,,,,,,,,,,,,,,,,,,,,,,,,,,,,,,,,,,,,,,,,,,,,,,,,,,,,,,,,,,,,,,,,,,,,,,,,,,,,,,,,,,,,,,,,,,,,,,,,,
HA_Lat_12_6.13.26,383,,,1,,,,,,,,,,,,,,,,,,,,,,,,,,,,,,,,,,,,,,,,,,,,,,,,,,,,,,,,,,,,,,,,,,,,,,,,,,,,,,,,,,,,,,,,,,,,,,,,,,,,,,,,,
HA_Lat_12_6.13.26,384,,,1,,,,,,,,,,,,,,,,,,,,,,,,,,,,,,,,,,,,,,,,,,,,,,,,,,,,,,,,,,,,,,,,,,,,,,,,,,,,,,,,,,,,,,,,,,,,,,,,,,,,,,,,,
HA_Lat_12_6.13.26,385,,,1,,,,,,,,,,,,,,,,,,,,,,,,,,,,,,,,,,,,,,,,,,,,,,,,,,,,,,,,,,,,,,,,,,,,,,,,,,,,,,,,,,,,,,,,,,,,,,,,,,,,,,,,,
HA_Lat_12_6.13.26,386,,,1,,,,,,,,,,,,,,,,,,,,,,,,,,,,,,,,,,,,,,,,,,,,,,,,,,,,,,,,,,,,,,,,,,,,,,,,,,,,,,,,,,,,,,,,,,,,,,,,,,,,,,,,,
HA_Lat_12_6.13.26,387,,,1,,,,,,,,,,,,,,,,,,,,,,,,,,,,,,,,,,,,,,,,,,,,,,,,,,,,,,,,,,,,,,,,,,,,,,,,,,,,,,,,,,,,,,,,,,,,,,,,,,,,,,,,,
