video_id,frame_idx,true_wrist_x,true_wrist_y,occluded,yolo_wrist_x,yolo_wrist_y,yolo_conf,mp_wrist_x,mp_wrist_y,mp_wrist_vis,lm0_x,lm0_y,lm0_z,lm1_x,lm1_y,lm1_z,lm2_x,lm2_y,lm2_z,lm3_x,lm3_y,lm3_z,lm4_x,lm4_y,lm4_z,lm5_x,lm5_y,lm5_z,lm6_x,lm6_y,lm6_z,lm7_x,lm7_y,lm7_z,lm8_x,lm8_y,lm8_z,lm9_x,lm9_y,lm9_z,lm10_x,lm10_y,lm10_z,lm11_x,lm11_y,lm11_z,lm12_x,lm12_y,lm12_z,lm13_x,lm13_y,lm13_z,lm14_x,lm14_y,lm14_z,lm15_x,lm15_y,lm15_z,lm16_x,lm16_y,lm16_z,lm17_x,lm17_y,lm17_z,lm18_x,lm18_y,lm18_z,lm19_x,lm19_y,lm19_z,lm20_x,lm20_y,lm20_z,lm21_x,lm21_y,lm21_z,lm22_x,lm22_y,lm22_z,lm23_x,lm23_y,lm23_z,lm24_x,lm24_y,lm24_z,lm25_x,lm25_y,lm25_z,lm26_x,lm26_y,lm26_z,lm27_x,lm27_y,lm27_z,lm28_x,lm28_y,lm28_z,lm29_x,lm29_y,lm29_z,lm30_x,lm30_y,lm30_z,lm31_x,lm31_y,lm31_z,lm32_x,lm32_y,lm32_z
HA_Lat_11_6.13.26,0,530.94,525.6,0,530.94,525.6,0.9897,530.57,531.78,0.9903,0.3098,0.299606,-0.08793,0.307123,0.287717,-0.080206,0.305993,0.286841,-0.080361,0.30498,0.285993,-0.080323,0.306368,0.287633,-0.105172,0.304867,0.286777,-0.105373,0.303333,0.285788,-0.10545,0.295113,0.28363,-0.03396,0.293041,0.283317,-0.147204,0.305091,0.310551,-0.065961,0.304164,0.30961,-0.099861,0.276784,0.346378,0.052486,0.26855,0.345445,-0.186987,0.257523,0.431914,0.07834,0.241441,0.431368,-0.219347,0.283771,0.48227,0.003919,0.276336,0.492388,-0.218519,0.289279,0.496551,-0.00411,0.285004,0.507082,-0.244305,0.291562,0.492729,-0.024747,0.289112,0.496236,-0.239107,0.290913,0.48523,-0.006896,0.286752,0.490696,-0.216001,0.26109,0.517031,0.078742,0.260668,0.521569,-0.078788,0.262881,0.65001,0.132238,0.281764,0.650661,-0.079863,0.238092,0.774248,0.183534,0.274598,0.785203,-0.050759,0.227887,0.795097,0.184396,0.265325,0.808341,-0.050494,0.264729,0.801272,0.143074,0.30381,0.820072,-0.110064
HA_Lat_11_6.13.26,1,534.1,533.19,0,533.32,525.56,0.9907,534.1,533.19,0.9909,0.310706,0.299596,-0.075825,0.307671,0.287541,-0.068439,0.306566,0.286688,-0.068577,0.305523,0.28585,-0.06853,0.306909,0.287576,-0.093101,0.30533,0.286776,-0.093307,0.303718,0.285837,-0.093376,0.295407,0.284325,-0.022472,0.293379,0.284871,-0.134263,0.3059,0.310544,-0.053808,0.304999,0.309645,-0.087242,0.277269,0.345149,0.065724,0.268596,0.345443,-0.175902,0.260643,0.433229,0.101254,0.242731,0.431363,-0.209984,0.285486,0.487085,0.04137,0.278176,0.493691,-0.210427,0.290917,0.502408,0.035943,0.287115,0.511149,-0.235439,0.294889,0.499651,0.014993,0.291485,0.499062,-0.230169,0.293111,0.490684,0.030846,0.289299,0.49322,-0.207688,0.262186,0.517018,0.078804,0.260659,0.521547,-0.078857,0.264001,0.650142,0.122359,0.281759,0.64941,-0.079776,0.238087,0.774263,0.162211,0.274694,0.785212,-0.050656,0.227893,0.794962,0.162183,0.265308,0.80738,-0.050338,0.264741,0.802049,0.12206,0.303788,0.820841,-0.108911
HA_Lat_11_6.13.26,2,534.49,533.58,0,534.75,526.84,0.9913,534.49,533.58,0.9914,0.311004,0.299598,-0.075859,0.30806,0.287541,-0.068418,0.307032,0.286695,-0.068555,0.30604,0.285869,-0.068505,0.307216,0.287574,-0.093052,0.305584,0.28678,-0.09326,0.303913,0.285855,-0.09333,0.295697,0.284755,-0.021874,0.293468,0.285203,-0.133523,0.306256,0.310545,-0.053581,0.305313,0.309684,-0.086984,0.277265,0.343976,0.067392,0.269118,0.345443,-0.1753,0.260547,0.433493,0.100188,0.243698,0.431311,-0.20736,0.284147,0.489203,0.035032,0.278382,0.494055,-0.204993,0.2893,0.506692,0.028534,0.287246,0.512246,-0.229893,0.294516,0.501025,0.007703,0.291674,0.499682,-0.224857,0.29232,0.493589,0.024388,0.289451,0.493689,-0.202221,0.262179,0.516974,0.078961,0.260568,0.521411,-0.079021,0.264578,0.650243,0.120182,0.281507,0.649419,-0.079022,0.238106,0.774289,0.159419,0.274689,0.785252,-0.046236,0.227891,0.794829,0.159408,0.26544,0.807307,-0.045348,0.264751,0.802619,0.119268,0.30401,0.820931,-0.102614
HA_Lat_11_6.13.26,3,535.77,534.32,0,535.59,527.16,0.9909,535.77,534.32,0.9917,0.311994,0.299546,-0.070986,0.308839,0.287452,-0.063759,0.307847,0.28663,-0.063895,0.306852,0.285817,-0.063845,0.307942,0.287522,-0.088296,0.306246,0.286765,-0.088505,0.30444,0.285855,-0.088569,0.296168,0.284814,-0.0185,0.293706,0.285456,-0.12961,0.307399,0.31043,-0.049162,0.30638,0.309657,-0.082401,0.277159,0.34203,0.06922,0.269873,0.345399,-0.171589,0.260463,0.433449,0.10444,0.244399,0.431312,-0.204518,0.283373,0.489065,0.045706,0.279045,0.494744,-0.203089,0.288438,0.506001,0.040409,0.287931,0.513466,-0.22757,0.294106,0.500717,0.019617,0.292425,0.500227,-0.222372,0.292305,0.493184,0.035288,0.290261,0.494217,-0.200296,0.262207,0.516474,0.078954,0.260591,0.521262,-0.079016,0.264874,0.650228,0.11294,0.281264,0.64941,-0.076068,0.238111,0.774019,0.142422,0.274677,0.785256,-0.045046,0.227927,0.794101,0.141419,0.265469,0.807192,-0.044336,0.265039,0.80262,0.101167,0.303941,0.821055,-0.100754
HA_Lat_11_6.13.26,4,536.83,535.94,0,533.18,526.79,0.9916,536.83,535.94,0.9922,0.31327,0.296993,-0.081537,0.309461,0.285114,-0.074636,0.308421,0.284473,-0.074775,0.307389,0.283842,-0.074722,0.308575,0.2856,-0.099005,0.306856,0.285311,-0.09922,0.305049,0.284847,-0.099284,0.296622,0.28446,-0.02858,0.294216,0.285444,-0.13878,0.308815,0.308367,-0.059278,0.307898,0.308006,-0.092219,0.277225,0.340892,0.063354,0.270823,0.345383,-0.179558,0.26047,0.433455,0.099696,0.244912,0.431397,-0.214386,0.283403,0.4888,0.041184,0.279599,0.496244,-0.219389,0.288128,0.506298,0.035954,0.28845,0.51644,-0.245343,0.294075,0.500548,0.014331,0.29311,0.503094,-0.2405,0.292286,0.494109,0.03053,0.290899,0.497283,-0.216795,0.262603,0.51598,0.07902,0.26059,0.520967,-0.079083,0.266639,0.650143,0.113421,0.280685,0.64928,-0.073767,0.238243,0.773853,0.146353,0.274647,0.785215,-0.042032,0.22809,0.793593,0.145606,0.265465,0.806463,-0.041433,0.265043,0.802726,0.103838,0.303944,0.821057,-0.099539
HA_Lat_11_6.13.26,5,539.28,538.11,0,537.69,528.63,0.9916,539.28,538.11,0.9927,0.314534,0.292985,-0.08589,0.310106,0.28158,-0.077795,0.309087,0.281202,-0.077935,0.308055,0.280833,-0.077885,0.309304,0.282268,-0.103177,0.307711,0.282404,-0.103386,0.306111,0.282408,-0.103455,0.297439,0.283521,-0.029156,0.29591,0.284894,-0.143318,0.310506,0.305873,-0.062738,0.309592,0.305782,-0.097063,0.278049,0.341011,0.062738,0.271917,0.345574,-0.185259,0.26073,0.434453,0.099528,0.245637,0.431663,-0.220904,0.283709,0.490692,0.042186,0.280877,0.498251,-0.227666,0.288109,0.51093,0.03699,0.289049,0.518947,-0.255273,0.293996,0.502216,0.014463,0.294055,0.506777,-0.250207,0.292391,0.497038,0.031112,0.291918,0.500911,-0.225202,0.262851,0.515864,0.079707,0.260591,0.520934,-0.079763,0.267299,0.650137,0.120011,0.280144,0.649284,-0.070511,0.23831,0.773563,0.154603,0.274223,0.785195,-0.038361,0.228102,0.792424,0.153727,0.26535,0.806316,-0.037861,0.265046,0.802862,0.105016,0.303544,0.821038,-0.098797
HA_Lat_11_6.13.26,6,539.6,538.65,0,533.65,526.93,0.9917,539.6,538.65,0.993,0.315232,0.292718,-0.087203,0.310557,0.281134,-0.079043,0.309565,0.2807,-0.079182,0.308575,0.280264,-0.079133,0.309773,0.282003,-0.104385,0.308237,0.28219,-0.104594,0.306699,0.282242,-0.104664,0.298278,0.283445,-0.030345,0.296759,0.284906,-0.144654,0.311253,0.305477,-0.064255,0.310365,0.305575,-0.098534,0.278857,0.341133,0.059908,0.272856,0.345679,-0.185624,0.261263,0.434502,0.097571,0.246072,0.43172,-0.220855,0.283565,0.491683,0.038048,0.281041,0.498748,-0.22747,0.287581,0.514541,0.032653,0.288967,0.519442,-0.254341,0.293669,0.506712,0.010551,0.293945,0.508494,-0.249072,0.291902,0.499451,0.027137,0.291936,0.502717,-0.224867,0.263092,0.515794,0.079687,0.26058,0.520921,-0.079742,0.2674,0.650136,0.120349,0.279552,0.649346,-0.067792,0.238315,0.773116,0.158974,0.274024,0.785061,-0.037804,0.228097,0.791306,0.158577,0.265395,0.80612,-0.037475,0.264922,0.802942,0.113416,0.303424,0.820949,-0.097984
HA_Lat_11_6.13.26,7,539.51,538.72,0,537.8,530.92,0.9926,539.5s1,538.72,0.9935,0.316439,0.291908,-0.086941,0.311826,0.280426,-0.078413,0.310868,0.280117,-0.07855,0.309912,0.279778,-0.0785,0.310941,0.281127,-0.103673,0.309364,0.281366,-0.103881,0.30779,0.281516,-0.103953,0.29951,0.283335,-0.028763,0.297581,0.284839,-0.142441,0.312481,0.305252,-0.063826,0.31142,0.305274,-0.097986,0.280305,0.341909,0.062039,0.274337,0.345716,-0.184085,0.261758,0.43545,0.101658,0.246808,0.431878,-0.216031,0.283471,0.491859,0.043013,0.280993,0.498815,-0.223175,0.28736,0.513637,0.037578,0.288877,0.519318,-0.251124,0.293418,0.50756,0.015031,0.293834,0.508457,-0.246611,0.2919,0.499556,0.031907,0.291846,0.502518,-0.220955,0.263077,0.515622,0.079969,0.259744,0.5205,-0.080023,0.267576,0.650069,0.120719,0.279213,0.649342,-0.066634,0.238279,0.771943,0.161228,0.273871,0.784665,-0.034571,0.227887,0.789117,0.161094,0.265196,0.806013,-0.034,0.264779,0.802956,0.117283,0.303343,0.820948,-0.094553
HA_Lat_11_6.13.26,8,540.77,539.19,0,538.53,532.99,0.9908,540.77,539.19,0.9938,0.316776,0.292477,-0.08683,0.312453,0.280921,-0.078385,0.311564,0.28056,-0.078521,0.310664,0.280172,-0.078471,0.311604,0.281763,-0.103628,0.310127,0.282008,-0.103836,0.308636,0.282151,-0.103907,0.300585,0.284048,-0.027936,0.298613,0.285922,-0.142097,0.312784,0.305869,-0.063809,0.311813,0.306107,-0.097925,0.281873,0.342812,0.062111,0.275352,0.345892,-0.184081,0.264493,0.43617,0.09959,0.247407,0.432,-0.216459,0.283819,0.492299,0.039041,0.281649,0.499247,-0.222264,0.287198,0.513109,0.033708,0.288809,0.519542,-0.249684,0.293307,0.50741,0.011515,0.293952,0.50953,-0.244999,0.291513,0.50368,0.028064,0.292051,0.503484,-0.219974,0.263006,0.515361,0.08019,0.25812,0.52014,-0.080235,0.267465,0.649678,0.123342,0.277973,0.649391,-0.080458,0.238059,0.770578,0.165291,0.273863,0.786057,-0.059465,0.226983,0.786598,0.165399,0.265184,0.80678,-0.059758,0.264299,0.802829,0.123456,0.303899,0.820981,-0.120537
HA_Lat_11_6.13.26,9,541.83,540.45,0,540.57,532.13,0.9926,541.83,540.45,0.9941,0.317728,0.292995,-0.093223,0.313364,0.281337,-0.084234,0.312466,0.280928,-0.084374,0.311572,0.280502,-0.084331,0.312721,0.28226,-0.109676,0.311394,0.282478,-0.109883,0.310063,0.282584,-0.10996,0.301722,0.284661,-0.032518,0.300185,0.28658,-0.147603,0.313595,0.306152,-0.069745,0.31292,0.306477,-0.104098,0.282957,0.34318,0.059048,0.276233,0.346499,-0.187597,0.26646,0.436966,0.099479,0.247549,0.432893,-0.22213,0.285921,0.497883,0.035965,0.282201,0.500421,-0.227873,0.289273,0.514259,0.030126,0.288992,0.520523,-0.25537,0.295233,0.509264,0.008332,0.294967,0.511429,-0.249558,0.293487,0.504904,0.025106,0.292881,0.505052,-0.225197,0.262801,0.514907,0.080178,0.257407,0.520007,-0.080224,0.267363,0.649224,0.123522,0.277047,0.649448,-0.0778,0.237011,0.768664,0.16484,0.273865,0.786316,-0.052285,0.224895,0.783486,0.164808,0.265117,0.80669,-0.052047,0.261729,0.80251,0.122405,0.303924,0.821053,-0.112013
HA_Lat_11_6.13.26,10,543.39,542.95,0,545.62,535.23,0.9936,543.39,542.95,0.9944,0.318418,0.293282,-0.098895,0.313903,0.281391,-0.089488,0.312999,0.28101,-0.089637,0.31211,0.280615,-0.089599,0.313332,0.282417,-0.11505,0.312056,0.282709,-0.115251,0.310775,0.28288,-0.115329,0.302447,0.285132,-0.0366,0.301138,0.28716,-0.152351,0.314129,0.306319,-0.075094,0.313532,0.306726,-0.1096,0.283053,0.343248,0.055908,0.276854,0.348472,-0.193039,0.267838,0.437609,0.100406,0.247977,0.434298,-0.237552,0.290027,0.50051,0.053658,0.283017,0.502731,-0.254218,0.293856,0.5146,0.05155,0.289485,0.52294,-0.283723,0.299161,0.509966,0.028356,0.296414,0.515173,-0.277095,0.297358,0.505665,0.042815,0.293956,0.508704,-0.251666,0.262526,0.514832,0.080282,0.257226,0.520048,-0.080326,0.267568,0.648419,0.127386,0.276354,0.649443,-0.07773,0.235427,0.765947,0.173187,0.273848,0.78665,-0.051736,0.221869,0.779782,0.173714,0.264732,0.806661,-0.051506,0.259108,0.801813,0.13022,0.303994,0.821493,-0.112237
HA_Lat_11_6.13.26,11,544.89,544.54,0,549.41,541.55,0.9933,544.89,544.54,0.9947,0.318513,0.294035,-0.101986,0.314195,0.281716,-0.092613,0.313225,0.281408,-0.09276,0.31227,0.281078,-0.092721,0.313759,0.282772,-0.118733,0.312549,0.283155,-0.118926,0.311344,0.283397,-0.119004,0.302584,0.285698,-0.03879,0.301796,0.287743,-0.157211,0.314003,0.30775,-0.077649,0.313454,0.307918,-0.112894,0.282793,0.343263,0.055862,0.277732,0.349509,-0.201135,0.26803,0.437927,0.102947,0.24865,0.434999,-0.248114,0.291992,0.50223,0.055737,0.283798,0.504202,-0.262578,0.294984,0.514063,0.053574,0.289947,0.524519,-0.292518,0.30096,0.509529,0.029485,0.297295,0.517125,-0.286208,0.299628,0.504634,0.044389,0.294843,0.510544,-0.260077,0.261593,0.514837,0.082744,0.256595,0.520086,-0.082781,0.267648,0.647863,0.130714,0.275801,0.649443,-0.082704,0.232629,0.762824,0.181363,0.273681,0.787587,-0.059902,0.216877,0.776172,0.182379,0.264133,0.806893,-0.060121,0.255877,0.801129,0.137319,0.303999,0.821681,-0.125854
HA_Lat_11_6.13.26,12,545.04,545.76,0,546.44,541.34,0.9956,545.04,545.76,0.9951,0.318794,0.295509,-0.099641,0.314618,0.282888,-0.090845,0.31364,0.282689,-0.090993,0.312671,0.282462,-0.090955,0.314249,0.28371,-0.116806,0.3131,0.284074,-0.117004,0.311963,0.284302,-0.117075,0.303097,0.287173,-0.038419,0.302614,0.28892,-0.15649,0.314223,0.309274,-0.07594,0.313664,0.309089,-0.111026,0.28378,0.344657,0.057575,0.278112,0.35075,-0.198458,0.268573,0.438677,0.106204,0.249016,0.435887,-0.239818,0.291267,0.506361,0.058923,0.283877,0.505332,-0.248427,0.294488,0.518626,0.056913,0.289857,0.525444,-0.27671,0.300063,0.51428,0.033364,0.297105,0.518372,-0.270739,0.298824,0.509329,0.047843,0.294776,0.511558,-0.245863,0.260917,0.514921,0.082794,0.255999,0.520211,-0.082831,0.267578,0.647134,0.138175,0.275503,0.649405,-0.078008,0.228894,0.757783,0.191284,0.273634,0.788379,-0.059787,0.211886,0.771316,0.192534,0.264133,0.807561,-0.059485,0.250169,0.799452,0.148762,0.304252,0.822123,-0.121498
HA_Lat_11_6.13.26,13,546.99,546.68,0,545.06,541.07,0.9959,546.99,546.68,0.9952,0.319812,0.296029,-0.10786,0.315684,0.283448,-0.098558,0.314678,0.283365,-0.098704,0.313689,0.283252,-0.09866,0.315258,0.284159,-0.12425,0.314057,0.284582,-0.124442,0.312871,0.284889,-0.124512,0.304054,0.287791,-0.044104,0.303434,0.289881,-0.160678,0.315048,0.310327,-0.083303,0.314327,0.310073,-0.117958,0.284892,0.347167,0.054049,0.278317,0.352031,-0.202256,0.271976,0.440281,0.104489,0.248969,0.43702,-0.246867,0.294221,0.505144,0.051296,0.284892,0.506183,-0.260045,0.298386,0.518045,0.047843,0.290281,0.526431,-0.289683,0.303535,0.514155,0.024854,0.297407,0.520336,-0.283147,0.300791,0.508544,0.040237,0.295213,0.513761,-0.257433,0.260615,0.514923,0.083156,0.25543,0.520207,-0.083194,0.267548,0.646664,0.136724,0.275161,0.649236,-0.072476,0.223616,0.752932,0.187879,0.273468,0.788358,-0.041802,0.207463,0.764806,0.188874,0.26405,0.807564,-0.040836,0.245064,0.798826,0.144902,0.30437,0.82224,-0.106698
HA_Lat_11_6.13.26,14,546.58,547.41,0,544.26,541.44,0.996,546.58,547.41,0.9955,0.31997,0.297364,-0.104415,0.315947,0.285221,-0.095733,0.314961,0.285247,-0.095886,0.313993,0.285191,-0.095844,0.315488,0.285747,-0.121776,0.314273,0.286152,-0.121973,0.31306,0.28641,-0.122047,0.3045,0.289321,-0.043767,0.30374,0.291446,-0.157309,0.315226,0.311591,-0.080452,0.314483,0.311288,-0.115662,0.285849,0.349937,0.054221,0.27844,0.352746,-0.200976,0.270927,0.441121,0.103021,0.249056,0.43785,-0.24463,0.293479,0.507025,0.047251,0.284678,0.506865,-0.251821,0.297662,0.519524,0.043184,0.290273,0.526873,-0.279913,0.302317,0.515076,0.02047,0.297427,0.520607,-0.274146,0.300229,0.510105,0.036221,0.295157,0.513641,-0.24924,0.259962,0.515692,0.08312,0.25454,0.520318,-0.08316,0.267494,0.646332,0.133603,0.2746,0.649078,-0.072218,0.218719,0.746667,0.180151,0.273368,0.788418,-0.042441,0.202669,0.756855,0.180959,0.263803,0.807783,-0.041645,0.237409,0.796893,0.135697,0.305106,0.822315,-0.106607
HA_Lat_11_6.13.26,15,546.52,547.49,0,544.5,542.46,0.996,546.52,547.49,0.9958,0.320233,0.298434,-0.101603,0.316296,0.28684,-0.093064,0.315281,0.286908,-0.093215,0.314281,0.286883,-0.093173,0.315928,0.28737,-0.118864,0.314743,0.287815,-0.119064,0.313559,0.288101,-0.119139,0.304832,0.290944,-0.042839,0.304402,0.292745,-0.156962,0.315398,0.312622,-0.078015,0.314787,0.312215,-0.112934,0.28601,0.350565,0.054731,0.278796,0.352801,-0.198773,0.270235,0.441362,0.101723,0.249148,0.438171,-0.24026,0.292956,0.506088,0.046445,0.284647,0.506937,-0.249326,0.297155,0.519386,0.042632,0.2902,0.527668,-0.277611,0.301739,0.514174,0.019732,0.297485,0.5207,-0.270986,0.299704,0.510108,0.035311,0.295148,0.513721,-0.246499,0.259513,0.515706,0.082999,0.254207,0.52032,-0.08304,0.266239,0.646015,0.128914,0.273784,0.648917,-0.072013,0.214401,0.741273,0.17433,0.273315,0.78848,-0.042528,0.197948,0.749009,0.175342,0.263472,0.807875,-0.041726,0.230397,0.795379,0.131355,0.305138,0.822475,-0.104729
HA_Lat_11_6.13.26,16,546.38,548.9,0,544.1,541.67,0.9964,546.38,548.9,0.9959,0.319968,0.298919,-0.103524,0.316047,0.287422,-0.094175,0.315032,0.287464,-0.094326,0.314037,0.287417,-0.094281,0.31565,0.288046,-0.119597,0.314434,0.288556,-0.119796,0.313221,0.288877,-0.119877,0.304686,0.291933,-0.041862,0.304094,0.293819,-0.155727,0.31535,0.313007,-0.079512,0.314729,0.312715,-0.113767,0.286976,0.351794,0.053687,0.278808,0.354412,-0.197207,0.270609,0.441809,0.096872,0.249031,0.439107,-0.238501,0.29418,0.505252,0.038835,0.284572,0.508244,-0.251253,0.298113,0.519256,0.034835,0.29031,0.528266,-0.280472,0.301763,0.514049,0.010606,0.297523,0.520942,-0.273208,0.300154,0.509256,0.027099,0.295183,0.513989,-0.248342,0.259222,0.515752,0.082791,0.25339,0.520239,-0.082826,0.264871,0.646042,0.124983,0.273327,0.648153,-0.072101,0.209793,0.736738,0.173262,0.273202,0.788485,-0.040812,0.193697,0.740638,0.174579,0.26329,0.807873,-0.039423,0.22087,0.792312,0.13016,0.305309,0.822494,-0.100987
HA_Lat_11_6.13.26,17,545.82,548.88,0,543.45,541.21,0.996,545.82,548.88,0.9961,0.320511,0.299015,-0.111102,0.316332,0.287741,-0.101309,0.315278,0.287816,-0.101461,0.314243,0.287799,-0.101414,0.315991,0.288368,-0.127356,0.314772,0.288903,-0.127556,0.313556,0.289263,-0.127641,0.305091,0.292548,-0.047115,0.304641,0.294388,-0.164116,0.31594,0.313289,-0.08679,0.315382,0.312989,-0.12171,0.287609,0.353272,0.047983,0.278796,0.355332,-0.203241,0.270059,0.442179,0.088261,0.248974,0.439917,-0.23664,0.292962,0.505068,0.025279,0.284283,0.508221,-0.239826,0.296258,0.520904,0.020483,0.290184,0.52835,-0.267095,0.299362,0.514622,-0.003658,0.297426,0.520276,-0.258954,0.29838,0.511484,0.013374,0.295066,0.513318,-0.235972,0.25805,0.516322,0.082772,0.252764,0.520342,-0.082808,0.260749,0.646011,0.129703,0.273058,0.64766,-0.046084,0.205282,0.732339,0.179802,0.273149,0.788473,0.01349,0.189739,0.733481,0.18172,0.262962,0.807824,0.018157,0.214458,0.791558,0.141137,0.305443,0.8225,-0.031431
HA_Lat_11_6.13.26,18,540.21,539.36,0,540.21,539.36,0.9914,545.79,548.71,0.9964,0.320544,0.299607,-0.110088,0.316422,0.288627,-0.100748,0.315342,0.288714,-0.100902,0.314311,0.288728,-0.100853,0.316136,0.289289,-0.126544,0.314935,0.289847,-0.126747,0.313741,0.290245,-0.126835,0.305306,0.29334,-0.048085,0.304866,0.295492,-0.164261,0.316016,0.31398,-0.086362,0.315498,0.313583,-0.120942,0.287586,0.353551,0.046067,0.278674,0.356296,-0.204186,0.268296,0.442028,0.088949,0.248615,0.440997,-0.236275,0.287768,0.507254,0.034879,0.284266,0.508062,-0.236436,0.290521,0.522151,0.0333,0.290051,0.528172,-0.262436,0.294204,0.517723,0.009558,0.297335,0.51963,-0.252834,0.293178,0.51342,0.023586,0.29495,0.512742,-0.231668,0.256663,0.518158,0.082631,0.251729,0.521279,-0.082669,0.25839,0.646034,0.137326,0.272512,0.647662,-0.039571,0.201093,0.728078,0.190833,0.273149,0.788455,0.022241,0.184906,0.726103,0.193526,0.262864,0.807968,0.027425,0.205755,0.789144,0.158,0.305568,0.822499,-0.019145
HA_Lat_11_6.13.26,19,539.94,540.1,0,539.94,540.1,0.9899,545.77,548.45,0.9966,0.320547,0.301617,-0.112192,0.316555,0.290526,-0.103131,0.3155,0.290501,-0.103286,0.31449,0.29041,-0.103234,0.31619,0.291129,-0.128793,0.314955,0.291532,-0.129003,0.313728,0.291815,-0.129093,0.305369,0.294511,-0.050554,0.30469,0.297086,-0.166145,0.316106,0.315556,-0.088428,0.315517,0.31524,-0.122824,0.28825,0.354503,0.04397,0.278658,0.356073,-0.204845,0.268145,0.442602,0.086388,0.248089,0.441418,-0.23547,0.287771,0.505145,0.029879,0.284254,0.507828,-0.232987,0.290582,0.521418,0.027449,0.289946,0.527794,-0.258315,0.294636,0.517107,0.004001,0.29726,0.519441,-0.249244,0.293586,0.510237,0.018597,0.294896,0.512679,-0.228279,0.255556,0.518796,0.082425,0.250995,0.521513,-0.082464,0.254166,0.646235,0.137101,0.272556,0.647426,-0.046539,0.196653,0.724939,0.188384,0.273114,0.788262,0.017046,0.180568,0.721764,0.190607,0.262554,0.807969,0.022672,0.195617,0.786221,0.153793,0.305565,0.822515,-0.022178
HA_Lat_11_6.13.26,20,538.02,538.72,0,538.02,538.72,0.9885,544.42,548.28,0.9968,0.320409,0.302628,-0.109527,0.316473,0.291805,-0.10056,0.315408,0.291714,-0.100715,0.314397,0.29158,-0.100666,0.316111,0.292435,-0.126173,0.314867,0.292789,-0.126382,0.313637,0.29306,-0.126473,0.30522,0.295202,-0.048996,0.304519,0.298059,-0.164577,0.316029,0.316241,-0.086156,0.315439,0.315872,-0.120523,0.28867,0.354939,0.045028,0.278526,0.35659,-0.204719,0.268659,0.442483,0.099713,0.247686,0.442151,-0.238907,0.288134,0.495149,0.06968,0.283552,0.507667,-0.23733,0.291122,0.514458,0.072105,0.289402,0.527698,-0.26265,0.296316,0.506181,0.047831,0.297044,0.518382,-0.252487,0.294255,0.499001,0.058854,0.294822,0.511139,-0.232487,0.254834,0.519055,0.082377,0.250399,0.521608,-0.082418,0.25019,0.646576,0.136894,0.272119,0.647781,-0.050884,0.192149,0.721345,0.181705,0.273159,0.788271,-0.002902,0.176627,0.717276,0.183856,0.262575,0.808678,-2e-05,0.189799,0.784874,0.150377,0.306069,0.822448,-0.052184
HA_Lat_11_6.13.26,21,536.42,538.56,0,536.42,538.56,0.9868,541.59,548.0,0.9971,0.320267,0.304053,-0.113261,0.316353,0.293113,-0.103525,0.315305,0.292933,-0.10368,0.31432,0.292718,-0.103626,0.315969,0.293677,-0.129828,0.31472,0.293958,-0.13004,0.31349,0.294082,-0.130135,0.305237,0.296382,-0.049019,0.304441,0.298576,-0.167022,0.315937,0.317245,-0.088753,0.315326,0.316865,-0.123934,0.290087,0.357476,0.046153,0.278491,0.357269,-0.207648,0.269111,0.445148,0.095059,0.246563,0.442554,-0.24072,0.287695,0.493611,0.036459,0.28208,0.507407,-0.238072,0.291006,0.513919,0.033672,0.288012,0.527592,-0.264005,0.296068,0.50473,0.008335,0.295238,0.518283,-0.254146,0.294156,0.498034,0.024174,0.293379,0.51092,-0.233405,0.254423,0.51954,0.082406,0.24965,0.521683,-0.082445,0.247173,0.646887,0.128337,0.271769,0.647838,-0.052127,0.188062,0.718474,0.166937,0.273186,0.788261,0.00587,0.172518,0.712984,0.168326,0.262725,0.808773,0.01074,0.185079,0.783612,0.131643,0.306069,0.822322,-0.035218
HA_Lat_11_6.13.26,22,537.24,538.17,0,537.24,538.17,0.987,540.4,547.81,0.9973,0.320219,0.304146,-0.129268,0.316264,0.293237,-0.119024,0.315235,0.293091,-0.119185,0.314272,0.292909,-0.11913,0.315855,0.293766,-0.145314,0.314598,0.294037,-0.145529,0.313356,0.294165,-0.145628,0.305274,0.296943,-0.060618,0.3043,0.298944,-0.178734,0.316114,0.317271,-0.103531,0.315426,0.316963,-0.138643,0.291913,0.358698,0.038081,0.278393,0.357887,-0.215195,0.269788,0.446891,0.076211,0.245497,0.442646,-0.246701,0.287411,0.493176,0.001274,0.281458,0.507229,-0.246258,0.290635,0.513599,-0.005331,0.287521,0.527508,-0.274312,0.295688,0.504156,-0.030284,0.294698,0.517754,-0.26534,0.294033,0.497901,-0.011229,0.292932,0.510628,-0.242014,0.253583,0.519883,0.082384,0.248184,0.521682,-0.082427,0.243613,0.647266,0.1261,0.271693,0.647976,-0.052411,0.183436,0.716879,0.168241,0.273195,0.788255,0.011474,0.168457,0.709793,0.169654,0.262794,0.809192,0.016958,0.177581,0.782329,0.131892,0.30604,0.822305,-0.028469
HA_Lat_11_6.13.26,23,535.55,536.32,0,535.55,536.32,0.986,537.65,546.56,0.9974,0.320205,0.305865,-0.131897,0.316209,0.294391,-0.121955,0.315217,0.294162,-0.122122,0.314213,0.293911,-0.122069,0.315764,0.294919,-0.147166,0.314511,0.295023,-0.147386,0.313245,0.295002,-0.147485,0.305205,0.298313,-0.063734,0.304205,0.299613,-0.177099,0.316055,0.31819,-0.10622,0.315338,0.317937,-0.139857,0.295299,0.360644,0.034321,0.278304,0.358257,-0.213098,0.272188,0.446865,0.063323,0.243464,0.442467,-0.245601,0.288107,0.490432,-0.022053,0.280027,0.506073,-0.24758,0.290773,0.511392,-0.030885,0.286306,0.52602,-0.275796,0.295712,0.500139,-0.055397,0.293049,0.51523,-0.267848,0.294085,0.495025,-0.034606,0.291674,0.508377,-0.243769,0.252941,0.520385,0.081218,0.24701,0.521635,-0.081249,0.240039,0.647584,0.104581,0.271821,0.647984,-0.054721,0.179082,0.715101,0.13732,0.27304,0.788693,0.00224,0.163934,0.707323,0.137524,0.2629,0.809992,0.00688,0.173249,0.781424,0.096753,0.306139,0.82215,-0.03862
HA_Lat_11_6.13.26,24,532.0,541.0,0,535.87,534.8,0.9869,534.48,546.46,0.9974,0.320158,0.306205,-0.136899,0.316127,0.294761,-0.126288,0.315136,0.294514,-0.12646,0.314153,0.294248,-0.126409,0.315678,0.295316,-0.150819,0.314422,0.295465,-0.151043,0.313152,0.295448,-0.151149,0.305359,0.299534,-0.065556,0.304082,0.300461,-0.175918,0.316411,0.318329,-0.110422,0.315634,0.318098,-0.143158,0.297537,0.362887,0.031345,0.278229,0.359388,-0.210064,0.275049,0.446517,0.058945,0.241815,0.442655,-0.243884,0.287917,0.490596,-0.027709,0.278377,0.505979,-0.246058,0.290343,0.511999,-0.037141,0.284182,0.525883,-0.274341,0.293426,0.500214,-0.061691,0.290142,0.515143,-0.267123,0.292831,0.495128,-0.040201,0.28927,0.508293,-0.242561,0.253184,0.520577,0.078795,0.245784,0.521412,-0.078812,0.23791,0.647669,0.094692,0.2718,0.647992,-0.054954,0.175598,0.713615,0.12611,0.272922,0.788768,-0.002711,0.160229,0.705545,0.125991,0.262913,0.810502,0.001631,0.168934,0.780215,0.080166,0.306146,0.821765,-0.046616
HA_Lat_11_6.13.26,25,532.0,538.0,0,534.77,535.01,0.9932,532.21,546.07,0.9974,0.320083,0.310426,-0.143189,0.316077,0.299036,-0.132599,0.31515,0.298582,-0.132773,0.314298,0.298099,-0.132716,0.315612,0.299519,-0.156633,0.314388,0.299418,-0.156862,0.313069,0.299177,-0.15697,0.305795,0.302573,-0.069683,0.303685,0.303911,-0.17755,0.316455,0.321637,-0.115697,0.31554,0.321622,-0.147805,0.299518,0.364377,0.029872,0.278218,0.360172,-0.210071,0.276734,0.445791,0.053324,0.240497,0.442543,-0.244282,0.288496,0.488674,-0.04033,0.277193,0.505616,-0.249852,0.290344,0.510208,-0.050888,0.282568,0.525364,-0.278469,0.293446,0.500544,-0.074364,0.2881,0.515064,-0.271623,0.292825,0.495269,-0.052535,0.287456,0.50824,-0.246454,0.252421,0.521071,0.078173,0.244536,0.521408,-0.078192,0.23533,0.647795,0.0977,0.271923,0.648301,-0.061589,0.171782,0.71189,0.133082,0.272749,0.788881,-0.006188,0.156194,0.70325,0.133283,0.262891,0.810732,-0.002876,0.165308,0.77857,0.088164,0.306092,0.82162,-0.053649
HA_Lat_11_6.13.26,26,529.48,532.43,0,529.48,532.43,0.9906,529.31,545.49,0.9973,0.320034,0.313505,-0.140698,0.316046,0.302096,-0.13002,0.315097,0.301522,-0.130193,0.314263,0.300918,-0.130135,0.315465,0.302581,-0.153682,0.31409,0.302374,-0.153912,0.312577,0.302112,-0.154021,0.305936,0.305012,-0.066994,0.30298,0.306498,-0.174224,0.316376,0.324338,-0.11312,0.315493,0.324425,-0.144793,0.300528,0.366503,0.031777,0.277891,0.360984,-0.209715,0.277127,0.445567,0.051947,0.238305,0.44246,-0.241914,0.28829,0.488877,-0.044238,0.275681,0.505084,-0.248798,0.288652,0.510952,-0.054584,0.281191,0.524396,-0.27695,0.2917,0.50081,-0.077094,0.286756,0.514331,-0.270187,0.291579,0.496074,-0.055983,0.2861,0.507689,-0.245132,0.252335,0.521765,0.07788,0.24356,0.521407,-0.077897,0.231917,0.647855,0.104703,0.272012,0.648415,-0.079771,0.168022,0.710675,0.143455,0.272689,0.789041,-0.037339,0.152226,0.70205,0.143977,0.262717,0.810837,-0.034352,0.162623,0.776491,0.100373,0.306111,0.821698,-0.084523
HA_Lat_11_6.13.26,27,526.27,533.02,0,526.27,533.02,0.9925,525.6,544.18,0.9968,0.319868,0.314416,-0.134183,0.315867,0.302998,-0.125572,0.314965,0.302414,-0.125727,0.314193,0.301809,-0.125674,0.315125,0.303606,-0.151359,0.313612,0.303513,-0.151573,0.311914,0.303387,-0.151658,0.305851,0.305982,-0.059245,0.30209,0.307902,-0.161733,0.316318,0.325218,-0.110162,0.315358,0.325492,-0.14362,0.30141,0.369267,0.03459,0.277713,0.361593,-0.196093,0.285948,0.44786,0.035073,0.237429,0.442382,-0.23062,0.293036,0.485238,-0.104124,0.273748,0.503869,-0.241646,0.290855,0.502648,-0.12289,0.278984,0.522652,-0.270801,0.293107,0.496447,-0.143307,0.284175,0.512956,-0.265324,0.293188,0.491361,-0.116426,0.283672,0.506502,-0.238617,0.252113,0.522224,0.077156,0.242722,0.521415,-0.077164,0.228673,0.647895,0.082795,0.272086,0.648721,-0.087795,0.164658,0.710231,0.107436,0.272679,0.789448,-0.050126,0.148402,0.700448,0.106328,0.262682,0.811188,-0.047759,0.159369,0.775092,0.058976,0.305445,0.821415,-0.097407
HA_Lat_11_6.13.26,28,525.37,533.35,0,525.37,533.35,0.9942,523.02,544.04,0.9968,0.31967,0.314663,-0.135508,0.315438,0.303201,-0.125263,0.314606,0.302651,-0.125435,0.313922,0.302068,-0.125381,0.314539,0.303965,-0.149806,0.312938,0.304021,-0.150029,0.311099,0.304016,-0.150129,0.305728,0.306185,-0.060833,0.300867,0.308521,-0.165022,0.316266,0.325671,-0.109093,0.315311,0.326105,-0.141617,0.301542,0.36968,0.035653,0.277323,0.362271,-0.197172,0.284857,0.448729,0.05037,0.23563,0.442302,-0.231728,0.293061,0.485557,-0.051122,0.272409,0.503744,-0.243008,0.290868,0.503501,-0.062473,0.277754,0.522167,-0.271903,0.29302,0.497261,-0.085086,0.283305,0.512559,-0.266187,0.293073,0.492076,-0.063123,0.282733,0.50626,-0.239992,0.251678,0.523228,0.077021,0.241816,0.521642,-0.077031,0.224779,0.647948,0.093206,0.27215,0.648921,-0.082492,0.161333,0.710423,0.125853,0.272619,0.789399,-0.037586,0.144744,0.702613,0.125626,0.262322,0.811062,-0.032264,0.156541,0.774803,0.080983,0.304013,0.821395,-0.072287
HA_Lat_11_6.13.26,29,520.88,533.02,0,520.88,533.02,0.9946,522.06,544.06,0.9968,0.318951,0.318208,-0.137265,0.31512,0.306976,-0.12681,0.314385,0.306247,-0.126991,0.313793,0.305479,-0.126937,0.313971,0.307499,-0.150265,0.312228,0.30729,-0.150485,0.310225,0.307005,-0.150584,0.305717,0.309033,-0.062986,0.299492,0.310394,-0.165446,0.315824,0.32893,-0.110024,0.314295,0.32917,-0.141242,0.301789,0.372593,0.033404,0.276023,0.3627,-0.19682,0.288216,0.449,0.033137,0.234599,0.442307,-0.230475,0.293531,0.485917,-0.092574,0.271906,0.503755,-0.240776,0.290922,0.503952,-0.109417,0.277455,0.522157,-0.269198,0.292775,0.497563,-0.129768,0.283035,0.512565,-0.264576,0.293039,0.491701,-0.104328,0.282221,0.506254,-0.238034,0.250878,0.524422,0.075003,0.240755,0.521961,-0.075028,0.220834,0.64795,0.075954,0.272148,0.649002,-0.071245,0.158234,0.710572,0.090922,0.272592,0.789394,-0.018019,0.141167,0.702758,0.088817,0.26213,0.811042,-0.013305,0.15368,0.774866,0.042284,0.303324,0.821027,-0.052307
HA_Lat_11_6.13.26,30,522.98,535.26,0,522.98,535.26,0.994,519.71,544.27,0.9967,0.318288,0.319112,-0.133701,0.31444,0.307773,-0.123254,0.313857,0.307085,-0.123433,0.313423,0.306358,-0.123379,0.312935,0.308247,-0.146947,0.311086,0.308078,-0.147169,0.308965,0.307844,-0.14727,0.305434,0.310158,-0.060986,0.297985,0.311391,-0.165356,0.315429,0.330008,-0.10667,0.313433,0.330297,-0.138283,0.301037,0.373481,0.035095,0.274909,0.363149,-0.196851,0.285525,0.451328,0.043419,0.233316,0.442455,-0.230747,0.29348,0.486293,-0.06996,0.270683,0.503952,-0.240489,0.290696,0.504261,-0.083932,0.275742,0.522339,-0.268661,0.292118,0.498044,-0.105472,0.281936,0.512578,-0.264459,0.292545,0.491909,-0.081926,0.28114,0.50626,-0.237788,0.249792,0.525896,0.074968,0.239485,0.522895,-0.074999,0.216994,0.647943,0.083415,0.272177,0.649157,-0.069778,0.154873,0.711209,0.105705,0.272475,0.789382,-0.013315,0.137869,0.70355,0.104432,0.262064,0.810907,-0.008699,0.151057,0.775031,0.059864,0.301905,0.821008,-0.048591
HA_Lat_11_6.13.26,31,516.35,544.3,0,517.05,539.27,0.9874,516.35,544.3,0.9968,0.317397,0.320935,-0.13583,0.313562,0.309841,-0.124768,0.3131,0.309159,-0.124949,0.312795,0.308427,-0.124894,0.311789,0.31028,-0.148194,0.309818,0.310067,-0.148416,0.307606,0.309814,-0.148517,0.304916,0.312272,-0.060651,0.296657,0.313506,-0.165216,0.31472,0.331568,-0.107965,0.312343,0.331995,-0.139183,0.300692,0.375357,0.036044,0.273859,0.3652,-0.196656,0.286195,0.450864,0.040017,0.231755,0.442542,-0.229797,0.293264,0.48658,-0.08445,0.268934,0.503983,-0.239586,0.290767,0.504401,-0.10085,0.273468,0.522386,-0.267958,0.29225,0.497732,-0.122241,0.280181,0.512593,-0.264341,0.292503,0.49202,-0.096649,0.279552,0.506282,-0.237109,0.247818,0.527144,0.075124,0.23762,0.523623,-0.075154,0.213401,0.647964,0.086529,0.272158,0.649126,-0.071079,0.15195,0.712351,0.111041,0.272421,0.789373,-0.014524,0.135493,0.704859,0.1099,0.261852,0.81072,-0.010378,0.150055,0.77568,0.066242,0.301419,0.820582,-0.052636
HA_Lat_11_6.13.26,32,514.54,544.29,0,514.71,538.83,0.9881,514.54,544.29,0.9968,0.315134,0.322182,-0.135851,0.311959,0.311359,-0.124386,0.311835,0.310787,-0.124567,0.311847,0.310126,-0.12451,0.309586,0.311589,-0.14732,0.307497,0.31134,-0.147546,0.305147,0.31104,-0.147653,0.304241,0.313888,-0.059611,0.294332,0.314706,-0.161037,0.313082,0.333036,-0.107261,0.310229,0.33361,-0.137964,0.300233,0.376266,0.038456,0.272241,0.366425,-0.190391,0.287066,0.450531,0.04747,0.229898,0.442604,-0.227069,0.293269,0.486726,-0.067168,0.267989,0.503968,-0.239633,0.291511,0.504633,-0.081608,0.2729,0.522479,-0.267981,0.292309,0.498042,-0.103124,0.279537,0.51261,-0.263917,0.29247,0.492322,-0.07912,0.279233,0.506187,-0.237102,0.245995,0.527918,0.074568,0.236143,0.524118,-0.074602,0.209533,0.647874,0.079709,0.272115,0.649104,-0.071158,0.149386,0.713868,0.099954,0.27242,0.788659,-0.014757,0.132708,0.706318,0.098339,0.261859,0.810142,-0.010994,0.148094,0.776284,0.052093,0.301413,0.820472,-0.055521
HA_Lat_11_6.13.26,33,512.08,544.42,0,514.63,537.39,0.9942,512.08,544.42,0.9961,0.314298,0.324071,-0.125336,0.310916,0.313098,-0.11398,0.310777,0.312448,-0.114165,0.310804,0.311727,-0.11411,0.308606,0.31342,-0.135474,0.30657,0.313204,-0.135702,0.304261,0.312939,-0.135813,0.30298,0.315131,-0.050276,0.293213,0.316316,-0.147009,0.312217,0.334919,-0.097424,0.30932,0.33566,-0.126099,0.299731,0.378541,0.043993,0.271146,0.367048,-0.176817,0.289934,0.452981,0.04866,0.22825,0.442697,-0.207042,0.293792,0.487481,-0.071152,0.266707,0.504092,-0.210189,0.291853,0.504947,-0.086248,0.27135,0.522843,-0.234508,0.292364,0.49822,-0.105515,0.27788,0.512763,-0.229741,0.292488,0.492579,-0.0823,0.277317,0.506226,-0.207265,0.24418,0.529304,0.073097,0.234828,0.524906,-0.073136,0.206679,0.647731,0.078647,0.272144,0.649097,-0.071055,0.147257,0.714989,0.089881,0.272436,0.787987,-0.017709,0.130683,0.708761,0.087474,0.261862,0.809181,-0.013713,0.145921,0.776438,0.043142,0.301006,0.819691,-0.05659
HA_Lat_11_6.13.26,34,509.73,545.12,0,510.1,537.66,0.9943,509.73,545.12,0.995,0.31303,0.324194,-0.117503,0.309491,0.313094,-0.10644,0.309249,0.312471,-0.106626,0.309165,0.311791,-0.106578,0.307513,0.31373,-0.129312,0.305617,0.313691,-0.129538,0.303493,0.313552,-0.129655,0.301126,0.315254,-0.045118,0.292635,0.316931,-0.147599,0.31086,0.335316,-0.090697,0.308374,0.336208,-0.121153,0.299326,0.37952,0.04698,0.268807,0.36728,-0.180979,0.288528,0.452922,0.048787,0.226349,0.443057,-0.213051,0.29363,0.487951,-0.074144,0.265485,0.504738,-0.215624,0.291859,0.505059,-0.089425,0.270432,0.523689,-0.241288,0.292405,0.498412,-0.109517,0.276654,0.513579,-0.235594,0.29237,0.492622,-0.085786,0.276164,0.506906,-0.212487,0.242415,0.530567,0.073449,0.233271,0.525937,-0.073486,0.203791,0.6477,0.084436,0.272164,0.649105,-0.075703,0.145282,0.715608,0.106473,0.272442,0.787834,-0.028794,0.128331,0.709833,0.105369,0.261887,0.809095,-0.025082,0.144569,0.777468,0.062205,0.300715,0.819281,-0.064637
HA_Lat_11_6.13.26,35,507.6,546.29,0,507.28,537.36,0.9937,507.6,546.29,0.9945,0.312492,0.324795,-0.117379,0.308771,0.31371,-0.106267,0.308426,0.313052,-0.10645,0.308243,0.312353,-0.106401,0.306886,0.314425,-0.129467,0.304952,0.31435,-0.129693,0.302822,0.314167,-0.129808,0.300226,0.316151,-0.044554,0.292231,0.317457,-0.148707,0.310072,0.335928,-0.090493,0.307663,0.336782,-0.121407,0.298968,0.381319,0.047623,0.267125,0.369192,-0.18153,0.285912,0.458735,0.049123,0.224329,0.443893,-0.210433,0.290847,0.491746,-0.072255,0.264375,0.505826,-0.209007,0.290825,0.508043,-0.087441,0.269547,0.525103,-0.234157,0.290852,0.501802,-0.107898,0.275993,0.514984,-0.228421,0.290078,0.494269,-0.084025,0.275329,0.507864,-0.205741,0.240392,0.531902,0.073529,0.231845,0.527544,-0.073562,0.200244,0.647722,0.088169,0.272212,0.649182,-0.07573,0.14353,0.718906,0.111581,0.272428,0.787788,-0.028056,0.12687,0.712234,0.110444,0.26183,0.809019,-0.02436,0.144771,0.781384,0.068223,0.300992,0.819286,-0.063568
HA_Lat_11_6.13.26,36,503.8,547.47,0,501.96,537.08,0.99,503.8,547.47,0.9924,0.311126,0.325875,-0.114175,0.306989,0.314741,-0.102413,0.306621,0.314156,-0.102592,0.306412,0.313509,-0.102543,0.305171,0.315464,-0.126096,0.303301,0.315485,-0.126316,0.301288,0.315405,-0.126433,0.298445,0.317678,-0.039005,0.290926,0.319136,-0.145021,0.308701,0.336858,-0.086887,0.306348,0.337678,-0.118451,0.298302,0.384524,0.052707,0.264983,0.37101,-0.179838,0.285112,0.46057,0.046756,0.222213,0.444526,-0.213013,0.290758,0.494535,-0.088617,0.262397,0.506915,-0.215424,0.290289,0.510965,-0.106403,0.267926,0.526223,-0.241658,0.290425,0.502933,-0.125981,0.273936,0.51622,-0.235697,0.289738,0.495863,-0.100409,0.273591,0.508925,-0.21222,0.23794,0.534359,0.073652,0.230375,0.529874,-0.073671,0.19746,0.647723,0.106181,0.27236,0.649154,-0.082094,0.142136,0.724602,0.144273,0.272441,0.787572,-0.034311,0.125988,0.717663,0.144383,0.261829,0.808634,-0.030415,0.143862,0.785089,0.101953,0.301043,0.8193,-0.069515
HA_Lat_11_6.13.26,37,501.81,547.74,0,499.16,537.17,0.9894,501.81,547.74,0.9916,0.307972,0.330771,-0.10167,0.304494,0.319962,-0.090777,0.304252,0.319331,-0.090946,0.304155,0.318648,-0.090897,0.302604,0.320606,-0.114183,0.300813,0.320507,-0.114401,0.298889,0.320325,-0.114513,0.296376,0.321888,-0.03137,0.288552,0.323207,-0.135604,0.305374,0.341476,-0.075697,0.303146,0.342415,-0.106863,0.295497,0.386496,0.058723,0.262901,0.372954,-0.17216,0.283685,0.465356,0.04921,0.220659,0.446236,-0.206053,0.287576,0.496306,-0.077346,0.261361,0.507165,-0.205649,0.285448,0.515653,-0.093203,0.26677,0.526905,-0.23053,0.286027,0.504194,-0.11233,0.272467,0.516982,-0.223709,0.285908,0.497644,-0.088713,0.272044,0.509187,-0.201971,0.23476,0.536558,0.07361,0.229151,0.53269,-0.073635,0.194978,0.647745,0.09546,0.272594,0.649155,-0.080403,0.141026,0.730408,0.109683,0.272564,0.787459,-0.037665,0.124607,0.726415,0.107488,0.26214,0.808634,-0.034529,0.142973,0.788868,0.064117,0.302086,0.819305,-0.07136
HA_Lat_11_6.13.26,38,498.23,548.55,0,495.4,539.58,0.9889,498.23,548.55,0.9909,0.306684,0.332648,-0.097415,0.30293,0.321857,-0.086723,0.302537,0.321198,-0.08689,0.302287,0.320525,-0.086839,0.301254,0.322517,-0.110347,0.2995,0.32243,-0.110562,0.297611,0.322281,-0.110669,0.294377,0.324245,-0.028827,0.28704,0.325645,-0.133992,0.303911,0.343466,-0.072066,0.301771,0.34433,-0.103561,0.293319,0.387355,0.059702,0.261581,0.374229,-0.171432,0.28351,0.463424,0.050609,0.218737,0.447826,-0.204618,0.285735,0.4978,-0.07265,0.259496,0.507915,-0.201523,0.283867,0.517582,-0.087757,0.265121,0.527535,-0.226038,0.284452,0.505909,-0.106974,0.270629,0.517303,-0.218886,0.283643,0.499234,-0.083931,0.270487,0.509497,-0.19769,0.232939,0.538984,0.073764,0.227495,0.535163,-0.07379,0.191737,0.648611,0.098583,0.272981,0.649103,-0.079354,0.140317,0.736404,0.115752,0.272632,0.787331,-0.037301,0.124545,0.733269,0.114481,0.262342,0.808596,-0.033938,0.142436,0.793016,0.068999,0.302446,0.81914,-0.071211
HA_Lat_11_6.13.26,39,495.68,550.07,0,495.61,545.94,0.9894,495.68,550.07,0.9907,0.304365,0.334781,-0.096396,0.300625,0.324395,-0.085702,0.300251,0.323849,-0.085864,0.300009,0.323267,-0.085809,0.298968,0.325054,-0.109504,0.297279,0.325078,-0.109725,0.295425,0.324997,-0.10983,0.292292,0.32709,-0.027523,0.285196,0.328385,-0.133462,0.301822,0.345448,-0.070772,0.299743,0.346441,-0.102504,0.288726,0.386863,0.062823,0.259185,0.3759,-0.170797,0.276918,0.465043,0.054368,0.216976,0.450328,-0.203071,0.283309,0.498933,-0.065475,0.258167,0.509328,-0.196661,0.281101,0.519497,-0.079464,0.263696,0.529057,-0.220017,0.282125,0.506657,-0.099461,0.268924,0.518821,-0.212775,0.2819,0.500468,-0.076887,0.268961,0.510772,-0.192554,0.230839,0.54076,0.073852,0.22695,0.538299,-0.073882,0.189607,0.649775,0.093537,0.273434,0.649086,-0.079035,0.13955,0.741797,0.101257,0.272827,0.787285,-0.035481,0.123875,0.740606,0.098742,0.262366,0.808458,-0.032054,0.141745,0.795431,0.056107,0.302797,0.819216,-0.067726
HA_Lat_11_6.13.26,40,489.07,547.36,0,489.07,547.36,0.9897,493.15,551.92,0.9903,0.302312,0.337317,-0.095305,0.298515,0.327066,-0.08408,0.298095,0.326464,-0.08424,0.297828,0.325817,-0.084181,0.296807,0.32774,-0.108041,0.294963,0.327684,-0.108258,0.292962,0.327501,-0.108357,0.289982,0.32999,-0.024056,0.282628,0.330989,-0.130871,0.299616,0.347909,-0.069102,0.297458,0.348709,-0.101091,0.286156,0.390738,0.066104,0.257187,0.379124,-0.16825,0.273312,0.469311,0.054689,0.215165,0.453457,-0.200191,0.280414,0.501281,-0.072085,0.25685,0.511037,-0.195032,0.278108,0.520387,-0.088306,0.262684,0.530766,-0.219442,0.280475,0.50812,-0.106959,0.267736,0.520359,-0.212485,0.279511,0.502014,-0.083378,0.267555,0.512266,-0.19115,0.229114,0.544022,0.074043,0.225195,0.542299,-0.074069,0.187327,0.653022,0.104567,0.273834,0.648794,-0.088305,0.136874,0.745602,0.12653,0.273166,0.787184,-0.045675,0.12104,0.747048,0.125418,0.262404,0.808093,-0.041956,0.142167,0.797212,0.090371,0.303529,0.819201,-0.074399
HA_Lat_11_6.13.26,41,490.61,553.88,0,488.87,551.84,0.9874,490.61,553.88,0.9898,0.299235,0.340227,-0.098805,0.295302,0.329669,-0.087608,0.295029,0.329152,-0.08777,0.294904,0.32858,-0.087713,0.293117,0.330159,-0.111613,0.291054,0.330206,-0.111829,0.28881,0.330125,-0.111929,0.287294,0.332427,-0.026481,0.278495,0.333819,-0.133734,0.296868,0.350975,-0.072188,0.294117,0.351787,-0.104268,0.282965,0.391786,0.066758,0.254554,0.380286,-0.170763,0.273142,0.468961,0.066505,0.213245,0.456319,-0.20325,0.277675,0.505172,-0.049937,0.255526,0.512849,-0.202571,0.275786,0.525484,-0.064005,0.261434,0.532527,-0.228094,0.276724,0.51179,-0.082171,0.266448,0.522083,-0.218821,0.276564,0.506566,-0.060639,0.265843,0.514558,-0.197764,0.226702,0.546451,0.074703,0.223764,0.545224,-0.074729,0.18538,0.657339,0.104737,0.27435,0.648734,-0.091817,0.133666,0.748545,0.131292,0.273294,0.787172,-0.05299,0.118327,0.75117,0.130742,0.262412,0.80805,-0.049745,0.141648,0.797744,0.09526,0.303745,0.819018,-0.084186
HA_Lat_11_6.13.26,42,486.63,555.98,0,486.99,555.35,0.987,486.63,555.98,0.9889,0.296001,0.343513,-0.089968,0.292317,0.333121,-0.079472,0.291921,0.332592,-0.079631,0.291683,0.332025,-0.079575,0.290559,0.333717,-0.102912,0.288706,0.33377,-0.103137,0.286684,0.33371,-0.103246,0.284292,0.336374,-0.021903,0.276412,0.3375,-0.126713,0.293475,0.354626,-0.064484,0.291202,0.35527,-0.095842,0.278443,0.395445,0.069279,0.252664,0.384393,-0.162911,0.261456,0.473066,0.076314,0.21104,0.460096,-0.193447,0.268431,0.510897,-0.02388,0.253451,0.514795,-0.186496,0.265246,0.533137,-0.034675,0.259938,0.534982,-0.208954,0.268417,0.525787,-0.052558,0.264874,0.524473,-0.200714,0.268387,0.520007,-0.034042,0.263942,0.51716,-0.181878,0.22528,0.55061,0.074621,0.22282,0.550235,-0.07465,0.183424,0.6612,0.10498,0.274773,0.648701,-0.089064,0.130108,0.750944,0.131484,0.27341,0.78713,-0.047077,0.114571,0.754843,0.130969,0.262569,0.807607,-0.041747,0.14,0.798818,0.096127,0.303765,0.819215,-0.065812
HA_Lat_11_6.13.26,43,480.62,557.81,0,480.62,557.81,0.9896,484.89,558.68,0.9884,0.294301,0.348801,-0.088321,0.290609,0.337753,-0.077917,0.290126,0.337168,-0.078079,0.289765,0.33657,-0.078029,0.289148,0.338066,-0.101856,0.28729,0.337772,-0.10207,0.285163,0.337445,-0.102168,0.281295,0.340101,-0.020794,0.27412,0.341063,-0.127639,0.291316,0.359167,-0.062996,0.28924,0.359356,-0.094983,0.275604,0.39827,0.068353,0.25035,0.388333,-0.164268,0.261354,0.476787,0.072815,0.2098,0.464482,-0.198271,0.268215,0.513063,-0.031256,0.252548,0.517294,-0.195065,0.266392,0.536258,-0.042379,0.25885,0.537688,-0.218763,0.267696,0.527317,-0.062445,0.264265,0.527212,-0.211267,0.269159,0.519595,-0.042219,0.263316,0.520099,-0.190919,0.223095,0.553761,0.074619,0.220691,0.553453,-0.074648,0.181347,0.665026,0.104868,0.275005,0.648656,-0.08765,0.126861,0.752622,0.131537,0.273555,0.787091,-0.043555,0.111922,0.759132,0.131098,0.262571,0.807477,-0.038884,0.140088,0.798932,0.097821,0.303919,0.81901,-0.065478
HA_Lat_11_6.13.26,44,475.34,558.13,0,475.34,558.13,0.9908,481.73,560.22,0.9877,0.292194,0.351872,-0.092348,0.288543,0.340727,-0.082412,0.288125,0.340137,-0.082575,0.287834,0.339528,-0.082523,0.286934,0.340835,-0.106031,0.285058,0.340336,-0.106249,0.282977,0.33973,-0.106337,0.279575,0.342712,-0.02465,0.272328,0.343033,-0.131517,0.289275,0.362196,-0.067422,0.287106,0.362206,-0.099013,0.274099,0.402915,0.066025,0.246947,0.39103,-0.167779,0.25635,0.475488,0.070977,0.207496,0.468031,-0.201835,0.260722,0.521626,-0.035473,0.250899,0.518724,-0.195316,0.25978,0.538333,-0.047416,0.256866,0.538767,-0.219327,0.262478,0.531447,-0.067168,0.262199,0.528779,-0.211675,0.264297,0.521708,-0.046489,0.261133,0.521617,-0.191009,0.222947,0.557752,0.076477,0.217832,0.556694,-0.076481,0.179967,0.668472,0.131295,0.275121,0.648536,-0.099328,0.124266,0.753606,0.191137,0.27359,0.78709,-0.045558,0.10946,0.761776,0.194105,0.262575,0.806903,-0.040307,0.138396,0.799348,0.164508,0.303921,0.819117,-0.068702
HA_Lat_11_6.13.26,45,474.23,561.77,0,474.23,561.77,0.9909,479.57,563.58,0.9882,0.290341,0.355204,-0.110402,0.286916,0.343527,-0.098876,0.286562,0.342804,-0.099047,0.286332,0.342093,-0.098995,0.285246,0.343723,-0.124401,0.283453,0.343108,-0.124603,0.281462,0.342359,-0.124736,0.277896,0.344692,-0.033225,0.270836,0.345005,-0.148372,0.287003,0.365304,-0.081771,0.284965,0.36531,-0.115966,0.270498,0.403692,0.064361,0.244019,0.393144,-0.184362,0.247474,0.477122,0.070751,0.206415,0.472059,-0.22052,0.249701,0.533641,-0.031243,0.249777,0.521834,-0.212798,0.248442,0.548675,-0.042172,0.256152,0.541246,-0.239626,0.252,0.544642,-0.06231,0.261434,0.531769,-0.230019,0.255898,0.531275,-0.042298,0.260236,0.52473,-0.207532,0.22185,0.560678,0.079829,0.216199,0.560913,-0.079818,0.176051,0.671883,0.152823,0.275118,0.648163,-0.102581,0.121811,0.755259,0.23021,0.273632,0.78707,-0.043241,0.107084,0.764394,0.234883,0.26259,0.806314,-0.038613,0.137832,0.799424,0.205025,0.304045,0.819136,-0.068714
HA_Lat_11_6.13.26,46,472.56,562.46,0,472.56,562.46,0.9893,477.27,565.33,0.9885,0.287479,0.35518,-0.109277,0.283864,0.343663,-0.097406,0.28354,0.343148,-0.097576,0.283335,0.342618,-0.097523,0.282098,0.343739,-0.123197,0.280354,0.343296,-0.1234,0.278455,0.342729,-0.123539,0.274761,0.345989,-0.031875,0.267384,0.346121,-0.147483,0.284657,0.365446,-0.080523,0.282615,0.365397,-0.11497,0.26834,0.40693,0.064795,0.24176,0.39438,-0.184018,0.248585,0.480594,0.072909,0.205319,0.476594,-0.219672,0.252007,0.537182,-0.031584,0.248576,0.523456,-0.213378,0.251058,0.551406,-0.042973,0.255034,0.543012,-0.240352,0.254947,0.543845,-0.062717,0.260224,0.532696,-0.230693,0.25639,0.535202,-0.042586,0.258892,0.525534,-0.208053,0.219245,0.563197,0.081061,0.214857,0.564073,-0.081049,0.174096,0.674178,0.144161,0.275148,0.647541,-0.107344,0.12103,0.758326,0.20791,0.273592,0.786739,-0.050292,0.105992,0.767915,0.211188,0.262618,0.805927,-0.045098,0.138517,0.799047,0.181672,0.304295,0.819482,-0.076618
HA_Lat_11_6.13.26,47,470.69,564.26,0,470.69,564.26,0.9902,475.13,565.8,0.9863,0.2846,0.357954,-0.101323,0.281031,0.346392,-0.090361,0.280619,0.346002,-0.090522,0.280335,0.345584,-0.09046,0.279395,0.346133,-0.115129,0.277686,0.345547,-0.115347,0.275919,0.344829,-0.115477,0.272537,0.348872,-0.028443,0.266107,0.348056,-0.1395,0.281266,0.368445,-0.073855,0.279267,0.368258,-0.106956,0.26373,0.407178,0.06535,0.239128,0.397448,-0.172449,0.243869,0.47906,0.072422,0.203712,0.480199,-0.194675,0.247824,0.535126,-0.031749,0.247464,0.523887,-0.169257,0.247195,0.549243,-0.042978,0.254597,0.542481,-0.189533,0.251075,0.543894,-0.06116,0.259214,0.531957,-0.180623,0.251509,0.53687,-0.0422,0.257474,0.525317,-0.163746,0.21821,0.565559,0.080273,0.21412,0.567313,-0.080268,0.173045,0.675617,0.134509,0.275182,0.647125,-0.103949,0.119542,0.760204,0.187698,0.2736,0.786754,-0.048201,0.104732,0.77138,0.189995,0.262629,0.805656,-0.043551,0.137852,0.798695,0.158649,0.304313,0.819485,-0.073971
HA_Lat_11_6.13.26,48,470.38,566.07,0,470.38,566.07,0.9893,474.89,568.6,0.9858,0.281942,0.358724,-0.087088,0.278464,0.347067,-0.076977,0.278101,0.346685,-0.077131,0.277838,0.346252,-0.077068,0.276707,0.346726,-0.101546,0.275004,0.346078,-0.101763,0.273236,0.345302,-0.10188,0.269624,0.349206,-0.020019,0.263977,0.348252,-0.130384,0.278802,0.369353,-0.061555,0.276781,0.368881,-0.094477,0.25975,0.409595,0.069553,0.236592,0.398691,-0.165714,0.23647,0.482463,0.077095,0.202833,0.483882,-0.184518,0.238727,0.545812,-0.023309,0.247341,0.526485,-0.157069,0.237472,0.560768,-0.033714,0.254448,0.543771,-0.176799,0.241775,0.556807,-0.050944,0.258718,0.533098,-0.168336,0.242226,0.549763,-0.033246,0.256728,0.526854,-0.151618,0.216709,0.567855,0.079914,0.213264,0.569303,-0.079913,0.172273,0.676617,0.134645,0.275099,0.646549,-0.098896,0.118849,0.760812,0.189122,0.273601,0.786327,-0.047348,0.104435,0.772754,0.191792,0.262631,0.804527,-0.042923,0.139554,0.798507,0.165033,0.304513,0.819487,-0.074261
HA_Lat_11_6.13.26,49,469.87,567.78,0,469.87,567.78,0.9881,471.93,568.88,0.9853,0.278769,0.358485,-0.07067,0.274918,0.347006,-0.062372,0.274374,0.346671,-0.062517,0.273957,0.346305,-0.062458,0.27348,0.346749,-0.086601,0.271864,0.346294,-0.086812,0.270286,0.34562,-0.086916,0.265777,0.349518,-0.014046,0.261826,0.348319,-0.123086,0.275333,0.369209,-0.048257,0.273858,0.368832,-0.080784,0.25255,0.407606,0.070563,0.234154,0.399854,-0.161413,0.2299,0.482008,0.084995,0.202083,0.485518,-0.182779,0.229313,0.554969,0.006307,0.245796,0.526736,-0.155214,0.227825,0.57202,-4e-05,0.253033,0.543911,-0.174203,0.232317,0.569963,-0.017477,0.257296,0.533403,-0.165021,0.232957,0.562436,-0.00304,0.25516,0.527359,-0.149606,0.213851,0.567605,0.078659,0.213398,0.570524,-0.078672,0.171945,0.677395,0.133206,0.274814,0.646148,-0.090715,0.11766,0.762115,0.183165,0.273605,0.785744,-0.046523,0.10366,0.774426,0.185483,0.262809,0.804288,-0.041929,0.140003,0.798248,0.161518,0.304811,0.819438,-0.069519
HA_Lat_11_6.13.26,50,469.68,569.61,0,467.55,567.24,0.9873,469.68,569.61,0.9854,0.278024,0.356315,-0.07062,0.27412,0.34522,-0.061885,0.273549,0.344953,-0.062035,0.273055,0.344635,-0.061984,0.272714,0.345165,-0.085834,0.2711,0.344916,-0.086043,0.269501,0.344506,-0.086151,0.264302,0.348113,-0.012192,0.260433,0.34786,-0.119903,0.27486,0.36771,-0.047777,0.273116,0.367563,-0.079921,0.254889,0.408634,0.06961,0.232146,0.399194,-0.156758,0.229959,0.486791,0.080915,0.20101,0.485909,-0.173632,0.230542,0.560227,-0.007755,0.244624,0.527419,-0.147364,0.228657,0.577886,-0.016763,0.251634,0.544305,-0.166776,0.233159,0.574892,-0.034439,0.255728,0.53349,-0.159281,0.23378,0.567,-0.017532,0.253563,0.527604,-0.142467,0.214279,0.569039,0.076887,0.211748,0.571392,-0.076892,0.171212,0.678153,0.137078,0.274768,0.646098,-0.090262,0.116919,0.763961,0.193519,0.273579,0.784895,-0.046799,0.102856,0.775733,0.196519,0.2628,0.803885,-0.042583,0.14069,0.798028,0.173353,0.30369,0.81935,-0.072275
HA_Lat_11_6.13.26,51,468.81,570.53,0,466.96,568.63,0.9877,468.81,570.53,0.9857,0.276847,0.355104,-0.072896,0.272952,0.344321,-0.064184,0.272253,0.34413,-0.064335,0.27163,0.343903,-0.064285,0.271633,0.344201,-0.088526,0.270025,0.343968,-0.088733,0.268408,0.343586,-0.08884,0.262398,0.346976,-0.014028,0.259046,0.346457,-0.123188,0.2732,0.366777,-0.049818,0.271777,0.366399,-0.082511,0.253211,0.407866,0.069618,0.230427,0.398271,-0.160956,0.229635,0.487101,0.083317,0.200716,0.486226,-0.183674,0.233391,0.559803,-0.00093,0.244169,0.528271,-0.165133,0.232573,0.577114,-0.008865,0.250799,0.546264,-0.186563,0.236953,0.573881,-0.027199,0.25513,0.536925,-0.178806,0.237248,0.566197,-0.010892,0.253164,0.529915,-0.16042,0.21323,0.569105,0.076856,0.21082,0.571042,-0.07686,0.170987,0.679111,0.141711,0.274468,0.645955,-0.089819,0.116636,0.764504,0.201344,0.273555,0.784737,-0.046377,0.102894,0.777177,0.204658,0.262964,0.803741,-0.042488,0.140986,0.79789,0.182521,0.303927,0.81933,-0.069507
HA_Lat_11_6.13.26,52,466.28,569.86,0,466.54,567.92,0.9889,466.28,569.86,0.9864,0.274406,0.354466,-0.078654,0.270959,0.34389,-0.069431,0.27041,0.343791,-0.069584,0.269902,0.343667,-0.069533,0.269473,0.343683,-0.094112,0.267878,0.343452,-0.094319,0.266293,0.343098,-0.094427,0.261429,0.346705,-0.016896,0.257105,0.346208,-0.125976,0.270931,0.366195,-0.054663,0.269443,0.365799,-0.087761,0.250568,0.407062,0.068742,0.229117,0.397767,-0.161602,0.228835,0.485896,0.081838,0.199188,0.485894,-0.188802,0.237403,0.551668,-0.005185,0.242853,0.527652,-0.172219,0.237177,0.568343,-0.013912,0.249612,0.546216,-0.194306,0.241226,0.563947,-0.034664,0.253877,0.536739,-0.186598,0.241283,0.556672,-0.01581,0.251931,0.52946,-0.167523,0.211597,0.569076,0.076983,0.209822,0.571083,-0.076987,0.170562,0.680011,0.14831,0.27415,0.645868,-0.091177,0.116278,0.764385,0.215149,0.27358,0.78446,-0.046122,0.102645,0.777866,0.219187,0.262965,0.803625,-0.042017,0.141248,0.797731,0.198915,0.303892,0.819338,-0.070199
HA_Lat_11_6.13.26,53,462.74,569.23,0,463.26,567.63,0.9833,462.74,569.23,0.9867,0.27299,0.353781,-0.074914,0.26949,0.343029,-0.066037,0.268857,0.342894,-0.066186,0.268218,0.342723,-0.066135,0.268099,0.342873,-0.091107,0.266468,0.34263,-0.091314,0.264868,0.342271,-0.091416,0.259366,0.345732,-0.014951,0.255525,0.345264,-0.126465,0.269132,0.365526,-0.05141,0.267792,0.36513,-0.085005,0.248625,0.406158,0.071777,0.227465,0.397363,-0.164035,0.22722,0.485042,0.079869,0.197573,0.485168,-0.1904,0.237692,0.547619,-0.010653,0.24101,0.527066,-0.167658,0.238135,0.563764,-0.019636,0.247903,0.545473,-0.188281,0.242124,0.558925,-0.041579,0.252007,0.535874,-0.18075,0.241903,0.551869,-0.021563,0.250071,0.528686,-0.162767,0.211755,0.568676,0.077328,0.209552,0.570781,-0.077341,0.170405,0.680329,0.141031,0.273646,0.645875,-0.09097,0.116316,0.76387,0.197212,0.273554,0.784268,-0.045354,0.102212,0.77774,0.199901,0.262899,0.803611,-0.041199,0.140962,0.797598,0.174803,0.304031,0.819472,-0.0702
HA_Lat_11_6.13.26,54,460.62,569.01,0,462.63,565.98,0.9884,460.62,569.01,0.9874,0.27108,0.353247,-0.077754,0.267682,0.342508,-0.06859,0.267163,0.34238,-0.068738,0.266675,0.342207,-0.068688,0.266137,0.342377,-0.093298,0.264458,0.342154,-0.093506,0.262766,0.341817,-0.093611,0.257607,0.345306,-0.016204,0.253036,0.344773,-0.126957,0.267473,0.365148,-0.053788,0.265793,0.364771,-0.086934,0.246924,0.406028,0.070744,0.225164,0.396968,-0.164564,0.22627,0.485047,0.079319,0.196769,0.484497,-0.187061,0.233822,0.547285,-0.012619,0.239906,0.526865,-0.163146,0.234146,0.563178,-0.022293,0.247031,0.545113,-0.183608,0.238411,0.558724,-0.041288,0.250862,0.53551,-0.176493,0.238204,0.551594,-0.023002,0.24905,0.528436,-0.158436,0.210411,0.568817,0.077115,0.208532,0.570351,-0.077131,0.17098,0.680491,0.140906,0.273132,0.645883,-0.085858,0.116532,0.763921,0.199218,0.273598,0.784061,-0.034283,0.102777,0.777709,0.202411,0.262901,0.803559,-0.029408,0.141189,0.797513,0.180811,0.303747,0.819604,-0.057767
HA_Lat_11_6.13.26,55,458.14,568.84,0,461.73,563.26,0.9846,458.14,568.84,0.9871,0.269639,0.352921,-0.072679,0.266537,0.34198,-0.064329,0.265958,0.341793,-0.064476,0.265397,0.341558,-0.064435,0.265188,0.341873,-0.088817,0.263587,0.341623,-0.089017,0.261924,0.341262,-0.089128,0.255753,0.344619,-0.014849,0.251761,0.344188,-0.125316,0.265726,0.364731,-0.049762,0.263985,0.364417,-0.082737,0.245142,0.405599,0.070127,0.22418,0.396368,-0.163921,0.224384,0.485055,0.082179,0.19582,0.483897,-0.18593,0.227935,0.55446,0.000991,0.238612,0.5267,-0.159782,0.227433,0.571167,-0.006749,0.246011,0.544673,-0.179661,0.231926,0.567464,-0.024239,0.249859,0.53502,-0.17223,0.232063,0.55991,-0.008649,0.247927,0.528155,-0.155002,0.210394,0.568703,0.077051,0.208351,0.57036,-0.077068,0.171013,0.680257,0.150578,0.27257,0.64589,-0.083234,0.116589,0.763876,0.21957,0.273559,0.784055,-0.034343,0.102653,0.777191,0.223997,0.262881,0.803579,-0.029759,0.141258,0.797417,0.204425,0.303904,0.819836,-0.060006
HA_Lat_11_6.13.26,56,456.27,568.47,0,461.62,563.81,0.9843,456.27,568.47,0.9869,0.267911,0.352432,-0.074763,0.265035,0.341479,-0.067719,0.264531,0.341269,-0.067856,0.264077,0.341011,-0.067826,0.263554,0.3414,-0.091992,0.261929,0.341158,-0.092175,0.260237,0.340813,-0.092292,0.254692,0.344233,-0.018907,0.250185,0.344156,-0.129214,0.263823,0.364175,-0.052073,0.261945,0.363897,-0.085037,0.243438,0.405312,0.065063,0.222755,0.395993,-0.166438,0.223338,0.484189,0.068091,0.194751,0.482893,-0.186065,0.232411,0.551416,-0.024419,0.23764,0.526365,-0.167329,0.232678,0.57084,-0.035372,0.244911,0.544346,-0.188473,0.236859,0.566166,-0.050437,0.248849,0.53465,-0.181016,0.23672,0.557788,-0.033739,0.247056,0.527834,-0.162684,0.209294,0.567873,0.076988,0.207937,0.569545,-0.077006,0.17079,0.680128,0.168127,0.271973,0.645866,-0.078143,0.117002,0.763574,0.251742,0.27335,0.783311,-0.02723,0.103323,0.776188,0.257625,0.262694,0.803475,-0.022555,0.141428,0.797397,0.240557,0.303858,0.819744,-0.054004
HA_Lat_11_6.13.26,57,456.76,561.01,0,456.76,561.01,0.9849,454.62,568.39,0.9877,0.266303,0.351054,-0.076508,0.262733,0.340354,-0.068812,0.262145,0.340243,-0.068955,0.261616,0.340071,-0.068917,0.26125,0.34037,-0.093027,0.25962,0.340284,-0.09322,0.257978,0.340073,-0.093334,0.252271,0.343504,-0.01946,0.248678,0.343402,-0.129398,0.262282,0.363327,-0.053544,0.260457,0.363047,-0.086294,0.241391,0.403928,0.065045,0.222181,0.395964,-0.16695,0.219073,0.4836,0.075137,0.19376,0.482077,-0.187717,0.223963,0.555808,-0.001599,0.236783,0.526287,-0.165422,0.22353,0.575064,-0.009265,0.243872,0.54414,-0.186241,0.228043,0.571629,-0.026513,0.247882,0.53444,-0.178698,0.228139,0.563205,-0.011091,0.246106,0.527568,-0.160665,0.209002,0.567138,0.076885,0.208372,0.568786,-0.076906,0.170756,0.679779,0.161132,0.271561,0.64585,-0.070041,0.117364,0.763406,0.234392,0.27314,0.782797,-0.01383,0.103504,0.77552,0.239262,0.262511,0.803182,-0.008592,0.141619,0.797335,0.222797,0.303755,0.819392,-0.03733
HA_Lat_11_6.13.26,58,454.32,560.84,0,454.32,560.84,0.9851,454.22,568.26,0.9878,0.265635,0.350214,-0.078128,0.26239,0.339409,-0.068944,0.261819,0.3392,-0.069093,0.26132,0.338923,-0.069048,0.260804,0.339311,-0.093265,0.259138,0.339035,-0.093452,0.257483,0.3386,-0.093571,0.251617,0.341317,-0.022109,0.247843,0.340591,-0.133173,0.261573,0.362195,-0.054227,0.259601,0.361837,-0.086534,0.240133,0.402717,0.063955,0.221392,0.393556,-0.171354,0.220345,0.483343,0.072947,0.19336,0.481462,-0.191356,0.230368,0.550299,-0.005818,0.236573,0.526166,-0.169327,0.230069,0.573309,-0.013664,0.244025,0.544001,-0.190716,0.234251,0.569006,-0.028112,0.248318,0.533943,-0.183199,0.23412,0.56044,-0.014747,0.246502,0.527173,-0.16466,0.208042,0.566492,0.076902,0.208481,0.567992,-0.076925,0.171174,0.679223,0.162408,0.271095,0.645719,-0.068163,0.118017,0.762833,0.236993,0.27314,0.782098,-0.010341,0.103964,0.77461,0.241965,0.262512,0.802417,-0.005031,0.141658,0.797338,0.224247,0.302998,0.819418,-0.035118
HA_Lat_11_6.13.26,59,456.68,559.75,0,456.68,559.75,0.9869,453.47,567.66,0.9885,0.262807,0.348309,-0.073763,0.25938,0.337849,-0.065041,0.258777,0.337796,-0.065183,0.25823,0.33766,-0.065137,0.258028,0.33769,-0.089724,0.256536,0.337508,-0.089921,0.255074,0.337138,-0.090035,0.249113,0.339986,-0.016506,0.246193,0.338995,-0.12889,0.258661,0.360305,-0.05029,0.257224,0.359744,-0.083433,0.236446,0.397783,0.071225,0.220328,0.391407,-0.170908,0.21811,0.481792,0.092778,0.19335,0.481277,-0.194711,0.226209,0.548885,0.023371,0.236184,0.525609,-0.177014,0.226952,0.569527,0.017653,0.243547,0.543923,-0.199433,0.231213,0.565496,-0.000733,0.248073,0.533779,-0.191145,0.230923,0.557355,0.013468,0.246387,0.526972,-0.172152,0.208728,0.566153,0.077506,0.209101,0.567418,-0.077541,0.171612,0.678718,0.156987,0.270104,0.645707,-0.070966,0.118514,0.762392,0.223498,0.273107,0.781832,-0.015589,0.104272,0.773782,0.227617,0.26248,0.802141,-0.009875,0.141705,0.797296,0.208922,0.303093,0.819424,-0.041093
HA_Lat_11_6.13.26,60,455.04,560.62,0,455.04,560.62,0.9827,453.07,565.72,0.9888,0.261969,0.346425,-0.074284,0.25926,0.336099,-0.06575,0.25884,0.335975,-0.065892,0.258473,0.33577,-0.065846,0.257399,0.335887,-0.089667,0.255741,0.335572,-0.089872,0.254112,0.335015,-0.089987,0.249205,0.337981,-0.016112,0.244938,0.336156,-0.124317,0.258199,0.358258,-0.050752,0.25611,0.357729,-0.082973,0.237212,0.397202,0.070565,0.219015,0.38976,-0.162048,0.217211,0.481535,0.088597,0.193019,0.480981,-0.181471,0.226577,0.547704,0.010637,0.235976,0.523814,-0.157588,0.227246,0.567136,0.002935,0.243495,0.542324,-0.177216,0.231708,0.562843,-0.014158,0.24792,0.531697,-0.169794,0.231353,0.554945,0.001119,0.246192,0.525119,-0.152758,0.208976,0.565971,0.075612,0.209323,0.567338,-0.075662,0.172181,0.678371,0.156196,0.269737,0.645729,-0.067399,0.11876,0.762163,0.228148,0.273075,0.78149,-0.009204,0.104499,0.773142,0.233157,0.262482,0.80124,-0.003438,0.141787,0.797273,0.2187,0.303107,0.819647,-0.032034
HA_Lat_11_6.13.26,61,453.95,556.36,0,453.95,556.36,0.9859,451.66,563.97,0.9892,0.26148,0.344566,-0.075456,0.259007,0.334002,-0.067028,0.258581,0.333671,-0.06717,0.258184,0.333254,-0.067127,0.257047,0.333769,-0.090807,0.255301,0.333278,-0.091012,0.253538,0.332521,-0.091124,0.248645,0.334323,-0.016816,0.243955,0.332689,-0.124422,0.257829,0.356039,-0.051911,0.255401,0.355715,-0.083969,0.237408,0.395586,0.070092,0.217189,0.38634,-0.16087,0.219526,0.480677,0.085855,0.192667,0.479191,-0.179653,0.228173,0.546558,0.002551,0.23524,0.522191,-0.15655,0.228707,0.56562,-0.006303,0.243127,0.540753,-0.176464,0.233657,0.561791,-0.023123,0.247536,0.529726,-0.169783,0.232524,0.553397,-0.006964,0.245794,0.523509,-0.152017,0.209657,0.564682,0.074829,0.209508,0.566313,-0.074887,0.172699,0.678197,0.155043,0.269474,0.645941,-0.067922,0.119185,0.76186,0.22876,0.273184,0.781482,-0.004677,0.10459,0.772918,0.234005,0.262655,0.800732,0.001628,0.141596,0.797375,0.21962,0.303084,0.820032,-0.025846
HA_Lat_11_6.13.26,62,455.98,556.63,0,455.98,556.63,0.9858,450.63,562.46,0.9889,0.260336,0.341502,-0.070188,0.257303,0.330872,-0.062299,0.256709,0.330403,-0.062435,0.256179,0.329812,-0.062396,0.255647,0.330924,-0.086305,0.253977,0.330494,-0.086511,0.25232,0.329824,-0.086615,0.246323,0.33094,-0.013683,0.242803,0.330258,-0.121999,0.256754,0.353102,-0.047251,0.254583,0.353043,-0.079606,0.236352,0.393426,0.071429,0.217124,0.384033,-0.159333,0.220503,0.478874,0.084311,0.192743,0.477337,-0.177865,0.230836,0.533429,-0.011033,0.234704,0.520801,-0.15279,0.229194,0.551395,-0.022944,0.242638,0.539378,-0.172106,0.235455,0.539896,-0.037841,0.247072,0.527793,-0.16634,0.233449,0.533626,-0.020449,0.245459,0.521411,-0.148622,0.209913,0.562691,0.074711,0.209889,0.564672,-0.074769,0.173128,0.678009,0.152336,0.269083,0.646371,-0.069994,0.119597,0.761823,0.221139,0.273223,0.781505,-0.010905,0.10493,0.772663,0.225664,0.262861,0.800767,-0.005168,0.141629,0.797434,0.208516,0.303472,0.820042,-0.034503
HA_Lat_11_6.13.26,63,454.5,554.77,0,454.5,554.77,0.9861,451.29,561.32,0.988,0.259538,0.339982,-0.069405,0.256481,0.329101,-0.061627,0.255912,0.32853,-0.061769,0.2554,0.327836,-0.061733,0.254805,0.329224,-0.085791,0.253102,0.328784,-0.085999,0.251394,0.328159,-0.086111,0.245123,0.328939,-0.013511,0.241608,0.328673,-0.122554,0.256124,0.351394,-0.046724,0.253902,0.351391,-0.079351,0.235999,0.39198,0.070879,0.216251,0.382566,-0.159736,0.220212,0.478369,0.083931,0.193235,0.477032,-0.177556,0.228351,0.537471,-0.010999,0.235048,0.519739,-0.152085,0.227371,0.555516,-0.022107,0.243078,0.537904,-0.17179,0.232353,0.546979,-0.037278,0.247364,0.526398,-0.165749,0.231546,0.539445,-0.020343,0.245744,0.520085,-0.147822,0.210479,0.560908,0.07448,0.210126,0.563227,-0.074535,0.173393,0.677429,0.154695,0.268585,0.646825,-0.07325,0.119915,0.761492,0.231247,0.273322,0.781668,-0.013869,0.105191,0.771913,0.236736,0.263155,0.801143,-0.007998,0.141404,0.797679,0.221676,0.303898,0.820041,-0.0379
HA_Lat_11_6.13.26,64,454.88,554.1,0,454.88,554.1,0.9862,451.61,559.68,0.9882,0.258596,0.33802,-0.070222,0.255759,0.327108,-0.062503,0.255294,0.326509,-0.062645,0.254874,0.325779,-0.062605,0.253965,0.327224,-0.086362,0.252216,0.326754,-0.086571,0.250422,0.32611,-0.08668,0.24462,0.326487,-0.014042,0.240443,0.326288,-0.121941,0.255127,0.349392,-0.047322,0.252755,0.34936,-0.079521,0.235152,0.390435,0.070465,0.21593,0.380716,-0.157808,0.219798,0.477679,0.083594,0.193774,0.476361,-0.172845,0.227214,0.540266,-0.001662,0.235215,0.518226,-0.145827,0.226641,0.558312,-0.010786,0.243353,0.535528,-0.164538,0.231101,0.551007,-0.025614,0.247484,0.524174,-0.158673,0.23068,0.542915,-0.010401,0.245789,0.5183,-0.141516,0.21056,0.558846,0.073789,0.21036,0.561424,-0.073849,0.173641,0.676979,0.153742,0.268196,0.647095,-0.06626,0.120171,0.760705,0.224818,0.273333,0.781696,0.000179,0.105338,0.770725,0.229084,0.263243,0.801178,0.006692,0.141324,0.797724,0.209801,0.3039,0.820133,-0.020923
HA_Lat_11_6.13.26,65,455.55,557.68,0,455.55,557.68,0.9825,451.58,558.36,0.988,0.257575,0.33669,-0.063462,0.254847,0.32565,-0.055978,0.254388,0.324998,-0.056118,0.253971,0.324226,-0.056081,0.253027,0.325791,-0.080098,0.251286,0.325339,-0.08031,0.249464,0.324716,-0.080417,0.243409,0.324827,-0.009238,0.239353,0.324704,-0.118297,0.253831,0.347791,-0.04114,0.251455,0.347823,-0.073737,0.233642,0.388142,0.072811,0.214856,0.379947,-0.155695,0.219206,0.475847,0.085443,0.194033,0.476005,-0.171759,0.22789,0.540059,0.001827,0.235199,0.516996,-0.144515,0.227892,0.557815,-0.006975,0.243389,0.534191,-0.16324,0.232136,0.550887,-0.022243,0.247386,0.522767,-0.157398,0.231711,0.542763,-0.007102,0.245632,0.516757,-0.140254,0.210891,0.557333,0.073647,0.210536,0.560187,-0.073709,0.173806,0.676236,0.152932,0.267601,0.647348,-0.067906,0.120343,0.760564,0.220361,0.273328,0.781748,-0.004119,0.105551,0.770296,0.224317,0.263249,0.801385,0.002007,0.141313,0.797804,0.205595,0.303784,0.820225,-0.026626
HA_Lat_11_6.13.26,66,452.08,557.66,0,455.73,554.36,0.9873,452.08,557.66,0.9877,0.255855,0.335664,-0.06381,0.253159,0.324655,-0.056473,0.2527,0.323961,-0.056613,0.252328,0.323181,-0.056572,0.251168,0.324911,-0.080489,0.249367,0.324535,-0.080704,0.247565,0.324009,-0.080807,0.242136,0.324011,-0.009547,0.237561,0.324027,-0.118161,0.252195,0.346895,-0.041368,0.249825,0.346946,-0.073796,0.232455,0.386315,0.073369,0.213864,0.378995,-0.15572,0.219457,0.474247,0.08444,0.194109,0.475711,-0.173197,0.229182,0.53339,-0.001498,0.23546,0.516354,-0.148807,0.229596,0.553338,-0.01063,0.243545,0.533408,-0.168069,0.23379,0.547293,-0.026707,0.247457,0.522109,-0.162294,0.233381,0.539543,-0.010771,0.245674,0.516294,-0.144659,0.210543,0.556545,0.073617,0.210679,0.559119,-0.073681,0.173964,0.675653,0.146196,0.26735,0.647559,-0.067716,0.12051,0.759826,0.20575,0.273297,0.781823,-0.002735,0.105583,0.769332,0.209413,0.263272,0.801686,0.003512,0.140981,0.797801,0.193382,0.304166,0.820226,-0.025677
HA_Lat_11_6.13.26,67,452.0,554.0,0,455.19,552.87,0.9872,452.2,557.27,0.9865,0.255173,0.333676,-0.064092,0.252242,0.32297,-0.058245,0.251646,0.322416,-0.058378,0.251118,0.321779,-0.058351,0.250501,0.323223,-0.08259,0.248761,0.322978,-0.082814,0.247046,0.322575,-0.082929,0.241136,0.323222,-0.013256,0.237103,0.323261,-0.123359,0.251149,0.345394,-0.042497,0.249253,0.345405,-0.075463,0.230696,0.384936,0.070657,0.213117,0.378897,-0.160606,0.218593,0.470844,0.070462,0.194005,0.475651,-0.173751,0.231499,0.514383,-0.034734,0.23552,0.515987,-0.15323,0.234529,0.525924,-0.047855,0.243728,0.53283,-0.173106,0.238504,0.519592,-0.062939,0.247507,0.521432,-0.166861,0.237035,0.514142,-0.044496,0.245605,0.515481,-0.148939,0.210675,0.556074,0.073715,0.210792,0.558773,-0.073781,0.174095,0.674912,0.152962,0.267098,0.648185,-0.067965,0.120642,0.759069,0.2284,0.273336,0.782475,-0.004964,0.105713,0.768679,0.233874,0.263235,0.802196,0.001453,0.140936,0.797789,0.218104,0.304386,0.820333,-0.028993
HA_Lat_11_6.13.26,68,452.0,554.0,0,455.75,552.72,0.9877,452.53,557.36,0.9865,0.254187,0.332426,-0.068045,0.251177,0.32167,-0.062414,0.250689,0.321056,-0.06255,0.250284,0.32037,-0.062527,0.249313,0.322119,-0.086986,0.247575,0.322,-0.087208,0.245849,0.321746,-0.087327,0.240771,0.322242,-0.017221,0.236157,0.32275,-0.127926,0.250715,0.344192,-0.04641,0.248497,0.344428,-0.079678,0.230474,0.384179,0.068125,0.212804,0.378741,-0.164587,0.218507,0.469433,0.070836,0.194076,0.475528,-0.173998,0.230763,0.518539,-0.028769,0.235692,0.516074,-0.155816,0.23382,0.532041,-0.040476,0.244006,0.532799,-0.175973,0.237802,0.525929,-0.056371,0.247751,0.521374,-0.169589,0.236465,0.519925,-0.038519,0.245801,0.515557,-0.151501,0.210334,0.555673,0.073772,0.21079,0.557973,-0.073836,0.174208,0.67443,0.153839,0.266909,0.648337,-0.065552,0.120728,0.758446,0.226941,0.273339,0.782544,0.007632,0.105743,0.768001,0.231974,0.263331,0.802515,0.014765,0.140799,0.797548,0.214862,0.304984,0.820397,-0.015952
HA_Lat_11_6.13.26,69,452.0,554.0,0,456.08,553.75,0.9872,453.01,557.42,0.9859,0.253911,0.331727,-0.069736,0.251017,0.320827,-0.063069,0.250449,0.320276,-0.063206,0.249964,0.319662,-0.063174,0.249308,0.321192,-0.087687,0.247643,0.321001,-0.087907,0.245981,0.320642,-0.088024,0.239993,0.321217,-0.018917,0.236008,0.321269,-0.128837,0.250049,0.343789,-0.047291,0.248017,0.343873,-0.080538,0.229184,0.383409,0.066667,0.212325,0.377611,-0.165944,0.217038,0.469642,0.071462,0.194183,0.475511,-0.174327,0.231098,0.520891,-0.028238,0.235944,0.516126,-0.157338,0.234062,0.535594,-0.039311,0.244235,0.532953,-0.177571,0.238043,0.529585,-0.056226,0.248038,0.521585,-0.171252,0.236853,0.52329,-0.038232,0.246091,0.515733,-0.153057,0.209791,0.555124,0.073821,0.2108,0.557482,-0.07388,0.174285,0.673826,0.153527,0.266482,0.648891,-0.056302,0.120819,0.758018,0.223362,0.273347,0.783122,0.019786,0.105722,0.767121,0.228034,0.263608,0.803469,0.026956,0.140683,0.797554,0.210013,0.305212,0.820406,-0.003456
HA_Lat_11_6.13.26,70,452.0,554.0,0,457.28,554.15,0.988,453.35,557.45,0.9863,0.252534,0.330316,-0.068724,0.249464,0.319641,-0.061949,0.2488,0.319258,-0.062089,0.248227,0.318828,-0.062055,0.247952,0.31988,-0.086031,0.246346,0.319728,-0.086247,0.24477,0.319461,-0.086358,0.238556,0.320756,-0.018029,0.235057,0.320457,-0.126467,0.24831,0.342685,-0.046667,0.246718,0.342637,-0.079267,0.226392,0.382191,0.066893,0.211289,0.377784,-0.163867,0.214499,0.469775,0.083015,0.194316,0.475464,-0.175821,0.226902,0.52841,0.01061,0.236122,0.516153,-0.155184,0.229162,0.543745,0.003385,0.244399,0.533054,-0.175285,0.233337,0.539449,-0.013217,0.248243,0.521752,-0.16929,0.232323,0.532107,0.00146,0.246316,0.515753,-0.151068,0.209699,0.554298,0.073637,0.210861,0.556619,-0.073704,0.174333,0.673378,0.152902,0.266343,0.648982,-0.050219,0.120831,0.757765,0.221171,0.273366,0.783211,0.02096,0.105596,0.766828,0.225678,0.263746,0.803776,0.027553,0.140568,0.797313,0.208306,0.305936,0.820371,-0.002368
HA_Lat_11_6.13.26,71,458.08,555.31,0,458.08,555.31,0.9886,453.72,558.27,0.9863,0.250393,0.329504,-0.069619,0.247295,0.318898,-0.062719,0.246568,0.318583,-0.06286,0.245934,0.318227,-0.062825,0.245994,0.319066,-0.086691,0.244483,0.318946,-0.086907,0.243044,0.318713,-0.087015,0.236508,0.320451,-0.018187,0.233583,0.320143,-0.126422,0.246395,0.341795,-0.047483,0.245093,0.341492,-0.079914,0.22337,0.380898,0.066949,0.210705,0.377904,-0.164004,0.2145,0.468555,0.082355,0.194453,0.475421,-0.177324,0.227775,0.521061,0.003566,0.236311,0.516914,-0.159377,0.234922,0.536477,-0.004892,0.244541,0.533149,-0.179812,0.238875,0.528585,-0.021441,0.24838,0.521851,-0.174858,0.236531,0.520682,-0.005761,0.246421,0.515851,-0.155853,0.209319,0.553684,0.073646,0.210994,0.555841,-0.07372,0.174257,0.672648,0.150532,0.266107,0.64899,-0.052508,0.120777,0.757738,0.210796,0.273311,0.783217,0.017012,0.105547,0.766774,0.214426,0.263594,0.804285,0.0233,0.140346,0.79731,0.194336,0.305932,0.820418,-0.008983
HA_Lat_11_6.13.26,72,459.04,555.19,0,459.04,555.19,0.9888,453.94,558.65,0.986,0.250188,0.330042,-0.072641,0.247619,0.319268,-0.065808,0.247074,0.318894,-0.065944,0.246618,0.318494,-0.065915,0.245896,0.319358,-0.088315,0.244029,0.319146,-0.088531,0.242231,0.31885,-0.088629,0.236965,0.320368,-0.019197,0.232212,0.319889,-0.124764,0.246544,0.342209,-0.049698,0.244509,0.341977,-0.080294,0.225228,0.381136,0.066896,0.210565,0.377363,-0.159455,0.215354,0.4688,0.081982,0.19446,0.475386,-0.174494,0.230136,0.521008,1.3e-05,0.236428,0.517264,-0.155829,0.238233,0.53651,-0.008642,0.244623,0.533231,-0.175613,0.242139,0.52741,-0.025557,0.24845,0.521983,-0.171339,0.240531,0.520927,-0.009498,0.246549,0.515908,-0.152588,0.209508,0.553613,0.07315,0.211003,0.555605,-0.073234,0.173958,0.67227,0.148607,0.265938,0.648984,-0.051485,0.120714,0.757695,0.204764,0.273106,0.783321,0.017899,0.105555,0.766758,0.208187,0.263358,0.804792,0.024344,0.140365,0.797288,0.188952,0.305913,0.820224,-0.006971
HA_Lat_11_6.13.26,73,459.0,557.0,0,459.18,555.88,0.988,453.99,559.9,0.9861,0.249895,0.33003,-0.075431,0.246981,0.319033,-0.068774,0.2464,0.318632,-0.068914,0.245925,0.318201,-0.068885,0.24529,0.319204,-0.091821,0.243518,0.31905,-0.09204,0.24179,0.318822,-0.092139,0.236439,0.320323,-0.02172,0.231901,0.320117,-0.128278,0.246347,0.342156,-0.052469,0.244396,0.341959,-0.083627,0.226134,0.381687,0.066039,0.209891,0.377215,-0.164673,0.216118,0.468943,0.074951,0.194503,0.47535,-0.182449,0.237795,0.513861,-0.023066,0.236454,0.518423,-0.164887,0.245298,0.528076,-0.035129,0.244705,0.533492,-0.185255,0.248808,0.518401,-0.052111,0.248515,0.522147,-0.181636,0.247634,0.511519,-0.033424,0.246598,0.516271,-0.161912,0.209539,0.553622,0.073168,0.211053,0.555528,-0.073249,0.173856,0.672172,0.143751,0.265554,0.649003,-0.055257,0.120741,0.757676,0.200056,0.273095,0.783292,0.012818,0.105598,0.766463,0.203443,0.263278,0.804931,0.019129,0.140068,0.797278,0.182619,0.304951,0.820097,-0.013031
HA_Lat_11_6.13.26,74,459.0,559.0,0,461.4,557.61,0.9887,454.21,561.36,0.9856,0.249847,0.329627,-0.075521,0.246969,0.318677,-0.06902,0.246444,0.318312,-0.06916,0.246031,0.317909,-0.069133,0.24512,0.318835,-0.092226,0.243358,0.318666,-0.092443,0.241632,0.318369,-0.092539,0.236035,0.319743,-0.022582,0.231372,0.319219,-0.129732,0.24633,0.342071,-0.052793,0.244146,0.341993,-0.084125,0.225709,0.382155,0.064685,0.20932,0.377217,-0.166891,0.216969,0.46908,0.069238,0.194576,0.475415,-0.184968,0.23934,0.513132,-0.031946,0.236566,0.519774,-0.166069,0.246119,0.528157,-0.044849,0.244898,0.534011,-0.186574,0.250729,0.518301,-0.061349,0.248796,0.522794,-0.183074,0.248406,0.512773,-0.042192,0.246644,0.5171,-0.163165,0.209492,0.553675,0.0732,0.211095,0.555553,-0.073278,0.173538,0.672047,0.143802,0.265518,0.649131,-0.056223,0.120605,0.757626,0.20197,0.273097,0.783586,0.013312,0.105435,0.766432,0.205555,0.263093,0.805651,0.019643,0.139796,0.797029,0.184792,0.304953,0.820113,-0.013803
HA_Lat_11_6.13.26,75,458.0,559.0,0,460.37,557.89,0.9889,454.36,562.69,0.9855,0.249199,0.328414,-0.075666,0.245952,0.31756,-0.069328,0.245279,0.317255,-0.069471,0.244723,0.316907,-0.069445,0.24434,0.317696,-0.092568,0.24261,0.317551,-0.092786,0.240901,0.31726,-0.092882,0.234755,0.318853,-0.023593,0.230658,0.318364,-0.130556,0.24544,0.341088,-0.053211,0.243601,0.340986,-0.084576,0.225,0.382125,0.064105,0.20935,0.376681,-0.16795,0.2162,0.469199,0.072624,0.194646,0.475388,-0.186735,0.239083,0.515573,-0.012739,0.236646,0.521008,-0.168596,0.244957,0.530834,-0.022872,0.244949,0.534697,-0.189394,0.249409,0.52209,-0.040245,0.248811,0.523896,-0.185748,0.247583,0.516235,-0.022852,0.246721,0.518446,-0.165681,0.209253,0.55358,0.073254,0.211108,0.555365,-0.073332,0.17316,0.671923,0.143928,0.265332,0.649129,-0.047727,0.120552,0.7576,0.202538,0.273096,0.783408,0.031601,0.105416,0.766423,0.206068,0.263085,0.805656,0.038824,0.139565,0.797018,0.185094,0.304624,0.819137,0.006913
HA_Lat_11_6.13.26,76,456.0,559.0,0,461.22,559.61,0.989,454.46,563.69,0.985,0.248023,0.328487,-0.075669,0.244781,0.317619,-0.069316,0.244041,0.317318,-0.069459,0.243397,0.316986,-0.069433,0.243414,0.317687,-0.092572,0.241785,0.317508,-0.092789,0.240188,0.317208,-0.092886,0.2338,0.318891,-0.023428,0.230153,0.318401,-0.130807,0.243962,0.341039,-0.053218,0.242515,0.340782,-0.084586,0.222275,0.381375,0.064201,0.207967,0.376839,-0.168998,0.215614,0.469144,0.077712,0.194695,0.475493,-0.189395,0.238887,0.516856,-0.001931,0.236699,0.521939,-0.170712,0.244302,0.532161,-0.011061,0.244977,0.535427,-0.191586,0.248698,0.522899,-0.028606,0.248844,0.524622,-0.187626,0.247209,0.517267,-0.012001,0.246785,0.519367,-0.167689,0.209121,0.553558,0.07344,0.211136,0.555277,-0.073526,0.173055,0.671827,0.144606,0.265173,0.649217,-0.044476,0.120549,0.757589,0.203035,0.273096,0.783411,0.034971,0.105423,0.766369,0.206495,0.263046,0.805809,0.042132,0.139431,0.797013,0.185462,0.304157,0.819075,0.010359
HA_Lat_11_6.13.26,77,458.0,563.0,0,462.34,560.92,0.9889,454.63,564.28,0.985,0.247719,0.328862,-0.074442,0.244988,0.317988,-0.068111,0.24431,0.317651,-0.068253,0.243677,0.317272,-0.068228,0.243564,0.318036,-0.091315,0.241776,0.317789,-0.091529,0.239921,0.317404,-0.091621,0.23333,0.318882,-0.02298,0.229421,0.318305,-0.129282,0.243769,0.341204,-0.052235,0.242045,0.340954,-0.083572,0.222894,0.381523,0.064641,0.207333,0.376704,-0.167277,0.216204,0.469222,0.079708,0.194683,0.475471,-0.187868,0.240614,0.517024,-0.000899,0.236786,0.522483,-0.170354,0.245316,0.533189,-0.0104,0.245023,0.536133,-0.19127,0.250309,0.524154,-0.027522,0.24894,0.525333,-0.18646,0.248753,0.518345,-0.010814,0.246868,0.520213,-0.166888,0.209167,0.553419,0.073356,0.211141,0.555048,-0.073447,0.172879,0.671713,0.14266,0.265042,0.649326,-0.044412,0.120492,0.757564,0.19663,0.273062,0.783427,0.030823,0.105438,0.766321,0.199666,0.262865,0.805822,0.037579,0.138685,0.797012,0.178343,0.303972,0.818877,0.005494
HA_Lat_11_6.13.26,78,458.0,563.0,0,458.95,560.49,0.9885,454.75,565.8,0.9848,0.246936,0.328813,-0.07533,0.24408,0.31773,-0.069098,0.243454,0.317357,-0.069241,0.242923,0.316964,-0.069218,0.24245,0.317789,-0.092342,0.240726,0.317569,-0.092554,0.239002,0.317254,-0.092644,0.232764,0.318693,-0.023918,0.228619,0.318315,-0.130147,0.243236,0.341241,-0.053209,0.24131,0.341061,-0.084575,0.222749,0.381676,0.063062,0.206788,0.376791,-0.167386,0.215776,0.469263,0.074044,0.194685,0.47552,-0.187512,0.240242,0.517662,-0.014577,0.236848,0.523892,-0.169095,0.245659,0.53302,-0.025889,0.245078,0.53832,-0.189536,0.250543,0.524844,-0.042256,0.248992,0.527647,-0.186137,0.248427,0.517824,-0.02444,0.246947,0.522606,-0.166191,0.209195,0.553257,0.073179,0.21116,0.554878,-0.073272,0.172624,0.671706,0.142859,0.264935,0.649519,-0.048164,0.120422,0.757522,0.197471,0.273062,0.783663,0.026048,0.105454,0.766278,0.200598,0.262821,0.806261,0.032816,0.138728,0.796989,0.179549,0.303978,0.818874,0.000768
HA_Lat_11_6.13.26,79,454.0,561.0,0,459.1,560.58,0.9897,454.87,566.16,0.985,0.246143,0.328653,-0.078475,0.24333,0.317563,-0.071632,0.242769,0.317144,-0.071778,0.242327,0.316709,-0.071752,0.241514,0.317626,-0.094868,0.239721,0.317399,-0.095076,0.237977,0.317102,-0.095165,0.23237,0.31864,-0.024413,0.227677,0.318276,-0.130421,0.242783,0.340995,-0.055569,0.240688,0.340913,-0.086916,0.222971,0.381567,0.06309,0.206327,0.376819,-0.167357,0.215982,0.469312,0.074172,0.194713,0.475513,-0.187456,0.240231,0.518361,-0.014549,0.23691,0.524226,-0.169479,0.245633,0.533837,-0.025728,0.245094,0.539095,-0.19023,0.250519,0.525496,-0.042244,0.249047,0.528315,-0.186897,0.248193,0.518788,-0.024429,0.24701,0.523333,-0.166671,0.20933,0.553215,0.073205,0.211108,0.554672,-0.073297,0.172459,0.671715,0.143238,0.264836,0.649585,-0.049417,0.120386,0.757523,0.199011,0.27266,0.783859,0.024782,0.10546,0.766268,0.202377,0.262659,0.806544,0.031534,0.13869,0.797021,0.181838,0.303985,0.818773,-0.001004
HA_Lat_11_6.13.26,80,454.0,561.0,0,457.72,560.65,0.99,454.73,566.64,0.9853,0.246305,0.328286,-0.07802,0.243482,0.317082,-0.071239,0.242907,0.316634,-0.071384,0.242444,0.316191,-0.071359,0.241713,0.317233,-0.094514,0.239881,0.317048,-0.094721,0.238114,0.316807,-0.094806,0.232319,0.318207,-0.024177,0.227557,0.317963,-0.130169,0.242899,0.340942,-0.055141,0.240739,0.340941,-0.08656,0.223226,0.381632,0.063443,0.206304,0.376598,-0.16726,0.216341,0.469373,0.075421,0.194705,0.4755,-0.187425,0.240017,0.518551,-0.012561,0.236841,0.524669,-0.169189,0.245123,0.534694,-0.023727,0.244831,0.540264,-0.190028,0.250103,0.526696,-0.040668,0.249057,0.5294,-0.186594,0.247884,0.520156,-0.022583,0.246947,0.524317,-0.166336,0.209572,0.553238,0.073232,0.211129,0.554639,-0.073324,0.172503,0.67171,0.142311,0.264677,0.649673,-0.046964,0.120352,0.757512,0.197152,0.27263,0.783938,0.028848,0.105449,0.766257,0.200375,0.262529,0.806593,0.035688,0.138529,0.796947,0.179401,0.303943,0.818656,0.003522
HA_Lat_11_6.13.26,81,454.0,563.0,0,456.53,562.12,0.9904,454.03,567.87,0.9849,0.245633,0.327504,-0.074816,0.24248,0.316155,-0.068047,0.241979,0.315626,-0.068196,0.241597,0.31511,-0.068169,0.240561,0.316505,-0.091659,0.238748,0.316405,-0.091867,0.23696,0.316243,-0.091955,0.231522,0.317309,-0.021893,0.226659,0.317463,-0.128887,0.242577,0.340197,-0.052387,0.240214,0.340399,-0.084257,0.223435,0.381597,0.064158,0.205387,0.376527,-0.166625,0.217037,0.469411,0.078224,0.194724,0.475489,-0.186468,0.239937,0.519227,-0.005572,0.236476,0.525807,-0.169092,0.245098,0.535622,-0.015371,0.244396,0.541471,-0.189986,0.249606,0.528802,-0.033077,0.248618,0.530885,-0.185965,0.247564,0.522348,-0.015688,0.246534,0.525797,-0.166046,0.210263,0.553242,0.073237,0.210993,0.55458,-0.073327,0.172437,0.671723,0.140258,0.264488,0.649714,-0.048727,0.120325,0.757531,0.192646,0.272523,0.783992,0.024763,0.105482,0.766264,0.195477,0.262451,0.806744,0.031655,0.138572,0.797014,0.172333,0.303699,0.818583,0.002072
HA_Lat_11_6.13.26,82,454.0,563.0,0,457.34,563.91,0.9916,453.11,568.38,0.9853,0.244904,0.32725,-0.078922,0.241856,0.315812,-0.071445,0.24152,0.315259,-0.071599,0.241317,0.314723,-0.071569,0.239579,0.316213,-0.094618,0.237684,0.31615,-0.094828,0.235785,0.316038,-0.094922,0.231541,0.317024,-0.022557,0.225674,0.317369,-0.128883,0.242231,0.339872,-0.055439,0.239455,0.340214,-0.08676,0.224124,0.381714,0.063937,0.205241,0.376506,-0.165712,0.218338,0.469702,0.078293,0.194729,0.475445,-0.185195,0.240033,0.520506,-0.005867,0.235994,0.526277,-0.169547,0.244794,0.53709,-0.015815,0.24391,0.542257,-0.190965,0.249244,0.532801,-0.033469,0.248258,0.531691,-0.187708,0.247311,0.525582,-0.015949,0.24622,0.526682,-0.166847,0.211226,0.553257,0.072967,0.2108,0.554549,-0.073053,0.172387,0.671743,0.139798,0.26431,0.649683,-0.049235,0.120091,0.757516,0.19418,0.272307,0.784088,0.019606,0.105486,0.766278,0.197199,0.262381,0.806844,0.025476,0.13849,0.797011,0.173082,0.303367,0.818142,-0.01307
HA_Lat_11_6.13.26,83,452.2,569.37,0,454.19,563.15,0.9901,452.2,569.37,0.9849,0.244414,0.326728,-0.075003,0.241176,0.315267,-0.068036,0.240754,0.314714,-0.06819,0.240451,0.314167,-0.068162,0.239125,0.315759,-0.091466,0.237292,0.315715,-0.091674,0.235428,0.315615,-0.091765,0.230315,0.3165,-0.021135,0.225313,0.317014,-0.127825,0.241645,0.339395,-0.052457,0.239122,0.339777,-0.084112,0.224175,0.381488,0.06396,0.205094,0.376128,-0.165164,0.218921,0.469715,0.078546,0.194726,0.475393,-0.185187,0.23989,0.520569,-0.004542,0.235522,0.527198,-0.170354,0.244696,0.537198,-0.014249,0.243153,0.543792,-0.191913,0.248968,0.533081,-0.032017,0.247724,0.533014,-0.188993,0.246889,0.526315,-0.014585,0.245667,0.527927,-0.167889,0.211227,0.553209,0.072904,0.210666,0.554482,-0.072989,0.172328,0.671733,0.139204,0.264084,0.649691,-0.050042,0.11995,0.757485,0.190743,0.27219,0.784185,0.018585,0.105491,0.766268,0.193317,0.262358,0.806983,0.024549,0.137985,0.796896,0.168019,0.303181,0.817516,-0.013532
HA_Lat_11_6.13.26,84,451.93,569.96,0,453.47,563.38,0.9911,451.93,569.96,0.985,0.244335,0.326554,-0.074664,0.24072,0.315022,-0.067681,0.240129,0.314486,-0.067836,0.239635,0.313953,-0.067807,0.239,0.315525,-0.091295,0.237261,0.315509,-0.091503,0.235507,0.315446,-0.091596,0.229441,0.316426,-0.020927,0.225409,0.317098,-0.127924,0.241293,0.339378,-0.052186,0.23913,0.33968,-0.084062,0.223717,0.381146,0.064004,0.204194,0.376055,-0.16548,0.218998,0.46973,0.078333,0.19474,0.475283,-0.18532,0.239662,0.522124,-0.004717,0.235378,0.52774,-0.170022,0.244585,0.538917,-0.014338,0.243129,0.544269,-0.191499,0.248861,0.535569,-0.032378,0.247711,0.533368,-0.188294,0.24625,0.528461,-0.014871,0.245641,0.528282,-0.167429,0.211798,0.553134,0.072921,0.210568,0.554445,-0.073006,0.172226,0.671736,0.141997,0.263741,0.6497,-0.050743,0.119944,0.757475,0.199816,0.272134,0.784335,0.017291,0.105557,0.766259,0.203129,0.262358,0.807258,0.022814,0.137998,0.796946,0.176853,0.303148,0.817489,-0.017531
HA_Lat_11_6.13.26,85,451.58,570.19,0,453.15,565.29,0.9858,451.58,570.19,0.9845,0.243314,0.326299,-0.076079,0.239931,0.314753,-0.069067,0.239448,0.314166,-0.069221,0.239086,0.313567,-0.06919,0.238006,0.315302,-0.092249,0.23623,0.315272,-0.092459,0.234442,0.315198,-0.092552,0.229085,0.315884,-0.021645,0.224492,0.316675,-0.127852,0.24054,0.338905,-0.053309,0.238218,0.339255,-0.084699,0.223309,0.380346,0.062594,0.204295,0.375826,-0.164019,0.219042,0.469598,0.077034,0.194744,0.475259,-0.184137,0.2386,0.522987,-0.005128,0.235197,0.527953,-0.169808,0.243899,0.539361,-0.014704,0.24294,0.544367,-0.19121,0.246515,0.537594,-0.032252,0.247409,0.533979,-0.187746,0.244694,0.530427,-0.015082,0.245289,0.529025,-0.167078,0.211969,0.55268,0.072316,0.210424,0.554059,-0.072398,0.171987,0.671734,0.142088,0.263392,0.649558,-0.05098,0.119661,0.757463,0.201143,0.272127,0.784607,0.008644,0.105447,0.766275,0.204728,0.262279,0.807442,0.013337,0.137828,0.796929,0.179182,0.303158,0.817553,-0.028028
HA_Lat_11_6.13.26,86,451.3,570.07,0,453.27,565.0,0.9857,451.3,570.07,0.9848,0.242723,0.326467,-0.073721,0.239479,0.314915,-0.066931,0.238925,0.314319,-0.067081,0.23846,0.313716,-0.067045,0.237724,0.315457,-0.089967,0.236012,0.31542,-0.090179,0.234297,0.31534,-0.090271,0.2286,0.316083,-0.0206,0.224351,0.316802,-0.125918,0.239567,0.339015,-0.051358,0.237682,0.339306,-0.082619,0.221915,0.37946,0.063585,0.203901,0.375874,-0.163052,0.217643,0.469123,0.085774,0.194754,0.47517,-0.184243,0.236215,0.523472,0.017592,0.235053,0.527843,-0.171185,0.240077,0.539908,0.010936,0.242881,0.54417,-0.192547,0.243569,0.538502,-0.006544,0.247318,0.533788,-0.188508,0.242351,0.531174,0.00818,0.245153,0.528879,-0.168256,0.211601,0.552494,0.072338,0.210439,0.553986,-0.07242,0.171892,0.671708,0.143121,0.262959,0.649535,-0.051353,0.119672,0.757452,0.202342,0.272127,0.784801,0.005954,0.105467,0.766269,0.206004,0.262378,0.807569,0.010388,0.137863,0.796954,0.182268,0.303179,0.817513,-0.029843
HA_Lat_11_6.13.26,87,451.31,570.05,0,454.54,563.17,0.9898,451.31,570.05,0.9848,0.24228,0.326453,-0.070647,0.239448,0.314987,-0.063815,0.23892,0.314415,-0.06396,0.238484,0.313838,-0.063925,0.237642,0.315457,-0.086663,0.235826,0.315391,-0.086874,0.234049,0.315289,-0.086965,0.228543,0.316111,-0.017474,0.223843,0.316629,-0.12145,0.239214,0.338914,-0.048257,0.237209,0.339214,-0.079271,0.221853,0.379476,0.067341,0.203886,0.37591,-0.158785,0.2178,0.469127,0.091637,0.194765,0.474928,-0.182043,0.23695,0.52358,0.023063,0.235059,0.527826,-0.170814,0.240745,0.539983,0.016089,0.242882,0.544032,-0.192093,0.244226,0.538624,-0.001388,0.247272,0.533627,-0.188034,0.242824,0.531415,0.013601,0.245153,0.52878,-0.167847,0.21163,0.552054,0.072362,0.210369,0.553659,-0.072444,0.171611,0.671731,0.142346,0.262487,0.649452,-0.053712,0.119572,0.757443,0.202329,0.271735,0.784884,0.000345,0.105469,0.766279,0.206009,0.262351,0.807704,0.004655,0.137908,0.796858,0.182491,0.303279,0.817509,-0.037419
HA_Lat_11_6.13.26,88,454.0,569.0,0,454.82,563.35,0.9896,450.82,569.94,0.9851,0.241939,0.325716,-0.071026,0.238734,0.314307,-0.064134,0.238201,0.313764,-0.064278,0.237761,0.313234,-0.064243,0.236948,0.31484,-0.087078,0.235193,0.314842,-0.08729,0.233485,0.314819,-0.087383,0.228,0.315774,-0.01763,0.223508,0.316488,-0.121932,0.23896,0.338302,-0.048579,0.237004,0.33858,-0.079709,0.221975,0.379278,0.067264,0.203762,0.375817,-0.159047,0.217911,0.469134,0.089916,0.19477,0.474775,-0.183463,0.237074,0.523829,0.017914,0.2348,0.527725,-0.174208,0.240918,0.540036,0.010225,0.242617,0.543895,-0.196106,0.244455,0.538745,-0.007744,0.247145,0.533491,-0.192514,0.24297,0.531522,0.00813,0.245059,0.528637,-0.171592,0.211761,0.551924,0.072381,0.210375,0.553554,-0.072463,0.17164,0.671615,0.14058,0.26228,0.649445,-0.047997,0.119555,0.757436,0.192309,0.271741,0.784884,0.008809,0.105476,0.766335,0.194916,0.262181,0.807728,0.012934,0.137735,0.796771,0.169727,0.303284,0.817514,-0.032143
HA_Lat_11_6.13.26,89,448.0,563.0,0,454.74,563.69,0.99,450.43,569.88,0.9845,0.241602,0.325112,-0.072501,0.238465,0.313973,-0.065487,0.237943,0.313529,-0.065632,0.237518,0.313076,-0.065597,0.23671,0.314456,-0.088297,0.235002,0.314498,-0.088508,0.233345,0.314492,-0.088602,0.227898,0.315679,-0.018264,0.223414,0.316047,-0.121962,0.238449,0.337918,-0.049759,0.23665,0.338127,-0.080744,0.221655,0.378858,0.066528,0.203554,0.375766,-0.159569,0.218014,0.46895,0.089073,0.194775,0.474472,-0.183497,0.236664,0.523843,0.014076,0.234598,0.527664,-0.173475,0.240843,0.540097,0.005605,0.242536,0.543795,-0.195184,0.243729,0.538873,-0.012301,0.246964,0.53338,-0.191466,0.242394,0.531663,0.004086,0.244761,0.528529,-0.170766,0.211446,0.551571,0.072306,0.21019,0.553153,-0.072387,0.171558,0.671603,0.142063,0.261967,0.649441,-0.04857,0.119446,0.757431,0.202011,0.27157,0.784883,0.008655,0.105452,0.766417,0.205792,0.262177,0.807778,0.013041,0.137758,0.796757,0.183061,0.303105,0.817521,-0.029434
HA_Lat_11_6.13.26,90,450.4,569.84,0,455.2,564.73,0.9901,450.4,569.84,0.9853,0.241233,0.325065,-0.075814,0.238297,0.313934,-0.068202,0.237873,0.313488,-0.068343,0.23755,0.313027,-0.068305,0.236309,0.314413,-0.090535,0.234494,0.314456,-0.090745,0.232733,0.314455,-0.090837,0.22798,0.315701,-0.018727,0.22267,0.316066,-0.122378,0.238335,0.337798,-0.052137,0.236211,0.33805,-0.082466,0.221472,0.378819,0.066833,0.203155,0.375827,-0.159186,0.218094,0.468895,0.091183,0.194781,0.474426,-0.182102,0.236458,0.524001,0.02093,0.234584,0.527631,-0.173427,0.24047,0.540123,0.013533,0.242586,0.543735,-0.194876,0.243666,0.53895,-0.004202,0.247015,0.533283,-0.191053,0.242341,0.531654,0.011295,0.244797,0.528418,-0.170631,0.211418,0.551565,0.072324,0.210202,0.553151,-0.072406,0.171575,0.671492,0.142303,0.261813,0.649431,-0.047937,0.119454,0.757323,0.201939,0.271431,0.784881,0.012562,0.105456,0.766372,0.205692,0.262138,0.807775,0.01751,0.137776,0.796567,0.183079,0.302905,0.817523,-0.023374
HA_Lat_11_6.13.26,91,450.01,569.82,0,454.82,565.14,0.9899,450.01,569.82,0.9852,0.240626,0.325049,-0.073392,0.237467,0.313814,-0.066296,0.236989,0.313322,-0.066441,0.236627,0.312814,-0.066407,0.235634,0.314325,-0.088815,0.233805,0.314317,-0.089025,0.231983,0.314265,-0.089115,0.226792,0.315199,-0.018393,0.221889,0.315768,-0.122058,0.237672,0.337705,-0.050488,0.235689,0.337944,-0.081028,0.22174,0.378859,0.066741,0.202938,0.375663,-0.158647,0.218413,0.468879,0.090755,0.194788,0.47434,-0.181141,0.236646,0.524034,0.015079,0.23438,0.527608,-0.17268,0.24069,0.540175,0.006818,0.242445,0.543637,-0.194088,0.244091,0.538936,-0.010671,0.246966,0.533201,-0.190867,0.242622,0.531642,0.00538,0.244775,0.52836,-0.170253,0.211512,0.551448,0.072057,0.210098,0.553082,-0.072138,0.171556,0.671368,0.139841,0.261585,0.649436,-0.047483,0.119401,0.757317,0.192225,0.271437,0.784863,0.012485,0.105426,0.766388,0.195066,0.262204,0.807773,0.017495,0.137585,0.796485,0.171558,0.302911,0.817121,-0.023062
HA_Lat_11_6.13.26,92,449.89,569.85,0,455.15,565.19,0.9905,449.89,569.85,0.9853,0.240624,0.325022,-0.075544,0.237362,0.313783,-0.06802,0.236886,0.313245,-0.068169,0.236532,0.312691,-0.068133,0.235464,0.314334,-0.090997,0.233618,0.31432,-0.091208,0.231761,0.314261,-0.091301,0.226698,0.315082,-0.018648,0.221653,0.315779,-0.123279,0.237752,0.337646,-0.052013,0.235679,0.337902,-0.083114,0.221961,0.378926,0.066735,0.202525,0.375586,-0.159856,0.220524,0.468893,0.089192,0.194789,0.474323,-0.184001,0.237323,0.524089,0.012085,0.234316,0.527643,-0.176364,0.241796,0.540184,0.003681,0.242273,0.543607,-0.198452,0.244542,0.5391,-0.013916,0.246822,0.53337,-0.195404,0.243016,0.531867,0.00233,0.244649,0.528597,-0.174046,0.211781,0.551395,0.072074,0.209994,0.553006,-0.072155,0.171557,0.671168,0.137661,0.261204,0.649386,-0.050555,0.11939,0.757289,0.189925,0.271465,0.784816,0.010516,0.105429,0.766388,0.192655,0.26232,0.807725,0.015516,0.137388,0.796487,0.166747,0.302915,0.817179,-0.026207
HA_Lat_11_6.13.26,93,449.58,569.89,0,453.61,564.73,0.9908,449.58,569.89,0.9852,0.240604,0.324299,-0.076406,0.23732,0.313104,-0.068665,0.236853,0.312581,-0.068816,0.236515,0.312059,-0.06878,0.23538,0.313671,-0.091832,0.233501,0.313668,-0.092043,0.231618,0.313623,-0.092139,0.226601,0.314479,-0.018678,0.221429,0.315227,-0.12362,0.23768,0.337137,-0.052641,0.235552,0.337443,-0.084006,0.222172,0.378979,0.066449,0.201999,0.375532,-0.159964,0.220556,0.46888,0.088738,0.194794,0.474274,-0.184216,0.236643,0.52482,0.011468,0.234157,0.527674,-0.175957,0.241213,0.540969,0.002793,0.242124,0.543549,-0.198081,0.243462,0.539815,-0.01443,0.246582,0.533465,-0.194892,0.242188,0.532646,0.001741,0.244352,0.528756,-0.173562,0.212076,0.551381,0.072058,0.209839,0.552982,-0.072136,0.171389,0.671126,0.137926,0.261055,0.649393,-0.056756,0.119325,0.757283,0.197419,0.271494,0.784833,0.001636,0.105421,0.766424,0.201041,0.262376,0.807731,0.006384,0.137376,0.796446,0.175362,0.303059,0.817472,-0.03594
HA_Lat_11_6.13.26,94,449.31,569.9,0,453.6,565.33,0.9909,449.31,569.9,0.9845,0.24062,0.324156,-0.069186,0.237207,0.31294,-0.061767,0.236715,0.312418,-0.061914,0.236348,0.311888,-0.061879,0.235356,0.313519,-0.085284,0.233533,0.313516,-0.085495,0.231702,0.313477,-0.085585,0.226419,0.314288,-0.013613,0.221515,0.315136,-0.119863,0.237686,0.336956,-0.046219,0.235634,0.337264,-0.07801,0.222292,0.378972,0.069596,0.201635,0.375498,-0.157211,0.220597,0.468869,0.088324,0.194792,0.474093,-0.180953,0.236655,0.524978,0.009781,0.234018,0.527689,-0.171736,0.241175,0.541013,0.001033,0.24188,0.543491,-0.193445,0.243508,0.540066,-0.016267,0.246121,0.533533,-0.190832,0.242005,0.532952,3.9e-05,0.243959,0.528857,-0.169614,0.212203,0.551298,0.072055,0.209683,0.552905,-0.072133,0.17112,0.671104,0.133011,0.260916,0.649394,-0.057781,0.119276,0.757288,0.185518,0.271506,0.784868,-0.004972,0.105399,0.766503,0.188263,0.262273,0.807769,-0.000982,0.137361,0.796428,0.162707,0.303074,0.817548,-0.043406
HA_Lat_11_6.13.26,95,448.83,569.93,0,454.01,565.54,0.99,448.83,569.93,0.9834,0.240352,0.324095,-0.069663,0.236783,0.312927,-0.06183,0.236327,0.312378,-0.061981,0.236003,0.311817,-0.061942,0.23491,0.313521,-0.085378,0.233041,0.313508,-0.085595,0.231195,0.313451,-0.085689,0.226266,0.314325,-0.014209,0.221092,0.315191,-0.120452,0.237606,0.336926,-0.046468,0.23554,0.337234,-0.07821,0.22289,0.379013,0.069336,0.201151,0.375453,-0.157529,0.22161,0.468848,0.085221,0.194756,0.474088,-0.18086,0.236726,0.524962,-0.000727,0.233768,0.527713,-0.171721,0.241166,0.540974,-0.010444,0.241551,0.543468,-0.193329,0.243618,0.540051,-0.028194,0.24583,0.533694,-0.190529,0.242012,0.532966,-0.010752,0.243671,0.529092,-0.169498,0.212454,0.551232,0.071964,0.209002,0.552785,-0.072036,0.171098,0.671071,0.132725,0.260679,0.649416,-0.065712,0.11928,0.757285,0.187706,0.271589,0.784907,-0.013464,0.105401,0.766502,0.190672,0.262528,0.807779,-0.009412,0.137285,0.796419,0.164956,0.303125,0.817485,-0.053524
HA_Lat_11_6.13.26,96,448.4,569.9,0,454.79,566.03,0.9901,448.4,569.9,0.983,0.239996,0.324024,-0.070049,0.236518,0.312877,-0.061931,0.236071,0.312312,-0.06208,0.235769,0.31174,-0.062043,0.234584,0.31348,-0.085451,0.232644,0.313445,-0.085667,0.230776,0.313359,-0.085763,0.226075,0.314281,-0.014584,0.220675,0.315187,-0.120807,0.237315,0.336812,-0.046732,0.235199,0.33711,-0.078457,0.223473,0.379054,0.069296,0.201072,0.375343,-0.157773,0.222826,0.468842,0.085013,0.194715,0.474069,-0.180995,0.237118,0.52498,-0.000582,0.233543,0.527688,-0.172284,0.241178,0.541258,-0.010219,0.241258,0.543439,-0.194105,0.243744,0.540259,-0.027886,0.245453,0.533736,-0.1913,0.242249,0.53314,-0.010568,0.243373,0.529141,-0.170087,0.212661,0.551203,0.071945,0.208527,0.552707,-0.072015,0.171098,0.671016,0.131099,0.260436,0.649415,-0.064125,0.119282,0.757257,0.185119,0.271594,0.784893,-0.008636,0.105412,0.766501,0.187926,0.262558,0.807757,-0.004177,0.137157,0.79633,0.161367,0.303104,0.816829,-0.046286
HA_Lat_11_6.13.26,97,448.28,569.89,0,454.63,566.21,0.9905,448.28,569.89,0.9831,0.239793,0.323678,-0.070365,0.236228,0.312509,-0.062399,0.235769,0.311934,-0.062545,0.235461,0.311352,-0.062508,0.234322,0.313175,-0.085898,0.2324,0.313165,-0.086113,0.230571,0.313102,-0.086209,0.225814,0.313909,-0.014958,0.220512,0.315046,-0.121165,0.23717,0.336491,-0.04712,0.235072,0.336873,-0.078831,0.223657,0.379093,0.069143,0.200988,0.37528,-0.158091,0.222742,0.468842,0.085265,0.194693,0.474066,-0.181148,0.237428,0.524992,0.002867,0.233479,0.527672,-0.172348,0.241369,0.541269,-0.005977,0.241194,0.543409,-0.19425,0.244254,0.540354,-0.02435,0.24536,0.533799,-0.191406,0.242744,0.533241,-0.007243,0.243284,0.52918,-0.170143,0.212755,0.551165,0.071919,0.208481,0.552689,-0.071987,0.171073,0.670975,0.132341,0.260197,0.649427,-0.063763,0.119278,0.757242,0.186903,0.271589,0.784889,-0.00637,0.105428,0.76651,0.189861,0.262564,0.807755,-0.001552,0.137057,0.796325,0.164752,0.303016,0.816842,-0.041773
HA_Lat_11_6.13.26,98,448.18,569.87,0,454.51,566.59,0.9908,448.18,569.87,0.9832,0.239764,0.323685,-0.070673,0.23627,0.312498,-0.062824,0.235837,0.311926,-0.06297,0.235553,0.311345,-0.062934,0.234301,0.313137,-0.086395,0.232356,0.313108,-0.08661,0.230489,0.313024,-0.086705,0.225839,0.313858,-0.015143,0.220328,0.314973,-0.120354,0.237134,0.33646,-0.04751,0.234941,0.336834,-0.07927,0.223894,0.379109,0.069069,0.200535,0.375238,-0.156089,0.223304,0.468871,0.083667,0.194601,0.47406,-0.178531,0.237717,0.525013,-0.00041,0.233428,0.527659,-0.170532,0.241394,0.541276,-0.009717,0.241066,0.543391,-0.192329,0.244322,0.540594,-0.027664,0.245232,0.533809,-0.189768,0.242875,0.533339,-0.01036,0.243202,0.529161,-0.168463,0.212854,0.551096,0.071473,0.208424,0.552669,-0.071539,0.171067,0.670946,0.129989,0.259976,0.649427,-0.062947,0.119216,0.757238,0.182012,0.271592,0.784888,-0.007751,0.105373,0.766558,0.184674,0.262614,0.807753,-0.003403,0.136991,0.79623,0.159074,0.303007,0.816908,-0.044704
HA_Lat_11_6.13.26,99,448.09,569.86,0,454.27,566.25,0.9907,448.09,569.86,0.9829,0.239717,0.323725,-0.067366,0.236256,0.312529,-0.060187,0.23581,0.311951,-0.060335,0.235509,0.31136,-0.060301,0.234319,0.31316,-0.083573,0.232384,0.313114,-0.083785,0.230526,0.313011,-0.083874,0.225654,0.313754,-0.013875,0.220316,0.314918,-0.118857,0.237041,0.336425,-0.044977,0.234861,0.336787,-0.076504,0.224066,0.379149,0.068992,0.200288,0.375112,-0.155058,0.223208,0.468871,0.082565,0.194463,0.474056,-0.175672,0.237955,0.525032,-0.002493,0.233379,0.52765,-0.163411,0.241389,0.541672,-0.011973,0.24095,0.543374,-0.18404,0.244339,0.540788,-0.029586,0.24513,0.533806,-0.181519,0.242957,0.533399,-0.012348,0.243121,0.529135,-0.161194,0.213006,0.551044,0.071223,0.208455,0.552661,-0.07129,0.171055,0.670938,0.125811,0.259879,0.649442,-0.062191,0.11921,0.757235,0.170678,0.271596,0.784843,-0.005618,0.105369,0.766591,0.172646,0.262655,0.807722,-0.000971,0.136997,0.796235,0.147418,0.302975,0.816422,-0.04176
HA_Lat_11_6.13.26,100,452.0,572.0,0,454.02,565.69,0.9902,447.37,569.81,0.9827,0.239762,0.3238,-0.071692,0.236388,0.312635,-0.063077,0.235955,0.312066,-0.063229,0.235663,0.311488,-0.063189,0.234389,0.313171,-0.086543,0.232439,0.313144,-0.086762,0.230549,0.313045,-0.086859,0.225854,0.313769,-0.013969,0.220414,0.314913,-0.11931,0.237012,0.336587,-0.047162,0.23481,0.336852,-0.078907,0.224282,0.379586,0.069404,0.199955,0.375117,-0.155266,0.224183,0.469161,0.082739,0.194415,0.474071,-0.177,0.238724,0.52472,-0.002586,0.233007,0.527603,-0.174129,0.241889,0.541378,-0.012181,0.240635,0.543258,-0.196759,0.245099,0.540779,-0.029918,0.244891,0.533734,-0.194064,0.24364,0.533277,-0.012519,0.242892,0.529094,-0.172098,0.213291,0.551036,0.071211,0.208015,0.552624,-0.071275,0.170871,0.671041,0.126903,0.259762,0.649436,-0.076052,0.119036,0.757274,0.188316,0.271646,0.784932,-0.025544,0.105254,0.766947,0.192384,0.262541,0.807886,-0.02144,0.137007,0.796228,0.16872,0.30291,0.816548,-0.064858
HA_Lat_11_6.13.26,101,447.14,569.8,0,453.73,565.79,0.9902,447.14,569.8,0.9828,0.239828,0.323747,-0.06993,0.236357,0.312557,-0.061941,0.235906,0.311974,-0.062092,0.235597,0.311387,-0.062054,0.234413,0.31313,-0.085369,0.232499,0.313113,-0.085586,0.230635,0.313032,-0.085683,0.225848,0.313703,-0.013411,0.220528,0.31492,-0.118908,0.237109,0.336504,-0.046165,0.234916,0.336814,-0.077863,0.224349,0.379494,0.069387,0.199883,0.375055,-0.154867,0.224008,0.469094,0.082816,0.194352,0.474059,-0.175792,0.238637,0.524739,-0.0024,0.232885,0.527596,-0.169637,0.241769,0.541275,-0.012062,0.240482,0.543224,-0.191846,0.245054,0.540771,-0.029818,0.244766,0.533716,-0.189253,0.243178,0.533272,-0.012314,0.242768,0.52907,-0.167573,0.213355,0.550985,0.071206,0.207856,0.55258,-0.071269,0.170853,0.671022,0.129043,0.259606,0.649562,-0.071708,0.118998,0.757267,0.19471,0.271674,0.784925,-0.017737,0.105219,0.766934,0.198896,0.262437,0.80789,-0.013319,0.137016,0.796065,0.175281,0.302998,0.816596,-0.055453
HA_Lat_11_6.13.26,102,448.0,569.0,0,453.26,565.72,0.9905,447.01,569.8,0.9827,0.239659,0.32379,-0.076409,0.236258,0.312629,-0.067846,0.235843,0.312026,-0.068,0.235565,0.311417,-0.067954,0.234258,0.31319,-0.091026,0.232329,0.313154,-0.091248,0.230442,0.31305,-0.091348,0.225928,0.313715,-0.014859,0.220418,0.314929,-0.119724,0.23699,0.336553,-0.051228,0.23481,0.336832,-0.082634,0.224472,0.379429,0.069015,0.199638,0.374948,-0.155211,0.224176,0.469096,0.0817,0.194302,0.474131,-0.175903,0.238718,0.524705,-0.00466,0.232818,0.527589,-0.170554,0.241856,0.541168,-0.014319,0.240472,0.543218,-0.192705,0.245268,0.540684,-0.032108,0.244797,0.533719,-0.190082,0.243434,0.533203,-0.014613,0.242784,0.529103,-0.168459,0.21349,0.550916,0.071167,0.207549,0.552499,-0.071228,0.17086,0.670903,0.130241,0.259498,0.649565,-0.070252,0.118918,0.757227,0.19464,0.271734,0.784922,-0.014097,0.105182,0.766932,0.198872,0.262465,0.807856,-0.009432,0.136873,0.796048,0.175172,0.303156,0.816885,-0.050506
HA_Lat_11_6.13.26,103,446.89,569.78,0,450.31,566.79,0.9863,446.89,569.78,0.9829,0.239694,0.323822,-0.074641,0.236222,0.312659,-0.066142,0.235797,0.312063,-0.066294,0.235509,0.311457,-0.066251,0.234261,0.313214,-0.089571,0.232344,0.313178,-0.089792,0.230467,0.313073,-0.089889,0.225915,0.313751,-0.013735,0.220452,0.31494,-0.119501,0.237019,0.336571,-0.049825,0.234858,0.33685,-0.081507,0.224502,0.379499,0.070506,0.199608,0.374945,-0.155511,0.224078,0.469107,0.082372,0.194262,0.474164,-0.17598,0.23915,0.524344,-0.00431,0.232756,0.527575,-0.171284,0.2428,0.540911,-0.013963,0.240414,0.543194,-0.1935,0.245701,0.540363,-0.031883,0.244799,0.533707,-0.190823,0.243957,0.532835,-0.014341,0.242784,0.529085,-0.169161,0.213517,0.550742,0.071189,0.207547,0.552362,-0.071251,0.170866,0.670825,0.127654,0.259356,0.649626,-0.069365,0.118921,0.757219,0.180052,0.271822,0.784734,-0.01239,0.105223,0.766989,0.182669,0.262649,0.807592,-0.007518,0.136857,0.79608,0.15716,0.303198,0.816822,-0.047493
HA_Lat_11_6.13.26,104,446.75,569.76,0,450.51,566.95,0.9863,446.75,569.76,0.9828,0.239795,0.323844,-0.072299,0.236282,0.312679,-0.064029,0.235837,0.312078,-0.06418,0.235523,0.311468,-0.06414,0.234338,0.313243,-0.087743,0.23243,0.313203,-0.087961,0.230553,0.313091,-0.088057,0.225888,0.313776,-0.012578,0.220522,0.315018,-0.119249,0.237103,0.33658,-0.048012,0.234946,0.336868,-0.080007,0.224588,0.379576,0.071051,0.199665,0.374948,-0.155398,0.224393,0.469108,0.082558,0.194235,0.474172,-0.176251,0.239326,0.523772,-0.004303,0.232681,0.527554,-0.169903,0.243148,0.540209,-0.014086,0.240291,0.543173,-0.191826,0.245832,0.539777,-0.031989,0.244757,0.533619,-0.18939,0.244161,0.53206,-0.014377,0.242742,0.529042,-0.167828,0.21355,0.550721,0.071181,0.20754,0.552362,-0.071242,0.170855,0.670771,0.124317,0.259191,0.649721,-0.068005,0.118922,0.757216,0.171628,0.271845,0.784511,-0.010381,0.105224,0.767031,0.173751,0.262658,0.807364,-0.005546,0.136865,0.796088,0.146527,0.303244,0.816847,-0.04586
HA_Lat_11_6.13.26,105,446.78,569.78,0,450.53,567.53,0.9861,446.78,569.78,0.9823,0.239818,0.323859,-0.072333,0.236156,0.312653,-0.064109,0.235706,0.312042,-0.06426,0.235388,0.311426,-0.064219,0.234243,0.313258,-0.087795,0.232343,0.313225,-0.088013,0.230477,0.31311,-0.088109,0.225794,0.3138,-0.012877,0.220484,0.315192,-0.119325,0.237156,0.336594,-0.048105,0.234995,0.336888,-0.080052,0.224787,0.379624,0.070684,0.199658,0.37495,-0.155623,0.224535,0.469141,0.081976,0.19421,0.474246,-0.176653,0.239369,0.523801,-0.004408,0.232698,0.52757,-0.169903,0.243122,0.540222,-0.014102,0.240273,0.54316,-0.191814,0.245882,0.539772,-0.03199,0.244766,0.533633,-0.189324,0.244261,0.532067,-0.01446,0.242757,0.529072,-0.167811,0.213625,0.550726,0.071047,0.207434,0.552363,-0.071106,0.170827,0.670768,0.125054,0.259124,0.649781,-0.066972,0.118923,0.757216,0.173933,0.271891,0.78432,-0.009685,0.105243,0.767068,0.17628,0.262764,0.806911,-0.004566,0.136859,0.796093,0.149902,0.303237,0.816582,-0.044525
HA_Lat_11_6.13.26,106,446.81,569.81,0,451.03,567.91,0.9867,446.81,569.81,0.9826,0.239828,0.323881,-0.072782,0.236108,0.312676,-0.064325,0.235661,0.312065,-0.064476,0.235348,0.311449,-0.064435,0.234178,0.31328,-0.088144,0.232268,0.313243,-0.088362,0.230402,0.313122,-0.088459,0.22579,0.313888,-0.013057,0.22045,0.315366,-0.119379,0.23718,0.336607,-0.048347,0.235009,0.336893,-0.08048,0.225268,0.380101,0.070528,0.199666,0.375023,-0.155641,0.225136,0.469485,0.081568,0.194198,0.474443,-0.177926,0.239849,0.523824,-0.007183,0.232712,0.527606,-0.172433,0.243996,0.54023,-0.017168,0.240294,0.543158,-0.194817,0.246358,0.539771,-0.035319,0.244786,0.533633,-0.192135,0.244726,0.532072,-0.01741,0.242776,0.529092,-0.170301,0.213802,0.550723,0.071052,0.207343,0.552355,-0.071111,0.17083,0.670746,0.124155,0.259062,0.649785,-0.069234,0.118924,0.757214,0.173585,0.271951,0.784067,-0.011105,0.105259,0.767109,0.175971,0.262841,0.806245,-0.006138,0.136858,0.796103,0.14884,0.303236,0.816489,-0.046984
HA_Lat_11_6.13.26,107,446.83,569.85,0,450.63,567.84,0.9866,446.83,569.85,0.9832,0.239823,0.323987,-0.072907,0.236128,0.312731,-0.06437,0.235694,0.31211,-0.064521,0.235395,0.311485,-0.06448,0.234177,0.313354,-0.088154,0.232247,0.313317,-0.088372,0.230388,0.313196,-0.088469,0.225847,0.313939,-0.012382,0.220412,0.315488,-0.119265,0.23721,0.336697,-0.04841,0.235015,0.337019,-0.080495,0.225961,0.381028,0.070934,0.199676,0.375113,-0.155605,0.22609,0.469973,0.081576,0.194173,0.474633,-0.179507,0.240506,0.523918,-0.008322,0.232725,0.527635,-0.17975,0.244765,0.541406,-0.018723,0.240296,0.543347,-0.203755,0.246851,0.540087,-0.037043,0.244803,0.533739,-0.201057,0.245208,0.53238,-0.018649,0.242786,0.529264,-0.177845,0.214065,0.550725,0.071056,0.207116,0.552347,-0.071113,0.170807,0.670759,0.125351,0.259044,0.649797,-0.077909,0.118912,0.757224,0.179013,0.272035,0.784062,-0.019644,0.105212,0.767109,0.182684,0.262883,0.806224,-0.014724,0.136871,0.796135,0.155412,0.303253,0.817096,-0.057135
HA_Lat_11_6.13.26,108,446.84,569.91,0,450.74,567.76,0.9864,446.84,569.91,0.9838,0.239806,0.324074,-0.072859,0.236091,0.312809,-0.064366,0.235662,0.312169,-0.064516,0.235376,0.311531,-0.064476,0.234138,0.313486,-0.088178,0.232234,0.31347,-0.088396,0.2304,0.313376,-0.088492,0.225882,0.314039,-0.012546,0.220463,0.315718,-0.119388,0.237213,0.33676,-0.048441,0.235009,0.337106,-0.08054,0.22555,0.381013,0.070953,0.199622,0.37519,-0.156103,0.225669,0.469942,0.082798,0.194161,0.474762,-0.180868,0.240078,0.52394,-0.005782,0.23273,0.527696,-0.178538,0.244057,0.541305,-0.015738,0.240318,0.54336,-0.201887,0.246682,0.540083,-0.034244,0.244846,0.533785,-0.198977,0.24442,0.532378,-0.016141,0.242806,0.529347,-0.176441,0.21416,0.550676,0.071081,0.207132,0.552341,-0.071139,0.170808,0.670748,0.126037,0.259066,0.64987,-0.076252,0.11901,0.757202,0.180507,0.272047,0.783967,-0.011141,0.10527,0.767114,0.184357,0.262885,0.805934,-0.005292,0.137321,0.796121,0.157644,0.303198,0.818058,-0.044993
HA_Lat_11_6.13.26,109,446.86,569.97,0,452.31,566.34,0.9911,446.86,569.97,0.9832,0.239865,0.324093,-0.072469,0.236113,0.312825,-0.064003,0.23568,0.312188,-0.064153,0.235391,0.31155,-0.064114,0.23416,0.313495,-0.087905,0.232258,0.313483,-0.088121,0.230434,0.313392,-0.08822,0.225892,0.314109,-0.01224,0.220501,0.315748,-0.119525,0.237273,0.336773,-0.048148,0.235031,0.337118,-0.080375,0.225918,0.381123,0.071104,0.199638,0.375204,-0.156186,0.225959,0.470135,0.082845,0.194161,0.474901,-0.180874,0.240204,0.524171,-0.005479,0.23274,0.527746,-0.178337,0.244243,0.542545,-0.015356,0.240314,0.543661,-0.201654,0.24683,0.540682,-0.033736,0.244856,0.534147,-0.198901,0.244713,0.533532,-0.01578,0.242821,0.529672,-0.176235,0.214397,0.550694,0.071259,0.207085,0.552343,-0.071311,0.170781,0.670859,0.128695,0.259075,0.649995,-0.075262,0.119019,0.7572,0.191789,0.272247,0.783872,-0.01528,0.105308,0.767118,0.195946,0.262966,0.805882,-0.01026,0.1374,0.796039,0.169369,0.303362,0.818223,-0.05321
HA_Lat_11_6.13.26,110,446.87,569.96,0,452.35,566.4,0.9912,446.87,569.96,0.9838,0.239895,0.324103,-0.070839,0.236156,0.312836,-0.062386,0.235719,0.3122,-0.062537,0.235427,0.311561,-0.062498,0.234211,0.313503,-0.086445,0.232311,0.313519,-0.086659,0.230479,0.313486,-0.086757,0.225934,0.314167,-0.010952,0.220522,0.316042,-0.118991,0.237288,0.336779,-0.046804,0.235059,0.337133,-0.079217,0.226525,0.381408,0.071347,0.199591,0.375367,-0.1558,0.226363,0.470286,0.082508,0.194158,0.474964,-0.180135,0.240216,0.524243,-0.008288,0.232747,0.527742,-0.177699,0.244211,0.542853,-0.018631,0.240327,0.543647,-0.201526,0.246849,0.540801,-0.03705,0.244869,0.534149,-0.198652,0.244781,0.53355,-0.018665,0.242834,0.52968,-0.175742,0.214532,0.550652,0.071174,0.20708,0.552314,-0.071223,0.170875,0.670845,0.126232,0.259095,0.650012,-0.073402,0.119033,0.757223,0.183126,0.272275,0.783751,-0.013809,0.105317,0.76715,0.186279,0.26298,0.805521,-0.008869,0.137391,0.796032,0.158559,0.302388,0.818034,-0.05104
HA_Lat_11_6.13.26,111,446.89,570.01,0,452.93,566.71,0.9908,446.89,570.01,0.9833,0.239986,0.324084,-0.067491,0.236165,0.312836,-0.059311,0.235729,0.312201,-0.059464,0.235437,0.311562,-0.05943,0.234235,0.313517,-0.08311,0.232341,0.313525,-0.083323,0.230525,0.313518,-0.083419,0.225968,0.314179,-0.00903,0.220605,0.316226,-0.116154,0.237484,0.336763,-0.044055,0.23521,0.337141,-0.076127,0.227562,0.381808,0.071477,0.19962,0.375438,-0.152607,0.226544,0.47065,0.081052,0.194164,0.47504,-0.175828,0.240199,0.524768,-0.01242,0.232754,0.52779,-0.172208,0.244176,0.543819,-0.023502,0.240308,0.543812,-0.195238,0.246925,0.541332,-0.041547,0.24488,0.53424,-0.192633,0.244921,0.533912,-0.022707,0.242841,0.529789,-0.170279,0.214754,0.550643,0.070833,0.207053,0.552309,-0.070877,0.170986,0.670785,0.11953,0.259104,0.650003,-0.076718,0.119092,0.7572,0.170633,0.272297,0.783721,-0.023184,0.105332,0.767161,0.173098,0.263015,0.80544,-0.018946,0.137395,0.795911,0.144732,0.302393,0.818474,-0.062175
HA_Lat_11_6.13.26,112,446.93,570.07,0,451.98,566.44,0.9917,446.93,570.07,0.9836,0.240016,0.324436,-0.063023,0.236171,0.313445,-0.055528,0.235754,0.31278,-0.055679,0.235473,0.312103,-0.055647,0.234334,0.31412,-0.079385,0.232503,0.314085,-0.079596,0.230777,0.314029,-0.07969,0.225986,0.314582,-0.007659,0.220935,0.316614,-0.115143,0.237506,0.336973,-0.040483,0.235277,0.337313,-0.072652,0.227778,0.381891,0.072353,0.199655,0.375445,-0.1525,0.226875,0.470648,0.082158,0.194246,0.475054,-0.176304,0.240973,0.524347,-0.009582,0.232778,0.527847,-0.172269,0.245077,0.54301,-0.020047,0.240312,0.543874,-0.195155,0.247555,0.541092,-0.038119,0.244944,0.534281,-0.19248,0.245859,0.533393,-0.019853,0.242966,0.529868,-0.17029,0.214813,0.550638,0.070801,0.207065,0.552269,-0.070846,0.170999,0.6708,0.118529,0.259115,0.650004,-0.074914,0.119266,0.75714,0.164471,0.2723,0.783632,-0.021842,0.105415,0.767008,0.166424,0.263015,0.805256,-0.017093,0.137352,0.795881,0.13879,0.30241,0.818464,-0.060623
HA_Lat_11_6.13.26,113,447.04,570.12,0,450.92,566.07,0.992,447.04,570.12,0.9835,0.240418,0.324724,-0.063243,0.236542,0.313698,-0.055457,0.236146,0.313024,-0.055607,0.235893,0.312345,-0.055574,0.234691,0.314427,-0.079211,0.23288,0.314456,-0.079422,0.231157,0.314473,-0.079517,0.226513,0.315125,-0.00683,0.221402,0.317238,-0.113876,0.238005,0.337255,-0.040477,0.235678,0.337606,-0.072504,0.228634,0.382442,0.072628,0.199684,0.375657,-0.151437,0.227356,0.471101,0.082158,0.194316,0.475075,-0.175682,0.241136,0.525199,-0.008901,0.232833,0.527888,-0.171302,0.245439,0.544676,-0.019193,0.24032,0.544036,-0.193888,0.247755,0.542177,-0.037234,0.244958,0.534503,-0.191212,0.246026,0.535162,-0.019131,0.243009,0.5301,-0.1693,0.214912,0.550624,0.070524,0.207077,0.552243,-0.070565,0.171208,0.670662,0.113178,0.259123,0.649924,-0.075977,0.119328,0.757058,0.157445,0.272342,0.783469,-0.026002,0.105504,0.76694,0.159241,0.263039,0.804999,-0.022035,0.137388,0.795854,0.130752,0.302421,0.818543,-0.065613
HA_Lat_11_6.13.26,114,447.12,570.21,0,448.63,566.63,0.9875,447.12,570.21,0.9836,0.240898,0.324706,-0.063477,0.237065,0.313657,-0.055716,0.236599,0.312992,-0.055864,0.23627,0.312322,-0.055832,0.235369,0.314383,-0.079628,0.23359,0.314415,-0.079839,0.231896,0.314438,-0.079934,0.226716,0.315061,-0.007136,0.222024,0.317048,-0.114515,0.238229,0.337259,-0.040685,0.236036,0.337605,-0.072924,0.228349,0.382439,0.073046,0.200012,0.375664,-0.151814,0.227054,0.471036,0.085235,0.194376,0.475075,-0.175796,0.241043,0.525202,-0.000226,0.232873,0.527968,-0.167845,0.245089,0.544574,-0.009496,0.240331,0.544179,-0.189599,0.247738,0.542134,-0.027347,0.245029,0.534702,-0.186535,0.245709,0.535113,-0.010286,0.243072,0.53033,-0.1655,0.215014,0.550611,0.070665,0.207192,0.55223,-0.070709,0.171685,0.67052,0.115053,0.259137,0.649912,-0.075303,0.119447,0.757011,0.163822,0.272343,0.783362,-0.019699,0.105505,0.766863,0.166063,0.263039,0.804927,-0.014853,0.137375,0.795703,0.138193,0.30243,0.818778,-0.055385
HA_Lat_11_6.13.26,115,447.13,570.21,0,448.96,566.71,0.9879,447.13,570.21,0.9842,0.241644,0.324708,-0.06431,0.237933,0.313659,-0.056393,0.237439,0.312997,-0.056542,0.237056,0.31234,-0.056508,0.236195,0.314376,-0.080345,0.234423,0.314414,-0.080557,0.232718,0.31444,-0.080653,0.227624,0.315117,-0.006299,0.222821,0.317066,-0.114742,0.238832,0.337313,-0.041315,0.236581,0.337631,-0.073577,0.230142,0.38363,0.075086,0.200028,0.375908,-0.151976,0.228144,0.471235,0.08832,0.194473,0.475081,-0.179828,0.241587,0.525232,0.001169,0.23288,0.52797,-0.17931,0.245011,0.544965,-0.008342,0.240264,0.544365,-0.203066,0.247843,0.542428,-0.026759,0.245022,0.534853,-0.199851,0.245947,0.535164,-0.009171,0.24308,0.530412,-0.177051,0.215112,0.550743,0.070849,0.207201,0.552244,-0.070891,0.17179,0.670478,0.114538,0.259146,0.649876,-0.076329,0.119482,0.757009,0.160675,0.272426,0.783222,-0.020367,0.10554,0.766861,0.162518,0.263085,0.804681,-0.015743,0.137375,0.795796,0.131762,0.302469,0.818489,-0.059061
HA_Lat_11_6.13.26,116,447.9,570.58,0,449.93,566.48,0.9883,447.9,570.58,0.9847,0.241858,0.324959,-0.06566,0.238112,0.313997,-0.057969,0.237597,0.313344,-0.058123,0.237193,0.312686,-0.058095,0.236419,0.31476,-0.08202,0.234701,0.31484,-0.082229,0.233037,0.314896,-0.082326,0.227869,0.315478,-0.008685,0.223265,0.317636,-0.117467,0.238973,0.337503,-0.042879,0.236882,0.337815,-0.075265,0.230257,0.383615,0.07215,0.200367,0.375772,-0.15612,0.228258,0.471378,0.083107,0.19461,0.475081,-0.185478,0.241551,0.525807,-0.006291,0.233282,0.528318,-0.185279,0.245346,0.545836,-0.016627,0.240804,0.544837,-0.209543,0.247986,0.542845,-0.03532,0.245664,0.535109,-0.206492,0.246091,0.535401,-0.016783,0.243717,0.530592,-0.183191,0.215221,0.550819,0.070911,0.20721,0.552228,-0.070952,0.17198,0.670457,0.115697,0.259311,0.649887,-0.075557,0.119558,0.757,0.161979,0.27252,0.783199,-0.01959,0.105541,0.76671,0.163949,0.262976,0.804644,-0.015508,0.137412,0.795815,0.1366,0.302481,0.818486,-0.05858
HA_Lat_11_6.13.26,117,448.04,570.59,0,451.15,566.48,0.988,448.04,570.59,0.985,0.242553,0.325304,-0.06526,0.238925,0.314304,-0.05731,0.238467,0.313611,-0.057465,0.238118,0.312921,-0.057434,0.237171,0.315028,-0.081288,0.235416,0.315074,-0.0815,0.233736,0.315104,-0.081599,0.228872,0.315604,-0.007328,0.224065,0.317703,-0.115703,0.239686,0.337764,-0.042217,0.237456,0.338008,-0.074534,0.230969,0.383698,0.073217,0.200373,0.375766,-0.154939,0.229207,0.471422,0.08345,0.194709,0.475069,-0.184613,0.241827,0.52582,-0.006674,0.233354,0.528324,-0.18291,0.245281,0.54589,-0.017155,0.240836,0.544839,-0.20642,0.248151,0.542974,-0.035735,0.245726,0.535137,-0.203281,0.246327,0.535416,-0.017139,0.243784,0.530601,-0.180704,0.215341,0.551104,0.070902,0.207165,0.552227,-0.070942,0.171999,0.670447,0.115908,0.25935,0.649901,-0.079155,0.119677,0.756994,0.163285,0.272487,0.783159,-0.02143,0.105553,0.766709,0.165372,0.262922,0.804644,-0.016854,0.137508,0.796157,0.13761,0.302445,0.818484,-0.0584
HA_Lat_11_6.13.26,118,448.2,570.59,0,451.78,566.68,0.9877,448.2,570.59,0.9853,0.242914,0.325591,-0.065138,0.239306,0.314671,-0.05699,0.238898,0.313946,-0.057145,0.238616,0.313227,-0.057112,0.237461,0.315466,-0.081095,0.235696,0.315524,-0.081309,0.234014,0.315557,-0.081409,0.22954,0.315905,-0.00614,0.224356,0.317989,-0.115332,0.240098,0.337932,-0.041783,0.237763,0.338232,-0.074307,0.23172,0.383679,0.074404,0.200382,0.37578,-0.154975,0.229609,0.471408,0.084697,0.194876,0.474976,-0.185961,0.241776,0.52648,-0.004892,0.233435,0.528326,-0.187778,0.245247,0.546185,-0.015098,0.240896,0.544872,-0.212407,0.248132,0.543406,-0.033943,0.245833,0.53517,-0.2091,0.246311,0.535809,-0.015402,0.24388,0.53061,-0.185646,0.215457,0.55124,0.071184,0.207114,0.552209,-0.071217,0.172148,0.670349,0.117598,0.259396,0.649892,-0.08873,0.119831,0.756983,0.165603,0.272588,0.783159,-0.037036,0.105578,0.766664,0.167774,0.262934,0.804721,-0.032973,0.137593,0.796207,0.141495,0.302646,0.818551,-0.07771
HA_Lat_11_6.13.26,119,448.38,570.61,0,452.59,565.66,0.993,448.38,570.61,0.9857,0.243347,0.32639,-0.065335,0.239925,0.315407,-0.057136,0.239505,0.314692,-0.057293,0.239208,0.313992,-0.057258,0.23805,0.31594,-0.081291,0.23626,0.315864,-0.081505,0.234599,0.315782,-0.081606,0.230193,0.316125,-0.006124,0.225017,0.317995,-0.115524,0.240446,0.338649,-0.041886,0.238231,0.338647,-0.074481,0.232165,0.383844,0.075049,0.200615,0.375738,-0.155372,0.229567,0.472029,0.084878,0.195072,0.474786,-0.186183,0.241911,0.527895,-0.005952,0.23353,0.528346,-0.185656,0.245593,0.547545,-0.016271,0.24096,0.544974,-0.209692,0.2483,0.544748,-0.035241,0.245929,0.535358,-0.206536,0.246553,0.537095,-0.016572,0.244006,0.53072,-0.183482,0.21555,0.551392,0.071369,0.20713,0.552211,-0.071402,0.172149,0.670346,0.118688,0.259402,0.64989,-0.084333,0.119927,0.75698,0.167858,0.272569,0.782992,-0.035715,0.105606,0.766577,0.17016,0.262935,0.804624,-0.032656,0.137594,0.79627,0.143387,0.302534,0.818715,-0.072857
HA_Lat_11_6.13.26,120,453.0,567.0,0,453.32,565.87,0.9931,448.76,570.62,0.9856,0.24428,0.326568,-0.063258,0.24074,0.315673,-0.05515,0.240313,0.314975,-0.055306,0.24,0.31429,-0.055272,0.238923,0.316289,-0.079347,0.237183,0.316283,-0.079562,0.23557,0.316262,-0.079664,0.230893,0.316622,-0.004671,0.226007,0.318517,-0.114188,0.241337,0.3388,-0.039909,0.239212,0.338798,-0.072576,0.232517,0.383829,0.076244,0.201051,0.37569,-0.154696,0.229553,0.472045,0.085639,0.195323,0.474622,-0.185896,0.241912,0.528058,-0.005698,0.23373,0.528348,-0.184236,0.245537,0.5475,-0.016129,0.241269,0.544968,-0.208126,0.248468,0.544727,-0.035166,0.246236,0.53534,-0.204888,0.246743,0.537065,-0.016356,0.244277,0.530671,-0.182028,0.215587,0.551392,0.071512,0.207128,0.552125,-0.071544,0.172163,0.670266,0.119159,0.259414,0.649909,-0.083724,0.120088,0.756966,0.169023,0.272694,0.783004,-0.031853,0.105653,0.766485,0.171404,0.262965,0.804707,-0.027964,0.137614,0.796324,0.143938,0.302752,0.818843,-0.070364
HA_Lat_11_6.13.26,121,449.26,570.66,0,453.71,565.33,0.9927,449.26,570.66,0.9859,0.245047,0.326788,-0.063982,0.241644,0.315896,-0.055335,0.241233,0.315227,-0.055495,0.240934,0.314571,-0.055459,0.23978,0.316424,-0.079821,0.237983,0.316395,-0.080038,0.236334,0.316351,-0.080144,0.231761,0.316795,-0.005171,0.226829,0.318535,-0.114219,0.242047,0.339119,-0.040177,0.239904,0.339033,-0.073207,0.23315,0.384104,0.076034,0.201754,0.375748,-0.155175,0.22963,0.472423,0.085843,0.195609,0.474579,-0.186113,0.242088,0.528581,-0.005742,0.233988,0.528391,-0.184629,0.245888,0.548237,-0.016145,0.241411,0.545081,-0.208745,0.248624,0.545369,-0.035215,0.24642,0.535532,-0.205436,0.247031,0.537605,-0.016414,0.244513,0.530788,-0.182385,0.215617,0.551525,0.071588,0.207145,0.552157,-0.071619,0.172343,0.670076,0.119498,0.259477,0.649908,-0.081806,0.120251,0.756933,0.16974,0.27271,0.782809,-0.028839,0.105694,0.766275,0.172224,0.263029,0.804627,-0.023831,0.137611,0.796619,0.145146,0.302184,0.818907,-0.064495
HA_Lat_11_6.13.26,122,449.75,570.66,0,454.51,564.6,0.992,449.75,570.66,0.9845,0.24595,0.326784,-0.063351,0.24244,0.315897,-0.055016,0.241998,0.31524,-0.055173,0.241675,0.314599,-0.055137,0.240639,0.316434,-0.079156,0.23886,0.31642,-0.079373,0.237202,0.316391,-0.079477,0.23266,0.316963,-0.005294,0.227815,0.318617,-0.113505,0.242889,0.339118,-0.039905,0.240802,0.339033,-0.072487,0.233446,0.384094,0.076019,0.202866,0.375716,-0.153918,0.229607,0.472597,0.086344,0.195731,0.474217,-0.183427,0.242257,0.529186,-0.002539,0.234243,0.528388,-0.18,0.246081,0.548831,-0.012202,0.241511,0.545075,-0.203205,0.248664,0.545815,-0.030936,0.246476,0.535553,-0.199643,0.247161,0.538004,-0.01299,0.244577,0.530786,-0.177629,0.215615,0.551571,0.071596,0.207255,0.552156,-0.071627,0.172499,0.66978,0.118523,0.25951,0.649804,-0.076368,0.12031,0.75688,0.16227,0.272774,0.782651,-0.026971,0.105696,0.766241,0.163861,0.263084,0.804595,-0.021454,0.13761,0.796493,0.134291,0.302193,0.817914,-0.062029
HA_Lat_11_6.13.26,123,449.97,570.68,0,453.33,563.53,0.9924,449.97,570.68,0.9837,0.247193,0.327886,-0.061682,0.243794,0.317075,-0.053803,0.243307,0.316425,-0.053959,0.242913,0.315747,-0.053922,0.242138,0.317478,-0.077963,0.2404,0.317354,-0.078181,0.238748,0.317213,-0.078284,0.233598,0.317496,-0.004968,0.229135,0.318965,-0.113454,0.243888,0.340067,-0.038614,0.241999,0.339816,-0.071222,0.233757,0.384092,0.076364,0.203339,0.375732,-0.153724,0.229567,0.472587,0.086551,0.195959,0.474094,-0.18067,0.242213,0.529145,-0.002554,0.234359,0.528409,-0.170814,0.245574,0.548757,-0.01222,0.241675,0.545074,-0.192477,0.247215,0.545726,-0.030795,0.246624,0.535548,-0.188696,0.246508,0.537942,-0.012963,0.244733,0.530749,-0.168063,0.215685,0.551697,0.07166,0.207267,0.552223,-0.071693,0.172694,0.669706,0.118805,0.25962,0.649737,-0.075376,0.120485,0.756802,0.164763,0.272947,0.782541,-0.025702,0.105727,0.766079,0.16667,0.263402,0.804525,-0.020315,0.137617,0.796485,0.137557,0.30228,0.817559,-0.059013
HA_Lat_11_6.13.26,124,450.16,570.69,0,452.6,563.09,0.9921,450.16,570.69,0.9834,0.248706,0.327917,-0.065945,0.245463,0.317106,-0.057217,0.245138,0.316455,-0.057374,0.244908,0.315778,-0.057329,0.243358,0.317523,-0.080885,0.241487,0.317418,-0.081111,0.239668,0.317295,-0.081223,0.235735,0.317669,-0.005327,0.229934,0.319054,-0.113708,0.245899,0.340114,-0.041672,0.243387,0.339926,-0.073667,0.235691,0.38455,0.076167,0.204409,0.37573,-0.153347,0.229235,0.472671,0.087736,0.196172,0.47379,-0.179548,0.240736,0.530816,0.00225,0.234457,0.528415,-0.17038,0.244259,0.549792,-0.006693,0.241739,0.545103,-0.192299,0.24564,0.546369,-0.025035,0.246724,0.535585,-0.188431,0.245263,0.538611,-0.00791,0.244826,0.530756,-0.167607,0.215793,0.55189,0.071656,0.207271,0.55235,-0.071689,0.172815,0.669705,0.119059,0.25978,0.649576,-0.075328,0.120623,0.756647,0.166135,0.273037,0.782454,-0.024915,0.105797,0.76593,0.168217,0.263515,0.804408,-0.019674,0.137884,0.796496,0.138779,0.302362,0.817848,-0.05813
HA_Lat_11_6.13.26,125,450.46,570.69,0,452.03,562.8,0.992,450.46,570.69,0.9832,0.250138,0.328919,-0.066189,0.247083,0.318222,-0.057491,0.246815,0.317526,-0.057648,0.246654,0.316806,-0.057603,0.244848,0.318784,-0.080954,0.242966,0.318725,-0.081181,0.241129,0.318603,-0.081294,0.237606,0.318787,-0.005435,0.231599,0.320025,-0.113626,0.247338,0.340876,-0.041895,0.244747,0.34073,-0.073721,0.236191,0.384645,0.076016,0.205688,0.375748,-0.152642,0.229159,0.472626,0.087804,0.196478,0.473641,-0.177805,0.240651,0.530718,0.002329,0.234614,0.528413,-0.168295,0.243906,0.549647,-0.00678,0.24181,0.545274,-0.190035,0.245209,0.546276,-0.024898,0.246888,0.535609,-0.186119,0.245087,0.538481,-0.007759,0.245024,0.530749,-0.165472,0.21579,0.552058,0.071658,0.207269,0.552554,-0.071691,0.172917,0.66973,0.119476,0.260291,0.649288,-0.07523,0.120741,0.756621,0.16719,0.273201,0.782426,-0.023808,0.105797,0.765936,0.169361,0.263671,0.804372,-0.018928,0.138045,0.796496,0.140493,0.303325,0.817852,-0.057806
HA_Lat_11_6.13.26,126,451.31,570.83,0,453.11,564.05,0.9913,451.31,570.83,0.9833,0.251378,0.329691,-0.065759,0.248188,0.318964,-0.05727,0.247846,0.318262,-0.057425,0.247622,0.317536,-0.05738,0.246131,0.319585,-0.080885,0.244314,0.319527,-0.08111,0.242555,0.319392,-0.08122,0.238365,0.319515,-0.005621,0.233101,0.320792,-0.113755,0.24854,0.341572,-0.041786,0.246163,0.341412,-0.073753,0.235814,0.384593,0.076349,0.207891,0.375761,-0.153898,0.228107,0.472623,0.089432,0.197014,0.473524,-0.178639,0.238465,0.532445,0.005796,0.235056,0.528546,-0.168867,0.24234,0.549986,-0.002912,0.24221,0.545368,-0.190754,0.243797,0.546896,-0.020936,0.247218,0.535799,-0.186757,0.243848,0.538891,-0.004256,0.245374,0.530877,-0.16601,0.215698,0.552406,0.072408,0.207737,0.55301,-0.072453,0.173423,0.669833,0.123472,0.261074,0.649133,-0.072063,0.120742,0.756532,0.170618,0.27323,0.782432,-0.016728,0.105677,0.765922,0.172863,0.26372,0.804372,-0.011622,0.138474,0.796502,0.147832,0.304649,0.81813,-0.047749
HA_Lat_11_6.13.26,127,452.11,571.16,0,454.25,565.08,0.9919,452.11,571.16,0.982,0.253034,0.330808,-0.068076,0.2499,0.320146,-0.060004,0.249465,0.319527,-0.060156,0.249135,0.31887,-0.060113,0.247999,0.320618,-0.083692,0.24628,0.320529,-0.083912,0.244593,0.320359,-0.084025,0.239889,0.320944,-0.009978,0.235231,0.321939,-0.117832,0.2499,0.342721,-0.044544,0.247755,0.342495,-0.076587,0.235664,0.385173,0.074227,0.2103,0.376057,-0.157626,0.227131,0.472709,0.084405,0.197422,0.473521,-0.17983,0.236751,0.5333,-0.003373,0.235472,0.528848,-0.166989,0.241501,0.550239,-0.012837,0.242625,0.545536,-0.188455,0.243016,0.547444,-0.030215,0.247482,0.5361,-0.183959,0.243097,0.539034,-0.01331,0.245643,0.531098,-0.163794,0.215376,0.552484,0.072813,0.207778,0.55328,-0.072862,0.173494,0.669871,0.131543,0.262422,0.648996,-0.070086,0.120753,0.756529,0.187686,0.273399,0.782426,-0.009264,0.10565,0.76591,0.190924,0.263879,0.804286,-0.003674,0.138675,0.796502,0.169176,0.305382,0.818202,-0.038231
HA_Lat_11_6.13.26,128,453.11,571.49,0,456.74,565.04,0.9909,453.11,571.49,0.9821,0.255161,0.332815,-0.070546,0.252476,0.321835,-0.062329,0.252177,0.321243,-0.06248,0.251982,0.320627,-0.062441,0.250275,0.322156,-0.08589,0.248514,0.322018,-0.086104,0.246758,0.321833,-0.086215,0.242756,0.322936,-0.011977,0.23709,0.323351,-0.118868,0.252249,0.344586,-0.046993,0.249771,0.344421,-0.078799,0.237118,0.386638,0.073038,0.212253,0.376832,-0.15798,0.227404,0.473917,0.082024,0.197647,0.473594,-0.180463,0.237227,0.534005,-0.007778,0.235994,0.529154,-0.167033,0.242496,0.550846,-0.017708,0.242785,0.545821,-0.188535,0.244499,0.547831,-0.035432,0.247798,0.536474,-0.184446,0.244529,0.539285,-0.017891,0.246076,0.531416,-0.164002,0.215191,0.55272,0.072952,0.207779,0.553497,-0.073,0.173853,0.670026,0.131221,0.263721,0.648798,-0.071148,0.120861,0.7564,0.186452,0.273502,0.782427,-0.012203,0.105651,0.765882,0.189488,0.264045,0.80417,-0.006842,0.139485,0.796919,0.166352,0.305344,0.818636,-0.038666
HA_Lat_11_6.13.26,129,453.68,571.97,0,460.66,567.44,0.9888,453.68,571.97,0.9826,0.257171,0.333837,-0.072095,0.254176,0.322836,-0.064153,0.253763,0.322248,-0.064306,0.253433,0.321612,-0.064273,0.252296,0.323229,-0.087955,0.25055,0.323062,-0.088161,0.24881,0.322797,-0.088272,0.2439,0.324146,-0.015344,0.23912,0.324748,-0.123208,0.254156,0.345645,-0.049152,0.251901,0.345647,-0.081268,0.238323,0.388138,0.067918,0.214449,0.37765,-0.161238,0.22731,0.475086,0.072137,0.198083,0.473766,-0.180849,0.237351,0.534069,-0.022618,0.236294,0.529605,-0.166241,0.242958,0.551213,-0.033834,0.242857,0.546442,-0.188059,0.245137,0.547732,-0.051416,0.247825,0.537581,-0.18413,0.244996,0.539413,-0.032827,0.246169,0.532295,-0.163321,0.214461,0.552949,0.073012,0.207715,0.553625,-0.073058,0.17388,0.670114,0.140931,0.264757,0.648745,-0.073496,0.120926,0.756403,0.208082,0.273758,0.782432,-0.010668,0.105653,0.765889,0.212561,0.264061,0.804,-0.004433,0.140013,0.797319,0.195703,0.305299,0.819115,-0.032146
HA_Lat_11_6.13.26,130,455.64,572.48,0,462.66,566.69,0.988,455.64,572.48,0.9833,0.259554,0.336199,-0.082975,0.257126,0.325177,-0.074576,0.256807,0.324552,-0.074738,0.256516,0.323896,-0.074704,0.255,0.325291,-0.097968,0.253242,0.324969,-0.098169,0.251434,0.324526,-0.098291,0.246884,0.325616,-0.023448,0.241759,0.325811,-0.129303,0.256523,0.347676,-0.059359,0.254072,0.347458,-0.090931,0.240774,0.38996,0.059672,0.215471,0.379016,-0.165797,0.227318,0.478491,0.063202,0.198728,0.474593,-0.183971,0.234574,0.540935,-0.031018,0.237313,0.530075,-0.166968,0.237465,0.561214,-0.04239,0.243475,0.54717,-0.188827,0.240622,0.555389,-0.059496,0.248631,0.538933,-0.185085,0.240525,0.547411,-0.040854,0.246803,0.533425,-0.164164,0.214409,0.5541,0.073005,0.207717,0.554733,-0.073051,0.17389,0.670295,0.152689,0.265977,0.648516,-0.075381,0.120964,0.756625,0.225718,0.273883,0.782432,-0.010688,0.106071,0.766025,0.230599,0.264062,0.803505,-0.004374,0.139999,0.797441,0.211261,0.305096,0.819559,-0.034219
HA_Lat_11_6.13.26,131,456.96,572.52,0,463.3,567.41,0.9885,456.96,572.52,0.9844,0.261364,0.33744,-0.082755,0.258927,0.326821,-0.073793,0.258668,0.326255,-0.073944,0.258482,0.325622,-0.073906,0.256788,0.326922,-0.096987,0.255004,0.326553,-0.097191,0.253183,0.326022,-0.097305,0.249178,0.327362,-0.021203,0.243351,0.327458,-0.127434,0.258565,0.349088,-0.058493,0.255933,0.348972,-0.089803,0.243408,0.391731,0.062053,0.218754,0.380137,-0.164728,0.230492,0.480603,0.067586,0.199508,0.474957,-0.183834,0.235572,0.541311,-0.027412,0.237999,0.530112,-0.167518,0.237889,0.564377,-0.039435,0.243723,0.547243,-0.190167,0.241377,0.558421,-0.056304,0.248782,0.539594,-0.185784,0.241322,0.550906,-0.037416,0.247151,0.533969,-0.164545,0.214366,0.555207,0.073067,0.207853,0.555712,-0.073111,0.173882,0.6708,0.146008,0.267323,0.648117,-0.079064,0.120997,0.756971,0.209329,0.273973,0.782499,-0.023205,0.106306,0.766281,0.213152,0.264106,0.803364,-0.017896,0.139995,0.797818,0.192454,0.305258,0.820082,-0.046349
HA_Lat_11_6.13.26,132,458.76,572.49,0,468.5,568.94,0.9867,458.76,572.49,0.9853,0.263554,0.339561,-0.082628,0.260881,0.329304,-0.074022,0.260486,0.328821,-0.074178,0.260162,0.328235,-0.074141,0.259015,0.329122,-0.097381,0.257284,0.328571,-0.097582,0.255478,0.327857,-0.097695,0.250919,0.329591,-0.022493,0.245618,0.329108,-0.128485,0.260228,0.350632,-0.058834,0.258188,0.350228,-0.090341,0.245197,0.392457,0.061169,0.221444,0.380946,-0.1665,0.230645,0.480385,0.067319,0.200528,0.475469,-0.189955,0.237059,0.540421,-0.024588,0.238939,0.530079,-0.175952,0.239034,0.562602,-0.035293,0.244502,0.547232,-0.199084,0.242912,0.557076,-0.05289,0.249664,0.539552,-0.193925,0.243617,0.550198,-0.034682,0.248148,0.533919,-0.172717,0.214366,0.556043,0.073123,0.208681,0.556455,-0.073164,0.173917,0.670951,0.145962,0.268761,0.648032,-0.079433,0.121133,0.75707,0.209583,0.273963,0.78251,-0.023444,0.106463,0.766332,0.21346,0.264005,0.803252,-0.018185,0.140152,0.797824,0.194123,0.30457,0.82034,-0.046405
HA_Lat_11_6.13.26,133,461.1,572.48,0,469.72,567.87,0.9857,461.1,572.48,0.9857,0.266676,0.340413,-0.080623,0.263705,0.330072,-0.072151,0.263161,0.329639,-0.072306,0.262673,0.329113,-0.072269,0.262129,0.330016,-0.095688,0.260499,0.329566,-0.095892,0.258803,0.328968,-0.096003,0.253076,0.330872,-0.02135,0.249101,0.330699,-0.128684,0.263034,0.351986,-0.057012,0.261199,0.351605,-0.088834,0.246147,0.393273,0.061882,0.224404,0.382175,-0.167877,0.230618,0.480743,0.067058,0.201462,0.475884,-0.192183,0.237799,0.542124,-0.025434,0.240158,0.530073,-0.176656,0.239357,0.561758,-0.03611,0.24563,0.547231,-0.199754,0.243037,0.556466,-0.053698,0.250543,0.539649,-0.194449,0.243643,0.549459,-0.035517,0.249079,0.533876,-0.173332,0.214339,0.556921,0.073651,0.209687,0.557521,-0.073687,0.173942,0.671514,0.151486,0.26981,0.64801,-0.08194,0.121147,0.757115,0.219573,0.273979,0.782673,-0.02637,0.10664,0.766383,0.223891,0.264001,0.803228,-0.021125,0.140262,0.797834,0.205644,0.304541,0.820677,-0.049075
HA_Lat_11_6.13.26,134,463.52,572.48,0,472.15,567.24,0.9854,463.52,572.48,0.9866,0.269952,0.340916,-0.084813,0.266841,0.330518,-0.076287,0.266328,0.33012,-0.076444,0.265868,0.329612,-0.076408,0.26525,0.330578,-0.100413,0.263657,0.330244,-0.10061,0.262039,0.329742,-0.100723,0.256319,0.331613,-0.025322,0.252254,0.331904,-0.134688,0.266682,0.352635,-0.061267,0.264665,0.352393,-0.093822,0.248525,0.394027,0.06019,0.226832,0.383452,-0.175211,0.23185,0.48186,0.068056,0.202835,0.476232,-0.205677,0.242033,0.545898,-0.022016,0.241416,0.530074,-0.198861,0.243026,0.56303,-0.03227,0.246857,0.547411,-0.224517,0.248138,0.556114,-0.050491,0.252025,0.539827,-0.218849,0.246023,0.549301,-0.032309,0.250555,0.533978,-0.195696,0.214397,0.557573,0.075039,0.211303,0.558212,-0.075065,0.174333,0.671746,0.155812,0.270939,0.647994,-0.082053,0.121424,0.757144,0.223843,0.27399,0.782971,-0.026276,0.107009,0.766369,0.227976,0.264051,0.803536,-0.021206,0.140336,0.79782,0.207883,0.305358,0.820782,-0.050991
HA_Lat_11_6.13.26,135,467.11,572.45,0,473.02,567.8,0.984,467.11,572.45,0.9875,0.273364,0.34266,-0.083793,0.27035,0.332038,-0.07563,0.269787,0.331622,-0.075787,0.269307,0.331079,-0.075751,0.268812,0.332126,-0.099526,0.267268,0.331791,-0.099722,0.265728,0.331249,-0.099834,0.259965,0.332888,-0.025962,0.256025,0.333062,-0.133949,0.269734,0.354627,-0.060637,0.267807,0.354281,-0.092871,0.250629,0.395242,0.058769,0.229838,0.384026,-0.174468,0.231596,0.482648,0.067101,0.20485,0.476287,-0.203521,0.239026,0.552945,-0.020859,0.243289,0.530046,-0.193976,0.23828,0.570625,-0.030985,0.248786,0.547663,-0.218565,0.243025,0.564593,-0.049193,0.254111,0.540149,-0.213145,0.24218,0.557095,-0.031059,0.252623,0.534034,-0.190741,0.214747,0.557932,0.075064,0.213274,0.558498,-0.075091,0.175121,0.67185,0.153503,0.272152,0.647994,-0.081294,0.121913,0.757138,0.220989,0.273991,0.783607,-0.025186,0.1074,0.766099,0.22522,0.26396,0.803652,-0.020247,0.14032,0.797827,0.206964,0.30554,0.821475,-0.048041
HA_Lat_11_6.13.26,136,469.78,571.89,0,475.03,566.24,0.9835,469.78,571.89,0.9883,0.275285,0.342988,-0.082321,0.272267,0.332245,-0.07393,0.271741,0.331857,-0.074078,0.271308,0.331344,-0.074032,0.27071,0.332376,-0.097766,0.269085,0.332074,-0.097962,0.267464,0.331546,-0.098069,0.262253,0.333313,-0.024867,0.257967,0.333484,-0.132331,0.27146,0.355442,-0.059535,0.269641,0.355098,-0.091609,0.253118,0.395357,0.062082,0.2329,0.384265,-0.172332,0.234143,0.482952,0.070127,0.206601,0.476274,-0.199789,0.240819,0.552711,-0.016178,0.244679,0.52953,-0.190001,0.239999,0.569995,-0.025245,0.250819,0.54765,-0.213915,0.245519,0.563333,-0.043979,0.256079,0.540071,-0.208747,0.244191,0.557428,-0.02656,0.2545,0.533518,-0.186766,0.215532,0.55805,0.075343,0.215435,0.558462,-0.075374,0.176131,0.67188,0.145407,0.273241,0.647988,-0.081046,0.122693,0.757139,0.196158,0.274052,0.783787,-0.028592,0.10797,0.765748,0.198538,0.263959,0.803741,-0.024112,0.140305,0.797907,0.178641,0.305846,0.821643,-0.053133
HA_Lat_11_6.13.26,137,473.26,571.5,0,471.34,563.74,0.9876,473.26,571.5,0.989,0.278255,0.343363,-0.081111,0.274821,0.332565,-0.072792,0.274249,0.33217,-0.072941,0.273749,0.331652,-0.072899,0.273229,0.332789,-0.096586,0.271486,0.33252,-0.096785,0.269746,0.332053,-0.096892,0.264417,0.333977,-0.023334,0.260278,0.334368,-0.130766,0.274757,0.355886,-0.058142,0.272805,0.35559,-0.090208,0.256265,0.395768,0.062775,0.23606,0.384329,-0.171008,0.234946,0.482708,0.071526,0.209053,0.475927,-0.198989,0.240732,0.555433,-0.009092,0.246488,0.529165,-0.18791,0.239727,0.573141,-0.017006,0.253012,0.547639,-0.211618,0.24491,0.568186,-0.03622,0.258202,0.540007,-0.20621,0.243991,0.561047,-0.019426,0.256533,0.533149,-0.184536,0.217162,0.558246,0.075521,0.217368,0.558506,-0.07555,0.177387,0.671967,0.144412,0.274257,0.647776,-0.080731,0.124088,0.757128,0.198573,0.274401,0.783763,-0.028435,0.109064,0.764991,0.201361,0.264058,0.803561,-0.024016,0.140364,0.797905,0.182294,0.305702,0.821631,-0.053595
HA_Lat_11_6.13.26,138,475.87,570.55,0,475.74,563.38,0.9872,475.87,570.55,0.9895,0.282011,0.34329,-0.080376,0.278657,0.332361,-0.071996,0.277983,0.331958,-0.072146,0.277343,0.331433,-0.072106,0.27737,0.332585,-0.095812,0.275773,0.332322,-0.096012,0.274173,0.33186,-0.096121,0.267613,0.33356,-0.022547,0.264543,0.33399,-0.129829,0.278288,0.355751,-0.057191,0.276572,0.355446,-0.089282,0.257809,0.395407,0.062167,0.239773,0.384339,-0.169814,0.239182,0.482838,0.07094,0.212051,0.475048,-0.197335,0.244533,0.55359,-0.010652,0.247851,0.528289,-0.186343,0.243467,0.571043,-0.018636,0.254328,0.54758,-0.20984,0.25075,0.56728,-0.037735,0.259667,0.539756,-0.204688,0.247917,0.558979,-0.020924,0.258191,0.5326,-0.183049,0.218399,0.557981,0.075334,0.219391,0.558188,-0.075365,0.17899,0.671961,0.135066,0.275128,0.647653,-0.077206,0.125723,0.75704,0.177446,0.274457,0.783759,-0.027449,0.11041,0.763596,0.179026,0.264048,0.803402,-0.023164,0.140363,0.797916,0.157552,0.305719,0.821563,-0.053253
HA_Lat_11_6.13.26,139,479.6,569.21,0,479.76,563.58,0.9873,479.6,569.21,0.9901,0.285475,0.342942,-0.074394,0.281698,0.332081,-0.066118,0.280947,0.331597,-0.066258,0.28023,0.331005,-0.066206,0.280705,0.332268,-0.090105,0.279271,0.331941,-0.090315,0.277836,0.331449,-0.090408,0.271142,0.333073,-0.018346,0.269199,0.333561,-0.126028,0.281906,0.355229,-0.051997,0.280301,0.354949,-0.084199,0.259509,0.394489,0.066917,0.244036,0.384212,-0.167751,0.241883,0.481579,0.07434,0.214627,0.473295,-0.195687,0.248799,0.553367,-0.009659,0.249793,0.527045,-0.182994,0.248641,0.569249,-0.017952,0.256041,0.547108,-0.206072,0.25445,0.564865,-0.037123,0.261178,0.539268,-0.199734,0.254613,0.553349,-0.02009,0.259813,0.531894,-0.179204,0.218638,0.556586,0.075404,0.221097,0.557003,-0.075438,0.180841,0.671647,0.124969,0.275846,0.647644,-0.07452,0.127153,0.756779,0.160503,0.274799,0.784013,-0.027039,0.111368,0.762465,0.161431,0.264103,0.803441,-0.022969,0.140388,0.798246,0.138616,0.305767,0.821846,-0.053126
HA_Lat_11_6.13.26,140,483.05,568.07,0,485.94,564.6,0.986,483.05,568.07,0.9906,0.288677,0.342542,-0.074821,0.285481,0.331644,-0.066577,0.284852,0.331164,-0.066718,0.284267,0.33058,-0.066666,0.284314,0.331855,-0.090522,0.282847,0.331551,-0.090732,0.281366,0.331086,-0.090829,0.275093,0.332672,-0.018718,0.272039,0.333207,-0.126212,0.28545,0.354847,-0.05241,0.283792,0.354573,-0.084553,0.265058,0.394288,0.066764,0.247483,0.383934,-0.16794,0.243803,0.481531,0.076781,0.217603,0.469973,-0.196128,0.247962,0.551941,-0.001239,0.25159,0.525995,-0.183873,0.24806,0.568373,-0.008536,0.25827,0.546277,-0.207152,0.253418,0.564106,-0.028102,0.263588,0.538063,-0.200486,0.253278,0.55393,-0.011617,0.261949,0.530827,-0.179999,0.221277,0.556016,0.075416,0.222287,0.556131,-0.07545,0.183136,0.670765,0.126848,0.276283,0.647642,-0.073333,0.12872,0.75553,0.169968,0.275125,0.784014,-0.024782,0.1124,0.758882,0.171732,0.264222,0.803442,-0.020652,0.140379,0.798832,0.148365,0.305754,0.821839,-0.049625
HA_Lat_11_6.13.26,141,486.13,567.17,0,486.51,562.3,0.9834,486.13,567.17,0.991,0.292003,0.342227,-0.073852,0.288719,0.331346,-0.065447,0.287995,0.330845,-0.065589,0.287288,0.33025,-0.065534,0.287586,0.331627,-0.08956,0.2861,0.33136,-0.089771,0.28457,0.330936,-0.089867,0.278336,0.332381,-0.017595,0.275215,0.332935,-0.12577,0.288241,0.354508,-0.051462,0.287036,0.354262,-0.083806,0.267125,0.393588,0.068,0.250498,0.383461,-0.167627,0.244911,0.477728,0.080142,0.220151,0.46735,-0.195493,0.249393,0.549063,0.00065,0.253194,0.525157,-0.183343,0.249286,0.564801,-0.006908,0.259618,0.546071,-0.206538,0.254235,0.561926,-0.026618,0.264776,0.537773,-0.199277,0.254166,0.552227,-0.009878,0.263337,0.530508,-0.179183,0.222083,0.55363,0.07551,0.223927,0.553807,-0.075544,0.184662,0.669257,0.125682,0.276775,0.647528,-0.072818,0.130206,0.754825,0.16516,0.275417,0.784067,-0.024709,0.113947,0.755987,0.166339,0.264344,0.803572,-0.020608,0.140378,0.798962,0.142037,0.30575,0.821843,-0.04969
HA_Lat_11_6.13.26,142,490.36,566.37,0,489.08,559.92,0.9838,490.36,566.37,0.9915,0.295845,0.341169,-0.073832,0.292362,0.330469,-0.065464,0.291532,0.330111,-0.065605,0.290667,0.329637,-0.065551,0.29144,0.330683,-0.089564,0.290038,0.330503,-0.089775,0.288616,0.330171,-0.089871,0.28188,0.331722,-0.018329,0.279587,0.332685,-0.126596,0.29184,0.354018,-0.051489,0.290872,0.353696,-0.083844,0.269855,0.390419,0.067205,0.253293,0.38238,-0.168991,0.246444,0.473207,0.080148,0.22252,0.464325,-0.196679,0.251084,0.5402,0.000942,0.255398,0.524418,-0.1838,0.252421,0.560388,-0.006515,0.26144,0.545701,-0.207022,0.257303,0.558671,-0.026597,0.266898,0.537357,-0.199747,0.257136,0.549727,-0.009713,0.265402,0.529993,-0.179652,0.222906,0.550626,0.075512,0.225527,0.551377,-0.075548,0.185781,0.668265,0.126416,0.276987,0.647526,-0.063837,0.131699,0.754016,0.164706,0.275572,0.784152,-0.013994,0.116535,0.754712,0.165677,0.264374,0.803781,-0.009826,0.140374,0.79906,0.140244,0.305788,0.821824,-0.038352
HA_Lat_11_6.13.26,143,493.86,565.16,0,495.52,558.0,0.9864,493.86,565.16,0.9919,0.299112,0.340573,-0.073065,0.295741,0.329748,-0.06441,0.294931,0.32944,-0.064557,0.294107,0.328976,-0.064505,0.294733,0.329961,-0.08886,0.293266,0.329811,-0.089075,0.291808,0.329519,-0.089176,0.285322,0.331237,-0.016839,0.282813,0.332297,-0.126548,0.295283,0.353415,-0.050734,0.294286,0.353084,-0.08346,0.273433,0.38982,0.069307,0.256762,0.380419,-0.168747,0.251592,0.472036,0.082678,0.224928,0.461955,-0.196011,0.262429,0.529845,-0.00027,0.257221,0.523299,-0.18179,0.263659,0.552196,-0.008128,0.26326,0.544673,-0.204417,0.269881,0.545066,-0.028066,0.268943,0.536019,-0.196664,0.267883,0.542421,-0.01098,0.267498,0.528683,-0.177329,0.224513,0.549004,0.075752,0.227208,0.549687,-0.075791,0.187311,0.666397,0.121202,0.277064,0.647525,-0.065188,0.13322,0.753302,0.149823,0.275696,0.784149,-0.013949,0.119243,0.754246,0.14986,0.264373,0.80393,-0.009543,0.140382,0.799197,0.123652,0.305801,0.821818,-0.036727
HA_Lat_11_6.13.26,144,497.1,564.42,0,499.01,557.91,0.9863,497.1,564.42,0.9922,0.302496,0.339405,-0.074601,0.299526,0.328437,-0.065293,0.298805,0.328223,-0.065445,0.298089,0.327877,-0.065394,0.298404,0.328448,-0.090094,0.296887,0.328247,-0.090315,0.295396,0.327932,-0.090426,0.289599,0.329765,-0.016825,0.286561,0.330467,-0.126969,0.298552,0.352294,-0.051723,0.297461,0.351768,-0.084897,0.275308,0.388142,0.069703,0.259527,0.378198,-0.169122,0.253423,0.47092,0.084237,0.227044,0.460128,-0.195656,0.262913,0.5263,-0.000675,0.258907,0.52261,-0.181571,0.264024,0.550086,-0.008618,0.264725,0.543954,-0.204289,0.269023,0.542335,-0.028803,0.270218,0.5351,-0.196308,0.26942,0.535653,-0.011526,0.268984,0.52757,-0.176952,0.225966,0.54626,0.075886,0.227735,0.546585,-0.075925,0.188769,0.664513,0.123065,0.276822,0.647539,-0.065976,0.134647,0.752733,0.161829,0.275752,0.784159,-0.014701,0.120805,0.752602,0.163174,0.264611,0.804114,-0.010209,0.140332,0.799279,0.137927,0.305812,0.821792,-0.038814
HA_Lat_11_6.13.26,145,500.17,564.01,0,500.34,555.6,0.9862,500.17,564.01,0.992,0.305214,0.339435,-0.061299,0.302415,0.328509,-0.051711,0.301815,0.328229,-0.051863,0.301197,0.327837,-0.051805,0.301325,0.328505,-0.076661,0.300005,0.328243,-0.076892,0.29869,0.327891,-0.077003,0.292488,0.329691,-0.003795,0.289774,0.330409,-0.114839,0.301438,0.352206,-0.039114,0.30039,0.351705,-0.072439,0.277526,0.387317,0.080283,0.262565,0.377003,-0.16225,0.255758,0.470357,0.091871,0.228993,0.458445,-0.19174,0.261547,0.525199,0.004604,0.260504,0.522235,-0.172382,0.262464,0.548724,-0.002112,0.266111,0.54341,-0.193073,0.26856,0.539318,-0.022353,0.271548,0.534629,-0.184023,0.267256,0.532921,-0.006244,0.270324,0.527135,-0.167147,0.226681,0.544378,0.075855,0.229053,0.544647,-0.075893,0.19012,0.662634,0.093666,0.276552,0.647672,-0.063424,0.137274,0.752524,0.087584,0.276047,0.784381,-0.023099,0.122734,0.751555,0.0843,0.264925,0.804214,-0.020201,0.140299,0.799269,0.052149,0.306557,0.821847,-0.045625
HA_Lat_11_6.13.26,146,502.2,563.44,0,502.73,556.4,0.9863,502.2,563.44,0.992,0.308877,0.339786,-0.063388,0.306777,0.328764,-0.053645,0.306377,0.328373,-0.053795,0.30597,0.327897,-0.053737,0.305259,0.328671,-0.078429,0.303806,0.328269,-0.078659,0.302351,0.327845,-0.078772,0.296991,0.329663,-0.002878,0.292864,0.33025,-0.11378,0.305019,0.352126,-0.040537,0.303675,0.351633,-0.073698,0.279869,0.386108,0.083561,0.265999,0.376313,-0.160228,0.258467,0.466946,0.097914,0.231171,0.456606,-0.190346,0.265143,0.516566,0.011872,0.261561,0.521701,-0.170987,0.265816,0.539911,0.005798,0.266731,0.542669,-0.191814,0.271069,0.531918,-0.014523,0.272191,0.534095,-0.182907,0.27008,0.528771,0.001006,0.271008,0.526469,-0.165778,0.226755,0.541308,0.075826,0.229952,0.542685,-0.075865,0.191462,0.660374,0.094871,0.276245,0.647699,-0.064298,0.139564,0.75114,0.09654,0.2763,0.784383,-0.025145,0.124645,0.749471,0.09412,0.265033,0.804207,-0.022032,0.140441,0.799264,0.062451,0.30668,0.821857,-0.046864
HA_Lat_11_6.13.26,147,504.57,563.31,0,505.88,556.75,0.9853,504.57,563.31,0.9922,0.311399,0.339641,-0.062734,0.309449,0.328658,-0.052443,0.308997,0.32827,-0.052586,0.308566,0.327815,-0.052523,0.308093,0.328504,-0.077316,0.306749,0.328048,-0.077551,0.305415,0.327565,-0.077662,0.300259,0.329573,-0.000198,0.296192,0.330057,-0.11118,0.307669,0.351785,-0.039385,0.306427,0.351251,-0.072566,0.28213,0.384788,0.087364,0.269303,0.376052,-0.157676,0.260897,0.461561,0.098451,0.233166,0.454848,-0.184923,0.269889,0.513622,0.008446,0.262795,0.521583,-0.162091,0.27117,0.530468,0.001441,0.267735,0.54243,-0.182198,0.275508,0.526706,-0.018611,0.273911,0.533894,-0.173359,0.274992,0.518201,-0.002414,0.27276,0.526134,-0.156742,0.226825,0.539286,0.075828,0.230676,0.54146,-0.075873,0.19251,0.658267,0.082498,0.275919,0.647774,-0.063315,0.1402,0.750325,0.068907,0.27629,0.784497,-0.025505,0.12582,0.748714,0.064906,0.265108,0.804227,-0.022222,0.140569,0.799097,0.032748,0.306657,0.821841,-0.046314
HA_Lat_11_6.13.26,148,505.14,562.19,0,505.92,557.13,0.9848,505.14,562.19,0.9922,0.313811,0.338646,-0.060002,0.310967,0.327495,-0.049444,0.310319,0.327208,-0.049581,0.309729,0.326867,-0.049518,0.309821,0.327083,-0.074326,0.308321,0.326552,-0.074563,0.306801,0.325928,-0.074674,0.301399,0.328891,0.002554,0.297972,0.328711,-0.108286,0.310286,0.350412,-0.036745,0.309168,0.349532,-0.069929,0.283995,0.384511,0.09,0.272256,0.375609,-0.155995,0.262176,0.46218,0.101468,0.235041,0.453272,-0.182045,0.268109,0.515195,0.009919,0.263092,0.520542,-0.16003,0.269558,0.534066,0.003118,0.267758,0.541468,-0.180771,0.274045,0.528122,-0.01782,0.273494,0.53331,-0.17201,0.273592,0.52237,-0.001332,0.272506,0.5252,-0.154871,0.227008,0.537009,0.076024,0.231526,0.539504,-0.076077,0.193873,0.655448,0.085268,0.275679,0.647819,-0.06146,0.140818,0.749491,0.081212,0.276284,0.784818,-0.027492,0.126773,0.747897,0.078057,0.265158,0.804502,-0.024682,0.140564,0.799036,0.041783,0.306782,0.821742,-0.051907
HA_Lat_11_6.13.26,149,506.4,562.29,0,508.38,556.8,0.985,506.4,562.29,0.9924,0.317047,0.338891,-0.061931,0.313994,0.327647,-0.051624,0.313233,0.327331,-0.051763,0.312501,0.326977,-0.051703,0.313049,0.327239,-0.076479,0.311662,0.326677,-0.076712,0.310256,0.326026,-0.076824,0.30371,0.328981,0.00134,0.300831,0.328809,-0.110347,0.313163,0.350542,-0.038583,0.312251,0.349689,-0.071719,0.285608,0.384083,0.09014,0.2758,0.375479,-0.156845,0.261653,0.462016,0.105378,0.237186,0.452255,-0.18288,0.275353,0.514784,0.015574,0.263749,0.520636,-0.163095,0.278093,0.528852,0.009478,0.269157,0.541254,-0.184415,0.282751,0.525124,-0.012168,0.275612,0.532743,-0.175904,0.281788,0.519829,0.003968,0.274414,0.524688,-0.158151,0.227463,0.535888,0.076276,0.23163,0.538269,-0.076339,0.194135,0.65392,0.092651,0.275583,0.647874,-0.062555,0.1417,0.747769,0.102098,0.276124,0.785054,-0.030735,0.128198,0.746473,0.100478,0.265183,0.80449,-0.027627,0.140562,0.799023,0.066485,0.306697,0.821746,-0.055604
HA_Lat_11_6.13.26,150,507.28,562.41,0,509.99,556.88,0.9847,507.28,562.41,0.9928,0.319845,0.341136,-0.064579,0.316991,0.329234,-0.052933,0.31614,0.328703,-0.053071,0.315358,0.328188,-0.052999,0.316004,0.328604,-0.07835,0.314524,0.327711,-0.078606,0.313058,0.326782,-0.078728,0.306002,0.329375,-0.000342,0.303154,0.328901,-0.110858,0.315051,0.351726,-0.040402,0.314176,0.350931,-0.07414,0.285547,0.38305,0.087369,0.278547,0.375551,-0.160103,0.259458,0.459362,0.110547,0.238939,0.451728,-0.186941,0.275452,0.504951,0.031739,0.264209,0.520749,-0.164448,0.27801,0.523121,0.027702,0.269774,0.541249,-0.186641,0.282723,0.521522,0.005604,0.275975,0.532724,-0.178967,0.281653,0.516209,0.020227,0.274578,0.524797,-0.160258,0.2276,0.534558,0.076339,0.232608,0.537708,-0.076413,0.194214,0.652824,0.094019,0.275461,0.648104,-0.052638,0.142715,0.746715,0.101306,0.276049,0.785496,-0.017302,0.12942,0.744315,0.099542,0.265253,0.80449,-0.013687,0.140596,0.798294,0.067272,0.306692,0.821743,-0.038582
HA_Lat_11_6.13.26,151,509.79,562.31,0,510.81,559.18,0.9835,509.79,562.31,0.9927,0.322099,0.341247,-0.061418,0.319094,0.329457,-0.050467,0.318246,0.328913,-0.050609,0.317439,0.32839,-0.050539,0.318176,0.328805,-0.075422,0.316776,0.327887,-0.075673,0.315386,0.326927,-0.075794,0.308202,0.329644,0.00039,0.305727,0.329044,-0.109584,0.317803,0.351727,-0.038261,0.31694,0.350946,-0.071549,0.288388,0.383221,0.08665,0.280583,0.375959,-0.158706,0.259555,0.460363,0.105967,0.240355,0.45143,-0.181514,0.270661,0.50887,0.015531,0.265514,0.520659,-0.153981,0.272731,0.527828,0.010095,0.270707,0.541157,-0.17455,0.277357,0.524206,-0.013147,0.276502,0.53271,-0.166086,0.276465,0.51892,0.003182,0.275189,0.524857,-0.149043,0.228384,0.533226,0.076233,0.233022,0.535866,-0.076314,0.194293,0.652167,0.091987,0.275422,0.648106,-0.050569,0.14327,0.746542,0.095758,0.275984,0.78561,-0.014754,0.130015,0.743822,0.093549,0.265362,0.804463,-0.011159,0.140656,0.797658,0.06071,0.306704,0.821739,-0.036152
HA_Lat_11_6.13.26,152,509.96,562.4,0,517.62,564.56,0.9919,509.96,562.4,0.9927,0.323983,0.3413,-0.042694,0.320193,0.329436,-0.031902,0.319072,0.32888,-0.032041,0.318048,0.328353,-0.031968,0.319736,0.328799,-0.056418,0.318347,0.327881,-0.056671,0.316907,0.326922,-0.056789,0.309564,0.329718,0.016357,0.307717,0.329053,-0.092609,0.319475,0.351702,-0.020843,0.318932,0.350944,-0.05366,0.287751,0.382464,0.100589,0.283814,0.376352,-0.145437,0.257693,0.459338,0.117886,0.242394,0.451049,-0.167937,0.268335,0.511252,0.032337,0.265603,0.520736,-0.141605,0.267996,0.530186,0.027816,0.270694,0.541189,-0.161574,0.272609,0.525809,0.005994,0.27648,0.532806,-0.152396,0.273405,0.520397,0.02094,0.275211,0.525023,-0.13629,0.228189,0.530694,0.076223,0.233666,0.534277,-0.076301,0.195158,0.650233,0.084026,0.275195,0.648211,-0.052708,0.144288,0.745614,0.076715,0.275771,0.785584,-0.017973,0.130436,0.741596,0.073522,0.265213,0.804462,-0.015038,0.140796,0.797634,0.042104,0.306625,0.821689,-0.0374
HA_Lat_11_6.13.26,153,510.03,562.49,0,517.82,565.34,0.9916,510.03,562.49,0.9927,0.326496,0.343468,-0.044088,0.322703,0.331153,-0.033357,0.321556,0.330657,-0.033504,0.32048,0.330141,-0.03343,0.322222,0.330379,-0.05785,0.320762,0.329482,-0.058101,0.319249,0.328504,-0.058219,0.311708,0.331729,0.015739,0.309795,0.331236,-0.093334,0.321965,0.353597,-0.022036,0.321105,0.353029,-0.054837,0.291517,0.38374,0.099453,0.285744,0.377901,-0.144891,0.258674,0.460119,0.113654,0.242888,0.450664,-0.168299,0.266422,0.513154,0.025952,0.26564,0.520824,-0.145811,0.267523,0.532017,0.020462,0.27032,0.541237,-0.166531,0.272456,0.52797,-0.000935,0.276229,0.532992,-0.157684,0.271957,0.520903,0.014697,0.275144,0.525214,-0.140736,0.229072,0.530641,0.076204,0.233288,0.532369,-0.076282,0.195587,0.649198,0.088892,0.275041,0.648402,-0.055302,0.145034,0.744852,0.090005,0.275677,0.785603,-0.027859,0.13074,0.738709,0.08768,0.265089,0.804504,-0.025336,0.14102,0.79793,0.05807,0.306637,0.82169,-0.047183
HA_Lat_11_6.13.26,154,511.2,562.56,0,517.9,564.61,0.9917,511.2,562.56,0.993,0.327846,0.346204,-0.047129,0.32402,0.333245,-0.037887,0.322925,0.332682,-0.038037,0.321933,0.332144,-0.037966,0.323555,0.332476,-0.06239,0.322057,0.331532,-0.062622,0.320464,0.330565,-0.062731,0.313409,0.334015,0.010742,0.31093,0.333245,-0.098659,0.323223,0.356075,-0.024954,0.322349,0.355309,-0.057891,0.295095,0.386377,0.0952,0.286118,0.380487,-0.14647,0.26532,0.46066,0.110593,0.243443,0.450372,-0.168671,0.277328,0.510559,0.021663,0.266251,0.520892,-0.152767,0.277589,0.530846,0.015394,0.270684,0.541279,-0.175871,0.284882,0.523904,-0.005907,0.276931,0.533144,-0.164829,0.283409,0.518331,0.010299,0.276039,0.525366,-0.147113,0.229895,0.530591,0.076485,0.23306,0.53113,-0.076559,0.195925,0.64957,0.088444,0.274601,0.648398,-0.055775,0.145353,0.744702,0.091527,0.27567,0.785793,-0.032881,0.131465,0.739379,0.088997,0.264983,0.804869,-0.030409,0.141123,0.797759,0.052371,0.306678,0.821745,-0.058439
HA_Lat_11_6.13.26,155,510.5,562.48,0,511.56,560.88,0.9826,510.5,562.48,0.9924,0.329345,0.347508,-0.046159,0.325492,0.334397,-0.03526,0.324591,0.333848,-0.035402,0.323832,0.333365,-0.035329,0.324797,0.333779,-0.060421,0.323315,0.332969,-0.060666,0.321793,0.332175,-0.060783,0.315746,0.336071,0.016275,0.312584,0.335334,-0.09633,0.325065,0.357534,-0.023221,0.323971,0.356848,-0.056957,0.294342,0.386421,0.101988,0.28765,0.382705,-0.146517,0.262561,0.459148,0.11939,0.244173,0.44986,-0.16886,0.262824,0.51134,0.032117,0.265884,0.520811,-0.144506,0.259036,0.532297,0.026987,0.270143,0.54076,-0.165728,0.264937,0.524482,0.00523,0.276188,0.533171,-0.155118,0.266444,0.519323,0.020743,0.275192,0.525417,-0.138708,0.229546,0.529404,0.077001,0.233282,0.531006,-0.077079,0.196777,0.649647,0.092649,0.274275,0.648399,-0.057174,0.145351,0.744592,0.10305,0.275566,0.785873,-0.031398,0.131662,0.739214,0.101485,0.264965,0.805126,-0.028551,0.141121,0.797741,0.068736,0.306741,0.821742,-0.057257
HA_Lat_11_6.13.26,156,509.79,562.54,0,512.49,562.31,0.9837,509.79,562.54,0.9922,0.329927,0.350901,-0.040642,0.32641,0.337299,-0.02903,0.325435,0.336655,-0.029165,0.324588,0.33607,-0.029094,0.325767,0.336585,-0.05447,0.324234,0.335577,-0.054724,0.322714,0.334582,-0.054838,0.316674,0.338281,0.022611,0.313945,0.337299,-0.091058,0.325133,0.36022,-0.0178,0.323968,0.359697,-0.051876,0.293018,0.386724,0.109522,0.289068,0.384387,-0.144842,0.262134,0.458625,0.128423,0.244876,0.449639,-0.168386,0.270636,0.505505,0.040801,0.265518,0.520868,-0.137431,0.270678,0.525946,0.036267,0.269925,0.540786,-0.156394,0.279296,0.517429,0.014918,0.275705,0.533321,-0.146094,0.276066,0.512579,0.02942,0.274632,0.525618,-0.131486,0.229746,0.529136,0.07749,0.233853,0.530882,-0.077578,0.197066,0.650023,0.086765,0.274017,0.648407,-0.058458,0.145988,0.744163,0.091405,0.275383,0.785986,-0.035089,0.132137,0.739144,0.089332,0.264751,0.805563,-0.032084,0.141207,0.797741,0.058377,0.306412,0.821668,-0.057288
HA_Lat_11_6.13.26,157,509.84,562.97,0,512.03,563.3,0.9839,509.84,562.97,0.9924,0.332426,0.351303,-0.044396,0.328462,0.337962,-0.032677,0.327319,0.337292,-0.03281,0.326222,0.336685,-0.032742,0.328227,0.337432,-0.058034,0.326853,0.336519,-0.058284,0.325403,0.335598,-0.0584,0.317617,0.339362,0.01981,0.315932,0.338637,-0.093545,0.327819,0.360873,-0.021357,0.327163,0.360423,-0.055272,0.295555,0.39041,0.107328,0.290278,0.386571,-0.14625,0.261275,0.458867,0.123596,0.24514,0.449837,-0.17037,0.273192,0.507082,0.033683,0.265544,0.521269,-0.14372,0.274415,0.527061,0.02807,0.270395,0.54099,-0.164034,0.281782,0.518541,0.006542,0.27646,0.533728,-0.154417,0.279986,0.514205,0.022139,0.275224,0.526251,-0.138205,0.230327,0.529753,0.077852,0.233883,0.530549,-0.077938,0.19743,0.650372,0.084496,0.273921,0.648418,-0.058885,0.145664,0.744323,0.083497,0.275377,0.786143,-0.033978,0.132043,0.739947,0.080625,0.264752,0.805785,-0.030825,0.141206,0.79744,0.046058,0.306837,0.821665,-0.056525
HA_Lat_11_6.13.26,158,510.57,563.24,0,511.92,564.5,0.9831,510.57,563.24,0.9924,0.331425,0.351141,-0.044767,0.327438,0.337529,-0.033067,0.326729,0.336828,-0.033193,0.325919,0.336264,-0.033134,0.326899,0.337017,-0.05786,0.325693,0.336109,-0.05811,0.32445,0.335301,-0.058232,0.318537,0.339221,0.019438,0.31623,0.339042,-0.090989,0.328302,0.360366,-0.021739,0.327708,0.359922,-0.054897,0.297951,0.392155,0.107744,0.290023,0.388894,-0.144201,0.263044,0.459211,0.120461,0.245192,0.449822,-0.16967,0.280124,0.504739,0.029347,0.265922,0.521519,-0.145809,0.282988,0.523915,0.023473,0.270555,0.541094,-0.166745,0.288583,0.518028,0.002543,0.27693,0.533876,-0.156724,0.287728,0.513728,0.01809,0.275827,0.526609,-0.140302,0.230318,0.530249,0.078185,0.233981,0.530801,-0.078259,0.197592,0.650798,0.083806,0.273786,0.648658,-0.059849,0.146164,0.744486,0.086548,0.27537,0.786584,-0.035006,0.132311,0.740543,0.084027,0.264723,0.806338,-0.031885,0.141087,0.797203,0.045058,0.306869,0.821662,-0.060434
HA_Lat_11_6.13.26,159,510.27,563.44,0,511.12,565.08,0.9823,510.27,563.44,0.9919,0.333873,0.353632,-0.042949,0.32982,0.339901,-0.030844,0.328864,0.339362,-0.030979,0.327927,0.338959,-0.030912,0.329481,0.339591,-0.05644,0.328216,0.338981,-0.056689,0.326905,0.338429,-0.05681,0.319579,0.342152,0.02211,0.318089,0.342134,-0.091884,0.329939,0.36355,-0.019815,0.329355,0.36316,-0.054002,0.297981,0.393089,0.107786,0.2909,0.391468,-0.144706,0.261849,0.459252,0.120205,0.245749,0.450212,-0.168154,0.275563,0.506707,0.028112,0.265765,0.521703,-0.137008,0.273131,0.524905,0.022225,0.27022,0.541204,-0.156866,0.277728,0.520042,0.001048,0.276458,0.534474,-0.146308,0.279309,0.515518,0.016745,0.275362,0.52739,-0.131081,0.230142,0.530551,0.07822,0.233936,0.531353,-0.078296,0.197975,0.651158,0.087319,0.273768,0.648893,-0.058407,0.146325,0.744628,0.093157,0.275367,0.787181,-0.032057,0.132351,0.740539,0.091139,0.264623,0.80686,-0.02864,0.14105,0.796947,0.056964,0.306819,0.821837,-0.051812
HA_Lat_11_6.13.26,160,509.88,564.03,0,511.52,567.73,0.9814,509.88,564.03,0.9911,0.333839,0.357738,-0.044652,0.330469,0.344365,-0.032808,0.329753,0.343917,-0.032945,0.329122,0.343575,-0.032876,0.329557,0.343565,-0.058123,0.328139,0.342761,-0.058375,0.326687,0.342005,-0.058497,0.321211,0.346079,0.019911,0.317791,0.345195,-0.092908,0.329508,0.36743,-0.021473,0.328284,0.366861,-0.055343,0.297735,0.393345,0.10671,0.292346,0.393217,-0.144938,0.261436,0.459408,0.123875,0.246358,0.450383,-0.169155,0.272996,0.507984,0.037705,0.265565,0.522249,-0.140004,0.271563,0.526507,0.033205,0.269869,0.5419,-0.159932,0.276382,0.521852,0.011464,0.276035,0.536152,-0.149613,0.277256,0.515705,0.026297,0.275007,0.529341,-0.134209,0.229929,0.530614,0.078193,0.234195,0.531806,-0.078266,0.198147,0.65144,0.083421,0.27375,0.649095,-0.056945,0.14634,0.744615,0.085552,0.275364,0.787598,-0.025835,0.132346,0.740023,0.083217,0.264577,0.807616,-0.0219,0.140998,0.79684,0.051146,0.30674,0.821877,-0.041165
HA_Lat_11_6.13.26,161,509.51,564.61,0,511.96,568.55,0.9825,509.51,564.61,0.9904,0.334527,0.358149,-0.029921,0.330774,0.34515,-0.018209,0.329907,0.344783,-0.018343,0.3291,0.344523,-0.018269,0.330221,0.344526,-0.044137,0.328919,0.343902,-0.044393,0.327566,0.343312,-0.044511,0.321244,0.346865,0.032144,0.319056,0.346401,-0.083501,0.33031,0.367874,-0.00751,0.329518,0.367425,-0.04223,0.296152,0.393247,0.115662,0.294469,0.394042,-0.13962,0.258818,0.457146,0.133823,0.246802,0.450566,-0.162564,0.26159,0.508902,0.050715,0.265369,0.522788,-0.124249,0.257374,0.526992,0.047455,0.269715,0.54246,-0.142148,0.262113,0.524278,0.026165,0.275743,0.537491,-0.131147,0.264005,0.517607,0.039633,0.274678,0.531013,-0.117868,0.229812,0.530352,0.078185,0.234403,0.532097,-0.078264,0.198309,0.651656,0.081174,0.273658,0.649254,-0.056668,0.146222,0.744708,0.079733,0.275362,0.788046,-0.025436,0.132138,0.740327,0.07728,0.264525,0.808152,-0.02143,0.140894,0.796796,0.047884,0.30673,0.821937,-0.038765
HA_Lat_11_6.13.26,162,510.0,565.28,0,510.89,568.55,0.9825,510.0,565.28,0.9906,0.333964,0.362026,-0.034949,0.330803,0.349596,-0.024029,0.330053,0.34922,-0.024164,0.329362,0.348897,-0.024097,0.33014,0.348802,-0.048672,0.328851,0.348053,-0.048926,0.327515,0.347268,-0.049042,0.32211,0.350517,0.025667,0.319547,0.349401,-0.08434,0.329769,0.371348,-0.012852,0.328782,0.370719,-0.045829,0.296248,0.393125,0.110271,0.295105,0.395679,-0.136513,0.258676,0.456995,0.126952,0.24652,0.450778,-0.159151,0.269633,0.508112,0.041451,0.265626,0.523412,-0.125625,0.268439,0.526692,0.036778,0.269947,0.543243,-0.142755,0.277213,0.521931,0.015779,0.27613,0.53843,-0.132558,0.274613,0.516006,0.03032,0.27521,0.531622,-0.119597,0.229739,0.53019,0.076248,0.234372,0.532279,-0.076355,0.198478,0.651814,0.06077,0.273482,0.649468,-0.05422,0.146123,0.744787,0.03419,0.27537,0.788362,-0.025241,0.131966,0.740523,0.029135,0.264523,0.808509,-0.021321,0.140901,0.796737,-0.004322,0.306725,0.821994,-0.038071
HA_Lat_11_6.13.26,163,509.86,566.52,0,510.83,569.14,0.9838,509.86,566.52,0.9907,0.334836,0.364028,-0.03868,0.331939,0.351325,-0.027614,0.331126,0.35077,-0.027751,0.330391,0.350302,-0.027685,0.331206,0.350682,-0.052432,0.329768,0.34982,-0.052684,0.32828,0.348951,-0.052803,0.322664,0.351843,0.023348,0.319623,0.3509,-0.087612,0.330252,0.373346,-0.016131,0.329101,0.372786,-0.049331,0.298145,0.394385,0.109737,0.295053,0.396238,-0.139306,0.259817,0.4574,0.127899,0.246592,0.45092,-0.162742,0.269208,0.508714,0.042543,0.265552,0.524555,-0.133035,0.268078,0.527669,0.037903,0.270005,0.543978,-0.151623,0.276394,0.52239,0.016538,0.276038,0.538975,-0.142162,0.274009,0.516645,0.031306,0.275096,0.532497,-0.12743,0.229659,0.530471,0.076736,0.234169,0.532394,-0.076836,0.198387,0.651917,0.071243,0.273353,0.649512,-0.060737,0.145789,0.744779,0.063545,0.275516,0.788753,-0.032059,0.131623,0.740045,0.060414,0.264628,0.808848,-0.028251,0.140823,0.796959,0.027489,0.306735,0.822299,-0.047623
HA_Lat_11_6.13.26,164,509.94,568.39,0,510.31,569.38,0.9842,509.94,568.39,0.9911,0.335107,0.367046,-0.038054,0.332706,0.354132,-0.026403,0.331921,0.353549,-0.026542,0.331251,0.353028,-0.026467,0.331856,0.353288,-0.051671,0.330374,0.35227,-0.051925,0.328898,0.351242,-0.052047,0.323537,0.354116,0.025442,0.320214,0.352683,-0.087471,0.330237,0.375952,-0.01523,0.328976,0.375362,-0.049028,0.298075,0.396152,0.111577,0.294524,0.397277,-0.140483,0.259685,0.457628,0.13143,0.246533,0.451018,-0.164696,0.263009,0.512006,0.047967,0.265592,0.526289,-0.136805,0.257856,0.533478,0.04419,0.270016,0.54605,-0.15609,0.263699,0.532122,0.022505,0.275956,0.541026,-0.146564,0.264232,0.526155,0.036755,0.275007,0.534704,-0.131263,0.229725,0.530674,0.076835,0.234163,0.532584,-0.076937,0.198157,0.652021,0.076056,0.273256,0.649565,-0.056959,0.145561,0.744825,0.074622,0.275541,0.789242,-0.020577,0.131387,0.739742,0.071961,0.264658,0.8091,-0.015831,0.140633,0.796967,0.0388,0.306759,0.822463,-0.033458
HA_Lat_11_6.13.26,165,509.67,569.34,0,509.84,570.51,0.9838,509.67,569.34,0.9911,0.335118,0.368281,-0.037755,0.332332,0.355259,-0.026508,0.331566,0.354821,-0.026649,0.330782,0.354602,-0.026581,0.331619,0.354791,-0.051078,0.33029,0.354134,-0.051325,0.328927,0.353472,-0.051446,0.323035,0.35609,0.023811,0.32022,0.355424,-0.086015,0.330473,0.378244,-0.015548,0.329441,0.377621,-0.048451,0.299306,0.39836,0.109247,0.293162,0.398223,-0.137355,0.259425,0.458171,0.129685,0.246132,0.451632,-0.159634,0.259333,0.515094,0.043642,0.265451,0.527167,-0.132327,0.252911,0.537932,0.039091,0.269971,0.547024,-0.151682,0.257777,0.538395,0.017297,0.275862,0.542601,-0.141464,0.259196,0.532107,0.032152,0.2749,0.536158,-0.12655,0.229712,0.530849,0.076375,0.234001,0.532731,-0.076474,0.197902,0.652102,0.079188,0.273145,0.649605,-0.056876,0.145342,0.744753,0.079398,0.275539,0.789296,-0.021156,0.131222,0.739567,0.076779,0.264647,0.809094,-0.0166,0.140527,0.797577,0.043045,0.306682,0.82245,-0.036186
HA_Lat_11_6.13.26,166,509.86,571.31,0,510.4,572.79,0.9836,509.86,571.31,0.9916,0.334831,0.369703,-0.032516,0.332273,0.35671,-0.021482,0.331524,0.356306,-0.02162,0.330746,0.356217,-0.021555,0.331569,0.356288,-0.045447,0.330254,0.355676,-0.045694,0.328866,0.355065,-0.045812,0.322784,0.357181,0.026922,0.320132,0.356688,-0.079931,0.330112,0.380041,-0.011045,0.32911,0.379377,-0.043088,0.298902,0.39986,0.109742,0.292774,0.399845,-0.13257,0.259348,0.463944,0.126444,0.246025,0.452713,-0.155414,0.257042,0.516943,0.040321,0.265551,0.52899,-0.12725,0.252816,0.539124,0.035418,0.269907,0.549,-0.145868,0.257577,0.539546,0.013644,0.275744,0.544869,-0.135041,0.258856,0.533314,0.02879,0.274776,0.538124,-0.121105,0.229658,0.531017,0.075641,0.233869,0.532835,-0.075749,0.197702,0.65213,0.074211,0.272852,0.649789,-0.053038,0.145263,0.744494,0.062324,0.275532,0.789405,-0.018847,0.131147,0.738636,0.058844,0.264667,0.80908,-0.014362,0.140243,0.798078,0.026174,0.306393,0.822438,-0.032148
HA_Lat_11_6.13.26,167,509.69,572.11,0,511.1,573.98,0.9849,509.69,572.11,0.992,0.335007,0.369166,-0.03558,0.332117,0.356548,-0.024548,0.331356,0.356243,-0.024687,0.33063,0.356154,-0.024622,0.331475,0.356192,-0.04883,0.330187,0.35572,-0.049076,0.328846,0.355212,-0.049194,0.322573,0.357762,0.025256,0.32009,0.357279,-0.08349,0.330634,0.379635,-0.013611,0.329698,0.379071,-0.046112,0.298608,0.400333,0.10754,0.292035,0.400786,-0.135187,0.257992,0.463264,0.123056,0.245768,0.453726,-0.157076,0.246799,0.521894,0.038532,0.265463,0.529733,-0.128407,0.241908,0.540292,0.033281,0.269788,0.549759,-0.147426,0.246583,0.541257,0.011624,0.275618,0.545515,-0.136779,0.2488,0.534826,0.026931,0.274648,0.538852,-0.122339,0.229514,0.531094,0.075133,0.233844,0.53287,-0.075237,0.197662,0.652246,0.077305,0.272498,0.650037,-0.050613,0.145141,0.744439,0.071331,0.275523,0.789513,-0.014332,0.130777,0.738774,0.068376,0.264675,0.80913,-0.009625,0.140241,0.799138,0.036042,0.306303,0.822395,-0.027043
HA_Lat_11_6.13.26,168,509.73,572.94,0,510.52,573.69,0.9857,509.73,572.94,0.9923,0.335683,0.367502,-0.037159,0.332201,0.354987,-0.026333,0.331296,0.354683,-0.026469,0.330429,0.354569,-0.026408,0.331723,0.354651,-0.050706,0.330438,0.354208,-0.050951,0.329099,0.35374,-0.051068,0.322111,0.356823,0.023631,0.320153,0.356489,-0.085504,0.331534,0.378147,-0.014956,0.330795,0.37771,-0.047564,0.299116,0.401105,0.106712,0.291451,0.401481,-0.136406,0.257905,0.463336,0.122469,0.245472,0.454314,-0.159562,0.244967,0.529054,0.040322,0.265483,0.530504,-0.131156,0.239981,0.544696,0.035989,0.269718,0.550534,-0.150536,0.244501,0.546037,0.014605,0.27555,0.54601,-0.139983,0.246768,0.539507,0.029232,0.274584,0.539298,-0.125134,0.229492,0.531136,0.075165,0.233695,0.533008,-0.075268,0.197536,0.652274,0.086775,0.272149,0.650408,-0.044395,0.14486,0.744166,0.086342,0.275517,0.78966,-0.003632,0.129898,0.738692,0.084064,0.264669,0.809122,0.001474,0.140216,0.799161,0.056084,0.306301,0.82247,-0.014241
HA_Lat_11_6.13.26,169,509.55,573.6,0,510.36,575.4,0.985,509.55,573.6,0.9926,0.334212,0.372864,-0.035517,0.330976,0.359251,-0.025143,0.330105,0.358773,-0.025285,0.329251,0.358344,-0.025226,0.330493,0.359023,-0.049049,0.329246,0.358496,-0.049293,0.327954,0.357937,-0.049409,0.321197,0.358848,0.022867,0.319182,0.358917,-0.084417,0.330083,0.382653,-0.014125,0.329257,0.383078,-0.046123,0.298931,0.400601,0.105958,0.291231,0.402163,-0.135815,0.256023,0.4631,0.120058,0.245192,0.45603,-0.159899,0.247918,0.528693,0.034669,0.265391,0.53111,-0.132206,0.244293,0.544271,0.029451,0.269645,0.55167,-0.151275,0.249042,0.544972,0.009867,0.275473,0.547059,-0.140845,0.250558,0.538675,0.024193,0.274495,0.539877,-0.126261,0.228682,0.531262,0.074644,0.2333,0.533093,-0.074754,0.197135,0.652352,0.079198,0.271292,0.650581,-0.042941,0.144242,0.744017,0.063316,0.275416,0.78967,-0.004627,0.128538,0.73882,0.059341,0.264676,0.808976,8e-06,0.140173,0.799385,0.026176,0.306099,0.822389,-0.017293
HA_Lat_11_6.13.26,170,509.47,574.17,0,511.47,576.09,0.9857,509.47,574.17,0.9932,0.333296,0.371987,-0.035613,0.330155,0.358967,-0.025155,0.329362,0.358653,-0.025295,0.328628,0.358368,-0.025233,0.329567,0.35842,-0.047861,0.328277,0.358003,-0.048112,0.326959,0.357418,-0.048231,0.320942,0.359466,0.023015,0.318408,0.358565,-0.076895,0.329146,0.38194,-0.01411,0.328238,0.381829,-0.044457,0.298243,0.40183,0.106762,0.291031,0.402879,-0.126778,0.256059,0.462479,0.125797,0.245079,0.457305,-0.14836,0.248581,0.526831,0.05178,0.265349,0.531641,-0.124668,0.246932,0.542769,0.048681,0.269642,0.552031,-0.143023,0.251196,0.54429,0.028837,0.275633,0.54726,-0.132972,0.252835,0.537896,0.041632,0.274451,0.540251,-0.118863,0.228231,0.531497,0.073709,0.232633,0.533214,-0.073822,0.196231,0.652366,0.074067,0.270506,0.650664,-0.043949,0.142915,0.743982,0.056689,0.27514,0.789659,-0.014478,0.127192,0.738928,0.052765,0.264629,0.808981,-0.010503,0.139952,0.799467,0.021671,0.306087,0.822375,-0.023113
HA_Lat_11_6.13.26,171,509.47,575.72,0,511.38,576.95,0.9865,509.47,575.72,0.9936,0.332989,0.370451,-0.040064,0.329681,0.357543,-0.029012,0.328835,0.357224,-0.029169,0.328046,0.356951,-0.029101,0.32917,0.357042,-0.052654,0.327881,0.356654,-0.052901,0.32655,0.356132,-0.05302,0.320218,0.358799,0.020168,0.317865,0.358294,-0.084389,0.328939,0.380566,-0.018371,0.328184,0.380426,-0.04999,0.297668,0.402309,0.103643,0.290454,0.403062,-0.136491,0.255893,0.463505,0.119458,0.244865,0.459607,-0.157352,0.248126,0.530525,0.035806,0.26535,0.533073,-0.13563,0.245291,0.544684,0.030769,0.269892,0.552568,-0.15677,0.249903,0.545661,0.009349,0.276021,0.547425,-0.146621,0.2516,0.539416,0.024825,0.274568,0.540574,-0.129994,0.227173,0.531611,0.07392,0.231312,0.533363,-0.074026,0.195671,0.652451,0.075623,0.269639,0.650799,-0.044875,0.142138,0.743726,0.066511,0.275039,0.789653,-0.008956,0.125892,0.739026,0.063378,0.264671,0.808788,-0.004497,0.139882,0.799599,0.031791,0.305969,0.822327,-0.021593
HA_Lat_11_6.13.26,172,509.41,576.89,0,512.42,578.35,0.9861,509.41,576.89,0.9941,0.332454,0.369335,-0.042567,0.329189,0.356528,-0.031885,0.328345,0.356203,-0.032041,0.327559,0.355932,-0.031982,0.328677,0.356062,-0.055726,0.327398,0.355676,-0.055975,0.326076,0.355168,-0.056095,0.319689,0.357847,0.016246,0.317354,0.357421,-0.089822,0.328374,0.379546,-0.021145,0.327616,0.379368,-0.053031,0.297172,0.401886,0.10223,0.290067,0.403,-0.142196,0.25572,0.463306,0.121526,0.244793,0.461658,-0.161776,0.256678,0.52771,0.044138,0.26532,0.534153,-0.140988,0.256799,0.537766,0.039949,0.270026,0.553423,-0.162403,0.261755,0.538568,0.018027,0.276182,0.548616,-0.152828,0.262495,0.533062,0.032887,0.274548,0.541629,-0.135673,0.22566,0.531705,0.074378,0.230176,0.533621,-0.074473,0.19429,0.652684,0.081733,0.268583,0.650925,-0.046485,0.140708,0.74343,0.075451,0.274662,0.789436,-0.007105,0.1242,0.7391,0.072491,0.264707,0.807956,-0.002259,0.139882,0.799764,0.039189,0.305898,0.822312,-0.020672
HA_Lat_11_6.13.26,173,509.33,577.36,0,510.35,574.64,0.9879,509.33,577.36,0.9946,0.332222,0.369039,-0.042664,0.32882,0.356139,-0.031885,0.328062,0.355703,-0.032037,0.327388,0.355347,-0.031977,0.328229,0.35568,-0.055722,0.326983,0.355196,-0.055975,0.325621,0.354532,-0.056098,0.319574,0.357161,0.017392,0.317177,0.356741,-0.088449,0.328078,0.379182,-0.021077,0.327405,0.379198,-0.052942,0.296693,0.401896,0.107667,0.289584,0.402957,-0.141399,0.255552,0.46326,0.1537,0.244495,0.462718,-0.16209,0.260135,0.520517,0.107176,0.265277,0.534595,-0.141524,0.26119,0.528435,0.1091,0.270256,0.553579,-0.162625,0.266087,0.529025,0.086909,0.276336,0.548621,-0.152846,0.266584,0.524396,0.096716,0.27457,0.541684,-0.136048,0.225067,0.532676,0.074881,0.229109,0.533833,-0.074971,0.193201,0.652957,0.081508,0.267842,0.650954,-0.052376,0.139591,0.743388,0.074396,0.274266,0.789431,-0.022852,0.122641,0.73915,0.071328,0.264699,0.807871,-0.019052,0.139766,0.799731,0.038956,0.305861,0.822298,-0.039464
HA_Lat_11_6.13.26,174,509.34,578.23,0,513.36,574.58,0.9894,509.34,578.23,0.9949,0.331126,0.368371,-0.042741,0.327663,0.355735,-0.031936,0.326901,0.35543,-0.032088,0.326239,0.355151,-0.032028,0.327141,0.355325,-0.055818,0.325935,0.354973,-0.05607,0.324561,0.35449,-0.056193,0.318453,0.356863,0.016992,0.316123,0.356373,-0.0885,0.327365,0.379141,-0.021095,0.326797,0.379155,-0.053009,0.294007,0.401942,0.107262,0.288147,0.402829,-0.141515,0.254171,0.464885,0.142843,0.243991,0.464102,-0.162084,0.260677,0.521494,0.076084,0.265283,0.535397,-0.136834,0.261806,0.528669,0.07387,0.270416,0.554472,-0.156239,0.266726,0.529133,0.052434,0.276731,0.549515,-0.146698,0.267041,0.524611,0.065328,0.274774,0.542283,-0.131255,0.223709,0.532811,0.074857,0.228467,0.534407,-0.074949,0.19244,0.653746,0.077995,0.266958,0.651165,-0.042588,0.138144,0.7434,0.06445,0.274228,0.789457,0.000696,0.121221,0.739335,0.060674,0.264705,0.807848,0.005952,0.13962,0.799863,0.029113,0.305768,0.822025,-0.007943
HA_Lat_11_6.13.26,175,509.91,578.98,0,515.39,574.51,0.9901,509.91,578.98,0.9952,0.32975,0.367693,-0.047228,0.326019,0.355111,-0.036176,0.325096,0.354808,-0.036331,0.324288,0.354541,-0.036272,0.325686,0.354732,-0.060809,0.32447,0.354375,-0.061059,0.323108,0.353901,-0.061174,0.315933,0.356385,0.013415,0.314278,0.355936,-0.095971,0.325875,0.37846,-0.025201,0.325489,0.37841,-0.058087,0.288605,0.401713,0.105246,0.286711,0.402839,-0.148713,0.253678,0.465723,0.137397,0.243486,0.46599,-0.169666,0.267158,0.520503,0.066754,0.265578,0.536097,-0.141308,0.267854,0.529471,0.064039,0.271596,0.555083,-0.160345,0.272818,0.529549,0.042423,0.277818,0.550261,-0.151168,0.272282,0.524877,0.055713,0.27552,0.542877,-0.135805,0.222042,0.533382,0.074903,0.227552,0.535841,-0.074998,0.191541,0.654692,0.078697,0.266132,0.651335,-0.03138,0.136009,0.743413,0.067865,0.274229,0.789484,0.015579,0.12009,0.740134,0.064599,0.264738,0.807861,0.020847,0.13928,0.799933,0.032726,0.305637,0.82182,0.00544
HA_Lat_11_6.13.26,176,511.91,579.0,0,518.5,573.82,0.9884,511.91,579.0,0.9955,0.325687,0.367354,-0.047104,0.322402,0.354758,-0.036102,0.321666,0.354462,-0.036255,0.321043,0.35419,-0.036198,0.321846,0.354352,-0.060674,0.320581,0.353975,-0.060924,0.319184,0.353485,-0.06104,0.313092,0.356204,0.013114,0.310174,0.355689,-0.095949,0.322156,0.378119,-0.025083,0.321307,0.377851,-0.057935,0.285012,0.401577,0.105168,0.283408,0.402669,-0.14839,0.253391,0.467154,0.145013,0.242344,0.468749,-0.171943,0.269176,0.519548,0.096276,0.26662,0.536109,-0.151202,0.2715,0.529889,0.097645,0.272642,0.555359,-0.170253,0.276628,0.52971,0.076109,0.278676,0.550389,-0.160523,0.275737,0.525068,0.085883,0.276399,0.542747,-0.145719,0.21962,0.534054,0.074918,0.226521,0.537233,-0.075016,0.190647,0.655419,0.076091,0.26521,0.651385,-0.040009,0.134298,0.743424,0.060069,0.274216,0.789534,-0.018367,0.118509,0.740902,0.056126,0.264709,0.808042,-0.015731,0.139058,0.799717,0.02393,0.305683,0.822063,-0.036645
HA_Lat_11_6.13.26,177,518.0,579.0,0,518.52,573.29,0.9902,513.87,580.16,0.9958,0.322844,0.36781,-0.048226,0.319698,0.355071,-0.037332,0.318986,0.354715,-0.03748,0.318363,0.354366,-0.037425,0.319127,0.354629,-0.061593,0.317888,0.354132,-0.061842,0.316547,0.353505,-0.061955,0.310742,0.356294,0.012113,0.307755,0.355557,-0.096044,0.318982,0.37814,-0.026081,0.318427,0.377624,-0.058567,0.282275,0.401468,0.105132,0.279272,0.402433,-0.148884,0.253144,0.469518,0.140092,0.241189,0.471824,-0.174928,0.2688,0.522638,0.07831,0.26764,0.537186,-0.154051,0.271699,0.531601,0.076557,0.273861,0.556656,-0.173683,0.276947,0.531494,0.055366,0.279732,0.550548,-0.164024,0.275945,0.526887,0.067766,0.277444,0.54317,-0.148584,0.218193,0.535069,0.075659,0.224605,0.537981,-0.07576,0.190109,0.656896,0.076872,0.264549,0.651393,-0.05591,0.13328,0.743517,0.064285,0.274128,0.789625,-0.034175,0.117563,0.74244,0.060825,0.264575,0.808549,-0.031584,0.13913,0.799713,0.029607,0.305737,0.822053,-0.057058
HA_Lat_11_6.13.26,178,520.0,573.0,0,520.52,570.19,0.9908,515.06,579.87,0.9962,0.318036,0.367471,-0.042711,0.314759,0.354959,-0.032751,0.313971,0.354586,-0.032898,0.313239,0.354229,-0.032848,0.314259,0.354554,-0.05644,0.312983,0.354039,-0.056686,0.311547,0.353387,-0.056785,0.305599,0.356074,0.013441,0.302684,0.355331,-0.092441,0.314239,0.377803,-0.02178,0.3138,0.377279,-0.053452,0.279431,0.400565,0.105145,0.276071,0.402232,-0.147096,0.252662,0.470662,0.140708,0.239739,0.473363,-0.174227,0.272927,0.522409,0.079788,0.268261,0.536918,-0.151929,0.274451,0.531854,0.079534,0.274905,0.556454,-0.172175,0.279723,0.53165,0.057995,0.281218,0.550346,-0.162066,0.280705,0.524455,0.069117,0.279008,0.542965,-0.146383,0.21642,0.535942,0.075563,0.223893,0.539038,-0.07567,0.189334,0.658809,0.05908,0.263545,0.651482,-0.057637,0.132083,0.743735,0.022567,0.274167,0.789691,-0.041404,0.116223,0.744417,0.016521,0.264662,0.808924,-0.039345,0.139155,0.799646,-0.014979,0.305617,0.82208,-0.058511
HA_Lat_11_6.13.26,179,524.0,569.0,0,526.46,567.95,0.9902,517.29,578.19,0.9964,0.31376,0.367351,-0.038938,0.310591,0.354814,-0.028898,0.309722,0.354495,-0.02904,0.308933,0.354204,-0.02899,0.310098,0.35441,-0.052314,0.308739,0.353966,-0.052562,0.307203,0.353299,-0.052657,0.301393,0.355635,0.016164,0.298428,0.354685,-0.087917,0.309894,0.377407,-0.018394,0.309478,0.376758,-0.049613,0.277064,0.400482,0.106742,0.270949,0.4021,-0.143573,0.252274,0.471894,0.146582,0.238369,0.475177,-0.169799,0.276288,0.517602,0.090835,0.269421,0.535362,-0.140473,0.276831,0.530136,0.092212,0.276087,0.555385,-0.156616,0.281785,0.529036,0.071835,0.281621,0.548429,-0.146784,0.281094,0.523317,0.08076,0.279366,0.540973,-0.134599,0.215606,0.537695,0.075249,0.222175,0.540154,-0.075362,0.188498,0.660213,0.04954,0.263139,0.651627,-0.061248,0.131206,0.744109,0.012976,0.274147,0.789691,-0.048088,0.114787,0.745235,0.007114,0.264541,0.809255,-0.046184,0.13909,0.799665,-0.024724,0.30582,0.822017,-0.064994
HA_Lat_11_6.13.26,180,528.0,569.0,0,526.09,566.37,0.9844,520.56,575.85,0.9967,0.310229,0.36729,-0.0384,0.307469,0.35451,-0.029221,0.306573,0.354143,-0.029365,0.305698,0.353758,-0.029316,0.307181,0.35418,-0.052554,0.306002,0.353729,-0.052801,0.304672,0.35305,-0.0529,0.298217,0.354282,0.012216,0.295622,0.354393,-0.089536,0.306087,0.376914,-0.018556,0.305977,0.376288,-0.049622,0.271922,0.396406,0.102349,0.267574,0.40197,-0.143521,0.250224,0.469635,0.184991,0.23716,0.478143,-0.170115,0.276896,0.501514,0.213923,0.271125,0.533191,-0.140698,0.277434,0.508898,0.228861,0.279108,0.550526,-0.157083,0.282039,0.507002,0.207962,0.284087,0.542103,-0.146436,0.280983,0.504838,0.206134,0.281016,0.535844,-0.134685,0.214306,0.537874,0.074633,0.220504,0.540719,-0.074738,0.188044,0.661757,0.047931,0.262334,0.65176,-0.068635,0.130394,0.744377,0.020594,0.2741,0.789684,-0.052923,0.114105,0.746153,0.016066,0.26452,0.809405,-0.050335,0.139154,0.799504,-0.011269,0.305529,0.822003,-0.066263
HA_Lat_11_6.13.26,181,531.0,561.0,0,529.22,562.87,0.9865,526.05,570.84,0.997,0.303518,0.367012,-0.048518,0.300868,0.354297,-0.039675,0.299982,0.354012,-0.039823,0.299202,0.353694,-0.039771,0.300376,0.353962,-0.062667,0.299062,0.353575,-0.062908,0.297652,0.353014,-0.063008,0.291943,0.352973,0.004991,0.289397,0.352905,-0.096694,0.298776,0.376859,-0.027554,0.298407,0.376231,-0.058156,0.266421,0.395741,0.098295,0.263401,0.40186,-0.147922,0.248951,0.468422,0.171192,0.23614,0.480308,-0.192748,0.274774,0.502835,0.13135,0.273982,0.528554,-0.195399,0.275301,0.511333,0.134145,0.283244,0.545268,-0.218102,0.28027,0.509927,0.112761,0.288088,0.535354,-0.206866,0.280022,0.506913,0.121305,0.284544,0.529216,-0.189921,0.212615,0.538854,0.074231,0.218217,0.541394,-0.074343,0.187333,0.663399,0.04828,0.261763,0.651765,-0.06564,0.12938,0.744952,0.018823,0.273805,0.789624,-0.03349,0.113085,0.747466,0.013517,0.264469,0.809401,-0.029515,0.139335,0.799194,-0.021726,0.305532,0.821345,-0.049267
HA_Lat_11_6.13.26,182,534.0,556.0,0,538.72,555.34,0.9877,530.98,564.77,0.9972,0.302789,0.361403,-0.057306,0.299761,0.348485,-0.048396,0.298754,0.347939,-0.048544,0.297772,0.347311,-0.048502,0.299487,0.34862,-0.072168,0.29829,0.347981,-0.072394,0.296958,0.347107,-0.072483,0.289615,0.347613,-0.002468,0.288522,0.347134,-0.107758,0.297981,0.370772,-0.035999,0.297893,0.370363,-0.067503,0.265944,0.395767,0.088619,0.25954,0.40129,-0.158398,0.249014,0.47379,0.109239,0.2355,0.482336,-0.189181,0.278288,0.504573,0.015671,0.276553,0.522932,-0.175464,0.281698,0.514538,0.008504,0.286495,0.539035,-0.196592,0.286747,0.513678,-0.010753,0.29213,0.525933,-0.185334,0.285355,0.509162,0.004697,0.287973,0.520535,-0.169691,0.212236,0.541228,0.074248,0.216764,0.5422,-0.074361,0.186603,0.665058,0.053686,0.26112,0.651782,-0.061181,0.12815,0.745375,0.028189,0.27379,0.789624,-0.020923,0.112312,0.748917,0.023855,0.264517,0.809444,-0.016679,0.139285,0.799272,-0.005568,0.305703,0.821305,-0.038984
HA_Lat_11_6.13.26,183,534.0,545.0,0,537.18,537.02,0.9861,531.55,556.46,0.9973,0.297526,0.360354,-0.048132,0.294464,0.347769,-0.039822,0.293533,0.347187,-0.039969,0.292717,0.346508,-0.039935,0.29396,0.347792,-0.06384,0.292512,0.347262,-0.064054,0.291036,0.346349,-0.064116,0.285079,0.346355,0.00357,0.282742,0.346425,-0.102129,0.292965,0.3696,-0.027367,0.292318,0.368966,-0.059013,0.261467,0.394534,0.094892,0.256529,0.400908,-0.153702,0.249094,0.473251,0.127478,0.234538,0.483175,-0.186027,0.281907,0.499434,0.053884,0.276851,0.515242,-0.153379,0.289154,0.507616,0.053003,0.287544,0.530052,-0.167868,0.293025,0.50203,0.035187,0.29297,0.515949,-0.158377,0.29058,0.499872,0.043963,0.288384,0.511387,-0.147792,0.210149,0.543063,0.07406,0.215777,0.544405,-0.074178,0.186117,0.667026,0.043986,0.260596,0.651916,-0.060716,0.126709,0.74678,0.008925,0.273787,0.789583,-0.021497,0.111252,0.751391,0.003193,0.264575,0.809455,-0.017458,0.139285,0.799262,-0.027873,0.305807,0.821215,-0.038092
HA_Lat_11_6.13.26,184,532.0,536.0,0,533.21,525.1,0.9872,532.98,544.72,0.997,0.293186,0.358278,-0.046794,0.290361,0.345675,-0.039774,0.289455,0.345029,-0.03992,0.288671,0.344369,-0.039891,0.290032,0.345677,-0.063632,0.288802,0.345021,-0.063832,0.287502,0.344049,-0.063879,0.281347,0.344732,0.004333,0.279279,0.344878,-0.100919,0.289057,0.367452,-0.026963,0.288744,0.366691,-0.058209,0.25952,0.394042,0.09127,0.251885,0.399608,-0.152649,0.249374,0.473307,0.077527,0.233402,0.48412,-0.167206,0.282633,0.491315,-0.051009,0.277593,0.504374,-0.096381,0.28868,0.499516,-0.063682,0.289568,0.516167,-0.10661,0.292706,0.488462,-0.078015,0.29349,0.501383,-0.099032,0.288905,0.48523,-0.061165,0.288832,0.496791,-0.090622,0.20906,0.545908,0.073418,0.214191,0.545973,-0.073526,0.184522,0.668958,0.050057,0.259927,0.651986,-0.057409,0.125439,0.74897,0.02638,0.273421,0.789449,-0.017159,0.109725,0.755049,0.021736,0.264481,0.809421,-0.012861,0.13901,0.799635,-0.009287,0.305757,0.820915,-0.027742
HA_Lat_11_6.13.26,185,522.0,527.0,0,523.95,515.22,0.9873,532.85,531.48,0.9956,0.288419,0.354465,-0.048001,0.285473,0.34116,-0.040821,0.284618,0.340431,-0.040968,0.283826,0.339716,-0.040929,0.285174,0.34149,-0.064175,0.284006,0.340934,-0.064378,0.282698,0.340109,-0.064439,0.276585,0.340995,0.002592,0.274559,0.340813,-0.100327,0.284495,0.364009,-0.027949,0.284136,0.363405,-0.058655,0.258191,0.393948,0.086558,0.246552,0.397194,-0.151773,0.249502,0.473338,0.058525,0.232081,0.484852,-0.153312,0.280958,0.483557,-0.081675,0.277528,0.492109,-0.074802,0.286776,0.487856,-0.096454,0.289837,0.498672,-0.084278,0.289832,0.478086,-0.109607,0.292195,0.482769,-0.076962,0.287208,0.476449,-0.091577,0.287659,0.480611,-0.069066,0.208062,0.547878,0.073281,0.21252,0.547409,-0.07338,0.18329,0.671084,0.067218,0.259218,0.652016,-0.064588,0.124172,0.751228,0.074728,0.273213,0.789417,-0.036062,0.108081,0.757637,0.073183,0.264498,0.809395,-0.03278,0.138818,0.800458,0.04754,0.305835,0.820801,-0.050746
HA_Lat_11_6.13.26,186,524.0,510.0,0,524.38,504.34,0.9873,532.69,518.73,0.9929,0.284842,0.350669,-0.052148,0.281734,0.337218,-0.044595,0.28084,0.336451,-0.044752,0.280016,0.335715,-0.044715,0.281292,0.337482,-0.067509,0.280025,0.336673,-0.067712,0.278684,0.335665,-0.067793,0.271883,0.337547,-0.001347,0.270106,0.336262,-0.102276,0.28047,0.360302,-0.031966,0.280022,0.359924,-0.062141,0.257283,0.394529,0.080218,0.240693,0.39536,-0.152412,0.249542,0.474625,0.042795,0.231276,0.485519,-0.152301,0.282399,0.480151,-0.106912,0.277444,0.480308,-0.079475,0.288811,0.483109,-0.12324,0.289498,0.482559,-0.090476,0.291209,0.471258,-0.135824,0.291416,0.467034,-0.08372,0.288644,0.470883,-0.116826,0.287096,0.466724,-0.074279,0.208351,0.5502,0.073315,0.209429,0.548472,-0.073415,0.182243,0.672843,0.082504,0.258375,0.652072,-0.080661,0.123007,0.752969,0.103273,0.273163,0.789539,-0.071093,0.107083,0.760203,0.102705,0.264502,0.809687,-0.070182,0.138793,0.800536,0.073261,0.306915,0.820872,-0.100941
HA_Lat_11_6.13.26,187,520.0,502.0,0,523.1,491.87,0.9884,531.73,502.97,0.9901,0.279015,0.347664,-0.051995,0.275998,0.334014,-0.044042,0.275172,0.333275,-0.044202,0.27444,0.332519,-0.04416,0.275484,0.334184,-0.066994,0.274243,0.333391,-0.0672,0.272904,0.332376,-0.067289,0.265837,0.334496,-0.000254,0.263743,0.333089,-0.10157,0.274812,0.358275,-0.031648,0.274085,0.357807,-0.06191,0.254531,0.395594,0.078092,0.234577,0.392885,-0.152006,0.249727,0.477452,0.027631,0.230475,0.487073,-0.132681,0.281364,0.472031,-0.130097,0.276943,0.465713,-0.031445,0.288133,0.466207,-0.146549,0.288167,0.458089,-0.037089,0.289896,0.454039,-0.155117,0.290478,0.44628,-0.032061,0.287098,0.45475,-0.138519,0.285529,0.448507,-0.0261,0.208713,0.552728,0.073822,0.205912,0.549173,-0.073888,0.181208,0.675351,0.09608,0.257284,0.652075,-0.097391,0.121829,0.754254,0.126626,0.273162,0.789562,-0.102035,0.105931,0.761939,0.127385,0.264559,0.809737,-0.102757,0.138327,0.800531,0.100816,0.30829,0.820877,-0.137821
HA_Lat_11_6.13.26,188,520.58,480.16,0,520.58,480.16,0.9883,529.87,484.26,0.9845,0.274615,0.344809,-0.044894,0.271237,0.3322,-0.036959,0.270276,0.331537,-0.037123,0.269357,0.330821,-0.037079,0.270835,0.332207,-0.059833,0.269563,0.331448,-0.060026,0.268177,0.330463,-0.060112,0.260441,0.33244,0.006319,0.258532,0.331338,-0.09463,0.270253,0.356531,-0.024724,0.26975,0.355707,-0.054988,0.251638,0.396415,0.081589,0.229093,0.39132,-0.140762,0.250214,0.47921,0.030371,0.229279,0.487242,-0.117529,0.280014,0.451698,-0.121837,0.275975,0.448388,-0.01143,0.28676,0.440301,-0.137177,0.287257,0.435952,-0.014769,0.288113,0.429244,-0.142258,0.28593,0.425323,-0.009837,0.285908,0.431967,-0.128654,0.280487,0.429522,-0.00605,0.209183,0.554356,0.073803,0.203781,0.55021,-0.073863,0.180306,0.678099,0.094088,0.255983,0.652207,-0.105614,0.120398,0.755764,0.121998,0.273165,0.789684,-0.118312,0.104388,0.763477,0.122912,0.264568,0.810278,-0.119855,0.137648,0.800533,0.096056,0.309296,0.820878,-0.157734
HA_Lat_11_6.13.26,189,510.77,467.21,0,510.77,467.21,0.989,523.25,469.84,0.9716,0.270216,0.343399,-0.045965,0.267437,0.331673,-0.038248,0.26661,0.331228,-0.038415,0.265832,0.33072,-0.038372,0.266621,0.3314,-0.061244,0.265111,0.330663,-0.061428,0.263463,0.329728,-0.061511,0.256409,0.331774,0.005292,0.253021,0.33035,-0.096491,0.265071,0.355935,-0.0257,0.264215,0.354895,-0.05612,0.25088,0.396451,0.07736,0.223716,0.390247,-0.141412,0.25752,0.478453,0.018115,0.229405,0.486619,-0.130078,0.279507,0.439175,-0.144033,0.272525,0.435041,-0.040735,0.286508,0.425352,-0.161426,0.283466,0.42034,-0.047038,0.287064,0.415118,-0.164241,0.278797,0.410395,-0.043213,0.28508,0.419221,-0.150156,0.273711,0.416499,-0.036203,0.209296,0.554976,0.07373,0.201907,0.551132,-0.073785,0.179148,0.679579,0.096844,0.254569,0.652862,-0.093669,0.118514,0.757559,0.126158,0.273168,0.789713,-0.094277,0.102855,0.766161,0.127067,0.26456,0.810566,-0.094893,0.137327,0.800527,0.098842,0.309322,0.819982,-0.131648
HA_Lat_11_6.13.26,190,505.21,458.82,0,505.21,458.82,0.9896,513.78,455.68,0.9717,0.263523,0.341854,-0.043962,0.261561,0.331136,-0.03453,0.261135,0.330838,-0.034701,0.260799,0.330418,-0.03467,0.259887,0.330597,-0.057088,0.25811,0.329793,-0.057257,0.256029,0.328817,-0.057339,0.251281,0.330872,0.01955,0.244631,0.330051,-0.080955,0.258855,0.354502,-0.0209,0.256677,0.353921,-0.050994,0.250872,0.396441,0.079463,0.218329,0.388737,-0.127883,0.26413,0.4795,0.020733,0.229911,0.486069,-0.194955,0.278901,0.427165,-0.152113,0.267592,0.421928,-0.231903,0.285047,0.414089,-0.17366,0.277209,0.405837,-0.259574,0.285488,0.403711,-0.176828,0.270615,0.3986,-0.253573,0.283241,0.408341,-0.158495,0.266993,0.404917,-0.230366,0.209747,0.556156,0.073524,0.198932,0.551576,-0.073567,0.17809,0.68012,0.091207,0.253296,0.653263,-0.111045,0.11698,0.758908,0.12937,0.272921,0.789699,-0.107443,0.101464,0.768488,0.130957,0.264555,0.810831,-0.108368,0.136824,0.800587,0.093171,0.309418,0.818861,-0.159022
HA_Lat_11_6.13.26,191,492.93,443.92,0,492.93,443.92,0.9878,505.15,442.63,0.9726,0.25632,0.340118,-0.037123,0.254321,0.329719,-0.026028,0.253805,0.329585,-0.02619,0.253356,0.329241,-0.026161,0.2528,0.329124,-0.049265,0.251082,0.328379,-0.049428,0.249224,0.327522,-0.049505,0.244002,0.330244,0.030625,0.238675,0.329288,-0.073972,0.251747,0.352479,-0.013028,0.249896,0.352545,-0.044226,0.24459,0.39679,0.088591,0.213078,0.38838,-0.127071,0.266804,0.473921,0.030165,0.230067,0.480084,-0.211066,0.277197,0.410748,-0.127125,0.263097,0.409844,-0.236511,0.280107,0.394196,-0.145671,0.271314,0.390931,-0.262835,0.277802,0.388379,-0.146323,0.264388,0.386388,-0.255504,0.275658,0.393753,-0.132125,0.260695,0.393395,-0.234002,0.208326,0.556057,0.073579,0.197187,0.552001,-0.073618,0.177347,0.680025,0.092879,0.252124,0.65412,-0.111442,0.116196,0.760166,0.135977,0.272932,0.789767,-0.113745,0.100761,0.770856,0.137589,0.264689,0.811234,-0.115293,0.135992,0.800459,0.100056,0.310217,0.814793,-0.165508
HA_Lat_11_6.13.26,192,490.27,431.6,0,490.27,431.6,0.9898,495.7,429.7,0.9743,0.251613,0.339664,-0.03684,0.250305,0.328851,-0.025482,0.249905,0.328648,-0.025642,0.249552,0.328262,-0.025609,0.248373,0.328282,-0.048708,0.246296,0.32749,-0.048876,0.243946,0.326656,-0.048954,0.240079,0.328768,0.032616,0.23256,0.328486,-0.07184,0.247903,0.351417,-0.012213,0.245386,0.351477,-0.043432,0.24222,0.393991,0.090534,0.207857,0.387772,-0.125621,0.268717,0.462321,0.02056,0.230266,0.469428,-0.210954,0.274394,0.391615,-0.139188,0.258176,0.397874,-0.230058,0.274002,0.378048,-0.159175,0.264581,0.379166,-0.255416,0.269303,0.373691,-0.155974,0.256698,0.376368,-0.250188,0.26748,0.379964,-0.142893,0.25443,0.383218,-0.228146,0.208315,0.555432,0.07339,0.195802,0.552061,-0.073429,0.176,0.680438,0.089945,0.250616,0.654412,-0.112023,0.115873,0.761072,0.126167,0.272398,0.789725,-0.113316,0.100215,0.77242,0.12716,0.264666,0.811348,-0.114767,0.13607,0.800347,0.090239,0.31011,0.812015,-0.164128
HA_Lat_11_6.13.26,193,487.5,421.7,0,487.5,421.7,0.9903,488.45,417.43,0.9751,0.246287,0.337059,-0.026013,0.244213,0.326553,-0.014167,0.243667,0.326108,-0.014317,0.243171,0.32571,-0.014282,0.242505,0.32617,-0.038317,0.240449,0.325588,-0.038476,0.238143,0.325045,-0.038538,0.233491,0.327134,0.042734,0.227405,0.327526,-0.066038,0.242803,0.348896,-0.001827,0.240435,0.34948,-0.034387,0.238059,0.392092,0.098878,0.203239,0.386741,-0.123548,0.269535,0.454658,0.027882,0.230312,0.458022,-0.204455,0.26654,0.384406,-0.117806,0.2544,0.386509,-0.201074,0.265052,0.367907,-0.134398,0.25997,0.367595,-0.222944,0.261286,0.36472,-0.128976,0.252574,0.365405,-0.216174,0.259988,0.371357,-0.120166,0.250499,0.372951,-0.198009,0.2075,0.554833,0.074363,0.19405,0.551835,-0.074391,0.175024,0.680647,0.092076,0.248677,0.654419,-0.113312,0.115932,0.761127,0.138837,0.271535,0.789584,-0.117816,0.099427,0.772873,0.1409,0.26465,0.811412,-0.119874,0.136123,0.800311,0.102735,0.31003,0.806518,-0.17403
HA_Lat_11_6.13.26,194,480.89,406.76,0,483.06,409.29,0.9909,480.89,406.76,0.9765,0.242182,0.335681,-0.016977,0.239424,0.324981,-0.004936,0.23882,0.324559,-0.005081,0.238238,0.324082,-0.005049,0.237881,0.324723,-0.029154,0.235958,0.324086,-0.029316,0.233881,0.323506,-0.029374,0.228529,0.324976,0.053025,0.223076,0.325907,-0.056157,0.239293,0.347191,0.007528,0.236847,0.347691,-0.025149,0.235844,0.38914,0.10894,0.199103,0.383978,-0.11635,0.269924,0.448405,0.034286,0.229449,0.447164,-0.20857,0.265026,0.382535,-0.110816,0.250462,0.376631,-0.221584,0.264419,0.366616,-0.128028,0.255562,0.357126,-0.24659,0.260158,0.360827,-0.122113,0.249303,0.352308,-0.239981,0.258985,0.367367,-0.113185,0.247668,0.361571,-0.21921,0.207281,0.554308,0.074694,0.193343,0.551566,-0.07472,0.174562,0.680134,0.08985,0.247311,0.65441,-0.113524,0.115818,0.761546,0.124486,0.270752,0.789584,-0.122735,0.099612,0.773531,0.125608,0.264646,0.81144,-0.125369,0.135984,0.799751,0.087804,0.307227,0.804508,-0.180438
HA_Lat_11_6.13.26,195,476.56,394.3,0,478.54,400.24,0.9926,476.56,394.3,0.9777,0.236072,0.332647,-0.016238,0.233584,0.322028,-0.005364,0.233267,0.321806,-0.005505,0.232936,0.321488,-0.005468,0.231643,0.321816,-0.028251,0.229717,0.321471,-0.028423,0.227659,0.321269,-0.028491,0.224104,0.322758,0.047811,0.217794,0.32437,-0.0554,0.233781,0.34472,0.006688,0.23128,0.345462,-0.024292,0.230711,0.384794,0.105645,0.195074,0.382162,-0.113379,0.268368,0.439135,0.028868,0.228132,0.437045,-0.183132,0.256729,0.371244,-0.103862,0.248209,0.365092,-0.144017,0.256037,0.353506,-0.11847,0.253577,0.3454,-0.158762,0.253303,0.351032,-0.110627,0.247879,0.341133,-0.156441,0.252829,0.356422,-0.10492,0.2466,0.349011,-0.141875,0.206834,0.55391,0.071954,0.192902,0.55142,-0.072001,0.172965,0.679581,0.077971,0.245465,0.654347,-0.106988,0.115441,0.761934,0.117564,0.270057,0.789569,-0.120408,0.099789,0.773733,0.11912,0.264342,0.811872,-0.123093,0.136004,0.799556,0.083062,0.307155,0.801118,-0.176115
HA_Lat_11_6.13.26,196,465.0,391.0,0,477.5,396.19,0.9919,473.26,381.36,0.9796,0.23201,0.33014,-0.018129,0.229395,0.319164,-0.00993,0.229237,0.319089,-0.010071,0.229082,0.318956,-0.010019,0.226913,0.318726,-0.033491,0.224647,0.318461,-0.033695,0.222243,0.318473,-0.033785,0.221668,0.320099,0.040474,0.213008,0.322125,-0.063308,0.230694,0.342704,0.001134,0.227602,0.343382,-0.030164,0.229302,0.381819,0.103067,0.190592,0.380376,-0.119038,0.267616,0.432952,0.019986,0.227908,0.425762,-0.209345,0.255736,0.361356,-0.123777,0.246487,0.353111,-0.225484,0.254568,0.346159,-0.141292,0.250655,0.332218,-0.251698,0.251826,0.342606,-0.134386,0.245704,0.328335,-0.246954,0.251184,0.348963,-0.125692,0.244642,0.336793,-0.224043,0.206817,0.553657,0.072063,0.1921,0.551279,-0.072111,0.171101,0.679173,0.07807,0.243429,0.653878,-0.122549,0.115431,0.761962,0.142758,0.269283,0.788994,-0.130887,0.100125,0.773524,0.146869,0.264078,0.811911,-0.133721,0.13604,0.799456,0.104619,0.306099,0.798399,-0.199538
HA_Lat_11_6.13.26,197,464.0,379.0,0,474.05,387.33,0.9923,469.96,372.84,0.9814,0.230394,0.330805,-0.019075,0.22721,0.319483,-0.008109,0.226571,0.319011,-0.008255,0.225972,0.318579,-0.008219,0.225327,0.318886,-0.031377,0.223171,0.318224,-0.031558,0.220917,0.31774,-0.031623,0.215928,0.318919,0.049888,0.210127,0.320794,-0.054842,0.227746,0.342284,0.004539,0.225374,0.342648,-0.026918,0.226168,0.381193,0.104997,0.18741,0.377375,-0.111711,0.266656,0.423039,0.023749,0.224945,0.414559,-0.200067,0.252353,0.353278,-0.126034,0.244768,0.345218,-0.206259,0.251753,0.338785,-0.144702,0.249839,0.32435,-0.230379,0.247716,0.334492,-0.137138,0.245307,0.320417,-0.224454,0.248259,0.339654,-0.127962,0.24365,0.32789,-0.203972,0.206557,0.55342,0.072149,0.190944,0.551141,-0.072198,0.169695,0.678782,0.077777,0.241721,0.653812,-0.153506,0.115146,0.761603,0.154111,0.268518,0.788853,-0.163167,0.099998,0.772886,0.159457,0.263827,0.812338,-0.166314,0.13632,0.79945,0.117428,0.30569,0.7961,-0.23877
HA_Lat_11_6.13.26,198,468.61,361.98,0,471.46,383.88,0.991,468.61,361.98,0.983,0.227223,0.329597,-0.016318,0.223828,0.318281,-0.004776,0.223292,0.31782,-0.004921,0.222752,0.317074,-0.004885,0.221742,0.31783,-0.027829,0.219627,0.31722,-0.028004,0.217396,0.31669,-0.028063,0.213908,0.31776,0.054912,0.206347,0.319154,-0.049367,0.224089,0.341067,0.008925,0.221792,0.341503,-0.022412,0.224036,0.379664,0.112333,0.183208,0.374545,-0.103272,0.266026,0.41926,0.034942,0.221289,0.406941,-0.195445,0.255403,0.341355,-0.110221,0.244069,0.335168,-0.206092,0.256115,0.32668,-0.128225,0.249484,0.316993,-0.231985,0.252289,0.321841,-0.125634,0.246246,0.312934,-0.226204,0.251998,0.327417,-0.113986,0.244818,0.319019,-0.204338,0.206538,0.553323,0.072221,0.19051,0.551072,-0.072274,0.169849,0.678486,0.084597,0.239847,0.653603,-0.154163,0.1152,0.761283,0.16809,0.267301,0.78848,-0.168197,0.100159,0.772102,0.173555,0.263573,0.812401,-0.171923,0.136338,0.799252,0.134782,0.305086,0.793491,-0.244246
HA_Lat_11_6.13.26,199,464.0,369.0,0,472.12,370.19,0.9928,468.48,357.72,0.9845,0.223134,0.328584,-0.0193,0.220116,0.317106,-0.007967,0.219457,0.316737,-0.008113,0.218786,0.316206,-0.008076,0.218497,0.316555,-0.030793,0.216606,0.315858,-0.030969,0.214594,0.315137,-0.031027,0.209427,0.316503,0.051058,0.203061,0.317191,-0.052063,0.219715,0.33986,0.00598,0.217955,0.340128,-0.02507,0.221553,0.379439,0.111736,0.179825,0.372766,-0.105473,0.265987,0.413266,0.040077,0.219489,0.399137,-0.194021,0.257115,0.335838,-0.111441,0.243998,0.331225,-0.21858,0.258662,0.320741,-0.130243,0.250562,0.315497,-0.246279,0.25498,0.315482,-0.129021,0.24784,0.310675,-0.239589,0.254233,0.321285,-0.115763,0.246505,0.31594,-0.216763,0.206039,0.552623,0.072542,0.189319,0.550841,-0.07258,0.169828,0.678267,0.101013,0.238115,0.653489,-0.148419,0.115253,0.761168,0.192907,0.266811,0.787358,-0.158799,0.100293,0.77156,0.199237,0.263477,0.812265,-0.162244,0.136489,0.799101,0.162038,0.305131,0.790727,-0.235293
HA_Lat_11_6.13.26,200,469.58,353.97,0,474.78,366.41,0.9926,469.58,353.97,0.9857,0.218917,0.327592,-0.020679,0.215763,0.315671,-0.009341,0.215143,0.315363,-0.009485,0.214573,0.314965,-0.009446,0.214133,0.315104,-0.032504,0.21236,0.314457,-0.03268,0.210434,0.313738,-0.032737,0.205577,0.315561,0.049973,0.199203,0.316076,-0.055308,0.21575,0.338841,0.004864,0.213953,0.338952,-0.026736,0.218237,0.378097,0.112232,0.176017,0.371363,-0.108653,0.263242,0.411761,0.043191,0.217533,0.391696,-0.194224,0.256071,0.33485,-0.109714,0.24457,0.327749,-0.21478,0.259825,0.319538,-0.128332,0.251734,0.313278,-0.241567,0.255761,0.315146,-0.12839,0.249122,0.308163,-0.234121,0.254405,0.321602,-0.114569,0.247552,0.313419,-0.212507,0.205783,0.551073,0.072567,0.188931,0.550449,-0.072599,0.169999,0.677864,0.106981,0.236683,0.653214,-0.148834,0.115482,0.760962,0.190833,0.266141,0.786594,-0.163569,0.100325,0.771587,0.19623,0.26312,0.81229,-0.16766,0.136515,0.798977,0.158119,0.304542,0.787748,-0.241978
HA_Lat_11_6.13.26,201,472.55,348.84,0,476.22,361.19,0.9911,472.55,348.84,0.9861,0.213294,0.326009,-0.01961,0.210542,0.313797,-0.008325,0.210177,0.313497,-0.008473,0.20993,0.313155,-0.008442,0.208341,0.313221,-0.031114,0.206308,0.312513,-0.031285,0.204063,0.311664,-0.031338,0.201588,0.314413,0.050095,0.192989,0.314288,-0.053256,0.210422,0.337256,0.005753,0.208051,0.337408,-0.025363,0.213923,0.376875,0.114538,0.172243,0.371079,-0.104355,0.258803,0.41038,0.069972,0.215009,0.383946,-0.190351,0.256861,0.344372,-0.068646,0.246119,0.323002,-0.204104,0.260601,0.326329,-0.084564,0.253644,0.307758,-0.229866,0.256152,0.320708,-0.090795,0.25116,0.303782,-0.221664,0.255325,0.326719,-0.075449,0.249558,0.309882,-0.201586,0.205541,0.549211,0.071625,0.189198,0.549872,-0.071644,0.170519,0.677357,0.10332,0.236451,0.653454,-0.135396,0.115789,0.760822,0.183646,0.265633,0.786356,-0.13908,0.100511,0.771387,0.188987,0.262616,0.812348,-0.141299,0.136541,0.798976,0.15214,0.301583,0.786861,-0.204323
HA_Lat_11_6.13.26,202,475.14,346.74,0,476.5,359.5,0.99,475.14,346.74,0.986,0.209331,0.324542,-0.020828,0.206351,0.31255,-0.009449,0.205982,0.312256,-0.009595,0.205752,0.311928,-0.009567,0.203916,0.312018,-0.031034,0.201725,0.311344,-0.031202,0.199378,0.310559,-0.03125,0.197965,0.313952,0.049443,0.189086,0.313842,-0.046101,0.206809,0.335984,0.004538,0.204234,0.33603,-0.024873,0.213106,0.377273,0.11584,0.170993,0.370645,-0.095079,0.255865,0.408689,0.07735,0.213765,0.376673,-0.178432,0.257262,0.345681,-0.05802,0.247471,0.321058,-0.197163,0.261645,0.328201,-0.074112,0.255211,0.308972,-0.222197,0.256822,0.323274,-0.082005,0.252739,0.304968,-0.213469,0.256573,0.328825,-0.065253,0.251098,0.310548,-0.194425,0.205304,0.547511,0.070404,0.189386,0.548822,-0.070428,0.170576,0.676288,0.099346,0.235489,0.653332,-0.131276,0.116016,0.760674,0.170348,0.265074,0.785638,-0.139669,0.100518,0.771372,0.174954,0.262017,0.812577,-0.14271,0.136449,0.798976,0.137809,0.300606,0.785199,-0.211572
HA_Lat_11_6.13.26,203,477.37,350.47,0,481.34,361.1,0.9944,477.37,350.47,0.9836,0.206789,0.322632,-0.019216,0.203049,0.311149,-0.008112,0.202539,0.310829,-0.008255,0.202167,0.310423,-0.008233,0.200838,0.310789,-0.029399,0.198659,0.310252,-0.029575,0.196321,0.309602,-0.02963,0.194302,0.312992,0.050292,0.186138,0.313353,-0.046139,0.204706,0.334624,0.006092,0.202072,0.334475,-0.023074,0.211627,0.375944,0.118262,0.16877,0.369639,-0.096889,0.251708,0.408339,0.094182,0.212442,0.370754,-0.177668,0.25771,0.353262,-0.025752,0.248628,0.324508,-0.19987,0.264295,0.336133,-0.03958,0.255799,0.313637,-0.225782,0.258814,0.331221,-0.050468,0.253521,0.311317,-0.21657,0.256883,0.337571,-0.033865,0.25147,0.316768,-0.197187,0.205161,0.545992,0.068779,0.189629,0.547866,-0.068814,0.170144,0.674737,0.099184,0.234668,0.653333,-0.12674,0.116221,0.760503,0.158552,0.264032,0.78543,-0.134833,0.100649,0.771312,0.162274,0.261036,0.81257,-0.137523,0.135374,0.798975,0.125574,0.300103,0.784181,-0.193733
HA_Lat_11_6.13.26,204,478.8,357.47,0,484.54,364.24,0.9945,478.8,357.47,0.9792,0.204392,0.321001,-0.020305,0.200609,0.310327,-0.009143,0.200014,0.309977,-0.009284,0.199569,0.309552,-0.009259,0.19861,0.310118,-0.030372,0.19653,0.309673,-0.030551,0.194266,0.309133,-0.030612,0.191188,0.312179,0.049761,0.183485,0.313183,-0.04615,0.202568,0.333344,0.005023,0.199979,0.333428,-0.02402,0.209631,0.374198,0.116729,0.166708,0.369472,-0.09797,0.247261,0.406402,0.082393,0.211518,0.370559,-0.183506,0.258128,0.356429,-0.044875,0.249374,0.330994,-0.22427,0.265361,0.342701,-0.055655,0.256313,0.321497,-0.253068,0.261129,0.336396,-0.053488,0.254742,0.31887,-0.242812,0.257199,0.342356,-0.049782,0.251591,0.323834,-0.221448,0.205017,0.543753,0.066171,0.190144,0.546502,-0.066218,0.170021,0.67301,0.089848,0.233538,0.653312,-0.124206,0.11639,0.760453,0.15265,0.262782,0.785235,-0.128872,0.100819,0.771108,0.155618,0.260471,0.812511,-0.130881,0.135121,0.798885,0.121518,0.298277,0.784058,-0.192022
HA_Lat_11_6.13.26,205,476.49,366.76,0,492.58,365.82,0.9941,476.49,366.76,0.9748,0.201874,0.319295,-0.01948,0.197966,0.308952,-0.008491,0.197374,0.308612,-0.008629,0.196934,0.30822,-0.008603,0.195972,0.308934,-0.029774,0.19392,0.308637,-0.029958,0.191701,0.308239,-0.030022,0.188861,0.311219,0.049871,0.181132,0.312798,-0.046906,0.200227,0.331713,0.005733,0.197651,0.331783,-0.023361,0.206948,0.37235,0.116613,0.164767,0.36902,-0.099805,0.243258,0.404937,0.079143,0.205127,0.372033,-0.183476,0.259025,0.362916,-0.053768,0.24817,0.339589,-0.215071,0.265611,0.350591,-0.065333,0.256845,0.330073,-0.242128,0.26207,0.344868,-0.057921,0.255467,0.327508,-0.23319,0.258047,0.350476,-0.058357,0.252482,0.33355,-0.21234,0.204707,0.540983,0.064653,0.190217,0.544454,-0.064712,0.170261,0.671564,0.075166,0.23241,0.653306,-0.117262,0.116493,0.760376,0.121407,0.262062,0.784446,-0.119012,0.100845,0.770952,0.123034,0.259777,0.812488,-0.121402,0.134627,0.798856,0.082149,0.298177,0.780936,-0.187812
HA_Lat_11_6.13.26,206,477.61,372.49,0,494.81,368.2,0.9936,477.61,372.49,0.967,0.198835,0.317934,-0.020397,0.194805,0.307791,-0.009504,0.19431,0.30736,-0.009646,0.193969,0.306907,-0.009616,0.192752,0.308002,-0.031277,0.190709,0.307787,-0.031461,0.188512,0.307479,-0.031525,0.186378,0.310518,0.047855,0.178534,0.312339,-0.050523,0.197381,0.330283,0.004471,0.194599,0.330512,-0.025197,0.205274,0.371707,0.115062,0.163915,0.369381,-0.103384,0.241576,0.405997,0.078006,0.206713,0.369471,-0.1865,0.263152,0.367842,-0.05185,0.248757,0.344895,-0.21675,0.273428,0.356658,-0.066693,0.257433,0.337804,-0.244177,0.271888,0.351053,-0.070917,0.25838,0.335733,-0.236348,0.265854,0.356087,-0.060329,0.253944,0.340727,-0.2145,0.204754,0.538816,0.063598,0.190372,0.543448,-0.063663,0.170196,0.670238,0.072324,0.232392,0.653348,-0.110694,0.116557,0.7603,0.114413,0.2614,0.783744,-0.106043,0.100914,0.770786,0.115795,0.25942,0.812206,-0.107791,0.13467,0.798817,0.074812,0.297392,0.778926,-0.177084
HA_Lat_11_6.13.26,207,481.06,378.57,0,500.6,371.0,0.9934,481.06,378.57,0.951,0.197874,0.318299,-0.021278,0.193821,0.307944,-0.010332,0.193175,0.307463,-0.010476,0.192665,0.306977,-0.010442,0.192098,0.30825,-0.032213,0.190216,0.308037,-0.032398,0.188143,0.307723,-0.032464,0.184623,0.310514,0.046773,0.177924,0.312289,-0.05139,0.196085,0.330497,0.003479,0.193567,0.330933,-0.026286,0.201137,0.372674,0.114716,0.164334,0.370028,-0.105447,0.240387,0.406581,0.082202,0.208962,0.370452,-0.190519,0.267377,0.368102,-0.03561,0.250555,0.350532,-0.217488,0.280571,0.36294,-0.049673,0.261412,0.34422,-0.244709,0.279703,0.357551,-0.063876,0.263344,0.341159,-0.237586,0.273717,0.360828,-0.046251,0.257943,0.345993,-0.215587,0.204703,0.537801,0.063374,0.190448,0.543013,-0.063436,0.170098,0.6697,0.074802,0.232187,0.653347,-0.10923,0.116669,0.760225,0.119447,0.261262,0.783122,-0.10068,0.101014,0.770408,0.121202,0.259196,0.811982,-0.101834,0.134625,0.798204,0.081798,0.296951,0.778241,-0.168753
HA_Lat_11_6.13.26,208,490.0,394.0,0,500.64,380.47,0.9925,481.91,383.25,0.9443,0.195898,0.318252,-0.02181,0.191919,0.307789,-0.010976,0.191397,0.307239,-0.01112,0.190994,0.306717,-0.011087,0.189948,0.308205,-0.032923,0.187994,0.30799,-0.033109,0.185916,0.307696,-0.033176,0.183066,0.310379,0.046104,0.176213,0.312137,-0.053201,0.194445,0.330435,0.002778,0.191465,0.330977,-0.027068,0.198819,0.37338,0.113859,0.163741,0.370408,-0.106912,0.237549,0.408859,0.101675,0.209519,0.372251,-0.186632,0.268745,0.376217,0.009469,0.250995,0.35486,-0.209998,0.280749,0.375106,-0.000838,0.263519,0.345892,-0.235827,0.280348,0.369454,-0.018406,0.265448,0.345952,-0.22893,0.275656,0.371443,-0.001242,0.259479,0.348769,-0.207792,0.20444,0.537412,0.062844,0.190682,0.542924,-0.062907,0.169912,0.669225,0.076207,0.232083,0.653313,-0.104581,0.116697,0.760132,0.11855,0.261046,0.78264,-0.096873,0.101092,0.770251,0.119987,0.259056,0.811346,-0.098024,0.134671,0.797382,0.082417,0.295677,0.778148,-0.161905
HA_Lat_11_6.13.26,209,489.0,401.0,0,501.31,400.2,0.9761,486.61,389.59,0.9359,0.195213,0.31863,-0.022236,0.191252,0.308081,-0.011111,0.190863,0.307515,-0.011255,0.190593,0.306992,-0.011217,0.189008,0.308538,-0.033464,0.187034,0.308339,-0.033649,0.184906,0.308081,-0.033717,0.182599,0.31069,0.044117,0.175411,0.312464,-0.054407,0.193778,0.330823,0.00259,0.190531,0.331529,-0.027708,0.199824,0.373572,0.112278,0.164493,0.370679,-0.107872,0.238522,0.410531,0.10592,0.210754,0.375637,-0.17941,0.272917,0.389132,0.022697,0.253441,0.360727,-0.201587,0.284551,0.391945,0.014792,0.266237,0.357019,-0.226992,0.283888,0.38331,-0.002693,0.267983,0.357124,-0.22241,0.279257,0.38344,0.012501,0.261894,0.360103,-0.200752,0.204319,0.53775,0.062781,0.191031,0.542993,-0.06284,0.169647,0.669039,0.081421,0.232266,0.653335,-0.104448,0.11675,0.760104,0.120113,0.261066,0.782614,-0.099826,0.101158,0.770235,0.120984,0.259039,0.811308,-0.101107,0.134699,0.797091,0.088349,0.294804,0.777263,-0.163248
HA_Lat_11_6.13.26,210,490.0,416.0,0,507.13,414.56,0.9902,486.63,407.98,0.9266,0.195057,0.318764,-0.026209,0.19104,0.308343,-0.015784,0.190597,0.307813,-0.015928,0.190273,0.307314,-0.015899,0.188815,0.308763,-0.037164,0.18683,0.308593,-0.037351,0.184631,0.308394,-0.037419,0.182175,0.31097,0.039237,0.174904,0.312892,-0.055874,0.19368,0.331215,-0.001619,0.190422,0.331966,-0.030671,0.199706,0.374136,0.108401,0.163746,0.370887,-0.108665,0.236638,0.411329,0.101584,0.210488,0.381604,-0.176627,0.272168,0.396937,-0.003579,0.253456,0.377757,-0.19167,0.2826,0.398299,-0.013113,0.266068,0.379139,-0.21552,0.281672,0.391395,-0.009772,0.267422,0.376451,-0.212367,0.27716,0.390842,-0.004553,0.261749,0.378115,-0.190968,0.204425,0.537402,0.06294,0.191267,0.543051,-0.063004,0.169515,0.668911,0.079745,0.232652,0.653584,-0.102652,0.11678,0.760046,0.113041,0.26118,0.782616,-0.101232,0.101214,0.770146,0.113685,0.258928,0.811313,-0.101929,0.134715,0.796872,0.077995,0.295057,0.777789,-0.166427
HA_Lat_11_6.13.26,211,486.73,427.46,0,503.32,426.0,0.9783,486.73,427.46,0.9113,0.193516,0.318518,-0.031884,0.189538,0.308277,-0.021187,0.189262,0.307807,-0.021337,0.189141,0.30738,-0.021315,0.1871,0.308746,-0.042065,0.185179,0.308673,-0.042252,0.182913,0.30862,-0.042321,0.18181,0.311247,0.035467,0.173679,0.313288,-0.058322,0.19264,0.331211,-0.007062,0.189176,0.332146,-0.035547,0.199794,0.374541,0.106136,0.164003,0.371456,-0.110473,0.235756,0.411174,0.106331,0.209991,0.384392,-0.178012,0.272077,0.410085,0.025875,0.253508,0.395794,-0.201435,0.283239,0.411001,0.019047,0.265929,0.402093,-0.226808,0.283192,0.408482,0.001515,0.267033,0.401439,-0.224079,0.278498,0.408646,0.015945,0.2618,0.400999,-0.201185,0.204509,0.536631,0.063366,0.191322,0.543078,-0.063429,0.169411,0.668718,0.079836,0.23308,0.653699,-0.103121,0.116802,0.760028,0.115202,0.261257,0.782671,-0.104384,0.101243,0.770108,0.115959,0.258854,0.811383,-0.105902,0.135104,0.79656,0.07803,0.295251,0.778553,-0.17403
HA_Lat_11_6.13.26,212,486.76,447.49,0,496.27,438.64,0.9821,486.76,447.49,0.9096,0.194089,0.31828,-0.038796,0.189845,0.308247,-0.028953,0.189352,0.307843,-0.029111,0.189031,0.307478,-0.029094,0.18779,0.308712,-0.050546,0.186035,0.308649,-0.050727,0.183937,0.308649,-0.050794,0.181655,0.31115,0.025076,0.174707,0.313249,-0.072795,0.192762,0.331105,-0.01481,0.189873,0.332143,-0.044194,0.197231,0.374254,0.096953,0.164635,0.371597,-0.123933,0.233505,0.410373,0.101308,0.209151,0.391891,-0.184968,0.271969,0.425557,0.024043,0.253522,0.414342,-0.203231,0.28209,0.425873,0.017648,0.265803,0.422649,-0.228344,0.281994,0.423319,-0.00172,0.266768,0.419983,-0.225326,0.277261,0.424848,0.013405,0.26184,0.418963,-0.202711,0.204571,0.536521,0.063725,0.191501,0.543091,-0.063785,0.169014,0.668691,0.081213,0.23346,0.653732,-0.103544,0.116799,0.759931,0.117421,0.26137,0.782717,-0.102717,0.10125,0.770017,0.118351,0.258821,0.811603,-0.104378,0.135374,0.796483,0.081187,0.295326,0.779143,-0.170101
HA_Lat_11_6.13.26,213,486.47,460.63,0,484.24,451.75,0.9917,486.47,460.63,0.8899,0.194706,0.318299,-0.037042,0.191018,0.308361,-0.027086,0.190611,0.308012,-0.027241,0.190323,0.307704,-0.027222,0.188817,0.308702,-0.048791,0.186807,0.308615,-0.048977,0.184864,0.308574,-0.049046,0.182647,0.311121,0.027202,0.17574,0.312932,-0.071197,0.193158,0.331036,-0.012998,0.190114,0.33204,-0.04254,0.1981,0.37432,0.098289,0.164847,0.371793,-0.122935,0.228646,0.416252,0.094761,0.208331,0.402467,-0.181832,0.267669,0.439543,-0.003805,0.253368,0.426509,-0.19043,0.281861,0.440899,-0.014099,0.2655,0.435432,-0.213933,0.281353,0.438923,-0.029638,0.266595,0.431317,-0.211673,0.275698,0.437312,-0.013672,0.261766,0.430254,-0.189707,0.204618,0.536491,0.063801,0.191647,0.543132,-0.063854,0.168546,0.668585,0.083417,0.233783,0.653816,-0.101522,0.1168,0.759869,0.118209,0.261442,0.782759,-0.102293,0.101287,0.769936,0.118904,0.25886,0.811664,-0.104205,0.135678,0.796293,0.081815,0.29557,0.779414,-0.169315
HA_Lat_11_6.13.26,214,476.85,468.48,0,465.49,459.64,0.993,476.85,468.48,0.8697,0.195598,0.318191,-0.040563,0.191959,0.3081,-0.030323,0.191698,0.307772,-0.030475,0.191533,0.307489,-0.030446,0.18944,0.308419,-0.051471,0.187321,0.308321,-0.051657,0.185287,0.308247,-0.051726,0.18391,0.310833,0.026141,0.176367,0.312518,-0.070496,0.194247,0.330675,-0.015622,0.1909,0.33159,-0.044462,0.198426,0.37452,0.098619,0.165072,0.371992,-0.122353,0.227025,0.416383,0.083552,0.203766,0.411186,-0.169708,0.259597,0.439173,-0.042943,0.248357,0.433778,-0.17015,0.269243,0.453396,-0.058857,0.258,0.443171,-0.192002,0.266914,0.448183,-0.074672,0.258479,0.440255,-0.190242,0.262825,0.445679,-0.053546,0.255301,0.438475,-0.169112,0.204504,0.536605,0.064068,0.191736,0.543167,-0.064119,0.168275,0.668227,0.082884,0.234085,0.653913,-0.097408,0.116822,0.759832,0.109971,0.261546,0.782761,-0.099654,0.101311,0.769873,0.109945,0.258898,0.811677,-0.101873,0.1357,0.795777,0.072328,0.295769,0.779918,-0.166428
HA_Lat_11_6.13.26,215,474.42,487.89,0,475.87,483.25,0.9892,474.42,487.89,0.8594,0.197441,0.31851,-0.041806,0.193548,0.30836,-0.032694,0.193169,0.308024,-0.032851,0.1929,0.307729,-0.032828,0.191498,0.308682,-0.053843,0.189563,0.308569,-0.054028,0.18752,0.308476,-0.054097,0.184778,0.310806,0.018871,0.178357,0.312561,-0.076806,0.195672,0.330822,-0.018295,0.192916,0.331615,-0.047031,0.199648,0.374716,0.090258,0.166,0.372118,-0.125099,0.230513,0.416784,0.079372,0.202572,0.421248,-0.171582,0.260282,0.451237,-0.038047,0.247092,0.451752,-0.172701,0.269706,0.46586,-0.050953,0.256502,0.462947,-0.194431,0.267684,0.461502,-0.070577,0.257274,0.457517,-0.192102,0.263563,0.459002,-0.049189,0.253878,0.455633,-0.171524,0.204413,0.53676,0.064128,0.191845,0.543187,-0.064188,0.168168,0.667558,0.080441,0.234341,0.653939,-0.092199,0.11685,0.759772,0.100399,0.261605,0.782784,-0.095379,0.101325,0.769811,0.099706,0.258932,0.811768,-0.097927,0.135764,0.79543,0.064672,0.295012,0.780459,-0.158679
HA_Lat_11_6.13.26,216,461.29,504.57,0,463.98,488.82,0.9878,461.29,504.57,0.8691,0.199358,0.318509,-0.040485,0.195263,0.308319,-0.030754,0.194783,0.307956,-0.03091,0.194393,0.307628,-0.030889,0.193459,0.308699,-0.051837,0.191649,0.308601,-0.052023,0.189639,0.308516,-0.052091,0.18594,0.310531,0.022419,0.180396,0.312442,-0.075092,0.197457,0.330599,-0.016604,0.19497,0.331234,-0.045295,0.200799,0.374408,0.092657,0.166741,0.372213,-0.124282,0.231173,0.41996,0.042097,0.200376,0.427815,-0.167422,0.249395,0.452046,-0.131774,0.240257,0.467192,-0.16766,0.251186,0.46085,-0.156292,0.247355,0.482285,-0.19086,0.246216,0.451289,-0.167445,0.249666,0.477706,-0.189459,0.244585,0.448298,-0.141565,0.246136,0.474935,-0.166572,0.204273,0.536858,0.064243,0.192273,0.543213,-0.064298,0.167754,0.667083,0.081038,0.234535,0.654258,-0.090346,0.116849,0.759604,0.104302,0.261616,0.782799,-0.087576,0.101339,0.769746,0.1044,0.258789,0.811693,-0.089576,0.135998,0.795254,0.070175,0.295001,0.780376,-0.148314
HA_Lat_11_6.13.26,217,444.42,510.94,0,454.85,507.35,0.9881,444.42,510.94,0.8811,0.201136,0.318116,-0.040373,0.197223,0.308025,-0.030604,0.196806,0.30762,-0.030757,0.196481,0.307238,-0.030727,0.195214,0.30848,-0.052078,0.193393,0.30836,-0.052267,0.191341,0.308264,-0.052336,0.188099,0.310186,0.023714,0.18207,0.312152,-0.07427,0.199391,0.330213,-0.016142,0.196852,0.330633,-0.045227,0.202318,0.374151,0.094304,0.167783,0.371459,-0.12377,0.229455,0.425173,0.05338,0.197434,0.430452,-0.16493,0.251129,0.45692,-0.085586,0.231468,0.473093,-0.172386,0.256497,0.470703,-0.103362,0.237398,0.490275,-0.194428,0.253567,0.465008,-0.117525,0.239517,0.485731,-0.195225,0.250634,0.461752,-0.095517,0.237356,0.480841,-0.169202,0.20431,0.536785,0.064215,0.192525,0.543088,-0.064276,0.167472,0.666521,0.077729,0.234692,0.654266,-0.085961,0.116863,0.759577,0.09926,0.261647,0.78252,-0.080997,0.101347,0.769696,0.09886,0.258814,0.811266,-0.082765,0.135999,0.795181,0.063656,0.294981,0.780198,-0.141368
HA_Lat_11_6.13.26,218,435.77,527.39,0,437.37,525.07,0.986,435.77,527.39,0.8925,0.202415,0.316978,-0.039456,0.19859,0.306904,-0.029432,0.198163,0.306498,-0.029586,0.197831,0.306137,-0.029558,0.196583,0.307462,-0.050938,0.19474,0.307432,-0.051127,0.192681,0.307426,-0.051196,0.189508,0.309155,0.024984,0.183223,0.311414,-0.074814,0.200539,0.329315,-0.01509,0.197936,0.329536,-0.04428,0.203283,0.373842,0.094396,0.16876,0.370859,-0.122966,0.22932,0.429188,0.073817,0.19588,0.436209,-0.162806,0.249302,0.45876,-0.050055,0.226963,0.488324,-0.174533,0.256279,0.469122,-0.064961,0.231141,0.507282,-0.19783,0.254844,0.467317,-0.085544,0.232716,0.501634,-0.197447,0.252596,0.46103,-0.06201,0.231347,0.496869,-0.172772,0.203776,0.536705,0.064347,0.192819,0.542592,-0.064408,0.16704,0.665904,0.077351,0.234808,0.65425,-0.078388,0.116861,0.759566,0.10295,0.261602,0.782523,-0.070417,0.101371,0.769656,0.102976,0.258811,0.811247,-0.071989,0.136007,0.795293,0.069011,0.294549,0.779815,-0.128754
HA_Lat_11_6.13.26,219,425.96,540.48,0,425.43,536.15,0.9923,425.96,540.48,0.9027,0.20261,0.31595,-0.038841,0.198745,0.30569,-0.028767,0.198396,0.305236,-0.028926,0.198151,0.304834,-0.028902,0.196726,0.306263,-0.050123,0.195002,0.306239,-0.050312,0.192971,0.306256,-0.050382,0.190088,0.3078,0.025705,0.184175,0.310222,-0.075529,0.201117,0.328408,-0.014587,0.198654,0.32846,-0.043605,0.20385,0.37284,0.099662,0.169763,0.369568,-0.123283,0.229017,0.431075,0.094027,0.193013,0.438621,-0.16387,0.25091,0.452889,-0.014815,0.221854,0.500446,-0.19159,0.258009,0.466628,-0.027061,0.224149,0.519799,-0.217305,0.256742,0.461889,-0.046927,0.226387,0.515322,-0.218804,0.254082,0.455898,-0.026563,0.225836,0.509531,-0.191767,0.203821,0.536509,0.065257,0.194783,0.542177,-0.06532,0.166662,0.665052,0.076508,0.234909,0.654248,-0.077249,0.116873,0.759519,0.098432,0.261655,0.782566,-0.065039,0.101458,0.769606,0.097702,0.2588,0.811273,-0.066371,0.136029,0.796041,0.061325,0.29462,0.779842,-0.124877
HA_Lat_11_6.13.26,220,421.24,552.82,0,413.13,544.58,0.9934,421.24,552.82,0.9102,0.20602,0.314886,-0.03811,0.202612,0.304407,-0.028022,0.202486,0.303879,-0.028179,0.202441,0.303384,-0.028155,0.200386,0.305147,-0.049711,0.198653,0.305194,-0.049908,0.196711,0.305256,-0.049984,0.194902,0.306663,0.026481,0.187955,0.309572,-0.074716,0.20491,0.327346,-0.014009,0.202511,0.327507,-0.043189,0.205653,0.371553,0.104891,0.172461,0.368344,-0.123091,0.228857,0.436379,0.092787,0.190274,0.444985,-0.166483,0.234353,0.44193,-0.021258,0.219395,0.511866,-0.191427,0.226676,0.432696,-0.035,0.220388,0.53034,-0.216659,0.225346,0.423319,-0.048286,0.224143,0.525549,-0.216779,0.225508,0.424642,-0.030446,0.224081,0.519643,-0.191255,0.203839,0.536511,0.065986,0.195692,0.541117,-0.066064,0.166652,0.664222,0.074067,0.235001,0.654248,-0.067074,0.1171,0.759457,0.097376,0.261571,0.782566,-0.060101,0.101574,0.76927,0.097059,0.258789,0.811272,-0.062072,0.136035,0.796445,0.058256,0.29474,0.779402,-0.125741
HA_Lat_11_6.13.26,221,393.33,560.03,0,393.33,560.03,0.9942,409.3,562.21,0.918,0.211917,0.312891,-0.039041,0.208331,0.302202,-0.029461,0.208046,0.301668,-0.029609,0.207834,0.301188,-0.029584,0.206468,0.302884,-0.052048,0.204843,0.302897,-0.052261,0.203091,0.30293,-0.052344,0.200012,0.30502,0.023351,0.194075,0.307785,-0.080929,0.2104,0.325351,-0.015304,0.208468,0.325487,-0.045748,0.20909,0.370597,0.103561,0.176891,0.365788,-0.125178,0.227806,0.442699,0.118436,0.188092,0.447546,-0.172085,0.240359,0.456326,0.049214,0.213177,0.520567,-0.206039,0.234287,0.461647,0.043972,0.214128,0.543159,-0.23037,0.225598,0.458373,0.023092,0.21886,0.539919,-0.232547,0.229534,0.454533,0.038095,0.218079,0.531442,-0.207034,0.204354,0.537521,0.066188,0.198374,0.541177,-0.066269,0.166764,0.663354,0.068043,0.235057,0.654015,-0.071713,0.117932,0.759241,0.075,0.261602,0.782578,-0.060765,0.102381,0.769175,0.072521,0.258776,0.811212,-0.062277,0.135934,0.797011,0.032513,0.294895,0.779564,-0.121766
HA_Lat_11_6.13.26,222,386.0,567.0,0,380.06,567.78,0.9933,392.62,567.07,0.9221,0.218567,0.311347,-0.050517,0.215194,0.300789,-0.039975,0.215181,0.300168,-0.040102,0.215243,0.299549,-0.040048,0.212759,0.301552,-0.062642,0.210808,0.301631,-0.06288,0.208825,0.301673,-0.062982,0.208031,0.304233,0.019418,0.199699,0.306452,-0.083827,0.217471,0.323962,-0.023947,0.21476,0.324241,-0.054649,0.213904,0.370203,0.10269,0.182721,0.36147,-0.125927,0.227098,0.445608,0.104201,0.186662,0.449105,-0.176766,0.234309,0.455486,0.00575,0.20449,0.525062,-0.207058,0.23188,0.460034,-0.005418,0.204438,0.549404,-0.231658,0.228905,0.451568,-0.020954,0.210761,0.546743,-0.232856,0.229982,0.44877,-0.004033,0.210593,0.537206,-0.20759,0.205483,0.539305,0.066995,0.201778,0.541658,-0.06708,0.166959,0.662761,0.070037,0.23572,0.654016,-0.070773,0.118561,0.75891,0.089272,0.261566,0.782666,-0.060964,0.102942,0.768674,0.088441,0.258748,0.811235,-0.062594,0.135874,0.797307,0.048773,0.295172,0.778862,-0.126163
HA_Lat_11_6.13.26,223,364.18,571.45,0,364.18,571.45,0.9935,374.93,576.16,0.9274,0.224426,0.308042,-0.061142,0.219903,0.298118,-0.050599,0.219487,0.297458,-0.050732,0.219147,0.296844,-0.050689,0.21823,0.299009,-0.074638,0.216509,0.299092,-0.074885,0.214697,0.299163,-0.075004,0.211236,0.302054,0.009305,0.205733,0.304689,-0.100284,0.222579,0.321163,-0.034512,0.220545,0.321651,-0.067246,0.216888,0.369082,0.094903,0.188594,0.361105,-0.137238,0.228397,0.447192,0.1225,0.185427,0.451572,-0.198455,0.234372,0.450338,0.073103,0.195278,0.533478,-0.244232,0.232363,0.459675,0.069955,0.19162,0.557757,-0.270634,0.22977,0.421938,0.054147,0.198097,0.555114,-0.272593,0.230372,0.424344,0.064806,0.199033,0.54741,-0.245576,0.208342,0.539361,0.068348,0.203703,0.541485,-0.068411,0.167709,0.66221,0.071462,0.236421,0.652551,-0.081154,0.119561,0.757837,0.095208,0.26159,0.783304,-0.095563,0.103375,0.767779,0.095193,0.258697,0.812371,-0.099732,0.136222,0.797582,0.055192,0.295227,0.778815,-0.173478
HA_Lat_11_6.13.26,224,349.17,577.06,0,349.17,577.06,0.9938,355.49,577.14,0.9344,0.231503,0.307281,-0.058656,0.227287,0.297651,-0.04757,0.226987,0.296991,-0.047696,0.226764,0.296355,-0.047637,0.225334,0.298513,-0.07037,0.22344,0.298617,-0.070599,0.221494,0.298714,-0.070693,0.218751,0.301491,0.012939,0.212167,0.30418,-0.092073,0.229777,0.320141,-0.031941,0.227351,0.320891,-0.062868,0.22451,0.369365,0.094425,0.192506,0.361192,-0.129612,0.227732,0.456802,0.12217,0.180954,0.452012,-0.172077,0.235332,0.50127,0.046816,0.185152,0.534386,-0.22401,0.236394,0.516804,0.046863,0.178927,0.558018,-0.250533,0.235494,0.506457,0.02969,0.184583,0.557841,-0.264597,0.23462,0.500397,0.051235,0.188225,0.550507,-0.233111,0.210734,0.538833,0.067525,0.204288,0.539535,-0.067591,0.171013,0.661641,0.058303,0.238857,0.651573,-0.082909,0.120144,0.757349,0.071789,0.261616,0.784032,-0.09063,0.10398,0.767176,0.069715,0.258702,0.812531,-0.094867,0.136159,0.797775,0.021832,0.295332,0.779784,-0.168347
HA_Lat_11_6.13.26,225,329.78,580.26,0,329.78,580.26,0.994,334.43,580.82,0.9407,0.237987,0.308192,-0.070665,0.234705,0.298432,-0.060129,0.234304,0.297828,-0.060245,0.233984,0.297238,-0.060182,0.232789,0.299236,-0.08233,0.230746,0.299347,-0.082571,0.228596,0.29942,-0.082668,0.225098,0.302062,0.001612,0.218309,0.304495,-0.098544,0.235591,0.32101,-0.043453,0.233464,0.321719,-0.073362,0.228358,0.369525,0.078901,0.197413,0.360992,-0.131483,0.228583,0.458564,0.026961,0.179039,0.452468,-0.173268,0.23732,0.45709,-0.132806,0.174181,0.537795,-0.215103,0.23602,0.438843,-0.156191,0.165376,0.556729,-0.240002,0.235959,0.425943,-0.167271,0.168413,0.558465,-0.246971,0.235817,0.429443,-0.141824,0.172251,0.552895,-0.219346,0.210599,0.537622,0.067534,0.203912,0.535997,-0.067604,0.173554,0.66176,0.058304,0.242622,0.650493,-0.079319,0.12065,0.756222,0.076255,0.261654,0.784106,-0.08084,0.104116,0.764919,0.074568,0.258709,0.812553,-0.084486,0.136162,0.797774,0.026497,0.29554,0.77984,-0.161558
HA_Lat_11_6.13.26,226,306.66,575.16,0,306.66,575.16,0.9922,315.26,580.18,0.946,0.244025,0.3115,-0.084886,0.241287,0.300987,-0.074071,0.240918,0.30033,-0.074194,0.240623,0.299711,-0.074135,0.239423,0.301616,-0.095456,0.237648,0.301558,-0.095683,0.235734,0.301428,-0.095774,0.230804,0.303554,-0.010357,0.224982,0.305487,-0.106067,0.241332,0.323783,-0.057177,0.239178,0.324185,-0.085924,0.233619,0.371889,0.061682,0.201121,0.361907,-0.13151,0.230442,0.464084,-0.010355,0.178316,0.451536,-0.170161,0.23965,0.456778,-0.189371,0.164198,0.537205,-0.202775,0.238641,0.425722,-0.216876,0.154216,0.553405,-0.223038,0.238288,0.41301,-0.226738,0.154912,0.556086,-0.245087,0.23803,0.41743,-0.199125,0.159973,0.552534,-0.211332,0.211521,0.537628,0.065494,0.20336,0.536207,-0.065597,0.175813,0.662017,0.056,0.246256,0.647794,-0.073992,0.121336,0.754463,0.074101,0.261791,0.783784,-0.070072,0.104819,0.7619,0.072245,0.258708,0.812549,-0.073115,0.136652,0.797773,0.020999,0.295607,0.779948,-0.147344
HA_Lat_11_6.13.26,227,291.97,573.81,0,291.97,573.81,0.9931,294.07,576.26,0.9511,0.249549,0.313334,-0.086439,0.246575,0.302451,-0.075601,0.246558,0.30167,-0.075729,0.246647,0.300921,-0.075668,0.244057,0.303232,-0.097175,0.241982,0.303215,-0.097404,0.239947,0.303129,-0.097507,0.237,0.305633,-0.013551,0.229925,0.3073,-0.11022,0.247973,0.325425,-0.059486,0.24486,0.3259,-0.08855,0.239624,0.375235,0.062403,0.205815,0.362302,-0.134347,0.2304,0.470007,0.017016,0.174722,0.449827,-0.167505,0.225701,0.505562,-0.055315,0.15316,0.533577,-0.190186,0.225569,0.520995,-0.065006,0.141648,0.547985,-0.211206,0.226909,0.514999,-0.087274,0.142909,0.55126,-0.230073,0.227223,0.509241,-0.067079,0.147954,0.54827,-0.197296,0.213184,0.539099,0.065189,0.203049,0.536371,-0.065282,0.178452,0.664312,0.071107,0.250534,0.645258,-0.07659,0.122128,0.753739,0.10668,0.261935,0.783698,-0.063174,0.105864,0.760219,0.106523,0.258748,0.812511,-0.064224,0.1372,0.798312,0.060719,0.295806,0.780026,-0.128412
HA_Lat_11_6.13.26,228,273.15,567.8,0,273.15,567.8,0.9925,276.2,564.86,0.9559,0.256452,0.319891,-0.088305,0.253707,0.308954,-0.076965,0.253782,0.308143,-0.077095,0.253921,0.307297,-0.077023,0.251005,0.309361,-0.098736,0.248951,0.309123,-0.098968,0.246776,0.308845,-0.099076,0.244444,0.311457,-0.013246,0.236422,0.312521,-0.110602,0.254691,0.331336,-0.060736,0.251508,0.331666,-0.089977,0.244169,0.3813,0.064613,0.21177,0.362623,-0.135295,0.228445,0.473756,0.036904,0.173768,0.44733,-0.168626,0.213861,0.515721,-0.033124,0.143853,0.523018,-0.192243,0.210952,0.537526,-0.043122,0.131175,0.535992,-0.214426,0.212971,0.532823,-0.064434,0.132547,0.539782,-0.23117,0.21423,0.526065,-0.044616,0.137613,0.537552,-0.199532,0.212656,0.541351,0.066041,0.202934,0.536856,-0.066124,0.18124,0.668334,0.07163,0.254608,0.64278,-0.079064,0.123202,0.753684,0.106098,0.262148,0.783708,-0.068759,0.106997,0.759593,0.105848,0.258841,0.812507,-0.070355,0.137453,0.798803,0.061616,0.296164,0.780123,-0.134087
HA_Lat_11_6.13.26,229,255.57,550.32,0,255.57,550.32,0.9926,265.78,555.44,0.9603,0.263725,0.329597,-0.098548,0.260617,0.319308,-0.087636,0.260381,0.318502,-0.087765,0.26015,0.317618,-0.087683,0.258716,0.319259,-0.109845,0.256922,0.318709,-0.110074,0.255052,0.318172,-0.110168,0.250464,0.320936,-0.024768,0.244364,0.321651,-0.123539,0.261671,0.340528,-0.071126,0.25941,0.340122,-0.100775,0.249093,0.389183,0.058588,0.218646,0.364434,-0.147577,0.228865,0.476321,0.047818,0.173048,0.44599,-0.17979,0.215436,0.525259,-0.023374,0.13843,0.514292,-0.212861,0.210901,0.540862,-0.033139,0.124703,0.526518,-0.238009,0.212745,0.537384,-0.055128,0.127452,0.530733,-0.250236,0.214257,0.531228,-0.035059,0.133768,0.52927,-0.218367,0.212479,0.54371,0.068049,0.20224,0.53762,-0.068131,0.185125,0.670451,0.057878,0.256949,0.641341,-0.086905,0.123338,0.753716,0.065445,0.2626,0.783557,-0.071594,0.106944,0.759522,0.062261,0.258859,0.812387,-0.072822,0.137446,0.798818,0.016563,0.296494,0.780361,-0.131648
HA_Lat_11_6.13.26,230,247.81,529.93,0,247.81,529.93,0.9913,245.53,551.81,0.9642,0.27022,0.340517,-0.095999,0.267429,0.330461,-0.085531,0.26714,0.32986,-0.08566,0.266843,0.329197,-0.085575,0.265751,0.330044,-0.10696,0.264134,0.32925,-0.107181,0.26241,0.328412,-0.107276,0.258001,0.331015,-0.02472,0.251929,0.331011,-0.120034,0.26752,0.351128,-0.069276,0.265785,0.349983,-0.097909,0.253117,0.392618,0.056234,0.225811,0.370287,-0.145621,0.227013,0.471718,0.053917,0.172022,0.445899,-0.18483,0.213986,0.52917,-0.013549,0.127878,0.510938,-0.226869,0.209558,0.535899,-0.02178,0.113782,0.522333,-0.253276,0.210731,0.534987,-0.043627,0.116572,0.525367,-0.26364,0.212509,0.534717,-0.02491,0.122308,0.521568,-0.231926,0.212452,0.548362,0.069215,0.201398,0.540689,-0.069294,0.184735,0.675586,0.060818,0.259861,0.640141,-0.095062,0.123157,0.753931,0.076445,0.263478,0.783556,-0.079752,0.106818,0.759729,0.074332,0.259013,0.812384,-0.080189,0.137368,0.799127,0.031335,0.297343,0.781035,-0.135029
HA_Lat_11_6.13.26,231,241.09,506.31,0,241.09,506.31,0.9875,239.59,526.8,0.9678,0.276767,0.34519,-0.090969,0.273266,0.335049,-0.080414,0.272724,0.334949,-0.080548,0.272114,0.33476,-0.080461,0.271894,0.334315,-0.102232,0.270275,0.333748,-0.102452,0.268705,0.333232,-0.102546,0.264537,0.337791,-0.021222,0.259637,0.33766,-0.11835,0.273623,0.356185,-0.065114,0.272098,0.355023,-0.094312,0.25765,0.399358,0.055625,0.230375,0.381947,-0.143987,0.227568,0.471526,0.056836,0.173294,0.43927,-0.183633,0.213789,0.533416,-0.005977,0.124787,0.487776,-0.221869,0.207939,0.544501,-0.013463,0.10946,0.492167,-0.248296,0.209948,0.537492,-0.036238,0.109968,0.49825,-0.257694,0.212343,0.538853,-0.017575,0.116857,0.498912,-0.226601,0.212208,0.553801,0.071212,0.20125,0.546836,-0.071264,0.184556,0.681302,0.081213,0.261067,0.639267,-0.099951,0.12301,0.754475,0.11256,0.264867,0.783761,-0.080989,0.106742,0.759775,0.111854,0.259457,0.812105,-0.080623,0.137253,0.799303,0.072279,0.298722,0.782647,-0.134834
HA_Lat_11_6.13.26,232,238.63,483.46,0,238.63,483.46,0.985,241.02,491.39,0.9709,0.281892,0.354212,-0.102555,0.278553,0.344291,-0.090936,0.278136,0.344128,-0.091068,0.277769,0.344047,-0.090968,0.276709,0.343955,-0.113404,0.275019,0.343636,-0.113616,0.273256,0.343307,-0.113704,0.270548,0.347891,-0.028128,0.26448,0.349023,-0.128138,0.279083,0.365358,-0.075647,0.277182,0.364971,-0.10567,0.26248,0.4082,0.053086,0.23572,0.395342,-0.150044,0.235464,0.480143,0.064658,0.175626,0.429865,-0.189273,0.219386,0.535174,0.007629,0.12553,0.454995,-0.234509,0.214032,0.547378,0.001284,0.110823,0.45558,-0.262687,0.215178,0.544845,-0.023792,0.110703,0.462897,-0.272051,0.217414,0.541471,-0.004763,0.116895,0.465295,-0.239674,0.212087,0.558702,0.072836,0.20122,0.555104,-0.072882,0.183731,0.68597,0.079996,0.262952,0.63885,-0.098194,0.122203,0.756144,0.110694,0.265956,0.784235,-0.079063,0.10612,0.76185,0.108002,0.259566,0.812102,-0.078679,0.137337,0.799187,0.060974,0.299475,0.785271,-0.13055
HA_Lat_11_6.13.26,233,241.16,454.97,0,241.16,454.97,0.9945,238.54,463.34,0.9738,0.288642,0.36977,-0.137388,0.286133,0.358593,-0.125999,0.285762,0.358247,-0.126166,0.285402,0.357913,-0.126085,0.284364,0.358492,-0.146859,0.282703,0.358163,-0.147075,0.280992,0.357814,-0.147166,0.276667,0.361025,-0.062434,0.270893,0.362397,-0.156236,0.285446,0.380921,-0.110399,0.283706,0.38065,-0.138545,0.269087,0.420973,0.021091,0.236849,0.404912,-0.162813,0.26177,0.484311,0.090845,0.176885,0.421821,-0.211778,0.25695,0.526372,0.109423,0.12424,0.429021,-0.277021,0.254821,0.534282,0.11746,0.109895,0.42541,-0.303361,0.256407,0.530552,0.09041,0.109294,0.429752,-0.313844,0.258274,0.529365,0.098483,0.115216,0.433999,-0.283725,0.212289,0.562856,0.072805,0.20135,0.560552,-0.072859,0.182814,0.689344,0.08528,0.267186,0.63949,-0.101426,0.120434,0.758115,0.109389,0.26698,0.784742,-0.087713,0.104628,0.764658,0.106745,0.25957,0.812107,-0.087837,0.13698,0.798992,0.05677,0.300633,0.789289,-0.13293
HA_Lat_11_6.13.26,234,254.0,433.0,0,263.56,423.37,0.9946,250.2,436.42,0.9764,0.294441,0.379538,-0.13942,0.291768,0.368477,-0.126192,0.291171,0.368036,-0.126375,0.290553,0.367635,-0.12633,0.290579,0.368729,-0.147989,0.289166,0.368495,-0.148196,0.287751,0.368233,-0.148295,0.281944,0.370812,-0.059572,0.277863,0.372293,-0.158491,0.291097,0.391549,-0.111794,0.289783,0.391151,-0.141346,0.275016,0.432199,0.030234,0.241872,0.411514,-0.169571,0.279998,0.492002,0.193682,0.177662,0.412804,-0.244933,0.284127,0.520902,0.322416,0.130313,0.404092,-0.324362,0.285641,0.525705,0.351962,0.115955,0.399637,-0.350123,0.286342,0.520857,0.322119,0.114718,0.406332,-0.357543,0.287343,0.521941,0.313708,0.120454,0.410512,-0.330362,0.212781,0.567441,0.074805,0.203416,0.565217,-0.074897,0.182087,0.690614,0.084976,0.271856,0.639927,-0.104562,0.118579,0.760308,0.104414,0.268142,0.785351,-0.087155,0.102913,0.767833,0.100148,0.260031,0.812247,-0.087807,0.137103,0.799005,0.050803,0.300567,0.793835,-0.130361
HA_Lat_11_6.13.26,235,266.0,412.0,0,273.41,406.95,0.9943,264.22,412.57,0.9772,0.299565,0.390451,-0.114563,0.297855,0.379053,-0.101782,0.297545,0.378825,-0.101948,0.297302,0.378597,-0.101895,0.295818,0.378034,-0.123379,0.293969,0.377046,-0.12359,0.292035,0.375934,-0.123688,0.289303,0.379553,-0.037562,0.281733,0.378448,-0.136493,0.295305,0.40152,-0.08733,0.293498,0.400282,-0.116502,0.278874,0.438213,0.045346,0.246033,0.41398,-0.160393,0.284131,0.500639,0.195846,0.183422,0.400362,-0.219439,0.281601,0.50992,0.277295,0.137612,0.382005,-0.282948,0.278706,0.518472,0.297148,0.124927,0.373315,-0.306689,0.277122,0.509462,0.274482,0.1228,0.377738,-0.313528,0.279316,0.509592,0.270089,0.127307,0.382692,-0.28818,0.212987,0.569834,0.074416,0.205638,0.566567,-0.074519,0.18189,0.69104,0.080694,0.275984,0.641077,-0.098349,0.117391,0.76146,0.083814,0.269333,0.787107,-0.065481,0.102217,0.769469,0.079662,0.260101,0.812156,-0.063739,0.137081,0.799049,0.029135,0.301823,0.800928,-0.103737
HA_Lat_11_6.13.26,236,280.0,391.0,0,289.62,385.52,0.9944,278.54,395.77,0.9789,0.304886,0.394129,-0.103757,0.302807,0.383327,-0.091734,0.302468,0.382989,-0.091887,0.302356,0.382252,-0.091829,0.300847,0.382433,-0.113517,0.299013,0.381421,-0.11373,0.29711,0.380287,-0.113822,0.293922,0.383568,-0.030092,0.286979,0.382436,-0.129045,0.300434,0.404519,-0.076917,0.298463,0.403792,-0.106304,0.281225,0.439911,0.049316,0.250221,0.415354,-0.142379,0.287289,0.494242,0.237946,0.194008,0.390032,-0.212472,0.287575,0.508509,0.375947,0.145074,0.366456,-0.260788,0.287365,0.514799,0.408545,0.132196,0.357614,-0.283387,0.285267,0.51222,0.381317,0.130354,0.361522,-0.289239,0.287681,0.514474,0.368682,0.134826,0.367999,-0.265157,0.214687,0.571035,0.07514,0.209213,0.56684,-0.075241,0.18157,0.690295,0.079362,0.279005,0.641716,-0.104312,0.116862,0.761674,0.082362,0.270034,0.787976,-0.07564,0.101604,0.769871,0.07902,0.260707,0.812154,-0.072498,0.136746,0.798929,0.030219,0.302395,0.804288,-0.11619
HA_Lat_11_6.13.26,237,298.0,378.0,0,305.63,375.05,0.9929,290.0,379.9,0.9806,0.312151,0.397849,-0.098454,0.309878,0.38579,-0.086675,0.30921,0.385366,-0.086825,0.308592,0.384706,-0.086768,0.308407,0.385072,-0.108544,0.306639,0.384254,-0.108758,0.30466,0.383253,-0.108851,0.298723,0.385918,-0.025129,0.293302,0.384929,-0.124437,0.307278,0.409398,-0.071903,0.305848,0.408657,-0.101265,0.287596,0.443656,0.052564,0.255776,0.416602,-0.136628,0.300407,0.49394,0.167158,0.201762,0.381088,-0.205918,0.303377,0.517544,0.213574,0.15104,0.351756,-0.261725,0.304393,0.522135,0.22839,0.139523,0.346007,-0.283854,0.305214,0.518897,0.203733,0.138524,0.349337,-0.291806,0.306631,0.520323,0.204095,0.14276,0.354294,-0.267669,0.219729,0.572749,0.074687,0.213619,0.567775,-0.074784,0.181449,0.688845,0.078478,0.283769,0.642453,-0.103484,0.116952,0.761624,0.076439,0.271218,0.789225,-0.079878,0.101631,0.76936,0.072374,0.261272,0.812438,-0.077311,0.136503,0.79895,0.020657,0.303304,0.808395,-0.120666
HA_Lat_11_6.13.26,238,320.19,369.58,0,320.19,369.58,0.9917,291.38,368.39,0.9746,0.317924,0.399437,-0.100732,0.316076,0.387282,-0.088186,0.315696,0.386799,-0.088354,0.315397,0.386204,-0.088297,0.314322,0.386916,-0.108623,0.312518,0.386232,-0.108846,0.310441,0.385278,-0.108954,0.306078,0.38774,-0.024167,0.298902,0.387187,-0.123621,0.313819,0.411115,-0.073558,0.311861,0.410615,-0.101221,0.29976,0.45243,0.051405,0.262187,0.415426,-0.119333,0.313107,0.51958,0.16515,0.209548,0.371548,-0.174136,0.293656,0.519763,0.229095,0.15176,0.341103,-0.236757,0.287656,0.524143,0.245857,0.143771,0.335514,-0.255864,0.288448,0.518568,0.224285,0.143497,0.338193,-0.264182,0.29189,0.520798,0.222114,0.147426,0.342808,-0.244094,0.226882,0.573722,0.072619,0.217395,0.566215,-0.0727,0.182716,0.68755,0.073256,0.287038,0.644141,-0.104116,0.119093,0.760684,0.067122,0.271682,0.790802,-0.090833,0.103966,0.766558,0.062676,0.261652,0.812957,-0.0902,0.136547,0.79935,0.005712,0.303411,0.811124,-0.138691
HA_Lat_11_6.13.26,239,345.44,358.43,0,345.44,358.43,0.9835,316.16,363.69,0.9753,0.324507,0.395723,-0.122391,0.322009,0.384425,-0.110368,0.321809,0.384324,-0.110549,0.321746,0.384125,-0.11049,0.319905,0.383148,-0.127044,0.317909,0.382236,-0.127288,0.315394,0.381198,-0.127426,0.312939,0.385965,-0.044947,0.303556,0.383033,-0.123284,0.319857,0.407569,-0.094917,0.31717,0.405717,-0.117498,0.310021,0.455988,0.029416,0.268434,0.413571,-0.117772,0.312861,0.52171,0.160332,0.219387,0.367487,-0.144116,0.293338,0.532268,0.157751,0.164669,0.336748,-0.181338,0.287929,0.534539,0.167853,0.150979,0.328302,-0.197581,0.289141,0.530525,0.14582,0.148294,0.331902,-0.208832,0.292222,0.531383,0.149521,0.153436,0.337607,-0.18811,0.235476,0.573443,0.069029,0.22332,0.564396,-0.069075,0.188244,0.686622,0.058479,0.288976,0.645083,-0.114934,0.12377,0.758402,0.053299,0.272307,0.791687,-0.095216,0.108433,0.757083,0.048612,0.261872,0.812948,-0.094348,0.133611,0.800192,-0.014631,0.304456,0.814805,-0.148201
HA_Lat_11_6.13.26,240,354.19,355.81,0,354.19,355.81,0.9798,331.71,360.94,0.9775,0.327557,0.397022,-0.119306,0.326568,0.384985,-0.106211,0.326661,0.384676,-0.106379,0.326873,0.384291,-0.106295,0.323682,0.383355,-0.124791,0.32162,0.382279,-0.125045,0.319282,0.381089,-0.125187,0.31818,0.385285,-0.03674,0.308121,0.381731,-0.12119,0.32318,0.407832,-0.089913,0.319986,0.406211,-0.114982,0.315259,0.450519,0.040129,0.274425,0.411108,-0.117237,0.29692,0.509006,0.127839,0.22761,0.36432,-0.148681,0.281963,0.531727,0.104883,0.172767,0.334202,-0.194926,0.278015,0.536074,0.108217,0.158473,0.326343,-0.21652,0.279107,0.534546,0.078375,0.155307,0.330405,-0.226019,0.281443,0.533465,0.092375,0.160349,0.335855,-0.20085,0.240998,0.571719,0.068813,0.228755,0.563452,-0.068854,0.1951,0.685968,0.061665,0.29097,0.645518,-0.142079,0.131141,0.754168,0.062399,0.272662,0.792169,-0.112382,0.11728,0.743048,0.059092,0.262317,0.812856,-0.110587,0.128699,0.800174,0.008308,0.304772,0.816194,-0.168761
HA_Lat_11_6.13.26,241,359.44,360.82,0,359.44,360.82,0.9911,345.25,364.49,0.9794,0.333696,0.39458,-0.110822,0.332458,0.382761,-0.099431,0.332193,0.382142,-0.099592,0.332024,0.381502,-0.099539,0.330516,0.381774,-0.118267,0.328577,0.38053,-0.118501,0.326537,0.379199,-0.118623,0.323436,0.382559,-0.032364,0.315634,0.379319,-0.119873,0.328632,0.404785,-0.083121,0.3262,0.40383,-0.108982,0.31613,0.443678,0.04558,0.281113,0.409769,-0.120852,0.303383,0.501429,0.119711,0.232494,0.3634,-0.154439,0.293406,0.532857,0.087444,0.179818,0.337491,-0.213945,0.290004,0.540638,0.090867,0.165401,0.327188,-0.238352,0.291809,0.540264,0.059791,0.162729,0.331579,-0.249673,0.294007,0.537946,0.073546,0.167854,0.338138,-0.221838,0.247024,0.569944,0.069091,0.235477,0.562662,-0.069131,0.20419,0.685422,0.07451,0.295823,0.648682,-0.152149,0.138431,0.74638,0.103814,0.273008,0.793071,-0.135563,0.127258,0.730277,0.10291,0.262441,0.813476,-0.134961,0.125631,0.799427,0.048366,0.304724,0.818611,-0.191167
HA_Lat_11_6.13.26,242,367.78,370.22,0,367.78,370.22,0.9927,358.22,369.22,0.978,0.339363,0.390972,-0.084872,0.337636,0.379339,-0.071803,0.337032,0.378651,-0.071953,0.33654,0.377964,-0.071901,0.336434,0.378848,-0.095188,0.3348,0.37791,-0.095437,0.332939,0.376894,-0.095566,0.327248,0.378474,-0.007925,0.322425,0.376669,-0.114229,0.334208,0.401224,-0.058655,0.332533,0.400569,-0.09066,0.319816,0.437289,0.065553,0.289535,0.408676,-0.122023,0.334811,0.404761,0.210873,0.239188,0.365634,-0.210005,0.340847,0.402423,0.310196,0.186575,0.341869,-0.290537,0.341624,0.395802,0.334348,0.172393,0.330688,-0.314979,0.342867,0.393172,0.309402,0.169204,0.336203,-0.322354,0.344939,0.398209,0.301976,0.174155,0.342893,-0.296497,0.251006,0.56947,0.076165,0.242276,0.56025,-0.076266,0.21501,0.685239,0.07821,0.297393,0.651283,-0.1479,0.147825,0.737075,0.101106,0.274797,0.79366,-0.147344,0.137466,0.720185,0.099887,0.263057,0.814548,-0.147961,0.126419,0.793395,0.047858,0.306522,0.821602,-0.198599
HA_Lat_11_6.13.26,243,376.95,381.84,0,376.95,381.84,0.9827,367.51,379.45,0.9796,0.343184,0.388642,-0.121024,0.342192,0.376776,-0.108461,0.341887,0.376035,-0.108632,0.341722,0.375329,-0.108568,0.339979,0.376627,-0.131688,0.337805,0.375819,-0.131935,0.335477,0.374909,-0.132077,0.334136,0.375181,-0.039755,0.326317,0.374027,-0.146439,0.338728,0.398333,-0.092415,0.335894,0.398059,-0.124276,0.326923,0.435873,0.050369,0.295215,0.40734,-0.161997,0.341335,0.407345,0.223974,0.244948,0.368683,-0.270919,0.345348,0.402682,0.359864,0.191413,0.351344,-0.376711,0.348385,0.404665,0.390955,0.177186,0.340259,-0.405672,0.348968,0.401309,0.36337,0.17465,0.344642,-0.412191,0.350232,0.406365,0.352262,0.179764,0.352118,-0.382859,0.260639,0.568412,0.077576,0.249901,0.559995,-0.077712,0.227742,0.68621,0.097064,0.302626,0.655989,-0.133957,0.15913,0.722523,0.146375,0.275757,0.793744,-0.113217,0.148744,0.702871,0.148442,0.263787,0.814488,-0.107026,0.132333,0.776742,0.108008,0.306644,0.82437,-0.147292
HA_Lat_11_6.13.26,244,379.91,393.35,0,379.91,393.35,0.9944,377.35,391.95,0.9798,0.35189,0.384391,-0.157279,0.349223,0.372721,-0.145645,0.348906,0.37206,-0.145819,0.348652,0.371411,-0.145766,0.347026,0.372555,-0.168127,0.344948,0.371864,-0.16837,0.34278,0.371111,-0.168523,0.340026,0.372006,-0.07756,0.332687,0.371654,-0.180706,0.348847,0.394512,-0.128814,0.34642,0.394235,-0.159524,0.339821,0.430619,0.011792,0.301332,0.406336,-0.195086,0.35185,0.37049,0.185992,0.250484,0.373328,-0.300922,0.351643,0.379907,0.313017,0.196534,0.362916,-0.412299,0.351578,0.377588,0.340029,0.18144,0.356006,-0.445403,0.350845,0.377064,0.311755,0.179313,0.360529,-0.452964,0.352886,0.381729,0.3049,0.184842,0.366259,-0.419079,0.270314,0.567671,0.077292,0.255991,0.558117,-0.077418,0.239556,0.688763,0.111733,0.305693,0.658771,-0.135441,0.170735,0.708848,0.2008,0.275788,0.793511,-0.092368,0.161698,0.689438,0.207063,0.264281,0.812735,-0.084574,0.144527,0.757496,0.174954,0.306302,0.825387,-0.125817
HA_Lat_11_6.13.26,245,388.59,413.82,0,388.59,413.82,0.9909,387.02,402.91,0.9817,0.358135,0.381768,-0.180003,0.355958,0.370252,-0.165753,0.355824,0.369606,-0.165955,0.355761,0.368961,-0.165877,0.353436,0.370111,-0.188236,0.351169,0.369472,-0.188484,0.348792,0.368751,-0.188647,0.348454,0.369911,-0.086896,0.339448,0.369681,-0.189874,0.354855,0.392178,-0.147768,0.351559,0.391851,-0.178476,0.344228,0.428762,0.010252,0.309362,0.405466,-0.1978,0.345626,0.430866,0.190984,0.253133,0.377886,-0.293002,0.338319,0.482625,0.318526,0.20157,0.373061,-0.401025,0.336546,0.491792,0.348664,0.18602,0.367561,-0.434439,0.337164,0.493685,0.316373,0.184278,0.372201,-0.440335,0.338638,0.494728,0.309374,0.190111,0.377067,-0.407066,0.277468,0.566936,0.077256,0.262305,0.557897,-0.077389,0.250829,0.690462,0.12176,0.310372,0.662197,-0.14401,0.186143,0.698868,0.238885,0.276331,0.793322,-0.065169,0.177536,0.677915,0.247981,0.265014,0.810501,-0.055601,0.158959,0.745692,0.211114,0.306022,0.826225,-0.105956
HA_Lat_11_6.13.26,246,400.98,434.54,0,400.98,434.54,0.9942,397.81,418.67,0.9834,0.364518,0.37893,-0.199441,0.361933,0.367963,-0.183927,0.361909,0.367815,-0.184126,0.361966,0.36754,-0.184066,0.359467,0.3671,-0.207196,0.357365,0.366531,-0.20742,0.354808,0.365978,-0.207565,0.354878,0.369313,-0.100033,0.34439,0.369413,-0.206632,0.361309,0.390132,-0.165665,0.35815,0.389044,-0.197327,0.349924,0.427247,0.003595,0.315094,0.404815,-0.213994,0.345377,0.459232,0.193858,0.258925,0.381649,-0.312905,0.3388,0.514462,0.328971,0.20719,0.387661,-0.426076,0.337565,0.524313,0.359684,0.191472,0.384588,-0.46166,0.338523,0.526461,0.326437,0.191219,0.392521,-0.468696,0.339401,0.526548,0.319742,0.196556,0.397173,-0.43283,0.286697,0.566338,0.077111,0.268713,0.557695,-0.07726,0.265068,0.691268,0.119669,0.311786,0.664807,-0.139256,0.201921,0.690348,0.247942,0.277465,0.79327,-0.039821,0.192951,0.668782,0.258258,0.265649,0.808719,-0.029494,0.174854,0.734216,0.219912,0.305814,0.826756,-0.082195
HA_Lat_11_6.13.26,247,412.79,463.01,0,412.79,463.01,0.9945,409.7,453.08,0.985,0.369995,0.370508,-0.159982,0.366715,0.36001,-0.146119,0.366466,0.360543,-0.146295,0.366311,0.360899,-0.146232,0.364655,0.359198,-0.168901,0.362729,0.35966,-0.16913,0.360481,0.35987,-0.169255,0.358621,0.365562,-0.072495,0.349677,0.366414,-0.177182,0.367299,0.382617,-0.129893,0.36393,0.382721,-0.161,0.353504,0.426123,0.017392,0.322601,0.404584,-0.195962,0.34743,0.471131,0.198185,0.264886,0.396556,-0.273197,0.342975,0.513834,0.299618,0.213384,0.419516,-0.352454,0.341892,0.521778,0.325505,0.197643,0.418711,-0.381964,0.343446,0.52071,0.294085,0.199377,0.428424,-0.388323,0.344341,0.52092,0.289629,0.20508,0.431804,-0.357774,0.291073,0.565822,0.076677,0.275329,0.556556,-0.076806,0.281161,0.691417,0.088169,0.315827,0.670204,-0.137744,0.21796,0.682949,0.188926,0.277817,0.793199,-0.041428,0.209163,0.660691,0.195516,0.265779,0.808043,-0.033223,0.192011,0.724703,0.164184,0.302202,0.82869,-0.076389
HA_Lat_11_6.13.26,248,429.53,490.92,0,429.53,490.92,0.9956,430.51,487.24,0.9865,0.373878,0.364982,-0.094099,0.370458,0.355528,-0.080168,0.370194,0.356187,-0.080271,0.369989,0.356663,-0.080182,0.368884,0.354811,-0.105378,0.367279,0.35537,-0.105589,0.365376,0.355804,-0.10566,0.362703,0.3618,-0.01195,0.355967,0.36257,-0.125036,0.372185,0.377268,-0.066215,0.369274,0.377115,-0.099884,0.35622,0.425634,0.069082,0.328919,0.402676,-0.16231,0.331159,0.474792,0.140695,0.271085,0.416046,-0.198786,0.3203,0.520693,0.093745,0.224222,0.451153,-0.231161,0.308221,0.531879,0.092543,0.208739,0.45097,-0.258644,0.311084,0.521688,0.067054,0.209863,0.460526,-0.262902,0.313754,0.52739,0.08172,0.216599,0.464316,-0.233676,0.297859,0.565345,0.076475,0.283677,0.556041,-0.076577,0.30007,0.690927,0.052347,0.318163,0.671863,-0.130512,0.235079,0.678343,0.145927,0.278144,0.793358,-0.053947,0.227638,0.657416,0.156363,0.265737,0.807718,-0.048926,0.20765,0.722504,0.139304,0.302335,0.828174,-0.099382
HA_Lat_11_6.13.26,249,457.74,523.95,0,457.74,523.95,0.9947,453.21,521.26,0.9877,0.378776,0.361349,-0.091731,0.375283,0.351662,-0.079587,0.374802,0.352087,-0.079692,0.374348,0.352362,-0.079617,0.373786,0.3512,-0.104413,0.371972,0.351596,-0.104615,0.36993,0.352016,-0.104692,0.366912,0.357611,-0.017158,0.361021,0.358314,-0.127801,0.376473,0.373105,-0.066063,0.373624,0.373199,-0.099152,0.358811,0.422229,0.063055,0.335191,0.401171,-0.16515,0.325559,0.478343,0.099961,0.280132,0.433292,-0.205794,0.309314,0.527329,0.048377,0.236046,0.482644,-0.231047,0.298829,0.548664,0.046289,0.221149,0.487496,-0.257335,0.301155,0.547596,0.021292,0.223114,0.496297,-0.262511,0.304419,0.543284,0.036354,0.229243,0.497519,-0.233698,0.3072,0.564751,0.076429,0.292278,0.555564,-0.076546,0.3209,0.687241,0.052064,0.319699,0.676321,-0.110326,0.25281,0.678135,0.077756,0.278124,0.792755,-0.059771,0.242338,0.660577,0.077847,0.265687,0.806458,-0.055803,0.22927,0.72885,0.046909,0.302337,0.828312,-0.100452
HA_Lat_11_6.13.26,250,488.54,550.74,0,488.54,550.74,0.9925,486.29,553.58,0.9889,0.383839,0.356595,-0.077485,0.38041,0.345954,-0.065731,0.379996,0.346232,-0.065824,0.379647,0.346463,-0.065755,0.378829,0.345534,-0.08933,0.377061,0.34581,-0.089517,0.374981,0.346055,-0.089576,0.372781,0.351359,-0.007454,0.366464,0.351156,-0.113047,0.381177,0.367658,-0.053365,0.378294,0.367892,-0.084822,0.362525,0.4195,0.066244,0.340794,0.400086,-0.15629,0.326287,0.487665,0.09438,0.291158,0.450123,-0.185287,0.308488,0.539024,0.042086,0.253275,0.512571,-0.200348,0.298079,0.563677,0.038586,0.239208,0.517771,-0.225121,0.300367,0.563291,0.015507,0.240189,0.527021,-0.23061,0.303681,0.557003,0.030787,0.246657,0.526826,-0.202912,0.315195,0.564363,0.07559,0.298336,0.555427,-0.075665,0.33766,0.681834,0.035705,0.325143,0.676677,-0.099802,0.270284,0.679834,0.05612,0.279177,0.791761,-0.062383,0.257135,0.667315,0.05622,0.265647,0.805581,-0.059001,0.251759,0.734591,0.027032,0.304224,0.82764,-0.102709
HA_Lat_11_6.13.26,251,529.31,580.95,0,529.31,580.95,0.9939,527.8,586.16,0.9899,0.387826,0.351153,-0.082635,0.384017,0.340816,-0.077103,0.383398,0.340938,-0.077145,0.382805,0.341029,-0.07708,0.383027,0.340681,-0.104912,0.381588,0.34086,-0.105019,0.380049,0.340957,-0.104989,0.376037,0.346249,-0.031171,0.372212,0.345677,-0.144871,0.385115,0.36199,-0.067209,0.383569,0.361713,-0.103007,0.364451,0.414566,0.040959,0.343184,0.399472,-0.187871,0.327492,0.491947,0.061376,0.303081,0.469772,-0.204967,0.307562,0.543695,0.001838,0.274895,0.542745,-0.236075,0.29642,0.562752,-0.004358,0.263638,0.554205,-0.263961,0.297914,0.563296,-0.0279,0.266542,0.561121,-0.268211,0.299268,0.559512,-0.009623,0.271811,0.558153,-0.238465,0.324678,0.562912,0.075593,0.305863,0.555166,-0.075648,0.357704,0.675985,0.050941,0.327601,0.67836,-0.082248,0.287498,0.686295,0.136547,0.280912,0.791366,-0.038873,0.275241,0.672875,0.143016,0.265613,0.804045,-0.035203,0.271888,0.737891,0.123901,0.304622,0.827097,-0.08146
HA_Lat_11_6.13.26,252,579.33,606.23,0,579.33,606.23,0.9916,573.8,610.1,0.9909,0.39237,0.346681,-0.108366,0.389203,0.33644,-0.10114,0.388436,0.336303,-0.101231,0.387723,0.336159,-0.101182,0.388264,0.336352,-0.128119,0.386846,0.336208,-0.128249,0.38532,0.335881,-0.12826,0.379105,0.339241,-0.04933,0.376056,0.338262,-0.163536,0.388938,0.356897,-0.088613,0.387757,0.356791,-0.124023,0.367056,0.408121,0.027734,0.346694,0.399172,-0.200696,0.336407,0.488621,0.05939,0.318393,0.485288,-0.223398,0.316754,0.560092,0.007387,0.298855,0.564905,-0.244917,0.305198,0.569056,0.002351,0.289699,0.580761,-0.273288,0.311372,0.577471,-0.021073,0.294085,0.58499,-0.276412,0.314208,0.567334,-0.003844,0.298479,0.580395,-0.246649,0.338351,0.561878,0.075514,0.319672,0.555102,-0.075552,0.366736,0.66719,0.075214,0.3302,0.680802,-0.073288,0.303465,0.691783,0.194429,0.281053,0.791003,-0.028113,0.292643,0.679912,0.204189,0.265765,0.803676,-0.024625,0.296209,0.741015,0.187829,0.304525,0.827152,-0.074813
HA_Lat_11_6.13.26,253,633.38,627.52,0,633.38,627.52,0.9901,622.8,624.76,0.9906,0.395781,0.341628,-0.108558,0.39232,0.331326,-0.100938,0.391594,0.331259,-0.101036,0.390931,0.331129,-0.10099,0.391313,0.331164,-0.127658,0.3899,0.331104,-0.127784,0.388396,0.330899,-0.12779,0.381145,0.333637,-0.047306,0.378207,0.333259,-0.157477,0.392256,0.353578,-0.087744,0.390811,0.353462,-0.123178,0.370841,0.403774,0.032243,0.351647,0.396928,-0.190226,0.352777,0.487925,0.073446,0.333028,0.496129,-0.216544,0.355566,0.548746,0.025068,0.324374,0.578483,-0.222143,0.353756,0.560714,0.020619,0.319332,0.602584,-0.24809,0.357171,0.559853,-0.000741,0.326658,0.603147,-0.250804,0.357635,0.55375,0.014752,0.329114,0.595898,-0.223379,0.34366,0.561998,0.074907,0.32312,0.557002,-0.074919,0.387735,0.651057,0.094751,0.33032,0.685136,-0.065054,0.329387,0.693592,0.190958,0.281086,0.790545,0.001586,0.317067,0.700607,0.197669,0.265912,0.802797,0.007101,0.331853,0.748529,0.165001,0.304914,0.827915,-0.050782
HA_Lat_11_6.13.26,254,694.29,622.32,0,694.29,622.32,0.9924,686.47,621.48,0.9897,0.39919,0.338464,-0.127462,0.395981,0.328023,-0.119597,0.395155,0.327841,-0.119738,0.39431,0.327539,-0.119689,0.395207,0.327943,-0.14506,0.393885,0.327817,-0.145223,0.39246,0.32752,-0.145272,0.384229,0.329347,-0.067934,0.382479,0.329562,-0.180659,0.395532,0.350309,-0.105529,0.394522,0.350404,-0.139897,0.373937,0.400179,0.018357,0.360296,0.396003,-0.22071,0.359001,0.490052,0.059209,0.350859,0.494782,-0.244849,0.357101,0.563847,0.013551,0.357537,0.575445,-0.240934,0.352464,0.58786,0.012308,0.357481,0.599659,-0.268007,0.35704,0.590201,-0.011813,0.362609,0.599835,-0.269438,0.356431,0.588883,0.002931,0.362903,0.59287,-0.241879,0.350019,0.558836,0.077495,0.330348,0.555627,-0.077475,0.398747,0.635883,0.113824,0.33245,0.685988,-0.121406,0.349091,0.705574,0.210191,0.281742,0.790329,-0.101188,0.336307,0.721549,0.216616,0.266471,0.802134,-0.100507,0.363135,0.757093,0.190182,0.305906,0.828598,-0.161187
HA_Lat_11_6.13.26,255,750.52,613.91,0,750.52,613.91,0.9936,738.54,614.15,0.9905,0.402046,0.33793,-0.118465,0.399737,0.326996,-0.107579,0.399075,0.326497,-0.10768,0.398505,0.325972,-0.107623,0.398603,0.326886,-0.133304,0.397163,0.326324,-0.133432,0.395704,0.325614,-0.133427,0.389604,0.32766,-0.04561,0.385899,0.327289,-0.162772,0.398151,0.348606,-0.09314,0.397134,0.348419,-0.128274,0.3833,0.399767,0.042011,0.364347,0.395593,-0.201049,0.40204,0.48596,0.027655,0.367642,0.492167,-0.230817,0.411669,0.446046,-0.117203,0.384657,0.568655,-0.217982,0.413221,0.434786,-0.136826,0.388611,0.591066,-0.245787,0.412405,0.423401,-0.147972,0.393976,0.588692,-0.244927,0.409849,0.427869,-0.125509,0.393021,0.581761,-0.217587,0.356963,0.557816,0.078531,0.335543,0.555521,-0.078536,0.416442,0.620699,0.104764,0.335338,0.68797,-0.109023,0.373805,0.71952,0.186963,0.28177,0.789649,-0.0925,0.361821,0.739607,0.192119,0.266798,0.801311,-0.092715,0.396015,0.762594,0.166181,0.305995,0.828444,-0.162067
HA_Lat_11_6.13.26,256,799.96,593.46,0,799.96,593.46,0.9961,797.15,602.6,0.9895,0.407008,0.336448,-0.082775,0.403677,0.325741,-0.070768,0.402816,0.325826,-0.070867,0.402073,0.325847,-0.070842,0.402706,0.325183,-0.094287,0.401227,0.325066,-0.09441,0.399562,0.324886,-0.09443,0.393625,0.328225,-0.010578,0.389802,0.327634,-0.117719,0.402458,0.348636,-0.057834,0.401199,0.348599,-0.090027,0.392473,0.397216,0.067238,0.368703,0.395117,-0.165724,0.421281,0.463116,0.067173,0.385782,0.490402,-0.199954,0.434438,0.400301,-0.028228,0.415184,0.55796,-0.199442,0.438836,0.384428,-0.041344,0.423,0.575995,-0.226583,0.434542,0.376886,-0.052974,0.427174,0.571487,-0.223519,0.431074,0.383797,-0.03551,0.42536,0.565662,-0.198531,0.366586,0.555847,0.078192,0.3423,0.555375,-0.078173,0.429379,0.602512,0.018051,0.337951,0.689192,-0.115211,0.403479,0.726353,0.083344,0.282145,0.788202,-0.09937,0.39233,0.750502,0.086514,0.267121,0.799223,-0.099617,0.429296,0.762496,0.03769,0.305912,0.828397,-0.169923
HA_Lat_11_6.13.26,257,844.96,576.88,0,844.96,576.88,0.9912,845.45,586.79,0.9896,0.411512,0.329069,-0.075754,0.407653,0.319707,-0.062785,0.406672,0.320088,-0.062895,0.405726,0.320323,-0.062871,0.40723,0.31947,-0.087731,0.40578,0.319689,-0.087876,0.40417,0.319781,-0.087927,0.396928,0.325058,-0.000693,0.394471,0.324829,-0.11421,0.408103,0.342544,-0.049959,0.407542,0.342099,-0.08401,0.395885,0.391348,0.082172,0.377567,0.393146,-0.165196,0.430358,0.440919,0.080982,0.403219,0.481735,-0.204867,0.445166,0.37645,0.028346,0.440338,0.543323,-0.2045,0.448975,0.359566,0.020789,0.449867,0.55682,-0.23226,0.444182,0.352446,0.006503,0.453473,0.551038,-0.22692,0.441003,0.358501,0.020563,0.449671,0.547481,-0.202608,0.37601,0.55532,0.077997,0.350895,0.555339,-0.077993,0.438456,0.599771,0.011563,0.340364,0.688458,-0.119422,0.432216,0.73285,0.060472,0.284479,0.78642,-0.09691,0.424573,0.759001,0.061391,0.269263,0.79637,-0.096475,0.462832,0.759884,0.00587,0.305848,0.82903,-0.166943
HA_Lat_11_6.13.26,258,883.95,548.25,0,883.95,548.25,0.9906,890.68,568.05,0.9896,0.417322,0.326123,-0.079213,0.413089,0.316816,-0.066269,0.412018,0.31701,-0.066378,0.410947,0.317052,-0.066346,0.412826,0.316581,-0.092055,0.411472,0.316574,-0.092203,0.409925,0.316439,-0.092257,0.401768,0.321776,-0.002665,0.39976,0.321037,-0.119459,0.413442,0.338769,-0.052445,0.413194,0.338177,-0.087567,0.39969,0.385046,0.082356,0.386077,0.390688,-0.165647,0.44048,0.42434,0.088996,0.422129,0.472587,-0.20842,0.455142,0.355119,-0.004957,0.463897,0.525975,-0.200779,0.458196,0.33795,-0.01872,0.475083,0.538655,-0.229062,0.454438,0.331455,-0.031032,0.478412,0.534207,-0.222836,0.452577,0.337587,-0.013013,0.474408,0.530887,-0.198328,0.384748,0.55447,0.077725,0.360316,0.555352,-0.077724,0.448312,0.596634,-0.003919,0.342691,0.687839,-0.119218,0.460265,0.732974,0.051772,0.285758,0.784648,-0.093737,0.45514,0.760362,0.053257,0.270793,0.793589,-0.09217,0.493393,0.747241,-0.00161,0.305776,0.829934,-0.152278
HA_Lat_11_6.13.26,259,927.38,519.38,0,927.38,519.38,0.9939,925.42,565.48,0.99,0.422348,0.327026,-0.059056,0.416955,0.317665,-0.046664,0.41573,0.317687,-0.046781,0.41464,0.317688,-0.046752,0.416771,0.317393,-0.073708,0.415417,0.317248,-0.073878,0.414022,0.317067,-0.073951,0.406875,0.322294,0.01345,0.40495,0.321963,-0.109819,0.418925,0.33843,-0.033333,0.418588,0.33826,-0.070284,0.404122,0.382579,0.099922,0.393761,0.385356,-0.160845,0.448375,0.410501,0.155109,0.437792,0.468217,-0.195827,0.465898,0.338378,0.116231,0.48199,0.523597,-0.176582,0.470266,0.32052,0.116091,0.494412,0.532924,-0.203093,0.466941,0.311468,0.100212,0.496654,0.515749,-0.191535,0.464574,0.317972,0.108806,0.492214,0.512989,-0.172179,0.396469,0.55381,0.077675,0.370362,0.555401,-0.07768,0.45917,0.596129,-0.027592,0.344887,0.686848,-0.129071,0.486005,0.731122,0.026967,0.287682,0.781979,-0.093147,0.48075,0.75708,0.029201,0.272466,0.788526,-0.088854,0.520507,0.738167,-0.025091,0.305631,0.830434,-0.145791
HA_Lat_11_6.13.26,260,952.0,492.0,0,955.12,478.36,0.9884,956.57,517.61,0.9907,0.42889,0.327863,-0.061584,0.423704,0.318254,-0.050768,0.422348,0.318086,-0.050889,0.421057,0.317856,-0.050837,0.42326,0.3177,-0.077008,0.42173,0.317263,-0.077199,0.420253,0.31677,-0.077291,0.412068,0.321293,0.008402,0.410124,0.320912,-0.111907,0.425001,0.338879,-0.035719,0.424139,0.338392,-0.071763,0.410164,0.379536,0.098093,0.401012,0.380735,-0.161873,0.455431,0.39242,0.156732,0.451833,0.439384,-0.202362,0.477972,0.32389,0.125328,0.498214,0.479268,-0.200514,0.481129,0.305402,0.127143,0.510071,0.488915,-0.230508,0.479882,0.297096,0.106993,0.51199,0.475261,-0.218008,0.47867,0.304404,0.116349,0.507799,0.471698,-0.19637,0.408442,0.552768,0.077492,0.380772,0.555408,-0.0775,0.471806,0.602223,0.005947,0.347261,0.685447,-0.125878,0.509405,0.729627,0.06932,0.292484,0.779589,-0.059778,0.506709,0.752734,0.072369,0.276978,0.783351,-0.054305,0.543351,0.72662,0.018116,0.304826,0.830086,-0.120825
HA_Lat_11_6.13.26,261,968.67,448.02,0,968.67,448.02,0.9919,937.81,350.24,0.9895,0.433929,0.327155,-0.048119,0.429008,0.317669,-0.037896,0.427828,0.317551,-0.03804,0.426638,0.3174,-0.037996,0.428521,0.31713,-0.063527,0.427107,0.316746,-0.063699,0.425629,0.316301,-0.06377,0.418205,0.321207,0.014105,0.416316,0.320939,-0.103431,0.430847,0.338392,-0.025663,0.429841,0.337921,-0.060706,0.42165,0.378803,0.095236,0.406299,0.375776,-0.16318,0.467055,0.391531,0.142247,0.459022,0.399004,-0.241961,0.510166,0.389469,0.102566,0.488442,0.324293,-0.255155,0.520505,0.383276,0.108684,0.491983,0.306515,-0.289966,0.521581,0.378283,0.076885,0.488285,0.299608,-0.271108,0.517773,0.382054,0.08767,0.487426,0.307237,-0.250881,0.418766,0.552794,0.07748,0.390116,0.555826,-0.077492,0.48194,0.608693,0.026424,0.351294,0.684436,-0.123958,0.5291,0.727689,0.088686,0.298002,0.777377,-0.045535,0.528522,0.748082,0.092182,0.284887,0.779,-0.040062,0.5622,0.718833,0.037614,0.304802,0.829702,-0.113059
HA_Lat_11_6.13.26,262,986.0,412.0,0,989.4,400.61,0.9842,983.97,404.11,0.9898,0.440079,0.324944,-0.057013,0.435352,0.315883,-0.046021,0.434416,0.315887,-0.046163,0.43353,0.31586,-0.046115,0.434448,0.315168,-0.071553,0.432959,0.314809,-0.071755,0.431491,0.314427,-0.07187,0.425595,0.320457,0.012223,0.422435,0.320155,-0.105258,0.438053,0.336393,-0.032085,0.436614,0.336135,-0.06717,0.432375,0.375957,0.092431,0.411435,0.372088,-0.163198,0.472691,0.367722,0.135042,0.466861,0.385672,-0.235404,0.499756,0.306715,0.069646,0.512486,0.374177,-0.252492,0.501288,0.279545,0.065806,0.525395,0.371679,-0.285604,0.50001,0.274875,0.043464,0.525768,0.363651,-0.271044,0.499811,0.286702,0.057794,0.521552,0.364527,-0.250656,0.430811,0.552919,0.076414,0.397904,0.556635,-0.076436,0.493449,0.61467,0.057675,0.356403,0.683693,-0.122335,0.546214,0.725062,0.131153,0.30443,0.776109,-0.040342,0.546323,0.744706,0.134068,0.292048,0.774939,-0.034107,0.577664,0.715275,0.059745,0.304771,0.829496,-0.107346
HA_Lat_11_6.13.26,263,986.0,375.0,0,977.37,316.0,0.98,979.06,339.33,0.9894,0.446352,0.32518,-0.069328,0.441069,0.315937,-0.05373,0.440281,0.315956,-0.053957,0.439611,0.315974,-0.053911,0.439573,0.315777,-0.087209,0.437815,0.315798,-0.087421,0.435992,0.315824,-0.087593,0.432609,0.320925,0.001904,0.427675,0.321537,-0.124264,0.444032,0.336544,-0.03504,0.441962,0.336429,-0.082361,0.440403,0.375252,0.084014,0.413887,0.371273,-0.188664,0.479143,0.360152,0.102857,0.472064,0.359582,-0.282408,0.510574,0.308426,0.009588,0.509929,0.314193,-0.312751,0.511562,0.29979,0.000152,0.515657,0.298646,-0.352173,0.510282,0.290071,-0.021437,0.509356,0.28598,-0.340128,0.509001,0.295514,-0.002926,0.50974,0.293877,-0.311085,0.44229,0.552947,0.075243,0.408715,0.557169,-0.075294,0.50382,0.620068,0.081674,0.363701,0.683161,-0.111309,0.559873,0.723238,0.153921,0.311809,0.772831,-0.009203,0.558163,0.743347,0.155613,0.300561,0.769105,-0.001696,0.590304,0.717282,0.075495,0.304787,0.829295,-0.081957
HA_Lat_11_6.13.26,264,980.0,338.0,0,979.7,324.68,0.9706,975.18,326.87,0.9881,0.451441,0.326651,-0.074874,0.448675,0.317595,-0.061795,0.448457,0.317679,-0.061978,0.448343,0.317784,-0.061929,0.446179,0.317254,-0.092168,0.444235,0.317258,-0.092374,0.442259,0.317284,-0.092514,0.442494,0.32248,-0.001166,0.434257,0.322837,-0.109505,0.449605,0.337728,-0.045568,0.446836,0.337389,-0.086498,0.450361,0.373514,0.079047,0.417283,0.370628,-0.166423,0.484802,0.347463,0.09009,0.461345,0.335394,-0.258121,0.515747,0.29639,-0.000857,0.507906,0.302656,-0.292137,0.521799,0.28114,-0.012088,0.51632,0.28752,-0.328522,0.517343,0.265791,-0.029963,0.51463,0.281677,-0.318879,0.517823,0.276184,-0.011674,0.512479,0.287134,-0.290906,0.454474,0.552933,0.066962,0.419321,0.557769,-0.067115,0.514057,0.623215,0.084772,0.372315,0.68294,-0.106782,0.570553,0.723065,0.156336,0.319716,0.768874,-0.007053,0.568689,0.743551,0.1582,0.308277,0.760374,0.000394,0.597947,0.722983,0.079789,0.305621,0.829108,-0.078281
HA_Lat_11_6.13.26,265,986.0,299.0,0,993.85,297.26,0.9839,983.07,303.8,0.9843,0.45502,0.325957,-0.055153,0.453693,0.317955,-0.039741,0.454077,0.318416,-0.0399,0.454465,0.318811,-0.039841,0.449697,0.316881,-0.063214,0.447377,0.316789,-0.063427,0.445006,0.316763,-0.063541,0.449658,0.323385,0.032679,0.437927,0.322574,-0.070906,0.454221,0.337623,-0.025677,0.449892,0.336334,-0.058308,0.460824,0.374981,0.106919,0.422545,0.367096,-0.127484,0.493272,0.342761,0.131046,0.466458,0.31391,-0.230555,0.526037,0.281716,0.039855,0.512018,0.2813,-0.280124,0.532276,0.259779,0.025529,0.521324,0.268576,-0.310551,0.531565,0.253092,0.004722,0.522313,0.265988,-0.310101,0.529651,0.263817,0.027352,0.520151,0.271684,-0.282193,0.465641,0.552878,0.06629,0.429518,0.558066,-0.066437,0.52317,0.624966,0.086058,0.382435,0.682829,-0.104806,0.580396,0.723186,0.161079,0.327598,0.767772,-0.018648,0.579076,0.74374,0.163654,0.319627,0.762629,-0.012868,0.604532,0.729139,0.081169,0.31028,0.827013,-0.091635
HA_Lat_11_6.13.26,266,972.0,267.0,0,967.2,263.59,0.9702,972.59,269.01,0.9825,0.458696,0.322858,0.026582,0.456128,0.316426,0.044082,0.456703,0.317322,0.043939,0.457166,0.318144,0.043993,0.453058,0.31511,0.021553,0.451531,0.315276,0.021329,0.449733,0.315519,0.021232,0.454392,0.323261,0.113257,0.44454,0.322159,0.00862,0.459704,0.334776,0.053112,0.455627,0.332941,0.021629,0.470653,0.376475,0.172843,0.43057,0.36571,-0.05766,0.504449,0.341693,0.217056,0.467127,0.298641,-0.144315,0.5324,0.274576,0.183309,0.50656,0.249084,-0.171254,0.539799,0.249986,0.186925,0.518434,0.234971,-0.202161,0.539479,0.243771,0.166005,0.519751,0.233069,-0.186096,0.535662,0.253456,0.173353,0.515109,0.241688,-0.167533,0.476826,0.552921,0.065703,0.440859,0.558159,-0.065859,0.531427,0.630893,0.086768,0.393888,0.682354,-0.101227,0.586692,0.728431,0.156656,0.337077,0.767571,-0.027924,0.584418,0.747567,0.159192,0.330317,0.764082,-0.023076,0.609108,0.750546,0.082719,0.316875,0.825848,-0.09763
HA_Lat_11_6.13.26,267,950.0,241.0,0,941.42,237.11,0.9674,956.36,240.98,0.9813,0.473606,0.321326,0.000355,0.473191,0.316617,0.019096,0.473839,0.317795,0.018939,0.474474,0.318811,0.018975,0.469438,0.314823,-0.002068,0.467514,0.314994,-0.002295,0.465517,0.315262,-0.002392,0.469573,0.324231,0.094926,0.4589,0.322135,-0.002978,0.473131,0.334774,0.029217,0.469121,0.332694,-0.000382,0.482598,0.378718,0.154732,0.438186,0.365352,-0.052289,0.514161,0.345319,0.208938,0.465209,0.286619,-0.14866,0.539107,0.277086,0.183448,0.498105,0.223128,-0.198423,0.548209,0.255199,0.18547,0.506256,0.207399,-0.231783,0.548174,0.247269,0.164203,0.507432,0.206505,-0.21871,0.543073,0.257455,0.173503,0.504781,0.213256,-0.196371,0.487531,0.553114,0.058067,0.451151,0.558846,-0.058274,0.540032,0.643257,0.060858,0.405751,0.682124,-0.096697,0.592739,0.741698,0.137982,0.348818,0.767833,-0.012149,0.590557,0.761507,0.140778,0.343897,0.767781,-0.00616,0.615275,0.781131,0.053989,0.328104,0.824615,-0.081433
HA_Lat_11_6.13.26,268,922.0,230.0,0,914.92,228.13,0.9675,931.59,224.27,0.9813,0.487402,0.32261,-0.038105,0.487942,0.318543,-0.021216,0.48884,0.320239,-0.021377,0.489795,0.321818,-0.021327,0.483884,0.315943,-0.041093,0.481877,0.315882,-0.041328,0.479659,0.315858,-0.041432,0.484945,0.327709,0.060101,0.472051,0.322655,-0.024225,0.486214,0.337347,-0.007903,0.481799,0.333294,-0.035476,0.490788,0.380028,0.131966,0.447664,0.366343,-0.050412,0.523495,0.34717,0.189224,0.460496,0.280713,-0.117682,0.546943,0.289328,0.162393,0.485203,0.207657,-0.149509,0.555931,0.268087,0.163563,0.489935,0.187358,-0.178496,0.555437,0.263555,0.141973,0.492384,0.18611,-0.167599,0.551532,0.272938,0.152481,0.492041,0.193944,-0.148193,0.496674,0.553246,0.052508,0.460411,0.559332,-0.052748,0.546835,0.653531,0.040138,0.418591,0.6821,-0.089846,0.59622,0.753904,0.108351,0.362313,0.768634,-0.014592,0.592765,0.771706,0.110159,0.356186,0.770019,-0.010186,0.619862,0.803582,0.015921,0.342417,0.822619,-0.091244
HA_Lat_11_6.13.26,269,892.0,221.0,0,883.39,220.67,0.9599,901.81,213.99,0.9821,0.495607,0.324429,-0.043471,0.496078,0.319475,-0.021629,0.496815,0.32079,-0.021818,0.497592,0.321864,-0.021759,0.491629,0.317279,-0.040137,0.489158,0.3172,-0.04038,0.486754,0.317141,-0.040479,0.493021,0.329519,0.071307,0.479672,0.323439,-0.013021,0.495256,0.338684,-0.009072,0.490309,0.335267,-0.035322,0.502239,0.380297,0.140035,0.454597,0.368136,-0.034989,0.534668,0.35502,0.194017,0.45323,0.281458,-0.095811,0.554584,0.306207,0.152149,0.469693,0.198143,-0.127569,0.561538,0.28988,0.150738,0.471532,0.175357,-0.157061,0.560157,0.283725,0.128867,0.475768,0.174687,-0.14748,0.556345,0.292119,0.14194,0.476021,0.183093,-0.126848,0.507762,0.553946,0.050978,0.471232,0.560679,-0.051221,0.554687,0.663424,0.022987,0.431185,0.683444,-0.097649,0.597238,0.769551,0.102588,0.374757,0.768837,-0.022245,0.594148,0.786366,0.105511,0.3705,0.772778,-0.016306,0.620547,0.814699,0.014842,0.354652,0.820323,-0.120274
HA_Lat_11_6.13.26,270,862.88,221.07,0,862.88,221.07,0.9889,875.46,218.23,0.9829,0.507543,0.325547,-0.083779,0.504842,0.319776,-0.059619,0.504705,0.320966,-0.059875,0.504636,0.322005,-0.05983,0.502104,0.318058,-0.075805,0.50007,0.318065,-0.076105,0.498123,0.318042,-0.076267,0.499675,0.329636,0.069239,0.491236,0.324132,-0.055075,0.505991,0.339478,-0.045369,0.502279,0.336634,-0.068747,0.51072,0.380895,0.116113,0.46143,0.367186,-0.08941,0.544124,0.358726,0.162145,0.448638,0.285503,-0.112877,0.565073,0.304553,0.094403,0.455968,0.202068,-0.241879,0.572287,0.292037,0.088135,0.45448,0.180831,-0.282655,0.566873,0.287162,0.061555,0.459487,0.175043,-0.270268,0.564067,0.291574,0.081364,0.46118,0.184605,-0.242458,0.517569,0.556204,0.052569,0.481255,0.564758,-0.052775,0.560969,0.67384,0.034825,0.442831,0.687097,-0.096754,0.598004,0.780205,0.147772,0.388895,0.77055,0.006792,0.59427,0.798295,0.154195,0.385057,0.779445,0.013788,0.620448,0.819633,0.051929,0.3674,0.817508,-0.077746
HA_Lat_11_6.13.26,271,837.81,256.26,0,837.81,256.26,0.993,848.24,232.88,0.9831,0.517856,0.325791,-0.100563,0.513454,0.320101,-0.078159,0.512917,0.321293,-0.078399,0.512418,0.322307,-0.078341,0.511391,0.318203,-0.097182,0.509365,0.31846,-0.097445,0.50734,0.318693,-0.097575,0.50613,0.329689,0.044801,0.499066,0.324942,-0.060085,0.515607,0.340331,-0.063602,0.512999,0.338387,-0.090388,0.518479,0.382948,0.081427,0.470351,0.368329,-0.107064,0.553093,0.36969,0.071206,0.442915,0.299572,-0.131731,0.570286,0.324754,-0.056404,0.441793,0.215631,-0.26148,0.576517,0.310112,-0.074563,0.440282,0.197511,-0.300219,0.570728,0.305831,-0.096333,0.443804,0.190146,-0.291353,0.568501,0.311526,-0.069434,0.445386,0.197169,-0.262892,0.525171,0.56066,0.052663,0.490297,0.569691,-0.05286,0.566961,0.678886,0.040463,0.454378,0.691223,-0.089295,0.599585,0.786114,0.160541,0.403427,0.775036,0.034804,0.595389,0.803768,0.166928,0.399288,0.787978,0.043114,0.61757,0.819361,0.072634,0.381563,0.815641,-0.04301
HA_Lat_11_6.13.26,272,806.28,288.75,0,806.28,288.75,0.9952,839.78,262.43,0.984,0.527056,0.332878,-0.101742,0.522814,0.326071,-0.081117,0.522417,0.326941,-0.081344,0.522038,0.327758,-0.081278,0.521181,0.325053,-0.100598,0.519454,0.325482,-0.100838,0.517639,0.32592,-0.100946,0.517255,0.334381,0.033932,0.509811,0.331522,-0.073463,0.524484,0.346559,-0.066938,0.522088,0.345232,-0.0942,0.527516,0.386079,0.065066,0.481508,0.371402,-0.108642,0.557171,0.384623,0.029395,0.441171,0.317752,-0.161004,0.575169,0.328752,-0.126111,0.437383,0.242993,-0.264603,0.581233,0.322188,-0.149222,0.429063,0.224437,-0.301862,0.578072,0.319144,-0.170563,0.433715,0.217347,-0.297882,0.575622,0.32357,-0.139809,0.442615,0.22436,-0.267799,0.533722,0.565967,0.052826,0.500806,0.573412,-0.053017,0.570888,0.681607,0.067142,0.468849,0.695427,-0.086909,0.59991,0.786414,0.191805,0.415036,0.779252,0.024783,0.595959,0.806296,0.19816,0.410609,0.794123,0.031606,0.62046,0.818337,0.119275,0.392947,0.812322,-0.050249
HA_Lat_11_6.13.26,273,794.81,342.58,0,794.81,342.58,0.9958,811.53,299.57,0.9851,0.53608,0.337661,-0.115278,0.532972,0.330506,-0.095828,0.53292,0.331077,-0.096076,0.532983,0.33164,-0.096016,0.530492,0.329608,-0.1166,0.528642,0.329748,-0.116854,0.526675,0.329867,-0.117004,0.527596,0.338399,0.002418,0.517334,0.336038,-0.098699,0.534531,0.351507,-0.080621,0.531955,0.350263,-0.109896,0.536875,0.396102,0.066503,0.492654,0.380799,-0.113737,0.559918,0.416393,0.171675,0.442406,0.326861,-0.212672,0.580408,0.383732,0.213554,0.422669,0.277383,-0.327896,0.586735,0.368441,0.228515,0.409925,0.263325,-0.364369,0.58512,0.363969,0.200487,0.413486,0.256456,-0.358833,0.582222,0.370064,0.203298,0.422017,0.261784,-0.330899,0.541756,0.574285,0.05533,0.509524,0.58226,-0.055478,0.578117,0.686878,0.115801,0.479093,0.702221,-0.096122,0.602447,0.788129,0.252868,0.423829,0.783676,0.006457,0.597551,0.810408,0.261666,0.416543,0.795139,0.013171,0.624743,0.818517,0.199253,0.402262,0.812069,-0.063077
HA_Lat_11_6.13.26,274,791.99,392.07,0,791.99,392.07,0.9966,794.44,355.52,0.9862,0.547199,0.345126,-0.115637,0.543616,0.337561,-0.100631,0.543279,0.337711,-0.100865,0.543015,0.337889,-0.10081,0.541118,0.337422,-0.122807,0.539021,0.337722,-0.123049,0.53692,0.338043,-0.123206,0.53536,0.343626,-0.025413,0.527132,0.344266,-0.130525,0.545666,0.357673,-0.0855,0.543553,0.357403,-0.116537,0.548815,0.39868,0.048411,0.50138,0.390905,-0.145786,0.573166,0.416693,0.193347,0.450387,0.377549,-0.263094,0.591305,0.406153,0.300641,0.41377,0.329185,-0.371802,0.599314,0.397262,0.327939,0.397705,0.316528,-0.404902,0.598313,0.392484,0.298565,0.400352,0.303812,-0.400997,0.59618,0.394649,0.291393,0.407141,0.309468,-0.375399,0.549056,0.578771,0.057131,0.516732,0.588802,-0.057209,0.583254,0.688412,0.115099,0.49028,0.709054,-0.079737,0.605386,0.791874,0.235479,0.433509,0.784245,0.049181,0.600317,0.813617,0.242878,0.425794,0.793508,0.059682,0.627845,0.822594,0.183325,0.413363,0.812339,-0.004439
HA_Lat_11_6.13.26,275,806.5,456.74,0,806.5,456.74,0.9957,794.43,440.25,0.9873,0.556519,0.348095,-0.114355,0.551865,0.339418,-0.102157,0.55126,0.339556,-0.102384,0.550706,0.339731,-0.102336,0.550282,0.33936,-0.124671,0.548609,0.339682,-0.124898,0.546994,0.340023,-0.125034,0.542871,0.345601,-0.038366,0.538078,0.346625,-0.14431,0.555308,0.360749,-0.087368,0.553465,0.360294,-0.118869,0.555612,0.40906,0.03908,0.511174,0.398807,-0.160863,0.567895,0.454847,0.194373,0.462561,0.421105,-0.250825,0.593605,0.459514,0.305827,0.413764,0.407641,-0.333355,0.601133,0.456636,0.333241,0.398282,0.404542,-0.362842,0.602648,0.447424,0.301887,0.399103,0.394788,-0.362937,0.598827,0.449241,0.295928,0.405374,0.395194,-0.337898,0.553157,0.579677,0.062128,0.523259,0.591303,-0.062115,0.588401,0.688535,0.145147,0.501772,0.713436,-0.083722,0.606568,0.79117,0.273885,0.443751,0.783961,0.058107,0.600298,0.811223,0.282586,0.434546,0.786645,0.071476,0.628231,0.822599,0.233797,0.42345,0.814016,0.020726
HA_Lat_11_6.13.26,276,841.64,528.52,0,841.64,528.52,0.9938,824.92,520.87,0.9883,0.565465,0.350231,-0.121704,0.561487,0.341328,-0.110453,0.56081,0.341415,-0.110629,0.560175,0.341524,-0.110573,0.560362,0.34111,-0.133742,0.558964,0.341264,-0.133943,0.557532,0.341432,-0.134059,0.552448,0.347052,-0.046364,0.548783,0.347694,-0.154662,0.563691,0.362009,-0.095112,0.562478,0.361262,-0.127314,0.554601,0.409121,0.033139,0.52381,0.401485,-0.175387,0.569114,0.47119,0.102048,0.479971,0.448663,-0.249149,0.595905,0.488959,0.090727,0.429645,0.482291,-0.318394,0.60519,0.495181,0.097442,0.412431,0.48734,-0.346976,0.606007,0.488509,0.068719,0.410022,0.483747,-0.351121,0.603533,0.48823,0.077958,0.417287,0.483205,-0.323598,0.556545,0.578092,0.064722,0.528721,0.588355,-0.064699,0.590624,0.685123,0.132339,0.513418,0.714215,-0.111494,0.607223,0.791215,0.234786,0.454299,0.783097,0.047512,0.599345,0.810559,0.240236,0.444734,0.778213,0.060033,0.630572,0.822726,0.183534,0.430014,0.816475,-0.023194
HA_Lat_11_6.13.26,277,894.61,579.64,0,894.61,579.64,0.993,882.3,579.21,0.9894,0.572887,0.3517,-0.087637,0.569256,0.342253,-0.078301,0.568507,0.342325,-0.078424,0.567827,0.342349,-0.07838,0.568189,0.341906,-0.098866,0.566714,0.341935,-0.099039,0.565208,0.341946,-0.099124,0.559587,0.347301,-0.030263,0.556021,0.347625,-0.121686,0.570375,0.36331,-0.065297,0.568996,0.36235,-0.093566,0.561768,0.412415,0.036141,0.530684,0.403237,-0.144499,0.566848,0.492648,0.100585,0.498201,0.477441,-0.184039,0.593862,0.52833,0.060678,0.459532,0.536307,-0.234274,0.604594,0.540473,0.061103,0.445565,0.548077,-0.257099,0.607516,0.533827,0.03614,0.443647,0.549953,-0.267668,0.602686,0.532615,0.048866,0.44929,0.546976,-0.240726,0.560602,0.577788,0.06381,0.533284,0.587787,-0.063787,0.594438,0.683419,0.130315,0.522613,0.713504,-0.128206,0.607748,0.790333,0.180622,0.463918,0.781543,-0.02033,0.598926,0.809441,0.181842,0.454854,0.772501,-0.01098,0.631792,0.822588,0.124584,0.443854,0.81645,-0.067074
HA_Lat_11_6.13.26,278,958.9,623.83,0,958.9,623.83,0.9931,952.35,630.16,0.9901,0.579228,0.351356,-0.102776,0.574892,0.341955,-0.094332,0.574083,0.342069,-0.094451,0.573304,0.342119,-0.094425,0.574034,0.341657,-0.115832,0.572663,0.341735,-0.115997,0.571259,0.341768,-0.116081,0.564378,0.347251,-0.040964,0.562009,0.347516,-0.139387,0.576638,0.363369,-0.080728,0.575591,0.362449,-0.10997,0.564579,0.414545,0.033034,0.537259,0.408402,-0.162686,0.563985,0.500374,0.074107,0.517806,0.49834,-0.193398,0.585397,0.557943,0.026419,0.496017,0.583482,-0.217394,0.591455,0.58317,0.023762,0.489648,0.601833,-0.240289,0.594188,0.575237,-0.001197,0.492665,0.6044,-0.248747,0.591277,0.574067,0.014681,0.496553,0.599177,-0.221829,0.564522,0.575906,0.063047,0.537663,0.585898,-0.063032,0.595807,0.681734,0.121695,0.532643,0.711959,-0.117953,0.607716,0.790565,0.162763,0.473549,0.779159,-0.019584,0.5997,0.808899,0.163518,0.466687,0.768247,-0.010137,0.631567,0.823844,0.106109,0.454269,0.816301,-0.053732
HA_Lat_11_6.13.26,279,1042.26,640.1,0,1042.26,640.1,0.9949,1035.58,646.41,0.9909,0.585451,0.351162,-0.140889,0.580748,0.341627,-0.131708,0.579567,0.341711,-0.131859,0.578377,0.341739,-0.131831,0.580462,0.341446,-0.155057,0.579084,0.341541,-0.155225,0.577618,0.34158,-0.155321,0.568957,0.346913,-0.077027,0.567787,0.347285,-0.184,0.582645,0.363273,-0.117793,0.582046,0.362446,-0.149577,0.56613,0.41335,0.00407,0.544709,0.413725,-0.214739,0.563279,0.504062,0.047881,0.530538,0.504112,-0.245096,0.584838,0.592361,0.013649,0.539366,0.598528,-0.243373,0.58905,0.611386,0.012255,0.542188,0.622287,-0.27229,0.591755,0.599445,-0.012297,0.551117,0.61747,-0.27466,0.590099,0.601657,0.002745,0.550809,0.610881,-0.247938,0.566769,0.574978,0.064317,0.543879,0.585647,-0.064293,0.595093,0.680665,0.138426,0.539009,0.710466,-0.097699,0.606116,0.791715,0.214042,0.483848,0.776092,0.025203,0.598627,0.810494,0.216582,0.476234,0.763297,0.036271,0.631082,0.823575,0.167525,0.462949,0.815626,-0.006103
HA_Lat_11_6.13.26,280,1110.82,626.99,0,1110.82,626.99,0.9909,1102.08,628.5,0.9912,0.590371,0.350801,-0.140765,0.585963,0.341266,-0.132375,0.584806,0.341355,-0.132542,0.583613,0.341401,-0.132521,0.585935,0.34111,-0.154624,0.58478,0.341205,-0.154803,0.583487,0.341243,-0.154906,0.574532,0.346588,-0.081375,0.57383,0.346939,-0.182688,0.58742,0.362925,-0.118528,0.58705,0.362142,-0.1488,0.567378,0.412155,0.00133,0.555802,0.41194,-0.213882,0.561902,0.505468,0.049213,0.552947,0.503122,-0.239793,0.581631,0.577642,0.017869,0.573998,0.581946,-0.237261,0.583937,0.597367,0.016942,0.580008,0.602948,-0.263192,0.588094,0.592227,-0.006785,0.584865,0.597633,-0.262746,0.58776,0.589471,0.007614,0.583646,0.591595,-0.23768,0.563604,0.572031,0.064439,0.543509,0.577713,-0.06441,0.596587,0.680427,0.12194,0.54503,0.709821,-0.098295,0.606263,0.791763,0.185812,0.492896,0.771416,0.020177,0.598911,0.810343,0.185844,0.484016,0.75883,0.031384,0.631763,0.823393,0.164023,0.474294,0.813615,0.000951
HA_Lat_11_6.13.26,281,1165.92,606.85,0,1169.94,604.04,0.9868,1165.92,606.85,0.9891,0.593861,0.351532,-0.139731,0.589753,0.341465,-0.119819,0.588719,0.341344,-0.120037,0.587725,0.341262,-0.119985,0.5897,0.341661,-0.141234,0.588697,0.341692,-0.14146,0.587683,0.341665,-0.141588,0.57949,0.346338,-0.058965,0.579518,0.346742,-0.163045,0.590366,0.363291,-0.105115,0.590177,0.362853,-0.134954,0.563265,0.411822,0.02236,0.567997,0.409466,-0.198243,0.563902,0.499665,0.069937,0.577971,0.501616,-0.220628,0.589744,0.563048,0.027491,0.60725,0.561894,-0.186014,0.594733,0.575647,0.02696,0.618078,0.570997,-0.20945,0.601956,0.572288,0.003074,0.62,0.565225,-0.20365,0.600123,0.574755,0.016753,0.616324,0.561965,-0.183565,0.562887,0.567075,0.068334,0.548502,0.572424,-0.068293,0.595981,0.679683,0.121693,0.554053,0.709019,-0.108244,0.607091,0.792259,0.188371,0.500542,0.768161,0.011386,0.597585,0.810812,0.188678,0.490099,0.755991,0.026255,0.631936,0.82352,0.160223,0.47941,0.811232,-0.014452
HA_Lat_11_6.13.26,282,1217.45,581.48,0,1220.24,576.53,0.9867,1217.45,581.48,0.9816,0.599398,0.352525,-0.066055,0.595639,0.342292,-0.056589,0.594764,0.342035,-0.056714,0.593897,0.341809,-0.056652,0.595107,0.342552,-0.078789,0.593977,0.342561,-0.078967,0.592829,0.34254,-0.079042,0.585299,0.346161,-0.011242,0.584142,0.346732,-0.113106,0.596576,0.363715,-0.043682,0.596001,0.363448,-0.07399,0.561938,0.404718,0.067189,0.578334,0.409344,-0.167868,0.557833,0.489569,0.076039,0.602096,0.491807,-0.166067,0.578433,0.547722,0.05069,0.634086,0.538405,-0.109546,0.594366,0.562139,0.050092,0.64335,0.544404,-0.128362,0.593731,0.559978,0.029713,0.645083,0.537524,-0.120564,0.58607,0.555186,0.04137,0.641355,0.535958,-0.105373,0.563809,0.561611,0.06939,0.550088,0.565858,-0.069384,0.596033,0.679188,0.114875,0.558683,0.705359,-0.107837,0.607644,0.792621,0.180936,0.506224,0.764983,0.007126,0.597758,0.810722,0.182965,0.4962,0.752059,0.023611,0.633101,0.823336,0.153936,0.486004,0.809757,-0.012423
HA_Lat_11_6.13.26,283,1265.95,548.72,0,1265.95,548.72,0.9918,1266.91,557.96,0.9821,0.603433,0.352125,-0.053451,0.599714,0.342024,-0.04419,0.599017,0.341794,-0.044312,0.598302,0.341593,-0.044235,0.5991,0.342264,-0.066741,0.598004,0.342274,-0.066922,0.596856,0.342255,-0.067001,0.590567,0.346137,0.004566,0.589215,0.346588,-0.098285,0.601424,0.363464,-0.031056,0.600765,0.363148,-0.061866,0.56664,0.401493,0.085607,0.587612,0.403393,-0.156162,0.556913,0.480325,0.103645,0.622225,0.477276,-0.169852,0.571489,0.548017,0.062049,0.659851,0.516633,-0.126907,0.590117,0.562219,0.062972,0.669054,0.524461,-0.151486,0.589998,0.561295,0.03963,0.670762,0.516364,-0.139411,0.577947,0.5557,0.051413,0.667351,0.514169,-0.121837,0.561767,0.558917,0.070813,0.550756,0.564152,-0.070821,0.596204,0.679019,0.113148,0.564742,0.701257,-0.109001,0.606922,0.792519,0.185499,0.512295,0.762393,0.007215,0.596384,0.810426,0.18911,0.5038,0.750263,0.021587,0.631651,0.82429,0.167853,0.49342,0.807681,0.001129
HA_Lat_11_6.13.26,284,1305.39,517.05,0,1305.39,517.05,0.9858,1312.86,533.23,0.983,0.607138,0.351968,-0.055087,0.602095,0.341917,-0.045708,0.601008,0.341642,-0.045833,0.600011,0.341425,-0.045754,0.602255,0.342195,-0.067059,0.601301,0.342168,-0.067245,0.600363,0.342112,-0.067334,0.592796,0.346028,0.004027,0.592941,0.346529,-0.093634,0.604735,0.363376,-0.033002,0.605036,0.363063,-0.062298,0.573623,0.39868,0.082294,0.597477,0.399047,-0.15103,0.562112,0.476064,0.103814,0.641196,0.46422,-0.173484,0.568032,0.537534,0.063695,0.683782,0.493731,-0.139813,0.586452,0.548365,0.064458,0.692676,0.50222,-0.168146,0.58607,0.547403,0.042658,0.694565,0.493773,-0.153992,0.573492,0.543119,0.054271,0.691813,0.491108,-0.134664,0.56305,0.557082,0.070795,0.552024,0.563233,-0.070813,0.597916,0.678331,0.110721,0.567849,0.696249,-0.107193,0.606002,0.791904,0.186847,0.518091,0.758927,0.022383,0.597625,0.809886,0.191567,0.509669,0.744172,0.037006,0.631299,0.824013,0.168484,0.499244,0.805666,0.022916
HA_Lat_11_6.13.26,285,1335.3,475.28,0,1335.3,475.28,0.9659,1343.95,508.94,0.9844,0.610462,0.347843,-0.067968,0.604843,0.338951,-0.057427,0.603779,0.339018,-0.057572,0.602829,0.339154,-0.057492,0.60518,0.339166,-0.079609,0.604295,0.339437,-0.079802,0.603435,0.339656,-0.079906,0.596533,0.345147,-0.00254,0.597025,0.345577,-0.103457,0.609101,0.359643,-0.044223,0.609449,0.359513,-0.074593,0.582942,0.395666,0.081007,0.603593,0.393406,-0.161858,0.568857,0.474013,0.1349,0.653415,0.46071,-0.184932,0.567763,0.523816,0.123115,0.699973,0.471241,-0.17354,0.580881,0.534013,0.130362,0.710827,0.495372,-0.204836,0.57931,0.533419,0.105413,0.712284,0.47983,-0.190375,0.57206,0.529184,0.113987,0.708561,0.470619,-0.168683,0.567208,0.556083,0.073479,0.55307,0.562496,-0.073502,0.599417,0.677176,0.101564,0.56936,0.691706,-0.088988,0.60607,0.791877,0.18582,0.522836,0.753516,0.072077,0.597648,0.810691,0.191274,0.515007,0.739468,0.089188,0.631168,0.823896,0.16159,0.506721,0.803335,0.074525
HA_Lat_11_6.13.26,286,1354.0,441.0,0,1355.74,429.58,0.9557,1365.94,452.56,0.9858,0.615056,0.345792,-0.114357,0.609471,0.337113,-0.104213,0.608511,0.337389,-0.104409,0.607673,0.337791,-0.104324,0.609462,0.337322,-0.127149,0.608441,0.337849,-0.12733,0.60742,0.338379,-0.127448,0.601232,0.344654,-0.045572,0.600822,0.345321,-0.149906,0.613834,0.358313,-0.089103,0.613716,0.358428,-0.120391,0.593035,0.392124,0.044546,0.604192,0.390637,-0.203227,0.57162,0.471648,0.131438,0.662697,0.430259,-0.25372,0.571563,0.521599,0.115649,0.711426,0.419036,-0.249902,0.575556,0.533117,0.121988,0.723825,0.430793,-0.291729,0.576279,0.53332,0.094369,0.72452,0.415931,-0.271289,0.574993,0.528183,0.105438,0.720284,0.410535,-0.24369,0.570522,0.556133,0.072736,0.554592,0.562857,-0.072757,0.600318,0.676707,0.095146,0.571764,0.68651,-0.059324,0.606152,0.792073,0.195169,0.527077,0.747612,0.124579,0.598281,0.810507,0.203497,0.519643,0.733484,0.143502,0.630164,0.823111,0.171262,0.51271,0.799868,0.125825
HA_Lat_11_6.13.26,287,1364.47,400.34,0,1364.47,400.34,0.9507,1372.74,407.93,0.9865,0.619001,0.344954,-0.115117,0.613233,0.336234,-0.105301,0.612231,0.3366,-0.105476,0.611305,0.337137,-0.105408,0.613399,0.336413,-0.129779,0.612504,0.337041,-0.129984,0.611593,0.337782,-0.130106,0.60476,0.3444,-0.049014,0.605175,0.34521,-0.161964,0.617464,0.357844,-0.090644,0.617328,0.358014,-0.124113,0.598045,0.389906,0.040317,0.605511,0.388395,-0.220167,0.62691,0.424643,0.084782,0.666949,0.405192,-0.283292,0.669885,0.42386,0.037793,0.714967,0.377711,-0.289633,0.678003,0.410807,0.037344,0.727491,0.37591,-0.332516,0.681019,0.411611,0.009405,0.727921,0.364182,-0.314887,0.679859,0.415247,0.024916,0.722619,0.363575,-0.285564,0.57374,0.556295,0.073626,0.55597,0.562075,-0.073633,0.601871,0.676544,0.106606,0.57373,0.683305,-0.070949,0.607019,0.791885,0.206886,0.529908,0.742506,0.115516,0.598628,0.810261,0.214495,0.522212,0.730598,0.135414,0.630942,0.82297,0.183745,0.519059,0.798521,0.125672
HA_Lat_11_6.13.26,288,1370.0,367.0,0,1364.26,366.35,0.9335,1374.51,369.83,0.986,0.622356,0.341297,-0.111733,0.615792,0.332798,-0.101615,0.614906,0.333227,-0.101786,0.613873,0.333744,-0.101722,0.615835,0.33306,-0.126312,0.61495,0.333825,-0.126524,0.614084,0.33476,-0.126642,0.607478,0.342486,-0.044422,0.608337,0.343805,-0.158698,0.621412,0.354649,-0.086943,0.621225,0.354889,-0.120646,0.602537,0.386722,0.043354,0.607885,0.386191,-0.213407,0.638549,0.393719,0.082426,0.669888,0.382764,-0.275548,0.701284,0.356786,0.027577,0.71589,0.342439,-0.280993,0.705836,0.339357,0.025212,0.725239,0.332368,-0.321787,0.693815,0.364927,-0.002255,0.722249,0.323584,-0.305674,0.692771,0.369626,0.014364,0.718296,0.326832,-0.277646,0.573632,0.555684,0.074905,0.558565,0.561169,-0.074899,0.600574,0.676266,0.119653,0.577269,0.680087,-0.058194,0.606701,0.791383,0.218002,0.533016,0.735825,0.137245,0.598556,0.810188,0.224817,0.524137,0.727825,0.157431,0.63157,0.823011,0.188357,0.530301,0.794688,0.144924
HA_Lat_11_6.13.26,289,1364.0,339.0,0,1363.47,333.11,0.9526,1369.74,337.35,0.9854,0.627626,0.339278,-0.110747,0.621342,0.330267,-0.100275,0.620455,0.33078,-0.10045,0.619634,0.331481,-0.100404,0.621657,0.330572,-0.12247,0.620951,0.331443,-0.122672,0.620284,0.332482,-0.122785,0.613524,0.340213,-0.039913,0.614451,0.341893,-0.154213,0.626494,0.353087,-0.086389,0.626611,0.353512,-0.116851,0.605025,0.385104,0.048157,0.612877,0.384141,-0.208379,0.646994,0.366947,0.081635,0.670509,0.367461,-0.271829,0.704128,0.319842,0.007876,0.713407,0.312365,-0.277489,0.711695,0.302405,0.001558,0.720549,0.29808,-0.318182,0.711151,0.297979,-0.024823,0.716899,0.291359,-0.302866,0.708491,0.304869,-0.005825,0.714114,0.29592,-0.274547,0.575675,0.55463,0.077027,0.562514,0.560656,-0.077034,0.598673,0.675609,0.128204,0.580605,0.678162,-0.0391,0.606166,0.791659,0.215856,0.535809,0.729304,0.164896,0.597978,0.810711,0.221131,0.526221,0.723398,0.185533,0.628941,0.822556,0.177457,0.542057,0.788383,0.168757
HA_Lat_11_6.13.26,290,1357.78,312.78,0,1355.82,311.43,0.9683,1357.78,312.78,0.9862,0.631418,0.334766,-0.0866,0.624588,0.32587,-0.075561,0.62354,0.326232,-0.075768,0.622484,0.326695,-0.075659,0.625002,0.326829,-0.101842,0.624162,0.327965,-0.102069,0.623366,0.329228,-0.102181,0.616602,0.335197,-0.019032,0.617364,0.339021,-0.146079,0.630288,0.346813,-0.061768,0.630357,0.348104,-0.097453,0.608221,0.380494,0.070141,0.618471,0.380837,-0.195359,0.602564,0.396879,0.124177,0.673085,0.352342,-0.253702,0.646567,0.350165,0.07873,0.707177,0.289607,-0.244536,0.682618,0.367319,0.082228,0.714205,0.272685,-0.282007,0.66732,0.382764,0.053297,0.71075,0.26725,-0.25849,0.653372,0.36233,0.065879,0.707385,0.27217,-0.237665,0.578761,0.553293,0.078116,0.566358,0.558533,-0.078173,0.59797,0.674808,0.067892,0.581078,0.674681,0.001287,0.604834,0.791054,0.136704,0.537092,0.722607,0.198094,0.595842,0.810776,0.140481,0.527784,0.71689,0.217495,0.628646,0.821817,0.092957,0.547086,0.777408,0.194187
HA_Lat_11_6.13.26,291,1348.63,289.68,0,1341.22,292.5,0.9368,1348.63,289.68,0.9853,0.634409,0.330621,-0.098747,0.628049,0.322777,-0.087573,0.627283,0.32333,-0.087788,0.626344,0.323647,-0.087702,0.627774,0.324457,-0.116749,0.626725,0.32585,-0.116983,0.625714,0.327302,-0.117111,0.620408,0.331877,-0.029916,0.620194,0.337325,-0.16032,0.633897,0.341083,-0.072873,0.633337,0.343462,-0.112365,0.617017,0.375689,0.060445,0.618237,0.377282,-0.219647,0.660284,0.339937,0.080174,0.673389,0.338884,-0.294128,0.695289,0.276322,-0.015944,0.702412,0.268219,-0.295955,0.702086,0.260895,-0.026809,0.706559,0.249786,-0.335191,0.697824,0.25673,-0.050135,0.701321,0.24418,-0.323427,0.695105,0.261303,-0.029371,0.699618,0.249993,-0.294232,0.581857,0.549604,0.079548,0.568228,0.552298,-0.079654,0.598911,0.672755,0.07734,0.584056,0.671147,-0.028582,0.605174,0.790805,0.143834,0.539142,0.715523,0.157307,0.595185,0.810723,0.145783,0.529949,0.709207,0.17541,0.631476,0.821802,0.088063,0.548882,0.771006,0.142949
HA_Lat_11_6.13.26,292,1339.45,268.42,0,1328.04,275.33,0.9324,1339.45,268.42,0.9835,0.640112,0.331515,-0.082333,0.634918,0.322664,-0.069333,0.634017,0.323055,-0.069537,0.633133,0.323416,-0.069477,0.634754,0.323908,-0.099654,0.633751,0.325,-0.099889,0.632735,0.326139,-0.100031,0.626399,0.331181,-0.009568,0.626222,0.335051,-0.15507,0.63876,0.341568,-0.056074,0.638507,0.343066,-0.097397,0.61827,0.373226,0.071606,0.622392,0.37363,-0.203608,0.662454,0.324144,0.085696,0.67554,0.325626,-0.275355,0.691024,0.262739,0.019448,0.697628,0.248537,-0.276604,0.694836,0.241549,0.011829,0.699606,0.228145,-0.312122,0.690321,0.237878,-0.00959,0.694324,0.223225,-0.30287,0.68975,0.242168,0.007463,0.693212,0.229168,-0.27551,0.582975,0.548123,0.080768,0.571606,0.549421,-0.080917,0.600512,0.670985,0.084693,0.58916,0.671376,-0.048087,0.605016,0.79043,0.157793,0.542538,0.708758,0.11729,0.594727,0.810589,0.161745,0.532243,0.700344,0.135069,0.629547,0.821743,0.109833,0.54659,0.767893,0.105897
HA_Lat_11_6.13.26,293,1329.14,253.97,0,1324.29,266.34,0.9655,1329.14,253.97,0.9801,0.641134,0.326392,-0.063049,0.635363,0.318213,-0.049623,0.634467,0.318618,-0.049816,0.633644,0.319176,-0.049756,0.635199,0.319367,-0.078994,0.634237,0.320464,-0.07923,0.633303,0.32164,-0.079376,0.627243,0.327972,0.01028,0.627259,0.330897,-0.127068,0.640551,0.33605,-0.036996,0.640258,0.336957,-0.077043,0.6208,0.368524,0.088056,0.625174,0.368361,-0.20102,0.661418,0.312308,0.106689,0.676724,0.314719,-0.26078,0.684373,0.250998,0.03366,0.692262,0.235159,-0.267943,0.687442,0.232074,0.026772,0.694713,0.2162,-0.305227,0.684251,0.229058,0.005609,0.690253,0.213275,-0.29425,0.682918,0.23649,0.021826,0.68937,0.21884,-0.266775,0.584492,0.54581,0.081123,0.574219,0.54613,-0.081297,0.599657,0.670366,0.09039,0.591902,0.670935,-0.058259,0.605735,0.790062,0.162546,0.542188,0.704783,0.098012,0.59611,0.810112,0.165208,0.531417,0.699861,0.110888,0.621729,0.822768,0.113611,0.543957,0.76633,0.072433
HA_Lat_11_6.13.26,294,1322.16,246.18,0,1314.43,256.01,0.9579,1322.16,246.18,0.9727,0.642415,0.322987,-0.050677,0.636444,0.315087,-0.036893,0.635547,0.315397,-0.037079,0.634675,0.315934,-0.037014,0.636105,0.316065,-0.064627,0.635038,0.317036,-0.064858,0.633963,0.318142,-0.064998,0.627874,0.325039,0.023445,0.627856,0.327407,-0.10309,0.642102,0.332183,-0.0248,0.641573,0.332679,-0.062614,0.623734,0.368709,0.097798,0.624974,0.365904,-0.176701,0.664598,0.308885,0.119818,0.674146,0.307152,-0.256729,0.683432,0.242228,0.042689,0.688626,0.227945,-0.254976,0.685539,0.225573,0.036735,0.689098,0.210701,-0.291954,0.679024,0.225533,0.015879,0.683762,0.208705,-0.280444,0.679641,0.230086,0.031223,0.683647,0.214779,-0.254066,0.587457,0.543299,0.080657,0.577543,0.542654,-0.080825,0.599882,0.670168,0.090982,0.594489,0.6699,-0.062577,0.606122,0.790484,0.162745,0.540878,0.702551,0.040513,0.596675,0.809825,0.164823,0.531457,0.69414,0.049835,0.614953,0.82294,0.109951,0.539348,0.761319,0.000965
HA_Lat_11_6.13.26,295,1311.31,241.36,0,1300.66,252.35,0.9518,1311.31,241.36,0.9669,0.645653,0.320579,-0.047344,0.639866,0.312236,-0.033932,0.63897,0.312378,-0.034117,0.63805,0.312735,-0.034062,0.639522,0.313221,-0.061845,0.638496,0.31404,-0.062071,0.637404,0.315021,-0.062207,0.630843,0.32133,0.02552,0.631121,0.323772,-0.100796,0.644944,0.329949,-0.021788,0.64435,0.330263,-0.059808,0.623215,0.366478,0.097846,0.626372,0.364453,-0.170495,0.661697,0.301374,0.123482,0.672801,0.299518,-0.25656,0.678264,0.233096,0.047173,0.682976,0.223481,-0.236144,0.679369,0.21658,0.041233,0.683145,0.205552,-0.26889,0.671798,0.215494,0.021018,0.676896,0.203741,-0.260126,0.671054,0.222468,0.035943,0.676281,0.210643,-0.235546,0.588231,0.540673,0.08076,0.580706,0.540244,-0.080938,0.601584,0.669763,0.099615,0.599492,0.667369,-0.074918,0.606409,0.790691,0.165963,0.5426,0.692463,0.023993,0.597213,0.809503,0.167974,0.533351,0.679684,0.034205,0.607525,0.822643,0.116463,0.532476,0.748824,-0.004826
HA_Lat_11_6.13.26,296,1300.4,231.6,0,1291.55,244.27,0.9547,1300.4,231.6,0.9674,0.646764,0.317141,-0.048685,0.641089,0.309076,-0.035545,0.640314,0.309159,-0.035742,0.63951,0.309431,-0.035691,0.640539,0.310133,-0.063755,0.639488,0.310953,-0.063982,0.638359,0.311917,-0.064129,0.632291,0.318208,0.022295,0.631971,0.320809,-0.104461,0.6462,0.326652,-0.023788,0.64544,0.327023,-0.062145,0.623146,0.365316,0.096064,0.627878,0.362792,-0.170675,0.657952,0.304569,0.132547,0.673376,0.292513,-0.251549,0.665803,0.241131,0.068825,0.677293,0.214448,-0.225888,0.658827,0.25838,0.064398,0.676905,0.196254,-0.255121,0.65938,0.22743,0.045896,0.669964,0.196117,-0.247032,0.660914,0.22854,0.058131,0.669839,0.203819,-0.224807,0.590874,0.539902,0.081784,0.584692,0.540661,-0.081987,0.604355,0.669155,0.099798,0.601698,0.667287,-0.075479,0.606157,0.791182,0.160682,0.544041,0.685228,0.032418,0.596949,0.809532,0.161924,0.535234,0.669794,0.04393,0.62122,0.82251,0.117629,0.529759,0.740632,0.003889
HA_Lat_11_6.13.26,297,1290.43,226.88,0,1285.18,231.58,0.9378,1290.43,226.88,0.9704,0.648039,0.314721,-0.056898,0.642614,0.30713,-0.043197,0.641918,0.307345,-0.043399,0.641198,0.307694,-0.043325,0.641961,0.308026,-0.070492,0.640896,0.308881,-0.070711,0.639741,0.309899,-0.070833,0.63399,0.316056,0.017405,0.633373,0.318613,-0.106343,0.647681,0.324729,-0.031364,0.646736,0.324956,-0.068531,0.623364,0.364487,0.092686,0.630051,0.359998,-0.170094,0.636674,0.387957,0.127869,0.673443,0.286796,-0.234631,0.638096,0.448721,0.059161,0.672097,0.210074,-0.193091,0.625194,0.468986,0.058997,0.669418,0.191966,-0.219566,0.626164,0.467652,0.037452,0.662379,0.192423,-0.209299,0.630036,0.458807,0.047967,0.663142,0.200716,-0.190416,0.592571,0.539617,0.08114,0.589389,0.541424,-0.081328,0.606345,0.668253,0.099698,0.608206,0.665036,-0.081593,0.606008,0.792004,0.159657,0.544473,0.679178,0.007452,0.597222,0.80995,0.160992,0.536866,0.663216,0.016302,0.625315,0.822657,0.120025,0.52819,0.733295,-0.010165
HA_Lat_11_6.13.26,298,1283.46,226.23,0,1282.31,232.3,0.9431,1283.46,226.23,0.9589,0.64931,0.311682,-0.034158,0.643863,0.3039,-0.019947,0.643238,0.304237,-0.020133,0.642602,0.304668,-0.020089,0.643084,0.304686,-0.04844,0.641973,0.305647,-0.048665,0.640837,0.306686,-0.048795,0.634957,0.311956,0.041548,0.633977,0.314966,-0.087406,0.648946,0.322021,-0.008087,0.647867,0.322132,-0.046872,0.624104,0.360065,0.114532,0.630693,0.355039,-0.152299,0.655056,0.308519,0.147094,0.672327,0.284507,-0.211162,0.658869,0.241638,0.080783,0.668469,0.209469,-0.172551,0.65482,0.225185,0.076837,0.666142,0.190189,-0.19681,0.647389,0.22902,0.061301,0.658784,0.192025,-0.191016,0.649369,0.235047,0.071439,0.659496,0.200096,-0.171452,0.594347,0.538921,0.081402,0.59277,0.541129,-0.081608,0.607739,0.66708,0.10692,0.612585,0.662423,-0.085285,0.606675,0.791974,0.157052,0.548,0.670139,0.012117,0.597742,0.809798,0.157136,0.539969,0.652451,0.022644,0.62845,0.822571,0.119565,0.528776,0.724454,0.000925
HA_Lat_11_6.13.26,299,1276.93,225.19,0,1278.01,227.73,0.9497,1276.93,225.19,0.9468,0.652261,0.310077,-0.022719,0.647583,0.301843,-0.008662,0.646734,0.301837,-0.00884,0.645889,0.30191,-0.008802,0.646887,0.302582,-0.03745,0.645605,0.30319,-0.037673,0.644199,0.3038,-0.037799,0.638019,0.306522,0.052422,0.636557,0.309669,-0.077906,0.650442,0.320032,0.003282,0.649484,0.320289,-0.035877,0.623393,0.35698,0.124997,0.631706,0.351272,-0.142214,0.655558,0.292917,0.158317,0.672656,0.27844,-0.194497,0.659475,0.220648,0.098342,0.665067,0.208505,-0.147215,0.658089,0.203979,0.094539,0.663077,0.189955,-0.168426,0.649872,0.2071,0.080844,0.655945,0.192274,-0.164639,0.651286,0.213152,0.089796,0.656592,0.200049,-0.146448,0.594863,0.536335,0.082212,0.595602,0.538302,-0.08244,0.609384,0.665,0.113244,0.618804,0.660012,-0.101155,0.607515,0.792017,0.15598,0.551175,0.662997,0.003405,0.597656,0.809702,0.155463,0.542683,0.642949,0.015023,0.629174,0.822508,0.121027,0.529308,0.718432,0.004379
HA_Lat_11_6.13.26,300,1274.23,226.54,0,1273.5,221.56,0.8647,1274.23,226.54,0.9406,0.649243,0.306037,-0.026333,0.643576,0.298556,-0.012793,0.642734,0.298785,-0.012974,0.6419,0.29913,-0.012943,0.643138,0.299361,-0.040526,0.642027,0.300274,-0.040749,0.64085,0.301212,-0.040876,0.634721,0.306109,0.047148,0.634041,0.309319,-0.078547,0.648474,0.31622,-0.000876,0.647824,0.316772,-0.038626,0.624038,0.355182,0.120038,0.631527,0.352362,-0.141652,0.656915,0.289432,0.153387,0.671943,0.279249,-0.190202,0.661081,0.216337,0.097276,0.663659,0.209763,-0.146779,0.657967,0.200965,0.093411,0.660905,0.191483,-0.168633,0.650047,0.204108,0.080026,0.653554,0.194865,-0.166514,0.651716,0.210065,0.089131,0.654699,0.202685,-0.146769,0.596581,0.535483,0.082669,0.599093,0.538079,-0.082896,0.61028,0.6619,0.123959,0.625109,0.658864,-0.10324,0.60787,0.791415,0.157743,0.554204,0.656956,0.000327,0.597894,0.808602,0.156824,0.545983,0.634736,0.011848,0.631328,0.822294,0.122025,0.531518,0.71023,0.006328
HA_Lat_11_6.13.26,301,1270.51,228.77,0,1271.77,233.88,0.879,1270.51,228.77,0.9444,0.651794,0.307807,-0.009225,0.646511,0.299571,0.004084,0.645573,0.299716,0.003901,0.644637,0.299924,0.003967,0.646255,0.30016,-0.022327,0.645226,0.300846,-0.022531,0.644155,0.301468,-0.0226,0.637298,0.306018,0.058238,0.63723,0.308596,-0.061969,0.650056,0.317923,0.013888,0.649653,0.318259,-0.02224,0.621368,0.356374,0.13038,0.634481,0.34939,-0.127514,0.653315,0.39722,0.180454,0.672211,0.278996,-0.159197,0.635392,0.459635,0.153735,0.661726,0.211825,-0.08396,0.631838,0.475235,0.164091,0.658358,0.193183,-0.09779,0.631693,0.478806,0.143806,0.651555,0.196691,-0.089718,0.633441,0.470618,0.144808,0.652676,0.204529,-0.080764,0.597853,0.534893,0.082833,0.602897,0.536925,-0.083043,0.61128,0.658678,0.119955,0.630605,0.657108,-0.112877,0.607155,0.790399,0.157163,0.558607,0.649157,-0.035477,0.597086,0.807683,0.156666,0.549856,0.62623,-0.027175,0.631964,0.822216,0.126308,0.533828,0.702866,-0.029308
HA_Lat_11_6.13.26,302,1269.59,230.52,0,1274.14,218.4,0.8427,1269.59,230.52,0.941,0.6538,0.307627,-0.002373,0.649106,0.299,0.009502,0.647934,0.298988,0.009344,0.646809,0.299032,0.009388,0.649049,0.299479,-0.01754,0.648006,0.299892,-0.017754,0.646949,0.300171,-0.017838,0.639549,0.304223,0.059806,0.640279,0.306055,-0.062998,0.651472,0.31799,0.019497,0.651202,0.318342,-0.017339,0.620158,0.354382,0.127129,0.636302,0.346629,-0.127855,0.645521,0.315398,0.166905,0.672729,0.277184,-0.150545,0.639727,0.2998,0.139943,0.661246,0.213447,-0.068181,0.637481,0.289894,0.143489,0.658474,0.197291,-0.081575,0.638057,0.291554,0.130206,0.651768,0.200963,-0.08023,0.639697,0.292287,0.1328,0.65269,0.207774,-0.067254,0.598095,0.53445,0.082405,0.606025,0.535802,-0.082605,0.613239,0.656953,0.129611,0.636625,0.654519,-0.112496,0.606879,0.790302,0.148237,0.562429,0.646533,-0.019643,0.596451,0.807072,0.145495,0.554347,0.62336,-0.008543,0.633627,0.822515,0.126412,0.535748,0.695322,-0.025066
HA_Lat_11_6.13.26,303,1270.06,232.03,0,1279.07,222.12,0.8198,1270.06,232.03,0.9378,0.655821,0.30663,-0.006726,0.651459,0.297641,0.005366,0.650239,0.297617,0.005207,0.648951,0.297592,0.005249,0.651503,0.298194,-0.022199,0.650475,0.298636,-0.022413,0.649383,0.2989,-0.022503,0.641403,0.302419,0.056392,0.642556,0.304374,-0.068592,0.653154,0.317346,0.015428,0.652922,0.317897,-0.022025,0.620791,0.351828,0.125687,0.637549,0.345137,-0.132137,0.642835,0.299453,0.169755,0.673758,0.27758,-0.150136,0.641218,0.273933,0.153008,0.661491,0.21484,-0.062082,0.639603,0.262985,0.157451,0.657786,0.199658,-0.075065,0.642062,0.23512,0.144678,0.651411,0.203428,-0.074279,0.641658,0.266244,0.146212,0.652538,0.210599,-0.0612,0.600185,0.533056,0.082354,0.608875,0.534873,-0.082545,0.61253,0.656762,0.13866,0.641912,0.652428,-0.107676,0.606582,0.79026,0.152179,0.56716,0.639586,-0.004414,0.596285,0.806719,0.151351,0.55869,0.617989,0.006343,0.633397,0.822468,0.138481,0.540131,0.687356,0.030631
HA_Lat_11_6.13.26,304,1273.0,235.93,0,1282.47,226.16,0.8383,1273.0,235.93,0.9379,0.657827,0.305902,-0.002701,0.653821,0.297003,0.010153,0.652535,0.297048,0.009983,0.65123,0.297077,0.010041,0.653953,0.297448,-0.017713,0.652914,0.297908,-0.017918,0.651874,0.298203,-0.01798,0.643607,0.301961,0.061936,0.644923,0.303545,-0.065008,0.654978,0.316597,0.01975,0.654842,0.317114,-0.018192,0.620992,0.350957,0.134961,0.638664,0.342705,-0.127951,0.641041,0.366103,0.212546,0.674825,0.277269,-0.135939,0.63275,0.399143,0.234602,0.663023,0.21845,-0.032311,0.630237,0.408394,0.251816,0.658033,0.203629,-0.040486,0.633091,0.406245,0.232678,0.652334,0.208089,-0.034297,0.634558,0.403062,0.227276,0.653828,0.215609,-0.02891,0.601598,0.531908,0.082565,0.611167,0.533237,-0.082729,0.613389,0.655185,0.133777,0.646003,0.649357,-0.116589,0.606306,0.789793,0.133557,0.572043,0.632738,-0.021345,0.596706,0.806325,0.13107,0.564008,0.610368,-0.01048,0.632446,0.822677,0.11999,0.543991,0.681837,0.014773
HA_Lat_11_6.13.26,305,1275.65,239.55,0,1285.1,233.69,0.8405,1275.65,239.55,0.9148,0.658548,0.306758,-0.002369,0.655186,0.297348,0.009196,0.653927,0.297246,0.009039,0.652721,0.297165,0.00908,0.655194,0.297743,-0.017089,0.654144,0.298003,-0.017295,0.6531,0.298089,-0.017366,0.644942,0.301402,0.058736,0.645827,0.302318,-0.061232,0.655014,0.317317,0.019199,0.654914,0.317779,-0.01659,0.622388,0.348957,0.130253,0.638902,0.340227,-0.123963,0.646276,0.3076,0.18333,0.67702,0.276884,-0.135645,0.6507,0.262085,0.168075,0.664401,0.221805,-0.039145,0.649929,0.243106,0.177226,0.659841,0.207239,-0.049518,0.646098,0.250687,0.150717,0.654414,0.211915,-0.048919,0.648308,0.258563,0.156663,0.655809,0.219554,-0.03792,0.602692,0.529846,0.082347,0.612849,0.530809,-0.082513,0.616139,0.653091,0.129016,0.649486,0.645869,-0.11084,0.606709,0.788527,0.133275,0.575389,0.627494,-0.007052,0.596822,0.805846,0.130289,0.567974,0.604679,0.009734,0.631969,0.823035,0.115789,0.548348,0.678103,0.053947
HA_Lat_11_6.13.26,306,1280.42,243.12,0,1291.95,241.28,0.8561,1280.42,243.12,0.9142,0.660263,0.306326,0.004227,0.656714,0.296948,0.015573,0.655486,0.29683,0.015427,0.65423,0.296741,0.015471,0.656745,0.297329,-0.01078,0.6557,0.297565,-0.010988,0.654686,0.297631,-0.011058,0.646576,0.30095,0.063548,0.647305,0.301657,-0.056631,0.656915,0.316611,0.025222,0.656767,0.317089,-0.010673,0.625133,0.346685,0.133337,0.640502,0.337748,-0.121416,0.648073,0.311903,0.175687,0.679248,0.27783,-0.128688,0.653134,0.268584,0.15862,0.666886,0.225108,-0.023931,0.653558,0.237836,0.164012,0.662954,0.210757,-0.033495,0.651594,0.258239,0.15041,0.657699,0.216365,-0.032353,0.652775,0.261739,0.151559,0.659101,0.223585,-0.022247,0.605592,0.528331,0.082172,0.614562,0.529687,-0.082337,0.617934,0.652176,0.127889,0.654199,0.643118,-0.115472,0.607171,0.788327,0.127712,0.579326,0.626508,-0.005892,0.59693,0.805713,0.125157,0.571693,0.601886,0.008838,0.631544,0.823224,0.113875,0.55208,0.677182,0.043323
HA_Lat_11_6.13.26,307,1284.5,247.41,0,1296.87,252.08,0.9762,1284.5,247.41,0.9068,0.661561,0.305626,-0.001029,0.658006,0.296171,0.010241,0.656479,0.295861,0.010093,0.655134,0.295722,0.010135,0.658296,0.29663,-0.016106,0.657194,0.29677,-0.016315,0.656255,0.296801,-0.016389,0.647255,0.300004,0.05861,0.648611,0.300907,-0.061567,0.658056,0.315257,0.020146,0.658262,0.316039,-0.01575,0.625745,0.345722,0.129518,0.642856,0.336871,-0.125614,0.647074,0.310092,0.172106,0.683188,0.278847,-0.136087,0.652708,0.268205,0.159929,0.669011,0.229081,-0.034695,0.652926,0.253418,0.165431,0.665686,0.215159,-0.044751,0.652267,0.259243,0.153396,0.661253,0.220518,-0.043368,0.653174,0.261558,0.153549,0.662274,0.227851,-0.033013,0.607705,0.527202,0.082059,0.616527,0.529004,-0.082223,0.61926,0.651472,0.12566,0.65868,0.641158,-0.111241,0.607421,0.787762,0.13314,0.583324,0.624292,-0.000723,0.596942,0.805367,0.130993,0.57628,0.59999,0.012369,0.631755,0.823141,0.1158,0.556999,0.674082,0.051332
HA_Lat_11_6.13.26,308,1304.0,258.0,0,1306.16,255.06,0.9785,1290.92,250.59,0.9046,0.659408,0.302234,0.014772,0.655705,0.292856,0.025485,0.654364,0.29262,0.025345,0.653056,0.292565,0.025385,0.65604,0.293269,-0.00069,0.655098,0.293425,-0.000896,0.654252,0.293505,-0.000956,0.645516,0.297277,0.069753,0.646756,0.297928,-0.049767,0.656348,0.311674,0.034361,0.656769,0.312759,-0.001316,0.624397,0.345997,0.141173,0.644528,0.336788,-0.117309,0.646187,0.317843,0.190147,0.685906,0.281129,-0.118113,0.653485,0.278089,0.194046,0.672354,0.232024,-0.003259,0.6543,0.265961,0.202962,0.669323,0.21711,-0.010297,0.654032,0.267902,0.191589,0.665163,0.222807,-0.008299,0.654699,0.270291,0.188284,0.665738,0.230466,-0.000924,0.608397,0.526114,0.082425,0.619638,0.528249,-0.082584,0.620645,0.650034,0.122295,0.662909,0.638972,-0.10901,0.60775,0.787452,0.107951,0.587123,0.621058,-0.013495,0.597081,0.805358,0.103647,0.580725,0.5966,-0.001852,0.631962,0.823235,0.095232,0.561247,0.671895,0.04998
HA_Lat_11_6.13.26,309,1311.0,264.0,0,1316.24,251.61,0.946,1296.98,254.27,0.8864,0.658678,0.300902,0.032581,0.655236,0.291854,0.04262,0.654,0.291598,0.042479,0.652907,0.291584,0.042515,0.655643,0.292339,0.017522,0.654832,0.292495,0.017317,0.654145,0.292583,0.017256,0.645866,0.296122,0.08292,0.647505,0.297077,-0.031934,0.655827,0.310376,0.05072,0.656357,0.311633,0.016398,0.624323,0.344914,0.151433,0.646366,0.336703,-0.101909,0.647978,0.303636,0.208928,0.689304,0.283217,-0.09941,0.661251,0.257929,0.229717,0.67551,0.235437,0.022926,0.657625,0.253187,0.241911,0.672126,0.219786,0.019116,0.657555,0.254857,0.230532,0.667938,0.225535,0.021893,0.657852,0.257541,0.224474,0.668741,0.232982,0.025828,0.610229,0.524652,0.082534,0.622432,0.527411,-0.082694,0.621765,0.64972,0.113941,0.666891,0.636461,-0.108029,0.608499,0.787342,0.09748,0.590234,0.621022,-0.010868,0.597138,0.805198,0.093261,0.582968,0.596331,0.001255,0.631811,0.823185,0.085074,0.565415,0.674895,0.042596
HA_Lat_11_6.13.26,310,1312.0,261.0,0,1320.46,261.14,0.9423,1300.98,256.89,0.8803,0.659873,0.30054,0.019695,0.656858,0.291286,0.029223,0.65561,0.290759,0.029069,0.654564,0.290641,0.0291,0.657409,0.291947,0.003954,0.656668,0.292051,0.003745,0.656019,0.292091,0.003673,0.647939,0.295146,0.070796,0.64935,0.296395,-0.045423,0.656472,0.309511,0.038303,0.657439,0.311187,0.003625,0.623738,0.344524,0.14439,0.647859,0.336312,-0.11165,0.645165,0.310962,0.246771,0.692305,0.285664,-0.117717,0.656567,0.267663,0.33195,0.677595,0.237862,-0.002657,0.654024,0.25835,0.355571,0.674531,0.222357,-0.006001,0.653704,0.260325,0.342858,0.669883,0.227477,-0.002368,0.653938,0.265154,0.328332,0.670514,0.234378,0.000675,0.611196,0.52462,0.083241,0.625113,0.52755,-0.083406,0.622303,0.650354,0.102491,0.670915,0.634386,-0.10722,0.608983,0.787317,0.077066,0.593998,0.6203,-0.008004,0.597145,0.805041,0.071875,0.586386,0.596519,0.004262,0.631648,0.823169,0.065309,0.570721,0.676275,0.043136
HA_Lat_11_6.13.26,311,1326.0,270.0,0,1328.35,276.37,0.9326,1314.64,260.07,0.8748,0.660762,0.301547,0.038442,0.65719,0.29197,0.04595,0.655756,0.291307,0.045792,0.654489,0.291025,0.045806,0.658303,0.292901,0.021959,0.657561,0.292992,0.021752,0.656965,0.293016,0.021687,0.647981,0.295191,0.077806,0.650645,0.297012,-0.032632,0.657319,0.310558,0.053675,0.658534,0.312067,0.020722,0.62236,0.345625,0.148809,0.649061,0.336683,-0.100777,0.637866,0.315191,0.269181,0.694161,0.286552,-0.106424,0.650989,0.277952,0.375118,0.684709,0.240806,0.003295,0.652641,0.267321,0.402869,0.684526,0.2229,0.001945,0.65146,0.268405,0.388948,0.679856,0.227686,0.007239,0.651684,0.272254,0.371756,0.679431,0.235854,0.007256,0.611162,0.524396,0.083132,0.627599,0.526962,-0.083295,0.624317,0.649408,0.084897,0.673704,0.631393,-0.106548,0.609377,0.786829,0.037635,0.597996,0.622758,-0.044209,0.597127,0.803202,0.030256,0.589659,0.598981,-0.036376,0.631597,0.823587,0.020907,0.575661,0.681102,-0.003585
HA_Lat_11_6.13.26,312,1336.0,284.0,0,1332.49,292.24,0.95,1323.32,269.02,0.8432,0.660183,0.302358,0.05876,0.656634,0.292796,0.063497,0.655146,0.292151,0.063339,0.653736,0.291842,0.063346,0.657938,0.29369,0.041696,0.657426,0.293749,0.041492,0.657017,0.293717,0.041439,0.646915,0.295318,0.083754,0.651136,0.296813,-0.016806,0.656916,0.311437,0.069992,0.658274,0.312703,0.039967,0.621423,0.345885,0.147546,0.650245,0.337068,-0.085077,0.636431,0.318047,0.254816,0.696942,0.290991,-0.079181,0.65044,0.275945,0.353799,0.68923,0.249095,0.045231,0.651051,0.26651,0.379864,0.688752,0.230244,0.048144,0.651457,0.267381,0.367737,0.684256,0.236738,0.052141,0.652004,0.270323,0.350904,0.682927,0.243572,0.049041,0.612263,0.523722,0.08218,0.630339,0.526272,-0.082341,0.626359,0.64925,0.076731,0.676989,0.629117,-0.106011,0.609633,0.786366,0.031872,0.602292,0.625871,-0.068166,0.597186,0.801422,0.02493,0.592155,0.605517,-0.062697,0.631958,0.823599,0.015025,0.58439,0.685047,-0.038786
HA_Lat_11_6.13.26,313,1346.0,289.0,0,1337.34,300.09,0.9378,1333.03,278.74,0.8288,0.659946,0.300726,0.056956,0.65621,0.290802,0.061938,0.654827,0.290242,0.061785,0.653482,0.289999,0.061792,0.657209,0.291621,0.040657,0.656644,0.291662,0.040451,0.656156,0.291653,0.040397,0.646348,0.293276,0.082746,0.650149,0.294816,-0.01501,0.656978,0.309918,0.068285,0.658221,0.311015,0.038994,0.621156,0.345475,0.144247,0.65021,0.337661,-0.082323,0.635356,0.314152,0.247509,0.700906,0.303627,-0.081504,0.649565,0.272442,0.344739,0.694286,0.25809,0.030492,0.650493,0.264318,0.369676,0.69302,0.240358,0.031206,0.650919,0.265795,0.358877,0.688386,0.246316,0.034323,0.651671,0.268623,0.342419,0.68788,0.251567,0.033667,0.613442,0.522097,0.080043,0.630495,0.524731,-0.080213,0.627765,0.648482,0.067172,0.680638,0.626253,-0.103082,0.610612,0.785125,0.013755,0.605992,0.629874,-0.057666,0.597622,0.799407,0.005983,0.594208,0.61013,-0.051313,0.631821,0.823704,-0.005014,0.594508,0.687115,-0.028199
HA_Lat_11_6.13.26,314,1354.0,296.0,0,1346.77,306.59,0.9392,1340.17,289.13,0.7861,0.66045,0.299015,0.043236,0.657017,0.28835,0.047386,0.655697,0.287776,0.047232,0.654353,0.287532,0.047244,0.658169,0.289307,0.026055,0.657815,0.289368,0.025847,0.657508,0.28937,0.025789,0.64661,0.290653,0.07682,0.651944,0.292428,-0.029348,0.657422,0.308094,0.054786,0.658846,0.308947,0.025456,0.620975,0.344539,0.13499,0.65119,0.338317,-0.092318,0.634647,0.316369,0.23158,0.703131,0.317814,-0.091553,0.648973,0.271822,0.326429,0.698003,0.267712,0.019164,0.649851,0.264203,0.349974,0.697067,0.250943,0.019513,0.649992,0.265636,0.339842,0.691951,0.253954,0.021895,0.65139,0.267915,0.324264,0.689982,0.258912,0.022058,0.615157,0.52174,0.077074,0.632236,0.524516,-0.07725,0.630055,0.646709,0.077606,0.682941,0.623647,-0.089407,0.611579,0.784047,0.036212,0.610783,0.633104,-0.048768,0.598291,0.797932,0.029433,0.596236,0.611179,-0.042869,0.631973,0.823693,0.016537,0.602978,0.690413,-0.02361
HA_Lat_11_6.13.26,315,1359.0,316.0,0,1361.86,320.64,0.979,1351.73,299.1,0.7567,0.660715,0.297255,0.035276,0.657019,0.287064,0.040715,0.655788,0.286488,0.040562,0.654557,0.286222,0.040574,0.657857,0.288069,0.019492,0.65736,0.288191,0.019286,0.656902,0.288277,0.019229,0.647146,0.2892,0.07159,0.651268,0.291414,-0.031115,0.657802,0.306245,0.048434,0.658864,0.306968,0.019272,0.621328,0.34483,0.133852,0.651924,0.338805,-0.091285,0.634493,0.318145,0.235799,0.705404,0.331206,-0.088834,0.648748,0.271916,0.334284,0.704024,0.276944,0.019536,0.649551,0.263689,0.358788,0.704162,0.261281,0.019826,0.651036,0.265649,0.347588,0.698627,0.262035,0.023468,0.652073,0.268624,0.331892,0.698154,0.267663,0.02297,0.616845,0.521479,0.075263,0.634301,0.523796,-0.075444,0.631729,0.646532,0.074449,0.685861,0.622189,-0.0822,0.611861,0.783824,0.015491,0.615252,0.634031,-0.04502,0.598701,0.797207,0.006849,0.599521,0.620235,-0.03946,0.63181,0.82386,-0.0082,0.609308,0.698758,-0.020231
HA_Lat_11_6.13.26,316,1367.62,333.78,0,1367.62,333.78,0.9786,1358.69,321.53,0.7104,0.66158,0.293553,0.039541,0.65767,0.284405,0.044072,0.656434,0.283864,0.043923,0.655205,0.28353,0.043928,0.658472,0.285245,0.022748,0.65791,0.285351,0.02254,0.657376,0.285432,0.022479,0.648165,0.286764,0.068721,0.651346,0.289117,-0.031991,0.658707,0.302909,0.051227,0.659554,0.303329,0.022005,0.622311,0.344684,0.132981,0.652928,0.339202,-0.092407,0.634455,0.319335,0.236886,0.706334,0.344735,-0.079966,0.650102,0.27291,0.335176,0.707652,0.297716,0.042285,0.650188,0.26402,0.359435,0.709387,0.283637,0.044224,0.652251,0.266805,0.347955,0.704406,0.284009,0.04761,0.652907,0.270124,0.332634,0.703418,0.288939,0.046061,0.61868,0.520822,0.074066,0.635569,0.52249,-0.074237,0.631111,0.64694,0.076711,0.688971,0.620105,-0.079906,0.612216,0.783782,0.028346,0.619948,0.644452,-0.036134,0.599148,0.797287,0.02106,0.60464,0.635878,-0.028258,0.631527,0.82377,0.007631,0.614695,0.710783,-0.017939
HA_Lat_11_6.13.26,317,1373.13,355.89,0,1373.13,355.89,0.968,1366.96,346.7,0.6967,0.661991,0.294919,0.051504,0.658317,0.285698,0.054299,0.657096,0.285199,0.054163,0.655813,0.284904,0.054173,0.659053,0.286449,0.034102,0.658463,0.286495,0.033892,0.657924,0.286471,0.033841,0.649133,0.288136,0.069951,0.652198,0.289703,-0.023649,0.658937,0.304332,0.061005,0.659814,0.304809,0.033303,0.622487,0.344974,0.132253,0.655143,0.339558,-0.08412,0.634098,0.331658,0.233284,0.708319,0.357777,-0.065741,0.650001,0.276147,0.326193,0.71196,0.321021,0.053333,0.651058,0.266527,0.349086,0.714787,0.306341,0.055771,0.653079,0.269206,0.338304,0.710212,0.305643,0.059355,0.653427,0.272658,0.32381,0.708622,0.310842,0.057242,0.620699,0.521166,0.072161,0.639322,0.522381,-0.072325,0.630995,0.647719,0.081607,0.691575,0.618632,-0.0828,0.611957,0.783547,0.044725,0.62688,0.655772,-0.046682,0.599044,0.796969,0.038683,0.611196,0.65482,-0.040816,0.631367,0.823578,0.028892,0.627487,0.721347,-0.022515
HA_Lat_11_6.13.26,318,1373.61,369.25,0,1376.38,369.48,0.9379,1373.61,369.25,0.7155,0.664045,0.294638,0.045619,0.660682,0.285607,0.048352,0.659602,0.2851,0.048218,0.658485,0.284758,0.048236,0.661466,0.286315,0.02802,0.661005,0.286321,0.027808,0.660592,0.286266,0.027743,0.65149,0.287342,0.067955,0.655162,0.289207,-0.029515,0.660882,0.304308,0.0554,0.661855,0.304619,0.027461,0.622581,0.344196,0.125688,0.65647,0.339622,-0.089836,0.632381,0.348245,0.226564,0.707731,0.368961,-0.066962,0.647099,0.306839,0.320047,0.715419,0.341894,0.057322,0.649358,0.298111,0.343316,0.720321,0.330674,0.059552,0.651767,0.297455,0.333125,0.715718,0.326554,0.063861,0.652748,0.299442,0.318102,0.713887,0.330173,0.062013,0.623219,0.519134,0.07055,0.640924,0.520412,-0.070703,0.631298,0.648857,0.083182,0.694299,0.617401,-0.084134,0.612392,0.782727,0.052008,0.63218,0.669468,-0.045451,0.599332,0.796526,0.046874,0.616376,0.673378,-0.038621,0.63126,0.823563,0.036687,0.637346,0.729601,-0.022292
HA_Lat_11_6.13.26,319,1388.0,385.0,0,1382.77,381.4,0.9434,1375.4,389.0,0.7191,0.665621,0.295464,0.037084,0.662289,0.286377,0.04227,0.661227,0.2859,0.042127,0.660107,0.285587,0.042146,0.662803,0.287001,0.020302,0.662232,0.28697,0.020093,0.6617,0.286859,0.020025,0.652935,0.288064,0.058295,0.655605,0.289235,-0.03394,0.662284,0.304931,0.050213,0.663058,0.305483,0.020029,0.623707,0.3446,0.118105,0.65724,0.339677,-0.094775,0.625992,0.410571,0.209293,0.706367,0.378754,-0.072958,0.640169,0.463755,0.314271,0.716356,0.360188,0.06195,0.642302,0.485333,0.322234,0.72259,0.349553,0.065099,0.646035,0.486915,0.319461,0.718615,0.34607,0.07373,0.646495,0.480002,0.314643,0.715815,0.348948,0.068583,0.625639,0.518397,0.070266,0.642148,0.519888,-0.070414,0.632576,0.64898,0.073834,0.696669,0.616378,-0.083649,0.612769,0.782071,0.052498,0.638206,0.682051,-0.039037,0.599752,0.796294,0.048386,0.622721,0.686516,-0.03159,0.631163,0.823447,0.036378,0.648112,0.739309,-0.01974
HA_Lat_11_6.13.26,320,1389.0,397.0,0,1384.67,397.59,0.923,1381.24,402.35,0.7174,0.668252,0.295665,0.040902,0.664443,0.286184,0.045037,0.663355,0.285757,0.0449,0.66224,0.285481,0.044931,0.665018,0.286523,0.023943,0.664453,0.286352,0.023755,0.663952,0.286094,0.023702,0.654898,0.288106,0.060475,0.657607,0.288657,-0.031343,0.665037,0.305563,0.052335,0.665849,0.305725,0.023587,0.625577,0.344978,0.119109,0.659383,0.340451,-0.094708,0.62503,0.421735,0.181653,0.706356,0.390969,-0.070939,0.637574,0.484517,0.19971,0.719396,0.372549,0.063833,0.639413,0.507773,0.211408,0.725632,0.363922,0.065188,0.643473,0.506859,0.197983,0.721492,0.359097,0.073209,0.643886,0.501761,0.19484,0.718541,0.361778,0.070131,0.627345,0.518712,0.070749,0.644307,0.520377,-0.070898,0.634211,0.649107,0.077834,0.698434,0.617076,-0.08208,0.612765,0.781843,0.058746,0.643166,0.697598,-0.052889,0.599992,0.796093,0.053691,0.628851,0.706838,-0.049197,0.631245,0.823349,0.040006,0.657859,0.749208,-0.047508
HA_Lat_11_6.13.26,321,1389.0,413.0,0,1386.52,410.46,0.9468,1380.28,418.94,0.722,0.670634,0.296138,0.038048,0.667261,0.286413,0.042379,0.666106,0.285984,0.042247,0.664898,0.285616,0.04228,0.667604,0.286583,0.021208,0.666863,0.286487,0.021024,0.666179,0.286387,0.020974,0.657022,0.288683,0.060504,0.659219,0.289417,-0.03253,0.666577,0.306169,0.050137,0.667255,0.3059,0.0214,0.627123,0.345379,0.119508,0.660304,0.340986,-0.096185,0.625513,0.428815,0.155317,0.704381,0.397779,-0.075678,0.638326,0.494914,0.136788,0.718898,0.387909,0.051523,0.639722,0.511698,0.144272,0.726418,0.381868,0.052121,0.643973,0.511386,0.130199,0.722361,0.375014,0.058363,0.643942,0.509623,0.130578,0.719148,0.377028,0.057066,0.630571,0.519172,0.07102,0.647703,0.520888,-0.071172,0.63541,0.649691,0.078799,0.699672,0.618404,-0.074704,0.613154,0.781831,0.050557,0.649884,0.711675,-0.069826,0.600609,0.795239,0.0452,0.635507,0.722375,-0.069555,0.631321,0.823122,0.027997,0.669445,0.759094,-0.078493
HA_Lat_11_6.13.26,322,1387.53,423.27,0,1387.53,423.27,0.9135,1380.97,430.95,0.728,0.674076,0.296551,0.034759,0.670794,0.286913,0.040118,0.669738,0.286493,0.039975,0.668695,0.286144,0.039997,0.670839,0.287121,0.018777,0.669968,0.287009,0.018592,0.669183,0.286851,0.018535,0.660195,0.289006,0.05557,0.661591,0.289439,-0.043289,0.669926,0.306529,0.047794,0.670315,0.306431,0.018565,0.62967,0.345475,0.11916,0.662063,0.342418,-0.106182,0.626894,0.423742,0.198224,0.704142,0.406027,-0.084649,0.640223,0.465763,0.271629,0.719254,0.399028,0.047016,0.642627,0.47726,0.296234,0.726717,0.393814,0.049298,0.646963,0.478322,0.280012,0.722806,0.387537,0.057466,0.647262,0.473889,0.267277,0.719947,0.389548,0.053785,0.632295,0.519545,0.071436,0.649544,0.521296,-0.071566,0.638195,0.649707,0.080622,0.70082,0.619955,-0.078335,0.613626,0.781669,0.054904,0.659104,0.730212,-0.067804,0.601516,0.79492,0.053236,0.645925,0.742793,-0.066115,0.631214,0.823015,0.040142,0.686853,0.771741,-0.078574
HA_Lat_11_6.13.26,323,1384.58,436.85,0,1384.58,436.85,0.9341,1381.07,442.09,0.7302,0.677547,0.29852,0.027947,0.675143,0.287723,0.029263,0.674123,0.287054,0.029146,0.67302,0.286386,0.02919,0.675141,0.287764,0.006842,0.674249,0.287315,0.006639,0.673397,0.286941,0.006588,0.664103,0.289231,0.043225,0.665017,0.289662,-0.059884,0.672755,0.307946,0.039623,0.673078,0.307498,0.009084,0.630373,0.345706,0.109908,0.663562,0.344112,-0.115078,0.63159,0.421372,0.203604,0.703785,0.412039,-0.088947,0.651569,0.442335,0.288955,0.719309,0.409339,0.03655,0.655683,0.447724,0.313083,0.726932,0.40804,0.038665,0.659486,0.447274,0.297179,0.723181,0.400384,0.045346,0.65964,0.444925,0.284538,0.720632,0.400985,0.042527,0.633921,0.519834,0.071662,0.65121,0.521626,-0.07179,0.639608,0.649811,0.073377,0.701089,0.621036,-0.075788,0.614004,0.781416,0.055641,0.668021,0.743296,-0.056339,0.601919,0.794487,0.05351,0.656105,0.759364,-0.05275,0.630922,0.821743,0.039511,0.696346,0.780898,-0.063435
HA_Lat_11_6.13.26,324,1390.0,456.0,0,1387.89,444.5,0.9325,1382.21,452.29,0.7375,0.67928,0.300253,0.033099,0.676787,0.28865,0.035569,0.675855,0.287816,0.035477,0.674872,0.286899,0.035536,0.676385,0.288574,0.012553,0.675308,0.287865,0.012361,0.674261,0.287183,0.012328,0.665718,0.289568,0.051314,0.665738,0.290047,-0.053733,0.674525,0.309639,0.045673,0.674585,0.308873,0.014543,0.632419,0.348896,0.110286,0.665402,0.345855,-0.112215,0.632651,0.433698,0.165657,0.703335,0.415422,-0.089365,0.650659,0.487641,0.141792,0.719901,0.41879,0.02893,0.653844,0.50271,0.147764,0.727556,0.423539,0.02834,0.657076,0.501288,0.133753,0.724466,0.41391,0.033821,0.65736,0.494411,0.135324,0.721928,0.412179,0.03397,0.635935,0.520067,0.071906,0.653472,0.521873,-0.072039,0.641355,0.649894,0.073342,0.701542,0.622225,-0.0751,0.614466,0.781225,0.056037,0.675413,0.760806,-0.067503,0.601911,0.793609,0.053325,0.665363,0.780511,-0.067,0.6309,0.82115,0.038243,0.707193,0.785742,-0.08728
HA_Lat_11_6.13.26,325,1400.0,459.0,0,1387.62,454.1,0.9592,1386.52,456.39,0.7471,0.681163,0.301601,0.028778,0.67862,0.289576,0.030752,0.677724,0.288724,0.030676,0.676773,0.287725,0.030752,0.678108,0.28937,0.007755,0.677014,0.288544,0.007573,0.675974,0.287713,0.007547,0.667481,0.289661,0.048429,0.667401,0.290258,-0.055118,0.676723,0.311248,0.041446,0.676625,0.310224,0.010472,0.635144,0.351886,0.108144,0.667403,0.348349,-0.113501,0.636092,0.443054,0.137671,0.705208,0.421732,-0.090923,0.650165,0.504772,0.096405,0.722145,0.422585,0.027788,0.651929,0.523497,0.099648,0.729193,0.424818,0.027151,0.655051,0.521856,0.086099,0.726482,0.418353,0.031142,0.656162,0.513862,0.089933,0.723644,0.417177,0.032231,0.638467,0.520914,0.071838,0.655898,0.522879,-0.071972,0.642987,0.650629,0.075828,0.70176,0.628637,-0.070602,0.614852,0.78081,0.063457,0.684242,0.771564,-0.058499,0.602006,0.792439,0.062041,0.675165,0.795912,-0.056084,0.6308,0.82111,0.042598,0.718685,0.791755,-0.075552
HA_Lat_11_6.13.26,326,1400.0,459.0,0,1393.42,456.82,0.9713,1388.28,464.18,0.7598,0.684042,0.303119,0.030045,0.68158,0.290609,0.032097,0.680661,0.289686,0.03202,0.679718,0.288561,0.032093,0.681334,0.290351,0.009358,0.680382,0.289418,0.009172,0.6795,0.288439,0.009144,0.670671,0.289818,0.049399,0.67117,0.290449,-0.054771,0.679555,0.312995,0.042701,0.679624,0.31169,0.01204,0.637992,0.352622,0.110853,0.668886,0.34982,-0.111204,0.639292,0.435874,0.153234,0.704973,0.423839,-0.08866,0.651497,0.50152,0.136254,0.723063,0.429794,0.027469,0.653034,0.518455,0.143832,0.730548,0.433082,0.026187,0.655651,0.516993,0.129988,0.727821,0.425217,0.03034,0.656595,0.509687,0.130267,0.725088,0.424005,0.032149,0.641141,0.521172,0.0712,0.65901,0.522933,-0.071346,0.644845,0.651624,0.075826,0.700875,0.634208,-0.065378,0.61503,0.780178,0.061029,0.692495,0.779236,-0.056079,0.602201,0.791981,0.058878,0.684622,0.805529,-0.054545,0.630795,0.821269,0.041129,0.727887,0.796448,-0.074756
HA_Lat_11_6.13.26,327,1402.14,458.38,0,1402.14,458.38,0.9689,1394.46,469.77,0.7741,0.686069,0.305273,0.029646,0.683732,0.292412,0.032013,0.682854,0.29146,0.031939,0.68197,0.290315,0.032017,0.683188,0.292097,0.009132,0.682101,0.291057,0.008945,0.681036,0.28992,0.008918,0.672785,0.290467,0.050026,0.672272,0.290825,-0.054001,0.681874,0.315629,0.042538,0.681724,0.314297,0.012022,0.64055,0.355069,0.111479,0.671739,0.351918,-0.111358,0.642288,0.439644,0.158571,0.706672,0.428942,-0.090533,0.655521,0.505239,0.146243,0.726282,0.434973,0.024927,0.657306,0.521169,0.155642,0.732732,0.43744,0.023353,0.659281,0.516163,0.140522,0.729999,0.430194,0.027997,0.660714,0.513089,0.139919,0.727363,0.429635,0.029776,0.644037,0.523245,0.070885,0.662199,0.525006,-0.071038,0.646668,0.653586,0.077024,0.699479,0.641337,-0.055372,0.615349,0.779928,0.061976,0.698174,0.784168,-0.048213,0.602218,0.791831,0.059415,0.691482,0.812023,-0.050864,0.630782,0.821833,0.042284,0.734787,0.799193,-0.063102
HA_Lat_11_6.13.26,328,1408.7,461.07,0,1408.7,461.07,0.9727,1395.09,473.82,0.7723,0.688585,0.307627,0.032289,0.685795,0.294538,0.035673,0.684978,0.293615,0.035595,0.684141,0.292495,0.035668,0.684993,0.294202,0.012654,0.683804,0.293182,0.012468,0.682666,0.292031,0.012434,0.674892,0.292038,0.055519,0.673903,0.292401,-0.048411,0.684522,0.31831,0.045663,0.684084,0.316907,0.014814,0.644867,0.358177,0.111743,0.673025,0.354533,-0.105325,0.646612,0.445838,0.146435,0.707328,0.433545,-0.084394,0.659026,0.511349,0.102889,0.726612,0.438723,0.03097,0.660856,0.527333,0.10665,0.733514,0.441499,0.029209,0.662845,0.524366,0.092771,0.731035,0.434068,0.033985,0.663625,0.517766,0.096126,0.727975,0.433055,0.035974,0.647372,0.525121,0.070119,0.664875,0.526126,-0.070273,0.647719,0.655676,0.078548,0.698245,0.649224,-0.057273,0.61554,0.779779,0.073509,0.70281,0.790534,-0.047774,0.602117,0.791335,0.072094,0.696598,0.816828,-0.048573,0.630755,0.822025,0.055005,0.739548,0.798949,-0.069002
HA_Lat_11_6.13.26,329,1415.06,465.02,0,1415.06,465.02,0.9733,1402.73,476.46,0.7762,0.690374,0.309071,0.043682,0.687409,0.296195,0.049281,0.68655,0.295463,0.049198,0.6857,0.294556,0.049269,0.68661,0.295878,0.024864,0.685366,0.295055,0.024675,0.684152,0.294082,0.024642,0.676158,0.294751,0.075099,0.674982,0.295101,-0.03468,0.68649,0.320542,0.058584,0.685939,0.319189,0.025814,0.646523,0.360507,0.129177,0.67484,0.357645,-0.095115,0.647497,0.451463,0.152584,0.708662,0.438016,-0.078312,0.661332,0.515398,0.095451,0.730591,0.441165,0.034061,0.663485,0.530455,0.097122,0.737211,0.442375,0.031151,0.666315,0.521749,0.082931,0.734592,0.43453,0.036793,0.666116,0.520892,0.088074,0.73167,0.433894,0.039389,0.650547,0.526148,0.070154,0.66682,0.52688,-0.070309,0.650014,0.65753,0.073472,0.697384,0.655705,-0.063107,0.61566,0.779527,0.065364,0.705854,0.793113,-0.056906,0.602183,0.790783,0.063776,0.700998,0.820883,-0.057556,0.630291,0.822024,0.042477,0.741539,0.797374,-0.087151
HA_Lat_11_6.13.26,330,1415.94,469.69,0,1415.94,469.69,0.9693,1411.2,475.57,0.7848,0.692783,0.312196,0.045933,0.689845,0.299523,0.051462,0.688785,0.298615,0.051369,0.687666,0.297516,0.051436,0.689276,0.299347,0.027236,0.687987,0.298387,0.027045,0.68669,0.29717,0.027006,0.678103,0.296822,0.076892,0.677704,0.297055,-0.031907,0.688406,0.323234,0.060597,0.688157,0.321804,0.027971,0.650764,0.364,0.132976,0.676454,0.359642,-0.093413,0.649879,0.455387,0.155093,0.709822,0.439154,-0.079604,0.663,0.524033,0.099479,0.734998,0.440341,0.030484,0.663538,0.532493,0.101804,0.74109,0.438721,0.027433,0.668816,0.530779,0.08787,0.738106,0.431371,0.0332,0.667397,0.53019,0.092423,0.735181,0.431988,0.035792,0.653636,0.528497,0.070316,0.66917,0.528766,-0.070472,0.65241,0.660132,0.074566,0.697659,0.660326,-0.06508,0.615681,0.779106,0.066353,0.706929,0.793394,-0.055842,0.602172,0.790089,0.065152,0.700947,0.819064,-0.055597,0.629453,0.822105,0.042643,0.743526,0.801643,-0.084573
HA_Lat_11_6.13.26,331,1422.32,473.1,0,1422.32,473.1,0.9618,1417.62,475.36,0.7923,0.694794,0.314866,0.04577,0.691312,0.302096,0.051202,0.690147,0.301286,0.051101,0.689002,0.300368,0.051162,0.691049,0.301966,0.027206,0.689898,0.301119,0.027018,0.688821,0.300055,0.026977,0.679726,0.300032,0.076122,0.680367,0.300052,-0.031549,0.690491,0.326012,0.060138,0.690489,0.324501,0.0278,0.652428,0.366886,0.131773,0.678836,0.363012,-0.092621,0.651981,0.458039,0.145268,0.712904,0.441722,-0.081324,0.664895,0.528201,0.078593,0.738343,0.44015,0.030076,0.66479,0.539864,0.078774,0.744887,0.440312,0.024591,0.671129,0.534091,0.065271,0.742304,0.431862,0.031429,0.669275,0.534458,0.071426,0.739083,0.431884,0.035337,0.656621,0.531351,0.069771,0.673083,0.531376,-0.069931,0.654845,0.662479,0.073562,0.698383,0.662768,-0.060105,0.615618,0.778767,0.064876,0.708446,0.794665,-0.054008,0.602224,0.789044,0.063416,0.70171,0.819879,-0.054037,0.629256,0.822143,0.039715,0.744898,0.806974,-0.076998
HA_Lat_11_6.13.26,332,1426.14,471.83,0,1426.14,471.83,0.9604,1428.62,473.02,0.8077,0.696297,0.316498,0.043365,0.692352,0.303955,0.049293,0.691243,0.303291,0.049193,0.690158,0.30258,0.049256,0.692191,0.303972,0.025033,0.691129,0.303352,0.024843,0.690152,0.302576,0.0248,0.68122,0.303179,0.076845,0.682058,0.303323,-0.032739,0.692307,0.32799,0.058309,0.69239,0.326432,0.025614,0.656327,0.371942,0.134964,0.681136,0.366747,-0.094357,0.653914,0.464031,0.152864,0.714727,0.445294,-0.084322,0.666967,0.534525,0.093713,0.744074,0.437978,0.009772,0.667697,0.543538,0.09557,0.750486,0.435687,0.001587,0.672143,0.538169,0.080504,0.747136,0.427992,0.011895,0.671269,0.538956,0.086174,0.744029,0.428663,0.016593,0.660044,0.533504,0.069914,0.675387,0.534217,-0.070075,0.65804,0.664911,0.068331,0.700252,0.661099,-0.063491,0.61585,0.778466,0.061259,0.710065,0.794101,-0.05652,0.602287,0.786646,0.059706,0.702051,0.818523,-0.056471,0.629181,0.822603,0.034602,0.743755,0.813982,-0.088176
HA_Lat_11_6.13.26,333,1433.09,470.61,0,1433.09,470.61,0.9654,1435.56,473.52,0.8196,0.699092,0.317274,0.039885,0.69501,0.305039,0.046392,0.693988,0.304366,0.046298,0.692974,0.303674,0.046375,0.69472,0.305245,0.021136,0.69364,0.304748,0.020953,0.692626,0.304121,0.020914,0.683989,0.30466,0.076632,0.684477,0.305321,-0.036837,0.695249,0.328875,0.055832,0.695011,0.327545,0.022096,0.659425,0.372855,0.133561,0.682795,0.369565,-0.096998,0.657179,0.462819,0.156279,0.716758,0.447448,-0.088848,0.670702,0.530683,0.110047,0.747688,0.438449,0.009383,0.671475,0.539027,0.113889,0.754197,0.434393,0.003032,0.676938,0.537375,0.099544,0.750991,0.425791,0.012412,0.67503,0.536878,0.103085,0.747908,0.42729,0.016153,0.663851,0.535436,0.069937,0.678895,0.536311,-0.070099,0.661555,0.666683,0.070643,0.703705,0.662066,-0.04015,0.616644,0.77791,0.074572,0.710935,0.794659,-0.017188,0.602536,0.784499,0.073678,0.701954,0.817834,-0.015846,0.629521,0.822698,0.049094,0.74451,0.816974,-0.051288
HA_Lat_11_6.13.26,334,1441.48,469.48,0,1441.48,469.48,0.9737,1441.08,473.62,0.834,0.701247,0.316728,0.030047,0.69693,0.305032,0.037208,0.69582,0.3044,0.037107,0.694725,0.303763,0.037183,0.696818,0.305239,0.012202,0.695756,0.304786,0.012024,0.694749,0.304217,0.011989,0.685902,0.304935,0.071709,0.686721,0.30566,-0.04152,0.697484,0.328443,0.047229,0.697412,0.327177,0.013811,0.661782,0.373393,0.1327,0.684247,0.370873,-0.099381,0.660174,0.462948,0.150188,0.719263,0.448382,-0.095119,0.674357,0.523511,0.091493,0.750561,0.438538,-0.000871,0.674922,0.538423,0.092866,0.757199,0.43363,-0.007491,0.678537,0.537508,0.078626,0.753789,0.424977,0.001376,0.677529,0.537171,0.08424,0.750767,0.426851,0.005667,0.667501,0.536991,0.069832,0.682311,0.538062,-0.069997,0.665802,0.668081,0.071987,0.707178,0.662758,-0.036098,0.618507,0.776258,0.078425,0.711188,0.796044,-0.012082,0.603607,0.781542,0.077561,0.702717,0.817282,-0.01068,0.629926,0.822462,0.053479,0.745067,0.817452,-0.045469
HA_Lat_11_6.13.26,335,1445.49,473.99,0,1447.32,469.18,0.9748,1445.49,473.99,0.844,0.703131,0.319839,0.029078,0.69925,0.308106,0.035531,0.698266,0.30742,0.035429,0.697294,0.306696,0.035499,0.698919,0.308297,0.01152,0.697822,0.307813,0.011341,0.696785,0.307199,0.011304,0.688391,0.307484,0.068265,0.688525,0.308411,-0.041469,0.699431,0.33103,0.045705,0.699153,0.32984,0.013405,0.663828,0.374991,0.128152,0.685326,0.37219,-0.097652,0.664534,0.464918,0.146162,0.721357,0.448379,-0.093837,0.67874,0.530643,0.095621,0.75286,0.438876,0.001855,0.680649,0.544832,0.097887,0.759912,0.433315,-0.003944,0.684196,0.538858,0.084222,0.75655,0.424277,0.004512,0.683446,0.538187,0.088847,0.753723,0.426293,0.008091,0.669876,0.538209,0.068456,0.685572,0.539398,-0.068626,0.671557,0.668987,0.080664,0.711018,0.664259,-0.037317,0.622653,0.773366,0.098534,0.711265,0.797094,-0.009731,0.606538,0.777982,0.099006,0.702897,0.820042,-0.007684,0.632337,0.822062,0.080365,0.744738,0.81863,-0.039342
HA_Lat_11_6.13.26,336,1451.84,472.92,0,1452.68,465.72,0.9876,1451.84,472.92,0.8568,0.706278,0.321253,0.025804,0.702984,0.309479,0.032207,0.701967,0.308746,0.032098,0.700922,0.307966,0.032165,0.702591,0.309598,0.008478,0.701295,0.309023,0.008298,0.69994,0.308311,0.008259,0.691502,0.308212,0.066334,0.690753,0.309148,-0.042164,0.702392,0.332053,0.042908,0.701945,0.331108,0.010981,0.666691,0.375921,0.128052,0.686664,0.37287,-0.098124,0.667463,0.464219,0.149165,0.722953,0.448363,-0.096897,0.682496,0.535134,0.099522,0.756166,0.437888,-0.00951,0.68258,0.542046,0.102092,0.763099,0.43184,-0.017218,0.688021,0.540222,0.087882,0.760519,0.422574,-0.00674,0.687175,0.541842,0.092602,0.75763,0.42479,-0.002745,0.673028,0.539639,0.068465,0.688322,0.540795,-0.068635,0.677592,0.669348,0.086731,0.714346,0.664891,-0.034142,0.627105,0.770795,0.109566,0.711907,0.797424,-0.005211,0.611006,0.774671,0.110661,0.703,0.818329,-0.002896,0.634914,0.822069,0.092602,0.743885,0.819693,-0.034319
HA_Lat_11_6.13.26,337,1458.21,470.58,0,1457.46,466.09,0.9834,1458.21,470.58,0.8678,0.707553,0.320623,0.01597,0.704147,0.309166,0.022759,0.703105,0.308478,0.022644,0.702073,0.307744,0.022713,0.70377,0.309279,-0.001002,0.702505,0.308746,-0.00118,0.701229,0.308074,-0.00122,0.692884,0.308123,0.059049,0.692368,0.309033,-0.048512,0.703703,0.331473,0.033984,0.703237,0.330554,0.002006,0.669726,0.375376,0.125168,0.687536,0.372767,-0.100825,0.673799,0.462382,0.137553,0.724589,0.447332,-0.103871,0.687376,0.528283,0.066919,0.759485,0.435723,-0.02519,0.688095,0.548205,0.066128,0.766166,0.429945,-0.035642,0.691795,0.547776,0.051376,0.763647,0.420707,-0.024629,0.691639,0.540451,0.059362,0.76072,0.422621,-0.018558,0.676215,0.539448,0.068629,0.690576,0.541152,-0.068798,0.682731,0.669891,0.089697,0.716334,0.664586,-0.041862,0.632197,0.768603,0.117806,0.712364,0.79869,-0.014926,0.615582,0.769489,0.119358,0.702368,0.818953,-0.012545,0.636901,0.822076,0.098591,0.745012,0.820653,-0.044747
HA_Lat_11_6.13.26,338,1463.3,469.64,0,1461.81,468.12,0.9761,1463.3,469.64,0.8784,0.710052,0.320972,0.007048,0.707167,0.309397,0.013713,0.706024,0.308627,0.013589,0.704851,0.307792,0.01366,0.706964,0.309558,-0.009981,0.705682,0.308973,-0.010161,0.704318,0.3082,-0.010203,0.695262,0.3078,0.050665,0.694919,0.308692,-0.055892,0.705581,0.331788,0.025559,0.705337,0.330906,-0.006317,0.672014,0.375152,0.119742,0.689286,0.373289,-0.105797,0.678587,0.460776,0.13066,0.726268,0.448114,-0.112343,0.69165,0.526053,0.0577,0.762134,0.434849,-0.040581,0.692528,0.548553,0.05618,0.769331,0.429237,-0.052267,0.695537,0.548277,0.041508,0.767299,0.41997,-0.041361,0.697291,0.539285,0.050116,0.764116,0.421815,-0.034124,0.679381,0.539474,0.068771,0.69349,0.541517,-0.068939,0.687825,0.670205,0.090498,0.717638,0.664913,-0.044316,0.637099,0.764557,0.118998,0.712718,0.798563,-0.018044,0.620328,0.765312,0.120583,0.702545,0.819284,-0.015943,0.639462,0.82205,0.098576,0.744867,0.82069,-0.049535
HA_Lat_11_6.13.26,339,1467.96,467.06,0,1467.34,464.9,0.975,1467.96,467.06,0.888,0.711846,0.320457,0.005457,0.708733,0.309126,0.012329,0.707643,0.308393,0.012206,0.706546,0.307601,0.012273,0.708327,0.309284,-0.011252,0.70691,0.308725,-0.011432,0.705419,0.307973,-0.011473,0.696907,0.30769,0.049525,0.695809,0.308501,-0.056218,0.707779,0.3313,0.024092,0.7073,0.330571,-0.007591,0.676475,0.374754,0.11907,0.690341,0.37305,-0.10611,0.686124,0.46018,0.127837,0.728059,0.448011,-0.111826,0.697024,0.524035,0.046676,0.764562,0.432459,-0.040914,0.700068,0.54706,0.043588,0.772725,0.428204,-0.052494,0.700845,0.542323,0.029523,0.769758,0.417678,-0.042092,0.703042,0.538603,0.039106,0.766465,0.418967,-0.034661,0.682223,0.539338,0.068844,0.696356,0.541308,-0.069008,0.6942,0.670193,0.090147,0.717847,0.666556,-0.047429,0.641969,0.761198,0.110198,0.712406,0.799893,-0.02119,0.62485,0.761898,0.111215,0.702557,0.819274,-0.018988,0.645146,0.82175,0.088775,0.744492,0.822658,-0.056146
HA_Lat_11_6.13.26,340,1471.27,464.78,0,1472.24,462.47,0.982,1471.27,464.78,0.8975,0.712876,0.320091,-0.01154,0.709882,0.308794,-0.005141,0.708755,0.308055,-0.005269,0.707603,0.307274,-0.00521,0.709653,0.308997,-0.028917,0.708376,0.308444,-0.0291,0.707072,0.3077,-0.029134,0.698024,0.307406,0.032931,0.697609,0.308183,-0.073354,0.708413,0.33088,0.007622,0.708303,0.330198,-0.024247,0.678094,0.374211,0.110023,0.690677,0.373001,-0.122207,0.702738,0.456284,0.113501,0.729251,0.446525,-0.132959,0.737511,0.490212,0.022231,0.766287,0.430354,-0.073252,0.744338,0.491516,0.017508,0.774767,0.425949,-0.086772,0.746847,0.488381,0.001613,0.772175,0.415282,-0.077639,0.744855,0.488333,0.013076,0.768485,0.416416,-0.06792,0.68594,0.539026,0.069319,0.698756,0.541001,-0.069485,0.699909,0.670104,0.092629,0.717969,0.668514,-0.044503,0.646127,0.756517,0.129682,0.712025,0.801295,-0.008692,0.629682,0.757948,0.132245,0.702061,0.81984,-0.005925,0.652417,0.819842,0.108401,0.745325,0.821897,-0.048869
HA_Lat_11_6.13.26,341,1473.35,464.13,0,1473.3,462.04,0.9787,1473.35,464.13,0.9056,0.714825,0.319907,-0.033151,0.712434,0.308578,-0.027051,0.711384,0.30784,-0.027177,0.710353,0.307059,-0.027123,0.71219,0.308734,-0.050504,0.710922,0.308152,-0.050686,0.709607,0.307382,-0.050713,0.70059,0.307138,0.012235,0.699485,0.307931,-0.092579,0.710227,0.330607,-0.013422,0.709989,0.329986,-0.044852,0.681027,0.373642,0.092969,0.691411,0.372834,-0.137616,0.712475,0.454569,0.086368,0.729223,0.445584,-0.14738,0.757863,0.438809,-0.017795,0.76737,0.429746,-0.08875,0.766122,0.434717,-0.025749,0.775439,0.425181,-0.102389,0.764544,0.423765,-0.040264,0.772401,0.413847,-0.094469,0.760305,0.424533,-0.026983,0.76876,0.415005,-0.083975,0.688872,0.538689,0.06951,0.70094,0.540665,-0.06968,0.704615,0.669697,0.092817,0.719258,0.669348,-0.045097,0.650688,0.753561,0.125298,0.71197,0.800404,-0.008885,0.635212,0.755084,0.127031,0.701544,0.81924,-0.006273,0.658741,0.818066,0.101953,0.746599,0.820512,-0.048828
HA_Lat_11_6.13.26,342,1475.82,462.54,0,1475.54,460.47,0.9835,1475.82,462.54,0.9122,0.716469,0.319715,-0.014409,0.713633,0.308315,-0.008085,0.712683,0.307578,-0.008209,0.711701,0.306801,-0.008156,0.712972,0.308513,-0.031838,0.711612,0.307977,-0.03202,0.710195,0.307282,-0.032051,0.70145,0.306925,0.027735,0.700117,0.307884,-0.078051,0.712353,0.330462,0.003928,0.711872,0.329733,-0.027878,0.683991,0.373176,0.101061,0.692804,0.37215,-0.12882,0.713606,0.452831,0.103941,0.729614,0.444133,-0.138583,0.756612,0.433062,0.005578,0.768655,0.428274,-0.075847,0.768115,0.429274,-0.000531,0.777666,0.424351,-0.087855,0.767294,0.423108,-0.015104,0.775042,0.412881,-0.080069,0.760878,0.425009,-0.003459,0.770977,0.413894,-0.070911,0.69196,0.538665,0.069601,0.70282,0.540431,-0.069773,0.710578,0.669378,0.084386,0.720988,0.669481,-0.046717,0.656486,0.750343,0.121785,0.712562,0.800258,-0.012652,0.63977,0.751974,0.126311,0.701999,0.819691,-0.010163,0.664548,0.815704,0.090903,0.746979,0.821093,-0.048854
HA_Lat_11_6.13.26,343,1475.15,461.75,0,1476.62,459.44,0.9864,1475.15,461.75,0.9172,0.717794,0.319457,-0.005491,0.715318,0.308079,0.000856,0.714554,0.307359,0.000735,0.713784,0.306604,0.000789,0.714227,0.308285,-0.02283,0.712693,0.307778,-0.023015,0.711117,0.307133,-0.023051,0.703582,0.306754,0.03078,0.700694,0.307826,-0.072359,0.713851,0.330228,0.012203,0.712891,0.329473,-0.019561,0.687253,0.372844,0.109076,0.693593,0.371622,-0.124879,0.723755,0.448211,0.117155,0.729171,0.442755,-0.135213,0.765087,0.426497,0.024302,0.768308,0.427547,-0.083825,0.774853,0.420882,0.018912,0.777841,0.423892,-0.097434,0.773409,0.411341,0.00382,0.775798,0.412056,-0.088878,0.76853,0.412167,0.015056,0.771564,0.41304,-0.078919,0.696295,0.538449,0.069677,0.702871,0.540228,-0.069852,0.717132,0.668932,0.067343,0.7225,0.668156,-0.054396,0.661898,0.748962,0.086118,0.713047,0.800441,-0.030493,0.645163,0.750896,0.087443,0.701811,0.819209,-0.029354,0.670229,0.813931,0.054678,0.747577,0.820574,-0.074962
HA_Lat_11_6.13.26,344,1475.6,460.75,0,1476.69,456.42,0.9858,1475.6,460.75,0.9201,0.71792,0.318978,-0.001254,0.71523,0.307561,0.005441,0.714592,0.306953,0.005322,0.713935,0.306308,0.005375,0.713961,0.307636,-0.018322,0.71248,0.307108,-0.018509,0.710871,0.306419,-0.018548,0.703956,0.306722,0.039571,0.700557,0.307611,-0.071641,0.714709,0.32977,0.016516,0.71363,0.329331,-0.015273,0.691553,0.372767,0.119001,0.694561,0.371322,-0.122671,0.726858,0.444841,0.111152,0.728914,0.441992,-0.133438,0.767128,0.422526,-0.012266,0.768541,0.42662,-0.082001,0.775752,0.416495,-0.02261,0.778098,0.422701,-0.095324,0.774783,0.405668,-0.037393,0.776032,0.411285,-0.087288,0.771166,0.406517,-0.022483,0.771917,0.412348,-0.077159,0.701775,0.538289,0.069706,0.70363,0.540116,-0.069878,0.724063,0.668298,0.047687,0.723411,0.667369,-0.065158,0.668012,0.748245,0.04813,0.71435,0.800008,-0.045348,0.652083,0.750893,0.046776,0.701522,0.819821,-0.044318,0.675212,0.812302,0.011827,0.74787,0.819771,-0.09093
HA_Lat_11_6.13.26,345,1475.41,459.86,0,1475.22,453.82,0.9869,1475.41,459.86,0.9239,0.718669,0.31894,0.001385,0.71609,0.30747,0.007898,0.715558,0.306932,0.007778,0.715026,0.306252,0.007833,0.714755,0.307365,-0.015778,0.713237,0.306761,-0.015963,0.711552,0.305986,-0.016001,0.705036,0.306653,0.048012,0.700964,0.307426,-0.062541,0.715324,0.329744,0.018503,0.714103,0.3293,-0.013164,0.693017,0.372523,0.124997,0.695389,0.371,-0.11931,0.720553,0.444715,0.115316,0.728445,0.440844,-0.133351,0.76344,0.422246,0.003432,0.768441,0.425797,-0.087849,0.771969,0.418128,-0.004404,0.778064,0.42179,-0.10227,0.771049,0.408011,-0.020009,0.77586,0.410648,-0.092607,0.769018,0.40797,-0.00662,0.772093,0.41176,-0.082549,0.705914,0.537964,0.070026,0.704327,0.539655,-0.070185,0.729137,0.666099,0.044661,0.724476,0.666597,-0.087775,0.674275,0.747576,0.049916,0.714832,0.799993,-0.08579,0.658625,0.750396,0.049302,0.701626,0.819548,-0.086151,0.682222,0.808748,0.01972,0.748366,0.821027,-0.132758
HA_Lat_11_6.13.26,346,1474.0,456.0,0,1476.95,454.53,0.9852,1477.52,459.2,0.9302,0.71938,0.318618,0.00263,0.716434,0.307001,0.008186,0.715773,0.306588,0.008057,0.715087,0.306039,0.008132,0.715134,0.3067,-0.015137,0.713462,0.306166,-0.015334,0.711651,0.305485,-0.015384,0.70468,0.306624,0.055146,0.700853,0.307204,-0.051463,0.71582,0.329362,0.020225,0.714633,0.328986,-0.010957,0.694723,0.372378,0.127056,0.696385,0.370819,-0.108044,0.712553,0.449012,0.12115,0.72909,0.440472,-0.129103,0.739414,0.498313,0.028757,0.769544,0.425185,-0.077753,0.746855,0.508889,0.023603,0.778967,0.421696,-0.092711,0.746708,0.503938,0.00787,0.776109,0.410369,-0.081624,0.744456,0.49743,0.019734,0.772967,0.411656,-0.071823,0.709452,0.537879,0.06994,0.705357,0.539472,-0.070084,0.736183,0.663255,0.033862,0.724597,0.666019,-0.091179,0.679793,0.747553,0.041674,0.715112,0.799242,-0.092719,0.664502,0.750264,0.041411,0.702685,0.819417,-0.093259,0.689712,0.806083,0.01122,0.748269,0.821612,-0.141275
HA_Lat_11_6.13.26,347,1474.0,456.0,0,1476.44,451.49,0.9839,1479.45,459.04,0.9356,0.719849,0.317656,0.001183,0.716978,0.305804,0.00882,0.716575,0.305388,0.008692,0.71618,0.304822,0.008765,0.715349,0.305509,-0.014418,0.713605,0.305024,-0.014616,0.711814,0.304351,-0.014667,0.706257,0.30622,0.056781,0.701017,0.306894,-0.047677,0.716985,0.32872,0.02108,0.715129,0.328469,-0.010105,0.699382,0.372236,0.128572,0.696569,0.370319,-0.103316,0.711961,0.451105,0.123691,0.729329,0.439809,-0.12629,0.731592,0.508077,0.023537,0.770545,0.425034,-0.082968,0.735893,0.519465,0.015997,0.78004,0.421565,-0.099437,0.736593,0.514282,0.000827,0.776451,0.409345,-0.088749,0.734823,0.507589,0.014608,0.773266,0.410276,-0.07727,0.712967,0.537756,0.069877,0.705658,0.539373,-0.07001,0.741977,0.662184,0.033119,0.724787,0.6656,-0.093094,0.685977,0.74838,0.046972,0.715296,0.798684,-0.08935,0.669566,0.751332,0.047085,0.703653,0.819058,-0.08945,0.695704,0.803865,0.016131,0.747618,0.821857,-0.138862
HA_Lat_11_6.13.26,348,1472.0,455.0,0,1474.96,452.5,0.9832,1478.22,458.69,0.941,0.720414,0.316274,-0.001603,0.71738,0.3045,0.007774,0.717081,0.303988,0.007644,0.716792,0.303397,0.007715,0.715367,0.304277,-0.014903,0.713604,0.303798,-0.015099,0.711836,0.303201,-0.015149,0.707371,0.305558,0.057854,0.701098,0.306666,-0.043103,0.717945,0.32768,0.020538,0.715594,0.327294,-0.010025,0.703691,0.372299,0.128054,0.696242,0.369294,-0.097249,0.712966,0.452967,0.114594,0.728848,0.43931,-0.1262,0.726988,0.512421,-0.002234,0.769906,0.424717,-0.097772,0.730756,0.527236,-0.013584,0.779892,0.421069,-0.116043,0.731869,0.52122,-0.027258,0.776285,0.40823,-0.105242,0.730003,0.514116,-0.01094,0.773019,0.408777,-0.092216,0.716319,0.538115,0.068935,0.706365,0.53927,-0.069041,0.746578,0.661319,0.033257,0.724132,0.665271,-0.093087,0.693059,0.749236,0.057254,0.715299,0.799296,-0.093261,0.674987,0.751442,0.055632,0.704316,0.819816,-0.093921,0.700581,0.803056,0.029159,0.747321,0.821639,-0.145101
HA_Lat_11_6.13.26,349,1472.0,455.0,0,1475.14,452.29,0.9798,1478.69,458.29,0.9462,0.71992,0.313375,-0.03258,0.717711,0.30207,-0.018993,0.717966,0.30159,-0.019135,0.718236,0.301085,-0.019057,0.714865,0.301939,-0.038298,0.712878,0.301624,-0.038504,0.71088,0.30124,-0.038556,0.711449,0.304446,0.05161,0.701002,0.305571,-0.0418,0.718425,0.325198,-0.003092,0.714996,0.325412,-0.029242,0.708365,0.371823,0.127517,0.695688,0.367927,-0.087591,0.715646,0.453462,0.118257,0.728343,0.439213,-0.125439,0.723504,0.514184,0.004974,0.770151,0.424344,-0.117765,0.727782,0.541432,-0.006882,0.779357,0.420706,-0.13842,0.728909,0.532048,-0.020366,0.776332,0.407793,-0.129006,0.727401,0.523536,-0.003404,0.773434,0.408238,-0.11308,0.719868,0.538249,0.067853,0.707268,0.539277,-0.067952,0.751788,0.661178,0.03274,0.725122,0.665135,-0.103375,0.698856,0.750006,0.086019,0.715205,0.799641,-0.095381,0.681441,0.752882,0.091153,0.70462,0.820882,-0.095261,0.706953,0.798944,0.061106,0.747536,0.821856,-0.152165
HA_Lat_11_6.13.26,350,1472.0,455.0,0,1473.8,452.27,0.984,1477.84,457.44,0.9511,0.719633,0.310491,-0.046532,0.718345,0.299862,-0.031238,0.719087,0.299456,-0.031378,0.719857,0.299067,-0.031299,0.714338,0.299661,-0.049271,0.712141,0.299372,-0.049486,0.710083,0.299045,-0.049544,0.714857,0.303629,0.048393,0.700849,0.304162,-0.038736,0.719058,0.322592,-0.013819,0.714418,0.323146,-0.038415,0.711555,0.371539,0.129473,0.695371,0.365823,-0.076206,0.717762,0.4536,0.135561,0.727821,0.439145,-0.123313,0.721516,0.520205,0.015187,0.769707,0.42356,-0.120965,0.727313,0.546042,0.006048,0.779058,0.420509,-0.142352,0.727242,0.53915,-0.010371,0.776366,0.407335,-0.13287,0.725763,0.533471,0.008718,0.773398,0.407535,-0.116403,0.721677,0.538166,0.066725,0.708252,0.539197,-0.066831,0.755479,0.660887,0.030044,0.724773,0.664873,-0.09835,0.703944,0.750543,0.09412,0.715293,0.799275,-0.083169,0.688647,0.753681,0.100118,0.705252,0.820639,-0.08231,0.715269,0.796461,0.069126,0.747754,0.821664,-0.138873
HA_Lat_11_6.13.26,351,1468.0,453.0,0,1473.46,451.43,0.9827,1477.97,455.65,0.9543,0.719564,0.310524,-0.048611,0.719347,0.299672,-0.033104,0.720529,0.299306,-0.033237,0.721776,0.29897,-0.033155,0.714276,0.299262,-0.0496,0.711812,0.298738,-0.049817,0.709498,0.298229,-0.049866,0.717782,0.303617,0.046627,0.700804,0.303237,-0.031422,0.71992,0.322258,-0.016396,0.713929,0.322805,-0.039069,0.718217,0.371508,0.128773,0.69502,0.364918,-0.066871,0.726436,0.453427,0.092292,0.727412,0.438954,-0.100603,0.728768,0.514228,-0.062901,0.769778,0.421902,-0.093922,0.731088,0.543387,-0.083227,0.779089,0.419786,-0.11136,0.7302,0.52569,-0.093189,0.776133,0.406642,-0.103435,0.728962,0.515736,-0.070786,0.77309,0.406516,-0.089313,0.724404,0.538083,0.064434,0.708713,0.539149,-0.064568,0.757213,0.660545,0.027745,0.724855,0.664871,-0.099926,0.709518,0.750952,0.097219,0.715094,0.798688,-0.092062,0.695301,0.755918,0.103117,0.705596,0.820005,-0.092158,0.721917,0.797662,0.071327,0.747581,0.821914,-0.152966
HA_Lat_11_6.13.26,352,1468.0,453.0,0,1468.96,453.37,0.9728,1476.39,453.66,0.9563,0.719094,0.310071,-0.063193,0.719986,0.299384,-0.046697,0.721605,0.299158,-0.046812,0.723212,0.298922,-0.046724,0.713747,0.298479,-0.062382,0.711077,0.298007,-0.062594,0.708753,0.297664,-0.06263,0.721151,0.303632,0.038536,0.700717,0.303099,-0.034618,0.720774,0.321693,-0.02933,0.713507,0.321962,-0.05102,0.722996,0.371787,0.122283,0.695041,0.364206,-0.071262,0.730116,0.450392,0.053107,0.727235,0.438142,-0.100496,0.733527,0.433382,-0.133682,0.768953,0.420055,-0.084892,0.732943,0.417993,-0.159026,0.778125,0.4186,-0.101405,0.731424,0.408268,-0.164642,0.77505,0.405645,-0.094265,0.730718,0.409859,-0.140816,0.772035,0.405251,-0.080562,0.725686,0.538068,0.064672,0.708686,0.539006,-0.064811,0.760048,0.658645,0.032454,0.724789,0.664706,-0.107706,0.718217,0.753384,0.096377,0.715358,0.797839,-0.11446,0.704704,0.763113,0.100996,0.705925,0.818916,-0.116462,0.739026,0.798615,0.068162,0.74681,0.822276,-0.179863
HA_Lat_11_6.13.26,353,1464.0,453.0,0,1468.03,451.85,0.9734,1475.56,452.68,0.9598,0.719001,0.308814,-0.076928,0.720565,0.298516,-0.059979,0.722746,0.298655,-0.060117,0.7246,0.298674,-0.060033,0.713467,0.297257,-0.073564,0.710797,0.29699,-0.073784,0.708329,0.296853,-0.073842,0.72339,0.303621,0.02684,0.700913,0.302753,-0.036474,0.721298,0.320928,-0.042566,0.713264,0.320779,-0.061556,0.726134,0.371955,0.114019,0.694902,0.364158,-0.068666,0.727911,0.450028,0.054737,0.727118,0.437101,-0.102465,0.73268,0.485029,-0.048969,0.76852,0.419149,-0.126406,0.72999,0.505978,-0.084376,0.777109,0.416964,-0.150002,0.72756,0.497541,-0.090745,0.774135,0.404806,-0.143021,0.728086,0.488708,-0.051667,0.77135,0.404807,-0.123454,0.729155,0.538028,0.062146,0.708827,0.538942,-0.06228,0.761777,0.657471,0.023586,0.72473,0.664574,-0.102532,0.725884,0.758303,0.09349,0.714627,0.797303,-0.100524,0.714462,0.772941,0.097426,0.705196,0.818089,-0.101638,0.749474,0.799653,0.062697,0.745896,0.822127,-0.168442
HA_Lat_11_6.13.26,354,1464.0,450.0,0,1466.04,450.13,0.98,1473.56,451.8,0.9633,0.718484,0.307554,-0.086957,0.720385,0.297711,-0.069868,0.723149,0.29792,-0.070007,0.725324,0.298114,-0.069931,0.713033,0.296893,-0.082234,0.710371,0.296801,-0.082455,0.707922,0.296816,-0.082521,0.725366,0.303606,0.017648,0.701553,0.302731,-0.038075,0.721478,0.319916,-0.052281,0.713214,0.320038,-0.069628,0.729175,0.373119,0.104831,0.694599,0.363962,-0.065605,0.728933,0.449689,0.078735,0.725934,0.436154,-0.104666,0.729368,0.504196,-0.018005,0.76748,0.418331,-0.135689,0.729733,0.530316,-0.059952,0.776081,0.415264,-0.160276,0.726727,0.521764,-0.065258,0.773235,0.403329,-0.153856,0.728009,0.51222,-0.018963,0.770383,0.404002,-0.133158,0.731901,0.537981,0.058915,0.709214,0.538903,-0.059041,0.763727,0.657219,0.018447,0.724809,0.664474,-0.107096,0.732237,0.762684,0.091792,0.714182,0.796795,-0.106324,0.721841,0.779276,0.095648,0.705036,0.817434,-0.10777,0.753993,0.800594,0.057998,0.745014,0.82196,-0.178051
HA_Lat_11_6.13.26,355,1464.0,450.0,0,1462.85,450.55,0.9753,1472.21,450.71,0.966,0.718383,0.306171,-0.072872,0.720648,0.296951,-0.056855,0.72351,0.297266,-0.056997,0.726075,0.297645,-0.056923,0.713107,0.296307,-0.069165,0.710378,0.296369,-0.069388,0.707843,0.296562,-0.069459,0.726602,0.303594,0.023628,0.702464,0.302672,-0.029928,0.722084,0.318827,-0.040479,0.713406,0.319066,-0.05785,0.731289,0.37366,0.106656,0.694422,0.36396,-0.054625,0.729316,0.450435,0.106476,0.724059,0.435468,-0.096161,0.726983,0.510309,0.041198,0.766775,0.417322,-0.12113,0.728768,0.539456,0.025562,0.775481,0.413518,-0.144236,0.726403,0.52523,0.0143,0.772678,0.401795,-0.137399,0.727017,0.520856,0.03625,0.769722,0.403176,-0.118375,0.733708,0.537965,0.056271,0.709661,0.538886,-0.056396,0.764706,0.657321,0.020588,0.724829,0.664681,-0.098412,0.735954,0.769347,0.090636,0.714469,0.796429,-0.086611,0.725618,0.786225,0.094203,0.705527,0.816928,-0.088418,0.759116,0.801161,0.050024,0.744675,0.822228,-0.151737
HA_Lat_11_6.13.26,356,1457.23,450.82,0,1457.23,450.82,0.9729,1471.56,449.59,0.9681,0.71843,0.305456,-0.066646,0.721218,0.29647,-0.050826,0.724152,0.296837,-0.050966,0.726952,0.297291,-0.050899,0.713389,0.295999,-0.062082,0.710655,0.296154,-0.062306,0.708058,0.296408,-0.062383,0.727816,0.303585,0.027059,0.7034,0.302601,-0.020384,0.722823,0.318331,-0.035282,0.713796,0.318521,-0.051348,0.734058,0.373864,0.106677,0.694377,0.363986,-0.041826,0.731228,0.453781,0.128968,0.722198,0.435408,-0.082912,0.72749,0.51663,0.078447,0.766435,0.416289,-0.112984,0.727894,0.543939,0.071062,0.774952,0.411941,-0.135784,0.726588,0.534777,0.058235,0.772153,0.400663,-0.128955,0.727007,0.526447,0.07276,0.76917,0.402364,-0.110371,0.736473,0.537664,0.051813,0.709841,0.538576,-0.05194,0.767178,0.657421,0.018847,0.724783,0.664977,-0.085577,0.741595,0.77018,0.092748,0.714193,0.796226,-0.054602,0.731675,0.786356,0.097117,0.705409,0.816654,-0.054047,0.766192,0.803352,0.048586,0.744531,0.82403,-0.137564
HA_Lat_11_6.13.26,357,1456.98,449.1,0,1456.98,449.1,0.9781,1470.79,448.83,0.9697,0.718528,0.305407,-0.068375,0.721689,0.296312,-0.052495,0.72461,0.296849,-0.052633,0.7276,0.297335,-0.052563,0.713723,0.295948,-0.06275,0.710979,0.296218,-0.062977,0.708486,0.296479,-0.063061,0.729202,0.303655,0.026968,0.704192,0.302777,-0.019502,0.723949,0.318276,-0.036478,0.714238,0.318462,-0.05126,0.735998,0.374075,0.105882,0.694715,0.363971,-0.042144,0.73273,0.453831,0.128613,0.720092,0.435322,-0.090097,0.727004,0.513255,0.065708,0.766035,0.415581,-0.137548,0.727268,0.53955,0.057332,0.774591,0.410749,-0.164018,0.726496,0.531368,0.044386,0.771883,0.400087,-0.156799,0.726887,0.522635,0.059479,0.768781,0.40219,-0.135448,0.737508,0.536707,0.05056,0.70996,0.53757,-0.050686,0.768391,0.657512,0.016278,0.724629,0.664989,-0.07562,0.746734,0.772354,0.080415,0.714167,0.796039,-0.041421,0.737479,0.790598,0.083232,0.705693,0.816403,-0.040614,0.771312,0.805584,0.018175,0.744254,0.823712,-0.127163
HA_Lat_11_6.13.26,358,1455.2,448.88,0,1455.2,448.88,0.9794,1470.56,447.22,0.9707,0.719691,0.305434,-0.059244,0.723034,0.295997,-0.043993,0.725874,0.296621,-0.044128,0.728959,0.297175,-0.044062,0.71498,0.295946,-0.055985,0.712149,0.296295,-0.056204,0.709757,0.296541,-0.056279,0.730569,0.303621,0.028844,0.70558,0.302993,-0.010382,0.725755,0.318244,-0.028499,0.715765,0.318466,-0.045968,0.738765,0.373992,0.107594,0.694866,0.363969,-0.032403,0.734232,0.453542,0.128792,0.717376,0.435266,-0.090043,0.728457,0.514082,0.063108,0.765918,0.414088,-0.143404,0.72744,0.536198,0.053755,0.774285,0.409717,-0.170274,0.727031,0.528033,0.041206,0.77156,0.399408,-0.162471,0.727418,0.519394,0.056923,0.768459,0.401639,-0.141226,0.739768,0.534582,0.04804,0.71029,0.535061,-0.048162,0.768809,0.657633,0.006459,0.724534,0.664995,-0.072389,0.751843,0.773867,0.065248,0.714361,0.795853,-0.0436,0.742055,0.793916,0.067279,0.705671,0.816156,-0.043333,0.777133,0.807181,0.000376,0.743976,0.823958,-0.126633
HA_Lat_11_6.13.26,359,1455.15,448.12,0,1455.15,448.12,0.9824,1470.46,446.83,0.9693,0.722175,0.305628,-0.051807,0.724869,0.296101,-0.033827,0.727379,0.296686,-0.033966,0.730247,0.297215,-0.033908,0.717426,0.296021,-0.040462,0.714541,0.296327,-0.040687,0.711843,0.296729,-0.040779,0.730901,0.303655,0.043619,0.707453,0.303939,0.002559,0.727314,0.318221,-0.019803,0.71844,0.318467,-0.030389,0.740785,0.374149,0.108174,0.695049,0.364153,-0.0234,0.73606,0.453242,0.127968,0.715592,0.435067,-0.087,0.731786,0.517937,0.054265,0.765863,0.413731,-0.14329,0.730514,0.538343,0.044998,0.774244,0.409768,-0.17055,0.730581,0.529966,0.03226,0.771334,0.399606,-0.16279,0.730756,0.521066,0.047614,0.768259,0.401648,-0.141373,0.742059,0.533081,0.045879,0.710976,0.533101,-0.045994,0.769056,0.658441,0.008628,0.724355,0.665044,-0.071091,0.755666,0.775904,0.06624,0.714303,0.795696,-0.040359,0.745488,0.797117,0.068191,0.705748,0.815978,-0.039911,0.781753,0.808941,0.003661,0.743886,0.823605,-0.124074
HA_Lat_11_6.13.26,360,1452.53,446.39,0,1452.53,446.39,0.9824,1466.28,446.87,0.9695,0.72319,0.305697,-0.037374,0.726276,0.29624,-0.018957,0.728775,0.29689,-0.01909,0.731725,0.297459,-0.01903,0.718664,0.296216,-0.025462,0.71559,0.296638,-0.025681,0.713041,0.297132,-0.025764,0.732728,0.303848,0.060224,0.708947,0.30464,0.019902,0.728324,0.318309,-0.005343,0.719505,0.31854,-0.015488,0.742846,0.374538,0.11588,0.695043,0.364585,-0.003571,0.740846,0.452941,0.127586,0.713343,0.434917,-0.073395,0.734983,0.51445,0.051675,0.763687,0.413771,-0.141582,0.733275,0.537822,0.038772,0.772488,0.409942,-0.170081,0.733206,0.529154,0.028553,0.770788,0.399723,-0.162561,0.73333,0.520271,0.043955,0.76773,0.40166,-0.140034,0.744133,0.531732,0.042742,0.711682,0.532048,-0.04286,0.769,0.660081,0.004148,0.724197,0.665094,-0.071684,0.760194,0.77761,0.064657,0.714137,0.795577,-0.044007,0.750501,0.798805,0.066657,0.705367,0.816103,-0.043965,0.785406,0.8101,-0.002623,0.743639,0.823382,-0.129071
HA_Lat_11_6.13.26,361,1449.9,445.45,0,1449.9,445.45,0.9825,1463.5,446.84,0.9692,0.724458,0.305715,-0.047077,0.727552,0.296333,-0.030077,0.730208,0.296977,-0.030213,0.73306,0.297506,-0.030148,0.719539,0.296371,-0.034859,0.716326,0.296896,-0.035077,0.713855,0.297502,-0.035178,0.733927,0.303846,0.054147,0.710096,0.305057,0.004113,0.72928,0.318333,-0.015278,0.720455,0.318601,-0.022317,0.74551,0.374478,0.107683,0.695238,0.36515,-0.016154,0.746973,0.452807,0.108245,0.711441,0.43485,-0.081666,0.7409,0.521208,0.021488,0.76224,0.41374,-0.157552,0.739155,0.544222,0.006055,0.771576,0.410213,-0.187239,0.738649,0.535936,-0.005186,0.77026,0.400167,-0.179523,0.738704,0.526249,0.014972,0.767058,0.401699,-0.156109,0.745961,0.530954,0.040767,0.71259,0.531516,-0.040887,0.7688,0.662501,0.011143,0.724106,0.665623,-0.064202,0.7648,0.77979,0.07068,0.714033,0.795508,-0.028405,0.757387,0.800271,0.073141,0.705094,0.816412,-0.027856,0.787457,0.812393,0.008589,0.742815,0.823182,-0.119962
HA_Lat_11_6.13.26,362,1448.62,444.1,0,1448.62,444.1,0.983,1459.42,446.87,0.9709,0.725827,0.305841,-0.046158,0.728621,0.296352,-0.029785,0.731321,0.297003,-0.029921,0.734163,0.297532,-0.029855,0.720756,0.296412,-0.035158,0.717574,0.29692,-0.035378,0.714976,0.29759,-0.035472,0.734864,0.303853,0.05201,0.711358,0.305249,0.006178,0.730351,0.318402,-0.015207,0.721763,0.318649,-0.023467,0.747893,0.374423,0.106912,0.695602,0.365748,-0.014257,0.751916,0.452686,0.099503,0.710006,0.435177,-0.087662,0.75322,0.525956,0.002886,0.760115,0.41377,-0.194969,0.755299,0.549412,-0.013732,0.76972,0.410648,-0.228281,0.753722,0.543617,-0.026902,0.769104,0.400312,-0.219546,0.752528,0.533648,-0.004407,0.765925,0.401705,-0.193798,0.748132,0.530423,0.039886,0.713899,0.531107,-0.040007,0.768752,0.664452,0.015028,0.724166,0.666124,-0.062568,0.768953,0.78199,0.074274,0.714019,0.795475,-0.028173,0.763428,0.80219,0.076242,0.704887,0.816566,-0.027956,0.78869,0.814881,0.006888,0.742536,0.823016,-0.120026
HA_Lat_11_6.13.26,363,1447.54,447.81,0,1447.54,447.81,0.9753,1453.48,446.72,0.9706,0.726432,0.305955,-0.04484,0.729377,0.296438,-0.029755,0.732138,0.297054,-0.029889,0.735054,0.297559,-0.029825,0.721425,0.296488,-0.034084,0.718349,0.296975,-0.034298,0.715699,0.297608,-0.034392,0.735864,0.303849,0.052938,0.712218,0.305229,0.013602,0.731088,0.318469,-0.014982,0.722195,0.318699,-0.022973,0.750683,0.374361,0.108001,0.696321,0.366213,-0.006735,0.754686,0.454509,0.104494,0.707848,0.435276,-0.093525,0.758763,0.530705,0.012559,0.757022,0.413629,-0.210968,0.763038,0.558264,-0.000498,0.76749,0.410657,-0.245675,0.761991,0.554528,-0.013709,0.7671,0.400332,-0.236031,0.760198,0.544339,0.005425,0.76348,0.401579,-0.209753,0.750718,0.529769,0.038764,0.715324,0.529911,-0.03889,0.767983,0.666175,0.013864,0.724202,0.666083,-0.065099,0.772365,0.784461,0.070041,0.71389,0.795774,-0.03663,0.768214,0.804216,0.070833,0.704704,0.816898,-0.036736,0.790196,0.817457,-0.013584,0.742367,0.822933,-0.134419
HA_Lat_11_6.13.26,364,1449.57,446.73,0,1445.27,443.46,0.9879,1449.57,446.73,0.9718,0.727641,0.305961,-0.054062,0.730615,0.296345,-0.038353,0.73324,0.296863,-0.038494,0.736126,0.297374,-0.03843,0.722795,0.296462,-0.043967,0.719827,0.296967,-0.044177,0.717179,0.297614,-0.044288,0.737035,0.303627,0.043015,0.713491,0.305186,0.00251,0.732625,0.318475,-0.023679,0.723444,0.31873,-0.032454,0.754094,0.374318,0.100003,0.697212,0.366553,-0.017001,0.759078,0.457203,0.106283,0.70701,0.436064,-0.111761,0.768107,0.538425,0.023082,0.754982,0.413638,-0.231884,0.769964,0.561441,0.009638,0.766184,0.410685,-0.267278,0.771903,0.563328,-0.009369,0.765788,0.400345,-0.257155,0.769902,0.553474,0.0151,0.762001,0.401509,-0.230575,0.753697,0.529322,0.037772,0.717492,0.529927,-0.037886,0.767448,0.667338,0.016872,0.724307,0.666153,-0.059142,0.775644,0.786514,0.073991,0.713862,0.796031,-0.018592,0.772351,0.805797,0.073838,0.704702,0.816984,-0.018006,0.790055,0.820116,-0.006614,0.74235,0.823013,-0.12172
HA_Lat_11_6.13.26,365,1448.3,446.75,0,1443.82,443.91,0.9883,1448.3,446.75,0.9724,0.728541,0.306051,-0.072281,0.731783,0.296381,-0.056379,0.734375,0.296842,-0.056522,0.737187,0.297318,-0.056454,0.723643,0.296506,-0.062709,0.720667,0.296995,-0.062923,0.718218,0.297689,-0.063043,0.738575,0.303325,0.025551,0.714587,0.305215,0.000308,0.734108,0.318518,-0.040777,0.724606,0.318751,-0.050319,0.756101,0.37427,0.087641,0.69848,0.366897,-0.023763,0.761225,0.459483,0.097591,0.706159,0.437085,-0.125376,0.770715,0.539416,0.022382,0.754325,0.413657,-0.251669,0.77256,0.561222,0.009389,0.765838,0.410964,-0.288998,0.774557,0.564315,-0.008576,0.765421,0.400361,-0.278805,0.772592,0.555129,0.01431,0.761461,0.401339,-0.250568,0.755704,0.529398,0.036383,0.719584,0.529944,-0.036494,0.767283,0.668767,0.018662,0.724227,0.666292,-0.056564,0.778513,0.788062,0.075028,0.713799,0.796146,-0.011951,0.776319,0.807299,0.073879,0.70467,0.817004,-0.011193,0.790718,0.822544,-0.012036,0.742304,0.822968,-0.116404
HA_Lat_11_6.13.26,366,1446.23,446.77,0,1442.96,445.5,0.9899,1446.23,446.77,0.9697,0.72974,0.306134,-0.106874,0.733055,0.296394,-0.092086,0.735688,0.296852,-0.09224,0.738435,0.297328,-0.092177,0.724972,0.296605,-0.097405,0.722048,0.297194,-0.097615,0.719702,0.297939,-0.097742,0.740219,0.3033,-0.012217,0.716324,0.305292,-0.033891,0.735342,0.318558,-0.075625,0.725803,0.318776,-0.083918,0.758972,0.374401,0.051804,0.699856,0.367396,-0.027576,0.765125,0.461338,0.066299,0.706296,0.43896,-0.142978,0.777044,0.542438,-0.000449,0.753245,0.413674,-0.279184,0.779706,0.563588,-0.013793,0.764216,0.410876,-0.31866,0.782032,0.567144,-0.033669,0.763257,0.400041,-0.309903,0.778637,0.557584,-0.009215,0.759395,0.401115,-0.279298,0.756624,0.529471,0.032117,0.720813,0.530437,-0.032217,0.766834,0.669284,0.018951,0.724171,0.666633,-0.047925,0.781143,0.789429,0.076551,0.713722,0.79613,0.003995,0.781102,0.807874,0.074907,0.704568,0.817108,0.005082,0.78843,0.824451,-0.01762,0.741808,0.822893,-0.103561
HA_Lat_11_6.13.26,367,1444.77,446.25,0,1442.71,447.23,0.9872,1444.77,446.25,0.9663,0.730362,0.306086,-0.10486,0.733475,0.296431,-0.09032,0.736644,0.296885,-0.090468,0.739298,0.297339,-0.090413,0.72589,0.296641,-0.095324,0.723386,0.297229,-0.095527,0.721034,0.297974,-0.095647,0.741867,0.303331,-0.013385,0.717854,0.305525,-0.035834,0.735996,0.318586,-0.074733,0.726382,0.318806,-0.082624,0.760017,0.374658,0.048038,0.700864,0.368284,-0.031751,0.76687,0.461488,0.066082,0.705438,0.439411,-0.139203,0.781918,0.545784,0.004627,0.752486,0.413191,-0.273504,0.784725,0.566574,-0.007619,0.762292,0.409811,-0.312229,0.787054,0.570495,-0.027464,0.76101,0.398498,-0.303508,0.783163,0.560217,-0.00412,0.757614,0.400091,-0.273764,0.75772,0.52957,0.029669,0.721554,0.530582,-0.029773,0.766751,0.669694,0.018085,0.724105,0.667028,-0.044325,0.782646,0.791362,0.079516,0.71372,0.796139,0.014699,0.782718,0.808967,0.078482,0.704523,0.817074,0.016518,0.786386,0.826723,-0.01677,0.741735,0.822861,-0.091427
HA_Lat_11_6.13.26,368,1444.58,445.93,0,1440.43,449.11,0.9866,1444.58,445.93,0.9568,0.731503,0.305846,-0.094964,0.734696,0.296252,-0.080219,0.738103,0.296742,-0.08036,0.740753,0.297284,-0.080302,0.726948,0.296595,-0.085613,0.724609,0.297242,-0.085818,0.722222,0.297987,-0.085932,0.743385,0.30327,-0.003193,0.719177,0.305608,-0.033545,0.737562,0.318425,-0.064741,0.727429,0.318769,-0.073153,0.76206,0.374632,0.057375,0.7025,0.368909,-0.02613,0.76958,0.460885,0.066433,0.704875,0.439645,-0.130717,0.78051,0.538721,-0.004641,0.752384,0.412894,-0.256507,0.781316,0.559056,-0.018242,0.761527,0.408759,-0.294011,0.782392,0.559718,-0.037062,0.760164,0.397462,-0.284799,0.779812,0.550575,-0.01318,0.75711,0.399547,-0.256413,0.759169,0.529638,0.0286,0.722626,0.530914,-0.028705,0.766478,0.6698,0.016263,0.724086,0.667072,-0.046541,0.783598,0.792166,0.078671,0.713738,0.796159,0.004745,0.784148,0.809318,0.077919,0.704474,0.81702,0.0058,0.785093,0.827542,-0.024239,0.741122,0.822792,-0.098589
HA_Lat_11_6.13.26,369,1438.33,453.11,0,1438.33,453.11,0.9872,1443.66,446.17,0.9554,0.732581,0.305882,-0.096758,0.735742,0.296278,-0.08222,0.739317,0.296759,-0.08236,0.741686,0.297364,-0.082303,0.728052,0.296611,-0.086967,0.725711,0.297295,-0.087165,0.723185,0.298137,-0.08728,0.744274,0.303315,-0.006383,0.719982,0.30585,-0.031684,0.738324,0.31845,-0.067085,0.728448,0.318792,-0.074664,0.763098,0.374714,0.051772,0.70373,0.369449,-0.027205,0.771692,0.460573,0.067529,0.704945,0.440237,-0.129922,0.785182,0.539303,0.002639,0.751908,0.413118,-0.261106,0.787717,0.560245,-0.009813,0.761083,0.408681,-0.299076,0.789425,0.56316,-0.028764,0.759852,0.397473,-0.290189,0.786121,0.554435,-0.005864,0.756851,0.399568,-0.261316,0.759867,0.52966,0.027958,0.723729,0.53097,-0.028061,0.766675,0.669932,0.016353,0.724092,0.667363,-0.046437,0.784154,0.792354,0.081482,0.713698,0.796132,0.01043,0.784979,0.809013,0.081416,0.704426,0.816991,0.012109,0.78488,0.828044,-0.017827,0.740693,0.822533,-0.094469
HA_Lat_11_6.13.26,370,1437.54,452.6,0,1437.54,452.6,0.9898,1442.77,446.97,0.9515,0.733554,0.305604,-0.119619,0.736576,0.296136,-0.105248,0.740163,0.296636,-0.105406,0.74255,0.297305,-0.105354,0.729223,0.296495,-0.10985,0.727038,0.297224,-0.110049,0.724567,0.298114,-0.110166,0.745526,0.303284,-0.026717,0.72124,0.305869,-0.048532,0.739258,0.318186,-0.088815,0.729541,0.318582,-0.096209,0.764743,0.374806,0.037732,0.705016,0.37015,-0.034784,0.774095,0.46049,0.06203,0.705088,0.441195,-0.144266,0.788044,0.536672,0.002589,0.751445,0.413857,-0.28542,0.790674,0.558134,-0.009603,0.760782,0.409011,-0.324959,0.793304,0.561733,-0.030537,0.759453,0.397842,-0.317879,0.790445,0.553989,-0.006467,0.756565,0.400298,-0.286565,0.761027,0.529725,0.029005,0.724865,0.531113,-0.029104,0.767349,0.669953,0.019827,0.724143,0.667352,-0.045329,0.783816,0.792257,0.092328,0.713671,0.796118,0.011182,0.783941,0.809719,0.092965,0.704379,0.816972,0.012589,0.785085,0.827633,-0.009978,0.740607,0.822454,-0.095535
HA_Lat_11_6.13.26,371,1437.08,451.78,0,1437.08,451.78,0.9888,1442.82,447.21,0.9488,0.734188,0.305565,-0.117644,0.737236,0.296145,-0.104119,0.740691,0.29664,-0.104277,0.74325,0.297314,-0.104229,0.730192,0.29651,-0.108083,0.72803,0.297244,-0.108285,0.725545,0.298125,-0.108403,0.746479,0.303281,-0.028341,0.722259,0.305935,-0.047377,0.739832,0.318116,-0.087675,0.730358,0.318531,-0.094235,0.766441,0.37476,0.034742,0.70624,0.370454,-0.035753,0.776217,0.460116,0.060816,0.705107,0.441632,-0.137647,0.790798,0.534227,0.003762,0.751468,0.414081,-0.274543,0.794565,0.555563,-0.008311,0.760879,0.409042,-0.313239,0.797162,0.558316,-0.029735,0.759567,0.398058,-0.306731,0.793708,0.550247,-0.005392,0.756738,0.400664,-0.275863,0.762331,0.529781,0.027386,0.726074,0.531133,-0.027483,0.767969,0.67007,0.018036,0.724215,0.667323,-0.042695,0.784081,0.793156,0.090258,0.713711,0.796094,0.014982,0.784723,0.810662,0.091147,0.704394,0.816938,0.016428,0.785105,0.828246,-0.015222,0.740597,0.822422,-0.092484
HA_Lat_11_6.13.26,372,1433.93,454.92,0,1433.93,454.92,0.9873,1442.58,448.02,0.9399,0.73486,0.305527,-0.115105,0.738137,0.296169,-0.101576,0.741139,0.296654,-0.101729,0.744038,0.297322,-0.101684,0.731272,0.296504,-0.105245,0.729071,0.29724,-0.105448,0.726536,0.298122,-0.105569,0.747509,0.303281,-0.025827,0.723036,0.305926,-0.044193,0.740392,0.318098,-0.085133,0.731165,0.318488,-0.091333,0.768004,0.374752,0.035799,0.707072,0.370564,-0.03332,0.778033,0.460003,0.060065,0.704973,0.442829,-0.133269,0.789841,0.53201,0.003453,0.751344,0.41483,-0.273566,0.792648,0.554111,-0.009069,0.761036,0.409299,-0.312634,0.794261,0.555399,-0.029471,0.75967,0.398857,-0.305562,0.791231,0.548185,-0.005287,0.756869,0.401716,-0.274728,0.763864,0.529793,0.025153,0.72702,0.531191,-0.025252,0.768862,0.67026,0.01555,0.724322,0.667307,-0.03651,0.784063,0.793049,0.089612,0.713726,0.796071,0.021184,0.784609,0.810259,0.090834,0.704407,0.816982,0.022493,0.785992,0.828648,-0.015528,0.740586,0.82239,-0.089577
HA_Lat_11_6.13.26,373,1434.42,455.91,0,1434.42,455.91,0.9884,1442.55,449.08,0.9363,0.736133,0.305506,-0.152803,0.739286,0.296183,-0.139442,0.742327,0.296694,-0.139612,0.745185,0.297364,-0.139564,0.732523,0.296522,-0.142505,0.730479,0.297254,-0.142702,0.727837,0.298127,-0.142823,0.748455,0.30328,-0.060865,0.724125,0.305967,-0.075863,0.741531,0.318068,-0.121768,0.732446,0.318444,-0.127219,0.769434,0.374726,0.005214,0.708186,0.370861,-0.055342,0.780829,0.459824,0.036148,0.705355,0.444088,-0.158038,0.795505,0.532203,-0.016486,0.751327,0.415813,-0.307234,0.799685,0.554823,-0.029797,0.761254,0.410032,-0.34803,0.80197,0.557075,-0.052362,0.759881,0.400678,-0.342256,0.798738,0.54985,-0.025824,0.757028,0.403121,-0.309163,0.765574,0.529778,0.025301,0.72811,0.53124,-0.0254,0.769855,0.67016,0.016333,0.724396,0.667298,-0.039874,0.784378,0.792421,0.096486,0.713747,0.795946,0.02096,0.785369,0.809231,0.098283,0.7045,0.816956,0.022723,0.785284,0.828813,-0.010752,0.740818,0.822339,-0.08962
HA_Lat_11_6.13.26,374,1434.82,458.3,0,1434.82,458.3,0.9874,1442.63,450.23,0.9345,0.73718,0.305409,-0.171064,0.740371,0.296177,-0.157772,0.743258,0.296694,-0.15795,0.746261,0.297359,-0.1579,0.733707,0.296516,-0.161642,0.731647,0.297257,-0.161844,0.72893,0.298135,-0.161966,0.749597,0.303227,-0.077285,0.72504,0.305966,-0.096039,0.742646,0.317994,-0.139156,0.733632,0.31836,-0.145666,0.770843,0.37468,-0.005649,0.709254,0.370985,-0.075316,0.782979,0.459561,0.027771,0.705728,0.444877,-0.177983,0.799019,0.531258,-0.027032,0.75137,0.416882,-0.331141,0.804127,0.554012,-0.040671,0.761512,0.412438,-0.373404,0.806404,0.556044,-0.064496,0.760087,0.403383,-0.368914,0.802761,0.548534,-0.036933,0.757222,0.404905,-0.333672,0.767014,0.529694,0.026734,0.729286,0.531299,-0.026833,0.770843,0.670052,0.016604,0.72445,0.667268,-0.043052,0.784543,0.792354,0.094599,0.71377,0.79588,0.01163,0.785188,0.809159,0.095973,0.704586,0.816933,0.013091,0.786842,0.828879,-0.015963,0.740229,0.822189,-0.089836
HA_Lat_11_6.13.26,375,1434.72,458.51,0,1434.72,458.51,0.9909,1443.02,450.69,0.9329,0.73857,0.305284,-0.171748,0.741745,0.296184,-0.159367,0.744591,0.296702,-0.159551,0.747566,0.297359,-0.159503,0.735167,0.296523,-0.162637,0.733141,0.297266,-0.162833,0.730416,0.298142,-0.162955,0.75087,0.303152,-0.083233,0.726354,0.30596,-0.099303,0.744022,0.317871,-0.141515,0.735148,0.318217,-0.147221,0.772278,0.374423,-0.016575,0.710316,0.371031,-0.078472,0.785472,0.459357,0.013836,0.706027,0.446018,-0.180894,0.803896,0.531869,-0.040418,0.751571,0.417307,-0.335097,0.809062,0.554726,-0.054177,0.761675,0.41253,-0.377057,0.810823,0.556968,-0.077987,0.760218,0.403484,-0.372889,0.807241,0.549538,-0.050231,0.757336,0.40508,-0.337882,0.768398,0.529686,0.025405,0.730332,0.531349,-0.0255,0.772167,0.670005,0.017184,0.724546,0.667059,-0.04514,0.785311,0.79207,0.093345,0.713967,0.795644,0.004875,0.78617,0.808786,0.094553,0.70497,0.816888,0.00612,0.785773,0.828936,-0.017874,0.740126,0.822174,-0.104615
HA_Lat_11_6.13.26,376,1436.7,458.43,0,1436.7,458.43,0.991,1443.37,451.45,0.9335,0.739442,0.305123,-0.177486,0.7429,0.295823,-0.165174,0.745507,0.296328,-0.165359,0.74865,0.296972,-0.16531,0.735991,0.296167,-0.167996,0.733688,0.296934,-0.168189,0.731073,0.297797,-0.168307,0.752159,0.302787,-0.089366,0.727538,0.305774,-0.103425,0.745138,0.317707,-0.147533,0.736091,0.318092,-0.152615,0.774208,0.374198,-0.023499,0.711595,0.37103,-0.08285,0.788081,0.459273,-0.0015,0.706115,0.447041,-0.186618,0.807667,0.532635,-0.065368,0.751757,0.418012,-0.343774,0.813438,0.555622,-0.081289,0.761774,0.413054,-0.386747,0.815539,0.557622,-0.104793,0.760869,0.404847,-0.382924,0.811797,0.550379,-0.075372,0.757874,0.406297,-0.346797,0.769321,0.52971,0.024593,0.731286,0.531376,-0.02469,0.773696,0.669914,0.021053,0.724668,0.666831,-0.046976,0.785304,0.791793,0.104803,0.714037,0.795394,0.006434,0.78555,0.808337,0.106625,0.705315,0.816649,0.007876,0.786775,0.828699,-0.007642,0.740079,0.822123,-0.104101
HA_Lat_11_6.13.26,377,1439.31,459.2,0,1439.31,459.2,0.9914,1443.61,453.99,0.9332,0.740765,0.305138,-0.189363,0.744491,0.295758,-0.177127,0.746605,0.296274,-0.177314,0.74975,0.296918,-0.177266,0.737357,0.296114,-0.179846,0.734718,0.296906,-0.180037,0.732227,0.297778,-0.180153,0.753196,0.302754,-0.099945,0.728457,0.305768,-0.11333,0.746477,0.31771,-0.158745,0.737519,0.318092,-0.163635,0.775555,0.373837,-0.030758,0.71312,0.371056,-0.089445,0.789126,0.459157,-0.007777,0.706455,0.446993,-0.191734,0.811027,0.533381,-0.073961,0.751878,0.420362,-0.34959,0.81788,0.556172,-0.090597,0.761903,0.416409,-0.392787,0.819144,0.55747,-0.114629,0.761263,0.408174,-0.38956,0.815167,0.550406,-0.084275,0.758289,0.408671,-0.352868,0.769967,0.529674,0.024313,0.732039,0.53142,-0.024411,0.774887,0.669848,0.020235,0.724873,0.666724,-0.046702,0.785296,0.79224,0.100507,0.714335,0.794688,0.019533,0.785611,0.808543,0.102123,0.70559,0.816044,0.021738,0.78729,0.829084,-0.010525,0.740652,0.822086,-0.091627
HA_Lat_11_6.13.26,378,1440.5,460.86,0,1440.5,460.86,0.9891,1444.15,455.54,0.9303,0.741705,0.305124,-0.17327,0.745786,0.295597,-0.161001,0.747641,0.296137,-0.161182,0.750659,0.296792,-0.161135,0.738333,0.295984,-0.163669,0.735567,0.296791,-0.163861,0.733185,0.297664,-0.163974,0.754219,0.302685,-0.085363,0.729423,0.305682,-0.098692,0.747537,0.317673,-0.143299,0.738462,0.318023,-0.148125,0.776903,0.373486,-0.019672,0.71458,0.371029,-0.079157,0.790158,0.458484,0.001784,0.708007,0.446684,-0.17928,0.812327,0.532893,-0.063457,0.752161,0.421796,-0.335193,0.818933,0.555421,-0.07947,0.762789,0.418642,-0.377655,0.820325,0.55645,-0.102998,0.762406,0.410556,-0.374192,0.816168,0.549204,-0.073585,0.759397,0.410267,-0.338391,0.770732,0.529684,0.022908,0.732835,0.53144,-0.023007,0.775503,0.669863,0.017283,0.725139,0.666573,-0.0441,0.785446,0.792166,0.100226,0.715126,0.793212,0.02316,0.78582,0.808244,0.101981,0.706441,0.814691,0.025177,0.787069,0.829247,-0.014629,0.74123,0.822051,-0.086326
HA_Lat_11_6.13.26,379,1440.8,461.01,0,1440.8,461.01,0.9891,1444.87,456.87,0.9302,0.742853,0.305074,-0.170129,0.746932,0.295387,-0.158593,0.748802,0.295934,-0.158775,0.751714,0.296585,-0.158731,0.739646,0.295787,-0.161066,0.736927,0.296569,-0.161256,0.734552,0.29739,-0.161369,0.755293,0.302546,-0.086293,0.730959,0.305486,-0.098332,0.748487,0.317552,-0.141374,0.739624,0.317913,-0.145898,0.777961,0.373279,-0.021655,0.715781,0.371043,-0.078658,0.791401,0.457901,-0.001579,0.709444,0.44644,-0.178981,0.813664,0.532562,-0.068767,0.752535,0.423028,-0.335054,0.819918,0.554762,-0.085426,0.763615,0.420519,-0.377615,0.821834,0.555679,-0.109038,0.763864,0.4127,-0.374203,0.817813,0.548277,-0.079008,0.760999,0.412191,-0.338239,0.771615,0.529713,0.022628,0.733749,0.531579,-0.022729,0.776403,0.669812,0.016498,0.725545,0.66642,-0.04155,0.785475,0.792249,0.098448,0.715836,0.792347,0.026723,0.785764,0.808127,0.100179,0.707116,0.813705,0.028798,0.786931,0.829433,-0.014813,0.741052,0.822024,-0.081501
HA_Lat_11_6.13.26,380,1441.54,460.62,0,1441.54,460.62,0.9919,1445.77,458.29,0.93,0.743927,0.305081,-0.166265,0.748046,0.295322,-0.154674,0.750027,0.295847,-0.154856,0.75294,0.296473,-0.154811,0.740771,0.295755,-0.157388,0.738167,0.296517,-0.157578,0.735826,0.297306,-0.157688,0.756518,0.302461,-0.082656,0.732627,0.305378,-0.095841,0.749674,0.317491,-0.137631,0.740733,0.317876,-0.142469,0.778979,0.373076,-0.017389,0.716982,0.371029,-0.077508,0.792684,0.457273,0.00526,0.710911,0.446349,-0.178282,0.815121,0.532199,-0.060159,0.753003,0.424344,-0.334083,0.820824,0.554223,-0.076263,0.764681,0.421515,-0.376532,0.823198,0.55501,-0.100088,0.765276,0.413936,-0.37326,0.819448,0.547569,-0.070458,0.762465,0.413536,-0.337288,0.772711,0.529724,0.023288,0.734513,0.531613,-0.023391,0.777235,0.669781,0.014625,0.726047,0.666261,-0.042068,0.785435,0.792366,0.094436,0.716892,0.791562,0.028408,0.785499,0.808204,0.095606,0.708227,0.812683,0.030773,0.787467,0.829364,-0.018993,0.740999,0.822009,-0.078326
HA_Lat_11_6.13.26,381,1445.07,462.29,0,1445.07,462.29,0.9894,1448.85,458.33,0.9263,0.744878,0.305065,-0.167901,0.749167,0.295197,-0.155992,0.75111,0.295728,-0.156176,0.753955,0.296339,-0.156131,0.74172,0.295649,-0.158428,0.739066,0.296393,-0.158617,0.736785,0.297139,-0.158728,0.757635,0.302361,-0.082245,0.733743,0.305119,-0.094448,0.750642,0.317413,-0.138648,0.741562,0.317802,-0.143149,0.780206,0.372847,-0.016505,0.718033,0.371023,-0.075084,0.793819,0.456573,0.005207,0.712435,0.446201,-0.174387,0.816226,0.531967,-0.062488,0.754609,0.42438,-0.32859,0.821404,0.55397,-0.079032,0.766544,0.421465,-0.371062,0.824054,0.554777,-0.10284,0.76738,0.413878,-0.367488,0.820632,0.547253,-0.07283,0.764399,0.413615,-0.331729,0.773497,0.529803,0.022919,0.735391,0.531752,-0.02302,0.777804,0.669739,0.015027,0.726713,0.665883,-0.04081,0.785589,0.792309,0.096854,0.717868,0.790852,0.031824,0.786007,0.808006,0.098361,0.70917,0.811602,0.034283,0.786995,0.829583,-0.017735,0.740978,0.821982,-0.076269
HA_Lat_11_6.13.26,382,1448.33,462.37,0,1448.33,462.37,0.9895,1452.12,458.67,0.927,0.746199,0.305061,-0.162543,0.750402,0.295104,-0.151035,0.752388,0.295615,-0.151214,0.755207,0.296166,-0.15117,0.74296,0.295614,-0.153334,0.740369,0.296357,-0.153523,0.738105,0.29709,-0.153632,0.75873,0.30227,-0.079574,0.734997,0.305065,-0.09084,0.752119,0.317351,-0.134066,0.742798,0.31776,-0.138365,0.781313,0.372416,-0.017176,0.719326,0.371017,-0.07248,0.79459,0.455704,0.002762,0.7136,0.446072,-0.169579,0.817929,0.531581,-0.06398,0.75631,0.424698,-0.320026,0.823841,0.553815,-0.080793,0.768555,0.421998,-0.361504,0.826225,0.554692,-0.104163,0.769478,0.414965,-0.358075,0.822451,0.54706,-0.074147,0.766207,0.414432,-0.323084,0.774428,0.529768,0.021781,0.736272,0.531779,-0.021882,0.778552,0.669701,0.013927,0.72729,0.665827,-0.040914,0.785643,0.792424,0.095803,0.718682,0.790344,0.032728,0.786046,0.807987,0.097229,0.710201,0.810996,0.035452,0.786327,0.829624,-0.015787,0.741,0.821963,-0.073503
HA_Lat_11_6.13.26,383,1452.29,462.98,0,1452.29,462.98,0.9894,1456.48,458.66,0.9268,0.747407,0.305043,-0.157835,0.751774,0.295101,-0.14541,0.753659,0.295622,-0.145586,0.756622,0.296181,-0.145543,0.74421,0.295571,-0.148515,0.741432,0.296313,-0.148706,0.739168,0.29704,-0.148816,0.760012,0.30228,-0.070855,0.735652,0.304971,-0.086218,0.753161,0.317334,-0.128229,0.743885,0.317671,-0.1336,0.781767,0.372328,-0.006375,0.72024,0.371012,-0.071746,0.795053,0.45513,0.013491,0.715069,0.445998,-0.166591,0.818478,0.530004,-0.055177,0.758582,0.424681,-0.315304,0.824343,0.552447,-0.071403,0.771572,0.42178,-0.356851,0.827204,0.553464,-0.094553,0.771746,0.414638,-0.352954,0.823587,0.546159,-0.065346,0.76833,0.41416,-0.318113,0.775373,0.52976,0.022428,0.737443,0.531795,-0.02253,0.779433,0.669668,0.014522,0.728026,0.665711,-0.040831,0.785897,0.792644,0.095012,0.719667,0.7897,0.030714,0.785951,0.808035,0.096428,0.711682,0.81016,0.033248,0.786635,0.829712,-0.014481,0.741022,0.821938,-0.074881
HA_Lat_11_6.13.26,384,1453.99,463.47,0,1453.99,463.47,0.9914,1459.76,458.51,0.9231,0.748474,0.305038,-0.170591,0.752699,0.295094,-0.157833,0.754714,0.295623,-0.158017,0.757802,0.296185,-0.157975,0.745271,0.295524,-0.160921,0.742517,0.296266,-0.161112,0.740128,0.296991,-0.16123,0.761112,0.302308,-0.079818,0.736489,0.304954,-0.094859,0.754081,0.317335,-0.139653,0.74495,0.317664,-0.145014,0.782802,0.372019,-0.011715,0.720936,0.371002,-0.074366,0.795942,0.454127,0.009582,0.716414,0.445927,-0.17225,0.818753,0.528535,-0.061901,0.760291,0.424549,-0.32706,0.824423,0.551112,-0.079126,0.773355,0.421524,-0.370038,0.827256,0.552504,-0.102825,0.773142,0.414211,-0.366245,0.823474,0.5454,-0.072354,0.769749,0.413827,-0.330061,0.776378,0.529756,0.022794,0.738243,0.531834,-0.022896,0.77983,0.66964,0.015069,0.728758,0.665687,-0.039408,0.786131,0.793003,0.098939,0.720469,0.789497,0.040267,0.785917,0.808261,0.10073,0.71298,0.809523,0.043588,0.786363,0.829917,-0.013,0.741181,0.821926,-0.066972
HA_Lat_11_6.13.26,385,1457.61,463.43,0,1457.61,463.43,0.9912,1462.59,458.39,0.9164,0.749632,0.305,-0.173732,0.753616,0.294982,-0.161292,0.755876,0.295497,-0.161477,0.759002,0.296083,-0.161436,0.746356,0.295421,-0.1639,0.743724,0.296166,-0.164093,0.74128,0.296904,-0.164213,0.762562,0.302279,-0.083928,0.737786,0.304917,-0.096791,0.755265,0.317309,-0.143031,0.746165,0.317644,-0.14776,0.784058,0.371694,-0.016082,0.722078,0.370893,-0.074036,0.796959,0.45354,0.006119,0.717643,0.445899,-0.171516,0.818786,0.52639,-0.062987,0.761768,0.424437,-0.327346,0.824364,0.54962,-0.080117,0.774606,0.421298,-0.369963,0.82721,0.551131,-0.103345,0.774058,0.413841,-0.366389,0.823456,0.54412,-0.073153,0.770808,0.413542,-0.330426,0.777274,0.529764,0.022535,0.739062,0.531855,-0.022635,0.780211,0.669577,0.016307,0.729751,0.665568,-0.038313,0.786144,0.792904,0.099628,0.721489,0.789342,0.039514,0.785617,0.808145,0.101339,0.714352,0.809096,0.042571,0.786735,0.82995,-0.012933,0.741555,0.82192,-0.068118
HA_Lat_11_6.13.26,386,1459.43,463.8,0,1459.43,463.8,0.9912,1464.15,459.57,0.9138,0.750814,0.305003,-0.16429,0.754781,0.294987,-0.151643,0.756833,0.295501,-0.151821,0.759906,0.296085,-0.151778,0.747474,0.29542,-0.154964,0.74476,0.296161,-0.155157,0.742366,0.296894,-0.155272,0.763296,0.302279,-0.075139,0.73868,0.304915,-0.091306,0.756339,0.31731,-0.133939,0.747331,0.317645,-0.139591,0.784579,0.37167,-0.008532,0.722949,0.370884,-0.072336,0.798061,0.453003,0.011544,0.718683,0.445823,-0.171022,0.819554,0.524162,-0.059882,0.762578,0.42553,-0.318103,0.825317,0.546638,-0.077001,0.775269,0.422341,-0.35986,0.828264,0.547903,-0.100006,0.775048,0.415187,-0.356289,0.824614,0.541748,-0.070098,0.771747,0.414639,-0.321014,0.777872,0.529743,0.022387,0.739903,0.531878,-0.022485,0.78076,0.669508,0.015766,0.730741,0.665387,-0.039455,0.786645,0.79311,0.094719,0.722356,0.789261,0.03322,0.786273,0.808364,0.095847,0.715288,0.808897,0.036149,0.786468,0.830019,-0.01766,0.741827,0.821905,-0.072154
HA_Lat_11_6.13.26,387,1461.03,464.56,0,1461.03,464.56,0.9909,1466.57,461.16,0.9116,0.7517,0.305002,-0.170757,0.755569,0.29497,-0.157966,0.757863,0.295483,-0.158149,0.761004,0.296073,-0.158106,0.748508,0.295391,-0.16094,0.74593,0.296123,-0.161132,0.743446,0.296867,-0.161248,0.764698,0.302248,-0.079726,0.73989,0.304907,-0.094381,0.757281,0.31731,-0.139769,0.748375,0.317637,-0.144995,0.785545,0.371376,-0.012308,0.723881,0.37082,-0.072956,0.799321,0.452374,0.005422,0.719618,0.445745,-0.170079,0.820487,0.522568,-0.070599,0.763839,0.426997,-0.321634,0.826477,0.545356,-0.089082,0.77659,0.424328,-0.36426,0.828647,0.546697,-0.112293,0.776715,0.417247,-0.361001,0.825107,0.540194,-0.081017,0.773511,0.416377,-0.324761,0.778427,0.529756,0.02259,0.74044,0.531892,-0.022689,0.781192,0.669461,0.017577,0.73156,0.665206,-0.038161,0.786671,0.793022,0.10075,0.723231,0.789105,0.037105,0.786137,0.808312,0.102575,0.716353,0.808406,0.040041,0.78635,0.829942,-0.010063,0.742132,0.821915,-0.070168
HA_Lat_11_6.13.26,388,1461.11,466.25,0,1461.11,466.25,0.9909,1467.88,462.0,0.9135,0.752838,0.305004,-0.166259,0.75671,0.294962,-0.153387,0.758795,0.295474,-0.153566,0.761953,0.296065,-0.153523,0.749548,0.295375,-0.15675,0.746881,0.296105,-0.15694,0.744441,0.296842,-0.157052,0.765389,0.302235,-0.075746,0.740776,0.30486,-0.09192,0.758324,0.31731,-0.135514,0.749368,0.317634,-0.141223,0.786164,0.371354,-0.008796,0.724641,0.3708,-0.072014,0.799798,0.452241,0.010345,0.720623,0.445729,-0.16846,0.819957,0.522139,-0.062506,0.764522,0.427775,-0.319182,0.826173,0.544829,-0.079803,0.777076,0.425755,-0.361433,0.827846,0.546296,-0.102776,0.777412,0.418712,-0.357991,0.82441,0.539866,-0.072735,0.774274,0.417499,-0.322183,0.778724,0.529758,0.022761,0.74096,0.531909,-0.02286,0.781681,0.669455,0.016841,0.732404,0.66517,-0.037971,0.786873,0.793221,0.098335,0.723972,0.788845,0.035635,0.786443,0.808435,0.099909,0.71701,0.80806,0.038295,0.786318,0.830006,-0.012975,0.74232,0.821904,-0.071406
HA_Lat_11_6.13.26,389,1463.94,467.26,0,1463.94,467.26,0.991,1469.71,462.86,0.9156,0.753717,0.305006,-0.17024,0.757555,0.294963,-0.15774,0.75979,0.295475,-0.157921,0.762949,0.296067,-0.15788,0.750585,0.295369,-0.160761,0.748042,0.296093,-0.160953,0.745476,0.296832,-0.161067,0.766578,0.302217,-0.080121,0.741664,0.304856,-0.094785,0.759159,0.317311,-0.139392,0.750253,0.31763,-0.144665,0.787341,0.371323,-0.012925,0.725237,0.370636,-0.072238,0.800736,0.452015,0.00621,0.721064,0.445697,-0.167355,0.819346,0.520842,-0.067358,0.765475,0.428572,-0.319311,0.825551,0.542375,-0.085422,0.777952,0.42661,-0.361773,0.827219,0.544246,-0.108483,0.778338,0.419008,-0.359067,0.823614,0.538382,-0.077634,0.775168,0.417841,-0.322611,0.779334,0.529808,0.022482,0.741434,0.531973,-0.022578,0.782251,0.669444,0.016738,0.733182,0.665165,-0.038452,0.786867,0.793141,0.098073,0.724751,0.788717,0.034615,0.7861,0.808367,0.099659,0.717998,0.807887,0.037229,0.787022,0.829987,-0.013162,0.742453,0.821902,-0.072669
HA_Lat_11_6.13.26,390,1474.0,465.0,0,1467.42,465.94,0.9917,1473.52,465.19,0.9144,0.754609,0.305051,-0.171638,0.758525,0.294964,-0.159188,0.760608,0.295474,-0.159369,0.763778,0.296061,-0.159329,0.751444,0.29537,-0.161978,0.748858,0.296095,-0.162167,0.746433,0.296833,-0.162277,0.767257,0.302162,-0.081957,0.742729,0.304807,-0.095548,0.760123,0.317316,-0.140944,0.751244,0.317641,-0.145897,0.787982,0.371308,-0.0153,0.726122,0.370492,-0.072632,0.800835,0.452049,0.003851,0.722615,0.445631,-0.167808,0.819502,0.520865,-0.068148,0.767458,0.430735,-0.320549,0.825399,0.542864,-0.086076,0.77945,0.429273,-0.362778,0.826948,0.544995,-0.109092,0.779846,0.422516,-0.359869,0.823436,0.538682,-0.078348,0.776753,0.420963,-0.323788,0.779693,0.529831,0.02238,0.742014,0.531995,-0.022476,0.783049,0.669437,0.015242,0.734116,0.665159,-0.036264,0.787221,0.793078,0.095329,0.725554,0.788518,0.038246,0.786367,0.808385,0.096821,0.719143,0.807601,0.040972,0.787161,0.829941,-0.015462,0.743715,0.821947,-0.068914
HA_Lat_11_6.13.26,391,1477.07,466.23,0,1469.94,466.59,0.9918,1477.07,466.23,0.9137,0.755893,0.305119,-0.16786,0.759752,0.294967,-0.155437,0.76188,0.295476,-0.155616,0.765062,0.296063,-0.155576,0.752647,0.295372,-0.158303,0.749947,0.296096,-0.158493,0.747502,0.296834,-0.158605,0.768391,0.302126,-0.078694,0.743601,0.304746,-0.093092,0.761313,0.317321,-0.13732,0.752372,0.31767,-0.142417,0.788737,0.371095,-0.012736,0.7271,0.370229,-0.070646,0.801261,0.452031,0.006432,0.723866,0.445593,-0.163196,0.818761,0.520865,-0.065076,0.769308,0.431692,-0.319102,0.82437,0.542906,-0.082928,0.780548,0.430921,-0.360294,0.825689,0.545057,-0.105327,0.78099,0.424208,-0.356346,0.822101,0.53869,-0.075028,0.778148,0.422496,-0.321644,0.780293,0.529835,0.022001,0.742609,0.53201,-0.022097,0.783751,0.66942,0.015623,0.735095,0.665154,-0.028606,0.787392,0.793042,0.100187,0.726426,0.788334,0.050249,0.786381,0.808367,0.102455,0.720128,0.807265,0.053478,0.787287,0.829906,-0.007171,0.744179,0.82196,-0.056129
HA_Lat_11_6.13.26,392,1478.26,468.36,0,1472.29,467.71,0.9919,1478.26,468.36,0.9172,0.757254,0.305151,-0.153973,0.760921,0.294967,-0.141821,0.763148,0.295467,-0.141992,0.766303,0.29605,-0.141953,0.753592,0.295373,-0.144734,0.750838,0.296097,-0.144921,0.748441,0.296835,-0.145027,0.769172,0.302053,-0.068405,0.744476,0.304687,-0.082598,0.762503,0.317322,-0.12476,0.753653,0.317686,-0.129873,0.789281,0.371033,-0.006889,0.72803,0.369975,-0.06379,0.80188,0.452004,0.012432,0.724532,0.44535,-0.154304,0.818188,0.520902,-0.057249,0.769929,0.433668,-0.303657,0.82419,0.542988,-0.07515,0.781384,0.434996,-0.344153,0.824957,0.545092,-0.097512,0.781945,0.427807,-0.341142,0.821162,0.538702,-0.067164,0.778991,0.425533,-0.306511,0.780898,0.529854,0.022239,0.74321,0.532023,-0.022336,0.784148,0.669431,0.015371,0.73599,0.665138,-0.031528,0.787495,0.793028,0.094861,0.727148,0.788238,0.043462,0.786306,0.808364,0.096612,0.721173,0.80705,0.046434,0.78757,0.829888,-0.010092,0.744762,0.822048,-0.063109
HA_Lat_11_6.13.26,393,1482.93,471.9,0,1474.24,469.25,0.9919,1482.93,471.9,0.921,0.758359,0.305154,-0.15243,0.761919,0.294962,-0.140111,0.76434,0.295465,-0.140281,0.767474,0.296051,-0.140243,0.754771,0.295359,-0.14318,0.752108,0.296082,-0.143367,0.749534,0.296822,-0.143475,0.770256,0.302046,-0.066463,0.7453,0.304625,-0.081237,0.763493,0.317315,-0.123131,0.754593,0.317671,-0.128436,0.789983,0.371013,-0.0062,0.728669,0.369373,-0.062913,0.802546,0.45201,0.014793,0.725555,0.444801,-0.152409,0.817256,0.520869,-0.054421,0.77236,0.436944,-0.298495,0.82363,0.543087,-0.07279,0.783495,0.44031,-0.338924,0.823718,0.545125,-0.095105,0.7841,0.430927,-0.336138,0.819922,0.538703,-0.064283,0.781068,0.42819,-0.301335,0.781348,0.529865,0.022424,0.743794,0.532018,-0.022521,0.784506,0.669351,0.014169,0.736866,0.665082,-0.032994,0.787649,0.79299,0.092424,0.727681,0.788137,0.038923,0.786364,0.808323,0.09415,0.721726,0.806917,0.041637,0.787549,0.829857,-0.011992,0.744953,0.82207,-0.066724
HA_Lat_11_6.13.26,394,1485.59,471.9,0,1476.35,469.48,0.992,1485.59,471.9,0.9263,0.759922,0.305184,-0.135214,0.762822,0.294985,-0.122203,0.765531,0.295508,-0.122367,0.768512,0.296122,-0.122327,0.755869,0.295361,-0.126881,0.753452,0.296084,-0.127071,0.750791,0.296823,-0.127179,0.770822,0.302065,-0.047633,0.746217,0.304609,-0.069552,0.764702,0.31733,-0.105652,0.755948,0.317671,-0.113042,0.790194,0.370963,0.014526,0.729457,0.369162,-0.057739,0.802325,0.451816,0.039333,0.726774,0.443779,-0.14639,0.816281,0.520233,-0.027285,0.773746,0.436947,-0.285836,0.82243,0.542428,-0.043256,0.784759,0.441224,-0.325636,0.823069,0.54466,-0.065551,0.785365,0.431212,-0.322196,0.819403,0.537978,-0.037157,0.782218,0.428343,-0.28818,0.781836,0.529975,0.023483,0.74436,0.532018,-0.02358,0.784835,0.669335,0.014385,0.737576,0.665063,-0.033651,0.787536,0.792951,0.09185,0.727997,0.788148,0.037501,0.786168,0.808292,0.093598,0.721875,0.806945,0.040171,0.78767,0.829849,-0.011687,0.745234,0.822248,-0.068163
HA_Lat_11_6.13.26,395,1488.94,472.34,0,1479.49,469.5,0.9923,1488.94,472.34,0.9324,0.763011,0.305963,-0.112567,0.765512,0.295959,-0.098845,0.768268,0.296387,-0.098997,0.77053,0.296861,-0.098948,0.758718,0.296089,-0.105299,0.756058,0.29663,-0.10549,0.753507,0.29721,-0.10559,0.771434,0.302306,-0.023606,0.748022,0.304608,-0.05353,0.767285,0.318011,-0.082726,0.758516,0.317852,-0.092441,0.790239,0.370812,0.036985,0.7302,0.368501,-0.047495,0.802418,0.450958,0.057278,0.728018,0.441043,-0.133643,0.815604,0.51779,-0.013652,0.775488,0.43735,-0.261944,0.821578,0.539948,-0.028864,0.786098,0.442095,-0.300028,0.822765,0.542466,-0.050559,0.786944,0.431774,-0.295686,0.819367,0.535279,-0.02349,0.783775,0.428964,-0.263575,0.782122,0.530082,0.024531,0.744855,0.531956,-0.024627,0.784919,0.669325,0.01146,0.738058,0.66496,-0.037307,0.787315,0.793005,0.074431,0.728149,0.787995,0.02632,0.786107,0.808561,0.074895,0.722199,0.806765,0.028483,0.787558,0.82982,-0.024659,0.745195,0.82225,-0.072659
HA_Lat_11_6.13.26,396,1492.52,471.87,0,1482.05,465.68,0.9923,1492.52,471.87,0.9375,0.764595,0.306626,-0.110201,0.766856,0.296803,-0.096774,0.76957,0.297146,-0.09693,0.77162,0.297472,-0.096882,0.760202,0.296795,-0.103481,0.75748,0.297235,-0.103672,0.754862,0.297702,-0.103771,0.772247,0.302518,-0.021653,0.749285,0.304623,-0.052752,0.768744,0.318629,-0.080195,0.760142,0.318048,-0.090264,0.79081,0.37066,0.040121,0.731062,0.36763,-0.045433,0.802288,0.45078,0.067247,0.729324,0.437949,-0.131097,0.815134,0.517411,0.002055,0.777356,0.436912,-0.256444,0.821006,0.539896,-0.011911,0.787326,0.440611,-0.293756,0.82245,0.542374,-0.033754,0.787973,0.430643,-0.289371,0.818761,0.53509,-0.007598,0.78494,0.428251,-0.257983,0.782525,0.530087,0.025514,0.745403,0.53161,-0.02561,0.785226,0.669303,0.010742,0.738493,0.66495,-0.041363,0.787155,0.793031,0.073023,0.728215,0.787986,0.021893,0.785992,0.808735,0.07354,0.722252,0.806773,0.02414,0.787439,0.829795,-0.025814,0.745126,0.822279,-0.075009
HA_Lat_11_6.13.26,397,1491.83,458.2,0,1491.83,458.2,0.9925,1499.42,471.46,0.9391,0.766471,0.307111,-0.102078,0.768363,0.297242,-0.088056,0.770745,0.2975,-0.088212,0.772578,0.297713,-0.088161,0.761745,0.297264,-0.09577,0.758924,0.297685,-0.095955,0.756085,0.298109,-0.096049,0.772674,0.30262,-0.012267,0.750078,0.304657,-0.047835,0.770157,0.319292,-0.071931,0.761865,0.318687,-0.083291,0.791608,0.370543,0.047698,0.731576,0.367142,-0.045258,0.802265,0.450795,0.06598,0.731505,0.434564,-0.1369,0.814855,0.517582,-0.008121,0.780947,0.43654,-0.265038,0.820057,0.539992,-0.023492,0.790478,0.440317,-0.303293,0.818993,0.542446,-0.044733,0.791172,0.429966,-0.297809,0.815886,0.535168,-0.017796,0.787978,0.42765,-0.266311,0.783054,0.530074,0.02793,0.745676,0.531199,-0.028022,0.785299,0.669211,0.0111,0.738818,0.66489,-0.043587,0.787025,0.793072,0.07429,0.728425,0.787865,0.018721,0.785925,0.808929,0.074877,0.722674,0.806697,0.020803,0.787409,0.829779,-0.025962,0.745105,0.822282,-0.080452
HA_Lat_11_6.13.26,398,1494.96,449.16,0,1494.96,449.16,0.9928,1502.17,469.12,0.937,0.768367,0.307352,-0.084826,0.76986,0.297505,-0.070632,0.771901,0.2977,-0.070778,0.773694,0.297828,-0.070723,0.76358,0.297602,-0.079096,0.760782,0.297996,-0.079283,0.757763,0.298434,-0.079383,0.773198,0.30271,0.003613,0.75122,0.30468,-0.035293,0.771577,0.319705,-0.055288,0.763915,0.319114,-0.067617,0.792536,0.370495,0.059919,0.732192,0.365857,-0.037771,0.80209,0.450807,0.07582,0.732769,0.42878,-0.135647,0.813531,0.517633,0.004997,0.782383,0.434366,-0.257683,0.815762,0.540179,-0.00858,0.791569,0.436138,-0.294835,0.813315,0.542506,-0.028312,0.792033,0.425354,-0.287013,0.811005,0.5347,-0.004037,0.789273,0.425127,-0.257908,0.783638,0.529604,0.028551,0.745905,0.530697,-0.028642,0.785348,0.669186,0.010908,0.739162,0.664851,-0.046387,0.786991,0.793052,0.074687,0.728583,0.78783,0.010035,0.786089,0.808905,0.075476,0.722759,0.806611,0.011569,0.787329,0.829736,-0.02479,0.745059,0.822416,-0.090711
HA_Lat_11_6.13.26,399,1497.39,436.26,0,1497.39,436.26,0.993,1507.96,454.07,0.9303,0.770324,0.30733,-0.062273,0.770934,0.297491,-0.047175,0.772621,0.297651,-0.047319,0.774188,0.297714,-0.047263,0.765049,0.29759,-0.056799,0.762257,0.297989,-0.056976,0.759154,0.29843,-0.05707,0.772675,0.30259,0.025648,0.751607,0.304615,-0.018583,0.772841,0.31969,-0.033773,0.765665,0.319228,-0.047657,0.792282,0.370574,0.071772,0.732344,0.364478,-0.029765,0.80207,0.451608,0.074267,0.738777,0.416432,-0.135556,0.810675,0.517761,-0.003592,0.785398,0.420432,-0.252959,0.810929,0.540357,-0.018354,0.794512,0.421153,-0.289793,0.807199,0.542712,-0.037055,0.795005,0.412831,-0.281308,0.805091,0.534536,-0.012472,0.791538,0.414314,-0.252997,0.784379,0.529446,0.028952,0.746391,0.53062,-0.029045,0.78541,0.669178,0.00546,0.739283,0.664838,-0.050261,0.786926,0.793192,0.050868,0.728613,0.787686,-0.002975,0.786133,0.809311,0.049642,0.722906,0.806504,-0.002486,0.78727,0.829715,-0.05373,0.74504,0.822456,-0.106074
HA_Lat_11_6.13.26,400,1495.14,423.59,0,1495.14,423.59,0.9939,1502.57,431.42,0.9358,0.77234,0.307323,-0.067042,0.771835,0.297477,-0.052723,0.773002,0.297646,-0.052866,0.774208,0.297684,-0.052801,0.766825,0.297602,-0.063593,0.764136,0.298008,-0.063768,0.761072,0.298451,-0.063866,0.771811,0.302537,0.018672,0.752632,0.304613,-0.030011,0.7736,0.319892,-0.038653,0.767555,0.319717,-0.054096,0.793931,0.370548,0.067678,0.732594,0.36292,-0.03735,0.802097,0.453274,0.07524,0.737611,0.405141,-0.147952,0.809076,0.52069,-0.001491,0.782589,0.399464,-0.253964,0.807677,0.545749,-0.01634,0.793081,0.397973,-0.292187,0.803053,0.54672,-0.035173,0.79307,0.385104,-0.291725,0.801109,0.537388,-0.010384,0.789557,0.387063,-0.258418,0.78466,0.52943,0.030289,0.746614,0.530435,-0.030373,0.785508,0.669245,0.006466,0.739304,0.66471,-0.0539,0.786969,0.793512,0.059517,0.728432,0.787521,-0.002913,0.786489,0.809621,0.059188,0.722578,0.806172,-0.001955,0.787243,0.829809,-0.043749,0.744305,0.822431,-0.106453
HA_Lat_11_6.13.26,401,1500.86,401.95,0,1500.86,401.95,0.9944,1503.86,409.85,0.9372,0.774465,0.307267,-0.080491,0.77279,0.297465,-0.067075,0.773524,0.297592,-0.067236,0.774375,0.297576,-0.067183,0.768621,0.297632,-0.076569,0.766026,0.298073,-0.076743,0.763018,0.298557,-0.076856,0.771293,0.302198,0.002137,0.754438,0.304608,-0.040187,0.775064,0.319889,-0.053078,0.770279,0.319948,-0.066721,0.795377,0.370583,0.05135,0.732915,0.362415,-0.043345,0.801994,0.454019,0.06875,0.739939,0.393839,-0.181221,0.80864,0.526458,-0.009845,0.783259,0.379495,-0.321003,0.806447,0.552918,-0.025025,0.793531,0.373545,-0.364416,0.80178,0.553479,-0.044875,0.794202,0.366014,-0.35533,0.800323,0.542757,-0.019063,0.79067,0.370332,-0.322115,0.784885,0.529189,0.030087,0.74686,0.530446,-0.030172,0.785784,0.668687,0.005818,0.739421,0.664364,-0.050566,0.786955,0.793626,0.053603,0.728392,0.787454,-0.001251,0.786629,0.809833,0.052379,0.722438,0.806144,-0.001332,0.787253,0.829798,-0.055828,0.74428,0.822424,-0.111902
HA_Lat_11_6.13.26,402,1502.08,386.11,0,1502.08,386.11,0.9947,1508.21,390.86,0.9419,0.773879,0.308647,-0.045202,0.772185,0.29838,-0.031188,0.772911,0.29832,-0.031337,0.773724,0.298164,-0.031291,0.76819,0.298829,-0.042332,0.765722,0.299303,-0.042502,0.762998,0.299903,-0.042595,0.770915,0.302349,0.036242,0.754347,0.305489,-0.014692,0.774511,0.320803,-0.018484,0.769946,0.322806,-0.034299,0.794574,0.370487,0.080163,0.733125,0.361461,-0.0338,0.801578,0.451876,0.097275,0.743682,0.385788,-0.179474,0.807667,0.524557,0.041844,0.785524,0.361909,-0.29966,0.806075,0.547462,0.032956,0.795643,0.35515,-0.339235,0.802352,0.548715,0.013939,0.795956,0.348055,-0.324593,0.800873,0.538944,0.033401,0.792576,0.352054,-0.297984,0.78578,0.528232,0.030726,0.747857,0.530367,-0.030816,0.785978,0.667776,-0.00692,0.739667,0.664168,-0.060085,0.787016,0.793601,0.022649,0.728391,0.787344,-0.037756,0.786697,0.809808,0.020101,0.72228,0.80598,-0.039996,0.787209,0.829786,-0.081074,0.744578,0.822454,-0.145914
HA_Lat_11_6.13.26,403,1501.75,366.4,0,1501.75,366.4,0.9938,1508.69,371.91,0.9458,0.77327,0.309407,-0.075707,0.771561,0.299061,-0.061934,0.772513,0.298838,-0.062093,0.773454,0.298554,-0.062042,0.766974,0.300339,-0.070622,0.764456,0.301247,-0.070801,0.761888,0.302245,-0.070904,0.771393,0.302518,0.009439,0.755123,0.307002,-0.030157,0.774874,0.321209,-0.047423,0.769985,0.323854,-0.060017,0.794488,0.370695,0.060949,0.733727,0.361114,-0.044681,0.801842,0.45226,0.077873,0.744843,0.372959,-0.188643,0.806481,0.524666,0.016324,0.785777,0.344358,-0.32496,0.804342,0.547394,0.004929,0.796008,0.336527,-0.368677,0.801576,0.548649,-0.01489,0.796603,0.330381,-0.355743,0.800419,0.538943,0.00755,0.793132,0.334086,-0.324452,0.785604,0.528383,0.030548,0.747959,0.530841,-0.030638,0.786223,0.667816,-0.001018,0.739684,0.664115,-0.043285,0.787107,0.793688,0.031819,0.728243,0.787284,-0.016046,0.786761,0.809812,0.031821,0.722088,0.805854,-0.020162,0.787179,0.829861,-0.064911,0.744561,0.822442,-0.138306
HA_Lat_11_6.13.26,404,1500.66,345.11,0,1500.66,345.11,0.9731,1506.89,351.13,0.95,0.77184,0.309657,-0.074778,0.770889,0.299206,-0.061767,0.771916,0.298969,-0.061936,0.772943,0.298708,-0.061892,0.766152,0.300715,-0.071489,0.763575,0.301723,-0.07166,0.761063,0.302751,-0.071766,0.771178,0.303119,0.0037,0.754465,0.308385,-0.037507,0.773787,0.321707,-0.049055,0.768262,0.324814,-0.062872,0.794324,0.370759,0.052651,0.734085,0.361218,-0.05839,0.801557,0.452183,0.069084,0.74279,0.359955,-0.200785,0.804134,0.524241,0.008494,0.784838,0.325116,-0.335692,0.802186,0.546246,-0.003069,0.795959,0.31568,-0.379812,0.798686,0.547295,-0.023272,0.797189,0.313318,-0.366779,0.798027,0.537429,-0.000382,0.793513,0.317582,-0.33523,0.785383,0.528632,0.031415,0.748231,0.531213,-0.031493,0.786404,0.667838,-0.000915,0.739707,0.663865,-0.043425,0.787175,0.793725,0.040069,0.728144,0.787238,-0.007365,0.786824,0.809795,0.040488,0.721991,0.805826,-0.008725,0.787191,0.829829,-0.064104,0.744742,0.822448,-0.120186
HA_Lat_11_6.13.26,405,1505.28,333.89,0,1505.28,333.89,0.9816,1510.91,331.11,0.9541,0.770427,0.306367,-0.054943,0.770053,0.296582,-0.04045,0.77126,0.29656,-0.040621,0.772484,0.2966,-0.040572,0.764989,0.297353,-0.049784,0.762428,0.298116,-0.049952,0.759944,0.298938,-0.050041,0.771254,0.302508,0.023597,0.753557,0.307366,-0.019059,0.772777,0.318399,-0.030486,0.766741,0.320916,-0.044003,0.79391,0.371429,0.063704,0.734829,0.360665,-0.053093,0.801332,0.452993,0.072068,0.745925,0.347403,-0.185178,0.801258,0.524168,0.009543,0.786931,0.306588,-0.320911,0.798848,0.546072,-0.001699,0.79736,0.297259,-0.367124,0.795789,0.546746,-0.021496,0.798487,0.295278,-0.34614,0.795599,0.536396,0.000692,0.795178,0.300718,-0.318502,0.785306,0.529183,0.032118,0.748337,0.531469,-0.032205,0.786553,0.667795,0.002549,0.739592,0.663825,-0.041962,0.787129,0.793714,0.046724,0.728079,0.787206,0.003905,0.786785,0.809834,0.047701,0.721868,0.805835,0.003951,0.787224,0.829621,-0.06311,0.744872,0.8227,-0.098203
HA_Lat_11_6.13.26,406,1503.72,316.19,0,1503.72,316.19,0.9813,1510.42,314.67,0.9577,0.769516,0.306291,-0.059595,0.769512,0.296543,-0.04496,0.770836,0.296557,-0.045127,0.77215,0.296609,-0.045076,0.764224,0.297099,-0.054225,0.761658,0.297793,-0.05439,0.759152,0.298581,-0.054474,0.771242,0.302502,0.020382,0.752887,0.307299,-0.022061,0.772068,0.318184,-0.034539,0.765782,0.320456,-0.047936,0.793509,0.372981,0.060601,0.735925,0.360731,-0.052654,0.80134,0.45425,0.067566,0.746296,0.336624,-0.180923,0.799077,0.52415,0.003444,0.786679,0.29136,-0.312203,0.796989,0.545962,-0.009017,0.796581,0.279764,-0.358081,0.793483,0.545309,-0.029046,0.798137,0.28005,-0.333753,0.793198,0.535466,-0.005614,0.795505,0.286586,-0.308419,0.785236,0.529953,0.032169,0.748975,0.531962,-0.032258,0.786639,0.667824,0.008921,0.739529,0.663716,-0.041613,0.787152,0.793782,0.06107,0.728053,0.787184,0.010235,0.786748,0.810089,0.061961,0.721764,0.805846,0.010933,0.787251,0.829437,-0.037984,0.745062,0.822804,-0.088543
HA_Lat_11_6.13.26,407,1500.36,298.31,0,1500.36,298.31,0.9857,1510.33,300.76,0.961,0.768894,0.30705,-0.054496,0.769059,0.297272,-0.040364,0.770449,0.297288,-0.04052,0.771834,0.2973,-0.04046,0.76365,0.297546,-0.049312,0.761086,0.298112,-0.049474,0.758572,0.298768,-0.049543,0.771064,0.302813,0.023176,0.75238,0.307418,-0.018013,0.771707,0.318587,-0.029955,0.765083,0.320606,-0.042993,0.793194,0.373916,0.060806,0.735948,0.360781,-0.04641,0.801549,0.455724,0.065107,0.746299,0.316182,-0.167554,0.796663,0.524586,0.000296,0.78663,0.278486,-0.265333,0.794633,0.546582,-0.012369,0.79611,0.26566,-0.305607,0.790046,0.545313,-0.033142,0.798424,0.268999,-0.29093,0.789766,0.535477,-0.009033,0.79613,0.27555,-0.264094,0.785072,0.53002,0.032047,0.748963,0.53206,-0.032136,0.786611,0.667542,0.014373,0.739634,0.663678,-0.041791,0.78711,0.793778,0.079327,0.727996,0.787185,0.013256,0.786633,0.810184,0.080727,0.721686,0.80586,0.014328,0.787283,0.828773,-0.018389,0.744973,0.822815,-0.087194
HA_Lat_11_6.13.26,408,1497.09,285.37,0,1497.09,285.37,0.9815,1510.77,287.52,0.9603,0.768662,0.310134,-0.040189,0.768716,0.301623,-0.025486,0.770149,0.301657,-0.025631,0.77159,0.301637,-0.025566,0.763232,0.301476,-0.033025,0.76066,0.301727,-0.033186,0.758142,0.302009,-0.03324,0.77101,0.306899,0.038269,0.752091,0.309859,0.003454,0.771584,0.32098,-0.015702,0.764797,0.322253,-0.026944,0.793088,0.375339,0.07112,0.736127,0.362115,-0.018755,0.802127,0.456481,0.070169,0.746963,0.302067,-0.110816,0.794819,0.524529,0.001069,0.786859,0.26622,-0.175036,0.792299,0.546618,-0.012343,0.795836,0.255023,-0.207064,0.786902,0.544564,-0.028817,0.79789,0.259257,-0.19559,0.786511,0.534613,-0.006553,0.79552,0.265016,-0.174059,0.785248,0.530137,0.031193,0.749236,0.532416,-0.031301,0.786635,0.666905,0.008247,0.739732,0.663449,-0.042981,0.787084,0.793806,0.063658,0.727957,0.78718,0.01153,0.786624,0.810312,0.064053,0.721617,0.80583,0.012541,0.787258,0.828696,-0.03503,0.744948,0.823204,-0.088038
HA_Lat_11_6.13.26,409,1493.34,269.11,0,1493.34,269.11,0.9837,1509.21,276.85,0.9623,0.768309,0.309411,-0.035054,0.768466,0.301459,-0.019693,0.769943,0.301498,-0.019837,0.771403,0.301512,-0.019769,0.762955,0.30143,-0.028898,0.760433,0.301645,-0.029064,0.758079,0.301873,-0.029115,0.770881,0.306874,0.04373,0.752455,0.309612,0.00147,0.771282,0.320202,-0.010908,0.764349,0.320425,-0.024327,0.792892,0.375933,0.077146,0.736904,0.363435,-0.022134,0.803105,0.456872,0.086166,0.746334,0.296759,-0.103776,0.794351,0.523804,0.022273,0.786045,0.256344,-0.150905,0.792329,0.544064,0.010565,0.79521,0.242773,-0.180985,0.78719,0.538744,-0.00491,0.797239,0.248642,-0.170241,0.786694,0.530174,0.01531,0.794706,0.25638,-0.149772,0.785497,0.53122,0.031288,0.750379,0.533105,-0.031399,0.786563,0.666541,0.007075,0.739997,0.66342,-0.046771,0.787056,0.793808,0.045569,0.727909,0.787087,0.009931,0.786606,0.810421,0.04372,0.721552,0.805698,0.011048,0.787559,0.828439,-0.060399,0.743993,0.822839,-0.089272
HA_Lat_11_6.13.26,410,1491.31,262.87,0,1491.31,262.87,0.9866,1507.93,268.35,0.9649,0.768032,0.306143,-0.051169,0.768459,0.299515,-0.036356,0.769916,0.299893,-0.036507,0.77133,0.300164,-0.03644,0.762951,0.298859,-0.046556,0.76058,0.299084,-0.046728,0.758434,0.299243,-0.046792,0.770787,0.306536,0.028738,0.753299,0.307527,-0.009983,0.77095,0.317614,-0.026085,0.764166,0.316653,-0.040521,0.792795,0.375822,0.068247,0.737299,0.363621,-0.03803,0.803515,0.456196,0.080054,0.745828,0.289175,-0.125105,0.795342,0.521309,0.017263,0.785381,0.24847,-0.187362,0.793755,0.54026,0.006153,0.794732,0.234577,-0.220055,0.789033,0.534202,-0.011798,0.796651,0.240337,-0.208662,0.788351,0.525979,0.009296,0.793948,0.249056,-0.186206,0.786065,0.533776,0.032667,0.750952,0.536335,-0.032767,0.786706,0.666624,0.0113,0.740203,0.663591,-0.047913,0.787079,0.793867,0.051051,0.727855,0.787084,0.012667,0.786593,0.810472,0.050633,0.721398,0.805546,0.014401,0.78754,0.828672,-0.051374,0.743977,0.822855,-0.087705
HA_Lat_11_6.13.26,411,1489.61,254.65,0,1489.61,254.65,0.986,1506.92,259.09,0.959,0.773991,0.308602,-0.060872,0.772055,0.302321,-0.046365,0.772572,0.302706,-0.046522,0.773228,0.302954,-0.046453,0.768429,0.301579,-0.056264,0.766291,0.301682,-0.056438,0.764082,0.301612,-0.056517,0.770733,0.308546,0.019975,0.756615,0.308691,-0.034147,0.773869,0.321551,-0.034977,0.769324,0.320133,-0.047937,0.792446,0.37746,0.063271,0.73762,0.364718,-0.052531,0.803827,0.45602,0.083013,0.745847,0.278466,-0.103326,0.795969,0.520509,0.029448,0.784856,0.239898,-0.087774,0.794859,0.538946,0.021095,0.794387,0.228653,-0.109236,0.790401,0.533267,0.003442,0.796181,0.232542,-0.098718,0.789613,0.525379,0.021853,0.793385,0.239301,-0.085374,0.786686,0.536251,0.033859,0.751482,0.538925,-0.033946,0.786688,0.666662,0.01245,0.74043,0.663961,-0.051158,0.787227,0.793689,0.053794,0.72783,0.786977,0.011618,0.786546,0.810463,0.052904,0.721021,0.80544,0.013507,0.787547,0.828692,-0.051695,0.744043,0.823123,-0.088758
HA_Lat_11_6.13.26,412,1492.0,252.0,0,1493.22,256.33,0.9931,1506.24,253.3,0.955,0.772672,0.308694,-0.059432,0.771502,0.302163,-0.044582,0.772187,0.302571,-0.044739,0.772952,0.302857,-0.044658,0.767434,0.301561,-0.056121,0.765212,0.301513,-0.056301,0.762995,0.301279,-0.05637,0.770719,0.308442,0.021665,0.756267,0.308045,-0.034108,0.773225,0.321538,-0.033396,0.76822,0.320088,-0.049388,0.792134,0.378864,0.064234,0.737453,0.364731,-0.052246,0.803864,0.455972,0.087228,0.745063,0.276082,-0.105906,0.796294,0.52043,0.031368,0.784501,0.234541,-0.113279,0.795398,0.538504,0.022282,0.794097,0.223441,-0.13912,0.791336,0.533061,0.003612,0.795799,0.229924,-0.1284,0.790438,0.525268,0.023251,0.792994,0.235472,-0.111426,0.787216,0.53701,0.034258,0.75207,0.539501,-0.034345,0.786853,0.666761,0.012433,0.740585,0.663998,-0.051373,0.787331,0.793664,0.054865,0.727849,0.786622,0.014843,0.786525,0.810457,0.054089,0.720991,0.805346,0.017151,0.787796,0.828672,-0.047653,0.744084,0.823221,-0.088395
HA_Lat_11_6.13.26,413,1486.0,246.0,0,1488.8,252.44,0.993,1504.97,247.45,0.9531,0.772266,0.308745,-0.064163,0.771504,0.302065,-0.049668,0.772216,0.302497,-0.049826,0.772977,0.30292,-0.049756,0.767298,0.301482,-0.058818,0.765141,0.301487,-0.05899,0.762994,0.301129,-0.059077,0.770653,0.308464,0.017563,0.756755,0.307643,-0.045089,0.772785,0.32164,-0.037775,0.767794,0.320092,-0.050434,0.791915,0.379995,0.06155,0.737309,0.364716,-0.064332,0.803983,0.456124,0.086322,0.744617,0.271291,-0.118794,0.796556,0.520469,0.030417,0.783836,0.229121,-0.129867,0.79578,0.538635,0.021095,0.793734,0.217075,-0.15669,0.791852,0.533423,0.001805,0.795638,0.223052,-0.146195,0.790967,0.525633,0.022023,0.79251,0.228737,-0.12826,0.787352,0.538256,0.037254,0.752663,0.540075,-0.037334,0.786865,0.667007,0.026234,0.740718,0.66401,-0.052266,0.787224,0.793754,0.077985,0.727829,0.786604,0.014618,0.786034,0.810555,0.077626,0.720956,0.80539,0.016783,0.788278,0.828797,-0.031228,0.744083,0.82329,-0.090854
HA_Lat_11_6.13.26,414,1485.0,244.0,0,1489.0,246.44,0.9935,1502.1,243.23,0.9412,0.774432,0.309082,-0.094077,0.773585,0.302086,-0.078204,0.774166,0.302494,-0.078386,0.774788,0.302909,-0.078302,0.769354,0.301399,-0.091107,0.76712,0.301463,-0.091287,0.764889,0.300898,-0.091355,0.771383,0.308299,-0.003912,0.758335,0.306236,-0.068169,0.773881,0.322021,-0.064547,0.769159,0.320272,-0.083036,0.791647,0.380531,0.047979,0.73728,0.364521,-0.079751,0.804326,0.456107,0.07144,0.744141,0.268121,-0.125361,0.797002,0.520478,-0.001756,0.782343,0.22521,-0.151837,0.79636,0.538729,-0.014194,0.791433,0.213001,-0.180306,0.792519,0.533726,-0.033866,0.79362,0.217011,-0.17134,0.79159,0.525979,-0.010814,0.790451,0.223819,-0.150814,0.787656,0.539536,0.038387,0.753075,0.540687,-0.038483,0.787031,0.667486,0.03526,0.740904,0.664048,-0.052246,0.787269,0.793829,0.097164,0.727809,0.786516,0.022558,0.786018,0.810869,0.097467,0.720785,0.805273,0.025447,0.788715,0.828961,-0.014769,0.743648,0.823312,-0.086349
HA_Lat_11_6.13.26,415,1478.0,241.0,0,1478.8,248.71,0.9928,1497.95,237.43,0.9367,0.774288,0.310741,-0.073727,0.774294,0.303438,-0.056727,0.775068,0.303894,-0.056905,0.775865,0.304536,-0.056806,0.769703,0.302391,-0.070662,0.767456,0.302222,-0.070855,0.765177,0.30151,-0.070907,0.772235,0.309659,0.01733,0.758811,0.306242,-0.051419,0.773883,0.323882,-0.044085,0.769015,0.32156,-0.064305,0.791426,0.380494,0.070303,0.737077,0.364005,-0.068597,0.804367,0.45608,0.101957,0.743774,0.265005,-0.095245,0.797389,0.519814,0.046668,0.780184,0.219842,-0.094088,0.796858,0.538085,0.038717,0.788737,0.20919,-0.11802,0.793163,0.533087,0.019909,0.791591,0.214164,-0.108352,0.792175,0.525478,0.038477,0.788096,0.219377,-0.092179,0.787901,0.539722,0.039573,0.753701,0.540491,-0.039683,0.787175,0.668444,0.030414,0.740992,0.664045,-0.062553,0.787256,0.794418,0.0958,0.727783,0.786517,0.004716,0.78531,0.812186,0.093395,0.720685,0.805278,0.006407,0.789288,0.829273,-0.028649,0.743651,0.823505,-0.109823
HA_Lat_11_6.13.26,416,1473.0,236.0,0,1474.31,252.07,0.9936,1490.01,237.21,0.9153,0.774275,0.310744,-0.050831,0.774397,0.303396,-0.03475,0.775264,0.303856,-0.034923,0.776121,0.304482,-0.034821,0.769519,0.30236,-0.046356,0.767166,0.302194,-0.046552,0.764778,0.30152,-0.046614,0.772408,0.309662,0.032952,0.758496,0.306234,-0.022837,0.774082,0.324012,-0.023954,0.768999,0.321725,-0.041125,0.791312,0.380274,0.07573,0.737015,0.363911,-0.033199,0.804233,0.456077,0.097999,0.743632,0.26404,-0.038866,0.797648,0.519784,0.044388,0.776044,0.21964,0.001543,0.797235,0.538168,0.036024,0.78443,0.209411,-0.014772,0.793609,0.533301,0.019399,0.7869,0.214286,-0.005693,0.792464,0.525779,0.037081,0.783828,0.219103,0.003959,0.787938,0.540078,0.039444,0.753975,0.540482,-0.039556,0.787275,0.668927,0.031948,0.741002,0.664002,-0.062066,0.787252,0.794572,0.096614,0.727776,0.786497,0.012697,0.784912,0.812589,0.096732,0.720592,0.805067,0.015112,0.789276,0.829273,-0.015874,0.743584,0.82356,-0.102172
HA_Lat_11_6.13.26,417,1468.0,236.0,0,1468.17,252.92,0.9921,1483.67,237.25,0.8941,0.775193,0.310897,-0.02939,0.775091,0.303521,-0.013558,0.775871,0.303992,-0.013732,0.776672,0.304612,-0.013636,0.770281,0.302509,-0.025884,0.767836,0.302317,-0.026075,0.765325,0.301657,-0.026132,0.772519,0.309844,0.051831,0.758528,0.306223,-0.005922,0.774604,0.324303,-0.0033,0.769492,0.32207,-0.021321,0.790173,0.380202,0.091535,0.73688,0.363153,-0.019028,0.803375,0.456023,0.108757,0.743075,0.264101,-0.018684,0.797791,0.51977,0.053861,0.772746,0.219673,0.034936,0.797467,0.538049,0.046504,0.780587,0.209964,0.022129,0.79393,0.533687,0.030183,0.7829,0.212602,0.030552,0.793046,0.52603,0.046497,0.779733,0.218284,0.037718,0.788108,0.540408,0.038704,0.754596,0.540444,-0.038812,0.787331,0.669144,0.035022,0.741063,0.663999,-0.059616,0.78725,0.794575,0.100413,0.727728,0.786506,0.011144,0.784642,0.812573,0.101604,0.720302,0.805118,0.013505,0.789404,0.829316,-0.001298,0.743435,0.823712,-0.100805
HA_Lat_11_6.13.26,418,1458.0,241.0,0,1462.01,252.65,0.9919,1477.39,236.87,0.8654,0.775552,0.31156,-0.034868,0.775108,0.304113,-0.01845,0.775859,0.304535,-0.018621,0.776662,0.305099,-0.018525,0.770265,0.303084,-0.030708,0.767776,0.302896,-0.030908,0.76521,0.302306,-0.030978,0.772422,0.31004,0.051137,0.758232,0.306494,-0.006195,0.774872,0.325029,-0.007293,0.76975,0.322858,-0.025152,0.789304,0.380074,0.094263,0.736824,0.363164,-0.017063,0.801612,0.456567,0.112154,0.742032,0.264422,-0.021007,0.797887,0.520369,0.061861,0.769475,0.219324,0.026871,0.797556,0.538338,0.056316,0.777316,0.208201,0.013266,0.795323,0.53511,0.03917,0.779133,0.212132,0.02251,0.794636,0.527311,0.054212,0.775921,0.217688,0.029896,0.788424,0.540428,0.03843,0.755377,0.540535,-0.038535,0.787323,0.669509,0.032372,0.741177,0.663997,-0.058074,0.787187,0.794638,0.095686,0.727719,0.786505,0.010739,0.784581,0.812636,0.096764,0.720255,0.805125,0.01297,0.789407,0.829432,-0.006971,0.743441,0.823815,-0.10042
HA_Lat_11_6.13.26,419,1454.0,243.0,0,1459.64,252.98,0.9922,1468.99,239.66,0.8356,0.776699,0.312451,-0.024386,0.775628,0.304676,-0.007105,0.776296,0.305077,-0.007272,0.77705,0.305605,-0.007163,0.771016,0.303586,-0.020613,0.768448,0.303373,-0.020812,0.765901,0.302854,-0.020871,0.772346,0.310246,0.064431,0.758458,0.306735,0.00176,0.775509,0.326445,0.00394,0.770581,0.324311,-0.015547,0.787743,0.379837,0.107876,0.736839,0.363039,-0.010756,0.799713,0.45677,0.118283,0.740563,0.264853,-0.001556,0.797957,0.520889,0.060034,0.765098,0.221907,0.068945,0.797636,0.539011,0.053774,0.772899,0.211364,0.059282,0.796338,0.536882,0.037114,0.774011,0.214758,0.068143,0.795781,0.528453,0.052207,0.771351,0.219989,0.072478,0.788816,0.540242,0.038293,0.756098,0.540415,-0.038394,0.787375,0.669536,0.036797,0.741234,0.663946,-0.057699,0.787168,0.794574,0.107808,0.727666,0.786534,0.007127,0.784477,0.812633,0.110252,0.720025,0.805533,0.009166,0.789658,0.829393,0.013673,0.743433,0.824034,-0.101031
HA_Lat_11_6.13.26,420,1452.0,244.0,0,1452.42,255.07,0.9909,1463.07,243.01,0.8064,0.778182,0.312981,-0.014889,0.775951,0.304891,0.002084,0.776392,0.305238,0.001919,0.776989,0.305702,0.002022,0.772013,0.303964,-0.013438,0.769591,0.303788,-0.013634,0.767188,0.303344,-0.013691,0.772181,0.310203,0.070752,0.759224,0.306933,-1e-05,0.776415,0.327045,0.012375,0.772208,0.325274,-0.009669,0.785698,0.379724,0.110429,0.736826,0.363022,-0.015971,0.797397,0.458547,0.118172,0.738521,0.267362,-0.016018,0.798089,0.523718,0.053907,0.762015,0.225009,0.047551,0.797846,0.544031,0.046804,0.769692,0.213594,0.036475,0.79696,0.540373,0.02984,0.770588,0.217075,0.045226,0.795806,0.533162,0.045727,0.768152,0.222638,0.050867,0.78873,0.540073,0.038789,0.756104,0.540302,-0.038882,0.787362,0.669717,0.035978,0.741243,0.663976,-0.064356,0.787144,0.794868,0.103576,0.727653,0.786684,-0.003949,0.784391,0.813051,0.10562,0.719898,0.805926,-0.00201,0.79047,0.829447,0.010721,0.743504,0.824434,-0.106818
HA_Lat_11_6.13.26,421,1448.0,249.0,0,1448.72,255.43,0.9909,1457.5,244.86,0.7769,0.778108,0.312917,-0.032266,0.775733,0.304819,-0.016244,0.776131,0.30517,-0.016408,0.776738,0.305636,-0.016319,0.771975,0.30391,-0.028101,0.769565,0.303765,-0.028289,0.767164,0.303307,-0.028363,0.771865,0.310136,0.053121,0.75933,0.306687,-0.022925,0.77628,0.326897,-0.005012,0.772145,0.325204,-0.021406,0.785383,0.379561,0.095782,0.736765,0.362972,-0.041335,0.797552,0.458465,0.107436,0.737032,0.265656,-0.052108,0.799815,0.523732,0.044755,0.759113,0.226727,-0.015501,0.800639,0.544261,0.03674,0.766876,0.215521,-0.030748,0.800151,0.541549,0.018708,0.767261,0.219876,-0.022982,0.79842,0.533777,0.036494,0.764538,0.224976,-0.013258,0.788612,0.539977,0.041664,0.756155,0.540346,-0.041743,0.787349,0.669714,0.040938,0.741247,0.664036,-0.072317,0.787127,0.794856,0.104755,0.727589,0.786694,-0.011214,0.784346,0.813085,0.106187,0.719739,0.805987,-0.009328,0.790871,0.829403,0.011417,0.744575,0.824688,-0.111894
HA_Lat_11_6.13.26,422,1444.0,249.0,0,1445.76,257.62,0.9881,1454.47,245.13,0.7522,0.778488,0.313584,-0.037473,0.775819,0.305167,-0.021736,0.776099,0.305492,-0.021883,0.776622,0.30593,-0.021807,0.77232,0.304387,-0.032041,0.769961,0.304256,-0.032224,0.767609,0.303856,-0.032247,0.771654,0.310244,0.048098,0.759607,0.306942,-0.03907,0.776464,0.327637,-0.010528,0.772524,0.326338,-0.028303,0.784879,0.379781,0.090201,0.73675,0.362988,-0.055728,0.79761,0.458441,0.106745,0.736239,0.266172,-0.064814,0.802594,0.523759,0.027325,0.757535,0.226975,-0.02776,0.80443,0.54457,0.019636,0.764157,0.215874,-0.042755,0.803479,0.542204,-3e-06,0.765244,0.220004,-0.035837,0.800925,0.534285,0.017795,0.762954,0.225257,-0.025844,0.788529,0.53994,0.043928,0.756235,0.540408,-0.044002,0.787335,0.669456,0.045844,0.741262,0.664081,-0.081166,0.787128,0.794853,0.100951,0.72744,0.786823,-0.027247,0.784362,0.813225,0.101676,0.719452,0.806268,-0.026109,0.791614,0.829064,0.006321,0.745208,0.825125,-0.126559
HA_Lat_11_6.13.26,423,1449.2,247.41,0,1434.51,264.62,0.9878,1449.2,247.41,0.7099,0.778494,0.313943,-0.019174,0.775737,0.30532,-0.002672,0.775996,0.305617,-0.002841,0.776499,0.30603,-0.00274,0.772193,0.304614,-0.017733,0.769783,0.304478,-0.017944,0.767387,0.304114,-0.018005,0.771306,0.310175,0.066434,0.759389,0.306992,-0.012645,0.776476,0.327883,0.00836,0.772415,0.326712,-0.013699,0.783945,0.379696,0.113826,0.736779,0.362994,-0.029661,0.79566,0.460593,0.147079,0.735785,0.267084,-0.015514,0.803094,0.526829,0.1151,0.754792,0.229082,0.059041,0.804428,0.546311,0.116898,0.761738,0.217376,0.051483,0.804958,0.544583,0.097431,0.762653,0.221755,0.060058,0.803285,0.538351,0.106758,0.760923,0.226805,0.062648,0.788452,0.540371,0.043572,0.756364,0.540931,-0.04365,0.786983,0.669554,0.043973,0.741241,0.664257,-0.074078,0.787121,0.794859,0.103338,0.727337,0.786916,-0.020374,0.784362,0.813328,0.104785,0.719303,0.806621,-0.01938,0.791944,0.828893,0.014778,0.745493,0.825205,-0.121041
HA_Lat_11_6.13.26,424,1447.02,248.12,0,1429.59,264.56,0.9872,1447.02,248.12,0.6569,0.7791,0.314643,-0.008414,0.776286,0.305709,0.007526,0.776432,0.30598,0.007362,0.77682,0.306392,0.007465,0.772799,0.304957,-0.007006,0.770344,0.304762,-0.007229,0.767882,0.304374,-0.007307,0.771219,0.310151,0.073727,0.759618,0.306998,0.003818,0.776822,0.328782,0.018215,0.77262,0.327449,-0.00287,0.783901,0.380092,0.117989,0.736773,0.363032,-0.007001,0.794803,0.466528,0.161474,0.735752,0.264901,0.018352,0.804646,0.535711,0.156408,0.753658,0.229741,0.10641,0.804928,0.554166,0.162212,0.760466,0.218764,0.102781,0.807179,0.553064,0.142752,0.761052,0.223315,0.111121,0.806145,0.547901,0.148856,0.759508,0.228063,0.110301,0.788462,0.540456,0.043267,0.756298,0.541093,-0.043355,0.786458,0.669901,0.033563,0.741222,0.664445,-0.08116,0.787139,0.794902,0.086464,0.727331,0.787149,-0.036847,0.784424,0.813698,0.087807,0.719292,0.806925,-0.036481,0.791876,0.828816,0.002822,0.745341,0.825207,-0.140253
HA_Lat_11_6.13.26,425,1446.03,249.85,0,1433.23,262.31,0.9872,1446.03,249.85,0.6062,0.77886,0.314889,-0.022795,0.776266,0.305813,-0.007624,0.776495,0.306079,-0.007789,0.776934,0.306475,-0.007699,0.772566,0.305022,-0.020757,0.770041,0.304809,-0.020961,0.767547,0.304408,-0.02104,0.771198,0.310192,0.061477,0.759447,0.307003,-0.004459,0.776823,0.329216,0.003556,0.772366,0.327922,-0.01571,0.783511,0.380082,0.109386,0.736739,0.363213,-0.014277,0.794154,0.466005,0.137396,0.735746,0.266211,0.006582,0.80604,0.534545,0.099166,0.753143,0.231343,0.09605,0.807198,0.55332,0.097311,0.758527,0.220351,0.091498,0.809014,0.552113,0.078309,0.759106,0.223689,0.09824,0.807772,0.546571,0.090955,0.758156,0.229537,0.099156,0.788485,0.540513,0.042659,0.756288,0.541436,-0.042747,0.786151,0.669898,0.039374,0.741186,0.66469,-0.076725,0.787154,0.794893,0.102597,0.727237,0.787296,-0.034386,0.78445,0.813687,0.104851,0.719213,0.807002,-0.031578,0.792029,0.828832,0.014747,0.745384,0.825398,-0.128631
HA_Lat_11_6.13.26,426,1432.0,255.0,0,1434.37,262.04,0.9867,1447.53,247.29,0.5608,0.778437,0.315842,-0.029522,0.776102,0.306477,-0.014775,0.77641,0.30676,-0.01494,0.776909,0.307158,-0.014853,0.772266,0.305608,-0.027563,0.769751,0.305382,-0.027758,0.76727,0.30499,-0.027832,0.77118,0.310816,0.055998,0.759288,0.307424,-0.008445,0.77665,0.330357,-0.003379,0.7721,0.328918,-0.022188,0.783264,0.380091,0.106765,0.736707,0.363585,-0.015356,0.793878,0.466622,0.137691,0.735769,0.266962,0.00656,0.807427,0.535038,0.104299,0.75392,0.228975,0.093225,0.808599,0.554771,0.104321,0.759607,0.216445,0.087857,0.810438,0.554441,0.084666,0.760072,0.22265,0.095494,0.809289,0.548486,0.095898,0.758775,0.227727,0.096604,0.788452,0.541057,0.042141,0.756333,0.542049,-0.042228,0.78575,0.670255,0.051089,0.741165,0.66506,-0.06539,0.787211,0.794877,0.129035,0.727197,0.787534,-0.008607,0.784507,0.813671,0.132524,0.719018,0.807323,-0.005714,0.792042,0.82872,0.040914,0.745373,0.82542,-0.107436
HA_Lat_11_6.13.26,427,1437.0,252.0,0,1439.15,260.25,0.9865,1446.02,247.66,0.556,0.778122,0.316503,-0.065637,0.776003,0.30696,-0.04881,0.776402,0.307341,-0.048999,0.776972,0.307788,-0.048887,0.772033,0.30597,-0.062788,0.769521,0.305744,-0.062977,0.767049,0.305381,-0.063028,0.771244,0.311377,0.029276,0.759142,0.307662,-0.037485,0.776509,0.330968,-0.034967,0.771962,0.329411,-0.055324,0.783338,0.381368,0.086815,0.736691,0.363727,-0.035369,0.794459,0.468234,0.112303,0.735772,0.268296,-0.022513,0.812742,0.537651,0.053714,0.753135,0.229318,0.035717,0.815049,0.561255,0.048802,0.759252,0.216628,0.024765,0.816451,0.561042,0.025787,0.759671,0.221905,0.030641,0.814529,0.552769,0.043356,0.757937,0.227247,0.03765,0.788408,0.541233,0.042296,0.756328,0.542001,-0.042381,0.785709,0.670388,0.061115,0.741158,0.665315,-0.067144,0.787319,0.794898,0.140012,0.72719,0.78782,-0.008227,0.784563,0.813767,0.142981,0.718996,0.807754,-0.005514,0.792459,0.828719,0.047595,0.745222,0.8255,-0.107379
HA_Lat_11_6.13.26,428,1438.0,252.0,0,1437.93,260.79,0.9871,1444.57,247.67,0.5542,0.777958,0.316471,-0.076734,0.775972,0.306877,-0.059961,0.776406,0.307255,-0.060157,0.776986,0.307702,-0.060051,0.771897,0.305906,-0.074876,0.769355,0.305696,-0.075065,0.766869,0.305368,-0.075116,0.771228,0.311349,0.017994,0.759049,0.307325,-0.052365,0.776445,0.330814,-0.04562,0.771791,0.329315,-0.067198,0.783357,0.381988,0.076448,0.736593,0.363727,-0.052704,0.794506,0.468231,0.109588,0.735817,0.270349,-0.044112,0.814748,0.537423,0.053711,0.75238,0.229325,0.007145,0.817822,0.560463,0.048876,0.758618,0.213513,-0.008412,0.819509,0.560886,0.025914,0.759242,0.21958,-0.000241,0.817232,0.552609,0.043394,0.757829,0.224844,0.00961,0.788448,0.541676,0.04313,0.75661,0.542145,-0.04321,0.785657,0.670871,0.063213,0.741058,0.665666,-0.071544,0.787318,0.795083,0.147494,0.727184,0.788085,-0.006719,0.784527,0.814057,0.150802,0.718982,0.808394,-0.003166,0.793229,0.828797,0.054049,0.745159,0.825514,-0.106526
HA_Lat_11_6.13.26,429,1438.0,252.0,0,1435.14,260.07,0.9877,1442.4,247.6,0.5773,0.778279,0.317516,-0.066891,0.776414,0.307565,-0.049978,0.776802,0.307866,-0.050192,0.777312,0.308255,-0.05007,0.772432,0.306499,-0.071253,0.769933,0.306117,-0.071426,0.767434,0.305735,-0.071445,0.771248,0.311437,0.025865,0.759262,0.307492,-0.044581,0.776524,0.331151,-0.035885,0.772094,0.329574,-0.065843,0.782975,0.381873,0.087142,0.736522,0.363891,-0.053286,0.794718,0.467705,0.121262,0.735755,0.272683,-0.047903,0.816045,0.537038,0.069109,0.75125,0.229256,0.002139,0.819583,0.559549,0.06641,0.758382,0.214936,-0.010972,0.821648,0.560766,0.043541,0.759091,0.218674,-0.003213,0.819137,0.552439,0.05889,0.757576,0.223752,0.004715,0.788417,0.541632,0.04672,0.756699,0.542159,-0.046804,0.785482,0.670867,0.061996,0.740976,0.665906,-0.083884,0.787453,0.79508,0.135584,0.727171,0.788122,-0.015593,0.784518,0.814126,0.138032,0.718961,0.808399,-0.012221,0.793702,0.828562,0.045461,0.746004,0.825523,-0.112028
