video_id,frame_idx,true_wrist_x,true_wrist_y,occluded,yolo_wrist_x,yolo_wrist_y,yolo_conf,mp_wrist_x,mp_wrist_y,mp_wrist_vis,lm0_x,lm0_y,lm0_z,lm1_x,lm1_y,lm1_z,lm2_x,lm2_y,lm2_z,lm3_x,lm3_y,lm3_z,lm4_x,lm4_y,lm4_z,lm5_x,lm5_y,lm5_z,lm6_x,lm6_y,lm6_z,lm7_x,lm7_y,lm7_z,lm8_x,lm8_y,lm8_z,lm9_x,lm9_y,lm9_z,lm10_x,lm10_y,lm10_z,lm11_x,lm11_y,lm11_z,lm12_x,lm12_y,lm12_z,lm13_x,lm13_y,lm13_z,lm14_x,lm14_y,lm14_z,lm15_x,lm15_y,lm15_z,lm16_x,lm16_y,lm16_z,lm17_x,lm17_y,lm17_z,lm18_x,lm18_y,lm18_z,lm19_x,lm19_y,lm19_z,lm20_x,lm20_y,lm20_z,lm21_x,lm21_y,lm21_z,lm22_x,lm22_y,lm22_z,lm23_x,lm23_y,lm23_z,lm24_x,lm24_y,lm24_z,lm25_x,lm25_y,lm25_z,lm26_x,lm26_y,lm26_z,lm27_x,lm27_y,lm27_z,lm28_x,lm28_y,lm28_z,lm29_x,lm29_y,lm29_z,lm30_x,lm30_y,lm30_z,lm31_x,lm31_y,lm31_z,lm32_x,lm32_y,lm32_z
HA_Lat_14_6.13.26,0,465.1,570.84,0,461.25,561.97,0.9916,465.1,570.84,0.986,0.265349,0.334876,-0.093322,0.261789,0.322374,-0.084269,0.261148,0.321714,-0.084448,0.260636,0.321008,-0.084405,0.260236,0.322229,-0.109335,0.258489,0.321752,-0.109557,0.25658,0.321235,-0.109671,0.251006,0.32344,-0.031989,0.245128,0.323769,-0.144576,0.26215,0.345756,-0.069388,0.260259,0.345628,-0.10304,0.24334,0.383583,0.058033,0.223214,0.377316,-0.187517,0.236195,0.467792,0.070786,0.202643,0.472763,-0.215549,0.251762,0.500261,-0.027392,0.24224,0.528552,-0.199601,0.254027,0.520445,-0.037714,0.249204,0.546106,-0.222938,0.255889,0.515441,-0.057074,0.253526,0.536954,-0.217307,0.25615,0.505949,-0.038293,0.251919,0.529418,-0.195952,0.214894,0.552102,0.077399,0.212135,0.551257,-0.077445,0.178159,0.669053,0.133431,0.265165,0.647949,-0.080623,0.123372,0.755848,0.190209,0.273911,0.783106,-0.026354,0.106808,0.762745,0.192997,0.263771,0.806544,-0.021477,0.139236,0.801952,0.164374,0.304413,0.817457,-0.054396
HA_Lat_14_6.13.26,1,464.97,570.84,0,462.52,561.35,0.9909,464.97,570.84,0.9861,0.265481,0.33253,-0.087325,0.262053,0.32042,-0.078964,0.26144,0.31994,-0.079104,0.260933,0.319401,-0.079059,0.260574,0.32052,-0.104263,0.25891,0.320244,-0.104485,0.25717,0.319877,-0.104585,0.251223,0.322036,-0.027116,0.246417,0.322764,-0.140312,0.262184,0.344239,-0.063222,0.260333,0.344202,-0.097006,0.243476,0.384208,0.058505,0.223321,0.377071,-0.185473,0.233571,0.468336,0.012119,0.202235,0.472751,-0.200551,0.251537,0.462337,-0.150958,0.242172,0.528555,-0.155686,0.253535,0.449365,-0.174273,0.249175,0.546015,-0.173619,0.254828,0.440292,-0.184312,0.253525,0.536746,-0.169625,0.253556,0.442082,-0.160393,0.251779,0.529498,-0.151613,0.214902,0.551944,0.079195,0.212086,0.551332,-0.079279,0.17813,0.669068,0.132866,0.265193,0.647954,-0.06763,0.123439,0.755708,0.180724,0.274103,0.783092,-0.01875,0.10742,0.762644,0.182837,0.264276,0.805305,-0.014684,0.139519,0.801351,0.155608,0.304613,0.817866,-0.051613
HA_Lat_14_6.13.26,2,464.71,570.78,0,465.63,561.06,0.9915,464.71,570.78,0.9862,0.265477,0.332425,-0.078468,0.262052,0.32029,-0.070391,0.261441,0.319845,-0.070521,0.260938,0.319328,-0.070473,0.260562,0.320375,-0.095023,0.258901,0.320117,-0.095245,0.257167,0.319744,-0.095342,0.251232,0.321936,-0.020172,0.246519,0.322629,-0.130686,0.262132,0.344123,-0.054997,0.260282,0.344102,-0.087976,0.243171,0.384384,0.064266,0.223335,0.377058,-0.174109,0.231953,0.468326,0.033136,0.202164,0.472677,-0.188631,0.249486,0.464405,-0.092986,0.242036,0.5285,-0.154886,0.251711,0.467309,-0.109016,0.249169,0.545742,-0.174454,0.254038,0.462196,-0.124138,0.253541,0.536532,-0.170445,0.252649,0.457385,-0.103222,0.251764,0.529469,-0.151254,0.214114,0.551725,0.078704,0.211976,0.551278,-0.078789,0.178141,0.669027,0.129718,0.265227,0.647963,-0.068747,0.123644,0.755632,0.171436,0.274132,0.783144,-0.01597,0.107831,0.76244,0.17314,0.264277,0.805277,-0.011228,0.139523,0.801092,0.148141,0.30462,0.817945,-0.044796
HA_Lat_14_6.13.26,3,464.63,560.98,0,464.63,560.98,0.9918,464.56,570.25,0.9865,0.265475,0.331515,-0.079169,0.262028,0.31962,-0.070501,0.261425,0.319242,-0.070635,0.260923,0.318767,-0.070586,0.260533,0.319787,-0.095286,0.258874,0.319593,-0.095506,0.257146,0.319239,-0.095606,0.251228,0.321458,-0.017713,0.246535,0.322276,-0.129017,0.262117,0.343549,-0.054896,0.260277,0.343647,-0.088107,0.24317,0.384346,0.067924,0.223353,0.376651,-0.17267,0.231685,0.468299,0.039789,0.202149,0.472442,-0.191652,0.249362,0.469608,-0.094035,0.241958,0.528009,-0.164159,0.2516,0.479462,-0.112624,0.249148,0.545499,-0.185275,0.254052,0.474009,-0.126734,0.253609,0.536259,-0.180837,0.252724,0.468155,-0.104361,0.251763,0.529369,-0.160544,0.214157,0.551567,0.078684,0.212204,0.551278,-0.078767,0.178155,0.669013,0.12978,0.265235,0.648067,-0.069825,0.124177,0.755607,0.175063,0.274137,0.783442,-0.017959,0.108361,0.762404,0.177026,0.264269,0.805281,-0.013591,0.139601,0.800802,0.148522,0.305376,0.818277,-0.048951
HA_Lat_14_6.13.26,4,463.27,559.84,0,463.27,559.84,0.992,464.4,569.79,0.987,0.265479,0.330566,-0.077395,0.262028,0.318781,-0.068506,0.261422,0.318419,-0.068642,0.260914,0.317962,-0.068595,0.260535,0.319011,-0.093743,0.258881,0.318855,-0.093962,0.257165,0.318522,-0.094063,0.251211,0.320642,-0.015613,0.24666,0.32157,-0.128892,0.262094,0.342685,-0.053138,0.260277,0.342835,-0.086933,0.243127,0.384577,0.070074,0.223308,0.376527,-0.174107,0.231576,0.468467,0.039079,0.202176,0.472373,-0.194347,0.249433,0.474604,-0.106678,0.241877,0.527582,-0.168258,0.251656,0.485739,-0.127306,0.248949,0.545461,-0.190099,0.254059,0.478841,-0.141187,0.253608,0.535965,-0.185976,0.252833,0.473471,-0.117281,0.251763,0.529239,-0.164833,0.21421,0.55136,0.078945,0.212098,0.551145,-0.079028,0.178333,0.669011,0.129804,0.26534,0.648098,-0.073009,0.124273,0.755488,0.177215,0.27419,0.783662,-0.01875,0.108594,0.762124,0.179394,0.264425,0.805436,-0.014125,0.139672,0.800763,0.150413,0.305617,0.818458,-0.049948
HA_Lat_14_6.13.26,5,466.53,559.34,0,466.53,559.34,0.9917,464.4,568.86,0.9879,0.26544,0.330431,-0.07659,0.261989,0.318686,-0.067872,0.261386,0.318327,-0.068013,0.260874,0.317874,-0.06797,0.260511,0.318934,-0.092828,0.258866,0.318782,-0.093045,0.257162,0.318453,-0.093149,0.251177,0.320494,-0.015861,0.246706,0.321413,-0.128162,0.261972,0.342584,-0.052666,0.260198,0.342707,-0.08615,0.243119,0.384666,0.070017,0.223295,0.376335,-0.17082,0.231491,0.468456,0.056812,0.202182,0.472256,-0.192405,0.247529,0.498825,-0.056085,0.241877,0.526719,-0.170945,0.250861,0.514067,-0.070004,0.24894,0.544827,-0.192962,0.253646,0.507401,-0.086146,0.25371,0.535373,-0.188212,0.25239,0.501903,-0.066408,0.25183,0.528863,-0.167373,0.214313,0.551353,0.078094,0.212384,0.551151,-0.078167,0.178385,0.669022,0.12988,0.265437,0.648096,-0.073137,0.124852,0.755487,0.179182,0.274252,0.783555,-0.013494,0.109165,0.762035,0.181979,0.264424,0.805119,-0.007919,0.139709,0.80076,0.158773,0.305301,0.818459,-0.040092
HA_Lat_14_6.13.26,6,466.12,558.73,0,466.12,558.73,0.9915,464.8,567.37,0.9887,0.265427,0.330065,-0.074624,0.261937,0.318457,-0.065673,0.261321,0.318109,-0.065802,0.260786,0.317677,-0.065753,0.260494,0.318721,-0.090633,0.25886,0.318582,-0.090855,0.25716,0.318277,-0.090951,0.251046,0.320413,-0.012682,0.246708,0.321349,-0.124536,0.261873,0.342396,-0.050351,0.260178,0.342472,-0.083719,0.243143,0.384963,0.071724,0.223298,0.37632,-0.170516,0.231563,0.467896,0.036654,0.202359,0.472205,-0.19295,0.248903,0.463587,-0.112984,0.242083,0.525338,-0.167038,0.250912,0.452326,-0.134324,0.248985,0.54423,-0.187975,0.253578,0.442669,-0.144745,0.253858,0.535156,-0.183713,0.25242,0.445965,-0.122237,0.252084,0.52874,-0.163431,0.214318,0.551333,0.078708,0.212354,0.551103,-0.078793,0.178871,0.669082,0.125982,0.265637,0.648096,-0.068515,0.125071,0.754983,0.165827,0.274264,0.783555,-0.015075,0.109468,0.760909,0.167436,0.264441,0.805125,-0.009322,0.139709,0.80067,0.143636,0.30563,0.818713,-0.040379
HA_Lat_14_6.13.26,7,467.33,558.72,0,467.33,558.72,0.9918,465.35,567.36,0.9895,0.265423,0.329831,-0.076532,0.261931,0.31828,-0.067412,0.261319,0.317969,-0.06755,0.260786,0.317563,-0.067505,0.260485,0.318492,-0.092313,0.258855,0.318369,-0.092528,0.257158,0.318084,-0.092627,0.251047,0.320284,-0.013933,0.246721,0.321087,-0.125466,0.261857,0.342213,-0.052221,0.260153,0.342292,-0.085547,0.243258,0.385813,0.071282,0.223316,0.376313,-0.168702,0.234012,0.469303,0.047268,0.20269,0.472186,-0.190106,0.249527,0.490101,-0.09364,0.242369,0.525332,-0.16996,0.251248,0.500644,-0.115666,0.249073,0.544238,-0.191736,0.253877,0.490249,-0.12803,0.25407,0.53522,-0.187414,0.25291,0.494803,-0.103508,0.252264,0.528875,-0.166577,0.214354,0.551339,0.078125,0.212461,0.551117,-0.0782,0.17908,0.66913,0.12522,0.265802,0.648071,-0.06954,0.125704,0.754878,0.168792,0.274372,0.783507,-0.011754,0.110115,0.760537,0.170701,0.264488,0.804999,-0.00602,0.139708,0.800597,0.14493,0.305522,0.818859,-0.038708
HA_Lat_14_6.13.26,8,468.57,558.12,0,468.57,558.12,0.9921,466.15,567.19,0.9903,0.26547,0.329875,-0.063758,0.261984,0.318278,-0.054613,0.261373,0.317975,-0.054744,0.260834,0.317576,-0.054697,0.260553,0.31847,-0.079596,0.258937,0.318346,-0.079812,0.257262,0.318057,-0.079905,0.251107,0.320289,-0.002672,0.246962,0.321021,-0.115017,0.26186,0.342239,-0.04002,0.260173,0.342314,-0.07355,0.243681,0.386321,0.08296,0.223299,0.376301,-0.159084,0.235546,0.469417,0.081829,0.203169,0.472199,-0.182918,0.250089,0.501584,-0.023076,0.242784,0.525172,-0.167635,0.25131,0.516396,-0.0354,0.249101,0.544106,-0.189805,0.253896,0.508075,-0.051459,0.254097,0.535338,-0.185395,0.252964,0.506182,-0.033074,0.252331,0.529082,-0.164313,0.214633,0.551342,0.077764,0.212663,0.551141,-0.077837,0.179343,0.669377,0.11839,0.266132,0.648032,-0.070335,0.126083,0.754816,0.156139,0.274562,0.783514,-0.013158,0.110496,0.760057,0.15744,0.264565,0.804843,-0.00769,0.139726,0.800519,0.132228,0.305519,0.819029,-0.04028
HA_Lat_14_6.13.26,9,469.99,558.51,0,469.99,558.51,0.9926,467.72,567.21,0.9908,0.265596,0.329512,-0.066567,0.262064,0.318023,-0.057948,0.26144,0.317792,-0.058082,0.260882,0.317456,-0.058038,0.260677,0.318177,-0.082698,0.259091,0.318101,-0.082912,0.257457,0.31785,-0.083002,0.251163,0.320279,-0.006758,0.247288,0.320963,-0.117826,0.26193,0.342171,-0.04303,0.260309,0.342182,-0.076142,0.243979,0.387158,0.078766,0.223306,0.376291,-0.16293,0.238103,0.472796,0.025329,0.203855,0.472204,-0.183279,0.250365,0.465041,-0.136949,0.243604,0.525196,-0.149183,0.251319,0.447599,-0.159537,0.249774,0.544117,-0.166919,0.253443,0.437519,-0.165695,0.25483,0.535484,-0.162545,0.252244,0.440632,-0.144356,0.252847,0.529393,-0.145147,0.214779,0.551553,0.078761,0.212718,0.551216,-0.078853,0.179608,0.66943,0.120424,0.266555,0.647883,-0.067886,0.126488,0.754542,0.159082,0.274689,0.783665,-0.017694,0.11078,0.759195,0.160312,0.264702,0.804849,-0.013868,0.139723,0.800361,0.134859,0.306579,0.819604,-0.048493
HA_Lat_14_6.13.26,10,471.59,558.52,0,471.59,558.52,0.9925,470.25,566.91,0.9906,0.265667,0.329562,-0.066917,0.262175,0.318046,-0.058067,0.261601,0.317802,-0.058207,0.261105,0.317492,-0.05816,0.260755,0.318202,-0.082818,0.259175,0.318119,-0.083031,0.257538,0.317864,-0.083124,0.251461,0.320309,-0.006292,0.247397,0.320968,-0.117604,0.261991,0.342185,-0.043115,0.260368,0.342195,-0.076329,0.244473,0.387544,0.078504,0.223397,0.376279,-0.160142,0.237919,0.474136,0.06863,0.204513,0.472415,-0.181385,0.244517,0.525277,-0.031578,0.24492,0.524913,-0.155503,0.243881,0.537573,-0.042319,0.250936,0.543658,-0.17561,0.246783,0.531092,-0.057973,0.25583,0.535204,-0.170483,0.24638,0.524584,-0.040943,0.253559,0.529011,-0.151606,0.214844,0.551585,0.077889,0.212935,0.551379,-0.077968,0.179743,0.669923,0.120305,0.266982,0.64783,-0.068761,0.126629,0.754503,0.1627,0.274743,0.783674,-0.017345,0.110885,0.758789,0.164485,0.264784,0.804693,-0.013076,0.139644,0.800356,0.139686,0.30657,0.819593,-0.046397
HA_Lat_14_6.13.26,11,473.79,558.76,0,473.79,558.76,0.9924,472.47,566.93,0.9912,0.266249,0.329494,-0.068898,0.262669,0.318024,-0.059687,0.262087,0.317808,-0.059824,0.261572,0.317509,-0.059777,0.261336,0.318174,-0.084565,0.25979,0.318108,-0.084779,0.258191,0.317865,-0.084873,0.251991,0.320329,-0.0061,0.248153,0.320972,-0.117438,0.262357,0.342202,-0.044517,0.260912,0.342206,-0.07775,0.245057,0.387793,0.07808,0.223482,0.37623,-0.162213,0.240648,0.473802,0.04113,0.205594,0.472527,-0.180755,0.246027,0.495595,-0.118842,0.246078,0.524934,-0.151683,0.244331,0.498347,-0.14244,0.2519,0.543788,-0.17242,0.247251,0.461753,-0.152613,0.256785,0.535535,-0.168756,0.246778,0.482102,-0.128206,0.2543,0.529147,-0.148239,0.215083,0.551634,0.079137,0.21306,0.551398,-0.079218,0.179953,0.670361,0.121525,0.267614,0.647754,-0.069455,0.126836,0.754505,0.165284,0.27478,0.783804,-0.017545,0.110975,0.758782,0.167171,0.264788,0.804705,-0.013212,0.139718,0.800323,0.141215,0.306954,0.819758,-0.047293
HA_Lat_14_6.13.26,12,474.86,557.75,0,474.86,557.75,0.992,474.44,567.07,0.9913,0.266506,0.329563,-0.068633,0.263005,0.318181,-0.060115,0.26242,0.317989,-0.06025,0.261899,0.317724,-0.060204,0.261656,0.318262,-0.084724,0.260106,0.318167,-0.084938,0.258492,0.3179,-0.085028,0.252345,0.320424,-0.008204,0.248435,0.320977,-0.118578,0.262507,0.342282,-0.044821,0.26111,0.342232,-0.077654,0.245288,0.388312,0.076934,0.223493,0.376225,-0.163161,0.240524,0.47397,0.021237,0.206656,0.472924,-0.177094,0.249554,0.468726,-0.142947,0.247102,0.52506,-0.133853,0.247883,0.454905,-0.166202,0.253593,0.543794,-0.150441,0.247897,0.436052,-0.173566,0.258102,0.535538,-0.146558,0.247064,0.442692,-0.151078,0.25548,0.529136,-0.1298,0.215249,0.55168,0.079139,0.213826,0.551597,-0.079222,0.180225,0.670602,0.12169,0.26837,0.647714,-0.061194,0.127017,0.75456,0.165965,0.274805,0.783901,-0.017349,0.111176,0.758805,0.167729,0.264803,0.804781,-0.013271,0.139784,0.80027,0.142488,0.30716,0.819753,-0.047334
HA_Lat_14_6.13.26,13,480.91,560.27,0,480.91,560.27,0.9911,477.32,567.1,0.9911,0.267002,0.330355,-0.068268,0.263826,0.319144,-0.059739,0.263235,0.318925,-0.059882,0.2627,0.318667,-0.059838,0.262378,0.31904,-0.084466,0.260801,0.318815,-0.084679,0.259154,0.318428,-0.084772,0.25308,0.321084,-0.008217,0.249198,0.321179,-0.119295,0.263027,0.342961,-0.044503,0.26158,0.342598,-0.077629,0.245911,0.388975,0.076503,0.2235,0.376269,-0.162172,0.242263,0.475309,0.059171,0.207402,0.473388,-0.18091,0.250126,0.510199,-0.054281,0.248603,0.525089,-0.13797,0.248998,0.529821,-0.06779,0.254919,0.543838,-0.151245,0.251372,0.522142,-0.08379,0.259129,0.535746,-0.148033,0.248296,0.512612,-0.064246,0.256631,0.529203,-0.13333,0.216079,0.551993,0.0779,0.214155,0.551834,-0.077969,0.180389,0.670778,0.122399,0.269158,0.647665,-0.066521,0.126995,0.754441,0.167411,0.274827,0.784206,-0.017426,0.111174,0.758674,0.169249,0.265106,0.804971,-0.013383,0.139721,0.800269,0.143799,0.307166,0.819755,-0.047432
HA_Lat_14_6.13.26,14,482.01,560.47,0,482.01,560.47,0.9912,479.26,567.12,0.9909,0.267746,0.331603,-0.069572,0.264852,0.320607,-0.061094,0.264266,0.320392,-0.061238,0.263715,0.320162,-0.061195,0.263376,0.320279,-0.085776,0.261813,0.319935,-0.085988,0.26015,0.319453,-0.086084,0.253976,0.322183,-0.009542,0.250187,0.321731,-0.120709,0.26381,0.34406,-0.045843,0.26225,0.343372,-0.078941,0.246838,0.390183,0.0754,0.223982,0.376351,-0.16299,0.2419,0.475997,0.06833,0.208207,0.473613,-0.183323,0.249398,0.523769,-0.034253,0.249617,0.52511,-0.142006,0.249137,0.547773,-0.046463,0.255774,0.543853,-0.161837,0.25152,0.540662,-0.062913,0.259985,0.535939,-0.156736,0.248712,0.53289,-0.04412,0.257501,0.529317,-0.137903,0.216532,0.552641,0.077317,0.214843,0.552829,-0.077378,0.180397,0.671164,0.130296,0.270062,0.647632,-0.067357,0.126969,0.754426,0.18345,0.274866,0.784565,-0.015889,0.111157,0.758453,0.186251,0.265109,0.805577,-0.011424,0.139721,0.800273,0.162524,0.307317,0.819574,-0.046014
HA_Lat_14_6.13.26,15,484.23,560.48,0,484.23,560.48,0.9903,481.01,567.02,0.9909,0.26864,0.332832,-0.06778,0.265661,0.32203,-0.059725,0.265027,0.321775,-0.059864,0.264436,0.321505,-0.059819,0.264345,0.321691,-0.084342,0.262818,0.321259,-0.084563,0.261234,0.320691,-0.084664,0.254774,0.323682,-0.009572,0.251415,0.322942,-0.120203,0.264709,0.345133,-0.044474,0.263288,0.344339,-0.077428,0.247647,0.391057,0.074654,0.224713,0.377099,-0.16428,0.242,0.475451,0.044087,0.209426,0.474469,-0.183669,0.253774,0.475374,-0.097706,0.250528,0.525016,-0.14378,0.253624,0.468861,-0.117247,0.256772,0.543823,-0.162346,0.25365,0.45617,-0.126587,0.26054,0.535941,-0.157871,0.251039,0.456777,-0.106147,0.257867,0.52928,-0.139735,0.216772,0.553454,0.077689,0.215014,0.553691,-0.07776,0.180453,0.671467,0.130972,0.271103,0.647611,-0.06436,0.126847,0.754385,0.180524,0.274881,0.784581,-0.016118,0.11109,0.758477,0.182658,0.265209,0.805529,-0.011694,0.13959,0.800187,0.160099,0.307484,0.819725,-0.046073
HA_Lat_14_6.13.26,16,486.31,560.02,0,486.31,560.02,0.9899,483.06,565.71,0.9909,0.2705,0.333554,-0.068502,0.267478,0.32282,-0.059857,0.266826,0.322596,-0.059994,0.266222,0.322328,-0.059949,0.266146,0.322556,-0.08466,0.264609,0.322177,-0.084884,0.26303,0.321641,-0.084988,0.256718,0.324769,-0.011866,0.253405,0.324168,-0.120812,0.266769,0.346109,-0.044623,0.265171,0.345353,-0.078032,0.249146,0.392072,0.073358,0.226529,0.377285,-0.165034,0.246921,0.476874,0.048469,0.209908,0.475248,-0.183897,0.257527,0.505856,-0.078283,0.251596,0.523807,-0.150513,0.257533,0.513014,-0.094198,0.257818,0.541693,-0.170198,0.258886,0.503805,-0.107559,0.261397,0.531541,-0.165609,0.25759,0.499237,-0.087624,0.258684,0.525787,-0.146599,0.217092,0.554338,0.077128,0.215775,0.554745,-0.077196,0.180448,0.671692,0.12981,0.271989,0.647732,-0.061291,0.126785,0.754542,0.174125,0.27493,0.784902,-0.005344,0.111056,0.758706,0.175745,0.265221,0.805593,-0.000217,0.139542,0.800187,0.15165,0.307405,0.819826,-0.032229
HA_Lat_14_6.13.26,17,486.16,557.77,0,486.16,557.77,0.992,484.78,565.29,0.9912,0.271603,0.333739,-0.065981,0.268501,0.323157,-0.057029,0.267908,0.322935,-0.057167,0.267377,0.322656,-0.057116,0.267017,0.322967,-0.081856,0.265427,0.322627,-0.082076,0.263787,0.322109,-0.082171,0.258124,0.325532,-0.006502,0.254203,0.324822,-0.117017,0.268069,0.346345,-0.042111,0.266311,0.345696,-0.075459,0.250276,0.392891,0.078763,0.228626,0.37793,-0.159961,0.247807,0.47679,0.069766,0.21145,0.475448,-0.182041,0.25699,0.507206,-0.042138,0.252488,0.52342,-0.153072,0.257122,0.516384,-0.055474,0.258138,0.541451,-0.172372,0.258638,0.507965,-0.070093,0.262117,0.531717,-0.168056,0.257725,0.502886,-0.051644,0.259483,0.525539,-0.149162,0.217406,0.55468,0.076795,0.216692,0.55512,-0.076858,0.180679,0.671728,0.12618,0.272956,0.647722,-0.063341,0.126757,0.754556,0.165773,0.274967,0.785334,-0.015205,0.111015,0.758714,0.167117,0.265273,0.80574,-0.010913,0.139503,0.800199,0.144911,0.307514,0.819807,-0.040717
HA_Lat_14_6.13.26,18,492.37,555.52,0,492.37,555.52,0.9918,489.22,561.03,0.9899,0.273152,0.335529,-0.065002,0.270055,0.32477,-0.056515,0.26945,0.324527,-0.05665,0.268914,0.3242,-0.056604,0.268653,0.324707,-0.081158,0.267041,0.324426,-0.081372,0.265437,0.323994,-0.081462,0.25962,0.327003,-0.007001,0.25568,0.326885,-0.116613,0.269728,0.348468,-0.041801,0.26792,0.348048,-0.074646,0.251373,0.393892,0.077095,0.230455,0.379536,-0.161534,0.25244,0.476505,0.008612,0.212563,0.476473,-0.180444,0.260199,0.480016,-0.173072,0.254803,0.519471,-0.134604,0.259405,0.47068,-0.198932,0.26153,0.535058,-0.1508,0.259317,0.460339,-0.204881,0.264569,0.524675,-0.145781,0.258468,0.462459,-0.181038,0.261552,0.519735,-0.130077,0.217907,0.55502,0.07898,0.217368,0.555524,-0.079056,0.18077,0.671731,0.124739,0.274003,0.647788,-0.070486,0.126828,0.754734,0.154427,0.27499,0.785725,-0.040821,0.111195,0.758891,0.154504,0.26527,0.805909,-0.038615,0.139208,0.8001,0.123497,0.307597,0.819819,-0.077724
HA_Lat_14_6.13.26,19,493.0,554.86,0,493.0,554.86,0.9911,492.92,558.9,0.9902,0.275244,0.337323,-0.062587,0.27206,0.32636,-0.054519,0.271392,0.326048,-0.054654,0.270793,0.325645,-0.054612,0.270785,0.326371,-0.079145,0.269198,0.326067,-0.079357,0.267651,0.325627,-0.079443,0.261412,0.327928,-0.00575,0.257916,0.328169,-0.115197,0.271489,0.350215,-0.039686,0.269816,0.349833,-0.07239,0.252288,0.39366,0.076242,0.232529,0.380384,-0.162487,0.251312,0.474993,0.006049,0.214005,0.476951,-0.18174,0.262081,0.468776,-0.17482,0.25673,0.517496,-0.138186,0.260818,0.457982,-0.200538,0.263351,0.532694,-0.155023,0.260295,0.445269,-0.207271,0.265991,0.524232,-0.149873,0.259632,0.44895,-0.183155,0.263285,0.518383,-0.13368,0.21819,0.55528,0.080754,0.218416,0.555811,-0.08084,0.180926,0.671773,0.124781,0.274665,0.647795,-0.076833,0.126841,0.754937,0.158201,0.274989,0.786236,-0.051138,0.111205,0.758904,0.158948,0.264662,0.805981,-0.049154,0.138831,0.80032,0.130057,0.307801,0.819959,-0.087793
HA_Lat_14_6.13.26,20,499.57,554.91,0,499.57,554.91,0.9906,495.89,555.03,0.9902,0.27794,0.338359,-0.044656,0.274676,0.327163,-0.037827,0.273971,0.326877,-0.037963,0.273315,0.326523,-0.037924,0.2735,0.327157,-0.062356,0.272026,0.326931,-0.062592,0.270571,0.326585,-0.062697,0.264269,0.328824,0.005523,0.261227,0.329308,-0.104437,0.273856,0.3515,-0.023637,0.272323,0.350994,-0.056453,0.253185,0.393507,0.090328,0.235102,0.381278,-0.153093,0.249944,0.469889,0.125547,0.215906,0.476943,-0.181129,0.262567,0.472642,0.081134,0.258275,0.513915,-0.14465,0.263111,0.46976,0.080417,0.264832,0.528253,-0.16321,0.264598,0.458503,0.066018,0.267495,0.519987,-0.157668,0.264233,0.459358,0.073478,0.264749,0.514619,-0.140619,0.218422,0.555352,0.079479,0.219877,0.555972,-0.07957,0.181275,0.67177,0.106031,0.275334,0.647913,-0.074182,0.127217,0.755063,0.128634,0.275058,0.786963,-0.046953,0.111512,0.758844,0.128845,0.264703,0.806514,-0.044702,0.138852,0.800176,0.10776,0.30835,0.820314,-0.076935
HA_Lat_14_6.13.26,21,503.6,553.76,0,503.6,553.76,0.9895,498.67,553.94,0.9902,0.280443,0.33816,-0.04709,0.276771,0.326961,-0.038966,0.276103,0.326695,-0.0391,0.275492,0.326362,-0.039058,0.275541,0.326956,-0.064,0.274012,0.326762,-0.064229,0.272466,0.326455,-0.064329,0.266455,0.328887,0.008388,0.263207,0.329489,-0.103841,0.276978,0.351269,-0.024791,0.275189,0.350824,-0.058252,0.25449,0.393367,0.093757,0.237784,0.381573,-0.150647,0.249112,0.469921,0.110746,0.218781,0.476907,-0.180599,0.262736,0.484758,0.027792,0.259724,0.512912,-0.146651,0.264321,0.488887,0.020351,0.266434,0.527233,-0.163904,0.266841,0.482479,0.004253,0.268629,0.518836,-0.159525,0.266262,0.478941,0.01826,0.266141,0.513661,-0.142111,0.219038,0.555326,0.07842,0.221553,0.55593,-0.078501,0.182133,0.671617,0.092766,0.275773,0.647953,-0.074292,0.127772,0.755127,0.109455,0.275127,0.787122,-0.049434,0.112098,0.75865,0.108658,0.264747,0.806516,-0.047665,0.138849,0.800012,0.082451,0.308619,0.820313,-0.081776
HA_Lat_14_6.13.26,22,504.56,553.21,0,504.56,553.21,0.9883,502.13,554.81,0.9904,0.282401,0.337997,-0.052606,0.278526,0.3268,-0.044248,0.27782,0.326554,-0.044383,0.277161,0.326241,-0.04434,0.277488,0.326808,-0.069302,0.276054,0.326656,-0.069519,0.274562,0.326403,-0.06961,0.267762,0.328934,0.004049,0.265144,0.329674,-0.107985,0.279243,0.351077,-0.030019,0.277652,0.350657,-0.063445,0.255363,0.393239,0.088742,0.240538,0.381694,-0.154063,0.252892,0.470574,0.087926,0.220561,0.476863,-0.180909,0.268518,0.512218,-0.020366,0.261525,0.513714,-0.153526,0.271174,0.52323,-0.033091,0.267769,0.528726,-0.17297,0.273545,0.517393,-0.047317,0.270178,0.520119,-0.16753,0.272484,0.511976,-0.029782,0.267859,0.514683,-0.149418,0.219921,0.555207,0.078003,0.223568,0.555867,-0.078082,0.183336,0.671271,0.089254,0.276093,0.648095,-0.072503,0.129025,0.755289,0.090194,0.275142,0.787308,-0.042838,0.114111,0.758678,0.087496,0.264749,0.806765,-0.040066,0.138086,0.79999,0.057688,0.30875,0.820277,-0.075275
HA_Lat_14_6.13.26,23,507.02,554.26,0,507.02,554.26,0.9885,504.77,555.01,0.9907,0.284612,0.336995,-0.054825,0.28052,0.326141,-0.045228,0.279747,0.325993,-0.045359,0.278993,0.325765,-0.04532,0.279601,0.326236,-0.071579,0.278175,0.326218,-0.071777,0.276709,0.326086,-0.071844,0.269616,0.328828,0.003345,0.26747,0.32958,-0.112281,0.281304,0.350351,-0.031926,0.279936,0.35001,-0.066868,0.259402,0.393142,0.085943,0.24262,0.381622,-0.158188,0.258516,0.470513,0.087404,0.222519,0.476581,-0.190237,0.276559,0.514145,-0.013245,0.2629,0.513901,-0.173707,0.280521,0.530604,-0.023466,0.269239,0.528889,-0.195923,0.283046,0.525205,-0.042174,0.271901,0.520982,-0.190228,0.281568,0.520162,-0.024178,0.26957,0.515358,-0.170203,0.221129,0.554817,0.077999,0.225207,0.555602,-0.078078,0.184402,0.670707,0.094263,0.276261,0.648243,-0.067556,0.130526,0.75524,0.104262,0.275237,0.787516,-0.039314,0.1156,0.758216,0.102419,0.264814,0.806862,-0.038176,0.137943,0.799966,0.070294,0.30873,0.820269,-0.074757
HA_Lat_14_6.13.26,24,508.65,557.17,0,508.65,557.17,0.9881,503.9,555.54,0.9878,0.286446,0.336602,-0.053271,0.28239,0.325825,-0.043784,0.281573,0.325709,-0.043914,0.280722,0.32553,-0.043871,0.281511,0.325895,-0.069559,0.280097,0.325874,-0.069764,0.278633,0.325772,-0.069843,0.271539,0.328692,0.005862,0.269338,0.329513,-0.108355,0.28273,0.349747,-0.030235,0.281653,0.349317,-0.064538,0.261836,0.393001,0.087021,0.244445,0.381577,-0.155053,0.265291,0.470762,0.073698,0.224893,0.475471,-0.182297,0.275987,0.508657,-0.069419,0.262447,0.514388,-0.157202,0.276894,0.519843,-0.087629,0.269613,0.529778,-0.177637,0.278836,0.506988,-0.100107,0.271734,0.521043,-0.172166,0.278516,0.502784,-0.079076,0.269066,0.51528,-0.153422,0.222547,0.553106,0.077418,0.226368,0.554326,-0.077486,0.18558,0.669568,0.089619,0.276353,0.648257,-0.070363,0.131875,0.755139,0.101224,0.275305,0.78756,-0.049981,0.116825,0.757992,0.099389,0.264922,0.807038,-0.049367,0.137993,0.799711,0.062862,0.308691,0.819502,-0.090912
HA_Lat_14_6.13.26,25,510.04,557.67,0,510.04,557.67,0.9874,504.28,556.33,0.9878,0.290154,0.335229,-0.055829,0.286209,0.324611,-0.04651,0.285382,0.324553,-0.046638,0.284513,0.324404,-0.046591,0.285372,0.324739,-0.071911,0.283901,0.324819,-0.072119,0.282267,0.324789,-0.072198,0.27472,0.328111,0.00407,0.272429,0.32921,-0.10845,0.286561,0.34845,-0.032611,0.285254,0.348085,-0.066448,0.263926,0.392669,0.086189,0.24827,0.381517,-0.155316,0.262723,0.471785,0.052554,0.227029,0.473608,-0.181733,0.273114,0.472069,-0.098061,0.262645,0.515124,-0.15001,0.27452,0.46124,-0.117767,0.269871,0.530518,-0.168262,0.275349,0.448515,-0.126548,0.272407,0.52202,-0.162312,0.274857,0.449902,-0.106345,0.269693,0.516734,-0.145671,0.223382,0.551005,0.077169,0.227244,0.552384,-0.077251,0.187473,0.66812,0.068174,0.276451,0.648276,-0.062833,0.133096,0.754529,0.052683,0.275309,0.78766,-0.045383,0.118051,0.757571,0.048411,0.264923,0.807178,-0.042758,0.138187,0.799878,0.01257,0.308668,0.819506,-0.081799
HA_Lat_14_6.13.26,26,511.71,557.94,0,511.71,557.94,0.987,507.62,557.28,0.9884,0.29306,0.335222,-0.05638,0.289634,0.324496,-0.04789,0.288891,0.324403,-0.048022,0.288133,0.324227,-0.047978,0.288455,0.324506,-0.07292,0.286894,0.32442,-0.073126,0.285244,0.324211,-0.073203,0.278673,0.327319,0.002167,0.2755,0.328192,-0.109606,0.288952,0.348393,-0.033474,0.287599,0.347995,-0.066788,0.264297,0.391246,0.084881,0.251098,0.380496,-0.158149,0.260723,0.471781,0.049444,0.229938,0.472526,-0.182054,0.275146,0.47609,-0.103096,0.264388,0.516001,-0.150309,0.275089,0.471395,-0.122894,0.2717,0.531475,-0.169465,0.277198,0.460713,-0.135676,0.274705,0.522097,-0.163769,0.276607,0.460398,-0.113199,0.271897,0.51717,-0.146013,0.225324,0.548918,0.077096,0.228095,0.549458,-0.077178,0.189964,0.666408,0.084187,0.276273,0.648275,-0.0673,0.134584,0.754356,0.096082,0.2755,0.787647,-0.042365,0.120123,0.756066,0.094759,0.265006,0.807366,-0.039594,0.138446,0.800425,0.06174,0.308863,0.819171,-0.07681
HA_Lat_14_6.13.26,27,515.88,555.13,0,515.88,555.13,0.99,509.38,557.56,0.9891,0.294332,0.333742,-0.057484,0.290881,0.322747,-0.048092,0.290155,0.322621,-0.048225,0.289439,0.322437,-0.048178,0.289878,0.322781,-0.073877,0.288497,0.322652,-0.074088,0.287124,0.322383,-0.07417,0.280473,0.326037,0.00383,0.277957,0.32652,-0.110777,0.290491,0.346809,-0.034164,0.289475,0.346452,-0.068127,0.264273,0.387999,0.093118,0.253388,0.379362,-0.16161,0.259655,0.470608,0.099412,0.231681,0.471064,-0.191397,0.276319,0.480629,-0.004829,0.265304,0.516255,-0.165192,0.279038,0.493231,-0.013692,0.272535,0.531926,-0.186196,0.28211,0.48527,-0.033302,0.276204,0.522508,-0.179011,0.280818,0.482092,-0.016281,0.273362,0.516409,-0.160607,0.226251,0.545086,0.078142,0.228506,0.545672,-0.078231,0.192319,0.663546,0.084902,0.276093,0.648254,-0.067361,0.136833,0.7532,0.09258,0.275533,0.787655,-0.04027,0.121686,0.753009,0.090703,0.265014,0.807534,-0.037444,0.138843,0.800546,0.058845,0.308851,0.818702,-0.073719
HA_Lat_14_6.13.26,28,517.03,555.35,0,517.03,555.35,0.99,512.94,557.81,0.9897,0.296848,0.33353,-0.058115,0.29391,0.322392,-0.049008,0.293213,0.322108,-0.049142,0.292466,0.321742,-0.049097,0.293052,0.322455,-0.074473,0.29176,0.322175,-0.074683,0.290402,0.321688,-0.074763,0.283095,0.324677,0.002735,0.280894,0.325005,-0.111718,0.292729,0.346163,-0.034722,0.291915,0.345858,-0.068195,0.265557,0.385098,0.09013,0.255516,0.378269,-0.163379,0.259141,0.469521,0.087607,0.233054,0.469568,-0.19114,0.275994,0.483068,-0.026432,0.267156,0.516491,-0.164084,0.279822,0.501389,-0.038331,0.27409,0.532322,-0.18444,0.283089,0.49349,-0.055445,0.278001,0.52282,-0.176805,0.281785,0.489077,-0.037148,0.275395,0.516273,-0.15919,0.227176,0.543012,0.078064,0.229357,0.543366,-0.078156,0.193987,0.661938,0.089666,0.275918,0.648255,-0.063636,0.138315,0.752588,0.096859,0.27558,0.787631,-0.02839,0.124122,0.751916,0.094825,0.265029,0.807578,-0.024918,0.138927,0.800728,0.061487,0.308823,0.818704,-0.056235
HA_Lat_14_6.13.26,29,519.08,556.52,0,519.08,556.52,0.9893,514.32,559.59,0.99,0.299719,0.332901,-0.056234,0.296939,0.321454,-0.046675,0.296171,0.32104,-0.04681,0.295343,0.320557,-0.046763,0.296203,0.32152,-0.072544,0.294915,0.321101,-0.072758,0.293514,0.320464,-0.072849,0.28575,0.322881,0.003885,0.283712,0.323142,-0.111733,0.295277,0.345292,-0.033195,0.294503,0.344942,-0.067423,0.26811,0.383261,0.092489,0.258737,0.376609,-0.162682,0.260055,0.468545,0.115047,0.234421,0.467287,-0.191437,0.275019,0.495849,0.037967,0.267873,0.518136,-0.170334,0.277992,0.519769,0.033311,0.274306,0.533864,-0.191914,0.281365,0.51502,0.013034,0.278439,0.524148,-0.183578,0.280381,0.509613,0.027238,0.275947,0.518163,-0.165469,0.227748,0.541499,0.07809,0.229914,0.541329,-0.078183,0.195259,0.660253,0.090557,0.275788,0.648248,-0.062594,0.140474,0.751577,0.094856,0.275562,0.787604,-0.02653,0.126368,0.750877,0.092574,0.265046,0.807631,-0.023195,0.139098,0.800754,0.060875,0.3085,0.818601,-0.053192
HA_Lat_14_6.13.26,30,522.02,558.71,0,522.02,558.71,0.9888,514.76,561.07,0.9905,0.303299,0.331938,-0.062797,0.300759,0.320443,-0.052299,0.300106,0.319989,-0.052446,0.299378,0.319494,-0.052401,0.299836,0.320414,-0.078607,0.298552,0.319865,-0.07882,0.297169,0.319112,-0.078915,0.289825,0.321751,2.4e-05,0.287475,0.321541,-0.117402,0.299121,0.343771,-0.039213,0.298294,0.343436,-0.07412,0.27527,0.38355,0.091261,0.260842,0.375341,-0.167229,0.266493,0.468264,0.110096,0.235393,0.46536,-0.196332,0.280612,0.50182,0.027154,0.268102,0.519508,-0.177832,0.284137,0.524215,0.021198,0.27374,0.535773,-0.200267,0.286157,0.518351,-0.000343,0.278555,0.526211,-0.192933,0.284884,0.512551,0.015832,0.276394,0.519882,-0.173485,0.229185,0.540587,0.078146,0.231045,0.540075,-0.078236,0.196119,0.65829,0.090379,0.275765,0.648319,-0.060223,0.142263,0.751369,0.09392,0.275343,0.787594,-0.022912,0.128419,0.751008,0.091286,0.265052,0.807836,-0.01984,0.139233,0.799786,0.055659,0.307262,0.818368,-0.051116
HA_Lat_14_6.13.26,31,522.36,557.61,0,522.36,557.61,0.9886,515.75,561.23,0.9907,0.305682,0.33193,-0.068549,0.303329,0.320236,-0.057585,0.302781,0.319702,-0.057727,0.302222,0.319139,-0.057674,0.301924,0.32005,-0.084106,0.300343,0.319264,-0.084324,0.298644,0.318248,-0.084421,0.292301,0.320906,-0.003099,0.288198,0.319921,-0.121541,0.301326,0.343589,-0.044125,0.300011,0.343179,-0.079361,0.275905,0.382416,0.090046,0.262884,0.373323,-0.169884,0.265681,0.467519,0.102586,0.236337,0.463752,-0.201332,0.280206,0.501266,0.010776,0.268619,0.519661,-0.182787,0.283608,0.520628,0.003138,0.274572,0.535893,-0.205107,0.286604,0.514167,-0.016895,0.279164,0.526302,-0.1973,0.285582,0.509171,-0.000309,0.277043,0.519944,-0.178221,0.229414,0.538224,0.078144,0.231537,0.538093,-0.078235,0.196952,0.657149,0.086395,0.275753,0.648295,-0.058982,0.143825,0.75137,0.084724,0.275325,0.787587,-0.021897,0.130339,0.751288,0.081605,0.264981,0.807918,-0.018877,0.139251,0.798978,0.042445,0.30726,0.81831,-0.051335
HA_Lat_14_6.13.26,32,523.19,557.18,0,523.19,557.18,0.9871,516.63,561.38,0.9908,0.308246,0.33194,-0.063321,0.305649,0.320207,-0.052124,0.30499,0.319631,-0.052261,0.304295,0.319013,-0.052207,0.304473,0.320004,-0.07883,0.303012,0.319165,-0.079056,0.301465,0.318085,-0.079156,0.294138,0.320454,0.001166,0.290846,0.31955,-0.11788,0.303737,0.3435,-0.03938,0.302674,0.343016,-0.074964,0.276971,0.382685,0.091025,0.264633,0.372582,-0.16674,0.263563,0.466061,0.109405,0.237381,0.462223,-0.200159,0.279314,0.503023,0.025662,0.269079,0.5198,-0.179605,0.284677,0.518654,0.020223,0.274872,0.535932,-0.19971,0.288005,0.514142,-0.000359,0.280244,0.526363,-0.189315,0.28626,0.507664,0.014506,0.27819,0.51997,-0.173871,0.230386,0.537394,0.077452,0.232337,0.53721,-0.077556,0.198179,0.65556,0.073287,0.275382,0.648461,-0.056291,0.145019,0.750441,0.057659,0.275281,0.787593,-0.022088,0.130925,0.749321,0.053425,0.264996,0.808049,-0.019156,0.139545,0.799123,0.015705,0.30713,0.818292,-0.050152
HA_Lat_14_6.13.26,33,524.62,559.17,0,524.62,559.17,0.9861,517.13,563.4,0.9912,0.310153,0.330947,-0.063316,0.307281,0.319365,-0.052229,0.306481,0.318822,-0.052367,0.305667,0.318254,-0.052314,0.306521,0.319152,-0.078834,0.305226,0.31835,-0.079061,0.303885,0.317347,-0.079161,0.296213,0.319876,0.000666,0.294118,0.319163,-0.117894,0.305979,0.342283,-0.039416,0.305255,0.341819,-0.074965,0.278104,0.382788,0.090023,0.267155,0.372637,-0.166779,0.265244,0.465495,0.112072,0.238657,0.461998,-0.198482,0.284677,0.502495,0.029779,0.269339,0.521662,-0.176252,0.291176,0.516987,0.024707,0.274442,0.537586,-0.196463,0.29297,0.511703,0.003331,0.280339,0.527868,-0.1875,0.29119,0.506163,0.018342,0.278492,0.521056,-0.171052,0.230811,0.536191,0.077287,0.232954,0.536255,-0.077394,0.198985,0.654537,0.077768,0.274728,0.648463,-0.048635,0.146333,0.749513,0.070174,0.275257,0.787587,-0.014591,0.131763,0.748504,0.066706,0.264915,0.808277,-0.011747,0.139738,0.799134,0.030209,0.305607,0.818294,-0.041986
HA_Lat_14_6.13.26,34,525.31,560.9,0,525.31,560.9,0.9853,518.36,563.38,0.9915,0.311159,0.331374,-0.062005,0.308189,0.319572,-0.051083,0.30733,0.318953,-0.05122,0.306529,0.318328,-0.051164,0.307337,0.319254,-0.077388,0.305908,0.318374,-0.077619,0.304431,0.317429,-0.077723,0.297301,0.319927,0.001051,0.294395,0.319028,-0.116247,0.306401,0.342346,-0.038412,0.305519,0.341891,-0.073622,0.277829,0.379685,0.090194,0.268434,0.372442,-0.164945,0.265606,0.462105,0.108235,0.239984,0.461479,-0.193838,0.282203,0.502132,0.016284,0.26998,0.521648,-0.166739,0.286601,0.515908,0.009685,0.275801,0.537592,-0.185799,0.288728,0.510212,-0.009946,0.281292,0.527878,-0.176164,0.287479,0.505012,0.005412,0.279224,0.520981,-0.160936,0.231214,0.53537,0.076626,0.233358,0.535572,-0.07674,0.199661,0.653023,0.081015,0.273947,0.648716,-0.051119,0.147248,0.748765,0.081821,0.275259,0.787669,-0.016923,0.133108,0.746469,0.079367,0.265246,0.808733,-0.013987,0.140165,0.799257,0.043643,0.305681,0.818285,-0.044713
HA_Lat_14_6.13.26,35,524.54,561.19,0,524.54,561.19,0.9852,518.81,564.14,0.9917,0.313348,0.331375,-0.056811,0.310147,0.319602,-0.045597,0.309388,0.31899,-0.045732,0.308651,0.318369,-0.045671,0.309194,0.319291,-0.071957,0.30781,0.318426,-0.072195,0.306414,0.317495,-0.0723,0.299308,0.319998,0.006337,0.296561,0.319148,-0.111305,0.309231,0.342259,-0.033437,0.308322,0.341839,-0.068713,0.279006,0.37949,0.095666,0.272512,0.37232,-0.162116,0.264212,0.461678,0.117632,0.241288,0.460859,-0.192596,0.282595,0.502034,0.032878,0.270213,0.522355,-0.165485,0.288027,0.515093,0.028398,0.275669,0.537864,-0.184347,0.292095,0.509285,0.00749,0.28189,0.527954,-0.174704,0.288736,0.504201,0.021595,0.279731,0.521065,-0.159634,0.231463,0.534691,0.076566,0.235042,0.535795,-0.076684,0.200317,0.652539,0.074362,0.273546,0.64895,-0.051858,0.148723,0.74785,0.066115,0.275273,0.78767,-0.018277,0.13393,0.74276,0.062771,0.265445,0.808731,-0.015341,0.140819,0.799266,0.028574,0.305696,0.818322,-0.045027
HA_Lat_14_6.13.26,36,525.82,562.83,0,525.82,562.83,0.9853,520.35,564.17,0.9918,0.315691,0.331631,-0.053484,0.312737,0.319805,-0.0423,0.311851,0.31918,-0.042437,0.310991,0.318541,-0.042372,0.311961,0.31947,-0.068403,0.310632,0.318582,-0.068643,0.309303,0.317621,-0.06875,0.30155,0.320037,0.009425,0.299565,0.319208,-0.107233,0.311434,0.342279,-0.030302,0.310673,0.341855,-0.065271,0.280932,0.379854,0.096935,0.274213,0.372439,-0.157925,0.263466,0.462012,0.117072,0.242142,0.460452,-0.188717,0.272466,0.510415,0.031275,0.271017,0.522377,-0.163466,0.275458,0.53045,0.026332,0.276284,0.537875,-0.182878,0.280732,0.527111,0.005493,0.282655,0.527959,-0.173114,0.279667,0.521081,0.020175,0.280281,0.521146,-0.157613,0.232004,0.533536,0.076346,0.235386,0.534599,-0.07647,0.201091,0.651547,0.072875,0.272939,0.64911,-0.053346,0.149161,0.746585,0.063998,0.275275,0.78751,-0.019335,0.134208,0.738697,0.060628,0.265516,0.808683,-0.016359,0.141096,0.799288,0.024617,0.305706,0.818333,-0.046787
HA_Lat_14_6.13.26,37,525.36,562.17,0,525.36,562.17,0.9853,521.85,565.17,0.9911,0.317713,0.331843,-0.054723,0.314439,0.319896,-0.043888,0.313463,0.319256,-0.044025,0.31253,0.318602,-0.043963,0.313717,0.319556,-0.06991,0.312254,0.318655,-0.070145,0.310786,0.317674,-0.07025,0.302916,0.320099,0.007613,0.300985,0.319309,-0.108219,0.313203,0.34232,-0.03151,0.312378,0.341911,-0.066286,0.281559,0.37998,0.094965,0.276043,0.372536,-0.158103,0.262633,0.462228,0.110359,0.24324,0.460401,-0.188735,0.272768,0.510952,0.019371,0.271795,0.523306,-0.160637,0.276764,0.529825,0.013362,0.277086,0.538521,-0.179656,0.281882,0.526645,-0.007455,0.28389,0.528964,-0.170165,0.280943,0.521194,0.008031,0.281406,0.522022,-0.154864,0.232363,0.53366,0.076092,0.236038,0.534677,-0.076224,0.201159,0.651126,0.069581,0.272418,0.64911,-0.046018,0.148958,0.746254,0.056781,0.275308,0.787523,-0.012504,0.134437,0.738805,0.053019,0.265526,0.8089,-0.009591,0.141599,0.799275,0.017251,0.305734,0.818269,-0.037341
HA_Lat_14_6.13.26,38,525.34,563.55,0,525.34,563.55,0.9849,522.34,565.89,0.991,0.318694,0.332589,-0.051598,0.315505,0.320557,-0.040565,0.314501,0.319882,-0.040698,0.313473,0.319184,-0.040632,0.315029,0.320227,-0.066753,0.313744,0.319339,-0.06699,0.312436,0.318346,-0.067095,0.303771,0.320875,0.010549,0.302596,0.320115,-0.106212,0.314324,0.342824,-0.028571,0.313718,0.342412,-0.063586,0.280821,0.380137,0.097236,0.277693,0.372697,-0.156752,0.261396,0.462486,0.112753,0.244032,0.46026,-0.186952,0.272754,0.511716,0.023244,0.272052,0.523971,-0.15768,0.275473,0.530702,0.017773,0.277229,0.539453,-0.176716,0.28106,0.52735,-0.002868,0.28382,0.530303,-0.167046,0.280511,0.522089,0.012029,0.281395,0.523151,-0.151843,0.231976,0.532923,0.075955,0.23658,0.534314,-0.076091,0.201326,0.650803,0.067568,0.271968,0.649159,-0.048137,0.149062,0.746273,0.0505,0.275419,0.787688,-0.013514,0.134854,0.739712,0.04629,0.265735,0.809351,-0.009906,0.141992,0.799007,0.010492,0.306252,0.818376,-0.040547
HA_Lat_14_6.13.26,39,529.93,568.18,0,529.93,568.18,0.9852,522.27,568.15,0.9909,0.320168,0.334573,-0.052859,0.317157,0.322058,-0.042066,0.316264,0.321365,-0.0422,0.315368,0.320642,-0.042136,0.316404,0.321741,-0.068178,0.315048,0.320885,-0.068412,0.313685,0.319888,-0.068515,0.305819,0.322147,0.00919,0.303902,0.321514,-0.107289,0.315793,0.344602,-0.029767,0.314915,0.344248,-0.064577,0.282946,0.38108,0.09612,0.278449,0.374223,-0.156926,0.261174,0.462946,0.111495,0.244463,0.460541,-0.186787,0.273139,0.512834,0.019424,0.272015,0.526068,-0.154971,0.27592,0.531634,0.013607,0.276893,0.541697,-0.174026,0.281334,0.528296,-0.007524,0.283524,0.533269,-0.164718,0.280755,0.523191,0.007937,0.281051,0.526701,-0.149249,0.232503,0.533482,0.075944,0.236654,0.53474,-0.076081,0.200922,0.65089,0.071889,0.271792,0.649254,-0.041555,0.149377,0.745815,0.062474,0.275422,0.787589,-0.00837,0.135247,0.738719,0.059116,0.265779,0.808888,-0.005188,0.141988,0.799014,0.024178,0.306309,0.818384,-0.033137
HA_Lat_14_6.13.26,40,531.35,566.95,0,531.35,566.95,0.984,524.68,568.11,0.9913,0.322207,0.336782,-0.079163,0.31954,0.323987,-0.067414,0.31881,0.323306,-0.067562,0.318127,0.322633,-0.067497,0.318394,0.323313,-0.093028,0.316891,0.322185,-0.093272,0.31535,0.320944,-0.093394,0.308457,0.323639,-0.009885,0.305257,0.322256,-0.12416,0.317683,0.346661,-0.053939,0.316621,0.346022,-0.088101,0.287541,0.382538,0.084225,0.278908,0.375099,-0.169925,0.267289,0.464382,0.104857,0.24512,0.460792,-0.190347,0.280702,0.511527,0.006811,0.273271,0.526027,-0.156496,0.284616,0.529939,0.00077,0.27977,0.54182,-0.175903,0.291396,0.524991,-0.024379,0.285731,0.53314,-0.167062,0.288976,0.520605,-0.00639,0.283404,0.526602,-0.150898,0.233362,0.533955,0.075932,0.23624,0.534616,-0.076065,0.200913,0.650925,0.076241,0.271532,0.649713,-0.043858,0.149368,0.745839,0.076146,0.275429,0.787607,-0.002228,0.136132,0.739576,0.073688,0.265811,0.808882,0.001993,0.141985,0.798799,0.025994,0.306296,0.818476,-0.028021
HA_Lat_14_6.13.26,41,537.25,568.25,0,537.25,568.25,0.9919,524.58,569.66,0.9918,0.32319,0.339214,-0.07467,0.319698,0.326073,-0.063522,0.318765,0.325345,-0.063666,0.317889,0.324648,-0.063605,0.318944,0.325426,-0.089212,0.31746,0.324343,-0.08945,0.315847,0.323169,-0.089564,0.308416,0.325366,-0.008258,0.305528,0.323945,-0.122776,0.318214,0.348561,-0.050207,0.31718,0.347974,-0.084485,0.286141,0.382503,0.084424,0.281004,0.376481,-0.170322,0.265974,0.464034,0.104359,0.245871,0.461008,-0.191593,0.281569,0.509893,0.006478,0.273217,0.527465,-0.156749,0.284804,0.529357,-2e-05,0.279738,0.543798,-0.176124,0.290445,0.524213,-0.023223,0.285412,0.534349,-0.167801,0.288773,0.520001,-0.006004,0.282964,0.527794,-0.151206,0.232864,0.533195,0.075778,0.236298,0.534549,-0.075915,0.200993,0.651031,0.07691,0.271151,0.65004,-0.038098,0.149834,0.745856,0.076219,0.275417,0.787809,0.004562,0.136377,0.740019,0.073661,0.26631,0.808677,0.008845,0.141976,0.798804,0.033291,0.306218,0.818196,-0.016916
HA_Lat_14_6.13.26,42,532.0,566.0,0,536.14,570.82,0.992,525.37,570.83,0.9919,0.324778,0.341925,-0.072242,0.321238,0.328497,-0.061357,0.320262,0.327706,-0.061499,0.319347,0.326959,-0.061439,0.320354,0.327652,-0.087083,0.318808,0.326451,-0.087318,0.317294,0.325241,-0.087428,0.309715,0.327088,-0.007173,0.307206,0.325763,-0.121822,0.319968,0.350993,-0.048155,0.318782,0.350233,-0.082481,0.286784,0.38332,0.084657,0.282589,0.378033,-0.169651,0.265204,0.463961,0.105323,0.246463,0.461184,-0.191369,0.282023,0.506548,0.01245,0.273633,0.528547,-0.155153,0.284423,0.5255,0.006722,0.280997,0.544078,-0.174023,0.289533,0.522004,-0.014898,0.286238,0.534331,-0.16525,0.288159,0.514889,0.000727,0.283638,0.527923,-0.149464,0.232727,0.533342,0.075013,0.236303,0.534596,-0.075158,0.201356,0.650563,0.078154,0.27101,0.65012,-0.024946,0.149773,0.74555,0.077287,0.275346,0.787951,0.024596,0.136249,0.73992,0.074612,0.26642,0.808582,0.029585,0.141938,0.798721,0.036141,0.306045,0.818165,0.005445
HA_Lat_14_6.13.26,43,525.38,571.48,0,527.5,567.9,0.9851,525.38,571.48,0.9924,0.324986,0.344985,-0.073007,0.321615,0.331719,-0.061813,0.32077,0.331025,-0.061951,0.320021,0.330367,-0.061887,0.320554,0.330757,-0.087313,0.318959,0.329596,-0.08755,0.317237,0.328371,-0.087658,0.310211,0.331059,-0.007373,0.306795,0.329376,-0.121221,0.320249,0.354066,-0.048838,0.318745,0.353218,-0.082764,0.289295,0.385079,0.084242,0.282634,0.379811,-0.169559,0.267294,0.464275,0.086735,0.24678,0.461237,-0.191342,0.286778,0.495183,-0.037236,0.273636,0.52915,-0.15475,0.287896,0.51444,-0.049322,0.281138,0.544676,-0.173762,0.292368,0.507248,-0.068257,0.286192,0.53474,-0.165307,0.291514,0.502127,-0.04877,0.283636,0.528317,-0.14917,0.232624,0.533507,0.074797,0.235945,0.534384,-0.074938,0.20142,0.650482,0.070691,0.270826,0.650324,-0.03371,0.149645,0.74563,0.055866,0.275145,0.787979,0.011863,0.136396,0.740097,0.051617,0.26641,0.80824,0.0162,0.141924,0.798667,0.009684,0.305996,0.818334,-0.012035
HA_Lat_14_6.13.26,44,525.43,572.02,0,528.1,569.15,0.9857,525.43,572.02,0.9927,0.326158,0.347039,-0.06914,0.322624,0.333231,-0.057785,0.321636,0.332685,-0.057931,0.320709,0.332159,-0.057866,0.322019,0.332257,-0.08259,0.320572,0.33126,-0.082835,0.318956,0.330175,-0.082949,0.311312,0.332856,-0.005702,0.308485,0.33131,-0.116524,0.321423,0.356316,-0.04616,0.320211,0.355356,-0.079156,0.28806,0.385649,0.08482,0.284189,0.381074,-0.164733,0.26627,0.464728,0.096447,0.247339,0.461327,-0.186174,0.286508,0.501701,-0.003288,0.273663,0.529647,-0.154001,0.287036,0.521525,-0.010052,0.281106,0.545159,-0.173272,0.290897,0.517178,-0.031488,0.286438,0.535227,-0.16456,0.289875,0.512118,-0.014901,0.283928,0.52877,-0.148496,0.232576,0.533392,0.074023,0.23579,0.533723,-0.074166,0.201257,0.650557,0.07156,0.270752,0.65039,-0.035622,0.149457,0.745259,0.062745,0.274959,0.787808,0.004941,0.13617,0.739235,0.05932,0.266406,0.807654,0.008841,0.141865,0.79865,0.021825,0.305994,0.818357,-0.017351
HA_Lat_14_6.13.26,45,525.51,573.87,0,526.89,569.9,0.9858,525.51,573.87,0.9928,0.326641,0.349553,-0.068689,0.323565,0.335601,-0.057679,0.322586,0.335081,-0.057821,0.321712,0.334595,-0.057758,0.322886,0.334558,-0.082437,0.321386,0.333541,-0.082686,0.319769,0.33242,-0.082802,0.312559,0.334614,-0.00507,0.309366,0.33304,-0.115219,0.321515,0.358481,-0.045738,0.32035,0.357439,-0.079068,0.289271,0.387738,0.085989,0.284463,0.38219,-0.164129,0.266865,0.466659,0.097344,0.247702,0.461578,-0.185961,0.287974,0.502073,-0.004157,0.273703,0.531365,-0.154601,0.291844,0.521174,-0.011421,0.281015,0.547202,-0.173987,0.294418,0.516655,-0.033102,0.286576,0.53649,-0.16554,0.293004,0.511925,-0.015963,0.284069,0.529977,-0.149247,0.23271,0.533289,0.0739,0.235629,0.532884,-0.074042,0.201153,0.650591,0.067122,0.270639,0.650411,-0.03629,0.149672,0.745232,0.05625,0.274802,0.787846,-0.003361,0.136084,0.738472,0.052463,0.266395,0.80754,-0.000287,0.141912,0.798676,0.013502,0.305999,0.818352,-0.02592
HA_Lat_14_6.13.26,46,526.63,576.34,0,529.16,573.44,0.9864,526.63,576.34,0.9926,0.327991,0.351788,-0.066459,0.324866,0.337529,-0.054659,0.32404,0.336968,-0.054813,0.323322,0.336447,-0.054753,0.323893,0.336512,-0.079443,0.32235,0.335484,-0.079694,0.320792,0.334396,-0.079811,0.314097,0.336617,-0.001128,0.31085,0.334967,-0.111672,0.323294,0.360921,-0.043445,0.321912,0.359793,-0.076649,0.292817,0.395795,0.088857,0.284177,0.384612,-0.16257,0.272392,0.471994,0.10795,0.247779,0.46215,-0.185992,0.290187,0.512423,0.013887,0.274289,0.53365,-0.16032,0.294913,0.528903,0.008007,0.281502,0.549667,-0.181017,0.298964,0.523964,-0.01521,0.287897,0.538816,-0.172813,0.296038,0.517324,0.001626,0.285321,0.53172,-0.155479,0.233016,0.53346,0.073944,0.235478,0.532469,-0.074084,0.201014,0.650745,0.060726,0.270476,0.650364,-0.041519,0.149412,0.745086,0.044011,0.274675,0.787834,-0.018042,0.135642,0.737624,0.039527,0.266393,0.807475,-0.015784,0.14191,0.798682,0.000262,0.3059,0.818293,-0.042005
HA_Lat_14_6.13.26,47,526.06,576.8,0,528.34,572.25,0.9865,526.06,576.8,0.993,0.327813,0.352975,-0.053763,0.324881,0.339132,-0.04247,0.324053,0.33858,-0.042615,0.323344,0.338111,-0.042564,0.323846,0.338112,-0.067027,0.322201,0.33718,-0.067271,0.320466,0.336266,-0.067379,0.313868,0.338803,0.007909,0.310044,0.337433,-0.101676,0.323106,0.362665,-0.031655,0.321663,0.361437,-0.064478,0.292317,0.396824,0.096182,0.284308,0.385988,-0.153284,0.270515,0.47264,0.123079,0.247628,0.462551,-0.179491,0.288204,0.517683,0.042508,0.273989,0.534071,-0.159343,0.294059,0.533647,0.038741,0.281017,0.549928,-0.180291,0.296871,0.529615,0.016433,0.287168,0.540193,-0.17155,0.293957,0.524308,0.031042,0.284656,0.533072,-0.154417,0.232846,0.533531,0.074034,0.235348,0.532375,-0.074168,0.201128,0.650946,0.061309,0.270308,0.650489,-0.054036,0.149109,0.745133,0.042533,0.274772,0.788539,-0.038683,0.135356,0.737799,0.03797,0.266452,0.808857,-0.036987,0.141904,0.798706,-0.00172,0.306631,0.818283,-0.065816
HA_Lat_14_6.13.26,48,526.27,578.5,0,526.5,573.68,0.9858,526.27,578.5,0.9932,0.328209,0.354189,-0.054465,0.325398,0.340356,-0.043339,0.324606,0.339834,-0.043486,0.323908,0.339333,-0.043428,0.324433,0.339457,-0.068133,0.322735,0.338489,-0.068376,0.320887,0.337421,-0.068487,0.314296,0.33983,0.007223,0.310414,0.33833,-0.103397,0.323399,0.363947,-0.032101,0.321787,0.362838,-0.065226,0.292454,0.397667,0.095891,0.284357,0.386787,-0.154567,0.269352,0.472896,0.119207,0.247818,0.463193,-0.178944,0.28208,0.520584,0.032537,0.2741,0.535649,-0.158132,0.28407,0.539336,0.027572,0.281352,0.551151,-0.179679,0.288152,0.537102,0.005372,0.287408,0.541517,-0.171043,0.287273,0.531724,0.020978,0.284715,0.534544,-0.153291,0.232709,0.53335,0.074631,0.235323,0.532195,-0.074752,0.200954,0.651093,0.074329,0.270166,0.650493,-0.058811,0.148868,0.744867,0.072948,0.274774,0.789103,-0.039133,0.135129,0.738115,0.07022,0.26639,0.809846,-0.03708,0.1419,0.798765,0.0347,0.306692,0.818409,-0.066966
HA_Lat_14_6.13.26,49,526.89,578.4,0,525.44,574.89,0.9865,526.89,578.4,0.993,0.328423,0.356391,-0.050496,0.325844,0.342434,-0.039407,0.325005,0.341886,-0.039555,0.324261,0.34138,-0.039498,0.324975,0.341604,-0.064473,0.323365,0.340601,-0.064716,0.321544,0.339379,-0.064827,0.3145,0.341518,0.011096,0.31085,0.339823,-0.100575,0.323359,0.36601,-0.027974,0.321828,0.365009,-0.061467,0.292032,0.398921,0.099218,0.284552,0.387199,-0.152251,0.270208,0.474561,0.120389,0.247907,0.463259,-0.175764,0.28243,0.520418,0.028923,0.274424,0.535551,-0.152896,0.284085,0.538251,0.02296,0.281839,0.550922,-0.174112,0.288343,0.534982,0.001324,0.287502,0.541286,-0.165763,0.287628,0.529921,0.017374,0.284989,0.534322,-0.148117,0.232592,0.53344,0.07475,0.235167,0.532203,-0.074867,0.200805,0.651448,0.074611,0.270019,0.650493,-0.058175,0.148736,0.74488,0.076541,0.274666,0.790104,-0.033565,0.135062,0.738024,0.074275,0.266336,0.810571,-0.03108,0.141938,0.798778,0.038942,0.306558,0.818406,-0.06059
HA_Lat_14_6.13.26,50,526.45,580.35,0,523.44,574.67,0.9868,526.45,580.35,0.9933,0.327637,0.357202,-0.052067,0.325133,0.343317,-0.041245,0.324284,0.342814,-0.041393,0.323545,0.342352,-0.041337,0.324183,0.342388,-0.066047,0.3225,0.341422,-0.066285,0.320649,0.340363,-0.066393,0.31407,0.343431,0.010301,0.310011,0.341852,-0.101078,0.322713,0.367178,-0.029562,0.32122,0.365999,-0.062759,0.293721,0.404711,0.095163,0.283267,0.388887,-0.151367,0.279352,0.478803,0.100369,0.247673,0.464408,-0.175274,0.287062,0.520789,-0.011826,0.274194,0.537363,-0.153026,0.287672,0.541028,-0.022549,0.281502,0.553356,-0.174942,0.29182,0.534882,-0.042113,0.287103,0.543953,-0.167361,0.290915,0.528475,-0.022925,0.28459,0.536683,-0.148749,0.232491,0.53374,0.074048,0.23369,0.531663,-0.074148,0.200693,0.652362,0.06803,0.269671,0.650563,-0.059239,0.148255,0.744865,0.058258,0.274683,0.790402,-0.042337,0.134791,0.738154,0.054311,0.266436,0.8111,-0.04103,0.14193,0.798808,0.012134,0.307135,0.818387,-0.074325
HA_Lat_14_6.13.26,51,526.13,580.2,0,522.85,577.4,0.9876,526.13,580.2,0.993,0.328464,0.357886,-0.053662,0.32614,0.344207,-0.042684,0.325425,0.343674,-0.042862,0.324819,0.343207,-0.042814,0.324908,0.34308,-0.066989,0.323094,0.341889,-0.067234,0.321184,0.340708,-0.067355,0.315266,0.343763,0.008923,0.310512,0.341873,-0.102199,0.323614,0.367816,-0.031326,0.321803,0.366512,-0.06388,0.296357,0.407926,0.092841,0.282989,0.389029,-0.152448,0.279737,0.482177,0.098545,0.247491,0.464482,-0.176679,0.287195,0.525042,-0.013603,0.274025,0.537223,-0.153817,0.290052,0.542524,-0.02399,0.281258,0.553302,-0.17628,0.292728,0.535104,-0.044508,0.286859,0.544415,-0.169358,0.290771,0.528508,-0.0251,0.284415,0.537172,-0.149902,0.232658,0.534603,0.074055,0.232386,0.53151,-0.074151,0.200618,0.653081,0.071827,0.269508,0.650645,-0.058962,0.147852,0.744775,0.071951,0.274685,0.791017,-0.040784,0.13422,0.737703,0.068905,0.266435,0.811916,-0.039007,0.141924,0.798912,0.027995,0.307166,0.818393,-0.069942
HA_Lat_14_6.13.26,52,525.82,580.32,0,520.94,577.03,0.989,525.82,580.32,0.9932,0.32862,0.357553,-0.050573,0.326076,0.344198,-0.039365,0.325363,0.34374,-0.039535,0.324743,0.343371,-0.039486,0.324936,0.343196,-0.063923,0.323241,0.342222,-0.064168,0.321428,0.341291,-0.064281,0.315212,0.344572,0.01155,0.310836,0.343195,-0.098756,0.324115,0.367856,-0.028308,0.322538,0.366632,-0.061076,0.295297,0.409246,0.096657,0.283429,0.389954,-0.149133,0.277064,0.486231,0.113204,0.247327,0.464592,-0.172339,0.286635,0.526714,0.01678,0.273866,0.53733,-0.152234,0.289184,0.54653,0.009558,0.281023,0.55376,-0.174175,0.292666,0.540895,-0.012504,0.286608,0.545437,-0.167043,0.290398,0.535178,0.005106,0.284177,0.538129,-0.148112,0.232559,0.53462,0.073996,0.231793,0.531258,-0.074092,0.200561,0.653659,0.062764,0.269256,0.650994,-0.051337,0.147076,0.744696,0.049099,0.274685,0.79123,-0.018689,0.133101,0.737878,0.044827,0.266433,0.812469,-0.015115,0.141898,0.799301,0.006604,0.307104,0.818343,-0.037612
HA_Lat_14_6.13.26,53,525.21,580.66,0,520.14,577.38,0.9894,525.21,580.66,0.9934,0.328083,0.35752,-0.041815,0.32541,0.343966,-0.03069,0.324663,0.343554,-0.030854,0.324001,0.343221,-0.030802,0.324429,0.343045,-0.055854,0.322825,0.342182,-0.056106,0.321111,0.341354,-0.056226,0.314907,0.344573,0.019116,0.31089,0.343259,-0.093208,0.323594,0.367564,-0.019685,0.32235,0.366615,-0.053309,0.295133,0.407382,0.106814,0.283367,0.3897,-0.14732,0.275432,0.485422,0.132309,0.247175,0.464781,-0.170069,0.286145,0.528494,0.045668,0.273547,0.537648,-0.147624,0.288381,0.545683,0.041313,0.280461,0.553967,-0.168783,0.291908,0.541095,0.018708,0.286232,0.546232,-0.160818,0.29,0.535861,0.033923,0.283953,0.539171,-0.142968,0.23251,0.53466,0.074907,0.231411,0.531132,-0.074999,0.200433,0.654086,0.063371,0.268881,0.650988,-0.053386,0.14595,0.744175,0.0535,0.274718,0.791372,-0.025215,0.131967,0.738039,0.050132,0.266435,0.81294,-0.022114,0.141794,0.799163,0.015995,0.307157,0.818604,-0.045197
HA_Lat_14_6.13.26,54,523.51,580.98,0,519.09,578.28,0.9898,523.51,580.98,0.9937,0.327966,0.358897,-0.044517,0.325438,0.345423,-0.033478,0.324741,0.34497,-0.033638,0.324148,0.344616,-0.033588,0.324357,0.344467,-0.058591,0.322756,0.343615,-0.058837,0.321037,0.342805,-0.058952,0.314934,0.345639,0.016614,0.310628,0.344383,-0.095413,0.323482,0.368901,-0.022206,0.322109,0.367826,-0.055767,0.294257,0.40727,0.104467,0.283136,0.390444,-0.148644,0.274576,0.485877,0.129717,0.246952,0.465241,-0.172034,0.285678,0.530204,0.04761,0.272661,0.537945,-0.148054,0.287874,0.547033,0.043518,0.278958,0.554583,-0.168881,0.291703,0.543271,0.021168,0.284997,0.547178,-0.160949,0.290625,0.535144,0.03601,0.283031,0.540214,-0.143144,0.23204,0.534755,0.075582,0.231048,0.53119,-0.075665,0.19985,0.655421,0.064623,0.268526,0.650951,-0.055934,0.143828,0.743896,0.055855,0.274836,0.79149,-0.034584,0.129584,0.738169,0.052778,0.266484,0.813166,-0.032567,0.141439,0.799137,0.018883,0.307403,0.818623,-0.061866
HA_Lat_14_6.13.26,55,521.52,582.54,0,516.94,580.26,0.9903,521.52,582.54,0.9939,0.327455,0.358244,-0.046698,0.324763,0.344764,-0.03573,0.324029,0.34438,-0.035888,0.323384,0.344081,-0.035838,0.323741,0.343892,-0.06075,0.322156,0.343179,-0.060993,0.32043,0.342523,-0.061107,0.313979,0.345895,0.014583,0.309919,0.344945,-0.096847,0.323046,0.36854,-0.02427,0.321732,0.367498,-0.057753,0.294149,0.408588,0.102488,0.282855,0.39127,-0.14936,0.276871,0.485317,0.127791,0.246762,0.466356,-0.173372,0.286694,0.529701,0.048974,0.271624,0.539388,-0.156846,0.289594,0.54618,0.044756,0.277837,0.555918,-0.179342,0.293823,0.542129,0.02217,0.284452,0.548573,-0.172379,0.291641,0.534819,0.037366,0.282499,0.541606,-0.152869,0.231457,0.535601,0.075746,0.23028,0.531432,-0.075821,0.199203,0.656702,0.068013,0.26782,0.650942,-0.058126,0.14231,0.743442,0.061714,0.27485,0.791479,-0.036814,0.127471,0.738158,0.058669,0.266452,0.813128,-0.034811,0.141242,0.799123,0.022352,0.307413,0.818753,-0.065572
HA_Lat_14_6.13.26,56,518.94,583.97,0,518.44,580.98,0.991,518.94,583.97,0.9943,0.326997,0.359614,-0.047499,0.324239,0.345999,-0.036513,0.323482,0.345502,-0.036673,0.322818,0.345091,-0.036625,0.323273,0.345345,-0.06147,0.321716,0.344633,-0.061712,0.320021,0.343953,-0.061823,0.313435,0.346576,0.013704,0.309504,0.345874,-0.097401,0.322575,0.369639,-0.025152,0.321268,0.36871,-0.058524,0.293977,0.409829,0.101437,0.282441,0.392399,-0.149368,0.276402,0.484554,0.126103,0.246617,0.466736,-0.17295,0.286549,0.530655,0.0418,0.270283,0.540717,-0.156995,0.290093,0.546842,0.036425,0.276237,0.557251,-0.179484,0.293679,0.541261,0.01398,0.282919,0.549672,-0.172648,0.291629,0.535104,0.030081,0.281105,0.542951,-0.153085,0.2308,0.535778,0.075768,0.228684,0.531469,-0.075842,0.19872,0.657597,0.068386,0.267407,0.650961,-0.057943,0.141232,0.743409,0.059419,0.27498,0.791492,-0.034366,0.126072,0.738248,0.055831,0.266614,0.813228,-0.032077,0.140855,0.799274,0.019345,0.307692,0.818763,-0.061893
HA_Lat_14_6.13.26,57,517.68,584.64,0,516.89,580.92,0.9906,517.68,584.64,0.9946,0.326675,0.359227,-0.047133,0.323858,0.345582,-0.036157,0.323087,0.345103,-0.036322,0.322402,0.344702,-0.036274,0.322943,0.344978,-0.061142,0.321408,0.344294,-0.061386,0.319735,0.343626,-0.061496,0.313054,0.346105,0.013753,0.309282,0.345428,-0.097479,0.322258,0.369555,-0.02497,0.321026,0.36876,-0.058358,0.293613,0.410291,0.101581,0.282368,0.392528,-0.149919,0.275604,0.484451,0.130383,0.246319,0.467315,-0.173631,0.286164,0.532761,0.050161,0.269627,0.541333,-0.157019,0.290376,0.54761,0.046069,0.276096,0.557742,-0.179414,0.2944,0.541974,0.023025,0.282646,0.549907,-0.172515,0.291625,0.535562,0.038332,0.280741,0.543006,-0.15308,0.230066,0.535838,0.076097,0.227641,0.53153,-0.076164,0.198116,0.657926,0.068714,0.266969,0.650948,-0.061991,0.140339,0.743368,0.060231,0.2751,0.791475,-0.039794,0.125272,0.738446,0.056681,0.266629,0.813194,-0.037521,0.140683,0.799092,0.021759,0.307942,0.81898,-0.065691
HA_Lat_14_6.13.26,58,514.86,585.6,0,511.92,580.05,0.9907,514.86,585.6,0.995,0.326509,0.358856,-0.047958,0.323761,0.345187,-0.037059,0.323064,0.344746,-0.037222,0.322322,0.344372,-0.037172,0.322756,0.344572,-0.062049,0.321215,0.343918,-0.062291,0.319485,0.343285,-0.062401,0.313031,0.346083,0.013105,0.309023,0.345504,-0.097131,0.32209,0.369551,-0.02571,0.320958,0.368589,-0.059145,0.293906,0.412045,0.100825,0.282269,0.392395,-0.149789,0.279104,0.485435,0.127995,0.245771,0.467599,-0.175357,0.287557,0.534638,0.045477,0.268155,0.542222,-0.174912,0.291321,0.54981,0.040142,0.274564,0.55871,-0.200163,0.294641,0.543903,0.01683,0.281257,0.551356,-0.193819,0.292325,0.537743,0.033465,0.279431,0.544277,-0.171645,0.229319,0.535918,0.076155,0.22644,0.531404,-0.076216,0.197416,0.658566,0.063816,0.266144,0.650939,-0.061956,0.139074,0.74335,0.047284,0.275102,0.79145,-0.043501,0.123867,0.7389,0.042538,0.266633,0.813107,-0.042247,0.140312,0.799094,-0.001811,0.307939,0.819042,-0.077523
HA_Lat_14_6.13.26,59,512.1,585.76,0,508.66,579.34,0.9913,512.1,585.76,0.9953,0.325711,0.358592,-0.055693,0.322763,0.344869,-0.044393,0.322149,0.344371,-0.044562,0.321464,0.343968,-0.044518,0.321567,0.344286,-0.069133,0.319952,0.343574,-0.069377,0.318133,0.342883,-0.069491,0.311745,0.345688,0.007067,0.307648,0.345132,-0.102638,0.321818,0.369072,-0.033109,0.320613,0.368118,-0.066186,0.292778,0.410886,0.097602,0.281589,0.392743,-0.155365,0.277994,0.485111,0.125393,0.244231,0.468589,-0.181622,0.287356,0.532979,0.043943,0.26672,0.54237,-0.176973,0.290716,0.548198,0.039082,0.273243,0.55901,-0.201122,0.29415,0.54249,0.015846,0.279418,0.55141,-0.194066,0.292079,0.536399,0.032015,0.277583,0.544335,-0.173158,0.22764,0.535925,0.076691,0.225197,0.531437,-0.076744,0.196766,0.659358,0.072711,0.265816,0.650914,-0.063157,0.138042,0.743276,0.066907,0.275128,0.791434,-0.040239,0.123076,0.739215,0.06354,0.266626,0.813072,-0.03831,0.140133,0.799095,0.023384,0.307928,0.819161,-0.070827
HA_Lat_14_6.13.26,60,510.77,586.74,0,507.87,578.61,0.9904,510.77,586.74,0.9957,0.324609,0.358279,-0.05432,0.321735,0.344622,-0.043491,0.321121,0.344145,-0.043656,0.320438,0.343744,-0.043612,0.320572,0.3441,-0.067854,0.318974,0.343456,-0.068094,0.317075,0.342824,-0.068205,0.309996,0.345462,0.007072,0.305861,0.345099,-0.10198,0.320778,0.36898,-0.032293,0.319535,0.368111,-0.064857,0.289798,0.408311,0.097008,0.280366,0.393122,-0.153919,0.268825,0.483406,0.123731,0.243166,0.470201,-0.179492,0.280966,0.532391,0.043041,0.266027,0.543281,-0.175752,0.283164,0.547061,0.038503,0.273173,0.559474,-0.199019,0.287524,0.542175,0.016174,0.279087,0.551734,-0.192652,0.286394,0.5365,0.031513,0.277112,0.544609,-0.17191,0.225627,0.53596,0.076681,0.224772,0.53236,-0.076735,0.195702,0.660019,0.076503,0.265007,0.650913,-0.06238,0.136861,0.743287,0.071678,0.275123,0.79135,-0.038229,0.121587,0.73967,0.068595,0.26663,0.812996,-0.036093,0.139829,0.799443,0.031938,0.307913,0.819112,-0.067329
HA_Lat_14_6.13.26,61,509.12,587.87,0,508.02,579.97,0.9912,509.12,587.87,0.9959,0.322389,0.358483,-0.061792,0.319514,0.344938,-0.050324,0.318946,0.344426,-0.050498,0.318383,0.344,-0.05046,0.318136,0.344433,-0.074811,0.316438,0.34376,-0.075055,0.314456,0.343083,-0.07517,0.308314,0.345542,0.002929,0.303196,0.345046,-0.106299,0.318515,0.369122,-0.03866,0.316833,0.36829,-0.071356,0.289154,0.408226,0.094681,0.277461,0.393131,-0.157772,0.268735,0.483149,0.123698,0.241248,0.471176,-0.187351,0.282917,0.531517,0.044175,0.265166,0.544324,-0.186407,0.28816,0.545981,0.039314,0.272354,0.561032,-0.21079,0.292019,0.540369,0.015846,0.277869,0.553477,-0.204363,0.288834,0.535164,0.032113,0.275777,0.546109,-0.182801,0.225414,0.536198,0.076837,0.222837,0.53238,-0.076888,0.194899,0.661057,0.073763,0.264536,0.650903,-0.066943,0.135958,0.74335,0.067681,0.27515,0.791343,-0.049421,0.120624,0.740341,0.064287,0.266655,0.812964,-0.048067,0.139804,0.799459,0.024502,0.30807,0.819139,-0.082848
HA_Lat_14_6.13.26,62,507.03,587.87,0,503.76,579.47,0.9921,507.03,587.87,0.9963,0.316406,0.359315,-0.049966,0.313265,0.345834,-0.039244,0.312591,0.345271,-0.039403,0.311909,0.344781,-0.039365,0.312214,0.345359,-0.063478,0.310758,0.344661,-0.063716,0.309176,0.343955,-0.063812,0.302986,0.345779,0.009838,0.299265,0.345619,-0.0981,0.312495,0.36996,-0.028164,0.311324,0.369126,-0.060429,0.284198,0.406273,0.100471,0.275695,0.393349,-0.151867,0.266113,0.481674,0.133254,0.2396,0.472102,-0.181622,0.282786,0.530925,0.060276,0.264078,0.544327,-0.172693,0.287513,0.545574,0.057347,0.27174,0.561384,-0.193645,0.291917,0.539815,0.034316,0.277171,0.553416,-0.185864,0.288481,0.534509,0.048525,0.275133,0.54588,-0.168334,0.22223,0.536203,0.076828,0.222698,0.532865,-0.076878,0.194332,0.662321,0.05713,0.263378,0.650922,-0.059375,0.134971,0.743414,0.030803,0.27515,0.791262,-0.028877,0.119197,0.740819,0.025582,0.266678,0.812906,-0.025601,0.139507,0.799525,-0.012694,0.308066,0.819127,-0.048715
HA_Lat_14_6.13.26,63,504.35,587.58,0,501.51,579.1,0.9932,504.35,587.58,0.9965,0.313523,0.359062,-0.049392,0.310228,0.345752,-0.039076,0.30956,0.34518,-0.039237,0.308914,0.344669,-0.0392,0.309215,0.345466,-0.063014,0.307731,0.34487,-0.063242,0.30605,0.344223,-0.063334,0.299887,0.345774,0.009805,0.295563,0.345825,-0.097648,0.309628,0.369696,-0.027963,0.308383,0.368908,-0.059828,0.284034,0.406129,0.097096,0.271648,0.393196,-0.14941,0.271688,0.481395,0.131177,0.238056,0.472371,-0.179561,0.282627,0.530636,0.050914,0.262684,0.544052,-0.17144,0.287199,0.54718,0.0466,0.270022,0.560988,-0.193194,0.289728,0.542617,0.02394,0.275584,0.553202,-0.186232,0.286654,0.534823,0.039269,0.273601,0.545594,-0.167428,0.221221,0.536674,0.075611,0.220777,0.533087,-0.075664,0.193657,0.663273,0.056464,0.262568,0.651079,-0.057701,0.134257,0.743647,0.034269,0.27511,0.791249,-0.028995,0.118047,0.741552,0.02924,0.266703,0.812877,-0.025707,0.139475,0.799526,-0.011003,0.307837,0.81897,-0.049437
HA_Lat_14_6.13.26,64,502.9,587.29,0,501.11,578.25,0.9933,502.9,587.29,0.9965,0.311366,0.358912,-0.054432,0.308416,0.345652,-0.04455,0.307758,0.345017,-0.044717,0.307167,0.344478,-0.044681,0.307355,0.345439,-0.068364,0.305804,0.344776,-0.068589,0.304045,0.344053,-0.068684,0.298375,0.345737,0.003928,0.293472,0.345693,-0.102624,0.307134,0.369479,-0.032758,0.305862,0.368689,-0.064523,0.282096,0.405925,0.092944,0.268101,0.393061,-0.153229,0.271637,0.481691,0.129177,0.236704,0.473192,-0.183422,0.2825,0.530538,0.047631,0.261928,0.543789,-0.174715,0.286406,0.546636,0.043384,0.269708,0.560773,-0.196907,0.289544,0.541934,0.020694,0.275383,0.55313,-0.190169,0.286062,0.534622,0.036049,0.273275,0.545398,-0.170841,0.221005,0.537843,0.07568,0.219298,0.533831,-0.075731,0.192854,0.664465,0.063735,0.261889,0.651093,-0.064905,0.133347,0.744123,0.058106,0.275109,0.791301,-0.042136,0.116824,0.742508,0.054755,0.266708,0.812903,-0.040068,0.139473,0.799642,0.013044,0.307897,0.819004,-0.072196
HA_Lat_14_6.13.26,65,501.02,587.1,0,498.15,576.52,0.9895,501.02,587.1,0.9966,0.308237,0.358844,-0.053793,0.304852,0.345551,-0.043799,0.304152,0.344974,-0.043964,0.30357,0.344433,-0.043924,0.303813,0.345249,-0.067578,0.30223,0.34458,-0.067804,0.300462,0.343854,-0.067899,0.294696,0.345693,0.004795,0.289936,0.345545,-0.101322,0.304141,0.369424,-0.032012,0.302887,0.36863,-0.063751,0.278695,0.405873,0.093458,0.264706,0.39299,-0.151758,0.268121,0.481284,0.127252,0.234831,0.473623,-0.181125,0.280719,0.529334,0.045604,0.260949,0.543614,-0.174474,0.284325,0.546284,0.04098,0.268835,0.560735,-0.196674,0.287843,0.54136,0.018315,0.274292,0.553012,-0.189431,0.285155,0.534471,0.033965,0.271934,0.545284,-0.170603,0.219496,0.538601,0.075646,0.217452,0.534226,-0.075698,0.191863,0.665401,0.064359,0.261303,0.651293,-0.065713,0.132697,0.745011,0.058594,0.275095,0.791336,-0.044456,0.116126,0.743926,0.055208,0.266694,0.812913,-0.04256,0.139694,0.799662,0.013945,0.308006,0.818719,-0.073556
HA_Lat_14_6.13.26,66,499.28,586.88,0,498.88,575.66,0.988,499.28,586.88,0.9967,0.30324,0.358987,-0.053517,0.300537,0.34563,-0.043586,0.299866,0.345004,-0.043748,0.299266,0.344421,-0.043707,0.299441,0.345368,-0.067398,0.297842,0.344663,-0.067624,0.296018,0.343892,-0.06772,0.290152,0.345525,0.004868,0.285405,0.34537,-0.10131,0.298734,0.36946,-0.031671,0.297452,0.368649,-0.06348,0.273378,0.403136,0.09375,0.261786,0.39294,-0.152074,0.259982,0.479506,0.126887,0.232764,0.474313,-0.184777,0.277396,0.526653,0.04399,0.260044,0.543412,-0.177204,0.279181,0.543215,0.039123,0.268116,0.560483,-0.199862,0.282936,0.539803,0.016427,0.273279,0.552687,-0.192354,0.280992,0.533676,0.032315,0.27089,0.545097,-0.173131,0.216633,0.538824,0.075814,0.216502,0.53527,-0.075872,0.191044,0.66647,0.065288,0.260436,0.651293,-0.064882,0.131656,0.745748,0.056083,0.275078,0.791307,-0.042778,0.114487,0.745173,0.052228,0.266691,0.812833,-0.040849,0.139572,0.799714,0.010793,0.307984,0.818625,-0.072238
HA_Lat_14_6.13.26,67,498.45,586.82,0,498.02,575.05,0.9902,498.45,586.82,0.9968,0.299779,0.357038,-0.052618,0.296587,0.344122,-0.042713,0.296005,0.343575,-0.042873,0.295485,0.34304,-0.042834,0.295568,0.344063,-0.066393,0.294095,0.343585,-0.066617,0.292353,0.343026,-0.066708,0.286188,0.34507,0.005449,0.281619,0.345205,-0.099876,0.295799,0.367942,-0.030871,0.294493,0.367258,-0.062469,0.272441,0.402856,0.093724,0.259172,0.392924,-0.151278,0.261132,0.479497,0.117438,0.231177,0.475101,-0.184442,0.277575,0.522974,0.026804,0.259611,0.543351,-0.176043,0.279635,0.541456,0.019658,0.267675,0.56041,-0.198744,0.283462,0.537078,-0.001652,0.27265,0.552051,-0.191681,0.281325,0.528642,0.01536,0.270297,0.544386,-0.172139,0.215785,0.539593,0.075552,0.215404,0.535915,-0.075612,0.190131,0.667466,0.05815,0.259541,0.651588,-0.064284,0.130583,0.746466,0.03726,0.275118,0.791346,-0.046728,0.113639,0.746771,0.032188,0.26691,0.812902,-0.045736,0.139581,0.799899,-0.009496,0.307982,0.818192,-0.078193
HA_Lat_14_6.13.26,68,497.7,586.06,0,499.8,573.87,0.9911,497.7,586.06,0.997,0.294576,0.356888,-0.058375,0.291865,0.343796,-0.048479,0.291381,0.34322,-0.048641,0.290963,0.342641,-0.048604,0.290707,0.343801,-0.072131,0.289209,0.343346,-0.072351,0.287498,0.3428,-0.072436,0.281945,0.344478,0.000551,0.277019,0.344775,-0.10444,0.290946,0.367783,-0.036269,0.28964,0.367186,-0.067747,0.270202,0.401324,0.089746,0.255185,0.392539,-0.154982,0.262194,0.478894,0.11537,0.229084,0.475969,-0.19173,0.27834,0.519311,0.027741,0.259221,0.54265,-0.190735,0.281478,0.537551,0.021113,0.267304,0.559579,-0.214463,0.285008,0.53291,-0.000529,0.272284,0.550148,-0.20824,0.282855,0.526612,0.016241,0.270044,0.542785,-0.187348,0.215019,0.54126,0.075407,0.21389,0.537183,-0.075473,0.189227,0.668832,0.056764,0.25869,0.651863,-0.064897,0.129332,0.747919,0.033224,0.275058,0.791262,-0.048369,0.112694,0.749933,0.027877,0.26713,0.812896,-0.047329,0.139713,0.799893,-0.013029,0.308495,0.817947,-0.078256
HA_Lat_14_6.13.26,69,500.0,573.0,0,498.54,570.42,0.9898,497.2,582.22,0.9971,0.289871,0.355946,-0.052546,0.286818,0.343165,-0.043068,0.286211,0.342493,-0.043228,0.285678,0.341793,-0.043193,0.285837,0.343304,-0.066706,0.284365,0.342858,-0.06692,0.282687,0.3423,-0.066999,0.276646,0.343396,0.003742,0.27261,0.343893,-0.10104,0.286127,0.366475,-0.031279,0.284838,0.366031,-0.062723,0.26388,0.400288,0.090012,0.251109,0.391884,-0.153097,0.255583,0.478882,0.114573,0.226719,0.476594,-0.189617,0.275412,0.51881,0.02612,0.258957,0.539094,-0.185481,0.27927,0.53758,0.019611,0.266794,0.556762,-0.206885,0.282413,0.532149,-0.00179,0.271667,0.546947,-0.201038,0.279484,0.525653,0.014692,0.269696,0.539933,-0.18221,0.212838,0.543515,0.075196,0.211779,0.538231,-0.075264,0.187278,0.66941,0.058209,0.257573,0.652127,-0.065571,0.127569,0.74846,0.040169,0.274754,0.791133,-0.046262,0.111722,0.751985,0.035578,0.267075,0.812375,-0.04483,0.138516,0.800494,-0.005243,0.307967,0.817729,-0.076558
HA_Lat_14_6.13.26,70,498.0,567.0,0,498.4,565.6,0.99,497.65,581.19,0.9973,0.286137,0.351163,-0.054872,0.282791,0.338271,-0.04573,0.28214,0.33769,-0.045892,0.281594,0.337137,-0.045855,0.281819,0.338249,-0.069232,0.28034,0.337814,-0.069448,0.278725,0.337334,-0.069525,0.273032,0.339413,0.001501,0.268318,0.340251,-0.102944,0.282221,0.361886,-0.03332,0.280857,0.361535,-0.064586,0.257582,0.397415,0.088708,0.246517,0.389732,-0.153908,0.247324,0.478857,0.113,0.224938,0.477776,-0.188553,0.270383,0.517901,0.02638,0.259195,0.538135,-0.182806,0.274906,0.536879,0.020182,0.267068,0.55605,-0.205115,0.279363,0.530121,-0.001343,0.27199,0.544903,-0.198573,0.276217,0.523052,0.01497,0.270029,0.537838,-0.179274,0.211508,0.545255,0.07517,0.21096,0.540062,-0.075237,0.1856,0.670181,0.059055,0.256775,0.652316,-0.073233,0.126365,0.749996,0.046069,0.274733,0.791128,-0.050933,0.110537,0.755316,0.042346,0.267136,0.812246,-0.048917,0.138533,0.800913,0.008373,0.307965,0.817385,-0.077703
HA_Lat_14_6.13.26,71,498.0,567.0,0,497.62,563.3,0.9909,496.58,577.52,0.9974,0.281393,0.348876,-0.054857,0.278295,0.336366,-0.045708,0.277541,0.335662,-0.04587,0.276933,0.33497,-0.045833,0.277301,0.336272,-0.069196,0.275691,0.335644,-0.069413,0.273992,0.334979,-0.069492,0.268572,0.337144,0.003662,0.263951,0.337902,-0.102791,0.277734,0.359487,-0.032998,0.276307,0.359009,-0.064536,0.254463,0.396493,0.095522,0.242612,0.388205,-0.154143,0.245132,0.478806,0.129524,0.221822,0.478165,-0.192721,0.270305,0.516388,0.053676,0.258637,0.534742,-0.193674,0.274497,0.53679,0.050116,0.266587,0.552842,-0.217836,0.278568,0.528122,0.027552,0.271532,0.540872,-0.210358,0.276042,0.520983,0.042184,0.269465,0.533913,-0.189756,0.210698,0.547086,0.076842,0.208707,0.541848,-0.076898,0.184181,0.671183,0.065737,0.255945,0.65278,-0.096644,0.125308,0.751692,0.073841,0.274702,0.791121,-0.086517,0.109071,0.757873,0.072127,0.267133,0.812215,-0.085821,0.138579,0.801104,0.037864,0.30891,0.817289,-0.122241
HA_Lat_14_6.13.26,72,498.0,567.0,0,498.78,558.69,0.9905,496.03,572.8,0.9975,0.276887,0.345339,-0.059271,0.274011,0.332646,-0.04897,0.273376,0.332033,-0.049129,0.272866,0.331455,-0.049093,0.272948,0.332363,-0.073563,0.27144,0.331614,-0.073779,0.269839,0.330822,-0.073871,0.264741,0.333723,0.003572,0.260372,0.333657,-0.106091,0.272963,0.356049,-0.035548,0.271574,0.355379,-0.068446,0.250372,0.394346,0.096173,0.238436,0.386394,-0.159901,0.242056,0.478719,0.127417,0.220196,0.478277,-0.200815,0.269681,0.512868,0.049584,0.258351,0.530373,-0.201047,0.274359,0.530417,0.045602,0.266622,0.547591,-0.226129,0.278352,0.522029,0.023479,0.271341,0.536269,-0.218763,0.276237,0.515248,0.038368,0.268962,0.529963,-0.197207,0.208673,0.548056,0.079479,0.207459,0.543467,-0.079508,0.182473,0.67223,0.093593,0.255309,0.653386,-0.106618,0.124175,0.753687,0.12845,0.274694,0.791053,-0.096574,0.107928,0.76047,0.129225,0.267134,0.812218,-0.096021,0.138602,0.801116,0.097426,0.309883,0.816978,-0.136444
HA_Lat_14_6.13.26,73,500.0,559.0,0,500.54,553.27,0.9919,495.62,564.63,0.9976,0.272058,0.342921,-0.053157,0.269425,0.330195,-0.042228,0.268929,0.329637,-0.042383,0.268495,0.329115,-0.04235,0.268151,0.329753,-0.067094,0.26653,0.328925,-0.067294,0.264843,0.328064,-0.067366,0.259946,0.331664,0.011938,0.255259,0.330942,-0.098638,0.268664,0.353843,-0.029081,0.266958,0.352949,-0.062183,0.247872,0.394422,0.099342,0.232407,0.384944,-0.153099,0.245146,0.478714,0.108628,0.217848,0.478178,-0.191684,0.270385,0.505647,-0.011201,0.258137,0.522804,-0.188414,0.275204,0.525427,-0.0236,0.266375,0.539441,-0.212355,0.279141,0.516759,-0.042445,0.271031,0.526594,-0.207186,0.276514,0.508895,-0.022658,0.26832,0.52053,-0.185348,0.207261,0.549434,0.079425,0.20577,0.545167,-0.079468,0.181027,0.673906,0.086705,0.254631,0.653971,-0.099491,0.122445,0.755598,0.104488,0.27469,0.791018,-0.083378,0.106016,0.76292,0.103643,0.267088,0.812215,-0.082159,0.13865,0.801115,0.07303,0.310204,0.81663,-0.116447
HA_Lat_14_6.13.26,74,492.0,545.0,0,496.12,540.6,0.992,495.96,554.54,0.9975,0.267204,0.341313,-0.047078,0.264314,0.328269,-0.035745,0.263865,0.327901,-0.035897,0.263485,0.32753,-0.035868,0.262861,0.327698,-0.060912,0.261162,0.326949,-0.061104,0.259374,0.326172,-0.061175,0.254631,0.330525,0.01914,0.249883,0.329392,-0.092745,0.26376,0.352773,-0.022935,0.261949,0.351595,-0.05638,0.245536,0.394632,0.101701,0.227822,0.384018,-0.148404,0.24617,0.478716,0.087846,0.214742,0.47806,-0.190432,0.27109,0.504985,-0.053799,0.258314,0.513463,-0.185599,0.275796,0.523422,-0.070412,0.266549,0.52772,-0.208848,0.279487,0.512453,-0.088009,0.270874,0.514814,-0.20297,0.277023,0.506085,-0.065507,0.267852,0.509607,-0.182167,0.206457,0.55059,0.079321,0.204361,0.546631,-0.079379,0.179008,0.674991,0.083853,0.253694,0.65465,-0.098639,0.120218,0.757318,0.100377,0.274687,0.790942,-0.078595,0.10488,0.766216,0.099318,0.266629,0.812257,-0.077157,0.138706,0.801122,0.066625,0.309172,0.815937,-0.112511
HA_Lat_14_6.13.26,75,495.0,538.0,0,499.21,533.95,0.9914,495.58,545.48,0.9974,0.261864,0.339847,-0.04479,0.2591,0.327264,-0.034516,0.258556,0.326968,-0.034664,0.258091,0.326626,-0.03464,0.257757,0.326665,-0.05926,0.256091,0.325934,-0.059453,0.254376,0.325134,-0.059533,0.249053,0.328812,0.017565,0.244442,0.327627,-0.092673,0.258266,0.35134,-0.021654,0.25667,0.350122,-0.054503,0.239897,0.394063,0.100654,0.221959,0.382962,-0.147623,0.237716,0.477555,0.065657,0.212044,0.477954,-0.183547,0.267835,0.495191,-0.085675,0.258113,0.505072,-0.166674,0.274128,0.509844,-0.104425,0.266722,0.516954,-0.188333,0.27681,0.495725,-0.120446,0.270627,0.502143,-0.182031,0.273566,0.490589,-0.097175,0.267069,0.496859,-0.162928,0.204504,0.550829,0.078674,0.203415,0.547453,-0.07871,0.177419,0.675594,0.087406,0.252613,0.655394,-0.092627,0.11878,0.759116,0.1122,0.274702,0.790938,-0.071591,0.103736,0.768996,0.112068,0.266567,0.812254,-0.069989,0.138744,0.801193,0.080622,0.309367,0.815818,-0.104234
HA_Lat_14_6.13.26,76,494.21,523.7,0,494.21,523.7,0.9921,492.92,533.41,0.9968,0.256676,0.337374,-0.041976,0.25303,0.325064,-0.032514,0.252417,0.324835,-0.03266,0.251855,0.324504,-0.032643,0.251883,0.32447,-0.056978,0.250303,0.323804,-0.057167,0.2486,0.323029,-0.057254,0.243201,0.326674,0.017187,0.239255,0.325435,-0.091908,0.253204,0.349161,-0.019628,0.251666,0.347685,-0.052118,0.237279,0.393517,0.098876,0.217049,0.381856,-0.145662,0.236158,0.476822,0.057507,0.208813,0.477884,-0.173775,0.265306,0.490065,-0.098338,0.256731,0.493896,-0.148066,0.271873,0.500467,-0.117695,0.266379,0.502674,-0.168185,0.274594,0.487617,-0.133222,0.268939,0.487228,-0.162097,0.270587,0.482542,-0.109736,0.264649,0.482778,-0.144347,0.204108,0.551184,0.078589,0.2015,0.547994,-0.078606,0.175464,0.676496,0.099192,0.251382,0.655933,-0.091903,0.11822,0.759278,0.136808,0.274142,0.790817,-0.069664,0.10286,0.769594,0.137804,0.266549,0.812136,-0.068024,0.138769,0.801179,0.10733,0.30924,0.814499,-0.104926
HA_Lat_14_6.13.26,77,488.1,509.03,0,488.1,509.03,0.9865,492.42,521.44,0.9962,0.250946,0.335602,-0.042229,0.247719,0.323776,-0.032902,0.247071,0.323543,-0.033047,0.246501,0.323206,-0.033029,0.246559,0.32314,-0.057557,0.244907,0.322423,-0.057749,0.243243,0.321583,-0.057842,0.237305,0.324921,0.016529,0.233308,0.323354,-0.09299,0.247436,0.347388,-0.019805,0.246115,0.345832,-0.052612,0.231063,0.39092,0.098602,0.212834,0.380698,-0.146456,0.226142,0.47586,0.056232,0.207642,0.4775,-0.174248,0.25986,0.481874,-0.10175,0.256468,0.482813,-0.145612,0.268134,0.486033,-0.121474,0.266494,0.488371,-0.165801,0.269603,0.473849,-0.13688,0.269097,0.474598,-0.159143,0.264736,0.470235,-0.113331,0.264863,0.472064,-0.1416,0.201769,0.551424,0.078474,0.200669,0.548804,-0.078494,0.173995,0.676779,0.105754,0.250191,0.656657,-0.089356,0.117461,0.75972,0.15193,0.273522,0.790369,-0.053532,0.102449,0.771145,0.153894,0.265831,0.811485,-0.05031,0.138615,0.801111,0.124706,0.306553,0.812844,-0.088783
HA_Lat_14_6.13.26,78,480.32,497.32,0,480.32,497.32,0.9878,489.79,509.01,0.9935,0.24646,0.331822,-0.039334,0.242174,0.320179,-0.03056,0.241401,0.320112,-0.030702,0.240723,0.319957,-0.030686,0.241354,0.319885,-0.054991,0.239952,0.319589,-0.055187,0.23832,0.319123,-0.055284,0.232146,0.32225,0.017674,0.229219,0.321093,-0.090999,0.243031,0.34421,-0.017172,0.241985,0.342978,-0.049635,0.227608,0.389654,0.098384,0.20788,0.379546,-0.143624,0.225427,0.474244,0.049003,0.205961,0.476109,-0.165046,0.259082,0.473473,-0.118617,0.2551,0.47131,-0.125411,0.267056,0.473957,-0.139903,0.266056,0.474343,-0.14267,0.268101,0.46057,-0.153239,0.267189,0.459957,-0.136837,0.264152,0.459684,-0.129702,0.262463,0.459129,-0.121443,0.200562,0.551675,0.078375,0.199025,0.549862,-0.078397,0.172167,0.676901,0.103259,0.248181,0.657039,-0.088207,0.116962,0.760225,0.139556,0.272604,0.790132,-0.053252,0.101813,0.77269,0.140494,0.265121,0.811295,-0.05046,0.138698,0.800471,0.110173,0.306626,0.809447,-0.088957
HA_Lat_14_6.13.26,79,481.74,488.91,0,481.74,488.91,0.9873,484.95,493.48,0.9907,0.242166,0.329284,-0.040922,0.238068,0.317762,-0.031811,0.23749,0.317768,-0.031956,0.237054,0.317675,-0.031935,0.236694,0.317313,-0.056102,0.235126,0.31707,-0.0563,0.233288,0.316642,-0.056394,0.22846,0.320154,0.017442,0.223952,0.318788,-0.089912,0.238826,0.342044,-0.018389,0.236875,0.34057,-0.05059,0.227178,0.389862,0.09823,0.202405,0.379165,-0.141085,0.232447,0.473882,0.040486,0.204043,0.473158,-0.158059,0.260796,0.461966,-0.139961,0.252577,0.456929,-0.111592,0.267094,0.457969,-0.162322,0.263287,0.455614,-0.126864,0.267377,0.444013,-0.172989,0.261648,0.441895,-0.121144,0.263786,0.444929,-0.149988,0.257609,0.443247,-0.107403,0.201226,0.551964,0.078823,0.196523,0.550084,-0.078849,0.170343,0.67731,0.101109,0.2458,0.65738,-0.086903,0.11636,0.761563,0.134235,0.271318,0.789576,-0.061857,0.101393,0.775015,0.134834,0.264923,0.811342,-0.06077,0.138712,0.800124,0.102834,0.3074,0.805085,-0.105855
HA_Lat_14_6.13.26,80,477.92,469.12,0,477.92,469.12,0.9927,480.76,478.38,0.9902,0.23675,0.328434,-0.040109,0.233713,0.316762,-0.031207,0.233243,0.316675,-0.031349,0.232861,0.316486,-0.031324,0.232242,0.316227,-0.055107,0.230555,0.315772,-0.055299,0.22875,0.315142,-0.05539,0.224608,0.318831,0.017976,0.219598,0.316908,-0.087955,0.233676,0.341169,-0.017514,0.231623,0.339427,-0.049254,0.223235,0.389562,0.098267,0.197645,0.378268,-0.139378,0.235275,0.472775,0.038249,0.20273,0.469703,-0.158865,0.259467,0.443007,-0.139347,0.250396,0.442942,-0.110646,0.266875,0.436137,-0.159836,0.260995,0.43741,-0.124644,0.26557,0.422512,-0.168299,0.257907,0.423844,-0.117578,0.261331,0.424583,-0.148182,0.253852,0.425981,-0.105813,0.201227,0.551987,0.078952,0.195081,0.550185,-0.078984,0.168965,0.677085,0.100867,0.243283,0.657322,-0.09,0.115829,0.761861,0.134945,0.270286,0.788748,-0.080381,0.101052,0.775631,0.135749,0.263927,0.811325,-0.080942,0.138721,0.799859,0.105242,0.307076,0.800171,-0.127962
HA_Lat_14_6.13.26,81,469.74,458.34,0,469.74,458.34,0.994,475.42,462.11,0.9897,0.232241,0.323662,-0.040416,0.228941,0.312714,-0.032059,0.228333,0.312646,-0.032195,0.227835,0.31251,-0.032167,0.227469,0.31239,-0.055526,0.225869,0.312279,-0.055731,0.223998,0.312047,-0.055831,0.218899,0.315354,0.015941,0.214069,0.314612,-0.089349,0.229063,0.337498,-0.017594,0.227242,0.336373,-0.050468,0.219989,0.387699,0.093312,0.193359,0.377413,-0.136905,0.236165,0.466406,0.029106,0.202128,0.465799,-0.132963,0.256989,0.431167,-0.145053,0.247616,0.42788,-0.054188,0.264836,0.422622,-0.164876,0.257741,0.419876,-0.062146,0.262958,0.41025,-0.171469,0.25353,0.408105,-0.056955,0.258752,0.412777,-0.152969,0.249839,0.41135,-0.049149,0.200879,0.551752,0.078133,0.19456,0.550107,-0.078168,0.167845,0.676776,0.102539,0.241008,0.657272,-0.089966,0.115282,0.761971,0.13793,0.269171,0.787158,-0.086688,0.100964,0.775812,0.139039,0.263433,0.811128,-0.087797,0.138703,0.799472,0.110601,0.3068,0.794146,-0.133833
HA_Lat_14_6.13.26,82,472.44,443.53,0,473.32,446.19,0.9937,472.44,443.53,0.9884,0.228183,0.319499,-0.030647,0.224917,0.309053,-0.021887,0.224223,0.309112,-0.02202,0.223594,0.309053,-0.021993,0.223535,0.308757,-0.044697,0.221867,0.308699,-0.044886,0.220043,0.308433,-0.044966,0.214474,0.311417,0.025938,0.209964,0.310526,-0.076393,0.224755,0.334286,-0.008609,0.223176,0.333138,-0.039715,0.218043,0.387058,0.096488,0.187672,0.375663,-0.123244,0.237351,0.462217,0.039271,0.202538,0.459418,-0.134757,0.257109,0.41502,-0.125795,0.246062,0.410673,-0.077334,0.26376,0.402666,-0.143789,0.254694,0.398949,-0.088421,0.261787,0.39189,-0.149722,0.250748,0.389311,-0.081489,0.258316,0.396132,-0.133071,0.248011,0.394031,-0.072457,0.201335,0.551669,0.07621,0.192592,0.549791,-0.076241,0.167153,0.676539,0.103217,0.238726,0.657229,-0.102306,0.115094,0.762222,0.147759,0.268812,0.786853,-0.115119,0.100695,0.77574,0.14993,0.263349,0.811328,-0.117764,0.138668,0.799478,0.121086,0.306836,0.790941,-0.170671
HA_Lat_14_6.13.26,83,468.33,431.91,0,466.54,436.07,0.9927,468.33,431.91,0.9884,0.223712,0.318562,-0.027017,0.220817,0.308316,-0.017351,0.220339,0.308356,-0.017483,0.219913,0.30831,-0.017456,0.219032,0.30784,-0.039635,0.217288,0.307617,-0.039809,0.215329,0.307242,-0.039882,0.211218,0.310862,0.034103,0.2052,0.309988,-0.065853,0.220958,0.332603,-0.004174,0.218774,0.331362,-0.034366,0.216594,0.385539,0.100492,0.18448,0.373863,-0.113752,0.238644,0.457359,0.040536,0.20303,0.452131,-0.147227,0.255798,0.405114,-0.13022,0.243924,0.399913,-0.122783,0.262026,0.392694,-0.150574,0.251449,0.386751,-0.140969,0.258465,0.382962,-0.157673,0.247923,0.378404,-0.133149,0.255723,0.387339,-0.138159,0.245548,0.383559,-0.119986,0.201759,0.551234,0.074299,0.191677,0.549676,-0.074314,0.167113,0.676488,0.101082,0.236133,0.65722,-0.116611,0.115292,0.76194,0.156845,0.266721,0.786701,-0.136212,0.100678,0.775277,0.160007,0.262986,0.811605,-0.139808,0.138714,0.799381,0.128451,0.305584,0.788457,-0.200855
HA_Lat_14_6.13.26,84,463.92,421.31,0,462.33,426.68,0.9938,463.92,421.31,0.9877,0.2188,0.319525,-0.021238,0.216204,0.309391,-0.011577,0.215708,0.309404,-0.011708,0.215269,0.309335,-0.011685,0.214719,0.30893,-0.033078,0.213031,0.308628,-0.033248,0.211151,0.308167,-0.03331,0.206866,0.311908,0.04035,0.20109,0.310887,-0.056539,0.21614,0.333066,0.001653,0.21423,0.331729,-0.02751,0.214488,0.383658,0.104232,0.180208,0.373075,-0.103937,0.23921,0.44915,0.046492,0.203798,0.444981,-0.152489,0.254112,0.391793,-0.113708,0.241626,0.390105,-0.159441,0.259476,0.379268,-0.132982,0.248158,0.376781,-0.18012,0.255016,0.372415,-0.139711,0.245168,0.370466,-0.172314,0.25236,0.37708,-0.121199,0.24313,0.375509,-0.156696,0.201526,0.550052,0.070632,0.190744,0.549118,-0.070655,0.167067,0.676232,0.098366,0.234356,0.657199,-0.113055,0.115065,0.761964,0.141247,0.265052,0.786215,-0.130481,0.100032,0.775537,0.143146,0.26233,0.811601,-0.133949,0.138681,0.799385,0.110193,0.305428,0.784938,-0.19346
HA_Lat_14_6.13.26,85,459.84,412.11,0,458.79,415.5,0.9937,459.84,412.11,0.9864,0.21514,0.31912,-0.017878,0.212831,0.309487,-0.00846,0.212303,0.309489,-0.008585,0.211814,0.309465,-0.008559,0.211348,0.308813,-0.030317,0.209558,0.308304,-0.030484,0.207592,0.307686,-0.030531,0.203748,0.311605,0.043267,0.197472,0.310125,-0.055515,0.211947,0.332087,0.005101,0.209985,0.33043,-0.024579,0.210747,0.380235,0.107886,0.176346,0.372065,-0.103831,0.239996,0.443769,0.047433,0.203529,0.438152,-0.156008,0.249593,0.383594,-0.113005,0.2395,0.381587,-0.156666,0.254085,0.369058,-0.131966,0.246183,0.369295,-0.175911,0.249981,0.362767,-0.136818,0.242676,0.362765,-0.168422,0.247489,0.368281,-0.119764,0.240644,0.367615,-0.153462,0.201665,0.547581,0.070846,0.189801,0.547247,-0.070873,0.167512,0.67544,0.096754,0.232637,0.657023,-0.12307,0.115142,0.76175,0.147124,0.263712,0.786135,-0.14917,0.099924,0.775082,0.149874,0.261491,0.811872,-0.153695,0.138665,0.799388,0.116667,0.302173,0.783802,-0.217921
HA_Lat_14_6.13.26,86,457.15,404.12,0,452.63,408.06,0.9942,457.15,404.12,0.9865,0.210354,0.315875,-0.023561,0.20773,0.306884,-0.014309,0.207376,0.306849,-0.014441,0.20708,0.306818,-0.014413,0.205752,0.306223,-0.036312,0.203694,0.305708,-0.036495,0.201601,0.305135,-0.036554,0.199678,0.309245,0.036513,0.192166,0.308006,-0.061643,0.208193,0.328581,-0.000818,0.205606,0.327218,-0.030391,0.209704,0.377465,0.107297,0.174527,0.371318,-0.108543,0.240163,0.442458,0.037721,0.20303,0.432451,-0.145456,0.248759,0.380801,-0.133154,0.238099,0.374187,-0.12031,0.253745,0.365872,-0.153804,0.245664,0.361691,-0.135205,0.250314,0.359679,-0.159287,0.241488,0.354765,-0.129615,0.246913,0.365492,-0.140429,0.23933,0.359806,-0.117175,0.202163,0.546218,0.068888,0.189654,0.546316,-0.068939,0.167773,0.674008,0.082713,0.232316,0.65701,-0.101294,0.11529,0.761567,0.121084,0.26332,0.785316,-0.13202,0.100005,0.774466,0.122264,0.261085,0.811812,-0.144894,0.137217,0.798731,0.084293,0.300651,0.779911,-0.174483
HA_Lat_14_6.13.26,87,455.68,395.11,0,454.3,403.72,0.9942,455.68,395.11,0.9871,0.206745,0.314359,-0.023362,0.204059,0.306066,-0.014583,0.2037,0.306063,-0.01471,0.203402,0.306057,-0.014682,0.202097,0.305397,-0.036125,0.200117,0.304901,-0.036313,0.198049,0.304331,-0.036369,0.195997,0.3086,0.035206,0.188249,0.307306,-0.061317,0.204964,0.326853,-0.000873,0.202465,0.325671,-0.02992,0.207699,0.374344,0.105877,0.170656,0.370733,-0.109152,0.24052,0.436467,0.03879,0.201976,0.424945,-0.145857,0.248518,0.372944,-0.130456,0.237335,0.365847,-0.119728,0.253607,0.358389,-0.150352,0.245655,0.353323,-0.13537,0.250048,0.351603,-0.156216,0.241466,0.347307,-0.129243,0.246649,0.358252,-0.137733,0.238838,0.352732,-0.116338,0.202448,0.544547,0.068602,0.189483,0.545413,-0.068659,0.166456,0.672319,0.082875,0.230948,0.656608,-0.101271,0.115631,0.76139,0.123552,0.262699,0.784139,-0.114229,0.10031,0.773899,0.125185,0.260671,0.811636,-0.11898,0.137052,0.798593,0.090397,0.299148,0.776449,-0.168886
HA_Lat_14_6.13.26,88,455.13,387.8,0,452.29,397.89,0.9908,455.13,387.8,0.9878,0.204145,0.314177,-0.02079,0.200644,0.305796,-0.011497,0.200168,0.305734,-0.011625,0.199766,0.305664,-0.011602,0.19885,0.305226,-0.032693,0.197031,0.304764,-0.032877,0.195035,0.304232,-0.032934,0.191797,0.308267,0.039365,0.185244,0.307404,-0.055904,0.202013,0.326999,0.001863,0.200005,0.32604,-0.026858,0.204779,0.37383,0.106263,0.1682,0.371012,-0.103998,0.240392,0.430539,0.046381,0.200506,0.418414,-0.150329,0.248353,0.367671,-0.11127,0.237046,0.359078,-0.139449,0.254291,0.353216,-0.129339,0.245878,0.347105,-0.157849,0.250446,0.346748,-0.137438,0.242204,0.341901,-0.150453,0.246745,0.353492,-0.119166,0.239385,0.346996,-0.13651,0.202682,0.542374,0.067231,0.18894,0.544074,-0.067283,0.166392,0.670036,0.08313,0.229385,0.656292,-0.111063,0.115818,0.761252,0.12797,0.261808,0.78324,-0.127957,0.100631,0.773486,0.130061,0.259703,0.811333,-0.131817,0.136567,0.798264,0.096373,0.298824,0.775239,-0.192769
HA_Lat_14_6.13.26,89,454.65,384.09,0,452.99,392.8,0.9919,454.65,384.09,0.9874,0.201377,0.314557,-0.020945,0.197914,0.306186,-0.011749,0.197422,0.30616,-0.01188,0.197012,0.306095,-0.011855,0.196184,0.305661,-0.033255,0.194379,0.305302,-0.033436,0.192503,0.30484,-0.033499,0.188763,0.308708,0.038921,0.182569,0.308135,-0.058147,0.199253,0.327807,0.001713,0.197299,0.327036,-0.027445,0.202768,0.372266,0.106236,0.165435,0.371004,-0.106515,0.240146,0.424608,0.049469,0.199433,0.412367,-0.152692,0.248679,0.363649,-0.109163,0.236795,0.355641,-0.141901,0.254307,0.349754,-0.127684,0.245696,0.34568,-0.16001,0.250936,0.344382,-0.135268,0.24238,0.340014,-0.152491,0.247445,0.350113,-0.117003,0.239106,0.344797,-0.138819,0.202886,0.539803,0.066337,0.188549,0.542638,-0.066398,0.165874,0.668761,0.079763,0.228783,0.65623,-0.108286,0.115874,0.761152,0.127408,0.260895,0.782575,-0.117288,0.100874,0.773157,0.129717,0.259134,0.810717,-0.119058,0.135771,0.798145,0.096404,0.296051,0.772906,-0.170029
HA_Lat_14_6.13.26,90,455.8,378.61,0,456.41,385.67,0.992,455.8,378.61,0.9873,0.198431,0.314562,-0.019883,0.194654,0.306173,-0.010525,0.194177,0.306149,-0.010651,0.193777,0.306051,-0.01063,0.192921,0.305757,-0.032239,0.191099,0.305564,-0.032422,0.189329,0.305262,-0.032482,0.185179,0.30895,0.040354,0.179632,0.308786,-0.057709,0.196752,0.328218,0.002814,0.19441,0.327657,-0.026638,0.198961,0.371551,0.107369,0.163453,0.371241,-0.106593,0.2395,0.419977,0.051884,0.199688,0.405065,-0.154189,0.250011,0.363415,-0.102555,0.237396,0.350563,-0.144385,0.255504,0.350424,-0.120422,0.246035,0.341673,-0.162875,0.252622,0.345145,-0.129135,0.244119,0.337118,-0.155282,0.249578,0.349592,-0.110782,0.240846,0.341542,-0.141239,0.203067,0.535871,0.065801,0.188322,0.540128,-0.06586,0.165913,0.667954,0.080383,0.227965,0.65516,-0.107682,0.115874,0.761045,0.126212,0.261051,0.781683,-0.114996,0.10106,0.772875,0.128046,0.259178,0.810512,-0.117376,0.135852,0.798015,0.094827,0.295818,0.771435,-0.17637
HA_Lat_14_6.13.26,91,458.4,374.66,0,457.46,382.95,0.9862,458.4,374.66,0.9868,0.195485,0.31456,-0.022574,0.191406,0.305502,-0.013213,0.190862,0.305365,-0.01334,0.190454,0.305177,-0.013317,0.189435,0.305314,-0.034706,0.187362,0.305169,-0.034896,0.185314,0.304947,-0.034959,0.181769,0.308604,0.037882,0.17553,0.309041,-0.056844,0.193723,0.327924,0.000251,0.191163,0.327628,-0.028689,0.19806,0.369649,0.106554,0.162591,0.370996,-0.105285,0.238726,0.41658,0.047685,0.200486,0.398969,-0.152713,0.250881,0.36362,-0.114665,0.23875,0.346907,-0.144278,0.256705,0.351305,-0.134727,0.247379,0.337531,-0.162563,0.253674,0.344887,-0.143054,0.245934,0.331674,-0.155083,0.250591,0.349213,-0.123037,0.242683,0.336393,-0.140943,0.202724,0.533168,0.064528,0.18836,0.538582,-0.064595,0.165784,0.667081,0.080912,0.227948,0.655176,-0.101686,0.115918,0.760958,0.125929,0.260578,0.781539,-0.109304,0.101201,0.772837,0.127637,0.258785,0.810549,-0.113648,0.135961,0.797997,0.093904,0.294049,0.772012,-0.165488
HA_Lat_14_6.13.26,92,459.47,378.55,0,460.85,378.8,0.9855,459.47,378.55,0.9799,0.193229,0.315209,-0.021894,0.189796,0.305486,-0.01265,0.189453,0.305277,-0.012777,0.189218,0.305027,-0.012752,0.187333,0.305489,-0.033356,0.185173,0.305388,-0.033543,0.182788,0.305188,-0.033605,0.180588,0.308614,0.038393,0.172744,0.309423,-0.05397,0.191849,0.328316,0.000962,0.188665,0.328127,-0.027085,0.195316,0.369375,0.106653,0.160816,0.370896,-0.103574,0.23736,0.413529,0.050097,0.200716,0.394542,-0.149523,0.25164,0.36765,-0.10724,0.239309,0.350505,-0.13427,0.257528,0.356242,-0.125945,0.247538,0.340263,-0.151798,0.254855,0.349573,-0.135222,0.246579,0.336004,-0.144968,0.25167,0.353755,-0.115819,0.243714,0.340366,-0.131229,0.202706,0.531614,0.063644,0.188432,0.537633,-0.063725,0.16566,0.666537,0.079672,0.227744,0.654784,-0.096198,0.116032,0.760889,0.12099,0.26003,0.780877,-0.102492,0.101339,0.772667,0.122596,0.258781,0.810247,-0.107035,0.136441,0.797978,0.088013,0.294029,0.770429,-0.16063
HA_Lat_14_6.13.26,93,460.6,381.42,0,463.17,379.05,0.9855,460.6,381.42,0.9761,0.191554,0.31544,-0.023178,0.187129,0.305259,-0.013785,0.186516,0.304913,-0.013909,0.18604,0.304529,-0.013885,0.185091,0.305426,-0.034556,0.183063,0.305292,-0.034745,0.180952,0.305081,-0.034808,0.177382,0.308423,0.038001,0.170902,0.309579,-0.054582,0.190103,0.328204,-0.000137,0.187353,0.32824,-0.028268,0.194029,0.36975,0.106248,0.1595,0.371039,-0.103771,0.235166,0.412149,0.050491,0.200788,0.393173,-0.151261,0.252304,0.37198,-0.105592,0.239894,0.353171,-0.138414,0.257754,0.361446,-0.124581,0.248338,0.342967,-0.157504,0.255664,0.3545,-0.13432,0.247465,0.338461,-0.150552,0.252381,0.359221,-0.114452,0.244542,0.344472,-0.135646,0.202376,0.529839,0.062801,0.18813,0.536244,-0.062879,0.165671,0.666,0.078955,0.227995,0.654811,-0.096054,0.116166,0.760824,0.118024,0.260037,0.780985,-0.101872,0.101421,0.772761,0.119282,0.258903,0.810251,-0.105517,0.136684,0.797871,0.083529,0.293713,0.769798,-0.165449
HA_Lat_14_6.13.26,94,461.65,381.99,0,464.33,380.01,0.9847,461.65,381.99,0.9723,0.189309,0.315118,-0.024157,0.185026,0.304859,-0.014682,0.184346,0.304573,-0.01481,0.183804,0.304231,-0.014785,0.183323,0.305111,-0.035835,0.181484,0.305106,-0.036022,0.179598,0.304992,-0.036087,0.175389,0.308399,0.037188,0.169545,0.309783,-0.058004,0.187826,0.327791,-0.001077,0.185537,0.328058,-0.02975,0.191739,0.369951,0.105952,0.158347,0.371107,-0.107614,0.232702,0.413013,0.057617,0.200344,0.392883,-0.16341,0.252488,0.378175,-0.080813,0.240441,0.353699,-0.161682,0.258898,0.368068,-0.097268,0.248744,0.345229,-0.183526,0.256524,0.360435,-0.10938,0.247704,0.341512,-0.175665,0.252592,0.365405,-0.090418,0.244665,0.346515,-0.158762,0.202032,0.528758,0.063415,0.188526,0.536184,-0.063487,0.165671,0.665634,0.08455,0.228201,0.654912,-0.095835,0.116277,0.760809,0.128611,0.259729,0.780865,-0.101594,0.101526,0.772658,0.130479,0.25883,0.810256,-0.105127,0.136692,0.797191,0.095492,0.293883,0.769111,-0.162298
HA_Lat_14_6.13.26,95,462.4,387.86,0,463.67,382.59,0.9833,462.4,387.86,0.972,0.187387,0.315632,-0.024915,0.182949,0.305276,-0.015233,0.182251,0.305015,-0.015362,0.181737,0.30471,-0.015339,0.181118,0.305501,-0.036215,0.179129,0.305498,-0.036408,0.177157,0.305391,-0.036477,0.173686,0.308862,0.038242,0.167438,0.310062,-0.054948,0.185669,0.328326,-0.001663,0.183421,0.328498,-0.030123,0.192729,0.370933,0.107079,0.157517,0.371207,-0.10548,0.231201,0.414723,0.078157,0.199945,0.391552,-0.164078,0.254753,0.384296,-0.038245,0.240831,0.359128,-0.173046,0.262055,0.375403,-0.051309,0.248845,0.352747,-0.19669,0.260077,0.368006,-0.066038,0.248724,0.349947,-0.189534,0.256222,0.372058,-0.048219,0.245208,0.354199,-0.170622,0.201807,0.52946,0.062979,0.188822,0.536423,-0.063049,0.165827,0.66526,0.084572,0.228578,0.654914,-0.096179,0.116327,0.760794,0.127816,0.259639,0.780931,-0.105607,0.101566,0.772551,0.129607,0.258901,0.810296,-0.109095,0.136681,0.796529,0.095014,0.293821,0.768598,-0.172916
HA_Lat_14_6.13.26,96,462.9,394.27,0,465.98,391.42,0.9942,462.9,394.27,0.9697,0.18673,0.314872,-0.027951,0.18147,0.304688,-0.017685,0.180597,0.304505,-0.017822,0.179934,0.3043,-0.017804,0.179958,0.30502,-0.038423,0.178061,0.305074,-0.038619,0.176153,0.305038,-0.038694,0.172229,0.308955,0.038003,0.166711,0.31028,-0.057201,0.185027,0.327822,-0.003868,0.183198,0.328123,-0.032047,0.192796,0.371323,0.104939,0.1566,0.371398,-0.107079,0.230327,0.414119,0.074029,0.199117,0.392087,-0.170466,0.257624,0.388732,-0.052466,0.241094,0.365066,-0.184404,0.265863,0.380051,-0.067595,0.249186,0.359922,-0.209393,0.264359,0.373066,-0.082226,0.249187,0.355975,-0.203357,0.26011,0.376668,-0.062783,0.245274,0.359648,-0.18251,0.201732,0.529918,0.062821,0.18893,0.53657,-0.062882,0.165866,0.665169,0.08555,0.228849,0.654881,-0.096168,0.116405,0.76068,0.127242,0.259706,0.780977,-0.104275,0.101599,0.772467,0.128684,0.258767,0.810301,-0.107375,0.137224,0.795708,0.094852,0.293951,0.768792,-0.173288
HA_Lat_14_6.13.26,97,463.83,399.98,0,469.7,398.89,0.9942,463.83,399.98,0.9683,0.185999,0.315022,-0.028085,0.180725,0.304807,-0.017889,0.179816,0.304628,-0.018027,0.179119,0.304444,-0.018008,0.179317,0.305115,-0.03877,0.177444,0.305132,-0.038965,0.175597,0.305068,-0.03904,0.171549,0.309177,0.03703,0.166385,0.310489,-0.058221,0.1843,0.328097,-0.004135,0.182536,0.328363,-0.032418,0.190824,0.371886,0.105008,0.156349,0.372391,-0.110466,0.229805,0.414796,0.08426,0.19969,0.391649,-0.175106,0.258815,0.391394,-0.027422,0.24158,0.370348,-0.184631,0.267289,0.383234,-0.03969,0.251092,0.366239,-0.209173,0.265222,0.376371,-0.055761,0.251331,0.362102,-0.203021,0.261683,0.379723,-0.037914,0.247009,0.365409,-0.182569,0.201122,0.530615,0.063385,0.189029,0.536696,-0.063444,0.165626,0.665243,0.088102,0.229294,0.654701,-0.096698,0.116433,0.760637,0.127323,0.259725,0.781056,-0.106797,0.101691,0.77238,0.128505,0.25871,0.810375,-0.110062,0.137227,0.795415,0.094465,0.29387,0.768355,-0.175187
HA_Lat_14_6.13.26,98,465.84,405.07,0,468.19,408.29,0.9798,465.84,405.07,0.9677,0.185096,0.314967,-0.027269,0.179905,0.304926,-0.016711,0.17904,0.304762,-0.01685,0.178401,0.304607,-0.016832,0.178416,0.305186,-0.038125,0.176556,0.305198,-0.038319,0.174711,0.305158,-0.038388,0.17114,0.309406,0.038317,0.165911,0.310652,-0.059337,0.183494,0.328217,-0.003321,0.181714,0.328467,-0.032305,0.189733,0.372297,0.106956,0.156356,0.373394,-0.111425,0.228333,0.413583,0.108658,0.200107,0.391794,-0.173999,0.259271,0.392665,0.023686,0.242625,0.375065,-0.186325,0.267871,0.390969,0.015882,0.25294,0.368936,-0.211381,0.266449,0.385711,-0.002299,0.253563,0.364116,-0.205871,0.263163,0.386757,0.013204,0.249742,0.365841,-0.184643,0.200355,0.531143,0.063667,0.189076,0.53672,-0.063726,0.165373,0.665197,0.086087,0.229634,0.654686,-0.093815,0.116497,0.76061,0.113723,0.259814,0.780897,-0.101794,0.101702,0.772354,0.113512,0.258586,0.810335,-0.105231,0.137243,0.79544,0.077694,0.293828,0.768342,-0.173496
HA_Lat_14_6.13.26,99,470.0,422.0,0,472.88,415.4,0.9844,465.42,410.33,0.9671,0.184433,0.314848,-0.026845,0.179506,0.30508,-0.01614,0.178819,0.30493,-0.016284,0.178331,0.304792,-0.016271,0.17779,0.305319,-0.03778,0.175986,0.305328,-0.037974,0.174201,0.305295,-0.038044,0.171459,0.309552,0.039235,0.165735,0.310796,-0.059718,0.182742,0.32819,-0.002814,0.180832,0.328399,-0.032189,0.188496,0.372561,0.108857,0.156516,0.373667,-0.111502,0.224189,0.412877,0.130413,0.199029,0.394887,-0.184881,0.259136,0.395178,0.068373,0.242406,0.379935,-0.225221,0.267762,0.397615,0.064132,0.25257,0.384239,-0.253929,0.266634,0.39392,0.04403,0.253437,0.381984,-0.248051,0.263427,0.394306,0.057784,0.249746,0.381784,-0.224062,0.199429,0.531489,0.063886,0.189169,0.536836,-0.063946,0.164915,0.665141,0.083706,0.229914,0.654676,-0.094116,0.116526,0.760576,0.10538,0.259895,0.780917,-0.10176,0.101748,0.772297,0.104733,0.258538,0.810362,-0.105101,0.137222,0.795455,0.068751,0.293913,0.768814,-0.169665
HA_Lat_14_6.13.26,100,466.0,433.0,0,471.93,427.29,0.9849,465.6,426.75,0.9594,0.185532,0.314868,-0.027169,0.181279,0.305241,-0.016202,0.180941,0.305118,-0.016342,0.180711,0.304997,-0.01633,0.179242,0.305495,-0.037909,0.177244,0.30553,-0.038104,0.175225,0.305491,-0.038174,0.173277,0.309712,0.038619,0.166534,0.310936,-0.060347,0.184377,0.327869,-0.003015,0.18207,0.328213,-0.032401,0.189005,0.371803,0.10894,0.157502,0.373686,-0.111888,0.223433,0.409787,0.110605,0.19915,0.398981,-0.179651,0.257538,0.40699,0.0155,0.2425,0.395141,-0.196824,0.267443,0.415508,0.005944,0.252582,0.405192,-0.22171,0.266505,0.413201,-0.011535,0.253615,0.402162,-0.216134,0.263276,0.411371,0.005163,0.250051,0.40045,-0.194919,0.199444,0.531793,0.064117,0.189333,0.537023,-0.064175,0.16433,0.664847,0.089959,0.230207,0.654636,-0.099917,0.116542,0.760563,0.123579,0.260022,0.780944,-0.108025,0.101815,0.772231,0.124299,0.258576,0.810547,-0.111101,0.137386,0.795241,0.088434,0.294226,0.76956,-0.177142
HA_Lat_14_6.13.26,101,464.0,450.0,0,474.17,440.67,0.9926,459.24,441.46,0.9422,0.187078,0.315125,-0.024967,0.183041,0.305371,-0.014064,0.182754,0.305185,-0.014208,0.182555,0.305049,-0.014191,0.180996,0.305606,-0.03603,0.179026,0.305573,-0.036221,0.176984,0.305587,-0.036296,0.174807,0.309953,0.041565,0.16813,0.311204,-0.058744,0.185656,0.32807,-0.000448,0.1834,0.328333,-0.030378,0.187555,0.372083,0.114108,0.158289,0.373375,-0.11072,0.221369,0.409913,0.119112,0.197921,0.401143,-0.177082,0.254336,0.427341,0.029359,0.239187,0.408759,-0.194523,0.265442,0.442073,0.021055,0.248205,0.419582,-0.219187,0.264964,0.43858,0.002797,0.250409,0.416464,-0.214266,0.261163,0.436935,0.018777,0.24632,0.414569,-0.192882,0.198578,0.531969,0.064739,0.189469,0.537152,-0.06481,0.163827,0.663916,0.089476,0.230423,0.6545,-0.104275,0.116575,0.760484,0.12236,0.26013,0.780996,-0.115128,0.101861,0.772177,0.123128,0.258621,0.810649,-0.118383,0.137708,0.795129,0.087514,0.294472,0.770316,-0.184113
HA_Lat_14_6.13.26,102,459.78,457.28,0,458.28,446.36,0.9922,459.78,457.28,0.9269,0.188103,0.315327,-0.023971,0.184189,0.305451,-0.013507,0.183807,0.305209,-0.013653,0.183464,0.305118,-0.013636,0.182343,0.305705,-0.03577,0.180592,0.305651,-0.035961,0.178645,0.305634,-0.036037,0.175472,0.310024,0.040914,0.169604,0.311269,-0.059372,0.186356,0.328125,0.000159,0.184389,0.328311,-0.030201,0.186548,0.371745,0.114193,0.159285,0.372861,-0.110965,0.21975,0.412896,0.128347,0.197797,0.401652,-0.176449,0.25443,0.434036,0.054379,0.239471,0.423411,-0.191931,0.266495,0.444454,0.049387,0.248659,0.435196,-0.215758,0.266443,0.443284,0.02978,0.250536,0.432836,-0.211174,0.261982,0.441821,0.043693,0.246443,0.430273,-0.190329,0.19826,0.532155,0.065512,0.189587,0.537262,-0.065599,0.163531,0.663616,0.087783,0.23061,0.654481,-0.104275,0.116595,0.760466,0.115753,0.260216,0.781037,-0.113068,0.10191,0.772134,0.116099,0.258621,0.810666,-0.116087,0.137819,0.795077,0.081126,0.294412,0.770652,-0.180256
HA_Lat_14_6.13.26,103,457.37,467.06,0,470.89,464.43,0.988,457.37,467.06,0.9316,0.190009,0.315475,-0.024841,0.186164,0.305548,-0.015232,0.185665,0.305309,-0.015386,0.185197,0.305209,-0.015368,0.18447,0.305809,-0.03765,0.182709,0.305769,-0.037842,0.180833,0.305766,-0.037926,0.176835,0.310133,0.036594,0.171563,0.31134,-0.065142,0.187855,0.32817,-0.001158,0.186152,0.32825,-0.031825,0.185926,0.369781,0.111849,0.160395,0.3714,-0.114214,0.217833,0.415049,0.120576,0.1971,0.404744,-0.175994,0.252365,0.436336,0.042281,0.238213,0.432462,-0.193609,0.264241,0.447703,0.035887,0.247319,0.443936,-0.218586,0.264908,0.447223,0.017123,0.248985,0.440642,-0.21416,0.258995,0.443276,0.032029,0.245582,0.437796,-0.192015,0.198285,0.532315,0.065569,0.189866,0.537344,-0.065653,0.163113,0.663237,0.090763,0.230773,0.654439,-0.10444,0.116598,0.760447,0.129678,0.260299,0.781064,-0.11089,0.101918,0.772096,0.131506,0.258651,0.810748,-0.113595,0.137934,0.79472,0.104952,0.294577,0.771144,-0.175879
HA_Lat_14_6.13.26,104,455.57,479.85,0,468.27,482.29,0.9905,455.57,479.85,0.9301,0.192054,0.315599,-0.028624,0.188292,0.305613,-0.019042,0.187811,0.305383,-0.019196,0.187372,0.30527,-0.019172,0.186498,0.305851,-0.041104,0.184655,0.305797,-0.0413,0.18265,0.305742,-0.041384,0.178967,0.309933,0.034087,0.172953,0.310906,-0.066543,0.19,0.327803,-0.004457,0.188073,0.327883,-0.034699,0.188288,0.369649,0.111647,0.161609,0.369342,-0.115479,0.220135,0.416292,0.109978,0.195917,0.41129,-0.175263,0.25256,0.441626,0.01157,0.237278,0.444307,-0.187379,0.263839,0.453391,0.001883,0.246121,0.456414,-0.211195,0.264767,0.454073,-0.015289,0.248401,0.452397,-0.20587,0.259175,0.45066,0.001334,0.244296,0.449955,-0.185276,0.198066,0.532447,0.065949,0.190359,0.537443,-0.066047,0.163136,0.661212,0.089923,0.230886,0.654446,-0.10423,0.116623,0.760402,0.11471,0.260328,0.781101,-0.109958,0.101931,0.772085,0.114631,0.258678,0.810733,-0.112796,0.13819,0.794667,0.086933,0.294643,0.771474,-0.173776
HA_Lat_14_6.13.26,105,447.15,496.08,0,457.18,487.71,0.9895,447.15,496.08,0.9354,0.193366,0.315662,-0.030333,0.189327,0.305729,-0.020698,0.188766,0.305506,-0.020849,0.188277,0.305387,-0.020816,0.187645,0.305954,-0.042705,0.185859,0.305895,-0.042896,0.183903,0.305811,-0.042972,0.180291,0.309594,0.03327,0.17434,0.31035,-0.067,0.191328,0.327593,-0.005905,0.189397,0.327604,-0.036002,0.190094,0.369537,0.109923,0.162587,0.367978,-0.115495,0.221425,0.417403,0.091835,0.194688,0.41715,-0.17115,0.246648,0.446673,-0.041248,0.23289,0.459337,-0.18456,0.256172,0.460088,-0.058267,0.238668,0.478285,-0.207472,0.25695,0.461471,-0.074593,0.241105,0.47581,-0.202533,0.250838,0.455656,-0.052027,0.23861,0.470551,-0.181891,0.198183,0.532073,0.06573,0.192084,0.537065,-0.065834,0.162859,0.660116,0.084687,0.230983,0.654311,-0.097148,0.116632,0.760257,0.109524,0.260391,0.781025,-0.109111,0.102059,0.771659,0.109554,0.25874,0.810736,-0.112747,0.138424,0.794682,0.082555,0.29386,0.771749,-0.170837
HA_Lat_14_6.13.26,106,440.67,512.65,0,448.15,509.92,0.99,440.67,512.65,0.9392,0.194723,0.315683,-0.030239,0.191817,0.305748,-0.020671,0.191345,0.305537,-0.020824,0.190874,0.305418,-0.020793,0.190068,0.305925,-0.042715,0.188215,0.305817,-0.042908,0.18595,0.305617,-0.042984,0.181497,0.309095,0.033413,0.175456,0.309309,-0.06801,0.192429,0.327202,-0.005588,0.190435,0.327152,-0.035991,0.191039,0.369512,0.10901,0.163128,0.36561,-0.115464,0.222153,0.417986,0.050393,0.194746,0.424005,-0.168475,0.22332,0.422428,-0.113878,0.229515,0.474673,-0.17689,0.215235,0.418395,-0.136754,0.233427,0.494936,-0.199,0.212034,0.416277,-0.141132,0.23608,0.4897,-0.19695,0.213712,0.416505,-0.120472,0.234469,0.485179,-0.174784,0.198244,0.531937,0.065774,0.193463,0.536481,-0.065879,0.162879,0.659028,0.083489,0.231046,0.654025,-0.079598,0.11681,0.759603,0.11112,0.260348,0.781045,-0.08711,0.102332,0.771185,0.111341,0.258746,0.81075,-0.090532,0.138639,0.794467,0.082687,0.293488,0.771935,-0.153974
HA_Lat_14_6.13.26,107,429.18,526.05,0,434.76,518.11,0.9903,429.18,526.05,0.9434,0.198621,0.315318,-0.036579,0.196026,0.305144,-0.028157,0.195545,0.304984,-0.028298,0.1951,0.304904,-0.028285,0.194134,0.305203,-0.050978,0.192363,0.305042,-0.051207,0.190155,0.304771,-0.051327,0.185206,0.308177,0.020997,0.17938,0.308131,-0.08431,0.196345,0.326558,-0.013333,0.194196,0.326487,-0.044806,0.191886,0.369345,0.104948,0.16553,0.363979,-0.124096,0.221729,0.418742,0.19154,0.193951,0.430075,-0.181864,0.220191,0.410403,0.236167,0.223532,0.487084,-0.210209,0.212971,0.401157,0.249307,0.226547,0.505966,-0.231995,0.210838,0.395797,0.237925,0.228687,0.501113,-0.229964,0.211734,0.398558,0.23279,0.227717,0.49535,-0.209237,0.198088,0.531544,0.065808,0.194641,0.535681,-0.065913,0.162833,0.658618,0.082773,0.23127,0.653796,-0.06306,0.117185,0.759414,0.099306,0.260387,0.780934,-0.054059,0.10268,0.77049,0.098555,0.258654,0.810635,-0.055074,0.13875,0.794565,0.066205,0.293457,0.772,-0.11291
HA_Lat_14_6.13.26,108,422.99,536.37,0,424.96,526.71,0.9889,422.99,536.37,0.948,0.202998,0.315241,-0.035833,0.200751,0.304754,-0.027069,0.200494,0.304525,-0.027211,0.200277,0.304381,-0.027196,0.198514,0.304813,-0.049699,0.196792,0.30461,-0.049917,0.194529,0.304294,-0.050023,0.190697,0.307217,0.023194,0.183582,0.307206,-0.080545,0.201071,0.326262,-0.012457,0.198564,0.326224,-0.043574,0.194228,0.368076,0.10602,0.170157,0.362099,-0.123136,0.221684,0.421133,0.179275,0.193038,0.434275,-0.179401,0.221999,0.407678,0.181438,0.220307,0.496643,-0.199522,0.215678,0.396027,0.187806,0.221988,0.516219,-0.221073,0.213501,0.390395,0.175172,0.224461,0.511609,-0.218474,0.214395,0.394596,0.175998,0.224201,0.505878,-0.198249,0.19873,0.531267,0.065829,0.196766,0.535611,-0.065934,0.16296,0.657655,0.07139,0.231551,0.653177,-0.056293,0.1179,0.758762,0.069194,0.260369,0.780928,-0.047344,0.103155,0.769291,0.066776,0.258529,0.810628,-0.048379,0.138648,0.794766,0.032384,0.293523,0.77215,-0.103597
HA_Lat_14_6.13.26,109,411.45,537.48,0,411.45,537.48,0.9948,417.72,549.11,0.9523,0.208869,0.313263,-0.037793,0.206294,0.302196,-0.028811,0.206127,0.301984,-0.028948,0.205999,0.301883,-0.028921,0.20377,0.302104,-0.051343,0.201845,0.301865,-0.05156,0.199609,0.301571,-0.051649,0.197335,0.304987,0.02259,0.189081,0.305198,-0.080001,0.206938,0.324844,-0.014314,0.204085,0.324608,-0.045076,0.200373,0.368319,0.103815,0.173213,0.360464,-0.123499,0.22225,0.436391,0.148858,0.190232,0.439527,-0.178394,0.24286,0.451747,0.078933,0.21756,0.508432,-0.201955,0.245281,0.454729,0.073219,0.218511,0.527687,-0.225044,0.246248,0.448705,0.075497,0.221833,0.522055,-0.226149,0.248626,0.452714,0.076665,0.221982,0.516478,-0.202298,0.200165,0.531328,0.06577,0.197598,0.534994,-0.06588,0.163047,0.657039,0.063421,0.232004,0.652959,-0.06197,0.119146,0.758367,0.061175,0.260398,0.780464,-0.054247,0.104243,0.768589,0.057992,0.258533,0.810007,-0.056093,0.138733,0.794874,0.018858,0.293555,0.772126,-0.114511
HA_Lat_14_6.13.26,110,393.18,552.63,0,393.18,552.63,0.994,405.75,554.42,0.9505,0.213904,0.313375,-0.036899,0.211161,0.301987,-0.027826,0.210896,0.301721,-0.027962,0.210685,0.301584,-0.027934,0.209021,0.301834,-0.050488,0.207302,0.301489,-0.050703,0.205443,0.301087,-0.050789,0.202301,0.304479,0.023898,0.195312,0.304425,-0.079631,0.211752,0.324868,-0.013379,0.209322,0.324549,-0.044153,0.205557,0.367931,0.103672,0.178067,0.35953,-0.124453,0.22157,0.443041,0.12109,0.18858,0.440867,-0.184918,0.24533,0.455632,0.016189,0.211326,0.513354,-0.21451,0.250786,0.462162,0.003706,0.212499,0.53721,-0.238436,0.251563,0.4547,-0.011953,0.215286,0.534754,-0.240442,0.251269,0.454453,0.005534,0.214704,0.525867,-0.21557,0.201555,0.532063,0.066437,0.199646,0.535098,-0.066549,0.163197,0.656948,0.061742,0.232965,0.651989,-0.069871,0.120141,0.757232,0.065602,0.260463,0.780446,-0.065263,0.104874,0.767553,0.062937,0.25854,0.809879,-0.067221,0.138689,0.794885,0.021991,0.29412,0.771964,-0.126689
HA_Lat_14_6.13.26,111,376.04,558.3,0,376.04,558.3,0.9897,393.0,560.19,0.9403,0.217963,0.313511,-0.036775,0.214864,0.30194,-0.027834,0.214503,0.301656,-0.027965,0.214183,0.301489,-0.027938,0.213199,0.301701,-0.050625,0.211647,0.301307,-0.050845,0.209953,0.300873,-0.050932,0.205963,0.30444,0.024085,0.200171,0.304381,-0.080208,0.215794,0.325014,-0.013123,0.213753,0.324687,-0.044128,0.207669,0.368106,0.103524,0.183849,0.356721,-0.123724,0.222305,0.446726,0.133299,0.187577,0.442761,-0.194913,0.237815,0.446612,0.088049,0.204685,0.518696,-0.240044,0.233685,0.425112,0.085224,0.204291,0.545073,-0.264525,0.232514,0.41351,0.072138,0.210007,0.542116,-0.264478,0.232837,0.417048,0.080863,0.210161,0.533805,-0.240791,0.20321,0.535684,0.066634,0.203298,0.537439,-0.066752,0.163491,0.657084,0.065742,0.234919,0.652063,-0.053332,0.121003,0.757037,0.07293,0.260514,0.780464,-0.039701,0.105863,0.76737,0.07084,0.258546,0.809885,-0.040745,0.138611,0.795514,0.030254,0.294233,0.772064,-0.099034
HA_Lat_14_6.13.26,112,360.37,562.09,0,360.37,562.09,0.9901,377.17,569.76,0.9456,0.224725,0.313342,-0.038434,0.221922,0.301863,-0.028531,0.221629,0.30157,-0.028653,0.221363,0.301392,-0.028609,0.219933,0.301543,-0.051775,0.218286,0.301044,-0.052005,0.216478,0.300506,-0.052096,0.212961,0.304225,0.026593,0.206563,0.303787,-0.078857,0.222247,0.324803,-0.012974,0.219884,0.324328,-0.044473,0.214781,0.368277,0.108552,0.188146,0.355044,-0.119649,0.225061,0.454306,0.105953,0.185327,0.444194,-0.194546,0.236308,0.431152,-0.010573,0.196442,0.527556,-0.22007,0.229918,0.406161,-0.024935,0.192359,0.549274,-0.243543,0.229874,0.394835,-0.034092,0.198475,0.548539,-0.243514,0.230841,0.39942,-0.017861,0.200065,0.541584,-0.220141,0.20776,0.535666,0.067925,0.203525,0.53692,-0.068036,0.16696,0.657232,0.068505,0.237653,0.650663,-0.079108,0.122759,0.756007,0.080114,0.260972,0.780474,-0.107669,0.106348,0.76502,0.078514,0.25873,0.810151,-0.113107,0.13848,0.796038,0.043792,0.295114,0.772142,-0.186446
HA_Lat_14_6.13.26,113,348.58,572.1,0,348.58,572.1,0.9938,358.43,575.21,0.9504,0.232819,0.313446,-0.045612,0.229901,0.301993,-0.034785,0.229553,0.301705,-0.034891,0.229249,0.301532,-0.034831,0.227694,0.301648,-0.058207,0.225857,0.301141,-0.058452,0.223927,0.300585,-0.058549,0.219742,0.304252,0.025623,0.213068,0.303806,-0.080477,0.230094,0.324914,-0.018367,0.22773,0.324451,-0.050214,0.219291,0.368365,0.107239,0.1939,0.355508,-0.120492,0.224956,0.452845,0.090822,0.184215,0.446454,-0.196449,0.232969,0.430982,-0.02093,0.18668,0.532605,-0.243508,0.229465,0.400379,-0.034894,0.178902,0.554291,-0.269298,0.230006,0.391818,-0.04627,0.184248,0.554127,-0.271481,0.229476,0.396203,-0.029418,0.1882,0.547329,-0.244854,0.208389,0.535569,0.067991,0.203998,0.53564,-0.068109,0.171756,0.657363,0.056386,0.241282,0.648947,-0.074757,0.122963,0.755219,0.062408,0.261124,0.780847,-0.092867,0.106593,0.763911,0.060044,0.258939,0.810157,-0.098306,0.1382,0.796117,0.014992,0.295847,0.773418,-0.183591
HA_Lat_14_6.13.26,114,331.91,577.64,0,331.91,577.64,0.9943,335.86,580.0,0.9551,0.238882,0.314002,-0.05672,0.236265,0.302453,-0.045284,0.236053,0.302143,-0.045394,0.235898,0.301927,-0.045323,0.233793,0.302086,-0.068321,0.231909,0.301561,-0.068554,0.229837,0.300934,-0.068644,0.226279,0.304276,0.017974,0.219098,0.304028,-0.086288,0.236724,0.325553,-0.029034,0.234108,0.325044,-0.060218,0.225611,0.369185,0.101372,0.197297,0.356428,-0.122272,0.225038,0.455835,0.092725,0.18104,0.450648,-0.190386,0.233224,0.492675,-0.011296,0.174925,0.537035,-0.223829,0.231861,0.50107,-0.02319,0.166023,0.555539,-0.24797,0.234279,0.495981,-0.040337,0.168787,0.557525,-0.249508,0.233241,0.490861,-0.021698,0.172934,0.551685,-0.223946,0.209021,0.535554,0.067978,0.203495,0.534964,-0.068096,0.175914,0.658771,0.05693,0.24517,0.646382,-0.075068,0.123239,0.754252,0.068259,0.26188,0.78092,-0.088417,0.106683,0.761313,0.066117,0.259228,0.810162,-0.09329,0.138321,0.796519,0.020458,0.29745,0.774412,-0.175571
HA_Lat_14_6.13.26,115,311.29,573.39,0,311.29,573.39,0.9928,314.85,578.31,0.9595,0.244247,0.315432,-0.056853,0.241518,0.30406,-0.045657,0.241337,0.303709,-0.045767,0.241202,0.303446,-0.04569,0.239319,0.30377,-0.068354,0.237622,0.303227,-0.068578,0.235756,0.302611,-0.068671,0.232073,0.305586,0.015037,0.225289,0.305266,-0.087321,0.241984,0.327499,-0.03034,0.239664,0.327021,-0.061002,0.230277,0.370922,0.094602,0.203502,0.35689,-0.122906,0.221118,0.461886,0.093277,0.179807,0.448892,-0.179315,0.213541,0.516065,-0.000925,0.163982,0.535473,-0.215429,0.211559,0.543927,-0.009859,0.153374,0.551227,-0.243334,0.213281,0.539688,-0.033308,0.154928,0.554473,-0.241879,0.214132,0.531805,-0.012909,0.159709,0.550318,-0.220744,0.209935,0.536279,0.067918,0.203259,0.534982,-0.068032,0.178679,0.661814,0.068251,0.250215,0.643824,-0.073791,0.12372,0.753496,0.104389,0.262366,0.78093,-0.06403,0.107235,0.759308,0.104477,0.259267,0.810223,-0.065492,0.139035,0.796613,0.062601,0.298173,0.774953,-0.131026
HA_Lat_14_6.13.26,116,292.76,572.86,0,292.76,572.86,0.9931,296.62,573.91,0.9634,0.250473,0.319915,-0.099132,0.248687,0.308964,-0.087337,0.248991,0.308501,-0.087461,0.249331,0.308034,-0.08738,0.245538,0.308691,-0.108807,0.243531,0.308249,-0.109043,0.241287,0.307757,-0.109153,0.240362,0.31078,-0.020737,0.230684,0.310544,-0.117025,0.248853,0.332668,-0.070387,0.245142,0.33185,-0.099299,0.237809,0.376398,0.06359,0.207736,0.359709,-0.138812,0.221594,0.475032,0.074909,0.175992,0.449517,-0.174985,0.212262,0.529704,-0.003166,0.154491,0.531399,-0.193655,0.208299,0.547447,-0.01203,0.141814,0.545888,-0.216783,0.210207,0.542408,-0.03247,0.144128,0.550484,-0.22572,0.211324,0.535304,-0.014057,0.14937,0.547024,-0.198815,0.21268,0.540149,0.067743,0.20333,0.537767,-0.06785,0.180905,0.667145,0.07967,0.255887,0.641628,-0.074396,0.125101,0.753488,0.122357,0.262949,0.781062,-0.051758,0.108628,0.758902,0.123158,0.259498,0.810226,-0.051401,0.139025,0.797619,0.083797,0.298695,0.775578,-0.110314
HA_Lat_14_6.13.26,117,274.6,564.97,0,274.6,564.97,0.9928,277.45,563.29,0.9671,0.258053,0.327041,-0.077602,0.256185,0.31643,-0.067037,0.256178,0.316,-0.067161,0.256204,0.315482,-0.06709,0.253444,0.315844,-0.088417,0.251368,0.315349,-0.088642,0.249129,0.314876,-0.08874,0.24686,0.318078,-0.006851,0.238786,0.317188,-0.103081,0.255565,0.339457,-0.051179,0.252474,0.338534,-0.08004,0.241398,0.381391,0.070584,0.212586,0.362715,-0.136287,0.218342,0.468028,0.074001,0.175098,0.448119,-0.163021,0.203552,0.522897,-0.00533,0.144506,0.521566,-0.18666,0.199771,0.54653,-0.015109,0.131091,0.53522,-0.209517,0.20205,0.542119,-0.034131,0.133665,0.539937,-0.220604,0.203495,0.534894,-0.01584,0.139278,0.537519,-0.191663,0.212053,0.543778,0.0677,0.202871,0.539707,-0.067806,0.183159,0.672702,0.079324,0.260409,0.640525,-0.074935,0.125151,0.75359,0.114047,0.264222,0.781106,-0.05586,0.108808,0.759025,0.114154,0.260386,0.810424,-0.055964,0.13889,0.798534,0.075732,0.299568,0.776106,-0.110999
HA_Lat_14_6.13.26,118,257.83,550.61,0,257.83,550.61,0.9919,263.43,554.63,0.9703,0.265731,0.336903,-0.085143,0.263825,0.326335,-0.072234,0.263808,0.326015,-0.072358,0.263855,0.325591,-0.072267,0.261258,0.325454,-0.094523,0.25922,0.324872,-0.094755,0.25709,0.324372,-0.094858,0.254451,0.328003,-0.003936,0.246238,0.326807,-0.103215,0.263028,0.348911,-0.05572,0.260262,0.347957,-0.085568,0.24956,0.391152,0.077381,0.218357,0.36885,-0.13408,0.21954,0.475234,0.080893,0.174353,0.446742,-0.163663,0.208041,0.521291,-0.00284,0.137203,0.513549,-0.20128,0.203997,0.539855,-0.012167,0.123814,0.526535,-0.227244,0.205987,0.53663,-0.031043,0.126169,0.530049,-0.238973,0.207497,0.530423,-0.015747,0.132172,0.528242,-0.20686,0.212872,0.5503,0.072804,0.202686,0.544282,-0.072883,0.18392,0.677237,0.081014,0.262419,0.639871,-0.09782,0.124874,0.753679,0.118986,0.265808,0.781132,-0.079409,0.108687,0.759363,0.119343,0.26115,0.810454,-0.079252,0.138944,0.798974,0.082644,0.300436,0.777426,-0.131755
HA_Lat_14_6.13.26,119,249.28,529.29,0,249.28,529.29,0.9902,246.86,553.03,0.9733,0.272632,0.347624,-0.074907,0.269758,0.337533,-0.063012,0.269425,0.337038,-0.063136,0.269104,0.336421,-0.063053,0.267987,0.337016,-0.085371,0.266292,0.336344,-0.085595,0.264472,0.335642,-0.085693,0.259175,0.338514,0.000831,0.253498,0.338074,-0.098891,0.26988,0.358795,-0.047361,0.268029,0.357609,-0.077305,0.255132,0.399787,0.079793,0.225285,0.37834,-0.131876,0.220275,0.474543,0.084626,0.172469,0.446322,-0.165535,0.210501,0.526513,0.002177,0.128575,0.512061,-0.204946,0.206325,0.546764,-0.006116,0.114049,0.511544,-0.231389,0.209199,0.540408,-0.030645,0.116457,0.522606,-0.242044,0.209819,0.538797,-0.012204,0.122715,0.525324,-0.210283,0.212363,0.555604,0.074103,0.202382,0.549607,-0.074178,0.183498,0.681045,0.079655,0.264299,0.640069,-0.102331,0.124269,0.754904,0.113816,0.267675,0.781817,-0.085784,0.108353,0.760348,0.113825,0.26221,0.8106,-0.085797,0.137612,0.799153,0.076745,0.301902,0.779496,-0.134854
HA_Lat_14_6.13.26,120,244.04,504.34,0,244.04,504.34,0.987,245.13,523.78,0.9759,0.278491,0.360466,-0.082463,0.276056,0.349623,-0.070754,0.275967,0.348913,-0.070888,0.27594,0.348087,-0.070801,0.273992,0.349399,-0.091555,0.272248,0.348736,-0.091776,0.270459,0.34799,-0.091873,0.266514,0.349579,-0.006922,0.259779,0.349463,-0.099641,0.276,0.371096,-0.055045,0.273703,0.370167,-0.082784,0.262797,0.411254,0.069351,0.228849,0.390622,-0.128956,0.228304,0.489164,0.072644,0.173086,0.441164,-0.159126,0.212806,0.532531,-0.008874,0.127674,0.484978,-0.203562,0.20902,0.552683,-0.018773,0.113221,0.48468,-0.230818,0.211052,0.544303,-0.041295,0.114111,0.494676,-0.237359,0.211956,0.539297,-0.021227,0.120619,0.498852,-0.208564,0.213716,0.562347,0.073618,0.202392,0.55637,-0.073691,0.182451,0.685719,0.077751,0.268076,0.640509,-0.107264,0.123268,0.756722,0.111579,0.269232,0.784701,-0.100752,0.107179,0.761825,0.111527,0.262865,0.811495,-0.101845,0.137616,0.799163,0.074057,0.3039,0.783852,-0.151192
HA_Lat_14_6.13.26,121,242.95,483.53,0,242.95,483.53,0.9829,247.12,492.7,0.9783,0.285958,0.367931,-0.123915,0.283252,0.356666,-0.112568,0.283003,0.356056,-0.112713,0.282791,0.355379,-0.112616,0.281207,0.356837,-0.134912,0.279375,0.356452,-0.13513,0.277425,0.355949,-0.135221,0.273209,0.357986,-0.045823,0.266781,0.35901,-0.145349,0.282873,0.37896,-0.095186,0.280674,0.378615,-0.125052,0.267692,0.416966,0.034701,0.233819,0.399874,-0.159039,0.230712,0.488474,0.043711,0.17517,0.432446,-0.192356,0.212655,0.528328,-0.033946,0.128708,0.456202,-0.236936,0.206645,0.54562,-0.044639,0.11422,0.455542,-0.264543,0.20919,0.542768,-0.068404,0.114533,0.462005,-0.275033,0.211269,0.538275,-0.046356,0.12123,0.465927,-0.242598,0.214828,0.565859,0.074079,0.203667,0.562338,-0.074138,0.181566,0.687962,0.080928,0.269151,0.640851,-0.10444,0.121969,0.758709,0.111375,0.269869,0.786231,-0.095514,0.106001,0.764277,0.110664,0.26294,0.811571,-0.097276,0.137602,0.799061,0.072496,0.304229,0.789495,-0.151123
HA_Lat_14_6.13.26,122,248.06,453.56,0,248.06,453.56,0.9944,249.96,464.88,0.9804,0.292045,0.376288,-0.134336,0.289989,0.364554,-0.122033,0.289834,0.363931,-0.122177,0.289739,0.363272,-0.122075,0.2877,0.364897,-0.144131,0.285752,0.364591,-0.144342,0.283652,0.364105,-0.144423,0.280074,0.365827,-0.052206,0.272871,0.367262,-0.150839,0.28915,0.387914,-0.104723,0.286665,0.387876,-0.134335,0.274481,0.426616,0.030187,0.239825,0.407621,-0.158803,0.246156,0.496128,0.048677,0.176371,0.422083,-0.196573,0.217344,0.543678,-0.023804,0.130185,0.430445,-0.245081,0.211148,0.556189,-0.033038,0.115324,0.427449,-0.272491,0.212673,0.554168,-0.056279,0.114882,0.432498,-0.282494,0.212314,0.550033,-0.035756,0.120949,0.437085,-0.250603,0.216179,0.570044,0.073615,0.20604,0.567694,-0.073679,0.180806,0.688667,0.080885,0.273663,0.640929,-0.104148,0.120611,0.760506,0.11103,0.270929,0.787942,-0.092667,0.10506,0.767083,0.108366,0.263283,0.812426,-0.094161,0.137392,0.798463,0.057261,0.304202,0.793826,-0.149601
HA_Lat_14_6.13.26,123,270.5,431.58,0,270.5,431.58,0.9934,265.62,440.73,0.9816,0.299005,0.383849,-0.10204,0.296357,0.371928,-0.090602,0.295868,0.371296,-0.090737,0.295361,0.370626,-0.090659,0.294918,0.371904,-0.11278,0.293304,0.371323,-0.112996,0.291496,0.370646,-0.113083,0.285249,0.372581,-0.026721,0.27985,0.373572,-0.126609,0.29511,0.395076,-0.074546,0.293456,0.39431,-0.104298,0.279745,0.433796,0.052345,0.245517,0.410851,-0.144855,0.271991,0.487064,0.139613,0.181219,0.410602,-0.19062,0.253921,0.520729,0.170786,0.138343,0.408082,-0.246534,0.247863,0.533162,0.179865,0.124337,0.405046,-0.272104,0.248903,0.528509,0.156424,0.123743,0.411406,-0.280588,0.251976,0.524481,0.161631,0.129017,0.415223,-0.252082,0.219376,0.574487,0.073274,0.210088,0.570676,-0.07334,0.180355,0.688113,0.08141,0.280568,0.641328,-0.106954,0.119612,0.761625,0.108827,0.271838,0.788267,-0.097236,0.104243,0.768971,0.105043,0.263491,0.812584,-0.098302,0.13697,0.798438,0.049851,0.304648,0.79741,-0.152781
HA_Lat_14_6.13.26,124,283.6,415.9,0,283.6,415.9,0.9918,276.61,420.73,0.9828,0.303669,0.389157,-0.118644,0.301763,0.376693,-0.10627,0.301524,0.37603,-0.106433,0.301352,0.375288,-0.10636,0.299774,0.376739,-0.126606,0.29796,0.37614,-0.126843,0.295956,0.375326,-0.126956,0.291788,0.377012,-0.038329,0.284675,0.377484,-0.130279,0.300127,0.400063,-0.089975,0.297747,0.39955,-0.117468,0.289763,0.440399,0.043706,0.248169,0.412458,-0.141137,0.277236,0.496955,0.138271,0.190282,0.398762,-0.187587,0.261669,0.52476,0.169262,0.144069,0.389562,-0.239162,0.256609,0.531512,0.179324,0.130054,0.383689,-0.262992,0.258809,0.528831,0.154134,0.129072,0.390534,-0.272664,0.261961,0.526794,0.159643,0.134355,0.395606,-0.245137,0.224263,0.576485,0.073261,0.212301,0.569512,-0.073325,0.180748,0.687021,0.080967,0.284565,0.641758,-0.116642,0.119474,0.761748,0.097693,0.273718,0.788444,-0.100625,0.104161,0.769396,0.093216,0.264296,0.812616,-0.100969,0.136554,0.798202,0.032852,0.305387,0.80311,-0.158147
HA_Lat_14_6.13.26,125,297.94,398.08,0,297.94,398.08,0.9925,288.08,404.34,0.9834,0.308555,0.391493,-0.129643,0.307063,0.378792,-0.117573,0.307238,0.378136,-0.117743,0.307507,0.377417,-0.117663,0.304181,0.37832,-0.135446,0.30185,0.377332,-0.135687,0.299192,0.376221,-0.135802,0.298587,0.379261,-0.048944,0.287681,0.378531,-0.129526,0.305087,0.4026,-0.100598,0.301708,0.402263,-0.124801,0.295889,0.4435,0.030591,0.253898,0.413165,-0.134026,0.281457,0.496947,0.127281,0.200477,0.389059,-0.163608,0.260697,0.519951,0.10703,0.150044,0.37439,-0.21742,0.254141,0.524245,0.110477,0.136577,0.366301,-0.236616,0.256239,0.521126,0.088944,0.135364,0.37215,-0.251555,0.259559,0.519939,0.098172,0.140408,0.377823,-0.226848,0.229194,0.576627,0.071275,0.217168,0.569115,-0.071327,0.181867,0.685696,0.072829,0.287103,0.642743,-0.114818,0.119595,0.761609,0.080671,0.275306,0.790708,-0.106795,0.104227,0.768782,0.076517,0.265116,0.813849,-0.107789,0.136083,0.798216,0.017675,0.3075,0.806266,-0.165543
HA_Lat_14_6.13.26,126,314.32,388.83,0,314.32,388.83,0.9912,296.56,393.52,0.9844,0.316457,0.390554,-0.117413,0.314306,0.378669,-0.104782,0.313995,0.378304,-0.104941,0.313806,0.377866,-0.104864,0.312183,0.377486,-0.123622,0.310064,0.376218,-0.123853,0.307469,0.374854,-0.123963,0.304473,0.379605,-0.037089,0.295585,0.37719,-0.121935,0.311976,0.401916,-0.088911,0.309731,0.400742,-0.114308,0.303254,0.446094,0.037409,0.259898,0.410886,-0.12179,0.297655,0.513331,0.112387,0.207875,0.377922,-0.145195,0.268081,0.518206,0.076109,0.15446,0.364369,-0.187892,0.256103,0.524062,0.075541,0.142373,0.356552,-0.207643,0.25756,0.518983,0.056264,0.14174,0.360863,-0.219326,0.261773,0.518593,0.067543,0.146319,0.367253,-0.194764,0.235055,0.576182,0.070149,0.223641,0.568163,-0.070194,0.185369,0.684532,0.065788,0.290571,0.644603,-0.11866,0.121763,0.760695,0.070908,0.276091,0.792494,-0.109157,0.106436,0.765877,0.066848,0.265401,0.815177,-0.109973,0.135444,0.798518,0.007075,0.308505,0.811617,-0.168194
HA_Lat_14_6.13.26,127,327.82,380.99,0,327.82,380.99,0.9893,304.02,382.05,0.9858,0.322057,0.389616,-0.132762,0.319459,0.377704,-0.11993,0.319173,0.377513,-0.120089,0.318991,0.377266,-0.120003,0.317255,0.375984,-0.137131,0.315055,0.374617,-0.137351,0.312528,0.373288,-0.137454,0.309259,0.379496,-0.049589,0.300629,0.376053,-0.125722,0.318122,0.400857,-0.103481,0.31553,0.399679,-0.126466,0.31247,0.44825,0.021159,0.265012,0.408006,-0.121364,0.306114,0.516957,0.021774,0.214863,0.367308,-0.133621,0.273875,0.521573,-0.074016,0.158343,0.353749,-0.1654,0.262699,0.528269,-0.088686,0.145374,0.348085,-0.186103,0.263374,0.521538,-0.106211,0.145774,0.354143,-0.199061,0.267214,0.521041,-0.083653,0.149508,0.358971,-0.172014,0.241546,0.574996,0.069332,0.229315,0.566171,-0.069376,0.190788,0.683789,0.056233,0.295156,0.647043,-0.122166,0.126572,0.758508,0.068156,0.276674,0.792626,-0.106027,0.111027,0.756734,0.064801,0.265937,0.815154,-0.10842,0.13365,0.798872,0.003309,0.30898,0.814247,-0.167945
HA_Lat_14_6.13.26,128,348.55,372.34,0,348.55,372.34,0.9909,325.27,376.78,0.987,0.328331,0.38677,-0.113323,0.325648,0.375169,-0.101995,0.32533,0.374983,-0.102143,0.325153,0.374761,-0.102075,0.323613,0.37346,-0.123935,0.321642,0.372279,-0.124136,0.319317,0.3711,-0.124199,0.315807,0.377931,-0.041182,0.307143,0.374277,-0.103783,0.324538,0.398288,-0.085474,0.321902,0.397211,-0.114514,0.319376,0.447639,0.039515,0.272127,0.405483,-0.098602,0.312532,0.516764,0.039374,0.22549,0.358851,-0.105332,0.281192,0.528939,-0.02339,0.169413,0.348872,-0.128266,0.271587,0.534129,-0.027515,0.151112,0.34488,-0.147171,0.272035,0.528868,-0.048964,0.151132,0.352974,-0.158202,0.275928,0.527508,-0.03155,0.15732,0.357226,-0.133906,0.247809,0.574603,0.068844,0.234972,0.564531,-0.068887,0.197675,0.683342,0.057599,0.299759,0.64962,-0.127743,0.133838,0.755603,0.073433,0.277663,0.792762,-0.102408,0.118733,0.74758,0.070683,0.266642,0.815152,-0.107894,0.131404,0.79929,0.00674,0.309209,0.816601,-0.162884
HA_Lat_14_6.13.26,129,360.09,371.35,0,360.09,371.35,0.9907,349.8,373.28,0.988,0.334306,0.383891,-0.095435,0.331313,0.371824,-0.080003,0.330867,0.371388,-0.080142,0.330538,0.37092,-0.080042,0.329608,0.370804,-0.100529,0.327697,0.369863,-0.100785,0.325519,0.368892,-0.100908,0.321033,0.374717,-0.006942,0.313118,0.372052,-0.088481,0.330581,0.394975,-0.064894,0.328139,0.394535,-0.092438,0.324703,0.443302,0.06486,0.279441,0.403467,-0.090276,0.313839,0.508135,0.126556,0.234128,0.353753,-0.109876,0.290669,0.531254,0.114655,0.182188,0.345631,-0.140907,0.283569,0.538041,0.119228,0.164107,0.343357,-0.161042,0.283885,0.5361,0.094754,0.163666,0.35105,-0.169768,0.28717,0.533591,0.104492,0.170401,0.354835,-0.145826,0.253491,0.574333,0.068727,0.24156,0.563384,-0.068767,0.206249,0.682804,0.060533,0.301995,0.650995,-0.152825,0.142065,0.749067,0.078295,0.278537,0.793432,-0.120069,0.130758,0.734529,0.075841,0.267061,0.815241,-0.119278,0.128391,0.799275,0.01975,0.309964,0.820228,-0.178123
HA_Lat_14_6.13.26,130,373.34,372.86,0,373.34,372.86,0.994,366.34,374.35,0.9891,0.339337,0.383899,-0.101764,0.337862,0.371056,-0.086618,0.337664,0.370449,-0.086762,0.337572,0.369858,-0.086658,0.335837,0.370157,-0.107174,0.333805,0.36912,-0.107436,0.331428,0.36803,-0.10757,0.327542,0.37301,-0.01043,0.318519,0.370626,-0.095444,0.335431,0.395068,-0.070764,0.332466,0.394544,-0.098422,0.329635,0.439233,0.064068,0.286167,0.40207,-0.100349,0.322314,0.502197,0.131642,0.242146,0.350736,-0.130661,0.302093,0.524952,0.122715,0.190805,0.346618,-0.157478,0.296156,0.532029,0.127508,0.173971,0.344716,-0.179156,0.296333,0.529756,0.101954,0.173551,0.352437,-0.183662,0.299282,0.527275,0.112005,0.180022,0.35634,-0.159284,0.260843,0.573082,0.068823,0.248393,0.563342,-0.068862,0.216981,0.68364,0.062041,0.305062,0.654194,-0.144354,0.149391,0.739412,0.081288,0.279062,0.793779,-0.113126,0.138221,0.720508,0.079118,0.267134,0.815207,-0.112119,0.128748,0.794776,0.022638,0.31031,0.822429,-0.171986
HA_Lat_14_6.13.26,131,380.17,377.21,0,380.17,377.21,0.9781,375.31,378.14,0.9879,0.344315,0.381904,-0.101765,0.342654,0.369497,-0.087181,0.342183,0.368965,-0.087337,0.341802,0.368449,-0.087253,0.341193,0.368774,-0.108975,0.339354,0.367865,-0.109247,0.337225,0.366916,-0.109398,0.332983,0.371703,-0.012265,0.325501,0.369661,-0.110848,0.340523,0.393271,-0.071423,0.338451,0.392965,-0.10125,0.335011,0.435576,0.067681,0.292447,0.400794,-0.115717,0.343171,0.470394,0.240914,0.247136,0.350976,-0.175991,0.340763,0.467502,0.369833,0.195474,0.350132,-0.227323,0.338945,0.464743,0.399954,0.179491,0.348208,-0.246817,0.34119,0.459237,0.372605,0.179019,0.356452,-0.251145,0.343732,0.461856,0.361962,0.185428,0.360213,-0.230796,0.267991,0.571933,0.069805,0.254778,0.562794,-0.069853,0.229547,0.687911,0.062813,0.309397,0.657421,-0.13794,0.159322,0.727629,0.106884,0.279736,0.793604,-0.104286,0.148386,0.708654,0.108244,0.267824,0.81386,-0.098705,0.134365,0.777646,0.058646,0.309818,0.822781,-0.14972
HA_Lat_14_6.13.26,132,386.93,384.22,0,386.93,384.22,0.9956,382.97,386.01,0.9889,0.350163,0.378802,-0.145733,0.349331,0.366839,-0.131118,0.349796,0.366377,-0.13126,0.350357,0.365913,-0.131149,0.345459,0.366115,-0.149709,0.342806,0.365306,-0.149988,0.339801,0.364485,-0.150134,0.34287,0.36911,-0.047484,0.328365,0.367799,-0.130953,0.347951,0.390134,-0.111234,0.343877,0.389814,-0.136422,0.344552,0.434354,0.043113,0.298259,0.399866,-0.119182,0.330193,0.475115,0.205012,0.251187,0.354889,-0.15018,0.31176,0.501818,0.16935,0.199464,0.357415,-0.19008,0.306102,0.507004,0.172421,0.18377,0.356191,-0.209534,0.307892,0.506724,0.153636,0.183514,0.364808,-0.220253,0.310798,0.504262,0.16063,0.189295,0.368196,-0.195583,0.276228,0.571225,0.066047,0.261509,0.562192,-0.066095,0.243029,0.69089,0.047462,0.310475,0.65903,-0.156348,0.172304,0.716299,0.105983,0.280054,0.793764,-0.104532,0.161913,0.696266,0.108224,0.268601,0.813773,-0.099338,0.143788,0.764246,0.054478,0.310415,0.824606,-0.161968
HA_Lat_14_6.13.26,133,394.0,406.0,0,388.94,397.34,0.9943,387.81,398.08,0.9899,0.356163,0.375755,-0.157347,0.353201,0.364306,-0.144005,0.353231,0.364256,-0.144157,0.353343,0.364023,-0.144055,0.350626,0.364023,-0.165182,0.348606,0.363908,-0.165454,0.346351,0.363609,-0.165583,0.347306,0.36797,-0.066609,0.336485,0.366149,-0.162316,0.354769,0.388605,-0.125384,0.351959,0.388168,-0.154124,0.348522,0.432137,0.020699,0.305139,0.399711,-0.156412,0.327584,0.475447,0.148056,0.255397,0.361089,-0.180691,0.309479,0.520903,0.122893,0.201983,0.368596,-0.221862,0.30341,0.531012,0.12504,0.186341,0.36776,-0.245382,0.305944,0.533522,0.103214,0.186893,0.375401,-0.255146,0.308815,0.529145,0.113441,0.192914,0.379158,-0.227281,0.284882,0.570393,0.065157,0.268975,0.561898,-0.065185,0.257198,0.692108,0.049342,0.315756,0.66362,-0.155529,0.186309,0.702809,0.133876,0.280606,0.793647,-0.084513,0.177791,0.680668,0.138034,0.269252,0.812401,-0.075847,0.157398,0.746151,0.086609,0.310221,0.825386,-0.133554
HA_Lat_14_6.13.26,134,406.52,420.16,0,406.52,420.16,0.9959,401.3,407.27,0.9908,0.363158,0.375688,-0.174562,0.361182,0.363366,-0.160316,0.361347,0.363356,-0.160476,0.36161,0.363203,-0.160384,0.358169,0.36315,-0.182681,0.355717,0.363241,-0.182935,0.352813,0.36338,-0.183055,0.353164,0.3679,-0.081271,0.34136,0.365123,-0.182725,0.360404,0.387741,-0.14217,0.356231,0.387783,-0.17254,0.352912,0.431079,0.011773,0.310918,0.399366,-0.181224,0.333178,0.473482,0.145128,0.258541,0.366994,-0.222828,0.313755,0.51848,0.196874,0.209009,0.377105,-0.276957,0.307361,0.527958,0.211893,0.193395,0.377276,-0.303902,0.309507,0.529146,0.181811,0.194668,0.382561,-0.310084,0.312538,0.525787,0.186388,0.201602,0.385006,-0.281209,0.292807,0.570107,0.065314,0.275829,0.561743,-0.065346,0.271688,0.692932,0.049934,0.320811,0.667737,-0.144481,0.202462,0.692107,0.168252,0.280994,0.793572,-0.053996,0.194184,0.670309,0.176428,0.269404,0.810212,-0.04462,0.174318,0.730513,0.137767,0.310008,0.825592,-0.096746
HA_Lat_14_6.13.26,135,417.95,440.86,0,417.95,440.86,0.9945,415.57,425.69,0.9916,0.368107,0.368902,-0.144262,0.36465,0.358601,-0.130997,0.364318,0.359049,-0.131146,0.364108,0.359325,-0.131061,0.36253,0.358817,-0.152991,0.360532,0.359637,-0.153237,0.358266,0.360555,-0.153349,0.355379,0.366016,-0.059577,0.347218,0.365042,-0.16159,0.365317,0.382698,-0.114631,0.362566,0.383163,-0.144723,0.353718,0.425936,0.023824,0.319907,0.399713,-0.172688,0.337181,0.471128,0.141223,0.266158,0.367097,-0.21506,0.325836,0.519532,0.189069,0.216445,0.394156,-0.255682,0.321934,0.530098,0.204597,0.201499,0.397752,-0.279721,0.324196,0.532198,0.17529,0.203184,0.407749,-0.285427,0.326413,0.528946,0.178382,0.209009,0.408874,-0.259496,0.297213,0.568653,0.065361,0.283074,0.561142,-0.065399,0.28836,0.692846,0.061262,0.323721,0.671646,-0.139296,0.221762,0.684348,0.158327,0.281369,0.793518,-0.058152,0.213477,0.660018,0.16462,0.269361,0.807252,-0.05041,0.193146,0.724308,0.130414,0.309556,0.825274,-0.097694
HA_Lat_14_6.13.26,136,437.54,479.09,0,437.54,479.09,0.9881,431.64,464.19,0.9924,0.373822,0.363109,-0.154652,0.370203,0.352991,-0.143079,0.369894,0.353384,-0.143221,0.369642,0.353651,-0.143146,0.368076,0.353048,-0.166373,0.365959,0.354029,-0.166598,0.363578,0.355168,-0.166698,0.361071,0.360454,-0.076479,0.353819,0.361844,-0.182099,0.371622,0.376112,-0.12682,0.368477,0.377533,-0.158214,0.358096,0.419107,0.010637,0.328598,0.3995,-0.198162,0.328461,0.460111,0.130165,0.270658,0.384159,-0.235524,0.30932,0.511083,0.154549,0.224812,0.429805,-0.267929,0.303713,0.524395,0.164951,0.20887,0.433349,-0.293371,0.305345,0.521677,0.137435,0.2121,0.44508,-0.299799,0.307879,0.525019,0.144143,0.21782,0.447217,-0.271604,0.304818,0.566289,0.067672,0.291261,0.560984,-0.067705,0.311203,0.69181,0.07868,0.324078,0.674373,-0.092743,0.239646,0.675858,0.143971,0.280811,0.793493,-0.022502,0.231389,0.655806,0.147471,0.269315,0.806949,-0.015888,0.21087,0.717994,0.111452,0.309296,0.826372,-0.061715
HA_Lat_14_6.13.26,137,452.46,501.74,0,451.16,503.45,0.9936,452.46,501.74,0.9931,0.380348,0.358382,-0.137659,0.376119,0.347943,-0.128206,0.375596,0.348214,-0.12826,0.375108,0.348398,-0.128184,0.37457,0.347815,-0.157044,0.372624,0.348527,-0.157187,0.370208,0.34968,-0.157179,0.366859,0.354938,-0.0718,0.36068,0.357495,-0.16078,0.378179,0.370875,-0.115614,0.375249,0.372528,-0.155303,0.363809,0.414934,0.020619,0.33693,0.399219,-0.17587,0.330649,0.46039,0.08685,0.279211,0.406947,-0.210278,0.308954,0.513417,0.045143,0.235657,0.464576,-0.259109,0.303069,0.526988,0.042015,0.221507,0.46926,-0.277738,0.304887,0.526948,0.017268,0.223529,0.478881,-0.28414,0.307266,0.525592,0.033339,0.230175,0.48074,-0.264166,0.313814,0.564712,0.068419,0.299151,0.559774,-0.068434,0.327835,0.688926,0.079537,0.327101,0.677845,-0.092172,0.258046,0.672829,0.134982,0.281524,0.793369,-0.047288,0.247081,0.65733,0.13732,0.269166,0.807045,-0.043156,0.232927,0.722309,0.098311,0.309629,0.826239,-0.09295
HA_Lat_14_6.13.26,138,480.31,536.38,0,481.61,538.73,0.9916,480.31,536.38,0.9938,0.383517,0.351951,-0.139274,0.378786,0.342744,-0.129319,0.378262,0.34299,-0.129413,0.377819,0.34314,-0.129335,0.377579,0.343077,-0.154214,0.376005,0.344025,-0.154403,0.374075,0.345405,-0.154456,0.370026,0.350491,-0.068756,0.364931,0.354475,-0.172067,0.382549,0.364612,-0.114204,0.380037,0.36654,-0.147663,0.368236,0.412726,0.016044,0.343634,0.399027,-0.19641,0.332081,0.462967,0.050697,0.287243,0.430157,-0.229402,0.314346,0.530878,-0.000475,0.250161,0.49665,-0.263255,0.308475,0.545598,-0.005476,0.236249,0.504738,-0.290801,0.310112,0.544939,-0.030239,0.238896,0.514469,-0.296546,0.312432,0.540626,-0.012422,0.245053,0.513902,-0.266675,0.32567,0.56458,0.069277,0.3068,0.559423,-0.069262,0.34674,0.684803,0.064839,0.329187,0.679363,-0.100563,0.276443,0.674121,0.115984,0.283034,0.793298,-0.057129,0.265791,0.656841,0.119289,0.269035,0.806507,-0.053361,0.255841,0.72834,0.093902,0.30993,0.826148,-0.106286
HA_Lat_14_6.13.26,139,521.51,566.15,0,521.17,566.8,0.9943,521.51,566.15,0.9944,0.38945,0.348947,-0.133924,0.385765,0.33945,-0.127321,0.385289,0.339649,-0.127352,0.384886,0.339734,-0.127294,0.384461,0.339658,-0.152485,0.382772,0.340357,-0.152769,0.380736,0.341279,-0.152919,0.377392,0.345961,-0.058337,0.371784,0.34883,-0.159415,0.387481,0.360629,-0.111945,0.384928,0.361847,-0.141905,0.373883,0.410069,0.024857,0.348861,0.398475,-0.186023,0.342097,0.4719,0.069144,0.30073,0.44718,-0.217322,0.32404,0.540011,0.028054,0.271618,0.524209,-0.24672,0.318281,0.55653,0.025244,0.259962,0.537621,-0.272602,0.319276,0.555355,0.001402,0.262576,0.545674,-0.278726,0.321608,0.549575,0.016902,0.267895,0.543074,-0.250484,0.333187,0.562877,0.069609,0.315103,0.558186,-0.069589,0.364525,0.679014,0.062592,0.333565,0.680808,-0.093816,0.295272,0.67879,0.137591,0.284125,0.793262,-0.058403,0.281857,0.662284,0.1443,0.268924,0.804193,-0.055396,0.279937,0.733571,0.124405,0.310378,0.825516,-0.106982
HA_Lat_14_6.13.26,140,570.36,593.02,0,571.3,593.28,0.9917,570.36,593.02,0.9949,0.393406,0.343704,-0.13089,0.388556,0.334175,-0.121925,0.3877,0.334365,-0.122,0.386915,0.334469,-0.121929,0.387851,0.334748,-0.14542,0.386313,0.335538,-0.145678,0.384573,0.336417,-0.145806,0.378662,0.34045,-0.056616,0.375624,0.34339,-0.16433,0.391221,0.355416,-0.106088,0.389504,0.356468,-0.136529,0.375325,0.404796,0.020672,0.354024,0.398392,-0.198469,0.340962,0.473361,0.050059,0.315966,0.467484,-0.239213,0.317576,0.549952,-0.003481,0.297062,0.54909,-0.263694,0.309787,0.565706,-0.010387,0.287738,0.564193,-0.294113,0.310741,0.568306,-0.033566,0.293259,0.571266,-0.296083,0.314197,0.563642,-0.014601,0.297936,0.566609,-0.265333,0.344885,0.55909,0.071367,0.325523,0.553542,-0.071328,0.38,0.664004,0.078898,0.338178,0.680632,-0.09008,0.310756,0.68015,0.173785,0.284733,0.792142,-0.061879,0.299297,0.667518,0.181522,0.26918,0.802458,-0.057213,0.301632,0.731812,0.165462,0.310206,0.825739,-0.111494
HA_Lat_14_6.13.26,141,615.06,615.35,0,620.97,618.5,0.9939,615.06,615.35,0.9953,0.39856,0.339645,-0.103488,0.394381,0.329983,-0.094488,0.393664,0.330143,-0.094607,0.393012,0.330216,-0.094579,0.393156,0.330145,-0.117865,0.391537,0.330519,-0.118082,0.389773,0.330805,-0.118167,0.384713,0.33599,-0.03915,0.380812,0.337519,-0.148435,0.395879,0.350967,-0.080096,0.394641,0.351403,-0.111487,0.377944,0.402089,0.041173,0.355982,0.39826,-0.181844,0.365237,0.469969,0.109143,0.328905,0.483378,-0.220987,0.388873,0.4868,0.101067,0.320341,0.569772,-0.259538,0.394487,0.49157,0.101599,0.315396,0.593651,-0.284868,0.393787,0.49478,0.080852,0.322828,0.594978,-0.294575,0.392267,0.494983,0.09157,0.325769,0.588469,-0.264591,0.355032,0.559751,0.071282,0.334259,0.555169,-0.071249,0.395946,0.647277,0.080386,0.335698,0.686122,-0.072971,0.334584,0.687688,0.160621,0.284915,0.790579,-0.023468,0.32116,0.673607,0.166379,0.269712,0.800583,-0.018916,0.334015,0.736413,0.138025,0.310042,0.826193,-0.074468
HA_Lat_14_6.13.26,142,681.8,627.94,0,681.8,627.94,0.9935,681.42,622.95,0.9936,0.403696,0.338132,-0.126878,0.400082,0.327414,-0.118022,0.399379,0.327305,-0.118172,0.398727,0.32711,-0.118136,0.398946,0.327381,-0.142891,0.397492,0.327418,-0.143076,0.395951,0.327362,-0.143154,0.389674,0.331351,-0.061351,0.386277,0.332332,-0.17406,0.400764,0.349981,-0.102671,0.399097,0.349922,-0.136336,0.385737,0.400377,0.025382,0.360009,0.396931,-0.212603,0.370725,0.478538,0.069061,0.348483,0.492182,-0.247671,0.368681,0.545169,0.019869,0.354909,0.576802,-0.260334,0.369088,0.56879,0.016347,0.352489,0.601357,-0.288498,0.371242,0.564718,-0.006265,0.359042,0.599717,-0.291572,0.371673,0.56042,0.009592,0.360038,0.592197,-0.262001,0.360933,0.559714,0.073757,0.33767,0.555922,-0.073725,0.410419,0.629949,0.080114,0.337561,0.690855,-0.11561,0.356664,0.687819,0.158964,0.285484,0.78927,-0.071653,0.341894,0.695771,0.16386,0.270402,0.798632,-0.068517,0.364354,0.738438,0.125433,0.309251,0.827312,-0.138881
HA_Lat_14_6.13.26,143,738.11,615.82,0,738.11,615.82,0.9956,737.76,620.72,0.994,0.407575,0.335599,-0.153174,0.404178,0.324775,-0.141359,0.403446,0.324533,-0.141495,0.402824,0.324235,-0.14143,0.403012,0.324744,-0.166668,0.40141,0.324527,-0.166834,0.399754,0.324231,-0.166867,0.393657,0.327797,-0.073808,0.389973,0.328038,-0.188416,0.40412,0.347335,-0.125,0.402985,0.346992,-0.159478,0.392242,0.396641,0.012798,0.366537,0.395667,-0.22477,0.416938,0.460734,-0.029433,0.366062,0.49444,-0.262938,0.428892,0.42657,-0.189935,0.384252,0.574737,-0.275664,0.430247,0.417302,-0.214245,0.386773,0.597918,-0.307694,0.424733,0.407332,-0.226565,0.392863,0.596442,-0.308782,0.423227,0.41232,-0.199299,0.392591,0.588705,-0.276626,0.363686,0.556226,0.077385,0.344102,0.555188,-0.077358,0.422008,0.613185,0.124324,0.341496,0.690954,-0.113397,0.382207,0.695968,0.24317,0.285782,0.788492,-0.102408,0.368612,0.717915,0.251234,0.270535,0.798139,-0.104895,0.400821,0.742023,0.212283,0.309222,0.827012,-0.186461
HA_Lat_14_6.13.26,144,790.35,606.81,0,806.6,609.08,0.9946,790.35,606.81,0.9939,0.413321,0.336796,-0.111865,0.409586,0.325462,-0.098612,0.408604,0.324921,-0.098751,0.407681,0.324403,-0.098736,0.408703,0.325582,-0.124058,0.407165,0.325163,-0.124178,0.405615,0.324717,-0.124217,0.39892,0.327466,-0.033523,0.396035,0.327786,-0.151838,0.409793,0.347617,-0.085141,0.408628,0.348023,-0.120406,0.400592,0.391701,0.050316,0.371938,0.395144,-0.209112,0.433102,0.43946,0.032432,0.381805,0.489595,-0.239183,0.442566,0.384219,-0.026117,0.411639,0.561862,-0.245381,0.445364,0.368565,-0.028181,0.418201,0.580687,-0.278293,0.438801,0.362745,-0.059136,0.423719,0.577572,-0.268917,0.436727,0.369563,-0.040984,0.421128,0.57196,-0.241946,0.373479,0.554587,0.077875,0.352753,0.554994,-0.077866,0.43749,0.599951,0.104046,0.344446,0.690969,-0.130357,0.408026,0.704647,0.194355,0.287082,0.786807,-0.133479,0.396635,0.731673,0.199983,0.271238,0.795854,-0.135681,0.435012,0.743501,0.160458,0.309034,0.82777,-0.211678
HA_Lat_14_6.13.26,145,845.94,592.64,0,849.09,592.67,0.9952,845.94,592.64,0.994,0.419051,0.335233,-0.113701,0.41483,0.324431,-0.10089,0.413738,0.323865,-0.101027,0.412662,0.323329,-0.100997,0.414113,0.324466,-0.12548,0.412542,0.323949,-0.125623,0.410952,0.323457,-0.125675,0.403487,0.326277,-0.035673,0.400957,0.326559,-0.15143,0.415296,0.345971,-0.086732,0.414502,0.346411,-0.120865,0.405299,0.388011,0.047627,0.379145,0.395188,-0.194303,0.442321,0.421789,0.056606,0.403978,0.488176,-0.228861,0.453643,0.358839,-0.017593,0.440592,0.548745,-0.233661,0.455234,0.342492,-0.030529,0.44916,0.567161,-0.264918,0.450023,0.336755,-0.044727,0.453419,0.562582,-0.257691,0.447996,0.343691,-0.026107,0.45086,0.556829,-0.230884,0.386601,0.553933,0.075985,0.360597,0.555219,-0.076052,0.451951,0.584504,-0.017321,0.346378,0.691105,-0.118928,0.438289,0.712129,0.046367,0.288808,0.78497,-0.094878,0.429001,0.742147,0.048726,0.273136,0.792889,-0.095314,0.466112,0.742563,-0.006881,0.309074,0.828121,-0.200676
HA_Lat_14_6.13.26,146,898.0,572.0,0,894.42,568.89,0.996,890.58,572.61,0.9938,0.423251,0.334239,-0.092316,0.418325,0.323517,-0.079771,0.416941,0.323004,-0.07991,0.415677,0.322549,-0.079906,0.418197,0.323456,-0.1058,0.416731,0.322951,-0.105967,0.415233,0.322506,-0.10605,0.407145,0.326078,-0.019996,0.405608,0.326454,-0.140698,0.419376,0.344791,-0.06686,0.419084,0.345004,-0.10265,0.40654,0.382333,0.068708,0.388334,0.39479,-0.187331,0.445769,0.403891,0.155522,0.420493,0.478649,-0.222601,0.463368,0.341919,0.17504,0.463841,0.530198,-0.202565,0.465831,0.32491,0.18262,0.474042,0.544809,-0.226813,0.461896,0.317614,0.166086,0.477783,0.539919,-0.215727,0.460073,0.322996,0.168551,0.474054,0.535258,-0.197729,0.396087,0.553862,0.075678,0.370928,0.555981,-0.075735,0.458858,0.582611,-0.051714,0.349477,0.690589,-0.119445,0.466223,0.714271,0.006404,0.290621,0.782168,-0.076185,0.460378,0.74529,0.008835,0.27509,0.788261,-0.073423,0.498564,0.734706,-0.046954,0.309028,0.828166,-0.169618
HA_Lat_14_6.13.26,147,930.97,535.56,0,930.97,535.56,0.9944,928.5,559.06,0.9933,0.428777,0.333655,-0.086547,0.424644,0.323273,-0.072625,0.423755,0.322807,-0.072771,0.422877,0.322338,-0.072737,0.423657,0.32334,-0.099171,0.422136,0.322968,-0.099354,0.420525,0.322563,-0.099451,0.413553,0.325704,-0.006276,0.410869,0.32648,-0.128013,0.425656,0.344299,-0.058655,0.424563,0.344814,-0.094719,0.402871,0.378771,0.083256,0.399874,0.392743,-0.184118,0.402141,0.414719,0.165989,0.438079,0.467329,-0.224422,0.410269,0.463856,0.161119,0.483596,0.517652,-0.209996,0.410714,0.477508,0.167864,0.49614,0.531763,-0.235554,0.410457,0.475942,0.144196,0.498756,0.529903,-0.22668,0.411316,0.465673,0.151687,0.494825,0.522741,-0.206369,0.406697,0.553409,0.075569,0.380816,0.55674,-0.075599,0.469313,0.581478,-0.120149,0.351953,0.689269,-0.117646,0.493653,0.714224,-0.073335,0.29399,0.780523,-0.070266,0.490198,0.741648,-0.071434,0.278644,0.784373,-0.06775,0.526895,0.720981,-0.126791,0.30888,0.828083,-0.163966
HA_Lat_14_6.13.26,148,965.6,496.66,0,965.6,496.66,0.9964,963.56,526.3,0.9937,0.432564,0.328538,-0.075138,0.428484,0.319219,-0.063838,0.427722,0.318907,-0.063969,0.426965,0.31856,-0.063936,0.427746,0.319509,-0.089668,0.4265,0.319455,-0.089846,0.425231,0.319303,-0.089937,0.418601,0.323158,-0.00577,0.416428,0.324638,-0.124062,0.431023,0.339647,-0.050367,0.430038,0.340036,-0.085643,0.41673,0.374857,0.077787,0.407072,0.389245,-0.182567,0.457754,0.372652,0.139187,0.456365,0.463475,-0.221994,0.483567,0.314905,0.117921,0.501855,0.487315,-0.209094,0.488336,0.298898,0.119821,0.513677,0.492072,-0.237999,0.486081,0.293527,0.098011,0.515616,0.482233,-0.227332,0.483642,0.299179,0.108326,0.511721,0.479415,-0.205493,0.418056,0.552274,0.075444,0.390553,0.557171,-0.075455,0.481544,0.584669,-0.02477,0.354585,0.687904,-0.114314,0.51791,0.710626,0.036987,0.298827,0.778539,-0.039795,0.515693,0.736151,0.040022,0.284328,0.779425,-0.033725,0.5521,0.705866,-0.011901,0.308842,0.828624,-0.100214
HA_Lat_14_6.13.26,149,986.0,462.0,0,987.47,454.58,0.9957,984.65,479.29,0.9943,0.441101,0.330357,-0.070553,0.436755,0.320927,-0.060254,0.435885,0.320622,-0.060387,0.435078,0.320311,-0.060345,0.435697,0.321024,-0.086674,0.434159,0.32089,-0.08686,0.432586,0.320721,-0.086965,0.426054,0.324372,-0.002823,0.423011,0.325634,-0.123721,0.438544,0.341257,-0.0455,0.43696,0.34163,-0.081747,0.426234,0.372539,0.082235,0.414633,0.384751,-0.180772,0.467103,0.357067,0.138337,0.46658,0.438416,-0.227939,0.494521,0.290987,0.107519,0.51284,0.443789,-0.222311,0.499109,0.274083,0.108701,0.525988,0.442289,-0.258153,0.498613,0.26972,0.086633,0.526448,0.43246,-0.231167,0.496766,0.276856,0.09746,0.521807,0.432629,-0.213282,0.430885,0.551668,0.075434,0.400517,0.558196,-0.075451,0.492823,0.591252,-0.005669,0.360408,0.686792,-0.114769,0.540135,0.703574,0.087328,0.305254,0.776666,-0.051843,0.539134,0.732206,0.09156,0.292241,0.77578,-0.047447,0.57194,0.696112,0.018347,0.308793,0.829218,-0.111848
HA_Lat_14_6.13.26,150,998.0,421.0,0,1009.85,419.31,0.9866,993.28,428.11,0.9946,0.449018,0.330114,-0.067293,0.444321,0.320684,-0.056491,0.443342,0.320437,-0.056625,0.442353,0.320178,-0.056581,0.443446,0.320672,-0.083403,0.441992,0.320557,-0.083598,0.440463,0.320416,-0.083714,0.432877,0.324483,0.001783,0.43063,0.325539,-0.121778,0.446611,0.341023,-0.042108,0.445388,0.341548,-0.079052,0.437113,0.372881,0.084179,0.422466,0.380297,-0.179864,0.47672,0.343207,0.132191,0.471875,0.399368,-0.242009,0.50615,0.278554,0.096267,0.517331,0.396402,-0.254235,0.511194,0.257533,0.096911,0.529286,0.393626,-0.29118,0.511042,0.254249,0.075514,0.529377,0.385781,-0.271701,0.509699,0.2618,0.086758,0.52586,0.386691,-0.248353,0.441454,0.551503,0.075195,0.410725,0.558863,-0.075213,0.503518,0.597039,0.024697,0.366467,0.686727,-0.120862,0.558706,0.69772,0.090335,0.312896,0.772743,-0.057924,0.558567,0.729498,0.091705,0.299755,0.768567,-0.054096,0.590115,0.68703,0.033628,0.308772,0.828723,-0.113666
HA_Lat_14_6.13.26,151,1006.0,382.0,0,1010.36,373.95,0.9876,1007.95,383.58,0.9939,0.453915,0.329785,-0.057217,0.449893,0.321064,-0.046924,0.448968,0.32102,-0.047074,0.448147,0.320954,-0.047031,0.448897,0.320683,-0.072704,0.447288,0.32052,-0.072906,0.445715,0.320351,-0.073029,0.440005,0.324869,0.009758,0.436303,0.325228,-0.108951,0.450605,0.340742,-0.032475,0.449514,0.340724,-0.068006,0.446335,0.369718,0.086471,0.426121,0.376503,-0.17306,0.484851,0.338919,0.124688,0.480703,0.367346,-0.235423,0.514926,0.273388,0.054295,0.524974,0.355164,-0.247147,0.52104,0.247992,0.047877,0.535568,0.352187,-0.280446,0.520576,0.244395,0.029023,0.534358,0.34366,-0.268124,0.519035,0.252749,0.043665,0.531253,0.343669,-0.243791,0.452699,0.551327,0.074165,0.419545,0.559443,-0.074232,0.51672,0.604701,0.071274,0.374822,0.686271,-0.120114,0.573831,0.695747,0.130858,0.321643,0.768582,-0.044557,0.572985,0.727875,0.131516,0.309921,0.762263,-0.039223,0.606109,0.687417,0.059327,0.309363,0.828561,-0.111608
HA_Lat_14_6.13.26,152,999.0,347.0,0,997.14,297.39,0.9677,995.74,299.29,0.9903,0.461242,0.330663,-0.099314,0.458241,0.322074,-0.086685,0.457762,0.322055,-0.086903,0.457342,0.321996,-0.086869,0.456337,0.321732,-0.11416,0.454512,0.321587,-0.114368,0.452625,0.321414,-0.114505,0.44884,0.326034,-0.015562,0.44383,0.326356,-0.142913,0.458738,0.342017,-0.069367,0.456608,0.341968,-0.107535,0.456469,0.372435,0.068546,0.425559,0.375393,-0.19872,0.492676,0.344615,0.106026,0.482762,0.342749,-0.294304,0.526293,0.301327,0.045437,0.518617,0.277122,-0.32635,0.534317,0.286103,0.042337,0.528356,0.258573,-0.365181,0.53322,0.284185,0.019628,0.526817,0.253773,-0.3512,0.530228,0.288929,0.0338,0.523901,0.258461,-0.323919,0.464956,0.551259,0.073155,0.429137,0.560503,-0.073237,0.52841,0.610306,0.088794,0.384199,0.685662,-0.104885,0.587266,0.696292,0.169206,0.330298,0.766488,-0.00304,0.587365,0.726526,0.172111,0.319585,0.760855,0.004343,0.617033,0.696093,0.097728,0.313225,0.825732,-0.073119
HA_Lat_14_6.13.26,153,994.49,302.51,0,994.8,301.07,0.9754,994.49,302.51,0.9817,0.466767,0.326568,-0.088958,0.464639,0.319462,-0.074259,0.464658,0.320017,-0.074445,0.464699,0.320488,-0.074405,0.461738,0.318221,-0.098997,0.459581,0.318094,-0.099211,0.45735,0.317962,-0.099348,0.45743,0.324868,0.000481,0.44842,0.323876,-0.113156,0.465208,0.338388,-0.058517,0.462079,0.337544,-0.093029,0.468058,0.374041,0.079274,0.430781,0.372995,-0.172372,0.499095,0.339048,0.10607,0.476032,0.326171,-0.263117,0.53026,0.273676,0.034185,0.517965,0.280098,-0.295049,0.53929,0.250976,0.027042,0.527824,0.264886,-0.331542,0.537174,0.245502,0.006838,0.527186,0.261949,-0.319938,0.53517,0.25468,0.02291,0.524141,0.266704,-0.293148,0.476648,0.551473,0.070776,0.440092,0.560756,-0.070912,0.53775,0.610776,0.098385,0.395159,0.685375,-0.095296,0.596299,0.697259,0.186125,0.338814,0.766138,0.006427,0.598488,0.725947,0.189958,0.330971,0.762344,0.013974,0.620312,0.704116,0.115588,0.319932,0.823124,-0.064851
HA_Lat_14_6.13.26,154,978.73,277.77,0,984.01,270.86,0.9894,978.73,277.77,0.9801,0.471567,0.328182,-0.088237,0.470406,0.320682,-0.073893,0.470663,0.321014,-0.074061,0.470781,0.321219,-0.074017,0.46785,0.31969,-0.095046,0.466378,0.319542,-0.095262,0.464147,0.319386,-0.095392,0.465335,0.325822,7.8e-05,0.456758,0.325093,-0.094416,0.470113,0.339601,-0.058105,0.466484,0.33864,-0.087496,0.477666,0.369945,0.075939,0.436877,0.37324,-0.138047,0.510614,0.329752,0.100768,0.469382,0.313484,-0.250296,0.53796,0.260735,0.025663,0.509757,0.257193,-0.300309,0.548035,0.239194,0.016578,0.518263,0.240435,-0.340004,0.548085,0.23325,-0.004423,0.51911,0.23693,-0.32785,0.542526,0.243767,0.014343,0.516947,0.244645,-0.299076,0.487566,0.55151,0.060267,0.451155,0.561466,-0.060441,0.545473,0.618973,0.080159,0.406103,0.684867,-0.086734,0.60602,0.702857,0.153173,0.350601,0.766841,0.017371,0.607769,0.728838,0.156372,0.344941,0.765174,0.025072,0.624014,0.718688,0.075572,0.33072,0.821714,-0.054924
HA_Lat_14_6.13.26,155,954.0,246.0,0,946.88,239.72,0.9882,962.65,247.38,0.9772,0.480806,0.323667,-0.039343,0.481341,0.319294,-0.022042,0.482454,0.32031,-0.022209,0.483505,0.321107,-0.022171,0.477375,0.31737,-0.041126,0.475673,0.317342,-0.041361,0.473822,0.317348,-0.041476,0.480024,0.326422,0.0548,0.467677,0.323498,-0.033817,0.481047,0.3369,-0.009257,0.476698,0.334144,-0.036091,0.487998,0.373006,0.119384,0.445088,0.369434,-0.074491,0.51978,0.327395,0.168016,0.470958,0.29296,-0.178688,0.5464,0.26,0.127261,0.501381,0.229053,-0.252614,0.555535,0.239396,0.125011,0.508149,0.211776,-0.296033,0.55561,0.2329,0.101901,0.509581,0.211246,-0.276998,0.550808,0.241253,0.116041,0.507976,0.218132,-0.25115,0.497082,0.551675,0.052035,0.460856,0.561991,-0.052266,0.553961,0.631438,0.04854,0.419985,0.684363,-0.07708,0.611509,0.717084,0.118438,0.36599,0.766903,0.02107,0.613552,0.741039,0.120029,0.361636,0.768418,0.027892,0.630363,0.747117,0.027206,0.343561,0.818404,-0.047792
HA_Lat_14_6.13.26,156,928.0,230.0,0,919.98,226.21,0.9591,942.72,227.34,0.9779,0.489659,0.317863,-0.055822,0.49258,0.316608,-0.048854,0.493963,0.318283,-0.048984,0.49524,0.319793,-0.048937,0.488299,0.313892,-0.072549,0.48652,0.314015,-0.072767,0.484531,0.314129,-0.072873,0.493161,0.326361,0.024527,0.478788,0.320141,-0.057082,0.489986,0.332517,-0.035174,0.484503,0.328441,-0.066408,0.498959,0.373369,0.098877,0.454405,0.366397,-0.075478,0.529118,0.334564,0.166995,0.464826,0.282309,-0.157988,0.550272,0.266606,0.158008,0.490998,0.210495,-0.21878,0.55782,0.246167,0.159989,0.494043,0.18962,-0.254602,0.556127,0.240599,0.137598,0.497204,0.189491,-0.24144,0.552014,0.246591,0.148431,0.49771,0.197931,-0.218042,0.507563,0.551805,0.046138,0.471952,0.563452,-0.046378,0.561571,0.644203,0.0486,0.431523,0.68557,-0.075945,0.613979,0.735446,0.136179,0.376498,0.767675,0.020306,0.610848,0.754819,0.140387,0.372535,0.769819,0.02686,0.643455,0.787717,0.044048,0.354716,0.817402,-0.048693
HA_Lat_14_6.13.26,157,900.0,225.0,0,892.98,216.5,0.9634,912.38,220.12,0.979,0.503632,0.323268,-0.098601,0.503758,0.322443,-0.077243,0.504358,0.324331,-0.077467,0.505002,0.326115,-0.077413,0.49989,0.318648,-0.090118,0.497488,0.31818,-0.09042,0.494966,0.317796,-0.090553,0.500457,0.331981,0.008152,0.486778,0.32191,-0.076487,0.502634,0.338146,-0.058886,0.497956,0.331805,-0.075433,0.509753,0.374756,0.085931,0.462069,0.3692,-0.081893,0.536982,0.343069,0.144115,0.456612,0.286174,-0.148908,0.555504,0.28932,0.147443,0.475195,0.203818,-0.191243,0.561718,0.269845,0.142006,0.477099,0.179606,-0.223132,0.559665,0.265924,0.115922,0.48182,0.178688,-0.213406,0.55702,0.273224,0.140853,0.482037,0.187727,-0.190926,0.518999,0.553023,0.042274,0.482305,0.566864,-0.042524,0.568961,0.654721,0.015179,0.446233,0.68753,-0.068292,0.614521,0.756396,0.100356,0.392178,0.768337,0.021111,0.611011,0.772398,0.103588,0.388989,0.774615,0.026094,0.638627,0.804991,0.005922,0.369936,0.814251,-0.059233
HA_Lat_14_6.13.26,158,869.02,239.09,0,869.02,239.09,0.9965,883.02,224.66,0.9767,0.50844,0.32493,-0.111194,0.509007,0.32294,-0.088863,0.50933,0.324619,-0.089114,0.509621,0.326203,-0.089071,0.505491,0.319629,-0.096325,0.503352,0.319153,-0.096648,0.501217,0.318659,-0.096793,0.505855,0.332622,0.00099,0.494948,0.32212,-0.078089,0.507415,0.338825,-0.07261,0.502528,0.333969,-0.080231,0.516437,0.376255,0.059144,0.468635,0.370842,-0.082899,0.545263,0.349156,0.05028,0.451547,0.29296,-0.159121,0.560746,0.296996,-0.061683,0.459909,0.208019,-0.210677,0.565558,0.284151,-0.082039,0.458236,0.184625,-0.240485,0.561882,0.281085,-0.101587,0.462141,0.179948,-0.233204,0.560017,0.286115,-0.072645,0.463915,0.189773,-0.210179,0.527941,0.555872,0.0363,0.491938,0.570863,-0.036554,0.574996,0.665607,0.01603,0.458073,0.690651,-0.047157,0.615122,0.771129,0.117102,0.40697,0.770478,0.071911,0.611382,0.787392,0.123826,0.404775,0.783542,0.079405,0.635564,0.815314,0.027211,0.384024,0.809475,-0.003557
HA_Lat_14_6.13.26,159,840.9,255.41,0,840.9,255.41,0.9963,855.99,247.43,0.9777,0.524836,0.328384,-0.101864,0.520557,0.325055,-0.078677,0.519978,0.326522,-0.078912,0.519453,0.32794,-0.078851,0.518791,0.322968,-0.095467,0.516888,0.323186,-0.095734,0.514929,0.323478,-0.095851,0.512911,0.334321,0.011912,0.506407,0.328202,-0.085918,0.522962,0.341615,-0.06373,0.520799,0.338321,-0.085241,0.523724,0.378007,0.071351,0.478587,0.372659,-0.105062,0.555127,0.359714,0.069337,0.446864,0.310031,-0.159774,0.568059,0.312998,-0.041324,0.44583,0.229101,-0.252796,0.572548,0.300707,-0.057756,0.444881,0.207005,-0.28953,0.568804,0.296291,-0.078804,0.447846,0.20044,-0.279662,0.567064,0.302609,-0.05368,0.449342,0.209371,-0.253241,0.536105,0.559336,0.043365,0.502501,0.574033,-0.043538,0.580909,0.673708,0.023126,0.471733,0.694543,-0.065714,0.614983,0.78063,0.141363,0.417385,0.774838,0.037143,0.610274,0.797323,0.146908,0.412799,0.788462,0.044244,0.633386,0.817496,0.054834,0.395585,0.809095,-0.035545
HA_Lat_14_6.13.26,160,820.3,309.46,0,820.3,309.46,0.9947,848.32,279.82,0.9791,0.533035,0.338472,-0.111543,0.529311,0.333077,-0.089301,0.528783,0.33383,-0.08955,0.528312,0.334702,-0.089499,0.527602,0.332182,-0.106867,0.525906,0.332427,-0.107114,0.524209,0.332739,-0.107236,0.522693,0.340281,0.010041,0.516249,0.337593,-0.094379,0.531057,0.350892,-0.075378,0.529273,0.349575,-0.09935,0.534055,0.387704,0.058235,0.487266,0.379445,-0.116907,0.567748,0.361864,0.062804,0.447248,0.329239,-0.190771,0.577152,0.325411,-0.02989,0.441832,0.259091,-0.294955,0.578652,0.314673,-0.042638,0.434598,0.239638,-0.33285,0.575358,0.309823,-0.062501,0.438114,0.231421,-0.327524,0.574415,0.315753,-0.041073,0.444964,0.238545,-0.297879,0.544368,0.564349,0.047503,0.513424,0.577375,-0.047651,0.585567,0.67819,0.061015,0.484006,0.69813,-0.082589,0.613041,0.781826,0.181653,0.427917,0.777342,0.016644,0.610042,0.801078,0.187821,0.422835,0.788875,0.023579,0.639335,0.813968,0.106874,0.404921,0.809386,-0.054886
HA_Lat_14_6.13.26,161,802.0,354.0,0,801.77,378.12,0.9921,825.95,304.23,0.9809,0.544785,0.347407,-0.11065,0.541179,0.339725,-0.089764,0.540942,0.34,-0.090016,0.540833,0.340362,-0.089963,0.538874,0.34018,-0.108067,0.536941,0.340912,-0.108322,0.535083,0.34165,-0.108463,0.535401,0.346459,0.009676,0.526554,0.348569,-0.094547,0.543858,0.360226,-0.076048,0.541746,0.360589,-0.101817,0.546563,0.398032,0.059646,0.50155,0.393206,-0.122344,0.571548,0.382073,0.182529,0.453297,0.357153,-0.197724,0.584307,0.353647,0.253996,0.430181,0.281697,-0.292264,0.588366,0.345114,0.274296,0.415406,0.272546,-0.323667,0.585699,0.33693,0.249,0.417245,0.268633,-0.318224,0.584045,0.344121,0.245651,0.42416,0.273669,-0.294421,0.555778,0.574245,0.051531,0.523574,0.585976,-0.051608,0.593077,0.68721,0.088008,0.494063,0.704915,-0.114514,0.615678,0.788779,0.20688,0.436299,0.778837,-0.008177,0.611853,0.809497,0.213952,0.430395,0.788852,0.000562,0.639933,0.817674,0.1549,0.414073,0.809803,-0.061261
HA_Lat_14_6.13.26,162,807.83,421.94,0,807.83,421.94,0.9942,815.91,393.29,0.9819,0.55656,0.352271,-0.128523,0.554128,0.344023,-0.114865,0.553948,0.344027,-0.115097,0.553917,0.344047,-0.115036,0.55167,0.344634,-0.134365,0.549644,0.34515,-0.134617,0.547501,0.345596,-0.134779,0.547875,0.348666,-0.040379,0.537964,0.351075,-0.135813,0.55481,0.365264,-0.098538,0.55268,0.366003,-0.126099,0.558268,0.403463,0.038915,0.510493,0.399941,-0.141186,0.575604,0.414615,0.211837,0.461471,0.403964,-0.227233,0.591096,0.39333,0.357834,0.424954,0.364154,-0.316015,0.595619,0.380029,0.390781,0.407746,0.35267,-0.343474,0.593224,0.375588,0.363716,0.407972,0.343472,-0.342577,0.591192,0.382858,0.350901,0.414863,0.349589,-0.320083,0.562398,0.579823,0.053769,0.532018,0.591571,-0.053758,0.599051,0.69188,0.138388,0.504192,0.709667,-0.114399,0.617527,0.791116,0.271542,0.44596,0.779451,0.020408,0.612464,0.80991,0.280575,0.43812,0.786665,0.031824,0.643304,0.819496,0.226997,0.424837,0.810145,-0.027695
HA_Lat_14_6.13.26,163,821.25,488.67,0,821.25,488.67,0.9957,815.78,476.06,0.9825,0.569271,0.355641,-0.124969,0.56572,0.346816,-0.109409,0.565077,0.346823,-0.109606,0.564548,0.346853,-0.109543,0.564032,0.347062,-0.128759,0.562145,0.347272,-0.129,0.560136,0.347366,-0.129142,0.55642,0.350758,-0.037937,0.549861,0.352343,-0.143212,0.566702,0.369018,-0.093821,0.564927,0.369092,-0.121086,0.563607,0.411469,0.038592,0.519681,0.407358,-0.15206,0.579807,0.445462,0.196737,0.474166,0.441167,-0.224374,0.598175,0.428678,0.316065,0.424885,0.440799,-0.310877,0.603664,0.41759,0.343243,0.408702,0.437272,-0.313444,0.602548,0.413191,0.315506,0.408055,0.430465,-0.329074,0.60024,0.417383,0.307405,0.41404,0.431142,-0.305016,0.568373,0.581763,0.057312,0.539419,0.594134,-0.05724,0.603464,0.690975,0.136836,0.515252,0.712527,-0.081406,0.619626,0.789832,0.270272,0.454747,0.77948,0.064626,0.613395,0.807927,0.280079,0.446967,0.780248,0.078007,0.643996,0.818559,0.238144,0.432166,0.811361,0.032666
HA_Lat_14_6.13.26,164,870.82,555.79,0,870.82,555.79,0.9957,856.02,551.95,0.9837,0.576697,0.357416,-0.087406,0.572961,0.348093,-0.077584,0.572354,0.348021,-0.077777,0.571848,0.347936,-0.077737,0.57135,0.348166,-0.099076,0.569583,0.348182,-0.099277,0.567601,0.348096,-0.099381,0.563551,0.351973,-0.026164,0.557968,0.353011,-0.132569,0.574703,0.369623,-0.064385,0.572606,0.369566,-0.094204,0.566803,0.414658,0.043709,0.530754,0.412315,-0.145615,0.580051,0.465168,0.192226,0.493758,0.470814,-0.199694,0.602387,0.463764,0.287086,0.445846,0.511069,-0.247783,0.611795,0.459394,0.310775,0.431689,0.518441,-0.260737,0.613855,0.450301,0.283317,0.428716,0.516256,-0.269979,0.610375,0.453298,0.278007,0.434482,0.51442,-0.251456,0.572607,0.58039,0.058604,0.544674,0.592672,-0.058517,0.606935,0.687407,0.12001,0.526652,0.713761,-0.099227,0.620134,0.789109,0.222651,0.464115,0.779238,0.053577,0.612706,0.807767,0.229085,0.455707,0.773865,0.06743,0.64564,0.819731,0.184697,0.443231,0.811502,-0.015044
HA_Lat_14_6.13.26,165,933.66,610.77,0,933.66,610.77,0.9944,921.37,613.26,0.9849,0.582976,0.356309,-0.088863,0.578685,0.347124,-0.078698,0.578042,0.347097,-0.078872,0.577437,0.347056,-0.078837,0.577463,0.347163,-0.099608,0.575884,0.347235,-0.099798,0.574179,0.347244,-0.099897,0.569461,0.351813,-0.025487,0.565331,0.352974,-0.129296,0.581621,0.368448,-0.065592,0.579949,0.368387,-0.094481,0.573142,0.416737,0.042147,0.540907,0.413601,-0.144461,0.581063,0.490614,0.062961,0.515638,0.497021,-0.165175,0.612251,0.496616,-0.016851,0.479883,0.567833,-0.18456,0.621924,0.500596,-0.024633,0.468187,0.579929,-0.202158,0.622955,0.490859,-0.046606,0.46701,0.581598,-0.216234,0.620812,0.489255,-0.028742,0.471779,0.578292,-0.191361,0.57658,0.579003,0.058572,0.548404,0.590507,-0.058517,0.611317,0.685288,0.114369,0.533682,0.715309,-0.119243,0.620182,0.788688,0.20677,0.472874,0.777762,0.010595,0.611748,0.806397,0.212135,0.465164,0.769117,0.025069,0.645612,0.818894,0.160608,0.450332,0.81157,-0.02895
HA_Lat_14_6.13.26,166,1014.35,644.69,0,1014.35,644.69,0.9924,1010.66,649.43,0.9862,0.588234,0.356197,-0.107026,0.58413,0.347064,-0.096989,0.583583,0.347048,-0.097126,0.583075,0.346908,-0.097093,0.582637,0.347176,-0.119105,0.581038,0.347369,-0.119286,0.579357,0.347519,-0.119389,0.574785,0.352333,-0.03911,0.570471,0.353672,-0.142073,0.586653,0.368377,-0.083374,0.584815,0.368349,-0.113492,0.576031,0.418703,0.036718,0.548544,0.418686,-0.16876,0.578536,0.498196,0.063539,0.537093,0.514558,-0.167882,0.595245,0.530854,0.008037,0.526387,0.601321,-0.217353,0.599026,0.538651,0.003282,0.520968,0.622139,-0.241144,0.599755,0.530342,-0.017384,0.524244,0.623922,-0.247514,0.598354,0.527331,-0.002314,0.527875,0.61755,-0.221426,0.579813,0.577964,0.059851,0.554894,0.588997,-0.059795,0.613269,0.682504,0.107727,0.542604,0.714151,-0.113654,0.620875,0.7895,0.186768,0.482107,0.775896,-0.010076,0.612959,0.807527,0.187483,0.473173,0.762854,-0.000805,0.646279,0.819124,0.136194,0.457153,0.811645,-0.045741
HA_Lat_14_6.13.26,167,1101.74,650.42,0,1101.74,650.42,0.9945,1096.61,653.06,0.9872,0.594193,0.355526,-0.123026,0.589308,0.346503,-0.114168,0.588353,0.346521,-0.114325,0.587496,0.346417,-0.114305,0.588803,0.346658,-0.136334,0.587554,0.346926,-0.1365,0.586295,0.347156,-0.136599,0.57934,0.352258,-0.06298,0.577374,0.353942,-0.164715,0.592044,0.367646,-0.101641,0.591268,0.367595,-0.131838,0.577414,0.416752,0.014319,0.558825,0.42356,-0.200936,0.575383,0.503231,0.05597,0.551157,0.516124,-0.223921,0.589212,0.563619,0.031665,0.57115,0.604681,-0.230967,0.593944,0.591934,0.03241,0.576824,0.626301,-0.256945,0.595802,0.586523,0.011359,0.58298,0.622669,-0.259403,0.594684,0.580355,0.02266,0.580574,0.615192,-0.234154,0.579842,0.577735,0.063549,0.557017,0.587927,-0.0635,0.614067,0.682037,0.14469,0.54944,0.71256,-0.118779,0.620507,0.789726,0.215076,0.488948,0.775227,-0.031214,0.612353,0.807197,0.216916,0.480824,0.760544,-0.022944,0.645599,0.818629,0.177748,0.465424,0.811744,-0.056142
HA_Lat_14_6.13.26,168,1156.85,625.77,0,1156.85,625.77,0.9887,1155.68,630.58,0.9868,0.600194,0.355253,-0.129542,0.596309,0.346114,-0.122002,0.595439,0.34616,-0.122158,0.594602,0.346101,-0.122124,0.595834,0.346216,-0.144233,0.594732,0.346467,-0.144411,0.593606,0.34668,-0.144525,0.586304,0.351786,-0.073904,0.585533,0.353497,-0.175886,0.59695,0.367502,-0.108341,0.596357,0.367323,-0.13868,0.577478,0.415861,0.005988,0.570738,0.421243,-0.21133,0.571433,0.511341,0.0494,0.573665,0.513956,-0.231263,0.580104,0.591857,0.024252,0.601917,0.583869,-0.218656,0.582293,0.610539,0.0249,0.611239,0.599451,-0.241803,0.58358,0.598304,0.004918,0.614398,0.592118,-0.238311,0.584639,0.596198,0.015719,0.611953,0.587978,-0.217088,0.57974,0.577204,0.064619,0.561327,0.585804,-0.064586,0.615394,0.680659,0.138561,0.555597,0.711386,-0.091051,0.621003,0.789313,0.215409,0.497977,0.773455,0.015914,0.61269,0.80651,0.218825,0.489919,0.759617,0.026647,0.646674,0.819869,0.183189,0.47878,0.811861,-0.001004
HA_Lat_14_6.13.26,169,1211.43,595.67,0,1211.43,595.67,0.9835,1206.65,599.34,0.9873,0.601562,0.355925,-0.055692,0.597727,0.346644,-0.048814,0.596769,0.346629,-0.04892,0.595832,0.346523,-0.048865,0.597876,0.346788,-0.070437,0.597157,0.34695,-0.070608,0.596491,0.347014,-0.070682,0.588788,0.351837,-0.010489,0.590282,0.35299,-0.109285,0.598281,0.36795,-0.036977,0.598445,0.367756,-0.066507,0.572122,0.414749,0.066515,0.581528,0.417833,-0.173795,0.566694,0.498676,0.078679,0.597467,0.506176,-0.171572,0.577093,0.572633,0.046152,0.628461,0.554948,-0.130847,0.578263,0.586814,0.045083,0.636908,0.566467,-0.151719,0.580976,0.583177,0.025743,0.639654,0.558922,-0.14231,0.581869,0.577767,0.037306,0.636955,0.555502,-0.126272,0.579419,0.572169,0.067653,0.563648,0.578559,-0.067659,0.61486,0.680039,0.127951,0.561126,0.710525,-0.10339,0.622071,0.789221,0.169124,0.504483,0.772688,-0.015604,0.613037,0.806406,0.170875,0.495346,0.761262,-0.006176,0.645039,0.820233,0.150888,0.485906,0.810465,-0.023598
HA_Lat_14_6.13.26,170,1253.07,576.37,0,1243.77,570.52,0.9831,1253.07,576.37,0.9814,0.609556,0.35552,-0.062289,0.604934,0.346301,-0.056053,0.604162,0.346305,-0.056026,0.603437,0.346224,-0.055899,0.604311,0.346422,-0.080406,0.603132,0.346597,-0.080517,0.601925,0.346694,-0.080553,0.596311,0.351507,-0.027895,0.594691,0.352689,-0.130435,0.608478,0.367559,-0.044909,0.607682,0.367377,-0.076827,0.58119,0.413831,0.057074,0.592489,0.416986,-0.180599,0.578154,0.497944,0.079886,0.621111,0.495328,-0.18461,0.57714,0.570839,0.03996,0.652639,0.533674,-0.141673,0.575618,0.588534,0.040205,0.65916,0.542596,-0.163424,0.57802,0.586021,0.020647,0.659695,0.537603,-0.15584,0.579767,0.578575,0.0316,0.65708,0.534626,-0.137935,0.582394,0.569518,0.068099,0.565166,0.57425,-0.068109,0.615007,0.678836,0.117891,0.565087,0.710395,-0.103056,0.621655,0.789931,0.17049,0.509766,0.771126,-0.001388,0.61292,0.807299,0.171497,0.501154,0.761213,0.010161,0.645467,0.821206,0.154372,0.488557,0.809782,-0.008742
HA_Lat_14_6.13.26,171,1287.74,549.6,0,1287.74,549.6,0.967,1289.51,556.04,0.9762,0.614461,0.355399,-0.069327,0.609959,0.345674,-0.060567,0.609264,0.345543,-0.060662,0.608662,0.345363,-0.06058,0.609093,0.345728,-0.082788,0.60775,0.345693,-0.082948,0.606415,0.345544,-0.083017,0.601694,0.350667,-0.015935,0.598661,0.352012,-0.115405,0.612523,0.367457,-0.047508,0.611912,0.367235,-0.077625,0.585604,0.409863,0.066224,0.60191,0.408998,-0.174409,0.57897,0.48979,0.090664,0.639076,0.47913,-0.181338,0.57782,0.564248,0.048431,0.671619,0.514854,-0.140331,0.575293,0.581156,0.047863,0.678513,0.527243,-0.165099,0.578094,0.58016,0.027502,0.678761,0.522678,-0.154538,0.580445,0.573467,0.039613,0.676611,0.519338,-0.136127,0.580627,0.565661,0.070009,0.566681,0.571617,-0.070011,0.614071,0.67829,0.117973,0.570638,0.708405,-0.102918,0.621094,0.788959,0.197191,0.516418,0.767773,0.003671,0.612422,0.807031,0.202104,0.505691,0.75813,0.015477,0.644887,0.820724,0.180011,0.498218,0.808934,-0.005898
HA_Lat_14_6.13.26,172,1320.45,525.59,0,1320.45,525.59,0.9774,1325.57,540.84,0.9772,0.619403,0.354832,-0.0563,0.613858,0.344481,-0.04618,0.612756,0.344246,-0.04629,0.611706,0.344031,-0.046213,0.613899,0.344668,-0.068542,0.612844,0.344636,-0.06872,0.611694,0.344497,-0.068803,0.60448,0.350254,0.004081,0.603813,0.351557,-0.097681,0.616935,0.366611,-0.033875,0.617149,0.366471,-0.064395,0.585499,0.404154,0.084779,0.609464,0.402994,-0.167667,0.576873,0.481339,0.11088,0.651458,0.469669,-0.179338,0.581809,0.543177,0.066268,0.690402,0.500782,-0.144108,0.580913,0.552279,0.067151,0.694806,0.516689,-0.170488,0.582687,0.551195,0.045657,0.69475,0.515211,-0.15962,0.586326,0.549898,0.057017,0.692811,0.509547,-0.13978,0.580624,0.561137,0.072367,0.568622,0.568681,-0.072399,0.613651,0.677789,0.1172,0.573065,0.704263,-0.102491,0.621066,0.788813,0.204841,0.518653,0.765172,0.002534,0.612194,0.806695,0.210789,0.509196,0.754927,0.013438,0.645586,0.820309,0.183686,0.502034,0.807874,-0.015824
HA_Lat_14_6.13.26,173,1346.0,510.0,0,1345.3,500.84,0.9451,1350.12,529.65,0.9779,0.622221,0.351808,-0.036101,0.616815,0.341877,-0.027755,0.615705,0.341586,-0.027865,0.614695,0.341379,-0.027796,0.617255,0.342411,-0.048127,0.616444,0.34251,-0.048306,0.615601,0.342539,-0.048393,0.608166,0.34823,0.014873,0.609217,0.34977,-0.078393,0.620443,0.363008,-0.016961,0.621027,0.363054,-0.044912,0.589333,0.397805,0.088378,0.617976,0.396418,-0.146168,0.575206,0.474768,0.120842,0.660868,0.46496,-0.170143,0.584979,0.535992,0.074457,0.703186,0.49042,-0.139761,0.584652,0.548027,0.076103,0.709307,0.504081,-0.166628,0.588559,0.548497,0.054894,0.710274,0.50338,-0.153787,0.590954,0.543791,0.066409,0.707705,0.498506,-0.135036,0.581018,0.557534,0.071626,0.57037,0.564351,-0.071664,0.613616,0.677304,0.112938,0.576342,0.698915,-0.101639,0.620819,0.788415,0.202499,0.523079,0.759411,0.005252,0.612884,0.8063,0.208902,0.513615,0.750058,0.01656,0.643868,0.820797,0.18189,0.506161,0.805469,-0.007771
HA_Lat_14_6.13.26,174,1360.04,504.7,0,1360.04,504.7,0.9725,1361.9,524.02,0.9795,0.626255,0.344211,-0.045982,0.620942,0.335485,-0.036076,0.620132,0.335436,-0.036205,0.619353,0.335428,-0.036134,0.62101,0.336355,-0.05774,0.620206,0.336939,-0.057935,0.619349,0.3374,-0.058038,0.612762,0.343864,0.013664,0.613324,0.346006,-0.085289,0.625643,0.355818,-0.02438,0.625886,0.35623,-0.054096,0.594481,0.391684,0.093769,0.622063,0.392668,-0.147147,0.577052,0.462896,0.156497,0.666949,0.46417,-0.179988,0.588439,0.524837,0.15315,0.709322,0.485205,-0.165086,0.588044,0.534324,0.162729,0.718768,0.496408,-0.194022,0.591046,0.531784,0.137519,0.72066,0.501031,-0.180154,0.59488,0.530848,0.144103,0.717464,0.495638,-0.160357,0.582853,0.554655,0.073548,0.57181,0.560849,-0.073586,0.614737,0.673448,0.112549,0.579528,0.692873,-0.090926,0.620491,0.788067,0.200559,0.525553,0.755617,0.014093,0.613198,0.806481,0.206555,0.517017,0.744399,0.025065,0.645611,0.820338,0.174245,0.508724,0.804632,-0.003072
HA_Lat_14_6.13.26,175,1367.68,500.52,0,1367.68,500.52,0.9645,1373.38,521.64,0.9813,0.629733,0.339868,-0.053492,0.624849,0.331254,-0.043637,0.624133,0.331349,-0.043787,0.623485,0.331499,-0.043715,0.624758,0.3321,-0.065491,0.623913,0.332856,-0.065701,0.623024,0.333521,-0.065831,0.61678,0.340436,0.009517,0.616957,0.342694,-0.091073,0.629186,0.351819,-0.030384,0.629246,0.352185,-0.060569,0.599374,0.385915,0.097187,0.624673,0.388213,-0.147701,0.576069,0.446971,0.219669,0.67243,0.463627,-0.181397,0.584635,0.520169,0.309418,0.715301,0.483003,-0.160285,0.583211,0.521434,0.334323,0.725508,0.479379,-0.18846,0.586386,0.51563,0.308897,0.724752,0.475881,-0.170822,0.589479,0.515521,0.30311,0.721875,0.479702,-0.154071,0.584165,0.551269,0.075368,0.57296,0.555871,-0.075379,0.616068,0.671324,0.119171,0.581695,0.685727,-0.089793,0.620402,0.787304,0.208836,0.52881,0.750767,0.022453,0.61293,0.806001,0.215524,0.519831,0.736905,0.034864,0.646353,0.819925,0.185544,0.513806,0.804473,0.009446
HA_Lat_14_6.13.26,176,1384.0,507.0,0,1372.68,496.37,0.963,1382.98,520.18,0.9827,0.633056,0.335536,-0.019033,0.627825,0.327309,-0.011179,0.626965,0.327757,-0.011321,0.626136,0.328563,-0.011242,0.628419,0.32778,-0.032524,0.627943,0.328721,-0.032749,0.627495,0.329435,-0.032879,0.62089,0.337831,0.030732,0.62302,0.338431,-0.067616,0.632516,0.348951,-0.000198,0.633171,0.348415,-0.029694,0.605333,0.38416,0.109835,0.630425,0.385272,-0.13435,0.583033,0.442654,0.215538,0.675807,0.460369,-0.16416,0.587905,0.508551,0.281382,0.720304,0.481652,-0.13127,0.585468,0.511727,0.30323,0.72976,0.468174,-0.158,0.58972,0.507375,0.278612,0.728026,0.46088,-0.139065,0.593491,0.506673,0.274499,0.725251,0.467663,-0.124435,0.584745,0.548852,0.075746,0.576895,0.553277,-0.075756,0.616856,0.67129,0.116855,0.58493,0.679882,-0.091711,0.619754,0.787629,0.205321,0.531275,0.744539,0.014436,0.611602,0.806214,0.211292,0.521371,0.733214,0.027893,0.646447,0.819939,0.176654,0.521274,0.803882,-0.007313
HA_Lat_14_6.13.26,177,1384.0,513.0,0,1375.26,501.91,0.9265,1384.92,518.02,0.9839,0.633564,0.326627,-0.011465,0.628384,0.321699,-0.004997,0.627727,0.322389,-0.00513,0.627098,0.323224,-0.005037,0.628799,0.322138,-0.024936,0.628482,0.323193,-0.025158,0.628229,0.324056,-0.025275,0.622111,0.33296,0.031014,0.625059,0.333492,-0.060527,0.633873,0.340084,0.005363,0.634454,0.339391,-0.022121,0.607689,0.382078,0.106102,0.635797,0.382233,-0.129417,0.585439,0.43934,0.176856,0.680192,0.456878,-0.151182,0.591631,0.504543,0.193363,0.721313,0.479649,-0.105796,0.589116,0.508671,0.20536,0.732266,0.467968,-0.131214,0.594023,0.50742,0.181988,0.731688,0.460299,-0.113115,0.597642,0.505581,0.185161,0.72827,0.466959,-0.098987,0.58642,0.546146,0.075188,0.580779,0.551158,-0.075205,0.61561,0.670801,0.116033,0.587433,0.674355,-0.078199,0.618988,0.787059,0.203296,0.534426,0.737411,0.027494,0.610663,0.806041,0.209326,0.523853,0.727834,0.039466,0.646272,0.819553,0.178212,0.528184,0.799637,0.014498
HA_Lat_14_6.13.26,178,1383.66,519.66,0,1381.14,515.48,0.936,1383.66,519.66,0.9848,0.638177,0.325871,0.027974,0.633234,0.319761,0.034992,0.632427,0.32048,0.034874,0.631669,0.321316,0.034962,0.633737,0.319935,0.014277,0.6334,0.320844,0.014067,0.633123,0.321597,0.013963,0.626119,0.330581,0.067531,0.629271,0.330171,-0.026701,0.637656,0.339365,0.043377,0.638528,0.338581,0.01499,0.609913,0.379792,0.134476,0.638751,0.377981,-0.106542,0.590001,0.437415,0.182976,0.68033,0.451321,-0.129112,0.59364,0.501842,0.17639,0.720654,0.481165,-0.078428,0.590426,0.510321,0.18636,0.732219,0.473003,-0.102107,0.596414,0.506739,0.164046,0.733168,0.464786,-0.084074,0.597694,0.504485,0.168152,0.729215,0.470739,-0.07129,0.589366,0.541238,0.075871,0.583606,0.546046,-0.075897,0.614961,0.668367,0.110508,0.59208,0.669284,-0.079851,0.618261,0.786606,0.180902,0.537187,0.731485,0.006007,0.609213,0.806223,0.185857,0.525826,0.723058,0.016535,0.64665,0.820058,0.159536,0.534948,0.795099,0.009661
HA_Lat_14_6.13.26,179,1381.2,525.91,0,1377.27,529.54,0.9608,1381.2,525.91,0.9826,0.640042,0.323905,0.062395,0.635008,0.317212,0.06824,0.634286,0.317897,0.068139,0.633617,0.318582,0.06821,0.635746,0.317316,0.048519,0.635548,0.318074,0.048321,0.63535,0.318964,0.048238,0.628279,0.327463,0.091158,0.631845,0.326621,0.001249,0.639625,0.337678,0.074049,0.640928,0.336762,0.047004,0.611365,0.377957,0.148663,0.642079,0.375132,-0.087298,0.594992,0.439512,0.188456,0.682984,0.449287,-0.111679,0.596875,0.500707,0.173782,0.719374,0.486953,-0.058392,0.595121,0.516957,0.181769,0.728667,0.487883,-0.079414,0.601267,0.511696,0.162052,0.730266,0.481421,-0.065037,0.602699,0.513614,0.16611,0.726331,0.483533,-0.05244,0.591612,0.538843,0.075999,0.587968,0.543575,-0.076028,0.615451,0.667954,0.100468,0.596758,0.667232,-0.0896,0.618025,0.786418,0.169332,0.540378,0.724002,0.000941,0.608524,0.806516,0.17423,0.528539,0.716729,0.011994,0.647155,0.82014,0.149452,0.541704,0.788567,-0.003728
HA_Lat_14_6.13.26,180,1371.43,539.67,0,1371.43,539.67,0.9671,1374.26,531.67,0.9827,0.643375,0.323827,0.065568,0.638067,0.316269,0.072969,0.637175,0.316862,0.072866,0.636351,0.31745,0.072937,0.638726,0.316367,0.052046,0.638394,0.316965,0.051861,0.638085,0.317576,0.051785,0.630283,0.325973,0.101291,0.633585,0.324742,0.006118,0.642455,0.337573,0.079066,0.643699,0.336688,0.050472,0.611712,0.376397,0.159106,0.643758,0.372656,-0.082852,0.595661,0.440309,0.194338,0.683705,0.448491,-0.113184,0.59873,0.502849,0.170843,0.71576,0.49229,-0.068564,0.597851,0.51817,0.177263,0.723216,0.503909,-0.090956,0.603833,0.512542,0.157788,0.726706,0.498972,-0.077517,0.604406,0.511848,0.16299,0.722678,0.49711,-0.063064,0.594611,0.537518,0.076574,0.591016,0.542104,-0.076611,0.615507,0.667623,0.099169,0.601911,0.666305,-0.094641,0.617734,0.78604,0.168942,0.543018,0.717633,-0.004577,0.60774,0.806405,0.17369,0.531003,0.710231,0.006137,0.646258,0.820145,0.147651,0.546157,0.778754,-0.009426
HA_Lat_14_6.13.26,181,1361.76,541.14,0,1361.76,541.14,0.9383,1367.3,540.34,0.9836,0.645344,0.323121,0.078707,0.640114,0.314528,0.084614,0.639207,0.31507,0.084529,0.63828,0.315509,0.084599,0.640937,0.314354,0.065308,0.640638,0.31492,0.065112,0.640405,0.315234,0.065039,0.632636,0.323542,0.106353,0.636747,0.321591,0.017927,0.644343,0.336698,0.089748,0.645531,0.335445,0.063195,0.613694,0.374525,0.160269,0.648452,0.370582,-0.071391,0.594724,0.436837,0.205895,0.68311,0.447961,-0.103222,0.59954,0.501482,0.207708,0.712134,0.500313,-0.064624,0.598659,0.513891,0.2182,0.71711,0.517704,-0.085448,0.604255,0.50938,0.200105,0.719279,0.516018,-0.072889,0.60609,0.509208,0.201089,0.71655,0.511551,-0.059397,0.594858,0.533023,0.075895,0.595499,0.537754,-0.075934,0.615614,0.666382,0.092551,0.606605,0.663057,-0.109444,0.617624,0.785914,0.149731,0.545788,0.710829,-0.032635,0.606689,0.805972,0.153202,0.534036,0.700624,-0.023535,0.64548,0.819847,0.132333,0.547583,0.76796,-0.03475
HA_Lat_14_6.13.26,182,1347.0,551.0,0,1342.37,543.05,0.9331,1354.74,547.9,0.9845,0.647475,0.319469,0.077768,0.641791,0.310947,0.084738,0.640916,0.311556,0.084658,0.640081,0.31209,0.084734,0.642653,0.310591,0.065283,0.642378,0.311328,0.065089,0.642176,0.311624,0.065014,0.634866,0.321401,0.111034,0.638703,0.318786,0.022233,0.646812,0.333746,0.090533,0.648131,0.332132,0.063833,0.615586,0.373518,0.167152,0.650548,0.368214,-0.065429,0.599159,0.437727,0.202969,0.680631,0.447771,-0.09672,0.599209,0.499825,0.191923,0.705594,0.507313,-0.057862,0.597707,0.512265,0.200421,0.709723,0.525962,-0.078314,0.601126,0.513628,0.182102,0.71133,0.52594,-0.066046,0.603916,0.510596,0.1849,0.708416,0.520971,-0.05265,0.595703,0.528384,0.075455,0.598932,0.532576,-0.0755,0.614858,0.666356,0.083101,0.609492,0.661614,-0.113084,0.618169,0.786334,0.128186,0.54889,0.703163,-0.028468,0.606821,0.805793,0.130067,0.537205,0.693938,-0.018828,0.646607,0.819778,0.102349,0.54822,0.757462,-0.03398
HA_Lat_14_6.13.26,183,1347.0,551.0,0,1338.53,552.07,0.9845,1342.66,556.66,0.9848,0.649361,0.318873,0.091255,0.643812,0.310513,0.09741,0.642847,0.311172,0.097336,0.641901,0.311842,0.097392,0.644815,0.309849,0.078369,0.644601,0.310228,0.078178,0.644416,0.310323,0.078116,0.636789,0.319906,0.117957,0.640918,0.317043,0.030631,0.648276,0.332747,0.10169,0.649709,0.330815,0.0755,0.616977,0.373325,0.172942,0.65329,0.367994,-0.061012,0.599773,0.434827,0.229117,0.678328,0.449145,-0.104302,0.60117,0.498818,0.249038,0.6993,0.515429,-0.076424,0.598369,0.513096,0.262727,0.701782,0.536948,-0.096137,0.602316,0.513703,0.246131,0.702605,0.53823,-0.084846,0.605264,0.509569,0.243405,0.700905,0.531543,-0.071672,0.596181,0.526312,0.07589,0.601539,0.529564,-0.075947,0.615464,0.666328,0.079929,0.614997,0.660437,-0.11863,0.618569,0.786784,0.111141,0.552024,0.694627,-0.041262,0.60721,0.806407,0.111296,0.540408,0.683258,-0.032465,0.648372,0.819614,0.088566,0.547685,0.748286,-0.040881
HA_Lat_14_6.13.26,184,1332.35,567.2,0,1328.7,562.95,0.9796,1332.35,567.2,0.9842,0.651052,0.318922,0.109818,0.645526,0.310393,0.116101,0.644624,0.311125,0.11603,0.643726,0.311847,0.116066,0.646665,0.309591,0.097151,0.646586,0.309854,0.096966,0.646531,0.30987,0.096908,0.638618,0.318962,0.134219,0.643152,0.316347,0.04713,0.650123,0.332483,0.119114,0.651833,0.330852,0.093039,0.618646,0.373439,0.185541,0.654752,0.366702,-0.049585,0.60399,0.43561,0.240584,0.675394,0.449807,-0.105659,0.606225,0.497914,0.263324,0.69393,0.525181,-0.090332,0.604541,0.5113,0.277378,0.696135,0.545997,-0.110593,0.609029,0.511172,0.262087,0.696983,0.54653,-0.098862,0.61192,0.508051,0.258156,0.695643,0.540851,-0.085621,0.597048,0.524893,0.076491,0.606807,0.528555,-0.07656,0.61674,0.665485,0.078992,0.620123,0.659866,-0.130328,0.618591,0.787075,0.091398,0.555069,0.685208,-0.069698,0.607234,0.806526,0.089407,0.544997,0.668884,-0.062355,0.649292,0.819426,0.069703,0.545429,0.739105,-0.064715
HA_Lat_14_6.13.26,185,1322.23,572.91,0,1320.44,569.49,0.9808,1322.23,572.91,0.9817,0.651403,0.319333,0.16186,0.645959,0.310286,0.165892,0.644998,0.310966,0.165825,0.644044,0.311636,0.165854,0.647265,0.3095,0.149302,0.647246,0.30967,0.149156,0.647271,0.309618,0.149124,0.638497,0.319487,0.167567,0.64432,0.31613,0.091676,0.65056,0.332229,0.164825,0.65222,0.330637,0.142045,0.619075,0.374388,0.198567,0.657333,0.366909,-0.019987,0.60267,0.437745,0.220292,0.673832,0.453801,-0.079586,0.602065,0.515062,0.221717,0.688662,0.530472,-0.057633,0.600256,0.53271,0.231715,0.690255,0.551554,-0.075162,0.604716,0.532652,0.217503,0.691078,0.552249,-0.062295,0.607482,0.526379,0.21635,0.689887,0.54682,-0.052416,0.597465,0.524629,0.076096,0.611207,0.529833,-0.076162,0.618046,0.662615,0.083272,0.626412,0.660205,-0.125603,0.618618,0.786854,0.093313,0.558503,0.67632,-0.085287,0.607136,0.806237,0.091018,0.550001,0.654806,-0.079865,0.649073,0.819243,0.076981,0.546069,0.727063,-0.077132
HA_Lat_14_6.13.26,186,1312.41,578.2,0,1309.69,573.93,0.9684,1312.41,578.2,0.9799,0.655195,0.318611,0.127534,0.649505,0.309415,0.134048,0.648574,0.31003,0.133979,0.647591,0.310658,0.134015,0.650334,0.308835,0.115288,0.650059,0.309057,0.115117,0.649817,0.309099,0.115054,0.642391,0.317672,0.150571,0.646302,0.315987,0.065133,0.654797,0.331449,0.136259,0.655676,0.330227,0.110645,0.622654,0.372557,0.1976,0.659056,0.367652,-0.035449,0.605275,0.438275,0.228793,0.672521,0.45862,-0.085986,0.603666,0.513319,0.233712,0.683546,0.53537,-0.05477,0.60124,0.528282,0.245929,0.684855,0.5548,-0.070222,0.605901,0.5272,0.232555,0.685121,0.555935,-0.058342,0.608968,0.524456,0.228724,0.684306,0.550432,-0.049276,0.599385,0.524222,0.076609,0.615321,0.529351,-0.076689,0.617176,0.658782,0.085902,0.634054,0.658536,-0.121523,0.61791,0.786752,0.073266,0.564432,0.666867,-0.098905,0.606698,0.806048,0.067822,0.555522,0.645417,-0.095717,0.647766,0.819057,0.05215,0.546467,0.717408,-0.092337
HA_Lat_14_6.13.26,187,1303.43,583.78,0,1290.89,570.91,0.9067,1303.43,583.78,0.9634,0.655344,0.319426,0.186805,0.650334,0.310055,0.191559,0.64935,0.310593,0.191473,0.648361,0.311116,0.191488,0.651522,0.309359,0.174353,0.651415,0.309438,0.174212,0.651332,0.309337,0.174186,0.643061,0.317651,0.193305,0.648141,0.315054,0.115242,0.654156,0.331672,0.189602,0.655449,0.330169,0.166169,0.622668,0.369573,0.216798,0.659027,0.366693,0.000327,0.605609,0.439924,0.22519,0.669652,0.459623,-0.062346,0.606305,0.516598,0.215401,0.67887,0.540538,-0.030776,0.603757,0.542493,0.224997,0.680256,0.559007,-0.044074,0.608271,0.543066,0.211255,0.680227,0.559927,-0.032324,0.610848,0.536487,0.209915,0.679333,0.554574,-0.025636,0.601219,0.524892,0.076448,0.618278,0.529626,-0.076563,0.617359,0.656003,0.087197,0.640871,0.656815,-0.119653,0.618189,0.786629,0.062301,0.569017,0.659392,-0.13712,0.606847,0.805981,0.056165,0.560521,0.635097,-0.138806,0.647302,0.819241,0.043491,0.547707,0.707892,-0.135737
HA_Lat_14_6.13.26,188,1297.65,582.53,0,1288.28,571.25,0.906,1297.65,582.53,0.9544,0.659347,0.320005,0.1411,0.65364,0.309956,0.147535,0.652433,0.310433,0.147446,0.651233,0.310941,0.147465,0.655005,0.309188,0.128404,0.654864,0.309171,0.128255,0.654755,0.308995,0.128216,0.645419,0.316373,0.162238,0.650831,0.314431,0.07561,0.65774,0.331989,0.149121,0.659309,0.330489,0.123141,0.624136,0.368016,0.202305,0.660429,0.365759,-0.024481,0.609235,0.440017,0.219618,0.667378,0.461669,-0.076667,0.6095,0.519542,0.205631,0.67586,0.53938,-0.039488,0.6091,0.538032,0.214674,0.676454,0.557246,-0.052208,0.613707,0.53539,0.199713,0.676437,0.558061,-0.041953,0.614723,0.534001,0.199572,0.675577,0.552734,-0.034474,0.602962,0.525614,0.07628,0.621097,0.53039,-0.076394,0.618749,0.65385,0.087721,0.647831,0.654116,-0.117427,0.61828,0.786546,0.065393,0.5732,0.652847,-0.134753,0.606887,0.805826,0.059587,0.565444,0.628601,-0.135907,0.647366,0.819106,0.049666,0.549602,0.700879,-0.130074
HA_Lat_14_6.13.26,189,1292.95,580.07,0,1283.05,568.31,0.8928,1292.95,580.07,0.95,0.659721,0.320686,0.146347,0.654287,0.310345,0.152321,0.653186,0.310633,0.152226,0.652079,0.31097,0.152242,0.655491,0.309764,0.133831,0.655357,0.309675,0.133691,0.655264,0.309425,0.133666,0.645992,0.315402,0.164174,0.65147,0.314267,0.080549,0.658333,0.332298,0.153354,0.659741,0.331042,0.128257,0.624718,0.365088,0.201481,0.661326,0.365247,-0.020132,0.611672,0.443392,0.215629,0.665548,0.461058,-0.069931,0.612012,0.520605,0.200339,0.673409,0.537104,-0.029539,0.611862,0.538929,0.209777,0.673951,0.555332,-0.041169,0.615661,0.537705,0.193174,0.674181,0.555821,-0.031405,0.616272,0.538169,0.193866,0.673186,0.550424,-0.024579,0.6054,0.527054,0.076075,0.624408,0.531932,-0.076179,0.621143,0.653621,0.089861,0.653146,0.652809,-0.117056,0.618609,0.786442,0.075537,0.578727,0.646751,-0.13312,0.607086,0.805715,0.070081,0.571017,0.621397,-0.134419,0.647602,0.819031,0.06419,0.55522,0.690633,-0.122721
HA_Lat_14_6.13.26,190,1282.09,572.64,0,1282.09,572.64,0.9176,1288.84,578.57,0.9506,0.662592,0.320515,0.112398,0.657727,0.310394,0.116915,0.65648,0.310554,0.11681,0.655231,0.310758,0.116833,0.659106,0.310081,0.098252,0.658943,0.310043,0.098091,0.658804,0.309822,0.09805,0.649086,0.314706,0.131589,0.654971,0.314281,0.045933,0.66029,0.33124,0.120199,0.661968,0.330514,0.094825,0.626972,0.359662,0.179316,0.663056,0.364731,-0.04379,0.615999,0.443428,0.201638,0.664572,0.460798,-0.087965,0.61939,0.518193,0.165413,0.671269,0.535715,-0.048559,0.619954,0.534734,0.171418,0.672707,0.555446,-0.06042,0.62557,0.53188,0.157449,0.673151,0.555836,-0.052604,0.625978,0.531084,0.159208,0.67184,0.550391,-0.044094,0.608116,0.528237,0.075915,0.627087,0.532968,-0.076009,0.623625,0.653714,0.089739,0.65921,0.65158,-0.113538,0.618279,0.786394,0.064952,0.583589,0.641259,-0.125606,0.606908,0.805653,0.058501,0.575787,0.619354,-0.126783,0.64784,0.818936,0.051949,0.561537,0.686361,-0.115343
HA_Lat_14_6.13.26,191,1279.44,569.3,0,1279.44,569.3,0.9387,1286.49,576.52,0.9526,0.662618,0.31928,0.100105,0.658282,0.309304,0.104742,0.657073,0.309391,0.104639,0.655847,0.309522,0.104663,0.659841,0.30922,0.086209,0.659882,0.309256,0.086039,0.65994,0.309092,0.085997,0.649671,0.313548,0.120391,0.656391,0.313189,0.035135,0.660667,0.329597,0.108353,0.66263,0.329261,0.083129,0.62683,0.359223,0.170698,0.665081,0.364095,-0.051805,0.618483,0.440181,0.190136,0.664676,0.460514,-0.096003,0.62298,0.51563,0.158701,0.670045,0.533818,-0.061335,0.623462,0.532228,0.164954,0.672141,0.553718,-0.074164,0.627587,0.530419,0.15068,0.67296,0.554437,-0.066603,0.628542,0.527456,0.152405,0.67121,0.548669,-0.057118,0.610235,0.529024,0.075644,0.630798,0.533757,-0.075762,0.626366,0.654,0.084222,0.663728,0.649355,-0.11194,0.61817,0.786344,0.05862,0.588101,0.639377,-0.127996,0.606824,0.805628,0.05255,0.58037,0.616353,-0.129487,0.647636,0.818921,0.047189,0.567528,0.686273,-0.117789
HA_Lat_14_6.13.26,192,1278.01,561.29,0,1278.01,561.29,0.9345,1284.67,573.37,0.9399,0.664898,0.315757,0.081724,0.660449,0.305544,0.085481,0.659054,0.305319,0.085363,0.657673,0.305146,0.085369,0.662129,0.305943,0.06662,0.661997,0.305932,0.066459,0.661864,0.305706,0.066446,0.650761,0.309434,0.100928,0.657153,0.309183,0.015148,0.662198,0.326153,0.09016,0.664077,0.326114,0.064752,0.627352,0.358018,0.157091,0.6656,0.36201,-0.059359,0.619322,0.440501,0.170272,0.665175,0.460041,-0.10023,0.624375,0.519253,0.134811,0.669101,0.530902,-0.048573,0.624936,0.537589,0.140167,0.670335,0.551771,-0.057171,0.62857,0.536542,0.125228,0.670467,0.553044,-0.051988,0.629424,0.530648,0.128083,0.669942,0.54691,-0.044733,0.612837,0.529749,0.075513,0.634361,0.534577,-0.075626,0.627947,0.653802,0.087756,0.668698,0.645404,-0.102851,0.618267,0.786283,0.081737,0.593405,0.637471,-0.103799,0.607174,0.805467,0.077468,0.584194,0.615228,-0.102767,0.647914,0.818851,0.068474,0.572301,0.687886,-0.101175
HA_Lat_14_6.13.26,193,1278.57,554.87,0,1278.57,554.87,0.967,1283.53,569.96,0.9065,0.665793,0.313607,0.072544,0.661491,0.30319,0.073738,0.660098,0.302737,0.073614,0.658733,0.302441,0.073625,0.663455,0.303683,0.056273,0.663492,0.303628,0.056109,0.663555,0.303367,0.056096,0.652054,0.306509,0.084146,0.659413,0.306025,0.004047,0.662982,0.323622,0.079178,0.665033,0.323502,0.0556,0.627742,0.356659,0.138452,0.666219,0.359548,-0.061643,0.622804,0.440567,0.147526,0.665849,0.459542,-0.091267,0.627205,0.520651,0.105633,0.668504,0.52774,-0.020973,0.628365,0.535854,0.109023,0.668744,0.547806,-0.025851,0.633427,0.536422,0.095165,0.667875,0.549301,-0.022914,0.632104,0.532014,0.099192,0.668337,0.542416,-0.017628,0.616055,0.530316,0.07466,0.637473,0.535174,-0.074805,0.629871,0.654095,0.094096,0.674114,0.642753,-0.098979,0.618477,0.786201,0.090511,0.599054,0.635511,-0.092645,0.607177,0.805396,0.08656,0.588928,0.612486,-0.089392,0.64764,0.819019,0.07701,0.579038,0.686229,-0.061075
HA_Lat_14_6.13.26,194,1280.73,554.67,0,1280.73,554.67,0.924,1282.66,568.26,0.8459,0.666831,0.3128,0.035445,0.663077,0.302124,0.039971,0.661806,0.301614,0.039847,0.660679,0.301024,0.039874,0.664268,0.302565,0.021663,0.663869,0.302397,0.021491,0.663464,0.302038,0.021458,0.654396,0.304075,0.064221,0.658201,0.303536,-0.018555,0.664278,0.322557,0.04828,0.66572,0.322383,0.023447,0.628369,0.355037,0.128412,0.667161,0.35672,-0.078774,0.624411,0.443635,0.145312,0.669173,0.459475,-0.095936,0.629967,0.520923,0.109644,0.668054,0.526165,-0.020048,0.632033,0.535327,0.114026,0.667649,0.545355,-0.024277,0.635286,0.535963,0.099122,0.665703,0.547635,-0.021966,0.634535,0.531985,0.102881,0.666725,0.540519,-0.016894,0.61857,0.530716,0.074614,0.640125,0.535654,-0.074757,0.632096,0.653881,0.100021,0.678789,0.640984,-0.094925,0.619039,0.786119,0.096953,0.603625,0.635912,-0.087869,0.607175,0.804822,0.0936,0.592628,0.613724,-0.085569,0.647267,0.819167,0.079088,0.585144,0.689513,-0.045065
HA_Lat_14_6.13.26,195,1282.6,556.93,0,1282.6,556.93,0.9227,1281.91,566.58,0.776,0.669857,0.311051,0.025192,0.666427,0.300096,0.029756,0.66528,0.299509,0.029634,0.664147,0.298923,0.029667,0.667243,0.300429,0.011445,0.666759,0.300186,0.011271,0.666282,0.29977,0.011228,0.657706,0.300618,0.054893,0.660391,0.300403,-0.027678,0.666879,0.320933,0.038616,0.668163,0.320677,0.013705,0.629352,0.353732,0.117531,0.668284,0.354244,-0.08471,0.624832,0.44456,0.1341,0.672066,0.46026,-0.092478,0.63084,0.51908,0.099584,0.667661,0.524608,-0.00445,0.63239,0.534803,0.1033,0.667276,0.542876,-0.006488,0.635401,0.534771,0.089316,0.664426,0.544491,-0.005758,0.635487,0.529817,0.093091,0.665652,0.538117,-0.001763,0.621336,0.530896,0.073826,0.642517,0.53591,-0.073988,0.63348,0.652964,0.103514,0.683078,0.639423,-0.086597,0.619637,0.785368,0.10006,0.606963,0.639248,-0.058376,0.607193,0.803355,0.096709,0.595913,0.61855,-0.053812,0.64721,0.81934,0.080715,0.593091,0.695945,-0.023585
HA_Lat_14_6.13.26,196,,,1,1281.7,538.14,0.9039,1281.32,559.05,0.7056,0.673146,0.310148,0.018337,0.669182,0.298925,0.023109,0.667971,0.29832,0.02298,0.666811,0.297744,0.023018,0.66986,0.299238,0.003749,0.669198,0.298942,0.003576,0.668548,0.298485,0.003527,0.660155,0.299161,0.049685,0.662349,0.299138,-0.037399,0.669523,0.319755,0.032429,0.670646,0.319382,0.006165,0.631407,0.351745,0.111728,0.6693,0.352561,-0.093321,0.624947,0.44457,0.132277,0.674588,0.460184,-0.088489,0.630205,0.517247,0.099833,0.667354,0.517637,0.015935,0.629508,0.535426,0.103872,0.666481,0.534246,0.016087,0.634335,0.533112,0.089699,0.662885,0.534986,0.01576,0.633049,0.52908,0.093315,0.66441,0.526727,0.018543,0.623781,0.53099,0.073812,0.643264,0.535678,-0.073972,0.635918,0.65296,0.107794,0.686931,0.63784,-0.082307,0.620429,0.784328,0.103042,0.611839,0.643807,-0.030428,0.60729,0.80105,0.098731,0.59988,0.625835,-0.023188,0.647231,0.819334,0.096455,0.601257,0.701888,0.003899
HA_Lat_14_6.13.26,197,,,1,1276.23,536.04,0.8947,1281.96,545.82,0.6469,0.674477,0.306293,0.020148,0.670238,0.295413,0.025506,0.669021,0.294923,0.025383,0.667877,0.294476,0.025426,0.670986,0.295722,0.005896,0.670391,0.295456,0.005718,0.669817,0.295016,0.005671,0.661667,0.296106,0.053797,0.664047,0.296115,-0.034325,0.671193,0.316383,0.034821,0.67241,0.316011,0.008228,0.633926,0.349698,0.115501,0.670927,0.350417,-0.091007,0.627719,0.444479,0.137887,0.677504,0.457911,-0.077784,0.63315,0.508096,0.105908,0.66769,0.505388,0.030686,0.631666,0.531869,0.109955,0.666404,0.519731,0.03131,0.63523,0.531033,0.095889,0.662796,0.518133,0.030969,0.635026,0.526799,0.099443,0.664329,0.510306,0.033348,0.626548,0.530341,0.073798,0.646109,0.534803,-0.073961,0.638981,0.653019,0.106279,0.690447,0.636093,-0.0845,0.621155,0.783803,0.102915,0.617637,0.649177,-0.039452,0.60755,0.799252,0.099171,0.604034,0.632857,-0.033298,0.647027,0.819561,0.096209,0.608094,0.706511,-0.0132
HA_Lat_14_6.13.26,198,,,1,1281.18,528.05,0.8425,1283.69,532.42,0.5872,0.675929,0.29997,0.02847,0.671189,0.289427,0.033473,0.669934,0.289057,0.033357,0.668786,0.2888,0.0334,0.672068,0.289642,0.013828,0.67151,0.289387,0.013646,0.670989,0.288981,0.013599,0.662806,0.291657,0.059178,0.665416,0.291171,-0.029173,0.672862,0.310653,0.042199,0.674164,0.310382,0.01556,0.636843,0.346655,0.119324,0.672114,0.347968,-0.08804,0.627968,0.444552,0.146364,0.679622,0.456578,-0.060622,0.633316,0.506532,0.122193,0.668587,0.49298,0.059127,0.633761,0.528278,0.127562,0.666475,0.504786,0.061975,0.636397,0.529111,0.113132,0.66283,0.501498,0.061892,0.636215,0.524416,0.115829,0.664316,0.497964,0.062074,0.629295,0.527646,0.073787,0.648114,0.531805,-0.073949,0.640641,0.651927,0.103582,0.694271,0.634926,-0.087682,0.622067,0.783691,0.101108,0.620849,0.653652,-0.041911,0.608047,0.79864,0.0982,0.606872,0.63342,-0.035563,0.646846,0.819904,0.094405,0.61623,0.707277,-0.018392
HA_Lat_14_6.13.26,199,,,1,1288.35,511.48,0.8103,1285.76,527.83,0.5335,0.678386,0.298419,0.024275,0.673252,0.28822,0.028115,0.671702,0.2879,0.028,0.670361,0.287624,0.028047,0.674483,0.288333,0.008106,0.673982,0.288073,0.007919,0.673539,0.287636,0.007873,0.663934,0.290647,0.050763,0.66786,0.289924,-0.038979,0.674444,0.309367,0.037325,0.676158,0.308647,0.010252,0.638705,0.345201,0.11112,0.673581,0.347142,-0.091496,0.632342,0.444343,0.139232,0.68263,0.455998,-0.064978,0.638701,0.496103,0.114938,0.669668,0.488734,0.051591,0.636351,0.521851,0.11947,0.667316,0.496272,0.053367,0.639781,0.515448,0.10593,0.66301,0.493149,0.052498,0.640055,0.514334,0.108807,0.664557,0.491156,0.054112,0.63229,0.525667,0.073615,0.650221,0.529105,-0.073774,0.641639,0.651365,0.103224,0.69778,0.632655,-0.085505,0.622724,0.783721,0.101085,0.626869,0.655806,-0.024294,0.608465,0.798493,0.098187,0.612541,0.647953,-0.016126,0.646711,0.819866,0.093581,0.623988,0.714825,0.004521
HA_Lat_14_6.13.26,200,,,1,1288.24,514.76,0.8241,1288.85,524.52,0.4886,0.680875,0.298823,0.017751,0.67621,0.288262,0.022523,0.674966,0.288008,0.022414,0.673869,0.287732,0.022466,0.676519,0.288306,0.002265,0.675605,0.288067,0.002077,0.674742,0.287625,0.002032,0.667124,0.290575,0.049573,0.668072,0.289822,-0.041307,0.676621,0.310079,0.03248,0.677617,0.309239,0.00502,0.641239,0.345697,0.113428,0.674463,0.347013,-0.093092,0.636026,0.442665,0.14708,0.685058,0.454529,-0.065606,0.642392,0.495958,0.119128,0.671273,0.485667,0.051759,0.643313,0.518054,0.124826,0.667894,0.491366,0.052991,0.645737,0.514094,0.111756,0.663888,0.488465,0.052134,0.646633,0.507791,0.113106,0.665398,0.487236,0.054226,0.634864,0.524371,0.073623,0.651545,0.527421,-0.073778,0.642796,0.651448,0.104312,0.70096,0.631383,-0.086094,0.622422,0.783321,0.1135,0.633024,0.669806,-0.004174,0.608347,0.797669,0.112439,0.618075,0.669142,0.006419,0.646327,0.819797,0.108755,0.634336,0.729475,0.026449
HA_Lat_14_6.13.26,201,,,1,1295.63,498.24,0.8042,1298.57,506.0,0.4484,0.682217,0.299252,0.02025,0.67742,0.288728,0.024691,0.676262,0.288416,0.02458,0.675218,0.28804,0.024628,0.677557,0.288876,0.004228,0.676587,0.288661,0.004034,0.67562,0.28823,0.003988,0.668493,0.290688,0.050022,0.668717,0.29022,-0.041899,0.678333,0.310244,0.034297,0.679124,0.309367,0.006593,0.643352,0.345472,0.113943,0.675856,0.346466,-0.094862,0.64102,0.439866,0.151329,0.687943,0.452855,-0.066663,0.649746,0.47963,0.13604,0.676338,0.468514,0.054708,0.649883,0.498864,0.143557,0.676543,0.473511,0.056951,0.652148,0.495691,0.131918,0.670582,0.465849,0.056646,0.652853,0.489899,0.130737,0.669407,0.466033,0.057482,0.637078,0.523031,0.073651,0.655135,0.524601,-0.073801,0.644349,0.651756,0.093822,0.703637,0.630768,-0.083447,0.622376,0.781976,0.087205,0.639305,0.685054,-0.020311,0.608399,0.796641,0.084457,0.623425,0.688802,-0.012418,0.645921,0.819765,0.075371,0.649134,0.74249,0.000311
HA_Lat_14_6.13.26,202,,,1,1300.27,485.71,0.8033,1305.17,499.89,0.412,0.684682,0.299609,0.018607,0.680661,0.28873,0.022178,0.679402,0.28838,0.02207,0.678224,0.287933,0.022114,0.680877,0.288797,0.001219,0.679875,0.288493,0.001026,0.678926,0.287978,0.000981,0.670857,0.289704,0.045502,0.671498,0.289307,-0.048932,0.67988,0.310308,0.032176,0.680645,0.309453,0.003796,0.643401,0.345888,0.109025,0.676517,0.346197,-0.101778,0.644173,0.43851,0.146874,0.690451,0.451462,-0.074085,0.654097,0.474944,0.131734,0.679778,0.462863,0.033408,0.65382,0.494712,0.137433,0.681663,0.470826,0.033404,0.656184,0.491429,0.124943,0.67656,0.464304,0.033675,0.656693,0.486007,0.125831,0.674787,0.462505,0.036132,0.64011,0.52248,0.073749,0.657532,0.523723,-0.073894,0.644615,0.651558,0.093134,0.706249,0.630787,-0.084387,0.622807,0.781757,0.08885,0.645606,0.698064,-0.027175,0.608677,0.796708,0.08625,0.630607,0.703963,-0.020024,0.645885,0.820054,0.075673,0.658104,0.756728,-0.010694
HA_Lat_14_6.13.26,203,,,1,1311.88,477.74,0.7697,1322.03,469.92,0.3835,0.68638,0.298871,0.019297,0.681942,0.288151,0.021943,0.680679,0.287804,0.021834,0.679523,0.287389,0.021874,0.682532,0.288421,0.000815,0.681748,0.288222,0.000613,0.681033,0.287846,0.00056,0.672581,0.289486,0.041437,0.674487,0.289476,-0.053853,0.681743,0.309646,0.031542,0.683056,0.308977,0.002948,0.645584,0.345274,0.104234,0.678287,0.345437,-0.110778,0.646838,0.43436,0.142451,0.694745,0.450049,-0.07538,0.666259,0.443403,0.133118,0.688555,0.435111,0.035223,0.671495,0.445339,0.139349,0.689672,0.430202,0.03696,0.673401,0.441655,0.126513,0.687401,0.4226,0.036918,0.672632,0.439512,0.127095,0.684543,0.424029,0.038033,0.642893,0.522594,0.074014,0.660683,0.523953,-0.074149,0.645616,0.651332,0.093357,0.709369,0.631854,-0.084754,0.622871,0.780405,0.073682,0.650597,0.716727,-0.080436,0.608983,0.794634,0.069333,0.636882,0.726421,-0.079886,0.645833,0.819888,0.057002,0.667331,0.774305,-0.086005
HA_Lat_14_6.13.26,204,,,1,1312.38,462.58,0.6436,1325.53,462.32,0.3602,0.68789,0.299067,0.022022,0.682751,0.288591,0.024621,0.681367,0.288232,0.024513,0.680098,0.287802,0.024553,0.683418,0.288895,0.002895,0.682604,0.288713,0.002693,0.681877,0.28835,0.002643,0.67312,0.290039,0.044437,0.675202,0.290098,-0.053771,0.68344,0.309785,0.034311,0.68473,0.309125,0.005027,0.64659,0.34621,0.106141,0.679976,0.345803,-0.11163,0.651851,0.435052,0.128978,0.698149,0.449405,-0.07786,0.669872,0.441614,0.094075,0.690381,0.428072,0.034372,0.674937,0.440644,0.094679,0.691444,0.416401,0.034822,0.676344,0.436601,0.08399,0.687997,0.414345,0.032917,0.675484,0.435124,0.087589,0.686927,0.416701,0.036372,0.645776,0.523058,0.074125,0.664158,0.524465,-0.074254,0.646453,0.651493,0.08655,0.711764,0.632859,-0.076835,0.623123,0.780375,0.061349,0.658375,0.733361,-0.078001,0.61037,0.793146,0.056786,0.644675,0.744218,-0.077414,0.644487,0.819863,0.038265,0.68192,0.787338,-0.089011
HA_Lat_14_6.13.26,205,,,1,1328.43,458.06,0.5326,1329.33,464.2,0.3401,0.690744,0.298965,0.01464,0.685316,0.288334,0.016584,0.68397,0.287936,0.016468,0.682777,0.287477,0.01651,0.685515,0.28881,-0.005616,0.684402,0.288703,-0.00582,0.683376,0.288397,-0.00587,0.675532,0.289989,0.034745,0.676165,0.290468,-0.065225,0.686363,0.309718,0.026649,0.687149,0.309247,-0.003356,0.648392,0.346022,0.098585,0.680422,0.346154,-0.119747,0.65258,0.433121,0.133249,0.700909,0.449318,-0.088774,0.669028,0.450511,0.162335,0.69236,0.429813,0.025673,0.673436,0.453888,0.173833,0.693667,0.425253,0.026727,0.675342,0.451267,0.160941,0.689187,0.415789,0.02667,0.674822,0.448693,0.15676,0.688773,0.417761,0.028411,0.648478,0.523343,0.074245,0.667181,0.524957,-0.074369,0.648039,0.651636,0.08796,0.714035,0.633987,-0.071634,0.623559,0.780172,0.073362,0.668437,0.749218,-0.070501,0.611509,0.792513,0.069943,0.654899,0.762298,-0.068669,0.644265,0.819584,0.054644,0.696996,0.795887,-0.079961
HA_Lat_14_6.13.26,206,,,1,1333.79,454.4,0.5358,1333.68,454.04,0.3179,0.691839,0.299078,-0.00595,0.687233,0.288373,-0.003788,0.686046,0.287984,-0.003909,0.684981,0.287524,-0.00387,0.686984,0.289015,-0.026138,0.685773,0.289008,-0.02635,0.684622,0.288786,-0.026408,0.677396,0.290493,0.017708,0.677095,0.291204,-0.082755,0.687831,0.310019,0.007497,0.688213,0.309769,-0.022727,0.650561,0.346816,0.086527,0.681828,0.346637,-0.131939,0.65605,0.433229,0.136543,0.703359,0.449182,-0.112395,0.676643,0.430062,0.185671,0.694623,0.420408,0.009613,0.681566,0.427227,0.198818,0.69479,0.406892,0.016738,0.683252,0.423499,0.185444,0.690769,0.405216,0.012925,0.682596,0.423015,0.180239,0.690597,0.408324,0.011707,0.650508,0.523575,0.074238,0.669351,0.525327,-0.07436,0.649981,0.651749,0.077248,0.715369,0.63481,-0.065297,0.624574,0.780112,0.058694,0.678291,0.765387,-0.064688,0.611747,0.792209,0.055431,0.667339,0.782276,-0.067056,0.643908,0.818929,0.037322,0.708653,0.800474,-0.071045
HA_Lat_14_6.13.26,207,,,1,1340.22,457.67,0.6052,1336.92,452.86,0.2995,0.693886,0.299318,-0.002387,0.689753,0.288623,-0.000843,0.688709,0.288189,-0.000955,0.687651,0.287683,-0.000916,0.689477,0.289307,-0.022587,0.688362,0.289318,-0.022796,0.687217,0.289137,-0.022853,0.679458,0.290665,0.018342,0.679003,0.29172,-0.079535,0.690308,0.310292,0.010348,0.690487,0.310231,-0.019098,0.652003,0.347306,0.085109,0.683862,0.34729,-0.127937,0.657706,0.43071,0.14067,0.705159,0.449004,-0.111468,0.679305,0.423996,0.195292,0.696312,0.419319,0.008729,0.684074,0.420969,0.208924,0.696277,0.405439,0.010806,0.685466,0.417159,0.195927,0.69245,0.400342,0.009577,0.685037,0.416992,0.190198,0.69245,0.407474,0.011139,0.652621,0.523698,0.073929,0.671762,0.525542,-0.074041,0.651672,0.651707,0.076784,0.716012,0.637314,-0.062569,0.625244,0.779216,0.060343,0.687852,0.781438,-0.06285,0.611809,0.790401,0.057375,0.678833,0.804322,-0.063113,0.643628,0.818823,0.040533,0.71994,0.808632,-0.077706
HA_Lat_14_6.13.26,208,,,1,1345.19,450.15,0.6033,1335.04,450.06,0.2798,0.695651,0.299842,0.002292,0.69157,0.289196,0.003632,0.690438,0.288786,0.003522,0.689311,0.288299,0.003566,0.691357,0.289857,-0.017996,0.690199,0.289873,-0.018202,0.689026,0.289695,-0.018258,0.681057,0.291223,0.021671,0.680733,0.292255,-0.075702,0.691479,0.310859,0.01469,0.691801,0.310788,-0.0146,0.655281,0.347691,0.084771,0.68528,0.347803,-0.122937,0.660351,0.431476,0.143778,0.707394,0.449053,-0.106988,0.677501,0.433188,0.178748,0.695334,0.416718,0.014762,0.681412,0.432872,0.190042,0.694882,0.402342,0.017318,0.682436,0.428887,0.177593,0.691075,0.39681,0.016579,0.682293,0.42781,0.173538,0.691106,0.405571,0.01719,0.654933,0.523851,0.072639,0.674131,0.525848,-0.072734,0.653028,0.651801,0.078215,0.715824,0.641794,-0.060176,0.625534,0.778523,0.065606,0.699494,0.792158,-0.065093,0.612181,0.789742,0.063042,0.691086,0.816916,-0.065672,0.64287,0.818813,0.048371,0.734033,0.812719,-0.085532
HA_Lat_14_6.13.26,209,,,1,1346.82,440.69,0.6046,1337.73,451.54,0.261,0.69779,0.299535,0.004445,0.693422,0.289137,0.006703,0.692367,0.288749,0.006593,0.691355,0.288284,0.006639,0.692967,0.289848,-0.015671,0.6917,0.289907,-0.015877,0.690412,0.289762,-0.015929,0.682975,0.291482,0.027185,0.682032,0.292526,-0.0736,0.693896,0.310688,0.017555,0.693955,0.310876,-0.012711,0.658425,0.347925,0.089449,0.686406,0.348177,-0.120874,0.662109,0.434072,0.145693,0.709807,0.44911,-0.104489,0.678641,0.442889,0.169767,0.696735,0.418096,0.019613,0.681919,0.444781,0.179809,0.695426,0.408414,0.022514,0.682812,0.440316,0.167234,0.691495,0.403252,0.02263,0.682803,0.438736,0.164279,0.691871,0.407543,0.022422,0.657981,0.524032,0.07216,0.676436,0.526132,-0.072251,0.654296,0.651863,0.074759,0.714516,0.647251,-0.058448,0.62605,0.777896,0.058669,0.709598,0.798519,-0.066614,0.612538,0.789051,0.055856,0.702421,0.826335,-0.067486,0.642822,0.818823,0.040164,0.745718,0.813998,-0.089711
HA_Lat_14_6.13.26,210,,,1,1353.18,449.5,0.5792,1341.84,448.99,0.2463,0.70008,0.299937,-0.008521,0.696216,0.289537,-0.007232,0.695281,0.289165,-0.00735,0.694335,0.28872,-0.007308,0.695688,0.290197,-0.029562,0.694504,0.290239,-0.029768,0.693284,0.290071,-0.029829,0.685558,0.291945,0.012493,0.684567,0.292893,-0.087911,0.696269,0.311079,0.004831,0.696293,0.311165,-0.025433,0.660492,0.348015,0.075899,0.688722,0.348389,-0.131341,0.663443,0.434264,0.138707,0.713467,0.449148,-0.118217,0.679809,0.438145,0.165858,0.698876,0.415729,-0.002594,0.682813,0.437828,0.174641,0.697544,0.403317,-0.00059,0.683511,0.432471,0.161602,0.693372,0.402253,-0.00164,0.683652,0.431239,0.159891,0.693931,0.405896,-0.000438,0.660546,0.524621,0.071351,0.679215,0.527014,-0.071441,0.656305,0.65189,0.077094,0.713615,0.654081,-0.052663,0.626974,0.777573,0.066683,0.719506,0.805418,-0.056485,0.613113,0.788413,0.06408,0.713478,0.834806,-0.058377,0.64252,0.818818,0.047898,0.755457,0.811149,-0.078939
HA_Lat_14_6.13.26,211,,,1,1355.49,462.79,0.6598,1349.29,453.37,0.2352,0.702499,0.300247,0.001751,0.698697,0.289885,0.003906,0.697704,0.289524,0.00379,0.696695,0.289093,0.003831,0.698372,0.290516,-0.017873,0.697271,0.290551,-0.018077,0.696147,0.290377,-0.018136,0.68786,0.292332,0.02333,0.687573,0.293178,-0.075443,0.698964,0.311381,0.014736,0.69902,0.311462,-0.014785,0.663565,0.349739,0.084204,0.691074,0.348646,-0.122936,0.666038,0.437731,0.146468,0.716272,0.449273,-0.115058,0.683333,0.443777,0.189056,0.702754,0.419783,0.010839,0.686134,0.44403,0.202175,0.701581,0.410387,0.013089,0.686998,0.43859,0.190038,0.69881,0.406425,0.012631,0.687191,0.437432,0.184375,0.698126,0.409777,0.013236,0.664532,0.525256,0.0703,0.682655,0.527304,-0.070378,0.657685,0.65286,0.079312,0.712419,0.662635,-0.054292,0.626745,0.776841,0.071524,0.726926,0.810458,-0.057042,0.613318,0.787359,0.071533,0.723089,0.841899,-0.058647,0.641519,0.817802,0.057835,0.764095,0.810558,-0.082401
HA_Lat_14_6.13.26,212,,,1,1361.59,474.83,0.812,1358.38,452.74,0.2303,0.705226,0.302691,0.002292,0.701664,0.291654,0.003967,0.700727,0.29121,0.00384,0.69975,0.290725,0.003878,0.701387,0.292384,-0.017949,0.700356,0.292406,-0.018155,0.69929,0.29226,-0.018218,0.691121,0.292776,0.023224,0.690689,0.293975,-0.075731,0.70164,0.313638,0.015389,0.701836,0.314694,-0.014347,0.667064,0.351984,0.084931,0.693543,0.349969,-0.120246,0.673934,0.441509,0.147159,0.719913,0.450138,-0.111084,0.688746,0.446871,0.181586,0.707492,0.419208,0.010686,0.691116,0.447303,0.193645,0.706079,0.40626,0.012106,0.691909,0.441482,0.18185,0.703158,0.404166,0.012191,0.692086,0.440416,0.176957,0.702485,0.407691,0.01323,0.668657,0.52755,0.06954,0.685866,0.529867,-0.069618,0.660089,0.653676,0.080358,0.712852,0.668562,-0.052045,0.627302,0.776135,0.080955,0.731196,0.813003,-0.051892,0.613313,0.78511,0.081738,0.728044,0.843855,-0.053196,0.641448,0.81757,0.068993,0.767646,0.810544,-0.076504
HA_Lat_14_6.13.26,213,,,1,1361.35,493.17,0.8606,1369.35,455.41,0.2197,0.707427,0.307251,0.005472,0.704401,0.295241,0.008195,0.703425,0.294681,0.008075,0.702349,0.294084,0.008116,0.704258,0.295967,-0.013225,0.703292,0.295898,-0.013427,0.702269,0.29569,-0.013486,0.693231,0.294684,0.02844,0.693228,0.296096,-0.069802,0.703466,0.318164,0.018282,0.703832,0.31934,-0.01042,0.668609,0.356401,0.090006,0.696074,0.352791,-0.117717,0.676932,0.443447,0.147088,0.722877,0.451133,-0.10754,0.696435,0.44278,0.161276,0.713205,0.42168,0.016175,0.697754,0.430153,0.170158,0.712086,0.411034,0.01808,0.697704,0.42886,0.161399,0.708022,0.407247,0.018211,0.698195,0.430698,0.157058,0.708086,0.410562,0.018926,0.672585,0.530201,0.069284,0.689657,0.532796,-0.069373,0.663286,0.655091,0.072022,0.714496,0.674212,-0.050616,0.627259,0.77498,0.062716,0.734682,0.815798,-0.048177,0.613268,0.783454,0.061248,0.731132,0.847224,-0.048943,0.641361,0.817635,0.046874,0.771389,0.816312,-0.073333
HA_Lat_14_6.13.26,214,,,1,1366.0,492.65,0.8121,1375.16,456.45,0.2119,0.710491,0.308359,0.007713,0.707031,0.296494,0.010284,0.706051,0.295998,0.010159,0.705056,0.295478,0.0102,0.706763,0.297198,-0.011617,0.705684,0.297184,-0.01182,0.704602,0.297055,-0.011875,0.695885,0.296155,0.031054,0.695486,0.297732,-0.06843,0.70685,0.319624,0.02079,0.70701,0.320717,-0.008514,0.672389,0.360934,0.092194,0.698203,0.355589,-0.116039,0.681119,0.449623,0.144993,0.725784,0.452659,-0.099736,0.699741,0.445382,0.146395,0.716229,0.422637,0.022028,0.702534,0.437426,0.154146,0.715377,0.409654,0.023897,0.702855,0.437171,0.144356,0.711306,0.40466,0.024327,0.702747,0.437569,0.141681,0.710555,0.411115,0.024847,0.676932,0.532644,0.069156,0.692259,0.535143,-0.069245,0.665971,0.656799,0.073265,0.717297,0.67677,-0.048658,0.627837,0.773347,0.077426,0.736724,0.817957,-0.048831,0.613389,0.781034,0.077858,0.731817,0.84819,-0.049697,0.641506,0.817718,0.069245,0.775616,0.825206,-0.077326
HA_Lat_14_6.13.26,215,,,1,1382.27,484.22,0.8112,1383.49,460.88,0.1999,0.713486,0.310988,0.008584,0.710009,0.298835,0.011291,0.709018,0.29837,0.011164,0.708041,0.297886,0.011205,0.709726,0.299466,-0.011223,0.708623,0.299438,-0.011421,0.707522,0.299317,-0.011467,0.698804,0.298272,0.032923,0.69834,0.299932,-0.06759,0.709721,0.322649,0.022236,0.709854,0.323362,-0.007726,0.676409,0.365097,0.093905,0.700426,0.35861,-0.115172,0.688517,0.454791,0.122101,0.728932,0.454265,-0.095804,0.708959,0.446824,0.074622,0.720568,0.426736,0.023315,0.712576,0.440831,0.07507,0.719722,0.414338,0.024884,0.712784,0.438543,0.064866,0.71546,0.408576,0.025091,0.711944,0.4422,0.068534,0.715389,0.413222,0.026031,0.6818,0.536115,0.069053,0.696629,0.538451,-0.069147,0.669248,0.658972,0.075358,0.719941,0.67892,-0.049102,0.628232,0.772279,0.08428,0.73871,0.82052,-0.049538,0.613798,0.778673,0.084666,0.732804,0.848978,-0.04975,0.642182,0.817897,0.07573,0.778724,0.833952,-0.077704
HA_Lat_14_6.13.26,216,,,1,1403.43,487.42,0.861,1390.13,463.52,0.191,0.716338,0.314103,0.003139,0.712956,0.301595,0.005012,0.711919,0.301131,0.004875,0.710894,0.300682,0.004916,0.712688,0.302178,-0.017432,0.711561,0.30212,-0.017629,0.710427,0.301992,-0.017667,0.70177,0.300729,0.026892,0.701476,0.302471,-0.072983,0.712434,0.32559,0.017227,0.712663,0.326107,-0.012792,0.680187,0.367137,0.088486,0.702581,0.361514,-0.115476,0.694229,0.457332,0.111647,0.732631,0.456705,-0.096149,0.714972,0.448801,0.067405,0.724028,0.42919,0.02037,0.717157,0.44618,0.068093,0.723233,0.416875,0.02078,0.717135,0.443162,0.058433,0.719028,0.41099,0.021559,0.715915,0.442391,0.06166,0.719102,0.415121,0.023299,0.68632,0.538754,0.068375,0.701006,0.541327,-0.068484,0.673223,0.661375,0.07344,0.723233,0.680748,-0.040841,0.629378,0.771079,0.065989,0.740809,0.822776,-0.042663,0.614496,0.776375,0.064133,0.734141,0.849444,-0.043266,0.643177,0.818239,0.052595,0.778134,0.8375,-0.074158
HA_Lat_14_6.13.26,217,,,1,1397.03,480.92,0.8554,1396.34,465.15,0.1814,0.719894,0.313699,-0.015341,0.716033,0.301348,-0.013338,0.715048,0.300898,-0.013489,0.714062,0.300458,-0.013452,0.715593,0.30192,-0.036393,0.714418,0.301869,-0.036588,0.713249,0.301742,-0.036626,0.704872,0.300893,0.011037,0.704434,0.302663,-0.091703,0.716321,0.325133,-0.000224,0.716187,0.325562,-0.031161,0.683323,0.36649,0.07365,0.704734,0.362383,-0.128101,0.694892,0.456962,0.102289,0.733662,0.45777,-0.106024,0.717599,0.449638,0.065167,0.727259,0.430699,0.008757,0.721807,0.449356,0.067,0.726478,0.418644,0.010433,0.722385,0.446251,0.055224,0.722241,0.41202,0.010014,0.721431,0.444799,0.058778,0.722456,0.415718,0.011147,0.690403,0.540313,0.068425,0.705399,0.543029,-0.068534,0.678262,0.663536,0.097461,0.727957,0.681689,-0.03841,0.631612,0.768538,0.11074,0.742139,0.823247,-0.034673,0.616166,0.773356,0.111257,0.733449,0.849609,-0.03459,0.644238,0.818048,0.105277,0.779445,0.840724,-0.064068
HA_Lat_14_6.13.26,218,,,1,1400.08,475.12,0.8297,1404.75,465.43,0.1737,0.722934,0.313546,-0.021155,0.719347,0.301199,-0.018789,0.718335,0.30076,-0.018936,0.717291,0.300322,-0.018898,0.719187,0.301757,-0.042313,0.718171,0.301709,-0.042511,0.717136,0.301581,-0.042547,0.708245,0.301006,0.008075,0.70854,0.30275,-0.096025,0.719054,0.325131,-0.005193,0.719186,0.325502,-0.036541,0.686454,0.366788,0.072522,0.706748,0.363005,-0.131929,0.701355,0.456083,0.068648,0.737777,0.45793,-0.107426,0.72176,0.448377,-0.019621,0.731641,0.43095,0.010073,0.726593,0.447902,-0.026905,0.731142,0.418498,0.012772,0.726341,0.443308,-0.035422,0.727728,0.411674,0.01098,0.725052,0.442629,-0.026403,0.727592,0.415136,0.012232,0.695276,0.541443,0.06755,0.709281,0.543885,-0.067683,0.683067,0.665545,0.067026,0.732182,0.681566,-0.028579,0.634439,0.76726,0.037359,0.742577,0.821454,-0.01878,0.618499,0.770572,0.032944,0.733536,0.847492,-0.018228,0.64445,0.818063,0.015542,0.779012,0.842556,-0.044395
HA_Lat_14_6.13.26,219,,,1,1413.79,478.89,0.7613,1408.35,462.3,0.1635,0.726558,0.313274,-0.012508,0.722686,0.301068,-0.009793,0.721682,0.300637,-0.009929,0.720647,0.300201,-0.00989,0.72243,0.301611,-0.033049,0.721365,0.301566,-0.033247,0.720284,0.301436,-0.033286,0.711307,0.30107,0.016077,0.711448,0.3028,-0.086322,0.722904,0.324966,0.003102,0.722879,0.325289,-0.027889,0.690479,0.367245,0.079109,0.709013,0.363228,-0.126942,0.703377,0.459649,0.065768,0.740065,0.458063,-0.10138,0.72028,0.453572,-0.036253,0.733515,0.428059,0.029437,0.724873,0.451054,-0.045918,0.732925,0.414095,0.033609,0.724738,0.445233,-0.053226,0.729385,0.405612,0.030934,0.723305,0.445543,-0.042994,0.729656,0.412393,0.031718,0.697748,0.542148,0.067275,0.712986,0.543821,-0.06742,0.688641,0.667597,0.06102,0.736267,0.680851,-0.034127,0.637619,0.766256,0.040571,0.743218,0.822279,-0.026631,0.621457,0.768117,0.037544,0.733869,0.84775,-0.025884,0.644692,0.818183,0.023837,0.779461,0.844722,-0.048855
HA_Lat_14_6.13.26,220,,,1,1415.93,481.67,0.7677,1413.2,463.31,0.1517,0.729562,0.313835,-0.009871,0.726108,0.301204,-0.007377,0.725067,0.300744,-0.007515,0.724009,0.300264,-0.007476,0.725856,0.30172,-0.030771,0.724747,0.301629,-0.030966,0.723612,0.301444,-0.031,0.714173,0.30116,0.018646,0.714154,0.302813,-0.084646,0.725431,0.325542,0.005729,0.725572,0.325764,-0.025409,0.694398,0.367151,0.080534,0.712073,0.363111,-0.124681,0.705127,0.458209,0.064469,0.743197,0.457908,-0.100104,0.725536,0.457647,-0.035405,0.736042,0.428987,0.03183,0.730234,0.456011,-0.04393,0.735495,0.415888,0.036431,0.729725,0.450415,-0.051586,0.731809,0.407621,0.033594,0.728185,0.450604,-0.042041,0.730752,0.414807,0.034074,0.701048,0.543185,0.066857,0.716306,0.543934,-0.06702,0.694108,0.668946,0.052704,0.739637,0.681322,-0.033669,0.641134,0.764569,0.023434,0.743754,0.82225,-0.028831,0.624782,0.76441,0.019495,0.733805,0.847661,-0.028304,0.645157,0.81831,0.005426,0.780967,0.846402,-0.050448
HA_Lat_14_6.13.26,221,,,1,1420.58,481.32,0.8641,1420.23,460.87,0.1426,0.732985,0.313698,-0.009432,0.729133,0.300797,-0.005275,0.728127,0.300324,-0.005405,0.727107,0.299829,-0.005359,0.728765,0.301303,-0.027435,0.727624,0.301199,-0.02762,0.726474,0.30102,-0.027661,0.717373,0.300901,0.020716,0.717225,0.302691,-0.080295,0.729072,0.325267,0.005982,0.728992,0.325502,-0.023763,0.696103,0.366725,0.082136,0.71525,0.362828,-0.122954,0.706736,0.45732,0.088843,0.746259,0.457895,-0.099933,0.726336,0.439071,0.023545,0.739704,0.426728,0.027327,0.731454,0.432584,0.019986,0.738615,0.411952,0.030914,0.731018,0.427608,0.012359,0.734937,0.402371,0.028508,0.729607,0.42914,0.017665,0.735196,0.411278,0.029575,0.702331,0.5425,0.066931,0.719462,0.543552,-0.067099,0.699863,0.670218,0.035236,0.741695,0.68103,-0.037401,0.645008,0.762656,-0.012411,0.74428,0.8229,-0.032306,0.628371,0.758972,-0.017872,0.733458,0.847714,-0.031525,0.646085,0.818523,-0.032494,0.781356,0.846633,-0.051916
HA_Lat_14_6.13.26,222,,,1,1424.36,482.35,0.8062,1421.13,460.44,0.1314,0.735701,0.313514,-0.00893,0.732392,0.300704,-0.004094,0.731455,0.300235,-0.004235,0.730464,0.299755,-0.004179,0.731789,0.301205,-0.026098,0.730527,0.301109,-0.026286,0.729118,0.300957,-0.026347,0.72045,0.300753,0.026691,0.719171,0.302527,-0.07844,0.731797,0.325256,0.009294,0.731535,0.32558,-0.023609,0.699508,0.366433,0.086562,0.717647,0.362769,-0.119866,0.708871,0.459639,0.089277,0.747647,0.457571,-0.09344,0.727047,0.471256,0.001022,0.740174,0.426335,0.035695,0.731268,0.4732,-0.005442,0.739684,0.412337,0.039899,0.731153,0.467881,-0.013955,0.735328,0.401185,0.038293,0.729944,0.466126,-0.005571,0.734941,0.405895,0.038385,0.705688,0.542018,0.067061,0.721926,0.543181,-0.067224,0.705361,0.671069,0.047136,0.743286,0.680828,-0.041084,0.649884,0.760429,0.02424,0.744767,0.824292,-0.034006,0.633788,0.754645,0.021016,0.733096,0.848726,-0.0341,0.646916,0.818459,0.007779,0.781821,0.847112,-0.06087
HA_Lat_14_6.13.26,223,,,1,1431.75,480.49,0.8889,1423.8,454.0,0.1242,0.73886,0.313256,-0.007594,0.735718,0.300186,-0.00241,0.734737,0.29961,-0.002545,0.733707,0.299005,-0.002479,0.735146,0.300732,-0.02548,0.733841,0.300535,-0.025669,0.732427,0.300231,-0.025746,0.723491,0.29981,0.031218,0.722474,0.301574,-0.078003,0.735056,0.325107,0.012591,0.734837,0.325551,-0.022213,0.703092,0.366195,0.092162,0.720349,0.362732,-0.118347,0.715374,0.459549,0.072872,0.751208,0.457371,-0.091221,0.733084,0.454593,-0.044833,0.741563,0.420373,0.039146,0.737487,0.450208,-0.056937,0.740928,0.405792,0.043015,0.736572,0.444362,-0.062075,0.736364,0.394197,0.040025,0.735195,0.44529,-0.051202,0.737113,0.40226,0.041354,0.708338,0.541332,0.067103,0.724285,0.541485,-0.067254,0.710032,0.67102,0.050026,0.74404,0.681042,-0.042293,0.6546,0.756808,0.032683,0.744098,0.824576,-0.036316,0.638714,0.750228,0.030124,0.732462,0.848827,-0.03625,0.647977,0.818165,0.018121,0.780819,0.848999,-0.063126
HA_Lat_14_6.13.26,224,,,1,1439.87,473.66,0.8842,1426.85,448.64,0.1173,0.741222,0.310552,-0.006543,0.737791,0.297571,-0.002151,0.736867,0.29699,-0.002276,0.7359,0.296344,-0.002219,0.737213,0.298245,-0.023956,0.73593,0.298083,-0.024152,0.734544,0.297758,-0.024232,0.726232,0.297567,0.03267,0.724992,0.299418,-0.076597,0.737675,0.323347,0.013385,0.737359,0.323985,-0.021153,0.703934,0.365022,0.092943,0.72291,0.361567,-0.11782,0.714947,0.4588,0.083408,0.753359,0.456632,-0.090898,0.729575,0.476026,-0.01016,0.743149,0.415409,0.035468,0.733241,0.481414,-0.016737,0.74111,0.399067,0.038263,0.732947,0.477177,-0.025514,0.737521,0.386319,0.036475,0.73183,0.474256,-0.016817,0.738219,0.390799,0.037912,0.709073,0.540183,0.067166,0.726089,0.539032,-0.067325,0.715334,0.670444,0.054898,0.74373,0.680444,-0.04638,0.658839,0.756121,0.042474,0.743734,0.823982,-0.04095,0.644032,0.752116,0.042297,0.732923,0.848792,-0.04058,0.650472,0.818166,0.032671,0.78028,0.84992,-0.068558
HA_Lat_14_6.13.26,225,,,1,1442.6,476.27,0.8258,1436.74,454.78,0.1235,0.743704,0.308104,0.022376,0.739877,0.295042,0.027153,0.738898,0.294556,0.027033,0.737946,0.294,0.027097,0.739543,0.295686,0.002381,0.738384,0.295607,0.002182,0.737234,0.295366,0.002145,0.729096,0.295548,0.05803,0.728431,0.29727,-0.054771,0.74028,0.321329,0.039814,0.740284,0.321652,0.005365,0.707405,0.363024,0.117061,0.726455,0.359089,-0.104766,0.712699,0.457261,0.109207,0.755732,0.455532,-0.076937,0.729251,0.480476,0.023824,0.748303,0.421096,0.050845,0.734457,0.496477,0.021227,0.747448,0.41478,0.053385,0.734961,0.49364,0.0113,0.743434,0.400576,0.052863,0.733777,0.489343,0.017446,0.744968,0.407344,0.054074,0.71098,0.539236,0.068546,0.727366,0.53774,-0.068723,0.719911,0.670198,0.058476,0.744161,0.680722,-0.049025,0.663414,0.7555,0.042762,0.744353,0.823715,-0.044299,0.649234,0.751278,0.040967,0.732623,0.84863,-0.043786,0.654495,0.818165,0.028377,0.780136,0.849248,-0.071676
HA_Lat_14_6.13.26,226,,,1,1449.56,469.95,0.7699,1442.07,458.08,0.1237,0.747029,0.307308,0.019219,0.743092,0.293977,0.023383,0.742104,0.29351,0.023261,0.741125,0.292965,0.023318,0.742647,0.294615,-0.000891,0.741432,0.294583,-0.00109,0.740221,0.294402,-0.001126,0.731945,0.294635,0.052343,0.731214,0.296546,-0.057123,0.743686,0.320805,0.035717,0.743339,0.321076,0.002521,0.710912,0.361783,0.112136,0.729761,0.358197,-0.10601,0.716169,0.456874,0.105604,0.759251,0.454551,-0.080297,0.733713,0.477454,0.013099,0.751079,0.424145,0.045221,0.737071,0.49324,0.008455,0.750653,0.423979,0.047429,0.737292,0.490359,-0.002252,0.74671,0.410731,0.046464,0.736203,0.486247,0.005894,0.746722,0.41326,0.048164,0.713805,0.538616,0.068924,0.729548,0.537234,-0.069107,0.724144,0.669807,0.060772,0.744239,0.681046,-0.048887,0.669818,0.754545,0.041215,0.74458,0.824289,-0.044807,0.654506,0.750751,0.038251,0.732976,0.849638,-0.044491,0.661544,0.818189,0.023256,0.780423,0.848419,-0.071853
HA_Lat_14_6.13.26,227,,,1,1447.31,468.18,0.6872,1454.35,469.67,0.1337,0.749229,0.307167,0.018984,0.745439,0.293708,0.023313,0.744353,0.293179,0.02319,0.743292,0.292575,0.023256,0.745058,0.294268,-0.001134,0.743783,0.294128,-0.001331,0.742487,0.293839,-0.001364,0.73414,0.293805,0.052924,0.733373,0.29557,-0.056648,0.745583,0.320611,0.035604,0.745259,0.320842,0.002551,0.71265,0.360313,0.112309,0.733151,0.356869,-0.10605,0.717002,0.455069,0.107551,0.760332,0.45288,-0.079783,0.733058,0.487102,0.026307,0.757471,0.434878,0.044418,0.735533,0.507879,0.023522,0.758377,0.437575,0.046344,0.736552,0.505139,0.011462,0.754597,0.427579,0.046658,0.735788,0.499299,0.018937,0.753339,0.427549,0.047863,0.717815,0.538495,0.069524,0.733148,0.537228,-0.069711,0.729456,0.669528,0.066739,0.74533,0.680458,-0.049,0.675831,0.754255,0.042927,0.74397,0.824704,-0.046186,0.659891,0.751711,0.040517,0.732947,0.848707,-0.046008,0.669037,0.819421,0.027232,0.78007,0.849057,-0.073971
HA_Lat_14_6.13.26,228,,,1,1453.29,481.42,0.7893,1455.14,469.93,0.1297,0.751247,0.307376,0.020106,0.747982,0.293758,0.023518,0.746881,0.293224,0.023393,0.745772,0.292659,0.023455,0.74762,0.294304,-0.00068,0.746353,0.294172,-0.000876,0.745035,0.293912,-0.000911,0.73681,0.293643,0.050522,0.736331,0.295421,-0.057389,0.747269,0.320608,0.035751,0.747037,0.320837,0.003194,0.714316,0.359554,0.109427,0.735864,0.356043,-0.106759,0.717331,0.450799,0.104827,0.763134,0.451233,-0.080538,0.732852,0.485238,0.022537,0.757883,0.435119,0.047346,0.737224,0.502462,0.019224,0.7575,0.436581,0.050107,0.738196,0.500753,0.007614,0.753715,0.427094,0.048794,0.736995,0.495492,0.015194,0.753319,0.427483,0.050209,0.721981,0.53842,0.069646,0.736536,0.537267,-0.069833,0.734083,0.669504,0.066987,0.746231,0.680411,-0.05205,0.682082,0.75391,0.045187,0.743855,0.825392,-0.056629,0.665649,0.75261,0.042567,0.732845,0.848822,-0.056921,0.677142,0.819993,0.029155,0.781136,0.849262,-0.084891
HA_Lat_14_6.13.26,229,,,1,1466.3,471.93,0.8048,1460.56,474.56,0.1345,0.754735,0.307009,0.027573,0.751076,0.29347,0.030903,0.749913,0.292846,0.030783,0.748788,0.292156,0.030849,0.750669,0.293978,0.006479,0.749391,0.29373,0.006283,0.748121,0.2933,0.006251,0.739442,0.292724,0.056657,0.739519,0.294371,-0.05213,0.750263,0.319852,0.042734,0.750081,0.319887,0.009962,0.716284,0.358096,0.113446,0.738302,0.354798,-0.104807,0.717733,0.447613,0.104868,0.764893,0.449792,-0.07536,0.733785,0.486692,0.021713,0.760707,0.439404,0.054377,0.738323,0.506701,0.017523,0.760587,0.44141,0.056887,0.739395,0.5059,0.005566,0.756573,0.433609,0.055189,0.738055,0.500109,0.014106,0.756266,0.43382,0.057194,0.723339,0.538341,0.070437,0.736533,0.537256,-0.07062,0.738902,0.66943,0.065523,0.747662,0.680043,-0.066317,0.687361,0.753867,0.045333,0.743811,0.825421,-0.081422,0.671257,0.753803,0.0427,0.732586,0.847796,-0.082604,0.687166,0.820123,0.02908,0.780902,0.849156,-0.112276
HA_Lat_14_6.13.26,230,,,1,1463.9,484.98,0.8769,1462.69,477.07,0.1354,0.75577,0.306732,0.028686,0.752313,0.293272,0.031109,0.751297,0.29256,0.030988,0.750291,0.29179,0.031048,0.752001,0.293825,0.007043,0.750899,0.293525,0.006845,0.7498,0.293033,0.006806,0.741896,0.292026,0.053807,0.742116,0.29373,-0.053643,0.751994,0.318668,0.042515,0.751895,0.318961,0.010179,0.71796,0.355471,0.110952,0.741752,0.35276,-0.105007,0.718726,0.445077,0.115485,0.768045,0.449075,-0.0782,0.7366,0.485413,0.055848,0.76182,0.441734,0.047688,0.739965,0.505044,0.057824,0.761483,0.442754,0.050161,0.741842,0.5043,0.043438,0.757566,0.435327,0.048816,0.740582,0.498837,0.048173,0.757375,0.436091,0.050474,0.725633,0.538263,0.070851,0.74066,0.537246,-0.071033,0.743077,0.669277,0.066806,0.749498,0.679685,-0.066463,0.693054,0.754572,0.046258,0.744566,0.824631,-0.07708,0.677884,0.754688,0.043288,0.733673,0.846175,-0.077793,0.694098,0.821121,0.027815,0.780862,0.848679,-0.106742
HA_Lat_14_6.13.26,231,,,1,1469.17,483.47,0.7902,1461.76,487.94,0.1323,0.760255,0.303738,0.028336,0.756151,0.291303,0.03204,0.755124,0.290618,0.031927,0.754111,0.289902,0.031984,0.75588,0.291977,0.007931,0.754807,0.291765,0.007738,0.753788,0.291355,0.007705,0.74539,0.291268,0.058371,0.745825,0.292898,-0.049303,0.756561,0.31578,0.043162,0.756524,0.315959,0.010833,0.721017,0.354628,0.114113,0.745389,0.352503,-0.101778,0.721539,0.445091,0.118627,0.76968,0.448938,-0.075438,0.737769,0.492283,0.055633,0.761336,0.451799,0.049095,0.740591,0.516996,0.057217,0.760482,0.454624,0.052154,0.742763,0.510049,0.040916,0.755853,0.453915,0.050051,0.74077,0.510356,0.047173,0.75626,0.44692,0.051616,0.730732,0.538246,0.070939,0.741866,0.537038,-0.071119,0.748296,0.669149,0.04394,0.750817,0.679483,-0.075352,0.698988,0.755088,0.003011,0.744684,0.823682,-0.093386,0.683275,0.755366,-0.002274,0.733748,0.845585,-0.095022,0.701235,0.821675,-0.025705,0.781808,0.848336,-0.127565
HA_Lat_14_6.13.26,232,,,1,1470.93,486.44,0.9024,1466.29,487.74,0.1288,0.762731,0.304776,0.029388,0.759262,0.291962,0.033549,0.758166,0.291049,0.033431,0.75707,0.290126,0.033492,0.758978,0.292733,0.009269,0.7578,0.292342,0.009079,0.756601,0.291744,0.009052,0.748132,0.291432,0.061943,0.748194,0.293023,-0.046313,0.758659,0.315967,0.045038,0.758553,0.316341,0.012519,0.726559,0.354625,0.11783,0.748405,0.352585,-0.099139,0.726855,0.444973,0.11786,0.773046,0.448976,-0.072611,0.743608,0.492967,0.034257,0.763691,0.451612,0.049224,0.745364,0.513255,0.030939,0.765167,0.450393,0.051489,0.748667,0.510038,0.016129,0.758194,0.452931,0.049344,0.747707,0.509483,0.025552,0.758782,0.446528,0.051533,0.735438,0.538164,0.071314,0.742479,0.537076,-0.071486,0.75761,0.66831,0.03536,0.751589,0.679257,-0.085285,0.706372,0.755511,-0.002783,0.744729,0.824583,-0.102777,0.690813,0.756039,-0.007672,0.733177,0.845994,-0.104281,0.70918,0.821841,-0.032428,0.782688,0.848772,-0.139542
HA_Lat_14_6.13.26,233,,,1,1484.44,475.33,0.856,1473.28,486.78,0.1324,0.765291,0.30483,0.042371,0.761908,0.292034,0.047213,0.760885,0.291145,0.0471,0.759839,0.290243,0.047165,0.761599,0.292784,0.022331,0.760491,0.292404,0.022143,0.759362,0.291819,0.022129,0.750609,0.291464,0.075799,0.750684,0.293041,-0.035222,0.761149,0.316,0.058037,0.761073,0.316365,0.024696,0.727531,0.354226,0.131024,0.750412,0.352606,-0.092312,0.729704,0.443441,0.134106,0.774602,0.44898,-0.069395,0.746857,0.490672,0.05226,0.767335,0.450719,0.048875,0.749976,0.512971,0.050444,0.766806,0.449699,0.050844,0.749733,0.509514,0.036292,0.761851,0.447124,0.049155,0.750662,0.50737,0.044059,0.762261,0.444111,0.05139,0.73847,0.537917,0.072677,0.742564,0.536798,-0.072842,0.763494,0.665757,0.031884,0.752578,0.679204,-0.100021,0.712956,0.755604,-0.008741,0.746199,0.824332,-0.130058,0.696256,0.756286,-0.013826,0.73378,0.845194,-0.132828,0.718304,0.821952,-0.035787,0.783049,0.850459,-0.168029
HA_Lat_14_6.13.26,234,,,1,1484.66,485.83,0.8722,1474.83,484.44,0.1259,0.768353,0.306524,0.03588,0.765201,0.293126,0.039975,0.764129,0.291971,0.039855,0.763053,0.290845,0.039916,0.764964,0.293938,0.015759,0.763868,0.293319,0.01557,0.762753,0.292498,0.015551,0.754113,0.291569,0.067466,0.754583,0.293131,-0.040164,0.764208,0.316537,0.051395,0.764231,0.317165,0.018967,0.730653,0.354315,0.12404,0.753663,0.352655,-0.093055,0.732883,0.443496,0.132562,0.777973,0.449036,-0.068617,0.749934,0.493209,0.03291,0.76814,0.448555,0.046438,0.755009,0.517916,0.027798,0.766402,0.439492,0.048389,0.755476,0.517577,0.013213,0.762504,0.442496,0.047163,0.754591,0.513713,0.024159,0.761451,0.440108,0.048956,0.740383,0.53785,0.072779,0.743903,0.536795,-0.072936,0.770287,0.663542,0.033097,0.753523,0.678986,-0.096081,0.718698,0.756394,0.003836,0.745978,0.824428,-0.115695,0.701745,0.757388,-8.8e-05,0.734264,0.845095,-0.117365,0.725802,0.821916,-0.022112,0.783118,0.850864,-0.153763
HA_Lat_14_6.13.26,235,,,1,1497.75,481.05,0.8439,1485.52,484.21,0.1259,0.771878,0.30662,0.03945,0.768435,0.293162,0.043843,0.767359,0.292032,0.043719,0.76631,0.290928,0.043785,0.768126,0.293967,0.018896,0.766969,0.293364,0.018706,0.765828,0.29256,0.018695,0.757131,0.291607,0.071965,0.757434,0.293169,-0.039111,0.767627,0.316596,0.055184,0.767541,0.317179,0.021771,0.735091,0.35431,0.129616,0.755765,0.352667,-0.094529,0.737571,0.443656,0.137552,0.780129,0.449293,-0.071239,0.755833,0.493579,0.048317,0.773707,0.448339,0.046186,0.75973,0.515449,0.044892,0.772806,0.439152,0.046795,0.761041,0.514521,0.028819,0.768787,0.442221,0.046302,0.759956,0.50974,0.039219,0.768648,0.439905,0.048586,0.744041,0.537835,0.074676,0.745046,0.536692,-0.07482,0.774612,0.662517,0.037185,0.754643,0.678823,-0.099115,0.724127,0.758755,0.012461,0.746576,0.824108,-0.12731,0.708017,0.760464,0.009036,0.735551,0.844791,-0.129969,0.72998,0.822021,-0.010566,0.782554,0.850277,-0.167602
HA_Lat_14_6.13.26,236,,,1,1492.44,477.53,0.7843,1486.39,483.98,0.1209,0.774108,0.307208,0.040311,0.770538,0.293353,0.044605,0.769434,0.292166,0.044483,0.768353,0.291016,0.04455,0.7703,0.294158,0.020257,0.769167,0.293505,0.020067,0.768027,0.292656,0.020059,0.759677,0.291681,0.072977,0.760035,0.293219,-0.035514,0.770046,0.316822,0.056131,0.770132,0.31753,0.023455,0.738706,0.354343,0.129378,0.759488,0.352699,-0.089364,0.741,0.444565,0.134159,0.782712,0.449395,-0.062963,0.756373,0.493871,0.048442,0.774159,0.448128,0.052605,0.762169,0.514552,0.044934,0.774142,0.439343,0.05328,0.762009,0.512141,0.02902,0.768153,0.441889,0.051225,0.762213,0.508218,0.039446,0.767242,0.438641,0.054466,0.74619,0.53799,0.074638,0.747281,0.536703,-0.074777,0.778107,0.661583,0.037691,0.75573,0.67907,-0.09913,0.730286,0.763818,0.018094,0.746379,0.824659,-0.124256,0.71407,0.765247,0.014994,0.736105,0.845355,-0.12649,0.735267,0.821996,-0.003419,0.78154,0.850171,-0.162442
HA_Lat_14_6.13.26,237,,,1,1494.49,486.18,0.7958,1493.64,484.15,0.1179,0.776908,0.30737,0.049771,0.773703,0.293366,0.054036,0.772583,0.292205,0.053914,0.771524,0.291079,0.053989,0.773509,0.294168,0.029244,0.772359,0.293534,0.029064,0.771244,0.292704,0.029062,0.762877,0.291698,0.080863,0.762831,0.293253,-0.029771,0.772586,0.316877,0.065156,0.772658,0.317643,0.031824,0.740241,0.35412,0.13487,0.761466,0.352727,-0.087571,0.740946,0.445075,0.133584,0.785468,0.449638,-0.061823,0.761977,0.492071,0.04464,0.77794,0.44829,0.052993,0.766851,0.512409,0.039255,0.775927,0.439677,0.052536,0.767912,0.509928,0.023815,0.771578,0.44094,0.050956,0.767107,0.505529,0.035343,0.771866,0.43938,0.054987,0.74898,0.537875,0.075748,0.749086,0.536686,-0.075869,0.781337,0.659734,0.062494,0.75649,0.680183,-0.090911,0.736497,0.769081,0.074358,0.7466,0.824527,-0.10745,0.721196,0.772458,0.074121,0.736665,0.845524,-0.108656,0.743027,0.818961,0.055353,0.780971,0.849596,-0.142127
HA_Lat_14_6.13.26,238,,,1,1499.69,470.69,0.755,1496.29,485.18,0.1143,0.778884,0.308194,0.045053,0.776167,0.293795,0.048991,0.775008,0.292535,0.048873,0.773895,0.291301,0.048947,0.775957,0.294542,0.024419,0.774728,0.293783,0.024232,0.773495,0.292828,0.024224,0.764778,0.291741,0.075588,0.764674,0.29324,-0.03416,0.774426,0.317264,0.060439,0.77452,0.318031,0.027373,0.7407,0.354192,0.131411,0.764375,0.352783,-0.090487,0.741335,0.445564,0.134592,0.787951,0.449674,-0.065546,0.761104,0.490912,0.050164,0.779317,0.449243,0.050833,0.765436,0.511116,0.045486,0.776727,0.444625,0.051709,0.766818,0.508568,0.02964,0.772851,0.446116,0.050743,0.765962,0.503859,0.04098,0.773526,0.445502,0.053146,0.750226,0.537834,0.07636,0.750824,0.53666,-0.076474,0.78493,0.657843,0.063706,0.757433,0.680197,-0.09047,0.741242,0.774278,0.069799,0.747268,0.824155,-0.109763,0.726014,0.778795,0.068963,0.736623,0.845702,-0.111675,0.746111,0.815296,0.052162,0.781012,0.849225,-0.149092
HA_Lat_14_6.13.26,239,,,1,1505.64,471.87,0.7278,1498.32,483.57,0.1055,0.780903,0.309167,0.045187,0.778139,0.294524,0.049403,0.776963,0.293124,0.049291,0.775812,0.291758,0.049364,0.778124,0.295261,0.024884,0.777044,0.294341,0.024707,0.775981,0.293235,0.024694,0.767176,0.291784,0.076137,0.767752,0.293283,-0.033816,0.77662,0.317652,0.060525,0.776869,0.318446,0.027397,0.741902,0.354254,0.129318,0.766083,0.352822,-0.091871,0.742809,0.448972,0.132448,0.78978,0.449892,-0.067626,0.762547,0.498716,0.049846,0.780377,0.447752,0.051139,0.767629,0.518054,0.045249,0.776726,0.437409,0.052153,0.768436,0.511725,0.029489,0.774684,0.4335,0.052222,0.768012,0.507697,0.040553,0.775109,0.43423,0.053874,0.751515,0.537365,0.076449,0.751944,0.536377,-0.076558,0.786547,0.656355,0.062949,0.757943,0.680252,-0.09212,0.748393,0.781541,0.070014,0.747344,0.823795,-0.112956,0.735389,0.792837,0.069771,0.736624,0.845215,-0.115575,0.768912,0.817722,0.051691,0.780802,0.848679,-0.156715
HA_Lat_14_6.13.26,240,,,1,1506.45,476.77,0.7587,1502.95,484.27,0.1045,0.782898,0.310812,0.029467,0.780593,0.295652,0.03287,0.779506,0.294141,0.032759,0.778398,0.29266,0.032855,0.780442,0.296336,0.00914,0.779369,0.295239,0.008952,0.778272,0.294005,0.008914,0.769698,0.291871,0.060082,0.770244,0.293364,-0.047541,0.778611,0.318627,0.045442,0.778788,0.319404,0.012991,0.743816,0.354178,0.119578,0.768737,0.352651,-0.108694,0.744786,0.448958,0.13517,0.792878,0.450209,-0.08501,0.763345,0.497177,0.079946,0.782784,0.448399,0.036285,0.767724,0.515357,0.082749,0.780012,0.441794,0.037002,0.768257,0.51096,0.066978,0.776368,0.436171,0.038898,0.768342,0.5059,0.072091,0.777036,0.437221,0.039947,0.754756,0.537356,0.076941,0.754333,0.536381,-0.077044,0.789239,0.656238,0.078894,0.758522,0.680344,-0.088772,0.756963,0.784179,0.102914,0.74623,0.823407,-0.106397,0.748759,0.800622,0.103891,0.735895,0.844819,-0.108779,0.78057,0.818356,0.085765,0.779871,0.848256,-0.150602
HA_Lat_14_6.13.26,241,,,1,1510.77,481.6,0.7759,1506.29,484.18,0.0981,0.785245,0.310677,0.024355,0.782577,0.295627,0.027834,0.781547,0.294147,0.027719,0.780498,0.292679,0.027805,0.782307,0.296303,0.004002,0.781193,0.295237,0.003823,0.780061,0.294022,0.003787,0.771271,0.291916,0.055017,0.771488,0.293402,-0.052847,0.780797,0.318647,0.04018,0.780869,0.319408,0.007665,0.746266,0.354345,0.113749,0.769672,0.352686,-0.111774,0.74795,0.449915,0.133075,0.793782,0.450569,-0.085484,0.766256,0.497689,0.074641,0.784528,0.448318,0.037039,0.770826,0.514929,0.073886,0.782397,0.441506,0.03819,0.771741,0.512132,0.061966,0.778407,0.435935,0.040424,0.771733,0.507794,0.06755,0.778964,0.437132,0.040937,0.757266,0.537332,0.076783,0.756127,0.536468,-0.076887,0.791408,0.656267,0.081198,0.759406,0.680781,-0.087325,0.762369,0.788423,0.104555,0.745938,0.823214,-0.103021,0.754608,0.809165,0.105258,0.73579,0.844906,-0.104858,0.788326,0.819635,0.085193,0.780187,0.84835,-0.142766
HA_Lat_14_6.13.26,242,,,1,1508.77,484.4,0.7024,1510.17,492.88,0.0958,0.787889,0.312018,0.019945,0.785592,0.296991,0.023553,0.784514,0.295422,0.023429,0.783439,0.293869,0.023509,0.785331,0.297628,-0.000536,0.784223,0.29645,-0.000717,0.783094,0.2951,-0.00074,0.774222,0.292405,0.050753,0.77465,0.293771,-0.058157,0.783286,0.319772,0.035784,0.783326,0.320512,0.002992,0.748364,0.354577,0.112582,0.771557,0.353029,-0.114321,0.749624,0.4503,0.134546,0.794155,0.451022,-0.090071,0.767759,0.497938,0.077754,0.786548,0.456368,0.027741,0.772514,0.518213,0.0781,0.784613,0.455059,0.027407,0.773055,0.512794,0.06282,0.780108,0.449019,0.028066,0.77285,0.508381,0.069683,0.7808,0.449451,0.030683,0.759508,0.537502,0.077485,0.758453,0.537119,-0.077591,0.793712,0.656142,0.083965,0.761004,0.680879,-0.086475,0.770245,0.789671,0.110474,0.745899,0.823026,-0.095607,0.76037,0.811984,0.110984,0.736378,0.844645,-0.097595,0.797568,0.819803,0.088111,0.780086,0.849417,-0.138632
HA_Lat_14_6.13.26,243,,,1,1508.66,488.54,0.617,1519.71,493.3,0.1031,0.790497,0.311962,0.015137,0.787708,0.297017,0.017864,0.786674,0.2955,0.017738,0.785601,0.294012,0.017818,0.787442,0.297637,-0.005831,0.786407,0.296498,-0.006011,0.785387,0.295201,-0.006025,0.777035,0.292647,0.042445,0.777623,0.293908,-0.064203,0.786115,0.319879,0.030208,0.786307,0.320518,-0.001946,0.750165,0.354518,0.105947,0.774858,0.352742,-0.117074,0.751897,0.449923,0.133995,0.796909,0.451687,-0.08839,0.770051,0.496739,0.073284,0.791514,0.456763,0.028685,0.774542,0.516686,0.073747,0.7904,0.456008,0.028643,0.775192,0.512932,0.058147,0.786461,0.449658,0.028594,0.776119,0.508514,0.065185,0.786731,0.45054,0.03138,0.761832,0.53755,0.077304,0.761761,0.537639,-0.077412,0.797736,0.655649,0.082006,0.761645,0.680803,-0.081434,0.776157,0.789837,0.103397,0.745763,0.822876,-0.08631,0.764777,0.812881,0.103541,0.736166,0.844477,-0.087942,0.805656,0.82011,0.083462,0.780401,0.850856,-0.129808
HA_Lat_14_6.13.26,244,,,1,1518.32,489.51,0.675,1519.37,496.31,0.1052,0.792821,0.311911,0.015285,0.789681,0.297013,0.018751,0.788589,0.295501,0.018627,0.78749,0.294034,0.018706,0.789525,0.297616,-0.005786,0.788461,0.296491,-0.005967,0.787396,0.295203,-0.00598,0.778711,0.29274,0.045156,0.779277,0.293946,-0.064671,0.787995,0.319916,0.031039,0.788235,0.320517,-0.002181,0.754976,0.354516,0.10668,0.775677,0.35275,-0.119496,0.755616,0.45052,0.132858,0.797719,0.451797,-0.089333,0.772557,0.498122,0.056754,0.791336,0.459543,0.030596,0.777298,0.516438,0.054392,0.790325,0.460138,0.030923,0.778005,0.514083,0.036613,0.786057,0.45437,0.030513,0.778048,0.509663,0.047163,0.786483,0.454879,0.03331,0.76484,0.537537,0.078142,0.761937,0.537599,-0.078249,0.799333,0.655542,0.080585,0.763233,0.680539,-0.082834,0.782269,0.790432,0.101645,0.745638,0.822707,-0.089051,0.771256,0.815409,0.10146,0.735792,0.844536,-0.091138,0.813505,0.820303,0.076643,0.780038,0.850577,-0.137944
HA_Lat_14_6.13.26,245,,,1,1513.81,494.73,0.6485,1520.62,495.34,0.1044,0.794141,0.311898,0.016894,0.791166,0.297038,0.020433,0.790178,0.295573,0.020309,0.789197,0.294166,0.020386,0.790911,0.297623,-0.004076,0.789873,0.296525,-0.004259,0.788862,0.29527,-0.004275,0.780595,0.292975,0.046936,0.781162,0.294181,-0.063131,0.789851,0.320287,0.032552,0.789978,0.320777,-0.000626,0.757021,0.35429,0.107384,0.777724,0.352674,-0.118782,0.757891,0.450504,0.133871,0.798743,0.451993,-0.088113,0.773045,0.498278,0.065881,0.79199,0.45865,0.039707,0.777647,0.516152,0.065444,0.790631,0.45823,0.040615,0.778499,0.514456,0.047604,0.786443,0.454908,0.040104,0.778442,0.509855,0.056601,0.787044,0.455688,0.042635,0.76622,0.537228,0.078537,0.763541,0.537307,-0.078644,0.800489,0.654374,0.07218,0.764117,0.680016,-0.083724,0.789118,0.79014,0.089753,0.745706,0.822567,-0.098544,0.780354,0.815966,0.087088,0.735464,0.844931,-0.101817,0.820117,0.820306,0.044626,0.780125,0.850546,-0.152173
HA_Lat_14_6.13.26,246,,,1,1532.32,472.71,0.6559,1524.27,491.68,0.1094,0.795879,0.312798,0.014159,0.79332,0.298073,0.017252,0.792239,0.296511,0.017123,0.791176,0.294996,0.017202,0.793239,0.298757,-0.006924,0.792228,0.297619,-0.007104,0.791253,0.296305,-0.007122,0.782471,0.293282,0.042417,0.78341,0.294528,-0.066174,0.791262,0.321034,0.029388,0.791501,0.321714,-0.003346,0.757584,0.354495,0.104166,0.779937,0.353057,-0.118218,0.759259,0.45179,0.130293,0.800226,0.453769,-0.087535,0.775122,0.502958,0.063879,0.79389,0.45526,0.042686,0.779508,0.520594,0.063127,0.794418,0.451225,0.043373,0.780632,0.520014,0.046499,0.788459,0.442902,0.043365,0.780723,0.511152,0.055029,0.787165,0.444401,0.045708,0.768666,0.537372,0.078357,0.766133,0.537462,-0.078454,0.803124,0.654581,0.071825,0.763715,0.679985,-0.083304,0.796047,0.792254,0.099553,0.745777,0.822442,-0.090597,0.78704,0.817804,0.099449,0.735174,0.845041,-0.093296,0.828338,0.820312,0.064146,0.779927,0.85026,-0.146725
HA_Lat_14_6.13.26,247,,,1,1545.1,482.89,0.7883,1524.9,497.86,0.1038,0.799573,0.31285,0.013574,0.79726,0.298142,0.016749,0.796125,0.296625,0.016628,0.795012,0.295157,0.016705,0.797168,0.298803,-0.007757,0.796073,0.2977,-0.007935,0.795024,0.296421,-0.007948,0.786173,0.293516,0.042727,0.786837,0.294639,-0.067478,0.794714,0.321237,0.029081,0.79504,0.321807,-0.004086,0.75895,0.354517,0.103906,0.782781,0.353068,-0.118719,0.759537,0.451742,0.123126,0.801174,0.454066,-0.08766,0.776271,0.502087,0.051554,0.794218,0.460981,0.041418,0.778548,0.519285,0.048333,0.796442,0.465321,0.041743,0.781767,0.518604,0.031125,0.790902,0.456453,0.040513,0.781758,0.511322,0.042212,0.788958,0.455778,0.043895,0.7699,0.537763,0.078188,0.76971,0.537947,-0.078287,0.803629,0.654645,0.071803,0.764135,0.680168,-0.08089,0.80206,0.795654,0.092049,0.745762,0.822344,-0.08499,0.793748,0.820873,0.091278,0.734953,0.845403,-0.087253,0.835233,0.820248,0.061495,0.780051,0.85023,-0.13843
HA_Lat_14_6.13.26,248,,,1,1546.23,481.23,0.7359,1528.18,507.8,0.0971,0.802402,0.313222,0.004589,0.800229,0.298589,0.008154,0.799026,0.297098,0.008047,0.797825,0.295647,0.008136,0.800235,0.299219,-0.016246,0.799142,0.298149,-0.016426,0.798087,0.296909,-0.016442,0.788927,0.293774,0.037723,0.789834,0.294832,-0.072409,0.797402,0.321667,0.021553,0.797814,0.322089,-0.01162,0.760421,0.354524,0.099467,0.786206,0.353072,-0.123973,0.760754,0.451831,0.114717,0.803436,0.454536,-0.09791,0.775703,0.501416,0.042023,0.795927,0.470187,0.02731,0.779406,0.518421,0.038928,0.796647,0.479031,0.027763,0.781191,0.517718,0.022316,0.792143,0.470076,0.025898,0.781069,0.510572,0.033019,0.790813,0.467302,0.02947,0.770601,0.538201,0.078054,0.772869,0.538271,-0.078154,0.803946,0.65646,0.076907,0.764974,0.680503,-0.075685,0.807099,0.799084,0.096659,0.745906,0.822347,-0.078259,0.800595,0.824096,0.095928,0.734789,0.845363,-0.080367,0.842533,0.819555,0.06754,0.780287,0.850049,-0.128853
HA_Lat_14_6.13.26,249,,,1,1554.61,482.16,0.7855,1532.67,512.17,0.0945,0.804878,0.314845,0.004717,0.803156,0.300265,0.008212,0.801858,0.29867,0.008101,0.80058,0.2971,0.008186,0.803351,0.300888,-0.016396,0.802265,0.29973,-0.016579,0.801232,0.298369,-0.016594,0.791515,0.294407,0.037447,0.792622,0.295539,-0.073564,0.799514,0.323106,0.021561,0.800006,0.323547,-0.011847,0.762578,0.354534,0.100689,0.788136,0.353264,-0.125173,0.763522,0.451907,0.110803,0.805344,0.45532,-0.103772,0.779778,0.501209,0.027746,0.798265,0.474229,0.008767,0.784921,0.51797,0.022418,0.800603,0.481951,0.006433,0.78597,0.517639,0.005559,0.795485,0.473472,0.004592,0.785694,0.509843,0.018275,0.79328,0.471162,0.010503,0.772043,0.538694,0.078169,0.775244,0.538778,-0.078278,0.804109,0.65911,0.081109,0.76647,0.680544,-0.074571,0.813052,0.799958,0.100858,0.746013,0.822329,-0.078492,0.806305,0.826067,0.099837,0.734675,0.845291,-0.080625,0.849419,0.818639,0.069068,0.78044,0.849898,-0.128759
HA_Lat_14_6.13.26,250,,,1,1559.03,484.9,0.8019,1540.0,515.02,0.0963,0.807759,0.3148,0.005561,0.805413,0.300286,0.009555,0.804205,0.298755,0.009444,0.803023,0.297245,0.009528,0.805418,0.300878,-0.015386,0.804294,0.299771,-0.01557,0.803241,0.298469,-0.015587,0.794103,0.294777,0.039218,0.794897,0.295875,-0.073051,0.803094,0.323202,0.022428,0.803476,0.323582,-0.01142,0.765831,0.355343,0.102194,0.790987,0.353556,-0.12644,0.765489,0.45239,0.112197,0.807249,0.455788,-0.104931,0.781972,0.501206,0.030969,0.802084,0.47687,0.00854,0.784569,0.517897,0.02649,0.801542,0.481881,0.00601,0.785524,0.517716,0.009841,0.7969,0.478206,0.004652,0.786713,0.513375,0.021694,0.79662,0.472863,0.010537,0.774272,0.539707,0.07866,0.778451,0.539937,-0.078774,0.804607,0.663924,0.086572,0.767444,0.680818,-0.072733,0.820141,0.800495,0.106546,0.745987,0.822261,-0.075955,0.813298,0.828121,0.105542,0.734608,0.845211,-0.077906,0.85432,0.815263,0.074711,0.780669,0.850493,-0.125554
HA_Lat_14_6.13.26,251,,,1,1558.65,495.54,0.7911,1545.51,518.3,0.0897,0.81016,0.314699,0.0146,0.807788,0.300274,0.018952,0.806742,0.298809,0.018853,0.805674,0.297372,0.018946,0.807476,0.30084,-0.006029,0.806366,0.29977,-0.006215,0.805304,0.29851,-0.006233,0.796789,0.295158,0.04803,0.797138,0.296185,-0.065033,0.805581,0.323215,0.03109,0.805683,0.323553,-0.002991,0.768343,0.35542,0.109509,0.79324,0.353804,-0.123608,0.767281,0.452056,0.12143,0.809277,0.456489,-0.102721,0.7816,0.501119,0.049516,0.804953,0.479905,0.022464,0.784744,0.521086,0.047195,0.804444,0.483838,0.021903,0.786109,0.519795,0.030884,0.799203,0.477857,0.021223,0.786321,0.514311,0.040756,0.797549,0.474515,0.024852,0.776739,0.539718,0.079167,0.781349,0.539957,-0.07929,0.805452,0.666551,0.091931,0.768763,0.681085,-0.073099,0.825046,0.800714,0.117858,0.746017,0.822234,-0.076408,0.818941,0.829378,0.117677,0.734559,0.845116,-0.078678,0.860474,0.812748,0.087685,0.781013,0.85065,-0.128862
HA_Lat_14_6.13.26,252,,,1,1566.44,504.57,0.7749,1557.22,542.22,0.1256,0.811603,0.314614,0.014816,0.809092,0.300256,0.019147,0.808051,0.298825,0.019043,0.80697,0.29741,0.019133,0.808824,0.300814,-0.005748,0.807732,0.299771,-0.005933,0.806621,0.298533,-0.005951,0.798314,0.295208,0.049893,0.798577,0.296291,-0.063982,0.807041,0.323323,0.031295,0.807094,0.32375,-0.002602,0.770068,0.356577,0.117067,0.795417,0.354845,-0.122763,0.773021,0.457294,0.142301,0.812307,0.45943,-0.133597,0.787248,0.505374,0.087257,0.811053,0.502058,-0.06739,0.789614,0.532947,0.087812,0.812378,0.518993,-0.079039,0.790138,0.525304,0.070263,0.809051,0.514264,-0.076791,0.791826,0.523472,0.078611,0.806852,0.509478,-0.065222,0.777827,0.540075,0.08074,0.784424,0.540507,-0.080865,0.80762,0.6681,0.111615,0.770297,0.681456,-0.07127,0.829782,0.800572,0.159556,0.746428,0.822197,-0.07028,0.824611,0.829924,0.161114,0.734539,0.845085,-0.07229,0.865745,0.809672,0.125859,0.781252,0.850735,-0.128552
HA_Lat_14_6.13.26,253,,,1,1572.4,504.68,0.8172,1558.58,535.12,0.1444,0.813251,0.315987,0.026213,0.810853,0.3017,0.031261,0.80986,0.3002,0.031169,0.808829,0.298701,0.031267,0.810607,0.302313,0.006274,0.809581,0.30124,0.006078,0.808494,0.299966,0.006049,0.800355,0.296062,0.06141,0.800422,0.297324,-0.052676,0.808982,0.324712,0.042683,0.809026,0.325227,0.008522,0.771956,0.358145,0.126802,0.79809,0.355103,-0.121475,0.773048,0.456913,0.153342,0.813959,0.459784,-0.122464,0.786794,0.504592,0.102514,0.81176,0.495483,-0.035223,0.789954,0.532401,0.10476,0.811671,0.509156,-0.041807,0.791879,0.523821,0.087974,0.809034,0.502278,-0.039962,0.79217,0.522625,0.094252,0.807567,0.499574,-0.032528,0.779964,0.540976,0.081911,0.787729,0.54133,-0.08205,0.808968,0.669852,0.111812,0.771805,0.681773,-0.071675,0.834006,0.799811,0.145082,0.74662,0.822151,-0.074455,0.829702,0.829524,0.145425,0.734867,0.845048,-0.077829,0.869458,0.806299,0.114888,0.781539,0.850647,-0.135237
HA_Lat_14_6.13.26,254,,,1,1573.53,506.02,0.7848,1563.19,535.01,0.143,0.817036,0.316592,0.034329,0.814957,0.302515,0.040011,0.813984,0.301167,0.039927,0.812993,0.299792,0.040022,0.814451,0.302976,0.015243,0.813239,0.301949,0.015045,0.812054,0.300716,0.015016,0.803853,0.297142,0.071898,0.803771,0.298238,-0.040958,0.812728,0.325715,0.051366,0.812626,0.32601,0.017476,0.775062,0.358887,0.1365,0.79991,0.355388,-0.110252,0.775737,0.456817,0.158568,0.816234,0.459739,-0.113904,0.789356,0.504098,0.099757,0.81416,0.495377,-0.017488,0.792543,0.530042,0.100203,0.816221,0.510189,-0.02246,0.794376,0.522801,0.084587,0.812551,0.50532,-0.021627,0.794625,0.520834,0.091663,0.810449,0.501747,-0.014993,0.782935,0.540916,0.082114,0.789579,0.541294,-0.082263,0.811702,0.670064,0.104039,0.773112,0.681866,-0.075218,0.83569,0.800566,0.133054,0.74665,0.822116,-0.085781,0.831083,0.830186,0.133145,0.734802,0.844897,-0.089322,0.87157,0.805824,0.1022,0.781881,0.850716,-0.145446
HA_Lat_14_6.13.26,255,,,1,1584.61,495.56,0.7296,1566.21,517.09,0.135,0.818624,0.32068,0.033661,0.816802,0.306233,0.038048,0.815848,0.304835,0.037946,0.814823,0.303433,0.038042,0.816614,0.306656,0.013522,0.815622,0.305535,0.013326,0.814525,0.304251,0.013296,0.806664,0.300335,0.06713,0.806494,0.301277,-0.044393,0.814402,0.329181,0.049627,0.814514,0.32967,0.016194,0.778507,0.360358,0.131839,0.802497,0.356097,-0.109933,0.778741,0.45656,0.138325,0.818904,0.460303,-0.089969,0.791717,0.503583,0.057864,0.815736,0.478791,0.04715,0.794857,0.528432,0.054934,0.819559,0.476548,0.048228,0.79648,0.522494,0.040036,0.814382,0.466459,0.0496,0.7961,0.519381,0.049425,0.811817,0.465806,0.050718,0.78726,0.542748,0.08201,0.790924,0.542663,-0.082155,0.814527,0.670436,0.103045,0.774167,0.682354,-0.074729,0.837584,0.801123,0.135627,0.746746,0.821995,-0.083512,0.832208,0.830346,0.136295,0.734764,0.844438,-0.086133,0.873258,0.806638,0.108084,0.781858,0.850648,-0.13719
HA_Lat_14_6.13.26,256,,,1,1585.48,496.92,0.635,1571.94,519.52,0.1509,0.821268,0.32086,0.032857,0.819069,0.306649,0.037318,0.818223,0.305373,0.037224,0.817326,0.304061,0.037338,0.818701,0.307037,0.013338,0.817743,0.306013,0.01312,0.816731,0.304823,0.013072,0.808758,0.301292,0.066315,0.808728,0.302388,-0.04528,0.817283,0.329974,0.048731,0.817242,0.330471,0.015805,0.781387,0.361212,0.128208,0.80448,0.357349,-0.111498,0.78134,0.45672,0.146675,0.821268,0.461498,-0.093208,0.794235,0.504043,0.097814,0.81872,0.481041,0.029473,0.797669,0.529101,0.100549,0.818912,0.481791,0.02769,0.799601,0.524896,0.084086,0.815692,0.472091,0.03014,0.799345,0.520069,0.089779,0.813792,0.471945,0.033293,0.789297,0.543922,0.081712,0.792262,0.543599,-0.081856,0.816962,0.670953,0.098361,0.775605,0.683231,-0.074773,0.838887,0.802345,0.125242,0.7472,0.821833,-0.084527,0.831999,0.830744,0.125779,0.734864,0.843769,-0.087255,0.874787,0.809149,0.102864,0.782074,0.850633,-0.137432
HA_Lat_14_6.13.26,257,,,1,1590.27,508.95,0.7499,1580.77,517.58,0.1487,0.822995,0.321486,0.03761,0.82037,0.307477,0.041585,0.81948,0.306366,0.041485,0.818524,0.305206,0.041587,0.820152,0.307803,0.017598,0.819253,0.306915,0.017397,0.818317,0.30587,0.017367,0.810163,0.303522,0.068032,0.810878,0.304638,-0.041301,0.819035,0.331213,0.052611,0.819184,0.331142,0.019964,0.783296,0.363194,0.126389,0.807368,0.358636,-0.103477,0.783109,0.45745,0.134852,0.824513,0.463248,-0.068792,0.797396,0.503359,0.057897,0.823317,0.479238,0.070205,0.800072,0.527582,0.054828,0.82289,0.476273,0.072438,0.80179,0.523508,0.040799,0.820081,0.467917,0.072923,0.801279,0.518222,0.049783,0.819443,0.46916,0.073642,0.792159,0.54464,0.08024,0.796142,0.544314,-0.08039,0.820234,0.671148,0.095096,0.777483,0.683289,-0.070598,0.839906,0.803875,0.112745,0.747461,0.821473,-0.081053,0.833709,0.83193,0.112266,0.734939,0.842782,-0.083261,0.87603,0.810443,0.09239,0.782417,0.850601,-0.123595
HA_Lat_14_6.13.26,258,,,1,1600.97,497.95,0.7608,1583.4,509.53,0.1449,0.825359,0.323309,0.036999,0.822925,0.309539,0.04053,0.821979,0.308466,0.040424,0.820941,0.307301,0.040519,0.822759,0.309745,0.016702,0.821871,0.308818,0.016502,0.820933,0.307732,0.016474,0.812724,0.305741,0.066087,0.81358,0.306705,-0.042184,0.821083,0.333204,0.051721,0.821248,0.332726,0.019329,0.7857,0.363941,0.124773,0.809561,0.359562,-0.101252,0.785535,0.457211,0.135637,0.828569,0.464202,-0.064228,0.80013,0.502592,0.075212,0.824685,0.471783,0.075338,0.80234,0.523465,0.075124,0.823302,0.465236,0.07844,0.803839,0.520503,0.061694,0.821306,0.457844,0.078147,0.803206,0.514935,0.067862,0.820372,0.460388,0.078498,0.795086,0.544593,0.078805,0.797517,0.544358,-0.078955,0.822772,0.670886,0.078199,0.779693,0.683349,-0.071097,0.840559,0.804291,0.081951,0.747825,0.820569,-0.08356,0.832151,0.83227,0.080056,0.735159,0.841334,-0.085821,0.876349,0.8118,0.054154,0.782364,0.850604,-0.124004
HA_Lat_14_6.13.26,259,,,1,1606.47,499.83,0.7651,1592.28,506.74,0.1467,0.828474,0.323682,0.035407,0.826081,0.309768,0.039189,0.8252,0.308707,0.039079,0.824234,0.307538,0.039172,0.825594,0.310021,0.015199,0.824564,0.30913,0.015,0.823489,0.308046,0.014972,0.815852,0.306146,0.065653,0.815989,0.307176,-0.042798,0.824559,0.333937,0.050471,0.824416,0.333546,0.017926,0.789756,0.365017,0.124173,0.81255,0.360123,-0.101678,0.788731,0.457062,0.129972,0.831392,0.465321,-0.066078,0.805754,0.500397,0.052476,0.829315,0.4692,0.068931,0.807572,0.518132,0.048479,0.828343,0.45914,0.070471,0.809008,0.515021,0.035192,0.825812,0.45529,0.069714,0.807961,0.509604,0.044501,0.825503,0.458217,0.071816,0.797486,0.544706,0.07814,0.79974,0.544468,-0.07829,0.826054,0.67058,0.069278,0.782057,0.683423,-0.071159,0.841338,0.804194,0.068492,0.748132,0.819439,-0.082926,0.832336,0.83168,0.066008,0.735316,0.838997,-0.084976,0.876345,0.814412,0.036045,0.782476,0.850563,-0.123401
HA_Lat_14_6.13.26,260,,,1,1606.42,506.05,0.8419,1598.94,506.54,0.1389,0.831295,0.323477,0.033545,0.828649,0.30974,0.037652,0.827753,0.308752,0.037535,0.826808,0.307662,0.037631,0.828141,0.309989,0.013563,0.826985,0.309156,0.013366,0.825793,0.308132,0.013342,0.818046,0.306467,0.065112,0.817808,0.30745,-0.043311,0.827348,0.333916,0.048822,0.827133,0.333492,0.016249,0.793244,0.365943,0.122209,0.814971,0.361607,-0.101872,0.792075,0.457338,0.119601,0.833232,0.466353,-0.071703,0.808522,0.500199,0.033713,0.83278,0.469019,0.059293,0.810764,0.518847,0.028774,0.832103,0.460151,0.060262,0.812154,0.515768,0.014599,0.829345,0.455747,0.059735,0.811238,0.510118,0.025282,0.829168,0.458286,0.062131,0.801498,0.544856,0.07785,0.802768,0.544606,-0.078,0.829539,0.670419,0.071477,0.783917,0.683428,-0.071444,0.842268,0.804725,0.075597,0.748309,0.8182,-0.082269,0.832223,0.831837,0.07357,0.735367,0.836944,-0.084116,0.876492,0.817943,0.044158,0.782401,0.850588,-0.122785
HA_Lat_14_6.13.26,261,,,1,1613.66,541.38,0.8292,1608.07,505.77,0.1386,0.835408,0.324651,0.033084,0.833164,0.311084,0.036715,0.832245,0.31004,0.036593,0.831225,0.308857,0.03669,0.832537,0.311247,0.012701,0.831335,0.310302,0.0125,0.83,0.309109,0.012476,0.821973,0.30702,0.062975,0.821275,0.307803,-0.04513,0.830854,0.33488,0.047934,0.830513,0.334471,0.015513,0.795096,0.366333,0.119407,0.817693,0.362717,-0.104077,0.79471,0.457397,0.121033,0.835287,0.466772,-0.072661,0.809921,0.499008,0.040297,0.837537,0.468301,0.05269,0.814156,0.515678,0.036707,0.837202,0.460298,0.052384,0.815549,0.512864,0.020861,0.83448,0.455461,0.051951,0.814566,0.507215,0.031574,0.834232,0.457809,0.05536,0.805388,0.545033,0.076976,0.805951,0.544805,-0.077133,0.833431,0.668967,0.057378,0.786895,0.68342,-0.071597,0.842115,0.80494,0.046721,0.748802,0.816053,-0.080581,0.832451,0.831354,0.043248,0.735562,0.833516,-0.082079,0.876417,0.820772,0.011625,0.782505,0.850579,-0.120358
HA_Lat_14_6.13.26,262,,,1,1628.83,505.17,0.8448,1614.72,505.76,0.1311,0.837097,0.324507,0.031978,0.834682,0.310995,0.035705,0.83378,0.309956,0.035586,0.832751,0.308791,0.03568,0.834239,0.311161,0.011604,0.833174,0.310225,0.011405,0.831982,0.309052,0.011381,0.823763,0.306958,0.062476,0.823597,0.307755,-0.045865,0.832815,0.334793,0.047074,0.832682,0.334373,0.014503,0.797874,0.366326,0.117952,0.820633,0.362886,-0.103008,0.800021,0.457324,0.119714,0.838407,0.467353,-0.072912,0.815551,0.498723,0.042672,0.841001,0.468293,0.050839,0.819738,0.514781,0.039187,0.840312,0.460969,0.051136,0.82099,0.512216,0.024675,0.838464,0.455896,0.050523,0.820087,0.506536,0.034466,0.836932,0.457878,0.053399,0.806701,0.545414,0.075666,0.808025,0.545076,-0.075832,0.835622,0.668388,0.062944,0.78922,0.683566,-0.069381,0.841702,0.804664,0.06485,0.749684,0.81355,-0.070275,0.8329,0.830878,0.062609,0.735935,0.829554,-0.070844,0.876427,0.822616,0.032747,0.782504,0.850555,-0.108514
HA_Lat_14_6.13.26,263,,,1,1634.48,503.38,0.8151,1616.99,505.65,0.126,0.839069,0.324542,0.03353,0.836604,0.311061,0.037024,0.835694,0.310063,0.036905,0.834668,0.308963,0.036995,0.836347,0.311228,0.013389,0.835428,0.310345,0.01319,0.834456,0.309251,0.013164,0.826107,0.307497,0.062921,0.826666,0.308154,-0.043627,0.834937,0.334805,0.048314,0.835025,0.334247,0.016305,0.799405,0.366162,0.118262,0.82354,0.362905,-0.099607,0.80025,0.457201,0.120743,0.841512,0.467804,-0.066998,0.818142,0.495839,0.043296,0.842184,0.468192,0.060059,0.820414,0.512035,0.040849,0.842151,0.461324,0.061703,0.821989,0.509469,0.026251,0.839718,0.456056,0.060847,0.821147,0.504106,0.035083,0.838906,0.457941,0.062669,0.80975,0.545585,0.075091,0.811183,0.545275,-0.075255,0.837513,0.668258,0.066337,0.793387,0.683554,-0.071949,0.841904,0.805126,0.071817,0.750601,0.810753,-0.071058,0.833166,0.83066,0.069918,0.736645,0.825898,-0.072532,0.87619,0.823735,0.040947,0.78248,0.85058,-0.112758
HA_Lat_14_6.13.26,264,,,1,1637.62,504.57,0.822,1623.82,505.17,0.1235,0.841579,0.324434,0.033099,0.83925,0.311021,0.036522,0.838341,0.310045,0.036404,0.837294,0.308979,0.036493,0.838934,0.311183,0.013282,0.837989,0.310318,0.013082,0.836988,0.309254,0.013057,0.828545,0.30758,0.062396,0.829211,0.308196,-0.041931,0.837325,0.334752,0.047905,0.837444,0.334164,0.016437,0.801905,0.365995,0.118114,0.826965,0.362794,-0.095073,0.803621,0.457064,0.121576,0.844671,0.468549,-0.061078,0.822036,0.493001,0.044219,0.845739,0.467753,0.064762,0.825438,0.505862,0.042751,0.845699,0.461142,0.066691,0.826833,0.503094,0.027765,0.843882,0.455751,0.065525,0.825962,0.498338,0.035803,0.842337,0.457479,0.067231,0.812368,0.545577,0.073696,0.814723,0.545259,-0.073859,0.838443,0.669037,0.067062,0.797241,0.683545,-0.078514,0.841714,0.805686,0.073886,0.752529,0.806738,-0.073482,0.832921,0.830899,0.071804,0.737912,0.821635,-0.073179,0.876453,0.824843,0.044044,0.782442,0.850567,-0.114854
HA_Lat_14_6.13.26,265,,,1,1642.45,502.8,0.8125,1629.78,505.16,0.1221,0.844274,0.324384,0.039739,0.842344,0.310995,0.04281,0.841478,0.310025,0.042695,0.840473,0.308975,0.042784,0.84184,0.311133,0.020722,0.840818,0.310255,0.020511,0.839725,0.309185,0.02048,0.831272,0.307526,0.066751,0.831562,0.308067,-0.033226,0.839866,0.334655,0.053882,0.83989,0.33406,0.02377,0.804428,0.365968,0.122232,0.829654,0.362726,-0.087061,0.806865,0.456323,0.146854,0.847069,0.468239,-0.056841,0.824957,0.491233,0.120029,0.848844,0.467744,0.070635,0.827455,0.505289,0.12585,0.84847,0.461494,0.074485,0.829427,0.503132,0.11339,0.846969,0.455977,0.075511,0.828674,0.498405,0.114159,0.845387,0.457559,0.074116,0.813824,0.545425,0.073329,0.817699,0.545176,-0.073492,0.838604,0.669851,0.071944,0.801495,0.68342,-0.092667,0.841519,0.806128,0.075332,0.754266,0.803537,-0.094171,0.832002,0.831165,0.073623,0.739168,0.816434,-0.093776,0.87591,0.825265,0.057776,0.7824,0.850587,-0.121211
HA_Lat_14_6.13.26,266,,,1,1654.68,503.29,0.8086,1635.43,503.43,0.1224,0.847567,0.324268,0.045591,0.845399,0.3108,0.049056,0.844556,0.309817,0.048939,0.843566,0.308759,0.04903,0.844824,0.310961,0.026754,0.843747,0.310087,0.026542,0.842526,0.309018,0.026511,0.83463,0.307339,0.073458,0.834218,0.307893,-0.027598,0.843664,0.334484,0.059875,0.843444,0.334054,0.029448,0.807115,0.365903,0.129103,0.83268,0.362646,-0.082843,0.809375,0.454119,0.15221,0.849401,0.467965,-0.048791,0.827258,0.491289,0.11735,0.851787,0.466143,0.086391,0.829071,0.505524,0.121694,0.851735,0.460696,0.0914,0.831194,0.503459,0.109437,0.850256,0.455073,0.09315,0.830408,0.498666,0.111294,0.848469,0.456302,0.090455,0.81539,0.544043,0.073482,0.820238,0.54449,-0.073643,0.83905,0.670456,0.084887,0.80699,0.682837,-0.102442,0.841825,0.806014,0.095582,0.756902,0.799983,-0.109644,0.831846,0.83089,0.094832,0.740793,0.810495,-0.109705,0.87675,0.825461,0.0807,0.782365,0.850585,-0.134525
HA_Lat_14_6.13.26,267,,,1,1653.06,502.65,0.8791,1642.21,503.05,0.1268,0.850355,0.32413,0.058345,0.848006,0.310662,0.062727,0.846998,0.309695,0.062617,0.845855,0.308663,0.062693,0.847623,0.310827,0.040519,0.846535,0.309962,0.040307,0.845308,0.308907,0.040273,0.836671,0.307095,0.088403,0.836715,0.30766,-0.01224,0.846029,0.334367,0.072807,0.845995,0.333918,0.042514,0.808822,0.365807,0.144031,0.835631,0.362526,-0.069419,0.810658,0.453988,0.171621,0.852217,0.46785,-0.038746,0.826451,0.491438,0.146519,0.855315,0.46579,0.09246,0.82763,0.506196,0.153226,0.855679,0.460506,0.098149,0.829889,0.503924,0.142178,0.854554,0.455284,0.100375,0.829384,0.499063,0.141296,0.852473,0.456445,0.096763,0.817759,0.542336,0.073587,0.82427,0.543204,-0.073746,0.840177,0.670561,0.063468,0.81439,0.682159,-0.119385,0.842122,0.806153,0.040023,0.759612,0.796869,-0.146053,0.83167,0.831067,0.035552,0.742845,0.80384,-0.148135,0.876941,0.826108,0.014462,0.782631,0.850581,-0.174582
HA_Lat_14_6.13.26,268,,,1,1664.78,497.57,0.903,1648.85,503.13,0.135,0.853082,0.324004,0.068809,0.851119,0.310512,0.073296,0.850153,0.309539,0.073187,0.849079,0.308499,0.073262,0.85081,0.310688,0.051338,0.849819,0.309827,0.051128,0.848781,0.308777,0.051093,0.840268,0.306932,0.098249,0.840834,0.307585,-0.001111,0.849029,0.334137,0.082818,0.84901,0.333856,0.052887,0.81206,0.36553,0.15283,0.839495,0.362383,-0.06101,0.812701,0.453003,0.169,0.854297,0.465012,-0.024072,0.827972,0.490628,0.126679,0.858777,0.465857,0.11792,0.829262,0.506468,0.130449,0.859493,0.461296,0.125133,0.831341,0.50417,0.119789,0.858559,0.455425,0.126789,0.83062,0.499169,0.121112,0.856368,0.456495,0.122424,0.819096,0.541561,0.073674,0.82613,0.542268,-0.073832,0.839834,0.67247,0.065738,0.822498,0.682124,-0.126099,0.842962,0.806056,0.051705,0.764125,0.793641,-0.14969,0.831823,0.83106,0.048102,0.746045,0.796888,-0.151201,0.876094,0.827008,0.028139,0.783246,0.850553,-0.173675
HA_Lat_14_6.13.26,269,,,1,1668.66,496.83,0.9044,1654.53,503.16,0.1469,0.85522,0.323905,0.067018,0.853139,0.310391,0.071122,0.852133,0.309406,0.071005,0.85102,0.308366,0.071075,0.852848,0.310574,0.049307,0.851766,0.309711,0.049096,0.850594,0.308674,0.049058,0.842111,0.306713,0.095425,0.842339,0.307359,-0.003636,0.851023,0.333977,0.080897,0.851011,0.33382,0.051078,0.812705,0.364474,0.150779,0.841495,0.361217,-0.061955,0.813429,0.452727,0.180852,0.855661,0.463738,-0.029553,0.830201,0.489688,0.164742,0.861737,0.465889,0.104629,0.830472,0.505459,0.173037,0.864132,0.46178,0.11069,0.83275,0.503287,0.162594,0.861931,0.45546,0.113467,0.832211,0.498229,0.160093,0.860592,0.456588,0.109306,0.821789,0.540056,0.07369,0.82987,0.541168,-0.073845,0.841462,0.672913,0.067669,0.827231,0.682199,-0.125917,0.842982,0.805828,0.057548,0.769349,0.789639,-0.137922,0.832227,0.830879,0.054091,0.750262,0.790321,-0.138302,0.877199,0.826779,0.034427,0.784066,0.85052,-0.160723
HA_Lat_14_6.13.26,270,,,1,1670.14,499.94,0.9181,1656.05,502.95,0.1466,0.85805,0.323858,0.070968,0.856062,0.310351,0.074956,0.855146,0.309334,0.07484,0.854105,0.308265,0.074901,0.855584,0.310574,0.053834,0.854476,0.3097,0.053631,0.853328,0.308641,0.053596,0.845123,0.306608,0.098361,0.845207,0.307242,0.002583,0.854497,0.333856,0.084368,0.854193,0.333711,0.055472,0.816402,0.363868,0.150366,0.844633,0.360806,-0.053187,0.816825,0.452535,0.167219,0.858991,0.46246,-0.01737,0.833452,0.48931,0.128173,0.862526,0.465691,0.118906,0.83615,0.504927,0.131635,0.863735,0.461896,0.125131,0.838259,0.502965,0.120115,0.862271,0.455652,0.126043,0.837359,0.498016,0.122231,0.8604,0.456686,0.122814,0.823611,0.538619,0.07272,0.832623,0.539692,-0.072873,0.841192,0.67372,0.079093,0.832601,0.682242,-0.13601,0.84232,0.80593,0.079156,0.775063,0.786484,-0.137789,0.832568,0.830892,0.076995,0.756338,0.784675,-0.136642,0.876054,0.826916,0.071507,0.784656,0.850639,-0.15389
HA_Lat_14_6.13.26,271,,,1,1672.3,498.06,0.9171,1664.97,502.99,0.1572,0.860237,0.323709,0.06343,0.857477,0.310118,0.066734,0.856413,0.309023,0.066617,0.855285,0.307884,0.066701,0.857161,0.310369,0.044294,0.855965,0.309458,0.044092,0.854712,0.308374,0.044065,0.846502,0.306078,0.09038,0.846492,0.306892,-0.009716,0.85618,0.333463,0.077223,0.856066,0.33336,0.046527,0.820482,0.363842,0.144698,0.847515,0.360789,-0.066029,0.822287,0.451077,0.156311,0.860138,0.462215,-0.029382,0.843782,0.47533,0.091595,0.867171,0.465729,0.11642,0.850435,0.486659,0.091074,0.870568,0.462517,0.123274,0.851832,0.48242,0.081413,0.868371,0.455866,0.119057,0.850577,0.478893,0.085567,0.866803,0.456814,0.117507,0.824686,0.538403,0.072782,0.83609,0.539598,-0.072935,0.84141,0.674607,0.095637,0.836639,0.682573,-0.132042,0.841757,0.805855,0.107607,0.779718,0.78388,-0.134455,0.832672,0.830816,0.106487,0.761162,0.779966,-0.133377,0.87581,0.826742,0.101657,0.785165,0.850632,-0.150958
HA_Lat_14_6.13.26,272,,,1,1678.07,492.66,0.9209,1670.84,502.71,0.161,0.862774,0.323661,0.057928,0.860092,0.310103,0.06152,0.859065,0.309005,0.061405,0.85799,0.307857,0.061484,0.859761,0.310355,0.039083,0.858583,0.309441,0.038881,0.857371,0.308342,0.03885,0.849164,0.306061,0.086495,0.848966,0.306847,-0.012086,0.858549,0.333433,0.072144,0.858546,0.333291,0.041475,0.823452,0.363832,0.142346,0.849723,0.360775,-0.067794,0.826726,0.448768,0.154267,0.862297,0.4622,-0.038677,0.852852,0.464334,0.092015,0.870227,0.465471,0.100356,0.859561,0.4714,0.091751,0.874091,0.462312,0.106248,0.860639,0.466857,0.082383,0.871638,0.455599,0.102586,0.859186,0.46445,0.086136,0.870286,0.456545,0.102172,0.825708,0.537322,0.072156,0.836535,0.538761,-0.072306,0.843854,0.675361,0.092237,0.841224,0.682978,-0.131996,0.841475,0.805851,0.10717,0.783606,0.781603,-0.12967,0.832777,0.83077,0.105701,0.765971,0.77548,-0.12831,0.874712,0.826694,0.084943,0.787147,0.850265,-0.143637
HA_Lat_14_6.13.26,273,,,1,1680.31,494.37,0.8813,1676.59,503.02,0.1666,0.865719,0.32388,0.055014,0.863862,0.310193,0.058858,0.86281,0.309036,0.058744,0.861671,0.307835,0.058817,0.86353,0.310424,0.036436,0.862312,0.309459,0.036237,0.86097,0.308318,0.036207,0.852063,0.306019,0.084859,0.851771,0.306833,-0.014293,0.861218,0.333385,0.069473,0.861102,0.33329,0.038875,0.825281,0.363791,0.141741,0.85218,0.360754,-0.070545,0.829378,0.448864,0.146613,0.865345,0.462279,-0.043127,0.855865,0.463595,0.072016,0.873225,0.465763,0.087246,0.862824,0.470497,0.069312,0.876482,0.46314,0.089103,0.862604,0.458665,0.060163,0.875128,0.456182,0.089582,0.862222,0.462502,0.065919,0.872727,0.456927,0.090138,0.82614,0.536751,0.07227,0.840191,0.538156,-0.072419,0.844541,0.67524,0.089898,0.848439,0.682813,-0.133447,0.840916,0.805748,0.09279,0.788959,0.777084,-0.136945,0.832645,0.830653,0.089205,0.771661,0.770063,-0.136034,0.873992,0.826849,0.081904,0.790524,0.849623,-0.144321
HA_Lat_14_6.13.26,274,,,1,1686.62,492.61,0.8814,1681.41,503.12,0.1724,0.86777,0.32405,0.060711,0.866157,0.310252,0.065164,0.865109,0.309052,0.06505,0.863925,0.307814,0.065096,0.865964,0.310439,0.043522,0.864869,0.309437,0.04332,0.863617,0.308272,0.043279,0.854267,0.305971,0.089934,0.854304,0.306748,-0.007579,0.863454,0.333325,0.074572,0.863385,0.333224,0.044965,0.825935,0.364102,0.147125,0.854777,0.360731,-0.06428,0.830337,0.44922,0.18293,0.867704,0.462512,-0.039141,0.8553,0.463762,0.180141,0.875733,0.465852,0.087923,0.862479,0.470142,0.190237,0.879864,0.463416,0.091385,0.864205,0.462803,0.179647,0.878386,0.456273,0.095877,0.863442,0.462964,0.175585,0.875836,0.457026,0.092551,0.826191,0.535911,0.072301,0.840986,0.536941,-0.072444,0.844642,0.675496,0.086977,0.854657,0.68236,-0.13215,0.840866,0.805795,0.073827,0.794776,0.775014,-0.139319,0.832752,0.830848,0.069812,0.777226,0.768143,-0.138788,0.874713,0.827265,0.064693,0.798016,0.849053,-0.146152
HA_Lat_14_6.13.26,275,,,1,1693.92,496.85,0.868,1688.54,503.58,0.1798,0.870214,0.324046,0.061338,0.868237,0.310196,0.06575,0.867134,0.309004,0.065639,0.865923,0.307799,0.065683,0.868164,0.310386,0.044039,0.867104,0.309395,0.043842,0.865907,0.308252,0.043804,0.857018,0.305575,0.090232,0.857463,0.306322,-0.00761,0.866035,0.333299,0.075106,0.866195,0.33318,0.045552,0.828306,0.364062,0.147249,0.85742,0.360508,-0.066597,0.830558,0.449766,0.17242,0.869957,0.462674,-0.042541,0.854147,0.467587,0.179004,0.879446,0.466282,0.083563,0.85991,0.476703,0.182706,0.883891,0.464878,0.086712,0.861526,0.470704,0.169268,0.882745,0.456938,0.08996,0.860706,0.469095,0.170687,0.879871,0.457456,0.087831,0.828119,0.535635,0.072332,0.845649,0.536534,-0.072475,0.845148,0.675584,0.087374,0.859826,0.682054,-0.126752,0.841107,0.805761,0.072952,0.801597,0.77385,-0.1335,0.833244,0.830981,0.068861,0.784767,0.768347,-0.133015,0.875539,0.827222,0.064381,0.80561,0.846759,-0.138633
HA_Lat_14_6.13.26,276,,,1,1700.64,494.92,0.9292,1689.83,503.59,0.1851,0.872565,0.323822,0.065967,0.870264,0.309868,0.07005,0.86916,0.308635,0.069935,0.867975,0.307392,0.06997,0.87021,0.310017,0.048863,0.869177,0.308964,0.048663,0.868068,0.307755,0.048619,0.858998,0.304928,0.092353,0.859718,0.305599,-0.003706,0.868463,0.332712,0.07889,0.868577,0.332622,0.049943,0.829365,0.364005,0.147761,0.859682,0.359866,-0.062124,0.831787,0.449882,0.178639,0.872192,0.462808,-0.038606,0.855861,0.467353,0.17126,0.88012,0.466288,0.086203,0.859709,0.477422,0.179215,0.88483,0.464886,0.090029,0.861834,0.471661,0.168891,0.883209,0.457002,0.095056,0.861308,0.469526,0.166342,0.880683,0.457507,0.091204,0.829354,0.535124,0.072286,0.848565,0.535867,-0.072427,0.847231,0.675425,0.087365,0.865101,0.681266,-0.122772,0.842211,0.806077,0.068534,0.809039,0.772272,-0.129543,0.834419,0.831754,0.063956,0.792762,0.768493,-0.129204,0.877076,0.82724,0.059458,0.813157,0.845314,-0.131946
HA_Lat_14_6.13.26,277,,,1,1705.95,496.95,0.835,1698.11,503.59,0.1987,0.873958,0.323787,0.06345,0.87194,0.309749,0.067598,0.870905,0.308498,0.067483,0.869781,0.307241,0.067517,0.871793,0.309936,0.046431,0.870802,0.308895,0.046234,0.8697,0.307693,0.046195,0.861064,0.304809,0.090379,0.861556,0.305452,-0.005075,0.8701,0.332539,0.076591,0.870246,0.332535,0.047739,0.831506,0.363994,0.145875,0.862042,0.359782,-0.062967,0.834526,0.449934,0.171462,0.874966,0.463274,-0.040455,0.859608,0.468881,0.131716,0.884435,0.466291,0.084604,0.86579,0.478283,0.132885,0.888788,0.464942,0.08919,0.867622,0.472331,0.126993,0.887531,0.457062,0.091613,0.866683,0.469859,0.127642,0.884685,0.457537,0.088887,0.830889,0.535245,0.072036,0.850772,0.535944,-0.07218,0.847337,0.675151,0.087484,0.869907,0.680472,-0.120121,0.843205,0.806199,0.063472,0.81519,0.771657,-0.12754,0.835945,0.832501,0.058137,0.799537,0.768477,-0.127314,0.876542,0.82742,0.053104,0.820091,0.84413,-0.12814
HA_Lat_14_6.13.26,278,,,1,1713.61,492.87,0.9388,1701.46,503.6,0.1976,0.87592,0.323516,0.069353,0.87377,0.309484,0.073224,0.87271,0.308258,0.073113,0.871582,0.307022,0.073139,0.873703,0.309603,0.052143,0.872716,0.308542,0.051953,0.871647,0.30731,0.051918,0.862949,0.304542,0.093541,0.863571,0.304976,-0.001194,0.871957,0.332185,0.081496,0.872238,0.332067,0.052905,0.834503,0.363591,0.147048,0.864469,0.358936,-0.061602,0.837976,0.449995,0.15864,0.876226,0.463325,-0.037497,0.86452,0.470381,0.092505,0.886177,0.466292,0.087794,0.871073,0.48041,0.091202,0.890411,0.465086,0.091494,0.872672,0.474559,0.083539,0.88902,0.457097,0.095074,0.87163,0.471797,0.087209,0.88643,0.457578,0.092392,0.832102,0.535229,0.072018,0.852093,0.535839,-0.072164,0.847853,0.673475,0.087135,0.874996,0.679352,-0.118154,0.844307,0.806153,0.047814,0.821736,0.770804,-0.126368,0.839004,0.833745,0.041162,0.804338,0.768991,-0.126414,0.875649,0.827604,0.034239,0.827265,0.841424,-0.126391
HA_Lat_14_6.13.26,279,,,1,1720.58,492.74,0.9395,1708.21,503.52,0.2176,0.878766,0.323488,0.056885,0.876883,0.309347,0.059494,0.875851,0.308092,0.059378,0.874714,0.306822,0.059386,0.876845,0.309448,0.038885,0.875897,0.308352,0.038694,0.874842,0.30708,0.038656,0.866037,0.30409,0.07601,0.866731,0.304426,-0.017195,0.874832,0.331995,0.067641,0.875055,0.331968,0.039662,0.836206,0.363319,0.13241,0.867511,0.358712,-0.075793,0.839981,0.450124,0.148655,0.87925,0.463668,-0.061682,0.864928,0.471394,0.093811,0.889691,0.466221,0.047557,0.871196,0.481973,0.093116,0.89507,0.464979,0.048207,0.873443,0.476276,0.084684,0.892806,0.456806,0.052662,0.872511,0.473379,0.088288,0.890492,0.457284,0.052081,0.834877,0.535293,0.071886,0.854463,0.535859,-0.072033,0.848382,0.672883,0.087217,0.880798,0.677685,-0.104502,0.843938,0.805772,0.050547,0.827935,0.770588,-0.109793,0.841017,0.834065,0.044277,0.812061,0.770484,-0.109373,0.872167,0.827725,0.036351,0.835614,0.835642,-0.104902
HA_Lat_14_6.13.26,280,,,1,1723.43,496.54,0.9376,1712.99,503.74,0.2687,0.880482,0.322019,0.054832,0.878253,0.307931,0.057713,0.877176,0.30683,0.057606,0.875978,0.30571,0.057611,0.878384,0.308064,0.03719,0.877561,0.307148,0.037,0.876709,0.306081,0.036962,0.867702,0.303601,0.075122,0.869594,0.30406,-0.018453,0.876373,0.331301,0.065587,0.876888,0.33075,0.037668,0.83896,0.362543,0.132351,0.869671,0.35832,-0.076496,0.842295,0.45233,0.14821,0.880819,0.464175,-0.060509,0.866665,0.476215,0.094736,0.892184,0.466424,0.046927,0.872637,0.4889,0.094689,0.898816,0.466998,0.046471,0.875148,0.482877,0.085424,0.896804,0.457851,0.05083,0.874417,0.479656,0.089064,0.894254,0.457759,0.05143,0.837625,0.535351,0.071344,0.856895,0.535889,-0.071491,0.849324,0.672897,0.078198,0.885583,0.676071,-0.102641,0.843526,0.804396,0.037262,0.834949,0.771917,-0.101342,0.841137,0.833477,0.030858,0.820649,0.773782,-0.10021,0.863299,0.82864,0.021584,0.841502,0.832704,-0.098042
HA_Lat_14_6.13.26,281,,,1,1727.57,498.45,0.9308,1718.07,504.22,0.3256,0.883052,0.321695,0.051901,0.880685,0.307451,0.054905,0.879642,0.306399,0.054799,0.878479,0.305342,0.05481,0.880752,0.307547,0.034401,0.879913,0.306669,0.034205,0.879045,0.305662,0.034168,0.870254,0.303435,0.072785,0.871949,0.303909,-0.020965,0.879082,0.331193,0.062905,0.87944,0.330361,0.03495,0.841524,0.362371,0.131602,0.871709,0.358156,-0.077982,0.84514,0.452757,0.160474,0.880787,0.464196,-0.062906,0.872176,0.476347,0.14029,0.894826,0.466871,0.034056,0.876766,0.490123,0.14617,0.902498,0.467292,0.031962,0.879994,0.48484,0.132933,0.900411,0.458268,0.037694,0.878151,0.479836,0.134165,0.897561,0.458035,0.038857,0.840162,0.535398,0.071396,0.85931,0.535857,-0.071543,0.850334,0.673438,0.080513,0.890695,0.674859,-0.09714,0.843708,0.803779,0.045919,0.840835,0.773374,-0.09579,0.839427,0.8297,0.041157,0.828221,0.775509,-0.094844,0.863465,0.828945,0.023016,0.84951,0.828541,-0.097395
HA_Lat_14_6.13.26,282,,,1,1730.34,495.77,0.9111,1724.49,504.77,0.3735,0.88474,0.321064,0.058326,0.8818,0.306717,0.060998,0.880719,0.305793,0.060903,0.879517,0.304876,0.06092,0.882117,0.306818,0.040455,0.881436,0.30607,0.040258,0.880778,0.305212,0.040228,0.871449,0.303417,0.074746,0.874233,0.303901,-0.017429,0.880869,0.330938,0.068295,0.881623,0.329945,0.040454,0.84409,0.362376,0.132493,0.874396,0.357962,-0.07313,0.8485,0.455443,0.166228,0.883658,0.46441,-0.047788,0.876201,0.481903,0.148183,0.89817,0.467382,0.052268,0.880239,0.494979,0.154289,0.905353,0.46787,0.049528,0.883615,0.490334,0.141071,0.90343,0.459152,0.058185,0.88308,0.486797,0.142073,0.900471,0.458786,0.058066,0.842419,0.535658,0.071367,0.863119,0.535947,-0.07151,0.85163,0.673682,0.080657,0.895061,0.672248,-0.094261,0.844465,0.803608,0.051938,0.847637,0.774262,-0.100108,0.838364,0.827951,0.047571,0.834495,0.779296,-0.099066,0.863953,0.829856,0.025228,0.868104,0.828297,-0.106614
HA_Lat_14_6.13.26,283,,,1,1738.73,495.95,0.9234,1734.9,506.43,0.4091,0.887607,0.321085,0.055586,0.885064,0.306675,0.057243,0.884059,0.305746,0.05715,0.882912,0.304828,0.057175,0.885332,0.306778,0.037341,0.884698,0.306031,0.037135,0.88408,0.30518,0.0371,0.874914,0.303403,0.070025,0.877818,0.303907,-0.021007,0.883686,0.330938,0.064999,0.884476,0.329938,0.037777,0.847247,0.361454,0.128599,0.877741,0.357525,-0.075253,0.85301,0.455464,0.16781,0.886312,0.464095,-0.058088,0.879733,0.481853,0.160904,0.903593,0.468919,0.034724,0.885599,0.492559,0.168836,0.910403,0.468549,0.031868,0.889984,0.487679,0.155184,0.907733,0.460191,0.038609,0.887981,0.481346,0.155052,0.905312,0.459891,0.039748,0.844484,0.535692,0.071296,0.866728,0.535971,-0.071438,0.852253,0.674469,0.090732,0.900069,0.670011,-0.086365,0.843917,0.80405,0.080438,0.857976,0.775636,-0.087597,0.837591,0.827345,0.07789,0.84693,0.78524,-0.086956,0.864253,0.829749,0.067681,0.878328,0.829937,-0.09604
