video_id,frame_idx,true_wrist_x,true_wrist_y,occluded,yolo_wrist_x,yolo_wrist_y,yolo_conf,mp_wrist_x,mp_wrist_y,mp_wrist_vis,lm0_x,lm0_y,lm0_z,lm1_x,lm1_y,lm1_z,lm2_x,lm2_y,lm2_z,lm3_x,lm3_y,lm3_z,lm4_x,lm4_y,lm4_z,lm5_x,lm5_y,lm5_z,lm6_x,lm6_y,lm6_z,lm7_x,lm7_y,lm7_z,lm8_x,lm8_y,lm8_z,lm9_x,lm9_y,lm9_z,lm10_x,lm10_y,lm10_z,lm11_x,lm11_y,lm11_z,lm12_x,lm12_y,lm12_z,lm13_x,lm13_y,lm13_z,lm14_x,lm14_y,lm14_z,lm15_x,lm15_y,lm15_z,lm16_x,lm16_y,lm16_z,lm17_x,lm17_y,lm17_z,lm18_x,lm18_y,lm18_z,lm19_x,lm19_y,lm19_z,lm20_x,lm20_y,lm20_z,lm21_x,lm21_y,lm21_z,lm22_x,lm22_y,lm22_z,lm23_x,lm23_y,lm23_z,lm24_x,lm24_y,lm24_z,lm25_x,lm25_y,lm25_z,lm26_x,lm26_y,lm26_z,lm27_x,lm27_y,lm27_z,lm28_x,lm28_y,lm28_z,lm29_x,lm29_y,lm29_z,lm30_x,lm30_y,lm30_z,lm31_x,lm31_y,lm31_z,lm32_x,lm32_y,lm32_z
1.5.26_EH_Fastball1,0,578.7,564.91,0,566.56,551.95,0.9877,578.7,564.91,0.9926,0.328998,0.286944,-0.069317,0.323745,0.273303,-0.059934,0.322534,0.272498,-0.060063,0.321314,0.271724,-0.060027,0.323229,0.273545,-0.084856,0.32167,0.273121,-0.085077,0.319916,0.272759,-0.085181,0.310135,0.274757,-0.01205,0.307887,0.27624,-0.123623,0.323219,0.300503,-0.046687,0.321902,0.300173,-0.080189,0.289969,0.343948,0.08233,0.293984,0.354457,-0.170937,0.271111,0.443466,0.108878,0.266566,0.456401,-0.190802,0.293454,0.517529,0.037274,0.301408,0.523066,-0.166258,0.296604,0.538419,0.033191,0.309993,0.541277,-0.19016,0.302136,0.530084,0.009904,0.315272,0.534281,-0.18179,0.302104,0.525239,0.025672,0.312002,0.527779,-0.161733,0.246065,0.518885,0.081687,0.257152,0.522911,-0.081732,0.220757,0.653459,0.125884,0.307456,0.645563,-0.067145,0.18709,0.781432,0.162066,0.328024,0.795296,-0.037899,0.174349,0.80647,0.162474,0.320676,0.82388,-0.03583,0.213931,0.802292,0.130213,0.367816,0.794214,-0.072947
1.5.26_EH_Fastball1,1,578.72,564.87,0,572.64,552.91,0.9881,578.72,564.87,0.9924,0.328427,0.286946,-0.063336,0.32342,0.273404,-0.051613,0.322211,0.272649,-0.05175,0.320994,0.271921,-0.051706,0.322914,0.273582,-0.079214,0.321394,0.27314,-0.079435,0.31967,0.272762,-0.079533,0.309578,0.274898,0.001488,0.307742,0.276288,-0.121859,0.322562,0.300549,-0.039323,0.321471,0.300208,-0.076244,0.288272,0.344156,0.095523,0.294278,0.35451,-0.172851,0.269362,0.443913,0.117949,0.267463,0.456404,-0.199721,0.293401,0.517285,0.03716,0.301419,0.523032,-0.175249,0.295823,0.539181,0.032807,0.310704,0.541185,-0.200402,0.300709,0.530128,0.008658,0.315543,0.533336,-0.191032,0.301917,0.52511,0.025084,0.31258,0.526894,-0.170446,0.246003,0.518848,0.083492,0.258117,0.522945,-0.083543,0.221546,0.653371,0.124727,0.308263,0.645943,-0.057867,0.187402,0.781235,0.152144,0.328358,0.795193,-0.026199,0.174502,0.805956,0.151553,0.321135,0.82376,-0.023823,0.213996,0.802669,0.117369,0.367748,0.794618,-0.058552
1.5.26_EH_Fastball1,2,583.0,563.0,0,579.75,552.21,0.987,580.31,565.43,0.9925,0.328429,0.287026,-0.051761,0.323414,0.273457,-0.041063,0.322205,0.272715,-0.041202,0.320983,0.271994,-0.041149,0.322914,0.273627,-0.068259,0.321406,0.273176,-0.068481,0.319708,0.272781,-0.068583,0.309624,0.275051,0.00714,0.308157,0.276351,-0.114816,0.322559,0.300549,-0.029385,0.321529,0.300228,-0.065959,0.287887,0.344178,0.096129,0.294924,0.354567,-0.168331,0.267199,0.44421,0.124032,0.269635,0.456727,-0.193468,0.272612,0.522206,0.05591,0.302245,0.523542,-0.167014,0.270871,0.540444,0.053473,0.311992,0.541373,-0.190742,0.27636,0.533586,0.031411,0.31667,0.533346,-0.180961,0.278076,0.527684,0.04514,0.313956,0.526896,-0.161806,0.246272,0.519107,0.083246,0.259129,0.52368,-0.083299,0.222788,0.653389,0.124738,0.309712,0.645929,-0.053862,0.187491,0.781234,0.151015,0.328544,0.795187,-0.025377,0.174502,0.806021,0.150501,0.321482,0.823762,-0.023042,0.214233,0.802637,0.119024,0.367952,0.795915,-0.054596
1.5.26_EH_Fastball1,3,600.97,556.87,0,600.97,556.87,0.9879,587.3,565.46,0.9925,0.328463,0.287039,-0.05974,0.323406,0.273544,-0.048242,0.32217,0.272819,-0.048399,0.320912,0.272121,-0.04836,0.322927,0.273707,-0.077318,0.321435,0.27325,-0.07753,0.319778,0.27284,-0.077618,0.309575,0.27546,0.001985,0.308468,0.27664,-0.126504,0.32253,0.300591,-0.036791,0.321569,0.300331,-0.075433,0.287797,0.345289,0.094209,0.295579,0.354968,-0.180323,0.269442,0.446417,0.120686,0.271658,0.458286,-0.206933,0.296266,0.520912,0.040798,0.305888,0.523578,-0.180013,0.302563,0.540443,0.037128,0.317063,0.541373,-0.204138,0.311264,0.533427,0.012356,0.321463,0.53311,-0.19519,0.306515,0.526892,0.028228,0.318358,0.526673,-0.175324,0.24707,0.520049,0.083853,0.260978,0.524546,-0.08391,0.225129,0.653914,0.124908,0.312357,0.646045,-0.051925,0.187599,0.781395,0.15064,0.328944,0.795443,-0.019748,0.174445,0.806257,0.149934,0.321637,0.823949,-0.017257,0.215215,0.803024,0.116908,0.368655,0.79767,-0.050174
1.5.26_EH_Fastball1,4,609.45,553.75,0,609.45,553.75,0.9866,601.02,565.38,0.993,0.328464,0.287034,-0.039887,0.323251,0.273613,-0.029471,0.321952,0.272904,-0.029598,0.320609,0.272214,-0.029534,0.322843,0.273773,-0.057629,0.321363,0.273311,-0.057844,0.31973,0.27289,-0.057941,0.309259,0.275644,0.016373,0.30847,0.27683,-0.110066,0.322464,0.300631,-0.018107,0.32157,0.300397,-0.055888,0.2874,0.345321,0.104611,0.297282,0.354935,-0.171658,0.265037,0.446611,0.142923,0.276864,0.459383,-0.201142,0.255914,0.518936,0.086888,0.313033,0.523497,-0.169347,0.248897,0.540605,0.08673,0.323553,0.54094,-0.192561,0.254715,0.533945,0.066256,0.32852,0.532387,-0.180922,0.257658,0.527207,0.077242,0.325181,0.525857,-0.162905,0.248297,0.520354,0.084002,0.264378,0.525128,-0.084061,0.228435,0.654316,0.124902,0.315641,0.646055,-0.049191,0.188116,0.781505,0.15044,0.329624,0.795608,-0.017875,0.17449,0.806241,0.150034,0.321914,0.824347,-0.015145,0.215829,0.803352,0.118142,0.370627,0.799613,-0.045792
1.5.26_EH_Fastball1,5,619.01,550.16,0,619.01,550.16,0.9852,617.2,564.05,0.9935,0.328592,0.287069,-0.041113,0.323314,0.273793,-0.031035,0.322056,0.273155,-0.031158,0.3208,0.272523,-0.031094,0.322846,0.273896,-0.058673,0.321362,0.273442,-0.058888,0.319718,0.273009,-0.058976,0.309558,0.276078,0.014469,0.308466,0.277215,-0.109667,0.322612,0.300644,-0.019409,0.321647,0.300462,-0.056485,0.287436,0.345345,0.102443,0.298783,0.354975,-0.170319,0.265414,0.447913,0.137887,0.28174,0.460082,-0.197504,0.260253,0.532727,0.080144,0.321459,0.522264,-0.160056,0.256582,0.551982,0.079294,0.331351,0.538957,-0.182516,0.261725,0.547787,0.057916,0.336457,0.529792,-0.171204,0.264082,0.539828,0.069945,0.333584,0.523402,-0.153583,0.25124,0.521107,0.083954,0.269207,0.526153,-0.084014,0.232477,0.654699,0.119581,0.319999,0.647104,-0.04346,0.188508,0.781517,0.133146,0.330936,0.79619,-0.009927,0.174583,0.806154,0.131824,0.322466,0.824905,-0.00699,0.216061,0.803368,0.104615,0.372409,0.802887,-0.035771
1.5.26_EH_Fastball1,6,634.36,544.19,0,634.36,544.19,0.9822,632.04,562.5,0.993,0.328471,0.287047,-0.045884,0.323112,0.273769,-0.035675,0.321822,0.273142,-0.035796,0.320523,0.272519,-0.035737,0.322698,0.273879,-0.06233,0.321209,0.273435,-0.062547,0.31957,0.273009,-0.062654,0.309452,0.276117,0.011679,0.30845,0.277251,-0.111475,0.322568,0.300482,-0.023583,0.321629,0.30036,-0.059429,0.287463,0.345521,0.099795,0.299411,0.354914,-0.172725,0.284999,0.447848,0.135236,0.288073,0.460735,-0.19902,0.31845,0.51557,0.06555,0.329186,0.520838,-0.160711,0.327595,0.528925,0.063661,0.339507,0.535832,-0.182995,0.332998,0.528342,0.039515,0.343944,0.526529,-0.171755,0.330471,0.52363,0.052933,0.340777,0.521304,-0.154738,0.254564,0.523428,0.083952,0.272042,0.528212,-0.084016,0.236826,0.655846,0.119832,0.324013,0.647417,-0.039676,0.189444,0.781452,0.137146,0.332043,0.79636,-0.000133,0.174961,0.805916,0.136103,0.323225,0.824902,0.002864,0.216595,0.803367,0.106876,0.373051,0.805352,-0.02713
1.5.26_EH_Fastball1,7,649.78,541.24,0,649.78,541.24,0.9907,648.45,556.57,0.9929,0.32805,0.286406,-0.04724,0.322773,0.273542,-0.037363,0.321453,0.272967,-0.03749,0.32012,0.272372,-0.037439,0.322382,0.273626,-0.064212,0.32089,0.273178,-0.064425,0.319304,0.272722,-0.064514,0.308959,0.275919,0.009511,0.308422,0.276946,-0.112299,0.322189,0.300131,-0.025005,0.321352,0.299961,-0.061029,0.287324,0.3456,0.102247,0.300178,0.354611,-0.17247,0.287534,0.449326,0.133966,0.292503,0.46128,-0.198527,0.323302,0.500716,0.061763,0.337733,0.515339,-0.16037,0.323262,0.524201,0.059216,0.349081,0.530117,-0.182367,0.328136,0.523459,0.035804,0.353215,0.518984,-0.171988,0.326415,0.519436,0.049683,0.34935,0.514212,-0.154686,0.258886,0.524577,0.084146,0.277904,0.529523,-0.084221,0.241982,0.657128,0.115274,0.328206,0.648141,-0.039969,0.190844,0.781128,0.134141,0.333344,0.796809,-0.002038,0.175755,0.804551,0.133299,0.324135,0.824973,0.000688,0.216952,0.803357,0.104054,0.37452,0.809722,-0.030444
1.5.26_EH_Fastball1,8,663.0,538.0,0,660.8,528.61,0.9875,662.61,546.17,0.9929,0.327357,0.284283,-0.049166,0.322194,0.271646,-0.039687,0.320924,0.271294,-0.039813,0.319644,0.270919,-0.039764,0.321636,0.271569,-0.066063,0.320156,0.271312,-0.066279,0.318486,0.271057,-0.066361,0.308473,0.274413,0.007191,0.307796,0.274976,-0.112182,0.321229,0.298753,-0.027004,0.320258,0.298562,-0.06233,0.287167,0.345281,0.100374,0.300087,0.353334,-0.169961,0.29213,0.449229,0.130703,0.29856,0.460882,-0.198151,0.320885,0.50285,0.059988,0.345112,0.505714,-0.161068,0.324287,0.519388,0.057313,0.357167,0.51919,-0.183316,0.328725,0.51832,0.034554,0.360975,0.508061,-0.172539,0.327526,0.514593,0.048375,0.35699,0.503779,-0.155343,0.262987,0.526082,0.084007,0.2823,0.530368,-0.084093,0.247519,0.657307,0.114584,0.330795,0.648992,-0.041975,0.192703,0.779794,0.137892,0.335165,0.797461,-0.0078,0.178167,0.800275,0.137437,0.32507,0.825088,-0.005418,0.217795,0.803299,0.107781,0.374973,0.812038,-0.037573
1.5.26_EH_Fastball1,9,672.0,524.0,0,672.66,514.94,0.9876,674.15,531.83,0.9918,0.326109,0.283692,-0.036618,0.321228,0.27114,-0.028505,0.319965,0.270725,-0.028621,0.318747,0.270274,-0.028558,0.320469,0.271066,-0.053487,0.318871,0.270728,-0.053705,0.317291,0.270375,-0.053775,0.307846,0.273473,0.014435,0.306959,0.273941,-0.098348,0.320039,0.29805,-0.015405,0.31901,0.297987,-0.049096,0.286127,0.343498,0.101686,0.299958,0.350847,-0.153149,0.291741,0.448007,0.136823,0.303913,0.45859,-0.192928,0.284267,0.506266,0.087676,0.351118,0.492432,-0.161706,0.280913,0.522353,0.087967,0.363759,0.504321,-0.184083,0.284172,0.52237,0.070239,0.367135,0.494369,-0.172994,0.286784,0.51642,0.079318,0.362379,0.490024,-0.156038,0.266998,0.52637,0.081281,0.285665,0.530259,-0.081389,0.252114,0.657352,0.099328,0.333606,0.650684,-0.042604,0.195342,0.776997,0.114418,0.336431,0.799562,-0.037891,0.180916,0.795858,0.113489,0.326101,0.82629,-0.038933,0.217725,0.802288,0.088851,0.376272,0.814191,-0.077252
1.5.26_EH_Fastball1,10,689.0,511.0,0,691.25,507.12,0.9947,685.77,516.01,0.9911,0.323774,0.282213,-0.01637,0.319656,0.26981,-0.009428,0.318568,0.269307,-0.009547,0.317439,0.268677,-0.009482,0.318691,0.269769,-0.033358,0.316973,0.269332,-0.03358,0.315116,0.268797,-0.033645,0.306617,0.271422,0.029607,0.30488,0.272065,-0.0785,0.318015,0.296335,0.003606,0.316836,0.29673,-0.02887,0.283539,0.340687,0.10717,0.299917,0.3463,-0.131589,0.287927,0.445455,0.140424,0.309378,0.45035,-0.173996,0.275081,0.507119,0.097875,0.357171,0.477788,-0.150673,0.271132,0.524139,0.099115,0.370108,0.486493,-0.17145,0.274658,0.527245,0.081985,0.372828,0.476098,-0.158634,0.277501,0.520002,0.090089,0.36805,0.473081,-0.144268,0.270763,0.526278,0.077035,0.289767,0.530079,-0.077162,0.256622,0.656881,0.092397,0.33481,0.650613,-0.045467,0.19918,0.773214,0.098694,0.336953,0.799731,-0.054691,0.183334,0.788775,0.097322,0.326492,0.826625,-0.056309,0.218464,0.802325,0.077709,0.376083,0.815119,-0.09146
1.5.26_EH_Fastball1,11,700.39,489.54,0,700.39,489.54,0.994,697.51,495.15,0.989,0.321546,0.278765,-0.017869,0.317671,0.266196,-0.011493,0.316608,0.265764,-0.011618,0.31548,0.265242,-0.011558,0.316579,0.266275,-0.035514,0.314892,0.265961,-0.035726,0.312994,0.265562,-0.03579,0.304196,0.268504,0.026131,0.302426,0.269208,-0.082411,0.316066,0.292967,0.00167,0.315115,0.293497,-0.030908,0.281698,0.336358,0.104456,0.298661,0.339525,-0.134116,0.285577,0.442593,0.136276,0.31355,0.440105,-0.176795,0.278206,0.510689,0.089304,0.363288,0.458477,-0.153632,0.276214,0.527473,0.089304,0.376278,0.46778,-0.175449,0.280199,0.530253,0.071899,0.379308,0.456086,-0.16404,0.28225,0.521996,0.081186,0.374011,0.4527,-0.147785,0.274919,0.525823,0.073739,0.292887,0.528896,-0.073873,0.261499,0.656006,0.091777,0.334245,0.650538,-0.042803,0.203436,0.768158,0.104288,0.337432,0.79973,-0.045384,0.186019,0.778613,0.103495,0.327261,0.826499,-0.04968,0.220682,0.803866,0.082678,0.37586,0.814213,-0.088893
1.5.26_EH_Fastball1,12,707.61,465.43,0,707.61,465.43,0.9921,709.63,473.4,0.9818,0.319611,0.274258,-0.023134,0.316043,0.261565,-0.016914,0.314995,0.261028,-0.017047,0.313883,0.260472,-0.01699,0.315184,0.261922,-0.041016,0.31358,0.261654,-0.041221,0.311769,0.261323,-0.041282,0.302544,0.264283,0.021262,0.300826,0.265075,-0.087719,0.314512,0.287861,-0.003382,0.313926,0.288129,-0.036005,0.280851,0.329859,0.101981,0.296472,0.331929,-0.137712,0.283867,0.433754,0.130466,0.317604,0.429533,-0.179686,0.279191,0.502427,0.079164,0.369597,0.438332,-0.155034,0.276126,0.52134,0.077945,0.383034,0.446149,-0.17772,0.278958,0.526746,0.059425,0.385714,0.434442,-0.1669,0.281239,0.517874,0.069947,0.380324,0.432415,-0.149504,0.279226,0.522322,0.071943,0.295119,0.524966,-0.072081,0.265829,0.653697,0.08952,0.333699,0.650746,-0.035039,0.208321,0.761732,0.104018,0.337676,0.799679,-0.024853,0.190893,0.770654,0.10338,0.327747,0.826199,-0.027613,0.222517,0.803862,0.079704,0.375609,0.815768,-0.076274
1.5.26_EH_Fastball1,13,715.18,442.91,0,715.18,442.91,0.9941,718.18,452.83,0.974,0.316643,0.269993,-0.030452,0.313921,0.257547,-0.021396,0.312934,0.256852,-0.021513,0.311883,0.256099,-0.021453,0.313248,0.257863,-0.047276,0.311761,0.257505,-0.04749,0.310103,0.257069,-0.047564,0.300873,0.258586,0.016349,0.298898,0.259387,-0.092974,0.311932,0.283349,-0.009529,0.31148,0.283339,-0.043494,0.279451,0.323945,0.092495,0.293284,0.323775,-0.144385,0.284212,0.424093,0.126787,0.321525,0.415216,-0.188412,0.28097,0.491548,0.078475,0.374051,0.41929,-0.170326,0.27738,0.512413,0.078075,0.389142,0.422404,-0.191413,0.282385,0.511987,0.062947,0.39102,0.410327,-0.178875,0.283765,0.503451,0.071003,0.384645,0.410386,-0.164288,0.283104,0.517506,0.071044,0.296971,0.519502,-0.071184,0.270927,0.648606,0.09341,0.33311,0.650686,-0.034313,0.213104,0.756158,0.113867,0.337994,0.799177,-0.016364,0.195653,0.76326,0.113707,0.327753,0.825015,-0.017519,0.224522,0.803939,0.088477,0.376104,0.817573,-0.071622
1.5.26_EH_Fastball1,14,720.19,420.83,0,720.19,420.83,0.9926,724.46,426.56,0.9653,0.315241,0.267397,-0.046123,0.312448,0.254531,-0.039611,0.311438,0.25413,-0.039747,0.310423,0.253668,-0.03972,0.311658,0.254371,-0.065828,0.310232,0.253976,-0.066036,0.308658,0.253577,-0.0661,0.299426,0.255382,0.002738,0.297393,0.255771,-0.112596,0.310519,0.280514,-0.023463,0.309861,0.280468,-0.058533,0.277923,0.319163,0.087597,0.289637,0.319271,-0.159951,0.313702,0.392496,0.100444,0.32556,0.401601,-0.207217,0.355646,0.395912,0.017827,0.377323,0.394962,-0.183466,0.363359,0.40239,0.012229,0.39273,0.397133,-0.204646,0.365659,0.399094,-0.00359,0.393884,0.386809,-0.194128,0.362558,0.400125,0.008358,0.387354,0.385993,-0.178488,0.287503,0.514444,0.072242,0.299875,0.515195,-0.072362,0.275711,0.644897,0.097765,0.332426,0.650628,-0.04648,0.216927,0.752357,0.131969,0.33806,0.799134,-0.020431,0.199525,0.759211,0.134676,0.327653,0.825118,-0.020982,0.225944,0.804542,0.108857,0.376207,0.82009,-0.077057
1.5.26_EH_Fastball1,15,724.13,395.95,0,724.13,395.95,0.9907,731.71,402.1,0.9624,0.313038,0.266876,-0.053578,0.310531,0.253556,-0.04771,0.309479,0.253057,-0.047847,0.30849,0.252474,-0.047822,0.309956,0.253417,-0.074388,0.308657,0.252919,-0.074598,0.307339,0.25234,-0.074669,0.298299,0.252883,-0.002955,0.296704,0.253266,-0.122638,0.308229,0.279312,-0.030036,0.307721,0.27927,-0.066172,0.274223,0.314916,0.085436,0.287824,0.313614,-0.169972,0.320825,0.371454,0.089887,0.328072,0.386593,-0.223448,0.369803,0.363537,-0.000991,0.381101,0.372317,-0.208573,0.37769,0.366525,-0.007631,0.397094,0.373596,-0.233646,0.379963,0.363205,-0.024853,0.398073,0.364062,-0.222424,0.376803,0.36635,-0.011232,0.391808,0.363867,-0.203842,0.288763,0.50895,0.072633,0.303079,0.508726,-0.07272,0.278321,0.640534,0.113687,0.33126,0.650374,-0.063845,0.222908,0.748811,0.1789,0.337932,0.797918,-0.027199,0.205272,0.754321,0.183548,0.327548,0.824332,-0.026561,0.22902,0.804532,0.15256,0.376487,0.822267,-0.088962
1.5.26_EH_Fastball1,16,735.87,368.69,0,735.87,368.69,0.9901,737.54,375.68,0.9634,0.311917,0.2639,-0.051056,0.30931,0.250324,-0.046239,0.308045,0.249646,-0.046383,0.306818,0.248867,-0.046365,0.30903,0.250268,-0.074311,0.307716,0.249709,-0.074518,0.306392,0.249039,-0.07458,0.296425,0.248736,-0.00204,0.295455,0.249156,-0.121044,0.307054,0.275259,-0.027462,0.306697,0.275155,-0.064977,0.272449,0.312244,0.087786,0.286631,0.308076,-0.170174,0.324147,0.353405,0.097339,0.33209,0.371585,-0.218422,0.375738,0.335496,0.007546,0.384135,0.347854,-0.199822,0.383131,0.331569,0.001793,0.399563,0.34724,-0.224714,0.388143,0.325459,-0.01623,0.399965,0.334393,-0.213089,0.382955,0.327517,-0.002881,0.394301,0.335027,-0.194805,0.290199,0.505396,0.073845,0.306554,0.503648,-0.073993,0.281883,0.637866,0.124892,0.330456,0.650272,-0.070764,0.228084,0.744983,0.193108,0.338428,0.797582,-0.030868,0.211883,0.749541,0.19814,0.327747,0.823775,-0.029307,0.232011,0.804553,0.171011,0.37749,0.823963,-0.089201
1.5.26_EH_Fastball1,17,734.15,346.1,0,734.15,346.1,0.9954,739.39,354.74,0.9602,0.310436,0.263277,-0.038465,0.308032,0.249883,-0.033706,0.306767,0.249137,-0.033844,0.305481,0.248263,-0.033823,0.308218,0.249714,-0.061526,0.307225,0.249044,-0.061735,0.306214,0.248244,-0.061804,0.295238,0.247483,0.007066,0.295824,0.248081,-0.116745,0.306055,0.274094,-0.016372,0.306069,0.273949,-0.053889,0.269259,0.310167,0.094369,0.286979,0.304251,-0.169482,0.319673,0.34634,0.100618,0.335722,0.35736,-0.214414,0.363319,0.325044,0.023162,0.385097,0.328459,-0.193484,0.368872,0.326331,0.018955,0.399601,0.323754,-0.21736,0.371041,0.321492,0.000415,0.39977,0.312331,-0.205669,0.368851,0.325146,0.013106,0.393508,0.315627,-0.188297,0.291852,0.502413,0.074983,0.308867,0.500289,-0.075167,0.283946,0.636213,0.123003,0.330063,0.650159,-0.08274,0.232242,0.742808,0.181625,0.338734,0.796879,-0.049095,0.216701,0.745136,0.185841,0.327763,0.823277,-0.047257,0.234889,0.804309,0.159474,0.378624,0.824478,-0.104743
1.5.26_EH_Fastball1,18,737.78,317.01,0,737.78,317.01,0.9933,753.42,326.38,0.9607,0.309143,0.262127,-0.076633,0.306532,0.248856,-0.069725,0.305251,0.248157,-0.069881,0.303936,0.247325,-0.069837,0.306648,0.248805,-0.09765,0.305634,0.248236,-0.097855,0.304634,0.247507,-0.097933,0.293766,0.247817,-0.018678,0.294675,0.248407,-0.145478,0.305293,0.273317,-0.051316,0.305278,0.273245,-0.089405,0.271429,0.312001,0.077686,0.287438,0.308628,-0.1999,0.33299,0.319923,0.076966,0.343569,0.340954,-0.27287,0.379732,0.293234,-0.028501,0.392406,0.302202,-0.281296,0.391676,0.280952,-0.036445,0.404639,0.289095,-0.316112,0.392156,0.277411,-0.057712,0.402785,0.279372,-0.300988,0.389837,0.279988,-0.040465,0.398071,0.284047,-0.276525,0.294664,0.500509,0.078521,0.310053,0.500047,-0.07869,0.286228,0.635849,0.141315,0.329785,0.650438,-0.091874,0.235023,0.742142,0.224614,0.339676,0.796318,-0.047076,0.220995,0.746919,0.230739,0.328338,0.822231,-0.044673,0.23553,0.804305,0.189358,0.379017,0.825535,-0.111776
1.5.26_EH_Fastball1,19,736.66,290.8,0,736.66,290.8,0.9953,747.22,293.81,0.9625,0.307981,0.262321,-0.058688,0.305366,0.249214,-0.050586,0.304079,0.248519,-0.050783,0.302718,0.247742,-0.050767,0.305132,0.24926,-0.07976,0.303841,0.248636,-0.079999,0.302509,0.247808,-0.080111,0.292416,0.248283,0.004011,0.292031,0.248426,-0.130394,0.303841,0.273463,-0.031812,0.303871,0.273566,-0.071833,0.269364,0.314368,0.101784,0.287152,0.30564,-0.198812,0.317526,0.336289,0.19174,0.341845,0.318238,-0.253135,0.35186,0.321256,0.206151,0.389176,0.272042,-0.264977,0.357985,0.309524,0.22003,0.400662,0.256648,-0.294825,0.360679,0.304966,0.199712,0.399128,0.248717,-0.27804,0.359654,0.308111,0.198482,0.394936,0.253464,-0.259325,0.29486,0.49835,0.080963,0.311126,0.496733,-0.081134,0.289444,0.632276,0.139192,0.330431,0.650418,-0.104797,0.238664,0.739786,0.219692,0.340351,0.796187,-0.07989,0.224992,0.744311,0.219621,0.328838,0.821541,-0.078386,0.238169,0.802559,0.170341,0.379328,0.826798,-0.138351
1.5.26_EH_Fastball1,20,739.37,267.85,0,739.37,267.85,0.9936,749.89,264.1,0.9648,0.307929,0.261578,-0.054314,0.305029,0.248965,-0.046677,0.303857,0.248192,-0.046842,0.302614,0.247335,-0.046792,0.304597,0.249285,-0.0772,0.303328,0.248801,-0.077429,0.302038,0.2481,-0.077516,0.292212,0.249091,0.005855,0.292043,0.249545,-0.126249,0.304393,0.273172,-0.028244,0.304309,0.273146,-0.069684,0.269076,0.315743,0.101553,0.28831,0.306197,-0.188819,0.327234,0.319612,0.119886,0.345999,0.304068,-0.255438,0.373816,0.273926,0.017009,0.390566,0.24454,-0.256296,0.376137,0.269166,0.01266,0.402826,0.23157,-0.2885,0.377634,0.264453,-0.006413,0.400094,0.221209,-0.270484,0.376731,0.270772,0.006076,0.395467,0.225967,-0.250098,0.295326,0.495957,0.08289,0.312038,0.495612,-0.083062,0.29082,0.63271,0.137208,0.3307,0.65029,-0.115641,0.239975,0.739642,0.203785,0.34085,0.795972,-0.099679,0.226361,0.744756,0.207712,0.329073,0.821569,-0.099367,0.239147,0.801573,0.175594,0.379406,0.82671,-0.162038
1.5.26_EH_Fastball1,21,739.5,240.8,0,739.5,240.8,0.9962,747.71,242.84,0.9472,0.309434,0.262405,-0.072824,0.306279,0.249973,-0.064168,0.305132,0.249237,-0.064326,0.303898,0.248437,-0.064285,0.305773,0.250284,-0.093164,0.304437,0.249812,-0.093375,0.303047,0.249125,-0.093464,0.293431,0.250346,-0.007686,0.292866,0.250849,-0.139303,0.305528,0.27424,-0.045927,0.305334,0.274326,-0.085696,0.270596,0.315314,0.088767,0.288479,0.305329,-0.200425,0.334662,0.304275,0.08813,0.345832,0.293237,-0.294042,0.379904,0.239728,-0.018938,0.389432,0.224847,-0.316528,0.389137,0.220963,-0.027485,0.400139,0.208651,-0.353549,0.389421,0.217966,-0.046644,0.397909,0.20002,-0.33818,0.387497,0.221544,-0.030597,0.393997,0.204293,-0.312319,0.297712,0.497184,0.084414,0.312077,0.49754,-0.084569,0.290222,0.633522,0.144785,0.331365,0.650252,-0.114328,0.238314,0.740489,0.226376,0.340815,0.795866,-0.078225,0.224272,0.74181,0.232007,0.329052,0.821599,-0.076741,0.237666,0.801573,0.190469,0.380116,0.827986,-0.14611
1.5.26_EH_Fastball1,22,736.93,220.45,0,736.93,220.45,0.9961,744.99,227.23,0.9343,0.310501,0.260194,-0.084183,0.307049,0.248555,-0.075585,0.305894,0.247964,-0.075749,0.304629,0.247317,-0.075702,0.306558,0.248921,-0.104164,0.305202,0.248586,-0.104374,0.303793,0.248015,-0.104466,0.294215,0.250238,-0.019427,0.293529,0.250852,-0.150237,0.306294,0.272683,-0.057648,0.305953,0.273012,-0.096803,0.274715,0.314547,0.076476,0.289164,0.307163,-0.210628,0.335542,0.276566,0.075253,0.346483,0.274743,-0.304473,0.379937,0.21492,-0.027336,0.388016,0.210401,-0.327291,0.387481,0.191289,-0.036268,0.396013,0.191751,-0.366068,0.387833,0.18846,-0.056398,0.394272,0.186164,-0.350161,0.385856,0.197557,-0.039321,0.390482,0.191408,-0.323256,0.299558,0.49833,0.087251,0.31329,0.499533,-0.087364,0.290788,0.633912,0.172085,0.332359,0.6512,-0.101597,0.240221,0.739564,0.264491,0.341208,0.796133,-0.069611,0.226473,0.744278,0.270692,0.329971,0.821625,-0.069096,0.239812,0.798116,0.226052,0.379906,0.828776,-0.127925
1.5.26_EH_Fastball1,23,717.0,203.0,0,732.59,196.95,0.9925,741.56,203.94,0.9247,0.311293,0.261306,-0.111061,0.30714,0.249516,-0.10172,0.305986,0.248898,-0.101894,0.304731,0.248217,-0.101849,0.306728,0.249767,-0.13109,0.30538,0.249335,-0.131302,0.304034,0.248668,-0.13139,0.294569,0.250795,-0.04167,0.294276,0.251676,-0.176773,0.308481,0.273873,-0.083251,0.30827,0.274157,-0.123571,0.281433,0.3151,0.054874,0.29203,0.309772,-0.235859,0.335759,0.261716,0.056993,0.346189,0.262958,-0.334927,0.37865,0.194042,-0.047567,0.386231,0.188832,-0.36546,0.386347,0.172642,-0.058289,0.394264,0.173328,-0.408259,0.385743,0.165358,-0.080106,0.392108,0.164137,-0.39365,0.383568,0.172695,-0.060306,0.388939,0.16822,-0.362331,0.299258,0.499477,0.090584,0.313504,0.500056,-0.090641,0.287802,0.634671,0.207155,0.332625,0.653744,-0.116856,0.239091,0.740213,0.326042,0.34197,0.796541,-0.078173,0.226868,0.746154,0.334824,0.330858,0.821717,-0.076915,0.238918,0.79646,0.295983,0.380601,0.828981,-0.152932
1.5.26_EH_Fastball1,24,711.0,179.0,0,727.75,183.42,0.988,737.82,178.97,0.9259,0.311616,0.259756,-0.014864,0.307785,0.248234,-0.005497,0.30662,0.247849,-0.005669,0.305359,0.247406,-0.005601,0.307224,0.248223,-0.034716,0.305786,0.247864,-0.034902,0.304287,0.247274,-0.034952,0.295074,0.251038,0.040619,0.295355,0.251602,-0.092618,0.308729,0.272051,0.007493,0.308974,0.272023,-0.032297,0.281229,0.31602,0.104299,0.29885,0.304241,-0.17559,0.267444,0.320251,0.087649,0.348343,0.246551,-0.286314,0.307338,0.387184,-0.023748,0.384281,0.165716,-0.29614,0.309877,0.40441,-0.025349,0.392391,0.14702,-0.325538,0.313961,0.398488,-0.043798,0.390256,0.143364,-0.327134,0.313163,0.400629,-0.033444,0.386775,0.14653,-0.294908,0.298775,0.499863,0.089551,0.31384,0.50114,-0.08962,0.286137,0.634583,0.139814,0.332291,0.653633,-0.103961,0.237073,0.740366,0.181175,0.341659,0.797617,-0.084049,0.223525,0.745774,0.182779,0.330654,0.822906,-0.085275,0.238757,0.796656,0.138401,0.380331,0.829059,-0.155822
1.5.26_EH_Fastball1,25,702.0,164.0,0,716.88,167.43,0.9879,732.17,163.25,0.9188,0.311672,0.253112,0.009903,0.308246,0.242731,0.017117,0.307085,0.242729,0.016949,0.305777,0.242688,0.017018,0.30729,0.242563,-0.010031,0.306243,0.242481,-0.010214,0.305286,0.242174,-0.010266,0.295183,0.248388,0.05341,0.298401,0.248197,-0.070084,0.309206,0.265226,0.028806,0.310185,0.264777,-0.008213,0.281169,0.315821,0.110713,0.305137,0.296425,-0.148937,0.254457,0.357282,0.094317,0.351008,0.22695,-0.234157,0.293131,0.432198,-0.004954,0.381339,0.151159,-0.19963,0.294867,0.448707,-0.011178,0.389949,0.135173,-0.227995,0.29779,0.444816,-0.030932,0.387911,0.13223,-0.212204,0.297714,0.439601,-0.015583,0.384147,0.135065,-0.19427,0.296575,0.500452,0.089184,0.314095,0.502047,-0.08924,0.283551,0.635143,0.138456,0.331967,0.654127,-0.097996,0.23521,0.740851,0.184294,0.341441,0.797775,-0.078684,0.221447,0.745808,0.186957,0.330484,0.823118,-0.079559,0.237512,0.797005,0.144673,0.380291,0.830415,-0.147121
1.5.26_EH_Fastball1,26,691.0,153.0,0,702.22,155.98,0.989,728.04,156.41,0.8857,0.313544,0.2497,-0.084801,0.309125,0.239814,-0.07571,0.307839,0.240028,-0.075904,0.306414,0.240255,-0.075858,0.308728,0.239692,-0.107271,0.307926,0.23989,-0.107486,0.307242,0.239947,-0.107558,0.297155,0.247654,-0.019866,0.301441,0.247818,-0.163697,0.311771,0.263059,-0.058418,0.312571,0.262685,-0.101529,0.286616,0.311532,0.062585,0.303354,0.300705,-0.224203,0.319862,0.243726,0.055134,0.346669,0.229299,-0.329054,0.353015,0.168633,-0.058618,0.379185,0.144821,-0.35605,0.359449,0.149884,-0.072224,0.389596,0.124927,-0.397166,0.357819,0.145467,-0.093374,0.385164,0.122515,-0.384439,0.354435,0.150906,-0.071715,0.381355,0.128364,-0.354052,0.297658,0.501019,0.09058,0.31209,0.502517,-0.090639,0.281231,0.63548,0.150967,0.331925,0.654001,-0.094324,0.232617,0.742224,0.216985,0.341563,0.798171,-0.058918,0.218512,0.747444,0.219875,0.330641,0.823694,-0.058193,0.236747,0.801975,0.15944,0.380092,0.831833,-0.13259
1.5.26_EH_Fastball1,27,684.0,142.0,0,697.15,146.72,0.9768,727.45,140.38,0.8862,0.313837,0.246027,-0.024895,0.309383,0.236722,-0.01588,0.308083,0.237347,-0.016048,0.306637,0.238008,-0.015994,0.308937,0.235923,-0.046927,0.308499,0.236094,-0.047155,0.308197,0.23617,-0.047213,0.297469,0.246582,0.028491,0.303528,0.245138,-0.113452,0.312785,0.259514,-0.003225,0.313777,0.258215,-0.045489,0.289857,0.310976,0.103353,0.304165,0.296109,-0.201433,0.339929,0.226111,0.056693,0.345914,0.217335,-0.292579,0.369005,0.140593,-0.022903,0.378879,0.129986,-0.300856,0.375956,0.121535,-0.033659,0.386177,0.108957,-0.329831,0.373194,0.115162,-0.052926,0.380335,0.106144,-0.317086,0.369051,0.122986,-0.035011,0.37644,0.114062,-0.29504,0.296663,0.501275,0.09176,0.310442,0.503128,-0.091852,0.279907,0.635563,0.150449,0.331819,0.653911,-0.092036,0.230897,0.743293,0.197125,0.341613,0.79848,-0.058582,0.217757,0.749307,0.197847,0.330512,0.824006,-0.058135,0.236353,0.805631,0.14063,0.3804,0.833667,-0.128781
1.5.26_EH_Fastball1,28,682.0,136.0,0,696.87,142.57,0.9661,723.71,136.58,0.8774,0.316757,0.246939,-0.023321,0.311176,0.235942,-0.013909,0.309692,0.23653,-0.014081,0.30816,0.237118,-0.014029,0.311334,0.235046,-0.04493,0.311026,0.235146,-0.045161,0.310781,0.235138,-0.04523,0.300466,0.245287,0.032773,0.305899,0.2437,-0.109414,0.315722,0.259597,-0.000728,0.316482,0.258306,-0.043046,0.290212,0.308813,0.107767,0.303554,0.292924,-0.201015,0.339561,0.221163,0.073916,0.344974,0.213518,-0.279233,0.366788,0.133427,-0.022269,0.376933,0.126465,-0.291625,0.371307,0.113346,-0.035721,0.379944,0.104665,-0.327043,0.370052,0.106433,-0.053871,0.374261,0.099772,-0.313186,0.367973,0.114424,-0.0345,0.37248,0.108024,-0.288077,0.295202,0.501349,0.091873,0.309,0.503562,-0.091962,0.278095,0.634948,0.149384,0.33061,0.653775,-0.090374,0.230079,0.743825,0.201406,0.341553,0.798541,-0.058536,0.212252,0.750647,0.202938,0.330543,0.824402,-0.057769,0.235872,0.806061,0.148048,0.380429,0.833862,-0.125573
1.5.26_EH_Fastball1,29,673.0,130.0,0,694.34,134.81,0.9617,719.26,134.17,0.8885,0.321344,0.249133,0.029579,0.315524,0.237872,0.040245,0.31424,0.238286,0.040045,0.31288,0.238695,0.040146,0.31554,0.237149,0.011398,0.314994,0.23718,0.011184,0.31445,0.237102,0.011115,0.305572,0.246087,0.084752,0.308845,0.244761,-0.046358,0.319661,0.261462,0.051585,0.319928,0.260363,0.01211,0.289255,0.309963,0.14917,0.30692,0.288887,-0.127329,0.272237,0.306854,0.189987,0.345384,0.208899,-0.220653,0.257553,0.375961,0.153004,0.374616,0.124227,-0.23124,0.257099,0.382513,0.153752,0.376508,0.102764,-0.267426,0.257876,0.382914,0.134958,0.371484,0.098697,-0.247698,0.258141,0.380438,0.144572,0.370157,0.106026,-0.226121,0.293925,0.500318,0.091677,0.307919,0.503572,-0.091787,0.273567,0.634377,0.127567,0.329136,0.653224,-0.102168,0.227641,0.744488,0.177948,0.341535,0.799045,-0.089557,0.208731,0.751461,0.180346,0.330733,0.825519,-0.0919,0.235517,0.806027,0.125315,0.381044,0.834183,-0.176057
1.5.26_EH_Fastball1,30,676.0,126.0,0,691.83,136.46,0.9665,717.0,138.48,0.8956,0.324513,0.25001,0.025614,0.319118,0.239073,0.037103,0.317899,0.239385,0.036897,0.316641,0.239679,0.036991,0.319044,0.238359,0.007203,0.318258,0.238267,0.007001,0.31747,0.238057,0.006929,0.309802,0.246169,0.085721,0.311488,0.244817,-0.05027,0.322558,0.262828,0.049143,0.32244,0.261918,0.008288,0.288565,0.310837,0.15702,0.30802,0.291968,-0.131085,0.2604,0.347909,0.219333,0.344688,0.214557,-0.232535,0.237738,0.418587,0.193658,0.37344,0.128224,-0.26957,0.236527,0.432212,0.196546,0.375282,0.105992,-0.309817,0.237974,0.432456,0.176257,0.370637,0.101204,-0.289688,0.239186,0.428183,0.185119,0.36936,0.108439,-0.264734,0.293246,0.50066,0.095903,0.307061,0.503778,-0.096042,0.267167,0.63467,0.120222,0.328643,0.653182,-0.110439,0.221541,0.745386,0.171413,0.341521,0.799054,-0.093598,0.202576,0.75486,0.173907,0.330665,0.825753,-0.09584,0.235285,0.80732,0.112895,0.381135,0.83537,-0.186282
1.5.26_EH_Fastball1,31,669.0,122.0,0,683.95,129.61,0.9686,714.15,136.02,0.9047,0.325924,0.253196,0.036454,0.321088,0.240735,0.048475,0.319977,0.24087,0.048267,0.318862,0.241005,0.048354,0.320867,0.240426,0.018686,0.319963,0.240403,0.018485,0.319083,0.240199,0.018408,0.311999,0.247558,0.097994,0.312982,0.24647,-0.037452,0.323693,0.264132,0.060285,0.323285,0.263082,0.019559,0.289322,0.311035,0.171833,0.308692,0.294169,-0.117348,0.263218,0.364449,0.259273,0.344689,0.215947,-0.232618,0.236981,0.416933,0.261836,0.371954,0.125947,-0.292761,0.229529,0.432924,0.268968,0.373246,0.099081,-0.335224,0.229858,0.433605,0.249639,0.368884,0.093722,-0.315629,0.233229,0.427571,0.254636,0.367286,0.102567,-0.288686,0.292878,0.50093,0.097118,0.304301,0.503807,-0.097255,0.263366,0.634938,0.094965,0.328453,0.653163,-0.124721,0.216193,0.747869,0.145802,0.341756,0.800481,-0.110603,0.197564,0.758463,0.148804,0.330806,0.827973,-0.11282,0.235199,0.80954,0.089509,0.381,0.836887,-0.20156
1.5.26_EH_Fastball1,32,672.0,123.0,0,689.96,131.62,0.972,710.27,132.83,0.912,0.328851,0.265906,0.051927,0.324593,0.253086,0.06288,0.323706,0.252797,0.062682,0.322767,0.252647,0.062787,0.324313,0.253089,0.034507,0.323504,0.25271,0.034303,0.3227,0.252157,0.034249,0.316342,0.256887,0.106652,0.317305,0.255719,-0.022047,0.326284,0.273865,0.073951,0.325888,0.272917,0.035028,0.289466,0.312104,0.169269,0.309285,0.296105,-0.095583,0.261269,0.378221,0.227363,0.343261,0.214445,-0.203866,0.226685,0.423457,0.196849,0.369934,0.122994,-0.239697,0.217084,0.435842,0.197732,0.370995,0.096617,-0.280015,0.216983,0.433822,0.179964,0.367409,0.094828,-0.255844,0.22135,0.429078,0.189162,0.365965,0.102058,-0.234051,0.290411,0.501384,0.096631,0.299537,0.503985,-0.09673,0.260568,0.636537,0.085992,0.328161,0.652402,-0.124313,0.212304,0.751617,0.125839,0.341869,0.800757,-0.121294,0.195019,0.763131,0.127669,0.33103,0.829704,-0.12448,0.23393,0.814696,0.070783,0.382045,0.837243,-0.208166
1.5.26_EH_Fastball1,33,681.0,127.0,0,692.08,131.89,0.9782,709.63,140.97,0.9164,0.330648,0.27826,0.033851,0.326561,0.265011,0.043993,0.325639,0.264268,0.043796,0.324674,0.263694,0.0439,0.326235,0.265545,0.015659,0.325288,0.264968,0.015445,0.32433,0.264184,0.015367,0.318086,0.266622,0.08784,0.318139,0.266575,-0.040824,0.327975,0.286184,0.056061,0.32756,0.285414,0.01717,0.290231,0.314966,0.152474,0.308795,0.298524,-0.113501,0.260873,0.386127,0.200031,0.342733,0.220312,-0.215002,0.222485,0.420632,0.163285,0.369597,0.130529,-0.24346,0.211903,0.42743,0.163209,0.370806,0.103908,-0.283765,0.211238,0.425158,0.145151,0.367606,0.102936,-0.259034,0.216428,0.421553,0.155185,0.366022,0.110336,-0.23748,0.287699,0.504626,0.09599,0.294973,0.507391,-0.096068,0.25738,0.642493,0.08699,0.327802,0.652828,-0.115097,0.210133,0.756044,0.127031,0.34185,0.801103,-0.104735,0.19239,0.766273,0.128626,0.331031,0.831144,-0.107003,0.228667,0.818608,0.069983,0.381668,0.837718,-0.188673
1.5.26_EH_Fastball1,34,692.0,133.0,0,700.13,134.99,0.9771,709.42,147.97,0.9119,0.333582,0.289926,0.016786,0.330335,0.276161,0.026429,0.329425,0.275235,0.026254,0.328434,0.274454,0.026346,0.330003,0.27666,0.000199,0.329026,0.275894,4.3e-05,0.327996,0.274926,8e-06,0.321125,0.275264,0.070947,0.32064,0.275246,-0.041234,0.330048,0.297319,0.038651,0.329594,0.29661,0.002677,0.29459,0.315756,0.142168,0.307891,0.300659,-0.119705,0.321536,0.255745,0.142481,0.34264,0.224665,-0.254268,0.342351,0.179547,-0.001442,0.369489,0.137013,-0.279092,0.347517,0.158265,-0.015473,0.370992,0.110747,-0.317331,0.34499,0.151441,-0.035292,0.367866,0.106819,-0.300121,0.342677,0.158265,-0.01442,0.366066,0.116027,-0.274934,0.28571,0.509614,0.095102,0.290717,0.510144,-0.095179,0.254258,0.650132,0.093624,0.327588,0.653682,-0.11021,0.208657,0.765777,0.12112,0.341797,0.80291,-0.094365,0.190019,0.775072,0.119974,0.331118,0.833288,-0.095725,0.223126,0.8242,0.068299,0.381695,0.839566,-0.172384
1.5.26_EH_Fastball1,35,696.0,145.0,0,711.02,147.84,0.9806,711.31,152.91,0.9066,0.334582,0.288227,-0.003823,0.330959,0.275266,0.008003,0.32993,0.274712,0.00779,0.328883,0.274253,0.007857,0.330593,0.275595,-0.023841,0.329427,0.2751,-0.024093,0.328212,0.274417,-0.024185,0.321017,0.275885,0.06455,0.320161,0.275839,-0.078074,0.330543,0.296409,0.022459,0.329982,0.295848,-0.021168,0.299171,0.315951,0.140913,0.307648,0.304458,-0.151436,0.336188,0.23723,0.121442,0.343378,0.228457,-0.280398,0.365524,0.157737,-0.026118,0.370474,0.14158,-0.308351,0.371,0.136201,-0.041317,0.373311,0.115246,-0.349075,0.368735,0.131984,-0.063967,0.369916,0.110544,-0.333845,0.367043,0.138171,-0.040452,0.368378,0.119586,-0.305041,0.283307,0.514133,0.094625,0.287751,0.514505,-0.094718,0.251994,0.65378,0.099799,0.327423,0.654002,-0.109499,0.206588,0.774516,0.128269,0.341808,0.805038,-0.089333,0.188009,0.78533,0.126741,0.331077,0.835007,-0.090111,0.22102,0.830993,0.075656,0.382111,0.840578,-0.169103
1.5.26_EH_Fastball1,36,709.0,160.0,0,721.1,165.51,0.9845,716.53,162.78,0.8984,0.334147,0.286177,-0.021816,0.330042,0.27355,-0.009851,0.328867,0.273103,-0.010075,0.327691,0.27275,-0.010005,0.329744,0.273786,-0.04248,0.328464,0.273361,-0.042751,0.32713,0.272779,-0.042854,0.31941,0.275388,0.049222,0.318677,0.275638,-0.099107,0.329966,0.294945,0.004974,0.329465,0.294519,-0.039697,0.299537,0.316052,0.128734,0.307356,0.3091,-0.169319,0.341581,0.240251,0.106059,0.345126,0.232092,-0.289574,0.374766,0.16512,-0.036553,0.373194,0.150719,-0.322355,0.381736,0.144432,-0.053304,0.379468,0.127902,-0.363319,0.379881,0.137893,-0.075291,0.375559,0.122833,-0.349715,0.376986,0.144414,-0.050761,0.373099,0.130402,-0.319845,0.280218,0.51823,0.094108,0.286188,0.518708,-0.094211,0.249938,0.656334,0.114245,0.327415,0.65411,-0.0859,0.203416,0.781152,0.141699,0.341838,0.804975,-0.06559,0.186739,0.794584,0.136763,0.331101,0.834805,-0.066777,0.219373,0.8369,0.085365,0.382009,0.840698,-0.135286
1.5.26_EH_Fastball1,37,723.0,174.0,0,730.59,185.29,0.9816,728.9,175.04,0.8834,0.333579,0.287136,-0.020459,0.329094,0.2744,-0.009113,0.327869,0.274236,-0.009332,0.326653,0.274173,-0.009263,0.328875,0.274446,-0.041492,0.327588,0.274211,-0.04177,0.32626,0.273884,-0.04187,0.318265,0.277992,0.047883,0.317726,0.278415,-0.098603,0.329422,0.296434,0.005501,0.328993,0.296155,-0.03881,0.298578,0.319208,0.128451,0.307456,0.316156,-0.168809,0.343032,0.248081,0.105551,0.346413,0.238599,-0.278348,0.380695,0.176927,-0.030494,0.379637,0.162073,-0.302312,0.387985,0.157314,-0.046452,0.387207,0.142563,-0.339725,0.386902,0.150012,-0.066536,0.383875,0.136938,-0.324114,0.383591,0.158043,-0.043806,0.381059,0.143566,-0.298172,0.277034,0.522815,0.093034,0.285753,0.524271,-0.093156,0.249327,0.659956,0.113578,0.328014,0.655434,-0.07199,0.200596,0.785859,0.141324,0.342035,0.806309,-0.053137,0.183526,0.80093,0.138921,0.331157,0.836765,-0.054257,0.218152,0.837465,0.09096,0.381964,0.840859,-0.112455
1.5.26_EH_Fastball1,38,741.0,194.0,0,748.29,204.2,0.9845,746.69,186.14,0.8812,0.3333,0.295226,0.023588,0.329258,0.281911,0.034044,0.328035,0.281513,0.033831,0.326837,0.281255,0.033904,0.329065,0.281462,0.004616,0.327815,0.280829,0.004319,0.326561,0.280161,0.004186,0.318192,0.283169,0.081211,0.318027,0.283225,-0.053206,0.328928,0.304066,0.046765,0.328551,0.303797,0.006148,0.297999,0.32772,0.160092,0.308209,0.323004,-0.11999,0.300757,0.387982,0.281835,0.349216,0.244437,-0.221881,0.312966,0.414433,0.334289,0.388903,0.172356,-0.236399,0.309081,0.417824,0.356097,0.397531,0.15442,-0.26642,0.315917,0.418546,0.330799,0.394579,0.148907,-0.244059,0.319112,0.414184,0.326002,0.391334,0.154836,-0.229265,0.27425,0.529905,0.089843,0.285195,0.533146,-0.09001,0.248372,0.66521,0.096783,0.329791,0.656559,-0.081289,0.198476,0.790245,0.115317,0.342468,0.810518,-0.108114,0.181128,0.807033,0.114607,0.331571,0.840119,-0.112234,0.218008,0.837961,0.074104,0.382381,0.842724,-0.171127
1.5.26_EH_Fastball1,39,758.0,219.0,0,764.2,230.87,0.9846,765.36,188.22,0.8743,0.332687,0.296263,0.098139,0.32851,0.282985,0.105015,0.327285,0.282821,0.104811,0.326078,0.282655,0.104871,0.328363,0.282106,0.080677,0.327198,0.281516,0.080354,0.326094,0.280839,0.080241,0.317595,0.284912,0.1317,0.318375,0.283909,0.019972,0.328338,0.30591,0.113675,0.328011,0.305263,0.079808,0.291047,0.342211,0.186126,0.313506,0.323636,-0.050998,0.271253,0.422675,0.313739,0.356897,0.248016,-0.122303,0.289714,0.463556,0.385719,0.398625,0.174281,-0.11764,0.286501,0.467151,0.408334,0.4096,0.155767,-0.138719,0.294412,0.466134,0.386558,0.407382,0.151932,-0.121082,0.297637,0.461435,0.379559,0.402699,0.156731,-0.111686,0.269746,0.533062,0.079025,0.285684,0.536809,-0.079275,0.247534,0.668679,0.076363,0.331323,0.656855,-0.095203,0.197177,0.794053,0.085494,0.342724,0.810655,-0.134762,0.178936,0.8118,0.084444,0.331666,0.840313,-0.139288,0.217891,0.838935,0.04206,0.382312,0.843173,-0.201333
1.5.26_EH_Fastball1,40,782.0,243.0,0,778.95,247.69,0.9866,783.53,224.07,0.8591,0.332462,0.306238,0.067831,0.32903,0.293486,0.077741,0.327838,0.293143,0.077542,0.326709,0.292796,0.077603,0.328919,0.292009,0.049849,0.327865,0.290937,0.049561,0.326883,0.289755,0.049454,0.318545,0.293139,0.121025,0.319336,0.289938,-0.006792,0.328195,0.315202,0.089629,0.32795,0.314356,0.051053,0.287964,0.349187,0.190622,0.312615,0.331574,-0.076304,0.263909,0.425911,0.317979,0.359961,0.266806,-0.167473,0.280495,0.470783,0.375613,0.408088,0.207471,-0.17083,0.27694,0.477069,0.396997,0.419941,0.19522,-0.197806,0.283857,0.476079,0.374135,0.417804,0.190473,-0.177894,0.287144,0.470631,0.368479,0.413194,0.194602,-0.164201,0.268937,0.538706,0.079625,0.285282,0.540437,-0.079859,0.247423,0.674292,0.070816,0.334737,0.657456,-0.104313,0.196078,0.798275,0.064452,0.343079,0.813241,-0.149111,0.177638,0.815493,0.061729,0.331859,0.842266,-0.154871,0.21791,0.840249,0.020703,0.383126,0.843521,-0.21597
1.5.26_EH_Fastball1,41,785.0,278.0,0,789.03,289.23,0.9789,794.91,272.28,0.8414,0.332331,0.311708,0.071002,0.328914,0.299813,0.081312,0.327758,0.299046,0.081129,0.326474,0.298321,0.081172,0.328625,0.299183,0.05301,0.327544,0.298102,0.052729,0.326519,0.296942,0.052638,0.318301,0.298673,0.125098,0.318848,0.297812,-0.005014,0.327551,0.32132,0.092671,0.327712,0.320461,0.053529,0.281726,0.356909,0.192314,0.311879,0.339602,-0.074455,0.262839,0.436522,0.335256,0.362618,0.293484,-0.171768,0.285101,0.461188,0.421985,0.414016,0.252113,-0.181735,0.283884,0.461501,0.446634,0.427078,0.241172,-0.208076,0.290253,0.457457,0.425162,0.425516,0.233537,-0.188701,0.292827,0.454314,0.415875,0.421896,0.236719,-0.175283,0.268448,0.54681,0.078811,0.28523,0.547434,-0.079027,0.247772,0.681591,0.066901,0.339085,0.658325,-0.103772,0.195429,0.800974,0.056991,0.344117,0.813783,-0.135259,0.176974,0.815865,0.05449,0.331985,0.84221,-0.139434,0.21614,0.841871,0.020779,0.383399,0.844146,-0.194351
1.5.26_EH_Fastball1,42,798.78,316.13,0,798.78,316.13,0.9604,810.79,312.31,0.8494,0.331933,0.310728,0.04389,0.328448,0.297529,0.057839,0.327278,0.296771,0.057661,0.326003,0.296067,0.057692,0.3282,0.297318,0.028915,0.32713,0.296511,0.028676,0.326132,0.295658,0.028559,0.318028,0.297,0.12277,0.318456,0.297065,-0.01011,0.327286,0.321395,0.070522,0.327412,0.321078,0.031527,0.282187,0.356847,0.178471,0.310568,0.346393,-0.09485,0.263208,0.435556,0.267943,0.366758,0.320078,-0.217458,0.276223,0.487161,0.291849,0.422285,0.289177,-0.232319,0.274924,0.499281,0.30543,0.435014,0.278089,-0.262303,0.280434,0.498377,0.2846,0.433941,0.272622,-0.23857,0.282749,0.491096,0.284244,0.430788,0.275434,-0.22371,0.269545,0.547017,0.079258,0.285083,0.548259,-0.079453,0.247985,0.685237,0.070308,0.341671,0.658403,-0.071531,0.195469,0.799904,0.068399,0.344755,0.813396,-0.070378,0.177499,0.814138,0.066063,0.332115,0.84191,-0.071933,0.215272,0.845489,0.026361,0.383414,0.844218,-0.123155
1.5.26_EH_Fastball1,43,808.76,362.23,0,808.76,362.23,0.9647,817.48,362.74,0.8613,0.331736,0.311421,0.014225,0.328154,0.297652,0.024421,0.326972,0.296887,0.024264,0.325708,0.296149,0.024312,0.328037,0.297594,-0.003873,0.327083,0.296945,-0.004092,0.325918,0.29621,-0.004163,0.317979,0.296651,0.078045,0.317322,0.297306,-0.050874,0.327205,0.32249,0.03927,0.32726,0.322798,0.000964,0.282427,0.35634,0.151281,0.310137,0.350009,-0.123413,0.265799,0.427699,0.243778,0.368369,0.346297,-0.229062,0.272048,0.456666,0.246826,0.425772,0.335867,-0.242376,0.2685,0.462944,0.255856,0.440101,0.330934,-0.272743,0.273375,0.458491,0.23699,0.440363,0.320766,-0.252498,0.276928,0.454168,0.239084,0.435293,0.323135,-0.234949,0.270177,0.547063,0.079361,0.285162,0.54855,-0.079526,0.252319,0.686,0.073694,0.343487,0.658415,-0.062397,0.196238,0.79841,0.071713,0.345645,0.813311,-0.056796,0.178497,0.811621,0.069194,0.332749,0.841593,-0.057974,0.215707,0.845764,0.031798,0.384103,0.844752,-0.107541
1.5.26_EH_Fastball1,44,806.8,404.26,0,806.8,404.26,0.9753,816.32,407.23,0.8694,0.331698,0.313293,-0.010556,0.328225,0.298529,-0.00153,0.327056,0.297838,-0.001692,0.32579,0.297208,-0.001638,0.327938,0.298479,-0.02911,0.326861,0.297952,-0.029329,0.325626,0.297377,-0.02941,0.317503,0.298457,0.048884,0.317238,0.299456,-0.075868,0.32711,0.32534,0.013942,0.32702,0.325526,-0.023382,0.283265,0.35573,0.129922,0.308407,0.353802,-0.144486,0.268669,0.436869,0.192283,0.36907,0.371322,-0.238723,0.27431,0.477436,0.187542,0.425165,0.377068,-0.247434,0.271763,0.488402,0.192066,0.441568,0.376605,-0.278209,0.276403,0.485456,0.17576,0.443154,0.368034,-0.260734,0.27938,0.479683,0.180469,0.436678,0.368193,-0.240831,0.272243,0.550424,0.079055,0.285456,0.553453,-0.079207,0.259665,0.687574,0.078256,0.34544,0.659065,-0.026803,0.196883,0.797055,0.081851,0.347282,0.813054,0.002608,0.179543,0.809328,0.07977,0.334544,0.840546,0.003493,0.217783,0.847418,0.041579,0.38522,0.846257,-0.043674
1.5.26_EH_Fastball1,45,791.11,448.22,0,791.11,448.22,0.9619,809.51,445.25,0.8794,0.331559,0.312668,-0.054216,0.328273,0.298315,-0.048076,0.327128,0.297722,-0.048222,0.325874,0.297156,-0.048186,0.327929,0.298217,-0.073372,0.326771,0.297718,-0.073577,0.325477,0.297191,-0.073631,0.317137,0.299053,-0.002341,0.317131,0.300238,-0.116119,0.326986,0.325463,-0.031441,0.326838,0.325242,-0.065602,0.288196,0.354796,0.087489,0.306177,0.357493,-0.17275,0.345058,0.428687,0.093144,0.36703,0.390247,-0.240135,0.400744,0.448636,0.012098,0.421621,0.412271,-0.244033,0.411129,0.47774,0.006916,0.43657,0.417915,-0.274901,0.416044,0.472618,-0.016943,0.437813,0.410841,-0.25818,0.411474,0.465152,-0.00047,0.431589,0.41055,-0.237783,0.276287,0.552548,0.078041,0.286495,0.555337,-0.078207,0.267125,0.689918,0.08352,0.347304,0.659039,-0.033516,0.19801,0.796021,0.085236,0.349743,0.812981,0.002308,0.180139,0.808718,0.083363,0.336747,0.838109,0.004126,0.218039,0.850204,0.052973,0.386624,0.848038,-0.03645
1.5.26_EH_Fastball1,46,775.0,487.0,0,771.31,485.0,0.968,798.12,491.36,0.8792,0.332017,0.311743,-0.028718,0.328829,0.297603,-0.022132,0.327753,0.296896,-0.02228,0.326595,0.296166,-0.022233,0.328148,0.297571,-0.047627,0.326837,0.297042,-0.04784,0.325429,0.296503,-0.0479,0.316873,0.298524,0.015932,0.316788,0.299807,-0.096916,0.32754,0.325597,-0.008088,0.327005,0.325457,-0.042567,0.288238,0.357757,0.088915,0.307499,0.360855,-0.159087,0.341144,0.455826,0.115183,0.364953,0.410339,-0.235175,0.33741,0.524916,0.077327,0.415688,0.454961,-0.224553,0.337101,0.547714,0.076949,0.429078,0.46422,-0.250396,0.339725,0.545026,0.059608,0.429458,0.457105,-0.238752,0.341755,0.53643,0.069145,0.424175,0.454262,-0.219301,0.278377,0.552769,0.074286,0.288922,0.555244,-0.074428,0.272434,0.691197,0.07623,0.349486,0.659021,-0.035542,0.201881,0.795618,0.079207,0.352067,0.812856,0.000186,0.181979,0.808123,0.077544,0.339451,0.836766,0.002234,0.218309,0.850546,0.047656,0.38893,0.848001,-0.035792
1.5.26_EH_Fastball1,47,757.0,528.0,0,754.68,522.48,0.9511,796.34,534.78,0.8779,0.333834,0.313655,-0.004132,0.33039,0.299539,0.00205,0.329289,0.298854,0.001956,0.328142,0.298154,0.001994,0.329492,0.299572,-0.021167,0.327961,0.29911,-0.02135,0.326396,0.298671,-0.021373,0.317246,0.300945,0.031246,0.31666,0.301933,-0.068234,0.329069,0.32739,0.013544,0.328136,0.327586,-0.017206,0.288262,0.361534,0.0904,0.313679,0.364116,-0.134404,0.332623,0.464948,0.154583,0.364861,0.434353,-0.195476,0.310354,0.54224,0.126663,0.414762,0.49517,-0.17611,0.308569,0.563949,0.12968,0.428785,0.509176,-0.196624,0.310603,0.562293,0.112045,0.426237,0.504677,-0.18555,0.313305,0.553508,0.118682,0.422037,0.499371,-0.170476,0.280267,0.552819,0.073378,0.291973,0.554698,-0.073555,0.276038,0.692315,0.039708,0.35216,0.65927,-0.02526,0.204835,0.795361,0.005329,0.355443,0.812826,-0.001481,0.183579,0.807922,7.6e-05,0.343171,0.835498,-0.000629,0.220202,0.853752,-0.033663,0.392759,0.847612,-0.03604
1.5.26_EH_Fastball1,48,739.87,567.08,0,739.87,567.08,0.9785,774.23,577.64,0.8893,0.337323,0.318137,-0.01583,0.334363,0.30418,-0.00845,0.333541,0.303433,-0.008572,0.332697,0.302572,-0.008525,0.333067,0.304329,-0.033168,0.331507,0.303808,-0.033374,0.329923,0.303284,-0.033416,0.321273,0.304612,0.030745,0.318805,0.305855,-0.078745,0.332635,0.331375,0.004682,0.331196,0.331991,-0.028366,0.288536,0.365161,0.105188,0.316088,0.374286,-0.137423,0.302697,0.461343,0.162728,0.36011,0.464661,-0.196223,0.292164,0.546156,0.142305,0.403243,0.534852,-0.17962,0.290136,0.566757,0.146634,0.41573,0.553272,-0.200894,0.292615,0.565061,0.128932,0.421977,0.544047,-0.190561,0.295195,0.556965,0.134628,0.416459,0.538479,-0.174089,0.282747,0.553704,0.07277,0.295075,0.555917,-0.072966,0.278129,0.694061,0.038388,0.35507,0.659288,-0.026294,0.205865,0.795857,0.008565,0.358646,0.812495,0.004837,0.184256,0.807798,0.003986,0.346819,0.834946,0.00675,0.220223,0.855102,-0.02538,0.395589,0.84737,-0.023394
1.5.26_EH_Fastball1,49,704.0,601.0,0,708.64,594.64,0.9891,737.08,604.22,0.8927,0.343699,0.323574,-0.066032,0.340365,0.309087,-0.057422,0.339503,0.308282,-0.057567,0.338473,0.307294,-0.057555,0.339155,0.309162,-0.082375,0.337563,0.308633,-0.082605,0.335561,0.308071,-0.082705,0.325741,0.30823,-0.007709,0.322826,0.310204,-0.119704,0.339189,0.336966,-0.042099,0.337253,0.337869,-0.075728,0.296977,0.36878,0.083589,0.315054,0.380348,-0.161953,0.313485,0.446128,0.17053,0.345276,0.476318,-0.213794,0.314645,0.509537,0.197036,0.383897,0.559462,-0.2138,0.313456,0.533658,0.20745,0.394611,0.575327,-0.230273,0.313969,0.545165,0.192311,0.401454,0.567177,-0.231949,0.316472,0.528836,0.191702,0.397271,0.561743,-0.211661,0.288906,0.558295,0.073025,0.297182,0.560997,-0.073212,0.278967,0.698329,0.053394,0.359565,0.659369,-0.035086,0.207131,0.796005,0.041242,0.362984,0.812366,0.001171,0.185337,0.807092,0.038188,0.351564,0.834877,0.00392,0.220232,0.854756,0.004199,0.399262,0.847131,-0.029999
1.5.26_EH_Fastball1,50,670.0,631.0,0,677.13,621.62,0.9944,699.21,625.41,0.8993,0.349876,0.329529,-0.072322,0.346296,0.314669,-0.063249,0.345306,0.31388,-0.063425,0.343984,0.312977,-0.063412,0.345678,0.314765,-0.088785,0.344172,0.314224,-0.088983,0.342101,0.313571,-0.08904,0.331387,0.314344,-0.01354,0.328992,0.315539,-0.127293,0.344941,0.342287,-0.049271,0.343779,0.343208,-0.083359,0.317179,0.383489,0.072395,0.314957,0.384379,-0.175883,0.337303,0.486103,0.09306,0.333396,0.490714,-0.221918,0.363698,0.576176,0.016212,0.364173,0.579084,-0.213937,0.37139,0.597449,0.010344,0.369497,0.600025,-0.235175,0.374382,0.596709,-0.013644,0.377231,0.596348,-0.237571,0.371591,0.589398,0.00391,0.374206,0.588626,-0.214146,0.295297,0.564031,0.073553,0.299155,0.565377,-0.073735,0.279918,0.703042,0.060935,0.365466,0.659527,-0.042671,0.207922,0.79732,0.055892,0.368938,0.812223,-0.00845,0.185954,0.806303,0.053293,0.357681,0.834913,-0.006084,0.22044,0.855834,0.018731,0.404272,0.846933,-0.034364
1.5.26_EH_Fastball1,51,635.0,647.0,0,643.67,645.2,0.9955,648.76,645.24,0.9072,0.355078,0.340041,-0.150897,0.351891,0.324554,-0.139972,0.35086,0.323665,-0.14014,0.349725,0.322627,-0.14011,0.351081,0.324684,-0.165773,0.349583,0.324105,-0.165952,0.347809,0.32333,-0.166024,0.338755,0.322718,-0.07717,0.335856,0.324317,-0.193885,0.350166,0.352205,-0.123976,0.348829,0.352828,-0.158846,0.330466,0.394807,0.019835,0.316148,0.396181,-0.230677,0.335982,0.49705,0.068418,0.324064,0.507488,-0.266069,0.359021,0.580246,0.019639,0.337893,0.59744,-0.264878,0.364693,0.604976,0.017929,0.343813,0.620839,-0.291969,0.367682,0.606552,-0.010367,0.348694,0.614944,-0.295406,0.364392,0.598734,0.007048,0.346787,0.607361,-0.266616,0.308074,0.566631,0.073665,0.298317,0.569444,-0.073762,0.362202,0.68217,0.064599,0.291881,0.703741,-0.124193,0.368364,0.802385,0.068648,0.216943,0.808872,-0.097525,0.357674,0.827504,0.063411,0.197891,0.812555,-0.096783,0.403364,0.851475,0.021256,0.231442,0.853483,-0.160902
1.5.26_EH_Fastball1,52,604.51,665.26,0,604.51,665.26,0.9971,608.59,670.78,0.9137,0.362919,0.347665,-0.186618,0.359432,0.33278,-0.176546,0.35844,0.33203,-0.176724,0.35741,0.331144,-0.176696,0.358617,0.333119,-0.201959,0.357095,0.332769,-0.202147,0.355348,0.332301,-0.202235,0.345962,0.331752,-0.115016,0.343156,0.334278,-0.229809,0.357358,0.360327,-0.159857,0.356488,0.360565,-0.194185,0.335135,0.399827,-0.018795,0.318591,0.407508,-0.257609,0.332184,0.504512,0.037742,0.319155,0.521051,-0.286439,0.347378,0.591509,0.008378,0.316976,0.621096,-0.278508,0.352085,0.611284,0.008854,0.318728,0.649551,-0.304296,0.354323,0.614683,-0.018941,0.325324,0.649806,-0.308332,0.351858,0.609566,-0.003432,0.325275,0.640618,-0.280411,0.312757,0.570735,0.073401,0.298064,0.576773,-0.073468,0.369581,0.672974,0.061635,0.283353,0.716059,-0.106505,0.382684,0.808033,0.071028,0.207124,0.808536,-0.08668,0.374563,0.837302,0.066744,0.187412,0.809733,-0.087271,0.421682,0.848894,0.007288,0.222758,0.857387,-0.160697
1.5.26_EH_Fastball1,53,567.83,665.92,0,567.83,665.92,0.9922,566.88,661.28,0.9192,0.371166,0.358581,-0.11413,0.368086,0.343413,-0.111062,0.36684,0.342726,-0.111216,0.365613,0.341951,-0.111205,0.367315,0.343477,-0.138171,0.36568,0.343091,-0.138409,0.363954,0.342733,-0.138476,0.353876,0.341854,-0.084478,0.351948,0.344294,-0.226072,0.365586,0.370871,-0.09211,0.364663,0.370752,-0.130188,0.340661,0.410663,0.020349,0.321695,0.415201,-0.204457,0.328867,0.514503,0.096059,0.301037,0.519396,-0.213662,0.338225,0.603104,0.026954,0.29525,0.612296,-0.211788,0.345988,0.624113,0.020554,0.293208,0.638519,-0.234068,0.350925,0.622388,-0.000613,0.298936,0.641196,-0.240229,0.34841,0.614588,0.015947,0.299971,0.63165,-0.213129,0.310322,0.589439,0.073845,0.305372,0.590214,-0.073923,0.342423,0.713558,0.081878,0.357276,0.694731,-0.090299,0.246527,0.80737,0.104995,0.370049,0.809437,-0.062845,0.226157,0.835343,0.104345,0.362424,0.822776,-0.061327,0.262884,0.856584,0.067849,0.409654,0.845129,-0.10406
1.5.26_EH_Fastball1,54,526.85,660.51,0,526.85,660.51,0.9944,537.42,656.06,0.926,0.37869,0.366572,-0.056386,0.375445,0.352183,-0.045253,0.374166,0.351489,-0.045353,0.372899,0.350661,-0.045308,0.374811,0.352165,-0.075057,0.37329,0.351695,-0.075324,0.371674,0.351111,-0.075438,0.361114,0.351092,0.004785,0.359309,0.353207,-0.138067,0.373696,0.380003,-0.032067,0.372877,0.379607,-0.072588,0.338559,0.413108,0.101837,0.334434,0.415735,-0.168021,0.322795,0.4904,0.220337,0.299887,0.493473,-0.208093,0.310266,0.556084,0.261708,0.279908,0.607459,-0.214801,0.306576,0.570943,0.276123,0.274327,0.638578,-0.237147,0.309397,0.569448,0.253915,0.278588,0.640474,-0.239879,0.311809,0.563645,0.253364,0.280922,0.629099,-0.214875,0.308515,0.591671,0.080256,0.311129,0.593576,-0.080408,0.341506,0.726158,0.080342,0.37499,0.684957,-0.082496,0.219221,0.808535,0.0851,0.394076,0.80985,-0.061642,0.197255,0.829191,0.083881,0.387334,0.829256,-0.060756,0.233057,0.858807,0.06024,0.433188,0.837072,-0.097015
1.5.26_EH_Fastball1,55,502.82,638.55,0,502.82,638.55,0.9913,503.76,647.92,0.9326,0.386776,0.376817,-0.055927,0.383934,0.362146,-0.044859,0.382655,0.361229,-0.044983,0.381382,0.360312,-0.044937,0.38323,0.362169,-0.073882,0.381406,0.361439,-0.07413,0.379555,0.360801,-0.074234,0.369879,0.361319,0.007012,0.366779,0.362651,-0.126246,0.380874,0.390135,-0.031347,0.380135,0.389328,-0.070504,0.340157,0.414245,0.101645,0.342471,0.422353,-0.167359,0.318911,0.481327,0.226287,0.303201,0.503398,-0.209256,0.299928,0.540977,0.29199,0.262376,0.599921,-0.228424,0.297514,0.56514,0.309689,0.253477,0.627778,-0.245596,0.298443,0.564641,0.287021,0.256608,0.629799,-0.256689,0.301045,0.550619,0.284166,0.259874,0.621326,-0.23145,0.310492,0.595063,0.082643,0.313125,0.596893,-0.082827,0.340264,0.728573,0.070886,0.381174,0.683796,-0.081383,0.212027,0.80967,0.0525,0.401122,0.810648,-0.06449,0.190475,0.824599,0.048774,0.395603,0.835985,-0.064314,0.225501,0.862659,0.020789,0.440444,0.82983,-0.097398
1.5.26_EH_Fastball1,56,477.81,621.73,0,477.81,621.73,0.99,482.72,620.85,0.937,0.395111,0.386746,-0.047197,0.392201,0.371209,-0.036589,0.390981,0.370487,-0.036703,0.389597,0.369627,-0.03666,0.391727,0.371157,-0.066264,0.390128,0.370571,-0.066506,0.388126,0.369925,-0.066608,0.37857,0.369683,0.013777,0.376031,0.371145,-0.12499,0.388606,0.398301,-0.023678,0.387849,0.398022,-0.063629,0.345188,0.418092,0.103586,0.350875,0.426345,-0.161667,0.317616,0.472611,0.239812,0.301199,0.500842,-0.223364,0.303393,0.514216,0.328626,0.251415,0.574859,-0.26739,0.298752,0.531197,0.34905,0.24034,0.596913,-0.287276,0.302186,0.524872,0.326894,0.241356,0.60106,-0.296267,0.303345,0.521469,0.321382,0.245545,0.594507,-0.271074,0.312545,0.596389,0.082469,0.317085,0.599469,-0.082655,0.331318,0.733472,0.059508,0.384204,0.681159,-0.046718,0.207227,0.811036,0.030798,0.406966,0.811864,-0.017391,0.187945,0.821553,0.025952,0.400863,0.840419,-0.014909,0.218687,0.86529,-0.003245,0.44599,0.82647,-0.036924
1.5.26_EH_Fastball1,57,468.29,590.22,0,468.29,590.22,0.9959,491.64,586.62,0.8742,0.404067,0.394758,-0.019701,0.400727,0.379715,-0.010717,0.399397,0.378861,-0.010859,0.397897,0.377902,-0.010824,0.400377,0.379722,-0.039211,0.398873,0.379102,-0.039438,0.396895,0.378333,-0.039541,0.387514,0.377156,0.032443,0.385198,0.378081,-0.098433,0.397395,0.405485,0.001011,0.39682,0.405091,-0.037305,0.351923,0.425743,0.111225,0.359939,0.432783,-0.140199,0.321026,0.470857,0.25395,0.309957,0.500755,-0.208856,0.305421,0.494216,0.35662,0.256063,0.54317,-0.233922,0.301947,0.497465,0.379785,0.256927,0.550792,-0.245671,0.305241,0.494568,0.35973,0.257655,0.551025,-0.254229,0.306483,0.494706,0.350426,0.26126,0.548931,-0.238175,0.314219,0.601043,0.082385,0.324051,0.605677,-0.082572,0.326694,0.733124,0.05061,0.391406,0.679515,-0.032211,0.204707,0.812445,-0.000376,0.411869,0.813685,-0.005632,0.185388,0.820326,-0.007311,0.404052,0.842845,-0.0031,0.21906,0.865796,-0.040178,0.450274,0.824638,-0.023458
1.5.26_EH_Fastball1,58,466.56,558.97,0,466.56,558.97,0.9919,562.2,565.14,0.8415,0.411237,0.398004,-0.024457,0.40838,0.384735,-0.014792,0.407222,0.384122,-0.014933,0.405872,0.383405,-0.01488,0.407895,0.384551,-0.04218,0.406394,0.383951,-0.042395,0.404552,0.383409,-0.042469,0.395488,0.383059,0.033397,0.393257,0.384587,-0.08915,0.405711,0.409785,-0.002025,0.404951,0.40952,-0.038766,0.362648,0.430944,0.111049,0.370278,0.442996,-0.122238,0.319801,0.477681,0.133039,0.314302,0.494352,-0.170279,0.296211,0.495536,0.069473,0.292815,0.523282,-0.175753,0.28677,0.497747,0.059249,0.290055,0.538,-0.193742,0.290867,0.49483,0.044413,0.291333,0.530127,-0.197305,0.294953,0.49529,0.060551,0.292446,0.544211,-0.177198,0.318766,0.605478,0.081174,0.330468,0.609141,-0.081373,0.318975,0.734821,0.044006,0.40002,0.681254,-0.039354,0.205448,0.813345,0.005641,0.413963,0.819043,-0.017017,0.185439,0.819356,-0.000479,0.406343,0.849868,-0.015382,0.218834,0.865881,-0.040226,0.45338,0.826219,-0.044451
1.5.26_EH_Fastball1,59,483.0,521.0,0,505.73,504.53,0.9954,537.21,541.83,0.8073,0.419584,0.40292,-0.065356,0.417183,0.389723,-0.053901,0.416101,0.389226,-0.054087,0.414954,0.388551,-0.054086,0.416471,0.389508,-0.08239,0.41491,0.38903,-0.082614,0.413037,0.388416,-0.082727,0.404652,0.388127,0.004039,0.401779,0.389765,-0.124236,0.414135,0.41578,-0.039914,0.412945,0.41515,-0.078012,0.380078,0.437215,0.101376,0.377398,0.444899,-0.157881,0.362335,0.47902,0.270499,0.317226,0.481429,-0.305119,0.361651,0.495534,0.411418,0.279797,0.501694,-0.411086,0.360914,0.497048,0.443613,0.271364,0.516547,-0.437962,0.364602,0.489209,0.42019,0.27411,0.527139,-0.442072,0.363452,0.49514,0.40587,0.278696,0.527983,-0.415344,0.325951,0.605726,0.081398,0.337204,0.609876,-0.081631,0.312287,0.732488,0.043308,0.406659,0.685819,-0.002053,0.207832,0.813263,-0.021395,0.414926,0.828785,0.039569,0.188546,0.818382,-0.031474,0.405025,0.855592,0.042106,0.221858,0.864451,-0.082122,0.451305,0.833451,0.012518
1.5.26_EH_Fastball1,60,482.87,487.27,0,482.87,487.27,0.9954,681.28,527.75,0.7431,0.428464,0.406245,-0.062951,0.425718,0.39295,-0.051651,0.424656,0.392357,-0.051859,0.423576,0.391763,-0.051898,0.424878,0.392663,-0.078992,0.423298,0.392078,-0.079297,0.421523,0.391515,-0.079472,0.413137,0.392162,0.004761,0.409693,0.393658,-0.117192,0.422875,0.418155,-0.037811,0.42197,0.417765,-0.073701,0.387268,0.440103,0.106964,0.387314,0.447405,-0.136693,0.369479,0.479099,0.255125,0.331045,0.474987,-0.167165,0.379596,0.485177,0.357417,0.354836,0.488656,-0.106325,0.380593,0.480297,0.381783,0.362313,0.484304,-0.109472,0.384738,0.471315,0.362629,0.365795,0.480949,-0.098862,0.384538,0.474337,0.351913,0.361993,0.483919,-0.099628,0.330536,0.6054,0.081233,0.341631,0.610008,-0.081457,0.30516,0.731939,0.018167,0.413137,0.691739,-0.024267,0.210397,0.813059,-0.069884,0.416687,0.835889,0.001602,0.191526,0.817634,-0.080874,0.407416,0.860431,0.003041,0.220958,0.864241,-0.123721,0.452402,0.840655,-0.02249
1.5.26_EH_Fastball1,61,512.0,464.0,0,530.46,449.14,0.9864,731.81,521.22,0.6755,0.433967,0.40727,-0.02942,0.431911,0.393441,-0.019075,0.430633,0.392701,-0.019273,0.429291,0.391996,-0.019296,0.431553,0.393287,-0.047048,0.430056,0.392587,-0.047329,0.428329,0.391945,-0.04746,0.419168,0.391736,0.029783,0.417605,0.392813,-0.094975,0.427594,0.418203,-0.007011,0.427467,0.417897,-0.044061,0.392111,0.4413,0.122964,0.394597,0.448205,-0.13185,0.379928,0.482437,0.283557,0.346142,0.469551,-0.201144,0.3903,0.482189,0.39273,0.381154,0.482613,-0.219618,0.39126,0.470562,0.418272,0.391012,0.473793,-0.230248,0.393408,0.464527,0.398907,0.391698,0.46315,-0.202947,0.39662,0.467921,0.387385,0.388439,0.470512,-0.210268,0.336173,0.60371,0.081168,0.347867,0.608123,-0.081388,0.300889,0.730136,0.014987,0.417949,0.693525,-0.021416,0.212901,0.812308,-0.079091,0.417513,0.837552,0.010859,0.194043,0.817479,-0.091058,0.407589,0.862358,0.013734,0.223121,0.865518,-0.14041,0.456175,0.846459,-0.006048
1.5.26_EH_Fastball1,62,536.0,441.0,0,542.03,430.19,0.9941,731.08,513.02,0.6298,0.440931,0.405,-0.027299,0.438691,0.392477,-0.017021,0.437725,0.39204,-0.017193,0.436735,0.391629,-0.01719,0.438124,0.392036,-0.043293,0.436765,0.391435,-0.043529,0.435266,0.390852,-0.043645,0.427425,0.392282,0.030832,0.425188,0.392871,-0.087283,0.435919,0.417092,-0.005877,0.435343,0.416688,-0.04123,0.404701,0.446322,0.121682,0.398067,0.444978,-0.130921,0.387527,0.497335,0.236179,0.352202,0.466507,-0.237814,0.403864,0.476756,0.287141,0.38077,0.475016,-0.304945,0.405991,0.466409,0.301968,0.387934,0.467178,-0.33184,0.408235,0.461642,0.282813,0.391226,0.46184,-0.316274,0.408723,0.46326,0.28047,0.38789,0.466377,-0.300796,0.348812,0.601985,0.08076,0.350695,0.605775,-0.080945,0.305621,0.727212,0.029673,0.406039,0.690995,-0.075603,0.21839,0.811517,-0.015906,0.399938,0.836931,0.000178,0.20081,0.813215,-0.023014,0.391364,0.860458,0.006928,0.224393,0.864506,-0.074782,0.443891,0.865506,-0.018262
1.5.26_EH_Fastball1,63,555.0,416.0,0,554.42,414.34,0.9919,720.84,517.56,0.6051,0.44893,0.408433,-0.025717,0.446352,0.396697,-0.014256,0.44555,0.396395,-0.01441,0.444696,0.39611,-0.014373,0.445291,0.396365,-0.041073,0.443797,0.396,-0.041327,0.442166,0.395637,-0.041442,0.435152,0.397302,0.036109,0.43228,0.398048,-0.084391,0.444329,0.420337,-0.003477,0.443332,0.420172,-0.039463,0.412258,0.44969,0.120143,0.401354,0.447147,-0.122582,0.387906,0.493055,0.228135,0.358093,0.465934,-0.115917,0.397705,0.487905,0.278924,0.375437,0.479227,-0.023049,0.398542,0.481647,0.294246,0.377797,0.479356,-0.025175,0.401603,0.478513,0.272857,0.381838,0.483424,-0.017689,0.402279,0.47901,0.271001,0.380699,0.482317,-0.016944,0.356281,0.602375,0.080747,0.35861,0.605474,-0.080921,0.314044,0.727947,0.022825,0.427718,0.690912,-0.080174,0.230427,0.81129,-0.053144,0.416659,0.838817,-0.049077,0.213541,0.805941,-0.06316,0.406166,0.862222,-0.045357,0.225285,0.863639,-0.116287,0.454807,0.865224,-0.065117
1.5.26_EH_Fastball1,64,580.0,404.0,0,582.32,402.06,0.9898,614.0,419.12,0.644,0.456863,0.406113,-0.075509,0.453664,0.394292,-0.060978,0.452834,0.393771,-0.061131,0.451985,0.393272,-0.061057,0.452463,0.394193,-0.085504,0.450827,0.393702,-0.085701,0.448983,0.393175,-0.085721,0.441664,0.394949,0.005039,0.437958,0.395891,-0.103104,0.452331,0.418795,-0.048662,0.451258,0.418953,-0.081232,0.421137,0.450819,0.070765,0.407109,0.444936,-0.128339,0.4157,0.533053,0.069372,0.354202,0.430302,-0.167925,0.428989,0.61812,-0.022239,0.31979,0.388077,-0.161393,0.432458,0.636865,-0.030779,0.301682,0.379234,-0.181743,0.433281,0.639098,-0.059465,0.298762,0.381223,-0.216582,0.431958,0.635946,-0.037862,0.305177,0.384613,-0.183975,0.36285,0.603779,0.072077,0.368365,0.606942,-0.072287,0.326121,0.734177,0.013657,0.4399,0.697896,-0.054752,0.242071,0.807575,-0.0687,0.421313,0.839281,0.02784,0.223813,0.798569,-0.081024,0.410363,0.862501,0.034682,0.226712,0.863007,-0.146665,0.457069,0.865055,0.008927
1.5.26_EH_Fastball1,65,603.0,392.0,0,609.52,388.1,0.9851,636.78,449.7,0.6781,0.463111,0.40718,-0.06706,0.460196,0.395596,-0.052942,0.459534,0.395139,-0.053097,0.458813,0.394585,-0.053031,0.459069,0.395693,-0.078492,0.457681,0.395364,-0.078688,0.456014,0.39546,-0.078722,0.449878,0.396917,0.007554,0.446819,0.399012,-0.101947,0.459516,0.419421,-0.040481,0.458426,0.419715,-0.074564,0.430144,0.458791,0.080345,0.418291,0.44417,-0.130099,0.427034,0.543497,0.086195,0.375376,0.428087,-0.198201,0.443598,0.625686,-0.008134,0.331655,0.416391,-0.275006,0.447478,0.647753,-0.016102,0.313998,0.408389,-0.305701,0.448547,0.650114,-0.045993,0.311715,0.410488,-0.313495,0.446732,0.644871,-0.023939,0.309515,0.415369,-0.282364,0.370439,0.603365,0.072025,0.378348,0.60893,-0.072221,0.338074,0.737087,0.02184,0.447885,0.705136,-0.056711,0.256688,0.801698,-0.054741,0.423639,0.840348,0.006493,0.241254,0.788354,-0.066656,0.411334,0.863064,0.011038,0.229728,0.861477,-0.132824,0.457378,0.865652,-0.020424
1.5.26_EH_Fastball1,66,614.0,392.0,0,615.53,389.61,0.9939,631.96,403.63,0.7092,0.468198,0.403601,-0.073647,0.465246,0.392112,-0.057525,0.46473,0.391783,-0.057684,0.464292,0.391407,-0.057607,0.46351,0.391794,-0.080523,0.461684,0.391296,-0.08072,0.459897,0.390938,-0.080776,0.455927,0.394589,0.009765,0.449281,0.394395,-0.08911,0.464321,0.415912,-0.043998,0.462173,0.415648,-0.07489,0.447159,0.457821,0.085292,0.419906,0.441389,-0.1136,0.43711,0.541644,0.102249,0.379667,0.423162,-0.204594,0.450764,0.623056,0.018301,0.329147,0.373734,-0.320023,0.454621,0.645806,0.011983,0.315326,0.362054,-0.354866,0.455425,0.648884,-0.017971,0.322821,0.385164,-0.359739,0.452549,0.641529,0.002974,0.321812,0.394827,-0.326274,0.382969,0.60557,0.072128,0.385843,0.610145,-0.072302,0.351274,0.741685,0.028837,0.454314,0.709708,-0.085666,0.272152,0.795189,-0.026976,0.425309,0.841845,-0.043098,0.256306,0.78548,-0.035464,0.41214,0.8641,-0.041074,0.24671,0.852634,-0.095685,0.457986,0.868207,-0.094762
1.5.26_EH_Fastball1,67,639.0,386.0,0,645.65,388.6,0.9839,635.74,399.15,0.7373,0.478725,0.402886,-0.084209,0.475551,0.392235,-0.068755,0.474818,0.391808,-0.068921,0.474096,0.391348,-0.06883,0.47425,0.392548,-0.092041,0.472618,0.392346,-0.092227,0.470997,0.392145,-0.092267,0.464287,0.394903,0.003099,0.460819,0.396899,-0.09628,0.474289,0.415397,-0.054792,0.47302,0.415297,-0.085922,0.453809,0.452174,0.079911,0.430946,0.444259,-0.122065,0.445606,0.529077,0.107902,0.386752,0.419394,-0.219662,0.458302,0.607779,0.044146,0.331114,0.36958,-0.315819,0.462167,0.631492,0.041849,0.320329,0.357725,-0.346846,0.463132,0.63407,0.011905,0.328448,0.371481,-0.350587,0.460106,0.626161,0.029414,0.326126,0.38435,-0.321005,0.390234,0.604122,0.07101,0.39295,0.609632,-0.071195,0.36562,0.744828,0.020736,0.455775,0.707909,-0.077512,0.28519,0.791644,-0.029197,0.425313,0.841769,-0.036214,0.271066,0.77642,-0.03792,0.411355,0.863296,-0.033395,0.260534,0.845541,-0.103543,0.46057,0.869267,-0.084674
1.5.26_EH_Fastball1,68,639.0,386.0,0,640.9,386.41,0.9949,802.42,458.01,0.7553,0.484369,0.40608,0.031023,0.482223,0.395197,0.039158,0.481275,0.394534,0.039019,0.480263,0.393788,0.039074,0.4818,0.395962,0.012407,0.480472,0.396451,0.012239,0.479261,0.396352,0.012258,0.469304,0.39629,0.073154,0.469959,0.399591,-0.046822,0.478983,0.417698,0.046855,0.478818,0.418026,0.010949,0.434421,0.448413,0.105035,0.455829,0.457477,-0.115083,0.413726,0.426917,0.126958,0.424158,0.454646,-0.298932,0.35692,0.382766,0.062576,0.417926,0.424079,-0.445509,0.341289,0.37685,0.090073,0.410805,0.400721,-0.490554,0.341857,0.375608,0.055762,0.414974,0.397964,-0.477886,0.348023,0.379704,0.080929,0.41524,0.406446,-0.444915,0.393554,0.603814,0.07354,0.406925,0.613879,-0.073706,0.382818,0.745658,0.011907,0.463758,0.712825,-0.018612,0.302199,0.786683,-0.060289,0.426567,0.841597,0.06474,0.287656,0.772538,-0.070822,0.412159,0.862557,0.072319,0.279361,0.841884,-0.128102,0.461447,0.871396,0.047127
1.5.26_EH_Fastball1,69,670.0,407.0,0,666.36,398.06,0.9886,744.34,445.2,0.7784,0.49192,0.40273,-0.056634,0.488407,0.391647,-0.044858,0.487337,0.391239,-0.045023,0.486274,0.390774,-0.04495,0.487991,0.391968,-0.065793,0.486696,0.39215,-0.065951,0.485353,0.392032,-0.065992,0.477921,0.393247,0.012787,0.475721,0.396234,-0.079304,0.486741,0.415223,-0.033177,0.486206,0.415129,-0.061329,0.463031,0.45026,0.07475,0.449377,0.449775,-0.11783,0.455119,0.500194,0.103386,0.407954,0.438933,-0.266505,0.470067,0.569673,0.051769,0.387676,0.412219,-0.375888,0.475503,0.588993,0.05326,0.379812,0.390749,-0.41199,0.476707,0.59229,0.022738,0.384749,0.396593,-0.410788,0.475223,0.584729,0.040218,0.386315,0.40741,-0.379662,0.408743,0.605448,0.071288,0.41204,0.612978,-0.071448,0.399274,0.746576,0.025089,0.465518,0.713313,-0.029055,0.319677,0.784496,-0.016435,0.427437,0.841841,0.032783,0.304172,0.772844,-0.025408,0.411562,0.861735,0.039339,0.298103,0.840129,-0.112403,0.459446,0.87633,-0.001985
1.5.26_EH_Fastball1,70,664.0,411.0,0,665.47,406.24,0.9943,742.4,421.6,0.7878,0.499835,0.399533,-0.070705,0.495362,0.388106,-0.060895,0.49422,0.387711,-0.06104,0.493165,0.387282,-0.060986,0.494884,0.388286,-0.082121,0.493422,0.388292,-0.082306,0.491641,0.3881,-0.082377,0.484541,0.390038,-0.00839,0.481277,0.39231,-0.102977,0.495632,0.412206,-0.048555,0.494752,0.411914,-0.077482,0.471009,0.447576,0.05976,0.455609,0.445735,-0.129715,0.453315,0.489357,0.169471,0.408671,0.434202,-0.259121,0.454668,0.516891,0.272451,0.386668,0.390374,-0.328067,0.454258,0.521868,0.294397,0.371306,0.390988,-0.372159,0.456963,0.523414,0.270463,0.383938,0.393374,-0.354113,0.458623,0.522324,0.265229,0.36348,0.38582,-0.324844,0.428033,0.609504,0.071013,0.417477,0.614614,-0.071128,0.465123,0.738638,0.028659,0.457316,0.740841,-0.087336,0.421114,0.826495,0.04397,0.351832,0.794004,-0.030082,0.407432,0.840007,0.041904,0.340033,0.780919,-0.023354,0.447681,0.860463,-0.008586,0.332984,0.862248,-0.063802
1.5.26_EH_Fastball1,71,686.0,438.0,0,692.11,431.99,0.9832,754.2,424.11,0.7751,0.504622,0.398344,-0.045438,0.500066,0.385812,-0.039062,0.498996,0.385406,-0.039188,0.498001,0.38499,-0.03916,0.500055,0.385941,-0.058562,0.498875,0.385852,-0.058734,0.497651,0.385623,-0.058806,0.491424,0.388082,-0.007614,0.489804,0.389889,-0.089041,0.500738,0.411344,-0.028869,0.5006,0.411283,-0.055366,0.473155,0.44485,0.07019,0.468784,0.443792,-0.126012,0.444203,0.478359,0.168902,0.41962,0.434249,-0.232671,0.441285,0.493333,0.224961,0.392813,0.39269,-0.324635,0.439154,0.496772,0.23778,0.383192,0.402375,-0.359279,0.442663,0.49694,0.216598,0.388265,0.406424,-0.343999,0.444555,0.495865,0.21744,0.38665,0.40037,-0.323346,0.43437,0.607972,0.071315,0.42664,0.613294,-0.071422,0.468897,0.736345,0.029421,0.446226,0.741251,-0.097619,0.42932,0.838112,0.029484,0.35961,0.781801,-0.060671,0.413724,0.855602,0.024804,0.347088,0.766746,-0.05665,0.45556,0.873236,-0.023894,0.344369,0.852558,-0.089362
1.5.26_EH_Fastball1,72,688.0,461.0,0,709.28,453.1,0.9889,846.72,443.66,0.7941,0.513969,0.397581,0.004415,0.50901,0.384871,0.010008,0.507657,0.384248,0.009881,0.5063,0.383642,0.009923,0.509097,0.384858,-0.012249,0.507894,0.384546,-0.01242,0.506651,0.384152,-0.012409,0.498639,0.386502,0.034964,0.498784,0.388162,-0.063213,0.509912,0.410717,0.01706,0.510042,0.411006,-0.012944,0.468354,0.443027,0.074863,0.487683,0.445431,-0.127554,0.424384,0.46043,0.066354,0.450638,0.453538,-0.299386,0.373269,0.43679,0.009365,0.441,0.410792,-0.441765,0.358476,0.434373,-0.003259,0.436441,0.413479,-0.486829,0.357239,0.433949,-0.011234,0.440034,0.412064,-0.472536,0.362832,0.43587,0.00404,0.440484,0.406699,-0.440669,0.432051,0.606625,0.078484,0.438848,0.613178,-0.078628,0.455404,0.735779,0.034584,0.475977,0.734595,-0.088322,0.384452,0.799619,0.028709,0.415497,0.81589,-0.066392,0.368775,0.786396,0.022061,0.399683,0.81117,-0.065905,0.378983,0.856382,-0.034212,0.432641,0.870588,-0.106088
1.5.26_EH_Fastball1,73,701.0,488.0,0,820.07,477.38,0.9929,874.75,468.08,0.8076,0.522116,0.395186,0.040918,0.517182,0.384059,0.050015,0.515821,0.383798,0.04988,0.514437,0.383535,0.0499,0.517216,0.384259,0.024102,0.516038,0.384291,0.023947,0.51483,0.383997,0.023965,0.506092,0.385963,0.084993,0.506732,0.388059,-0.032351,0.51783,0.407128,0.056301,0.518107,0.408263,0.021494,0.472292,0.442494,0.132582,0.496852,0.44557,-0.120344,0.418624,0.460961,0.157294,0.461232,0.474465,-0.308267,0.369157,0.448094,0.146223,0.455598,0.433411,-0.460941,0.353826,0.451798,0.141965,0.452916,0.428079,-0.506571,0.353431,0.450435,0.141693,0.455263,0.419548,-0.494599,0.359628,0.450037,0.146373,0.456873,0.418494,-0.460959,0.438282,0.60588,0.094558,0.447414,0.612296,-0.094673,0.467939,0.734476,0.071234,0.484252,0.735289,-0.101482,0.400174,0.785914,0.056347,0.427579,0.825054,-0.110162,0.38226,0.774195,0.051289,0.409893,0.828709,-0.112115,0.397061,0.845572,0.020584,0.451512,0.877395,-0.150889
1.5.26_EH_Fastball1,74,727.0,525.0,0,720.97,513.35,0.9957,891.63,483.12,0.8242,0.527949,0.389901,0.065251,0.523102,0.379148,0.073751,0.521749,0.37948,0.073615,0.520375,0.379889,0.073628,0.523348,0.379271,0.048053,0.522292,0.379777,0.047931,0.52121,0.380171,0.047989,0.512141,0.384718,0.102052,0.514043,0.386183,-0.015004,0.524101,0.402883,0.077981,0.524363,0.404377,0.043214,0.479465,0.442268,0.137255,0.503874,0.444256,-0.105736,0.422774,0.46381,0.15632,0.467234,0.469527,-0.285264,0.372689,0.469321,0.136322,0.464392,0.447332,-0.421959,0.360532,0.475156,0.131628,0.463907,0.438963,-0.464649,0.360399,0.474651,0.130876,0.465722,0.432769,-0.453037,0.365292,0.473246,0.136771,0.465674,0.43293,-0.42205,0.445073,0.605827,0.097585,0.456102,0.611634,-0.097649,0.479574,0.726938,0.122914,0.492972,0.731145,-0.106393,0.421031,0.784573,0.151008,0.432563,0.831395,-0.138053,0.404623,0.779377,0.150878,0.413823,0.839273,-0.142618,0.427529,0.839732,0.13088,0.456682,0.884706,-0.187736
1.5.26_EH_Fastball1,75,750.0,551.0,0,762.32,543.12,0.992,904.86,496.18,0.8392,0.535036,0.383044,0.057645,0.530001,0.373052,0.067706,0.528608,0.373682,0.067581,0.527185,0.374435,0.067601,0.530305,0.373264,0.042054,0.529221,0.374111,0.041928,0.528108,0.375067,0.041952,0.519108,0.381393,0.10201,0.520715,0.382652,-0.015087,0.531809,0.397146,0.072043,0.531739,0.398378,0.037346,0.489387,0.440379,0.141275,0.510427,0.443298,-0.103346,0.435207,0.471741,0.161748,0.471464,0.469966,-0.274626,0.373039,0.480287,0.137763,0.471282,0.459423,-0.403938,0.369928,0.490737,0.13577,0.468357,0.45157,-0.448421,0.370687,0.49682,0.130291,0.473417,0.442854,-0.435861,0.373695,0.496057,0.13676,0.47195,0.447053,-0.403646,0.456868,0.604235,0.098803,0.461228,0.610922,-0.098838,0.505756,0.713589,0.10721,0.50069,0.728988,-0.132891,0.445432,0.786855,0.122524,0.436032,0.833984,-0.161489,0.430435,0.782174,0.120697,0.415084,0.841447,-0.165545,0.457076,0.838764,0.096456,0.459719,0.887892,-0.211115
1.5.26_EH_Fastball1,76,790.81,582.88,0,790.81,582.88,0.9952,819.89,572.17,0.8546,0.541324,0.377212,-0.022952,0.536568,0.367097,-0.010981,0.535083,0.367674,-0.01103,0.533584,0.368342,-0.010975,0.536792,0.367414,-0.036008,0.535576,0.368392,-0.036148,0.534368,0.36951,-0.036177,0.525447,0.375435,0.043312,0.52676,0.37698,-0.07066,0.537647,0.391097,-0.000751,0.537342,0.39249,-0.034667,0.503732,0.435834,0.107747,0.513181,0.441539,-0.127041,0.471489,0.483727,0.122146,0.463013,0.486511,-0.215309,0.454332,0.562472,0.076214,0.427026,0.529788,-0.257816,0.450198,0.58108,0.073627,0.425247,0.544993,-0.287548,0.452872,0.583995,0.050968,0.4322,0.550735,-0.293074,0.454895,0.57769,0.065445,0.428171,0.544212,-0.261939,0.475864,0.604079,0.096848,0.467214,0.60844,-0.096736,0.527353,0.696469,0.082852,0.49287,0.73441,-0.114785,0.476657,0.78763,0.131038,0.437936,0.833891,-0.099697,0.462982,0.78984,0.133766,0.41862,0.841434,-0.099331,0.49152,0.839952,0.109859,0.458205,0.888994,-0.141772
1.5.26_EH_Fastball1,77,825.93,613.51,0,825.93,613.51,0.993,827.16,609.65,0.868,0.548252,0.375,-0.058049,0.543338,0.365061,-0.046618,0.541884,0.36539,-0.046707,0.540449,0.365746,-0.046644,0.543422,0.365443,-0.072087,0.542154,0.36619,-0.072248,0.5408,0.367015,-0.072313,0.531215,0.372361,0.009143,0.531352,0.374303,-0.105882,0.543211,0.389135,-0.034398,0.542963,0.390508,-0.068749,0.512313,0.431686,0.087301,0.518921,0.441244,-0.156072,0.481887,0.495336,0.116879,0.473911,0.504279,-0.218489,0.456685,0.573815,0.074058,0.430813,0.564494,-0.247971,0.448573,0.593303,0.07207,0.421931,0.58499,-0.27666,0.450946,0.592757,0.049346,0.423766,0.589556,-0.280809,0.454432,0.58582,0.063467,0.425554,0.583938,-0.250862,0.48658,0.603652,0.093619,0.473897,0.608263,-0.093598,0.545159,0.680934,0.08166,0.497,0.739129,-0.103937,0.502857,0.788727,0.112875,0.439416,0.834191,-0.088233,0.488432,0.796804,0.114812,0.419927,0.841313,-0.090515,0.525739,0.836591,0.083727,0.457848,0.888818,-0.121472
1.5.26_EH_Fastball1,78,883.21,632.46,0,883.21,632.46,0.994,891.14,622.97,0.8617,0.557012,0.370115,-0.039963,0.551375,0.360388,-0.02763,0.549722,0.360664,-0.027707,0.547962,0.360978,-0.027643,0.551639,0.360782,-0.054405,0.550455,0.361497,-0.054528,0.549189,0.362276,-0.054594,0.538924,0.366637,0.024424,0.540702,0.368566,-0.09625,0.551386,0.384134,-0.018082,0.551472,0.385307,-0.054405,0.516059,0.427385,0.101161,0.529267,0.440374,-0.151903,0.488115,0.494257,0.135099,0.493254,0.50991,-0.170853,0.467077,0.5669,0.100915,0.464137,0.576824,-0.142053,0.460719,0.58739,0.10159,0.454743,0.598943,-0.160652,0.462482,0.588762,0.0809,0.456276,0.601416,-0.162198,0.464696,0.581149,0.091569,0.459549,0.593045,-0.142396,0.494005,0.603185,0.09099,0.482851,0.608095,-0.091014,0.562463,0.662799,0.083253,0.502382,0.742557,-0.105372,0.529739,0.789222,0.122553,0.440723,0.834351,-0.078766,0.514342,0.802723,0.123449,0.422972,0.840148,-0.077677,0.558906,0.828037,0.103395,0.457122,0.889825,-0.111962
1.5.26_EH_Fastball1,79,938.97,662.82,0,938.97,662.82,0.9966,939.26,638.86,0.8592,0.560021,0.363523,-0.031181,0.554222,0.353886,-0.02124,0.552605,0.354076,-0.02131,0.550957,0.354303,-0.021248,0.55533,0.354502,-0.045692,0.55467,0.355197,-0.045835,0.554017,0.355877,-0.045936,0.543718,0.360124,0.024949,0.547624,0.361696,-0.088359,0.555579,0.37654,-0.012107,0.556373,0.377479,-0.045585,0.524286,0.421493,0.101132,0.537739,0.433716,-0.147173,0.505061,0.493606,0.13647,0.511549,0.509016,-0.188297,0.491261,0.563742,0.104639,0.489197,0.591533,-0.183036,0.486219,0.579959,0.106277,0.485292,0.612338,-0.205612,0.489963,0.581559,0.08658,0.486656,0.613262,-0.203559,0.490385,0.577123,0.095754,0.488398,0.604183,-0.182607,0.499844,0.599634,0.090028,0.489908,0.606368,-0.090036,0.574186,0.648987,0.080485,0.502326,0.743325,-0.10123,0.558717,0.785971,0.120248,0.441264,0.834522,-0.074583,0.546034,0.803493,0.120509,0.423421,0.838937,-0.073002,0.589809,0.81188,0.090438,0.458481,0.891509,-0.116925
1.5.26_EH_Fastball1,80,1001.89,669.17,0,1001.89,669.17,0.9926,1000.11,673.99,0.8623,0.567792,0.361007,-0.025664,0.562682,0.350163,-0.014867,0.561032,0.349997,-0.014935,0.559486,0.349889,-0.014866,0.563584,0.350761,-0.04006,0.562718,0.351117,-0.040214,0.561829,0.351495,-0.040323,0.551931,0.355003,0.032573,0.554705,0.357083,-0.083187,0.563204,0.374091,-0.005506,0.563745,0.374791,-0.040007,0.530251,0.417637,0.111403,0.54158,0.429864,-0.145203,0.508709,0.498871,0.139982,0.526461,0.522614,-0.186067,0.500036,0.57318,0.102008,0.520888,0.624069,-0.158766,0.493865,0.603413,0.102854,0.521582,0.649654,-0.180171,0.495835,0.602142,0.083407,0.524225,0.64905,-0.176569,0.498198,0.59545,0.092966,0.523512,0.640008,-0.156941,0.506559,0.595316,0.088797,0.500206,0.603773,-0.088829,0.585161,0.638749,0.081683,0.504715,0.743683,-0.109762,0.58636,0.78182,0.113252,0.442811,0.834859,-0.078606,0.578039,0.803846,0.112257,0.425744,0.837976,-0.076358,0.624302,0.793384,0.077051,0.457678,0.893698,-0.126343
1.5.26_EH_Fastball1,81,1070.49,669.92,0,1070.49,669.92,0.9885,1069.41,674.31,0.8692,0.574364,0.360483,-0.008639,0.570088,0.348285,-0.000277,0.568443,0.347795,-0.000363,0.566871,0.347314,-0.000284,0.570887,0.349015,-0.024399,0.570001,0.349129,-0.024551,0.569104,0.349202,-0.024615,0.55852,0.351014,0.038151,0.56169,0.353194,-0.072488,0.569011,0.373203,0.009014,0.569881,0.373684,-0.024076,0.530943,0.411048,0.114248,0.552707,0.424446,-0.140763,0.521634,0.503452,0.138012,0.549584,0.527489,-0.159531,0.5306,0.598933,0.078473,0.556984,0.62436,-0.110883,0.531559,0.622034,0.078299,0.561742,0.648834,-0.128621,0.534341,0.620626,0.058348,0.564929,0.648393,-0.124303,0.534781,0.614541,0.06893,0.563613,0.641079,-0.108563,0.505859,0.590075,0.087979,0.511109,0.600094,-0.088034,0.590809,0.633314,0.131929,0.507486,0.739836,-0.114783,0.615607,0.769382,0.178066,0.444504,0.835052,-0.084357,0.608682,0.798295,0.178003,0.426886,0.837099,-0.082093,0.652366,0.773749,0.146377,0.456536,0.89379,-0.131461
1.5.26_EH_Fastball1,82,1137.97,651.85,0,1137.97,651.85,0.9916,1130.7,650.14,0.8462,0.583558,0.358391,-0.014289,0.578918,0.345374,-0.004207,0.57756,0.344811,-0.004269,0.576138,0.344301,-0.004171,0.578815,0.345827,-0.031105,0.577647,0.34572,-0.031263,0.57643,0.345553,-0.031366,0.56693,0.347356,0.037803,0.567656,0.349082,-0.077964,0.578657,0.370716,0.007824,0.578611,0.371477,-0.029027,0.543496,0.404958,0.117449,0.556176,0.415736,-0.147155,0.526442,0.501074,0.138332,0.56914,0.515756,-0.179396,0.52311,0.577656,0.061401,0.588907,0.601985,-0.12755,0.522383,0.603857,0.057826,0.596579,0.625659,-0.147572,0.524471,0.602777,0.038417,0.600329,0.623975,-0.139283,0.526474,0.596301,0.051493,0.597221,0.614834,-0.123228,0.52409,0.587165,0.087261,0.515415,0.595566,-0.087324,0.602513,0.622452,0.123762,0.508123,0.738434,-0.11278,0.639231,0.756441,0.120877,0.445529,0.834829,-0.070744,0.633991,0.789589,0.119814,0.429073,0.835806,-0.064591,0.675752,0.75279,0.081082,0.455982,0.896866,-0.123484
1.5.26_EH_Fastball1,83,1203.65,628.39,0,1203.65,628.39,0.993,1202.27,631.66,0.8546,0.590989,0.3555,-0.015517,0.586453,0.342556,-0.005729,0.585172,0.34208,-0.005805,0.583876,0.341654,-0.005722,0.586353,0.342976,-0.032093,0.585265,0.342974,-0.032251,0.584166,0.342952,-0.032332,0.574966,0.344812,0.040765,0.575748,0.346605,-0.076909,0.586808,0.367116,0.005868,0.586553,0.367696,-0.030178,0.553527,0.402713,0.122956,0.561545,0.412707,-0.145268,0.528355,0.489845,0.173398,0.588914,0.508351,-0.190014,0.517481,0.568067,0.125149,0.626182,0.58487,-0.16877,0.512903,0.588183,0.127232,0.633454,0.605667,-0.195343,0.513791,0.588042,0.106816,0.638877,0.600437,-0.183154,0.517124,0.580636,0.116402,0.635588,0.593256,-0.163602,0.540268,0.581819,0.085381,0.526882,0.590661,-0.085454,0.614913,0.624065,0.100368,0.508557,0.736668,-0.107827,0.662411,0.738503,0.124304,0.447106,0.834839,-0.070286,0.658433,0.773938,0.124609,0.429841,0.835407,-0.063908,0.698774,0.731016,0.076351,0.456076,0.899323,-0.129388
1.5.26_EH_Fastball1,84,1256.0,589.0,0,1262.07,579.04,0.9926,1259.43,604.58,0.8654,0.599346,0.352048,0.001071,0.594906,0.340009,0.011947,0.593688,0.339464,0.01182,0.59236,0.338897,0.011912,0.594889,0.340487,-0.014707,0.593924,0.340433,-0.014889,0.592899,0.340242,-0.014993,0.583569,0.341065,0.061243,0.584782,0.34307,-0.05999,0.594823,0.363098,0.023364,0.594717,0.363556,-0.013226,0.560012,0.399115,0.137567,0.570335,0.410007,-0.13407,0.541322,0.483966,0.177802,0.609687,0.501153,-0.175605,0.53953,0.560185,0.123672,0.655951,0.559796,-0.146143,0.536136,0.578383,0.125005,0.66617,0.576953,-0.172114,0.539126,0.577943,0.104419,0.670113,0.571107,-0.157488,0.542185,0.57236,0.114679,0.666562,0.5657,-0.139875,0.554046,0.577994,0.084046,0.540516,0.585701,-0.084133,0.630788,0.623242,0.091309,0.510134,0.734487,-0.12224,0.676858,0.730391,0.14669,0.448433,0.834753,-0.099258,0.675037,0.759502,0.148762,0.431499,0.834127,-0.097906,0.702569,0.726689,0.103825,0.45477,0.90075,-0.173994
1.5.26_EH_Fastball1,85,1300.0,532.0,0,1316.15,524.13,0.9865,1307.18,550.29,0.876,0.605544,0.348443,-0.005406,0.60214,0.336102,0.005536,0.601298,0.335414,0.005414,0.600451,0.334643,0.005499,0.601697,0.336706,-0.020251,0.60059,0.336451,-0.020426,0.599433,0.336223,-0.0205,0.592845,0.336753,0.055585,0.591799,0.33763,-0.066004,0.601392,0.359229,0.016541,0.601142,0.359834,-0.018481,0.57014,0.390695,0.12822,0.575768,0.405076,-0.135906,0.572266,0.345787,0.230099,0.633367,0.472517,-0.178169,0.587742,0.314479,0.299112,0.680824,0.509524,-0.164313,0.590387,0.303183,0.316228,0.693101,0.525763,-0.220565,0.590444,0.306234,0.295242,0.694597,0.516236,-0.170981,0.590685,0.311094,0.292886,0.689739,0.506912,-0.15086,0.568637,0.574661,0.083275,0.552955,0.581743,-0.083349,0.644319,0.627138,0.10663,0.512217,0.727598,-0.147353,0.693179,0.725364,0.199795,0.451817,0.834522,-0.129501,0.691139,0.746515,0.205638,0.435669,0.831522,-0.128588,0.725972,0.727381,0.163421,0.454546,0.900262,-0.203981
1.5.26_EH_Fastball1,86,1329.0,483.0,0,1330.6,465.18,0.9786,1347.4,491.66,0.8853,0.613953,0.344741,-0.176381,0.610749,0.332817,-0.163774,0.609912,0.332373,-0.163983,0.609112,0.331821,-0.163877,0.609241,0.333274,-0.192963,0.607332,0.333163,-0.19314,0.605358,0.332951,-0.193277,0.598566,0.334625,-0.08609,0.594512,0.335953,-0.220446,0.608812,0.357555,-0.143072,0.607625,0.358094,-0.183105,0.583763,0.390469,0.016147,0.581129,0.402795,-0.264883,0.573976,0.34741,0.076862,0.651761,0.435556,-0.342933,0.583489,0.442999,0.038926,0.70177,0.455245,-0.352887,0.582969,0.466646,0.039678,0.713787,0.463579,-0.39616,0.588417,0.447394,0.009628,0.716321,0.456445,-0.376484,0.588513,0.447532,0.026496,0.711239,0.454387,-0.347041,0.590246,0.573271,0.080616,0.560367,0.581443,-0.080662,0.658975,0.630859,0.100709,0.516061,0.721995,-0.131827,0.71455,0.722021,0.205689,0.458116,0.831727,-0.071745,0.716623,0.741544,0.212243,0.44325,0.828217,-0.067339,0.752612,0.725745,0.158842,0.455279,0.901599,-0.173409
1.5.26_EH_Fastball1,87,1345.0,421.0,0,1330.41,445.14,0.9638,1173.71,366.8,0.8848,0.620426,0.344459,-0.051172,0.618629,0.333298,-0.034905,0.618086,0.332861,-0.035182,0.61754,0.332294,-0.035123,0.616957,0.332791,-0.064187,0.615362,0.332411,-0.064347,0.613768,0.331816,-0.064522,0.608337,0.333713,0.040798,0.60484,0.333457,-0.093224,0.616723,0.356297,-0.019051,0.615122,0.356242,-0.059805,0.595689,0.39345,0.1008,0.582214,0.386324,-0.157031,0.580262,0.376297,0.188172,0.607346,0.389481,-0.312903,0.592382,0.504008,0.200852,0.611308,0.339631,-0.43588,0.593165,0.526604,0.21435,0.612669,0.321173,-0.479384,0.594893,0.515216,0.185964,0.61103,0.320694,-0.463877,0.595336,0.501773,0.190048,0.609973,0.328822,-0.435183,0.601199,0.573734,0.073667,0.569981,0.581125,-0.073733,0.665788,0.634515,0.060771,0.522683,0.715815,-0.127092,0.723686,0.719259,0.171348,0.46377,0.828222,-0.089874,0.726765,0.73849,0.16813,0.45374,0.827202,-0.089107,0.760307,0.73737,0.112694,0.45374,0.898832,-0.179507
1.5.26_EH_Fastball1,88,1348.0,355.0,0,1352.72,345.38,0.9817,1337.97,358.35,0.8597,0.626221,0.347833,0.092129,0.624186,0.336591,0.100435,0.623616,0.336122,0.10031,0.622661,0.335482,0.100347,0.623638,0.336308,0.075213,0.622852,0.335997,0.075034,0.622161,0.33551,0.074945,0.611964,0.336194,0.127408,0.614486,0.337625,0.012192,0.622939,0.359079,0.105402,0.62243,0.359171,0.070846,0.587075,0.392558,0.147397,0.604353,0.386947,-0.063771,0.584817,0.417147,0.166967,0.636763,0.380313,-0.177836,0.603622,0.437505,0.090599,0.69686,0.331808,-0.197317,0.602587,0.438819,0.084821,0.70981,0.324925,-0.224989,0.605477,0.427507,0.075045,0.710997,0.320289,-0.200007,0.608376,0.424843,0.084319,0.704602,0.324378,-0.189011,0.599916,0.574608,0.057045,0.589346,0.580641,-0.057187,0.671865,0.642373,0.027336,0.531489,0.705806,-0.120759,0.727829,0.721776,0.068894,0.470462,0.821933,-0.097211,0.734674,0.74908,0.067588,0.467184,0.826199,-0.097984,0.761792,0.743316,0.012869,0.452813,0.864696,-0.165021
1.5.26_EH_Fastball1,89,1334.0,295.0,0,1334.99,298.2,0.9707,1343.42,294.76,0.863,0.631846,0.349492,0.077045,0.630305,0.337985,0.087827,0.629755,0.337491,0.087703,0.629183,0.336904,0.087802,0.629429,0.337791,0.061204,0.628376,0.337433,0.060998,0.627391,0.336956,0.060906,0.620521,0.337536,0.131948,0.619591,0.338926,0.010349,0.628925,0.35984,0.096766,0.628105,0.359713,0.060309,0.612481,0.391356,0.168876,0.598835,0.377427,-0.062507,0.619541,0.427381,0.171321,0.651732,0.348352,-0.158629,0.622719,0.41429,0.100362,0.699696,0.272922,-0.150991,0.621362,0.40855,0.096956,0.711512,0.263975,-0.177246,0.621528,0.398742,0.084642,0.710627,0.257064,-0.155558,0.623482,0.398913,0.093269,0.70511,0.25997,-0.143418,0.625052,0.575138,0.054729,0.598279,0.581088,-0.054904,0.684755,0.645893,0.028906,0.538004,0.704651,-0.087962,0.744233,0.727216,0.133025,0.479041,0.816098,-0.054848,0.747675,0.747009,0.138015,0.477702,0.826518,-0.054206,0.77213,0.752885,0.087523,0.453096,0.83351,-0.122169
1.5.26_EH_Fastball1,90,1314.97,245.6,0,1314.97,245.6,0.9683,1166.82,471.74,0.7795,0.621068,0.34147,-0.112269,0.62239,0.331629,-0.108296,0.622823,0.331403,-0.108514,0.625268,0.331657,-0.108552,0.619108,0.332281,-0.099546,0.618704,0.332982,-0.099767,0.618051,0.333273,-0.099872,0.627222,0.335564,-0.062327,0.618482,0.336495,-0.032876,0.621669,0.351893,-0.092179,0.617909,0.352289,-0.081546,0.634478,0.378202,-0.066506,0.59569,0.385582,0.02138,0.649671,0.307315,-0.152743,0.597918,0.356734,0.063396,0.682027,0.232193,-0.256489,0.607719,0.436798,0.045001,0.694821,0.218752,-0.287168,0.611676,0.472014,0.040133,0.695875,0.217271,-0.293026,0.612516,0.474486,0.017281,0.691085,0.222769,-0.26238,0.610473,0.464259,0.034008,0.640556,0.576142,-0.020157,0.604501,0.581891,0.020019,0.694548,0.655881,-0.01168,0.549,0.697005,-0.034914,0.753527,0.73254,0.102836,0.488936,0.810746,-0.031736,0.757238,0.742813,0.111639,0.488099,0.826605,-0.036237,0.775045,0.760311,0.021939,0.453978,0.81106,-0.12274
1.5.26_EH_Fastball1,91,1276.37,203.9,0,1276.37,203.9,0.971,1263.41,228.54,0.7823,0.64555,0.342538,-0.155853,0.649275,0.333202,-0.142077,0.650414,0.333348,-0.142315,0.651767,0.333668,-0.142318,0.644163,0.333043,-0.145721,0.642464,0.33344,-0.145947,0.640495,0.333343,-0.146032,0.651571,0.338032,-0.064419,0.636386,0.336418,-0.061276,0.645517,0.354956,-0.124727,0.639247,0.352706,-0.130547,0.654862,0.385732,-0.03883,0.608233,0.37637,-0.04978,0.674838,0.357713,-0.114964,0.629235,0.298157,-0.118318,0.708788,0.385925,-0.267067,0.658028,0.211609,-0.159937,0.717561,0.392204,-0.298537,0.668599,0.193137,-0.181249,0.717107,0.391319,-0.317283,0.670447,0.193568,-0.177671,0.713053,0.390193,-0.278873,0.666614,0.19993,-0.15897,0.655224,0.576719,-0.008785,0.615302,0.582031,0.00859,0.700949,0.670026,-0.047909,0.558007,0.693676,-0.028746,0.760341,0.738589,0.048065,0.499653,0.805971,-0.021655,0.762057,0.748885,0.053711,0.499233,0.827061,-0.025895,0.785089,0.769884,-0.021552,0.459584,0.801539,-0.11095
1.5.26_EH_Fastball1,92,1221.0,199.0,0,1207.15,195.28,0.9652,,,,,,,,,,,,,,,,,,,,,,,,,,,,,,,,,,,,,,,,,,,,,,,,,,,,,,,,,,,,,,,,,,,,,,,,,,,,,,,,,,,,,,,,,,,,,,,,,,,,,,
1.5.26_EH_Fastball1,93,1172.0,207.0,0,1158.08,204.47,0.9627,1195.58,367.34,0.7074,0.669932,0.363644,-0.091162,0.672019,0.355604,-0.079299,0.672289,0.356454,-0.079543,0.672586,0.357309,-0.079543,0.668489,0.354671,-0.07799,0.667561,0.354737,-0.078238,0.666546,0.354708,-0.078363,0.671438,0.364791,-0.020685,0.662764,0.357669,-0.014465,0.667333,0.376693,-0.068302,0.663842,0.373841,-0.068129,0.677794,0.423456,-0.033349,0.634149,0.408866,0.022775,0.666692,0.441528,-0.082798,0.621329,0.384037,-0.026408,0.657135,0.416765,-0.124442,0.622698,0.340133,-0.090879,0.655706,0.412514,-0.142441,0.621591,0.330211,-0.11081,0.657415,0.406435,-0.145661,0.624047,0.327506,-0.112831,0.657495,0.406159,-0.127092,0.624289,0.329745,-0.096289,0.674577,0.598845,-0.017257,0.639237,0.596972,0.0171,0.720461,0.703726,-0.030295,0.580414,0.703999,-0.037265,0.769627,0.784515,0.074114,0.521246,0.802258,-0.05513,0.774556,0.793021,0.080558,0.519294,0.8302,-0.060721,0.792602,0.845901,0.014539,0.49075,0.806118,-0.147148
1.5.26_EH_Fastball1,94,1131.58,235.95,0,1131.58,235.95,0.9621,1153.19,256.69,0.7132,0.681197,0.364008,-0.261203,0.682539,0.355755,-0.257299,0.68299,0.356684,-0.257566,0.682676,0.357679,-0.257583,0.680254,0.354773,-0.252516,0.678217,0.354924,-0.252747,0.674801,0.354991,-0.252839,0.679131,0.3657,-0.210634,0.670275,0.358161,-0.18766,0.675279,0.377655,-0.240711,0.670481,0.374579,-0.235716,0.683562,0.424225,-0.215651,0.641353,0.407866,-0.110893,0.666167,0.441504,-0.310211,0.620668,0.336086,-0.146813,0.644546,0.398133,-0.394735,0.60062,0.237677,-0.228294,0.638316,0.387882,-0.429346,0.590864,0.213123,-0.252231,0.64113,0.380495,-0.427359,0.594454,0.20707,-0.262304,0.642538,0.383783,-0.396653,0.59895,0.215841,-0.23799,0.678365,0.599077,-0.018843,0.643817,0.596888,0.018676,0.724026,0.706296,-0.048933,0.586279,0.704682,-0.018267,0.771501,0.80071,0.068022,0.525883,0.802885,0.031881,0.77485,0.812393,0.07456,0.52302,0.828672,0.032107,0.792844,0.85915,-0.01599,0.498287,0.811866,-0.073377
1.5.26_EH_Fastball1,95,1101.0,281.0,0,1096.17,282.36,0.9701,1115.78,275.78,0.7396,0.704617,0.363905,-0.193466,0.702302,0.355061,-0.184211,0.701934,0.355749,-0.184464,0.701446,0.356453,-0.18445,0.700154,0.354356,-0.187928,0.697923,0.354525,-0.188142,0.695404,0.354582,-0.188218,0.694151,0.363977,-0.128078,0.686139,0.358161,-0.145712,0.699637,0.377691,-0.170573,0.69682,0.374953,-0.176707,0.69799,0.425961,-0.134157,0.652312,0.40607,-0.111916,0.684296,0.460664,-0.274424,0.618927,0.33664,-0.174181,0.673524,0.433259,-0.466791,0.581134,0.255353,-0.248968,0.671301,0.432602,-0.511422,0.567634,0.23594,-0.276614,0.670154,0.422736,-0.514775,0.570784,0.224829,-0.2849,0.669242,0.423356,-0.474457,0.577067,0.233931,-0.257657,0.689397,0.600878,-0.002573,0.654271,0.597952,0.00239,0.730382,0.712805,-0.045822,0.601066,0.706361,-0.026168,0.77193,0.824169,0.063244,0.537297,0.805586,0.010412,0.773816,0.839732,0.068339,0.533216,0.826947,0.009804,0.792829,0.881092,-0.021435,0.517851,0.829898,-0.090393
1.5.26_EH_Fastball1,96,1085.0,348.0,0,1087.17,349.93,0.9803,1170.99,481.99,0.7212,0.718208,0.368355,-0.076658,0.717107,0.359543,-0.066196,0.717058,0.35975,-0.066391,0.71691,0.359999,-0.066315,0.714261,0.35931,-0.079478,0.712161,0.359292,-0.079725,0.710026,0.359149,-0.079845,0.709535,0.365434,-0.008733,0.700235,0.361879,-0.085252,0.714647,0.381758,-0.052188,0.711522,0.380052,-0.071168,0.708636,0.425944,0.007221,0.669035,0.406786,-0.064304,0.663649,0.41046,0.003102,0.629311,0.410931,-0.046076,0.614986,0.400621,-0.034479,0.609893,0.446287,-0.015239,0.60099,0.407881,-0.05181,0.605214,0.46827,-0.023853,0.602313,0.403642,-0.054509,0.606938,0.469464,-0.034786,0.607601,0.401265,-0.036526,0.609498,0.465033,-0.019007,0.6983,0.603115,0.022714,0.66614,0.600406,-0.022918,0.737433,0.720385,0.015565,0.611468,0.714465,-0.080198,0.770357,0.836942,0.122975,0.550563,0.810631,-0.011645,0.766001,0.853853,0.129238,0.543133,0.826975,0.0053,0.79344,0.885556,0.056296,0.534479,0.85192,-0.099065
1.5.26_EH_Fastball1,97,1087.0,432.0,0,1191.26,518.75,0.9904,1197.58,527.14,0.7453,0.731958,0.370623,-0.06234,0.729522,0.361038,-0.052763,0.729127,0.360966,-0.05294,0.728745,0.360973,-0.05287,0.727287,0.360711,-0.070367,0.72514,0.360383,-0.070638,0.722857,0.360014,-0.070774,0.721099,0.365472,0.0021,0.711448,0.362179,-0.080161,0.728582,0.383141,-0.038316,0.726163,0.382293,-0.062977,0.723691,0.428019,0.055872,0.675944,0.406302,-0.07125,0.694956,0.462502,0.147527,0.630586,0.422607,-0.022215,0.698962,0.518897,0.194381,0.623739,0.488092,0.059455,0.70057,0.534066,0.204681,0.622916,0.509916,0.060163,0.704298,0.535826,0.182674,0.627504,0.5112,0.054784,0.703404,0.530273,0.186894,0.629265,0.50605,0.059633,0.709361,0.603755,0.039978,0.67483,0.601732,-0.040041,0.743305,0.726399,0.04708,0.625,0.723017,-0.112252,0.770279,0.846572,0.13036,0.56404,0.820889,-0.075504,0.764757,0.867315,0.134843,0.55349,0.829132,-0.071037,0.796889,0.888403,0.078524,0.553093,0.879696,-0.148321
1.5.26_EH_Fastball1,98,1113.0,509.0,0,1113.17,505.98,0.9921,1126.72,513.72,0.7583,0.742289,0.372897,-0.073763,0.739579,0.362684,-0.064689,0.738797,0.362311,-0.064875,0.738025,0.362043,-0.064815,0.738381,0.362593,-0.081472,0.736548,0.362128,-0.081722,0.734355,0.361624,-0.081854,0.729134,0.36565,-0.010029,0.721745,0.363615,-0.096801,0.7385,0.384752,-0.050144,0.736908,0.384453,-0.073537,0.733775,0.430676,0.030905,0.681528,0.409181,-0.091469,0.702352,0.478597,0.062436,0.632243,0.455213,-0.093158,0.684099,0.481474,0.036339,0.586832,0.47567,-0.074573,0.687666,0.48626,0.030929,0.571123,0.477472,-0.075412,0.691184,0.48713,0.019633,0.571119,0.477026,-0.098486,0.685411,0.480174,0.030843,0.576433,0.476341,-0.080391,0.717638,0.605294,0.043228,0.683397,0.603401,-0.043321,0.745628,0.731438,0.073211,0.641415,0.728955,-0.086623,0.770279,0.851054,0.148718,0.58033,0.830812,-0.029143,0.764701,0.873684,0.1516,0.56879,0.833043,-0.022234,0.797666,0.891807,0.081729,0.568577,0.893515,-0.10208
1.5.26_EH_Fastball1,99,1151.0,592.0,0,1159.39,587.52,0.9964,1140.93,582.3,0.78,0.752821,0.374158,-0.085633,0.748973,0.363103,-0.079497,0.747821,0.362801,-0.079586,0.746727,0.362596,-0.079442,0.748192,0.363038,-0.113051,0.746412,0.362703,-0.113283,0.744501,0.36239,-0.113409,0.738119,0.365989,-0.022595,0.73288,0.365332,-0.140805,0.74867,0.386145,-0.055447,0.747721,0.386095,-0.105028,0.73938,0.430638,0.013967,0.690832,0.416804,-0.141451,0.698315,0.49206,0.05188,0.645474,0.487834,-0.143309,0.677945,0.499945,0.022204,0.594232,0.53917,-0.140284,0.674834,0.506579,0.016404,0.583518,0.550947,-0.154381,0.675096,0.506018,0.001333,0.583442,0.550349,-0.169479,0.675362,0.49958,0.015065,0.58798,0.547092,-0.145768,0.725113,0.608027,0.052586,0.691765,0.605487,-0.052671,0.748226,0.737496,0.098169,0.655513,0.735162,-0.061099,0.770713,0.854261,0.185611,0.599498,0.839815,0.009097,0.765159,0.875032,0.189465,0.588425,0.84639,0.012815,0.798086,0.892712,0.121539,0.588825,0.887153,-0.072702
1.5.26_EH_Fastball1,100,1234.41,653.53,0,1234.41,653.53,0.9943,1207.82,651.38,0.7982,0.760389,0.37658,-0.101684,0.756564,0.364628,-0.097346,0.755579,0.364212,-0.097449,0.754706,0.36387,-0.097377,0.755704,0.364567,-0.126676,0.754077,0.364153,-0.12689,0.752359,0.363745,-0.127009,0.746413,0.366659,-0.048428,0.742413,0.366553,-0.152431,0.755705,0.388419,-0.076007,0.754595,0.388289,-0.118996,0.745402,0.432893,0.00379,0.70051,0.422324,-0.156178,0.730441,0.530328,0.038588,0.66747,0.518003,-0.161734,0.74485,0.607566,-0.003893,0.629075,0.603131,-0.163521,0.751843,0.63251,-0.008436,0.618527,0.621894,-0.180796,0.755663,0.632352,-0.033005,0.617137,0.627099,-0.193868,0.751716,0.625021,-0.015249,0.622335,0.622272,-0.169429,0.730042,0.609556,0.050341,0.697765,0.60688,-0.050401,0.751906,0.739955,0.107478,0.667285,0.74316,-0.060075,0.770784,0.854086,0.202393,0.61553,0.847181,0.026357,0.764636,0.87356,0.206409,0.607318,0.858385,0.031751,0.79794,0.894189,0.13789,0.601878,0.881504,-0.048372
1.5.26_EH_Fastball1,101,1325.79,692.92,0,1325.79,692.92,0.9926,1311.16,686.83,0.8112,0.765692,0.377539,-0.062348,0.762014,0.364934,-0.052576,0.76104,0.364621,-0.052713,0.760075,0.364364,-0.05268,0.761507,0.364937,-0.078781,0.760195,0.364699,-0.078975,0.758766,0.364462,-0.079071,0.75138,0.367457,-0.00265,0.749315,0.368348,-0.116484,0.761454,0.3898,-0.040077,0.760964,0.389857,-0.076532,0.740505,0.434857,0.057893,0.717672,0.428015,-0.132058,0.736616,0.545883,0.077508,0.694323,0.522074,-0.154312,0.751111,0.598907,0.014061,0.682898,0.635955,-0.151317,0.757063,0.625993,0.008669,0.678886,0.661641,-0.169902,0.757215,0.620844,-0.013713,0.682589,0.664442,-0.176344,0.758211,0.615691,0.003001,0.685291,0.656667,-0.154577,0.731487,0.611152,0.058056,0.706915,0.609609,-0.058117,0.755086,0.740738,0.11269,0.677817,0.747192,-0.069282,0.77083,0.853186,0.193726,0.630894,0.850107,0.003124,0.764217,0.873064,0.196736,0.621577,0.860589,0.005341,0.798093,0.893873,0.139567,0.618323,0.881352,-0.069124
1.5.26_EH_Fastball1,102,1415.0,692.0,0,1414.54,687.98,0.9952,1415.12,684.07,0.8134,0.771533,0.377247,-0.145711,0.768071,0.364618,-0.137009,0.766991,0.364296,-0.137203,0.765929,0.364026,-0.137207,0.767363,0.364677,-0.163632,0.765743,0.364506,-0.163829,0.763976,0.364368,-0.163954,0.756218,0.367005,-0.083033,0.753501,0.368113,-0.198081,0.766639,0.389325,-0.121606,0.76576,0.389105,-0.157772,0.747056,0.435146,0.034255,0.72369,0.427037,-0.221037,0.743345,0.542038,0.032349,0.715704,0.542305,-0.245424,0.762126,0.615675,-0.009579,0.737042,0.633401,-0.236359,0.766623,0.641435,-0.012849,0.739604,0.658255,-0.261299,0.768812,0.640962,-0.037739,0.746228,0.657755,-0.261752,0.766602,0.634495,-0.020594,0.745624,0.646832,-0.236716,0.734991,0.610801,0.061971,0.708872,0.609019,-0.062006,0.757869,0.737268,0.132873,0.689448,0.746869,-0.068271,0.770897,0.853762,0.212159,0.64313,0.84665,0.014238,0.763762,0.872868,0.214549,0.634546,0.856442,0.019382,0.798381,0.895575,0.151479,0.62592,0.881657,-0.049697
1.5.26_EH_Fastball1,103,1490.0,651.0,0,1491.79,648.27,0.9871,1478.75,656.02,0.8305,0.775544,0.377102,-0.145035,0.772121,0.364349,-0.13733,0.770977,0.364097,-0.137529,0.769841,0.363895,-0.137515,0.771604,0.364348,-0.160996,0.770084,0.364198,-0.161197,0.768461,0.364072,-0.161315,0.759694,0.365979,-0.087088,0.757957,0.367713,-0.193092,0.770131,0.389333,-0.121968,0.769605,0.389036,-0.154229,0.745812,0.434818,0.010253,0.729384,0.42811,-0.214139,0.741632,0.535543,0.029056,0.73353,0.53885,-0.22783,0.757605,0.601886,-0.017211,0.770182,0.607427,-0.213477,0.761339,0.633735,-0.021563,0.77899,0.632122,-0.238298,0.766168,0.628816,-0.045174,0.784289,0.625041,-0.235943,0.765208,0.622908,-0.027687,0.780718,0.616174,-0.212564,0.739054,0.610455,0.058958,0.71295,0.608976,-0.059006,0.760402,0.737564,0.125324,0.698698,0.744732,-0.061622,0.77083,0.854194,0.210745,0.653926,0.842968,0.033612,0.761989,0.873299,0.214572,0.644621,0.853438,0.040002,0.797174,0.896294,0.160853,0.640498,0.880435,-0.020461
1.5.26_EH_Fastball1,104,1545.96,588.72,0,1545.96,588.72,0.9937,1548.11,603.57,0.8433,0.777706,0.376586,-0.013871,0.774495,0.364194,-0.004032,0.773144,0.363579,-0.004188,0.771752,0.362955,-0.004141,0.774371,0.364209,-0.030301,0.772943,0.364152,-0.030496,0.771317,0.363932,-0.030592,0.761559,0.363495,0.04029,0.760881,0.366214,-0.084949,0.771895,0.389058,0.006134,0.771486,0.388537,-0.029597,0.744214,0.429771,0.105741,0.735603,0.42659,-0.144597,0.735671,0.523535,0.128632,0.752799,0.520024,-0.167504,0.745861,0.586864,0.061324,0.806306,0.558859,-0.139705,0.748803,0.612302,0.057778,0.81716,0.573797,-0.1626,0.749945,0.6022,0.039918,0.819021,0.569536,-0.143164,0.750652,0.593639,0.052374,0.814998,0.564029,-0.129299,0.742873,0.609037,0.06334,0.717851,0.606509,-0.063423,0.761651,0.737012,0.097816,0.70671,0.741523,-0.06684,0.770372,0.852962,0.178036,0.662319,0.837779,0.030807,0.760786,0.870304,0.182211,0.653857,0.83605,0.039511,0.796064,0.895992,0.13583,0.648022,0.878963,-0.002495
1.5.26_EH_Fastball1,105,1579.0,542.0,0,1578.21,537.95,0.9888,1581.87,561.83,0.8575,0.780817,0.376501,0.004708,0.777884,0.363241,0.015554,0.776628,0.362407,0.015399,0.775191,0.361501,0.015444,0.777564,0.363391,-0.011038,0.776216,0.363193,-0.011243,0.77456,0.362793,-0.011346,0.76422,0.360814,0.065858,0.763446,0.363492,-0.057487,0.77501,0.38855,0.027141,0.774652,0.388436,-0.009119,0.740415,0.422639,0.134238,0.739732,0.420295,-0.125734,0.72925,0.512899,0.177606,0.771513,0.497656,-0.175599,0.747081,0.572222,0.136982,0.823891,0.520209,-0.150773,0.74909,0.589087,0.13899,0.836108,0.530124,-0.174002,0.752326,0.584986,0.120689,0.837696,0.527083,-0.151086,0.752458,0.5779,0.128339,0.833275,0.523819,-0.14016,0.747431,0.60676,0.067497,0.724013,0.603404,-0.067623,0.762761,0.735354,0.08371,0.712767,0.739197,-0.0816,0.770027,0.852192,0.170013,0.668054,0.82615,0.02044,0.759684,0.869328,0.178386,0.66006,0.822228,0.02946,0.796046,0.896218,0.114402,0.658331,0.877445,-0.008476
1.5.26_EH_Fastball1,106,1604.0,481.0,0,1606.63,491.23,0.9926,1605.15,512.3,0.8709,0.782534,0.374887,-0.009788,0.779013,0.36067,5.7e-05,0.777486,0.359623,-0.000114,0.775905,0.358568,-5.6e-05,0.779257,0.361061,-0.025325,0.777963,0.360702,-0.025528,0.776541,0.360227,-0.02564,0.765859,0.357135,0.048264,0.76579,0.359657,-0.066748,0.77675,0.385932,0.012032,0.776628,0.386319,-0.02251,0.747781,0.415648,0.116337,0.741113,0.414629,-0.131382,0.744623,0.507544,0.159611,0.785287,0.485975,-0.194142,0.752235,0.572567,0.120271,0.836017,0.474352,-0.175449,0.752785,0.592479,0.122509,0.852111,0.477074,-0.200668,0.755322,0.590369,0.104783,0.852392,0.466899,-0.180877,0.755756,0.581758,0.112261,0.846811,0.466484,-0.16688,0.752871,0.604543,0.065594,0.729879,0.599404,-0.065719,0.764871,0.734467,0.073529,0.717203,0.738775,-0.084031,0.769951,0.85127,0.159926,0.674535,0.810337,0.041344,0.759565,0.868056,0.166288,0.665359,0.805262,0.054216,0.795607,0.896939,0.113248,0.667209,0.873794,0.019432
1.5.26_EH_Fastball1,107,1602.0,445.0,0,1602.37,446.63,0.9887,1606.14,465.09,0.8685,0.782129,0.367576,-0.005402,0.779157,0.353953,0.004934,0.778051,0.353075,0.004797,0.776845,0.352024,0.004863,0.778434,0.353832,-0.020482,0.7769,0.353193,-0.020697,0.775271,0.35233,-0.02078,0.766091,0.351042,0.056062,0.764522,0.351999,-0.060167,0.777929,0.379348,0.017409,0.777259,0.379214,-0.017197,0.751639,0.409666,0.127387,0.744803,0.406238,-0.123239,0.771968,0.472127,0.149351,0.793415,0.461466,-0.166258,0.803298,0.479266,0.079485,0.83653,0.43064,-0.120602,0.811163,0.478936,0.076375,0.846832,0.423372,-0.140035,0.811251,0.474898,0.059998,0.845999,0.415566,-0.125454,0.809043,0.472836,0.070321,0.839997,0.418841,-0.113529,0.757211,0.598588,0.066174,0.733154,0.592055,-0.066296,0.769271,0.733683,0.072246,0.722641,0.733421,-0.107194,0.769906,0.84919,0.155297,0.679937,0.798407,0.031804,0.759213,0.865067,0.160979,0.669951,0.795715,0.045715,0.793291,0.897907,0.113149,0.678332,0.872845,0.021512
1.5.26_EH_Fastball1,108,1614.93,412.34,0,1614.93,412.34,0.9918,1617.16,417.73,0.8729,0.784795,0.364913,-0.032309,0.781802,0.350374,-0.021981,0.780866,0.34956,-0.022136,0.77987,0.348687,-0.022084,0.780943,0.349926,-0.046601,0.779444,0.349024,-0.04682,0.777881,0.347928,-0.046922,0.76966,0.347899,0.031572,0.766669,0.348046,-0.064618,0.780279,0.375956,-0.008528,0.779352,0.376102,-0.042165,0.75775,0.404459,0.109113,0.745978,0.399639,-0.145264,0.799071,0.42455,0.155351,0.799494,0.435462,-0.202105,0.842781,0.385742,0.110351,0.842271,0.386786,-0.175257,0.855639,0.376582,0.111723,0.855639,0.377448,-0.201643,0.855984,0.370168,0.0911,0.855842,0.368013,-0.185643,0.851456,0.372337,0.099916,0.850599,0.370756,-0.169239,0.761134,0.595509,0.06849,0.737598,0.589109,-0.068627,0.775181,0.731468,0.076711,0.727687,0.729215,-0.099264,0.770249,0.847193,0.174012,0.685524,0.789583,0.084401,0.75962,0.864597,0.181425,0.676487,0.788847,0.103938,0.790873,0.898213,0.137121,0.68728,0.869205,0.079968
1.5.26_EH_Fastball1,109,1613.0,400.0,0,1611.73,400.75,0.9942,1594.79,404.11,0.846,0.785647,0.360307,-0.017136,0.782883,0.346252,-0.003685,0.782054,0.345773,-0.00384,0.781195,0.34528,-0.003806,0.781824,0.345641,-0.02875,0.780198,0.344919,-0.028957,0.778451,0.344057,-0.029046,0.771462,0.345804,0.056369,0.767448,0.345336,-0.055826,0.781733,0.372076,0.008036,0.780412,0.371997,-0.026191,0.764358,0.406292,0.129903,0.748203,0.396911,-0.137053,0.808514,0.420347,0.177907,0.787448,0.417356,-0.179002,0.842667,0.361311,0.129087,0.830622,0.374174,-0.164209,0.853662,0.348158,0.128804,0.845969,0.359268,-0.187522,0.853503,0.341211,0.110846,0.835795,0.361788,-0.179741,0.848115,0.345681,0.119663,0.838153,0.353198,-0.161402,0.765264,0.591216,0.068806,0.742731,0.584349,-0.068916,0.783303,0.729449,0.074226,0.734296,0.723573,-0.121963,0.771298,0.845249,0.171369,0.690217,0.783668,0.047102,0.760034,0.857127,0.180541,0.679726,0.781846,0.060398,0.788309,0.896905,0.122029,0.692492,0.862243,0.023426
1.5.26_EH_Fastball1,110,1607.71,392.57,0,1607.71,392.57,0.9934,1537.5,429.8,0.8035,0.786785,0.356074,0.000351,0.783654,0.342907,0.013659,0.782662,0.342644,0.013499,0.781694,0.3424,0.013516,0.782557,0.342149,-0.010076,0.780831,0.341466,-0.010274,0.778999,0.340661,-0.010364,0.772694,0.343052,0.072984,0.769226,0.341634,-0.036009,0.782599,0.367889,0.024983,0.780991,0.367573,-0.007664,0.768287,0.404527,0.135931,0.749892,0.390009,-0.101882,0.810356,0.41485,0.171791,0.785554,0.415374,-0.180326,0.841092,0.349087,0.112442,0.800782,0.397966,-0.215346,0.850111,0.334588,0.109589,0.804658,0.391214,-0.242766,0.850874,0.329932,0.093094,0.802272,0.387272,-0.235312,0.84676,0.334723,0.103367,0.801364,0.385712,-0.214499,0.770707,0.586957,0.065674,0.748473,0.580237,-0.065807,0.789843,0.72589,0.039984,0.740013,0.717769,-0.124574,0.774132,0.84055,0.123815,0.694408,0.780338,0.033794,0.760389,0.847246,0.130115,0.684213,0.777214,0.04659,0.788244,0.895742,0.074649,0.694852,0.858037,0.0077
1.5.26_EH_Fastball1,111,1599.0,387.0,0,1603.88,387.65,0.9931,1493.33,426.36,0.7721,0.787954,0.355185,0.01004,0.785272,0.341925,0.02379,0.78431,0.341794,0.02363,0.783444,0.341702,0.023648,0.784155,0.340972,0.001395,0.782452,0.34037,0.001198,0.780735,0.339649,0.001106,0.775041,0.342939,0.084537,0.771024,0.34085,-0.019262,0.783751,0.36735,0.034617,0.782191,0.367008,0.003592,0.77369,0.403603,0.145358,0.750993,0.387587,-0.077903,0.810888,0.40999,0.190835,0.771763,0.419293,-0.188329,0.840497,0.341823,0.151728,0.777778,0.39478,-0.262046,0.849711,0.327741,0.152539,0.785088,0.390505,-0.292599,0.850257,0.324006,0.135165,0.784481,0.386227,-0.284009,0.846083,0.328503,0.142899,0.78386,0.387756,-0.261752,0.775854,0.582953,0.064881,0.752168,0.574759,-0.065021,0.796942,0.721538,0.031871,0.744619,0.713401,-0.143907,0.779773,0.835976,0.110566,0.697746,0.780868,-0.001929,0.763933,0.84012,0.115495,0.685775,0.775085,0.014009,0.7901,0.895119,0.06009,0.694724,0.855548,0.003734
1.5.26_EH_Fastball1,112,1600.31,395.15,0,1600.31,395.15,0.9926,1594.75,390.34,0.7938,0.791752,0.354912,0.024128,0.789105,0.340493,0.036704,0.788002,0.340072,0.036532,0.786977,0.339659,0.036582,0.788355,0.339945,0.013761,0.786839,0.339264,0.013573,0.785364,0.338431,0.013493,0.778242,0.339916,0.090541,0.775746,0.338912,-0.014419,0.787167,0.365701,0.046807,0.786256,0.365509,0.015335,0.77206,0.400927,0.152375,0.755564,0.38613,-0.082226,0.781177,0.458174,0.175515,0.797864,0.416606,-0.175611,0.798366,0.50167,0.106056,0.830598,0.361426,-0.198979,0.803847,0.525447,0.104384,0.840981,0.34315,-0.238314,0.803457,0.512133,0.086529,0.839605,0.337975,-0.197491,0.803087,0.513532,0.097215,0.83651,0.343086,-0.184481,0.780486,0.581758,0.066527,0.757335,0.574884,-0.066667,0.803427,0.716265,0.028459,0.748853,0.712459,-0.132858,0.787199,0.83457,0.119938,0.701324,0.783637,0.001143,0.770769,0.839564,0.124872,0.690546,0.778021,0.020799,0.799033,0.895191,0.062974,0.697787,0.855652,-0.004161
1.5.26_EH_Fastball1,113,1594.24,395.74,0,1594.24,395.74,0.9922,1596.11,395.28,0.814,0.797616,0.353133,0.016359,0.795686,0.338876,0.028262,0.794747,0.338198,0.028084,0.793783,0.337531,0.028139,0.794998,0.338495,0.005042,0.793661,0.33754,0.004835,0.792285,0.336535,0.004735,0.785222,0.337252,0.083649,0.782583,0.336674,-0.022584,0.793538,0.363425,0.040197,0.792657,0.363135,0.008325,0.777168,0.39703,0.145937,0.757556,0.379501,-0.085286,0.782566,0.474788,0.161449,0.795636,0.417766,-0.172261,0.790106,0.528106,0.087321,0.831309,0.366001,-0.188293,0.792733,0.544124,0.084103,0.84175,0.344153,-0.218498,0.793067,0.540357,0.067897,0.840704,0.337997,-0.196466,0.792283,0.533001,0.079053,0.837154,0.346768,-0.180462,0.785563,0.581332,0.064998,0.761353,0.575137,-0.065133,0.806979,0.716057,0.027228,0.754142,0.712846,-0.129856,0.796137,0.834657,0.121563,0.707017,0.785236,0.021289,0.78097,0.840311,0.127454,0.695307,0.778895,0.040714,0.81445,0.896346,0.070168,0.70121,0.855786,0.009125
1.5.26_EH_Fastball1,114,1590.94,411.51,0,1590.94,411.51,0.9905,1598.83,406.17,0.8317,0.801394,0.349614,0.030081,0.79903,0.336483,0.041878,0.797944,0.335856,0.041701,0.796765,0.335246,0.041758,0.798484,0.33614,0.018857,0.797064,0.335297,0.01866,0.795512,0.334512,0.018568,0.787119,0.335283,0.093125,0.784889,0.335325,-0.011671,0.797286,0.360428,0.052042,0.796587,0.359903,0.020594,0.780751,0.396586,0.145062,0.761437,0.379971,-0.077086,0.780481,0.486343,0.133711,0.795698,0.42087,-0.155978,0.78951,0.54523,0.035434,0.832726,0.376083,-0.149571,0.794214,0.568876,0.024331,0.842842,0.354863,-0.175547,0.793234,0.557654,0.010836,0.840923,0.34991,-0.156035,0.794417,0.553802,0.026689,0.837024,0.358654,-0.14187,0.791065,0.581757,0.062487,0.765956,0.576238,-0.062618,0.811315,0.71504,0.024688,0.757938,0.713599,-0.120874,0.805517,0.836417,0.107329,0.711221,0.787414,0.02261,0.792103,0.846893,0.112536,0.700293,0.781056,0.039328,0.829325,0.896638,0.061495,0.705687,0.8574,0.006241
1.5.26_EH_Fastball1,115,1602.75,413.17,0,1598.9,422.05,0.9936,1602.75,413.17,0.847,0.804015,0.346946,0.048696,0.800646,0.334617,0.059663,0.799378,0.333976,0.059492,0.798052,0.333364,0.059551,0.800363,0.334186,0.035895,0.79899,0.333326,0.035695,0.797586,0.332432,0.035604,0.78841,0.333821,0.107236,0.787429,0.333874,-0.000684,0.799815,0.357916,0.069594,0.799334,0.357064,0.037234,0.781671,0.395917,0.158198,0.765623,0.378954,-0.069976,0.782645,0.501939,0.135906,0.795828,0.423435,-0.137718,0.792672,0.549073,0.022341,0.834766,0.382566,-0.123843,0.799036,0.572694,0.010054,0.843567,0.36682,-0.146688,0.798148,0.560284,-0.003384,0.841294,0.361191,-0.130775,0.797834,0.55262,0.013283,0.838255,0.36808,-0.117347,0.79513,0.581766,0.063127,0.771119,0.577172,-0.06326,0.814932,0.715382,0.027179,0.761972,0.714339,-0.113064,0.815927,0.840043,0.090753,0.712866,0.789862,0.019068,0.803127,0.856506,0.094017,0.701636,0.785423,0.037711,0.841387,0.897866,0.044287,0.709832,0.861499,-0.006172
1.5.26_EH_Fastball1,116,1603.0,440.0,0,1601.21,442.85,0.987,1600.41,425.07,0.8605,0.807282,0.348225,0.041187,0.80428,0.336165,0.051891,0.803148,0.335625,0.05171,0.802014,0.335063,0.051757,0.803908,0.335798,0.027404,0.802613,0.335092,0.027196,0.801298,0.334344,0.027083,0.792481,0.335758,0.100763,0.791125,0.335817,-0.010349,0.803246,0.359659,0.062841,0.802786,0.358908,0.029506,0.782768,0.39391,0.154358,0.768756,0.380916,-0.076079,0.783995,0.5057,0.144384,0.792527,0.432633,-0.153216,0.796405,0.569142,0.037501,0.833547,0.393582,-0.157899,0.800648,0.588995,0.027661,0.846861,0.379676,-0.184505,0.799105,0.574427,0.013405,0.843516,0.373537,-0.161379,0.799587,0.571009,0.028401,0.840091,0.379128,-0.148495,0.797435,0.582045,0.063535,0.775354,0.578541,-0.063668,0.818887,0.715693,0.023404,0.767051,0.718778,-0.110421,0.826209,0.847257,0.062539,0.717612,0.794955,0.006465,0.815724,0.868663,0.062964,0.706905,0.788817,0.020709,0.854472,0.905263,0.004232,0.717263,0.872237,-0.019425
1.5.26_EH_Fastball1,117,1598.0,452.0,0,1599.01,461.41,0.9914,1601.39,429.56,0.8739,0.812889,0.348857,0.043743,0.809405,0.337226,0.053836,0.808152,0.336792,0.053674,0.806869,0.336334,0.053731,0.809134,0.336812,0.028233,0.8078,0.336195,0.028013,0.80626,0.335556,0.0279,0.796818,0.33725,0.100842,0.795211,0.337182,-0.014906,0.808707,0.360628,0.064949,0.808282,0.359851,0.030223,0.782959,0.395348,0.156934,0.772524,0.383251,-0.079832,0.784704,0.501606,0.151764,0.791495,0.446923,-0.163464,0.800524,0.551968,0.054485,0.834057,0.397738,-0.175332,0.804857,0.566901,0.047365,0.845484,0.387245,-0.201342,0.807038,0.55874,0.03256,0.842273,0.381818,-0.179847,0.80591,0.552924,0.045483,0.837434,0.38242,-0.166542,0.800345,0.583057,0.063829,0.779793,0.57935,-0.063968,0.823059,0.717926,0.028035,0.771672,0.724278,-0.110828,0.835642,0.856885,0.072775,0.723233,0.801922,0.004227,0.824945,0.879305,0.07351,0.711873,0.793255,0.017705,0.863745,0.91615,0.02117,0.719336,0.879723,-0.019838
1.5.26_EH_Fastball1,118,1600.0,476.0,0,1599.17,480.18,0.9932,1603.97,454.2,0.8847,0.814901,0.348911,0.070174,0.812133,0.337711,0.080643,0.810954,0.33716,0.080469,0.809747,0.336598,0.080526,0.811772,0.337095,0.055095,0.810351,0.336246,0.054885,0.808859,0.335755,0.054776,0.799713,0.338202,0.125916,0.798121,0.338027,0.009565,0.810627,0.360902,0.090408,0.810075,0.359995,0.055699,0.785035,0.396264,0.17392,0.776289,0.384926,-0.062183,0.78637,0.510808,0.156845,0.789864,0.461845,-0.151534,0.801534,0.57537,0.049471,0.835402,0.42056,-0.165889,0.807911,0.607939,0.043032,0.848026,0.402104,-0.19189,0.811035,0.599032,0.027735,0.844034,0.394373,-0.167643,0.809168,0.590495,0.040756,0.840086,0.400694,-0.155409,0.806047,0.584658,0.063537,0.783091,0.582958,-0.063677,0.828198,0.724343,0.040162,0.775241,0.733425,-0.108011,0.840202,0.863813,0.091162,0.726818,0.812881,0.003951,0.829197,0.88444,0.093315,0.716184,0.803701,0.016624,0.868482,0.922787,0.040523,0.720785,0.884756,-0.020578
1.5.26_EH_Fastball1,119,1600.0,493.0,0,1597.58,492.1,0.9927,1603.23,478.45,0.8943,0.818413,0.349585,0.066057,0.814928,0.337815,0.079269,0.813869,0.337384,0.079087,0.812801,0.337018,0.079139,0.81409,0.337323,0.054359,0.812554,0.336727,0.054151,0.810878,0.336585,0.054029,0.803199,0.338942,0.132283,0.799779,0.339916,0.018522,0.814487,0.361935,0.088125,0.813473,0.361232,0.054268,0.793303,0.40245,0.17859,0.778383,0.390428,-0.054108,0.790508,0.513836,0.170522,0.787668,0.469296,-0.158965,0.808936,0.577259,0.071408,0.835014,0.443008,-0.209665,0.815406,0.60733,0.063681,0.850765,0.432315,-0.240506,0.818313,0.599417,0.048285,0.850093,0.424879,-0.219088,0.815347,0.589399,0.062589,0.844191,0.429237,-0.201767,0.811932,0.591091,0.062828,0.787914,0.590622,-0.062956,0.833432,0.732038,0.051914,0.782499,0.741703,-0.119886,0.839996,0.868793,0.099098,0.731086,0.816554,-0.007987,0.829817,0.89044,0.102568,0.720556,0.805976,0.00447,0.864671,0.924436,0.046409,0.720709,0.882568,-0.026735
1.5.26_EH_Fastball1,120,1601.25,515.91,0,1601.25,515.91,0.9945,1604.34,504.05,0.8978,0.822765,0.354242,0.054579,0.819679,0.343185,0.067407,0.818613,0.342689,0.067225,0.817629,0.34217,0.067252,0.819217,0.342841,0.042123,0.817932,0.342224,0.041891,0.816679,0.341817,0.041767,0.809339,0.342706,0.123025,0.806937,0.343634,0.007072,0.819228,0.366673,0.077899,0.8185,0.365712,0.043344,0.799298,0.410557,0.176849,0.782927,0.394482,-0.059433,0.80094,0.50781,0.212081,0.78638,0.470315,-0.165547,0.837579,0.51117,0.169639,0.835596,0.466716,-0.215714,0.851148,0.502328,0.170798,0.849978,0.462105,-0.242685,0.850789,0.500367,0.153255,0.851934,0.456951,-0.226292,0.847189,0.502784,0.160798,0.84554,0.458338,-0.210034,0.81645,0.597355,0.063742,0.792501,0.596481,-0.063867,0.836427,0.735792,0.058816,0.78946,0.748828,-0.124393,0.83927,0.87213,0.095578,0.734865,0.819684,-0.016819,0.828521,0.893726,0.096239,0.725307,0.806749,-0.004544,0.868036,0.925389,0.049599,0.720039,0.882947,-0.02693
1.5.26_EH_Fastball1,121,1609.82,532.25,0,1597.38,535.71,0.9938,1609.82,532.25,0.8975,0.824105,0.361709,0.0474,0.821551,0.35092,0.059834,0.820758,0.350366,0.059659,0.820012,0.349767,0.059699,0.820817,0.35069,0.034855,0.819574,0.350085,0.034631,0.818303,0.349416,0.034514,0.811668,0.350217,0.115178,0.808509,0.350565,0.001177,0.820765,0.373303,0.070862,0.819771,0.37235,0.036819,0.801593,0.421222,0.168162,0.784534,0.403004,-0.060636,0.805262,0.518237,0.179352,0.787131,0.49243,-0.13142,0.841343,0.520408,0.020601,0.83845,0.492825,-0.131337,0.849375,0.502888,0.003656,0.853331,0.492927,-0.151432,0.852195,0.502094,-0.009728,0.855524,0.485601,-0.138109,0.847404,0.502409,0.010297,0.849993,0.484265,-0.125268,0.821199,0.605361,0.063118,0.796904,0.605356,-0.063243,0.83781,0.74135,0.073955,0.793634,0.755819,-0.11859,0.838682,0.872202,0.122271,0.739116,0.820676,0.008343,0.82779,0.892433,0.123924,0.730604,0.806784,0.024436,0.866125,0.924259,0.08846,0.722922,0.882364,0.01347
1.5.26_EH_Fastball1,122,1609.52,554.14,0,1597.59,554.82,0.9944,1609.52,554.14,0.9032,0.827641,0.365598,0.03736,0.824503,0.354597,0.048917,0.823368,0.354114,0.048742,0.822207,0.353545,0.048776,0.824206,0.354467,0.024179,0.822982,0.354056,0.023953,0.821687,0.353571,0.023834,0.812954,0.354402,0.102242,0.811287,0.355339,-0.009347,0.823656,0.377531,0.060324,0.822937,0.37694,0.026592,0.805031,0.423853,0.158624,0.787693,0.411116,-0.065758,0.806773,0.519319,0.157646,0.78545,0.50113,-0.130556,0.843841,0.531235,0.024883,0.838294,0.513089,-0.126337,0.852969,0.516548,0.011616,0.851098,0.520182,-0.145806,0.854698,0.513128,-0.003145,0.855094,0.510895,-0.134769,0.848371,0.515032,0.014864,0.849294,0.50879,-0.121056,0.824784,0.608038,0.063789,0.801265,0.608778,-0.063907,0.838413,0.748147,0.075904,0.801208,0.756951,-0.121471,0.837276,0.874208,0.130721,0.744844,0.823154,0.001165,0.826137,0.892171,0.13304,0.736755,0.809259,0.016564,0.865561,0.924479,0.098841,0.727638,0.885201,-0.000172
1.5.26_EH_Fastball1,123,1591.19,576.42,0,1591.19,576.42,0.9933,1601.2,577.05,0.9097,0.828858,0.367701,0.05791,0.825858,0.356451,0.069389,0.82463,0.356023,0.069222,0.823443,0.355507,0.06925,0.825789,0.356253,0.045384,0.824645,0.355842,0.045168,0.823495,0.355321,0.045068,0.813966,0.356219,0.119912,0.813312,0.35661,0.010077,0.82418,0.379449,0.079635,0.823864,0.37889,0.046775,0.80625,0.427372,0.169577,0.791211,0.41287,-0.04798,0.808375,0.525146,0.158802,0.78571,0.505532,-0.105299,0.840175,0.547368,0.026761,0.83396,0.534306,-0.11542,0.850869,0.552333,0.018821,0.844084,0.548417,-0.135334,0.852508,0.540567,0.002706,0.847536,0.54097,-0.126882,0.847037,0.541724,0.01558,0.843655,0.535361,-0.111571,0.82541,0.60953,0.063084,0.80752,0.608556,-0.063202,0.838688,0.746211,0.069477,0.80698,0.758545,-0.125987,0.83622,0.874902,0.11322,0.750384,0.824362,-0.019972,0.823968,0.89387,0.11362,0.742257,0.810902,-0.007211,0.865191,0.926017,0.097933,0.733538,0.888725,-0.012333
1.5.26_EH_Fastball1,124,1585.1,597.19,0,1585.1,597.19,0.9915,1587.46,605.82,0.8981,0.830217,0.367769,0.051518,0.826935,0.356476,0.06259,0.825756,0.35601,0.062422,0.824667,0.355478,0.062456,0.82686,0.356254,0.038831,0.825698,0.355766,0.038602,0.824564,0.355151,0.038485,0.8156,0.356023,0.111427,0.814675,0.356229,0.00289,0.825792,0.379472,0.072731,0.825375,0.378967,0.040218,0.807545,0.426526,0.161794,0.793084,0.413389,-0.052623,0.803793,0.524306,0.166886,0.784308,0.509597,-0.100481,0.831677,0.571735,0.078429,0.826801,0.560941,-0.093429,0.840742,0.593362,0.072084,0.835769,0.581779,-0.110005,0.843355,0.585617,0.056335,0.839588,0.574063,-0.102502,0.839188,0.573071,0.069265,0.83649,0.568521,-0.089536,0.824568,0.608511,0.062549,0.808841,0.606907,-0.062669,0.838816,0.744398,0.065912,0.811978,0.757203,-0.124441,0.835823,0.873406,0.111439,0.75667,0.825769,-0.014223,0.823102,0.892587,0.112288,0.748497,0.811702,-0.00336,0.865184,0.924589,0.092944,0.738909,0.889006,-0.009149
1.5.26_EH_Fastball1,125,1567.0,616.0,0,1570.36,613.32,0.9937,1579.53,618.91,0.9072,0.833659,0.367506,0.035197,0.829942,0.356171,0.045623,0.828554,0.355729,0.045447,0.827258,0.355226,0.045481,0.829879,0.355919,0.021074,0.828526,0.35543,0.020813,0.827184,0.35482,0.020661,0.817918,0.355796,0.094344,0.816473,0.355915,-0.017023,0.82926,0.379305,0.056394,0.828596,0.378822,0.022799,0.813108,0.426981,0.159757,0.793876,0.413802,-0.066124,0.813875,0.523599,0.157738,0.78348,0.5099,-0.114515,0.836608,0.578816,0.077819,0.822671,0.573065,-0.118876,0.84305,0.601455,0.068168,0.831479,0.595153,-0.139203,0.843136,0.587345,0.049756,0.835586,0.586235,-0.129573,0.841618,0.582328,0.06843,0.833317,0.580816,-0.115241,0.828791,0.607714,0.062495,0.810648,0.605769,-0.062609,0.83993,0.742817,0.080158,0.81737,0.754125,-0.140109,0.835807,0.872984,0.134117,0.760729,0.827612,-0.031175,0.823179,0.894023,0.135801,0.752304,0.815927,-0.019527,0.865459,0.925266,0.101313,0.746881,0.890961,-0.042792
1.5.26_EH_Fastball1,126,1558.61,623.81,0,1558.61,623.81,0.9931,1573.47,631.88,0.9133,0.834053,0.366235,-0.014413,0.829932,0.354554,-0.004758,0.828569,0.354053,-0.004937,0.827368,0.353506,-0.004913,0.829536,0.354475,-0.027685,0.82796,0.353992,-0.027919,0.826426,0.353325,-0.028052,0.817644,0.354648,0.044565,0.815436,0.354844,-0.059883,0.829441,0.378492,0.007259,0.828707,0.378044,-0.024095,0.813561,0.42615,0.110874,0.796166,0.413121,-0.101242,0.814396,0.530275,0.128958,0.782263,0.508467,-0.137369,0.835606,0.591998,0.063805,0.819514,0.585077,-0.143719,0.841431,0.61167,0.055546,0.828186,0.609375,-0.163364,0.843502,0.603821,0.034333,0.831973,0.602989,-0.162521,0.840007,0.591292,0.053598,0.829787,0.595506,-0.142666,0.829966,0.607121,0.062184,0.812861,0.605006,-0.062298,0.841387,0.741741,0.081031,0.82242,0.753253,-0.132616,0.835051,0.872512,0.135482,0.765921,0.82945,-0.024262,0.821859,0.892469,0.136932,0.756134,0.817948,-0.01295,0.863558,0.926877,0.095953,0.749735,0.892856,-0.041007
1.5.26_EH_Fastball1,127,1536.0,630.0,0,1547.19,630.95,0.9925,1569.33,641.92,0.9203,0.834471,0.365664,-0.031204,0.830841,0.353612,-0.022301,0.829634,0.352952,-0.022474,0.828555,0.352273,-0.022452,0.830444,0.353671,-0.044934,0.82904,0.353089,-0.045157,0.827709,0.352298,-0.045282,0.819217,0.352909,0.025327,0.817736,0.353399,-0.078069,0.830024,0.377639,-0.009818,0.82943,0.377288,-0.040812,0.809482,0.422282,0.092887,0.799413,0.412308,-0.1219,0.811086,0.535427,0.120076,0.783733,0.509236,-0.165165,0.827582,0.592793,0.066208,0.817361,0.59437,-0.173482,0.836865,0.623629,0.061452,0.827086,0.622087,-0.194166,0.839717,0.618293,0.041336,0.829214,0.617272,-0.192806,0.837029,0.609431,0.056643,0.826848,0.608071,-0.172557,0.830676,0.606623,0.062715,0.816169,0.604901,-0.062827,0.841707,0.741048,0.084823,0.826709,0.751562,-0.128396,0.835082,0.871478,0.137853,0.770352,0.830524,-0.021876,0.82179,0.890742,0.139174,0.759694,0.81987,-0.010795,0.861562,0.926713,0.098795,0.756983,0.895208,-0.03872
1.5.26_EH_Fastball1,128,1530.0,635.0,0,1534.35,638.11,0.988,1551.16,639.93,0.9201,0.836047,0.362853,-0.048731,0.832257,0.350006,-0.040206,0.831171,0.349315,-0.040381,0.830211,0.348642,-0.040357,0.831702,0.349992,-0.06196,0.830232,0.349307,-0.062195,0.828773,0.348406,-0.062332,0.821516,0.349358,0.010378,0.818485,0.349672,-0.089134,0.832234,0.374299,-0.02591,0.831459,0.373594,-0.055776,0.812998,0.418572,0.081946,0.800272,0.412256,-0.125475,0.811494,0.530714,0.111395,0.782951,0.506656,-0.16927,0.82584,0.58719,0.064133,0.807893,0.592531,-0.180185,0.831995,0.611885,0.059456,0.809459,0.622217,-0.200088,0.836275,0.615221,0.040268,0.816451,0.618498,-0.199369,0.833975,0.60648,0.054826,0.816957,0.608072,-0.17967,0.833536,0.607003,0.062646,0.819149,0.606355,-0.062759,0.841742,0.741835,0.079345,0.829281,0.750417,-0.126962,0.834859,0.870659,0.134256,0.77451,0.830853,-0.018825,0.822024,0.889367,0.136773,0.763736,0.821033,-0.007598,0.860875,0.9274,0.095695,0.762619,0.896008,-0.03698
1.5.26_EH_Fastball1,129,1519.0,633.0,0,1519.66,640.57,0.9865,1534.27,641.92,0.9084,0.837804,0.361444,-0.027591,0.833982,0.348235,-0.018995,0.832881,0.347418,-0.019167,0.831832,0.346664,-0.01914,0.833659,0.34823,-0.040949,0.832377,0.347424,-0.041177,0.83108,0.346462,-0.041305,0.823167,0.346836,0.028025,0.821402,0.347399,-0.071593,0.834063,0.37244,-0.005781,0.833308,0.371787,-0.03588,0.810759,0.412148,0.092194,0.805701,0.40989,-0.112012,0.806251,0.527806,0.116777,0.783783,0.503477,-0.161985,0.82166,0.593154,0.083967,0.799099,0.594369,-0.173534,0.818288,0.6101,0.082388,0.797967,0.623788,-0.198163,0.829478,0.612434,0.064722,0.80354,0.623615,-0.189993,0.828874,0.603778,0.075651,0.8049,0.613116,-0.171071,0.834249,0.606525,0.06292,0.822985,0.60606,-0.063041,0.844276,0.740005,0.074972,0.832692,0.749805,-0.125633,0.834088,0.869738,0.098401,0.778227,0.829595,-0.01743,0.821248,0.888367,0.096932,0.767562,0.820745,-0.006652,0.859277,0.926135,0.050187,0.769614,0.896323,-0.036232
1.5.26_EH_Fastball1,130,1517.0,642.0,0,1512.85,643.5,0.9895,1518.83,646.02,0.9132,0.838747,0.359114,-0.017845,0.834903,0.346247,-0.008046,0.833895,0.345396,-0.008219,0.832938,0.344612,-0.008191,0.834442,0.34623,-0.030325,0.83317,0.345381,-0.030551,0.8319,0.344411,-0.030675,0.824058,0.344088,0.037559,0.82227,0.344931,-0.060858,0.835327,0.369723,0.004445,0.834418,0.369216,-0.026244,0.810555,0.407601,0.098403,0.806015,0.407926,-0.10543,0.803311,0.526074,0.11973,0.783486,0.503651,-0.153131,0.81989,0.602912,0.088875,0.791057,0.598164,-0.172155,0.816177,0.625238,0.08673,0.787276,0.627789,-0.189957,0.825749,0.617392,0.069779,0.792636,0.629441,-0.185816,0.826294,0.614647,0.080786,0.794954,0.621197,-0.167986,0.833529,0.603328,0.06294,0.823549,0.604245,-0.063071,0.845719,0.735925,0.073429,0.835631,0.746542,-0.120256,0.832624,0.868979,0.093062,0.78125,0.829543,-0.027308,0.819828,0.887526,0.091523,0.769009,0.821872,-0.018651,0.858272,0.926741,0.047662,0.77234,0.898868,-0.047981
1.5.26_EH_Fastball1,131,1504.0,641.0,0,1508.8,643.69,0.9892,1508.19,648.48,0.9207,0.839954,0.356427,-0.015222,0.836603,0.344017,-0.007646,0.835585,0.34331,-0.007821,0.834653,0.342673,-0.007792,0.836463,0.343822,-0.028968,0.835368,0.343038,-0.02919,0.834327,0.34214,-0.029312,0.826098,0.342274,0.032036,0.825453,0.342673,-0.063105,0.836218,0.366929,0.004826,0.835682,0.366522,-0.024506,0.809388,0.40363,0.09014,0.807547,0.405495,-0.104761,0.803016,0.525365,0.116169,0.782792,0.50175,-0.155366,0.806543,0.595678,0.086879,0.785514,0.600447,-0.180658,0.798779,0.613483,0.084861,0.780681,0.629377,-0.199995,0.807291,0.611013,0.067708,0.785134,0.632443,-0.200713,0.81104,0.60749,0.078904,0.788038,0.625825,-0.180632,0.832877,0.598183,0.062768,0.823977,0.600651,-0.062899,0.846515,0.733426,0.071956,0.836923,0.744002,-0.111419,0.831443,0.868933,0.096745,0.785983,0.828812,-0.022909,0.819114,0.887313,0.095627,0.774472,0.821393,-0.013475,0.856955,0.926697,0.052134,0.775176,0.898003,-0.043683
1.5.26_EH_Fastball1,132,1504.0,641.0,0,1502.6,644.9,0.9892,1500.3,648.22,0.9269,0.841945,0.354878,-0.011863,0.838779,0.343081,-0.003958,0.837742,0.342329,-0.004124,0.836792,0.341577,-0.0041,0.838679,0.342864,-0.02554,0.837562,0.341983,-0.025767,0.836519,0.340933,-0.025887,0.827888,0.341,0.038298,0.827207,0.341065,-0.059287,0.83828,0.36565,0.008479,0.837913,0.365152,-0.021166,0.810947,0.402819,0.097475,0.807934,0.403949,-0.101447,0.804547,0.495092,0.130926,0.784087,0.500245,-0.153995,0.821138,0.496285,0.118322,0.781407,0.600205,-0.178389,0.82316,0.494055,0.118721,0.775434,0.626977,-0.19705,0.822527,0.484057,0.100972,0.779569,0.629903,-0.200476,0.82461,0.483339,0.109682,0.782658,0.622817,-0.180168,0.833216,0.59274,0.062648,0.824393,0.596117,-0.062773,0.844974,0.730309,0.057681,0.839951,0.738769,-0.117537,0.830373,0.867771,0.065968,0.789557,0.828534,-0.038655,0.818297,0.886826,0.063151,0.77744,0.820937,-0.029731,0.85595,0.926334,0.022312,0.779574,0.897688,-0.052757
1.5.26_EH_Fastball1,133,1495.0,641.0,0,1497.84,643.17,0.9898,1498.03,647.29,0.9334,0.844959,0.353201,-0.012817,0.841911,0.341518,-0.004759,0.84073,0.340793,-0.00491,0.839597,0.340066,-0.004884,0.84193,0.341195,-0.027063,0.840728,0.34028,-0.02729,0.839498,0.339216,-0.027407,0.830931,0.339569,0.039916,0.829868,0.339316,-0.061636,0.841155,0.364678,0.008037,0.840843,0.36403,-0.022498,0.81309,0.403039,0.101603,0.809502,0.402041,-0.10382,0.80328,0.498325,0.124104,0.783866,0.498476,-0.155549,0.819562,0.508509,0.08828,0.780226,0.599343,-0.182518,0.822241,0.500392,0.083509,0.773096,0.62605,-0.203334,0.823351,0.498151,0.062383,0.776546,0.630188,-0.207583,0.824004,0.494854,0.076845,0.780431,0.624001,-0.184708,0.833972,0.59005,0.063726,0.824542,0.592916,-0.063871,0.842457,0.728827,0.060333,0.841522,0.736961,-0.119614,0.829646,0.867329,0.083224,0.790854,0.829308,-0.048656,0.81769,0.886569,0.082158,0.7796,0.821136,-0.041571,0.855315,0.925923,0.037965,0.782013,0.901565,-0.077055
1.5.26_EH_Fastball1,134,1495.0,641.0,0,1494.33,643.37,0.9895,1495.29,650.94,0.9388,0.846303,0.352314,-0.028692,0.842836,0.3405,-0.021371,0.841765,0.339746,-0.021519,0.840744,0.338936,-0.02149,0.842503,0.340285,-0.043791,0.841175,0.339379,-0.044022,0.839863,0.33828,-0.044136,0.831436,0.33866,0.023899,0.829858,0.338507,-0.077988,0.842648,0.364162,-0.007416,0.842074,0.363586,-0.038046,0.815506,0.403674,0.091605,0.811363,0.402066,-0.114524,0.802008,0.496386,0.106842,0.785,0.497526,-0.1565,0.816176,0.517922,0.054929,0.778799,0.602725,-0.177343,0.81697,0.521025,0.048182,0.77043,0.627483,-0.198483,0.815711,0.517546,0.029823,0.773446,0.631819,-0.199764,0.820405,0.512927,0.044838,0.777881,0.62569,-0.178389,0.834794,0.588219,0.064078,0.825165,0.591604,-0.064232,0.840927,0.728266,0.063929,0.844836,0.736123,-0.124033,0.829124,0.867013,0.090586,0.793096,0.829803,-0.057802,0.817821,0.88606,0.09041,0.780559,0.821472,-0.051174,0.855517,0.926218,0.045638,0.785883,0.902696,-0.085178
1.5.26_EH_Fastball1,135,1495.0,641.0,0,1492.71,643.41,0.9898,1494.33,653.88,0.9442,0.846549,0.352024,-0.030642,0.843386,0.34035,-0.022241,0.842395,0.339628,-0.022398,0.841444,0.338848,-0.022373,0.843174,0.340154,-0.044272,0.84204,0.339296,-0.044484,0.840902,0.338253,-0.044588,0.832628,0.338605,0.024757,0.831514,0.338507,-0.075729,0.842846,0.363693,-0.009284,0.842409,0.363239,-0.039486,0.817596,0.404114,0.093056,0.812331,0.403044,-0.115643,0.808291,0.507403,0.105897,0.786071,0.497846,-0.164535,0.826479,0.559578,0.046551,0.778298,0.605446,-0.190859,0.83039,0.571657,0.040325,0.769629,0.628725,-0.212993,0.832748,0.570361,0.02031,0.772889,0.635433,-0.217629,0.832262,0.563907,0.036013,0.777263,0.629452,-0.193605,0.83434,0.58587,0.064786,0.825397,0.590472,-0.06494,0.839284,0.728017,0.095307,0.851299,0.734693,-0.123266,0.828765,0.866755,0.138821,0.794246,0.829358,-0.061024,0.818145,0.885748,0.138385,0.78197,0.821174,-0.05534,0.855103,0.925922,0.099351,0.791088,0.902112,-0.09002
1.5.26_EH_Fastball1,136,1495.0,641.0,0,1491.76,642.35,0.9898,1492.97,658.51,0.9486,0.848082,0.351979,-0.055287,0.844781,0.340409,-0.046918,0.843853,0.33968,-0.047088,0.842976,0.338905,-0.047064,0.844443,0.340266,-0.068648,0.843283,0.339438,-0.068865,0.842108,0.338409,-0.068983,0.834134,0.338818,0.001122,0.832466,0.338736,-0.097936,0.844513,0.363766,-0.033626,0.844007,0.363368,-0.063441,0.820309,0.404161,0.073672,0.813806,0.405093,-0.134016,0.81202,0.51585,0.092357,0.786667,0.4983,-0.183551,0.829133,0.57876,0.03919,0.777587,0.609731,-0.210556,0.832993,0.594259,0.034193,0.769346,0.631214,-0.232905,0.836545,0.593035,0.013413,0.772748,0.637967,-0.237995,0.83504,0.58602,0.028714,0.776909,0.632387,-0.213496,0.835015,0.586117,0.06463,0.826129,0.590281,-0.064782,0.83807,0.728558,0.095275,0.85383,0.733787,-0.123027,0.828443,0.86751,0.139877,0.796433,0.829064,-0.054249,0.818505,0.887644,0.139417,0.783394,0.821007,-0.047995,0.854758,0.925722,0.097587,0.796195,0.901154,-0.083861
1.5.26_EH_Fastball1,137,1495.0,641.0,0,1492.29,646.38,0.9892,1492.33,659.37,0.9529,0.849475,0.351787,-0.051271,0.845899,0.340261,-0.042555,0.84489,0.339567,-0.042727,0.84399,0.338832,-0.042701,0.845732,0.340127,-0.063975,0.844586,0.339336,-0.06419,0.843458,0.338342,-0.064307,0.835512,0.338999,0.005295,0.83394,0.338863,-0.092384,0.84583,0.363766,-0.029846,0.84544,0.36334,-0.059255,0.82143,0.404723,0.076041,0.814733,0.405936,-0.129289,0.815296,0.524872,0.094381,0.78697,0.498884,-0.179277,0.835048,0.58863,0.040314,0.777257,0.610523,-0.208005,0.838727,0.614037,0.035552,0.769958,0.632362,-0.23053,0.843179,0.612924,0.014469,0.773497,0.63876,-0.235311,0.839167,0.597157,0.029834,0.777245,0.632549,-0.21083,0.835857,0.586535,0.064526,0.827068,0.590328,-0.064676,0.837261,0.729829,0.105781,0.857669,0.733538,-0.119078,0.828232,0.867662,0.159135,0.799255,0.828501,-0.045957,0.818454,0.891322,0.159475,0.784897,0.820928,-0.038184,0.854504,0.925489,0.12004,0.799236,0.900941,-0.07236
1.5.26_EH_Fastball1,138,1495.0,641.0,0,1493.85,647.57,0.9879,1492.83,662.6,0.957,0.850057,0.350784,-0.04172,0.846758,0.339237,-0.032423,0.845684,0.338583,-0.032597,0.844732,0.337936,-0.032571,0.846584,0.33918,-0.053635,0.845359,0.338472,-0.053852,0.844172,0.337564,-0.05397,0.835572,0.338651,0.015315,0.834118,0.338546,-0.081774,0.845804,0.362971,-0.020682,0.845421,0.362263,-0.049751,0.8264,0.405729,0.08169,0.813115,0.407621,-0.121238,0.824878,0.530627,0.099854,0.787877,0.502903,-0.174375,0.841344,0.595738,0.044901,0.777513,0.613521,-0.198508,0.843994,0.627405,0.039931,0.770395,0.635007,-0.22024,0.844774,0.619702,0.020124,0.774558,0.640884,-0.219695,0.843245,0.609278,0.034899,0.778117,0.634334,-0.198295,0.838755,0.587056,0.064227,0.826277,0.590486,-0.064377,0.83743,0.731608,0.102334,0.860776,0.732567,-0.117688,0.828042,0.867661,0.162544,0.800763,0.82834,-0.041421,0.81847,0.892901,0.163829,0.786081,0.820772,-0.033289,0.854458,0.925289,0.12412,0.801181,0.900006,-0.067112
1.5.26_EH_Fastball1,139,1495.0,641.0,0,1494.08,652.35,0.992,1494.41,662.04,0.9607,0.853051,0.351752,-0.037525,0.849713,0.339894,-0.028176,0.848645,0.33929,-0.028347,0.847731,0.338653,-0.028324,0.849686,0.339874,-0.049354,0.848563,0.339237,-0.049566,0.847489,0.338367,-0.049676,0.839093,0.339639,0.018987,0.837907,0.339422,-0.077514,0.849229,0.364589,-0.016753,0.848953,0.363874,-0.045742,0.829265,0.409305,0.084217,0.815066,0.408981,-0.117018,0.82682,0.532658,0.101075,0.78963,0.503778,-0.16597,0.842902,0.595199,0.04429,0.778338,0.612998,-0.187501,0.844164,0.618318,0.039003,0.771214,0.635071,-0.207676,0.847456,0.616223,0.018905,0.775409,0.640484,-0.217204,0.846086,0.606952,0.034188,0.779061,0.634141,-0.191483,0.838278,0.587404,0.064124,0.825602,0.59049,-0.064273,0.837824,0.730905,0.099603,0.864042,0.729707,-0.110629,0.828019,0.866753,0.155372,0.805681,0.828143,-0.041466,0.818438,0.892126,0.156191,0.790152,0.820777,-0.034708,0.853358,0.922127,0.118575,0.806643,0.899853,-0.067831
1.5.26_EH_Fastball1,140,1495.0,641.0,0,1499.67,653.66,0.9921,1496.32,661.7,0.9639,0.854216,0.354031,-0.037821,0.851235,0.341614,-0.028757,0.850303,0.340953,-0.028928,0.849499,0.34024,-0.028911,0.851029,0.341637,-0.049469,0.849885,0.340942,-0.049674,0.848758,0.339992,-0.049779,0.841032,0.341015,0.017601,0.838775,0.340572,-0.076563,0.850448,0.366461,-0.017222,0.849998,0.365716,-0.045599,0.828658,0.410662,0.084209,0.816319,0.409981,-0.115348,0.826829,0.532875,0.103081,0.79145,0.505383,-0.164193,0.843327,0.594595,0.046549,0.779333,0.612684,-0.186928,0.844102,0.615651,0.041246,0.772135,0.635567,-0.208061,0.848175,0.615268,0.02169,0.776296,0.640907,-0.214893,0.847404,0.609452,0.036672,0.780045,0.633999,-0.190295,0.837138,0.587668,0.064023,0.825702,0.590573,-0.064171,0.838032,0.730173,0.096118,0.866644,0.728194,-0.107144,0.827991,0.865432,0.152327,0.810091,0.827944,-0.041076,0.818357,0.891704,0.153319,0.793215,0.821498,-0.03481,0.852369,0.920482,0.118803,0.811747,0.899738,-0.066922
1.5.26_EH_Fastball1,141,1500.0,656.0,0,1501.91,653.15,0.991,1498.79,661.07,0.9669,0.85493,0.355871,-0.036191,0.851692,0.342877,-0.027289,0.850697,0.342117,-0.027461,0.849805,0.341318,-0.027426,0.851522,0.342994,-0.049225,0.850401,0.342262,-0.049397,0.849314,0.341271,-0.049464,0.841222,0.341868,0.021498,0.839947,0.341602,-0.074505,0.850836,0.368059,-0.014182,0.850522,0.366946,-0.044125,0.829211,0.41149,0.087123,0.817724,0.410114,-0.11324,0.829675,0.532163,0.103265,0.793171,0.50554,-0.159345,0.843078,0.598105,0.052679,0.78062,0.612101,-0.184828,0.843702,0.620733,0.047677,0.773488,0.635407,-0.20615,0.847573,0.621578,0.027056,0.778265,0.641,-0.211445,0.846898,0.614223,0.042633,0.781767,0.634546,-0.187471,0.8365,0.587803,0.064044,0.825721,0.590562,-0.064191,0.839064,0.72716,0.094121,0.868711,0.724168,-0.103443,0.827658,0.858549,0.146584,0.815163,0.827925,-0.051234,0.817267,0.891265,0.147385,0.796599,0.823883,-0.047393,0.850344,0.912001,0.11465,0.820678,0.895969,-0.081261
1.5.26_EH_Fastball1,142,1500.0,656.0,0,1507.44,652.92,0.9921,1500.33,660.85,0.9697,0.857294,0.357879,-0.037794,0.853942,0.344772,-0.029015,0.852904,0.344015,-0.029178,0.851998,0.343225,-0.029156,0.853515,0.345055,-0.050385,0.852155,0.344446,-0.050573,0.850848,0.343588,-0.050644,0.842988,0.343894,0.01637,0.840893,0.344108,-0.078654,0.852934,0.370783,-0.017158,0.852472,0.36959,-0.046244,0.830149,0.412871,0.08388,0.819981,0.410965,-0.117005,0.827013,0.531437,0.10432,0.795224,0.506321,-0.156479,0.843017,0.59837,0.052918,0.781422,0.611901,-0.168432,0.844183,0.628452,0.0479,0.775292,0.635007,-0.188352,0.847089,0.622947,0.027507,0.779966,0.6411,-0.196319,0.844658,0.615179,0.042926,0.783088,0.634212,-0.171804,0.836026,0.587795,0.064336,0.826199,0.590275,-0.064483,0.838649,0.726922,0.091457,0.870484,0.721036,-0.102623,0.826861,0.858999,0.146315,0.817551,0.827806,-0.061034,0.814839,0.890866,0.146892,0.799505,0.827406,-0.058507,0.84972,0.910095,0.108394,0.822627,0.890036,-0.091733
1.5.26_EH_Fastball1,143,1514.0,656.0,0,1512.47,653.35,0.9927,1500.78,658.61,0.9722,0.858451,0.358914,-0.043145,0.855483,0.34565,-0.034936,0.854433,0.344809,-0.035099,0.853475,0.343932,-0.035086,0.855186,0.345955,-0.055961,0.85393,0.345273,-0.056159,0.852728,0.344353,-0.056235,0.844315,0.344071,0.007594,0.843135,0.34441,-0.086797,0.854074,0.371416,-0.023605,0.853664,0.370474,-0.052234,0.830887,0.413081,0.075829,0.822716,0.410956,-0.124014,0.829425,0.530202,0.101001,0.796748,0.506391,-0.155269,0.843672,0.595741,0.051898,0.781657,0.60982,-0.155455,0.846346,0.619961,0.047286,0.776554,0.633426,-0.173818,0.847405,0.617427,0.026937,0.780908,0.639481,-0.181444,0.847656,0.614256,0.041967,0.783576,0.632011,-0.158461,0.837412,0.587839,0.064319,0.826902,0.590207,-0.064465,0.838713,0.724025,0.101851,0.873236,0.718443,-0.103548,0.82683,0.846603,0.158229,0.820701,0.827759,-0.059144,0.813768,0.868721,0.159528,0.803657,0.830143,-0.055298,0.849033,0.899164,0.135353,0.82942,0.890916,-0.085775
1.5.26_EH_Fastball1,144,1514.0,656.0,0,1517.66,652.61,0.9927,1505.62,659.2,0.9746,0.861711,0.359589,-0.035549,0.858829,0.346289,-0.028455,0.857626,0.345415,-0.028586,0.856445,0.344495,-0.028585,0.858806,0.346543,-0.049885,0.857617,0.345811,-0.050065,0.856438,0.344846,-0.0501,0.846183,0.344294,0.011354,0.845873,0.344685,-0.083608,0.856652,0.37204,-0.018568,0.856496,0.371247,-0.047467,0.83046,0.413126,0.078082,0.823921,0.41086,-0.120621,0.827174,0.528177,0.102577,0.799709,0.506492,-0.150124,0.841102,0.600971,0.052168,0.784179,0.610371,-0.149552,0.84397,0.622151,0.047342,0.777376,0.634386,-0.167895,0.846154,0.620927,0.027329,0.781842,0.640163,-0.174962,0.845437,0.615051,0.042283,0.784958,0.632416,-0.152343,0.83689,0.587865,0.064524,0.82838,0.58963,-0.064676,0.838515,0.723777,0.09626,0.876703,0.7128,-0.104352,0.826788,0.846199,0.131435,0.823595,0.828259,-0.073944,0.813371,0.882247,0.130911,0.806707,0.834709,-0.072358,0.848679,0.901028,0.113169,0.836632,0.893879,-0.106393
1.5.26_EH_Fastball1,145,1514.0,656.0,0,1523.92,652.02,0.9896,1511.24,658.61,0.9766,0.864005,0.360546,-0.036343,0.861406,0.346959,-0.029249,0.860148,0.346053,-0.029392,0.858904,0.345121,-0.029386,0.861562,0.347147,-0.050869,0.860451,0.34637,-0.05106,0.859308,0.345404,-0.051119,0.848371,0.344408,0.010139,0.84883,0.344846,-0.086858,0.858906,0.372529,-0.018341,0.858814,0.371847,-0.047614,0.830644,0.41312,0.076778,0.825317,0.410775,-0.1253,0.82565,0.528979,0.099313,0.800004,0.506353,-0.155251,0.839247,0.60405,0.049104,0.787105,0.609826,-0.153894,0.842116,0.624673,0.04381,0.779899,0.634033,-0.173778,0.844749,0.623644,0.02429,0.784983,0.638995,-0.176794,0.843717,0.616539,0.039296,0.788136,0.631242,-0.155614,0.83701,0.587512,0.064568,0.830368,0.589016,-0.064721,0.838398,0.722892,0.093621,0.879346,0.7092,-0.101899,0.826711,0.846935,0.13108,0.827894,0.828246,-0.074047,0.811902,0.881311,0.130622,0.812063,0.838945,-0.072869,0.849122,0.897263,0.109375,0.84375,0.893808,-0.107191
1.5.26_EH_Fastball1,146,1528.0,656.0,0,1530.41,653.08,0.9896,1517.59,658.28,0.9785,0.864295,0.360872,-0.039218,0.861866,0.347383,-0.031229,0.860747,0.346457,-0.03137,0.85965,0.3455,-0.031361,0.861843,0.347538,-0.052913,0.860748,0.34671,-0.053106,0.859599,0.345685,-0.053172,0.849472,0.344498,0.010587,0.848904,0.344897,-0.086879,0.859235,0.372633,-0.020124,0.85906,0.37198,-0.049528,0.835561,0.413115,0.079134,0.825687,0.410793,-0.127683,0.833763,0.526382,0.098399,0.800823,0.507322,-0.158179,0.844679,0.599966,0.038665,0.79041,0.60952,-0.155225,0.847018,0.62484,0.031317,0.783926,0.634349,-0.173911,0.848761,0.621327,0.011876,0.789209,0.638542,-0.181551,0.84838,0.616261,0.028548,0.792477,0.630907,-0.15579,0.838317,0.58748,0.065489,0.830293,0.588408,-0.065641,0.838229,0.72305,0.089317,0.883043,0.706942,-0.102316,0.825864,0.866075,0.122966,0.833318,0.828375,-0.074195,0.811411,0.882755,0.122393,0.817241,0.843248,-0.072965,0.851244,0.89759,0.099188,0.853434,0.893816,-0.109824
1.5.26_EH_Fastball1,147,1528.0,656.0,0,1537.08,653.14,0.9908,1526.33,658.77,0.9802,0.865107,0.360959,-0.037303,0.862285,0.347405,-0.029182,0.861239,0.346479,-0.029325,0.860209,0.345525,-0.029312,0.862066,0.347545,-0.050746,0.860891,0.346712,-0.050945,0.859656,0.345685,-0.051018,0.850497,0.344503,0.01299,0.849367,0.344896,-0.084,0.860109,0.372615,-0.017898,0.859776,0.371987,-0.047205,0.837477,0.412817,0.08136,0.826432,0.410764,-0.124702,0.836455,0.524437,0.100299,0.802599,0.507629,-0.156673,0.851062,0.597224,0.040724,0.794962,0.609975,-0.154491,0.85336,0.623609,0.033804,0.788788,0.635032,-0.173974,0.856416,0.621711,0.014125,0.79384,0.638499,-0.18024,0.85525,0.612772,0.030539,0.797222,0.631234,-0.156037,0.839352,0.586971,0.065628,0.832249,0.588078,-0.065785,0.837755,0.725374,0.083393,0.886194,0.706603,-0.092386,0.824769,0.880193,0.115504,0.837744,0.829997,-0.066722,0.810202,0.88534,0.11504,0.82255,0.848955,-0.064757,0.851232,0.899476,0.085873,0.861304,0.895533,-0.103941
1.5.26_EH_Fastball1,148,1539.0,656.0,0,1543.66,655.36,0.9936,1533.25,658.21,0.9818,0.868612,0.361741,-0.042999,0.865956,0.34799,-0.034805,0.86474,0.347024,-0.034948,0.863545,0.346031,-0.034927,0.865906,0.348096,-0.057038,0.86466,0.347223,-0.057243,0.863301,0.346173,-0.057319,0.853351,0.344703,0.008606,0.852229,0.34511,-0.09152,0.8633,0.373233,-0.022777,0.863005,0.372618,-0.052951,0.839472,0.41282,0.079842,0.82805,0.410686,-0.129565,0.838318,0.523938,0.101238,0.803514,0.507932,-0.162579,0.854081,0.596619,0.042545,0.798568,0.609452,-0.163302,0.856409,0.626642,0.036022,0.792383,0.63438,-0.183998,0.859832,0.625786,0.01631,0.798391,0.637617,-0.191077,0.858281,0.6179,0.032419,0.801959,0.630473,-0.165392,0.840888,0.586979,0.065624,0.833249,0.588044,-0.065784,0.837654,0.727897,0.083012,0.889252,0.706038,-0.088295,0.822115,0.876996,0.118183,0.842457,0.832232,-0.058457,0.80929,0.885565,0.117942,0.828206,0.852443,-0.059349,0.849617,0.899531,0.087025,0.868571,0.896124,-0.097395
1.5.26_EH_Fastball1,149,1547.0,657.0,0,1549.19,654.68,0.9938,1542.36,658.37,0.9832,0.869195,0.362216,-0.050706,0.866519,0.348374,-0.04321,0.865289,0.347383,-0.043354,0.864075,0.346363,-0.04333,0.866545,0.348458,-0.064974,0.865334,0.347563,-0.065183,0.864062,0.346495,-0.065267,0.853837,0.344751,-0.001579,0.853172,0.345176,-0.099478,0.863868,0.373556,-0.030858,0.863671,0.372939,-0.060424,0.840661,0.412579,0.070513,0.830245,0.410604,-0.134932,0.839176,0.520698,0.092044,0.805618,0.507967,-0.164396,0.852199,0.595171,0.035709,0.803314,0.609602,-0.163449,0.853548,0.624929,0.029473,0.797622,0.634704,-0.183638,0.857042,0.623865,0.010044,0.804171,0.637543,-0.189718,0.855636,0.616308,0.025815,0.807614,0.630292,-0.165301,0.841879,0.586646,0.065613,0.835933,0.588067,-0.065773,0.837032,0.727882,0.083956,0.891049,0.704469,-0.079213,0.821507,0.876899,0.119973,0.849345,0.833266,-0.042665,0.809624,0.884282,0.119916,0.834954,0.853014,-0.042367,0.84667,0.900588,0.087217,0.874653,0.896021,-0.081449
1.5.26_EH_Fastball1,150,1547.0,657.0,0,1553.92,654.25,0.9925,1550.77,657.59,0.9842,0.870612,0.362768,-0.055982,0.868051,0.348653,-0.048681,0.866796,0.347658,-0.048822,0.865561,0.346642,-0.048799,0.868153,0.348684,-0.070458,0.866973,0.347759,-0.070667,0.865724,0.346667,-0.070748,0.855632,0.344855,-0.007219,0.855225,0.345209,-0.105134,0.865395,0.373982,-0.036082,0.865215,0.373376,-0.065633,0.840931,0.412534,0.06489,0.833697,0.410238,-0.139933,0.837619,0.518076,0.081734,0.808061,0.507678,-0.168367,0.852976,0.59412,0.020317,0.807693,0.608882,-0.16377,0.855907,0.622954,0.012863,0.802082,0.634143,-0.184165,0.859529,0.621691,-0.006295,0.809305,0.637289,-0.189874,0.857763,0.614447,0.010238,0.812684,0.62974,-0.165606,0.842476,0.586714,0.065596,0.839917,0.58813,-0.065763,0.836545,0.727961,0.081495,0.892,0.702357,-0.074328,0.821049,0.874713,0.106364,0.853415,0.835827,-0.042129,0.809793,0.884253,0.105125,0.837972,0.857088,-0.041839,0.844843,0.901333,0.07156,0.883759,0.894824,-0.081917
1.5.26_EH_Fastball1,151,1560.34,653.15,0,1560.34,653.15,0.9912,1558.49,657.25,0.985,0.871606,0.363422,-0.054566,0.869048,0.349263,-0.047262,0.867835,0.348265,-0.047405,0.866655,0.347271,-0.047378,0.869183,0.349226,-0.06925,0.86805,0.348266,-0.069461,0.866878,0.347148,-0.069543,0.857053,0.34523,-0.005651,0.8567,0.345525,-0.104884,0.866545,0.374469,-0.034571,0.866401,0.373842,-0.064469,0.841942,0.412485,0.066406,0.834244,0.40975,-0.141129,0.83769,0.515938,0.08653,0.811549,0.507507,-0.174075,0.853633,0.59357,0.028297,0.811715,0.608562,-0.171313,0.855852,0.621656,0.021693,0.806238,0.63404,-0.191254,0.858621,0.620162,0.002496,0.813033,0.6374,-0.196469,0.857779,0.614255,0.018351,0.816466,0.629587,-0.172935,0.84334,0.586772,0.065655,0.841759,0.588151,-0.065825,0.835913,0.727955,0.081249,0.893461,0.700291,-0.076845,0.820534,0.873405,0.104709,0.860531,0.837466,-0.042631,0.809749,0.884259,0.103362,0.845111,0.858763,-0.04187,0.842775,0.901687,0.06864,0.889237,0.89376,-0.084389
1.5.26_EH_Fastball1,152,1567.33,655.13,0,1567.33,655.13,0.9903,1566.79,657.7,0.986,0.874979,0.363838,-0.05534,0.872503,0.349666,-0.048174,0.871156,0.3486,-0.048318,0.869832,0.347533,-0.048285,0.872813,0.349748,-0.071242,0.871711,0.348794,-0.071449,0.870619,0.347682,-0.071532,0.859421,0.345273,-0.007564,0.860753,0.345749,-0.112184,0.869323,0.37463,-0.03556,0.869221,0.37417,-0.066898,0.839801,0.412433,0.064662,0.838476,0.409981,-0.150433,0.835248,0.515674,0.088514,0.816474,0.508035,-0.186163,0.851192,0.602307,0.031456,0.816034,0.608979,-0.182121,0.854381,0.625788,0.02288,0.81034,0.635002,-0.202573,0.856573,0.625044,0.004457,0.817948,0.638562,-0.206333,0.85538,0.618204,0.021507,0.820884,0.630803,-0.183168,0.843466,0.587748,0.066375,0.846228,0.589978,-0.066554,0.835212,0.728256,0.099483,0.896122,0.700739,-0.059175,0.820082,0.872254,0.134102,0.866387,0.83867,-0.012791,0.809808,0.884271,0.134178,0.851725,0.859979,-0.010488,0.842511,0.901511,0.104409,0.899345,0.892308,-0.051413
1.5.26_EH_Fastball1,153,1570.1,658.17,0,1570.1,658.17,0.9906,1572.87,658.19,0.9871,0.877006,0.364856,-0.057384,0.874554,0.350432,-0.05103,0.873085,0.349281,-0.051163,0.871605,0.34812,-0.051127,0.874974,0.350496,-0.074174,0.873895,0.349503,-0.074382,0.87277,0.348387,-0.074458,0.860792,0.345388,-0.01168,0.862525,0.346089,-0.116327,0.871282,0.374816,-0.03764,0.871186,0.37454,-0.069081,0.838671,0.41182,0.062307,0.840768,0.40994,-0.153747,0.834383,0.520501,0.086811,0.818529,0.508014,-0.187257,0.849634,0.605821,0.034397,0.819203,0.609436,-0.181775,0.852461,0.627246,0.026723,0.814212,0.635866,-0.201833,0.855254,0.626324,0.008137,0.821569,0.638918,-0.205043,0.854092,0.619245,0.024498,0.824168,0.63084,-0.18257,0.843124,0.587758,0.067097,0.847451,0.590001,-0.06728,0.835077,0.728247,0.095961,0.897768,0.699154,-0.062814,0.819796,0.871635,0.12567,0.87248,0.840903,-0.023552,0.809323,0.884243,0.124753,0.85892,0.86327,-0.019967,0.842121,0.901611,0.094634,0.906304,0.891361,-0.052635
1.5.26_EH_Fastball1,154,1575.71,658.56,0,1575.71,658.56,0.9914,1575.71,659.77,0.9881,0.878704,0.365184,-0.064693,0.876141,0.350759,-0.058888,0.874581,0.349624,-0.059024,0.873067,0.348473,-0.058984,0.87672,0.350835,-0.080877,0.875624,0.349881,-0.081093,0.874545,0.348822,-0.081176,0.862896,0.345769,-0.020558,0.86441,0.34671,-0.119655,0.873164,0.375096,-0.045279,0.873243,0.374967,-0.075212,0.843482,0.411852,0.055477,0.842776,0.40991,-0.153074,0.843996,0.520401,0.083266,0.818054,0.508066,-0.184023,0.860408,0.603863,0.035632,0.820683,0.6109,-0.18178,0.865061,0.6267,0.029127,0.817268,0.638527,-0.201749,0.86902,0.625712,0.010176,0.824358,0.641411,-0.205035,0.867421,0.618879,0.025728,0.826134,0.632512,-0.182677,0.845303,0.587982,0.067043,0.848718,0.590619,-0.067228,0.834878,0.728239,0.093962,0.898988,0.698708,-0.060463,0.819622,0.87136,0.123257,0.880333,0.841683,-0.020074,0.80874,0.884208,0.122266,0.867434,0.864309,-0.017831,0.841578,0.901778,0.090563,0.918465,0.887979,-0.058579
1.5.26_EH_Fastball1,155,1581.54,657.73,0,1581.54,657.73,0.9911,1580.38,659.98,0.9884,0.880528,0.365766,-0.064508,0.877954,0.351221,-0.058587,0.876484,0.350026,-0.058729,0.874996,0.348812,-0.058692,0.878509,0.351328,-0.08109,0.877503,0.350371,-0.081302,0.876493,0.349334,-0.081381,0.864543,0.345837,-0.020046,0.866665,0.347025,-0.121752,0.87496,0.37527,-0.044997,0.874986,0.375214,-0.075607,0.845962,0.411853,0.056015,0.845097,0.409947,-0.155187,0.848903,0.519604,0.084036,0.821706,0.508513,-0.186342,0.864637,0.60338,0.035852,0.823114,0.61109,-0.182113,0.868429,0.625592,0.030466,0.820136,0.638528,-0.201651,0.872096,0.624151,0.011263,0.827584,0.640723,-0.204942,0.870627,0.617306,0.026037,0.829143,0.63206,-0.182994,0.847816,0.588511,0.067166,0.850731,0.591507,-0.067351,0.83488,0.72885,0.100531,0.900403,0.699793,-0.05132,0.819052,0.871255,0.134977,0.88753,0.843301,-0.006608,0.806847,0.884133,0.134849,0.876847,0.867708,-0.004549,0.841896,0.901986,0.102698,0.92603,0.886119,-0.049412
1.5.26_EH_Fastball1,156,1587.74,658.77,0,1587.74,658.77,0.9943,1586.66,660.64,0.989,0.882547,0.366578,-0.064194,0.879879,0.351899,-0.058656,0.878423,0.35065,-0.058802,0.876957,0.349381,-0.058765,0.880342,0.352021,-0.080607,0.879312,0.351059,-0.08082,0.878292,0.35004,-0.080901,0.866757,0.346165,-0.021605,0.868594,0.347534,-0.120705,0.877128,0.375762,-0.045138,0.877002,0.375847,-0.075076,0.848041,0.411751,0.053499,0.847359,0.410202,-0.153967,0.848106,0.519555,0.081772,0.824096,0.509366,-0.183919,0.863048,0.601547,0.035802,0.826383,0.611702,-0.180829,0.865124,0.627163,0.031202,0.823223,0.638635,-0.200848,0.868777,0.625312,0.012,0.83074,0.640693,-0.204322,0.867523,0.618259,0.026211,0.83286,0.632415,-0.181938,0.848437,0.589596,0.067069,0.852464,0.593005,-0.067253,0.834878,0.730052,0.107717,0.900071,0.70097,-0.040232,0.818824,0.870813,0.145921,0.892834,0.845106,0.002371,0.806765,0.883766,0.146204,0.882334,0.87015,0.003986,0.842156,0.901263,0.112705,0.930925,0.884465,-0.044318
1.5.26_EH_Fastball1,157,1592.98,660.09,0,1592.98,660.09,0.9946,1590.72,661.6,0.9899,0.885962,0.367377,-0.06268,0.883018,0.352649,-0.057091,0.881434,0.351398,-0.057234,0.879905,0.350117,-0.057193,0.883586,0.352689,-0.078773,0.882507,0.351705,-0.078979,0.881507,0.350649,-0.079055,0.869546,0.346743,-0.020016,0.871664,0.34823,-0.117842,0.880321,0.376368,-0.043654,0.880407,0.37643,-0.073224,0.849828,0.411749,0.054873,0.850074,0.410735,-0.151299,0.852792,0.519548,0.081479,0.826697,0.51088,-0.184319,0.867778,0.608576,0.036045,0.828499,0.612596,-0.184723,0.870738,0.630812,0.031864,0.824389,0.639313,-0.20501,0.873785,0.629708,0.012483,0.83279,0.641072,-0.208074,0.872291,0.622962,0.026433,0.835109,0.63299,-0.185711,0.849029,0.59027,0.067014,0.85404,0.593634,-0.067194,0.834875,0.731889,0.104109,0.900587,0.701749,-0.036279,0.81878,0.870668,0.142308,0.898897,0.847145,0.00059,0.806657,0.8837,0.143117,0.888653,0.873232,0.001455,0.842393,0.900884,0.11019,0.938296,0.880229,-0.048832
1.5.26_EH_Fastball1,158,1599.68,660.99,0,1599.68,660.99,0.995,1597.89,663.62,0.9906,0.888414,0.368086,-0.064398,0.885747,0.353459,-0.059993,0.884223,0.352241,-0.060138,0.882675,0.350972,-0.060098,0.886339,0.353429,-0.080449,0.885374,0.352445,-0.080655,0.884442,0.351379,-0.08073,0.87272,0.34763,-0.026717,0.87495,0.349074,-0.118598,0.882624,0.377009,-0.046455,0.882709,0.377004,-0.074425,0.853052,0.411773,0.04535,0.851234,0.411301,-0.14975,0.856555,0.519596,0.071792,0.830345,0.512078,-0.181593,0.867754,0.611995,0.033342,0.832232,0.61446,-0.180111,0.870153,0.633543,0.030542,0.827946,0.641278,-0.198296,0.873447,0.632858,0.011279,0.836342,0.643195,-0.201693,0.872124,0.62589,0.024166,0.838296,0.635285,-0.181006,0.850411,0.590432,0.065324,0.854851,0.593952,-0.065511,0.836181,0.73184,0.101258,0.900129,0.702625,-0.033361,0.818778,0.870196,0.13072,0.904496,0.849324,-0.003725,0.806695,0.883244,0.129913,0.893555,0.876605,-0.003326,0.842503,0.90009,0.094481,0.943296,0.877326,-0.052575
1.5.26_EH_Fastball1,159,1604.91,660.14,0,1604.91,660.14,0.9912,1603.62,664.33,0.9906,0.891299,0.368682,-0.06158,0.888676,0.353839,-0.056726,0.887062,0.352607,-0.056872,0.885472,0.351319,-0.056834,0.889314,0.353857,-0.077571,0.888299,0.352906,-0.077775,0.887345,0.351878,-0.077852,0.874938,0.348041,-0.02318,0.87773,0.349815,-0.116868,0.885539,0.377433,-0.043566,0.885624,0.377582,-0.071976,0.851781,0.411823,0.046185,0.856236,0.412609,-0.148678,0.851141,0.51913,0.067882,0.834731,0.513646,-0.179902,0.864052,0.614232,0.026099,0.835219,0.615122,-0.173067,0.867169,0.635842,0.023387,0.832178,0.642904,-0.189654,0.871058,0.631437,0.004908,0.839563,0.643987,-0.192306,0.868618,0.628072,0.017246,0.840808,0.635813,-0.173423,0.851933,0.591749,0.064748,0.860255,0.596185,-0.064943,0.837749,0.731597,0.102168,0.900055,0.706665,-0.019118,0.818802,0.869096,0.127594,0.910136,0.850335,0.011128,0.806881,0.882679,0.125949,0.900968,0.877672,0.011349,0.842386,0.899684,0.090028,0.950613,0.875219,-0.037159
1.5.26_EH_Fastball1,160,1609.9,661.2,0,1609.9,661.2,0.99,1608.46,665.25,0.9908,0.891247,0.369842,-0.05977,0.888796,0.354785,-0.055061,0.887265,0.353501,-0.055208,0.88574,0.352148,-0.055171,0.889407,0.354895,-0.075889,0.888441,0.353963,-0.076092,0.887542,0.35297,-0.076165,0.875432,0.348813,-0.022801,0.878181,0.35098,-0.115897,0.885586,0.378432,-0.041777,0.885584,0.378688,-0.070224,0.852495,0.411838,0.047369,0.858693,0.413881,-0.14795,0.850258,0.519496,0.067945,0.837335,0.516878,-0.178831,0.863996,0.616318,0.02366,0.837739,0.615972,-0.168453,0.866542,0.637817,0.020499,0.83314,0.643145,-0.184682,0.870044,0.635342,0.002228,0.84114,0.644611,-0.187788,0.868321,0.629842,0.014779,0.843143,0.636951,-0.168969,0.854038,0.594481,0.0646,0.862805,0.598558,-0.064802,0.838628,0.732406,0.101711,0.900352,0.711859,-0.008731,0.818116,0.86891,0.126457,0.914528,0.851252,0.027796,0.805657,0.882653,0.124751,0.906201,0.879111,0.02854,0.842227,0.899366,0.089919,0.956481,0.871369,-0.017624
1.5.26_EH_Fastball1,161,1615.94,664.19,0,1615.94,664.19,0.9927,1614.93,666.62,0.99,0.890798,0.370128,-0.059661,0.888682,0.355525,-0.053623,0.887294,0.354258,-0.053771,0.885887,0.352894,-0.053737,0.889396,0.35558,-0.075184,0.88868,0.354652,-0.075394,0.888074,0.353666,-0.075479,0.875694,0.349557,-0.01908,0.880004,0.352062,-0.113587,0.885944,0.378942,-0.040466,0.885993,0.379097,-0.070007,0.854924,0.41334,0.051221,0.860167,0.417047,-0.146743,0.854147,0.526767,0.069609,0.84004,0.520638,-0.178264,0.867202,0.617654,0.017614,0.84111,0.617237,-0.167531,0.869479,0.639475,0.013414,0.837677,0.644814,-0.184139,0.872469,0.63795,-0.004951,0.845362,0.645652,-0.186814,0.871162,0.631377,0.008503,0.846633,0.637924,-0.167927,0.856596,0.597583,0.064375,0.865528,0.60163,-0.064579,0.840093,0.732606,0.093806,0.900457,0.715793,-0.012921,0.817866,0.868479,0.099662,0.918296,0.850834,0.017871,0.805637,0.882424,0.096616,0.912166,0.878436,0.018091,0.841954,0.897954,0.058474,0.959296,0.866676,-0.029133
1.5.26_EH_Fastball1,162,1620.86,665.25,0,1620.86,665.25,0.9929,1621.78,668.08,0.9893,0.893465,0.370507,-0.058435,0.891492,0.356094,-0.052324,0.890041,0.354852,-0.052471,0.88857,0.353489,-0.052438,0.8924,0.356088,-0.073813,0.891797,0.355175,-0.074022,0.891288,0.354194,-0.074107,0.878855,0.349884,-0.018376,0.883753,0.352398,-0.112159,0.8888,0.37947,-0.039269,0.889148,0.379561,-0.068702,0.857701,0.414463,0.05195,0.86269,0.418459,-0.145762,0.858774,0.52619,0.070855,0.842829,0.52161,-0.178053,0.870589,0.618423,0.020335,0.844677,0.618592,-0.164538,0.87291,0.640268,0.016218,0.841533,0.646083,-0.181345,0.873081,0.636943,-0.002259,0.848991,0.64657,-0.183629,0.874393,0.632025,0.011176,0.850521,0.638768,-0.164795,0.859544,0.599645,0.064309,0.867508,0.603578,-0.064516,0.841796,0.734556,0.099228,0.901156,0.719763,0.00035,0.817663,0.868312,0.111959,0.921189,0.851469,0.039348,0.805811,0.882295,0.109513,0.915634,0.878682,0.0401,0.841749,0.898101,0.069023,0.963318,0.86264,-0.009079
1.5.26_EH_Fastball1,163,1627.1,667.57,0,1627.1,667.57,0.9933,1628.45,670.51,0.9885,0.89703,0.371476,-0.057942,0.895326,0.357346,-0.052869,0.893829,0.356189,-0.053018,0.892363,0.354888,-0.052986,0.896236,0.357326,-0.073584,0.89558,0.356501,-0.073788,0.895,0.355555,-0.073867,0.882959,0.351185,-0.022512,0.887303,0.35363,-0.112707,0.892392,0.380613,-0.040031,0.89287,0.380763,-0.068337,0.859189,0.415628,0.043677,0.866667,0.420419,-0.145084,0.856929,0.526013,0.062666,0.846689,0.523742,-0.173142,0.868029,0.622114,0.018003,0.848149,0.62084,-0.156127,0.869996,0.644617,0.014186,0.846464,0.648089,-0.171653,0.871574,0.638838,-0.003498,0.854057,0.648599,-0.174142,0.871938,0.632892,0.009402,0.854857,0.64088,-0.156369,0.862276,0.601776,0.062117,0.871429,0.60629,-0.062334,0.84382,0.735817,0.099021,0.902058,0.723617,0.003091,0.817146,0.867723,0.112766,0.92264,0.852613,0.042484,0.805267,0.881955,0.110594,0.917285,0.87964,0.043588,0.84038,0.897168,0.071334,0.963754,0.862813,-0.001899
1.5.26_EH_Fastball1,164,1635.24,670.95,0,1635.24,670.95,0.9936,1634.52,673.37,0.9892,0.899686,0.372466,-0.057301,0.898012,0.358678,-0.052073,0.896538,0.357618,-0.052219,0.89513,0.356432,-0.052187,0.898739,0.358538,-0.072867,0.897949,0.357665,-0.07307,0.897229,0.356655,-0.073149,0.886145,0.352968,-0.019801,0.889331,0.354683,-0.111664,0.895149,0.381901,-0.039317,0.895539,0.381915,-0.067685,0.863972,0.418817,0.047753,0.86724,0.422161,-0.144749,0.865278,0.526376,0.065196,0.847922,0.525771,-0.174265,0.878069,0.624509,0.022574,0.851314,0.623491,-0.162147,0.880481,0.645507,0.020707,0.850193,0.650103,-0.180431,0.880304,0.63964,0.001788,0.857475,0.650959,-0.180174,0.881917,0.635135,0.013683,0.858151,0.643272,-0.1615,0.869072,0.604932,0.062166,0.874035,0.609214,-0.062381,0.846579,0.736831,0.113483,0.903481,0.724762,-0.003825,0.817112,0.866327,0.15073,0.922781,0.853686,0.042052,0.805414,0.880791,0.151258,0.916408,0.882295,0.043656,0.839318,0.896896,0.114707,0.963154,0.863596,-0.007103
1.5.26_EH_Fastball1,165,1640.12,674.19,0,1640.12,674.19,0.9942,1642.26,675.72,0.9897,0.904389,0.373021,-0.063358,0.90247,0.359772,-0.058019,0.900937,0.358715,-0.058154,0.899466,0.357528,-0.058111,0.902978,0.359699,-0.079086,0.902039,0.35881,-0.079284,0.901074,0.357763,-0.079372,0.890826,0.354672,-0.023704,0.892374,0.355948,-0.118189,0.899442,0.383049,-0.045212,0.899677,0.383005,-0.073931,0.872359,0.421512,0.047046,0.870205,0.424525,-0.153665,0.86841,0.527548,0.06908,0.851459,0.527086,-0.178663,0.878112,0.625421,0.02429,0.855343,0.625663,-0.162597,0.880171,0.647105,0.021661,0.85402,0.652435,-0.180812,0.882276,0.640866,0.00289,0.861989,0.652627,-0.182099,0.882022,0.634892,0.015277,0.862494,0.644874,-0.162734,0.875349,0.605243,0.063019,0.875608,0.61049,-0.063214,0.850587,0.736866,0.116658,0.903842,0.725831,-0.017416,0.817199,0.863693,0.162676,0.923747,0.854925,0.036049,0.815307,0.880801,0.164237,0.917267,0.883616,0.039185,0.838823,0.895702,0.127463,0.962225,0.86536,-0.012486
1.5.26_EH_Fastball1,166,1648.53,675.62,0,1648.53,675.62,0.9947,1648.07,677.87,0.9905,0.906524,0.3735,-0.070625,0.904434,0.360438,-0.064616,0.903027,0.359367,-0.064743,0.901613,0.358169,-0.064698,0.904894,0.360366,-0.085802,0.903984,0.359459,-0.085996,0.903108,0.358391,-0.086092,0.892632,0.355845,-0.028789,0.894617,0.356972,-0.124564,0.90186,0.383901,-0.052647,0.901893,0.383751,-0.081561,0.876722,0.422853,0.041446,0.873234,0.426557,-0.16122,0.870148,0.528042,0.068453,0.854354,0.528129,-0.187441,0.881375,0.625699,0.024841,0.858372,0.627658,-0.175392,0.883964,0.646728,0.023864,0.857095,0.654687,-0.195691,0.886714,0.643512,0.003772,0.865286,0.654284,-0.195573,0.885752,0.637007,0.015622,0.865918,0.646624,-0.175135,0.880137,0.604448,0.063243,0.876519,0.609379,-0.063424,0.879934,0.73693,0.111593,0.892117,0.734774,-0.022597,0.875609,0.863656,0.158317,0.885577,0.871923,0.029751,0.872206,0.881352,0.159407,0.877088,0.897078,0.032785,0.892342,0.891155,0.117524,0.914074,0.894912,-0.038807
1.5.26_EH_Fastball1,167,1658.69,675.21,0,1658.69,675.21,0.9924,1655.62,679.51,0.9909,0.910983,0.374159,-0.08003,0.908313,0.361019,-0.07287,0.906998,0.35998,-0.073002,0.905734,0.358841,-0.072962,0.908423,0.360994,-0.093487,0.90719,0.360099,-0.093692,0.905928,0.359046,-0.093798,0.89592,0.356681,-0.032847,0.895411,0.357608,-0.126624,0.905947,0.384726,-0.061177,0.905602,0.384646,-0.089377,0.88244,0.424463,0.036662,0.876751,0.427534,-0.160893,0.881074,0.527957,0.067955,0.857044,0.528909,-0.185758,0.896209,0.624246,0.033512,0.862301,0.629176,-0.176967,0.899622,0.644792,0.034415,0.860888,0.65722,-0.196856,0.904424,0.642094,0.013099,0.869373,0.656801,-0.197504,0.902869,0.63584,0.024044,0.869854,0.648517,-0.177106,0.88748,0.603971,0.06211,0.878761,0.608686,-0.062264,0.908032,0.731692,0.09737,0.860368,0.737742,-0.027785,0.922868,0.858234,0.141911,0.827021,0.868003,0.021834,0.91468,0.880688,0.141691,0.811893,0.894299,0.024114,0.955229,0.882221,0.085068,0.845868,0.894477,-0.043543
1.5.26_EH_Fastball1,168,1666.73,674.53,0,1666.73,674.53,0.9926,1663.73,679.2,0.9916,0.913139,0.374019,-0.075839,0.910899,0.360967,-0.069001,0.909722,0.360013,-0.069136,0.908558,0.358959,-0.069105,0.910675,0.360858,-0.089449,0.909397,0.359975,-0.089651,0.908056,0.358923,-0.089748,0.899087,0.35717,-0.029316,0.897828,0.357658,-0.122965,0.908452,0.384672,-0.056794,0.907846,0.384585,-0.084704,0.885347,0.425318,0.041132,0.879722,0.427856,-0.158388,0.892459,0.527697,0.069646,0.860669,0.52934,-0.18515,0.925589,0.600904,0.02772,0.866525,0.628888,-0.177491,0.934025,0.626882,0.026939,0.865373,0.656664,-0.196967,0.93751,0.61873,0.004173,0.873544,0.656539,-0.198412,0.93383,0.621716,0.017031,0.874098,0.648184,-0.177943,0.888447,0.603769,0.061302,0.883216,0.608507,-0.061468,0.889927,0.73238,0.089793,0.900602,0.73552,-0.028786,0.854789,0.855971,0.129018,0.912269,0.865016,0.022841,0.869331,0.880704,0.129478,0.903161,0.889998,0.025414,0.874232,0.883093,0.081733,0.942647,0.894013,-0.034341
1.5.26_EH_Fastball1,169,1672.75,679.22,0,1677.78,675.9,0.9927,1672.75,679.22,0.9912,0.91617,0.373836,-0.104256,0.91394,0.360776,-0.098055,0.912768,0.359825,-0.09821,0.911604,0.358776,-0.098177,0.913782,0.360661,-0.118261,0.912586,0.359775,-0.118469,0.911332,0.358724,-0.118579,0.902917,0.357113,-0.056787,0.902088,0.357544,-0.149045,0.911747,0.384434,-0.084744,0.911259,0.384341,-0.112461,0.891154,0.425031,0.014807,0.882131,0.427752,-0.180316,0.886412,0.527754,0.046593,0.863199,0.530093,-0.200994,0.902605,0.610957,0.017567,0.871225,0.628909,-0.188282,0.906387,0.634229,0.015903,0.870546,0.656781,-0.207879,0.909523,0.625711,-0.004181,0.878528,0.656409,-0.209544,0.907585,0.624779,0.008439,0.878993,0.648043,-0.188731,0.895516,0.603515,0.061313,0.882338,0.607952,-0.061492,0.914465,0.729617,0.098888,0.86926,0.735428,-0.030867,0.921386,0.855363,0.14792,0.832832,0.863876,0.01801,0.914705,0.879934,0.148572,0.819198,0.879232,0.020344,0.957308,0.882604,0.093184,0.850434,0.894573,-0.043899
1.5.26_EH_Fastball1,170,1679.0,663.0,0,1684.3,671.74,0.9931,1684.1,678.29,0.9919,0.920014,0.373697,-0.101574,0.9173,0.360636,-0.09484,0.91618,0.35971,-0.094993,0.915098,0.358686,-0.094968,0.917034,0.360567,-0.114888,0.915779,0.359735,-0.115099,0.914526,0.358681,-0.115201,0.905877,0.356861,-0.052633,0.905117,0.357347,-0.144154,0.915484,0.384371,-0.081978,0.915003,0.384236,-0.109484,0.894359,0.424613,0.019286,0.883701,0.427084,-0.175204,0.898178,0.525318,0.052419,0.866549,0.529473,-0.19945,0.925532,0.591455,0.020243,0.877136,0.628051,-0.200355,0.933875,0.609553,0.017459,0.877483,0.655554,-0.221792,0.937903,0.605504,-0.001722,0.885434,0.655359,-0.225204,0.935039,0.603688,0.011149,0.886368,0.647111,-0.20197,0.901289,0.603186,0.060843,0.885738,0.60749,-0.061004,0.918148,0.727762,0.10281,0.8651,0.734369,-0.032239,0.926563,0.85419,0.153177,0.826524,0.858694,0.019182,0.918798,0.879161,0.15371,0.811908,0.868805,0.021663,0.964325,0.881959,0.098515,0.842331,0.893817,-0.043666
1.5.26_EH_Fastball1,171,1692.0,669.0,0,1694.44,667.16,0.9936,1693.99,677.64,0.9925,0.921767,0.372731,-0.097087,0.919063,0.359867,-0.092317,0.917991,0.359025,-0.092486,0.916953,0.358089,-0.092464,0.918787,0.359644,-0.112722,0.917551,0.358802,-0.112899,0.916299,0.357753,-0.112974,0.907518,0.356567,-0.050623,0.906476,0.356691,-0.142522,0.917247,0.383807,-0.077321,0.916694,0.38353,-0.105127,0.892406,0.424235,0.02084,0.887972,0.426678,-0.168754,0.888574,0.520712,0.059172,0.871163,0.528653,-0.196055,0.90935,0.573174,0.035138,0.882287,0.627446,-0.195144,0.914429,0.585486,0.033749,0.882779,0.654954,-0.215429,0.918275,0.582457,0.014973,0.890823,0.655244,-0.215739,0.916445,0.578903,0.026243,0.892108,0.646836,-0.195231,0.898985,0.603143,0.060896,0.889736,0.607405,-0.061053,0.918872,0.726412,0.102788,0.865891,0.733748,-0.03713,0.926404,0.853133,0.148638,0.827263,0.85403,0.018497,0.917442,0.878726,0.148909,0.813493,0.861975,0.021015,0.96234,0.882192,0.099641,0.844351,0.893253,-0.04347
1.5.26_EH_Fastball1,172,1705.0,662.0,0,1706.07,663.12,0.9933,1706.45,676.26,0.9931,0.924675,0.371567,-0.090859,0.922036,0.358687,-0.089166,0.920793,0.357876,-0.089296,0.919568,0.356956,-0.089251,0.922235,0.358504,-0.110287,0.921229,0.357732,-0.110444,0.920203,0.356755,-0.110495,0.910156,0.355681,-0.044382,0.910623,0.355808,-0.1361,0.919682,0.382609,-0.074174,0.919649,0.382364,-0.102619,0.891456,0.421939,0.027494,0.891722,0.426232,-0.164983,0.886368,0.520719,0.061421,0.875678,0.528027,-0.192644,0.902308,0.57996,0.021201,0.888778,0.626164,-0.193477,0.907486,0.596547,0.018134,0.888476,0.653254,-0.212454,0.910661,0.595287,-0.001002,0.897387,0.651938,-0.20796,0.909245,0.58761,0.011986,0.898824,0.642839,-0.19035,0.898852,0.602563,0.061251,0.895726,0.606949,-0.061408,0.900344,0.726624,0.102505,0.887133,0.735418,-0.037637,0.852848,0.844816,0.146784,0.881758,0.863135,0.016463,0.876056,0.877358,0.148141,0.874744,0.881706,0.018635,0.882265,0.882285,0.099877,0.909306,0.894465,-0.041778
1.5.26_EH_Fastball1,173,1714.0,654.0,0,1716.5,656.76,0.9918,1721.79,672.54,0.9933,0.926152,0.367402,-0.070178,0.923301,0.354588,-0.067056,0.922066,0.35372,-0.067191,0.920838,0.352741,-0.067145,0.923462,0.354468,-0.087943,0.922457,0.353691,-0.088107,0.921446,0.352723,-0.088152,0.911289,0.351975,-0.032013,0.912048,0.352266,-0.123504,0.921612,0.378686,-0.053902,0.921502,0.378471,-0.08185,0.891429,0.418529,0.036201,0.895097,0.424191,-0.154776,0.885894,0.5189,0.063175,0.879843,0.527759,-0.181832,0.899973,0.582583,0.021827,0.896768,0.62272,-0.168719,0.902042,0.600613,0.018782,0.896044,0.650009,-0.184337,0.906437,0.59597,0.000352,0.904664,0.647428,-0.180855,0.905366,0.6006,0.013085,0.906023,0.637827,-0.165654,0.895851,0.600194,0.061194,0.900807,0.603479,-0.061365,0.890448,0.725985,0.09245,0.91492,0.73433,-0.009339,0.837643,0.838036,0.101996,0.919374,0.862505,0.02898,0.829667,0.851959,0.100263,0.908816,0.880606,0.030412,0.850934,0.883524,0.069054,0.953526,0.891883,-0.015397
1.5.26_EH_Fastball1,174,1729.0,650.0,0,1732.51,651.59,0.9909,1737.29,665.33,0.993,0.929454,0.363342,-0.067481,0.92655,0.350797,-0.063318,0.925314,0.349949,-0.063461,0.924069,0.348993,-0.063413,0.926725,0.350645,-0.084982,0.925723,0.349891,-0.085155,0.924733,0.348968,-0.085202,0.91459,0.348533,-0.027582,0.915009,0.348788,-0.122921,0.924816,0.375113,-0.050148,0.92464,0.374994,-0.079093,0.893891,0.415276,0.045133,0.898667,0.420981,-0.154965,0.88634,0.518689,0.074847,0.884652,0.527307,-0.183284,0.900796,0.586751,0.035038,0.904841,0.616046,-0.169533,0.901695,0.605916,0.033361,0.906701,0.641789,-0.185915,0.907971,0.601257,0.015909,0.913393,0.639026,-0.183079,0.908255,0.603361,0.026741,0.913581,0.630812,-0.167028,0.897108,0.598075,0.063217,0.9058,0.601455,-0.06341,0.887043,0.724564,0.106187,0.922,0.733739,0.004497,0.838072,0.83196,0.124248,0.92672,0.861859,0.043467,0.824251,0.839711,0.123971,0.91549,0.879732,0.045107,0.848013,0.883268,0.099296,0.962091,0.891073,-0.001458
1.5.26_EH_Fastball1,175,1740.0,647.0,0,1740.2,647.28,0.9884,1746.84,657.83,0.9928,0.932017,0.359814,-0.067465,0.928736,0.346759,-0.063289,0.927624,0.345954,-0.063429,0.926525,0.345103,-0.063382,0.92852,0.346467,-0.084853,0.927312,0.34564,-0.085029,0.926103,0.34471,-0.085072,0.916709,0.345577,-0.027357,0.915892,0.345543,-0.121062,0.927706,0.372201,-0.050122,0.927131,0.371901,-0.078808,0.897562,0.412545,0.045737,0.901544,0.418637,-0.151882,0.892069,0.516855,0.074483,0.886158,0.526115,-0.174803,0.904517,0.589209,0.031256,0.90981,0.609102,-0.158582,0.905177,0.610006,0.028659,0.912457,0.63601,-0.174023,0.912315,0.605727,0.012962,0.919358,0.632468,-0.170779,0.911746,0.604548,0.023545,0.919079,0.623308,-0.155834,0.898896,0.593946,0.063079,0.908194,0.597178,-0.063279,0.888982,0.722638,0.105395,0.922104,0.733071,0.003809,0.8388,0.825735,0.121765,0.927375,0.861427,0.03966,0.822675,0.833112,0.121275,0.915792,0.87908,0.041294,0.848922,0.881024,0.097587,0.963078,0.890684,-0.002723
1.5.26_EH_Fastball1,176,1758.0,624.0,0,1751.14,636.63,0.9928,1757.37,647.85,0.9929,0.934936,0.358383,-0.065681,0.931394,0.34485,-0.060944,0.93023,0.344018,-0.061093,0.929102,0.343125,-0.061049,0.931282,0.344681,-0.082345,0.930035,0.343899,-0.082531,0.928777,0.343017,-0.082574,0.91936,0.343678,-0.024649,0.918704,0.344093,-0.118077,0.930041,0.370765,-0.047744,0.929725,0.370562,-0.076158,0.899358,0.409956,0.048411,0.903782,0.417019,-0.149115,0.891573,0.514951,0.072574,0.887079,0.524551,-0.171876,0.90615,0.586876,0.014718,0.915299,0.599858,-0.15774,0.907464,0.609444,0.009134,0.919471,0.626755,-0.173325,0.913524,0.606477,-0.006769,0.925727,0.621916,-0.170131,0.913402,0.600376,0.00651,0.924915,0.612759,-0.155,0.899245,0.587337,0.062911,0.911095,0.591774,-0.06312,0.893715,0.719656,0.08314,0.922084,0.730463,-0.005711,0.84074,0.819978,0.083792,0.926553,0.861221,0.034557,0.823681,0.824444,0.081608,0.914516,0.878545,0.033398,0.849951,0.87954,0.054951,0.960591,0.890418,-0.01158
1.5.26_EH_Fastball1,177,1768.0,625.0,0,1766.45,628.66,0.992,1772.52,641.11,0.9931,0.935203,0.357523,-0.059578,0.931668,0.343541,-0.053779,0.930586,0.342762,-0.053936,0.929544,0.341941,-0.053897,0.931645,0.343466,-0.074399,0.930558,0.342768,-0.074596,0.929475,0.341967,-0.074646,0.920056,0.342248,-0.016683,0.919749,0.343172,-0.107638,0.930445,0.369789,-0.041113,0.930112,0.369467,-0.068636,0.900086,0.408989,0.054135,0.907698,0.415657,-0.139699,0.892609,0.514213,0.078142,0.891519,0.523654,-0.163518,0.908972,0.587722,0.025799,0.923186,0.593624,-0.152072,0.910409,0.610418,0.021435,0.928017,0.621088,-0.16713,0.91504,0.606474,0.006622,0.932528,0.614203,-0.163103,0.915349,0.600646,0.018336,0.931558,0.604717,-0.149004,0.899911,0.584399,0.062462,0.914252,0.589458,-0.062683,0.898312,0.716815,0.077588,0.92282,0.726553,-0.009528,0.842596,0.816671,0.078051,0.927555,0.860957,0.028686,0.825908,0.818713,0.076009,0.916273,0.878149,0.026907,0.852163,0.880093,0.050181,0.962132,0.889782,-0.017148
1.5.26_EH_Fastball1,178,1780.0,624.0,0,1782.88,624.67,0.9907,1784.78,632.51,0.9935,0.93686,0.356865,-0.054904,0.933731,0.342297,-0.049169,0.932649,0.341562,-0.049331,0.931592,0.340793,-0.049299,0.933819,0.342328,-0.069405,0.93283,0.341743,-0.069608,0.931851,0.341062,-0.069662,0.92212,0.34115,-0.013255,0.92252,0.342544,-0.103338,0.932179,0.368948,-0.036637,0.931945,0.368729,-0.06376,0.899629,0.404937,0.058895,0.910023,0.41303,-0.136749,0.892902,0.51429,0.086886,0.894639,0.522522,-0.160427,0.911447,0.587993,0.041956,0.929574,0.585662,-0.152252,0.914665,0.610834,0.03878,0.935628,0.61256,-0.168242,0.917724,0.60658,0.023286,0.93989,0.604682,-0.163685,0.917811,0.600902,0.034472,0.938035,0.596636,-0.149105,0.900081,0.579925,0.062486,0.915847,0.585099,-0.062712,0.902241,0.713667,0.082033,0.924739,0.722882,-0.012252,0.842955,0.814064,0.094591,0.927834,0.860035,0.022121,0.828867,0.816816,0.093456,0.915408,0.87783,0.020848,0.85632,0.879306,0.063847,0.962822,0.889683,-0.019201
1.5.26_EH_Fastball1,179,1793.0,614.0,0,1791.39,617.86,0.9854,1795.73,626.51,0.9937,0.937088,0.355691,-0.048994,0.933894,0.341415,-0.041643,0.93273,0.340664,-0.041802,0.931598,0.339885,-0.041766,0.934091,0.341591,-0.064052,0.933101,0.341076,-0.06426,0.932173,0.340459,-0.064325,0.921717,0.339617,-0.000533,0.922983,0.3416,-0.10115,0.932236,0.367723,-0.028908,0.932191,0.367708,-0.059016,0.899711,0.404487,0.075962,0.912481,0.409238,-0.138329,0.894153,0.514444,0.10978,0.899177,0.519473,-0.164185,0.913421,0.588809,0.064873,0.935275,0.5801,-0.154972,0.917935,0.60999,0.063271,0.943231,0.60337,-0.169985,0.919664,0.607277,0.045289,0.94738,0.596226,-0.170238,0.919449,0.600687,0.056335,0.94429,0.590063,-0.153943,0.901517,0.57861,0.065552,0.917286,0.583562,-0.065778,0.905721,0.71184,0.082749,0.926219,0.721742,-0.014922,0.844997,0.81154,0.1022,0.927094,0.859682,0.021352,0.830827,0.812705,0.101005,0.914591,0.877594,0.020357,0.857855,0.878192,0.064955,0.959887,0.889426,-0.021924
1.5.26_EH_Fastball1,180,1811.0,612.0,0,1812.77,613.64,0.9879,1813.47,621.71,0.9938,0.939465,0.355563,-0.041388,0.936335,0.341471,-0.034255,0.935156,0.340676,-0.034408,0.933965,0.339853,-0.034372,0.936598,0.341644,-0.056525,0.935655,0.341088,-0.056737,0.934738,0.340423,-0.056806,0.923703,0.339313,0.005042,0.925121,0.341307,-0.095081,0.934451,0.367138,-0.021849,0.934483,0.367317,-0.051864,0.89994,0.403557,0.078827,0.915758,0.407915,-0.133756,0.897824,0.512561,0.110448,0.905244,0.516581,-0.161892,0.916085,0.589751,0.06507,0.944517,0.575658,-0.153091,0.920243,0.604737,0.063357,0.952955,0.596478,-0.169194,0.922568,0.60316,0.046667,0.957789,0.590113,-0.164625,0.920862,0.594535,0.057038,0.954309,0.584793,-0.149988,0.903612,0.575958,0.065776,0.920529,0.581108,-0.066002,0.909484,0.710667,0.084413,0.927671,0.720093,-0.027127,0.849093,0.80729,0.100214,0.926755,0.859631,-0.002337,0.831367,0.808814,0.099422,0.913933,0.877402,-0.001644,0.859743,0.874114,0.070048,0.962937,0.889266,-0.041584
1.5.26_EH_Fastball1,181,1811.0,612.0,0,1828.68,607.63,0.9884,1830.14,614.08,0.9942,0.941647,0.35436,-0.038535,0.938676,0.340689,-0.031724,0.937543,0.339904,-0.031877,0.936411,0.339098,-0.031837,0.93884,0.340805,-0.053723,0.937875,0.340177,-0.053936,0.936926,0.339419,-0.054001,0.926381,0.338607,0.006922,0.927341,0.340175,-0.092164,0.936642,0.365607,-0.019011,0.936578,0.36585,-0.048727,0.901685,0.401386,0.080418,0.917419,0.405553,-0.131442,0.899294,0.510204,0.113411,0.91119,0.513262,-0.160471,0.920007,0.589624,0.073103,0.953199,0.568594,-0.15486,0.922835,0.600267,0.072255,0.963126,0.587559,-0.172134,0.925604,0.59969,0.055537,0.967061,0.580968,-0.166201,0.925066,0.589839,0.065329,0.964193,0.574839,-0.151253,0.906151,0.574121,0.066306,0.923214,0.579189,-0.066531,0.913161,0.710152,0.095149,0.928887,0.718633,-0.030466,0.854624,0.802936,0.123743,0.926127,0.858812,-0.003159,0.835396,0.80494,0.125191,0.913689,0.87669,-0.001647,0.861155,0.866138,0.107291,0.96129,0.888672,-0.041996
