video_id,frame_idx,true_wrist_x,true_wrist_y,occluded,yolo_wrist_x,yolo_wrist_y,yolo_conf,mp_wrist_x,mp_wrist_y,mp_wrist_vis,lm0_x,lm0_y,lm0_z,lm1_x,lm1_y,lm1_z,lm2_x,lm2_y,lm2_z,lm3_x,lm3_y,lm3_z,lm4_x,lm4_y,lm4_z,lm5_x,lm5_y,lm5_z,lm6_x,lm6_y,lm6_z,lm7_x,lm7_y,lm7_z,lm8_x,lm8_y,lm8_z,lm9_x,lm9_y,lm9_z,lm10_x,lm10_y,lm10_z,lm11_x,lm11_y,lm11_z,lm12_x,lm12_y,lm12_z,lm13_x,lm13_y,lm13_z,lm14_x,lm14_y,lm14_z,lm15_x,lm15_y,lm15_z,lm16_x,lm16_y,lm16_z,lm17_x,lm17_y,lm17_z,lm18_x,lm18_y,lm18_z,lm19_x,lm19_y,lm19_z,lm20_x,lm20_y,lm20_z,lm21_x,lm21_y,lm21_z,lm22_x,lm22_y,lm22_z,lm23_x,lm23_y,lm23_z,lm24_x,lm24_y,lm24_z,lm25_x,lm25_y,lm25_z,lm26_x,lm26_y,lm26_z,lm27_x,lm27_y,lm27_z,lm28_x,lm28_y,lm28_z,lm29_x,lm29_y,lm29_z,lm30_x,lm30_y,lm30_z,lm31_x,lm31_y,lm31_z,lm32_x,lm32_y,lm32_z
EH_Lat_1_3.9.26,0,723.0,644.0,0,727.43,641.73,0.99,718.03,649.87,0.9986,0.404019,0.28496,-0.056488,0.397747,0.265729,-0.046854,0.396189,0.264834,-0.04706,0.394696,0.264039,-0.047004,0.397783,0.266095,-0.077104,0.396279,0.265621,-0.077397,0.394754,0.265074,-0.077484,0.382955,0.267686,0.004892,0.382636,0.269233,-0.12996,0.396749,0.300023,-0.030716,0.396459,0.299701,-0.071368,0.34849,0.346204,0.115722,0.360121,0.358245,-0.189737,0.332008,0.487381,0.158826,0.337912,0.49776,-0.234161,0.352366,0.585223,0.087038,0.373975,0.601731,-0.229546,0.352427,0.611452,0.084641,0.377317,0.638408,-0.259193,0.355698,0.613325,0.05674,0.382977,0.636741,-0.251625,0.356986,0.606853,0.073816,0.382076,0.627241,-0.225342,0.303764,0.564215,0.091134,0.323188,0.574251,-0.091372,0.276883,0.733534,0.088377,0.364213,0.737755,-0.050427,0.205723,0.878562,0.076457,0.360754,0.930053,-0.011393,0.181813,0.895436,0.071822,0.34418,0.960563,-0.009023,0.224712,0.958577,0.031008,0.40374,0.984563,-0.050288
EH_Lat_1_3.9.26,1,720.0,646.0,0,723.85,640.08,0.9899,716.17,649.69,0.9986,0.403463,0.283033,-0.056008,0.397334,0.264836,-0.045545,0.395646,0.263948,-0.045745,0.394021,0.263192,-0.04569,0.397368,0.265182,-0.075753,0.395746,0.264679,-0.076044,0.394091,0.264116,-0.076139,0.381861,0.266719,0.008594,0.381638,0.268251,-0.125921,0.396431,0.29771,-0.029972,0.39623,0.297432,-0.070551,0.348739,0.34627,0.116976,0.359495,0.35829,-0.186848,0.332024,0.487339,0.158796,0.337569,0.497546,-0.233216,0.349998,0.586768,0.086091,0.373007,0.601564,-0.229545,0.350123,0.613334,0.08359,0.376538,0.63753,-0.259313,0.353329,0.613333,0.055496,0.382294,0.636061,-0.251629,0.35456,0.606874,0.072759,0.381219,0.626356,-0.225339,0.303838,0.564862,0.09092,0.323078,0.574447,-0.091151,0.276528,0.733529,0.081734,0.364012,0.736045,-0.055633,0.205632,0.878674,0.0628,0.360754,0.9296,-0.023086,0.181604,0.895566,0.057394,0.344288,0.959092,-0.021301,0.222934,0.959022,0.012318,0.402493,0.984563,-0.064659
EH_Lat_1_3.9.26,2,718.0,643.0,0,718.94,640.67,0.9889,715.28,649.76,0.9986,0.403339,0.282951,-0.055991,0.397195,0.264837,-0.04531,0.395437,0.263948,-0.045509,0.393751,0.263193,-0.045453,0.397243,0.265183,-0.075622,0.395566,0.264681,-0.075913,0.393862,0.264118,-0.076008,0.381393,0.266742,0.009849,0.381273,0.268273,-0.12555,0.396381,0.297611,-0.029864,0.396188,0.297391,-0.070522,0.348804,0.347988,0.118255,0.358847,0.35946,-0.186863,0.331995,0.487792,0.160292,0.337389,0.4976,-0.233221,0.35035,0.588794,0.088677,0.37254,0.60163,-0.229501,0.349765,0.614644,0.086825,0.376218,0.63745,-0.259309,0.35386,0.615052,0.058318,0.381816,0.63595,-0.251567,0.354894,0.608073,0.075225,0.38062,0.62615,-0.225279,0.30361,0.565556,0.090963,0.322499,0.575064,-0.091192,0.275803,0.733538,0.080179,0.363822,0.73595,-0.057155,0.205498,0.878964,0.057095,0.360731,0.929497,-0.027721,0.181361,0.89568,0.051307,0.34426,0.958819,-0.026132,0.222608,0.959336,0.007978,0.402341,0.98456,-0.067688
EH_Lat_1_3.9.26,3,713.45,649.71,0,712.37,642.06,0.9884,713.45,649.71,0.9984,0.402364,0.282752,-0.050342,0.395735,0.264632,-0.039189,0.393849,0.263741,-0.039382,0.391996,0.262976,-0.039326,0.395886,0.26498,-0.069641,0.394158,0.264485,-0.069931,0.392349,0.263936,-0.070022,0.379698,0.266718,0.015573,0.379534,0.268264,-0.120148,0.395393,0.297434,-0.024279,0.3953,0.29721,-0.065121,0.348778,0.348134,0.12244,0.357844,0.359618,-0.182104,0.331905,0.488321,0.162893,0.336731,0.497546,-0.225341,0.350222,0.59183,0.089266,0.371591,0.601582,-0.214784,0.348187,0.61724,0.087339,0.375407,0.636962,-0.242877,0.35375,0.618009,0.058894,0.380537,0.635763,-0.234946,0.352917,0.60965,0.075786,0.379081,0.625745,-0.210354,0.303344,0.56614,0.090775,0.32181,0.575279,-0.091001,0.274483,0.73377,0.069909,0.36329,0.735314,-0.052996,0.20496,0.879694,0.034775,0.360662,0.929319,-0.025169,0.181086,0.897397,0.027654,0.34407,0.958572,-0.023924,0.222553,0.959341,-0.018175,0.402136,0.984789,-0.063295
EH_Lat_1_3.9.26,4,710.17,649.38,0,706.21,643.6,0.968,710.17,649.38,0.9983,0.401441,0.281855,-0.050596,0.394484,0.264137,-0.039643,0.392465,0.263272,-0.039839,0.390408,0.262507,-0.039783,0.394725,0.264484,-0.069694,0.392948,0.264022,-0.069981,0.391024,0.263498,-0.070071,0.377489,0.26665,0.015079,0.377299,0.268187,-0.120527,0.394522,0.296864,-0.024514,0.394513,0.296707,-0.065686,0.348088,0.348346,0.122939,0.356239,0.359994,-0.184169,0.331466,0.488943,0.162527,0.335126,0.497521,-0.229071,0.350247,0.592771,0.080844,0.369879,0.601281,-0.215608,0.347411,0.618327,0.07732,0.374119,0.635956,-0.243841,0.353774,0.619161,0.048934,0.379027,0.634831,-0.236108,0.353001,0.610695,0.066929,0.377592,0.623547,-0.211277,0.302185,0.566558,0.091297,0.320772,0.575596,-0.091517,0.272913,0.734046,0.071523,0.362864,0.734706,-0.051738,0.204154,0.881013,0.042536,0.360652,0.928592,-0.017496,0.180491,0.899798,0.036491,0.344027,0.957315,-0.015705,0.222616,0.959342,-0.006147,0.402065,0.984974,-0.056351
EH_Lat_1_3.9.26,5,707.1,648.99,0,704.06,643.75,0.991,707.1,648.99,0.9981,0.400514,0.281568,-0.0509,0.393521,0.263946,-0.039661,0.391443,0.263137,-0.039854,0.389314,0.26242,-0.039796,0.393667,0.264242,-0.070119,0.391797,0.263806,-0.070406,0.389778,0.263321,-0.070495,0.375965,0.266672,0.016743,0.375605,0.268188,-0.121193,0.39349,0.296825,-0.024545,0.393455,0.296693,-0.065977,0.346384,0.349341,0.124714,0.354803,0.361612,-0.184382,0.328646,0.4891,0.162883,0.333192,0.49752,-0.229002,0.345081,0.592802,0.081313,0.368282,0.600912,-0.21623,0.344264,0.618611,0.077892,0.372775,0.634454,-0.244708,0.34876,0.61981,0.049663,0.377248,0.633608,-0.237072,0.34937,0.610801,0.067502,0.375657,0.621573,-0.211917,0.300473,0.566822,0.091473,0.319661,0.575981,-0.091689,0.27153,0.734518,0.071911,0.36233,0.734548,-0.050859,0.203047,0.882485,0.048781,0.360604,0.928147,-0.016883,0.179701,0.902088,0.043235,0.343977,0.956646,-0.015146,0.222631,0.959343,0.000783,0.40193,0.984877,-0.055614
EH_Lat_1_3.9.26,6,701.55,647.58,0,698.51,641.25,0.9917,701.55,647.58,0.9981,0.398149,0.281614,-0.055723,0.390933,0.263985,-0.044071,0.388712,0.263193,-0.044262,0.386367,0.262482,-0.0442,0.391176,0.264265,-0.075325,0.38924,0.26383,-0.075614,0.387047,0.263338,-0.075711,0.372699,0.266875,0.014198,0.37218,0.268254,-0.126797,0.391003,0.296947,-0.028579,0.391018,0.29681,-0.070845,0.3452,0.349651,0.124478,0.352011,0.362961,-0.190492,0.327684,0.489616,0.161408,0.329835,0.49767,-0.234753,0.342193,0.592929,0.0795,0.365391,0.599612,-0.222513,0.342602,0.61885,0.076159,0.370391,0.631458,-0.252248,0.346392,0.619697,0.048042,0.375341,0.631248,-0.243146,0.347083,0.610869,0.065747,0.373224,0.618925,-0.21768,0.299256,0.568024,0.092155,0.317456,0.576903,-0.092358,0.269749,0.735209,0.087156,0.362136,0.734829,-0.050679,0.20148,0.883762,0.075358,0.360572,0.927923,-0.015139,0.178434,0.903471,0.070843,0.343942,0.956349,-0.012961,0.22256,0.959315,0.029696,0.401744,0.984854,-0.052948
EH_Lat_1_3.9.26,7,697.2,646.72,0,696.02,643.21,0.992,697.2,646.72,0.9979,0.393475,0.284181,-0.055637,0.386779,0.267245,-0.04382,0.384637,0.266369,-0.044008,0.382485,0.265534,-0.043947,0.387052,0.267524,-0.075273,0.385171,0.267014,-0.075562,0.383119,0.266435,-0.075659,0.369644,0.269494,0.014778,0.369032,0.270999,-0.126839,0.385684,0.29928,-0.028322,0.38576,0.299022,-0.070824,0.341949,0.35027,0.127301,0.34955,0.364992,-0.192675,0.323298,0.490156,0.165202,0.327347,0.498238,-0.240095,0.338887,0.592799,0.081107,0.363126,0.598816,-0.225849,0.340188,0.619055,0.077394,0.368083,0.630285,-0.255106,0.343531,0.619593,0.04979,0.373147,0.63012,-0.246137,0.343984,0.610971,0.06726,0.371066,0.617844,-0.220887,0.297595,0.56924,0.094818,0.316173,0.578154,-0.095017,0.268153,0.73677,0.092666,0.362071,0.734892,-0.055812,0.200153,0.885496,0.081172,0.36055,0.927921,-0.023595,0.176987,0.905442,0.076641,0.34392,0.956361,-0.021637,0.222453,0.959316,0.037137,0.401713,0.984817,-0.061068
EH_Lat_1_3.9.26,8,693.48,646.13,0,690.81,642.63,0.9924,693.48,646.13,0.9978,0.390695,0.285201,-0.054307,0.383636,0.268801,-0.042233,0.381502,0.267857,-0.042414,0.379406,0.266925,-0.042351,0.383924,0.269137,-0.073919,0.382123,0.268624,-0.074207,0.380242,0.267995,-0.074297,0.367249,0.27099,0.016288,0.367274,0.272488,-0.12596,0.382739,0.300087,-0.026865,0.383001,0.299869,-0.069629,0.339772,0.350863,0.130105,0.347264,0.367319,-0.192107,0.32247,0.491461,0.1721,0.325026,0.499174,-0.239863,0.336265,0.604811,0.093315,0.361187,0.598273,-0.225748,0.338452,0.627471,0.090303,0.366439,0.62929,-0.255039,0.343046,0.626393,0.062657,0.371506,0.629108,-0.246208,0.343008,0.617747,0.079573,0.369122,0.616868,-0.22085,0.295034,0.571317,0.095508,0.31419,0.58027,-0.095707,0.265745,0.740212,0.093781,0.362004,0.734921,-0.055551,0.197751,0.888374,0.081584,0.360541,0.927926,-0.02257,0.174295,0.909966,0.076906,0.343936,0.956384,-0.020564,0.222476,0.959374,0.038484,0.401671,0.984613,-0.060763
EH_Lat_1_3.9.26,9,692.41,645.96,0,689.47,643.07,0.9926,692.41,645.96,0.9977,0.388875,0.285839,-0.053058,0.381489,0.269465,-0.040715,0.379408,0.268662,-0.040894,0.377366,0.267874,-0.040829,0.381611,0.269738,-0.072415,0.379758,0.269302,-0.072704,0.377806,0.268786,-0.072795,0.365041,0.272709,0.018225,0.364588,0.27402,-0.123683,0.381117,0.301028,-0.025486,0.381231,0.300917,-0.068202,0.338668,0.352036,0.131245,0.345237,0.370446,-0.190768,0.321316,0.493195,0.171791,0.322755,0.501303,-0.239688,0.334566,0.610263,0.081019,0.360628,0.598116,-0.226034,0.336724,0.631234,0.076416,0.365845,0.628109,-0.255673,0.341827,0.629138,0.048821,0.371029,0.627454,-0.24647,0.341603,0.62076,0.067026,0.368588,0.61642,-0.221056,0.293224,0.573672,0.095634,0.312028,0.582585,-0.095832,0.26414,0.74201,0.089963,0.362038,0.734772,-0.056445,0.195461,0.891828,0.06109,0.360619,0.928003,-0.030646,0.171798,0.914858,0.054507,0.343954,0.956568,-0.029481,0.222262,0.959462,0.013426,0.401672,0.984624,-0.068719
EH_Lat_1_3.9.26,10,689.11,645.96,0,688.37,644.47,0.9931,689.11,645.96,0.9978,0.387574,0.287085,-0.053844,0.380032,0.270798,-0.04131,0.377884,0.270083,-0.041487,0.375721,0.269364,-0.04142,0.380168,0.27096,-0.073013,0.378273,0.270523,-0.073304,0.37619,0.269986,-0.073403,0.363077,0.274793,0.017688,0.362659,0.27561,-0.123722,0.379955,0.302802,-0.02615,0.380012,0.302631,-0.068807,0.339218,0.356913,0.130202,0.34216,0.373452,-0.190676,0.321983,0.495797,0.163633,0.31863,0.502982,-0.239162,0.336254,0.609311,0.070315,0.358911,0.598114,-0.22846,0.337442,0.629979,0.065746,0.364524,0.627472,-0.260144,0.342744,0.62643,0.036983,0.370298,0.626756,-0.249268,0.342123,0.620105,0.055951,0.367745,0.61627,-0.223198,0.291848,0.575808,0.0955,0.309409,0.58508,-0.095699,0.261671,0.744932,0.089266,0.362449,0.734584,-0.056601,0.19313,0.896225,0.057501,0.360646,0.92817,-0.028013,0.16948,0.920022,0.050773,0.343942,0.956533,-0.025495,0.221892,0.959597,0.007096,0.401309,0.984929,-0.059953
EH_Lat_1_3.9.26,11,686.81,645.74,0,687.17,646.12,0.993,686.81,645.74,0.9978,0.386486,0.290978,-0.060781,0.379165,0.274544,-0.048539,0.37703,0.273779,-0.048722,0.374789,0.272975,-0.048655,0.379119,0.274884,-0.079897,0.377084,0.274473,-0.080187,0.374692,0.273857,-0.080291,0.361413,0.278299,0.010105,0.360434,0.279159,-0.129685,0.37878,0.306807,-0.033482,0.378523,0.306863,-0.075525,0.338342,0.359626,0.121634,0.340107,0.377344,-0.194919,0.322326,0.498494,0.144443,0.314303,0.506623,-0.239275,0.33805,0.608116,0.045139,0.357711,0.597911,-0.2283,0.341651,0.629147,0.039115,0.363343,0.625949,-0.260114,0.345682,0.626019,0.009623,0.369345,0.625284,-0.249128,0.344455,0.618056,0.030197,0.36687,0.61522,-0.223037,0.290141,0.579362,0.095461,0.304448,0.588276,-0.095668,0.259953,0.747241,0.080861,0.362871,0.734791,-0.058269,0.191682,0.899529,0.044215,0.36084,0.9286,-0.022242,0.167826,0.923784,0.037163,0.343875,0.956606,-0.01803,0.220352,0.959606,-0.009601,0.401372,0.98493,-0.051031
EH_Lat_1_3.9.26,12,684.0,646.0,0,686.69,646.22,0.9929,680.62,644.83,0.9977,0.384163,0.2971,-0.061682,0.3771,0.279611,-0.049235,0.374963,0.278681,-0.049421,0.372825,0.277748,-0.049358,0.377105,0.279998,-0.081154,0.375099,0.279438,-0.081444,0.372853,0.27869,-0.081553,0.359776,0.28282,0.010065,0.358915,0.283675,-0.13229,0.376272,0.312641,-0.034061,0.37609,0.31269,-0.07689,0.336846,0.364534,0.122478,0.338504,0.37978,-0.199913,0.322312,0.503276,0.146898,0.312182,0.509168,-0.242535,0.341253,0.606531,0.052368,0.354491,0.597069,-0.228775,0.346357,0.627933,0.047274,0.361343,0.624103,-0.260809,0.351359,0.625541,0.016906,0.367725,0.622938,-0.249773,0.348447,0.617713,0.037127,0.364758,0.613776,-0.223495,0.287432,0.583239,0.098417,0.301055,0.591198,-0.098585,0.257418,0.75284,0.10781,0.363815,0.733825,-0.073258,0.190092,0.903494,0.11004,0.360899,0.928683,-0.036061,0.167122,0.928316,0.106965,0.343851,0.956642,-0.032726,0.220206,0.959576,0.067784,0.402389,0.984471,-0.066998
EH_Lat_1_3.9.26,13,684.0,646.0,0,680.66,645.76,0.9929,675.42,644.57,0.9975,0.383791,0.301707,-0.063859,0.376824,0.28487,-0.051058,0.37481,0.283839,-0.051247,0.372807,0.282836,-0.051195,0.376817,0.285572,-0.08373,0.374972,0.285048,-0.084009,0.373009,0.284394,-0.084107,0.360182,0.28777,0.009139,0.35978,0.288876,-0.136919,0.375935,0.317391,-0.036118,0.375943,0.317338,-0.079935,0.336694,0.370209,0.121858,0.335936,0.382476,-0.205438,0.322193,0.506772,0.148645,0.309923,0.512488,-0.247889,0.345758,0.605593,0.054247,0.35178,0.596823,-0.231684,0.355851,0.627321,0.049082,0.359069,0.623525,-0.263623,0.357922,0.625504,0.017494,0.365869,0.621917,-0.254071,0.35412,0.617409,0.038408,0.362581,0.612946,-0.227073,0.285747,0.586513,0.099828,0.297819,0.593058,-0.099975,0.25559,0.757893,0.103897,0.363868,0.733839,-0.075831,0.188296,0.90867,0.09722,0.361067,0.928972,-0.037775,0.165185,0.933674,0.092998,0.34384,0.957163,-0.034876,0.219489,0.959597,0.052176,0.402469,0.984026,-0.069795
EH_Lat_1_3.9.26,14,684.0,646.0,0,676.75,645.26,0.9932,673.31,644.13,0.9974,0.3816,0.304804,-0.059996,0.374768,0.288152,-0.046075,0.372759,0.286989,-0.046263,0.370805,0.285889,-0.046217,0.374914,0.289092,-0.079919,0.373152,0.288603,-0.080192,0.371337,0.288019,-0.080285,0.357944,0.28992,0.015902,0.357878,0.291986,-0.13516,0.373738,0.320247,-0.031819,0.373937,0.320286,-0.077209,0.334325,0.371819,0.128865,0.33429,0.385541,-0.203166,0.321345,0.508795,0.155461,0.3086,0.514785,-0.24484,0.345832,0.604497,0.057992,0.350683,0.59642,-0.217093,0.355352,0.626845,0.052796,0.358214,0.622419,-0.247016,0.358471,0.625358,0.021647,0.364584,0.620754,-0.238704,0.354105,0.617375,0.042301,0.361321,0.611572,-0.212609,0.283146,0.590077,0.101281,0.296138,0.596034,-0.101426,0.253809,0.762477,0.108455,0.364243,0.733857,-0.083007,0.186035,0.912799,0.105274,0.361375,0.928973,-0.04671,0.163412,0.93788,0.101524,0.34457,0.957316,-0.043809,0.219509,0.959609,0.064018,0.402472,0.984027,-0.075261
EH_Lat_1_3.9.26,15,676.0,647.0,0,675.61,648.34,0.9933,668.15,644.17,0.9973,0.37986,0.310233,-0.053242,0.373067,0.293111,-0.039527,0.371148,0.29213,-0.039712,0.369264,0.291094,-0.039663,0.373205,0.29391,-0.073644,0.371554,0.293539,-0.073914,0.369858,0.292979,-0.074,0.357074,0.295459,0.020873,0.356975,0.297332,-0.131506,0.371853,0.326085,-0.02554,0.372095,0.326165,-0.071344,0.330846,0.374121,0.133472,0.332991,0.389408,-0.202415,0.320185,0.510698,0.167354,0.307384,0.518435,-0.235029,0.346717,0.60382,0.067809,0.347996,0.596449,-0.198769,0.356967,0.626451,0.064223,0.355327,0.622536,-0.225602,0.359394,0.625101,0.031154,0.362396,0.620829,-0.217814,0.355082,0.617134,0.051146,0.358655,0.611457,-0.194121,0.280664,0.59596,0.101244,0.296121,0.602037,-0.101398,0.252424,0.766364,0.108083,0.36455,0.734422,-0.079543,0.184174,0.916104,0.10056,0.361695,0.928944,-0.0414,0.161948,0.942558,0.096325,0.344779,0.957355,-0.038447,0.219469,0.959365,0.058677,0.402477,0.983475,-0.075033
EH_Lat_1_3.9.26,16,670.0,652.0,0,673.46,649.3,0.9861,666.33,644.63,0.9972,0.378277,0.315517,-0.053328,0.3719,0.298618,-0.039779,0.37012,0.297493,-0.039965,0.368405,0.296424,-0.039911,0.37178,0.299347,-0.073791,0.370079,0.298794,-0.074055,0.368371,0.298126,-0.074138,0.35641,0.300314,0.019783,0.355888,0.301826,-0.131388,0.370547,0.330294,-0.02566,0.370608,0.330444,-0.071472,0.330267,0.378521,0.132265,0.330619,0.391724,-0.201084,0.319502,0.51447,0.166557,0.3044,0.52248,-0.23545,0.347888,0.603087,0.067405,0.347046,0.596884,-0.204978,0.359384,0.626213,0.062876,0.355095,0.622784,-0.233093,0.361204,0.624881,0.030678,0.362084,0.621085,-0.224633,0.357028,0.616952,0.051058,0.358233,0.611731,-0.20021,0.279046,0.598256,0.101201,0.293763,0.603408,-0.101356,0.252251,0.769417,0.104934,0.364712,0.734546,-0.080265,0.184002,0.917933,0.094461,0.361735,0.929437,-0.041194,0.160434,0.945063,0.090005,0.344759,0.959005,-0.038195,0.218996,0.959357,0.053123,0.402355,0.983084,-0.071792
EH_Lat_1_3.9.26,17,666.0,649.0,0,666.79,647.01,0.991,664.49,644.65,0.9972,0.37653,0.317921,-0.051978,0.370039,0.300439,-0.038362,0.368346,0.299327,-0.038549,0.366674,0.298261,-0.0385,0.369981,0.30127,-0.072461,0.368394,0.300774,-0.072725,0.366728,0.300143,-0.072806,0.355037,0.302238,0.021252,0.354624,0.303717,-0.13081,0.369066,0.332722,-0.024454,0.36919,0.332868,-0.070321,0.328523,0.380353,0.133956,0.328697,0.394919,-0.200172,0.318581,0.516095,0.171918,0.302267,0.524852,-0.235332,0.348554,0.602851,0.071791,0.346087,0.596902,-0.207405,0.359608,0.625992,0.06719,0.354736,0.623046,-0.236061,0.362426,0.624693,0.033432,0.3615,0.621054,-0.227976,0.358028,0.616868,0.054721,0.35814,0.611825,-0.202835,0.277588,0.600407,0.101514,0.292136,0.6052,-0.101668,0.250969,0.771704,0.104812,0.364868,0.735344,-0.08357,0.182383,0.921119,0.096407,0.361819,0.929457,-0.046799,0.159319,0.947984,0.092068,0.345033,0.959279,-0.043955,0.218816,0.959093,0.054786,0.402353,0.982911,-0.074349
EH_Lat_1_3.9.26,18,668.0,649.0,0,666.19,648.76,0.9907,662.19,645.89,0.9973,0.375845,0.321963,-0.054576,0.369421,0.303792,-0.040418,0.367636,0.302582,-0.040608,0.365913,0.301527,-0.040562,0.369315,0.304588,-0.074998,0.367612,0.303962,-0.075258,0.365919,0.303314,-0.075335,0.354,0.30532,0.021068,0.353566,0.306472,-0.132787,0.368291,0.336819,-0.026684,0.368392,0.337035,-0.072862,0.328153,0.384641,0.132937,0.326734,0.398969,-0.20201,0.317463,0.5183,0.17174,0.301293,0.528207,-0.23868,0.348765,0.602459,0.073543,0.344891,0.598047,-0.207992,0.359804,0.625745,0.069128,0.353222,0.62416,-0.236373,0.362285,0.624556,0.034674,0.360504,0.621185,-0.22929,0.358315,0.616745,0.056267,0.357098,0.611969,-0.203703,0.276505,0.602073,0.101633,0.290116,0.607111,-0.101787,0.250227,0.773989,0.103245,0.364861,0.73558,-0.082671,0.181184,0.923638,0.092949,0.361981,0.929421,-0.04536,0.157662,0.95132,0.088406,0.345135,0.95927,-0.042551,0.217588,0.958972,0.05018,0.402307,0.98277,-0.072476
EH_Lat_1_3.9.26,19,666.0,650.0,0,663.86,649.57,0.9902,659.35,647.61,0.9974,0.375053,0.324136,-0.056109,0.368602,0.305625,-0.041696,0.366868,0.304456,-0.041891,0.365112,0.30339,-0.041847,0.368553,0.306473,-0.076358,0.366934,0.305898,-0.076618,0.365249,0.305275,-0.076698,0.353113,0.306817,0.02084,0.352731,0.308065,-0.133591,0.367499,0.338765,-0.028214,0.367654,0.338976,-0.074302,0.327973,0.388037,0.132428,0.324376,0.401529,-0.202305,0.31687,0.520419,0.171154,0.299439,0.530854,-0.238607,0.348862,0.601946,0.07442,0.343412,0.599635,-0.210342,0.359714,0.625789,0.070214,0.352117,0.62574,-0.239256,0.362429,0.62465,0.035195,0.359449,0.621534,-0.231605,0.358467,0.616576,0.057047,0.356215,0.612565,-0.205925,0.27574,0.604096,0.101494,0.288048,0.609031,-0.101646,0.248339,0.77685,0.10896,0.364854,0.735584,-0.082265,0.179802,0.924861,0.10752,0.361998,0.929437,-0.044576,0.157396,0.95286,0.103951,0.345315,0.958954,-0.04159,0.217497,0.958974,0.067843,0.402419,0.982733,-0.071053
EH_Lat_1_3.9.26,20,664.0,650.0,0,661.99,649.12,0.9908,657.28,649.26,0.9974,0.374137,0.326035,-0.057197,0.367873,0.30728,-0.042862,0.366116,0.306089,-0.04306,0.364425,0.30504,-0.043016,0.367641,0.307936,-0.077246,0.3659,0.30728,-0.077507,0.364172,0.306689,-0.077587,0.352148,0.308902,0.01935,0.35137,0.310014,-0.13385,0.36658,0.340842,-0.029574,0.366518,0.341062,-0.075154,0.327112,0.390591,0.131509,0.322949,0.404282,-0.201846,0.315791,0.519894,0.17107,0.298301,0.532563,-0.238261,0.348307,0.601523,0.07835,0.342331,0.601163,-0.211591,0.358945,0.62566,0.074684,0.351058,0.626934,-0.240667,0.361939,0.624566,0.040686,0.358252,0.622129,-0.232902,0.358407,0.616441,0.061603,0.355257,0.613625,-0.207177,0.27479,0.6049,0.101262,0.286698,0.61006,-0.101416,0.247883,0.777768,0.109288,0.364774,0.735587,-0.083022,0.179535,0.925649,0.106608,0.362022,0.929459,-0.04564,0.157773,0.953582,0.102839,0.345544,0.958922,-0.042588,0.217529,0.958986,0.067109,0.402302,0.982456,-0.071054
EH_Lat_1_3.9.26,21,653.22,649.63,0,655.17,650.85,0.9805,653.22,649.63,0.9974,0.373367,0.329053,-0.057239,0.367224,0.309985,-0.042882,0.365525,0.308742,-0.043079,0.363838,0.307622,-0.043035,0.366935,0.310621,-0.07724,0.365229,0.309886,-0.077501,0.363454,0.309149,-0.077582,0.351441,0.310615,0.018865,0.350444,0.311604,-0.133802,0.365669,0.343367,-0.029649,0.365565,0.343648,-0.075061,0.326932,0.393607,0.131135,0.321201,0.406303,-0.201551,0.314322,0.521329,0.170333,0.29534,0.532897,-0.235009,0.347755,0.60121,0.07411,0.34022,0.601513,-0.207881,0.358412,0.625533,0.069307,0.348787,0.626984,-0.236665,0.361491,0.624543,0.03628,0.356503,0.622252,-0.228782,0.358332,0.616368,0.05754,0.353093,0.613703,-0.203338,0.274515,0.605536,0.101077,0.285505,0.610474,-0.101233,0.246869,0.777993,0.107846,0.364474,0.735406,-0.083936,0.178388,0.925904,0.10193,0.362024,0.929459,-0.044481,0.157188,0.95378,0.097796,0.34554,0.958685,-0.041258,0.216899,0.958792,0.060714,0.402262,0.982382,-0.070202
EH_Lat_1_3.9.26,22,650.91,650.94,0,650.96,649.77,0.9804,650.91,650.94,0.9975,0.372245,0.330045,-0.063101,0.366244,0.311267,-0.049109,0.364584,0.309931,-0.04931,0.362997,0.308753,-0.049264,0.365757,0.311798,-0.08307,0.363966,0.310963,-0.083329,0.36215,0.310171,-0.083403,0.350538,0.311338,0.012574,0.349091,0.31238,-0.138624,0.364786,0.343994,-0.035439,0.364485,0.344325,-0.080478,0.3257,0.394312,0.126855,0.320262,0.408483,-0.205326,0.313844,0.520745,0.170425,0.294441,0.534029,-0.243231,0.34694,0.600928,0.081309,0.339017,0.602721,-0.224008,0.358048,0.62559,0.077758,0.347086,0.628458,-0.254456,0.361309,0.624568,0.044637,0.35523,0.622993,-0.24673,0.357715,0.616259,0.065079,0.351618,0.614577,-0.219781,0.273455,0.606524,0.101032,0.284482,0.612117,-0.101185,0.246577,0.778778,0.108245,0.364221,0.735279,-0.084288,0.178436,0.926186,0.10402,0.362023,0.929365,-0.043713,0.157309,0.9537,0.100038,0.345603,0.958328,-0.040412,0.216932,0.958792,0.063306,0.402126,0.982197,-0.069537
EH_Lat_1_3.9.26,23,650.15,651.26,0,653.58,647.45,0.9907,650.15,651.26,0.9976,0.371564,0.329986,-0.057641,0.36569,0.311592,-0.044108,0.363922,0.310332,-0.044305,0.362205,0.30921,-0.044257,0.365347,0.312014,-0.077219,0.363532,0.31115,-0.077481,0.361695,0.310338,-0.077557,0.349721,0.311915,0.01526,0.348602,0.312691,-0.132325,0.363987,0.343741,-0.030885,0.363837,0.344005,-0.07496,0.324528,0.395331,0.127261,0.320351,0.409137,-0.198483,0.312744,0.520538,0.169888,0.296181,0.534104,-0.225008,0.345602,0.600692,0.079725,0.338618,0.603015,-0.192361,0.357948,0.625504,0.076142,0.347107,0.628545,-0.219563,0.361155,0.62452,0.043155,0.354524,0.623017,-0.212048,0.357261,0.616181,0.063495,0.35124,0.614796,-0.187907,0.272605,0.606641,0.100823,0.283666,0.612162,-0.100972,0.246033,0.779295,0.108509,0.363658,0.735138,-0.082843,0.178003,0.926213,0.103473,0.362008,0.929325,-0.042566,0.157173,0.95378,0.099575,0.345566,0.957817,-0.039674,0.216681,0.958841,0.064789,0.402049,0.982183,-0.063439
EH_Lat_1_3.9.26,24,647.32,651.44,0,653.47,649.67,0.9937,647.32,651.44,0.9977,0.37121,0.330738,-0.053528,0.365257,0.312089,-0.040178,0.36356,0.31076,-0.040372,0.361875,0.309537,-0.040321,0.364974,0.312629,-0.073095,0.363264,0.311775,-0.073363,0.361486,0.31094,-0.073441,0.349638,0.311815,0.018199,0.348622,0.31289,-0.128489,0.36352,0.34412,-0.027027,0.363398,0.344508,-0.070917,0.322618,0.394494,0.128721,0.320432,0.409183,-0.195239,0.311148,0.520004,0.169524,0.295984,0.533629,-0.219587,0.343077,0.600126,0.076655,0.337147,0.603189,-0.184782,0.35728,0.625435,0.072803,0.346106,0.628617,-0.211527,0.360139,0.624395,0.040406,0.353592,0.623041,-0.203327,0.355856,0.616043,0.060558,0.350104,0.614918,-0.179914,0.272066,0.606753,0.100786,0.283345,0.612271,-0.100937,0.245414,0.778732,0.107504,0.362693,0.735151,-0.081752,0.176935,0.925994,0.102136,0.361986,0.929093,-0.042355,0.156572,0.953854,0.098143,0.345357,0.957352,-0.039253,0.215148,0.958657,0.061065,0.401753,0.981917,-0.063205
EH_Lat_1_3.9.26,25,645.87,651.39,0,652.97,649.67,0.9935,645.87,651.39,0.9977,0.37064,0.32957,-0.051467,0.364592,0.311267,-0.038315,0.362967,0.309985,-0.038506,0.361393,0.308804,-0.03845,0.364199,0.311802,-0.070646,0.362482,0.311005,-0.070919,0.360709,0.310229,-0.071,0.349148,0.31134,0.01909,0.347959,0.312573,-0.124906,0.3632,0.343173,-0.025282,0.362947,0.343553,-0.068436,0.321768,0.392819,0.128689,0.320228,0.409331,-0.190288,0.310073,0.519475,0.169995,0.295353,0.533132,-0.212976,0.33895,0.598792,0.08254,0.336392,0.603143,-0.174807,0.35114,0.62404,0.080224,0.345015,0.628386,-0.199976,0.353808,0.621998,0.049974,0.352533,0.62314,-0.191396,0.349894,0.614268,0.067594,0.34918,0.614967,-0.169647,0.272013,0.606194,0.099509,0.283239,0.612206,-0.099665,0.245157,0.778468,0.105307,0.362087,0.735152,-0.081609,0.177045,0.926211,0.086812,0.361982,0.929,-0.036618,0.156649,0.954482,0.08176,0.345338,0.956865,-0.032054,0.215237,0.958658,0.047336,0.401633,0.981903,-0.049902
EH_Lat_1_3.9.26,26,645.21,651.35,0,652.57,649.14,0.9933,645.21,651.35,0.9978,0.370295,0.329027,-0.050244,0.364387,0.310786,-0.036939,0.36266,0.309482,-0.037127,0.361021,0.308336,-0.037066,0.363916,0.311325,-0.069581,0.362043,0.310507,-0.069859,0.360196,0.309755,-0.069946,0.348489,0.311179,0.020852,0.347252,0.312311,-0.124516,0.362806,0.342803,-0.023894,0.362528,0.343167,-0.067471,0.321337,0.392082,0.130112,0.319262,0.408964,-0.190579,0.308941,0.519032,0.169866,0.294722,0.533037,-0.215718,0.335726,0.597555,0.081828,0.336048,0.603103,-0.179945,0.34377,0.622223,0.079212,0.344356,0.628193,-0.20616,0.349245,0.621467,0.049056,0.351751,0.623169,-0.197038,0.346003,0.612929,0.066853,0.348488,0.615002,-0.174568,0.271716,0.60574,0.099479,0.282915,0.611976,-0.099636,0.245253,0.777453,0.107726,0.361787,0.735135,-0.082735,0.177384,0.92565,0.088335,0.361971,0.928983,-0.044909,0.156824,0.953561,0.083284,0.345343,0.956699,-0.040979,0.215292,0.958703,0.050683,0.401631,0.981941,-0.058906
EH_Lat_1_3.9.26,27,652.41,647.98,0,652.41,647.98,0.9935,643.54,651.3,0.9978,0.370171,0.329067,-0.050439,0.364266,0.311107,-0.037265,0.362491,0.30975,-0.037454,0.360801,0.308565,-0.037394,0.36383,0.311735,-0.069742,0.361931,0.310906,-0.070021,0.36007,0.310133,-0.070109,0.348242,0.311345,0.020451,0.347134,0.312573,-0.124172,0.362541,0.342707,-0.024058,0.362313,0.343046,-0.067438,0.321555,0.391443,0.129957,0.318438,0.408533,-0.18979,0.308888,0.518704,0.167791,0.293289,0.532459,-0.216465,0.334778,0.597489,0.078457,0.335176,0.603058,-0.183482,0.340544,0.621235,0.075469,0.343686,0.627337,-0.209583,0.346432,0.621289,0.046903,0.350754,0.622674,-0.201113,0.343492,0.61252,0.064086,0.347209,0.61472,-0.178407,0.272148,0.605153,0.09896,0.282358,0.611314,-0.099119,0.244888,0.777125,0.102119,0.361071,0.735104,-0.082344,0.177354,0.925327,0.070677,0.361938,0.928934,-0.044056,0.156704,0.953095,0.064543,0.345296,0.956601,-0.039043,0.21525,0.958713,0.029217,0.401495,0.981851,-0.055157
EH_Lat_1_3.9.26,28,652.98,646.99,0,652.98,646.99,0.993,641.77,651.19,0.9977,0.370367,0.328211,-0.050728,0.36463,0.310413,-0.037663,0.362828,0.309056,-0.037852,0.361105,0.307844,-0.037794,0.364121,0.310999,-0.070053,0.362115,0.310131,-0.070331,0.360177,0.309311,-0.070418,0.348512,0.310673,0.020193,0.347306,0.311839,-0.124306,0.362678,0.342137,-0.024325,0.36234,0.342426,-0.067629,0.321801,0.391538,0.130599,0.318027,0.407385,-0.190343,0.308478,0.518358,0.170622,0.29067,0.531833,-0.218154,0.335315,0.597302,0.081452,0.334258,0.602958,-0.189102,0.341944,0.621198,0.078797,0.342994,0.627229,-0.216095,0.347082,0.621272,0.049116,0.350409,0.622468,-0.207612,0.343494,0.61246,0.066658,0.346671,0.614498,-0.184146,0.27202,0.604698,0.099258,0.282747,0.610771,-0.099416,0.24458,0.776695,0.10862,0.360454,0.735149,-0.084789,0.177329,0.925203,0.098448,0.361938,0.92893,-0.05165,0.156825,0.95327,0.094545,0.345402,0.956563,-0.048127,0.215265,0.958721,0.060439,0.401671,0.981869,-0.072732
EH_Lat_1_3.9.26,29,652.4,646.19,0,652.4,646.19,0.9928,641.14,650.88,0.9976,0.370497,0.327841,-0.051008,0.364867,0.310172,-0.037977,0.36305,0.308836,-0.038167,0.361319,0.307643,-0.038109,0.364329,0.310775,-0.07034,0.362292,0.309928,-0.070618,0.360354,0.30912,-0.070706,0.348737,0.310561,0.020396,0.347644,0.311699,-0.124673,0.362853,0.341781,-0.024504,0.362513,0.3421,-0.067785,0.32221,0.391089,0.131591,0.318398,0.406478,-0.191872,0.30857,0.518105,0.171537,0.290914,0.531399,-0.221692,0.335958,0.597181,0.081259,0.333927,0.60267,-0.190693,0.342929,0.621111,0.078715,0.342306,0.627037,-0.21864,0.347729,0.621134,0.048755,0.350208,0.622174,-0.20948,0.344313,0.612249,0.066589,0.346493,0.614169,-0.185582,0.271846,0.604272,0.09968,0.28283,0.610337,-0.099839,0.244251,0.776165,0.108154,0.359954,0.735103,-0.084029,0.177197,0.924861,0.098328,0.361863,0.928888,-0.051748,0.156699,0.953457,0.094152,0.345459,0.956529,-0.048913,0.215239,0.95865,0.058972,0.401567,0.981658,-0.076565
EH_Lat_1_3.9.26,30,654.95,646.76,0,654.95,646.76,0.9929,641.1,650.86,0.9976,0.370882,0.327236,-0.049845,0.36516,0.309621,-0.036434,0.363331,0.308312,-0.036621,0.361586,0.307152,-0.036561,0.364683,0.310249,-0.069339,0.362676,0.309438,-0.069616,0.360752,0.308661,-0.069702,0.349065,0.310325,0.023086,0.348122,0.31155,-0.124189,0.363334,0.341272,-0.022877,0.363039,0.34158,-0.066862,0.322434,0.390688,0.133885,0.318878,0.405887,-0.191578,0.308341,0.517869,0.172104,0.290924,0.531115,-0.221723,0.335708,0.597154,0.081102,0.333904,0.602646,-0.189681,0.343146,0.621084,0.078449,0.342202,0.627014,-0.217005,0.347887,0.621165,0.048169,0.350183,0.622198,-0.208092,0.34369,0.612247,0.066223,0.346382,0.61419,-0.18457,0.271855,0.603986,0.099806,0.282975,0.610006,-0.099966,0.243871,0.775783,0.108096,0.359645,0.735103,-0.083326,0.177056,0.924667,0.097141,0.361721,0.928688,-0.050068,0.156699,0.953417,0.092806,0.345456,0.956431,-0.04719,0.215112,0.958498,0.057023,0.401495,0.981597,-0.075033
EH_Lat_1_3.9.26,31,653.96,645.42,0,653.96,645.42,0.9928,641.5,650.58,0.9975,0.371219,0.326725,-0.046083,0.365356,0.309052,-0.032269,0.363521,0.307763,-0.032449,0.361783,0.306626,-0.032383,0.364954,0.309681,-0.065355,0.362989,0.308894,-0.065641,0.361101,0.308139,-0.065738,0.349364,0.309907,0.028469,0.348524,0.311166,-0.119529,0.363674,0.34085,-0.018558,0.363444,0.341125,-0.06285,0.322162,0.390266,0.137978,0.319338,0.405325,-0.187431,0.305629,0.517762,0.172034,0.290911,0.531066,-0.218181,0.332273,0.59719,0.080381,0.334113,0.60239,-0.185778,0.332267,0.620832,0.077299,0.342548,0.62594,-0.212861,0.340636,0.620383,0.048123,0.350343,0.621586,-0.202721,0.339059,0.61367,0.065793,0.346427,0.613608,-0.180052,0.271647,0.603724,0.099781,0.283343,0.609842,-0.099941,0.243709,0.775411,0.108845,0.359257,0.735136,-0.083467,0.177043,0.924288,0.09933,0.361702,0.928686,-0.050904,0.156859,0.952914,0.095321,0.345464,0.956324,-0.047861,0.214982,0.958333,0.060135,0.401741,0.981628,-0.076025
EH_Lat_1_3.9.26,32,654.0,643.0,0,649.81,645.45,0.9801,642.08,650.37,0.9973,0.371437,0.326375,-0.049743,0.365656,0.308765,-0.035998,0.363838,0.307482,-0.036181,0.362096,0.306332,-0.036115,0.365203,0.309385,-0.068924,0.363224,0.308594,-0.069207,0.361295,0.307824,-0.069298,0.349684,0.309522,0.025271,0.348736,0.310845,-0.121988,0.363927,0.340513,-0.021989,0.363633,0.340814,-0.066062,0.322537,0.389844,0.134945,0.319543,0.404937,-0.188097,0.306459,0.517561,0.167742,0.290716,0.530985,-0.218442,0.33319,0.597618,0.073509,0.334417,0.602192,-0.188096,0.334794,0.621689,0.069785,0.342842,0.625682,-0.215802,0.341917,0.621133,0.040312,0.350649,0.621372,-0.206129,0.340241,0.613886,0.058687,0.346681,0.613452,-0.182611,0.271819,0.603492,0.099764,0.28354,0.609687,-0.099924,0.243696,0.775163,0.109793,0.359126,0.73511,-0.083003,0.177138,0.923979,0.099834,0.361669,0.928702,-0.051096,0.156919,0.952394,0.095667,0.345469,0.956633,-0.048336,0.21499,0.958143,0.060649,0.401761,0.980929,-0.076539
EH_Lat_1_3.9.26,33,656.0,649.0,0,658.92,644.9,0.993,643.17,650.18,0.9974,0.371623,0.326151,-0.053623,0.365797,0.30843,-0.039575,0.364007,0.307153,-0.039761,0.362292,0.306007,-0.0397,0.365304,0.309046,-0.072462,0.363331,0.308261,-0.072742,0.361399,0.307497,-0.072829,0.349896,0.309204,0.02341,0.348864,0.310523,-0.123667,0.364155,0.340271,-0.02531,0.363849,0.340561,-0.069305,0.322608,0.390083,0.134805,0.319654,0.404615,-0.188697,0.30688,0.517966,0.168908,0.291009,0.530799,-0.221504,0.334012,0.598356,0.076275,0.334983,0.60202,-0.198175,0.339649,0.623905,0.072727,0.343386,0.625668,-0.227373,0.344503,0.622268,0.041885,0.351116,0.621294,-0.217955,0.342606,0.61473,0.060913,0.347251,0.613319,-0.193159,0.272142,0.603331,0.099746,0.283707,0.60925,-0.099906,0.243768,0.775009,0.105278,0.359091,0.735045,-0.082911,0.177085,0.923819,0.08972,0.361662,0.928424,-0.050225,0.156794,0.952523,0.084656,0.345468,0.956634,-0.047594,0.214918,0.957967,0.046192,0.401764,0.980719,-0.076294
EH_Lat_1_3.9.26,34,656.0,646.0,0,663.37,646.24,0.9925,644.12,649.68,0.9973,0.371807,0.326008,-0.051138,0.365953,0.308152,-0.037247,0.364177,0.306871,-0.037433,0.362469,0.305734,-0.037374,0.365428,0.308757,-0.070298,0.36345,0.307966,-0.070577,0.361489,0.307202,-0.070667,0.350049,0.308969,0.024907,0.348908,0.310263,-0.122619,0.36436,0.340166,-0.02294,0.36405,0.34042,-0.067169,0.322681,0.390062,0.136685,0.320046,0.404435,-0.188486,0.307342,0.518301,0.173491,0.291753,0.529605,-0.221523,0.334719,0.598912,0.079379,0.335479,0.601556,-0.196396,0.343734,0.624534,0.075899,0.343502,0.625547,-0.225146,0.346627,0.622956,0.044397,0.351174,0.621079,-0.215545,0.344611,0.615225,0.063705,0.3473,0.612993,-0.191254,0.272408,0.603113,0.099815,0.284076,0.609098,-0.099974,0.243422,0.774772,0.105223,0.359143,0.735019,-0.082639,0.176787,0.923722,0.090513,0.361528,0.92833,-0.04969,0.156493,0.952873,0.085554,0.345419,0.956631,-0.047099,0.214538,0.957654,0.046258,0.401651,0.980593,-0.076439
EH_Lat_1_3.9.26,35,664.54,644.84,0,664.54,644.84,0.9926,644.88,649.42,0.9973,0.371971,0.325804,-0.046247,0.366124,0.3079,-0.032825,0.364348,0.306625,-0.033013,0.362637,0.305492,-0.032959,0.365601,0.308502,-0.065986,0.363585,0.307718,-0.066263,0.361565,0.306962,-0.066355,0.350208,0.308765,0.027438,0.348935,0.310077,-0.120424,0.364541,0.340017,-0.018669,0.364222,0.340266,-0.063056,0.323084,0.390069,0.139286,0.320186,0.404327,-0.187994,0.307514,0.518385,0.179529,0.292238,0.528611,-0.220816,0.337209,0.598926,0.085743,0.335876,0.601314,-0.193016,0.348382,0.624657,0.082718,0.343835,0.62554,-0.221153,0.35036,0.623027,0.050131,0.351226,0.621101,-0.211902,0.348001,0.615198,0.069668,0.34743,0.612913,-0.187957,0.272576,0.602985,0.1,0.284374,0.608805,-0.100158,0.243431,0.774611,0.105167,0.359186,0.735019,-0.082917,0.1768,0.923552,0.093462,0.361527,0.92833,-0.052803,0.156448,0.952725,0.088983,0.345423,0.956595,-0.050572,0.214398,0.957191,0.050229,0.401594,0.980695,-0.080186
EH_Lat_1_3.9.26,36,665.77,643.82,0,665.77,643.82,0.9925,646.76,649.48,0.9973,0.372254,0.325608,-0.046049,0.366242,0.307848,-0.032676,0.364483,0.306577,-0.032866,0.362775,0.305437,-0.032811,0.365801,0.308459,-0.065881,0.363887,0.307685,-0.066158,0.361972,0.306933,-0.066248,0.3505,0.308639,0.02747,0.349512,0.309991,-0.120526,0.364706,0.339845,-0.01844,0.364451,0.340085,-0.062877,0.323306,0.390035,0.139443,0.320938,0.40391,-0.188058,0.307909,0.518299,0.179379,0.292483,0.528454,-0.220863,0.337255,0.598887,0.085448,0.336855,0.601373,-0.191922,0.348309,0.624307,0.082192,0.345431,0.62592,-0.219814,0.350773,0.623097,0.04994,0.352057,0.621388,-0.210408,0.348471,0.61523,0.069496,0.348836,0.613407,-0.186754,0.272739,0.602887,0.10001,0.285503,0.608631,-0.100168,0.24342,0.774447,0.104305,0.359386,0.735137,-0.077993,0.176533,0.923418,0.091635,0.361408,0.928326,-0.039169,0.156399,0.952611,0.08706,0.345372,0.956496,-0.035708,0.21398,0.955075,0.048487,0.401478,0.980567,-0.060813
EH_Lat_1_3.9.26,37,670.32,644.95,0,670.32,644.95,0.9921,648.64,649.39,0.9972,0.372765,0.325443,-0.045063,0.366611,0.307755,-0.031711,0.364851,0.306488,-0.031897,0.363173,0.30534,-0.03184,0.36616,0.308372,-0.064854,0.364248,0.307603,-0.065131,0.362365,0.306839,-0.065224,0.350789,0.308473,0.028705,0.349762,0.309822,-0.119125,0.365218,0.339687,-0.017258,0.36494,0.339924,-0.061637,0.323462,0.389867,0.140951,0.322493,0.403631,-0.186668,0.308232,0.518249,0.179496,0.29372,0.528323,-0.218267,0.337336,0.597293,0.085178,0.337833,0.601284,-0.185539,0.348306,0.622376,0.0819,0.347326,0.625918,-0.212765,0.351574,0.622746,0.050145,0.353904,0.621359,-0.202724,0.348477,0.612601,0.069413,0.351225,0.613413,-0.180008,0.272849,0.602821,0.100049,0.28671,0.608661,-0.100207,0.243554,0.77431,0.10802,0.360096,0.735432,-0.079028,0.176637,0.923308,0.105536,0.361437,0.92833,-0.039886,0.156482,0.952455,0.102193,0.345447,0.956469,-0.036265,0.214101,0.9551,0.066233,0.401474,0.981134,-0.061062
EH_Lat_1_3.9.26,38,672.08,644.84,0,672.08,644.84,0.9914,654.18,649.26,0.9972,0.373969,0.325028,-0.037272,0.367416,0.307585,-0.024006,0.365591,0.306366,-0.024184,0.36388,0.305266,-0.02412,0.36714,0.308256,-0.056971,0.365282,0.307542,-0.057251,0.363499,0.306813,-0.05735,0.351823,0.308341,0.035793,0.351376,0.309684,-0.111386,0.366362,0.339429,-0.009646,0.366312,0.339695,-0.053827,0.323488,0.389544,0.145748,0.324956,0.40336,-0.179202,0.307842,0.51815,0.182349,0.296271,0.528179,-0.207121,0.336271,0.597206,0.088882,0.340717,0.601166,-0.170596,0.342962,0.622294,0.085927,0.350481,0.625928,-0.19698,0.349719,0.622373,0.055196,0.356522,0.621383,-0.186084,0.347257,0.613864,0.073604,0.35439,0.613409,-0.164517,0.272913,0.602695,0.099824,0.288321,0.60857,-0.099982,0.243726,0.774198,0.10826,0.361203,0.735615,-0.078769,0.176701,0.923215,0.106772,0.361463,0.92839,-0.039572,0.156629,0.952399,0.103632,0.345486,0.956468,-0.035879,0.214356,0.955242,0.069997,0.401302,0.981329,-0.060353
EH_Lat_1_3.9.26,39,672.56,643.82,0,672.56,643.82,0.9911,657.81,648.83,0.997,0.374791,0.324999,-0.037519,0.368128,0.307414,-0.02435,0.366302,0.306198,-0.024528,0.364575,0.305105,-0.024466,0.367978,0.308077,-0.05729,0.366236,0.307363,-0.057569,0.364578,0.30664,-0.057671,0.352774,0.308227,0.035203,0.352709,0.30958,-0.111957,0.36722,0.339342,-0.009959,0.367324,0.339591,-0.054129,0.323872,0.38901,0.144821,0.326306,0.403119,-0.17982,0.307881,0.51823,0.181151,0.298261,0.528053,-0.209153,0.335766,0.598074,0.088383,0.34261,0.600773,-0.172752,0.341812,0.625658,0.085238,0.352605,0.625116,-0.199322,0.348461,0.623733,0.054262,0.357957,0.620713,-0.1882,0.346806,0.617804,0.07299,0.355982,0.612774,-0.166643,0.273325,0.602592,0.099801,0.290015,0.608477,-0.099958,0.243847,0.774121,0.11038,0.362337,0.73584,-0.078999,0.176725,0.923139,0.113312,0.361462,0.928449,-0.039767,0.156683,0.952247,0.110566,0.345485,0.956544,-0.036156,0.214447,0.955252,0.076028,0.401255,0.981482,-0.061186
EH_Lat_1_3.9.26,40,670.0,644.0,0,671.95,639.75,0.9847,660.73,648.55,0.9963,0.37583,0.324871,-0.034988,0.36926,0.307285,-0.02158,0.367448,0.306075,-0.021749,0.365752,0.304985,-0.021685,0.369121,0.307949,-0.054124,0.367382,0.307242,-0.054408,0.365739,0.306519,-0.054512,0.354031,0.308179,0.038545,0.353997,0.309542,-0.106949,0.368578,0.339231,-0.007258,0.368737,0.339484,-0.050954,0.324307,0.388603,0.14676,0.328373,0.402764,-0.173748,0.307539,0.518175,0.180524,0.300642,0.528111,-0.20238,0.335294,0.598065,0.087495,0.344132,0.600509,-0.163952,0.338265,0.626621,0.0842,0.353634,0.624777,-0.189372,0.345232,0.624357,0.053946,0.35896,0.620527,-0.178817,0.344092,0.618428,0.072352,0.356958,0.61269,-0.157918,0.274502,0.602508,0.099554,0.292152,0.608383,-0.09971,0.244155,0.774053,0.109943,0.364036,0.73584,-0.081433,0.177087,0.923101,0.109922,0.361749,0.928449,-0.042828,0.156721,0.952135,0.106766,0.345496,0.956831,-0.03913,0.21444,0.955219,0.072252,0.401642,0.981557,-0.064382
EH_Lat_1_3.9.26,41,675.0,646.0,0,673.65,639.77,0.984,666.44,648.54,0.9951,0.377383,0.325514,-0.03289,0.371125,0.307935,-0.020085,0.369362,0.306758,-0.020255,0.367704,0.305681,-0.020196,0.370888,0.308522,-0.052396,0.369138,0.307801,-0.052678,0.367459,0.307054,-0.052777,0.356058,0.308941,0.038479,0.355753,0.310195,-0.106167,0.369803,0.339855,-0.005595,0.369917,0.340132,-0.049,0.324928,0.38839,0.146213,0.331174,0.402363,-0.17151,0.308406,0.518798,0.18005,0.304103,0.528093,-0.200072,0.336597,0.599637,0.087245,0.347103,0.600503,-0.160002,0.339585,0.629124,0.083876,0.35581,0.624685,-0.184117,0.345312,0.625137,0.054288,0.361461,0.620552,-0.174009,0.346404,0.621065,0.072344,0.358984,0.612697,-0.154142,0.27585,0.602458,0.099038,0.294281,0.608305,-0.099199,0.244891,0.774038,0.109031,0.365746,0.735882,-0.080917,0.177502,0.923043,0.10769,0.361938,0.928458,-0.042181,0.156762,0.952043,0.104209,0.34553,0.957242,-0.03851,0.214458,0.955228,0.069124,0.40174,0.981556,-0.064247
EH_Lat_1_3.9.26,42,678.0,644.0,0,679.13,640.44,0.9829,672.97,649.21,0.9938,0.37897,0.325404,-0.024289,0.372763,0.307852,-0.011608,0.370955,0.306675,-0.011773,0.369226,0.305593,-0.011716,0.372476,0.30842,-0.044202,0.370694,0.30769,-0.044483,0.368971,0.306936,-0.04458,0.357537,0.308887,0.045854,0.357262,0.310105,-0.100199,0.371195,0.33976,0.00272,0.371294,0.340028,-0.041122,0.326016,0.38767,0.15194,0.333424,0.401266,-0.167932,0.308515,0.518888,0.185639,0.306488,0.528062,-0.199606,0.336654,0.601937,0.094606,0.350505,0.60112,-0.160628,0.339955,0.631564,0.091459,0.359025,0.625005,-0.18499,0.345733,0.628172,0.063264,0.364505,0.621179,-0.174646,0.346375,0.623279,0.080269,0.361874,0.613287,-0.154659,0.27756,0.602399,0.099014,0.296483,0.608241,-0.099175,0.246185,0.774002,0.108859,0.367447,0.735954,-0.081878,0.178143,0.923027,0.109623,0.361946,0.928568,-0.043869,0.156785,0.951829,0.106666,0.345476,0.957768,-0.040282,0.214548,0.95524,0.073171,0.401738,0.981102,-0.066635
EH_Lat_1_3.9.26,43,681.0,647.0,0,683.19,639.12,0.9875,674.65,649.2,0.9924,0.38036,0.325345,-0.015112,0.374177,0.307751,-0.002835,0.372353,0.306567,-0.003002,0.370597,0.305484,-0.002953,0.373858,0.308333,-0.035216,0.372023,0.307606,-0.035495,0.370275,0.306865,-0.035571,0.358772,0.30881,0.052735,0.358588,0.310047,-0.09232,0.372553,0.339669,0.01123,0.372614,0.339934,-0.032294,0.326855,0.385818,0.156435,0.33494,0.399123,-0.159324,0.310734,0.519067,0.188958,0.308403,0.52793,-0.188449,0.3404,0.602793,0.097369,0.351378,0.601115,-0.144152,0.344969,0.631218,0.093949,0.359735,0.624845,-0.165941,0.35216,0.629473,0.066479,0.365111,0.621071,-0.157226,0.349561,0.622867,0.083247,0.362505,0.613223,-0.1387,0.279477,0.602355,0.098603,0.298849,0.607992,-0.098775,0.248299,0.773841,0.09894,0.369427,0.735986,-0.080174,0.178428,0.92247,0.088526,0.361937,0.92847,-0.039891,0.15657,0.951804,0.084748,0.344884,0.957648,-0.035976,0.214038,0.955252,0.056266,0.401712,0.980868,-0.057209
EH_Lat_1_3.9.26,44,681.7,649.23,0,682.97,635.79,0.9859,681.7,649.23,0.9916,0.382278,0.324131,-0.017541,0.376027,0.306824,-0.004446,0.374308,0.305614,-0.004614,0.372675,0.304466,-0.004555,0.375282,0.307395,-0.037065,0.373246,0.306655,-0.037347,0.371284,0.305862,-0.037424,0.360461,0.307863,0.053744,0.359413,0.309292,-0.092255,0.374621,0.338912,0.009641,0.374334,0.339355,-0.034155,0.328371,0.384348,0.158388,0.33704,0.39875,-0.159288,0.310742,0.519209,0.188764,0.311039,0.527871,-0.193685,0.338685,0.603367,0.095491,0.35505,0.601142,-0.156229,0.341613,0.63088,0.091731,0.363771,0.624876,-0.180342,0.348939,0.632247,0.064364,0.369261,0.621077,-0.171265,0.347238,0.62525,0.081451,0.366032,0.613227,-0.150819,0.282123,0.602337,0.098496,0.301639,0.607973,-0.098673,0.250626,0.773785,0.096345,0.371525,0.736075,-0.080138,0.178469,0.921025,0.080573,0.362048,0.928485,-0.039989,0.156487,0.951555,0.076083,0.344709,0.9575,-0.036114,0.213999,0.954728,0.0478,0.401885,0.981326,-0.058422
EH_Lat_1_3.9.26,45,696.0,646.0,0,692.7,638.88,0.9857,686.22,649.5,0.9907,0.383602,0.323168,-0.022288,0.377026,0.305923,-0.009245,0.375231,0.304706,-0.009419,0.373493,0.303561,-0.009362,0.376382,0.306479,-0.041946,0.374355,0.305723,-0.042227,0.372401,0.304911,-0.042309,0.361179,0.30721,0.049254,0.360432,0.308745,-0.096951,0.375763,0.338304,0.004992,0.375547,0.33874,-0.038908,0.330495,0.383379,0.155473,0.337943,0.39793,-0.163744,0.31462,0.519279,0.18809,0.312396,0.527818,-0.19426,0.344199,0.605349,0.087967,0.357409,0.60139,-0.159826,0.349572,0.631656,0.082372,0.366404,0.625089,-0.184635,0.353253,0.631994,0.055579,0.372603,0.621222,-0.175567,0.352425,0.624947,0.073804,0.368909,0.613326,-0.154562,0.284798,0.602287,0.098658,0.30359,0.607883,-0.098835,0.25361,0.773421,0.096801,0.373376,0.736353,-0.080782,0.179045,0.919625,0.0844,0.3621,0.928505,-0.040056,0.156498,0.950833,0.08068,0.344693,0.957363,-0.036142,0.214027,0.954798,0.053593,0.402121,0.981341,-0.05854
EH_Lat_1_3.9.26,46,704.0,649.0,0,706.93,644.81,0.9907,694.63,649.52,0.9905,0.384498,0.321572,-0.022539,0.37811,0.304526,-0.009574,0.376338,0.303346,-0.009747,0.374612,0.302222,-0.009692,0.377439,0.304969,-0.042222,0.375411,0.304176,-0.042501,0.37342,0.303295,-0.042578,0.362271,0.306001,0.048809,0.361359,0.307494,-0.097246,0.376867,0.336894,0.004688,0.376598,0.337328,-0.03913,0.332664,0.382678,0.154974,0.339684,0.396935,-0.164422,0.315568,0.519468,0.186593,0.315679,0.527781,-0.197733,0.345204,0.605808,0.08779,0.361785,0.601406,-0.164139,0.350269,0.63153,0.0823,0.369928,0.625097,-0.1894,0.356217,0.631655,0.055312,0.375663,0.62122,-0.180126,0.355181,0.626033,0.073534,0.3724,0.613304,-0.158761,0.287566,0.601908,0.098661,0.306026,0.606952,-0.098837,0.25664,0.77309,0.097447,0.375444,0.736409,-0.081645,0.179982,0.917625,0.085635,0.36225,0.928507,-0.040245,0.157037,0.947688,0.081726,0.344471,0.957111,-0.036246,0.214037,0.954848,0.055652,0.402847,0.981474,-0.059381
EH_Lat_1_3.9.26,47,710.0,649.0,0,709.61,640.81,0.9899,700.07,649.51,0.9905,0.385579,0.319748,-0.021478,0.378871,0.303312,-0.008654,0.377037,0.302189,-0.008829,0.375255,0.301103,-0.008778,0.378544,0.303752,-0.041773,0.376707,0.303017,-0.042049,0.374901,0.302163,-0.042123,0.363217,0.30509,0.04941,0.363009,0.306376,-0.09851,0.377828,0.335236,0.005674,0.377817,0.335605,-0.03876,0.334618,0.381445,0.155815,0.340753,0.395664,-0.166629,0.319353,0.519547,0.185673,0.317427,0.527689,-0.198648,0.350382,0.60724,0.087171,0.364618,0.601402,-0.165047,0.356382,0.632795,0.081391,0.373061,0.625077,-0.190315,0.359267,0.6329,0.054586,0.378639,0.621015,-0.180853,0.359476,0.628547,0.072919,0.375561,0.613019,-0.15957,0.290272,0.601457,0.099179,0.308869,0.60612,-0.099356,0.25931,0.772475,0.09827,0.377284,0.736851,-0.083145,0.181145,0.915711,0.089799,0.362357,0.928519,-0.042053,0.157436,0.945851,0.086352,0.344351,0.957037,-0.038172,0.215192,0.955371,0.060353,0.403258,0.981723,-0.06159
EH_Lat_1_3.9.26,48,710.2,649.83,0,708.77,640.42,0.9729,710.2,649.83,0.9905,0.386125,0.316692,-0.021385,0.379579,0.300545,-0.008647,0.377713,0.299504,-0.008825,0.375871,0.29851,-0.008774,0.379528,0.30114,-0.041518,0.377854,0.300566,-0.041793,0.376216,0.299886,-0.041864,0.364086,0.302689,0.049526,0.364705,0.304129,-0.097491,0.378373,0.332455,0.005833,0.378683,0.33272,-0.038283,0.335715,0.380529,0.155654,0.34138,0.39533,-0.16647,0.319255,0.519572,0.18556,0.320224,0.527649,-0.198726,0.350241,0.608497,0.082994,0.369898,0.601697,-0.175277,0.355379,0.63322,0.076207,0.377956,0.625197,-0.202928,0.35856,0.632676,0.049698,0.382388,0.621098,-0.193041,0.358315,0.629958,0.068877,0.379732,0.613021,-0.169986,0.293209,0.600187,0.099209,0.311254,0.604943,-0.099388,0.262213,0.771879,0.097558,0.379535,0.737036,-0.083857,0.181383,0.914744,0.089663,0.36237,0.928667,-0.044789,0.157989,0.94211,0.086187,0.344375,0.956837,-0.041295,0.216026,0.95599,0.060054,0.403189,0.982702,-0.065628
EH_Lat_1_3.9.26,49,714.41,649.55,0,722.93,638.35,0.9868,714.41,649.55,0.9897,0.386661,0.31436,-0.018254,0.380497,0.298178,-0.00588,0.378694,0.29717,-0.006056,0.376964,0.296215,-0.006008,0.380332,0.298734,-0.03841,0.37862,0.29817,-0.038683,0.376974,0.297493,-0.038746,0.365363,0.300629,0.051269,0.365736,0.301939,-0.094599,0.378989,0.330413,0.008683,0.379218,0.330587,-0.035039,0.336439,0.378791,0.157891,0.343895,0.393904,-0.164386,0.319741,0.519639,0.188404,0.323929,0.527175,-0.200274,0.349364,0.609125,0.088316,0.372089,0.601434,-0.180506,0.355134,0.639854,0.081406,0.381797,0.624106,-0.208053,0.358041,0.633449,0.055248,0.385805,0.620341,-0.199082,0.358095,0.629358,0.074399,0.382722,0.612328,-0.175585,0.296049,0.599959,0.099434,0.314252,0.604612,-0.099615,0.264905,0.771296,0.097137,0.381175,0.737403,-0.086101,0.182579,0.912864,0.089855,0.362279,0.928839,-0.048667,0.158588,0.938241,0.08629,0.344193,0.956764,-0.045562,0.216605,0.956341,0.061352,0.403221,0.983732,-0.071521
EH_Lat_1_3.9.26,50,724.0,643.0,0,720.18,631.3,0.9859,716.16,647.68,0.9888,0.387103,0.312873,-0.006036,0.380827,0.29665,0.006347,0.378994,0.295578,0.006181,0.377237,0.29453,0.006235,0.380815,0.297331,-0.026464,0.37917,0.29681,-0.026738,0.37758,0.296152,-0.026796,0.365821,0.298641,0.063443,0.366459,0.300441,-0.083837,0.379316,0.32873,0.021027,0.37966,0.328936,-0.023103,0.337603,0.37778,0.170587,0.344743,0.39237,-0.157161,0.321601,0.519734,0.202391,0.326116,0.526769,-0.197749,0.348784,0.610308,0.105754,0.372998,0.599705,-0.173359,0.352878,0.63898,0.100191,0.383797,0.620091,-0.19954,0.357299,0.634296,0.074518,0.387177,0.616189,-0.189781,0.357435,0.628866,0.092212,0.383554,0.609045,-0.167902,0.29787,0.59939,0.100458,0.316613,0.603473,-0.100642,0.267569,0.771281,0.095867,0.383355,0.73748,-0.088523,0.183653,0.912177,0.088985,0.362204,0.929366,-0.058477,0.159643,0.935798,0.085513,0.344108,0.956993,-0.056112,0.217527,0.957528,0.060309,0.403227,0.984036,-0.084722
EH_Lat_1_3.9.26,51,721.05,644.96,0,720.47,627.92,0.9685,721.05,644.96,0.9858,0.387197,0.309763,0.004749,0.380813,0.293955,0.017655,0.378922,0.29293,0.017497,0.3771,0.291913,0.017546,0.380978,0.294615,-0.016354,0.379402,0.294138,-0.016628,0.37787,0.293507,-0.016682,0.365796,0.2966,0.074996,0.366838,0.298388,-0.077702,0.37937,0.325443,0.031918,0.379876,0.325533,-0.013793,0.337603,0.375357,0.183701,0.346567,0.390177,-0.154921,0.321262,0.51925,0.227305,0.328667,0.524601,-0.199561,0.348334,0.609939,0.142932,0.375549,0.597184,-0.17385,0.351547,0.637996,0.140531,0.388337,0.6169,-0.199807,0.356987,0.634062,0.113898,0.39098,0.612601,-0.190053,0.356835,0.628315,0.129296,0.386571,0.605742,-0.168385,0.300162,0.598676,0.103059,0.320239,0.602576,-0.103255,0.270759,0.771032,0.090099,0.384994,0.738172,-0.089993,0.185732,0.909688,0.074445,0.36219,0.929702,-0.064992,0.161452,0.931673,0.06991,0.344057,0.957203,-0.063442,0.21756,0.957562,0.03909,0.403241,0.984231,-0.096163
EH_Lat_1_3.9.26,52,724.79,641.18,0,728.02,622.77,0.9825,724.79,641.18,0.9855,0.38765,0.30701,-0.002137,0.381402,0.291549,0.009917,0.379638,0.29057,0.009748,0.377981,0.28959,0.009804,0.381233,0.292149,-0.023207,0.379521,0.291672,-0.023481,0.377873,0.291046,-0.023558,0.366614,0.294598,0.06623,0.366737,0.296187,-0.083415,0.380246,0.322779,0.024158,0.380425,0.323016,-0.020428,0.338758,0.374482,0.174982,0.347952,0.388236,-0.157239,0.328671,0.518964,0.213213,0.330569,0.522323,-0.205896,0.357068,0.607191,0.123426,0.377492,0.593687,-0.180379,0.364033,0.630883,0.120056,0.390236,0.613013,-0.205424,0.370947,0.62525,0.092292,0.393394,0.606801,-0.196246,0.369303,0.624975,0.109298,0.389062,0.600041,-0.17501,0.303559,0.598359,0.103158,0.322631,0.602232,-0.10336,0.272676,0.77032,0.075943,0.386603,0.738618,-0.092602,0.188084,0.906385,0.039454,0.362192,0.929329,-0.061479,0.16329,0.927431,0.032641,0.344055,0.95692,-0.059326,0.21861,0.958462,-0.000251,0.403399,0.984225,-0.089679
EH_Lat_1_3.9.26,53,740.0,637.0,0,731.09,617.07,0.9873,724.38,637.87,0.9833,0.387811,0.30666,-0.007299,0.381618,0.290551,0.005316,0.379803,0.289514,0.005145,0.37808,0.288451,0.005198,0.381515,0.291213,-0.027942,0.379798,0.290774,-0.028217,0.378143,0.290126,-0.028289,0.366603,0.292834,0.063893,0.36675,0.294814,-0.086198,0.380296,0.321911,0.019927,0.380484,0.322091,-0.024836,0.339802,0.372804,0.173041,0.347549,0.384829,-0.159543,0.329224,0.517336,0.206668,0.331022,0.519924,-0.216628,0.356312,0.607128,0.120966,0.377279,0.590625,-0.203374,0.362138,0.630246,0.118247,0.390832,0.610436,-0.231381,0.367914,0.624579,0.09037,0.393652,0.603391,-0.220737,0.366533,0.623523,0.106441,0.388834,0.59651,-0.197924,0.306751,0.596084,0.103385,0.323832,0.599486,-0.103588,0.275265,0.768999,0.073519,0.387374,0.738503,-0.095265,0.190953,0.903433,0.041083,0.362182,0.929324,-0.07039,0.165424,0.92314,0.034687,0.343921,0.956866,-0.069317,0.21865,0.95859,-0.003644,0.40347,0.983955,-0.107506
EH_Lat_1_3.9.26,54,742.0,631.0,0,738.51,616.54,0.9886,729.4,633.12,0.9817,0.387795,0.301507,-0.010152,0.381557,0.285348,0.002753,0.379741,0.284419,0.00258,0.378031,0.283466,0.002629,0.381442,0.285973,-0.030448,0.379701,0.285593,-0.030723,0.378028,0.285017,-0.030797,0.366577,0.288356,0.061319,0.366635,0.29021,-0.088103,0.380346,0.317483,0.017058,0.38051,0.317595,-0.027574,0.340748,0.371585,0.16999,0.347931,0.381345,-0.161162,0.330523,0.516287,0.202859,0.332413,0.517884,-0.215949,0.36122,0.60583,0.116574,0.379897,0.586218,-0.201671,0.367482,0.627937,0.113663,0.393384,0.604515,-0.230734,0.370768,0.621814,0.084504,0.395868,0.597079,-0.220278,0.369766,0.61959,0.101807,0.391221,0.59075,-0.196284,0.309366,0.594962,0.103275,0.325714,0.597276,-0.103477,0.277762,0.767557,0.076208,0.388605,0.738966,-0.096494,0.193389,0.899109,0.044118,0.362229,0.929038,-0.06581,0.167488,0.917954,0.037603,0.34363,0.956523,-0.064095,0.219729,0.958885,-0.000266,0.403462,0.984452,-0.097843
EH_Lat_1_3.9.26,55,746.0,625.0,0,747.54,615.59,0.9904,733.38,627.78,0.9816,0.38781,0.29884,-0.012047,0.381503,0.282349,0.000791,0.379677,0.281487,0.000616,0.377967,0.280587,0.000668,0.381363,0.282817,-0.032403,0.379585,0.28238,-0.032679,0.377869,0.281777,-0.032752,0.366502,0.285425,0.059335,0.366343,0.286775,-0.08977,0.380278,0.314935,0.015227,0.380359,0.314813,-0.029372,0.340757,0.369142,0.168855,0.348065,0.377287,-0.161245,0.331632,0.514531,0.199134,0.334214,0.515773,-0.217,0.364127,0.603684,0.105664,0.38197,0.581279,-0.19737,0.371778,0.62239,0.102107,0.396259,0.599991,-0.225025,0.373347,0.619219,0.073827,0.398704,0.59277,-0.214979,0.372586,0.615761,0.090987,0.393736,0.586011,-0.191981,0.31157,0.593574,0.103247,0.327055,0.595312,-0.103452,0.280639,0.765909,0.075253,0.389067,0.739595,-0.100672,0.196282,0.895416,0.040341,0.362277,0.928939,-0.06329,0.170151,0.912496,0.033457,0.343402,0.956142,-0.061063,0.220105,0.958857,-0.009199,0.40314,0.984764,-0.095715
EH_Lat_1_3.9.26,56,750.0,625.0,0,753.64,616.06,0.991,737.81,625.04,0.9799,0.387673,0.296946,-0.013198,0.381392,0.280578,-0.000394,0.37956,0.279717,-0.000569,0.377844,0.278826,-0.000524,0.38127,0.281178,-0.033429,0.379499,0.280823,-0.033704,0.377799,0.280291,-0.033774,0.366387,0.283397,0.057859,0.366288,0.285065,-0.09063,0.380142,0.31329,0.013923,0.380269,0.313052,-0.030451,0.34065,0.368178,0.167066,0.347639,0.375452,-0.161499,0.333827,0.513421,0.200192,0.33581,0.514663,-0.216564,0.367735,0.597262,0.111911,0.384276,0.578741,-0.195251,0.380828,0.616417,0.108734,0.398784,0.598417,-0.221906,0.381018,0.614622,0.082089,0.402064,0.591453,-0.212068,0.38035,0.607677,0.098001,0.396673,0.584345,-0.18987,0.313505,0.592108,0.102118,0.328981,0.592709,-0.10235,0.282858,0.764599,0.059961,0.390032,0.739657,-0.087285,0.198294,0.893309,0.010779,0.362241,0.928266,-0.035479,0.17243,0.90784,0.002577,0.343314,0.955308,-0.031899,0.22102,0.958912,-0.038094,0.403117,0.984564,-0.063672
EH_Lat_1_3.9.26,57,752.0,613.0,0,757.24,612.45,0.9894,747.38,619.64,0.9793,0.387597,0.290927,-0.014255,0.381333,0.275058,-0.00103,0.379476,0.274258,-0.001203,0.377734,0.27342,-0.00115,0.381198,0.275609,-0.034341,0.3794,0.275257,-0.034617,0.377675,0.274693,-0.034689,0.366178,0.277948,0.056867,0.366089,0.279499,-0.091398,0.380057,0.30814,0.013074,0.380183,0.307794,-0.031517,0.340815,0.366398,0.166901,0.347626,0.37225,-0.162369,0.335788,0.512529,0.199314,0.337988,0.512381,-0.216616,0.374372,0.592801,0.111251,0.389263,0.573744,-0.195905,0.385863,0.611451,0.107877,0.404483,0.594119,-0.222021,0.38957,0.610194,0.080807,0.407312,0.587469,-0.212551,0.384884,0.602417,0.097236,0.402412,0.580082,-0.190697,0.315371,0.591459,0.102022,0.331671,0.591335,-0.102255,0.285552,0.763846,0.068962,0.390544,0.739653,-0.087195,0.201458,0.88952,0.055427,0.361883,0.927957,-0.03448,0.17577,0.900929,0.051319,0.343286,0.954993,-0.030483,0.221255,0.958807,0.01474,0.403087,0.984248,-0.063668
EH_Lat_1_3.9.26,58,762.0,610.0,0,764.16,610.09,0.9881,752.44,613.41,0.9781,0.387517,0.288294,-0.02559,0.381201,0.272125,-0.013979,0.379332,0.271288,-0.014156,0.377593,0.270413,-0.014126,0.381077,0.272713,-0.047094,0.379263,0.272326,-0.047361,0.377522,0.271723,-0.047421,0.366068,0.275009,0.04157,0.365947,0.276551,-0.106666,0.379971,0.305894,0.001144,0.380117,0.30544,-0.043284,0.340703,0.365075,0.154746,0.34791,0.369581,-0.173615,0.340196,0.511462,0.197113,0.339994,0.510532,-0.225936,0.386971,0.584352,0.109144,0.391897,0.567973,-0.20361,0.403742,0.601662,0.105995,0.407892,0.588095,-0.229172,0.40434,0.599243,0.078739,0.410671,0.580948,-0.219848,0.400465,0.591803,0.095084,0.405187,0.572454,-0.198558,0.316212,0.590958,0.101991,0.333755,0.590533,-0.102222,0.288221,0.762463,0.088579,0.39096,0.73989,-0.077961,0.20343,0.88743,0.090834,0.361878,0.927659,-0.018495,0.177906,0.897616,0.088017,0.343284,0.954411,-0.013878,0.221176,0.958719,0.049537,0.402838,0.983967,-0.051641
EH_Lat_1_3.9.26,59,768.0,604.0,0,770.76,606.9,0.9895,762.98,607.62,0.9777,0.387549,0.283188,-0.03266,0.381196,0.267991,-0.021131,0.379309,0.267194,-0.02131,0.377547,0.266365,-0.021285,0.381033,0.268595,-0.053763,0.379186,0.268227,-0.054037,0.377413,0.267626,-0.054105,0.365928,0.271006,0.035985,0.365813,0.272577,-0.110488,0.380225,0.30107,-0.005436,0.380318,0.300746,-0.049243,0.342349,0.363319,0.150751,0.348386,0.367174,-0.176645,0.341385,0.508312,0.194709,0.341901,0.50829,-0.229591,0.388482,0.575597,0.107559,0.397388,0.562614,-0.213823,0.402029,0.593523,0.10412,0.411745,0.582065,-0.240984,0.406694,0.587863,0.076666,0.416513,0.572379,-0.231176,0.400434,0.582507,0.093392,0.410813,0.564808,-0.208733,0.318649,0.589681,0.101957,0.334858,0.589495,-0.102187,0.290413,0.761378,0.091671,0.391312,0.740037,-0.078144,0.206366,0.884842,0.095542,0.361882,0.927661,-0.023693,0.181162,0.892229,0.09274,0.343256,0.954219,-0.019241,0.221658,0.958718,0.051228,0.402831,0.983963,-0.056384
EH_Lat_1_3.9.26,60,774.0,599.0,0,774.88,601.13,0.9893,765.59,601.87,0.9768,0.387459,0.281093,-0.032193,0.381162,0.265311,-0.020446,0.379253,0.264608,-0.020627,0.377428,0.263818,-0.020596,0.380952,0.265648,-0.053193,0.37912,0.265227,-0.053468,0.377364,0.264558,-0.05354,0.365779,0.268196,0.036861,0.365722,0.269274,-0.11026,0.380126,0.298746,-0.004968,0.380215,0.298033,-0.048959,0.34204,0.36078,0.150957,0.348548,0.362846,-0.178515,0.343192,0.504931,0.194521,0.343762,0.50478,-0.229374,0.391836,0.56962,0.106556,0.398746,0.557286,-0.207779,0.406211,0.588389,0.103464,0.413804,0.578088,-0.234306,0.411521,0.580818,0.076094,0.417753,0.56817,-0.224431,0.404769,0.57597,0.092424,0.412544,0.559938,-0.20248,0.319501,0.588234,0.102125,0.336184,0.587752,-0.102352,0.29267,0.759847,0.101517,0.391642,0.740233,-0.077281,0.209554,0.880849,0.110931,0.361977,0.927331,-0.01934,0.184588,0.886133,0.108794,0.343172,0.952663,-0.0147,0.223136,0.958704,0.067878,0.40278,0.983959,-0.056391
EH_Lat_1_3.9.26,61,786.88,598.65,0,786.88,598.65,0.9888,763.97,597.89,0.975,0.387429,0.278667,-0.051264,0.381138,0.262983,-0.039955,0.379212,0.262328,-0.040153,0.377348,0.261561,-0.040122,0.380934,0.263269,-0.073348,0.379106,0.262874,-0.073621,0.377322,0.262212,-0.073694,0.365693,0.266243,0.018533,0.365648,0.267191,-0.131687,0.380024,0.296319,-0.023445,0.380113,0.295691,-0.068352,0.342977,0.358958,0.136084,0.348476,0.360609,-0.199458,0.347391,0.501609,0.173233,0.345242,0.502215,-0.250372,0.395283,0.564116,0.077003,0.397903,0.5536,-0.2287,0.409221,0.583663,0.071934,0.414206,0.573849,-0.256672,0.413831,0.577595,0.043691,0.417807,0.56435,-0.247674,0.407705,0.572429,0.062206,0.411987,0.556549,-0.224022,0.320389,0.586664,0.103213,0.337141,0.585824,-0.103428,0.295068,0.758805,0.106727,0.392037,0.740388,-0.078317,0.211755,0.878299,0.11787,0.361978,0.927303,-0.024149,0.187213,0.882938,0.115773,0.342803,0.952379,-0.019832,0.22425,0.958752,0.074204,0.402435,0.983956,-0.056655
EH_Lat_1_3.9.26,62,786.85,589.42,0,786.85,589.42,0.9879,766.31,591.91,0.9737,0.387328,0.277965,-0.046136,0.38081,0.262171,-0.034528,0.378821,0.261616,-0.034718,0.376881,0.260949,-0.034685,0.380701,0.262344,-0.067768,0.378872,0.261986,-0.068041,0.377073,0.261384,-0.068112,0.365387,0.265382,0.023557,0.36535,0.266219,-0.125964,0.38001,0.295271,-0.018551,0.380092,0.294722,-0.063265,0.342621,0.357853,0.139479,0.348392,0.358487,-0.195166,0.346366,0.49949,0.176139,0.345796,0.498893,-0.246042,0.396372,0.560138,0.081078,0.399122,0.548063,-0.224072,0.410895,0.577615,0.076243,0.415312,0.567878,-0.251963,0.415744,0.572435,0.048419,0.41906,0.557228,-0.24209,0.411356,0.567941,0.066525,0.414091,0.550426,-0.219042,0.321145,0.585043,0.104059,0.338013,0.583894,-0.104273,0.296888,0.757039,0.107689,0.392082,0.740415,-0.081924,0.213493,0.875158,0.121703,0.361909,0.927301,-0.02737,0.188915,0.879374,0.11994,0.342365,0.952353,-0.023289,0.224768,0.958717,0.075396,0.402247,0.983936,-0.067071
EH_Lat_1_3.9.26,63,787.84,585.63,0,787.84,585.63,0.9889,772.68,590.62,0.9686,0.387317,0.275331,-0.046111,0.380757,0.259811,-0.033873,0.378782,0.259276,-0.034063,0.376829,0.258625,-0.034036,0.380568,0.26009,-0.06732,0.378682,0.259805,-0.067595,0.376758,0.259272,-0.067671,0.365169,0.263386,0.025907,0.364854,0.264514,-0.124302,0.379932,0.292539,-0.018011,0.38002,0.292276,-0.062979,0.344121,0.356834,0.141351,0.348272,0.358036,-0.193946,0.3502,0.496955,0.178203,0.347946,0.497411,-0.250806,0.403171,0.556104,0.083883,0.402437,0.546866,-0.23577,0.417661,0.572631,0.07933,0.417517,0.565569,-0.264505,0.421119,0.568316,0.051508,0.421719,0.55474,-0.254132,0.41652,0.5637,0.069377,0.416563,0.54874,-0.230764,0.323518,0.583576,0.104295,0.33862,0.581656,-0.104503,0.298522,0.754895,0.102386,0.392123,0.740564,-0.09189,0.216307,0.873186,0.111435,0.361866,0.927302,-0.047547,0.191254,0.878845,0.108262,0.341885,0.952372,-0.045317,0.22561,0.958766,0.06542,0.401851,0.984354,-0.105427
EH_Lat_1_3.9.26,64,789.8,578.87,0,789.8,578.87,0.988,777.78,587.06,0.9678,0.387244,0.274428,-0.047522,0.380712,0.257884,-0.035619,0.378766,0.257634,-0.035808,0.376791,0.257228,-0.035776,0.38054,0.257912,-0.069042,0.378638,0.25775,-0.069317,0.376642,0.257353,-0.069399,0.365029,0.262155,0.023618,0.364507,0.263142,-0.126599,0.37987,0.291241,-0.019552,0.379947,0.291021,-0.064507,0.343991,0.355371,0.139822,0.348682,0.356047,-0.195574,0.351429,0.493726,0.176757,0.349965,0.495646,-0.248506,0.404176,0.548843,0.082821,0.405093,0.543574,-0.228749,0.419544,0.566492,0.078835,0.41984,0.562727,-0.257329,0.421337,0.561083,0.050592,0.423958,0.552435,-0.245964,0.417384,0.556908,0.068227,0.418524,0.545983,-0.223258,0.324663,0.582331,0.104393,0.340011,0.580539,-0.104597,0.299552,0.753532,0.10671,0.392145,0.740606,-0.091474,0.217789,0.870827,0.122264,0.361867,0.927246,-0.042149,0.192821,0.877524,0.12048,0.341752,0.952359,-0.039106,0.226341,0.958308,0.073251,0.401625,0.984456,-0.096727
EH_Lat_1_3.9.26,65,795.02,575.43,0,795.02,575.43,0.9889,786.55,584.53,0.9682,0.387201,0.272419,-0.046223,0.380663,0.255866,-0.034202,0.378731,0.25573,-0.034389,0.376767,0.255418,-0.034357,0.380492,0.255794,-0.067664,0.378605,0.255654,-0.067938,0.376604,0.255262,-0.068018,0.36494,0.260349,0.025075,0.364374,0.261144,-0.125305,0.379813,0.289533,-0.018252,0.37989,0.28915,-0.06324,0.343707,0.353873,0.14069,0.348942,0.354933,-0.193878,0.350539,0.491927,0.17804,0.352068,0.493908,-0.248688,0.402037,0.547108,0.084422,0.409664,0.541236,-0.232985,0.420396,0.564171,0.080295,0.424693,0.559182,-0.262288,0.421161,0.559375,0.052227,0.428721,0.547609,-0.250088,0.418283,0.553586,0.069888,0.42293,0.541438,-0.227236,0.32499,0.580037,0.104318,0.3413,0.579099,-0.104522,0.300546,0.752077,0.105214,0.391812,0.740592,-0.091341,0.218975,0.869769,0.114344,0.361852,0.927202,-0.041759,0.194583,0.875067,0.112192,0.341686,0.952367,-0.038687,0.226237,0.957871,0.066335,0.401625,0.984602,-0.094381
EH_Lat_1_3.9.26,66,796.89,569.17,0,796.89,569.17,0.9898,790.44,582.72,0.9659,0.387147,0.271636,-0.044002,0.380633,0.255244,-0.032146,0.378701,0.254993,-0.032332,0.376735,0.254569,-0.032294,0.380358,0.255339,-0.065256,0.378463,0.255204,-0.065531,0.376356,0.254809,-0.065607,0.364812,0.259087,0.025505,0.363993,0.260255,-0.122565,0.37977,0.288128,-0.016224,0.37984,0.287894,-0.060935,0.344357,0.353039,0.141388,0.34879,0.355032,-0.192314,0.353851,0.489369,0.178169,0.353925,0.492731,-0.253994,0.409365,0.546808,0.084995,0.411685,0.53956,-0.242406,0.423655,0.561468,0.082491,0.426167,0.556485,-0.271698,0.426429,0.558063,0.054165,0.430349,0.545725,-0.259102,0.422149,0.552904,0.070392,0.424644,0.54002,-0.236574,0.326448,0.578321,0.104286,0.340701,0.577407,-0.10449,0.301963,0.750121,0.084107,0.391361,0.740287,-0.108179,0.219688,0.868612,0.073438,0.361821,0.927137,-0.074778,0.195511,0.873098,0.069282,0.341696,0.95233,-0.073478,0.226075,0.957691,0.015493,0.401605,0.985493,-0.136459
EH_Lat_1_3.9.26,67,802.59,567.63,0,802.59,567.63,0.9887,796.49,580.93,0.9665,0.387126,0.271133,-0.054966,0.380607,0.254363,-0.042526,0.378668,0.254097,-0.042716,0.37672,0.253632,-0.042683,0.380332,0.254493,-0.076701,0.378408,0.254329,-0.076972,0.376234,0.253871,-0.077054,0.364743,0.257576,0.019038,0.363747,0.258792,-0.1343,0.379757,0.28713,-0.025942,0.379808,0.286793,-0.071946,0.344083,0.350739,0.137828,0.348676,0.353142,-0.205224,0.355032,0.487026,0.17368,0.355814,0.491548,-0.273299,0.412105,0.542509,0.076035,0.414841,0.537899,-0.270722,0.425539,0.558107,0.071971,0.428605,0.554756,-0.304294,0.428799,0.554242,0.042449,0.433375,0.543345,-0.291371,0.424423,0.548842,0.060831,0.427452,0.537959,-0.265151,0.326673,0.57655,0.105138,0.341155,0.576031,-0.105337,0.302392,0.749036,0.091747,0.391088,0.740166,-0.105052,0.221406,0.867988,0.110119,0.36179,0.927061,-0.066118,0.197069,0.872677,0.1089,0.341634,0.952386,-0.064025,0.226169,0.956613,0.055054,0.401611,0.985583,-0.12405
EH_Lat_1_3.9.26,68,805.89,566.63,0,805.89,566.63,0.9889,802.8,579.41,0.9658,0.387011,0.270536,-0.05675,0.380469,0.253914,-0.044303,0.378566,0.253586,-0.044493,0.376593,0.253037,-0.044466,0.380112,0.254077,-0.078234,0.378159,0.253878,-0.078504,0.375883,0.253375,-0.078585,0.364376,0.256896,0.017389,0.363115,0.258308,-0.135037,0.379685,0.286384,-0.027838,0.379622,0.286072,-0.073477,0.343876,0.34973,0.135021,0.348543,0.351964,-0.204058,0.355792,0.48597,0.17243,0.356874,0.49107,-0.271235,0.415652,0.542085,0.077311,0.418124,0.536493,-0.269378,0.429593,0.556837,0.073331,0.430442,0.553227,-0.301824,0.431236,0.552823,0.044033,0.437677,0.541225,-0.289488,0.428649,0.548268,0.06225,0.431226,0.535843,-0.264,0.326661,0.575665,0.105091,0.341518,0.575199,-0.10529,0.302893,0.747976,0.089,0.390826,0.74009,-0.103927,0.222354,0.867618,0.108989,0.361782,0.927054,-0.064173,0.197704,0.872034,0.106491,0.341707,0.952364,-0.062131,0.226681,0.95645,0.049635,0.401798,0.985716,-0.123413
EH_Lat_1_3.9.26,69,808.07,564.45,0,808.07,564.45,0.9899,808.6,578.98,0.9661,0.386923,0.270362,-0.054848,0.380435,0.25374,-0.042406,0.378542,0.25324,-0.042591,0.376561,0.252522,-0.042561,0.379977,0.254102,-0.076035,0.378025,0.253875,-0.076306,0.375684,0.253344,-0.076386,0.364226,0.255809,0.018998,0.362801,0.257589,-0.132217,0.379653,0.286137,-0.026104,0.37948,0.285801,-0.071351,0.343303,0.34772,0.134554,0.348544,0.350501,-0.200188,0.354498,0.484091,0.171482,0.35853,0.490411,-0.265757,0.414217,0.5412,0.079094,0.421147,0.536092,-0.264835,0.426818,0.553971,0.075354,0.434037,0.552609,-0.296902,0.430678,0.550594,0.046438,0.440576,0.540929,-0.283748,0.42598,0.553964,0.064276,0.434042,0.535616,-0.259112,0.325914,0.574226,0.104409,0.342124,0.574707,-0.104613,0.303114,0.746818,0.086242,0.390688,0.73959,-0.10339,0.22298,0.867236,0.100577,0.361513,0.926946,-0.070596,0.198496,0.871945,0.098421,0.341714,0.952332,-0.069466,0.226834,0.956098,0.041253,0.401759,0.985741,-0.131717
EH_Lat_1_3.9.26,70,811.86,564.87,0,811.86,564.87,0.99,812.83,578.14,0.9679,0.386756,0.270324,-0.063371,0.380341,0.253439,-0.051557,0.378519,0.252919,-0.051743,0.376549,0.252197,-0.051712,0.379763,0.253816,-0.085044,0.377845,0.253576,-0.085315,0.375465,0.253057,-0.085397,0.363958,0.255657,0.009279,0.362375,0.257427,-0.141198,0.37962,0.286116,-0.03463,0.379397,0.28574,-0.079656,0.342397,0.346935,0.126267,0.348494,0.349345,-0.205926,0.353733,0.482367,0.161802,0.360775,0.490508,-0.27132,0.414244,0.534553,0.068758,0.423348,0.535311,-0.271892,0.429283,0.550101,0.064524,0.436632,0.552214,-0.305198,0.43097,0.544133,0.035539,0.442954,0.540478,-0.291996,0.428601,0.543376,0.053941,0.43768,0.535,-0.266148,0.325108,0.57392,0.103612,0.342221,0.574736,-0.103818,0.303353,0.745625,0.086572,0.390592,0.73957,-0.100158,0.222928,0.866775,0.103449,0.361515,0.926948,-0.064411,0.198243,0.871806,0.101683,0.3419,0.952338,-0.063571,0.227508,0.955202,0.050336,0.401671,0.986129,-0.121097
EH_Lat_1_3.9.26,71,816.12,564.95,0,816.12,564.95,0.9901,814.26,576.5,0.9685,0.38665,0.269844,-0.067385,0.380317,0.252812,-0.055478,0.378488,0.252318,-0.055664,0.376508,0.251596,-0.055638,0.379654,0.253194,-0.089096,0.37776,0.252981,-0.089366,0.375376,0.252454,-0.089441,0.363886,0.254949,0.005496,0.362237,0.256655,-0.145472,0.3796,0.285578,-0.038695,0.379338,0.285251,-0.083855,0.342323,0.346953,0.122266,0.348545,0.349953,-0.209606,0.357218,0.481644,0.157696,0.361624,0.490321,-0.275576,0.420844,0.534242,0.064838,0.424095,0.533794,-0.274731,0.434465,0.550377,0.060728,0.438075,0.552323,-0.30731,0.436395,0.545366,0.031431,0.444849,0.54094,-0.295017,0.433925,0.542321,0.049853,0.439871,0.534711,-0.269383,0.32439,0.573425,0.103245,0.342026,0.574889,-0.103451,0.303103,0.744787,0.083706,0.390138,0.739535,-0.100763,0.222698,0.867209,0.09277,0.361535,0.926942,-0.068325,0.197756,0.872294,0.090454,0.341963,0.952324,-0.067462,0.227394,0.955223,0.040515,0.401653,0.98638,-0.126342
EH_Lat_1_3.9.26,72,816.54,565.19,0,816.54,565.19,0.9905,813.14,575.57,0.9709,0.386486,0.270312,-0.061531,0.379996,0.252972,-0.049428,0.37812,0.25248,-0.049613,0.376152,0.251773,-0.049584,0.379405,0.253253,-0.082952,0.377489,0.252987,-0.083223,0.37514,0.252417,-0.083299,0.363732,0.255029,0.010864,0.361962,0.256559,-0.139567,0.379314,0.28594,-0.033103,0.379011,0.285522,-0.078146,0.341777,0.347286,0.126564,0.348734,0.349361,-0.205352,0.356388,0.4796,0.162231,0.361769,0.488434,-0.26743,0.420894,0.531203,0.066467,0.42351,0.532935,-0.26078,0.433202,0.547559,0.061713,0.43634,0.552917,-0.292268,0.435394,0.543038,0.033351,0.44449,0.541668,-0.279943,0.433059,0.53946,0.052012,0.438973,0.53506,-0.255279,0.323633,0.573267,0.10278,0.341855,0.574367,-0.102988,0.302269,0.744028,0.085747,0.38895,0.739533,-0.095692,0.222414,0.867376,0.10184,0.361586,0.926932,-0.057781,0.197352,0.872607,0.100392,0.341968,0.952285,-0.056118,0.228795,0.955203,0.05587,0.401557,0.986362,-0.113462
EH_Lat_1_3.9.26,73,820.38,567.55,0,820.38,567.55,0.9903,813.36,575.31,0.9724,0.386278,0.269612,-0.065681,0.379867,0.252452,-0.053414,0.378008,0.252005,-0.053599,0.376021,0.251332,-0.053567,0.379268,0.252696,-0.087262,0.377351,0.252453,-0.087531,0.374994,0.251901,-0.087607,0.363635,0.254716,0.008323,0.361923,0.25627,-0.143588,0.379198,0.285147,-0.036708,0.378866,0.284766,-0.082176,0.341849,0.346705,0.125497,0.348945,0.348646,-0.209304,0.357849,0.478433,0.160939,0.362508,0.486321,-0.276209,0.420739,0.532901,0.065986,0.423625,0.532692,-0.278043,0.432074,0.54993,0.061646,0.437332,0.553518,-0.312197,0.436553,0.54645,0.032164,0.444506,0.542837,-0.299308,0.432619,0.541896,0.050995,0.440038,0.536027,-0.272583,0.323094,0.572095,0.102674,0.341478,0.573438,-0.10288,0.301276,0.743556,0.086313,0.387512,0.739235,-0.095547,0.221933,0.867613,0.101761,0.361656,0.926882,-0.057867,0.196843,0.873698,0.100129,0.341942,0.952358,-0.056443,0.228709,0.955257,0.054772,0.401597,0.986355,-0.116348
EH_Lat_1_3.9.26,74,819.54,568.42,0,819.54,568.42,0.9908,812.97,575.32,0.9744,0.386246,0.269508,-0.061799,0.379835,0.251972,-0.049522,0.377986,0.251525,-0.049706,0.375998,0.250876,-0.049672,0.379243,0.252151,-0.083217,0.377334,0.251869,-0.083488,0.374984,0.251303,-0.083564,0.363608,0.254283,0.011629,0.361863,0.255724,-0.139681,0.379163,0.285182,-0.033095,0.378803,0.284711,-0.078375,0.341481,0.346781,0.127424,0.349256,0.348119,-0.206365,0.358418,0.47716,0.163222,0.363367,0.484662,-0.270023,0.420149,0.530595,0.068924,0.423419,0.532706,-0.265786,0.431074,0.54764,0.064539,0.437182,0.554199,-0.298835,0.436349,0.548049,0.035834,0.444613,0.543051,-0.285801,0.432519,0.544782,0.05419,0.440376,0.535741,-0.260179,0.322693,0.571497,0.102482,0.341076,0.572448,-0.102687,0.300454,0.742849,0.090264,0.386257,0.739163,-0.0953,0.221384,0.867588,0.117433,0.361627,0.926745,-0.057081,0.196319,0.873979,0.117193,0.341663,0.952258,-0.055618,0.228566,0.955064,0.074069,0.401225,0.986054,-0.113906
EH_Lat_1_3.9.26,75,819.61,569.96,0,819.61,569.96,0.9913,816.95,575.03,0.9758,0.38611,0.269386,-0.06032,0.379716,0.251813,-0.048168,0.377841,0.25137,-0.048351,0.375864,0.250744,-0.048316,0.379125,0.251939,-0.081807,0.377165,0.251638,-0.082078,0.374825,0.251086,-0.082153,0.363558,0.254158,0.01266,0.361706,0.255478,-0.138417,0.378977,0.284957,-0.031679,0.378577,0.284373,-0.076895,0.341026,0.346244,0.129243,0.349407,0.346954,-0.205505,0.358515,0.475773,0.16493,0.364242,0.481765,-0.269761,0.421599,0.531692,0.069412,0.425497,0.532435,-0.267686,0.434599,0.549416,0.066451,0.439312,0.553653,-0.301474,0.43841,0.5472,0.036006,0.447673,0.542862,-0.287533,0.435543,0.543585,0.054307,0.441983,0.535813,-0.26176,0.322275,0.570051,0.102471,0.340613,0.571112,-0.102675,0.299904,0.74157,0.091378,0.384522,0.739178,-0.090628,0.220616,0.867654,0.114749,0.361627,0.926741,-0.05184,0.195545,0.874402,0.113797,0.341586,0.952349,-0.050429,0.228416,0.954905,0.070469,0.401226,0.986035,-0.111179
EH_Lat_1_3.9.26,76,826.0,573.64,0,826.0,573.64,0.9834,816.34,574.88,0.9767,0.386049,0.268719,-0.061132,0.379687,0.251047,-0.04892,0.377795,0.250521,-0.049104,0.375834,0.249853,-0.049065,0.379097,0.251193,-0.082701,0.377111,0.250819,-0.082973,0.374789,0.250215,-0.083049,0.363534,0.252794,0.012399,0.361703,0.254044,-0.139288,0.378834,0.284142,-0.0322,0.378455,0.283473,-0.077614,0.340613,0.34535,0.130332,0.349508,0.346473,-0.207113,0.358149,0.474921,0.166381,0.364508,0.479637,-0.272035,0.42076,0.53442,0.071746,0.42518,0.5323,-0.269273,0.432554,0.552289,0.068596,0.439354,0.554063,-0.30337,0.437985,0.549699,0.03871,0.447334,0.543936,-0.289753,0.433562,0.54577,0.0568,0.441534,0.536661,-0.263388,0.321808,0.568224,0.102497,0.340249,0.569826,-0.102702,0.299571,0.74042,0.095851,0.383006,0.739137,-0.085388,0.220028,0.867487,0.121964,0.361587,0.92674,-0.043638,0.194993,0.874777,0.121258,0.341542,0.952383,-0.041967,0.228336,0.954915,0.078166,0.401225,0.98528,-0.102056
EH_Lat_1_3.9.26,77,823.64,576.98,0,823.64,576.98,0.9842,816.02,575.45,0.9775,0.386041,0.26802,-0.061771,0.379675,0.250486,-0.049766,0.377787,0.249924,-0.04995,0.375827,0.249224,-0.049914,0.379081,0.250639,-0.083742,0.377097,0.250227,-0.084012,0.374777,0.249582,-0.084089,0.363519,0.25192,0.010985,0.361712,0.253128,-0.141752,0.378806,0.283454,-0.032987,0.37845,0.282792,-0.078678,0.340406,0.344579,0.129706,0.349571,0.346162,-0.209138,0.35789,0.474714,0.167183,0.364668,0.479289,-0.273068,0.419629,0.535536,0.07328,0.42501,0.532824,-0.268614,0.433228,0.554235,0.069906,0.438919,0.554679,-0.302533,0.436833,0.551483,0.040381,0.446112,0.545031,-0.288918,0.433816,0.547501,0.058394,0.440336,0.537709,-0.262743,0.321358,0.56753,0.102495,0.340021,0.569366,-0.102699,0.2978,0.739245,0.097539,0.381366,0.739164,-0.084778,0.219583,0.867407,0.125074,0.361658,0.926587,-0.041864,0.19459,0.874981,0.124614,0.341609,0.952318,-0.039926,0.228268,0.954917,0.081167,0.401226,0.985279,-0.098976
EH_Lat_1_3.9.26,78,825.16,583.12,0,825.16,583.12,0.9851,813.8,576.43,0.9783,0.385961,0.268072,-0.071361,0.37963,0.25052,-0.059097,0.377742,0.249953,-0.059286,0.375806,0.24926,-0.059249,0.37902,0.25069,-0.09325,0.377004,0.250284,-0.093518,0.374704,0.249659,-0.093599,0.363507,0.251794,0.002951,0.361692,0.252975,-0.150469,0.378689,0.283484,-0.042224,0.378321,0.282805,-0.088146,0.340175,0.344001,0.122609,0.349569,0.346316,-0.217641,0.360114,0.474048,0.155525,0.364535,0.479061,-0.28721,0.419709,0.535928,0.055976,0.423854,0.533729,-0.288958,0.434221,0.555695,0.051465,0.437825,0.55542,-0.324592,0.437161,0.552683,0.020913,0.443863,0.545857,-0.31138,0.434351,0.548545,0.040432,0.438683,0.537946,-0.283402,0.320402,0.567173,0.10233,0.339458,0.569056,-0.102534,0.293602,0.73813,0.097362,0.379697,0.738947,-0.080472,0.219534,0.86758,0.119423,0.361658,0.926289,-0.037259,0.194363,0.875454,0.118263,0.3416,0.952254,-0.035505,0.22818,0.954774,0.07499,0.401004,0.98524,-0.094857
EH_Lat_1_3.9.26,79,822.08,587.01,0,822.08,587.01,0.9863,811.05,576.98,0.9789,0.385853,0.268182,-0.070736,0.379574,0.25053,-0.058486,0.377666,0.249965,-0.058669,0.375744,0.249281,-0.058632,0.378954,0.250679,-0.092602,0.376896,0.250271,-0.092871,0.374603,0.249657,-0.092947,0.3635,0.251828,0.003557,0.36162,0.252947,-0.149698,0.378519,0.283588,-0.041503,0.37813,0.282923,-0.08738,0.339367,0.343314,0.123284,0.349603,0.346024,-0.217085,0.359065,0.474058,0.154693,0.364231,0.479124,-0.286741,0.418163,0.537057,0.053839,0.422422,0.534238,-0.287947,0.43151,0.557327,0.048478,0.436169,0.5593,-0.323034,0.435457,0.553307,0.01858,0.442086,0.551544,-0.310994,0.431802,0.549547,0.038392,0.437053,0.542862,-0.282716,0.317272,0.567098,0.102279,0.337891,0.56904,-0.102485,0.288997,0.737496,0.096272,0.378217,0.738896,-0.079583,0.217756,0.867936,0.116286,0.361699,0.926095,-0.03718,0.192628,0.875542,0.114768,0.341842,0.952288,-0.035507,0.22784,0.954798,0.071211,0.401059,0.985111,-0.093658
EH_Lat_1_3.9.26,80,815.2,591.25,0,815.2,591.25,0.9856,808.88,578.58,0.9795,0.385644,0.268497,-0.085517,0.379413,0.250849,-0.073691,0.377488,0.250284,-0.073883,0.375598,0.249614,-0.073841,0.378761,0.250991,-0.10755,0.376633,0.250591,-0.107816,0.374331,0.249995,-0.107889,0.36344,0.252198,-0.011821,0.361338,0.253295,-0.16372,0.378252,0.283909,-0.056207,0.377807,0.283272,-0.101736,0.338311,0.343488,0.109707,0.349586,0.346318,-0.228327,0.359938,0.474166,0.140199,0.363565,0.479211,-0.292424,0.419916,0.537907,0.04003,0.42129,0.535723,-0.286597,0.431625,0.55762,0.034795,0.434999,0.563764,-0.320891,0.435315,0.553813,0.004071,0.441033,0.557603,-0.309493,0.43194,0.550287,0.024343,0.436238,0.54776,-0.281546,0.314403,0.566624,0.102146,0.335482,0.569052,-0.10235,0.285154,0.736191,0.101681,0.376772,0.737992,-0.076127,0.215746,0.868111,0.124636,0.361699,0.925838,-0.031706,0.190926,0.875911,0.123374,0.342113,0.952083,-0.029733,0.227689,0.954843,0.08047,0.401282,0.98499,-0.08384
EH_Lat_1_3.9.26,81,806.25,600.27,0,806.25,600.27,0.9953,807.34,588.43,0.9798,0.385419,0.268766,-0.099506,0.379273,0.251182,-0.088394,0.377341,0.250619,-0.088595,0.375477,0.249954,-0.088557,0.378635,0.251324,-0.122057,0.376489,0.25093,-0.12232,0.374186,0.250341,-0.122387,0.363392,0.252522,-0.028675,0.361135,0.253601,-0.179452,0.377991,0.284121,-0.070893,0.3775,0.283503,-0.11612,0.337712,0.343593,0.093432,0.349569,0.346568,-0.242346,0.360419,0.474463,0.12329,0.363252,0.479539,-0.305918,0.421912,0.540197,0.024167,0.42049,0.544844,-0.298382,0.432327,0.562922,0.018737,0.434135,0.576321,-0.332943,0.438151,0.562323,-0.012802,0.440105,0.572573,-0.322323,0.433117,0.555376,0.00819,0.435227,0.562394,-0.293669,0.311006,0.566462,0.101554,0.333743,0.569336,-0.101762,0.281582,0.736326,0.101542,0.375052,0.736809,-0.061014,0.211719,0.868279,0.124464,0.36174,0.924923,-0.014545,0.187306,0.877096,0.12229,0.342358,0.950774,-0.01269,0.225927,0.954897,0.077076,0.401361,0.984975,-0.063879
EH_Lat_1_3.9.26,82,798.62,606.3,0,798.62,606.3,0.9959,806.15,595.76,0.9812,0.385238,0.269017,-0.088995,0.37909,0.251389,-0.077294,0.377131,0.250803,-0.077483,0.375193,0.250103,-0.077441,0.378534,0.251535,-0.11128,0.376382,0.251129,-0.111548,0.373992,0.250514,-0.111615,0.363073,0.252805,-0.016247,0.360662,0.253873,-0.168384,0.377639,0.284397,-0.05988,0.377112,0.283797,-0.105499,0.336435,0.343429,0.103021,0.349551,0.346761,-0.23403,0.360376,0.473846,0.133519,0.362808,0.479286,-0.296401,0.420365,0.540089,0.038189,0.419872,0.551629,-0.289883,0.432024,0.563274,0.03379,0.432608,0.58663,-0.324717,0.437639,0.563172,0.003926,0.437757,0.582386,-0.313865,0.431688,0.555516,0.02308,0.43375,0.57229,-0.284934,0.308164,0.566152,0.101775,0.33237,0.569522,-0.101987,0.277804,0.73596,0.100994,0.373733,0.736929,-0.06229,0.207451,0.869024,0.120516,0.361828,0.924932,-0.015728,0.183535,0.881908,0.118422,0.342798,0.950909,-0.013766,0.225113,0.954974,0.074311,0.401361,0.984957,-0.063291
EH_Lat_1_3.9.26,83,788.0,616.0,0,793.95,611.85,0.9868,803.63,607.45,0.9826,0.384447,0.269206,-0.095384,0.378298,0.251595,-0.084793,0.376292,0.251002,-0.084982,0.374249,0.250293,-0.084939,0.377999,0.251755,-0.118434,0.375941,0.251354,-0.1187,0.373615,0.250742,-0.118765,0.362005,0.253067,-0.025765,0.360072,0.254145,-0.176357,0.376358,0.284607,-0.066751,0.376118,0.283991,-0.111941,0.335026,0.34341,0.098326,0.349473,0.347003,-0.240649,0.360043,0.474237,0.128387,0.36255,0.479785,-0.298052,0.419515,0.543507,0.026763,0.418558,0.562457,-0.291628,0.430972,0.57135,0.020758,0.429178,0.597424,-0.327578,0.436026,0.568441,-0.011848,0.434753,0.594084,-0.318317,0.430727,0.561289,0.010382,0.430778,0.583928,-0.287337,0.30485,0.565727,0.101541,0.329646,0.569711,-0.101753,0.273699,0.735633,0.101367,0.372131,0.736925,-0.059871,0.203563,0.869336,0.125039,0.361945,0.92501,-0.008952,0.179703,0.884863,0.123652,0.343476,0.951083,-0.006628,0.223184,0.954944,0.081689,0.401354,0.984848,-0.054965
EH_Lat_1_3.9.26,84,778.71,619.58,0,778.71,619.58,0.9956,798.57,618.08,0.9837,0.384214,0.269312,-0.099798,0.378015,0.251623,-0.089095,0.375915,0.251082,-0.089284,0.373758,0.250412,-0.089247,0.377783,0.251817,-0.122534,0.375697,0.251399,-0.122798,0.373348,0.250775,-0.122866,0.36094,0.253172,-0.02869,0.359279,0.254255,-0.178632,0.376079,0.284644,-0.070718,0.375794,0.284171,-0.115694,0.334714,0.343472,0.0962,0.348862,0.347185,-0.242321,0.359834,0.474631,0.127421,0.362372,0.480096,-0.299151,0.418597,0.551266,0.0298,0.415924,0.572295,-0.292706,0.429969,0.579886,0.024227,0.42389,0.606776,-0.328929,0.434853,0.577491,-0.008302,0.429736,0.603483,-0.320488,0.429986,0.570102,0.013514,0.427052,0.594353,-0.288908,0.302356,0.565761,0.101551,0.326408,0.569892,-0.101763,0.271118,0.735961,0.118815,0.370966,0.736788,-0.064477,0.199558,0.869679,0.159673,0.362453,0.925013,-0.01337,0.174994,0.886686,0.160067,0.343917,0.951088,-0.010572,0.2205,0.954966,0.120286,0.401664,0.984861,-0.058789
EH_Lat_1_3.9.26,85,772.0,637.0,0,779.34,622.96,0.9874,787.27,625.81,0.9846,0.38392,0.269868,-0.109811,0.377707,0.252195,-0.09984,0.37555,0.25156,-0.100045,0.373338,0.250787,-0.100016,0.377542,0.252393,-0.13253,0.375445,0.251918,-0.132792,0.373082,0.251224,-0.132866,0.360327,0.253545,-0.040802,0.3587,0.254636,-0.18716,0.375718,0.284988,-0.081253,0.375381,0.284767,-0.125188,0.334865,0.343599,0.082656,0.347752,0.347223,-0.249552,0.361917,0.474688,0.112826,0.361109,0.481226,-0.308139,0.418519,0.559408,0.01842,0.410038,0.57945,-0.306394,0.429474,0.586095,0.012833,0.415599,0.614764,-0.343581,0.434853,0.588923,-0.020779,0.422677,0.612533,-0.336392,0.429487,0.578534,0.001832,0.41965,0.602289,-0.303403,0.301245,0.565975,0.101145,0.323611,0.570043,-0.101346,0.268547,0.736202,0.116923,0.369928,0.736695,-0.065481,0.194932,0.869836,0.148474,0.362741,0.925021,-0.014186,0.169899,0.887687,0.14774,0.344609,0.951108,-0.011563,0.216353,0.954969,0.105782,0.401737,0.984919,-0.059502
EH_Lat_1_3.9.26,86,760.0,643.0,0,759.56,632.52,0.9951,765.74,633.27,0.9859,0.383244,0.2701,-0.104876,0.37686,0.252274,-0.094365,0.374693,0.251683,-0.094569,0.372456,0.250956,-0.094537,0.376759,0.252462,-0.127243,0.374635,0.252013,-0.127508,0.372184,0.251346,-0.127581,0.359368,0.253998,-0.034227,0.357685,0.254988,-0.181493,0.375249,0.285271,-0.07618,0.374852,0.285206,-0.120357,0.336128,0.344422,0.088049,0.346499,0.348119,-0.244055,0.36387,0.477857,0.121394,0.35629,0.484985,-0.303441,0.418085,0.57009,0.03025,0.398824,0.586363,-0.30912,0.429005,0.599893,0.025239,0.403004,0.620227,-0.348143,0.434504,0.605674,-0.007529,0.409752,0.620816,-0.339338,0.429145,0.591155,0.013978,0.407991,0.610283,-0.305967,0.299483,0.56658,0.101124,0.320957,0.571048,-0.101321,0.266085,0.736418,0.117108,0.368396,0.736429,-0.065324,0.190586,0.869992,0.143481,0.36281,0.925249,-0.016081,0.165531,0.888228,0.142343,0.34503,0.951735,-0.013502,0.211006,0.954867,0.100322,0.402012,0.984837,-0.059825
EH_Lat_1_3.9.26,87,739.79,635.61,0,739.79,635.61,0.995,740.96,640.63,0.9871,0.38197,0.272803,-0.103439,0.375831,0.255003,-0.092888,0.373715,0.254426,-0.093101,0.371606,0.253822,-0.093081,0.375634,0.254852,-0.125437,0.373434,0.254243,-0.125698,0.371032,0.253579,-0.125771,0.358292,0.256646,-0.03319,0.35644,0.257386,-0.178736,0.374331,0.287827,-0.075118,0.373811,0.288125,-0.118747,0.338863,0.346659,0.087072,0.34362,0.350063,-0.242831,0.366125,0.483689,0.123795,0.351702,0.489155,-0.307834,0.41804,0.580206,0.036381,0.385916,0.593178,-0.324458,0.42844,0.610702,0.031456,0.392553,0.628595,-0.364395,0.434296,0.616809,-0.000707,0.398064,0.629584,-0.357865,0.427371,0.602064,0.02033,0.396622,0.61917,-0.322423,0.299094,0.567678,0.100164,0.316171,0.571305,-0.100345,0.264075,0.73715,0.106637,0.367092,0.736267,-0.061362,0.185863,0.870147,0.115345,0.362888,0.925345,-0.018437,0.161023,0.888746,0.111973,0.345362,0.95185,-0.016208,0.20611,0.954892,0.067084,0.402943,0.984821,-0.063588
EH_Lat_1_3.9.26,88,730.0,655.0,0,732.27,644.5,0.9945,716.8,640.79,0.9881,0.380012,0.276538,-0.099033,0.374506,0.258566,-0.088177,0.372682,0.258114,-0.088392,0.370904,0.257673,-0.088375,0.374103,0.258175,-0.12037,0.372091,0.257634,-0.120631,0.369876,0.257096,-0.120705,0.357655,0.260241,-0.027546,0.355077,0.260807,-0.174586,0.373049,0.291784,-0.070478,0.372411,0.291951,-0.113722,0.341384,0.35136,0.091769,0.340072,0.351402,-0.238986,0.36674,0.486993,0.129289,0.344116,0.490915,-0.304597,0.415986,0.586773,0.053233,0.373335,0.593328,-0.328828,0.425475,0.619529,0.050656,0.38122,0.630644,-0.368471,0.429295,0.623492,0.014578,0.387237,0.631667,-0.363451,0.423377,0.611174,0.036312,0.385495,0.618933,-0.327551,0.298767,0.570003,0.099401,0.312618,0.572057,-0.099568,0.261696,0.739725,0.102959,0.366123,0.736172,-0.062582,0.181574,0.870292,0.106552,0.362846,0.925434,-0.032855,0.156377,0.888704,0.102751,0.345341,0.951875,-0.032084,0.200936,0.955748,0.05672,0.402946,0.984822,-0.078532
EH_Lat_1_3.9.26,89,710.0,661.0,0,716.4,648.16,0.9927,702.77,644.75,0.9891,0.378235,0.279672,-0.097002,0.373,0.261479,-0.086106,0.371332,0.260936,-0.086325,0.369752,0.26045,-0.086307,0.372404,0.260995,-0.118077,0.370421,0.260278,-0.11834,0.368265,0.259572,-0.118414,0.356323,0.26212,-0.026352,0.35347,0.262823,-0.171446,0.371733,0.294515,-0.068923,0.37098,0.294721,-0.111743,0.341971,0.354413,0.091602,0.337886,0.354392,-0.236921,0.366106,0.489475,0.129974,0.3383,0.494551,-0.304707,0.411371,0.591117,0.053014,0.366024,0.596991,-0.326698,0.418778,0.623122,0.050439,0.373364,0.635535,-0.365222,0.422344,0.628022,0.01447,0.380903,0.634946,-0.36078,0.415633,0.615261,0.036133,0.37934,0.623051,-0.325368,0.296622,0.570991,0.098717,0.310808,0.573481,-0.098881,0.259444,0.741619,0.089871,0.365602,0.736031,-0.064682,0.177044,0.870846,0.068952,0.362615,0.926209,-0.040155,0.151574,0.888665,0.06263,0.345164,0.95347,-0.04038,0.195393,0.955769,0.014919,0.403055,0.984933,-0.086512
EH_Lat_1_3.9.26,90,692.0,665.0,0,691.97,652.32,0.9946,686.8,650.13,0.989,0.375809,0.283842,-0.094536,0.371146,0.265728,-0.083315,0.369626,0.265071,-0.083527,0.36821,0.264481,-0.083504,0.370521,0.265157,-0.115983,0.368671,0.264282,-0.11625,0.366641,0.263415,-0.116324,0.354457,0.265263,-0.02434,0.351699,0.265848,-0.169946,0.369469,0.298298,-0.066115,0.368768,0.298455,-0.109947,0.34202,0.355861,0.090536,0.335972,0.357843,-0.234591,0.36542,0.491364,0.123387,0.337101,0.500467,-0.299604,0.40705,0.599041,0.041085,0.357708,0.601968,-0.326222,0.414731,0.631701,0.037425,0.364867,0.638539,-0.359783,0.416407,0.635445,0.003005,0.372152,0.638941,-0.348368,0.409873,0.621536,0.02463,0.369089,0.625933,-0.317582,0.295033,0.573687,0.097241,0.311185,0.578197,-0.097411,0.257614,0.744989,0.086968,0.365211,0.736053,-0.064108,0.172519,0.871241,0.071487,0.362204,0.926279,-0.039272,0.147902,0.888645,0.065986,0.344805,0.954014,-0.038885,0.18819,0.956112,0.018428,0.402554,0.984825,-0.086029
EH_Lat_1_3.9.26,91,670.09,659.48,0,670.09,659.48,0.9879,670.19,650.5,0.9884,0.374126,0.286211,-0.082815,0.369712,0.268617,-0.072399,0.368142,0.267931,-0.072631,0.366741,0.267334,-0.072626,0.36909,0.267953,-0.103768,0.367178,0.266957,-0.104027,0.365181,0.266004,-0.104104,0.353147,0.268099,-0.0173,0.350492,0.268287,-0.156641,0.367589,0.300921,-0.056511,0.366931,0.300983,-0.098456,0.341958,0.359363,0.093299,0.332444,0.36042,-0.224807,0.365055,0.495501,0.127531,0.328892,0.499783,-0.296568,0.40289,0.605645,0.042786,0.349055,0.602314,-0.314921,0.410155,0.638801,0.03906,0.354109,0.633612,-0.350204,0.41282,0.643524,0.005208,0.360577,0.633941,-0.338837,0.406804,0.630376,0.026441,0.359052,0.623057,-0.308002,0.292777,0.574844,0.096612,0.307785,0.578927,-0.096792,0.253929,0.748308,0.078147,0.364974,0.735937,-0.065047,0.16796,0.872102,0.051458,0.362207,0.926631,-0.04995,0.143258,0.888596,0.044725,0.344804,0.954132,-0.051278,0.184418,0.956322,-0.005111,0.402695,0.985155,-0.100365
EH_Lat_1_3.9.26,92,650.81,664.27,0,650.81,664.27,0.989,652.79,661.97,0.9881,0.369945,0.292187,-0.082885,0.36649,0.273899,-0.07273,0.365197,0.273255,-0.072963,0.363983,0.272649,-0.072961,0.365956,0.273177,-0.103772,0.364309,0.272183,-0.104032,0.362516,0.271175,-0.104108,0.350778,0.272274,-0.018432,0.348507,0.272329,-0.155448,0.363739,0.306172,-0.056788,0.363178,0.305704,-0.098418,0.340519,0.361255,0.091303,0.330591,0.362472,-0.223126,0.364043,0.497847,0.125842,0.32388,0.499269,-0.295716,0.397421,0.611632,0.043795,0.339995,0.612931,-0.313867,0.405055,0.644929,0.040111,0.344244,0.645044,-0.348513,0.406958,0.650522,0.006523,0.350747,0.645223,-0.344095,0.401581,0.638155,0.027537,0.348756,0.633644,-0.311507,0.289288,0.576478,0.095382,0.304783,0.580777,-0.095578,0.25266,0.751104,0.071347,0.365061,0.735918,-0.065344,0.163876,0.873539,0.036498,0.362214,0.927676,-0.056832,0.138374,0.888755,0.028892,0.344793,0.954525,-0.058264,0.179698,0.95836,-0.025506,0.402694,0.985464,-0.106838
EH_Lat_1_3.9.26,93,626.53,665.9,0,626.53,665.9,0.9857,638.75,662.82,0.9872,0.368384,0.298653,-0.085787,0.364932,0.281681,-0.076086,0.36336,0.280803,-0.076324,0.361881,0.279922,-0.076323,0.364467,0.281047,-0.10628,0.362517,0.279802,-0.10654,0.360481,0.278479,-0.106629,0.349029,0.277589,-0.022704,0.346412,0.277146,-0.156487,0.361408,0.312816,-0.060233,0.360857,0.312098,-0.100728,0.340385,0.369615,0.084214,0.32689,0.364256,-0.223216,0.363043,0.502409,0.114331,0.318842,0.500126,-0.296638,0.392804,0.617534,0.030452,0.332685,0.613721,-0.315237,0.39883,0.651778,0.026828,0.334044,0.646771,-0.349428,0.400694,0.656066,-0.007494,0.339976,0.647123,-0.347469,0.397175,0.644069,0.013945,0.339761,0.63472,-0.314526,0.288245,0.579991,0.093561,0.298887,0.582841,-0.093755,0.249608,0.753971,0.068794,0.364883,0.735733,-0.064555,0.16011,0.875314,0.028149,0.362257,0.927689,-0.052136,0.134339,0.88951,0.019557,0.344712,0.955231,-0.052432,0.175767,0.958786,-0.038531,0.402336,0.985488,-0.101353
EH_Lat_1_3.9.26,94,606.11,672.99,0,606.11,672.99,0.9855,623.91,669.97,0.9859,0.365268,0.30354,-0.098132,0.362053,0.285877,-0.087018,0.36075,0.285164,-0.087237,0.359464,0.284447,-0.087222,0.361554,0.285222,-0.117191,0.359826,0.284118,-0.117419,0.357831,0.282849,-0.117511,0.347001,0.282467,-0.028103,0.344087,0.281456,-0.163823,0.358722,0.317521,-0.071792,0.358043,0.316634,-0.112768,0.34008,0.37706,0.070925,0.322362,0.366286,-0.228393,0.361439,0.508017,0.119828,0.313173,0.503527,-0.304758,0.387307,0.620634,0.06814,0.324954,0.620342,-0.336523,0.392828,0.65606,0.070132,0.324525,0.656209,-0.37293,0.39462,0.659792,0.034252,0.330113,0.656193,-0.37274,0.391638,0.648888,0.052581,0.330307,0.641641,-0.338134,0.291115,0.583263,0.093629,0.289424,0.585803,-0.093781,0.348923,0.750141,0.073819,0.255994,0.752479,-0.13737,0.349171,0.90853,0.084603,0.166339,0.900816,-0.167725,0.331348,0.934643,0.079883,0.142186,0.914373,-0.173857,0.381743,0.969451,-0.016697,0.187067,0.976465,-0.272201
EH_Lat_1_3.9.26,95,581.16,676.87,0,581.16,676.87,0.9894,614.14,682.48,0.9862,0.363314,0.30947,-0.097016,0.36035,0.292727,-0.08533,0.358911,0.291871,-0.085548,0.357423,0.290895,-0.085531,0.359879,0.292258,-0.116352,0.357915,0.291036,-0.116586,0.35568,0.289585,-0.116675,0.345447,0.28782,-0.026662,0.341837,0.286612,-0.163618,0.356315,0.323555,-0.069694,0.355707,0.32218,-0.111841,0.339886,0.383204,0.077601,0.315861,0.369346,-0.228116,0.355261,0.510854,0.125724,0.304692,0.510237,-0.302703,0.380938,0.621675,0.079255,0.319863,0.631929,-0.3328,0.385051,0.658609,0.079477,0.31601,0.66845,-0.368759,0.386477,0.66194,0.044403,0.323993,0.666472,-0.369019,0.383272,0.649875,0.063655,0.324249,0.652771,-0.334375,0.293522,0.591899,0.093628,0.280181,0.590851,-0.093758,0.35805,0.745942,0.037154,0.242029,0.762129,-0.125474,0.360102,0.92027,0.046952,0.15145,0.895461,-0.140025,0.343543,0.948455,0.041714,0.126356,0.905912,-0.145111,0.400063,0.978676,-0.044912,0.174778,0.974096,-0.243741
EH_Lat_1_3.9.26,96,555.61,677.67,0,555.61,677.67,0.9917,578.66,695.54,0.9866,0.361048,0.312665,-0.119157,0.358317,0.296469,-0.106575,0.357036,0.295753,-0.106806,0.355754,0.294968,-0.106775,0.357261,0.295787,-0.136658,0.355032,0.294558,-0.136896,0.352705,0.293172,-0.136997,0.344665,0.292662,-0.039593,0.338709,0.290262,-0.175292,0.354281,0.327796,-0.089746,0.353058,0.326525,-0.13085,0.33921,0.387694,0.060545,0.310829,0.373918,-0.230607,0.347966,0.514584,0.119017,0.294369,0.517075,-0.306541,0.37399,0.62583,0.072448,0.301386,0.644022,-0.351861,0.378354,0.663672,0.071195,0.296955,0.682201,-0.39024,0.379014,0.666225,0.036992,0.304534,0.681579,-0.392674,0.375999,0.654574,0.056684,0.307186,0.668212,-0.354989,0.294418,0.595879,0.092119,0.276151,0.595515,-0.092202,0.358646,0.74496,0.05303,0.237364,0.767744,-0.115621,0.361116,0.924003,0.114916,0.147488,0.897379,-0.116632,0.343932,0.953212,0.112479,0.122482,0.910223,-0.120608,0.401661,0.981037,0.004208,0.172985,0.97248,-0.225864
EH_Lat_1_3.9.26,97,534.36,680.06,0,534.36,680.06,0.9929,549.54,701.88,0.9874,0.357867,0.315859,-0.120836,0.355326,0.300144,-0.108072,0.354024,0.299453,-0.1083,0.352714,0.298691,-0.108277,0.354245,0.29958,-0.138573,0.351908,0.298386,-0.138795,0.349505,0.296993,-0.138888,0.341878,0.296309,-0.041273,0.33605,0.293589,-0.178945,0.350739,0.33081,-0.09183,0.34955,0.329193,-0.133415,0.334296,0.391232,0.059147,0.303876,0.375382,-0.234791,0.341576,0.522117,0.115819,0.283222,0.520494,-0.321182,0.366923,0.629925,0.069075,0.286218,0.649893,-0.372569,0.371926,0.668957,0.067712,0.280682,0.686423,-0.412971,0.373357,0.670186,0.033267,0.289525,0.687478,-0.413693,0.36944,0.65823,0.053256,0.293045,0.674494,-0.375369,0.289888,0.601578,0.092138,0.27448,0.60004,-0.092219,0.330304,0.763266,0.094973,0.240606,0.774887,-0.111598,0.358337,0.92489,0.136693,0.17084,0.900912,-0.098947,0.343694,0.95403,0.13257,0.124084,0.91427,-0.101056,0.366884,0.981384,0.041806,0.17862,0.979023,-0.187052
EH_Lat_1_3.9.26,98,507.89,688.38,0,507.89,688.38,0.9935,521.6,704.52,0.9883,0.353366,0.321382,-0.063914,0.350886,0.304777,-0.050177,0.349914,0.304132,-0.050398,0.348983,0.303454,-0.050357,0.349891,0.303949,-0.081041,0.347994,0.302638,-0.081274,0.345892,0.301051,-0.081366,0.339367,0.301182,0.013249,0.333776,0.297896,-0.125512,0.346371,0.336507,-0.036098,0.344897,0.334242,-0.077765,0.331869,0.400977,0.106219,0.299072,0.376553,-0.199028,0.33645,0.530038,0.150131,0.277176,0.520699,-0.291185,0.362214,0.63326,0.076899,0.271669,0.652334,-0.358676,0.36728,0.672911,0.073653,0.265918,0.685758,-0.395123,0.369453,0.672686,0.037029,0.274805,0.687793,-0.385707,0.36537,0.660301,0.059565,0.277845,0.676207,-0.353852,0.282767,0.614234,0.092181,0.275776,0.609305,-0.092261,0.245056,0.774693,0.093917,0.319224,0.758101,-0.109329,0.169124,0.917528,0.090904,0.332493,0.909468,-0.053399,0.183651,0.955888,0.083288,0.311515,0.934044,-0.048264,0.196788,0.980695,-0.000968,0.34808,0.979609,-0.112598
EH_Lat_1_3.9.26,99,487.56,687.76,0,487.56,687.76,0.9865,498.44,700.46,0.9891,0.350084,0.327794,-0.070798,0.348161,0.310523,-0.058109,0.347123,0.30959,-0.058327,0.346212,0.308609,-0.058293,0.346771,0.309837,-0.08939,0.344689,0.308514,-0.08963,0.342486,0.307016,-0.089717,0.335804,0.306034,0.004606,0.329463,0.304082,-0.132818,0.342901,0.342084,-0.043033,0.341175,0.340395,-0.085077,0.328603,0.404629,0.103798,0.294565,0.380342,-0.199034,0.33314,0.530852,0.147669,0.272034,0.519663,-0.286697,0.358703,0.63704,0.07097,0.259604,0.648576,-0.343524,0.364172,0.676112,0.064307,0.25324,0.679883,-0.38004,0.365989,0.675535,0.02585,0.259823,0.682388,-0.378902,0.361112,0.662551,0.052271,0.261627,0.670318,-0.34267,0.279428,0.61864,0.092447,0.273187,0.613367,-0.092537,0.231075,0.781376,0.094167,0.333747,0.745107,-0.110217,0.19155,0.936413,0.091624,0.329939,0.929974,-0.033102,0.18558,0.962471,0.08353,0.333251,0.943378,-0.026794,0.183546,0.980614,0.005747,0.369188,0.981611,-0.095114
EH_Lat_1_3.9.26,100,461.41,685.37,0,461.41,685.37,0.984,470.7,694.25,0.9892,0.346818,0.331553,-0.069761,0.344823,0.314616,-0.057972,0.34391,0.313599,-0.058196,0.343192,0.312545,-0.058176,0.343081,0.313816,-0.087693,0.340921,0.312365,-0.087938,0.33878,0.310795,-0.088012,0.332225,0.309552,0.004293,0.325296,0.307303,-0.127162,0.338961,0.345878,-0.041641,0.337048,0.344168,-0.081435,0.323799,0.40636,0.102588,0.291333,0.383254,-0.183488,0.328188,0.532058,0.147168,0.265337,0.518192,-0.260583,0.354556,0.637287,0.069605,0.245154,0.642826,-0.301796,0.359404,0.674468,0.064233,0.236022,0.673671,-0.329965,0.361113,0.674785,0.025496,0.24241,0.67738,-0.342373,0.356694,0.66286,0.051176,0.246325,0.665973,-0.307103,0.272882,0.622733,0.089229,0.275142,0.619448,-0.089403,0.225709,0.786025,0.076917,0.346059,0.741424,-0.086878,0.143581,0.928078,0.056853,0.357536,0.929491,-0.028278,0.121496,0.954342,0.04985,0.342636,0.948799,-0.025096,0.173491,0.980341,-0.010505,0.399328,0.981564,-0.077792
EH_Lat_1_3.9.26,101,436.81,681.26,0,436.81,681.26,0.985,444.74,691.37,0.9885,0.341559,0.335241,-0.055441,0.3401,0.319887,-0.044407,0.339527,0.319045,-0.04463,0.339146,0.318212,-0.044628,0.33783,0.318455,-0.073015,0.335531,0.316635,-0.073269,0.333268,0.314699,-0.073334,0.328267,0.314404,0.015775,0.320208,0.309695,-0.112039,0.334346,0.349554,-0.027933,0.331573,0.347501,-0.066325,0.319117,0.407296,0.109154,0.286087,0.383892,-0.165988,0.322831,0.534923,0.148622,0.254129,0.517353,-0.23951,0.349647,0.639185,0.076496,0.231634,0.640157,-0.273841,0.354271,0.676537,0.072706,0.224341,0.67077,-0.2992,0.357512,0.678195,0.03862,0.227208,0.675675,-0.313333,0.352732,0.666217,0.059836,0.231428,0.664862,-0.28015,0.269586,0.622682,0.087524,0.271234,0.618761,-0.08775,0.224762,0.787563,0.060505,0.348248,0.740492,-0.087118,0.13676,0.922086,0.02257,0.361844,0.929195,-0.036233,0.114314,0.946657,0.014401,0.342957,0.951536,-0.034199,0.171347,0.978763,-0.041947,0.404186,0.981593,-0.086786
EH_Lat_1_3.9.26,102,410.99,678.83,0,410.99,678.83,0.9865,419.79,687.25,0.9893,0.34088,0.335775,-0.063874,0.339133,0.320757,-0.052179,0.338477,0.319892,-0.052388,0.338023,0.319062,-0.052374,0.33704,0.319542,-0.081903,0.334669,0.317818,-0.082144,0.332247,0.315896,-0.082212,0.327231,0.315934,0.01411,0.318987,0.31125,-0.120749,0.333647,0.350157,-0.035653,0.331461,0.34835,-0.075751,0.318008,0.410157,0.106535,0.280229,0.382918,-0.171987,0.317622,0.537182,0.155926,0.246504,0.514878,-0.251417,0.346026,0.642774,0.10223,0.218638,0.636346,-0.278256,0.352015,0.678807,0.09845,0.21,0.667584,-0.301785,0.354316,0.68004,0.063468,0.214194,0.670587,-0.33502,0.349229,0.668548,0.085744,0.219214,0.659505,-0.295663,0.274295,0.622199,0.087078,0.258671,0.617616,-0.087244,0.328293,0.76125,0.04657,0.234003,0.773651,-0.145056,0.344115,0.923617,0.045058,0.146423,0.922912,-0.14047,0.32877,0.951628,0.035241,0.125001,0.944276,-0.143573,0.383556,0.982046,-0.018475,0.185609,0.975125,-0.242466
EH_Lat_1_3.9.26,103,386.91,668.28,0,386.91,668.28,0.9894,391.91,685.32,0.9903,0.339269,0.337741,-0.072572,0.337872,0.32196,-0.061849,0.337083,0.321021,-0.062045,0.336439,0.320092,-0.062014,0.336341,0.320909,-0.09107,0.334283,0.319164,-0.091314,0.332104,0.31721,-0.091392,0.324852,0.31608,0.001206,0.31828,0.312433,-0.129949,0.332013,0.351387,-0.04462,0.33039,0.349437,-0.083862,0.314747,0.410366,0.090834,0.277246,0.38242,-0.181592,0.314321,0.538435,0.140079,0.236968,0.514465,-0.260894,0.341613,0.643564,0.074497,0.204118,0.634557,-0.284353,0.347716,0.679435,0.070161,0.190853,0.665768,-0.314907,0.350519,0.68054,0.028923,0.198086,0.667359,-0.340793,0.345393,0.669382,0.054623,0.205295,0.656369,-0.298748,0.269267,0.622249,0.087494,0.257492,0.618525,-0.087659,0.244231,0.778399,0.057202,0.275457,0.768786,-0.130701,0.220925,0.940964,0.058419,0.282924,0.94399,-0.050575,0.210893,0.962619,0.05127,0.308199,0.954426,-0.045873,0.201293,0.980668,-0.01783,0.33575,0.981331,-0.134766
EH_Lat_1_3.9.26,104,366.0,664.03,0,366.0,664.03,0.9908,371.17,678.98,0.9911,0.337464,0.337387,-0.073852,0.335448,0.321818,-0.062742,0.334623,0.320908,-0.062937,0.33398,0.320028,-0.0629,0.333894,0.320789,-0.092918,0.331818,0.319147,-0.093161,0.329632,0.317257,-0.09324,0.322391,0.316741,7.1e-05,0.316229,0.313014,-0.131383,0.330225,0.351061,-0.045944,0.328909,0.349138,-0.086103,0.312247,0.409176,0.087741,0.274285,0.381668,-0.17529,0.308902,0.536719,0.123501,0.22866,0.510098,-0.245433,0.337257,0.643473,0.049515,0.193317,0.628688,-0.284423,0.342439,0.679894,0.042944,0.178321,0.661132,-0.313176,0.346066,0.682082,0.006607,0.183925,0.666695,-0.333325,0.341011,0.670884,0.031374,0.191533,0.655155,-0.294407,0.261596,0.621298,0.082494,0.257974,0.617387,-0.082715,0.22537,0.785721,0.046417,0.315416,0.760098,-0.126209,0.142354,0.934912,0.015081,0.348867,0.941993,-0.059688,0.11925,0.955223,0.006368,0.341789,0.958252,-0.058532,0.171112,0.979602,-0.058335,0.391545,0.979663,-0.133755
EH_Lat_1_3.9.26,105,344.96,652.59,0,344.96,652.59,0.9912,345.53,671.16,0.9918,0.33666,0.335758,-0.075051,0.333711,0.320218,-0.06295,0.332792,0.319291,-0.063135,0.33206,0.318399,-0.063099,0.332253,0.319282,-0.093039,0.330153,0.317734,-0.093272,0.327913,0.315978,-0.093346,0.32032,0.316292,0.005537,0.314468,0.312757,-0.1281,0.329456,0.350029,-0.046289,0.328496,0.348328,-0.086663,0.311534,0.411488,0.089758,0.271326,0.381168,-0.170172,0.307198,0.538326,0.135196,0.220231,0.506034,-0.236885,0.333668,0.64292,0.066451,0.179963,0.621445,-0.280356,0.339165,0.678937,0.059595,0.166975,0.650481,-0.311477,0.34307,0.68091,0.022047,0.170837,0.66004,-0.327584,0.337993,0.669762,0.04813,0.177393,0.651826,-0.289076,0.264737,0.620747,0.082349,0.249603,0.616249,-0.082521,0.277866,0.785969,0.055265,0.275153,0.772969,-0.123815,0.29109,0.959302,0.094918,0.21088,0.943601,-0.059581,0.287249,0.990599,0.093181,0.19225,0.960924,-0.057848,0.319254,0.993691,0.009438,0.231241,0.997964,-0.136878
EH_Lat_1_3.9.26,106,324.38,640.16,0,324.38,640.16,0.9914,324.9,661.93,0.9924,0.334653,0.335805,-0.103021,0.332141,0.319824,-0.089469,0.331179,0.319051,-0.089645,0.330385,0.318327,-0.089608,0.330794,0.318902,-0.119515,0.328709,0.317513,-0.119724,0.326488,0.315951,-0.119785,0.318444,0.316866,-0.014784,0.312583,0.313509,-0.150228,0.327521,0.350536,-0.071848,0.326745,0.348797,-0.112696,0.310366,0.412195,0.068818,0.269321,0.380782,-0.178995,0.304532,0.539115,0.123518,0.214528,0.499858,-0.245693,0.330821,0.643633,0.064563,0.169216,0.612899,-0.287289,0.336671,0.679036,0.058162,0.154323,0.638348,-0.318978,0.341415,0.680719,0.020364,0.15884,0.649849,-0.331101,0.336556,0.66979,0.046295,0.166066,0.643451,-0.294059,0.267058,0.621696,0.082197,0.244783,0.616156,-0.082327,0.323882,0.766169,0.058851,0.227069,0.784491,-0.126341,0.355013,0.946853,0.111689,0.136403,0.933377,-0.095773,0.342078,0.974596,0.109804,0.11315,0.952757,-0.097246,0.39001,0.989812,0.026307,0.174047,0.987215,-0.196433
EH_Lat_1_3.9.26,107,304.53,632.04,0,304.53,632.04,0.9916,305.36,646.44,0.9929,0.331764,0.337239,-0.093288,0.330052,0.320647,-0.079689,0.329242,0.319818,-0.0799,0.328544,0.319022,-0.079876,0.32865,0.319733,-0.108377,0.326698,0.318273,-0.10862,0.324597,0.316664,-0.108694,0.316725,0.316943,-0.007336,0.310932,0.313823,-0.137549,0.324883,0.351655,-0.062066,0.323769,0.349641,-0.100837,0.30672,0.41126,0.07358,0.266913,0.380362,-0.171949,0.300593,0.537515,0.124559,0.209048,0.493026,-0.239345,0.32809,0.642087,0.052086,0.159039,0.598558,-0.284841,0.333977,0.677449,0.046279,0.144078,0.623107,-0.313472,0.338134,0.678817,0.010197,0.147013,0.634684,-0.330031,0.33399,0.667962,0.034047,0.154087,0.629119,-0.292933,0.258732,0.62085,0.082119,0.246844,0.615551,-0.0823,0.238647,0.780241,0.055513,0.294234,0.76611,-0.119898,0.153377,0.944753,0.047193,0.333986,0.932883,-0.087633,0.127833,0.973212,0.040344,0.319171,0.956038,-0.088474,0.188441,0.985027,-0.024751,0.375727,0.98616,-0.170973
EH_Lat_1_3.9.26,108,286.0,614.41,0,286.0,614.41,0.9931,285.83,631.53,0.9933,0.331223,0.336562,-0.109414,0.329072,0.319932,-0.095419,0.328205,0.319161,-0.095617,0.327461,0.318387,-0.095585,0.327802,0.319134,-0.12487,0.325799,0.317814,-0.125082,0.323653,0.316378,-0.125146,0.315554,0.316793,-0.019837,0.309457,0.313789,-0.153405,0.323861,0.351239,-0.077613,0.322862,0.349301,-0.117799,0.305672,0.411431,0.062568,0.261944,0.380013,-0.179331,0.297864,0.537868,0.115777,0.202598,0.488778,-0.244723,0.324199,0.641304,0.049233,0.14887,0.584746,-0.286559,0.330197,0.676082,0.04269,0.131665,0.608852,-0.31746,0.333992,0.677472,0.00632,0.133678,0.620008,-0.339716,0.329743,0.666718,0.031457,0.141746,0.614284,-0.299073,0.262542,0.621769,0.082322,0.23984,0.615652,-0.082467,0.313186,0.764082,0.078325,0.22992,0.782181,-0.116412,0.34054,0.938196,0.13638,0.145469,0.927506,-0.082868,0.325864,0.965567,0.135205,0.122018,0.951986,-0.083438,0.38134,0.983701,0.053583,0.183171,0.980122,-0.178747
EH_Lat_1_3.9.26,109,265.7,604.21,0,265.7,604.21,0.9933,267.8,613.33,0.9937,0.330748,0.336366,-0.103005,0.328415,0.319428,-0.090242,0.327447,0.318792,-0.090456,0.326634,0.318146,-0.090418,0.32722,0.318575,-0.117082,0.325125,0.317363,-0.117317,0.322864,0.316039,-0.117407,0.31439,0.317095,-0.019364,0.30827,0.313872,-0.144817,0.32282,0.351143,-0.073169,0.321792,0.349114,-0.109747,0.303169,0.411057,0.067804,0.259311,0.379745,-0.170948,0.294101,0.536824,0.100836,0.197848,0.483271,-0.22594,0.320956,0.639674,0.013809,0.139478,0.567899,-0.263879,0.327654,0.674451,0.006368,0.120918,0.596393,-0.289283,0.331362,0.67617,-0.02886,0.123211,0.60434,-0.310845,0.326981,0.665193,-0.00399,0.130145,0.599372,-0.274586,0.257889,0.621226,0.079931,0.242118,0.61637,-0.08011,0.237388,0.779531,0.073921,0.290102,0.765216,-0.114726,0.159219,0.933381,0.084062,0.331958,0.927541,-0.041972,0.136529,0.961188,0.07777,0.318213,0.955786,-0.036878,0.190001,0.979225,-0.008679,0.372019,0.978721,-0.109257
EH_Lat_1_3.9.26,110,251.42,589.24,0,251.42,589.24,0.9939,250.0,599.7,0.9942,0.329388,0.335826,-0.10959,0.327329,0.319456,-0.096016,0.326289,0.31869,-0.096215,0.32539,0.317919,-0.096185,0.325928,0.318477,-0.123813,0.323795,0.31706,-0.124024,0.321516,0.315582,-0.124095,0.312542,0.316428,-0.023505,0.307139,0.312858,-0.149495,0.321455,0.350692,-0.078949,0.320183,0.348723,-0.116796,0.301849,0.411609,0.058795,0.25667,0.379323,-0.174594,0.29084,0.53663,0.095625,0.193704,0.475096,-0.227689,0.317614,0.638892,0.017141,0.130208,0.555274,-0.267993,0.324857,0.673566,0.008671,0.111504,0.581812,-0.295432,0.328833,0.675221,-0.025486,0.113565,0.587515,-0.31442,0.324425,0.664306,2.7e-05,0.120734,0.582457,-0.278058,0.258603,0.620724,0.077381,0.239061,0.616301,-0.077536,0.306291,0.766059,0.08228,0.239889,0.782474,-0.111804,0.337661,0.930657,0.12321,0.188453,0.930235,-0.046688,0.325077,0.960707,0.120375,0.167638,0.955324,-0.043589,0.353769,0.982932,0.041143,0.187986,0.975847,-0.117358
EH_Lat_1_3.9.26,111,239.15,572.03,0,239.15,572.03,0.9951,239.82,582.19,0.9944,0.328247,0.337103,-0.1053,0.326772,0.320872,-0.091866,0.325794,0.320151,-0.092065,0.324872,0.319365,-0.092037,0.325372,0.319596,-0.12086,0.3231,0.317978,-0.121068,0.32065,0.316334,-0.121139,0.311734,0.317035,-0.021968,0.305831,0.312823,-0.146624,0.320316,0.351666,-0.075102,0.318922,0.349535,-0.115702,0.29901,0.411002,0.06254,0.254781,0.379242,-0.166226,0.287484,0.535778,0.083046,0.190735,0.466081,-0.223393,0.313741,0.637888,-0.00793,0.124905,0.539064,-0.270387,0.320208,0.672631,-0.016777,0.107326,0.564799,-0.29597,0.325732,0.67448,-0.048965,0.10743,0.570441,-0.315373,0.320748,0.663423,-0.024723,0.114445,0.564865,-0.280044,0.250684,0.621182,0.074862,0.241668,0.617414,-0.075076,0.235905,0.77979,0.061814,0.298251,0.767132,-0.099286,0.151826,0.926992,0.046455,0.340747,0.930201,-0.033376,0.125246,0.956112,0.039213,0.327196,0.957958,-0.03019,0.185757,0.977503,-0.026856,0.379386,0.975897,-0.090154
EH_Lat_1_3.9.26,112,222.37,561.1,0,222.37,561.1,0.9952,231.28,567.44,0.994,0.328221,0.33691,-0.105077,0.326459,0.321219,-0.091071,0.325571,0.320409,-0.091255,0.324694,0.319456,-0.091225,0.325225,0.320048,-0.118826,0.323179,0.31837,-0.11905,0.320694,0.316452,-0.119104,0.311421,0.316442,-0.021193,0.30531,0.312163,-0.138735,0.320465,0.351356,-0.073968,0.319009,0.349329,-0.110376,0.298236,0.411071,0.06664,0.25366,0.378673,-0.154106,0.285753,0.535345,0.076783,0.185514,0.458382,-0.215361,0.31182,0.637267,-0.035564,0.120457,0.525408,-0.270891,0.317846,0.671989,-0.049616,0.101571,0.544654,-0.296446,0.323357,0.673883,-0.080996,0.100098,0.550362,-0.316722,0.318512,0.66271,-0.052793,0.107883,0.545301,-0.281015,0.247498,0.620877,0.074576,0.240701,0.61729,-0.074806,0.223678,0.786223,0.044432,0.312846,0.758082,-0.098064,0.134832,0.925307,0.025423,0.354222,0.930178,-0.040648,0.108799,0.954794,0.018271,0.341759,0.959762,-0.038114,0.169439,0.975556,-0.048724,0.400533,0.974232,-0.104987
EH_Lat_1_3.9.26,113,217.06,543.67,0,217.06,543.67,0.9953,224.42,554.02,0.9939,0.327662,0.337824,-0.103583,0.326174,0.322008,-0.089402,0.325257,0.32125,-0.089577,0.324308,0.320336,-0.08955,0.324992,0.320721,-0.118504,0.322888,0.31895,-0.11874,0.320407,0.316967,-0.118791,0.311102,0.316841,-0.020404,0.305429,0.312171,-0.136555,0.319465,0.352061,-0.073233,0.318126,0.349936,-0.108093,0.297159,0.410691,0.067993,0.251996,0.378334,-0.153479,0.284512,0.535418,0.077542,0.182208,0.450599,-0.215387,0.308662,0.637135,-0.031619,0.116887,0.512982,-0.274343,0.314658,0.671821,-0.044071,0.096205,0.530551,-0.300721,0.319414,0.673571,-0.07622,0.094523,0.534249,-0.320226,0.31518,0.66249,-0.048893,0.102821,0.529273,-0.28423,0.245836,0.620972,0.075357,0.23942,0.617803,-0.07558,0.220701,0.789105,0.051972,0.315859,0.750677,-0.098154,0.133066,0.924584,0.045,0.353625,0.930123,-0.043563,0.108678,0.951955,0.038888,0.341715,0.960508,-0.041366,0.165567,0.973117,-0.029702,0.402021,0.972795,-0.112019
EH_Lat_1_3.9.26,114,197.74,532.75,0,197.74,532.75,0.9957,217.54,537.72,0.9943,0.327563,0.33738,-0.103463,0.325819,0.321643,-0.089292,0.324984,0.320845,-0.089452,0.324138,0.319887,-0.089435,0.324607,0.320445,-0.115706,0.32254,0.318687,-0.115954,0.320058,0.316672,-0.116004,0.311293,0.316475,-0.018476,0.304782,0.311741,-0.130436,0.319797,0.351776,-0.072068,0.318313,0.349734,-0.104122,0.297117,0.411516,0.069728,0.251825,0.376633,-0.147714,0.283994,0.536029,0.071535,0.181815,0.443343,-0.209499,0.306939,0.636875,-0.048781,0.113303,0.497891,-0.272388,0.312574,0.671553,-0.063007,0.093163,0.513019,-0.298572,0.316993,0.673277,-0.094885,0.088879,0.518614,-0.319257,0.313115,0.66229,-0.066301,0.097146,0.51494,-0.282945,0.245287,0.620823,0.075681,0.238351,0.617636,-0.075903,0.219981,0.790352,0.046267,0.315972,0.74733,-0.098813,0.13163,0.92364,0.034005,0.352831,0.929885,-0.047414,0.107673,0.949203,0.027444,0.341436,0.960433,-0.045682,0.163988,0.971452,-0.03966,0.40037,0.971276,-0.115145
EH_Lat_1_3.9.26,115,194.78,519.87,0,194.78,519.87,0.9957,217.6,517.26,0.9939,0.327557,0.337444,-0.102051,0.325865,0.321938,-0.088268,0.325054,0.321193,-0.088433,0.324245,0.320266,-0.088425,0.324618,0.320683,-0.114665,0.322547,0.31889,-0.11492,0.320034,0.316806,-0.114974,0.311943,0.316933,-0.01628,0.304825,0.311622,-0.127275,0.319831,0.351825,-0.071871,0.318244,0.349711,-0.102221,0.296642,0.41255,0.070831,0.252304,0.374823,-0.142409,0.28231,0.536659,0.076797,0.185185,0.433133,-0.199693,0.30425,0.636748,-0.038789,0.113332,0.478942,-0.261132,0.31045,0.671566,-0.051638,0.095636,0.490257,-0.286743,0.314986,0.673273,-0.084766,0.092138,0.493587,-0.307971,0.310868,0.662197,-0.056524,0.100549,0.491123,-0.272219,0.245667,0.620607,0.074988,0.235749,0.617309,-0.075192,0.219572,0.789566,0.051402,0.31405,0.74366,-0.109515,0.132211,0.922957,0.047129,0.352212,0.929857,-0.055343,0.109204,0.948477,0.041322,0.340813,0.960946,-0.052822,0.162926,0.970628,-0.030003,0.400092,0.968976,-0.126604
EH_Lat_1_3.9.26,116,193.11,502.78,0,193.11,502.78,0.9956,222.35,498.91,0.9931,0.328155,0.338005,-0.100326,0.326393,0.322711,-0.086993,0.325578,0.322008,-0.087168,0.324769,0.321102,-0.087157,0.325138,0.321404,-0.114207,0.323083,0.319573,-0.114474,0.320556,0.317373,-0.114531,0.3127,0.317792,-0.014469,0.305456,0.31189,-0.12839,0.320421,0.352286,-0.070269,0.318817,0.350156,-0.102181,0.297302,0.414188,0.068094,0.253025,0.373591,-0.142069,0.282496,0.538093,0.084553,0.187329,0.425341,-0.20438,0.3048,0.637192,-0.022944,0.115807,0.461951,-0.267177,0.310347,0.672411,-0.030892,0.097047,0.469869,-0.294483,0.31464,0.673851,-0.063809,0.09657,0.471094,-0.313254,0.31091,0.66297,-0.04014,0.104758,0.475613,-0.277508,0.248237,0.620326,0.072988,0.231275,0.616993,-0.073136,0.296578,0.765834,0.06471,0.234712,0.768307,-0.109412,0.334512,0.923006,0.102493,0.191256,0.934514,-0.051966,0.322684,0.953482,0.099335,0.172803,0.960957,-0.049516,0.346663,0.97073,0.020834,0.210631,0.981906,-0.126852
EH_Lat_1_3.9.26,117,187.24,492.83,0,187.24,492.83,0.9951,239.06,477.36,0.9854,0.328896,0.340389,-0.089503,0.327294,0.324759,-0.076801,0.326399,0.32394,-0.077015,0.325483,0.322896,-0.076979,0.326169,0.323395,-0.102486,0.324151,0.321436,-0.10274,0.321677,0.319082,-0.1028,0.313114,0.318796,-0.004178,0.306716,0.313077,-0.118199,0.320802,0.354027,-0.058304,0.319506,0.351714,-0.091264,0.297352,0.416059,0.071592,0.254265,0.371651,-0.136418,0.281346,0.53912,0.085556,0.192313,0.414783,-0.211401,0.302957,0.63759,-0.028499,0.12451,0.442001,-0.32366,0.308898,0.672578,-0.041156,0.106301,0.443007,-0.356444,0.313586,0.673821,-0.074649,0.106375,0.443873,-0.373815,0.309707,0.662914,-0.046366,0.113893,0.450838,-0.335028,0.245069,0.62007,0.074008,0.231869,0.616938,-0.074161,0.23435,0.774819,0.056513,0.273553,0.75361,-0.109573,0.15596,0.922568,0.060646,0.324779,0.933403,-0.060937,0.134368,0.949563,0.054465,0.315089,0.961026,-0.059776,0.186939,0.968959,-0.033713,0.372659,0.972528,-0.144104
EH_Lat_1_3.9.26,118,187.09,474.52,0,187.09,474.52,0.9948,263.23,460.21,0.9558,0.329656,0.341831,-0.078843,0.328081,0.325783,-0.065671,0.327152,0.324949,-0.06591,0.326201,0.323912,-0.065867,0.326969,0.32434,-0.091547,0.324943,0.322352,-0.091798,0.322487,0.320036,-0.091853,0.313628,0.31962,0.008201,0.307587,0.314288,-0.108718,0.321561,0.3552,-0.046811,0.320317,0.352901,-0.081457,0.297356,0.417183,0.085987,0.255657,0.370878,-0.131106,0.280381,0.539361,0.100704,0.197058,0.40825,-0.219103,0.301608,0.637627,-0.016483,0.1371,0.426116,-0.348403,0.307046,0.67231,-0.031796,0.120924,0.429069,-0.382697,0.313496,0.673836,-0.064832,0.120714,0.42724,-0.397295,0.308343,0.662645,-0.035016,0.127068,0.434678,-0.358912,0.241728,0.619865,0.074141,0.232897,0.616762,-0.074293,0.222705,0.7789,0.05737,0.291848,0.749558,-0.105416,0.1364,0.922301,0.045169,0.345347,0.93311,-0.069914,0.112459,0.948568,0.03753,0.33541,0.961727,-0.070823,0.168646,0.96774,-0.046918,0.394303,0.967153,-0.153464
EH_Lat_1_3.9.26,119,184.19,459.14,0,184.19,459.14,0.9946,269.74,464.33,0.9375,0.330352,0.343783,-0.067468,0.328723,0.327386,-0.053669,0.327774,0.32661,-0.053921,0.326816,0.325708,-0.053881,0.327608,0.32574,-0.079479,0.325577,0.323774,-0.079725,0.32314,0.321624,-0.079778,0.314218,0.321263,0.020733,0.308307,0.315717,-0.095672,0.322316,0.357033,-0.035345,0.321098,0.354746,-0.070321,0.298104,0.42042,0.097249,0.255692,0.37052,-0.119742,0.280794,0.541827,0.111879,0.200209,0.405349,-0.222971,0.30223,0.63828,-0.014135,0.140489,0.42994,-0.342109,0.308164,0.672343,-0.02841,0.122703,0.420419,-0.375301,0.314429,0.674189,-0.06072,0.121689,0.416844,-0.390515,0.309111,0.662779,-0.034432,0.127974,0.42492,-0.352688,0.241964,0.619684,0.074632,0.232672,0.616549,-0.074784,0.22043,0.782838,0.045634,0.299371,0.746179,-0.102195,0.133683,0.922123,0.014886,0.348604,0.932891,-0.071311,0.1086,0.947293,0.005928,0.338641,0.96315,-0.072315,0.167658,0.96712,-0.07823,0.397388,0.962901,-0.151291
EH_Lat_1_3.9.26,120,186.96,445.92,0,186.96,445.92,0.9942,263.22,452.43,0.9341,0.330876,0.348785,-0.061797,0.329181,0.33149,-0.048421,0.328234,0.330436,-0.048668,0.327283,0.329295,-0.048624,0.328007,0.330155,-0.074763,0.325922,0.32815,-0.075009,0.323396,0.325944,-0.075068,0.314717,0.323805,0.022476,0.308615,0.319295,-0.096248,0.322798,0.360679,-0.030919,0.321652,0.358932,-0.066704,0.29871,0.422429,0.099503,0.256609,0.370465,-0.123937,0.280688,0.542358,0.120337,0.198436,0.400644,-0.227258,0.302094,0.638848,0.019291,0.137092,0.418919,-0.35189,0.307812,0.672141,0.010524,0.117592,0.405678,-0.38548,0.314176,0.67398,-0.023239,0.117001,0.404367,-0.399668,0.308978,0.662595,0.000707,0.121032,0.407055,-0.362253,0.241261,0.619571,0.074677,0.232726,0.616322,-0.074835,0.22005,0.784626,0.044228,0.303615,0.743348,-0.098642,0.133126,0.922066,0.008962,0.350088,0.932787,-0.07177,0.107482,0.946819,-0.000449,0.340296,0.96421,-0.072955,0.167255,0.966529,-0.085422,0.399669,0.9608,-0.151662
EH_Lat_1_3.9.26,121,187.36,435.2,0,187.36,435.2,0.9937,251.06,440.69,0.9371,0.33126,0.35336,-0.065925,0.329373,0.335601,-0.05281,0.328427,0.33454,-0.053054,0.327466,0.333434,-0.053009,0.328083,0.334431,-0.078995,0.32604,0.332527,-0.079243,0.323797,0.330376,-0.079307,0.314769,0.327887,0.017587,0.308971,0.323437,-0.099385,0.323228,0.364395,-0.035191,0.322068,0.362795,-0.070711,0.299335,0.425769,0.09642,0.256929,0.37051,-0.125694,0.28079,0.542463,0.122849,0.195456,0.399104,-0.238071,0.302204,0.638748,0.0381,0.130759,0.40805,-0.377889,0.307561,0.672086,0.03152,0.113474,0.402143,-0.413962,0.31288,0.673894,-0.003094,0.113753,0.400957,-0.428101,0.308717,0.662452,0.020391,0.118066,0.403458,-0.388617,0.240721,0.619789,0.075195,0.232345,0.616136,-0.075356,0.220828,0.786078,0.033904,0.3053,0.741195,-0.094596,0.133855,0.921891,-0.017409,0.34907,0.932745,-0.070711,0.107544,0.946471,-0.028795,0.339578,0.964506,-0.071489,0.166246,0.966181,-0.119574,0.399889,0.960798,-0.150133
EH_Lat_1_3.9.26,122,190.8,426.28,0,190.8,426.28,0.9933,251.54,433.04,0.94,0.332888,0.355587,-0.067899,0.331123,0.337454,-0.054665,0.330001,0.336413,-0.05491,0.328863,0.335275,-0.054866,0.330434,0.336493,-0.081287,0.328689,0.334806,-0.081535,0.326797,0.332889,-0.081604,0.316054,0.330016,0.016128,0.311826,0.326751,-0.103065,0.324159,0.366508,-0.037053,0.323599,0.365037,-0.073134,0.299815,0.427758,0.09479,0.258,0.370532,-0.128854,0.280749,0.542554,0.121612,0.195294,0.395801,-0.238068,0.302245,0.638575,0.03419,0.131011,0.400965,-0.35808,0.307805,0.67199,0.026676,0.114769,0.398026,-0.392642,0.313776,0.673765,-0.008219,0.112152,0.394721,-0.407649,0.3091,0.66231,0.016327,0.118152,0.399387,-0.368664,0.239585,0.619708,0.07545,0.231295,0.616031,-0.075594,0.221203,0.78751,0.036922,0.305776,0.740559,-0.095004,0.134223,0.921624,0.00222,0.34813,0.93238,-0.069921,0.108541,0.946367,-0.007346,0.337667,0.964451,-0.070405,0.168734,0.965993,-0.095983,0.397959,0.961028,-0.149607
EH_Lat_1_3.9.26,123,194.21,419.05,0,194.21,419.05,0.9925,249.96,433.72,0.9448,0.335322,0.358254,-0.068085,0.333777,0.33969,-0.055839,0.332519,0.338676,-0.056069,0.331289,0.337608,-0.05604,0.333392,0.33899,-0.082652,0.331805,0.337548,-0.082902,0.330167,0.335956,-0.082987,0.318544,0.333175,0.013163,0.315855,0.331114,-0.107714,0.326277,0.369316,-0.03813,0.326186,0.368131,-0.074604,0.300248,0.42943,0.094322,0.258632,0.371409,-0.134897,0.280621,0.54258,0.121319,0.195196,0.39355,-0.237826,0.302662,0.638425,0.027363,0.130189,0.401591,-0.343156,0.308732,0.671311,0.01846,0.109894,0.38743,-0.376128,0.314466,0.673161,-0.019414,0.109746,0.388389,-0.391565,0.309829,0.661799,0.007854,0.116649,0.398202,-0.353464,0.236246,0.620164,0.075897,0.231733,0.616604,-0.076042,0.222565,0.789777,0.03548,0.306658,0.740773,-0.08561,0.134546,0.92131,0.002992,0.349176,0.932052,-0.040255,0.110239,0.946307,-0.006419,0.339042,0.965272,-0.038971,0.169262,0.966012,-0.09377,0.398466,0.961196,-0.113516
EH_Lat_1_3.9.26,124,199.33,410.73,0,199.33,410.73,0.9919,252.27,415.98,0.9467,0.337109,0.362371,-0.069289,0.336038,0.344979,-0.056484,0.334736,0.344187,-0.056714,0.333513,0.343404,-0.056699,0.335713,0.344531,-0.083897,0.334164,0.343483,-0.084157,0.332648,0.342305,-0.084234,0.321263,0.340593,0.011082,0.318717,0.338548,-0.110744,0.327963,0.373495,-0.039004,0.327979,0.372468,-0.075017,0.30219,0.435732,0.089508,0.258842,0.372858,-0.137751,0.281322,0.543285,0.120949,0.196508,0.389924,-0.233627,0.302656,0.638662,0.026621,0.13139,0.385171,-0.341025,0.308963,0.671192,0.017966,0.113541,0.382676,-0.375214,0.314347,0.673129,-0.021642,0.113133,0.383055,-0.390209,0.309531,0.661716,0.005996,0.116829,0.382988,-0.351744,0.23881,0.620741,0.076225,0.22983,0.6172,-0.076381,0.224291,0.789594,0.075504,0.30349,0.741273,-0.09952,0.207543,0.924206,0.085683,0.311855,0.938305,-0.063079,0.199363,0.949335,0.079506,0.307135,0.97396,-0.063591,0.21917,0.961792,-0.019726,0.356103,0.961784,-0.16448
EH_Lat_1_3.9.26,125,205.8,405.1,0,205.8,405.1,0.9917,237.76,407.55,0.9518,0.341897,0.365506,-0.09746,0.340645,0.348639,-0.084943,0.339312,0.347867,-0.085133,0.33808,0.347104,-0.0851,0.340452,0.348123,-0.112064,0.338951,0.347009,-0.112287,0.33747,0.345735,-0.112335,0.32552,0.344518,-0.019299,0.323299,0.341719,-0.142157,0.332512,0.376956,-0.069578,0.332839,0.375708,-0.106513,0.304947,0.442771,0.04951,0.259659,0.374704,-0.155665,0.28138,0.544872,0.088054,0.194477,0.385598,-0.233652,0.302099,0.639673,0.02567,0.123832,0.377362,-0.331839,0.308805,0.671269,0.017088,0.107221,0.374603,-0.358817,0.314001,0.67301,-0.021409,0.104196,0.376481,-0.379015,0.309244,0.661656,0.005833,0.111602,0.380598,-0.346183,0.240316,0.622451,0.075225,0.224108,0.617541,-0.07533,0.295723,0.761252,0.046483,0.234169,0.774603,-0.160606,0.339695,0.924347,-0.03824,0.142202,0.92807,-0.172146,0.328261,0.95747,-0.055096,0.120828,0.953244,-0.17682,0.384496,0.961658,-0.145428,0.179786,0.962292,-0.264955
EH_Lat_1_3.9.26,126,213.5,399.72,0,213.5,399.72,0.9922,230.35,400.45,0.9563,0.344835,0.370689,-0.114501,0.343621,0.354498,-0.101995,0.342417,0.353689,-0.102197,0.341284,0.352898,-0.102158,0.34331,0.354338,-0.129508,0.341893,0.353417,-0.129723,0.340476,0.352319,-0.129781,0.328596,0.350421,-0.036323,0.326619,0.34883,-0.161728,0.336217,0.382068,-0.086949,0.336346,0.381268,-0.124832,0.307419,0.446762,0.034023,0.261884,0.377601,-0.176721,0.28181,0.546242,0.08362,0.193016,0.386359,-0.251786,0.3022,0.641241,0.035521,0.119975,0.370788,-0.340396,0.309101,0.671491,0.034264,0.09989,0.363278,-0.369447,0.313677,0.673236,-0.002851,0.096501,0.36564,-0.38808,0.309134,0.662252,0.017882,0.106503,0.372035,-0.35334,0.241755,0.624041,0.07557,0.222286,0.618391,-0.075679,0.306747,0.752622,0.087335,0.226785,0.788226,-0.142214,0.346575,0.924066,0.040798,0.132726,0.923046,-0.141097,0.336287,0.960016,0.026233,0.108939,0.943903,-0.144452,0.388794,0.961843,-0.059325,0.170048,0.962701,-0.234084
EH_Lat_1_3.9.26,127,216.75,391.51,0,216.75,391.51,0.9925,234.97,394.79,0.9595,0.35012,0.375718,-0.112613,0.348797,0.358694,-0.099505,0.34752,0.357866,-0.099718,0.34622,0.35708,-0.09968,0.348399,0.358611,-0.127179,0.346804,0.357737,-0.127395,0.345041,0.35677,-0.127465,0.332422,0.35465,-0.032305,0.329911,0.354138,-0.157633,0.341405,0.387778,-0.084417,0.341199,0.386892,-0.122351,0.309633,0.450634,0.038551,0.264968,0.381522,-0.173359,0.282699,0.547851,0.088199,0.194555,0.38585,-0.247104,0.302301,0.643212,0.06512,0.122382,0.365542,-0.304496,0.309146,0.671903,0.068065,0.103172,0.35977,-0.329569,0.312739,0.673525,0.032872,0.100453,0.362698,-0.346696,0.309236,0.662853,0.049018,0.109655,0.36961,-0.316354,0.242697,0.624632,0.074272,0.223358,0.62032,-0.074364,0.308901,0.74629,0.100991,0.230308,0.790079,-0.102673,0.342473,0.924005,0.074366,0.169381,0.923754,-0.069809,0.330894,0.959859,0.063744,0.146206,0.944188,-0.068684,0.35426,0.962298,-0.00638,0.175052,0.963001,-0.135179
EH_Lat_1_3.9.26,128,230.0,388.0,0,220.85,386.65,0.993,241.56,392.59,0.9632,0.354982,0.379521,-0.107957,0.353375,0.362377,-0.094555,0.35191,0.361352,-0.094784,0.350335,0.360305,-0.094737,0.3532,0.362992,-0.122707,0.351648,0.362485,-0.122931,0.349899,0.361951,-0.12298,0.33593,0.357431,-0.027046,0.335041,0.360039,-0.154358,0.346173,0.391962,-0.07914,0.346009,0.391704,-0.117518,0.309405,0.447798,0.049056,0.273347,0.393168,-0.170933,0.283244,0.549714,0.094719,0.195641,0.385214,-0.246083,0.301707,0.643541,0.060517,0.125813,0.363507,-0.305904,0.308889,0.672151,0.059544,0.105648,0.355568,-0.33218,0.31236,0.673503,0.024208,0.104338,0.360186,-0.34857,0.309202,0.662892,0.043541,0.113167,0.365784,-0.317068,0.235594,0.627821,0.074308,0.225463,0.627007,-0.074417,0.248172,0.773132,0.096323,0.287963,0.767683,-0.012176,0.163022,0.922881,0.070997,0.321592,0.924721,0.064432,0.133541,0.953511,0.062174,0.309399,0.948543,0.069677,0.189616,0.961942,-0.008988,0.370477,0.962968,0.019952
EH_Lat_1_3.9.26,129,236.0,390.0,0,229.7,383.42,0.9937,245.82,392.23,0.9663,0.359163,0.385177,-0.100733,0.357392,0.36749,-0.087421,0.355854,0.366431,-0.087692,0.354248,0.365387,-0.08763,0.357378,0.368278,-0.115572,0.355833,0.367872,-0.115824,0.354123,0.367495,-0.115862,0.33945,0.362328,-0.025747,0.338835,0.365902,-0.151935,0.349758,0.397087,-0.073623,0.349637,0.397262,-0.111712,0.311573,0.451543,0.050659,0.2768,0.396864,-0.159547,0.283761,0.555012,0.134153,0.196093,0.38594,-0.21801,0.302482,0.646055,0.112276,0.128033,0.363173,-0.267783,0.30982,0.674298,0.116179,0.107723,0.355426,-0.289102,0.313773,0.674621,0.080018,0.105734,0.357776,-0.306875,0.310231,0.664164,0.095529,0.114089,0.364018,-0.278401,0.234829,0.631081,0.074381,0.226653,0.631416,-0.074518,0.233699,0.786107,0.086903,0.306371,0.760325,-0.016382,0.140478,0.922318,0.06849,0.344956,0.925271,0.061047,0.112951,0.945837,0.059894,0.33276,0.951863,0.067025,0.168417,0.962229,-0.018274,0.39046,0.962855,0.025963
EH_Lat_1_3.9.26,130,244.0,385.0,0,241.41,381.52,0.9906,250.81,391.53,0.9693,0.362155,0.392336,-0.100381,0.360515,0.375998,-0.086931,0.359011,0.374609,-0.087197,0.357551,0.373255,-0.087135,0.360665,0.378063,-0.115451,0.359279,0.378278,-0.115698,0.357879,0.378607,-0.115738,0.343559,0.370389,-0.02348,0.344002,0.379055,-0.151101,0.353073,0.402457,-0.072625,0.353163,0.403321,-0.111158,0.312359,0.45433,0.054423,0.280383,0.400552,-0.162842,0.283852,0.559815,0.128718,0.196481,0.38578,-0.221719,0.30328,0.650297,0.080918,0.130629,0.362528,-0.269875,0.310555,0.678158,0.078253,0.110796,0.354672,-0.292462,0.314547,0.678003,0.042837,0.108726,0.358698,-0.309221,0.310964,0.66822,0.06404,0.116518,0.364533,-0.279937,0.236058,0.63267,0.074415,0.227748,0.634531,-0.074568,0.231037,0.792368,0.091487,0.313001,0.750815,-0.009651,0.13946,0.921696,0.067574,0.350661,0.925501,0.064873,0.112594,0.942779,0.05928,0.337543,0.95452,0.069925,0.170111,0.962295,-0.012202,0.399433,0.963042,0.021709
EH_Lat_1_3.9.26,131,256.0,379.0,0,250.0,380.76,0.9924,251.24,393.92,0.9714,0.367558,0.399486,-0.099905,0.365377,0.382884,-0.084833,0.363936,0.381486,-0.085099,0.362628,0.380076,-0.08502,0.365301,0.385,-0.114606,0.363805,0.385302,-0.114855,0.362339,0.385737,-0.114871,0.348585,0.377694,-0.018346,0.348387,0.386995,-0.149392,0.359008,0.409945,-0.071476,0.358655,0.410845,-0.11049,0.31279,0.45367,0.06247,0.296216,0.41482,-0.156278,0.285038,0.563782,0.127649,0.199156,0.388647,-0.203447,0.30403,0.652791,0.071472,0.130854,0.364737,-0.239374,0.31102,0.679465,0.068769,0.113176,0.354846,-0.260331,0.315289,0.67978,0.03386,0.11164,0.35861,-0.277299,0.311514,0.670679,0.054312,0.119163,0.363451,-0.249235,0.235936,0.633261,0.074836,0.228004,0.636654,-0.075012,0.230539,0.796455,0.090257,0.318282,0.744125,-0.024178,0.138244,0.920535,0.065386,0.349241,0.92562,0.044585,0.111406,0.938878,0.05741,0.337315,0.956815,0.04951,0.167517,0.962492,-0.009711,0.394481,0.962383,0.00495
EH_Lat_1_3.9.26,132,270.0,382.0,0,268.93,382.52,0.9926,265.17,393.42,0.9734,0.371335,0.408443,-0.099435,0.369382,0.390866,-0.084315,0.367993,0.389539,-0.084576,0.366732,0.388162,-0.084503,0.369053,0.392055,-0.113634,0.367463,0.391766,-0.113883,0.365903,0.391549,-0.113913,0.353075,0.385541,-0.018079,0.352241,0.391352,-0.147824,0.36256,0.419221,-0.070231,0.362029,0.419583,-0.108954,0.32069,0.473116,0.065097,0.294058,0.412644,-0.154615,0.288478,0.57124,0.134394,0.204896,0.38922,-0.211041,0.304836,0.656577,0.092285,0.13811,0.364277,-0.264476,0.311996,0.681668,0.092707,0.114595,0.35189,-0.289456,0.31544,0.68147,0.056876,0.112386,0.353898,-0.30582,0.312436,0.673682,0.075116,0.120589,0.360336,-0.274492,0.236579,0.636176,0.076636,0.228876,0.636429,-0.076801,0.231101,0.800929,0.088581,0.319974,0.740119,-0.044603,0.13723,0.920134,0.064446,0.34984,0.925664,0.011261,0.112525,0.937455,0.056567,0.337926,0.957188,0.014476,0.165867,0.962608,-0.013091,0.395761,0.962668,-0.041316
EH_Lat_1_3.9.26,133,286.0,379.0,0,280.84,380.43,0.9929,278.8,390.56,0.9752,0.374233,0.41103,-0.061948,0.372121,0.395077,-0.054272,0.370261,0.393511,-0.054512,0.368427,0.391823,-0.054442,0.372513,0.397038,-0.078659,0.371089,0.397127,-0.078881,0.369729,0.397234,-0.078873,0.354131,0.388894,-0.015674,0.356428,0.397692,-0.124871,0.365033,0.421302,-0.043217,0.365316,0.422729,-0.075787,0.308814,0.44914,0.058965,0.314602,0.438081,-0.134831,0.288946,0.568267,0.081353,0.222682,0.429325,-0.183064,0.305233,0.655666,-0.005853,0.14521,0.361631,-0.219716,0.313695,0.68121,-0.012653,0.128307,0.353578,-0.236303,0.315553,0.681399,-0.045786,0.126582,0.353375,-0.25454,0.312813,0.674186,-0.023363,0.125799,0.355458,-0.230134,0.236285,0.635571,0.07129,0.236742,0.639028,-0.071527,0.231519,0.802326,0.056435,0.323071,0.73817,-0.014201,0.134913,0.920098,0.008145,0.350561,0.926345,0.033402,0.110511,0.936526,-0.001236,0.337867,0.957728,0.036323,0.164408,0.962043,-0.056808,0.392971,0.963744,0.001864
EH_Lat_1_3.9.26,134,298.0,376.0,0,293.39,380.34,0.9936,296.37,387.66,0.9773,0.379786,0.415879,-0.06911,0.377472,0.400579,-0.059377,0.375546,0.399081,-0.059616,0.373567,0.397464,-0.059553,0.377812,0.402461,-0.084796,0.376257,0.402534,-0.085025,0.37473,0.402663,-0.085039,0.359247,0.394873,-0.015588,0.361343,0.403188,-0.125544,0.369895,0.426509,-0.046686,0.37025,0.427981,-0.080916,0.317715,0.462612,0.054796,0.320291,0.44218,-0.135258,0.293852,0.574822,0.071393,0.224767,0.414317,-0.177077,0.309282,0.659672,-0.020066,0.154357,0.358947,-0.214524,0.317724,0.682101,-0.029437,0.136521,0.343528,-0.233532,0.32053,0.682849,-0.062378,0.133077,0.34364,-0.251305,0.317213,0.675696,-0.037532,0.136599,0.351254,-0.224724,0.237157,0.635937,0.069447,0.238593,0.639479,-0.069689,0.232793,0.804333,0.057156,0.326885,0.736427,-0.012363,0.133718,0.920013,0.015319,0.351416,0.926424,0.045878,0.111269,0.936152,0.006435,0.339082,0.957541,0.050106,0.166569,0.961902,-0.052311,0.391078,0.963787,0.018032
EH_Lat_1_3.9.26,135,320.0,375.0,0,304.96,376.04,0.9924,310.16,381.45,0.9794,0.38419,0.426158,-0.071613,0.383129,0.410117,-0.06053,0.381555,0.4085,-0.060773,0.380102,0.406897,-0.060715,0.383128,0.411817,-0.086346,0.381699,0.411532,-0.086589,0.38036,0.411074,-0.086622,0.366696,0.402718,-0.011902,0.367748,0.408967,-0.122524,0.374648,0.435419,-0.047586,0.374912,0.436633,-0.082334,0.329728,0.484634,0.056812,0.311341,0.433239,-0.132179,0.299818,0.583126,0.080189,0.227376,0.404036,-0.174759,0.31763,0.663205,-0.005003,0.161544,0.353197,-0.21837,0.327777,0.683608,-0.013099,0.145412,0.337776,-0.239201,0.330525,0.682813,-0.046345,0.14146,0.337164,-0.257024,0.326881,0.676257,-0.022345,0.147465,0.347186,-0.228733,0.240334,0.638192,0.069863,0.239383,0.639759,-0.070094,0.233442,0.806032,0.058767,0.330138,0.733662,-0.027531,0.134888,0.920467,0.015101,0.352912,0.927086,0.026846,0.109203,0.93584,0.005351,0.337886,0.957555,0.030827,0.166615,0.961401,-0.055744,0.39073,0.967629,-0.004873
EH_Lat_1_3.9.26,136,328.0,372.0,0,326.05,376.04,0.9892,330.47,381.94,0.9813,0.390252,0.430029,-0.072686,0.388651,0.414517,-0.061321,0.387332,0.413294,-0.06156,0.386046,0.412134,-0.06151,0.388161,0.415171,-0.08727,0.386596,0.414566,-0.087498,0.385035,0.413965,-0.087521,0.372303,0.408601,-0.011278,0.37144,0.41235,-0.123652,0.381358,0.440131,-0.048592,0.380993,0.44058,-0.083175,0.340705,0.499194,0.057992,0.312636,0.436088,-0.13566,0.305913,0.586703,0.085726,0.233916,0.400014,-0.17733,0.321617,0.66678,0.004181,0.172119,0.353649,-0.216823,0.329041,0.686211,-0.002977,0.15437,0.332288,-0.23897,0.333859,0.684849,-0.037463,0.15054,0.333641,-0.256842,0.330978,0.678704,-0.013531,0.156931,0.343893,-0.227241,0.246053,0.639653,0.070372,0.240759,0.639414,-0.07059,0.233927,0.807635,0.060095,0.334576,0.732559,-0.037561,0.133295,0.920081,0.012213,0.357296,0.927055,0.016337,0.107891,0.935456,0.001965,0.339144,0.957562,0.020306,0.164696,0.960748,-0.065321,0.39358,0.968663,-0.020332
EH_Lat_1_3.9.26,137,343.08,373.8,0,343.08,373.8,0.9911,345.19,382.8,0.983,0.397176,0.436344,-0.080011,0.394966,0.421606,-0.068141,0.393632,0.420292,-0.068371,0.392287,0.418964,-0.068311,0.394385,0.422442,-0.093309,0.392753,0.421874,-0.093545,0.39112,0.421278,-0.093575,0.378005,0.415021,-0.016031,0.377227,0.419259,-0.127471,0.388511,0.44658,-0.056634,0.387927,0.44697,-0.090353,0.343092,0.499161,0.052776,0.318887,0.442514,-0.138,0.313502,0.592709,0.074607,0.240509,0.398354,-0.174113,0.32581,0.670267,-0.012186,0.179789,0.354445,-0.205741,0.332339,0.687906,-0.020731,0.162424,0.333009,-0.227267,0.336878,0.688668,-0.05501,0.158971,0.333852,-0.245622,0.333632,0.682001,-0.029916,0.165631,0.344249,-0.21616,0.248415,0.639203,0.070888,0.244567,0.640155,-0.071097,0.234232,0.808889,0.061035,0.338643,0.732876,-0.041121,0.140055,0.922084,0.017636,0.358246,0.927068,0.020963,0.118625,0.9356,0.007968,0.338184,0.957672,0.02612,0.169425,0.960852,-0.061819,0.391283,0.968453,-0.014317
EH_Lat_1_3.9.26,138,360.38,374.07,0,360.38,374.07,0.9918,364.2,380.85,0.9841,0.403398,0.438845,-0.105167,0.400914,0.424694,-0.089477,0.400111,0.423972,-0.089646,0.399403,0.423304,-0.089582,0.399283,0.424116,-0.116487,0.397321,0.423112,-0.116694,0.395284,0.422071,-0.11676,0.386609,0.419936,-0.021406,0.380897,0.420338,-0.141155,0.395622,0.450741,-0.076861,0.394108,0.449983,-0.113585,0.353885,0.505912,0.047971,0.32211,0.443584,-0.149175,0.320694,0.590029,0.077812,0.250278,0.396857,-0.180049,0.331361,0.675387,-0.007176,0.189689,0.352642,-0.202755,0.336417,0.694484,-0.016686,0.171685,0.328926,-0.22533,0.340497,0.693108,-0.046867,0.168032,0.329237,-0.244189,0.338235,0.687819,-0.027677,0.174362,0.340421,-0.214016,0.263451,0.639999,0.070966,0.244879,0.639231,-0.071128,0.33281,0.75755,0.085976,0.250326,0.792797,-0.091266,0.346255,0.921969,0.023108,0.151828,0.922519,-0.061007,0.326466,0.940539,0.008769,0.120987,0.940916,-0.060091,0.366536,0.956775,-0.061214,0.178008,0.967816,-0.130306
EH_Lat_1_3.9.26,139,376.82,373.02,0,376.82,373.02,0.9923,372.93,373.88,0.9849,0.408631,0.44629,-0.130314,0.405742,0.4324,-0.116755,0.404939,0.431562,-0.116919,0.404245,0.430702,-0.116875,0.404138,0.432248,-0.142482,0.402241,0.431316,-0.142694,0.400431,0.430211,-0.142777,0.390967,0.427007,-0.048148,0.386408,0.428224,-0.163402,0.401858,0.457764,-0.101818,0.400448,0.45716,-0.13696,0.362733,0.512705,0.02266,0.325783,0.444567,-0.163026,0.326674,0.588818,0.064526,0.254758,0.396432,-0.182614,0.338915,0.675544,-0.000138,0.194236,0.346186,-0.203807,0.344439,0.694487,-0.015939,0.178334,0.325191,-0.224493,0.346993,0.69382,-0.041869,0.175181,0.324682,-0.245461,0.346709,0.687446,-0.022562,0.180152,0.334025,-0.215853,0.275629,0.640918,0.068883,0.246904,0.638834,-0.068956,0.350667,0.744507,0.075699,0.237927,0.808257,-0.114494,0.360366,0.923737,0.00346,0.132938,0.921178,-0.113661,0.340958,0.94588,-0.011009,0.107259,0.935232,-0.116047,0.398653,0.968718,-0.086602,0.163944,0.967655,-0.199435
EH_Lat_1_3.9.26,140,395.11,377.96,0,395.11,377.96,0.9861,388.76,368.06,0.9862,0.417797,0.449837,-0.124047,0.413718,0.435438,-0.110364,0.412726,0.434456,-0.110537,0.411744,0.433489,-0.110495,0.41216,0.435035,-0.136615,0.410214,0.433836,-0.13682,0.408323,0.432739,-0.136888,0.398306,0.431283,-0.043149,0.394845,0.432133,-0.161167,0.411411,0.461837,-0.09626,0.40997,0.461327,-0.132178,0.369277,0.520687,0.027153,0.333238,0.44798,-0.168083,0.334984,0.593516,0.062283,0.262758,0.396937,-0.186309,0.348372,0.675728,-0.00107,0.202478,0.340799,-0.220669,0.355921,0.693759,-0.008997,0.185927,0.321038,-0.24152,0.358487,0.693032,-0.039789,0.183212,0.321524,-0.257733,0.356569,0.686854,-0.01933,0.189429,0.330811,-0.23041,0.283655,0.642411,0.0694,0.251334,0.638898,-0.069494,0.358038,0.74094,0.067891,0.235573,0.814215,-0.115678,0.359676,0.923776,0.01208,0.130557,0.921307,-0.113435,0.340462,0.948019,-0.000115,0.10679,0.93248,-0.116123,0.396279,0.974277,-0.073564,0.163532,0.967215,-0.202546
EH_Lat_1_3.9.26,141,418.0,369.0,0,414.86,380.68,0.9873,407.12,368.77,0.9868,0.424947,0.452595,-0.148284,0.420663,0.437863,-0.13323,0.419716,0.436753,-0.133398,0.418895,0.435751,-0.133369,0.418576,0.437321,-0.159049,0.416393,0.436065,-0.159261,0.414258,0.434866,-0.159323,0.40489,0.43471,-0.057387,0.400078,0.4353,-0.174074,0.418733,0.465049,-0.117433,0.416877,0.464649,-0.152835,0.37547,0.523073,0.019705,0.340103,0.451588,-0.170719,0.344189,0.595765,0.065747,0.269913,0.397066,-0.182473,0.355591,0.675702,0.062109,0.212041,0.341457,-0.208265,0.362402,0.693098,0.064924,0.196816,0.319232,-0.229081,0.367249,0.692346,0.031844,0.194122,0.317576,-0.250919,0.365353,0.685755,0.047187,0.199921,0.327392,-0.2207,0.28988,0.642383,0.069698,0.257039,0.638506,-0.069777,0.364005,0.738813,0.043205,0.235646,0.813228,-0.147592,0.361257,0.923955,-0.020378,0.132655,0.920413,-0.149332,0.340266,0.949319,-0.033992,0.106971,0.930542,-0.152169,0.395949,0.977287,-0.115995,0.161219,0.967139,-0.246263
EH_Lat_1_3.9.26,142,430.24,369.15,0,434.6,382.6,0.9851,430.24,369.15,0.9872,0.431252,0.457024,-0.134543,0.426426,0.443489,-0.120827,0.425157,0.442516,-0.121,0.423988,0.441629,-0.120964,0.425061,0.443482,-0.146934,0.422976,0.442619,-0.147142,0.420908,0.441737,-0.147204,0.410872,0.441788,-0.050681,0.407654,0.443052,-0.168049,0.424282,0.469244,-0.105521,0.423046,0.46928,-0.141173,0.381322,0.527607,0.02382,0.347754,0.455367,-0.168305,0.349192,0.59788,0.056489,0.278894,0.398489,-0.177903,0.363661,0.674613,-0.006346,0.224081,0.341807,-0.202983,0.368355,0.693644,-0.013553,0.209803,0.320502,-0.225785,0.374038,0.691888,-0.045804,0.207788,0.319012,-0.247439,0.372337,0.685336,-0.022446,0.21271,0.328924,-0.21549,0.292826,0.642091,0.069327,0.265122,0.638238,-0.069371,0.371257,0.739287,0.061818,0.236765,0.812209,-0.120088,0.363367,0.924012,-0.019099,0.134407,0.919284,-0.110572,0.341629,0.949894,-0.026238,0.109617,0.929143,-0.112445,0.397689,0.978904,-0.09933,0.163193,0.967118,-0.197908
EH_Lat_1_3.9.26,143,449.29,370.77,0,447.02,370.05,0.9864,449.29,370.77,0.9881,0.43621,0.455544,-0.131206,0.430954,0.442596,-0.11726,0.429445,0.441563,-0.117457,0.428051,0.440637,-0.117397,0.430476,0.443464,-0.143795,0.42876,0.443082,-0.144022,0.42711,0.442564,-0.144079,0.416012,0.442205,-0.048638,0.414438,0.444134,-0.167472,0.429166,0.468002,-0.102422,0.428848,0.468724,-0.138463,0.381064,0.521421,0.027036,0.358396,0.466691,-0.169572,0.353773,0.596832,0.056077,0.286973,0.403362,-0.192216,0.367266,0.673146,-0.022287,0.234005,0.343307,-0.230644,0.370989,0.692919,-0.031332,0.219587,0.32101,-0.259414,0.377519,0.69134,-0.066506,0.217524,0.318713,-0.277361,0.374964,0.684632,-0.04022,0.22258,0.329198,-0.24202,0.290026,0.64167,0.069631,0.278103,0.6382,-0.069684,0.268115,0.783616,0.062118,0.311146,0.786478,-0.100333,0.169606,0.919956,0.015142,0.273462,0.921678,-0.015875,0.185088,0.946138,0.00949,0.258584,0.936834,-0.009734,0.196966,0.976621,-0.081671,0.301903,0.967119,-0.069039
EH_Lat_1_3.9.26,144,468.99,374.55,0,464.56,372.54,0.9828,468.99,374.55,0.9893,0.443249,0.460951,-0.137497,0.439458,0.447314,-0.123132,0.438747,0.44613,-0.123376,0.438129,0.445076,-0.123311,0.437423,0.447693,-0.150577,0.435286,0.446924,-0.150834,0.433172,0.446176,-0.150904,0.425652,0.444201,-0.052291,0.420476,0.446993,-0.174358,0.437605,0.472535,-0.10737,0.435584,0.472519,-0.144314,0.398134,0.521205,0.030976,0.363332,0.469938,-0.178991,0.364027,0.594225,0.088666,0.299927,0.405761,-0.224964,0.374018,0.673248,0.068149,0.244268,0.346804,-0.280963,0.375339,0.693265,0.071839,0.229005,0.323428,-0.309136,0.379793,0.693531,0.03362,0.22695,0.321567,-0.32464,0.378342,0.687006,0.050951,0.232445,0.332688,-0.290886,0.292697,0.64206,0.076117,0.285805,0.638021,-0.07623,0.249933,0.800584,0.062334,0.376655,0.762948,-0.098501,0.145559,0.915442,0.017152,0.353036,0.922457,-0.02281,0.12595,0.925725,0.010527,0.333707,0.942602,-0.018858,0.170177,0.976406,-0.080823,0.388977,0.97242,-0.076962
EH_Lat_1_3.9.26,145,483.3,375.0,0,478.47,372.69,0.9921,483.3,375.0,0.9903,0.447837,0.457454,-0.109529,0.442557,0.443226,-0.100007,0.441321,0.441565,-0.100232,0.440224,0.440037,-0.100127,0.441757,0.44509,-0.123328,0.440004,0.444796,-0.123604,0.438275,0.444566,-0.123629,0.428646,0.439844,-0.050014,0.42658,0.446119,-0.150856,0.441588,0.468224,-0.085749,0.440727,0.469454,-0.116999,0.394817,0.513941,0.032538,0.375505,0.476717,-0.162769,0.370511,0.592848,0.060593,0.306332,0.407746,-0.213906,0.37551,0.674022,-0.024534,0.251716,0.347223,-0.276079,0.379463,0.693223,-0.033834,0.237109,0.323765,-0.302401,0.382029,0.693728,-0.067325,0.235885,0.323116,-0.321674,0.381147,0.687799,-0.041902,0.240074,0.333654,-0.287973,0.294947,0.642004,0.076428,0.301891,0.63988,-0.076563,0.250274,0.805852,0.056965,0.390739,0.756158,-0.073118,0.148153,0.908315,0.006733,0.362043,0.924415,-0.021993,0.124312,0.911258,-0.002479,0.342036,0.948218,-0.019056,0.170883,0.972933,-0.077572,0.399521,0.97781,-0.060809
EH_Lat_1_3.9.26,146,496.0,372.0,0,492.98,367.99,0.9913,494.76,375.39,0.991,0.453507,0.457888,-0.119585,0.447963,0.443282,-0.11087,0.446507,0.441461,-0.111089,0.445218,0.439865,-0.111,0.447354,0.445389,-0.134475,0.44554,0.445144,-0.134742,0.443727,0.445009,-0.134761,0.433843,0.440513,-0.058362,0.432157,0.446932,-0.162878,0.447243,0.468637,-0.095455,0.446445,0.470156,-0.127014,0.400934,0.509698,0.021694,0.381575,0.476138,-0.170734,0.380993,0.591323,0.027283,0.311922,0.409522,-0.21324,0.385713,0.673727,-0.077504,0.257689,0.347581,-0.270883,0.384854,0.692824,-0.090932,0.244073,0.324047,-0.29879,0.392269,0.691033,-0.123409,0.242655,0.323203,-0.316533,0.391519,0.68652,-0.095059,0.246784,0.333035,-0.282924,0.303154,0.641969,0.076564,0.308973,0.640802,-0.076714,0.255432,0.807404,0.045964,0.397654,0.754735,-0.071127,0.153402,0.899332,-0.018479,0.363895,0.9252,-0.012104,0.129016,0.897915,-0.030061,0.342921,0.949296,-0.0075,0.167693,0.972668,-0.102374,0.401189,0.980784,-0.041659
EH_Lat_1_3.9.26,147,506.64,376.99,0,506.3,374.15,0.9922,506.64,376.99,0.9913,0.463071,0.460132,-0.169039,0.459775,0.446108,-0.154846,0.459117,0.44463,-0.15504,0.458513,0.443267,-0.155,0.457346,0.447175,-0.181755,0.454858,0.446461,-0.181977,0.452195,0.445755,-0.182058,0.446473,0.441823,-0.080754,0.437939,0.445289,-0.201189,0.457145,0.470698,-0.138132,0.454849,0.471469,-0.17465,0.422644,0.513548,0.006472,0.383382,0.471034,-0.204831,0.396588,0.590959,0.068253,0.319065,0.411884,-0.244617,0.403128,0.670945,0.086074,0.263874,0.349066,-0.28672,0.403505,0.687451,0.095628,0.248391,0.325266,-0.311826,0.407083,0.68819,0.060986,0.246087,0.324805,-0.328913,0.405499,0.684768,0.071761,0.250963,0.334632,-0.297702,0.327377,0.643773,0.076458,0.305647,0.640565,-0.076595,0.391815,0.779321,0.010712,0.300671,0.790075,-0.099755,0.346838,0.909582,-0.030315,0.181749,0.897856,-0.074369,0.325952,0.9214,-0.04091,0.156301,0.897944,-0.074486,0.378764,0.977083,-0.122215,0.185803,0.976834,-0.16152
EH_Lat_1_3.9.26,148,516.0,372.0,0,515.69,376.1,0.9923,517.76,377.04,0.9916,0.468769,0.459428,-0.14959,0.464177,0.445186,-0.138425,0.46292,0.443285,-0.138593,0.461824,0.441517,-0.138531,0.463089,0.44731,-0.165426,0.461056,0.446938,-0.165651,0.458972,0.446631,-0.165733,0.45078,0.439337,-0.07682,0.446969,0.445692,-0.198631,0.462841,0.468496,-0.121843,0.46164,0.469716,-0.158537,0.418473,0.512355,-0.00325,0.393777,0.47384,-0.203209,0.389037,0.541305,0.032864,0.3259,0.416311,-0.233206,0.386283,0.548319,0.001462,0.269669,0.349111,-0.278128,0.385301,0.546078,-0.003433,0.257119,0.327885,-0.303612,0.389849,0.543101,-0.025671,0.25474,0.327023,-0.318137,0.389919,0.546412,-0.009313,0.258821,0.33644,-0.286955,0.335728,0.643491,0.0745,0.314853,0.640276,-0.074588,0.406987,0.769671,0.02642,0.288288,0.804052,-0.112768,0.364502,0.918009,-0.01345,0.175571,0.88016,-0.107427,0.343752,0.935308,-0.0238,0.149323,0.872774,-0.108819,0.391882,0.979162,-0.10087,0.169668,0.97239,-0.195238
EH_Lat_1_3.9.26,149,526.0,375.0,0,520.42,385.05,0.9844,527.37,377.92,0.9895,0.465046,0.455093,-0.120466,0.462964,0.4417,-0.126593,0.460942,0.439209,-0.126667,0.459962,0.437619,-0.126557,0.462658,0.443908,-0.142728,0.461617,0.443817,-0.142949,0.460683,0.443738,-0.143056,0.451442,0.435343,-0.074533,0.451972,0.44397,-0.188136,0.458383,0.464847,-0.112017,0.457993,0.466029,-0.134893,0.412597,0.496645,-0.018742,0.40517,0.476827,-0.191568,0.379016,0.516822,0.014846,0.332329,0.417983,-0.172718,0.378967,0.510918,-0.010582,0.27467,0.349929,-0.159003,0.369367,0.508001,-0.017065,0.260548,0.330067,-0.173371,0.373719,0.502783,-0.034685,0.258274,0.329315,-0.190257,0.383405,0.505885,-0.018812,0.263681,0.33824,-0.167466,0.339839,0.643397,0.067658,0.324587,0.64012,-0.067749,0.412493,0.767611,0.041791,0.303392,0.796882,-0.117082,0.367599,0.923827,0.009208,0.188639,0.871,-0.094354,0.335269,0.956559,7e-05,0.170681,0.869349,-0.092743,0.359842,0.982956,-0.063884,0.16839,0.961495,-0.15949
EH_Lat_1_3.9.26,150,532.0,381.0,0,530.9,387.79,0.988,536.97,379.14,0.981,0.471443,0.456096,-0.138583,0.468584,0.441145,-0.137257,0.467744,0.439247,-0.137417,0.467157,0.437803,-0.137324,0.467362,0.442753,-0.158263,0.465071,0.443713,-0.15853,0.463535,0.443496,-0.158683,0.458898,0.435604,-0.090266,0.45484,0.442275,-0.194969,0.465678,0.466355,-0.120371,0.464199,0.467287,-0.148976,0.430314,0.496557,-0.019346,0.402443,0.473921,-0.196732,0.38466,0.516654,0.033645,0.334149,0.419366,-0.197267,0.375117,0.540485,0.064216,0.279672,0.351056,-0.196359,0.368199,0.543856,0.071182,0.264879,0.330727,-0.215139,0.372571,0.545416,0.045463,0.262164,0.330488,-0.229885,0.378253,0.545341,0.054429,0.26814,0.339847,-0.205029,0.346629,0.643174,0.065058,0.331498,0.640045,-0.065176,0.412166,0.76852,0.043089,0.348561,0.790541,-0.109133,0.363373,0.929754,0.005351,0.217388,0.872607,-0.08034,0.342111,0.9558,-0.004139,0.197928,0.868885,-0.078978,0.337093,0.984141,-0.074266,0.20866,0.961859,-0.147423
EH_Lat_1_3.9.26,151,536.0,394.0,0,531.75,395.97,0.9929,544.37,382.64,0.9793,0.47588,0.453601,-0.106286,0.47194,0.43847,-0.104313,0.470992,0.43662,-0.10448,0.469952,0.435217,-0.104367,0.472217,0.43987,-0.1238,0.471063,0.440503,-0.12412,0.470124,0.440225,-0.124285,0.461975,0.433087,-0.078237,0.462035,0.439657,-0.158161,0.470193,0.464214,-0.088917,0.469708,0.464893,-0.115162,0.435987,0.495289,0.001355,0.415433,0.475647,-0.164786,0.394815,0.521582,0.055203,0.337232,0.421151,-0.163003,0.381339,0.554911,0.047561,0.283527,0.354298,-0.16884,0.375248,0.560524,0.04919,0.267263,0.338713,-0.186292,0.379954,0.562182,0.019688,0.264323,0.337149,-0.201381,0.383355,0.560476,0.034761,0.270295,0.344447,-0.176267,0.351303,0.642995,0.065791,0.343686,0.639984,-0.065904,0.378133,0.793849,0.04523,0.417697,0.786998,-0.110041,0.26381,0.872903,-0.010107,0.349407,0.903562,-0.061531,0.254958,0.84964,-0.020838,0.325516,0.916126,-0.052659,0.201748,0.944007,-0.093056,0.370414,0.968477,-0.086007
EH_Lat_1_3.9.26,152,538.21,407.99,0,538.21,407.99,0.9906,551.16,396.78,0.9798,0.488244,0.455523,-0.135516,0.486125,0.439218,-0.129574,0.485367,0.437609,-0.12977,0.484746,0.436252,-0.129664,0.484009,0.440781,-0.152951,0.481955,0.440732,-0.153284,0.479984,0.440166,-0.153468,0.476224,0.433697,-0.082514,0.470725,0.438319,-0.184396,0.481735,0.464978,-0.112259,0.480072,0.46583,-0.143382,0.446044,0.495045,0.00245,0.417646,0.473823,-0.189706,0.402831,0.513906,0.06805,0.344505,0.425533,-0.197985,0.386067,0.552959,0.07274,0.287064,0.367389,-0.190178,0.379569,0.560251,0.077986,0.266725,0.354266,-0.200979,0.383857,0.56536,0.046366,0.265013,0.350898,-0.203878,0.386792,0.563178,0.059454,0.272898,0.359351,-0.188377,0.358492,0.643041,0.065904,0.354187,0.640935,-0.065975,0.356984,0.807981,0.046259,0.428135,0.785579,-0.105965,0.25681,0.856675,-0.005875,0.363801,0.915886,-0.02734,0.249998,0.829257,-0.015895,0.339855,0.929643,-0.017118,0.201593,0.923308,-0.087658,0.391881,0.974616,-0.04911
EH_Lat_1_3.9.26,153,554.0,427.0,0,554.81,420.23,0.9771,567.34,419.89,0.978,0.496673,0.453943,-0.144694,0.496061,0.438144,-0.133835,0.495803,0.436267,-0.134027,0.495676,0.434779,-0.13394,0.492765,0.440401,-0.159268,0.490146,0.440429,-0.159604,0.486885,0.438673,-0.159788,0.486598,0.432298,-0.073852,0.475899,0.437355,-0.184137,0.490527,0.463568,-0.116706,0.486996,0.464604,-0.150813,0.468431,0.495512,0.02946,0.424676,0.472979,-0.198032,0.45947,0.521622,0.257758,0.354115,0.436471,-0.250643,0.457799,0.549856,0.436132,0.29549,0.388788,-0.28054,0.455881,0.553063,0.479587,0.274356,0.374052,-0.29635,0.462455,0.540018,0.445181,0.272263,0.370908,-0.303281,0.462006,0.540742,0.427,0.280419,0.380762,-0.284412,0.36982,0.644334,0.076905,0.360641,0.640922,-0.07706,0.36683,0.811727,0.04461,0.432023,0.783876,-0.125327,0.262357,0.848401,-0.003232,0.36489,0.921711,-0.056457,0.252186,0.821083,-0.012809,0.344879,0.936098,-0.0472,0.219604,0.918495,-0.084848,0.392863,0.977956,-0.080173
EH_Lat_1_3.9.26,154,566.38,447.13,0,561.04,442.49,0.9843,566.38,447.13,0.9771,0.504831,0.442878,-0.193475,0.502291,0.427401,-0.179413,0.501864,0.426867,-0.179601,0.501556,0.426511,-0.17954,0.499194,0.427085,-0.203814,0.496465,0.426534,-0.204138,0.493659,0.425038,-0.204352,0.494052,0.428466,-0.099097,0.481007,0.427498,-0.208155,0.500824,0.453576,-0.160037,0.497413,0.455741,-0.192893,0.481776,0.492303,0.022908,0.434104,0.472354,-0.218155,0.481517,0.515519,0.248487,0.361624,0.452322,-0.321291,0.4746,0.529086,0.420696,0.294991,0.414012,-0.426407,0.471015,0.530571,0.462626,0.275287,0.399829,-0.455795,0.471652,0.516681,0.428469,0.271382,0.399017,-0.466947,0.475231,0.529381,0.41201,0.279415,0.407928,-0.434423,0.381042,0.644103,0.077995,0.365896,0.638945,-0.078183,0.38863,0.808283,0.033239,0.436881,0.783098,-0.130587,0.280403,0.842551,-0.003753,0.368485,0.923076,-0.062388,0.267081,0.818209,-0.012325,0.349737,0.93711,-0.054005,0.231942,0.913181,-0.087016,0.392407,0.980009,-0.094486
EH_Lat_1_3.9.26,155,574.0,474.0,0,567.03,471.88,0.9871,589.03,483.31,0.9578,0.513454,0.423874,-0.140867,0.507977,0.412405,-0.127514,0.507124,0.412519,-0.127712,0.506404,0.412629,-0.127663,0.505888,0.412122,-0.152781,0.503503,0.41196,-0.15314,0.501256,0.411254,-0.153367,0.496795,0.421172,-0.056357,0.489701,0.418847,-0.169296,0.509862,0.436659,-0.110919,0.50819,0.437662,-0.144839,0.48731,0.491191,0.053774,0.447383,0.471949,-0.205051,0.462033,0.521423,0.246202,0.37012,0.467349,-0.317019,0.442706,0.550603,0.376158,0.306786,0.447505,-0.420357,0.436314,0.55575,0.407042,0.285367,0.437628,-0.447581,0.439163,0.550216,0.373523,0.284082,0.43925,-0.419249,0.442699,0.554682,0.366167,0.29043,0.443682,-0.405177,0.390827,0.643991,0.082218,0.374053,0.637574,-0.082335,0.410699,0.806753,0.037019,0.438268,0.783676,-0.149587,0.306897,0.839576,-0.000757,0.367299,0.92524,-0.11831,0.291436,0.813495,-0.007065,0.348133,0.93919,-0.11413,0.265461,0.913235,-0.068013,0.396355,0.982025,-0.159453
EH_Lat_1_3.9.26,156,584.0,507.0,0,572.82,493.88,0.9886,596.74,510.56,0.9607,0.517763,0.415448,-0.126012,0.513093,0.403617,-0.111187,0.512575,0.403778,-0.111335,0.512075,0.40372,-0.111252,0.510817,0.403304,-0.137121,0.508391,0.403553,-0.137403,0.506017,0.403275,-0.137532,0.50207,0.411783,-0.035945,0.49459,0.411744,-0.151118,0.51491,0.429974,-0.0945,0.512736,0.430482,-0.129133,0.48982,0.487643,0.06433,0.457181,0.471545,-0.191423,0.443604,0.534801,0.148319,0.374867,0.479731,-0.269448,0.422222,0.598272,0.063532,0.310803,0.472745,-0.387065,0.418105,0.613931,0.057925,0.288028,0.466305,-0.393572,0.421536,0.603213,0.024783,0.286115,0.471477,-0.392097,0.42361,0.609753,0.047686,0.295301,0.476875,-0.366429,0.395341,0.639876,0.084211,0.382554,0.635753,-0.084283,0.426124,0.800794,0.038952,0.439452,0.782886,-0.160146,0.332613,0.83635,0.021961,0.370462,0.925872,-0.145771,0.314928,0.813622,0.016505,0.350485,0.939575,-0.144632,0.301823,0.911251,-0.043689,0.399655,0.985787,-0.203978
EH_Lat_1_3.9.26,157,598.0,539.0,0,594.21,532.28,0.9873,608.83,544.16,0.9638,0.52403,0.404935,-0.136103,0.517952,0.394178,-0.12372,0.517045,0.394369,-0.123865,0.516111,0.394185,-0.123779,0.516676,0.394665,-0.151178,0.514783,0.395276,-0.151419,0.512898,0.395552,-0.151506,0.506213,0.401262,-0.053075,0.502385,0.403544,-0.177713,0.521764,0.420197,-0.106246,0.520846,0.420268,-0.143122,0.49265,0.478019,0.052913,0.467943,0.470815,-0.219059,0.43987,0.535873,0.066848,0.386086,0.494877,-0.277637,0.413764,0.598289,-0.005397,0.317098,0.503853,-0.341071,0.409739,0.613287,-0.013848,0.297016,0.5056,-0.37507,0.41356,0.605617,-0.045044,0.295381,0.509121,-0.385377,0.414703,0.609321,-0.020603,0.302809,0.511893,-0.344988,0.409309,0.636604,0.088305,0.391522,0.635532,-0.088296,0.447587,0.790719,0.108008,0.445594,0.786806,-0.141493,0.363264,0.83946,0.14816,0.369845,0.925584,-0.110425,0.34369,0.824099,0.147855,0.350451,0.9393,-0.107811,0.360172,0.91046,0.112771,0.396006,0.98504,-0.174302
EH_Lat_1_3.9.26,158,616.31,580.14,0,616.31,580.14,0.9901,639.63,581.03,0.965,0.53222,0.397056,-0.233064,0.526011,0.384447,-0.222833,0.524911,0.384503,-0.22303,0.523938,0.384271,-0.222964,0.524588,0.385477,-0.250896,0.522336,0.386408,-0.25112,0.520013,0.387137,-0.251216,0.512577,0.390285,-0.150882,0.508237,0.395182,-0.277118,0.529319,0.412328,-0.201984,0.527974,0.412572,-0.239715,0.500823,0.466604,-0.046072,0.474054,0.470118,-0.30203,0.44211,0.536775,-0.014425,0.398588,0.507749,-0.374552,0.409068,0.596163,-0.068411,0.333138,0.537993,-0.442668,0.40115,0.611201,-0.077596,0.314505,0.546076,-0.486582,0.403246,0.604177,-0.108271,0.314473,0.549779,-0.495195,0.409417,0.605588,-0.082476,0.321608,0.549561,-0.448963,0.426543,0.633664,0.08982,0.402862,0.633067,-0.089786,0.469552,0.783765,0.104502,0.447772,0.789097,-0.139738,0.384849,0.841975,0.194778,0.370767,0.925185,-0.104886,0.367529,0.829873,0.200003,0.348277,0.939106,-0.102129,0.378579,0.908746,0.168216,0.391805,0.984451,-0.161137
EH_Lat_1_3.9.26,159,670.88,614.9,0,670.88,614.9,0.9944,667.48,623.09,0.9669,0.538024,0.387295,-0.237806,0.531162,0.374679,-0.227647,0.529864,0.374609,-0.227851,0.52873,0.374309,-0.227803,0.530195,0.37567,-0.256184,0.528169,0.376231,-0.256404,0.526094,0.376667,-0.256505,0.517044,0.38022,-0.158836,0.514274,0.38455,-0.287476,0.53436,0.403744,-0.207981,0.53348,0.403868,-0.246502,0.50062,0.461222,-0.056107,0.479553,0.469637,-0.313771,0.446629,0.548393,-0.02539,0.406857,0.525809,-0.369879,0.412846,0.601948,-0.08523,0.347643,0.576933,-0.418043,0.401828,0.629302,-0.094737,0.329558,0.593553,-0.459995,0.405201,0.624277,-0.125585,0.329961,0.600025,-0.46861,0.410229,0.621445,-0.099508,0.337341,0.597365,-0.423941,0.437456,0.631141,0.090428,0.413796,0.631238,-0.090376,0.493105,0.764291,0.123459,0.44787,0.793263,-0.146587,0.411768,0.844023,0.220413,0.372156,0.925212,-0.107881,0.395121,0.835061,0.22586,0.351362,0.938936,-0.104714,0.414359,0.906929,0.195643,0.399964,0.984472,-0.162267
EH_Lat_1_3.9.26,160,724.24,653.48,0,724.32,658.62,0.9956,724.24,653.48,0.9694,0.542839,0.379083,-0.199152,0.536316,0.365651,-0.178533,0.535173,0.365444,-0.178651,0.534099,0.365177,-0.178593,0.535199,0.366409,-0.224163,0.533382,0.366719,-0.224215,0.531425,0.36721,-0.224347,0.522436,0.37105,-0.097585,0.51953,0.374757,-0.248933,0.538054,0.396109,-0.166278,0.53711,0.396078,-0.236299,0.502414,0.452488,0.001112,0.485685,0.46561,-0.266042,0.45569,0.548353,0.036297,0.428311,0.53883,-0.323392,0.421173,0.60495,-0.017434,0.377209,0.60507,-0.361022,0.411789,0.628979,-0.022479,0.360037,0.62846,-0.399698,0.411892,0.627179,-0.052631,0.363212,0.635024,-0.406047,0.414908,0.620832,-0.031512,0.370981,0.626925,-0.366043,0.446019,0.631353,0.095386,0.422115,0.631212,-0.095309,0.514955,0.739185,0.120426,0.451776,0.792188,-0.177464,0.446662,0.848793,0.192872,0.377857,0.923997,-0.125971,0.430679,0.835559,0.195575,0.353382,0.934779,-0.121503,0.4511,0.912497,0.155597,0.395163,0.985627,-0.182386
EH_Lat_1_3.9.26,161,772.88,698.97,0,776.25,703.59,0.9945,772.88,698.97,0.9713,0.547275,0.373593,-0.139144,0.540344,0.359367,-0.12254,0.538699,0.359244,-0.122684,0.537162,0.359239,-0.122626,0.539932,0.35968,-0.156088,0.538063,0.359843,-0.156244,0.536195,0.360307,-0.156376,0.525816,0.363039,-0.055875,0.524794,0.365333,-0.19684,0.5409,0.389905,-0.112468,0.540574,0.390049,-0.161639,0.505057,0.451222,0.030961,0.49307,0.460568,-0.24434,0.455483,0.551113,0.055085,0.441669,0.552733,-0.297597,0.419601,0.626591,0.022034,0.402544,0.647192,-0.293379,0.410625,0.648663,0.020817,0.391843,0.673466,-0.32974,0.413277,0.650072,-0.007645,0.397478,0.679675,-0.327698,0.415813,0.645309,0.009327,0.402286,0.671435,-0.293093,0.453392,0.632356,0.094892,0.433105,0.633544,-0.094839,0.531294,0.715248,0.121302,0.458245,0.795624,-0.195153,0.47232,0.84959,0.18139,0.378472,0.922356,-0.148227,0.452611,0.836916,0.182808,0.354936,0.932212,-0.14377,0.493302,0.914039,0.145904,0.393723,0.985315,-0.201376
EH_Lat_1_3.9.26,162,854.23,717.99,0,854.23,717.99,0.9965,879.04,686.68,0.9201,0.553516,0.367727,-0.048519,0.547295,0.353273,-0.030238,0.545886,0.353072,-0.030358,0.544424,0.35304,-0.030299,0.546431,0.353375,-0.062705,0.544481,0.353335,-0.062912,0.542324,0.353479,-0.063007,0.531584,0.358232,0.042579,0.530225,0.35946,-0.103769,0.548262,0.382936,-0.019571,0.547383,0.383146,-0.064008,0.510852,0.446769,0.13157,0.502844,0.454266,-0.184953,0.470678,0.545873,0.154663,0.469228,0.547864,-0.251859,0.45394,0.62123,0.080092,0.457836,0.635816,-0.236178,0.448469,0.640537,0.076601,0.45261,0.656037,-0.267265,0.452427,0.640629,0.054974,0.457336,0.654641,-0.261535,0.455137,0.637294,0.068934,0.458405,0.647505,-0.234214,0.460163,0.631248,0.101854,0.444899,0.633133,-0.101861,0.546263,0.695037,0.101221,0.461596,0.795534,-0.207043,0.502836,0.848191,0.13158,0.381622,0.922097,-0.209411,0.484399,0.842584,0.128498,0.357936,0.93005,-0.210484,0.534605,0.9062,0.078388,0.395711,0.98676,-0.280213
EH_Lat_1_3.9.26,163,939.93,737.99,0,939.93,737.99,0.9948,933.84,728.41,0.9189,0.561003,0.362845,-0.053894,0.554694,0.348732,-0.037983,0.552948,0.348692,-0.038133,0.551258,0.348715,-0.038069,0.5544,0.348683,-0.070772,0.552439,0.348682,-0.070978,0.550402,0.348682,-0.071084,0.539121,0.354302,0.02732,0.538116,0.355005,-0.120602,0.554226,0.379429,-0.026936,0.553849,0.378895,-0.071476,0.512425,0.439621,0.119225,0.507576,0.452335,-0.192845,0.472395,0.545868,0.153772,0.488618,0.569453,-0.251115,0.45524,0.637907,0.087151,0.486373,0.674456,-0.218002,0.450358,0.66032,0.085439,0.487726,0.705415,-0.247533,0.454433,0.659985,0.061756,0.492784,0.705883,-0.241403,0.45698,0.65296,0.075459,0.491782,0.695906,-0.21529,0.468436,0.626712,0.102157,0.454284,0.632023,-0.102215,0.558749,0.678775,0.135177,0.466243,0.79485,-0.178581,0.535606,0.847159,0.162494,0.384786,0.921022,-0.155465,0.519821,0.853837,0.15943,0.361474,0.923581,-0.153787,0.573994,0.895375,0.114441,0.394437,0.986327,-0.217682
EH_Lat_1_3.9.26,164,1012.45,742.22,0,1015.43,724.64,0.9951,1012.45,742.22,0.924,0.562835,0.36134,-0.064192,0.556709,0.345472,-0.049888,0.555033,0.345067,-0.050031,0.553415,0.344745,-0.049978,0.556929,0.345864,-0.081699,0.555473,0.345782,-0.081887,0.554004,0.345699,-0.081984,0.541948,0.349833,0.011759,0.542549,0.352301,-0.131968,0.556389,0.375633,-0.037946,0.556558,0.375697,-0.081241,0.51601,0.429709,0.104597,0.513994,0.450541,-0.198868,0.484067,0.545872,0.135811,0.516701,0.579484,-0.256498,0.474768,0.640603,0.067607,0.52732,0.687243,-0.229534,0.471077,0.663427,0.062808,0.532334,0.7199,-0.260408,0.474681,0.662163,0.040114,0.537799,0.718697,-0.254204,0.476775,0.655149,0.055879,0.536463,0.707498,-0.227017,0.477246,0.619936,0.100925,0.462219,0.631318,-0.100994,0.568839,0.666161,0.11786,0.469005,0.796615,-0.175751,0.565417,0.839952,0.159828,0.384671,0.919761,-0.146619,0.553751,0.857383,0.158709,0.362809,0.921941,-0.144715,0.60831,0.871521,0.114449,0.394528,0.986539,-0.214496
EH_Lat_1_3.9.26,165,1088.0,713.0,0,1098.78,706.15,0.9876,1077.53,692.79,0.8571,0.57027,0.357714,-0.012782,0.564156,0.342153,0.001771,0.562321,0.341253,0.001642,0.560554,0.340398,0.00171,0.564493,0.342536,-0.030635,0.562961,0.342024,-0.030807,0.561404,0.34139,-0.030873,0.54942,0.345086,0.060046,0.549446,0.346474,-0.086889,0.563477,0.370518,0.012291,0.563745,0.370584,-0.031828,0.522654,0.421909,0.14016,0.523402,0.441678,-0.172215,0.485026,0.533469,0.144454,0.539141,0.557263,-0.212652,0.4606,0.633552,0.051228,0.561215,0.641469,-0.13486,0.453531,0.65689,0.043697,0.567573,0.663123,-0.157255,0.45531,0.653486,0.023939,0.568604,0.662769,-0.145998,0.456758,0.64614,0.040609,0.565,0.652101,-0.129213,0.487707,0.618336,0.104138,0.472071,0.629752,-0.104183,0.57841,0.656791,0.06392,0.471193,0.795737,-0.196547,0.598707,0.830975,0.107141,0.387457,0.918899,-0.175294,0.587342,0.858303,0.106996,0.365266,0.920433,-0.174055,0.645869,0.850327,0.066482,0.39523,0.986926,-0.243768
EH_Lat_1_3.9.26,166,1160.47,694.57,0,1163.86,680.11,0.9884,1160.47,694.57,0.8623,0.576747,0.350582,-0.028201,0.570833,0.334961,-0.014194,0.568892,0.334147,-0.014325,0.566987,0.333443,-0.014259,0.57127,0.33512,-0.045846,0.569721,0.334592,-0.04603,0.568112,0.333977,-0.04611,0.555012,0.339092,0.044409,0.555511,0.340025,-0.099609,0.570099,0.364194,-0.003022,0.570424,0.364329,-0.04623,0.531296,0.414451,0.126563,0.533899,0.438153,-0.182451,0.494915,0.515931,0.146189,0.568837,0.552349,-0.225439,0.470901,0.614653,0.056959,0.604409,0.643121,-0.203101,0.460695,0.647558,0.044537,0.615988,0.66984,-0.233368,0.461474,0.648477,0.030972,0.620911,0.667194,-0.223209,0.464747,0.644289,0.048052,0.61679,0.658313,-0.198919,0.504633,0.613273,0.102808,0.483515,0.626129,-0.102845,0.594576,0.650245,0.02523,0.470863,0.794823,-0.227313,0.628785,0.814974,0.019606,0.38809,0.918728,-0.23072,0.621595,0.851645,0.01313,0.367337,0.919793,-0.232679,0.676396,0.829331,-0.049562,0.395089,0.988042,-0.318372
EH_Lat_1_3.9.26,167,1236.0,661.0,0,1239.3,652.46,0.9871,1229.24,666.18,0.8732,0.58493,0.347324,-0.035416,0.578499,0.330417,-0.023715,0.57682,0.32967,-0.023853,0.575257,0.329039,-0.023786,0.578265,0.330776,-0.05336,0.576449,0.330374,-0.053572,0.574624,0.329916,-0.053695,0.564042,0.33407,0.030891,0.563073,0.335629,-0.104298,0.577465,0.361603,-0.011082,0.577069,0.362401,-0.051752,0.543558,0.406411,0.116694,0.544478,0.431668,-0.185079,0.5177,0.487563,0.160601,0.595562,0.539795,-0.234667,0.499142,0.574448,0.109049,0.640228,0.616833,-0.216629,0.488483,0.603265,0.108983,0.652984,0.642716,-0.250698,0.490663,0.603122,0.088088,0.657996,0.638164,-0.237038,0.496317,0.595079,0.099774,0.653435,0.631129,-0.211255,0.516615,0.608115,0.101292,0.493076,0.621356,-0.101334,0.608531,0.64757,0.043932,0.472549,0.7933,-0.207261,0.655,0.802963,0.032692,0.391042,0.918019,-0.196335,0.65357,0.843339,0.022139,0.371003,0.917445,-0.196921,0.701312,0.803181,-0.026812,0.396117,0.989666,-0.286452
EH_Lat_1_3.9.26,168,1287.19,607.02,0,1287.19,607.02,0.9829,1287.38,635.76,0.8799,0.592969,0.345003,-0.028319,0.587862,0.327036,-0.016304,0.586209,0.326215,-0.016441,0.584742,0.325586,-0.016365,0.587758,0.327439,-0.04672,0.586086,0.326994,-0.04694,0.584405,0.326543,-0.047076,0.573998,0.329884,0.041224,0.573169,0.331198,-0.09746,0.585422,0.358617,-0.002415,0.585118,0.35948,-0.044144,0.548595,0.399306,0.136639,0.556783,0.422972,-0.181143,0.533713,0.48385,0.180365,0.614189,0.535255,-0.230013,0.522517,0.5642,0.115149,0.670508,0.588665,-0.194569,0.515258,0.597977,0.116064,0.68374,0.608054,-0.229873,0.518376,0.5972,0.090851,0.687525,0.604218,-0.211413,0.522874,0.58891,0.103912,0.681681,0.599571,-0.187277,0.526261,0.601959,0.099883,0.503894,0.616592,-0.099927,0.620045,0.646212,0.076013,0.470988,0.787872,-0.195033,0.676004,0.788617,0.137991,0.394723,0.916845,-0.177824,0.67508,0.829418,0.13817,0.372718,0.91516,-0.177867,0.716882,0.782915,0.081585,0.396681,0.989564,-0.272293
EH_Lat_1_3.9.26,169,1326.0,553.0,0,1317.61,536.56,0.9837,1310.68,588.0,0.8834,0.599049,0.343275,-0.022484,0.594865,0.325437,-0.012188,0.593133,0.324482,-0.012314,0.591536,0.323721,-0.012253,0.594879,0.325862,-0.041243,0.593093,0.325193,-0.041459,0.591285,0.324414,-0.041576,0.582192,0.3258,0.03962,0.58056,0.326619,-0.092805,0.591946,0.355332,0.000989,0.591908,0.355794,-0.038831,0.559772,0.403805,0.131397,0.56592,0.409665,-0.169314,0.609555,0.473988,0.15468,0.628844,0.500457,-0.205801,0.666603,0.511308,0.059079,0.682646,0.544443,-0.157583,0.67847,0.525249,0.05546,0.699889,0.569899,-0.188749,0.684839,0.515612,0.027961,0.702264,0.548426,-0.173342,0.681003,0.514985,0.044579,0.697849,0.541171,-0.152368,0.536783,0.599313,0.098274,0.514426,0.610706,-0.098299,0.63553,0.642278,0.114777,0.47184,0.777342,-0.168276,0.698301,0.771373,0.186972,0.399513,0.914931,-0.121934,0.694633,0.807656,0.188747,0.379309,0.911479,-0.120078,0.732259,0.771614,0.13039,0.396219,0.989288,-0.244149
EH_Lat_1_3.9.26,170,1338.0,492.0,0,1331.08,494.04,0.9718,1336.28,524.45,0.8611,0.608109,0.336747,-0.021485,0.603511,0.319419,-0.010723,0.601855,0.318497,-0.01086,0.600322,0.317782,-0.010804,0.603332,0.319824,-0.039813,0.601471,0.319143,-0.040039,0.599583,0.318343,-0.040168,0.590869,0.319526,0.042639,0.588635,0.319849,-0.089919,0.602822,0.35004,0.00253,0.602462,0.350055,-0.037454,0.573105,0.403565,0.128558,0.577305,0.397632,-0.163206,0.627645,0.463535,0.150847,0.637261,0.459699,-0.206635,0.679692,0.491483,0.058378,0.695979,0.485605,-0.164632,0.691898,0.502185,0.055572,0.712654,0.500216,-0.195939,0.695236,0.495497,0.027493,0.712671,0.487804,-0.181154,0.690002,0.497167,0.043859,0.707878,0.484203,-0.160267,0.554191,0.597109,0.094805,0.527809,0.605903,-0.094819,0.648469,0.642365,0.119268,0.474741,0.764536,-0.14362,0.714325,0.76484,0.192509,0.404412,0.909735,-0.103147,0.712758,0.799953,0.194897,0.385734,0.905765,-0.101727,0.755781,0.771207,0.13563,0.398379,0.989107,-0.230846
EH_Lat_1_3.9.26,171,1382.0,428.0,0,1368.93,433.49,0.9768,1383.24,474.61,0.8658,0.617193,0.335818,-0.016605,0.612438,0.318985,-0.006416,0.611052,0.317664,-0.006564,0.609845,0.316549,-0.006474,0.612011,0.319098,-0.035101,0.610269,0.317855,-0.035343,0.608589,0.316447,-0.035454,0.600435,0.31831,0.045225,0.598284,0.318158,-0.085604,0.61234,0.347997,0.007052,0.611765,0.348223,-0.032662,0.581362,0.396406,0.130797,0.592044,0.391507,-0.162293,0.633035,0.452121,0.153063,0.663192,0.420956,-0.213628,0.688586,0.470948,0.058322,0.720436,0.439452,-0.178985,0.697531,0.486675,0.054751,0.737007,0.450963,-0.212239,0.699248,0.483189,0.026599,0.739407,0.440271,-0.197499,0.699023,0.47134,0.043681,0.73256,0.437624,-0.17498,0.564751,0.59756,0.093328,0.540806,0.605394,-0.093383,0.659011,0.646189,0.144414,0.477885,0.754362,-0.134553,0.727879,0.766219,0.224992,0.410682,0.900262,-0.100841,0.729309,0.798706,0.227436,0.392457,0.894737,-0.099832,0.771725,0.772005,0.16945,0.401096,0.985834,-0.222508
EH_Lat_1_3.9.26,172,1377.79,369.77,0,1377.79,369.77,0.9802,1399.86,393.41,0.8716,0.627592,0.338083,0.014727,0.62192,0.321427,0.028854,0.620663,0.320281,0.028672,0.619638,0.319328,0.028798,0.621033,0.321337,-0.001966,0.619083,0.320453,-0.002204,0.617196,0.319422,-0.002313,0.610708,0.322099,0.091002,0.606445,0.322093,-0.049742,0.622997,0.350853,0.041784,0.622121,0.350783,-0.000919,0.595399,0.39567,0.168438,0.597121,0.386888,-0.135715,0.586386,0.472474,0.2213,0.66722,0.385324,-0.216441,0.592353,0.505238,0.163893,0.729095,0.364266,-0.185909,0.594006,0.497803,0.169224,0.744244,0.363044,-0.218318,0.595206,0.517487,0.141179,0.74508,0.353718,-0.196672,0.595522,0.508423,0.151342,0.739646,0.353662,-0.179152,0.582463,0.59888,0.09217,0.551897,0.604985,-0.092299,0.672376,0.648939,0.125884,0.488647,0.743866,-0.158097,0.739179,0.76844,0.170208,0.419144,0.885824,-0.154473,0.739762,0.797749,0.169613,0.406608,0.889482,-0.156826,0.77884,0.770907,0.114363,0.402026,0.964535,-0.27529
EH_Lat_1_3.9.26,173,1382.04,306.59,0,1382.04,306.59,0.9799,1393.46,322.16,0.8767,0.635158,0.340628,0.035045,0.631611,0.325138,0.049145,0.630454,0.324048,0.048941,0.62937,0.323027,0.049087,0.630923,0.325191,0.018388,0.629306,0.324338,0.018158,0.627705,0.32335,0.018051,0.620724,0.325096,0.111977,0.616939,0.325099,-0.028471,0.629724,0.352946,0.062433,0.629171,0.352581,0.019992,0.601323,0.401966,0.181571,0.601696,0.382959,-0.109059,0.590438,0.482697,0.234985,0.669148,0.342838,-0.194238,0.601063,0.518971,0.182009,0.725758,0.298294,-0.161192,0.603251,0.527011,0.188145,0.744297,0.290242,-0.191781,0.608159,0.531417,0.15806,0.741566,0.280185,-0.167736,0.608268,0.52121,0.168839,0.736725,0.282633,-0.153503,0.597142,0.601187,0.087454,0.564772,0.605239,-0.087637,0.68442,0.658349,0.120176,0.498846,0.743364,-0.116529,0.750068,0.768098,0.220167,0.426017,0.874248,-0.064778,0.750839,0.796378,0.225969,0.41913,0.884657,-0.062426,0.787216,0.77789,0.16969,0.40152,0.923403,-0.162948
EH_Lat_1_3.9.26,174,1368.99,252.89,0,1368.99,252.89,0.9695,1363.06,262.31,0.8873,0.640334,0.332489,0.007906,0.636772,0.318714,0.023561,0.635499,0.318183,0.023361,0.634333,0.31768,0.023466,0.63631,0.318523,-0.00655,0.63481,0.318021,-0.006783,0.633393,0.317396,-0.006888,0.625982,0.322182,0.093056,0.623259,0.322,-0.044542,0.635016,0.346286,0.037005,0.634179,0.345616,-0.004451,0.627161,0.401117,0.163945,0.600306,0.378256,-0.120449,0.626934,0.486298,0.20221,0.653247,0.309212,-0.207719,0.626218,0.52785,0.142318,0.709928,0.242881,-0.185611,0.634692,0.535548,0.145083,0.729925,0.23217,-0.2101,0.635236,0.547596,0.118637,0.727913,0.224913,-0.206374,0.634822,0.540445,0.130307,0.721832,0.229583,-0.184521,0.615409,0.602369,0.081685,0.57924,0.605168,-0.08183,0.69372,0.666853,0.111534,0.511947,0.739434,-0.12299,0.761529,0.776068,0.208358,0.436177,0.862156,-0.072988,0.760046,0.799722,0.213072,0.429983,0.878059,-0.071319,0.797955,0.796981,0.145137,0.403916,0.887535,-0.168918
EH_Lat_1_3.9.26,175,1349.39,203.74,0,1349.39,203.74,0.9732,1350.17,214.28,0.8967,0.652025,0.335936,0.028994,0.650043,0.321889,0.043051,0.649379,0.321413,0.042857,0.648608,0.320865,0.042987,0.650026,0.322132,0.014839,0.649408,0.321916,0.014599,0.648769,0.321442,0.014497,0.641119,0.324897,0.104859,0.640002,0.325833,-0.023829,0.647638,0.349888,0.055536,0.646943,0.349421,0.016668,0.6408,0.403326,0.160431,0.610181,0.372976,-0.090985,0.633951,0.489989,0.188334,0.658551,0.279161,-0.177129,0.63267,0.556013,0.125488,0.703212,0.198405,-0.154904,0.634733,0.569269,0.127376,0.718747,0.182747,-0.18426,0.636336,0.578791,0.099807,0.717962,0.177296,-0.162637,0.63865,0.576111,0.112966,0.712542,0.184108,-0.148226,0.632914,0.603549,0.068253,0.594357,0.605932,-0.068428,0.70266,0.667046,0.109631,0.526654,0.735083,-0.101682,0.768531,0.783452,0.209709,0.449169,0.851804,-0.06546,0.768707,0.802089,0.214668,0.444258,0.877261,-0.065701,0.804464,0.808161,0.147738,0.410662,0.852931,-0.161662
EH_Lat_1_3.9.26,176,1313.24,171.67,0,1313.24,171.67,0.9834,1314.94,194.8,0.8385,0.666619,0.34126,0.038036,0.666128,0.32691,0.044432,0.665679,0.326339,0.044253,0.665269,0.32574,0.044301,0.66551,0.327202,0.020733,0.664679,0.32697,0.020458,0.663966,0.326507,0.020321,0.65851,0.329542,0.080334,0.656171,0.33039,-0.028869,0.662205,0.355212,0.056711,0.661504,0.354966,0.024046,0.633016,0.40012,0.147285,0.629932,0.377958,-0.071171,0.654102,0.323506,0.147701,0.656191,0.275908,-0.126229,0.67819,0.304021,0.069656,0.684862,0.180368,-0.104424,0.681226,0.288013,0.059161,0.696652,0.155966,-0.126515,0.682319,0.283895,0.043895,0.694918,0.151378,-0.11682,0.682388,0.286395,0.060345,0.691973,0.161403,-0.101706,0.624988,0.604415,0.049908,0.618452,0.606201,-0.050243,0.601583,0.703021,0.056873,0.694002,0.710193,-0.017033,0.50624,0.813578,0.066866,0.717829,0.821286,0.05167,0.529429,0.860437,0.06547,0.719139,0.84798,0.058531,0.500358,0.866057,0.006356,0.737454,0.821079,0.024097
EH_Lat_1_3.9.26,177,1269.96,146.82,0,1269.96,146.82,0.9783,1302.1,332.95,0.7603,0.684747,0.344858,0.126441,0.682844,0.330283,0.12934,0.681794,0.329646,0.129209,0.68049,0.328999,0.129237,0.682691,0.330587,0.108051,0.681676,0.330297,0.10782,0.680741,0.329799,0.107727,0.669827,0.331709,0.130672,0.670065,0.333085,0.036327,0.678735,0.357932,0.133035,0.679131,0.358107,0.103846,0.62656,0.384026,0.139351,0.663764,0.384343,0.013057,0.647152,0.277002,0.144765,0.678137,0.386287,0.045927,0.657605,0.191677,0.075262,0.678177,0.308287,0.152181,0.659027,0.162055,0.067992,0.68302,0.263196,0.159587,0.660649,0.159843,0.050675,0.674386,0.225813,0.154728,0.661231,0.169909,0.060863,0.671586,0.226728,0.153489,0.619939,0.604512,0.035781,0.650486,0.60501,-0.036164,0.582567,0.719727,-0.004419,0.719777,0.715948,0.0277,0.482412,0.829898,-0.052734,0.778544,0.825306,0.080903,0.479159,0.862912,-0.059118,0.776619,0.845183,0.087303,0.451724,0.863427,-0.122419,0.802946,0.867202,0.067124
EH_Lat_1_3.9.26,178,1206.0,167.0,0,1219.98,166.24,0.9629,1310.64,470.48,0.6936,0.692906,0.343638,0.126378,0.690265,0.329553,0.12822,0.689083,0.328724,0.128083,0.687803,0.327909,0.128105,0.690553,0.330304,0.107633,0.689667,0.33004,0.107352,0.688886,0.329568,0.10724,0.676272,0.329532,0.12982,0.679964,0.331898,0.0378,0.686995,0.355537,0.132817,0.687848,0.356322,0.10445,0.637691,0.379257,0.134399,0.687106,0.387812,0.003356,0.634863,0.253911,0.139572,0.691763,0.465946,-0.0209,0.637244,0.160832,0.077694,0.682623,0.435629,-0.003379,0.632609,0.122325,0.067613,0.684827,0.421677,-0.013773,0.63804,0.12119,0.053386,0.675791,0.402073,-0.018643,0.642846,0.130116,0.06466,0.673881,0.397472,-0.004826,0.63199,0.60496,0.039309,0.664356,0.60504,-0.039683,0.581111,0.729624,-0.001473,0.729069,0.720993,-0.045203,0.489826,0.83869,-0.044545,0.781078,0.838024,-0.010111,0.483977,0.863246,-0.050252,0.778891,0.853764,-0.006365,0.464157,0.866195,-0.103964,0.809294,0.892354,-0.045972
EH_Lat_1_3.9.26,179,1167.0,187.0,0,1175.98,210.0,0.9587,1228.34,214.38,0.716,0.708541,0.345131,0.065917,0.705999,0.331792,0.077698,0.704939,0.330858,0.077525,0.703809,0.329886,0.077595,0.705032,0.332779,0.053276,0.703458,0.332448,0.05302,0.70193,0.331823,0.052915,0.691612,0.330068,0.123042,0.690913,0.33219,0.013871,0.703013,0.357011,0.086528,0.702466,0.357999,0.053078,0.671329,0.39332,0.164638,0.665085,0.390724,-0.023346,0.695769,0.426774,0.204013,0.64337,0.309329,-0.101955,0.720577,0.472583,0.151314,0.639762,0.198497,-0.13861,0.727546,0.49679,0.153767,0.648482,0.16236,-0.165993,0.730329,0.481849,0.126369,0.639102,0.156673,-0.157105,0.728877,0.493863,0.137455,0.636687,0.168226,-0.140813,0.653814,0.605438,0.048888,0.659178,0.605314,-0.049202,0.583605,0.735821,-0.008166,0.73383,0.726478,-0.072445,0.504394,0.842622,-0.029249,0.775262,0.848421,-0.022686,0.496413,0.860584,-0.033629,0.752263,0.873864,-0.018069,0.487565,0.880206,-0.108348,0.789875,0.89918,-0.074645
EH_Lat_1_3.9.26,180,1132.0,231.0,0,1129.49,245.3,0.9709,1362.11,555.0,0.6583,0.718564,0.355029,0.2493,0.71567,0.34182,0.243509,0.713587,0.340916,0.243367,0.711571,0.340037,0.243344,0.717988,0.343657,0.227441,0.717398,0.343969,0.227236,0.716893,0.344097,0.227156,0.702249,0.338205,0.205341,0.708791,0.343448,0.133186,0.710365,0.365678,0.240608,0.713249,0.367264,0.21832,0.663917,0.390265,0.178417,0.716415,0.407844,0.05352,0.64047,0.324036,0.199008,0.708785,0.478649,-0.038988,0.679856,0.237074,0.185335,0.709433,0.513887,-0.086776,0.67275,0.217516,0.177353,0.71817,0.534247,-0.10487,0.685136,0.205153,0.178484,0.716792,0.533047,-0.102145,0.722649,0.214147,0.185183,0.708531,0.514399,-0.087081,0.655227,0.605475,0.050812,0.691098,0.607126,-0.051149,0.593302,0.74211,-0.003407,0.744133,0.726852,-0.019498,0.514286,0.846178,-0.082927,0.78114,0.856283,-0.002197,0.502112,0.85987,-0.092534,0.770759,0.889759,0.000698,0.505712,0.893272,-0.147497,0.818055,0.901066,-0.029943
EH_Lat_1_3.9.26,181,1116.78,308.61,0,1116.78,308.61,0.9769,1376.24,532.36,0.593,0.7325,0.359204,0.287295,0.729248,0.348318,0.284085,0.727502,0.347699,0.283926,0.725639,0.347112,0.283871,0.730661,0.350113,0.264101,0.729971,0.350805,0.263936,0.729358,0.351413,0.263893,0.714184,0.347327,0.250153,0.720395,0.3537,0.161448,0.725608,0.372165,0.28021,0.727782,0.373727,0.253166,0.673716,0.393162,0.223625,0.733941,0.423174,0.060225,0.633138,0.35019,0.272294,0.730185,0.490721,-0.035358,0.665063,0.29332,0.320438,0.716791,0.492926,-0.03917,0.627163,0.280037,0.326183,0.717551,0.495202,-0.048706,0.629683,0.273992,0.330571,0.712128,0.490321,-0.042638,0.661664,0.280387,0.323147,0.708427,0.485118,-0.03713,0.666422,0.610532,0.053021,0.705118,0.614162,-0.053228,0.608819,0.754702,-0.005774,0.747338,0.730242,0.009584,0.522164,0.851356,-0.133547,0.782603,0.862139,0.033169,0.510212,0.860648,-0.14706,0.77385,0.897342,0.036728,0.520602,0.913477,-0.19962,0.818523,0.9062,0.013773
EH_Lat_1_3.9.26,182,1098.0,388.0,0,1090.58,382.24,0.9553,1148.48,396.42,0.629,0.750134,0.35932,-0.0001,0.744069,0.34836,0.013505,0.742856,0.347795,0.01334,0.741734,0.347293,0.013443,0.743915,0.35012,-0.011004,0.742709,0.350796,-0.011231,0.741621,0.351369,-0.011285,0.731525,0.350139,0.078831,0.731318,0.354876,-0.033025,0.746531,0.372881,0.026105,0.746536,0.374172,-0.00777,0.736322,0.423583,0.123662,0.701495,0.417702,-0.050703,0.712875,0.505615,0.138859,0.677367,0.42776,-0.07224,0.716244,0.566961,0.066897,0.598168,0.367056,-0.138448,0.715424,0.58121,0.0616,0.58231,0.34809,-0.15768,0.719023,0.573846,0.034758,0.581672,0.346658,-0.170528,0.720513,0.56635,0.053184,0.586098,0.356036,-0.147699,0.708708,0.617511,0.05534,0.683271,0.614706,-0.055293,0.746086,0.752665,0.066119,0.683147,0.74678,-0.109444,0.772888,0.87363,0.109727,0.586272,0.864636,-0.108313,0.763075,0.898177,0.108919,0.565485,0.881655,-0.110397,0.808704,0.926824,0.033359,0.589802,0.920227,-0.207267
EH_Lat_1_3.9.26,183,1122.39,479.33,0,1122.39,479.33,0.9541,1126.11,430.46,0.6614,0.762576,0.360952,-0.06187,0.758629,0.350897,-0.045665,0.758251,0.350456,-0.045815,0.757976,0.350068,-0.04571,0.756941,0.35249,-0.071174,0.755265,0.353033,-0.0714,0.753802,0.353438,-0.071489,0.749315,0.353565,0.036229,0.743924,0.356938,-0.080619,0.75932,0.3744,-0.02907,0.758097,0.375416,-0.06425,0.752869,0.434544,0.104422,0.703779,0.41587,-0.098328,0.731965,0.526459,0.120712,0.658934,0.431139,-0.169768,0.72471,0.607699,0.039041,0.586517,0.398574,-0.262189,0.724299,0.625321,0.031762,0.570252,0.377419,-0.293827,0.726987,0.618869,0.004752,0.570162,0.383481,-0.303067,0.727128,0.611076,0.025192,0.575207,0.393314,-0.270171,0.720124,0.620701,0.060104,0.687385,0.615098,-0.059942,0.75908,0.749069,0.070229,0.655789,0.760434,-0.110369,0.783482,0.878049,0.140606,0.571633,0.865655,-0.097178,0.773352,0.904659,0.141929,0.551438,0.881048,-0.098647,0.819108,0.929747,0.061604,0.57556,0.928236,-0.203186
EH_Lat_1_3.9.26,184,1164.0,570.0,0,1178.35,572.29,0.9754,1147.54,549.44,0.6949,0.773076,0.361699,-0.094621,0.769394,0.35176,-0.080397,0.768754,0.351448,-0.080529,0.768194,0.351165,-0.080476,0.768231,0.352916,-0.107765,0.766788,0.353319,-0.107996,0.765391,0.353605,-0.108101,0.758835,0.354514,-0.005469,0.754747,0.357097,-0.129206,0.769799,0.375345,-0.063436,0.768821,0.375721,-0.100656,0.756642,0.43431,0.072055,0.718986,0.415874,-0.153178,0.737875,0.518692,0.093096,0.664909,0.468749,-0.214957,0.735195,0.588291,0.00864,0.597678,0.508738,-0.271889,0.735401,0.603384,-0.000775,0.586538,0.510936,-0.300704,0.737693,0.597956,-0.02834,0.584523,0.512562,-0.311281,0.737127,0.591808,-0.005891,0.589993,0.515669,-0.278428,0.726721,0.62033,0.060921,0.692005,0.614218,-0.060734,0.761856,0.744938,-0.045555,0.654312,0.768159,-0.104545,0.783503,0.879313,0.016354,0.579994,0.876717,-0.082248,0.773591,0.906645,0.017137,0.563024,0.883039,-0.081924,0.818435,0.929491,-0.066692,0.579346,0.935093,-0.17523
EH_Lat_1_3.9.26,185,1238.0,641.0,0,1237.72,654.87,0.9833,1211.14,635.73,0.7252,0.78028,0.365322,-0.104982,0.77566,0.354604,-0.092465,0.774396,0.354241,-0.092613,0.773183,0.353901,-0.092543,0.775393,0.355083,-0.121442,0.774096,0.355156,-0.121682,0.772932,0.355151,-0.121793,0.763745,0.356655,-0.024699,0.763769,0.358618,-0.155684,0.776067,0.378205,-0.075797,0.775592,0.37793,-0.115087,0.759352,0.435402,0.064809,0.732612,0.422207,-0.191555,0.740654,0.522445,0.097443,0.687229,0.506266,-0.244039,0.741151,0.597298,0.02071,0.630801,0.588638,-0.282131,0.741413,0.612603,0.014123,0.611265,0.603723,-0.312185,0.744654,0.603014,-0.015302,0.608913,0.604914,-0.320864,0.744159,0.602356,0.005949,0.618681,0.601808,-0.287147,0.729102,0.619696,0.068984,0.696482,0.612489,-0.068914,0.761222,0.742305,-0.016474,0.662901,0.766683,-0.089173,0.783242,0.878433,0.057637,0.588843,0.879441,-0.046504,0.772536,0.904171,0.056969,0.576185,0.884346,-0.046454,0.817321,0.927871,-0.020967,0.589402,0.937902,-0.169912
EH_Lat_1_3.9.26,186,1330.0,693.0,0,1330.84,694.05,0.9798,1325.61,690.26,0.7483,0.790881,0.365348,-0.085573,0.785389,0.354455,-0.071581,0.78353,0.354015,-0.071731,0.781696,0.353603,-0.071659,0.785651,0.354789,-0.102542,0.784154,0.354665,-0.102763,0.782814,0.354463,-0.102875,0.771419,0.356465,-0.007625,0.772242,0.357865,-0.148167,0.784802,0.378194,-0.05828,0.785183,0.377919,-0.100374,0.754815,0.432816,0.080683,0.745616,0.423112,-0.207733,0.732296,0.53337,0.114478,0.711951,0.527564,-0.272005,0.725929,0.640131,0.052869,0.690421,0.639127,-0.284459,0.724831,0.660254,0.050926,0.681683,0.669582,-0.317042,0.728,0.647047,0.023138,0.686996,0.669087,-0.312916,0.730315,0.650541,0.03961,0.690239,0.661302,-0.283835,0.716345,0.613103,0.085469,0.701039,0.608299,-0.085461,0.758596,0.741318,0.092786,0.671501,0.765846,-0.09835,0.781322,0.877973,0.133324,0.606165,0.882225,-0.075391,0.772651,0.904817,0.1307,0.592524,0.887381,-0.076909,0.786315,0.931429,0.060931,0.605748,0.938209,-0.169593
EH_Lat_1_3.9.26,187,1438.0,699.0,0,1432.69,712.27,0.902,1424.06,705.81,0.7528,0.798959,0.364043,-0.184294,0.79402,0.352878,-0.172096,0.792475,0.352359,-0.1723,0.791068,0.35186,-0.172257,0.793805,0.35297,-0.201847,0.792162,0.352628,-0.202077,0.790634,0.352183,-0.202216,0.780861,0.354604,-0.103701,0.780248,0.355484,-0.238946,0.793331,0.377004,-0.154702,0.793142,0.376807,-0.19519,0.762347,0.431449,-2.3e-05,0.753701,0.423102,-0.277952,0.738465,0.535264,0.040854,0.739938,0.542126,-0.322198,0.740831,0.628588,-0.024672,0.741698,0.653525,-0.321401,0.738876,0.661187,-0.028564,0.741555,0.685193,-0.356135,0.74428,0.657604,-0.060164,0.748742,0.686411,-0.35348,0.742398,0.646596,-0.038882,0.746798,0.67293,-0.321235,0.722193,0.609794,0.085014,0.701521,0.604479,-0.085005,0.758947,0.74014,0.123771,0.677749,0.765341,-0.105229,0.78188,0.877511,0.205766,0.617616,0.879037,-0.047578,0.773074,0.903536,0.208062,0.604142,0.882435,-0.043647,0.811358,0.92535,0.142787,0.609157,0.936664,-0.13475
EH_Lat_1_3.9.26,188,1536.01,687.21,0,1536.01,687.21,0.9748,1526.73,687.99,0.7676,0.803116,0.358158,-0.096809,0.796736,0.345681,-0.083647,0.795171,0.345425,-0.083814,0.793814,0.345263,-0.083756,0.796713,0.345793,-0.112133,0.795056,0.345675,-0.112369,0.79345,0.345561,-0.112488,0.784753,0.350233,-0.023242,0.78373,0.350948,-0.151911,0.797502,0.371561,-0.070454,0.797193,0.371962,-0.109319,0.764269,0.431042,0.055144,0.76038,0.422927,-0.204328,0.754298,0.532304,0.083733,0.76663,0.547215,-0.248489,0.7771,0.626252,0.034175,0.795174,0.637026,-0.248372,0.781546,0.643381,0.029477,0.808693,0.655148,-0.277667,0.791911,0.639988,0.006208,0.811892,0.654217,-0.274662,0.79111,0.63786,0.02277,0.806049,0.649173,-0.248824,0.725987,0.603123,0.084078,0.704432,0.595319,-0.084063,0.759591,0.737383,0.092121,0.682382,0.761124,-0.133772,0.782706,0.87677,0.146636,0.623222,0.87093,-0.063145,0.773231,0.903829,0.146667,0.609381,0.871949,-0.058128,0.816605,0.924335,0.082302,0.612692,0.930465,-0.139637
EH_Lat_1_3.9.26,189,1606.43,633.67,0,1606.43,633.67,0.9841,1599.82,641.78,0.7821,0.808026,0.349445,-0.061952,0.802128,0.33658,-0.062913,0.800587,0.336698,-0.06308,0.799182,0.336909,-0.063176,0.802245,0.336551,-0.081808,0.800722,0.336732,-0.08204,0.799188,0.336895,-0.082153,0.789321,0.343682,0.022428,0.78908,0.344095,-0.149388,0.802679,0.363548,-0.052754,0.802566,0.363977,-0.078939,0.765873,0.423738,0.122598,0.76834,0.416617,-0.165298,0.743082,0.512263,0.150893,0.790769,0.531536,-0.227635,0.744315,0.593624,0.044368,0.83324,0.594244,-0.174093,0.741947,0.610327,0.043107,0.84316,0.607455,-0.205006,0.746601,0.608072,0.009002,0.845327,0.603234,-0.18757,0.74869,0.602705,0.027154,0.840292,0.59848,-0.167244,0.730062,0.596313,0.084879,0.708059,0.588815,-0.084875,0.760315,0.736337,0.082999,0.686655,0.751314,-0.134055,0.778849,0.877716,0.12228,0.628854,0.855385,-0.064546,0.771559,0.904001,0.123164,0.615254,0.853776,-0.059021,0.811264,0.920344,0.066883,0.618121,0.91912,-0.13546
EH_Lat_1_3.9.26,190,1654.22,576.59,0,1654.22,576.59,0.9677,1652.32,604.4,0.7986,0.811096,0.34556,-0.041245,0.805996,0.332387,-0.035663,0.804474,0.332403,-0.035825,0.803114,0.332535,-0.03583,0.806168,0.332114,-0.058909,0.80468,0.332073,-0.059141,0.803185,0.332033,-0.059248,0.793526,0.338036,0.028705,0.792466,0.338252,-0.113292,0.804903,0.358965,-0.025248,0.804754,0.359093,-0.056852,0.776593,0.414926,0.125735,0.774252,0.396612,-0.165865,0.804192,0.502165,0.150795,0.812985,0.517366,-0.22297,0.857991,0.56532,0.054636,0.860586,0.559633,-0.198442,0.871992,0.580982,0.052302,0.87466,0.56905,-0.2351,0.875518,0.576631,0.021331,0.878654,0.566618,-0.217169,0.871117,0.572922,0.039254,0.872504,0.563132,-0.192225,0.733959,0.592269,0.086157,0.710322,0.582637,-0.08615,0.760427,0.734724,0.094458,0.687443,0.742526,-0.126949,0.778666,0.877153,0.155961,0.630651,0.843045,-0.0537,0.770608,0.902029,0.156961,0.61743,0.840431,-0.047204,0.812313,0.919434,0.088998,0.621766,0.911463,-0.123551
EH_Lat_1_3.9.26,191,1687.44,523.34,0,1687.44,523.34,0.9646,1686.25,558.78,0.8114,0.81327,0.342591,0.007229,0.809457,0.328051,0.017376,0.807964,0.327682,0.017192,0.806587,0.327407,0.01727,0.809602,0.327638,-0.011397,0.808191,0.3271,-0.011623,0.806798,0.326464,-0.011718,0.79633,0.329974,0.073147,0.796015,0.329498,-0.066099,0.80641,0.354935,0.02989,0.806453,0.354634,-0.009254,0.777643,0.398006,0.158627,0.781364,0.380876,-0.158432,0.75527,0.489634,0.173309,0.828514,0.486662,-0.208782,0.761715,0.552694,0.06109,0.878253,0.51739,-0.130543,0.762394,0.571294,0.059478,0.89184,0.525753,-0.157998,0.765935,0.567561,0.030053,0.895743,0.516721,-0.138656,0.766553,0.561795,0.046893,0.889399,0.512081,-0.122573,0.735641,0.584814,0.087194,0.716073,0.575908,-0.087241,0.761601,0.733605,0.088523,0.688813,0.733555,-0.125634,0.777936,0.877798,0.125966,0.633026,0.831212,-0.036132,0.769929,0.903216,0.12639,0.619467,0.826275,-0.029917,0.813788,0.918204,0.06522,0.626123,0.90723,-0.095657
EH_Lat_1_3.9.26,192,1709.26,471.91,0,1709.26,471.91,0.9275,1714.17,495.59,0.8265,0.815378,0.335258,0.018873,0.811367,0.32016,0.031298,0.810102,0.319981,0.031115,0.808962,0.319952,0.031219,0.81116,0.319621,0.001943,0.809777,0.31918,0.00171,0.808462,0.318702,0.001609,0.799494,0.324248,0.087706,0.798298,0.323099,-0.047268,0.809281,0.3483,0.043595,0.809068,0.347851,0.003662,0.777415,0.386466,0.170686,0.786556,0.369905,-0.144395,0.750648,0.486627,0.212883,0.843894,0.454864,-0.188387,0.750368,0.546251,0.146784,0.892795,0.45888,-0.116608,0.747769,0.566038,0.151218,0.905702,0.461939,-0.141899,0.751989,0.563659,0.125507,0.906781,0.448993,-0.12169,0.754254,0.55742,0.135163,0.90089,0.44642,-0.108588,0.73774,0.578552,0.086202,0.722418,0.570106,-0.086284,0.763347,0.730734,0.06108,0.690724,0.724505,-0.089709,0.779014,0.876899,0.110443,0.634424,0.820211,-0.005121,0.770048,0.902765,0.113571,0.621361,0.813791,0.001176,0.811531,0.916415,0.058857,0.628802,0.900463,-0.061187
EH_Lat_1_3.9.26,193,1718.0,446.0,0,1717.03,435.34,0.9386,1709.93,450.81,0.8286,0.815771,0.329045,0.028537,0.811589,0.314348,0.041014,0.810379,0.314265,0.040818,0.809294,0.314321,0.040917,0.811769,0.313851,0.012508,0.810649,0.31348,0.012278,0.809629,0.313065,0.012174,0.800348,0.319036,0.095186,0.800173,0.317886,-0.033895,0.811217,0.342074,0.052735,0.811214,0.341177,0.013934,0.782258,0.380968,0.171039,0.790148,0.361656,-0.124663,0.756845,0.481569,0.208742,0.85086,0.424814,-0.16425,0.751348,0.541859,0.140429,0.89059,0.417419,-0.087644,0.749227,0.559361,0.142452,0.901775,0.41386,-0.108976,0.754303,0.558412,0.118508,0.903704,0.403843,-0.091916,0.756542,0.551961,0.129216,0.897846,0.402852,-0.080732,0.747395,0.57528,0.084802,0.726881,0.56397,-0.084896,0.765106,0.726727,0.053689,0.695343,0.716577,-0.076101,0.778356,0.875255,0.103242,0.636675,0.808568,0.011703,0.768712,0.901195,0.1042,0.624111,0.802015,0.018509,0.812629,0.914796,0.046192,0.631928,0.88985,-0.045237
EH_Lat_1_3.9.26,194,1738.0,413.0,0,1724.14,410.77,0.9315,1723.53,424.83,0.8404,0.820463,0.328238,0.026419,0.81654,0.313486,0.037693,0.815255,0.313282,0.037575,0.814122,0.313222,0.037597,0.816228,0.31286,0.011869,0.814705,0.312296,0.01163,0.813251,0.311669,0.011504,0.805038,0.316911,0.082463,0.803006,0.314769,-0.043175,0.815328,0.340383,0.044914,0.814786,0.339113,0.009212,0.784326,0.379497,0.160451,0.79391,0.356472,-0.126965,0.762072,0.479466,0.208336,0.858578,0.404165,-0.16875,0.759841,0.539214,0.147477,0.897673,0.393362,-0.120057,0.75865,0.55572,0.149617,0.908917,0.385214,-0.144329,0.760973,0.555002,0.123955,0.91046,0.377784,-0.129021,0.763082,0.548459,0.135601,0.903478,0.380088,-0.114409,0.752655,0.575025,0.083882,0.732272,0.564302,-0.08398,0.76636,0.724325,0.061375,0.700003,0.712734,-0.059624,0.777125,0.87406,0.12145,0.638153,0.797763,0.038677,0.76854,0.899866,0.122737,0.625473,0.78971,0.04629,0.813406,0.913764,0.05849,0.633318,0.876651,-0.020485
EH_Lat_1_3.9.26,195,1738.0,406.0,0,1721.97,401.49,0.933,1727.13,412.94,0.8489,0.821749,0.324766,0.021177,0.818096,0.309782,0.033744,0.816893,0.309481,0.033575,0.815868,0.309358,0.03365,0.817703,0.30914,0.005732,0.816201,0.308411,0.005493,0.814827,0.307512,0.005383,0.806694,0.312502,0.089906,0.804493,0.309919,-0.041746,0.817003,0.336665,0.044898,0.816498,0.335306,0.006261,0.783462,0.378206,0.171057,0.796834,0.351044,-0.125843,0.769438,0.478704,0.228919,0.858303,0.383318,-0.171126,0.775482,0.537448,0.18118,0.899549,0.382348,-0.120549,0.774992,0.553566,0.186399,0.910118,0.379716,-0.143807,0.778431,0.553396,0.158474,0.910922,0.374713,-0.127559,0.778326,0.546265,0.168552,0.905066,0.374888,-0.114463,0.757626,0.573309,0.083719,0.73859,0.563261,-0.08383,0.768046,0.720741,0.066562,0.705522,0.711248,-0.069269,0.778075,0.873034,0.119378,0.639983,0.788603,0.013374,0.769069,0.899384,0.119802,0.626093,0.780774,0.019704,0.815861,0.913033,0.055347,0.63524,0.868311,-0.045402
EH_Lat_1_3.9.26,196,1749.0,397.0,0,1735.25,398.41,0.9289,1737.93,409.72,0.8572,0.822895,0.320328,0.027652,0.818907,0.306061,0.039537,0.817726,0.305827,0.039343,0.816711,0.305725,0.039437,0.8188,0.305118,0.011464,0.817503,0.304219,0.011219,0.81631,0.303119,0.011106,0.808181,0.308823,0.094523,0.807097,0.305573,-0.03524,0.817794,0.33195,0.051818,0.817532,0.330286,0.013102,0.784164,0.374543,0.173228,0.798765,0.347423,-0.121618,0.769691,0.472873,0.252716,0.857333,0.371527,-0.195396,0.775865,0.536767,0.245213,0.90517,0.379366,-0.172425,0.776296,0.552167,0.256581,0.919805,0.377338,-0.200573,0.779717,0.550904,0.229381,0.922101,0.373544,-0.174965,0.779435,0.544641,0.234205,0.917068,0.373953,-0.163719,0.761889,0.572234,0.083198,0.746202,0.56286,-0.08331,0.769543,0.718961,0.072312,0.71103,0.710857,-0.073047,0.778586,0.872245,0.121038,0.642889,0.78215,-0.002796,0.768517,0.898909,0.121235,0.62746,0.772027,0.002595,0.814796,0.912798,0.058604,0.638529,0.861259,-0.062311
EH_Lat_1_3.9.26,197,1749.0,393.0,0,1742.77,397.41,0.9411,1747.5,407.44,0.869,0.824085,0.319136,0.020764,0.820187,0.305359,0.032468,0.819111,0.305144,0.03228,0.818138,0.304988,0.032368,0.819781,0.304286,0.004795,0.818445,0.303348,0.004552,0.817214,0.302225,0.004438,0.810496,0.307918,0.087973,0.808505,0.304475,-0.036613,0.818996,0.330719,0.045031,0.81832,0.329022,0.007235,0.790204,0.374,0.168776,0.800806,0.345947,-0.120119,0.775993,0.467769,0.263072,0.86182,0.370238,-0.208733,0.780807,0.534721,0.282475,0.910157,0.377257,-0.208035,0.783572,0.55074,0.29751,0.924865,0.380857,-0.239016,0.787706,0.549734,0.269711,0.928987,0.374809,-0.216118,0.786733,0.54238,0.271987,0.921814,0.373791,-0.200639,0.767475,0.571889,0.083137,0.751785,0.563197,-0.083248,0.773325,0.717673,0.080635,0.718239,0.711865,-0.071873,0.778932,0.871686,0.134017,0.645614,0.774216,0.012219,0.768578,0.899071,0.134743,0.629632,0.764921,0.019213,0.814023,0.912644,0.072233,0.641499,0.849855,-0.043323
EH_Lat_1_3.9.26,198,1759.86,405.26,0,1755.92,408.45,0.9296,1759.86,405.26,0.88,0.829322,0.319072,0.016893,0.82524,0.305188,0.0285,0.823883,0.304831,0.028315,0.822692,0.304498,0.0284,0.824693,0.304105,0.000906,0.822972,0.303034,0.000666,0.821366,0.301777,0.000555,0.813306,0.307672,0.083792,0.811149,0.304277,-0.040369,0.823635,0.330927,0.04102,0.822965,0.329164,0.00339,0.790102,0.370517,0.164751,0.802633,0.346872,-0.120648,0.776643,0.46576,0.255936,0.867196,0.367805,-0.213408,0.788602,0.533953,0.271143,0.916594,0.375243,-0.215399,0.789793,0.550352,0.285253,0.932715,0.384251,-0.246878,0.793464,0.548311,0.257226,0.935559,0.379018,-0.225243,0.794236,0.541776,0.260591,0.929333,0.375835,-0.208479,0.771624,0.572581,0.08292,0.757014,0.564357,-0.083025,0.775892,0.716495,0.085937,0.727202,0.71476,-0.099122,0.77931,0.871386,0.139359,0.650652,0.771638,-0.008871,0.768461,0.898314,0.140294,0.635422,0.758545,0.00122,0.813215,0.911026,0.088332,0.642604,0.848251,-0.059092
EH_Lat_1_3.9.26,199,1768.58,409.72,0,1768.09,417.86,0.9445,1768.58,409.72,0.8899,0.830049,0.316872,0.01655,0.825568,0.302645,0.027661,0.824243,0.302079,0.027475,0.823114,0.301608,0.027556,0.825004,0.301584,0.001477,0.823286,0.300376,0.001247,0.821732,0.299081,0.001152,0.813561,0.304681,0.081811,0.811661,0.301776,-0.037345,0.82459,0.329032,0.040303,0.823745,0.327388,0.004319,0.7934,0.368514,0.162228,0.802973,0.347522,-0.118486,0.78546,0.460134,0.253773,0.866654,0.366275,-0.211115,0.796569,0.533454,0.278822,0.921134,0.379368,-0.222831,0.79976,0.549649,0.293826,0.936472,0.391088,-0.255121,0.803283,0.547266,0.266146,0.939638,0.386064,-0.235256,0.803829,0.541163,0.268735,0.933767,0.381783,-0.216884,0.777139,0.571749,0.08267,0.763828,0.564106,-0.082769,0.779725,0.716794,0.08593,0.736849,0.717068,-0.114527,0.780259,0.871106,0.133456,0.656752,0.770852,-0.036248,0.769135,0.897894,0.133768,0.642518,0.757903,-0.028153,0.817955,0.910547,0.082802,0.646171,0.846711,-0.065078
EH_Lat_1_3.9.26,200,1782.52,422.66,0,1777.42,425.35,0.9432,1782.52,422.66,0.8988,0.836249,0.314347,0.025404,0.831538,0.300471,0.036407,0.830081,0.300057,0.036227,0.828649,0.299707,0.036312,0.831442,0.299323,0.010931,0.829981,0.298291,0.010692,0.828531,0.29718,0.010589,0.818938,0.303055,0.090467,0.818228,0.300574,-0.027287,0.831012,0.326881,0.049307,0.830665,0.325274,0.013994,0.796222,0.363886,0.17353,0.812198,0.346678,-0.113478,0.78576,0.45927,0.252537,0.875104,0.374962,-0.21099,0.798086,0.533153,0.259906,0.928393,0.39135,-0.207858,0.797804,0.54935,0.272729,0.941287,0.401052,-0.236345,0.80435,0.546587,0.247506,0.944499,0.397834,-0.224063,0.804287,0.540649,0.250284,0.939313,0.394278,-0.204683,0.778955,0.569991,0.083259,0.770688,0.564881,-0.083348,0.781189,0.717038,0.097436,0.746935,0.718599,-0.130532,0.781651,0.870792,0.150438,0.664059,0.770738,-0.041309,0.769246,0.898198,0.151615,0.648859,0.755595,-0.032263,0.82041,0.910482,0.107532,0.652797,0.84736,-0.068759
EH_Lat_1_3.9.26,201,1793.19,435.05,0,1782.32,436.39,0.9463,1793.19,435.05,0.9051,0.840396,0.316786,0.039343,0.836467,0.302417,0.049527,0.834908,0.301896,0.04935,0.833512,0.30143,0.049435,0.836461,0.301417,0.023703,0.835076,0.300405,0.023462,0.833818,0.299281,0.023363,0.823499,0.304386,0.098921,0.82308,0.302228,-0.020767,0.834829,0.328666,0.061611,0.834767,0.327393,0.025793,0.797794,0.361163,0.177021,0.815104,0.348714,-0.109493,0.782246,0.457739,0.250945,0.879007,0.382824,-0.205095,0.793025,0.533784,0.2603,0.933951,0.402825,-0.203252,0.79429,0.550571,0.273733,0.94697,0.411671,-0.234784,0.798869,0.549802,0.250207,0.950485,0.407605,-0.209365,0.799897,0.542719,0.251616,0.944684,0.404906,-0.194398,0.781342,0.568121,0.083815,0.776619,0.565881,-0.083898,0.782102,0.717142,0.104816,0.757178,0.719111,-0.145579,0.782549,0.870503,0.151249,0.671733,0.77168,-0.077339,0.768637,0.89792,0.151908,0.656266,0.757339,-0.070077,0.821012,0.910322,0.110314,0.660046,0.850106,-0.101304
EH_Lat_1_3.9.26,202,1789.4,457.1,0,1789.4,457.1,0.9519,1802.37,442.44,0.9123,0.843752,0.318191,0.049622,0.84041,0.303654,0.059274,0.838951,0.30308,0.059107,0.837565,0.302531,0.059172,0.84017,0.302635,0.033504,0.838713,0.301571,0.033251,0.837388,0.300386,0.033144,0.827131,0.304068,0.106319,0.826496,0.302241,-0.013435,0.838029,0.329569,0.071146,0.837749,0.328353,0.035335,0.802736,0.360347,0.186453,0.818938,0.347616,-0.106616,0.789445,0.45425,0.269494,0.880508,0.389845,-0.203324,0.800455,0.532348,0.294288,0.938733,0.409667,-0.196119,0.801862,0.548067,0.311123,0.951553,0.417751,-0.226191,0.805999,0.548887,0.288309,0.953537,0.414795,-0.20537,0.807615,0.541301,0.286568,0.94796,0.405826,-0.189061,0.785796,0.566533,0.086329,0.782598,0.565858,-0.086417,0.785491,0.717396,0.101159,0.769472,0.719804,-0.180214,0.781146,0.870348,0.139617,0.679188,0.773248,-0.133776,0.766957,0.89813,0.139637,0.663556,0.759134,-0.128397,0.820326,0.910985,0.095513,0.669893,0.852584,-0.162625
EH_Lat_1_3.9.26,203,1791.68,472.31,0,1791.68,472.31,0.9568,1808.34,457.42,0.9193,0.846377,0.317075,0.047711,0.842769,0.302353,0.057552,0.841309,0.301835,0.057393,0.839954,0.301341,0.057456,0.842628,0.301223,0.032008,0.841207,0.300172,0.031763,0.839975,0.299006,0.031661,0.829624,0.302597,0.10437,0.829275,0.300705,-0.013749,0.840333,0.328512,0.069189,0.839994,0.327172,0.033831,0.804077,0.360007,0.186316,0.821491,0.347666,-0.10831,0.794936,0.451712,0.249195,0.882226,0.393609,-0.192939,0.803084,0.532191,0.242685,0.941841,0.423536,-0.179151,0.802503,0.549698,0.253131,0.953407,0.444253,-0.210446,0.806206,0.55073,0.229561,0.956012,0.444494,-0.18793,0.808784,0.543108,0.233496,0.950379,0.43662,-0.170615,0.785978,0.562458,0.088552,0.78923,0.565157,-0.088669,0.7882,0.717686,0.097892,0.778281,0.720596,-0.172464,0.781596,0.870181,0.135511,0.687244,0.77616,-0.150591,0.768195,0.897959,0.132569,0.670684,0.764558,-0.148288,0.820411,0.910794,0.085725,0.682448,0.855317,-0.190569
EH_Lat_1_3.9.26,204,1787.03,487.2,0,1787.03,487.2,0.9674,1800.53,476.31,0.9257,0.849515,0.315773,0.041869,0.846275,0.300962,0.05176,0.84489,0.300414,0.05159,0.843652,0.29994,0.051642,0.846014,0.299859,0.026551,0.84456,0.298759,0.026308,0.843221,0.297525,0.026203,0.833939,0.300669,0.099218,0.832916,0.298843,-0.017367,0.843672,0.327253,0.063432,0.843413,0.325913,0.028536,0.806878,0.360225,0.179738,0.823593,0.347696,-0.109321,0.795022,0.449707,0.260367,0.883885,0.394708,-0.201063,0.802477,0.530556,0.289578,0.937774,0.441025,-0.218313,0.800956,0.54982,0.306361,0.948095,0.463554,-0.250859,0.803452,0.548842,0.283198,0.949886,0.463406,-0.232307,0.807006,0.543265,0.282026,0.945884,0.456946,-0.211812,0.787857,0.561639,0.088035,0.793066,0.564913,-0.088157,0.793717,0.717822,0.09704,0.786153,0.721468,-0.175797,0.782485,0.870148,0.091875,0.700076,0.779733,-0.165783,0.76924,0.897735,0.08727,0.683825,0.767494,-0.164723,0.82049,0.910584,0.046885,0.695762,0.859447,-0.204029
EH_Lat_1_3.9.26,205,1795.46,507.63,0,1795.46,507.63,0.9693,1803.01,501.19,0.9315,0.852326,0.315005,0.036032,0.84991,0.300244,0.046333,0.848661,0.299738,0.04616,0.847501,0.299323,0.046221,0.849191,0.298909,0.020637,0.84749,0.297639,0.020395,0.845907,0.296263,0.020289,0.837099,0.299386,0.095505,0.834809,0.296843,-0.021881,0.846553,0.326466,0.058286,0.845584,0.325092,0.022898,0.811725,0.362253,0.179751,0.826081,0.348478,-0.109928,0.802942,0.45088,0.267178,0.882714,0.40578,-0.204773,0.804144,0.531799,0.299496,0.939067,0.464062,-0.220651,0.800921,0.554915,0.317091,0.949186,0.48698,-0.2537,0.804177,0.555338,0.293972,0.951174,0.487157,-0.234901,0.807495,0.548215,0.292291,0.947979,0.481152,-0.214054,0.794046,0.562645,0.089291,0.795594,0.564955,-0.08942,0.799584,0.717964,0.092761,0.794199,0.722034,-0.170873,0.78272,0.870044,0.097636,0.71072,0.783909,-0.149451,0.767151,0.89759,0.094711,0.694084,0.773105,-0.14699,0.821323,0.910796,0.047869,0.710802,0.861632,-0.186843
EH_Lat_1_3.9.26,206,1808.0,535.0,0,1794.66,532.91,0.9775,1809.12,531.75,0.9373,0.856577,0.314229,0.042351,0.853891,0.299083,0.052897,0.852703,0.298565,0.052731,0.851551,0.298171,0.052755,0.853275,0.297596,0.028718,0.851675,0.296202,0.028472,0.850095,0.294742,0.028364,0.841258,0.298559,0.10041,0.838919,0.295638,-0.01113,0.850909,0.32576,0.063737,0.850332,0.32461,0.030171,0.813053,0.361997,0.183083,0.830492,0.349427,-0.10139,0.804422,0.453726,0.294672,0.883594,0.421761,-0.199902,0.807227,0.53392,0.378012,0.942249,0.492362,-0.212328,0.803322,0.558346,0.404514,0.952913,0.514305,-0.243483,0.807997,0.55546,0.383341,0.955376,0.514466,-0.22463,0.811547,0.553019,0.373339,0.951804,0.508048,-0.205684,0.79285,0.560748,0.088817,0.803259,0.564179,-0.088951,0.800439,0.718256,0.089911,0.810373,0.722395,-0.179365,0.782312,0.870236,0.074419,0.726985,0.786076,-0.205287,0.766991,0.897498,0.069194,0.708929,0.776835,-0.207509,0.822637,0.910971,0.033638,0.72569,0.863687,-0.241477
EH_Lat_1_3.9.26,207,1798.0,542.0,0,1787.02,543.65,0.9855,1795.61,543.37,0.9391,0.860119,0.312439,0.04429,0.857448,0.297853,0.055097,0.856466,0.297482,0.054932,0.855604,0.297252,0.054949,0.856273,0.296336,0.031574,0.854507,0.295049,0.031327,0.852797,0.293696,0.031221,0.846059,0.297433,0.103238,0.842098,0.294207,-0.005379,0.854532,0.323969,0.06594,0.853467,0.323022,0.033232,0.816784,0.360769,0.184569,0.835516,0.349379,-0.09454,0.802016,0.456658,0.28924,0.882134,0.438222,-0.197139,0.81278,0.533876,0.356073,0.935214,0.503125,-0.212853,0.809478,0.55849,0.37937,0.9457,0.527955,-0.24245,0.815719,0.554642,0.358822,0.947038,0.528507,-0.224565,0.81749,0.553655,0.350719,0.942882,0.520223,-0.206565,0.796033,0.56005,0.088924,0.809153,0.564608,-0.089076,0.802836,0.718238,0.100941,0.820897,0.722585,-0.169813,0.782891,0.870108,0.086177,0.73996,0.791729,-0.20789,0.768031,0.897104,0.082837,0.721665,0.784374,-0.21162,0.821231,0.910832,0.04704,0.744359,0.872012,-0.247332
EH_Lat_1_3.9.26,208,1786.0,569.0,0,1786.42,567.43,0.9858,1789.2,558.24,0.9429,0.865004,0.310659,0.071014,0.861738,0.296322,0.079998,0.86057,0.295986,0.07984,0.859465,0.295751,0.079851,0.861223,0.29499,0.055567,0.859723,0.293846,0.055337,0.858232,0.292608,0.05526,0.849747,0.295759,0.117855,0.847709,0.292922,0.005655,0.859372,0.322333,0.089188,0.858906,0.321137,0.055437,0.8197,0.360868,0.191369,0.838743,0.349535,-0.087829,0.813438,0.459535,0.275426,0.88111,0.449628,-0.182479,0.820253,0.535287,0.311523,0.931874,0.516887,-0.208064,0.817324,0.56332,0.328779,0.941884,0.540749,-0.23666,0.823505,0.556174,0.308378,0.942595,0.541677,-0.217374,0.824262,0.554205,0.304996,0.938262,0.533322,-0.200519,0.797506,0.560431,0.089255,0.815314,0.565108,-0.08941,0.804808,0.717756,0.111219,0.832191,0.722955,-0.159844,0.782247,0.870188,0.091835,0.753605,0.804387,-0.190012,0.770472,0.897001,0.089002,0.732833,0.798819,-0.194742,0.818376,0.910734,0.060099,0.767065,0.872118,-0.229166
EH_Lat_1_3.9.26,209,1779.0,575.0,0,1774.77,573.07,0.9717,1786.06,577.63,0.9474,0.871416,0.306251,0.075835,0.867084,0.292454,0.085814,0.865792,0.292047,0.085674,0.864537,0.291718,0.085695,0.866847,0.291617,0.059366,0.865413,0.29072,0.059156,0.863937,0.289692,0.059094,0.854018,0.292544,0.125131,0.852638,0.290792,0.005039,0.865752,0.319664,0.094682,0.865714,0.318706,0.058527,0.820934,0.361802,0.198534,0.841878,0.350438,-0.091173,0.816611,0.46342,0.268651,0.880303,0.457087,-0.174957,0.825885,0.545205,0.259111,0.930237,0.534847,-0.17861,0.823137,0.574357,0.267983,0.937733,0.560724,-0.206511,0.827207,0.566964,0.251323,0.938441,0.561973,-0.187766,0.829678,0.570716,0.252426,0.935184,0.553286,-0.170893,0.801052,0.560934,0.09182,0.818732,0.56552,-0.091977,0.806495,0.717874,0.117286,0.842209,0.723069,-0.138299,0.783682,0.87326,0.095463,0.766115,0.818089,-0.174711,0.774019,0.900601,0.089675,0.746301,0.821281,-0.180061,0.817832,0.912285,0.07224,0.782604,0.883484,-0.218193
EH_Lat_1_3.9.26,210,1768.0,593.0,0,1762.39,587.24,0.9611,1776.55,595.94,0.9499,0.873718,0.308307,0.092557,0.870175,0.294126,0.10185,0.868963,0.293825,0.101717,0.867774,0.293589,0.101718,0.869968,0.293124,0.075283,0.868644,0.29224,0.075051,0.867315,0.29125,0.074997,0.85765,0.29458,0.136444,0.856449,0.292456,0.014817,0.86835,0.321326,0.10973,0.868355,0.320287,0.073262,0.823331,0.362914,0.206153,0.84495,0.35105,-0.081487,0.821164,0.467107,0.290295,0.876303,0.460027,-0.173446,0.834655,0.543708,0.331085,0.925284,0.551792,-0.182976,0.837069,0.570277,0.349759,0.933301,0.576787,-0.208575,0.843341,0.564722,0.330089,0.934684,0.577525,-0.191113,0.844857,0.565835,0.324632,0.931073,0.569705,-0.175594,0.803615,0.560935,0.091612,0.823247,0.565642,-0.091784,0.808802,0.718652,0.100036,0.854071,0.722512,-0.141555,0.786056,0.87636,0.030904,0.781143,0.828011,-0.214144,0.773732,0.903307,0.021755,0.763031,0.836867,-0.222325,0.818735,0.914442,-0.003063,0.799951,0.890382,-0.258608
EH_Lat_1_3.9.26,211,1757.12,606.7,0,1757.12,606.7,0.9657,1768.07,604.82,0.9526,0.87841,0.309646,0.098561,0.874901,0.294684,0.107644,0.873396,0.294396,0.107524,0.871984,0.294188,0.107524,0.875416,0.293769,0.079905,0.874286,0.292995,0.079674,0.873242,0.292142,0.079629,0.861313,0.294814,0.140873,0.862734,0.293353,0.014537,0.872711,0.322137,0.115468,0.873247,0.321176,0.077562,0.82545,0.363725,0.21134,0.848585,0.351442,-0.079654,0.828153,0.472162,0.286374,0.873648,0.460565,-0.163074,0.84954,0.544424,0.308061,0.920869,0.560016,-0.170455,0.856392,0.567953,0.323408,0.927647,0.588345,-0.194276,0.862348,0.562607,0.30251,0.929128,0.587825,-0.17964,0.861449,0.562761,0.300334,0.926072,0.579452,-0.16417,0.808518,0.560017,0.092155,0.828869,0.564923,-0.092345,0.810173,0.718902,0.084938,0.862824,0.721003,-0.143533,0.782143,0.891838,0.027243,0.79602,0.839694,-0.211832,0.77052,0.903974,0.019387,0.779246,0.855422,-0.219358,0.815752,0.918975,-0.004317,0.82095,0.91006,-0.254323
EH_Lat_1_3.9.26,212,1745.43,615.01,0,1745.43,615.01,0.9808,1757.13,612.16,0.9568,0.883184,0.309914,0.069136,0.879663,0.29414,0.075221,0.877841,0.293727,0.07514,0.876093,0.293419,0.075161,0.880279,0.293361,0.044247,0.878931,0.292585,0.043991,0.877629,0.291766,0.043969,0.864803,0.293498,0.107656,0.866521,0.292618,-0.026042,0.877105,0.322125,0.087282,0.877744,0.321117,0.045493,0.8312,0.364263,0.197244,0.853917,0.351721,-0.099595,0.832235,0.472394,0.260612,0.871485,0.463036,-0.168087,0.855888,0.544002,0.250734,0.91517,0.566812,-0.167154,0.86207,0.566392,0.26021,0.92257,0.596699,-0.191773,0.86828,0.561314,0.235973,0.92427,0.596449,-0.179374,0.868344,0.561183,0.240551,0.920672,0.585721,-0.161722,0.811859,0.560648,0.091641,0.833413,0.565183,-0.091824,0.812655,0.719202,0.093577,0.872101,0.718885,-0.098643,0.78201,0.890464,0.057474,0.815383,0.855348,-0.112894,0.770963,0.903735,0.052664,0.79861,0.871215,-0.115481,0.813911,0.918826,0.048373,0.845752,0.921103,-0.142905
EH_Lat_1_3.9.26,213,1728.38,618.88,0,1728.38,618.88,0.9784,1756.76,614.79,0.9605,0.888885,0.310545,0.020795,0.885541,0.294381,0.027992,0.883828,0.293981,0.027879,0.882196,0.293672,0.027935,0.88608,0.293688,-0.001748,0.88478,0.292982,-0.001991,0.883505,0.292244,-0.002043,0.870889,0.293318,0.069344,0.872502,0.292887,-0.063254,0.882617,0.322532,0.042574,0.883185,0.321615,0.002066,0.834923,0.363239,0.162945,0.857601,0.352052,-0.130773,0.834905,0.47238,0.217337,0.868835,0.46903,-0.185621,0.851926,0.547853,0.196076,0.914977,0.569249,-0.176737,0.853892,0.570351,0.202946,0.918355,0.607942,-0.201496,0.860048,0.562512,0.179049,0.920328,0.608421,-0.192457,0.860051,0.561665,0.186,0.918987,0.596772,-0.171737,0.816056,0.561041,0.091669,0.837625,0.565238,-0.091847,0.816224,0.719254,0.120627,0.878631,0.717787,-0.084891,0.784244,0.885105,0.141038,0.832271,0.866037,-0.0768,0.772044,0.901052,0.140889,0.81606,0.885841,-0.076996,0.815203,0.911788,0.122627,0.86422,0.929087,-0.11016
EH_Lat_1_3.9.26,214,1714.63,629.44,0,1714.63,629.44,0.9805,1744.1,631.24,0.9643,0.891939,0.31116,-0.00973,0.888838,0.294881,-0.002218,0.887328,0.294489,-0.002356,0.885903,0.294178,-0.002281,0.889276,0.29421,-0.030315,0.888157,0.293526,-0.030545,0.887086,0.292812,-0.030613,0.875211,0.293906,0.042015,0.876858,0.293531,-0.085199,0.885975,0.323011,0.012833,0.886442,0.322162,-0.025574,0.838426,0.362517,0.135571,0.861198,0.352153,-0.148462,0.838496,0.47605,0.187542,0.86795,0.476063,-0.202869,0.84846,0.574011,0.162667,0.908386,0.584481,-0.204336,0.84782,0.593315,0.168719,0.905587,0.618861,-0.233677,0.853209,0.59338,0.143542,0.907452,0.622245,-0.223996,0.854101,0.590571,0.152291,0.908346,0.611988,-0.199938,0.82016,0.56279,0.091329,0.84155,0.569763,-0.091503,0.81765,0.720262,0.140688,0.884832,0.717402,-0.070188,0.784379,0.880755,0.185641,0.849338,0.878033,-0.059819,0.770928,0.897816,0.187383,0.835778,0.903427,-0.060162,0.815747,0.910585,0.161829,0.891906,0.936064,-0.10353
EH_Lat_1_3.9.26,215,1698.06,633.62,0,1698.06,633.62,0.9636,1716.78,634.08,0.9676,0.895538,0.311375,-0.027444,0.892985,0.294952,-0.020353,0.89171,0.294605,-0.020508,0.89048,0.294308,-0.020446,0.893099,0.294362,-0.047563,0.891981,0.293768,-0.047797,0.890873,0.293122,-0.047862,0.879866,0.294021,0.023823,0.880252,0.29375,-0.099597,0.889649,0.323388,-0.004787,0.889747,0.322545,-0.041983,0.842977,0.35885,0.113023,0.861292,0.352481,-0.154986,0.841752,0.479445,0.154536,0.866083,0.477442,-0.210356,0.847116,0.591305,0.116494,0.894158,0.587112,-0.213227,0.845014,0.609991,0.118352,0.89089,0.618048,-0.241435,0.849783,0.60771,0.095923,0.892384,0.620117,-0.233839,0.851573,0.602106,0.106753,0.89309,0.610679,-0.209883,0.827334,0.56307,0.089903,0.847007,0.569738,-0.090096,0.820788,0.720286,0.137374,0.889716,0.717514,-0.065279,0.785365,0.876159,0.186738,0.866441,0.884902,-0.046263,0.770449,0.896048,0.188624,0.852253,0.914406,-0.046155,0.817025,0.910606,0.158899,0.912986,0.942599,-0.093707
EH_Lat_1_3.9.26,216,1682.83,630.59,0,1682.83,630.59,0.9667,1689.9,636.37,0.9408,0.900226,0.311759,-0.002786,0.898021,0.295229,0.005456,0.89691,0.294815,0.005276,0.895814,0.294448,0.00533,0.897919,0.294646,-0.020923,0.896692,0.293977,-0.021164,0.8954,0.29326,-0.021245,0.884724,0.29378,0.049836,0.884173,0.293541,-0.071313,0.89468,0.323703,0.018877,0.894526,0.322857,-0.017421,0.849888,0.357576,0.13527,0.864634,0.352771,-0.149084,0.847162,0.482412,0.17994,0.865318,0.481781,-0.194497,0.855453,0.597761,0.131882,0.880154,0.589232,-0.183929,0.854627,0.618953,0.133422,0.87534,0.617633,-0.204703,0.857504,0.615097,0.112946,0.878239,0.620737,-0.20352,0.858976,0.60772,0.122244,0.878736,0.608783,-0.182672,0.836697,0.563218,0.089295,0.847055,0.570011,-0.089488,0.82502,0.720307,0.077289,0.863604,0.72149,-0.08537,0.78697,0.872567,0.080161,0.859641,0.904386,-0.069335,0.771503,0.895221,0.07665,0.864817,0.921932,-0.063192,0.820448,0.911026,0.021377,0.901732,0.940418,-0.150334
EH_Lat_1_3.9.26,217,1678.56,631.65,0,1673.5,636.06,0.9768,1678.56,631.65,0.9302,0.907364,0.311995,-0.012206,0.904125,0.295323,-0.00282,0.9029,0.294869,-0.002974,0.901762,0.294459,-0.00292,0.904226,0.294802,-0.030414,0.903031,0.294118,-0.030652,0.901757,0.293381,-0.030726,0.890056,0.293819,0.044466,0.889724,0.293642,-0.080325,0.901573,0.323935,0.010908,0.901616,0.323099,-0.026688,0.858255,0.358177,0.130829,0.871196,0.353227,-0.143777,0.85453,0.483797,0.164439,0.864384,0.481274,-0.198225,0.865035,0.587654,0.100885,0.874249,0.584863,-0.186846,0.864687,0.621053,0.100913,0.872151,0.612387,-0.204959,0.867799,0.6181,0.078751,0.87508,0.614254,-0.206156,0.868813,0.609934,0.090398,0.875899,0.603129,-0.185707,0.841296,0.563361,0.089277,0.850132,0.570044,-0.089466,0.826151,0.721153,0.081227,0.895037,0.720048,-0.083327,0.788753,0.868195,0.087339,0.89795,0.898942,-0.080752,0.771814,0.893224,0.084199,0.886421,0.930162,-0.080136,0.819865,0.911186,0.034972,0.94546,0.936753,-0.150763
EH_Lat_1_3.9.26,218,1665.48,639.47,0,1664.12,638.02,0.9804,1665.48,639.47,0.9144,0.910517,0.312229,0.000237,0.907298,0.295633,0.010046,0.905898,0.295184,0.0099,0.904589,0.29478,0.00995,0.90766,0.295097,-0.017632,0.906547,0.294398,-0.017868,0.905491,0.293627,-0.01794,0.893874,0.294267,0.05675,0.894857,0.293833,-0.068678,0.90421,0.324087,0.022792,0.904603,0.323223,-0.01497,0.865121,0.358735,0.139344,0.877191,0.356392,-0.136758,0.856445,0.487557,0.171776,0.864957,0.487363,-0.197517,0.862401,0.590435,0.108855,0.86744,0.5921,-0.183561,0.860951,0.62651,0.10934,0.861309,0.620854,-0.202083,0.862646,0.619614,0.086871,0.867085,0.625397,-0.20298,0.865088,0.614814,0.098014,0.866659,0.617009,-0.182914,0.84797,0.565638,0.089192,0.853273,0.570257,-0.089378,0.833788,0.721701,0.06074,0.898587,0.720121,-0.091385,0.789194,0.867233,0.042253,0.914665,0.902922,-0.10312,0.771489,0.891698,0.03693,0.904854,0.93683,-0.107614,0.818439,0.911408,-0.017259,0.967722,0.936614,-0.182685
EH_Lat_1_3.9.26,219,1657.57,632.54,0,1657.57,632.54,0.9767,1638.44,661.04,0.9181,0.914289,0.312544,-0.014518,0.911199,0.295743,-0.003353,0.90982,0.295345,-0.003494,0.908498,0.294986,-0.003447,0.911528,0.295214,-0.031557,0.910421,0.294579,-0.031798,0.909412,0.293894,-0.031884,0.897831,0.294628,0.049041,0.898926,0.294025,-0.078313,0.90787,0.324859,0.009975,0.908367,0.324107,-0.028331,0.87155,0.359148,0.134796,0.880694,0.359324,-0.141386,0.862647,0.492591,0.163203,0.864296,0.486036,-0.206504,0.863758,0.60197,0.102182,0.853357,0.612075,-0.213268,0.862052,0.628097,0.101413,0.844662,0.639876,-0.236745,0.864533,0.623161,0.079101,0.847101,0.645096,-0.239569,0.865843,0.615948,0.091229,0.85064,0.639636,-0.21403,0.855774,0.570461,0.089175,0.863643,0.574643,-0.089364,0.836532,0.723806,0.093814,0.909376,0.724723,-0.07853,0.790246,0.866787,0.105891,0.927467,0.905698,-0.090984,0.771397,0.89108,0.103393,0.91893,0.94047,-0.095525,0.819278,0.913082,0.044431,0.978427,0.933456,-0.179987
EH_Lat_1_3.9.26,220,1651.19,633.92,0,1651.19,633.92,0.9846,1645.25,620.96,0.8935,0.918854,0.312537,-0.003156,0.915485,0.295812,0.006522,0.913937,0.295389,0.006383,0.912319,0.294969,0.00643,0.915886,0.295365,-0.020172,0.91475,0.294758,-0.020411,0.913656,0.294081,-0.020495,0.901223,0.294704,0.057811,0.902807,0.294345,-0.068538,0.912815,0.325027,0.01854,0.913272,0.324269,-0.017459,0.874547,0.360642,0.136424,0.88433,0.360814,-0.138979,0.866992,0.493481,0.161827,0.865122,0.483349,-0.234809,0.868657,0.603012,0.070214,0.8569,0.574964,-0.302833,0.867036,0.626242,0.063384,0.850088,0.590116,-0.33765,0.869895,0.621168,0.041053,0.851157,0.586866,-0.33415,0.87125,0.612876,0.058156,0.852991,0.589026,-0.303294,0.861114,0.574031,0.08951,0.873179,0.578127,-0.089678,0.840076,0.727319,0.105583,0.915612,0.726828,-0.0853,0.791324,0.865159,0.128026,0.934985,0.904634,-0.107027,0.771493,0.88796,0.126399,0.925632,0.939405,-0.112701,0.819016,0.913051,0.077348,0.986929,0.935617,-0.188985
EH_Lat_1_3.9.26,221,1641.0,631.0,0,1655.74,631.75,0.9502,1656.58,613.92,0.8273,0.922361,0.312614,0.002275,0.919124,0.295977,0.01231,0.917618,0.295548,0.012167,0.916116,0.295118,0.012213,0.919429,0.295556,-0.01512,0.918241,0.294942,-0.015354,0.917073,0.29424,-0.015435,0.905082,0.29495,0.060603,0.906374,0.294384,-0.064337,0.9166,0.325139,0.024528,0.91669,0.324286,-0.01237,0.877506,0.362332,0.140791,0.88764,0.363146,-0.130965,0.871251,0.492222,0.165304,0.866888,0.479908,-0.220743,0.880083,0.597146,0.076009,0.862804,0.568442,-0.259956,0.879522,0.618399,0.069488,0.859529,0.583679,-0.289661,0.882763,0.613258,0.048742,0.861228,0.574264,-0.284961,0.883608,0.60581,0.064686,0.861065,0.5773,-0.259206,0.866427,0.581676,0.089597,0.881002,0.585599,-0.089756,0.846483,0.73063,0.121955,0.92214,0.73439,-0.091811,0.792567,0.863392,0.169196,0.939429,0.908209,-0.115126,0.772769,0.882321,0.170585,0.928862,0.943664,-0.119753,0.818695,0.913016,0.136021,0.98706,0.943977,-0.187677
EH_Lat_1_3.9.26,222,1640.0,631.0,0,1641.32,635.09,0.9775,1646.58,631.07,0.8246,0.929048,0.312467,-0.005712,0.926069,0.296116,0.005122,0.924563,0.295691,0.004971,0.922885,0.295262,0.005007,0.926094,0.295707,-0.023872,0.92462,0.295103,-0.024108,0.922951,0.294405,-0.024198,0.910461,0.295132,0.058263,0.910613,0.294637,-0.073109,0.923127,0.32527,0.018968,0.922847,0.324391,-0.020349,0.882951,0.364258,0.138298,0.890907,0.366361,-0.130799,0.882028,0.494634,0.160341,0.871185,0.483251,-0.214228,0.887273,0.599163,0.084523,0.857594,0.584322,-0.244494,0.885698,0.621466,0.080498,0.850613,0.602255,-0.272069,0.888324,0.617091,0.059296,0.850812,0.601797,-0.271751,0.889301,0.608342,0.073422,0.852763,0.598966,-0.245003,0.876018,0.585352,0.089155,0.887843,0.588194,-0.089311,0.853272,0.734622,0.121806,0.929361,0.735568,-0.093411,0.793361,0.861647,0.168634,0.941656,0.909813,-0.115082,0.773804,0.876778,0.169791,0.93021,0.943791,-0.119327,0.820347,0.913586,0.132341,0.991582,0.947732,-0.188787
EH_Lat_1_3.9.26,223,1636.0,631.0,0,1643.67,634.0,0.961,1644.47,636.91,0.8404,0.931835,0.311843,-0.013542,0.92843,0.296156,-0.002662,0.927018,0.295676,-0.002818,0.925631,0.295181,-0.002781,0.928671,0.295799,-0.031298,0.92737,0.29519,-0.031531,0.926118,0.294497,-0.031626,0.913668,0.295187,0.050372,0.914926,0.294871,-0.079478,0.926532,0.325121,0.01097,0.92638,0.324339,-0.027921,0.889018,0.368019,0.129818,0.895764,0.369608,-0.131798,0.885784,0.498416,0.152902,0.874424,0.487575,-0.210492,0.887762,0.604127,0.083397,0.856497,0.589732,-0.239773,0.884937,0.627397,0.079659,0.845234,0.612175,-0.266989,0.886934,0.622675,0.059118,0.84777,0.61744,-0.26867,0.888262,0.613698,0.072726,0.851685,0.610646,-0.240969,0.883937,0.587803,0.087137,0.89561,0.587959,-0.087313,0.862605,0.736892,0.116089,0.934637,0.736269,-0.078101,0.796822,0.859194,0.153287,0.94219,0.908694,-0.076064,0.775991,0.87076,0.15366,0.930274,0.942061,-0.07892,0.821515,0.91447,0.114672,0.990721,0.949278,-0.152555
EH_Lat_1_3.9.26,224,1646.0,628.0,0,1646.32,632.44,0.9771,1645.15,638.83,0.8539,0.937483,0.311015,-0.029674,0.933565,0.295625,-0.018733,0.932039,0.295161,-0.018906,0.930558,0.294663,-0.018878,0.934116,0.295348,-0.046833,0.932944,0.294834,-0.047066,0.931776,0.294252,-0.047187,0.918663,0.294953,0.034225,0.919919,0.294903,-0.092731,0.931751,0.324579,-0.005254,0.931792,0.324,-0.043321,0.892995,0.37033,0.114414,0.899398,0.370793,-0.140052,0.890045,0.499526,0.135775,0.877706,0.488938,-0.211687,0.889153,0.606641,0.06648,0.856847,0.591508,-0.243087,0.885648,0.631051,0.062197,0.843749,0.614999,-0.270115,0.887249,0.625902,0.042198,0.846442,0.621415,-0.272873,0.888674,0.616843,0.055973,0.85247,0.614945,-0.244754,0.887823,0.587985,0.085062,0.900833,0.587241,-0.085258,0.871517,0.738608,0.11482,0.938738,0.737032,-0.050664,0.800952,0.854628,0.148226,0.943104,0.910559,-0.032961,0.779591,0.8642,0.148152,0.929348,0.943558,-0.03466,0.821907,0.914588,0.106669,0.99045,0.951333,-0.108126
EH_Lat_1_3.9.26,225,1646.0,628.0,0,1649.9,632.28,0.9806,1647.7,638.47,0.8655,0.941152,0.309611,-0.038374,0.93756,0.29386,-0.027682,0.936124,0.293453,-0.027862,0.934736,0.293004,-0.02783,0.937896,0.293541,-0.055631,0.936669,0.293106,-0.055869,0.935421,0.292592,-0.055999,0.922719,0.293802,0.02553,0.923549,0.293959,-0.100474,0.935119,0.32341,-0.013598,0.934981,0.322963,-0.051402,0.897018,0.370472,0.109999,0.904248,0.370798,-0.149312,0.890914,0.498424,0.136176,0.880938,0.488668,-0.215122,0.882697,0.600638,0.071591,0.858176,0.591173,-0.241292,0.883224,0.631134,0.067969,0.844306,0.614217,-0.267323,0.884772,0.625863,0.048122,0.847233,0.621398,-0.270309,0.886236,0.616485,0.061235,0.853423,0.615835,-0.242876,0.891563,0.587088,0.085056,0.906543,0.586414,-0.085254,0.881964,0.740559,0.112676,0.940194,0.737955,-0.035428,0.807419,0.846941,0.142474,0.943511,0.908807,-0.00516,0.785555,0.854298,0.142024,0.929224,0.940227,-0.005675,0.823966,0.914468,0.098627,0.990304,0.950816,-0.081427
EH_Lat_1_3.9.26,226,1653.42,638.09,0,1656.3,635.21,0.9753,1653.42,638.09,0.8778,0.946212,0.307495,-0.037398,0.94191,0.291637,-0.025719,0.940357,0.29128,-0.025901,0.938891,0.290874,-0.025871,0.942334,0.291339,-0.053676,0.94106,0.290996,-0.053912,0.939762,0.290604,-0.054052,0.926978,0.292258,0.029747,0.927572,0.292761,-0.096329,0.940666,0.321884,-0.012068,0.940614,0.321476,-0.049882,0.902543,0.370422,0.111411,0.908104,0.370545,-0.146823,0.894816,0.497355,0.140361,0.884473,0.487584,-0.21429,0.879328,0.597063,0.083917,0.861155,0.590825,-0.244362,0.878569,0.624951,0.081451,0.847481,0.613798,-0.271884,0.881401,0.626066,0.061744,0.850802,0.622171,-0.274473,0.883182,0.616093,0.07396,0.856822,0.616522,-0.245967,0.898811,0.586325,0.08442,0.911203,0.585858,-0.084623,0.894364,0.740703,0.118053,0.941112,0.741446,-0.034454,0.815765,0.839394,0.163596,0.9426,0.910101,0.010757,0.793321,0.843299,0.164852,0.929128,0.94221,0.011961,0.825311,0.911029,0.115661,0.988261,0.952306,-0.065916
EH_Lat_1_3.9.26,227,1664.25,636.58,0,1664.25,636.58,0.9721,1657.47,637.38,0.8895,0.948872,0.307086,-0.024835,0.945055,0.291143,-0.013372,0.943595,0.290696,-0.013544,0.942215,0.290189,-0.013507,0.945093,0.290889,-0.041557,0.943662,0.290475,-0.041794,0.94228,0.289993,-0.041919,0.929853,0.291183,0.039634,0.929702,0.291899,-0.086913,0.943157,0.320983,-0.000163,0.942896,0.320557,-0.03842,0.907382,0.370379,0.120852,0.91186,0.37025,-0.143267,0.899793,0.496153,0.150601,0.889543,0.485387,-0.217114,0.888891,0.594585,0.094759,0.863268,0.590168,-0.2548,0.88883,0.626914,0.093934,0.851875,0.613704,-0.283302,0.89028,0.625421,0.07362,0.855543,0.622208,-0.285199,0.8918,0.615523,0.084629,0.860426,0.616398,-0.256392,0.905165,0.586083,0.084495,0.914254,0.584833,-0.084695,0.90493,0.739764,0.115724,0.938933,0.741688,-0.053686,0.824728,0.830988,0.15206,0.942637,0.911292,-0.02548,0.803569,0.830109,0.15192,0.928985,0.942612,-0.025528,0.827837,0.905411,0.111677,0.989069,0.953233,-0.100421
EH_Lat_1_3.9.26,228,1680.19,633.05,0,1680.19,633.05,0.9713,1663.39,637.62,0.8999,0.950576,0.306917,-0.025761,0.94732,0.291082,-0.013267,0.945906,0.290485,-0.013446,0.944568,0.289835,-0.013412,0.947446,0.290842,-0.041874,0.946178,0.290286,-0.042119,0.945006,0.289629,-0.042263,0.932261,0.289554,0.04336,0.932773,0.290295,-0.085124,0.944665,0.32026,-0.00011,0.944343,0.320002,-0.038823,0.912807,0.370343,0.121944,0.916255,0.370055,-0.143069,0.907778,0.495302,0.146734,0.895939,0.484349,-0.229232,0.903535,0.594182,0.088056,0.866347,0.590387,-0.282395,0.903351,0.624496,0.086737,0.855706,0.614148,-0.313462,0.904853,0.621859,0.065754,0.858755,0.622387,-0.315266,0.905732,0.612581,0.077427,0.862314,0.615956,-0.284495,0.912108,0.585693,0.0836,0.916192,0.584423,-0.083791,0.91557,0.739349,0.110733,0.940372,0.742593,-0.06155,0.835498,0.826735,0.145148,0.94327,0.911506,-0.030908,0.815448,0.821459,0.14578,0.927884,0.942828,-0.030355,0.831214,0.902423,0.093468,0.986487,0.95348,-0.1066
EH_Lat_1_3.9.26,229,1697.2,631.96,0,1697.2,631.96,0.9828,1683.36,637.9,0.9089,0.954032,0.306598,-0.025167,0.950571,0.290911,-0.012693,0.94921,0.290178,-0.012869,0.947922,0.289403,-0.012829,0.950486,0.290712,-0.041762,0.949133,0.290063,-0.04201,0.94786,0.289304,-0.042152,0.935141,0.288307,0.044673,0.934859,0.28933,-0.086462,0.948157,0.319462,0.000555,0.947518,0.319316,-0.038826,0.916565,0.370307,0.122454,0.92041,0.369991,-0.144017,0.912959,0.494548,0.150094,0.901699,0.484828,-0.228371,0.910487,0.593309,0.092566,0.876753,0.590649,-0.273955,0.911175,0.622718,0.091728,0.860073,0.614731,-0.303637,0.913105,0.61929,0.070274,0.866694,0.622798,-0.304545,0.914115,0.610471,0.081781,0.874065,0.615686,-0.275398,0.917959,0.584998,0.083463,0.920735,0.584077,-0.083651,0.922728,0.738697,0.107517,0.941613,0.743571,-0.067189,0.84468,0.822429,0.142653,0.943107,0.91184,-0.036771,0.824059,0.816085,0.142027,0.926441,0.942484,-0.035907,0.839002,0.901755,0.092176,0.988236,0.954707,-0.11031
EH_Lat_1_3.9.26,230,1714.16,637.63,0,1714.16,637.63,0.9817,1702.39,643.73,0.9141,0.957313,0.306199,-0.044483,0.953629,0.290219,-0.033218,0.952224,0.289363,-0.033401,0.95094,0.288484,-0.033358,0.953641,0.290094,-0.062461,0.952299,0.289373,-0.062706,0.951086,0.288541,-0.062839,0.938339,0.28696,0.022538,0.938479,0.288163,-0.109539,0.951124,0.318997,-0.019024,0.950652,0.318958,-0.05858,0.919843,0.370065,0.102722,0.923465,0.369663,-0.159858,0.918869,0.493986,0.130569,0.906449,0.487745,-0.225723,0.918634,0.5955,0.069304,0.886662,0.596043,-0.269859,0.917022,0.6229,0.068401,0.87189,0.620095,-0.286826,0.919142,0.618897,0.047418,0.876792,0.627156,-0.299296,0.920046,0.61,0.058781,0.883213,0.619756,-0.27502,0.923696,0.586464,0.083498,0.927742,0.585531,-0.083686,0.930133,0.738486,0.11326,0.94386,0.745771,-0.052164,0.852672,0.82142,0.147549,0.942753,0.912328,-0.006084,0.832784,0.81613,0.147762,0.926262,0.942493,-0.003852,0.849075,0.901551,0.100823,0.989236,0.953008,-0.075151
EH_Lat_1_3.9.26,231,1730.91,637.26,0,1730.91,637.26,0.9764,1721.47,652.88,0.9211,0.958401,0.304849,-0.056388,0.954987,0.288847,-0.046069,0.953676,0.288005,-0.04625,0.952489,0.287104,-0.046207,0.954935,0.288539,-0.074382,0.953655,0.287698,-0.074621,0.952513,0.286765,-0.074735,0.94,0.285453,0.007939,0.940075,0.286337,-0.120206,0.952813,0.317843,-0.03142,0.952318,0.31765,-0.0698,0.922556,0.369043,0.090623,0.925754,0.36941,-0.169055,0.92016,0.493516,0.124217,0.910834,0.49084,-0.224976,0.921396,0.593843,0.071916,0.896601,0.604521,-0.259558,0.920465,0.624247,0.071645,0.884791,0.629724,-0.272445,0.922772,0.620407,0.050081,0.890047,0.637012,-0.28843,0.92305,0.611344,0.061453,0.894396,0.628488,-0.266606,0.930113,0.586633,0.083574,0.933123,0.585801,-0.08376,0.938366,0.738448,0.125261,0.946742,0.747612,-0.048304,0.863315,0.819054,0.170967,0.942021,0.912373,0.003427,0.842469,0.815404,0.172883,0.927788,0.943459,0.006399,0.860176,0.901438,0.131453,0.989086,0.95154,-0.062825
EH_Lat_1_3.9.26,232,1748.38,645.77,0,1748.38,645.77,0.9795,1739.27,656.11,0.9126,0.961554,0.303773,-0.064751,0.958389,0.287457,-0.054834,0.957296,0.286705,-0.055019,0.956385,0.285945,-0.054976,0.957972,0.286975,-0.082848,0.956571,0.286098,-0.08309,0.955274,0.285171,-0.083206,0.944218,0.284436,-0.001528,0.942035,0.285101,-0.128355,0.956437,0.316582,-0.039949,0.955604,0.316453,-0.077994,0.926139,0.367808,0.078944,0.929196,0.369196,-0.174179,0.922504,0.493416,0.108872,0.915829,0.492344,-0.226531,0.9215,0.592632,0.053818,0.905871,0.607509,-0.249173,0.918801,0.623016,0.05195,0.897085,0.637412,-0.260694,0.920487,0.620835,0.031745,0.900964,0.642686,-0.273042,0.921093,0.61087,0.043924,0.903594,0.633396,-0.255249,0.934145,0.586493,0.083584,0.933224,0.585794,-0.083769,0.947207,0.738281,0.123045,0.951454,0.746542,-0.050364,0.874378,0.817182,0.164177,0.942504,0.910644,-0.000883,0.852544,0.815323,0.165463,0.926305,0.942271,0.002093,0.873447,0.900191,0.121432,0.988394,0.951723,-0.066635
EH_Lat_1_3.9.26,233,1770.0,658.0,0,1763.13,650.53,0.9756,1764.51,663.24,0.886,0.965221,0.301582,-0.054467,0.961939,0.285438,-0.043482,0.960711,0.284786,-0.043661,0.959671,0.28411,-0.043619,0.961709,0.284973,-0.07243,0.960397,0.284189,-0.072669,0.95921,0.283333,-0.072775,0.94768,0.283005,0.012485,0.946622,0.283597,-0.11802,0.959704,0.31513,-0.028579,0.959296,0.31484,-0.067776,0.92826,0.366406,0.094661,0.933762,0.368721,-0.168492,0.926043,0.49522,0.127724,0.920954,0.494541,-0.224128,0.924429,0.601635,0.071638,0.919013,0.614107,-0.233216,0.920365,0.631299,0.069896,0.913119,0.645474,-0.249052,0.922915,0.632706,0.048865,0.917947,0.649178,-0.254402,0.925846,0.622199,0.061319,0.918969,0.638441,-0.235633,0.94017,0.586296,0.084592,0.936873,0.585722,-0.084764,0.961496,0.737303,0.098943,0.953328,0.745806,-0.056603,0.885517,0.816976,0.148405,0.942493,0.91099,-0.019193,0.865329,0.816506,0.151991,0.92523,0.943707,-0.017491,0.88607,0.900541,0.097072,0.988925,0.952031,-0.086965
EH_Lat_1_3.9.26,234,1794.0,659.0,0,1783.49,653.25,0.9766,1774.3,665.54,0.8873,0.967801,0.30162,-0.06662,0.965333,0.285499,-0.056301,0.964429,0.284907,-0.056493,0.963735,0.284303,-0.056449,0.964391,0.28484,-0.084039,0.962912,0.283949,-0.084285,0.961566,0.282962,-0.084381,0.952249,0.282972,0.000409,0.948402,0.282486,-0.125074,0.961999,0.315201,-0.040282,0.961114,0.314858,-0.077969,0.932995,0.365624,0.086861,0.937032,0.367983,-0.172592,0.930268,0.498025,0.118351,0.923979,0.49621,-0.223665,0.933166,0.603735,0.058536,0.924112,0.616244,-0.23147,0.929727,0.631655,0.055302,0.918579,0.648708,-0.24957,0.932432,0.634111,0.033748,0.924355,0.650132,-0.25371,0.933762,0.623221,0.04788,0.925478,0.638382,-0.233676,0.941806,0.58636,0.084714,0.937702,0.585509,-0.084882,0.971698,0.735965,0.099661,0.953929,0.74521,-0.057999,0.894959,0.818941,0.1567,0.9428,0.910711,-0.026767,0.873874,0.820327,0.160699,0.924564,0.945535,-0.025055,0.90114,0.900342,0.117113,0.987996,0.951979,-0.09492
