video_id,frame_idx,true_wrist_x,true_wrist_y,occluded,yolo_wrist_x,yolo_wrist_y,yolo_conf,mp_wrist_x,mp_wrist_y,mp_wrist_vis,lm0_x,lm0_y,lm0_z,lm1_x,lm1_y,lm1_z,lm2_x,lm2_y,lm2_z,lm3_x,lm3_y,lm3_z,lm4_x,lm4_y,lm4_z,lm5_x,lm5_y,lm5_z,lm6_x,lm6_y,lm6_z,lm7_x,lm7_y,lm7_z,lm8_x,lm8_y,lm8_z,lm9_x,lm9_y,lm9_z,lm10_x,lm10_y,lm10_z,lm11_x,lm11_y,lm11_z,lm12_x,lm12_y,lm12_z,lm13_x,lm13_y,lm13_z,lm14_x,lm14_y,lm14_z,lm15_x,lm15_y,lm15_z,lm16_x,lm16_y,lm16_z,lm17_x,lm17_y,lm17_z,lm18_x,lm18_y,lm18_z,lm19_x,lm19_y,lm19_z,lm20_x,lm20_y,lm20_z,lm21_x,lm21_y,lm21_z,lm22_x,lm22_y,lm22_z,lm23_x,lm23_y,lm23_z,lm24_x,lm24_y,lm24_z,lm25_x,lm25_y,lm25_z,lm26_x,lm26_y,lm26_z,lm27_x,lm27_y,lm27_z,lm28_x,lm28_y,lm28_z,lm29_x,lm29_y,lm29_z,lm30_x,lm30_y,lm30_z,lm31_x,lm31_y,lm31_z,lm32_x,lm32_y,lm32_z
KG_Lat_1_6.18.26,0,620.0,341.0,0,614.5,333.22,0.9888,625.82,344.58,0.8444,0.356412,0.130675,-0.059618,0.351396,0.116809,-0.050736,0.350699,0.116746,-0.050921,0.350119,0.116806,-0.05085,0.350826,0.116413,-0.077902,0.349711,0.116017,-0.078131,0.348662,0.115612,-0.078235,0.341692,0.121362,0.002696,0.339215,0.120433,-0.121545,0.352783,0.142542,-0.03425,0.352196,0.141278,-0.071584,0.327529,0.191291,0.097459,0.31549,0.177431,-0.174324,0.310557,0.26426,0.148524,0.284743,0.25135,-0.24602,0.337009,0.323235,0.105903,0.32595,0.319056,-0.266696,0.346275,0.342783,0.105462,0.331711,0.34444,-0.296346,0.346093,0.335042,0.081563,0.336966,0.332304,-0.285846,0.345976,0.327297,0.094835,0.336005,0.324335,-0.262816,0.324236,0.385985,0.091129,0.324624,0.387729,-0.091227,0.310565,0.507018,0.187039,0.356549,0.523302,-0.061752,0.291752,0.631967,0.273232,0.365837,0.667226,-0.044123,0.282536,0.655215,0.277833,0.3589,0.69122,-0.044993,0.321582,0.653862,0.243676,0.396113,0.673159,-0.113475
KG_Lat_1_6.18.26,1,620.0,341.0,0,614.75,334.23,0.9883,622.34,343.73,0.858,0.355884,0.130991,-0.055789,0.351397,0.117154,-0.047958,0.350733,0.117132,-0.048127,0.350234,0.117209,-0.048062,0.350738,0.116824,-0.071528,0.349563,0.116485,-0.071762,0.348415,0.116122,-0.071863,0.342029,0.121706,0.002696,0.338704,0.120629,-0.105249,0.352607,0.14294,-0.032076,0.351637,0.141734,-0.064494,0.330848,0.191604,0.088746,0.315004,0.177568,-0.143005,0.314541,0.264866,0.139825,0.283856,0.251307,-0.198854,0.337553,0.323336,0.103926,0.324137,0.318265,-0.227488,0.34507,0.342972,0.102278,0.327886,0.343804,-0.253706,0.346022,0.334997,0.080294,0.333413,0.332465,-0.247716,0.345925,0.327349,0.09375,0.332693,0.324416,-0.225168,0.324813,0.384443,0.076608,0.324528,0.385657,-0.076702,0.310305,0.510021,0.151495,0.356716,0.522053,-0.052178,0.291998,0.632451,0.224765,0.365734,0.664322,-0.01765,0.282372,0.655347,0.228019,0.358846,0.685764,-0.016725,0.321269,0.653811,0.193843,0.396098,0.673074,-0.075647
KG_Lat_1_6.18.26,2,620.0,341.0,0,608.38,327.36,0.9902,618.03,342.07,0.8681,0.355886,0.130863,-0.055807,0.351406,0.116981,-0.048,0.350734,0.116903,-0.048167,0.350229,0.116869,-0.048103,0.350746,0.11672,-0.071813,0.349563,0.11639,-0.072045,0.348411,0.116024,-0.072145,0.341875,0.121445,0.00209,0.338687,0.120578,-0.10765,0.352604,0.142935,-0.032121,0.351638,0.14173,-0.064917,0.33133,0.19161,0.085294,0.314556,0.177567,-0.147885,0.314383,0.264183,0.136725,0.282806,0.25073,-0.209702,0.337246,0.322393,0.102028,0.321892,0.316731,-0.238435,0.340942,0.341229,0.099654,0.324818,0.342015,-0.266167,0.344986,0.333642,0.077991,0.330527,0.331868,-0.258182,0.345045,0.325645,0.091987,0.330442,0.323993,-0.235493,0.324934,0.383831,0.076672,0.324527,0.384843,-0.076749,0.310181,0.511542,0.157392,0.356716,0.521776,-0.048564,0.292194,0.632564,0.23663,0.365724,0.663002,-0.003921,0.28236,0.655854,0.240401,0.358842,0.683603,-0.002178,0.320723,0.654007,0.202204,0.396107,0.671963,-0.065256
KG_Lat_1_6.18.26,3,607.64,325.97,0,607.64,325.97,0.9903,614.68,339.99,0.8793,0.355876,0.129596,-0.059164,0.351381,0.115789,-0.050876,0.350698,0.115733,-0.051029,0.35018,0.115691,-0.05097,0.350704,0.115645,-0.073489,0.349479,0.115455,-0.073716,0.348265,0.115207,-0.073809,0.341768,0.120978,0.000298,0.338378,0.120418,-0.108347,0.352589,0.142702,-0.035324,0.351627,0.141572,-0.066459,0.33195,0.192115,0.081067,0.314126,0.177791,-0.146282,0.314384,0.26391,0.129403,0.281179,0.249875,-0.207677,0.337245,0.321647,0.089378,0.320143,0.314809,-0.242961,0.341218,0.340989,0.084884,0.322564,0.340089,-0.271644,0.344917,0.333312,0.06273,0.328424,0.331253,-0.263318,0.344864,0.324871,0.079037,0.328727,0.323486,-0.240262,0.325161,0.383261,0.075426,0.324447,0.383934,-0.075482,0.310145,0.51233,0.160813,0.356664,0.521383,-0.061146,0.292239,0.632515,0.244413,0.365724,0.661756,-0.031453,0.282253,0.655978,0.248458,0.358807,0.681864,-0.031089,0.319213,0.653982,0.211938,0.396083,0.671966,-0.095906
KG_Lat_1_6.18.26,4,607.99,324.77,0,607.99,324.77,0.9896,613.82,338.62,0.889,0.35568,0.129408,-0.071296,0.351239,0.115636,-0.062128,0.350561,0.11554,-0.062276,0.350051,0.115453,-0.062219,0.350374,0.115532,-0.084654,0.348983,0.115338,-0.084875,0.347586,0.115089,-0.084962,0.341563,0.120756,-0.006678,0.337416,0.120369,-0.110609,0.352437,0.142647,-0.045749,0.351356,0.141543,-0.076765,0.332221,0.192329,0.077973,0.313698,0.177781,-0.149459,0.314523,0.263648,0.131202,0.279904,0.248452,-0.214313,0.338017,0.321461,0.109592,0.319699,0.313541,-0.253364,0.34146,0.339541,0.107625,0.322513,0.338962,-0.284334,0.344925,0.332502,0.085204,0.328081,0.330679,-0.278001,0.344861,0.323444,0.099741,0.328321,0.322862,-0.251893,0.325266,0.382609,0.075346,0.324448,0.383145,-0.075408,0.310123,0.512733,0.162589,0.35658,0.521164,-0.052979,0.292343,0.632518,0.247291,0.365561,0.66078,-0.007114,0.282226,0.656251,0.251519,0.358616,0.680115,-0.005219,0.31901,0.654064,0.213989,0.395054,0.670881,-0.068036
KG_Lat_1_6.18.26,5,606.9,322.17,0,606.9,322.17,0.9892,612.31,337.22,0.8944,0.355634,0.128799,-0.070138,0.351159,0.115122,-0.061117,0.350417,0.115007,-0.061269,0.349811,0.114892,-0.061214,0.35031,0.115042,-0.084744,0.348881,0.114863,-0.084963,0.347449,0.114624,-0.085054,0.34065,0.120471,-0.006819,0.337038,0.120166,-0.113619,0.352298,0.142344,-0.044983,0.351289,0.141287,-0.077446,0.331956,0.192639,0.077098,0.312994,0.177829,-0.152368,0.312847,0.263058,0.125619,0.278306,0.2476,-0.217869,0.337117,0.320637,0.085696,0.318913,0.312238,-0.252194,0.340484,0.338909,0.080883,0.321813,0.337712,-0.282548,0.343959,0.33214,0.058601,0.326992,0.330231,-0.27627,0.34386,0.322937,0.075173,0.327225,0.322509,-0.250458,0.325673,0.382584,0.076544,0.324579,0.383205,-0.076606,0.309991,0.513591,0.162833,0.356497,0.521031,-0.053314,0.292477,0.632515,0.262795,0.365563,0.660211,-0.014632,0.282227,0.656331,0.268474,0.35866,0.679566,-0.013522,0.318381,0.654048,0.227853,0.394909,0.671068,-0.078812
KG_Lat_1_6.18.26,6,605.22,319.28,0,605.22,319.28,0.9891,611.3,335.32,0.903,0.355149,0.128664,-0.068746,0.350834,0.115058,-0.059775,0.350106,0.114956,-0.059931,0.349504,0.114852,-0.059874,0.34999,0.114949,-0.083883,0.348552,0.114768,-0.084105,0.347084,0.114521,-0.084199,0.340385,0.12043,-0.005948,0.336461,0.120129,-0.111736,0.351755,0.142249,-0.043625,0.350782,0.141168,-0.076808,0.332067,0.193574,0.079478,0.312432,0.177913,-0.147412,0.31983,0.263063,0.126732,0.277606,0.246065,-0.209193,0.338103,0.319802,0.077532,0.318386,0.310481,-0.249958,0.341321,0.337734,0.070999,0.321699,0.336278,-0.28063,0.344863,0.329517,0.048553,0.327053,0.328921,-0.275263,0.343873,0.322082,0.066751,0.32717,0.321107,-0.248613,0.325758,0.382147,0.076174,0.324449,0.382421,-0.076226,0.310014,0.513476,0.162631,0.35633,0.520263,-0.056343,0.29238,0.632268,0.256756,0.365565,0.659514,-0.020825,0.282226,0.655598,0.261818,0.35889,0.679148,-0.020387,0.318376,0.653681,0.221477,0.394916,0.669585,-0.089027
KG_Lat_1_6.18.26,7,605.49,318.3,0,605.49,318.3,0.9887,610.95,334.33,0.9106,0.354721,0.127632,-0.074241,0.350379,0.114269,-0.064888,0.349705,0.114138,-0.065045,0.349161,0.114005,-0.064993,0.349266,0.114375,-0.088146,0.347659,0.11431,-0.088368,0.346009,0.114154,-0.088462,0.34023,0.120056,-0.009538,0.33549,0.120084,-0.11287,0.351386,0.141826,-0.048825,0.350262,0.140972,-0.080841,0.332301,0.193977,0.074086,0.311651,0.17807,-0.14905,0.319682,0.263046,0.128798,0.276716,0.245348,-0.212558,0.339265,0.317965,0.087741,0.318203,0.309567,-0.25345,0.341635,0.334238,0.082714,0.321541,0.335306,-0.284679,0.345665,0.326334,0.060508,0.326812,0.32824,-0.279862,0.344337,0.320166,0.077833,0.32691,0.320283,-0.252655,0.325895,0.381935,0.074946,0.324419,0.382488,-0.074991,0.309977,0.513821,0.164222,0.356246,0.52022,-0.064918,0.292455,0.632268,0.256999,0.365573,0.659194,-0.037515,0.282173,0.655768,0.262016,0.358897,0.678759,-0.03753,0.31791,0.653731,0.22249,0.39456,0.670133,-0.104636
KG_Lat_1_6.18.26,8,603.98,316.84,0,603.98,316.84,0.9887,610.15,333.39,0.9165,0.354564,0.127562,-0.078372,0.350292,0.114201,-0.069003,0.349603,0.114081,-0.069161,0.34904,0.113962,-0.069111,0.349162,0.114238,-0.092592,0.347533,0.114143,-0.092817,0.345866,0.113952,-0.092915,0.339952,0.120019,-0.012816,0.335153,0.119996,-0.118691,0.351188,0.14177,-0.052657,0.350062,0.140918,-0.085195,0.332424,0.194541,0.072165,0.311085,0.178094,-0.149515,0.321771,0.262936,0.129977,0.275877,0.244329,-0.214962,0.339536,0.318032,0.091017,0.317789,0.308695,-0.266856,0.341724,0.334304,0.086234,0.320396,0.334659,-0.299283,0.345667,0.326698,0.063249,0.325982,0.32791,-0.29387,0.344348,0.320009,0.081055,0.32626,0.319869,-0.265843,0.326504,0.381762,0.075893,0.32436,0.382554,-0.075942,0.309977,0.514494,0.170848,0.356195,0.520221,-0.073696,0.292528,0.632268,0.278774,0.365551,0.659106,-0.04537,0.282144,0.655841,0.285279,0.358842,0.678717,-0.045247,0.317999,0.653772,0.246498,0.394204,0.670091,-0.115461
KG_Lat_1_6.18.26,9,603.68,316.4,0,603.68,316.4,0.9897,610.73,331.15,0.9204,0.354371,0.127002,-0.077995,0.350041,0.114003,-0.068496,0.349351,0.113901,-0.068659,0.348778,0.113816,-0.068612,0.348851,0.114004,-0.092203,0.347173,0.113926,-0.092424,0.345459,0.113768,-0.09252,0.339561,0.11997,-0.012122,0.334609,0.119991,-0.119063,0.350998,0.141336,-0.052157,0.349859,0.140566,-0.084852,0.332266,0.194526,0.073193,0.310728,0.178138,-0.15125,0.32116,0.262558,0.136489,0.275384,0.243629,-0.216729,0.339481,0.311735,0.121624,0.318088,0.306623,-0.275472,0.341836,0.328246,0.121008,0.320567,0.331558,-0.307499,0.345933,0.322847,0.097684,0.3265,0.323648,-0.300741,0.344358,0.314271,0.111749,0.326663,0.316197,-0.27397,0.326563,0.381506,0.076132,0.324393,0.382547,-0.076183,0.309983,0.51442,0.171111,0.356002,0.520222,-0.072863,0.292494,0.63214,0.275704,0.365558,0.659241,-0.045053,0.282126,0.655768,0.28156,0.358957,0.679068,-0.044906,0.317917,0.65364,0.245146,0.394225,0.668523,-0.114194
KG_Lat_1_6.18.26,10,603.46,315.77,0,603.46,315.77,0.9899,611.08,329.37,0.9226,0.353717,0.127035,-0.082704,0.349397,0.114011,-0.072379,0.348756,0.113908,-0.072541,0.348242,0.113824,-0.072498,0.348113,0.114005,-0.096002,0.346433,0.113923,-0.096217,0.344738,0.113762,-0.096318,0.339287,0.119971,-0.012794,0.334189,0.11999,-0.120136,0.350341,0.141339,-0.055666,0.349124,0.14057,-0.088267,0.332218,0.194656,0.073646,0.310168,0.178791,-0.152387,0.322449,0.262253,0.137358,0.274922,0.243405,-0.221909,0.339665,0.310933,0.120982,0.318268,0.304972,-0.282795,0.341914,0.325726,0.120223,0.320806,0.328466,-0.31518,0.345891,0.321023,0.097464,0.326844,0.320147,-0.307549,0.344347,0.311305,0.11115,0.326935,0.313223,-0.280957,0.326623,0.381528,0.076534,0.324484,0.382811,-0.076584,0.310024,0.514347,0.178182,0.355915,0.520301,-0.07352,0.292441,0.63183,0.28498,0.365546,0.659293,-0.050134,0.282117,0.655654,0.291295,0.358996,0.679291,-0.050426,0.317972,0.65338,0.254169,0.394225,0.668356,-0.120757
KG_Lat_1_6.18.26,11,603.49,313.53,0,603.49,313.53,0.9893,610.74,327.93,0.9257,0.353467,0.126643,-0.081052,0.348952,0.113589,-0.071568,0.348247,0.113505,-0.071729,0.34766,0.11344,-0.071682,0.347811,0.113622,-0.095242,0.34619,0.113588,-0.095458,0.344562,0.113481,-0.095554,0.338678,0.119827,-0.015176,0.334151,0.119929,-0.122168,0.35008,0.141209,-0.055103,0.348953,0.140485,-0.087697,0.332176,0.194647,0.069971,0.310203,0.178805,-0.153007,0.319908,0.259543,0.128597,0.274271,0.242385,-0.222152,0.339652,0.308127,0.102541,0.318093,0.303642,-0.281797,0.341982,0.324063,0.0991,0.321299,0.327898,-0.31493,0.346081,0.31853,0.075952,0.327186,0.319579,-0.304798,0.344343,0.31043,0.092191,0.327109,0.312542,-0.280079,0.326693,0.381392,0.076431,0.324337,0.382818,-0.07648,0.310094,0.514275,0.178921,0.355798,0.520195,-0.068934,0.292405,0.631771,0.282287,0.365578,0.659306,-0.036661,0.282159,0.655444,0.288148,0.359236,0.679472,-0.03628,0.318022,0.653346,0.250198,0.394232,0.668421,-0.106719
KG_Lat_1_6.18.26,12,602.7,314.57,0,602.7,314.57,0.9891,610.41,327.51,0.9309,0.3528,0.127196,-0.093106,0.34869,0.113977,-0.08271,0.348069,0.113913,-0.082866,0.347554,0.113819,-0.082813,0.347328,0.113936,-0.104805,0.345621,0.113881,-0.105022,0.343888,0.113768,-0.105114,0.338703,0.120086,-0.020881,0.333376,0.120244,-0.123061,0.349362,0.141718,-0.065253,0.347983,0.141023,-0.09585,0.332096,0.19485,0.067931,0.310021,0.179061,-0.152513,0.323245,0.259604,0.128135,0.2736,0.241568,-0.22192,0.340357,0.308901,0.101099,0.31792,0.303246,-0.277294,0.342458,0.32467,0.097499,0.321544,0.328099,-0.309407,0.346245,0.319151,0.074801,0.327351,0.319701,-0.301214,0.344644,0.310388,0.091006,0.327132,0.312605,-0.275477,0.326697,0.381262,0.075326,0.324378,0.382813,-0.075385,0.310068,0.514244,0.178377,0.355771,0.520239,-0.068097,0.292416,0.631749,0.278701,0.365601,0.659424,-0.03492,0.282157,0.655471,0.284224,0.359308,0.679651,-0.034239,0.317943,0.653327,0.246737,0.394065,0.668471,-0.10275
KG_Lat_1_6.18.26,13,600.59,311.23,0,600.59,311.23,0.9885,610.44,325.09,0.9331,0.352142,0.127455,-0.093593,0.348429,0.114223,-0.08378,0.347878,0.114153,-0.083941,0.347422,0.114071,-0.083889,0.346944,0.114153,-0.105336,0.345223,0.114094,-0.105554,0.343478,0.113981,-0.105644,0.338729,0.120277,-0.024052,0.333122,0.120349,-0.123399,0.348812,0.141994,-0.066651,0.347256,0.141373,-0.09658,0.332036,0.195182,0.062656,0.309866,0.179081,-0.150652,0.328033,0.255403,0.135636,0.273392,0.240818,-0.221946,0.341278,0.306101,0.144105,0.31794,0.301011,-0.285197,0.342733,0.321268,0.146835,0.321794,0.325954,-0.317352,0.346335,0.315301,0.124767,0.327546,0.317955,-0.309692,0.34516,0.309711,0.135584,0.327187,0.310362,-0.283613,0.326838,0.381164,0.073547,0.324451,0.382699,-0.073609,0.310123,0.514247,0.174918,0.355723,0.520136,-0.066806,0.29235,0.631613,0.270614,0.365626,0.659171,-0.034873,0.282116,0.65547,0.27578,0.359379,0.679231,-0.034264,0.317953,0.653246,0.235905,0.394037,0.669383,-0.102732
KG_Lat_1_6.18.26,14,600.38,309.92,0,600.38,309.92,0.9883,609.85,323.95,0.9303,0.352183,0.127347,-0.089132,0.348377,0.11418,-0.079169,0.347784,0.114111,-0.079336,0.347265,0.114023,-0.079277,0.346967,0.114114,-0.101455,0.345275,0.114054,-0.101678,0.343564,0.113934,-0.101773,0.338306,0.120215,-0.020545,0.333225,0.120281,-0.124884,0.348804,0.141932,-0.062139,0.347347,0.141309,-0.093096,0.3319,0.195155,0.065788,0.309887,0.179045,-0.153773,0.324946,0.254347,0.129477,0.273042,0.239299,-0.222378,0.340116,0.304881,0.109821,0.31763,0.299951,-0.271566,0.342689,0.320899,0.106971,0.321771,0.325343,-0.301626,0.345875,0.316252,0.084706,0.327056,0.317921,-0.29489,0.344759,0.309674,0.100033,0.326619,0.310348,-0.269892,0.327055,0.380943,0.074116,0.324511,0.382731,-0.074182,0.310363,0.514108,0.175153,0.355636,0.520143,-0.06525,0.292331,0.631545,0.271717,0.365736,0.659226,-0.026929,0.282105,0.655514,0.276999,0.359593,0.679338,-0.025895,0.31801,0.653228,0.236187,0.394043,0.669254,-0.095237
KG_Lat_1_6.18.26,15,599.35,310.03,0,599.35,310.03,0.9887,609.49,322.92,0.9301,0.351396,0.127458,-0.088056,0.34787,0.11424,-0.07859,0.347336,0.114182,-0.078754,0.346881,0.114104,-0.078699,0.346434,0.114142,-0.100709,0.344793,0.114069,-0.10093,0.34315,0.113938,-0.101018,0.33818,0.120225,-0.021048,0.332991,0.120204,-0.124454,0.348222,0.141953,-0.061572,0.346788,0.141316,-0.092323,0.331888,0.195184,0.065317,0.309718,0.179061,-0.15065,0.326053,0.252029,0.147074,0.272262,0.238876,-0.222405,0.340114,0.303733,0.162113,0.317445,0.299005,-0.275879,0.34259,0.318953,0.165858,0.321784,0.324506,-0.306955,0.34539,0.313565,0.143216,0.326851,0.317102,-0.299774,0.344239,0.307852,0.153483,0.326349,0.309146,-0.274326,0.327131,0.38095,0.073708,0.324768,0.383002,-0.073775,0.310477,0.514066,0.175141,0.355594,0.520149,-0.054342,0.292264,0.631471,0.2711,0.365854,0.65925,-0.024135,0.282073,0.655492,0.276292,0.359878,0.679321,-0.023896,0.31752,0.652822,0.235395,0.394378,0.670505,-0.092548
KG_Lat_1_6.18.26,16,599.4,311.03,0,599.4,311.03,0.9882,609.0,323.03,0.9324,0.350921,0.128407,-0.099981,0.347713,0.114979,-0.088997,0.34725,0.114955,-0.089161,0.346858,0.114919,-0.089104,0.346081,0.114759,-0.110573,0.344339,0.11461,-0.110787,0.342566,0.114414,-0.11087,0.338194,0.120732,-0.024278,0.33241,0.120338,-0.125184,0.347676,0.142528,-0.070889,0.345951,0.141879,-0.100938,0.331846,0.195285,0.065977,0.309608,0.179107,-0.150806,0.326773,0.25234,0.146048,0.271575,0.238287,-0.226177,0.340118,0.30174,0.144199,0.31719,0.299099,-0.288846,0.342615,0.318735,0.145242,0.321872,0.324046,-0.321437,0.34551,0.313342,0.122635,0.326881,0.316484,-0.313801,0.344263,0.307759,0.134956,0.326224,0.308786,-0.287222,0.32708,0.380957,0.074045,0.324768,0.383115,-0.074116,0.310588,0.51408,0.175347,0.35543,0.520154,-0.051496,0.292187,0.631481,0.27086,0.365855,0.659195,-0.020584,0.282059,0.655551,0.276065,0.359983,0.679399,-0.020314,0.317596,0.652796,0.235375,0.394384,0.670143,-0.087739
KG_Lat_1_6.18.26,17,598.64,308.77,0,598.64,308.77,0.9894,608.97,321.81,0.9352,0.350948,0.128517,-0.094119,0.34765,0.115079,-0.084035,0.347184,0.115051,-0.084202,0.346794,0.115019,-0.084149,0.346059,0.11484,-0.106414,0.344343,0.114683,-0.106629,0.342595,0.114479,-0.106716,0.338182,0.120767,-0.023172,0.332453,0.120359,-0.125614,0.347651,0.142624,-0.06657,0.346014,0.141971,-0.097574,0.3317,0.195277,0.064833,0.309578,0.1791,-0.151245,0.326697,0.252774,0.146742,0.27141,0.23767,-0.232587,0.340032,0.301373,0.149533,0.317174,0.297968,-0.297756,0.342662,0.319387,0.151668,0.321891,0.322751,-0.330983,0.34571,0.313698,0.128412,0.326818,0.315784,-0.3235,0.344181,0.307833,0.140244,0.32612,0.307716,-0.296302,0.327066,0.380955,0.07404,0.324693,0.383138,-0.074108,0.310586,0.514117,0.17543,0.355425,0.520167,-0.05276,0.292115,0.631458,0.271326,0.365854,0.659184,-0.022484,0.282049,0.655571,0.276607,0.359982,0.679415,-0.022226,0.317634,0.652797,0.236404,0.394306,0.669365,-0.089618
KG_Lat_1_6.18.26,18,596.39,307.25,0,596.39,307.25,0.9894,608.76,321.5,0.9368,0.351,0.12827,-0.092829,0.347549,0.11485,-0.082989,0.347067,0.114839,-0.083153,0.346668,0.114817,-0.083102,0.345983,0.11461,-0.105399,0.344268,0.114469,-0.105614,0.342515,0.114274,-0.105703,0.338089,0.120603,-0.023477,0.332332,0.120249,-0.125812,0.347688,0.142527,-0.065914,0.346115,0.141924,-0.096894,0.331568,0.195319,0.06307,0.309553,0.179116,-0.151769,0.322155,0.253052,0.140383,0.270973,0.237225,-0.232273,0.340011,0.30236,0.142343,0.317064,0.297683,-0.289707,0.342655,0.31985,0.143036,0.321755,0.323045,-0.321993,0.345371,0.31403,0.119585,0.326442,0.316045,-0.314347,0.343932,0.308081,0.132337,0.325834,0.307936,-0.287883,0.327063,0.380927,0.07375,0.324704,0.38317,-0.073821,0.310575,0.514313,0.175606,0.355424,0.520103,-0.050558,0.292141,0.631462,0.271078,0.365895,0.6592,-0.013156,0.28206,0.655632,0.276327,0.359979,0.679405,-0.011982,0.317651,0.653,0.236372,0.394348,0.669423,-0.077428
KG_Lat_1_6.18.26,19,597.77,308.27,0,597.77,308.27,0.9897,608.46,321.44,0.9386,0.351039,0.128225,-0.090899,0.347507,0.1148,-0.081389,0.347018,0.114786,-0.081554,0.346617,0.114758,-0.081503,0.345958,0.114577,-0.103943,0.344248,0.114446,-0.104158,0.342496,0.114259,-0.104245,0.338025,0.120513,-0.023681,0.332275,0.120245,-0.12625,0.347734,0.142501,-0.064577,0.3462,0.141921,-0.095726,0.331323,0.195244,0.061653,0.309575,0.179121,-0.151962,0.321923,0.252678,0.13972,0.270975,0.236956,-0.231963,0.339817,0.301095,0.13655,0.316908,0.297633,-0.286456,0.342683,0.31981,0.137219,0.321627,0.322777,-0.318244,0.345214,0.313796,0.113938,0.326275,0.315949,-0.310793,0.343836,0.307676,0.12676,0.325701,0.307651,-0.284668,0.326991,0.380902,0.073828,0.324713,0.383187,-0.073899,0.310611,0.514343,0.177494,0.355405,0.520137,-0.051437,0.292143,0.631458,0.273926,0.365894,0.659158,-0.014955,0.282044,0.655666,0.279294,0.359978,0.679299,-0.013934,0.317682,0.653015,0.239623,0.394383,0.669385,-0.080073
KG_Lat_1_6.18.26,20,597.11,307.92,0,597.11,307.92,0.99,607.85,321.71,0.9409,0.350933,0.128121,-0.092885,0.347365,0.114742,-0.082667,0.346897,0.114735,-0.082826,0.346525,0.114717,-0.082776,0.345784,0.11452,-0.104956,0.344064,0.114397,-0.105171,0.342294,0.114217,-0.105262,0.338035,0.120451,-0.022815,0.33208,0.120234,-0.125983,0.347666,0.142471,-0.065712,0.346152,0.141915,-0.096568,0.331135,0.195237,0.063369,0.309553,0.179174,-0.151731,0.321866,0.252894,0.139663,0.271022,0.23684,-0.22962,0.337813,0.300175,0.132301,0.316587,0.297879,-0.28375,0.342533,0.319752,0.132513,0.321191,0.322932,-0.315223,0.344638,0.313416,0.109419,0.325605,0.315869,-0.307753,0.343384,0.307406,0.122514,0.325015,0.307658,-0.281828,0.326969,0.380901,0.074014,0.324691,0.383224,-0.074083,0.310617,0.514356,0.180869,0.35539,0.520142,-0.073616,0.292118,0.63139,0.282577,0.365925,0.659173,-0.055784,0.282027,0.655668,0.288663,0.359976,0.679144,-0.056453,0.317714,0.65299,0.252428,0.394375,0.670238,-0.125231
KG_Lat_1_6.18.26,21,597.09,308.33,0,597.09,308.33,0.991,607.67,321.81,0.9427,0.35088,0.128174,-0.091569,0.347305,0.114835,-0.08172,0.346828,0.114824,-0.081881,0.346445,0.114805,-0.081829,0.345741,0.1146,-0.10422,0.344015,0.11447,-0.104433,0.342232,0.114287,-0.104519,0.337924,0.120477,-0.023187,0.331925,0.120325,-0.126561,0.347558,0.142495,-0.064904,0.346077,0.141952,-0.096016,0.330794,0.195224,0.062456,0.309579,0.179137,-0.152898,0.32187,0.252459,0.135969,0.270777,0.236464,-0.22951,0.337824,0.299986,0.127371,0.316494,0.297971,-0.282766,0.342556,0.319798,0.126932,0.320875,0.323273,-0.314321,0.344289,0.313171,0.103918,0.325262,0.316143,-0.306356,0.343043,0.307267,0.117754,0.324845,0.307962,-0.28061,0.326861,0.38089,0.074158,0.324678,0.383244,-0.074228,0.31061,0.51434,0.18061,0.355353,0.520123,-0.06941,0.292106,0.631335,0.280256,0.365917,0.659098,-0.041076,0.282024,0.655679,0.286085,0.359958,0.67918,-0.040679,0.317703,0.652958,0.249254,0.394378,0.669993,-0.104993
KG_Lat_1_6.18.26,22,595.96,308.49,0,595.96,308.49,0.991,606.67,321.98,0.9458,0.350791,0.128175,-0.091226,0.347158,0.114836,-0.081469,0.346671,0.114825,-0.081637,0.346283,0.114807,-0.081586,0.345651,0.114603,-0.103989,0.343957,0.114472,-0.104201,0.342209,0.114289,-0.10428,0.337841,0.120479,-0.023038,0.331946,0.120339,-0.125288,0.347483,0.142506,-0.064648,0.34607,0.141967,-0.095669,0.330612,0.19521,0.063017,0.3096,0.179131,-0.152737,0.321644,0.252391,0.136423,0.270801,0.23599,-0.22764,0.335698,0.300198,0.126749,0.315974,0.298133,-0.279352,0.341422,0.319742,0.126318,0.319945,0.323541,-0.310643,0.342893,0.313054,0.103377,0.324192,0.316353,-0.303497,0.341882,0.30724,0.117075,0.323976,0.308196,-0.277516,0.326813,0.38069,0.074284,0.324678,0.383149,-0.074354,0.310587,0.514377,0.179851,0.355352,0.520064,-0.068768,0.292123,0.631358,0.278423,0.365952,0.659103,-0.037616,0.282024,0.655773,0.28423,0.359967,0.679181,-0.036876,0.317719,0.653013,0.248355,0.394392,0.669978,-0.098753
KG_Lat_1_6.18.26,23,595.89,309.05,0,595.89,309.05,0.991,606.53,322.18,0.9454,0.350714,0.128211,-0.090376,0.347095,0.114873,-0.080672,0.346607,0.114854,-0.080836,0.346215,0.114822,-0.080784,0.345591,0.114639,-0.103313,0.343889,0.1145,-0.103524,0.342128,0.114311,-0.103603,0.337724,0.12046,-0.022387,0.33179,0.120337,-0.125243,0.347357,0.142507,-0.063835,0.345962,0.141969,-0.095034,0.330233,0.195159,0.063548,0.309554,0.178933,-0.152913,0.321632,0.252571,0.121338,0.270782,0.236032,-0.224284,0.335937,0.300743,0.082943,0.315899,0.298317,-0.268638,0.341479,0.320073,0.077558,0.319818,0.323636,-0.299105,0.342916,0.313279,0.055398,0.323896,0.316445,-0.292927,0.341889,0.307498,0.07271,0.323681,0.308328,-0.267045,0.326736,0.380511,0.074253,0.32472,0.38302,-0.074325,0.310596,0.514343,0.179671,0.355348,0.520234,-0.060434,0.292138,0.63132,0.277419,0.365996,0.659177,-0.017503,0.282027,0.655774,0.283131,0.360005,0.679209,-0.015924,0.317758,0.653015,0.247485,0.394379,0.669997,-0.080548
KG_Lat_1_6.18.26,24,594.54,309.43,0,594.54,309.43,0.9919,604.35,322.27,0.9451,0.350623,0.128214,-0.088942,0.346997,0.114891,-0.07896,0.346511,0.114877,-0.07911,0.346127,0.11484,-0.079056,0.345508,0.114641,-0.101756,0.343823,0.114492,-0.101965,0.342081,0.114281,-0.10204,0.337633,0.120427,-0.01931,0.33168,0.12018,-0.123319,0.34714,0.142502,-0.061845,0.345778,0.141931,-0.093262,0.33015,0.195159,0.066825,0.309405,0.178824,-0.152191,0.321677,0.252906,0.120518,0.270589,0.236095,-0.217149,0.335619,0.301111,0.071786,0.314767,0.298394,-0.253356,0.341442,0.320974,0.0652,0.318386,0.323734,-0.283087,0.342742,0.314118,0.043462,0.322719,0.316589,-0.277466,0.341697,0.307529,0.061367,0.322325,0.308492,-0.251767,0.32674,0.380447,0.074347,0.324733,0.383025,-0.074416,0.310733,0.51421,0.179519,0.355337,0.520474,-0.065077,0.292171,0.631156,0.277184,0.365901,0.659439,-0.03173,0.282138,0.655669,0.282831,0.359756,0.679236,-0.031321,0.317858,0.652941,0.246101,0.394129,0.670749,-0.101003
KG_Lat_1_6.18.26,25,594.32,310.6,0,594.32,310.6,0.9921,604.19,322.28,0.9474,0.350445,0.128218,-0.087152,0.346794,0.114921,-0.077627,0.346283,0.114906,-0.077774,0.345869,0.114867,-0.077717,0.345397,0.114662,-0.100597,0.343756,0.114503,-0.100807,0.342051,0.114284,-0.100881,0.337122,0.120382,-0.019047,0.331593,0.12015,-0.123269,0.346886,0.142476,-0.060468,0.345628,0.141822,-0.092059,0.330006,0.19501,0.066893,0.309347,0.17869,-0.15233,0.321774,0.254073,0.116042,0.270618,0.236085,-0.215166,0.337154,0.301557,0.062025,0.314684,0.298408,-0.249865,0.343072,0.322418,0.054862,0.318538,0.32388,-0.279669,0.344166,0.314814,0.032327,0.322959,0.31664,-0.274109,0.342995,0.308559,0.051125,0.322532,0.308568,-0.248265,0.326735,0.380043,0.07443,0.324717,0.38261,-0.074499,0.310864,0.514204,0.175566,0.355247,0.520264,-0.062208,0.292132,0.631156,0.27091,0.365898,0.658923,-0.02283,0.282093,0.65567,0.275977,0.359747,0.678718,-0.022012,0.317932,0.652898,0.233238,0.393995,0.670551,-0.093465
KG_Lat_1_6.18.26,26,595.48,312.1,0,595.48,312.1,0.9911,603.69,321.84,0.9442,0.35046,0.12822,-0.082932,0.346759,0.114945,-0.073246,0.346238,0.114925,-0.073389,0.345812,0.114881,-0.073334,0.345403,0.114692,-0.096602,0.343777,0.114529,-0.096807,0.34208,0.114304,-0.096879,0.336923,0.120379,-0.014756,0.331594,0.120148,-0.120737,0.346908,0.142418,-0.056274,0.345667,0.141753,-0.088344,0.329935,0.194539,0.069186,0.309346,0.178635,-0.150025,0.322489,0.254117,0.117638,0.27062,0.235802,-0.210396,0.337192,0.301845,0.065729,0.31442,0.297995,-0.242843,0.343086,0.322531,0.058883,0.318469,0.323548,-0.272067,0.344028,0.314905,0.037084,0.322807,0.316379,-0.266407,0.342895,0.308596,0.055249,0.322159,0.30829,-0.241204,0.326734,0.379928,0.074483,0.324759,0.382603,-0.074551,0.3109,0.514139,0.174523,0.355245,0.520554,-0.064054,0.292099,0.631171,0.267872,0.365923,0.658939,-0.032641,0.282053,0.655746,0.272647,0.359954,0.678742,-0.032718,0.318008,0.652909,0.229474,0.393779,0.671036,-0.105373
KG_Lat_1_6.18.26,27,593.45,311.15,0,593.45,311.15,0.9922,602.34,321.97,0.9458,0.350415,0.128272,-0.079148,0.346728,0.115063,-0.070053,0.346198,0.115027,-0.070197,0.345762,0.114969,-0.070139,0.345403,0.114797,-0.093402,0.343791,0.114602,-0.093611,0.342103,0.114342,-0.093687,0.336809,0.120377,-0.013722,0.331598,0.120104,-0.119897,0.346794,0.142415,-0.053234,0.345606,0.141738,-0.085331,0.328947,0.19409,0.070408,0.309337,0.178568,-0.150297,0.321358,0.254164,0.120649,0.270616,0.235544,-0.210863,0.336533,0.302003,0.078723,0.31372,0.298122,-0.243593,0.342866,0.3237,0.073992,0.318089,0.323674,-0.272741,0.343609,0.315521,0.051638,0.322595,0.316467,-0.266758,0.342604,0.309214,0.068336,0.321751,0.308393,-0.241803,0.326728,0.379831,0.074499,0.324785,0.382606,-0.07457,0.310927,0.514133,0.174587,0.355198,0.520555,-0.056085,0.29207,0.631173,0.267449,0.365924,0.658814,-0.018675,0.282022,0.655772,0.272183,0.359938,0.678564,-0.018037,0.318033,0.652866,0.229885,0.393644,0.670791,-0.087663
KG_Lat_1_6.18.26,28,593.66,311.5,0,593.66,311.5,0.9924,602.0,322.08,0.9442,0.350431,0.12837,-0.078829,0.346725,0.115208,-0.069753,0.346189,0.115161,-0.069898,0.345745,0.115089,-0.06984,0.345415,0.114928,-0.093322,0.343806,0.114704,-0.093532,0.342116,0.114416,-0.09361,0.336705,0.120392,-0.013624,0.331621,0.120104,-0.120341,0.346797,0.142417,-0.052942,0.34563,0.141735,-0.085311,0.328932,0.193851,0.070568,0.309346,0.178562,-0.15118,0.321328,0.254185,0.120275,0.270575,0.23555,-0.212698,0.336165,0.302173,0.075357,0.313542,0.298222,-0.244679,0.342703,0.323427,0.069884,0.318069,0.323668,-0.273706,0.343307,0.315678,0.047892,0.322568,0.316302,-0.267242,0.342329,0.308915,0.064915,0.321598,0.308318,-0.242635,0.326756,0.379769,0.074526,0.324797,0.382617,-0.074597,0.310978,0.514148,0.174483,0.355193,0.520629,-0.053183,0.292069,0.631119,0.267592,0.365924,0.65864,-0.01348,0.282021,0.65558,0.272372,0.359941,0.678344,-0.012628,0.31766,0.652799,0.23001,0.393439,0.670339,-0.083139
KG_Lat_1_6.18.26,29,593.15,311.68,0,593.15,311.68,0.9924,602.01,322.11,0.9447,0.350448,0.12838,-0.078853,0.346726,0.115214,-0.069734,0.346183,0.115169,-0.069881,0.345731,0.115095,-0.069823,0.345427,0.114928,-0.093256,0.343821,0.114699,-0.093464,0.342133,0.114403,-0.093539,0.336659,0.120362,-0.013587,0.331624,0.120039,-0.120249,0.346812,0.142416,-0.052947,0.345654,0.141731,-0.085259,0.328964,0.193874,0.07055,0.309196,0.178289,-0.150496,0.324149,0.254549,0.118413,0.270566,0.235401,-0.210346,0.34143,0.304541,0.069773,0.313548,0.298254,-0.243045,0.344694,0.3247,0.063377,0.318198,0.323691,-0.272269,0.344899,0.317614,0.041151,0.322712,0.316365,-0.266579,0.343749,0.310369,0.059222,0.321766,0.308373,-0.241434,0.326753,0.379611,0.074317,0.324801,0.38261,-0.074386,0.311009,0.514144,0.173104,0.355178,0.520788,-0.052784,0.292034,0.63112,0.2668,0.365944,0.658733,-0.00855,0.282021,0.655581,0.271666,0.360212,0.678288,-0.007077,0.317347,0.652795,0.229866,0.393344,0.669816,-0.074573
KG_Lat_1_6.18.26,30,593.45,312.17,0,593.45,312.17,0.9923,602.1,322.18,0.9458,0.350417,0.128396,-0.078957,0.346711,0.115256,-0.069844,0.346165,0.115218,-0.069991,0.345713,0.115149,-0.069934,0.345423,0.114941,-0.093343,0.343827,0.114704,-0.093551,0.342147,0.114404,-0.093627,0.336667,0.120309,-0.013554,0.331619,0.119909,-0.11983,0.346729,0.142415,-0.053049,0.345604,0.141718,-0.085355,0.328972,0.193908,0.070578,0.309177,0.178031,-0.149914,0.325455,0.255083,0.118545,0.270542,0.235229,-0.211116,0.341827,0.304853,0.075217,0.313594,0.298314,-0.247211,0.345482,0.325364,0.070449,0.318303,0.323764,-0.276904,0.345723,0.318117,0.048564,0.322828,0.316424,-0.270861,0.344386,0.311203,0.064985,0.321897,0.308441,-0.245564,0.326728,0.379543,0.074359,0.324764,0.382563,-0.074427,0.311007,0.514171,0.175239,0.355191,0.520959,-0.06338,0.291995,0.631238,0.274506,0.366051,0.6588,-0.0308,0.281943,0.6558,0.280122,0.360286,0.678299,-0.030414,0.317504,0.652811,0.240649,0.393169,0.670757,-0.099702
KG_Lat_1_6.18.26,31,593.49,311.67,0,593.49,311.67,0.9923,602.22,322.11,0.9444,0.350373,0.128592,-0.077899,0.346696,0.115497,-0.068901,0.346144,0.11546,-0.069049,0.345684,0.115389,-0.068993,0.345427,0.11511,-0.092292,0.343837,0.114812,-0.0925,0.342163,0.114455,-0.092577,0.336617,0.120315,-0.013086,0.331631,0.119821,-0.11918,0.346578,0.142448,-0.052118,0.345482,0.141723,-0.084275,0.328957,0.193715,0.070923,0.309186,0.177939,-0.149526,0.325336,0.255111,0.118051,0.270553,0.235056,-0.210386,0.341693,0.304868,0.06939,0.313657,0.298245,-0.243338,0.345562,0.324832,0.063247,0.318907,0.323265,-0.272244,0.345897,0.318109,0.041929,0.323611,0.315369,-0.265713,0.344502,0.31121,0.059195,0.322262,0.307651,-0.241352,0.3267,0.379212,0.074376,0.324764,0.382351,-0.074445,0.311016,0.514169,0.174727,0.355165,0.5211,-0.061187,0.292005,0.631237,0.273663,0.366046,0.65918,-0.026112,0.281942,0.655801,0.279197,0.360314,0.678624,-0.025557,0.317607,0.652823,0.237929,0.393186,0.67052,-0.095856
KG_Lat_1_6.18.26,32,592.12,310.14,0,592.12,310.14,0.9926,602.31,321.91,0.9421,0.350345,0.128775,-0.076507,0.346678,0.115744,-0.067697,0.346116,0.11569,-0.067848,0.345645,0.115595,-0.067796,0.345426,0.11533,-0.091086,0.343844,0.114981,-0.091291,0.342176,0.114568,-0.091366,0.336491,0.120313,-0.012679,0.331633,0.119776,-0.118951,0.346462,0.142475,-0.051027,0.345384,0.141727,-0.083199,0.328872,0.193559,0.070924,0.309188,0.177752,-0.149296,0.325278,0.255146,0.119723,0.270534,0.234713,-0.211453,0.341551,0.304855,0.07651,0.313701,0.298066,-0.246234,0.345898,0.324874,0.071574,0.318951,0.32283,-0.275388,0.346149,0.318179,0.049692,0.323658,0.314847,-0.26887,0.344675,0.311496,0.066302,0.322341,0.307176,-0.244336,0.326697,0.379158,0.074279,0.324778,0.382331,-0.074347,0.311025,0.514148,0.173259,0.355143,0.521419,-0.059468,0.292005,0.631254,0.266873,0.366047,0.659189,-0.024346,0.281945,0.655856,0.271734,0.360354,0.678638,-0.023805,0.317729,0.652908,0.229622,0.392964,0.670875,-0.093682
KG_Lat_1_6.18.26,33,602.42,321.81,0,592.74,310.55,0.9925,602.42,321.81,0.9379,0.350283,0.128916,-0.076148,0.346632,0.115867,-0.067485,0.346058,0.115809,-0.067637,0.345571,0.115711,-0.067585,0.345414,0.115429,-0.091065,0.343847,0.115056,-0.09127,0.342189,0.114619,-0.091346,0.336333,0.120316,-0.012739,0.331642,0.119764,-0.119811,0.34636,0.142524,-0.050796,0.345314,0.141749,-0.083207,0.327839,0.19321,0.070917,0.309227,0.177536,-0.151535,0.323896,0.254589,0.116362,0.270539,0.234129,-0.21173,0.341198,0.304499,0.066987,0.313758,0.297972,-0.24309,0.345371,0.324759,0.060832,0.319446,0.322234,-0.271355,0.345638,0.318038,0.039402,0.324026,0.314291,-0.264304,0.344141,0.310707,0.056675,0.322422,0.306784,-0.240743,0.326694,0.379148,0.074406,0.324956,0.382366,-0.074478,0.311031,0.514147,0.173171,0.355126,0.521555,-0.052507,0.291973,0.6314,0.265919,0.366057,0.659197,-0.010829,0.281926,0.656092,0.270707,0.360353,0.678594,-0.009655,0.317823,0.652897,0.229083,0.391986,0.670821,-0.076769
KG_Lat_1_6.18.26,34,593.01,309.36,0,593.01,309.36,0.992,602.52,321.85,0.9358,0.349855,0.129322,-0.079059,0.346464,0.116307,-0.06906,0.345962,0.116244,-0.069207,0.345538,0.116149,-0.069143,0.345085,0.115791,-0.092124,0.343494,0.11534,-0.092332,0.341806,0.114826,-0.092406,0.336394,0.120483,-0.011666,0.331268,0.119781,-0.116488,0.346076,0.142718,-0.051719,0.344831,0.141925,-0.083601,0.327847,0.19325,0.074803,0.309242,0.177497,-0.146398,0.32381,0.254554,0.117523,0.270517,0.233849,-0.209325,0.338912,0.304518,0.072543,0.313812,0.298008,-0.240331,0.344257,0.325279,0.067032,0.319461,0.322317,-0.268353,0.344654,0.318215,0.045687,0.324005,0.31438,-0.261059,0.343364,0.311426,0.062404,0.322462,0.30686,-0.237852,0.32652,0.379235,0.074416,0.32501,0.382501,-0.07449,0.311016,0.514082,0.170066,0.35493,0.521527,-0.04569,0.291979,0.63139,0.253166,0.366056,0.658303,-0.006175,0.281908,0.656076,0.257033,0.360472,0.67814,-0.005089,0.31776,0.652891,0.217275,0.391548,0.670436,-0.068599
KG_Lat_1_6.18.26,35,594.48,309.16,0,594.48,309.16,0.9915,602.59,321.86,0.9391,0.3498,0.129616,-0.08084,0.346457,0.116577,-0.070841,0.345958,0.11651,-0.070992,0.345537,0.116408,-0.070929,0.345077,0.116023,-0.093625,0.343486,0.115545,-0.093833,0.341794,0.115002,-0.093907,0.336412,0.120575,-0.012758,0.331252,0.119823,-0.116611,0.345986,0.142985,-0.053612,0.344713,0.142186,-0.0851,0.328091,0.193453,0.073977,0.309248,0.177464,-0.146909,0.325186,0.254568,0.122094,0.270514,0.23342,-0.209906,0.339881,0.30497,0.088572,0.313847,0.298014,-0.246244,0.345126,0.325984,0.085096,0.3195,0.322392,-0.275853,0.345614,0.319134,0.062673,0.324131,0.314452,-0.26943,0.344126,0.312707,0.0785,0.322594,0.306914,-0.244387,0.326495,0.379241,0.074413,0.32501,0.382507,-0.074487,0.311019,0.514077,0.170335,0.354908,0.521476,-0.047049,0.29199,0.631371,0.25608,0.365884,0.658458,-0.009844,0.281907,0.65607,0.26034,0.359955,0.678341,-0.00894,0.317829,0.65288,0.219358,0.39159,0.671935,-0.073934
KG_Lat_1_6.18.26,36,598.76,313.96,0,598.76,313.96,0.9887,602.66,321.67,0.9431,0.349549,0.129955,-0.085381,0.346404,0.11689,-0.074338,0.34593,0.116826,-0.07449,0.345529,0.116732,-0.074428,0.344954,0.116291,-0.096515,0.343316,0.115777,-0.096726,0.341556,0.115203,-0.096799,0.336537,0.120843,-0.012761,0.331058,0.119942,-0.11569,0.345724,0.143321,-0.056568,0.344232,0.142518,-0.087328,0.328314,0.193708,0.074427,0.309191,0.177273,-0.144983,0.326015,0.255605,0.124295,0.270488,0.233035,-0.211953,0.340572,0.305114,0.088644,0.313887,0.297842,-0.267406,0.345669,0.325792,0.085105,0.319679,0.322013,-0.299975,0.346313,0.319346,0.062664,0.324466,0.314403,-0.293648,0.344716,0.313031,0.078533,0.322807,0.306809,-0.266104,0.326494,0.379211,0.074378,0.324995,0.382457,-0.07445,0.311022,0.514085,0.17045,0.354873,0.521609,-0.061978,0.292009,0.631367,0.258035,0.365893,0.658966,-0.033565,0.281907,0.656156,0.262458,0.359967,0.678619,-0.033436,0.317945,0.652881,0.221351,0.391795,0.67161,-0.100843
KG_Lat_1_6.18.26,37,599.19,314.56,0,599.19,314.56,0.9885,602.83,321.65,0.9426,0.349416,0.130344,-0.08204,0.346357,0.117339,-0.071649,0.345889,0.117303,-0.071799,0.345496,0.117247,-0.071738,0.344902,0.116671,-0.093919,0.343254,0.116126,-0.094129,0.341486,0.115508,-0.094201,0.33654,0.121059,-0.011327,0.331013,0.119996,-0.114569,0.345547,0.143526,-0.053959,0.343963,0.142625,-0.084862,0.328321,0.193711,0.075112,0.309198,0.176829,-0.144945,0.325929,0.25571,0.124002,0.2705,0.232414,-0.212225,0.340526,0.306257,0.08112,0.313973,0.297826,-0.264377,0.345392,0.326513,0.075635,0.319793,0.322076,-0.296931,0.346363,0.320921,0.053324,0.324532,0.314432,-0.290928,0.344776,0.313849,0.070705,0.322962,0.306826,-0.263179,0.326407,0.379196,0.074396,0.325024,0.382423,-0.074469,0.311038,0.514115,0.170686,0.354856,0.5217,-0.0618,0.292005,0.631387,0.258586,0.366034,0.659093,-0.029016,0.281907,0.656213,0.263122,0.360184,0.678742,-0.028441,0.317991,0.652879,0.22196,0.39225,0.671413,-0.096492
KG_Lat_1_6.18.26,38,599.23,312.55,0,599.23,312.55,0.9881,603.76,321.24,0.9437,0.349307,0.13044,-0.081052,0.346309,0.117456,-0.070881,0.345841,0.11743,-0.071028,0.345452,0.117384,-0.070965,0.344862,0.116748,-0.093103,0.343212,0.116176,-0.093313,0.341439,0.115531,-0.093383,0.336512,0.121073,-0.010717,0.330915,0.119946,-0.1136,0.345319,0.143546,-0.053088,0.343745,0.142626,-0.083928,0.328057,0.193626,0.075463,0.309246,0.1761,-0.144001,0.32576,0.25602,0.114039,0.27051,0.231878,-0.209043,0.340499,0.307195,0.049691,0.314457,0.297446,-0.250018,0.345176,0.32712,0.040739,0.320584,0.321927,-0.28043,0.346445,0.321924,0.019473,0.325366,0.31432,-0.27409,0.344871,0.314323,0.03909,0.323689,0.306704,-0.248259,0.32632,0.378885,0.074353,0.325135,0.382053,-0.074426,0.311102,0.514072,0.170902,0.35484,0.521695,-0.061342,0.292012,0.63136,0.25962,0.366113,0.659087,-0.031057,0.281988,0.656201,0.264249,0.360304,0.678748,-0.031003,0.318122,0.652895,0.222827,0.392869,0.673732,-0.099161
KG_Lat_1_6.18.26,39,598.62,312.1,0,598.62,312.1,0.9878,604.21,319.78,0.9442,0.349228,0.130636,-0.079802,0.346304,0.117727,-0.069672,0.345842,0.117707,-0.069821,0.345468,0.117675,-0.069759,0.344837,0.117073,-0.091874,0.343196,0.116544,-0.092085,0.341434,0.115944,-0.092159,0.336683,0.121299,-0.009627,0.330911,0.120169,-0.112227,0.345326,0.143564,-0.05203,0.343778,0.142666,-0.082829,0.328074,0.193679,0.076569,0.309422,0.176113,-0.142469,0.325671,0.255958,0.123994,0.270514,0.23166,-0.209494,0.340469,0.306895,0.080384,0.314695,0.296088,-0.25647,0.344937,0.32696,0.075465,0.321151,0.319241,-0.28716,0.346464,0.321373,0.053564,0.325697,0.312472,-0.279883,0.344901,0.314195,0.070281,0.323866,0.304832,-0.254479,0.326324,0.378831,0.074354,0.325153,0.38199,-0.074427,0.311215,0.514058,0.169041,0.354792,0.52168,-0.059811,0.29199,0.63136,0.255455,0.366171,0.659029,-0.030037,0.281988,0.656197,0.259755,0.360501,0.678678,-0.029924,0.318354,0.652778,0.218535,0.39351,0.673686,-0.098077
KG_Lat_1_6.18.26,40,598.33,311.08,0,598.33,311.08,0.9876,604.59,319.75,0.9458,0.349221,0.130604,-0.07981,0.346265,0.117696,-0.069692,0.345791,0.117684,-0.069842,0.345399,0.11766,-0.06978,0.34482,0.117036,-0.091946,0.343179,0.116513,-0.092157,0.341416,0.115916,-0.092232,0.33663,0.121314,-0.009802,0.330878,0.120171,-0.11281,0.345325,0.143556,-0.052092,0.343798,0.142638,-0.082976,0.328082,0.193675,0.076352,0.309404,0.175763,-0.143215,0.325508,0.256998,0.120973,0.270519,0.231432,-0.210105,0.340692,0.308399,0.068846,0.314889,0.296067,-0.256645,0.345885,0.328876,0.061938,0.321347,0.319388,-0.287433,0.346831,0.322656,0.039844,0.325973,0.312589,-0.280352,0.345264,0.31484,0.058291,0.324162,0.304936,-0.254716,0.326323,0.378821,0.074353,0.325158,0.381989,-0.074427,0.311209,0.514056,0.169895,0.354791,0.521708,-0.059441,0.29199,0.631505,0.26015,0.366282,0.659031,-0.02704,0.281988,0.656374,0.264933,0.360569,0.678612,-0.026581,0.31836,0.652796,0.22573,0.393686,0.673678,-0.093259
KG_Lat_1_6.18.26,41,598.5,311.73,0,598.5,311.73,0.9877,604.59,319.24,0.9469,0.349034,0.130631,-0.076526,0.346178,0.117733,-0.066849,0.34571,0.117721,-0.066998,0.345324,0.117701,-0.066933,0.344722,0.117062,-0.089101,0.34306,0.116529,-0.089312,0.341278,0.115922,-0.089384,0.336577,0.121313,-0.008337,0.330762,0.120095,-0.111017,0.345113,0.143554,-0.049433,0.343564,0.142609,-0.08028,0.327207,0.193385,0.077716,0.309475,0.175109,-0.142192,0.323664,0.256658,0.124245,0.270556,0.23071,-0.210415,0.340466,0.308313,0.078551,0.314893,0.295594,-0.256403,0.345789,0.328854,0.072917,0.321304,0.319437,-0.287136,0.34681,0.322433,0.050469,0.325972,0.312637,-0.280018,0.344953,0.314832,0.067998,0.32424,0.304966,-0.254476,0.326012,0.378764,0.074332,0.325382,0.381794,-0.07441,0.311194,0.514029,0.168569,0.35476,0.521699,-0.042742,0.291928,0.631517,0.250824,0.366122,0.65876,0.002064,0.281957,0.656372,0.25455,0.360384,0.678535,0.003606,0.318331,0.652812,0.21422,0.39314,0.671126,-0.059214
KG_Lat_1_6.18.26,42,599.2,309.89,0,599.2,309.89,0.9874,604.91,317.99,0.9465,0.348953,0.130632,-0.076639,0.346133,0.117733,-0.06692,0.345676,0.117723,-0.06707,0.345301,0.117707,-0.067005,0.344671,0.117061,-0.089398,0.34301,0.116521,-0.089609,0.341225,0.115901,-0.089682,0.336554,0.121302,-0.008465,0.330579,0.119979,-0.111398,0.345048,0.143551,-0.049603,0.343495,0.142578,-0.080674,0.326634,0.193194,0.077234,0.309583,0.174611,-0.142056,0.323547,0.255825,0.121833,0.270643,0.230091,-0.210524,0.340408,0.307545,0.076688,0.315058,0.294436,-0.257822,0.345775,0.326613,0.070953,0.321535,0.317812,-0.288601,0.346806,0.321643,0.048835,0.32616,0.311413,-0.281574,0.34495,0.314325,0.066312,0.324422,0.303461,-0.256038,0.325461,0.378807,0.074194,0.325648,0.381829,-0.074275,0.311195,0.514026,0.169651,0.354758,0.521777,-0.045293,0.291934,0.631557,0.250917,0.366149,0.658856,-0.002074,0.281966,0.656406,0.254859,0.360404,0.67855,-0.000456,0.318351,0.652872,0.218,0.393295,0.673698,-0.067435
KG_Lat_1_6.18.26,43,599.63,309.15,0,599.63,309.15,0.9878,605.03,317.61,0.9463,0.348873,0.130736,-0.068812,0.346105,0.117859,-0.060219,0.345657,0.117854,-0.060367,0.345291,0.117848,-0.060304,0.344649,0.117181,-0.082152,0.342998,0.116639,-0.082363,0.341221,0.116015,-0.082432,0.336555,0.121399,-0.005521,0.330562,0.119997,-0.105961,0.345014,0.143577,-0.043259,0.343471,0.142588,-0.073549,0.326563,0.193182,0.078169,0.309677,0.17438,-0.137022,0.323181,0.255809,0.117913,0.270816,0.229965,-0.200867,0.34039,0.306869,0.061028,0.31512,0.294079,-0.239331,0.345844,0.325272,0.053073,0.321714,0.317224,-0.26768,0.347029,0.321092,0.031939,0.326378,0.310981,-0.261443,0.345142,0.314054,0.050632,0.32461,0.302962,-0.23755,0.325387,0.378634,0.073812,0.32565,0.381568,-0.073895,0.311289,0.51399,0.163241,0.354749,0.521757,-0.046593,0.291931,0.631553,0.243561,0.366122,0.658949,-0.008881,0.282022,0.656143,0.247293,0.360313,0.678588,-0.008553,0.318358,0.652872,0.208928,0.393477,0.674134,-0.073476
KG_Lat_1_6.18.26,44,599.22,308.82,0,599.22,308.82,0.9873,605.35,316.89,0.9464,0.348676,0.131062,-0.070294,0.346069,0.118134,-0.061532,0.345634,0.118151,-0.061681,0.34528,0.118175,-0.061621,0.344591,0.117373,-0.083572,0.342925,0.116793,-0.083783,0.341133,0.116129,-0.083853,0.336554,0.121505,-0.006134,0.330429,0.119996,-0.106857,0.344767,0.143748,-0.044463,0.343085,0.142697,-0.074891,0.326206,0.19312,0.077867,0.309687,0.174182,-0.13734,0.323278,0.254692,0.121503,0.270878,0.229879,-0.202008,0.340118,0.306231,0.078372,0.315288,0.29342,-0.251395,0.345039,0.323553,0.072908,0.321883,0.316362,-0.281527,0.346951,0.320519,0.052034,0.326491,0.310549,-0.274585,0.345069,0.313854,0.068669,0.324695,0.302344,-0.249705,0.3253,0.378722,0.073676,0.32578,0.381708,-0.073763,0.311273,0.513988,0.163241,0.354737,0.522118,-0.04571,0.292021,0.631555,0.244861,0.366069,0.65927,-0.0076,0.282034,0.656239,0.248714,0.36008,0.678695,-0.006908,0.318368,0.652914,0.208558,0.393536,0.672431,-0.071871
KG_Lat_1_6.18.26,45,598.59,308.47,0,598.59,308.47,0.9885,605.43,316.62,0.9497,0.348676,0.131341,-0.065713,0.346061,0.118315,-0.057612,0.345621,0.118344,-0.057768,0.34526,0.118382,-0.057714,0.344594,0.117493,-0.079673,0.342945,0.11689,-0.07988,0.341191,0.116206,-0.079944,0.336544,0.121618,-0.005014,0.330511,0.120006,-0.105921,0.34475,0.143923,-0.041052,0.343108,0.142771,-0.071526,0.326436,0.193347,0.078126,0.309673,0.173935,-0.137711,0.324025,0.254896,0.129611,0.270894,0.22964,-0.202183,0.34448,0.30642,0.098506,0.315328,0.293165,-0.260032,0.34774,0.323703,0.095065,0.322044,0.315964,-0.290981,0.350136,0.32057,0.072443,0.3268,0.310328,-0.284418,0.347815,0.314039,0.088399,0.324936,0.302342,-0.258658,0.325282,0.378553,0.073539,0.325741,0.381197,-0.073627,0.31129,0.513934,0.158831,0.354627,0.521684,-0.046024,0.291971,0.631581,0.235589,0.365941,0.658943,-0.007089,0.282048,0.656257,0.238809,0.359985,0.678689,-0.006241,0.318374,0.652921,0.198309,0.392786,0.669409,-0.070424
KG_Lat_1_6.18.26,46,597.92,308.06,0,597.92,308.06,0.9886,605.23,316.21,0.9464,0.348786,0.131352,-0.063441,0.346082,0.118314,-0.055381,0.345628,0.118343,-0.055531,0.345261,0.118381,-0.055479,0.344678,0.117494,-0.078004,0.343094,0.116892,-0.078208,0.341444,0.11621,-0.078274,0.336503,0.121606,-0.003397,0.330772,0.119986,-0.106204,0.344801,0.143934,-0.038872,0.343284,0.14277,-0.07006,0.325605,0.193066,0.078357,0.309675,0.173719,-0.138508,0.322513,0.254868,0.119311,0.270902,0.229344,-0.204086,0.343944,0.306002,0.063669,0.315224,0.292788,-0.248718,0.347575,0.32311,0.056018,0.321635,0.315919,-0.277381,0.350025,0.320001,0.034766,0.326348,0.31027,-0.270989,0.34777,0.313507,0.053132,0.324715,0.302186,-0.246994,0.325283,0.378491,0.07355,0.325737,0.381114,-0.073638,0.311291,0.514005,0.160544,0.354623,0.52193,-0.052352,0.292026,0.631582,0.241993,0.36588,0.659261,-0.015599,0.282048,0.656245,0.245776,0.359762,0.678703,-0.014736,0.318447,0.653066,0.205341,0.392664,0.669622,-0.077485
KG_Lat_1_6.18.26,47,598.81,307.83,0,598.81,307.83,0.9888,605.52,316.18,0.9475,0.348783,0.131505,-0.065238,0.346087,0.118443,-0.056247,0.345642,0.118453,-0.056397,0.345295,0.118478,-0.056344,0.344678,0.117657,-0.078486,0.343094,0.117064,-0.078691,0.341443,0.116388,-0.078761,0.336706,0.121643,-0.004098,0.330764,0.120014,-0.105804,0.34481,0.143951,-0.039446,0.343301,0.142821,-0.070959,0.325728,0.193139,0.078198,0.309788,0.173725,-0.135336,0.322807,0.254778,0.125609,0.270997,0.229301,-0.205049,0.343611,0.305832,0.08952,0.315375,0.292759,-0.249894,0.347549,0.323159,0.085751,0.321873,0.315885,-0.278506,0.349864,0.319654,0.063923,0.326662,0.310172,-0.271681,0.347655,0.313235,0.079598,0.324992,0.30211,-0.248144,0.325277,0.378472,0.073103,0.325742,0.381105,-0.073197,0.311412,0.51382,0.160929,0.354583,0.521924,-0.049554,0.292027,0.631566,0.240061,0.366013,0.659256,-0.015851,0.282049,0.656233,0.243572,0.360165,0.678695,-0.014906,0.318737,0.653067,0.204249,0.393566,0.67056,-0.078487
KG_Lat_1_6.18.26,48,598.53,308.39,0,598.53,308.39,0.9884,605.51,316.25,0.9477,0.348796,0.131461,-0.066554,0.346089,0.118403,-0.057639,0.345642,0.118418,-0.057789,0.345289,0.118445,-0.057734,0.344714,0.117604,-0.08006,0.343156,0.117005,-0.080267,0.341534,0.116313,-0.080339,0.336647,0.121589,-0.004481,0.330861,0.119837,-0.106585,0.344819,0.143916,-0.040814,0.343317,0.142763,-0.072254,0.325742,0.193167,0.078275,0.309838,0.173635,-0.135458,0.322802,0.255512,0.117687,0.271119,0.228876,-0.204982,0.343489,0.305812,0.057264,0.315371,0.292825,-0.243801,0.347434,0.323181,0.049036,0.321536,0.316145,-0.272435,0.349697,0.319661,0.027683,0.326418,0.310368,-0.266381,0.34754,0.31325,0.046615,0.324958,0.302319,-0.242132,0.325257,0.378332,0.073183,0.325489,0.380612,-0.073274,0.311415,0.513818,0.161862,0.354528,0.521804,-0.05331,0.292095,0.631545,0.243663,0.365972,0.659323,-0.022278,0.282057,0.656233,0.247482,0.35994,0.678712,-0.021828,0.318815,0.653144,0.208158,0.393675,0.670352,-0.087523
KG_Lat_1_6.18.26,49,599.96,308.36,0,599.96,308.36,0.9883,605.26,316.3,0.945,0.348596,0.131435,-0.070333,0.345987,0.118391,-0.060337,0.345564,0.118412,-0.060489,0.345235,0.118443,-0.060431,0.344522,0.117598,-0.082022,0.342878,0.117003,-0.082229,0.341145,0.116313,-0.082303,0.336643,0.121598,-0.004859,0.330359,0.119837,-0.106463,0.344635,0.143898,-0.043072,0.34295,0.142753,-0.073593,0.325779,0.193409,0.078244,0.309786,0.173643,-0.135801,0.323432,0.25592,0.118344,0.271131,0.228924,-0.2092,0.343269,0.309122,0.06373,0.315238,0.292874,-0.264573,0.347369,0.325794,0.056822,0.321034,0.316217,-0.296228,0.349183,0.320511,0.0352,0.325746,0.310433,-0.28976,0.347082,0.313539,0.053245,0.324507,0.302453,-0.263275,0.325233,0.378642,0.073196,0.325465,0.381226,-0.073286,0.311349,0.51417,0.163685,0.354479,0.522011,-0.057379,0.292215,0.631548,0.248687,0.365927,0.659327,-0.030883,0.282078,0.656301,0.252855,0.35984,0.678715,-0.030927,0.318765,0.653141,0.213549,0.393647,0.669491,-0.097583
KG_Lat_1_6.18.26,50,598.91,307.69,0,598.91,307.69,0.9887,605.27,316.35,0.9437,0.348602,0.131401,-0.064767,0.345987,0.118351,-0.055708,0.345556,0.118369,-0.055861,0.345209,0.118395,-0.055805,0.344533,0.117553,-0.078543,0.342896,0.11695,-0.078753,0.34117,0.116244,-0.078827,0.336482,0.12153,-0.002052,0.330378,0.119697,-0.106418,0.344631,0.143868,-0.038987,0.34297,0.142708,-0.070673,0.325813,0.193447,0.080024,0.309785,0.173596,-0.136459,0.323355,0.255916,0.124762,0.271281,0.228802,-0.209374,0.342407,0.308772,0.079823,0.315242,0.292919,-0.257932,0.346131,0.3254,0.07514,0.321067,0.316345,-0.287684,0.348957,0.320487,0.053595,0.32583,0.310503,-0.280779,0.346828,0.313526,0.06963,0.32453,0.302533,-0.256177,0.325206,0.378663,0.073278,0.325218,0.381228,-0.073367,0.311336,0.514172,0.162618,0.354438,0.521851,-0.057289,0.292205,0.631595,0.247094,0.365927,0.659368,-0.026874,0.282081,0.656246,0.251154,0.359837,0.678969,-0.026421,0.318697,0.653144,0.210704,0.393841,0.66892,-0.092637
KG_Lat_1_6.18.26,51,599.71,308.23,0,599.71,308.23,0.989,605.28,316.16,0.9445,0.348526,0.131644,-0.063625,0.34597,0.118508,-0.055063,0.345549,0.118501,-0.055212,0.345209,0.118512,-0.055157,0.344514,0.117727,-0.077416,0.34289,0.117106,-0.077625,0.341172,0.116383,-0.077696,0.336553,0.121582,-0.002226,0.330385,0.119718,-0.104878,0.344627,0.143991,-0.038567,0.342982,0.142853,-0.06956,0.325843,0.193443,0.079773,0.30982,0.173582,-0.135532,0.322967,0.255916,0.125197,0.271364,0.228677,-0.201462,0.342294,0.308492,0.083204,0.315247,0.292736,-0.241017,0.34617,0.325128,0.079127,0.321198,0.316035,-0.268941,0.348881,0.3198,0.057146,0.326177,0.310108,-0.262666,0.346773,0.313143,0.073018,0.324696,0.302183,-0.239299,0.325025,0.378662,0.07329,0.325169,0.381178,-0.073378,0.311313,0.514197,0.166062,0.354365,0.522101,-0.066368,0.292206,0.631576,0.253404,0.365924,0.660425,-0.050237,0.282117,0.656227,0.257884,0.359843,0.680072,-0.051288,0.318681,0.653093,0.222068,0.39384,0.667893,-0.117869
KG_Lat_1_6.18.26,52,599.67,307.55,0,599.67,307.55,0.9891,605.32,316.19,0.9412,0.348523,0.131532,-0.064774,0.345954,0.118416,-0.05611,0.34553,0.118402,-0.05626,0.345184,0.118407,-0.056206,0.344498,0.117662,-0.078512,0.342864,0.117052,-0.078722,0.341129,0.116339,-0.078795,0.336414,0.121461,-0.002646,0.330264,0.119685,-0.105388,0.344622,0.143897,-0.039489,0.342974,0.142792,-0.070525,0.325044,0.192978,0.079621,0.309987,0.173588,-0.135679,0.322153,0.255868,0.12253,0.271447,0.228539,-0.205407,0.341534,0.308195,0.074584,0.315269,0.292771,-0.246369,0.346073,0.32398,0.069066,0.321393,0.316038,-0.275013,0.348523,0.319523,0.047225,0.326377,0.310143,-0.26808,0.346445,0.313083,0.064228,0.324742,0.302198,-0.244539,0.324725,0.378701,0.073472,0.325152,0.381179,-0.073562,0.311294,0.514423,0.169745,0.354232,0.52206,-0.064669,0.292296,0.631554,0.261279,0.36591,0.660424,-0.043749,0.282146,0.656229,0.26613,0.359831,0.680454,-0.044205,0.318453,0.652939,0.228922,0.39385,0.667624,-0.109018
KG_Lat_1_6.18.26,53,600.01,308.11,0,600.01,308.11,0.9885,605.37,315.86,0.9436,0.348507,0.131437,-0.06575,0.345907,0.118329,-0.056934,0.345462,0.11832,-0.057084,0.345089,0.118325,-0.05703,0.344471,0.117568,-0.079305,0.342834,0.116959,-0.079514,0.341096,0.116246,-0.079584,0.336286,0.12143,-0.00258,0.33024,0.119653,-0.104897,0.344552,0.143858,-0.040261,0.342944,0.142722,-0.071224,0.325123,0.193015,0.079521,0.309954,0.173513,-0.13583,0.322847,0.256168,0.120058,0.271483,0.228336,-0.205801,0.342707,0.308147,0.064485,0.315296,0.29246,-0.252059,0.346687,0.323995,0.057039,0.321981,0.315635,-0.282292,0.349315,0.31952,0.03502,0.326688,0.309752,-0.275751,0.346794,0.313082,0.053841,0.324967,0.301969,-0.250538,0.324727,0.378682,0.07339,0.325067,0.381118,-0.073475,0.311195,0.514591,0.169088,0.354144,0.522002,-0.065771,0.292371,0.631582,0.260775,0.36591,0.660692,-0.041444,0.282146,0.656447,0.265542,0.359839,0.681082,-0.041713,0.31875,0.653036,0.227984,0.393889,0.670426,-0.108183
KG_Lat_1_6.18.26,54,600.26,307.86,0,600.26,307.86,0.9891,605.88,315.91,0.9398,0.348448,0.131467,-0.056682,0.345829,0.118353,-0.048067,0.34537,0.118343,-0.04821,0.344973,0.118345,-0.048152,0.34444,0.117595,-0.070892,0.342817,0.116991,-0.0711,0.341088,0.116284,-0.071169,0.336075,0.12143,0.004809,0.330226,0.119671,-0.099407,0.344493,0.143863,-0.031775,0.34292,0.142737,-0.063277,0.324283,0.192656,0.085602,0.310175,0.173521,-0.134201,0.320528,0.256116,0.122369,0.271585,0.228147,-0.204566,0.341275,0.308009,0.067258,0.315564,0.29251,-0.245368,0.346497,0.324286,0.060503,0.322444,0.315684,-0.274131,0.348779,0.319445,0.038428,0.32686,0.309789,-0.267109,0.346404,0.313088,0.056757,0.325073,0.302038,-0.243389,0.324525,0.378685,0.07366,0.325158,0.381072,-0.073745,0.31116,0.514573,0.164966,0.354052,0.521914,-0.066623,0.292388,0.631563,0.249953,0.365895,0.660832,-0.04309,0.2822,0.656447,0.253992,0.359812,0.681182,-0.043499,0.318751,0.653028,0.215578,0.393889,0.669127,-0.109577
KG_Lat_1_6.18.26,55,600.7,307.83,0,600.7,307.83,0.9894,605.91,316.05,0.939,0.348399,0.131466,-0.054101,0.345787,0.118352,-0.045464,0.345322,0.118343,-0.045607,0.34492,0.118346,-0.04555,0.344429,0.117592,-0.06829,0.342816,0.116986,-0.068499,0.34109,0.116275,-0.068572,0.336055,0.121432,0.007173,0.330239,0.119649,-0.097094,0.344424,0.143862,-0.029375,0.342893,0.142736,-0.060856,0.324366,0.192644,0.087591,0.310174,0.173536,-0.133332,0.320586,0.256004,0.124169,0.271637,0.228162,-0.203301,0.340778,0.307743,0.068971,0.315581,0.292634,-0.242947,0.346411,0.323616,0.062643,0.322454,0.315725,-0.271719,0.348712,0.319323,0.040554,0.326967,0.309817,-0.26486,0.346346,0.313067,0.058532,0.325132,0.302056,-0.240967,0.324523,0.378636,0.073684,0.325148,0.380962,-0.073768,0.311148,0.514561,0.162076,0.353996,0.521858,-0.068022,0.292391,0.631563,0.246669,0.365886,0.660858,-0.045666,0.282211,0.656467,0.250674,0.359791,0.681159,-0.046238,0.318751,0.653055,0.211007,0.393835,0.669805,-0.113476
KG_Lat_1_6.18.26,56,600.64,307.83,0,600.64,307.83,0.9895,605.92,316.06,0.9377,0.348344,0.131465,-0.057178,0.345713,0.11835,-0.048305,0.345234,0.118341,-0.048449,0.344811,0.118345,-0.04839,0.344403,0.117587,-0.0711,0.342806,0.116979,-0.071309,0.341089,0.116262,-0.071381,0.335964,0.121435,0.006136,0.330242,0.119635,-0.098375,0.344363,0.143864,-0.031885,0.342872,0.142736,-0.063346,0.324398,0.192617,0.086489,0.310192,0.17354,-0.13366,0.320596,0.255743,0.126113,0.271652,0.22818,-0.208804,0.340291,0.30756,0.086973,0.315581,0.292646,-0.257151,0.346321,0.323058,0.083161,0.322415,0.315788,-0.287255,0.348621,0.319241,0.061164,0.32696,0.309842,-0.280078,0.346286,0.313074,0.076936,0.325124,0.302185,-0.255359,0.324526,0.37876,0.073636,0.325204,0.38108,-0.07372,0.311145,0.514498,0.162335,0.353893,0.521887,-0.061784,0.292413,0.631563,0.246461,0.365858,0.660874,-0.02812,0.282207,0.656506,0.25041,0.359639,0.681114,-0.027605,0.318737,0.653055,0.209754,0.39382,0.668846,-0.094117
KG_Lat_1_6.18.26,57,600.48,308.27,0,600.48,308.27,0.9895,605.67,316.06,0.9407,0.348279,0.131463,-0.057721,0.345647,0.118334,-0.049123,0.345167,0.118315,-0.049264,0.344744,0.118303,-0.049203,0.344351,0.117574,-0.071984,0.342759,0.116959,-0.072193,0.341037,0.116233,-0.072266,0.3359,0.121399,0.004887,0.330095,0.119632,-0.099481,0.344317,0.143867,-0.032582,0.342829,0.142752,-0.064087,0.324621,0.192666,0.085758,0.31016,0.173786,-0.134217,0.321856,0.255752,0.142172,0.27167,0.228152,-0.211327,0.340377,0.30746,0.125978,0.315454,0.292651,-0.268895,0.346433,0.322902,0.125715,0.322083,0.31584,-0.300451,0.348587,0.319193,0.102381,0.326568,0.309882,-0.293223,0.346285,0.313013,0.116079,0.324958,0.302206,-0.267387,0.32453,0.378796,0.073519,0.325207,0.381178,-0.073603,0.311168,0.514495,0.162644,0.353878,0.521953,-0.061044,0.292294,0.631567,0.246206,0.365862,0.660875,-0.02968,0.282146,0.656474,0.250129,0.359709,0.681093,-0.029634,0.317612,0.653039,0.210246,0.393801,0.673238,-0.095861
KG_Lat_1_6.18.26,58,600.06,307.46,0,600.06,307.46,0.9894,605.35,316.01,0.9419,0.348261,0.131375,-0.056397,0.345564,0.118192,-0.048142,0.345053,0.118169,-0.048289,0.344588,0.118142,-0.048236,0.34432,0.117453,-0.070941,0.342741,0.116854,-0.071151,0.34103,0.116137,-0.071222,0.335609,0.121325,0.004243,0.330076,0.119621,-0.100106,0.344289,0.143853,-0.031935,0.342832,0.142742,-0.063472,0.324247,0.192518,0.084982,0.310148,0.173878,-0.134665,0.320696,0.255343,0.151605,0.271691,0.228089,-0.213781,0.33984,0.306833,0.147907,0.315288,0.292604,-0.271621,0.345097,0.322505,0.149717,0.32162,0.315871,-0.302866,0.348073,0.318764,0.126354,0.326073,0.309911,-0.295571,0.34578,0.311232,0.138255,0.324714,0.302178,-0.270105,0.324525,0.378762,0.073562,0.325223,0.381131,-0.073647,0.31118,0.514493,0.162736,0.35374,0.521955,-0.061207,0.292295,0.63152,0.246925,0.365864,0.660864,-0.033437,0.28217,0.656443,0.250853,0.359738,0.681089,-0.033587,0.31774,0.652883,0.213186,0.393916,0.673838,-0.097433
KG_Lat_1_6.18.26,59,600.39,307.93,0,600.39,307.93,0.9894,605.58,316.01,0.9419,0.348138,0.131315,-0.059558,0.345326,0.118178,-0.050974,0.344816,0.118161,-0.051123,0.344372,0.118141,-0.051067,0.34408,0.117434,-0.073231,0.342521,0.116843,-0.073439,0.34084,0.116135,-0.073507,0.335477,0.121327,0.002742,0.329864,0.119633,-0.100251,0.344203,0.143795,-0.034464,0.342777,0.142632,-0.065372,0.323486,0.192464,0.084689,0.310174,0.173896,-0.134993,0.32,0.255359,0.144893,0.271739,0.228097,-0.213598,0.339837,0.305936,0.118385,0.315406,0.292606,-0.27034,0.345102,0.321603,0.115381,0.321789,0.315847,-0.301041,0.348065,0.317861,0.09079,0.326328,0.309929,-0.294012,0.345841,0.310812,0.107446,0.324883,0.302193,-0.268767,0.324289,0.378977,0.073589,0.325329,0.381372,-0.073674,0.311153,0.514491,0.166267,0.353457,0.521954,-0.05787,0.292196,0.63158,0.252711,0.365861,0.66083,-0.03131,0.282226,0.656499,0.256868,0.359761,0.681037,-0.03162,0.31775,0.652812,0.219029,0.393514,0.67213,-0.095943
KG_Lat_1_6.18.26,60,600.22,307.8,0,600.22,307.8,0.9893,605.41,315.89,0.943,0.348108,0.1313,-0.054731,0.345281,0.118122,-0.046093,0.344768,0.118106,-0.046241,0.344318,0.118083,-0.046187,0.344042,0.117363,-0.068976,0.342482,0.116763,-0.069184,0.340796,0.116034,-0.069252,0.335415,0.121305,0.006713,0.32984,0.119538,-0.098186,0.344191,0.143785,-0.02995,0.342776,0.142615,-0.061575,0.323559,0.192553,0.086818,0.310143,0.173865,-0.13356,0.319436,0.255178,0.143456,0.271767,0.228054,-0.209054,0.338905,0.305753,0.113024,0.315319,0.292493,-0.259687,0.344312,0.321635,0.109801,0.321472,0.315879,-0.289535,0.345785,0.317674,0.086999,0.326158,0.309956,-0.282839,0.343872,0.309758,0.102691,0.324777,0.302201,-0.258109,0.324266,0.378915,0.073597,0.32515,0.381214,-0.073683,0.311212,0.514376,0.163642,0.353429,0.521912,-0.060621,0.292107,0.631547,0.248669,0.36586,0.660777,-0.038108,0.282228,0.656167,0.252843,0.359784,0.681032,-0.038659,0.317756,0.652703,0.216113,0.394039,0.673428,-0.103319
KG_Lat_1_6.18.26,61,599.41,307.28,0,599.41,307.28,0.9898,605.35,315.97,0.9365,0.347836,0.131555,-0.055991,0.345056,0.118361,-0.046997,0.344551,0.118365,-0.047142,0.344112,0.118365,-0.047086,0.343805,0.117527,-0.069792,0.342226,0.116909,-0.070001,0.34053,0.116169,-0.070072,0.335265,0.121485,0.007507,0.329614,0.119612,-0.097177,0.343918,0.143922,-0.030707,0.342492,0.142738,-0.062253,0.323072,0.193153,0.088369,0.310129,0.17387,-0.133312,0.317781,0.255332,0.14076,0.271817,0.22798,-0.209634,0.336475,0.306359,0.111386,0.315289,0.292563,-0.259374,0.342406,0.324284,0.107824,0.321263,0.316237,-0.28924,0.343647,0.31933,0.084341,0.325901,0.310291,-0.282528,0.342178,0.31049,0.10094,0.324572,0.302661,-0.25775,0.324077,0.379352,0.073972,0.325167,0.381675,-0.07406,0.311209,0.514393,0.164417,0.353329,0.522074,-0.063985,0.292222,0.631447,0.250605,0.365861,0.660809,-0.043947,0.282339,0.656075,0.254963,0.35979,0.681027,-0.044685,0.317769,0.6527,0.218228,0.394074,0.674145,-0.110738
KG_Lat_1_6.18.26,62,599.41,307.67,0,599.41,307.67,0.9896,605.23,315.98,0.9343,0.347793,0.131462,-0.057297,0.344983,0.11825,-0.048364,0.344468,0.118246,-0.048511,0.34402,0.118238,-0.048455,0.343748,0.117431,-0.071119,0.342174,0.116806,-0.071328,0.340477,0.116053,-0.071399,0.335069,0.121379,0.00618,0.329429,0.119509,-0.098056,0.34387,0.143876,-0.032018,0.342472,0.142688,-0.063494,0.323027,0.193212,0.087518,0.310126,0.173898,-0.133642,0.317861,0.255293,0.13975,0.271831,0.227873,-0.209643,0.336152,0.30631,0.111149,0.315222,0.292579,-0.258193,0.341905,0.32431,0.108477,0.321247,0.316252,-0.287578,0.342424,0.319207,0.086367,0.325903,0.310337,-0.280416,0.341018,0.310011,0.101228,0.324552,0.302676,-0.256364,0.324045,0.37951,0.073973,0.325168,0.381743,-0.07406,0.311226,0.514227,0.164568,0.353281,0.522146,-0.058694,0.292221,0.631472,0.251183,0.365866,0.660809,-0.034247,0.28234,0.655959,0.255631,0.359836,0.681123,-0.034518,0.317785,0.652628,0.218981,0.394146,0.673272,-0.099855
KG_Lat_1_6.18.26,63,598.5,307.39,0,598.5,307.39,0.99,605.2,315.9,0.9342,0.347745,0.131459,-0.056666,0.344909,0.118226,-0.04795,0.344384,0.118222,-0.0481,0.343928,0.118216,-0.048046,0.343688,0.117401,-0.07063,0.34212,0.116771,-0.070836,0.340422,0.116013,-0.070903,0.334835,0.121355,0.005816,0.329258,0.119476,-0.098119,0.343791,0.143879,-0.03161,0.342401,0.142688,-0.062981,0.322223,0.193214,0.086829,0.310103,0.173969,-0.132597,0.317847,0.255594,0.139309,0.271835,0.227849,-0.209156,0.33628,0.306247,0.109622,0.315207,0.292501,-0.258082,0.341999,0.323966,0.106854,0.321223,0.316219,-0.287226,0.34263,0.319047,0.084852,0.326003,0.310329,-0.280021,0.341183,0.310038,0.099707,0.324557,0.302536,-0.256255,0.32357,0.379579,0.07383,0.325183,0.381742,-0.07392,0.311258,0.514008,0.162801,0.353262,0.522149,-0.054625,0.292152,0.631493,0.244157,0.365862,0.660718,-0.024989,0.282301,0.655952,0.247992,0.359924,0.681117,-0.024674,0.317802,0.652586,0.211729,0.394139,0.670923,-0.08615
KG_Lat_1_6.18.26,64,598.39,306.45,0,598.39,306.45,0.9903,605.38,315.21,0.9291,0.347746,0.131403,-0.057457,0.344906,0.118112,-0.048814,0.344379,0.118074,-0.048964,0.343922,0.118015,-0.048909,0.343688,0.117327,-0.071474,0.342123,0.116692,-0.071681,0.340444,0.115922,-0.071748,0.334793,0.121027,0.002689,0.329267,0.119286,-0.100861,0.343803,0.143845,-0.032352,0.34246,0.142686,-0.063716,0.322255,0.192764,0.079553,0.310107,0.173973,-0.13531,0.316624,0.251987,0.143923,0.271848,0.227789,-0.213426,0.334218,0.30086,0.146757,0.315301,0.291866,-0.258999,0.340309,0.317225,0.150063,0.321762,0.314062,-0.28758,0.341668,0.314097,0.127985,0.326124,0.307812,-0.280058,0.340254,0.306183,0.137883,0.324582,0.300507,-0.256941,0.323575,0.379576,0.073663,0.325185,0.381829,-0.073752,0.311266,0.514067,0.162911,0.353258,0.522316,-0.054418,0.292149,0.631508,0.244881,0.365862,0.661324,-0.025362,0.282268,0.656192,0.248795,0.359941,0.681703,-0.025061,0.317791,0.652675,0.212402,0.39427,0.670615,-0.087581
KG_Lat_1_6.18.26,65,599.83,307.5,0,599.83,307.5,0.9906,605.38,315.24,0.9302,0.347727,0.131281,-0.059815,0.344834,0.117975,-0.050838,0.344299,0.117921,-0.050988,0.343834,0.117844,-0.050933,0.343627,0.117241,-0.073538,0.342062,0.116622,-0.073742,0.340376,0.115866,-0.073808,0.334705,0.120917,0.00213,0.329204,0.119279,-0.101521,0.343797,0.143802,-0.034278,0.34246,0.142648,-0.065668,0.322363,0.19271,0.079602,0.310107,0.173975,-0.1357,0.316662,0.252463,0.135782,0.271858,0.227769,-0.213295,0.334915,0.301146,0.103374,0.315301,0.291888,-0.258819,0.340813,0.317467,0.099216,0.321759,0.314122,-0.28774,0.342235,0.314243,0.07672,0.326127,0.308034,-0.280454,0.340729,0.30658,0.093076,0.32458,0.300598,-0.256823,0.32357,0.379501,0.07369,0.325178,0.38165,-0.073779,0.311296,0.514071,0.164474,0.353218,0.522366,-0.056029,0.292138,0.631525,0.249857,0.365851,0.66131,-0.029529,0.282292,0.656167,0.254088,0.3599,0.681547,-0.029669,0.317813,0.652797,0.216552,0.394031,0.670196,-0.095085
KG_Lat_1_6.18.26,66,600.74,308.64,0,600.74,308.64,0.9903,605.38,315.37,0.9317,0.347604,0.1313,-0.059391,0.344767,0.117978,-0.050476,0.344244,0.117923,-0.050622,0.34379,0.117848,-0.050566,0.343552,0.11724,-0.072969,0.341987,0.11662,-0.073175,0.340298,0.115864,-0.073242,0.334708,0.120904,0.002942,0.329188,0.119216,-0.099778,0.343675,0.143811,-0.03391,0.342336,0.142657,-0.065034,0.321912,0.192416,0.082091,0.310115,0.173539,-0.134572,0.307294,0.248479,0.137003,0.271887,0.227684,-0.210413,0.333105,0.301214,0.106328,0.315304,0.292006,-0.25435,0.339602,0.317617,0.103039,0.321709,0.31414,-0.283152,0.341311,0.314385,0.080781,0.326067,0.308203,-0.276158,0.339802,0.306491,0.096184,0.324557,0.300801,-0.252451,0.323402,0.379471,0.073742,0.325187,0.381635,-0.073833,0.311288,0.514012,0.162531,0.353095,0.522371,-0.055983,0.292105,0.631544,0.242628,0.365822,0.661355,-0.029566,0.28225,0.656359,0.24636,0.359678,0.681539,-0.029729,0.317821,0.652797,0.209633,0.394025,0.672455,-0.094973
KG_Lat_1_6.18.26,67,600.87,308.27,0,600.87,308.27,0.9899,605.38,315.38,0.9309,0.347597,0.131261,-0.052728,0.344679,0.117838,-0.044831,0.34413,0.117756,-0.044977,0.343646,0.11766,-0.044924,0.343516,0.117152,-0.06796,0.341973,0.116544,-0.06817,0.340297,0.11581,-0.068244,0.334416,0.120768,0.00515,0.329185,0.119195,-0.099555,0.343674,0.143735,-0.028696,0.34235,0.142615,-0.060622,0.321492,0.191489,0.083586,0.310083,0.173534,-0.134667,0.309151,0.248747,0.14112,0.271873,0.227682,-0.209954,0.332732,0.301174,0.117494,0.315302,0.292019,-0.250617,0.339662,0.317667,0.116201,0.321699,0.314184,-0.278894,0.341339,0.314371,0.093924,0.326052,0.308171,-0.271499,0.339759,0.305691,0.107563,0.32454,0.300622,-0.248454,0.323336,0.379422,0.073852,0.325196,0.381635,-0.073942,0.311302,0.513851,0.162715,0.353002,0.522373,-0.057439,0.292098,0.631524,0.243598,0.365838,0.661146,-0.032885,0.282238,0.656365,0.247389,0.359757,0.681329,-0.033162,0.31792,0.6528,0.210091,0.39454,0.673051,-0.097947
KG_Lat_1_6.18.26,68,599.52,306.53,0,599.52,306.53,0.9896,605.37,315.38,0.9279,0.347563,0.131094,-0.054118,0.344536,0.117695,-0.045919,0.343975,0.117593,-0.046065,0.343487,0.117486,-0.046013,0.34339,0.11707,-0.068926,0.341876,0.116481,-0.069135,0.340239,0.115765,-0.069207,0.3343,0.120624,0.004563,0.329151,0.119159,-0.100352,0.343673,0.143494,-0.029696,0.342353,0.142444,-0.061471,0.321237,0.190796,0.083174,0.310045,0.173538,-0.135137,0.303866,0.246532,0.150781,0.271864,0.227678,-0.211325,0.330637,0.298275,0.151321,0.315296,0.292018,-0.252367,0.337682,0.313584,0.154002,0.321761,0.313938,-0.280097,0.340097,0.310696,0.131721,0.326118,0.307744,-0.271886,0.338698,0.302983,0.142156,0.324556,0.300192,-0.249886,0.323329,0.379378,0.073827,0.325233,0.381625,-0.073918,0.311301,0.51385,0.161932,0.352779,0.522262,-0.043805,0.292069,0.631656,0.237571,0.365797,0.66018,-0.011588,0.282316,0.65655,0.240816,0.359758,0.680832,-0.011165,0.317929,0.652775,0.202893,0.394464,0.668856,-0.073298
KG_Lat_1_6.18.26,69,599.73,305.97,0,599.73,305.97,0.9903,605.2,314.89,0.9282,0.347198,0.131081,-0.059424,0.344187,0.117687,-0.051075,0.343657,0.117586,-0.051221,0.343215,0.11748,-0.051165,0.342957,0.117068,-0.072761,0.341434,0.116479,-0.072972,0.339796,0.115767,-0.07304,0.334169,0.120642,0.001804,0.328733,0.119206,-0.100528,0.34333,0.143485,-0.034135,0.342029,0.142426,-0.064341,0.321077,0.190463,0.082131,0.30996,0.173455,-0.133967,0.306203,0.246087,0.150139,0.271735,0.22768,-0.211261,0.330743,0.297118,0.147177,0.315206,0.291569,-0.255853,0.337971,0.313713,0.148663,0.321728,0.313644,-0.28426,0.340181,0.309435,0.126362,0.326055,0.307394,-0.27607,0.338723,0.302276,0.13795,0.324479,0.299764,-0.253609,0.32332,0.379413,0.073656,0.325333,0.381899,-0.073753,0.311316,0.513691,0.163289,0.352622,0.522279,-0.04372,0.292031,0.631565,0.237776,0.365756,0.659954,-0.011949,0.282322,0.656211,0.241089,0.359755,0.680323,-0.01138,0.317519,0.652572,0.209346,0.394433,0.66913,-0.070671
KG_Lat_1_6.18.26,70,594.94,304.42,0,594.94,304.42,0.9892,605.2,314.89,0.9237,0.347116,0.131062,-0.062518,0.344143,0.117624,-0.054285,0.343622,0.117535,-0.054435,0.343191,0.117438,-0.054377,0.3429,0.116973,-0.076276,0.341382,0.11637,-0.076488,0.339751,0.115643,-0.076555,0.334173,0.120602,-0.001188,0.328667,0.119072,-0.103838,0.343229,0.143479,-0.037133,0.341949,0.142419,-0.067685,0.320965,0.19055,0.080778,0.309916,0.173283,-0.136541,0.307559,0.246482,0.148793,0.271728,0.227682,-0.211116,0.331029,0.29707,0.139088,0.315207,0.291567,-0.248852,0.338254,0.314157,0.138241,0.321679,0.313701,-0.276232,0.340194,0.309403,0.116848,0.326003,0.307451,-0.268761,0.338767,0.302398,0.129994,0.324466,0.299816,-0.246659,0.323254,0.379696,0.073839,0.325302,0.382229,-0.073939,0.31132,0.513718,0.16938,0.352358,0.522279,-0.039741,0.291997,0.631596,0.251768,0.365733,0.659955,-0.00547,0.282322,0.655612,0.255921,0.359757,0.680326,-0.004802,0.317711,0.652573,0.221783,0.3932,0.664674,-0.066542
KG_Lat_1_6.18.26,71,594.62,304.57,0,594.62,304.57,0.9886,605.2,314.87,0.9248,0.347109,0.130674,-0.063197,0.344101,0.117187,-0.054839,0.343577,0.11707,-0.054991,0.343143,0.116925,-0.054933,0.342868,0.116518,-0.07707,0.341356,0.115884,-0.077283,0.33973,0.115111,-0.077351,0.334127,0.120096,-0.001415,0.328654,0.118576,-0.104705,0.343228,0.143279,-0.037745,0.341952,0.142168,-0.06861,0.321041,0.190585,0.080789,0.309685,0.173119,-0.137915,0.308651,0.246722,0.147326,0.271731,0.227755,-0.213591,0.331289,0.297093,0.132142,0.315207,0.291547,-0.257526,0.338421,0.314497,0.131116,0.321682,0.313751,-0.286698,0.340305,0.309594,0.108745,0.326092,0.307492,-0.279043,0.338867,0.302514,0.122443,0.324544,0.299828,-0.255479,0.323284,0.37962,0.074258,0.325298,0.382066,-0.074358,0.311353,0.51367,0.169779,0.352286,0.522404,-0.042695,0.292004,0.631621,0.254174,0.365712,0.659958,-0.010586,0.28238,0.6556,0.258537,0.359754,0.680411,-0.010152,0.31773,0.652552,0.22311,0.393313,0.668404,-0.073005
KG_Lat_1_6.18.26,72,594.95,304.5,0,594.95,304.5,0.9876,605.42,314.88,0.924,0.347069,0.130673,-0.061105,0.344072,0.117167,-0.053181,0.343547,0.117053,-0.053332,0.343113,0.116913,-0.053276,0.342851,0.116486,-0.075653,0.341349,0.115849,-0.075865,0.339732,0.115078,-0.075932,0.3341,0.120061,-0.00117,0.328659,0.118514,-0.104701,0.343166,0.143266,-0.036299,0.341912,0.142147,-0.067441,0.32084,0.190467,0.080817,0.309523,0.172599,-0.13842,0.309125,0.247015,0.146565,0.271764,0.22749,-0.213839,0.331528,0.297176,0.12981,0.315324,0.291557,-0.257378,0.338608,0.3148,0.128169,0.321839,0.31379,-0.286408,0.340471,0.309696,0.106053,0.326186,0.307512,-0.278675,0.338992,0.302682,0.120281,0.324589,0.299844,-0.255274,0.323287,0.379678,0.074322,0.325313,0.382279,-0.074423,0.311294,0.51373,0.169585,0.352219,0.522407,-0.043627,0.291973,0.63161,0.253994,0.365711,0.659683,-0.009006,0.282373,0.655568,0.258323,0.359762,0.679897,-0.008226,0.317973,0.652556,0.222547,0.393316,0.669226,-0.069234
KG_Lat_1_6.18.26,73,595.4,304.29,0,595.4,304.29,0.9879,605.39,314.77,0.9221,0.346953,0.130773,-0.061054,0.343971,0.117214,-0.053144,0.343447,0.117096,-0.053296,0.343017,0.116959,-0.053241,0.342733,0.116529,-0.075655,0.341217,0.115887,-0.075866,0.339576,0.115119,-0.075934,0.333994,0.120066,-0.001162,0.328452,0.118515,-0.104923,0.343037,0.143283,-0.036241,0.341783,0.142177,-0.067453,0.320298,0.190474,0.080823,0.309481,0.172343,-0.13879,0.304105,0.2469,0.14984,0.271723,0.227482,-0.215189,0.330599,0.297292,0.143034,0.31531,0.291452,-0.259251,0.337472,0.314494,0.144102,0.321753,0.313782,-0.288112,0.339544,0.309369,0.121473,0.326096,0.307512,-0.2804,0.338188,0.30251,0.133489,0.324567,0.299777,-0.25718,0.323231,0.379882,0.074475,0.325307,0.382349,-0.074579,0.31141,0.513719,0.170124,0.352153,0.522702,-0.044614,0.291972,0.631599,0.255843,0.365707,0.659817,-0.010505,0.282403,0.654853,0.260433,0.359768,0.680164,-0.009496,0.318262,0.652551,0.226746,0.393287,0.667645,-0.072175
KG_Lat_1_6.18.26,74,596.08,304.99,0,596.08,304.99,0.9873,605.31,314.78,0.9181,0.346877,0.130871,-0.061779,0.343917,0.117266,-0.054101,0.343394,0.117151,-0.054256,0.342973,0.117021,-0.0542,0.342683,0.116579,-0.076675,0.341181,0.115939,-0.076887,0.33956,0.115173,-0.076956,0.333994,0.120084,-0.002891,0.328449,0.118528,-0.106722,0.342994,0.143302,-0.037175,0.341755,0.142215,-0.068436,0.320234,0.190447,0.079066,0.309474,0.172323,-0.140656,0.302754,0.246836,0.140722,0.271559,0.227499,-0.215084,0.330157,0.29716,0.121486,0.315267,0.291461,-0.252438,0.337326,0.314699,0.12014,0.321639,0.313795,-0.279717,0.339309,0.309319,0.098232,0.325989,0.30753,-0.272433,0.337948,0.302548,0.111795,0.324501,0.299803,-0.250186,0.323225,0.379826,0.074524,0.325271,0.382255,-0.074628,0.311542,0.513726,0.168355,0.351903,0.522712,-0.04588,0.291975,0.631609,0.252529,0.365692,0.65995,-0.017832,0.282421,0.654508,0.256859,0.359765,0.680333,-0.017816,0.31855,0.652584,0.222728,0.392711,0.666896,-0.082069
KG_Lat_1_6.18.26,75,596.05,304.33,0,596.05,304.33,0.9869,605.52,314.63,0.918,0.34679,0.131114,-0.061896,0.343878,0.117429,-0.054257,0.343362,0.117296,-0.054412,0.342952,0.11715,-0.054358,0.342644,0.116719,-0.076746,0.341155,0.116048,-0.076958,0.339547,0.115251,-0.077028,0.333995,0.120116,-0.002942,0.328449,0.118528,-0.106638,0.3429,0.143385,-0.037273,0.341679,0.14232,-0.068462,0.320285,0.190456,0.078961,0.309224,0.172146,-0.140121,0.304334,0.247011,0.147122,0.271583,0.227458,-0.216887,0.330539,0.296742,0.145334,0.315373,0.291323,-0.265343,0.337679,0.314727,0.147156,0.322119,0.313444,-0.294592,0.339855,0.308808,0.124908,0.326234,0.306739,-0.286178,0.338357,0.301887,0.136151,0.324644,0.299336,-0.263106,0.323226,0.379823,0.07441,0.325303,0.382255,-0.074515,0.31154,0.513759,0.168185,0.351757,0.52268,-0.045571,0.291945,0.631612,0.251928,0.365671,0.659581,-0.015888,0.282424,0.654557,0.256247,0.359766,0.679803,-0.015625,0.318573,0.652564,0.222345,0.392945,0.668051,-0.078207
KG_Lat_1_6.18.26,76,596.45,304.22,0,596.45,304.22,0.986,605.71,314.63,0.914,0.346762,0.13122,-0.064172,0.343854,0.117532,-0.056198,0.343347,0.117386,-0.056355,0.342945,0.117234,-0.0563,0.3426,0.116854,-0.078595,0.341119,0.116198,-0.078808,0.33952,0.115412,-0.078882,0.334007,0.120216,-0.003723,0.328423,0.118664,-0.107009,0.342906,0.14342,-0.039123,0.341681,0.142401,-0.070174,0.320806,0.191164,0.078688,0.309219,0.17219,-0.140136,0.305011,0.247154,0.146999,0.271556,0.227491,-0.216617,0.330738,0.296849,0.1396,0.315473,0.29132,-0.263988,0.337801,0.31486,0.14023,0.322387,0.313473,-0.293197,0.339974,0.309071,0.118048,0.326404,0.306788,-0.285044,0.338454,0.302007,0.130166,0.324755,0.299364,-0.261816,0.32324,0.380041,0.074418,0.325364,0.382466,-0.074523,0.31165,0.513741,0.171184,0.351529,0.522922,-0.045971,0.291916,0.631617,0.260083,0.365694,0.659352,-0.015658,0.28242,0.654554,0.264909,0.360013,0.67975,-0.01533,0.318638,0.652509,0.229916,0.392708,0.667052,-0.078465
KG_Lat_1_6.18.26,77,594.96,303.02,0,594.96,303.02,0.9841,605.63,314.4,0.9096,0.34677,0.131209,-0.063187,0.343853,0.117523,-0.055416,0.343344,0.11737,-0.055575,0.342939,0.117209,-0.055521,0.342602,0.116853,-0.077938,0.341126,0.116198,-0.078151,0.339536,0.115413,-0.078223,0.333999,0.120213,-0.00369,0.328486,0.118664,-0.10691,0.342907,0.14342,-0.038511,0.341698,0.142401,-0.0697,0.320849,0.191154,0.0787,0.309181,0.172336,-0.140284,0.306081,0.246355,0.149204,0.271557,0.227474,-0.219237,0.330701,0.296565,0.14815,0.315433,0.291115,-0.266343,0.337856,0.314524,0.150156,0.322359,0.313262,-0.295453,0.339776,0.308838,0.128073,0.326384,0.306523,-0.286969,0.338316,0.301942,0.139024,0.32474,0.299234,-0.26404,0.323223,0.380177,0.074418,0.325242,0.382705,-0.074523,0.311655,0.513708,0.171163,0.351394,0.522957,-0.041943,0.291844,0.631638,0.257097,0.365685,0.659355,-0.013126,0.282419,0.654513,0.261508,0.360086,0.679804,-0.012993,0.318697,0.652463,0.227535,0.392477,0.6642,-0.075082
KG_Lat_1_6.18.26,78,595.69,304.13,0,595.69,304.13,0.9825,605.61,314.25,0.9095,0.346771,0.131194,-0.060391,0.343833,0.117517,-0.052956,0.343302,0.117366,-0.053111,0.342858,0.117207,-0.053059,0.342605,0.116851,-0.075887,0.341141,0.116198,-0.076102,0.339577,0.115415,-0.076178,0.333764,0.120216,-0.003082,0.328553,0.118673,-0.106834,0.342903,0.143422,-0.036445,0.341709,0.142401,-0.068123,0.32055,0.191119,0.078754,0.309164,0.172339,-0.14163,0.306714,0.246476,0.148456,0.271557,0.227384,-0.218833,0.329864,0.296333,0.141102,0.31542,0.29097,-0.26446,0.337179,0.314022,0.141527,0.322311,0.313286,-0.293003,0.339019,0.308744,0.119394,0.326382,0.30656,-0.284235,0.337547,0.30095,0.131784,0.324742,0.299257,-0.261836,0.322998,0.380174,0.074698,0.325186,0.382707,-0.074799,0.311655,0.514103,0.170962,0.351374,0.522992,-0.045092,0.291843,0.631639,0.2581,0.365675,0.65947,-0.013759,0.282419,0.65456,0.262719,0.360085,0.679943,-0.013826,0.318558,0.652426,0.227975,0.392953,0.667599,-0.076282
KG_Lat_1_6.18.26,79,596.42,304.43,0,596.42,304.43,0.9827,604.91,313.99,0.9127,0.346759,0.131275,-0.060416,0.343833,0.117567,-0.052881,0.343303,0.117415,-0.053037,0.342862,0.117252,-0.052984,0.342606,0.116904,-0.075526,0.341142,0.116245,-0.075742,0.339579,0.115452,-0.075821,0.333825,0.120271,-0.002593,0.328567,0.118683,-0.10413,0.342902,0.143536,-0.036374,0.341708,0.142525,-0.067688,0.321924,0.191519,0.078843,0.309136,0.172328,-0.137943,0.310046,0.246997,0.148829,0.271572,0.226993,-0.218661,0.330944,0.296415,0.141822,0.315055,0.290729,-0.269017,0.337197,0.314143,0.142418,0.321592,0.313304,-0.299353,0.339112,0.308871,0.120209,0.325825,0.306629,-0.291504,0.337574,0.301191,0.132532,0.324378,0.299284,-0.267105,0.323037,0.380074,0.074461,0.324857,0.382547,-0.074558,0.311649,0.514267,0.170735,0.351376,0.522966,-0.051229,0.2919,0.631644,0.258154,0.365692,0.659696,-0.029885,0.282464,0.654568,0.262842,0.35997,0.680231,-0.030646,0.318508,0.652401,0.227857,0.392978,0.669566,-0.095618
KG_Lat_1_6.18.26,80,596.43,304.12,0,596.43,304.12,0.9822,605.53,313.8,0.9128,0.346755,0.131348,-0.057855,0.343842,0.117649,-0.049795,0.343315,0.117508,-0.049944,0.342876,0.117362,-0.049892,0.342609,0.116958,-0.07199,0.341142,0.116289,-0.072209,0.339568,0.115485,-0.072288,0.333877,0.120354,0.002475,0.328557,0.118688,-0.09811,0.342878,0.143561,-0.033191,0.341658,0.142541,-0.063957,0.32193,0.191515,0.083861,0.30915,0.171819,-0.133535,0.307132,0.246951,0.148046,0.271583,0.226799,-0.214833,0.331032,0.296436,0.140212,0.315383,0.290552,-0.266406,0.337248,0.314193,0.140873,0.322726,0.312817,-0.296506,0.339124,0.308928,0.118053,0.326611,0.30584,-0.287956,0.337603,0.301303,0.13074,0.324887,0.298827,-0.264199,0.322989,0.379939,0.074561,0.32476,0.382133,-0.074654,0.31164,0.514398,0.169621,0.351315,0.522955,-0.070357,0.291945,0.631568,0.257937,0.365699,0.659878,-0.060782,0.282464,0.654722,0.262794,0.359982,0.680381,-0.062314,0.318505,0.652311,0.227033,0.393216,0.671458,-0.12739
KG_Lat_1_6.18.26,81,595.48,302.44,0,595.48,302.44,0.983,605.03,313.79,0.9171,0.346922,0.131332,-0.062125,0.343904,0.117653,-0.053821,0.343353,0.11751,-0.053977,0.342893,0.117363,-0.053923,0.342692,0.116999,-0.076746,0.341201,0.116369,-0.076962,0.339594,0.115634,-0.077038,0.33384,0.120358,-0.000328,0.32856,0.118863,-0.104651,0.343029,0.143475,-0.036908,0.341848,0.142484,-0.068584,0.321907,0.191499,0.082203,0.308893,0.17229,-0.137933,0.308817,0.247101,0.147387,0.271506,0.226801,-0.219376,0.33111,0.29647,0.136178,0.315117,0.290549,-0.274607,0.337308,0.314244,0.136235,0.322001,0.313172,-0.3055,0.339176,0.309581,0.113628,0.326045,0.306659,-0.29802,0.337645,0.301336,0.126592,0.324508,0.299411,-0.2728,0.32305,0.379313,0.074569,0.32439,0.381756,-0.074661,0.311637,0.514491,0.162197,0.351257,0.522536,-0.067183,0.292048,0.631661,0.242577,0.365568,0.660134,-0.049054,0.28246,0.655198,0.246155,0.359558,0.680606,-0.049896,0.318603,0.652338,0.204714,0.393221,0.668374,-0.116586
KG_Lat_1_6.18.26,82,596.24,302.7,0,596.24,302.7,0.9836,604.91,313.68,0.9152,0.346956,0.131424,-0.063322,0.343916,0.117761,-0.055187,0.343359,0.117642,-0.055345,0.342895,0.117522,-0.055294,0.34274,0.1171,-0.077812,0.341277,0.1165,-0.078028,0.339714,0.115807,-0.078107,0.333841,0.120522,-0.002159,0.328689,0.11904,-0.105585,0.34305,0.143595,-0.038271,0.341916,0.142539,-0.069636,0.32168,0.191667,0.078993,0.308894,0.172293,-0.138514,0.306595,0.247421,0.14335,0.271458,0.226688,-0.222693,0.33077,0.296553,0.133892,0.315056,0.290443,-0.281448,0.337344,0.315041,0.134199,0.321867,0.313189,-0.312995,0.339228,0.310429,0.111331,0.325996,0.306718,-0.305223,0.337668,0.301397,0.124357,0.324453,0.299418,-0.279756,0.322789,0.379452,0.074562,0.324397,0.381921,-0.074654,0.311637,0.514593,0.170336,0.351212,0.522561,-0.065603,0.292049,0.631642,0.262014,0.365568,0.660348,-0.045931,0.282407,0.655279,0.266996,0.359565,0.680784,-0.046644,0.318523,0.652334,0.229996,0.393228,0.668221,-0.11318
KG_Lat_1_6.18.26,83,595.12,300.81,0,595.12,300.81,0.9842,604.79,313.68,0.9175,0.346967,0.13195,-0.066878,0.343941,0.118303,-0.058592,0.343386,0.118204,-0.058757,0.342926,0.118126,-0.058704,0.342767,0.117577,-0.081224,0.341311,0.116964,-0.081441,0.339761,0.116284,-0.081523,0.333863,0.121096,-0.004203,0.328695,0.119489,-0.107742,0.343062,0.144114,-0.041288,0.341949,0.142832,-0.072616,0.322561,0.191922,0.078204,0.308811,0.17231,-0.140732,0.308295,0.24796,0.136434,0.27119,0.226562,-0.223916,0.330855,0.296586,0.108516,0.314997,0.290446,-0.280209,0.337478,0.315115,0.104973,0.321514,0.313538,-0.311432,0.339394,0.310453,0.082316,0.325856,0.306846,-0.303958,0.337885,0.301421,0.0983,0.324438,0.299435,-0.278445,0.32337,0.379452,0.074565,0.324048,0.382063,-0.074657,0.311728,0.514397,0.167847,0.351167,0.522509,-0.063792,0.292054,0.631677,0.260685,0.365566,0.660358,-0.035666,0.282394,0.655059,0.265767,0.359566,0.680785,-0.035687,0.318651,0.652301,0.227292,0.393398,0.671944,-0.104321
KG_Lat_1_6.18.26,84,594.81,299.17,0,594.81,299.17,0.9846,604.91,313.07,0.9103,0.346959,0.132652,-0.066544,0.343956,0.119011,-0.058537,0.343406,0.118898,-0.058703,0.342951,0.118814,-0.058653,0.342791,0.118284,-0.08094,0.34135,0.117661,-0.081156,0.339823,0.116961,-0.081236,0.333894,0.121575,-0.006393,0.328756,0.119939,-0.107908,0.343054,0.144556,-0.04123,0.341946,0.143195,-0.072353,0.322532,0.191862,0.074697,0.308807,0.172314,-0.140461,0.311344,0.247199,0.140484,0.271191,0.226501,-0.22401,0.330924,0.29501,0.139752,0.315056,0.289878,-0.281395,0.33765,0.314712,0.14131,0.321647,0.312505,-0.312025,0.339429,0.309038,0.119221,0.325996,0.305417,-0.303796,0.337923,0.300983,0.130816,0.3245,0.298334,-0.279444,0.323296,0.380184,0.073768,0.324054,0.383106,-0.073865,0.311726,0.51443,0.167361,0.351061,0.523015,-0.040972,0.291973,0.631707,0.258831,0.365422,0.660179,-0.004555,0.282378,0.655062,0.263781,0.359474,0.680701,-0.003764,0.318543,0.652089,0.226002,0.39317,0.671882,-0.06546
KG_Lat_1_6.18.26,85,603.9,312.98,0,594.2,298.55,0.9845,603.9,312.98,0.9127,0.346894,0.134331,-0.068069,0.34398,0.120546,-0.059851,0.343466,0.120363,-0.060016,0.343063,0.120192,-0.059959,0.342794,0.119941,-0.081808,0.341353,0.119318,-0.082026,0.339828,0.118599,-0.082105,0.33434,0.122623,-0.006483,0.328871,0.12091,-0.107884,0.343055,0.145754,-0.042424,0.341927,0.144544,-0.072985,0.323154,0.192446,0.075022,0.308808,0.172325,-0.139461,0.311962,0.247253,0.142421,0.271183,0.226204,-0.223964,0.330936,0.295141,0.138961,0.314531,0.2898,-0.277971,0.337708,0.314773,0.139821,0.32019,0.312995,-0.308289,0.339106,0.309286,0.117541,0.324754,0.306007,-0.300305,0.337764,0.301567,0.12975,0.323724,0.298847,-0.276024,0.323396,0.380228,0.073664,0.323986,0.383263,-0.073766,0.311732,0.514343,0.162079,0.351041,0.523012,-0.040045,0.292027,0.631951,0.240131,0.36525,0.66008,-0.00359,0.282377,0.65506,0.243568,0.359436,0.680668,-0.0028,0.318783,0.652089,0.206227,0.393194,0.672806,-0.063775
KG_Lat_1_6.18.26,86,597.0,302.0,0,593.88,297.89,0.984,604.44,312.83,0.9123,0.34691,0.135303,-0.067851,0.344093,0.121466,-0.059466,0.34359,0.1213,-0.059629,0.343203,0.121153,-0.059573,0.342899,0.120717,-0.081524,0.341451,0.120026,-0.081741,0.339914,0.119243,-0.081819,0.334586,0.123359,-0.006818,0.328999,0.121286,-0.107816,0.343065,0.146642,-0.042136,0.341928,0.145294,-0.072825,0.3234,0.193063,0.074687,0.308866,0.172186,-0.139587,0.313739,0.247525,0.14697,0.271185,0.226046,-0.228206,0.332188,0.295459,0.15238,0.314813,0.289659,-0.290073,0.338858,0.315523,0.155078,0.320739,0.312995,-0.321669,0.340249,0.30976,0.132184,0.325336,0.305964,-0.31278,0.338704,0.302184,0.143235,0.324189,0.298802,-0.288036,0.323397,0.380815,0.07361,0.32387,0.383386,-0.073711,0.311647,0.514578,0.164234,0.351028,0.523037,-0.042208,0.292027,0.63207,0.249219,0.365305,0.660304,-0.009028,0.282367,0.655219,0.253651,0.359486,0.680967,-0.008563,0.318609,0.652083,0.219251,0.393197,0.672752,-0.070815
KG_Lat_1_6.18.26,87,597.0,302.0,0,594.49,298.84,0.9823,604.42,311.63,0.9165,0.34691,0.135438,-0.067512,0.344214,0.121655,-0.059405,0.343721,0.121517,-0.05957,0.343334,0.121401,-0.059516,0.342998,0.120824,-0.08134,0.34152,0.120102,-0.081557,0.339958,0.119297,-0.081636,0.334698,0.123545,-0.007444,0.329061,0.121281,-0.10775,0.343068,0.146817,-0.042033,0.341925,0.145439,-0.072625,0.324283,0.193181,0.074615,0.308887,0.171563,-0.139576,0.315577,0.247401,0.154214,0.271214,0.225406,-0.23015,0.332723,0.295505,0.167508,0.314803,0.288549,-0.298255,0.339026,0.315475,0.171418,0.32072,0.312668,-0.33041,0.340256,0.309672,0.148251,0.325357,0.305518,-0.321839,0.338725,0.302159,0.15849,0.324239,0.298221,-0.296422,0.323658,0.380756,0.073255,0.323439,0.383273,-0.073356,0.311637,0.514609,0.155374,0.351006,0.522887,-0.043453,0.292032,0.632682,0.235833,0.365142,0.660278,-0.010788,0.282313,0.655285,0.239668,0.359404,0.680896,-0.010331,0.318658,0.652264,0.201695,0.393139,0.674459,-0.073108
KG_Lat_1_6.18.26,88,600.0,305.0,0,594.34,298.46,0.9823,604.47,311.39,0.9166,0.347076,0.135606,-0.066066,0.344533,0.122019,-0.05858,0.344043,0.121901,-0.058747,0.34366,0.121807,-0.058695,0.343299,0.121213,-0.080276,0.34179,0.120499,-0.080496,0.340186,0.119701,-0.080575,0.335009,0.123938,-0.007195,0.329279,0.121564,-0.1074,0.343201,0.14697,-0.041221,0.342058,0.14553,-0.07149,0.324629,0.193128,0.074819,0.308928,0.171502,-0.138939,0.314756,0.247391,0.1526,0.271101,0.225369,-0.227819,0.332768,0.294695,0.155424,0.31483,0.288324,-0.297086,0.339037,0.313655,0.157352,0.320944,0.312277,-0.327623,0.340496,0.308787,0.134576,0.325657,0.304758,-0.318525,0.338932,0.301369,0.146141,0.324439,0.297541,-0.294898,0.323752,0.380321,0.073161,0.323162,0.382958,-0.073261,0.311637,0.514608,0.154136,0.350964,0.52287,-0.048378,0.292063,0.632707,0.234088,0.36516,0.660397,-0.019259,0.282283,0.655365,0.237858,0.359406,0.680994,-0.019161,0.318807,0.652495,0.200007,0.393277,0.673867,-0.082627
KG_Lat_1_6.18.26,89,600.0,305.0,0,593.89,298.28,0.9824,604.48,311.4,0.9203,0.347183,0.136061,-0.060255,0.344681,0.122705,-0.05291,0.344193,0.122612,-0.053068,0.343811,0.122552,-0.053014,0.343431,0.121903,-0.074711,0.341897,0.121199,-0.074928,0.340265,0.120426,-0.075008,0.335081,0.124663,-0.001994,0.329339,0.122251,-0.102379,0.343284,0.147655,-0.035658,0.342099,0.146015,-0.066,0.324986,0.193616,0.078161,0.309,0.171476,-0.13478,0.314715,0.250259,0.14145,0.271073,0.225309,-0.220701,0.333785,0.296737,0.108122,0.314832,0.288336,-0.292957,0.340065,0.316497,0.103778,0.320953,0.312291,-0.321324,0.34143,0.311134,0.081945,0.325662,0.304864,-0.312124,0.339632,0.302037,0.098212,0.324441,0.297566,-0.29021,0.323709,0.380289,0.073113,0.323118,0.382658,-0.07321,0.311631,0.514672,0.154324,0.350897,0.52287,-0.062133,0.292138,0.632727,0.237075,0.365061,0.660398,-0.035193,0.282221,0.655787,0.241052,0.359007,0.680988,-0.035376,0.318814,0.652593,0.202427,0.392765,0.668566,-0.103025
KG_Lat_1_6.18.26,90,600.0,305.0,0,593.66,298.01,0.9826,604.88,311.3,0.9226,0.347536,0.136459,-0.0555,0.344968,0.123164,-0.048902,0.344439,0.123082,-0.049061,0.344015,0.123041,-0.049013,0.343827,0.122378,-0.07087,0.342339,0.121682,-0.071089,0.34076,0.120919,-0.071174,0.335146,0.125083,-0.000346,0.329767,0.122687,-0.10131,0.343529,0.148146,-0.031807,0.342449,0.146316,-0.062371,0.324952,0.193442,0.079033,0.309065,0.171354,-0.134746,0.314326,0.251612,0.142248,0.271023,0.225258,-0.221123,0.334221,0.29758,0.1108,0.315042,0.288236,-0.289788,0.340068,0.316574,0.106715,0.321591,0.312223,-0.320439,0.342108,0.312007,0.085148,0.326039,0.304903,-0.311728,0.340146,0.302136,0.101094,0.324678,0.297548,-0.287519,0.323715,0.380285,0.07312,0.323036,0.382608,-0.073216,0.311588,0.514711,0.154156,0.350841,0.522907,-0.066204,0.292137,0.632756,0.238678,0.365169,0.660645,-0.043571,0.282078,0.656204,0.242842,0.359013,0.681146,-0.044128,0.318901,0.652623,0.204653,0.39385,0.668594,-0.111876
KG_Lat_1_6.18.26,91,602.0,308.0,0,592.58,297.31,0.9827,605.09,311.2,0.9214,0.347656,0.136414,-0.069561,0.345245,0.123104,-0.06252,0.344788,0.123028,-0.062692,0.34446,0.122999,-0.062643,0.343951,0.122321,-0.083491,0.342429,0.121627,-0.083716,0.340824,0.120866,-0.083805,0.335888,0.125174,-0.01065,0.32986,0.122684,-0.107658,0.343714,0.148108,-0.044553,0.342523,0.146298,-0.073848,0.325215,0.193371,0.072747,0.309087,0.171366,-0.136388,0.313257,0.251131,0.143809,0.270994,0.22513,-0.222772,0.334263,0.296786,0.140353,0.315152,0.288151,-0.287734,0.340003,0.316437,0.142226,0.322228,0.311928,-0.318418,0.342341,0.311248,0.120062,0.326408,0.304373,-0.309705,0.340147,0.301924,0.131571,0.324811,0.297088,-0.285519,0.323682,0.380408,0.072816,0.322947,0.382999,-0.072913,0.311587,0.514695,0.155201,0.350782,0.522924,-0.055759,0.29213,0.632809,0.239881,0.365165,0.660809,-0.022173,0.281915,0.656269,0.244081,0.359018,0.681212,-0.021528,0.318091,0.652647,0.206233,0.39378,0.668301,-0.086657
KG_Lat_1_6.18.26,92,602.0,308.0,0,591.9,296.92,0.9826,605.46,311.21,0.9247,0.348262,0.136616,-0.070426,0.345897,0.123287,-0.063479,0.345416,0.123238,-0.063653,0.345072,0.123234,-0.063604,0.344559,0.122435,-0.084806,0.342985,0.121728,-0.085035,0.341314,0.120951,-0.085132,0.336212,0.125344,-0.012381,0.330124,0.122733,-0.110822,0.344129,0.148321,-0.045755,0.342872,0.146499,-0.075464,0.326028,0.193535,0.071338,0.309408,0.17137,-0.140898,0.314517,0.251368,0.143825,0.270925,0.225102,-0.224544,0.334857,0.296805,0.14157,0.315342,0.288154,-0.285582,0.34042,0.316563,0.143645,0.322434,0.311965,-0.316144,0.342995,0.311249,0.121506,0.326727,0.304417,-0.307618,0.340957,0.302109,0.132688,0.325197,0.297115,-0.283393,0.32373,0.380416,0.072812,0.322465,0.382996,-0.072908,0.311571,0.514734,0.155849,0.350768,0.522808,-0.055393,0.292149,0.632914,0.240245,0.365052,0.660678,-0.02049,0.281732,0.656297,0.244718,0.358755,0.6812,-0.019599,0.3181,0.652744,0.206963,0.393627,0.668973,-0.083681
KG_Lat_1_6.18.26,93,602.0,313.0,0,590.69,296.87,0.9808,605.46,311.22,0.9265,0.348829,0.136941,-0.069983,0.346448,0.123665,-0.063107,0.345926,0.12364,-0.063279,0.345529,0.123665,-0.063229,0.345188,0.122724,-0.084783,0.343614,0.121979,-0.08501,0.34194,0.121173,-0.085105,0.336496,0.125478,-0.012843,0.330739,0.122768,-0.113482,0.344488,0.148633,-0.045546,0.343211,0.146814,-0.075744,0.326571,0.193604,0.07084,0.309609,0.171276,-0.145388,0.314232,0.251347,0.145603,0.270882,0.225067,-0.22927,0.335014,0.298295,0.148763,0.315344,0.288162,-0.288634,0.340747,0.317358,0.151866,0.322418,0.312034,-0.319835,0.343104,0.311524,0.129256,0.32676,0.304436,-0.311071,0.341143,0.303049,0.13977,0.325224,0.297166,-0.286423,0.323724,0.380425,0.073084,0.322302,0.382985,-0.073176,0.311558,0.514829,0.161471,0.35065,0.522754,-0.056382,0.292139,0.633056,0.252317,0.365035,0.660688,-0.02104,0.281684,0.656789,0.257465,0.3586,0.681344,-0.019916,0.317973,0.652803,0.219787,0.393945,0.669397,-0.084428
KG_Lat_1_6.18.26,94,602.0,311.0,0,592.02,297.89,0.9825,605.46,311.13,0.9291,0.349596,0.136926,-0.070648,0.347137,0.123708,-0.06358,0.346633,0.123683,-0.06375,0.346271,0.123713,-0.0637,0.345817,0.122795,-0.085482,0.344251,0.122072,-0.08571,0.34259,0.121289,-0.085808,0.337056,0.125565,-0.012852,0.331217,0.12289,-0.11407,0.345281,0.148616,-0.046157,0.343896,0.146835,-0.076611,0.327757,0.193624,0.070155,0.309664,0.17133,-0.145536,0.315319,0.252902,0.141569,0.270778,0.225004,-0.229137,0.33565,0.299012,0.136076,0.315344,0.288087,-0.283188,0.341187,0.317765,0.13756,0.322415,0.312043,-0.313392,0.343501,0.311578,0.115595,0.32687,0.304472,-0.304698,0.341606,0.303246,0.127053,0.325336,0.297189,-0.280729,0.323791,0.380426,0.073055,0.322004,0.382988,-0.073145,0.311425,0.515032,0.161772,0.35055,0.522757,-0.061793,0.292217,0.633125,0.253085,0.364953,0.660688,-0.031829,0.281694,0.656882,0.258141,0.358262,0.681363,-0.031331,0.317895,0.652932,0.219714,0.393352,0.669457,-0.098791
KG_Lat_1_6.18.26,95,602.0,311.0,0,592.12,298.3,0.983,605.46,311.11,0.9311,0.350132,0.137284,-0.070427,0.34772,0.124089,-0.063348,0.347227,0.124054,-0.063515,0.34688,0.124069,-0.063463,0.346416,0.123163,-0.085478,0.344889,0.122421,-0.085702,0.343277,0.121619,-0.085798,0.337827,0.125761,-0.012689,0.332139,0.123,-0.115137,0.345807,0.148805,-0.045953,0.344423,0.147039,-0.076713,0.328514,0.193706,0.070737,0.309989,0.17119,-0.148778,0.315216,0.253775,0.141006,0.270779,0.224884,-0.22995,0.336493,0.30062,0.130779,0.315344,0.288069,-0.282655,0.341981,0.319858,0.131426,0.322314,0.312303,-0.313156,0.343938,0.313972,0.108909,0.326863,0.304529,-0.304533,0.342192,0.304372,0.121299,0.325345,0.297264,-0.280268,0.32379,0.380528,0.073914,0.322011,0.383027,-0.074004,0.311227,0.515303,0.170013,0.350443,0.522791,-0.05691,0.292245,0.633309,0.264825,0.364881,0.660733,-0.016599,0.281657,0.657259,0.270126,0.358212,0.681426,-0.015208,0.317798,0.652958,0.230675,0.393375,0.669396,-0.081893
KG_Lat_1_6.18.26,96,602.0,311.0,0,592.17,299.06,0.9826,605.21,310.91,0.9298,0.351101,0.13735,-0.069961,0.348693,0.124179,-0.062843,0.348201,0.124143,-0.063009,0.347853,0.124152,-0.062957,0.347457,0.123268,-0.084986,0.346014,0.122535,-0.085209,0.344505,0.121729,-0.085302,0.338985,0.125854,-0.013041,0.333596,0.123057,-0.115425,0.346726,0.148835,-0.045541,0.345397,0.147107,-0.076313,0.329131,0.193925,0.069238,0.310352,0.171192,-0.148223,0.317726,0.252997,0.136244,0.270768,0.224814,-0.227181,0.336423,0.299884,0.124149,0.315213,0.287877,-0.268744,0.341962,0.319804,0.124284,0.321808,0.312353,-0.297051,0.343503,0.313934,0.102639,0.32664,0.304566,-0.288899,0.341919,0.304482,0.114956,0.325252,0.297346,-0.266222,0.323876,0.380528,0.073636,0.322023,0.383036,-0.073731,0.311194,0.515292,0.165265,0.350419,0.522816,-0.048081,0.292433,0.633372,0.252375,0.364781,0.660641,-0.001624,0.281768,0.657237,0.256723,0.35806,0.681377,0.000178,0.317786,0.653092,0.215505,0.392814,0.669088,-0.063269
KG_Lat_1_6.18.26,97,602.0,307.0,0,592.01,299.98,0.9826,605.18,310.57,0.9318,0.351872,0.13764,-0.06884,0.349531,0.124477,-0.062135,0.349019,0.124417,-0.0623,0.348633,0.124395,-0.062248,0.34835,0.123573,-0.084038,0.346974,0.122825,-0.084262,0.345543,0.121987,-0.084355,0.339827,0.126059,-0.012505,0.334873,0.123199,-0.115363,0.347581,0.149009,-0.045043,0.346298,0.147321,-0.075527,0.330106,0.194226,0.069668,0.310731,0.17116,-0.147168,0.319367,0.252929,0.137188,0.270768,0.224632,-0.22052,0.336808,0.299515,0.132081,0.3152,0.287565,-0.264138,0.341873,0.319819,0.133441,0.321651,0.312361,-0.292801,0.343637,0.313917,0.111683,0.32657,0.304596,-0.285002,0.341899,0.304485,0.123128,0.325242,0.297362,-0.261917,0.324019,0.380518,0.073431,0.321983,0.383019,-0.073524,0.311108,0.515286,0.165192,0.350301,0.522815,-0.048345,0.292455,0.633483,0.252364,0.364807,0.660684,-0.006614,0.281747,0.65738,0.256788,0.358068,0.681378,-0.005433,0.317875,0.65311,0.216783,0.392535,0.668748,-0.069481
KG_Lat_1_6.18.26,98,602.0,307.0,0,597.3,301.2,0.9865,605.26,310.57,0.9341,0.352467,0.13791,-0.070423,0.35028,0.124763,-0.063391,0.349846,0.124708,-0.063553,0.34954,0.124682,-0.063501,0.349031,0.12387,-0.085149,0.347689,0.123139,-0.085373,0.346299,0.122308,-0.085466,0.341165,0.126433,-0.012681,0.335855,0.123474,-0.114705,0.348455,0.149214,-0.046107,0.347092,0.147602,-0.07643,0.331323,0.194716,0.069487,0.311189,0.171162,-0.146313,0.323568,0.252961,0.137636,0.270857,0.224522,-0.218545,0.337457,0.300621,0.133041,0.31524,0.287569,-0.265944,0.342797,0.320341,0.134557,0.321494,0.312669,-0.294927,0.343894,0.315893,0.112765,0.326526,0.304853,-0.286672,0.342337,0.305245,0.124156,0.325242,0.29766,-0.263643,0.324024,0.380518,0.073229,0.321983,0.382925,-0.073315,0.310972,0.515326,0.165365,0.35017,0.522816,-0.061401,0.29246,0.633484,0.255359,0.364816,0.660682,-0.037563,0.281718,0.657672,0.26032,0.358245,0.681374,-0.037839,0.317763,0.65301,0.223022,0.392673,0.667791,-0.103501
KG_Lat_1_6.18.26,99,602.0,307.0,0,595.55,299.6,0.9861,605.21,310.59,0.9363,0.353603,0.13809,-0.068863,0.351241,0.124941,-0.061458,0.350739,0.124889,-0.06162,0.350352,0.124853,-0.061565,0.350098,0.124071,-0.084036,0.348738,0.123362,-0.084258,0.347302,0.122541,-0.084351,0.341692,0.126593,-0.010279,0.336714,0.123631,-0.114319,0.349347,0.149386,-0.044447,0.348082,0.147832,-0.075702,0.331932,0.195236,0.071188,0.311375,0.17122,-0.146096,0.322824,0.25419,0.134939,0.271128,0.223327,-0.218404,0.337928,0.301915,0.109301,0.315211,0.287587,-0.264079,0.342756,0.321857,0.106883,0.321262,0.313308,-0.293527,0.344204,0.317579,0.08512,0.326517,0.305737,-0.285892,0.342684,0.306471,0.099614,0.325251,0.298098,-0.261912,0.32405,0.380519,0.073341,0.321925,0.382875,-0.073423,0.31095,0.515358,0.16362,0.349927,0.5228,-0.066028,0.292456,0.633473,0.25317,0.364589,0.660443,-0.03903,0.281708,0.657674,0.258015,0.358237,0.681183,-0.038955,0.317988,0.65301,0.22064,0.391993,0.667806,-0.103736
KG_Lat_1_6.18.26,100,602.0,307.0,0,596.52,300.3,0.986,605.25,310.88,0.9397,0.35436,0.138532,-0.068703,0.352068,0.125349,-0.061353,0.351642,0.125308,-0.061515,0.351328,0.125277,-0.061461,0.350777,0.124507,-0.08388,0.349388,0.123826,-0.084101,0.347906,0.123022,-0.084192,0.342797,0.12714,-0.009242,0.337399,0.124112,-0.113325,0.35038,0.149934,-0.044327,0.348926,0.148445,-0.075517,0.333361,0.197428,0.07194,0.311632,0.171245,-0.14525,0.325954,0.25619,0.135209,0.271335,0.222928,-0.217055,0.338817,0.303834,0.11122,0.315233,0.287856,-0.26556,0.343261,0.324772,0.109288,0.321231,0.314027,-0.295073,0.344783,0.319605,0.0874,0.326606,0.306628,-0.287013,0.343375,0.310153,0.101619,0.325365,0.298741,-0.26339,0.324167,0.380519,0.073336,0.321811,0.382736,-0.073416,0.310945,0.51534,0.163291,0.34983,0.522772,-0.083121,0.292456,0.633471,0.253133,0.364603,0.660364,-0.074193,0.281705,0.657704,0.257996,0.358234,0.680841,-0.075864,0.31807,0.653001,0.220573,0.392017,0.671257,-0.145968
KG_Lat_1_6.18.26,101,602.0,307.0,0,595.25,299.28,0.9863,605.25,311.3,0.9437,0.354853,0.13892,-0.075418,0.352903,0.12584,-0.066796,0.352577,0.125851,-0.06696,0.352365,0.125872,-0.0669,0.351324,0.124915,-0.088744,0.349768,0.124212,-0.088969,0.348143,0.123399,-0.089059,0.344075,0.12773,-0.010299,0.337632,0.124359,-0.113108,0.350933,0.150487,-0.049058,0.349214,0.148871,-0.079609,0.334049,0.198473,0.071961,0.311808,0.171326,-0.143499,0.327735,0.256905,0.13551,0.271499,0.222307,-0.216071,0.339291,0.304142,0.113819,0.315232,0.288242,-0.26757,0.343203,0.324946,0.1121,0.321034,0.314543,-0.298598,0.344888,0.32008,0.090161,0.326466,0.307613,-0.291733,0.34332,0.310048,0.104337,0.325286,0.299442,-0.265934,0.324166,0.37988,0.07297,0.321624,0.382278,-0.073048,0.310892,0.51534,0.160029,0.349748,0.522786,-0.076291,0.292413,0.633388,0.245607,0.364571,0.660349,-0.057393,0.281688,0.657703,0.24983,0.358311,0.680845,-0.058047,0.318174,0.653,0.211291,0.391932,0.671489,-0.125113
KG_Lat_1_6.18.26,102,602.0,307.0,0,594.23,298.17,0.9875,605.34,312.06,0.9467,0.356058,0.139407,-0.079763,0.354247,0.12625,-0.070834,0.353916,0.126211,-0.071007,0.353721,0.126187,-0.070953,0.352586,0.125395,-0.092114,0.351036,0.124691,-0.092339,0.349404,0.123851,-0.092432,0.345401,0.128048,-0.012661,0.338624,0.124718,-0.113033,0.352355,0.151187,-0.052989,0.350638,0.149485,-0.08272,0.335852,0.200016,0.069441,0.311868,0.17173,-0.141172,0.331613,0.25639,0.150753,0.271733,0.222208,-0.217338,0.3408,0.304577,0.171225,0.315282,0.288944,-0.284636,0.34369,0.324736,0.176914,0.321025,0.315589,-0.316505,0.345266,0.320338,0.154251,0.326469,0.308802,-0.309373,0.343898,0.310085,0.162959,0.325286,0.30074,-0.283389,0.324813,0.37988,0.071931,0.32145,0.382346,-0.071993,0.3108,0.515356,0.157773,0.34958,0.522777,-0.079724,0.292369,0.633346,0.242276,0.364559,0.660359,-0.068308,0.281672,0.657697,0.246499,0.358319,0.681149,-0.069678,0.318258,0.653142,0.208958,0.392186,0.671078,-0.136465
KG_Lat_1_6.18.26,103,602.0,307.0,0,594.37,298.03,0.9875,604.95,312.05,0.948,0.356545,0.139623,-0.077972,0.354785,0.126468,-0.069995,0.354505,0.126474,-0.070168,0.354354,0.126515,-0.070119,0.353063,0.125536,-0.091448,0.351485,0.124815,-0.091668,0.349812,0.123968,-0.091756,0.346032,0.128318,-0.008688,0.338955,0.124758,-0.108858,0.352726,0.151588,-0.052433,0.350969,0.149758,-0.082327,0.335806,0.200507,0.073729,0.312181,0.17173,-0.137282,0.331245,0.256259,0.144949,0.271966,0.221088,-0.21054,0.340551,0.304512,0.125392,0.315076,0.288934,-0.266442,0.343611,0.324882,0.12341,0.319706,0.315704,-0.296937,0.344856,0.320391,0.102821,0.32583,0.309192,-0.290362,0.343642,0.309973,0.116489,0.324705,0.30088,-0.264893,0.324833,0.379519,0.071949,0.321177,0.382142,-0.072013,0.310789,0.515358,0.156793,0.349488,0.522779,-0.085278,0.292347,0.633284,0.242147,0.364218,0.660357,-0.072275,0.28167,0.65769,0.246421,0.358113,0.68115,-0.073463,0.318298,0.653074,0.208593,0.391266,0.671534,-0.140843
KG_Lat_1_6.18.26,104,602.0,307.0,0,588.1,292.99,0.9911,604.8,312.02,0.9517,0.357695,0.140525,-0.066175,0.355568,0.127249,-0.05726,0.355205,0.127232,-0.057423,0.354991,0.127256,-0.057365,0.353946,0.126306,-0.079744,0.352397,0.12556,-0.079966,0.35078,0.124687,-0.080054,0.346546,0.129046,0.001313,0.340052,0.125424,-0.101916,0.353674,0.152653,-0.040317,0.352113,0.150587,-0.071414,0.336147,0.201109,0.080973,0.312559,0.171722,-0.134147,0.331971,0.259063,0.136392,0.272615,0.219348,-0.208973,0.341425,0.30614,0.091494,0.315002,0.288908,-0.26505,0.344113,0.328015,0.08572,0.319598,0.315768,-0.295944,0.345535,0.32146,0.06508,0.325685,0.309496,-0.289516,0.344429,0.312485,0.081747,0.324637,0.301014,-0.263526,0.324963,0.379521,0.071931,0.321109,0.382073,-0.071994,0.310634,0.515353,0.150176,0.349448,0.522748,-0.080855,0.292321,0.633241,0.227612,0.364162,0.660357,-0.061873,0.281641,0.657628,0.230869,0.357916,0.681166,-0.062539,0.318778,0.653138,0.190451,0.391445,0.671021,-0.129166
KG_Lat_1_6.18.26,105,602.0,307.0,0,587.36,291.95,0.9916,604.02,311.85,0.9524,0.3593,0.141362,-0.065215,0.356995,0.128254,-0.05595,0.356578,0.128211,-0.05611,0.35632,0.128197,-0.05605,0.355264,0.12721,-0.078452,0.353633,0.126363,-0.078676,0.351946,0.125374,-0.078768,0.347718,0.129763,0.002862,0.341137,0.125884,-0.100085,0.355335,0.153339,-0.038861,0.353639,0.151128,-0.069966,0.337454,0.201757,0.081691,0.313217,0.17173,-0.132017,0.331575,0.258839,0.124245,0.272811,0.21753,-0.205687,0.341162,0.306126,0.069629,0.314596,0.288749,-0.254672,0.344048,0.328193,0.0622,0.318847,0.315759,-0.284253,0.345364,0.321437,0.042481,0.325198,0.309512,-0.277802,0.344312,0.312236,0.059978,0.324206,0.30101,-0.252892,0.32535,0.379542,0.071669,0.321028,0.382077,-0.071729,0.31049,0.515534,0.148467,0.349448,0.522733,-0.078953,0.29228,0.633264,0.227721,0.363729,0.660353,-0.057284,0.281641,0.657627,0.231088,0.357288,0.681242,-0.057749,0.319307,0.653135,0.189212,0.390224,0.671228,-0.124615
KG_Lat_1_6.18.26,106,602.0,307.0,0,588.82,291.31,0.9917,604.05,311.62,0.9512,0.360829,0.142182,-0.061601,0.358497,0.128997,-0.052469,0.358012,0.128921,-0.052627,0.357686,0.128878,-0.052572,0.356854,0.127931,-0.074954,0.355266,0.127052,-0.075176,0.353629,0.126016,-0.075269,0.348984,0.130332,0.004295,0.342808,0.126372,-0.098416,0.356842,0.153957,-0.035729,0.355255,0.151821,-0.066795,0.338595,0.201735,0.081903,0.314071,0.171767,-0.130826,0.331527,0.256487,0.125305,0.273204,0.216971,-0.206462,0.340964,0.304675,0.081784,0.314612,0.288536,-0.256107,0.343916,0.327074,0.076292,0.318985,0.314602,-0.28566,0.345268,0.319783,0.056178,0.325332,0.307998,-0.278608,0.344261,0.311282,0.072304,0.324338,0.29992,-0.254149,0.325592,0.379487,0.071505,0.320827,0.382018,-0.071563,0.310345,0.515674,0.145093,0.349448,0.522732,-0.080176,0.29226,0.633272,0.223656,0.363705,0.660496,-0.058573,0.281641,0.657625,0.226952,0.357301,0.681642,-0.059034,0.319556,0.653195,0.185691,0.390267,0.67073,-0.125154
KG_Lat_1_6.18.26,107,602.0,307.0,0,589.76,291.94,0.9915,603.63,311.19,0.9466,0.362663,0.142882,-0.059909,0.360081,0.129845,-0.050761,0.359425,0.129675,-0.050919,0.358951,0.129541,-0.050871,0.358738,0.128857,-0.07373,0.357159,0.127929,-0.073955,0.355585,0.126838,-0.074057,0.349939,0.130757,0.005589,0.344491,0.126956,-0.099183,0.358212,0.154414,-0.0341,0.35692,0.152345,-0.065854,0.338909,0.201651,0.083731,0.315065,0.171913,-0.131681,0.331037,0.2564,0.132202,0.273345,0.21636,-0.210934,0.340802,0.304512,0.083474,0.314392,0.288141,-0.264754,0.343883,0.326897,0.078039,0.318765,0.314022,-0.295615,0.345092,0.318467,0.057376,0.325183,0.307471,-0.288087,0.344187,0.310841,0.07309,0.32417,0.299679,-0.26274,0.325875,0.379731,0.071991,0.320642,0.382079,-0.072042,0.310114,0.515891,0.147523,0.349447,0.522732,-0.09835,0.29219,0.633314,0.227565,0.363769,0.66046,-0.09812,0.281561,0.657755,0.230961,0.357316,0.681076,-0.100594,0.319552,0.653467,0.188617,0.390725,0.67071,-0.169284
KG_Lat_1_6.18.26,108,602.0,307.0,0,588.59,289.9,0.9922,603.47,310.42,0.9449,0.364827,0.143759,-0.057493,0.361788,0.130701,-0.048579,0.360873,0.130448,-0.048744,0.360174,0.130192,-0.048692,0.360698,0.129813,-0.072063,0.359072,0.128867,-0.072287,0.357455,0.127711,-0.072387,0.350497,0.131278,0.006129,0.345981,0.127758,-0.099988,0.360229,0.155173,-0.032188,0.359161,0.15308,-0.064582,0.339248,0.201852,0.083733,0.316004,0.172332,-0.132402,0.329982,0.256323,0.145519,0.274009,0.214879,-0.214011,0.340805,0.304567,0.131138,0.314307,0.287421,-0.270201,0.343829,0.326765,0.131744,0.318448,0.313479,-0.300698,0.345079,0.318283,0.110509,0.325051,0.307107,-0.292841,0.344121,0.31074,0.121952,0.324102,0.299424,-0.268145,0.326045,0.3798,0.071938,0.320653,0.382011,-0.07199,0.310055,0.51572,0.142721,0.349472,0.522412,-0.090734,0.292213,0.633276,0.216299,0.363586,0.658585,-0.09192,0.281564,0.65754,0.218994,0.357347,0.679493,-0.095098,0.319549,0.653582,0.175445,0.390783,0.667201,-0.163746
KG_Lat_1_6.18.26,109,602.0,307.0,0,589.32,287.93,0.9929,602.73,309.43,0.9427,0.365806,0.145137,-0.058454,0.363262,0.132166,-0.04978,0.362415,0.13185,-0.049944,0.361761,0.131507,-0.049892,0.362067,0.131185,-0.072997,0.360377,0.130096,-0.07322,0.358747,0.128777,-0.073318,0.352426,0.132072,0.00537,0.347428,0.128303,-0.099908,0.360947,0.156329,-0.033228,0.35971,0.154162,-0.06531,0.340911,0.20329,0.083423,0.316297,0.172354,-0.131645,0.329074,0.256571,0.145424,0.274465,0.213672,-0.213891,0.340708,0.304558,0.130033,0.313921,0.286508,-0.270838,0.343794,0.326647,0.129783,0.317797,0.312938,-0.301386,0.344859,0.317936,0.10877,0.324417,0.306924,-0.293894,0.344022,0.310656,0.120931,0.323492,0.299303,-0.268941,0.326526,0.379886,0.071824,0.320301,0.381935,-0.071876,0.309903,0.515732,0.141838,0.349619,0.522396,-0.092979,0.292212,0.633145,0.217834,0.363673,0.65861,-0.09283,0.28155,0.657322,0.221054,0.357358,0.679463,-0.095393,0.31957,0.653595,0.180448,0.390814,0.66724,-0.164599
KG_Lat_1_6.18.26,110,602.0,307.0,0,588.89,285.58,0.9924,602.15,309.34,0.9429,0.36647,0.146089,-0.058124,0.364352,0.133139,-0.049529,0.363588,0.132773,-0.049691,0.362994,0.132365,-0.049638,0.363048,0.132147,-0.072283,0.361429,0.13099,-0.072512,0.359855,0.129576,-0.072613,0.353699,0.132627,0.004931,0.348589,0.128779,-0.098852,0.361976,0.157082,-0.033049,0.360586,0.154926,-0.064569,0.342328,0.203866,0.083374,0.31755,0.172658,-0.130222,0.328386,0.256548,0.150984,0.274902,0.211653,-0.211567,0.341201,0.304588,0.145473,0.313622,0.286427,-0.268955,0.343757,0.326565,0.146687,0.316977,0.312938,-0.298862,0.345091,0.318295,0.125753,0.323608,0.306993,-0.291487,0.343974,0.310563,0.136736,0.322971,0.299453,-0.267087,0.326534,0.380199,0.071474,0.320271,0.381776,-0.071531,0.309519,0.515802,0.136162,0.349674,0.522415,-0.088128,0.292203,0.633145,0.204785,0.364106,0.658617,-0.078591,0.281419,0.657346,0.207252,0.357599,0.679432,-0.080168,0.319547,0.653623,0.166436,0.392116,0.667269,-0.148838
KG_Lat_1_6.18.26,111,602.16,308.93,0,591.5,286.12,0.9926,602.16,308.93,0.9424,0.36796,0.148439,-0.055713,0.366166,0.135313,-0.047213,0.365374,0.134891,-0.047372,0.364756,0.134405,-0.047325,0.364941,0.134246,-0.070144,0.363354,0.13301,-0.070369,0.361836,0.131501,-0.070461,0.355422,0.134091,0.006674,0.350638,0.130012,-0.098279,0.363348,0.159181,-0.030737,0.362013,0.156873,-0.06255,0.344163,0.205044,0.084936,0.318783,0.172917,-0.130383,0.331074,0.258024,0.157419,0.275309,0.210262,-0.215276,0.343319,0.305808,0.154499,0.313626,0.286042,-0.279064,0.345492,0.326449,0.156205,0.317049,0.312721,-0.309808,0.346136,0.319225,0.134967,0.323659,0.306996,-0.301489,0.345153,0.311031,0.145768,0.322998,0.299481,-0.277004,0.326614,0.380356,0.071681,0.320263,0.381714,-0.071739,0.309278,0.516071,0.139764,0.350306,0.522535,-0.091243,0.292112,0.633146,0.213995,0.364298,0.658636,-0.085828,0.281194,0.657339,0.217172,0.357911,0.679447,-0.087704,0.319642,0.653623,0.177658,0.392866,0.667621,-0.152173
KG_Lat_1_6.18.26,112,602.11,308.03,0,589.17,282.65,0.9919,602.11,308.03,0.9343,0.370529,0.150232,-0.055155,0.368856,0.136659,-0.046838,0.367887,0.136185,-0.046999,0.367071,0.135637,-0.046958,0.367844,0.13563,-0.069756,0.366073,0.134359,-0.069979,0.364357,0.132813,-0.07007,0.3571,0.134878,0.006214,0.352696,0.130936,-0.098701,0.365297,0.160856,-0.030458,0.364112,0.15863,-0.062272,0.345212,0.205516,0.084409,0.319814,0.173207,-0.130241,0.330238,0.257979,0.161662,0.275629,0.20773,-0.215276,0.34323,0.30627,0.173509,0.313597,0.285215,-0.278134,0.34539,0.326317,0.177621,0.316779,0.31232,-0.307355,0.346112,0.319754,0.157146,0.323458,0.306992,-0.298618,0.34506,0.311132,0.165553,0.322952,0.29949,-0.275923,0.326721,0.380378,0.071633,0.320272,0.381711,-0.071692,0.309124,0.516249,0.141372,0.350999,0.522706,-0.093851,0.292036,0.633132,0.216372,0.364624,0.658797,-0.099248,0.281047,0.657314,0.219743,0.358278,0.679535,-0.102079,0.319663,0.653548,0.18274,0.393706,0.668496,-0.165809
KG_Lat_1_6.18.26,113,602.1,307.74,0,589.43,280.57,0.9929,602.1,307.74,0.9282,0.372552,0.150964,-0.057056,0.370642,0.1372,-0.04824,0.3696,0.13675,-0.048402,0.3687,0.136227,-0.048365,0.36962,0.136159,-0.071745,0.367745,0.134923,-0.071965,0.365952,0.133435,-0.072054,0.358342,0.135432,0.005893,0.353825,0.131801,-0.101462,0.367558,0.161672,-0.031971,0.366359,0.159598,-0.064544,0.346145,0.205756,0.083677,0.321466,0.173716,-0.131515,0.329543,0.255713,0.165606,0.276776,0.205301,-0.222058,0.343119,0.30632,0.185039,0.313593,0.284942,-0.285976,0.345346,0.32608,0.190283,0.316723,0.312094,-0.316104,0.345919,0.319919,0.168945,0.323442,0.306993,-0.3075,0.344994,0.311109,0.17696,0.322968,0.299511,-0.283971,0.326734,0.380691,0.071638,0.320278,0.381722,-0.071697,0.308955,0.516445,0.14122,0.351778,0.522684,-0.091756,0.291916,0.633128,0.214686,0.364798,0.658813,-0.08887,0.280735,0.657324,0.217761,0.358452,0.679513,-0.090958,0.319685,0.653548,0.179156,0.393899,0.668086,-0.156676
KG_Lat_1_6.18.26,114,602.06,307.53,0,589.1,279.23,0.9916,602.06,307.53,0.9127,0.374418,0.152015,-0.061783,0.372691,0.138121,-0.052515,0.371622,0.137712,-0.052677,0.370658,0.137211,-0.052641,0.371795,0.137115,-0.076895,0.369925,0.135897,-0.077109,0.368051,0.134414,-0.077196,0.360302,0.136155,0.002115,0.355996,0.132619,-0.109451,0.369111,0.162954,-0.036618,0.367946,0.160907,-0.070332,0.346241,0.206367,0.082084,0.322906,0.174544,-0.142613,0.329075,0.255163,0.170959,0.277593,0.203871,-0.241856,0.343079,0.307459,0.201094,0.313574,0.284748,-0.302434,0.345276,0.328572,0.208456,0.31664,0.311934,-0.333059,0.34587,0.32103,0.187317,0.323353,0.307035,-0.323145,0.344936,0.31354,0.193378,0.322938,0.299678,-0.299929,0.326808,0.381287,0.072365,0.320339,0.382067,-0.072431,0.308814,0.516812,0.142447,0.352261,0.521705,-0.085858,0.291868,0.633128,0.21704,0.364784,0.65832,-0.066043,0.280625,0.657337,0.220176,0.35842,0.679421,-0.06641,0.319702,0.653532,0.180069,0.393585,0.666169,-0.130457
KG_Lat_1_6.18.26,115,602.06,307.1,0,590.61,277.99,0.9918,602.06,307.1,0.9174,0.375869,0.153633,-0.076088,0.374527,0.139622,-0.066118,0.373593,0.139274,-0.066286,0.372784,0.13886,-0.066242,0.373565,0.138458,-0.089334,0.371734,0.137131,-0.089554,0.369817,0.135509,-0.08964,0.363442,0.137827,-0.006085,0.357759,0.133468,-0.113834,0.370575,0.16437,-0.048952,0.369198,0.162434,-0.081281,0.348485,0.20721,0.077758,0.3251,0.174776,-0.14395,0.329,0.255117,0.17306,0.278573,0.20256,-0.241574,0.343516,0.308125,0.207579,0.313572,0.284351,-0.313584,0.345235,0.328333,0.215077,0.316368,0.311608,-0.34626,0.345837,0.32164,0.192492,0.323066,0.307047,-0.338462,0.345005,0.313613,0.199535,0.322827,0.299745,-0.312211,0.326815,0.38168,0.072442,0.320189,0.382067,-0.072506,0.308792,0.517031,0.143072,0.352975,0.520847,-0.090091,0.29182,0.633118,0.218641,0.364827,0.658321,-0.082606,0.280613,0.657337,0.221914,0.35842,0.679383,-0.084365,0.319725,0.653538,0.182736,0.394032,0.666137,-0.149835
KG_Lat_1_6.18.26,116,602.01,306.37,0,588.63,276.43,0.9867,602.01,306.37,0.9086,0.377508,0.155105,-0.077313,0.376331,0.141092,-0.067602,0.375419,0.140745,-0.067769,0.37465,0.14034,-0.067728,0.37533,0.139914,-0.09137,0.373545,0.13857,-0.091588,0.371761,0.136947,-0.09167,0.36497,0.139203,-0.008735,0.359949,0.134842,-0.119128,0.372108,0.165815,-0.050674,0.370756,0.164141,-0.083719,0.348778,0.207533,0.075759,0.326364,0.175292,-0.15204,0.329286,0.25495,0.175391,0.27881,0.200798,-0.25697,0.343653,0.307571,0.214429,0.313549,0.283673,-0.32666,0.34516,0.327935,0.222851,0.316285,0.310809,-0.358926,0.345794,0.321628,0.20009,0.322768,0.306951,-0.349808,0.345015,0.313469,0.206255,0.322582,0.299718,-0.324732,0.327145,0.382332,0.073456,0.32019,0.38254,-0.073526,0.308705,0.517138,0.141432,0.353919,0.519783,-0.08952,0.291818,0.633223,0.214564,0.364936,0.658457,-0.078413,0.2806,0.657346,0.217491,0.358405,0.679435,-0.079909,0.320316,0.653766,0.177,0.394326,0.666222,-0.145704
KG_Lat_1_6.18.26,117,603.0,293.0,0,590.33,274.59,0.9902,602.13,306.01,0.9115,0.380094,0.157818,-0.076393,0.378666,0.14314,-0.067066,0.377702,0.142565,-0.067235,0.376792,0.141914,-0.067193,0.37803,0.142318,-0.090933,0.376524,0.141037,-0.091147,0.374791,0.139412,-0.091226,0.366777,0.140237,-0.010233,0.362881,0.136804,-0.121132,0.3741,0.168216,-0.050449,0.373231,0.16668,-0.083598,0.349599,0.207409,0.073834,0.328894,0.175806,-0.155177,0.330001,0.254741,0.174663,0.280229,0.199782,-0.261449,0.344665,0.307392,0.214414,0.313611,0.28334,-0.333705,0.345612,0.327856,0.222716,0.315905,0.309177,-0.366709,0.346129,0.321753,0.199784,0.322719,0.306953,-0.357425,0.34555,0.313423,0.206148,0.322595,0.299745,-0.331867,0.327142,0.382474,0.073751,0.320151,0.38254,-0.073826,0.308696,0.517308,0.137804,0.354484,0.517754,-0.081722,0.291808,0.633218,0.203827,0.364918,0.657584,-0.056826,0.280601,0.657383,0.206062,0.357778,0.678273,-0.056739,0.320392,0.653793,0.166706,0.394315,0.666055,-0.116149
KG_Lat_1_6.18.26,118,608.0,296.0,0,590.75,272.79,0.9884,602.83,305.71,0.9101,0.381362,0.159363,-0.081812,0.380335,0.144736,-0.072018,0.379454,0.144213,-0.072185,0.378664,0.143638,-0.072142,0.3796,0.143728,-0.095653,0.378066,0.142348,-0.09587,0.37635,0.14062,-0.095949,0.368993,0.141906,-0.012863,0.364286,0.137773,-0.122341,0.375514,0.169694,-0.054972,0.374517,0.168145,-0.087801,0.351467,0.207975,0.072624,0.331109,0.176372,-0.154312,0.33077,0.25463,0.178545,0.281877,0.19842,-0.258096,0.344969,0.307912,0.225539,0.313975,0.283069,-0.329965,0.345669,0.327712,0.23518,0.315953,0.309098,-0.362393,0.346178,0.322314,0.212219,0.322772,0.306947,-0.353542,0.345786,0.313651,0.217553,0.322786,0.299759,-0.328216,0.327159,0.382597,0.073845,0.320176,0.382649,-0.073923,0.308656,0.517255,0.136266,0.356233,0.516816,-0.081707,0.291874,0.63322,0.197595,0.365228,0.658226,-0.057705,0.280588,0.657418,0.199351,0.358311,0.679006,-0.0579,0.320773,0.653825,0.15934,0.394602,0.668069,-0.119347
KG_Lat_1_6.18.26,119,606.0,299.0,0,592.12,272.4,0.9905,602.87,304.88,0.9099,0.383541,0.160864,-0.081093,0.382379,0.146312,-0.07164,0.381538,0.145796,-0.071806,0.380794,0.145246,-0.071761,0.381625,0.145276,-0.094921,0.380108,0.143885,-0.095139,0.378427,0.142176,-0.095218,0.371456,0.143559,-0.013827,0.366651,0.139507,-0.121433,0.377974,0.171075,-0.054797,0.376909,0.169589,-0.087114,0.353898,0.209283,0.07072,0.333639,0.177335,-0.152926,0.332272,0.25457,0.173692,0.283704,0.196414,-0.252688,0.345875,0.310178,0.209811,0.313995,0.282292,-0.321518,0.346186,0.327904,0.21746,0.315685,0.308581,-0.353559,0.347884,0.324472,0.194925,0.322643,0.306927,-0.345086,0.346505,0.315045,0.20169,0.322488,0.29973,-0.319846,0.327291,0.38291,0.073832,0.320181,0.382708,-0.073909,0.308591,0.51725,0.135711,0.35801,0.51574,-0.081689,0.291865,0.633219,0.197898,0.365293,0.65825,-0.057478,0.280282,0.65743,0.199791,0.35832,0.679104,-0.057535,0.320762,0.65382,0.159188,0.395296,0.671153,-0.118435
KG_Lat_1_6.18.26,120,606.0,299.0,0,599.01,278.8,0.986,603.96,303.55,0.9136,0.385736,0.161392,-0.079522,0.384522,0.14687,-0.070106,0.383667,0.146425,-0.070273,0.382895,0.145965,-0.070226,0.383503,0.145725,-0.093373,0.38181,0.144367,-0.093589,0.380068,0.142777,-0.093667,0.372976,0.144678,-0.012772,0.368643,0.140523,-0.12003,0.380206,0.171598,-0.0534,0.379069,0.170291,-0.085645,0.356457,0.209566,0.07131,0.33546,0.177401,-0.151402,0.334017,0.254068,0.180675,0.285693,0.194226,-0.255478,0.34711,0.30995,0.226483,0.314565,0.281063,-0.334409,0.346811,0.327841,0.235046,0.315729,0.307677,-0.368363,0.348192,0.324114,0.212269,0.322649,0.306765,-0.358934,0.347292,0.31496,0.218436,0.322494,0.299529,-0.332621,0.327292,0.383035,0.073702,0.320182,0.382564,-0.073787,0.308437,0.517213,0.126039,0.360404,0.513589,-0.061631,0.291882,0.633253,0.176358,0.365304,0.656199,-0.01894,0.280214,0.657816,0.176947,0.358503,0.676934,-0.017019,0.320752,0.653867,0.133808,0.395287,0.671102,-0.07183
KG_Lat_1_6.18.26,121,609.0,299.0,0,602.5,276.77,0.9874,606.61,303.06,0.9075,0.389083,0.163144,-0.086647,0.387449,0.148261,-0.077172,0.386581,0.14784,-0.077349,0.385732,0.147432,-0.077306,0.386468,0.147245,-0.099834,0.384792,0.145987,-0.100043,0.382999,0.144551,-0.100121,0.375794,0.146664,-0.020124,0.371727,0.142959,-0.124204,0.383952,0.173289,-0.060819,0.38286,0.172213,-0.092144,0.359056,0.211156,0.061386,0.338656,0.178697,-0.152673,0.335593,0.253244,0.175794,0.288012,0.193296,-0.25615,0.348931,0.30952,0.208368,0.315943,0.280613,-0.332289,0.348002,0.325579,0.215219,0.315835,0.306412,-0.365375,0.350242,0.32375,0.192882,0.323092,0.306452,-0.3567,0.349739,0.314844,0.200279,0.323362,0.299299,-0.330781,0.32745,0.383075,0.072695,0.320313,0.382583,-0.07278,0.308422,0.517073,0.12856,0.362446,0.512369,-0.064355,0.291864,0.633251,0.183235,0.365548,0.655434,-0.024714,0.280147,0.657955,0.184193,0.358514,0.675733,-0.02293,0.320765,0.653856,0.141279,0.395269,0.671243,-0.078387
KG_Lat_1_6.18.26,122,608.3,300.77,0,606.15,277.46,0.9875,608.3,300.77,0.8963,0.392968,0.165696,-0.09316,0.391324,0.1501,-0.083369,0.390377,0.149672,-0.083548,0.389419,0.149237,-0.083502,0.39037,0.149075,-0.10556,0.38861,0.147808,-0.105762,0.386686,0.146397,-0.105831,0.379045,0.148419,-0.024656,0.375123,0.144916,-0.126357,0.387476,0.17566,-0.066813,0.386397,0.174631,-0.097446,0.362533,0.2128,0.055352,0.341029,0.179933,-0.152073,0.349513,0.255512,0.143911,0.29151,0.191314,-0.252081,0.351813,0.311529,0.151808,0.316822,0.278491,-0.325374,0.351196,0.327557,0.152003,0.316161,0.302967,-0.357591,0.351693,0.324827,0.130249,0.323233,0.305118,-0.347732,0.351554,0.316087,0.143145,0.323494,0.297987,-0.323004,0.327945,0.383073,0.071349,0.32036,0.382304,-0.071435,0.308416,0.516567,0.125237,0.36362,0.509768,-0.064395,0.291819,0.633031,0.1799,0.366409,0.653618,-0.016943,0.280145,0.657864,0.18069,0.358786,0.673039,-0.014413,0.320674,0.65385,0.134349,0.395265,0.671184,-0.070061
KG_Lat_1_6.18.26,123,610.46,299.81,0,612.48,280.53,0.9886,610.46,299.81,0.8807,0.395068,0.167437,-0.098511,0.393594,0.151676,-0.088865,0.39269,0.151272,-0.089047,0.391802,0.150856,-0.089009,0.392513,0.150581,-0.111091,0.390757,0.149398,-0.111287,0.388942,0.148198,-0.111351,0.381342,0.150528,-0.029945,0.377265,0.147426,-0.131401,0.389796,0.177704,-0.072086,0.388704,0.17679,-0.102711,0.365279,0.213229,0.050593,0.342641,0.180185,-0.15403,0.354665,0.256871,0.139798,0.29314,0.190447,-0.250408,0.353049,0.311231,0.151999,0.317947,0.277602,-0.321328,0.352814,0.327706,0.152814,0.316566,0.302936,-0.353798,0.352898,0.324849,0.130972,0.323374,0.304953,-0.345876,0.35303,0.316356,0.143437,0.323562,0.297866,-0.31982,0.328477,0.38307,0.070635,0.320164,0.38183,-0.070719,0.308419,0.516545,0.123424,0.365575,0.508579,-0.065756,0.291777,0.63304,0.179715,0.367173,0.653486,-0.019663,0.280074,0.657867,0.180774,0.359423,0.673324,-0.017163,0.320763,0.653986,0.135163,0.396262,0.671154,-0.071782
KG_Lat_1_6.18.26,124,613.17,299.85,0,614.82,277.15,0.987,613.17,299.85,0.8625,0.397967,0.168556,-0.101898,0.395978,0.152807,-0.092831,0.395045,0.152377,-0.093026,0.394107,0.15193,-0.092996,0.395022,0.151933,-0.114268,0.393379,0.150929,-0.114465,0.391649,0.149951,-0.114541,0.382964,0.152046,-0.036951,0.37969,0.149943,-0.134314,0.392899,0.179107,-0.076645,0.392071,0.178287,-0.106107,0.367383,0.214303,0.038764,0.344303,0.182018,-0.1542,0.35375,0.25682,0.131301,0.294846,0.190201,-0.248589,0.353699,0.311002,0.155116,0.319362,0.27764,-0.317626,0.354344,0.327688,0.157684,0.317911,0.302682,-0.350296,0.354335,0.325098,0.135773,0.324399,0.304171,-0.341917,0.354803,0.316818,0.146774,0.324237,0.297212,-0.316017,0.329549,0.383566,0.066727,0.320197,0.382148,-0.066818,0.308363,0.516638,0.117774,0.366803,0.508314,-0.057333,0.291761,0.633,0.173088,0.367442,0.648815,0.003124,0.280027,0.657697,0.174089,0.359908,0.668746,0.007239,0.32078,0.654157,0.127814,0.396221,0.671843,-0.04312
KG_Lat_1_6.18.26,125,616.42,300.01,0,616.95,273.72,0.9887,616.42,300.01,0.8474,0.400258,0.171294,-0.103379,0.398588,0.155864,-0.094481,0.397725,0.155472,-0.094674,0.396905,0.155062,-0.09464,0.397645,0.154912,-0.115501,0.396029,0.15388,-0.115701,0.394341,0.152868,-0.11578,0.386779,0.154738,-0.038655,0.382972,0.152256,-0.134442,0.394741,0.181565,-0.07812,0.393845,0.180637,-0.107094,0.369896,0.215135,0.038354,0.347316,0.183054,-0.154473,0.349506,0.256725,0.129454,0.298657,0.189608,-0.24884,0.354485,0.310924,0.154012,0.321053,0.27779,-0.318156,0.354027,0.327683,0.156725,0.319254,0.302813,-0.350378,0.355327,0.325038,0.134509,0.325848,0.304156,-0.34271,0.355798,0.317609,0.145607,0.32552,0.297202,-0.316975,0.329948,0.383757,0.065849,0.320168,0.382043,-0.065939,0.308396,0.516634,0.118334,0.368434,0.507832,-0.058928,0.291749,0.632814,0.17596,0.3678,0.646133,-0.002424,0.280018,0.657061,0.177214,0.359908,0.665641,0.00125,0.320776,0.654216,0.132109,0.396422,0.672071,-0.049791
KG_Lat_1_6.18.26,126,618.69,300.1,0,619.84,274.41,0.9872,618.69,300.1,0.8336,0.403091,0.175129,-0.097648,0.401679,0.159393,-0.08876,0.400752,0.158972,-0.088947,0.399859,0.158555,-0.088909,0.400763,0.158396,-0.11013,0.399113,0.157324,-0.110335,0.397407,0.1563,-0.110417,0.389456,0.157763,-0.033803,0.38571,0.155393,-0.131061,0.397604,0.185245,-0.072592,0.39667,0.184139,-0.102015,0.37136,0.217973,0.04186,0.350956,0.184901,-0.154323,0.348788,0.252315,0.133868,0.301622,0.189559,-0.247265,0.355312,0.310832,0.155659,0.322234,0.277873,-0.311841,0.354319,0.326222,0.157428,0.319925,0.303051,-0.341223,0.35644,0.324919,0.135773,0.325918,0.304514,-0.334405,0.35569,0.317532,0.146544,0.326112,0.297221,-0.310925,0.330548,0.384051,0.064302,0.321092,0.382068,-0.064401,0.308396,0.516496,0.104233,0.368773,0.507113,-0.060579,0.291747,0.632811,0.14597,0.368593,0.644251,-0.011939,0.280007,0.657191,0.145646,0.360067,0.66323,-0.009071,0.320852,0.654219,0.100897,0.397865,0.672391,-0.058043
KG_Lat_1_6.18.26,127,621.78,300.19,0,622.55,270.96,0.9887,621.78,300.19,0.822,0.406829,0.178397,-0.094595,0.405367,0.162825,-0.085634,0.404399,0.162353,-0.085817,0.403439,0.161885,-0.085778,0.404562,0.1619,-0.107216,0.402891,0.160777,-0.107424,0.401084,0.159657,-0.107507,0.392739,0.160658,-0.030491,0.388892,0.158307,-0.129219,0.401274,0.188289,-0.069483,0.400336,0.187042,-0.099192,0.374765,0.220861,0.046452,0.353402,0.186299,-0.153366,0.348911,0.252337,0.138076,0.304128,0.188916,-0.244202,0.356391,0.310806,0.160041,0.323842,0.277951,-0.307796,0.35519,0.325719,0.163175,0.321038,0.302968,-0.336866,0.356389,0.324899,0.141495,0.326373,0.304351,-0.330288,0.355941,0.317652,0.151477,0.326902,0.297166,-0.306943,0.331344,0.384384,0.06464,0.321265,0.381928,-0.064735,0.308466,0.516478,0.103161,0.369771,0.506198,-0.066224,0.291736,0.632812,0.141897,0.369349,0.644864,-0.02382,0.279988,0.657165,0.141158,0.36026,0.663863,-0.021059,0.320877,0.65424,0.094993,0.398879,0.673375,-0.059514
KG_Lat_1_6.18.26,128,626.4,300.31,0,628.23,282.61,0.9916,626.4,300.31,0.828,0.409841,0.179944,-0.096235,0.407925,0.165017,-0.086886,0.407121,0.164711,-0.087069,0.406339,0.164428,-0.087026,0.406749,0.163911,-0.107936,0.405039,0.162909,-0.108143,0.403264,0.161956,-0.108226,0.396095,0.163964,-0.031349,0.391282,0.161006,-0.128121,0.404819,0.190815,-0.071286,0.403629,0.189569,-0.100243,0.378572,0.226584,0.044506,0.357697,0.188219,-0.152971,0.354422,0.25585,0.135871,0.307414,0.188977,-0.243163,0.359026,0.313134,0.161034,0.326248,0.278069,-0.307778,0.358469,0.329959,0.164706,0.322265,0.303134,-0.336874,0.358705,0.328404,0.142462,0.327133,0.304731,-0.330298,0.359195,0.321093,0.152513,0.328348,0.297405,-0.306825,0.332307,0.385513,0.064263,0.322562,0.382102,-0.064349,0.308573,0.516017,0.110977,0.369971,0.50647,-0.066494,0.291624,0.632802,0.160037,0.370202,0.644929,-0.025841,0.279893,0.657161,0.160419,0.360726,0.664316,-0.023494,0.320944,0.654264,0.116669,0.399897,0.673353,-0.069614
KG_Lat_1_6.18.26,129,629.37,300.67,0,633.57,285.2,0.9927,629.37,300.67,0.8433,0.411023,0.185036,-0.096717,0.409806,0.170297,-0.087292,0.409217,0.170058,-0.087473,0.40868,0.169889,-0.087423,0.408431,0.16909,-0.108197,0.406843,0.168058,-0.108401,0.405167,0.166959,-0.108484,0.39921,0.16879,-0.031478,0.393718,0.16497,-0.127614,0.406063,0.195914,-0.07167,0.404576,0.194052,-0.100517,0.379784,0.229042,0.046267,0.361408,0.191045,-0.15243,0.358747,0.260325,0.138467,0.311559,0.189018,-0.246937,0.361805,0.316057,0.186022,0.327795,0.278399,-0.324297,0.360823,0.33398,0.193723,0.322764,0.303831,-0.357318,0.360905,0.333098,0.169779,0.327792,0.307335,-0.350152,0.362138,0.325559,0.177582,0.329575,0.299108,-0.323629,0.332662,0.387041,0.064262,0.324552,0.382871,-0.064355,0.308742,0.515601,0.114468,0.370263,0.506215,-0.052454,0.291485,0.63288,0.168462,0.370336,0.643781,-0.003644,0.279888,0.657159,0.16932,0.360889,0.66328,-0.000326,0.320994,0.654382,0.126734,0.400264,0.673,-0.043185
KG_Lat_1_6.18.26,130,633.72,301.07,0,634.43,284.9,0.993,633.72,301.07,0.8553,0.414045,0.189242,-0.095298,0.413003,0.174133,-0.085883,0.412313,0.173857,-0.086063,0.411651,0.173652,-0.086012,0.411803,0.172808,-0.10708,0.410261,0.171698,-0.107286,0.408637,0.170518,-0.10737,0.401841,0.17172,-0.030314,0.396807,0.167884,-0.127436,0.408682,0.199425,-0.070316,0.407375,0.197533,-0.099599,0.382549,0.230094,0.048193,0.364688,0.193742,-0.153139,0.362129,0.262733,0.146247,0.314887,0.189234,-0.254295,0.364667,0.317175,0.202023,0.330061,0.278764,-0.334243,0.363782,0.33393,0.211479,0.324962,0.30401,-0.368096,0.363595,0.333369,0.187613,0.330594,0.307573,-0.359321,0.364304,0.327725,0.193846,0.332149,0.299686,-0.33301,0.333558,0.388505,0.064632,0.326587,0.384231,-0.064723,0.308894,0.515598,0.12057,0.371045,0.506399,-0.054467,0.291486,0.632752,0.17131,0.370881,0.644077,-0.012478,0.279941,0.656862,0.171796,0.361248,0.663557,-0.010087,0.32133,0.654369,0.135029,0.401104,0.672966,-0.057094
KG_Lat_1_6.18.26,131,639.72,302.4,0,641.94,287.82,0.9886,639.72,302.4,0.8607,0.419509,0.188664,-0.09533,0.417568,0.174656,-0.085639,0.416743,0.17435,-0.085818,0.415925,0.174083,-0.085762,0.416425,0.173573,-0.10685,0.414836,0.172657,-0.107062,0.413171,0.171724,-0.107148,0.405587,0.173208,-0.029449,0.401197,0.170432,-0.126872,0.4145,0.199593,-0.070158,0.413395,0.197849,-0.099386,0.388199,0.234702,0.049577,0.367829,0.196051,-0.153111,0.364615,0.264526,0.145421,0.318426,0.189643,-0.24756,0.365699,0.320763,0.18862,0.333185,0.279996,-0.323422,0.363023,0.337619,0.196082,0.328303,0.305691,-0.35729,0.362996,0.337141,0.170897,0.333785,0.308938,-0.349631,0.364006,0.330585,0.179748,0.335406,0.301732,-0.322444,0.33528,0.389032,0.064837,0.327442,0.384211,-0.064925,0.309342,0.515538,0.112845,0.372121,0.506577,-0.057214,0.29147,0.632834,0.152222,0.371064,0.64309,-0.017807,0.279921,0.657019,0.151447,0.361859,0.663414,-0.015821,0.32146,0.654408,0.107796,0.401234,0.672717,-0.066222
KG_Lat_1_6.18.26,132,646.35,304.94,0,645.94,295.61,0.9895,646.35,304.94,0.8694,0.422667,0.191386,-0.103237,0.420812,0.178282,-0.093239,0.420114,0.177952,-0.093418,0.419477,0.177628,-0.093359,0.419477,0.177264,-0.114352,0.417878,0.176305,-0.114561,0.416156,0.175251,-0.114647,0.409708,0.175968,-0.035308,0.404386,0.174015,-0.131712,0.417624,0.202172,-0.077522,0.416207,0.200664,-0.106577,0.390322,0.23438,0.045788,0.372838,0.199751,-0.157193,0.370807,0.267069,0.14415,0.322465,0.190286,-0.251364,0.368336,0.322201,0.18618,0.336638,0.282348,-0.323206,0.366914,0.338135,0.192542,0.332185,0.307403,-0.356475,0.366901,0.33772,0.168571,0.337707,0.311073,-0.348727,0.367652,0.332656,0.17761,0.339671,0.303377,-0.322101,0.336663,0.390688,0.065037,0.330398,0.386615,-0.065125,0.309662,0.515911,0.114961,0.372078,0.50677,-0.041481,0.291498,0.632703,0.16238,0.370991,0.640723,0.020293,0.279899,0.656837,0.162619,0.361843,0.661762,0.024895,0.321457,0.654494,0.119408,0.401015,0.672263,-0.017643
KG_Lat_1_6.18.26,133,651.83,307.54,0,646.58,300.38,0.9931,651.83,307.54,0.86,0.4269,0.190398,-0.111124,0.424852,0.178024,-0.100275,0.424172,0.177776,-0.100463,0.423575,0.1775,-0.1004,0.423412,0.176979,-0.121629,0.42169,0.176051,-0.121846,0.419807,0.174984,-0.121945,0.414232,0.17694,-0.040484,0.408214,0.174635,-0.137622,0.42174,0.201203,-0.085033,0.420194,0.199746,-0.114416,0.396432,0.236839,0.040978,0.374974,0.201572,-0.162124,0.379526,0.271879,0.144594,0.327168,0.191344,-0.249984,0.370414,0.324962,0.191447,0.339496,0.284759,-0.293922,0.367157,0.341489,0.200532,0.336538,0.309977,-0.322765,0.367248,0.341352,0.177071,0.342987,0.312884,-0.314132,0.368433,0.334948,0.183445,0.343685,0.304952,-0.2917,0.339572,0.392028,0.065097,0.33062,0.386995,-0.065188,0.310415,0.515958,0.138667,0.373371,0.506793,-0.038783,0.291552,0.632703,0.19458,0.371497,0.640889,0.017835,0.279899,0.656411,0.195735,0.362474,0.662242,0.021902,0.321457,0.654706,0.153212,0.401568,0.672242,-0.023275
KG_Lat_1_6.18.26,134,658.84,309.88,0,653.27,304.27,0.9875,658.84,309.88,0.8709,0.430809,0.192093,-0.115014,0.428709,0.179831,-0.103624,0.427887,0.179602,-0.103805,0.427101,0.179349,-0.103745,0.427577,0.178894,-0.125314,0.425817,0.177973,-0.125525,0.423795,0.17684,-0.125617,0.41748,0.179225,-0.041363,0.412057,0.17643,-0.140201,0.42484,0.203186,-0.087984,0.423449,0.20183,-0.117861,0.398377,0.237587,0.043172,0.380307,0.207603,-0.165905,0.38148,0.273612,0.155892,0.331451,0.191915,-0.262644,0.373362,0.325676,0.216343,0.343148,0.28693,-0.330924,0.370438,0.341091,0.22758,0.339909,0.312009,-0.364942,0.370317,0.341003,0.202569,0.347643,0.315057,-0.355175,0.372772,0.337573,0.207991,0.3478,0.307032,-0.328998,0.341092,0.393347,0.065881,0.333203,0.388791,-0.065976,0.311485,0.516503,0.144774,0.373946,0.507387,-0.029879,0.291615,0.632702,0.207994,0.371958,0.641472,0.034833,0.279871,0.656314,0.21016,0.36244,0.662199,0.039903,0.321457,0.6547,0.172662,0.401386,0.67237,0.000158
KG_Lat_1_6.18.26,135,663.44,313.66,0,659.18,305.83,0.9911,663.44,313.66,0.8775,0.434263,0.193869,-0.110215,0.432477,0.181438,-0.099092,0.431807,0.181219,-0.099269,0.43117,0.181013,-0.099209,0.431226,0.180499,-0.121162,0.429565,0.179596,-0.121376,0.427739,0.178589,-0.121468,0.421515,0.180759,-0.03822,0.415961,0.178919,-0.138564,0.429169,0.204772,-0.083564,0.4276,0.203579,-0.114006,0.400565,0.23883,0.044661,0.38521,0.211096,-0.167742,0.376489,0.272111,0.157687,0.336462,0.195689,-0.262848,0.372222,0.325025,0.210787,0.345541,0.290428,-0.328063,0.369539,0.340278,0.221109,0.340871,0.315512,-0.361587,0.371497,0.341371,0.195745,0.347075,0.31868,-0.352537,0.372601,0.337974,0.201963,0.348555,0.310746,-0.326336,0.34246,0.394751,0.067617,0.33589,0.390612,-0.067706,0.312928,0.516834,0.14286,0.375084,0.507834,-0.036758,0.291689,0.632664,0.201872,0.372096,0.641583,0.01833,0.279872,0.656191,0.203666,0.362395,0.662558,0.022272,0.321415,0.65481,0.164698,0.401108,0.672766,-0.018788
KG_Lat_1_6.18.26,136,665.88,320.8,0,664.57,309.49,0.9916,665.88,320.8,0.8869,0.437662,0.198925,-0.095827,0.435858,0.186608,-0.085922,0.435058,0.1862,-0.086082,0.434244,0.185748,-0.086003,0.434958,0.185896,-0.108298,0.43349,0.184957,-0.10851,0.431908,0.183875,-0.108592,0.424108,0.184007,-0.033163,0.420113,0.183327,-0.13472,0.431991,0.209472,-0.07246,0.430867,0.208292,-0.1032,0.401037,0.238483,0.047899,0.39067,0.212888,-0.16491,0.380099,0.271759,0.155599,0.340185,0.200037,-0.253335,0.373467,0.326454,0.195997,0.346812,0.297034,-0.299301,0.370914,0.346881,0.204978,0.340947,0.322014,-0.330746,0.373487,0.343874,0.177968,0.346408,0.325624,-0.32342,0.374284,0.340168,0.18596,0.348618,0.318611,-0.297775,0.344633,0.395055,0.068044,0.340516,0.39117,-0.068142,0.315451,0.51694,0.140794,0.378573,0.510668,-0.032313,0.292008,0.632658,0.199593,0.372074,0.641794,0.032471,0.280102,0.655851,0.201584,0.362358,0.662857,0.037497,0.321469,0.654925,0.16066,0.400769,0.672752,0.002858
KG_Lat_1_6.18.26,137,671.65,327.03,0,672.86,324.0,0.9914,671.65,327.03,0.8973,0.441576,0.200445,-0.095074,0.439693,0.188283,-0.08517,0.438986,0.187874,-0.085323,0.43831,0.187441,-0.085236,0.438569,0.187614,-0.107133,0.437023,0.186714,-0.107347,0.435333,0.185647,-0.107426,0.428665,0.18587,-0.032466,0.423446,0.185314,-0.131078,0.436405,0.210482,-0.071634,0.435021,0.209369,-0.101683,0.406996,0.240707,0.053555,0.396359,0.214073,-0.163447,0.385991,0.281749,0.149163,0.34465,0.204413,-0.242875,0.382562,0.342397,0.162129,0.349817,0.30281,-0.293416,0.382227,0.363468,0.166539,0.343441,0.327619,-0.325816,0.383028,0.360713,0.139321,0.348617,0.33143,-0.31961,0.383328,0.355093,0.151229,0.351356,0.324323,-0.29247,0.347838,0.395729,0.068581,0.343985,0.391973,-0.068681,0.316685,0.517286,0.139659,0.379534,0.511886,-0.032715,0.292199,0.632751,0.189246,0.372097,0.642182,0.033369,0.2801,0.655848,0.18998,0.362323,0.662947,0.038232,0.321568,0.65499,0.151023,0.400778,0.672734,-0.000188
KG_Lat_1_6.18.26,138,678.58,332.37,0,680.25,324.26,0.9922,678.58,332.37,0.907,0.445078,0.205108,-0.093585,0.442988,0.192842,-0.083752,0.442144,0.192395,-0.0839,0.441295,0.191936,-0.08381,0.441916,0.192033,-0.105191,0.440265,0.191032,-0.105404,0.438449,0.189875,-0.105474,0.431424,0.190421,-0.031676,0.426568,0.188836,-0.127654,0.439159,0.215099,-0.070339,0.437746,0.214239,-0.099624,0.409717,0.243163,0.057525,0.400758,0.217857,-0.163185,0.389557,0.296041,0.147245,0.349058,0.21202,-0.232453,0.391229,0.358925,0.154311,0.353429,0.307754,-0.282549,0.391146,0.381883,0.158558,0.347017,0.33242,-0.314063,0.391755,0.379837,0.131148,0.351538,0.336709,-0.309699,0.391444,0.373073,0.143334,0.354386,0.330211,-0.282268,0.348862,0.395432,0.069466,0.347507,0.392227,-0.069574,0.319735,0.517422,0.131847,0.383163,0.513855,-0.03769,0.292306,0.632719,0.164477,0.372061,0.6425,0.020356,0.280091,0.65575,0.163276,0.362297,0.663124,0.024954,0.32157,0.655024,0.12306,0.400662,0.672611,-0.013008
KG_Lat_1_6.18.26,139,685.02,337.08,0,683.24,332.61,0.9931,685.02,337.08,0.9154,0.448635,0.207451,-0.082824,0.446459,0.19513,-0.073659,0.445502,0.194625,-0.07381,0.444534,0.194103,-0.073722,0.445596,0.194141,-0.095563,0.444014,0.193001,-0.09578,0.442333,0.191762,-0.095852,0.434358,0.192532,-0.024429,0.429678,0.191134,-0.123032,0.442492,0.217296,-0.060507,0.44125,0.216207,-0.090481,0.413499,0.245162,0.064304,0.404976,0.221291,-0.161981,0.393734,0.298277,0.148965,0.353014,0.21817,-0.231343,0.392065,0.362515,0.160072,0.356783,0.312108,-0.277524,0.389062,0.382717,0.165316,0.350422,0.3372,-0.309091,0.38979,0.381751,0.138424,0.355259,0.341358,-0.303642,0.390368,0.375478,0.149493,0.3574,0.33446,-0.276706,0.350968,0.396281,0.071909,0.351199,0.39449,-0.072018,0.323727,0.518487,0.13853,0.386197,0.517155,-0.039071,0.292602,0.632296,0.174497,0.372065,0.642754,0.028059,0.280164,0.65551,0.17333,0.362282,0.663242,0.033639,0.321569,0.655144,0.139755,0.400565,0.672468,0.00114
KG_Lat_1_6.18.26,140,691.05,345.72,0,684.7,334.57,0.9908,691.05,345.72,0.9221,0.452763,0.205158,-0.066465,0.449037,0.192725,-0.057111,0.447709,0.192259,-0.057246,0.446394,0.191781,-0.057157,0.448526,0.191831,-0.081088,0.446881,0.190856,-0.081314,0.445204,0.189823,-0.081393,0.436835,0.190807,-0.008237,0.433519,0.190949,-0.116414,0.44682,0.215775,-0.044177,0.44586,0.214546,-0.076794,0.414923,0.24515,0.079761,0.409567,0.225689,-0.162681,0.386796,0.292121,0.146159,0.356695,0.226282,-0.228814,0.385583,0.355506,0.126403,0.35992,0.320114,-0.252361,0.382998,0.378288,0.127872,0.354197,0.345212,-0.280892,0.384589,0.375766,0.101767,0.360698,0.348488,-0.274697,0.385881,0.368471,0.11489,0.362606,0.341919,-0.250315,0.35429,0.396532,0.077235,0.355461,0.396595,-0.07734,0.32823,0.520574,0.134696,0.38957,0.518272,-0.041444,0.293164,0.631555,0.162624,0.372064,0.642883,0.021183,0.28023,0.65407,0.161308,0.362262,0.663031,0.026141,0.321596,0.655177,0.128575,0.400472,0.672196,-0.004542
KG_Lat_1_6.18.26,141,696.98,352.88,0,695.06,356.75,0.9881,696.98,352.88,0.9259,0.456529,0.203293,-0.061435,0.452199,0.190628,-0.051374,0.450634,0.190217,-0.051508,0.44902,0.189791,-0.051426,0.451841,0.189809,-0.07528,0.450064,0.188962,-0.075505,0.448172,0.188066,-0.075588,0.439536,0.189608,0.000455,0.436677,0.190318,-0.107922,0.450346,0.214625,-0.03818,0.449492,0.213274,-0.070673,0.419589,0.245958,0.088116,0.413657,0.228057,-0.160761,0.387967,0.290922,0.143007,0.360624,0.233336,-0.219038,0.386091,0.355394,0.10656,0.363011,0.326739,-0.240557,0.384168,0.375803,0.105068,0.358376,0.352319,-0.269205,0.385724,0.375218,0.079759,0.365442,0.35484,-0.263525,0.387218,0.367568,0.094923,0.367454,0.348156,-0.238727,0.358589,0.396725,0.079023,0.358455,0.396106,-0.079106,0.33402,0.522043,0.126427,0.392037,0.519435,-0.050478,0.29454,0.630415,0.154679,0.372195,0.64306,0.002674,0.280995,0.650682,0.153231,0.362408,0.663023,0.006417,0.322145,0.655311,0.114958,0.400399,0.672166,-0.024049
KG_Lat_1_6.18.26,142,697.76,353.98,0,697.76,353.98,0.9871,706.48,363.61,0.9315,0.461665,0.201683,-0.062194,0.456515,0.189104,-0.052536,0.454969,0.188842,-0.052672,0.453461,0.188546,-0.05259,0.45611,0.188303,-0.075594,0.454344,0.187613,-0.075819,0.452528,0.186918,-0.075896,0.443915,0.189658,-0.0019,0.442278,0.189663,-0.1066,0.455286,0.213157,-0.039432,0.454565,0.211834,-0.070808,0.424305,0.246607,0.086661,0.419954,0.23063,-0.160376,0.393468,0.301227,0.142989,0.367697,0.241535,-0.213393,0.389538,0.360666,0.115935,0.36796,0.336671,-0.231843,0.384853,0.380917,0.116384,0.364056,0.363509,-0.259714,0.389705,0.380023,0.091324,0.371956,0.365951,-0.254415,0.390731,0.373776,0.104854,0.374523,0.359228,-0.23009,0.36124,0.396733,0.079593,0.363401,0.397391,-0.079681,0.34085,0.523892,0.126778,0.394779,0.521454,-0.037604,0.297298,0.628142,0.160608,0.372414,0.643141,0.028343,0.282178,0.645035,0.159706,0.362576,0.662947,0.033652,0.322745,0.655424,0.121918,0.400799,0.672079,0.00413
KG_Lat_1_6.18.26,143,707.83,374.52,0,707.83,374.52,0.9864,718.5,379.23,0.938,0.463012,0.200507,-0.05837,0.457528,0.187846,-0.047967,0.456083,0.187665,-0.0481,0.454697,0.187463,-0.048022,0.457354,0.187063,-0.071029,0.455816,0.186475,-0.071257,0.454241,0.185886,-0.071334,0.445182,0.188544,0.004142,0.443127,0.188812,-0.100195,0.457006,0.212235,-0.035434,0.45634,0.210779,-0.066734,0.430039,0.251083,0.093392,0.425145,0.231998,-0.15544,0.400584,0.319713,0.136277,0.373808,0.250199,-0.208084,0.403971,0.374811,0.077116,0.374218,0.351136,-0.238391,0.408265,0.396924,0.072268,0.368326,0.374026,-0.268821,0.404344,0.388674,0.045899,0.378578,0.376038,-0.264394,0.405514,0.383583,0.064382,0.379653,0.368804,-0.237307,0.365227,0.397265,0.079998,0.367695,0.397558,-0.08007,0.353404,0.525843,0.125812,0.397374,0.524177,-0.056542,0.302457,0.624039,0.162354,0.372482,0.643176,0.008831,0.285675,0.635594,0.161735,0.362626,0.66295,0.014705,0.323616,0.655932,0.125182,0.400726,0.672356,0.000541
KG_Lat_1_6.18.26,144,719.14,379.33,0,719.14,379.33,0.9879,728.25,387.6,0.9385,0.466178,0.200285,-0.064732,0.460657,0.188183,-0.054046,0.458967,0.188161,-0.054186,0.457316,0.188063,-0.05411,0.460646,0.187535,-0.077154,0.459016,0.187206,-0.077373,0.457352,0.186794,-0.077444,0.447702,0.189032,0.001357,0.445884,0.190067,-0.103755,0.460074,0.211636,-0.040744,0.458783,0.210904,-0.072123,0.43307,0.25149,0.090145,0.427539,0.236161,-0.155445,0.405738,0.323273,0.11358,0.381117,0.264062,-0.211356,0.408519,0.376347,0.028734,0.379299,0.358888,-0.234776,0.409318,0.396349,0.0197,0.37474,0.382897,-0.264188,0.409424,0.393336,-0.004895,0.383234,0.383524,-0.260423,0.410736,0.386799,0.016049,0.383879,0.37601,-0.233835,0.370956,0.398693,0.081148,0.371554,0.400511,-0.08121,0.364223,0.52799,0.126161,0.399387,0.52699,-0.062504,0.308576,0.618065,0.164941,0.372499,0.643194,-0.003206,0.291271,0.622801,0.164574,0.362623,0.662499,0.001666,0.324167,0.656045,0.126958,0.400174,0.673306,-0.02364
KG_Lat_1_6.18.26,145,719.11,389.3,0,719.11,389.3,0.9896,725.63,390.15,0.943,0.469409,0.20067,-0.06588,0.464303,0.188742,-0.056098,0.462373,0.188736,-0.056261,0.460524,0.188749,-0.056192,0.464171,0.188214,-0.079169,0.461658,0.187746,-0.079403,0.459407,0.187385,-0.079497,0.450056,0.189631,-0.00196,0.44849,0.189809,-0.106627,0.461856,0.211756,-0.041842,0.46124,0.211163,-0.073597,0.436285,0.252133,0.08444,0.430099,0.240586,-0.157818,0.413016,0.326295,0.107239,0.386517,0.274135,-0.216704,0.416081,0.384211,0.036234,0.377933,0.361249,-0.248982,0.416043,0.404658,0.028627,0.372885,0.385749,-0.279561,0.417348,0.401601,0.003047,0.379437,0.389459,-0.275695,0.417463,0.39738,0.023434,0.381315,0.383309,-0.248449,0.378968,0.401629,0.080648,0.376843,0.402968,-0.080715,0.375953,0.528823,0.127354,0.402521,0.528683,-0.052594,0.316017,0.609285,0.183838,0.373269,0.64531,0.021606,0.300255,0.610624,0.185697,0.362958,0.66254,0.02753,0.326333,0.656045,0.148973,0.400146,0.675023,-0.007463
KG_Lat_1_6.18.26,146,725.73,403.57,0,725.73,403.57,0.9951,726.5,399.36,0.9478,0.470731,0.200327,-0.068318,0.465717,0.188154,-0.056363,0.463689,0.188072,-0.056559,0.462019,0.188061,-0.056503,0.465329,0.187595,-0.07928,0.463312,0.187291,-0.079547,0.461319,0.187026,-0.079688,0.452454,0.189399,-0.004794,0.45143,0.189528,-0.108535,0.464077,0.211302,-0.043251,0.463484,0.210878,-0.074639,0.441819,0.25519,0.08163,0.433636,0.241779,-0.15923,0.419728,0.334385,0.100087,0.390767,0.283011,-0.226776,0.426624,0.396298,0.025901,0.378386,0.36978,-0.275124,0.426836,0.415041,0.017285,0.372131,0.395717,-0.312309,0.428602,0.412339,-0.009447,0.378115,0.399339,-0.311873,0.428433,0.408178,0.012484,0.380359,0.392129,-0.277138,0.385564,0.403472,0.080525,0.381934,0.40385,-0.080584,0.386473,0.528852,0.127492,0.405484,0.528341,-0.057146,0.326753,0.602832,0.185559,0.373232,0.645106,0.019439,0.310737,0.604187,0.187378,0.363129,0.660912,0.025471,0.333395,0.654179,0.150661,0.399122,0.67436,-0.01103
KG_Lat_1_6.18.26,147,732.03,407.77,0,732.03,407.77,0.9956,737.25,411.84,0.953,0.471776,0.198874,-0.076799,0.466638,0.186999,-0.064924,0.464644,0.187057,-0.065084,0.463167,0.187346,-0.065023,0.466287,0.186753,-0.087763,0.464107,0.186788,-0.087973,0.462131,0.186936,-0.088063,0.454485,0.188545,-0.01109,0.452741,0.188511,-0.114052,0.466293,0.211139,-0.052747,0.465519,0.210495,-0.083584,0.443886,0.254832,0.080181,0.437838,0.241987,-0.168208,0.424016,0.335586,0.105705,0.398058,0.293415,-0.236996,0.434483,0.40224,0.051816,0.383984,0.381338,-0.289512,0.438398,0.42191,0.04786,0.376307,0.407632,-0.327573,0.440209,0.419917,0.019329,0.382633,0.412658,-0.326255,0.438345,0.414557,0.038447,0.385834,0.40522,-0.291299,0.391462,0.40514,0.080602,0.388335,0.405096,-0.080658,0.398814,0.52896,0.134389,0.407828,0.529133,-0.056583,0.338329,0.59994,0.203087,0.374002,0.645057,0.017543,0.324287,0.603948,0.205839,0.363508,0.660838,0.022902,0.349518,0.653787,0.168889,0.397142,0.674286,-0.016051
KG_Lat_1_6.18.26,148,745.72,429.67,0,745.72,429.67,0.9954,750.09,427.27,0.9577,0.473489,0.19603,-0.084044,0.468724,0.184347,-0.072761,0.467316,0.184763,-0.072909,0.465607,0.185064,-0.072854,0.468588,0.184354,-0.094306,0.466726,0.184643,-0.094496,0.465249,0.185185,-0.094571,0.458214,0.18845,-0.018485,0.456397,0.188088,-0.116229,0.468256,0.209251,-0.060808,0.467641,0.208759,-0.089908,0.445682,0.253853,0.072749,0.441012,0.242454,-0.168415,0.427059,0.339266,0.100837,0.405712,0.306544,-0.234162,0.443218,0.401616,0.044628,0.39067,0.395619,-0.282062,0.449305,0.420795,0.040311,0.383103,0.421529,-0.321427,0.451795,0.418835,0.011861,0.388878,0.424496,-0.323149,0.448786,0.413324,0.031192,0.391959,0.41781,-0.285956,0.397497,0.405787,0.080431,0.393081,0.404669,-0.080497,0.404712,0.528661,0.136491,0.411949,0.529749,-0.058123,0.350638,0.600861,0.217703,0.375131,0.642904,0.016221,0.337266,0.604016,0.22191,0.364114,0.656795,0.021695,0.361649,0.653761,0.186589,0.392471,0.684963,-0.01864
KG_Lat_1_6.18.26,149,763.66,433.36,0,763.66,433.36,0.9952,764.01,442.11,0.9619,0.476932,0.194789,-0.083387,0.47146,0.181797,-0.072748,0.470254,0.18225,-0.072895,0.469086,0.182674,-0.072843,0.471578,0.182114,-0.094141,0.470391,0.182627,-0.094326,0.469373,0.183275,-0.094394,0.461836,0.18724,-0.019286,0.461243,0.187567,-0.116441,0.47139,0.207782,-0.060537,0.471016,0.20741,-0.089709,0.447533,0.252701,0.071357,0.445557,0.241494,-0.1678,0.431717,0.341374,0.108879,0.41166,0.315086,-0.22352,0.45248,0.405602,0.064865,0.397922,0.409366,-0.258607,0.458913,0.424032,0.06263,0.391084,0.431149,-0.293731,0.460701,0.423234,0.03309,0.395992,0.437457,-0.29546,0.458545,0.417408,0.051378,0.398885,0.430364,-0.26123,0.403212,0.407095,0.07998,0.396707,0.404469,-0.080047,0.416358,0.528988,0.132146,0.414737,0.531302,-0.057791,0.36545,0.603825,0.212599,0.375518,0.638434,0.017476,0.349818,0.606258,0.217383,0.364091,0.650677,0.023217,0.370869,0.653066,0.184041,0.392967,0.68373,-0.018627
KG_Lat_1_6.18.26,150,783.0,434.08,0,783.0,434.08,0.9952,780.66,443.88,0.9657,0.478013,0.194092,-0.076442,0.472815,0.180214,-0.066909,0.47169,0.180463,-0.06705,0.470669,0.180727,-0.067004,0.473157,0.180872,-0.088772,0.472259,0.181451,-0.088945,0.471489,0.182053,-0.088998,0.462804,0.185815,-0.016042,0.463832,0.186614,-0.114467,0.472158,0.206473,-0.054472,0.472242,0.20618,-0.084081,0.44808,0.251865,0.073524,0.447561,0.240096,-0.166554,0.433633,0.339895,0.112773,0.417707,0.321939,-0.216543,0.462156,0.402007,0.076754,0.406593,0.411001,-0.252047,0.468067,0.421022,0.075296,0.400201,0.434121,-0.286441,0.469959,0.420701,0.045744,0.404497,0.439074,-0.286725,0.467293,0.413818,0.063355,0.407054,0.4323,-0.253934,0.407823,0.406899,0.079713,0.39847,0.403987,-0.079773,0.429831,0.529533,0.120292,0.415261,0.535043,-0.059039,0.377819,0.604831,0.204532,0.37593,0.638527,-0.011752,0.365235,0.609683,0.207411,0.364337,0.651631,-0.009622,0.387359,0.652921,0.172003,0.393427,0.682567,-0.065809
KG_Lat_1_6.18.26,151,809.91,445.79,0,809.91,445.79,0.9937,800.36,456.04,0.9691,0.48054,0.192052,-0.077525,0.475555,0.177281,-0.068644,0.474388,0.177504,-0.068782,0.473305,0.177769,-0.06875,0.475698,0.177858,-0.090662,0.474682,0.178362,-0.090831,0.473764,0.178769,-0.090898,0.465689,0.183307,-0.018292,0.466141,0.183962,-0.117778,0.475288,0.204165,-0.055824,0.475192,0.204149,-0.085591,0.452269,0.251325,0.072433,0.449759,0.239306,-0.168093,0.445445,0.341603,0.115355,0.425126,0.328692,-0.211112,0.475652,0.400416,0.083586,0.416857,0.422256,-0.23871,0.481842,0.417324,0.082185,0.411948,0.443274,-0.272432,0.484295,0.415249,0.054159,0.415966,0.447188,-0.27127,0.481455,0.408751,0.07088,0.418043,0.441133,-0.239923,0.416249,0.409031,0.079467,0.403108,0.405707,-0.079532,0.441489,0.52941,0.121848,0.417943,0.538179,-0.058554,0.394184,0.606639,0.215463,0.377149,0.638394,0.004038,0.382179,0.612562,0.221204,0.36507,0.651354,0.008911,0.407469,0.652959,0.185165,0.39265,0.689406,-0.054517
KG_Lat_1_6.18.26,152,831.86,463.87,0,831.86,463.87,0.9943,822.85,462.98,0.9721,0.481154,0.18566,-0.076249,0.476523,0.171784,-0.067857,0.475211,0.172051,-0.067994,0.474154,0.172527,-0.067959,0.476637,0.172332,-0.090306,0.475697,0.172949,-0.090479,0.47469,0.173323,-0.090554,0.466784,0.179851,-0.018329,0.467236,0.180085,-0.119763,0.476626,0.198673,-0.054978,0.476851,0.198957,-0.085294,0.453976,0.250886,0.072252,0.452783,0.238803,-0.169661,0.452294,0.341205,0.117383,0.437602,0.337824,-0.202365,0.488468,0.396683,0.087311,0.428567,0.428685,-0.212638,0.49571,0.413526,0.084663,0.424884,0.451001,-0.244492,0.499161,0.411188,0.058462,0.427901,0.45429,-0.240251,0.495588,0.404453,0.074558,0.429069,0.447943,-0.212393,0.419496,0.409218,0.079283,0.407767,0.406634,-0.079357,0.455486,0.527022,0.11734,0.420182,0.539031,-0.053236,0.411885,0.607157,0.208191,0.378395,0.637414,0.027356,0.399608,0.613395,0.211656,0.365877,0.650909,0.034301,0.425851,0.652444,0.1789,0.392155,0.684706,-0.017769
KG_Lat_1_6.18.26,153,865.41,457.31,0,865.41,457.31,0.9924,855.68,460.78,0.9747,0.482281,0.178936,-0.082437,0.478163,0.165865,-0.074303,0.47722,0.166334,-0.07444,0.476412,0.16693,-0.074411,0.477984,0.166067,-0.097096,0.476996,0.166612,-0.09727,0.476025,0.166973,-0.097366,0.469783,0.175012,-0.026106,0.469067,0.17412,-0.129114,0.478733,0.192514,-0.061364,0.478624,0.1931,-0.092214,0.458439,0.250531,0.066669,0.455168,0.23782,-0.178005,0.458556,0.338747,0.118824,0.447242,0.336549,-0.200584,0.497234,0.39303,0.089428,0.445667,0.426652,-0.19302,0.504882,0.406997,0.08652,0.444308,0.453178,-0.222165,0.509493,0.405038,0.060942,0.44674,0.455808,-0.218118,0.505991,0.400904,0.076755,0.447314,0.446313,-0.192377,0.425503,0.40867,0.079305,0.411967,0.406574,-0.079358,0.466138,0.518024,0.121768,0.421546,0.540586,-0.039995,0.434331,0.608112,0.233282,0.378767,0.637354,0.059482,0.423115,0.616422,0.240347,0.366011,0.650576,0.068231,0.457524,0.650612,0.2001,0.395835,0.682567,0.020294
KG_Lat_1_6.18.26,154,898.32,461.05,0,898.32,461.05,0.9888,894.0,459.68,0.977,0.486176,0.177923,-0.082246,0.482544,0.164319,-0.07396,0.481552,0.164735,-0.074092,0.480699,0.1653,-0.074073,0.482218,0.16412,-0.096874,0.480966,0.164371,-0.097045,0.479724,0.164502,-0.097153,0.473577,0.172006,-0.025669,0.47156,0.170492,-0.127446,0.481611,0.191147,-0.061304,0.48123,0.191323,-0.091932,0.460894,0.24971,0.071112,0.458098,0.237005,-0.175756,0.470465,0.336567,0.152599,0.455704,0.338718,-0.201413,0.509386,0.382138,0.158784,0.465625,0.425629,-0.197571,0.518839,0.391382,0.167993,0.46633,0.455441,-0.226828,0.523362,0.38768,0.138232,0.470398,0.457594,-0.221836,0.518102,0.382661,0.146801,0.469589,0.447275,-0.196541,0.430257,0.40903,0.080144,0.418292,0.408386,-0.080177,0.476898,0.506782,0.135525,0.424046,0.543661,-0.057045,0.453188,0.608977,0.249362,0.378909,0.637178,0.045011,0.442482,0.620568,0.257069,0.366206,0.649234,0.049206,0.478312,0.645526,0.219571,0.398331,0.681135,0.007591
KG_Lat_1_6.18.26,155,938.65,458.1,0,938.65,458.1,0.9956,929.04,456.58,0.9788,0.490133,0.176374,-0.08135,0.486382,0.162433,-0.071849,0.485277,0.162817,-0.071978,0.484297,0.163332,-0.071962,0.485938,0.162113,-0.095499,0.484443,0.162302,-0.095671,0.482914,0.162422,-0.095799,0.476437,0.169595,-0.01884,0.473856,0.168312,-0.126929,0.485523,0.189797,-0.059318,0.484794,0.189966,-0.091206,0.466615,0.249485,0.081643,0.459883,0.236529,-0.174751,0.48184,0.333909,0.157515,0.468589,0.338578,-0.194549,0.526388,0.361771,0.145569,0.483876,0.422759,-0.17486,0.534266,0.370762,0.152133,0.488508,0.449955,-0.202977,0.536847,0.360733,0.12326,0.491198,0.449836,-0.197481,0.533503,0.357544,0.133439,0.489092,0.441617,-0.17315,0.437494,0.410388,0.082317,0.421622,0.409988,-0.082304,0.488916,0.494792,0.158009,0.427612,0.544479,-0.097245,0.472061,0.608942,0.27432,0.379518,0.637039,-0.024336,0.464345,0.620697,0.281971,0.366981,0.649412,-0.018744,0.502608,0.636132,0.240246,0.398448,0.678416,-0.078056
KG_Lat_1_6.18.26,156,965.45,442.25,0,965.45,442.25,0.9937,968.75,457.15,0.9796,0.491883,0.171176,-0.09092,0.487582,0.1573,-0.080019,0.486634,0.157934,-0.080165,0.485757,0.158622,-0.080142,0.487042,0.156779,-0.104866,0.48554,0.157072,-0.105047,0.484105,0.157396,-0.10518,0.47888,0.16583,-0.021777,0.475599,0.164693,-0.134854,0.488146,0.185254,-0.066043,0.487295,0.186346,-0.099837,0.473225,0.24794,0.080635,0.46337,0.236019,-0.185982,0.491831,0.331927,0.157844,0.479314,0.339812,-0.201871,0.537504,0.337373,0.148659,0.504555,0.423283,-0.185924,0.547594,0.341334,0.155108,0.51052,0.445946,-0.216081,0.551015,0.331064,0.12633,0.51397,0.444845,-0.208157,0.545366,0.326228,0.136586,0.510926,0.438763,-0.18346,0.445076,0.411313,0.085148,0.426706,0.412048,-0.085091,0.499633,0.48939,0.170061,0.429295,0.547278,-0.08122,0.491034,0.606669,0.299669,0.380385,0.63615,0.024184,0.484217,0.621697,0.308633,0.367977,0.648114,0.034398,0.521854,0.626759,0.260793,0.400025,0.677419,-0.03536
KG_Lat_1_6.18.26,157,998.71,429.22,0,998.71,429.22,0.9893,996.87,444.42,0.9813,0.494344,0.171435,-0.090606,0.4907,0.158173,-0.079309,0.489945,0.15877,-0.079458,0.489229,0.159398,-0.079432,0.489906,0.157601,-0.103864,0.488498,0.157857,-0.104048,0.487047,0.158172,-0.104208,0.482485,0.165663,-0.019969,0.478604,0.164679,-0.130925,0.491025,0.185544,-0.065207,0.490091,0.186518,-0.098903,0.480081,0.246717,0.080859,0.468199,0.23565,-0.182104,0.502378,0.330605,0.156648,0.489164,0.334192,-0.186675,0.548582,0.315179,0.148736,0.519203,0.411499,-0.169215,0.559071,0.314003,0.155456,0.527808,0.435204,-0.199095,0.563013,0.306114,0.127092,0.530502,0.439639,-0.189598,0.55616,0.303215,0.137113,0.527432,0.430969,-0.166381,0.453676,0.411692,0.084391,0.434077,0.412879,-0.084365,0.508181,0.483714,0.166628,0.431286,0.548537,-0.083197,0.510496,0.604608,0.280949,0.380258,0.635601,0.009785,0.504546,0.622207,0.288289,0.368113,0.647009,0.01893,0.540264,0.614065,0.239726,0.400183,0.676928,-0.050496
KG_Lat_1_6.18.26,158,1031.51,406.85,0,1031.51,406.85,0.9907,1028.66,442.23,0.9831,0.497523,0.166929,-0.089164,0.492812,0.153326,-0.078455,0.491795,0.153916,-0.078605,0.490857,0.154581,-0.078571,0.492644,0.153058,-0.102623,0.49147,0.153466,-0.102808,0.490279,0.153838,-0.102943,0.483314,0.161297,-0.020677,0.481586,0.161221,-0.13145,0.494056,0.181234,-0.064284,0.494163,0.182382,-0.097433,0.482138,0.240807,0.079788,0.472221,0.235595,-0.181065,0.510946,0.318022,0.154323,0.500675,0.327205,-0.196047,0.556644,0.290582,0.145778,0.535759,0.409474,-0.195998,0.568125,0.278969,0.152497,0.543996,0.425168,-0.228864,0.571189,0.274672,0.123582,0.549778,0.416802,-0.219129,0.56357,0.276176,0.134135,0.545921,0.411277,-0.193437,0.461821,0.411317,0.085366,0.4406,0.412896,-0.085305,0.518792,0.474118,0.188465,0.432618,0.549113,-0.098258,0.528016,0.598182,0.32365,0.380881,0.635041,-0.006569,0.523877,0.620924,0.332856,0.369218,0.646846,0.001747,0.559957,0.601494,0.284494,0.401159,0.676886,-0.066051
KG_Lat_1_6.18.26,159,1056.0,387.0,0,1060.65,378.64,0.9955,1057.6,412.02,0.984,0.503185,0.163587,-0.077308,0.498603,0.150292,-0.068613,0.497402,0.150772,-0.068759,0.496191,0.15127,-0.068714,0.498645,0.150197,-0.093287,0.497475,0.150672,-0.09347,0.496197,0.151066,-0.093589,0.487519,0.157763,-0.016461,0.486725,0.158194,-0.131326,0.499472,0.177355,-0.054356,0.499372,0.178345,-0.088379,0.483688,0.235709,0.082473,0.477052,0.233555,-0.178418,0.517643,0.296078,0.157114,0.513237,0.320254,-0.198539,0.565872,0.264186,0.14971,0.550833,0.381498,-0.187781,0.573445,0.252498,0.156514,0.559782,0.388993,-0.220521,0.577699,0.251912,0.127875,0.564307,0.377966,-0.207801,0.573112,0.253668,0.137988,0.560384,0.375129,-0.184262,0.467707,0.410968,0.085604,0.447123,0.413407,-0.08554,0.528072,0.466148,0.180011,0.433282,0.54818,-0.093269,0.543499,0.589896,0.305918,0.381309,0.635237,-0.007712,0.541225,0.616037,0.314244,0.36942,0.647037,-0.000348,0.577755,0.589214,0.266336,0.401497,0.675254,-0.065773
KG_Lat_1_6.18.26,160,1086.0,364.0,0,1109.74,352.19,0.9779,1081.56,377.78,0.9845,0.508439,0.16299,-0.071842,0.50374,0.149277,-0.062499,0.502359,0.149394,-0.062631,0.501087,0.149608,-0.06257,0.503988,0.149196,-0.08793,0.50279,0.149299,-0.088123,0.501618,0.149363,-0.088245,0.49247,0.154434,-0.007866,0.492596,0.154667,-0.127434,0.503757,0.175746,-0.047912,0.503767,0.176213,-0.082932,0.487175,0.230865,0.090032,0.480919,0.228487,-0.176896,0.526847,0.283632,0.15322,0.520486,0.315585,-0.20135,0.571579,0.257465,0.101255,0.563312,0.349793,-0.194864,0.579958,0.250179,0.102073,0.574366,0.355846,-0.228538,0.58263,0.243757,0.075535,0.576529,0.346489,-0.215016,0.581127,0.25022,0.088828,0.57265,0.345411,-0.190972,0.475907,0.410873,0.085176,0.45432,0.413322,-0.085125,0.538548,0.458844,0.169864,0.435193,0.547214,-0.085748,0.558394,0.581376,0.28098,0.382036,0.632599,0.008905,0.556933,0.607294,0.28858,0.370271,0.643484,0.017771,0.591506,0.578407,0.237139,0.401322,0.674893,-0.056231
KG_Lat_1_6.18.26,161,1100.0,333.0,0,1131.34,301.89,0.9679,1098.94,343.64,0.9856,0.513572,0.161848,-0.062621,0.509011,0.148611,-0.053151,0.507656,0.148554,-0.053288,0.506287,0.148532,-0.053235,0.509113,0.148756,-0.079151,0.507899,0.148816,-0.079335,0.506627,0.148777,-0.079438,0.497589,0.152592,0.001007,0.497671,0.152971,-0.12046,0.508949,0.174236,-0.038823,0.508948,0.174455,-0.074547,0.494215,0.226569,0.093922,0.485303,0.224855,-0.173164,0.537841,0.262281,0.151791,0.52777,0.293356,-0.203151,0.588538,0.234965,0.105444,0.572364,0.318183,-0.204896,0.602493,0.225026,0.107111,0.584325,0.320855,-0.237446,0.601935,0.216425,0.079875,0.585276,0.31155,-0.227026,0.596189,0.221626,0.093109,0.581421,0.311599,-0.201999,0.485583,0.410368,0.084829,0.461548,0.413229,-0.084792,0.547705,0.454316,0.154164,0.436785,0.546131,-0.088361,0.573218,0.573524,0.265283,0.383456,0.631198,0.005018,0.571573,0.600101,0.271957,0.371897,0.643106,0.013045,0.606439,0.570101,0.227809,0.401173,0.673916,-0.061642
KG_Lat_1_6.18.26,162,1118.0,304.0,0,1146.74,270.03,0.982,1130.86,285.11,0.9861,0.517482,0.161061,-0.064995,0.513331,0.148366,-0.055701,0.51204,0.148226,-0.055836,0.510699,0.148099,-0.055771,0.51333,0.148187,-0.081266,0.512153,0.147917,-0.081457,0.510931,0.147529,-0.08156,0.501976,0.151079,-0.001173,0.501773,0.151001,-0.120474,0.513025,0.173391,-0.040932,0.512877,0.173073,-0.076174,0.500215,0.222571,0.091996,0.49109,0.218885,-0.175226,0.547631,0.25402,0.137642,0.541003,0.268682,-0.223901,0.600968,0.251733,0.083552,0.588992,0.263989,-0.220607,0.608796,0.232902,0.086329,0.604075,0.245718,-0.258453,0.611092,0.227595,0.058767,0.598995,0.247937,-0.231955,0.609868,0.23576,0.070842,0.595174,0.254378,-0.212921,0.492517,0.408165,0.084491,0.470141,0.412772,-0.084462,0.557554,0.452904,0.150283,0.439158,0.545219,-0.087786,0.584987,0.567207,0.262769,0.38607,0.628238,0.005694,0.582791,0.593302,0.270242,0.37432,0.639687,0.014342,0.618359,0.56547,0.221343,0.400982,0.671721,-0.058205
KG_Lat_1_6.18.26,163,1130.0,267.0,0,1156.45,234.38,0.9859,1160.58,225.33,0.9865,0.52225,0.161759,-0.066896,0.519038,0.149414,-0.057665,0.517863,0.149078,-0.057801,0.516723,0.148813,-0.057731,0.518683,0.149035,-0.082912,0.517266,0.148426,-0.083107,0.515794,0.147648,-0.083209,0.507817,0.15056,-0.002591,0.506165,0.150071,-0.120967,0.517801,0.173439,-0.042559,0.517384,0.173075,-0.077565,0.507422,0.2217,0.093132,0.495584,0.214772,-0.180516,0.555719,0.24515,0.139527,0.552005,0.24851,-0.248967,0.605074,0.226644,0.090741,0.604468,0.208636,-0.257671,0.619698,0.212162,0.08765,0.621736,0.200779,-0.297733,0.617445,0.205202,0.060179,0.618199,0.181787,-0.271769,0.617445,0.219727,0.078757,0.611594,0.185097,-0.250486,0.502317,0.406848,0.085044,0.477443,0.412455,-0.085013,0.565839,0.452978,0.149934,0.44433,0.543209,-0.10415,0.595656,0.565314,0.267026,0.389297,0.627035,-0.020465,0.592934,0.590317,0.274999,0.377487,0.636787,-0.013558,0.629876,0.565696,0.218054,0.402112,0.671716,-0.094
KG_Lat_1_6.18.26,164,1149.0,231.0,0,1175.4,198.7,0.9742,1179.53,205.13,0.9827,0.526239,0.159924,-0.074162,0.523074,0.148022,-0.064783,0.521926,0.147557,-0.064923,0.520805,0.147145,-0.064836,0.522755,0.147718,-0.092047,0.521419,0.146997,-0.092266,0.520038,0.146138,-0.092399,0.512578,0.148649,-0.005275,0.510967,0.14841,-0.131687,0.522347,0.171387,-0.048045,0.522021,0.171058,-0.085943,0.512153,0.217776,0.090496,0.503148,0.211969,-0.195966,0.563841,0.230653,0.130041,0.566752,0.230466,-0.270635,0.6145,0.19663,0.079106,0.614338,0.189932,-0.280659,0.626888,0.189052,0.081653,0.629982,0.18539,-0.321269,0.626056,0.177314,0.053553,0.627276,0.165223,-0.298593,0.620537,0.182971,0.066152,0.6202,0.167984,-0.274688,0.511379,0.405871,0.085595,0.485038,0.412178,-0.085571,0.574127,0.453576,0.150391,0.450994,0.541762,-0.094597,0.604645,0.563188,0.274224,0.39486,0.622686,-0.003417,0.603105,0.586898,0.282829,0.382352,0.631748,0.006324,0.639272,0.56702,0.221117,0.403583,0.672056,-0.075499
KG_Lat_1_6.18.26,165,1178.0,196.0,0,1179.33,193.51,0.9821,1189.86,185.9,0.9808,0.532104,0.159102,-0.091219,0.529189,0.146871,-0.081657,0.528091,0.146282,-0.081811,0.527037,0.145822,-0.081725,0.528634,0.146466,-0.10863,0.527179,0.145557,-0.108847,0.525676,0.144569,-0.108978,0.51835,0.146813,-0.019611,0.516265,0.146512,-0.144836,0.528091,0.170773,-0.064278,0.527486,0.170206,-0.10177,0.519709,0.216944,0.076987,0.505473,0.208284,-0.20582,0.570465,0.222214,0.113244,0.567343,0.214535,-0.287624,0.621346,0.177353,0.065171,0.619718,0.172129,-0.30794,0.634703,0.173304,0.067789,0.637002,0.172341,-0.350248,0.635162,0.159412,0.039719,0.635028,0.153195,-0.328845,0.629419,0.161484,0.05222,0.627473,0.153506,-0.30283,0.520486,0.403855,0.085268,0.493814,0.411424,-0.085246,0.579862,0.455749,0.157695,0.458811,0.540468,-0.098118,0.613555,0.562228,0.285891,0.403241,0.617332,0.002071,0.611686,0.586748,0.294425,0.391703,0.622435,0.01327,0.646539,0.568139,0.228124,0.405441,0.672739,-0.065426
KG_Lat_1_6.18.26,166,1155.0,169.0,0,1179.22,183.26,0.9911,1164.76,170.18,0.977,0.536057,0.158214,-0.090124,0.532841,0.14614,-0.079608,0.531859,0.145458,-0.079762,0.530988,0.144906,-0.079688,0.531956,0.14575,-0.105925,0.530314,0.144793,-0.10614,0.528653,0.143788,-0.106265,0.522247,0.146239,-0.017693,0.51885,0.14622,-0.13941,0.532433,0.169902,-0.063157,0.531358,0.169445,-0.099739,0.529334,0.215997,0.077098,0.507417,0.204794,-0.197862,0.574063,0.22566,0.119515,0.556526,0.200351,-0.293702,0.61944,0.189982,0.080919,0.606643,0.157571,-0.330667,0.627327,0.171873,0.083567,0.61631,0.145885,-0.371727,0.628916,0.16344,0.054651,0.615655,0.136982,-0.351838,0.627027,0.170122,0.068219,0.613043,0.14407,-0.326303,0.528108,0.401268,0.084518,0.499569,0.410397,-0.084496,0.58576,0.459525,0.154293,0.466287,0.539095,-0.107788,0.623002,0.564029,0.281432,0.410191,0.615337,-0.004322,0.62213,0.587363,0.289331,0.398545,0.616241,0.005691,0.657152,0.573396,0.207222,0.406396,0.6728,-0.06949
KG_Lat_1_6.18.26,167,1144.0,145.0,0,1174.23,158.59,0.9811,1146.63,146.76,0.9707,0.543417,0.154679,-0.106801,0.540226,0.143653,-0.092767,0.53956,0.142957,-0.092942,0.539029,0.142316,-0.092898,0.53852,0.143702,-0.120131,0.536519,0.14304,-0.120347,0.534402,0.142406,-0.12048,0.53042,0.145506,-0.020694,0.523873,0.146364,-0.14681,0.54031,0.16636,-0.07701,0.538236,0.166583,-0.114797,0.543485,0.210168,0.069381,0.507978,0.201643,-0.205072,0.586499,0.20892,0.118781,0.551859,0.185641,-0.332013,0.635581,0.173126,0.08538,0.597201,0.13589,-0.399555,0.649115,0.16832,0.088555,0.608012,0.123456,-0.444793,0.648129,0.151397,0.060611,0.607755,0.118095,-0.426118,0.644626,0.158831,0.072761,0.605008,0.123333,-0.396563,0.537074,0.400085,0.082437,0.505132,0.410359,-0.082419,0.592791,0.463649,0.153598,0.474482,0.538955,-0.100132,0.630905,0.567651,0.275384,0.421838,0.611932,0.031981,0.628917,0.59,0.282769,0.411782,0.608814,0.04431,0.664371,0.579928,0.210393,0.410742,0.672015,-0.028342
KG_Lat_1_6.18.26,168,1136.0,120.0,0,1156.75,140.36,0.9708,1181.97,150.16,0.9622,0.546593,0.154804,-0.107064,0.54382,0.144042,-0.093314,0.543324,0.14354,-0.093497,0.542647,0.143038,-0.09345,0.541593,0.143973,-0.119247,0.539643,0.143433,-0.119462,0.53764,0.142872,-0.119599,0.535447,0.146701,-0.021235,0.528532,0.147211,-0.142457,0.543262,0.166814,-0.077584,0.540913,0.167001,-0.113369,0.546414,0.205255,0.066025,0.514713,0.20155,-0.199131,0.591623,0.199642,0.115324,0.55794,0.177781,-0.309684,0.638276,0.164176,0.081516,0.615607,0.139036,-0.360177,0.650437,0.157003,0.084223,0.625353,0.127345,-0.40311,0.645775,0.152921,0.057437,0.619336,0.112802,-0.38552,0.643249,0.159,0.069257,0.620899,0.124464,-0.357157,0.546715,0.399159,0.078072,0.513492,0.410341,-0.078075,0.599922,0.466034,0.149165,0.482801,0.538911,-0.095165,0.63848,0.570551,0.26953,0.430109,0.612016,0.045641,0.636635,0.59128,0.2764,0.421332,0.608597,0.0582,0.670887,0.584779,0.208705,0.417146,0.671519,-0.007628
KG_Lat_1_6.18.26,169,1132.36,89.45,0,1132.36,89.45,0.9833,1138.0,95.62,0.9533,0.554205,0.15502,-0.101152,0.551249,0.144405,-0.088292,0.550511,0.144069,-0.088465,0.549708,0.143711,-0.088416,0.549549,0.143968,-0.114089,0.547624,0.143421,-0.114299,0.545603,0.142796,-0.114422,0.541748,0.147006,-0.017946,0.536145,0.146566,-0.139875,0.550387,0.166151,-0.072954,0.548288,0.166195,-0.108661,0.550924,0.20605,0.067208,0.518997,0.199578,-0.196462,0.59626,0.199226,0.118893,0.556058,0.151398,-0.336293,0.641755,0.165501,0.086103,0.592707,0.088541,-0.421138,0.655629,0.159982,0.088747,0.599282,0.073742,-0.467617,0.657015,0.151768,0.061186,0.598316,0.070381,-0.45207,0.651883,0.154401,0.073471,0.598337,0.07868,-0.420166,0.554382,0.398767,0.077091,0.521957,0.410251,-0.077104,0.604368,0.467345,0.149961,0.492564,0.538894,-0.094032,0.642583,0.573013,0.269591,0.440287,0.612573,0.04206,0.640402,0.593609,0.276272,0.43194,0.609605,0.053269,0.674323,0.58859,0.209514,0.428237,0.670506,-0.013657
KG_Lat_1_6.18.26,170,1116.97,66.64,0,1116.97,66.64,0.9804,1123.19,66.64,0.9538,0.558307,0.156228,-0.075606,0.554859,0.145269,-0.062748,0.554299,0.144991,-0.062958,0.553617,0.144686,-0.062925,0.552891,0.144812,-0.088051,0.550931,0.144296,-0.088286,0.548884,0.143678,-0.088418,0.546862,0.147818,0.00275,0.540248,0.146982,-0.115433,0.555434,0.167428,-0.048727,0.553163,0.1674,-0.08398,0.55922,0.209451,0.074985,0.52499,0.195419,-0.172058,0.602486,0.203457,0.1357,0.556435,0.125312,-0.300682,0.643185,0.172389,0.118341,0.584994,0.061706,-0.36874,0.657907,0.167052,0.123588,0.592996,0.047454,-0.410993,0.659102,0.161477,0.095736,0.592956,0.046039,-0.394926,0.65323,0.163456,0.105699,0.590694,0.0523,-0.366973,0.563384,0.398401,0.071721,0.529505,0.410165,-0.07178,0.607654,0.471141,0.140128,0.50154,0.539706,-0.090359,0.646577,0.573914,0.254009,0.451302,0.61259,0.064582,0.642945,0.594732,0.260018,0.445291,0.610771,0.077582,0.675832,0.600567,0.196611,0.435707,0.66805,0.022086
KG_Lat_1_6.18.26,171,1094.22,58.15,0,1094.22,58.15,0.993,1109.68,51.48,0.9572,0.565776,0.157232,-0.135424,0.56499,0.146524,-0.120527,0.56518,0.146013,-0.120763,0.565358,0.145501,-0.120733,0.561647,0.14649,-0.141351,0.559489,0.14598,-0.141593,0.557203,0.145382,-0.141717,0.559004,0.148391,-0.038645,0.548642,0.14718,-0.135132,0.563496,0.168244,-0.102129,0.559765,0.168004,-0.131322,0.567293,0.211572,0.039864,0.529433,0.196695,-0.173177,0.611085,0.206686,0.089316,0.5513,0.124906,-0.304733,0.649271,0.176983,0.041796,0.577958,0.047666,-0.391509,0.661743,0.173533,0.039103,0.585687,0.027533,-0.436921,0.664924,0.167947,0.010309,0.586578,0.027174,-0.42159,0.659125,0.170772,0.028561,0.584881,0.035559,-0.390512,0.57035,0.398107,0.061604,0.536585,0.410377,-0.061727,0.612297,0.480839,0.096086,0.510589,0.540263,-0.063965,0.649233,0.575969,0.232897,0.460806,0.613817,0.116497,0.647634,0.596422,0.241488,0.455326,0.615187,0.131182,0.677437,0.614854,0.168526,0.445274,0.666336,0.064197
KG_Lat_1_6.18.26,172,1076.82,52.83,0,1076.82,52.83,0.991,1092.0,38.28,0.9548,0.575399,0.160959,-0.166324,0.57466,0.150066,-0.149377,0.574979,0.149851,-0.149626,0.575361,0.149736,-0.1496,0.570806,0.150251,-0.16923,0.568402,0.15002,-0.169459,0.565929,0.149867,-0.169569,0.567882,0.152068,-0.062159,0.557072,0.150268,-0.152968,0.572179,0.173237,-0.131477,0.567349,0.172473,-0.159443,0.576276,0.213287,0.007029,0.531283,0.19959,-0.17347,0.616191,0.209918,0.027904,0.542788,0.118801,-0.308412,0.655145,0.183433,-0.054638,0.568751,0.035445,-0.391837,0.669425,0.179052,-0.065668,0.575517,0.012066,-0.436952,0.670628,0.174982,-0.09338,0.576949,0.012049,-0.423344,0.664498,0.177735,-0.068512,0.575544,0.02224,-0.39192,0.578147,0.398293,0.054791,0.544053,0.411421,-0.05494,0.61735,0.490464,0.093846,0.519159,0.541372,-0.054797,0.65302,0.579703,0.236426,0.471198,0.613777,0.123433,0.651855,0.599583,0.25077,0.467145,0.616563,0.137588,0.677213,0.625434,0.180041,0.455369,0.662795,0.061025
KG_Lat_1_6.18.26,173,1058.43,51.52,0,1058.43,51.52,0.9902,1074.44,40.92,0.9522,0.579753,0.179674,-0.32746,0.580859,0.167405,-0.31355,0.582062,0.166908,-0.313829,0.583316,0.166625,-0.313806,0.5755,0.167465,-0.325046,0.572899,0.166957,-0.325263,0.570329,0.166518,-0.325334,0.579123,0.166808,-0.217949,0.562911,0.165361,-0.269201,0.579152,0.190792,-0.287862,0.572807,0.189475,-0.304449,0.591954,0.213402,-0.141102,0.536449,0.20032,-0.245099,0.629476,0.215433,-0.216762,0.535805,0.123668,-0.343284,0.665779,0.19306,-0.409288,0.559605,0.037887,-0.418835,0.677055,0.189445,-0.446034,0.566328,0.015726,-0.463745,0.67676,0.184903,-0.470233,0.568135,0.015146,-0.458339,0.671574,0.188321,-0.424373,0.566744,0.02413,-0.422085,0.58772,0.398573,0.038727,0.551107,0.411983,-0.03888,0.624766,0.50258,0.062161,0.529573,0.542888,-0.035778,0.657156,0.590101,0.233579,0.480238,0.614636,0.132159,0.653993,0.608374,0.246839,0.474743,0.618808,0.144208,0.680011,0.63857,0.167921,0.465425,0.660768,0.062326
KG_Lat_1_6.18.26,174,1034.13,45.23,0,1034.13,45.23,0.9947,1068.0,35.32,0.9512,0.591404,0.180883,-0.239081,0.589491,0.168608,-0.223143,0.59014,0.168282,-0.223384,0.590835,0.168145,-0.22335,0.584661,0.169009,-0.237029,0.581977,0.168863,-0.237232,0.579229,0.168789,-0.237301,0.584647,0.169865,-0.134437,0.5712,0.169078,-0.202066,0.590089,0.192972,-0.203114,0.584376,0.192388,-0.222732,0.601342,0.2184,-0.070975,0.540688,0.204062,-0.20887,0.640305,0.222395,-0.164483,0.530992,0.124113,-0.310408,0.671377,0.201882,-0.387951,0.556249,0.032705,-0.36097,0.680053,0.199949,-0.429175,0.565574,0.012109,-0.400692,0.678179,0.196788,-0.447908,0.563667,0.01074,-0.387493,0.673681,0.198985,-0.40185,0.561605,0.018562,-0.358117,0.594258,0.400846,0.036215,0.556832,0.413636,-0.03638,0.630367,0.511721,0.055623,0.538294,0.545,-0.028181,0.66061,0.606212,0.217368,0.487891,0.615469,0.147113,0.656326,0.623308,0.228977,0.482155,0.619645,0.160505,0.680574,0.652727,0.143198,0.471706,0.660822,0.08106
KG_Lat_1_6.18.26,175,1015.81,49.07,0,1015.81,49.07,0.9958,1044.49,50.76,0.9546,0.601878,0.189471,-0.212913,0.599419,0.176543,-0.196111,0.599694,0.175669,-0.196358,0.600017,0.174939,-0.196322,0.595506,0.177276,-0.212851,0.593013,0.176745,-0.213052,0.590639,0.176217,-0.213108,0.592773,0.175307,-0.107043,0.581606,0.175961,-0.183982,0.600226,0.199354,-0.176792,0.595563,0.199187,-0.200101,0.605868,0.223278,-0.046729,0.547768,0.212811,-0.185593,0.639895,0.227959,-0.125582,0.526758,0.141312,-0.289712,0.672109,0.211496,-0.338042,0.544007,0.047002,-0.339284,0.67931,0.209337,-0.376381,0.540467,0.022582,-0.37915,0.678238,0.204899,-0.396604,0.54694,0.021303,-0.36958,0.674865,0.206924,-0.352267,0.549601,0.030204,-0.338831,0.601595,0.405848,0.038705,0.564119,0.417975,-0.038857,0.635433,0.521539,0.074473,0.544424,0.548113,-0.035724,0.660584,0.61843,0.242002,0.494383,0.615784,0.139169,0.655752,0.634239,0.258125,0.490225,0.620332,0.152678,0.68171,0.666872,0.162103,0.475893,0.661133,0.075446
KG_Lat_1_6.18.26,176,988.8,66.06,0,988.8,66.06,0.9966,1012.97,64.25,0.9573,0.609607,0.194946,-0.245621,0.607915,0.181422,-0.230726,0.608493,0.180754,-0.230995,0.609111,0.180204,-0.230957,0.603975,0.181952,-0.244047,0.601797,0.181564,-0.24426,0.599613,0.181126,-0.244334,0.604501,0.181358,-0.145841,0.591612,0.182226,-0.204691,0.608708,0.205318,-0.21116,0.604215,0.20515,-0.229831,0.616119,0.234095,-0.087992,0.55645,0.224742,-0.189243,0.659379,0.231021,-0.180843,0.524148,0.158184,-0.283033,0.676628,0.214091,-0.399376,0.527586,0.059494,-0.347738,0.680607,0.218427,-0.441099,0.522053,0.031536,-0.389877,0.678764,0.215787,-0.45859,0.529224,0.027636,-0.386276,0.675753,0.217828,-0.412385,0.533143,0.037155,-0.351074,0.610179,0.415246,0.036163,0.573313,0.424961,-0.036328,0.641259,0.531102,0.085721,0.55116,0.55382,-0.003877,0.661092,0.629594,0.266029,0.499826,0.61784,0.183004,0.656353,0.647961,0.281712,0.494029,0.624824,0.197347,0.682667,0.676837,0.193536,0.483994,0.660573,0.117572
KG_Lat_1_6.18.26,177,967.16,119.13,0,967.16,119.13,0.9959,980.9,103.12,0.96,0.618102,0.202638,-0.207288,0.615137,0.189346,-0.192364,0.615385,0.188559,-0.192618,0.615726,0.18792,-0.192571,0.611669,0.190377,-0.208125,0.609354,0.190173,-0.208325,0.607034,0.189936,-0.208395,0.610575,0.188642,-0.110009,0.598622,0.191308,-0.191509,0.617227,0.213252,-0.1733,0.613068,0.214199,-0.195356,0.62479,0.240274,-0.0517,0.565814,0.236191,-0.156888,0.662415,0.248276,-0.139693,0.523043,0.166074,-0.235887,0.673173,0.247379,-0.368833,0.510887,0.095479,-0.33937,0.674873,0.252119,-0.411912,0.503717,0.069269,-0.382515,0.672724,0.244988,-0.428174,0.509639,0.062734,-0.370831,0.670627,0.247823,-0.381626,0.513864,0.072769,-0.343215,0.617179,0.425193,0.036781,0.582082,0.432225,-0.03694,0.644785,0.539338,0.083532,0.55513,0.557814,-0.010972,0.661824,0.641147,0.265336,0.50459,0.622486,0.176441,0.656423,0.65914,0.278035,0.497729,0.630278,0.190875,0.685448,0.684132,0.188638,0.488012,0.660938,0.109134
KG_Lat_1_6.18.26,178,953.08,178.24,0,953.08,178.24,0.9958,956.14,112.9,0.9621,0.62492,0.210863,-0.188286,0.622815,0.197247,-0.174242,0.622869,0.196749,-0.174473,0.623024,0.196388,-0.174426,0.620077,0.198006,-0.192917,0.618142,0.197956,-0.193128,0.61618,0.197908,-0.193215,0.617071,0.197153,-0.096176,0.607436,0.198826,-0.1693,0.622777,0.22317,-0.156084,0.619621,0.224242,-0.181847,0.628795,0.250647,-0.040522,0.572817,0.246743,-0.140972,0.657276,0.270243,-0.132666,0.523298,0.213801,-0.213439,0.675602,0.276611,-0.358278,0.497992,0.104537,-0.319149,0.678917,0.285616,-0.399587,0.489249,0.09068,-0.358185,0.676096,0.279857,-0.415285,0.492109,0.088065,-0.368493,0.673197,0.27948,-0.370869,0.496272,0.094155,-0.330778,0.622593,0.432803,0.038136,0.587953,0.439292,-0.038271,0.649213,0.544472,0.091662,0.557405,0.563178,-0.022581,0.662387,0.64558,0.260935,0.506588,0.626656,0.139427,0.655948,0.663342,0.273013,0.500014,0.63202,0.152333,0.685612,0.683601,0.18456,0.494162,0.661067,0.075183
KG_Lat_1_6.18.26,179,952.71,240.85,0,952.71,240.85,0.9959,953.4,214.48,0.9648,0.629483,0.218609,-0.180301,0.629492,0.207583,-0.166688,0.630087,0.207314,-0.166915,0.63083,0.207081,-0.166867,0.626057,0.207575,-0.186031,0.624097,0.20725,-0.186258,0.622013,0.206838,-0.186359,0.625798,0.207369,-0.090021,0.612533,0.206837,-0.144976,0.627425,0.230618,-0.148878,0.623888,0.23132,-0.177955,0.635782,0.259362,-0.038662,0.577918,0.256862,-0.114913,0.661978,0.293402,-0.125646,0.528676,0.260869,-0.155305,0.677547,0.302961,-0.336795,0.496565,0.198597,-0.236381,0.681222,0.309874,-0.375938,0.484545,0.17656,-0.266681,0.678845,0.301211,-0.389607,0.485812,0.172478,-0.280839,0.67654,0.300078,-0.348056,0.490982,0.180358,-0.246699,0.626655,0.437784,0.035148,0.593216,0.444746,-0.035287,0.653867,0.545107,0.095322,0.563985,0.565408,-0.039426,0.663426,0.646851,0.251589,0.510016,0.628918,0.093925,0.656773,0.662904,0.262252,0.500608,0.632902,0.104068,0.685431,0.683054,0.181021,0.500407,0.66127,0.023307
KG_Lat_1_6.18.26,180,951.72,305.16,0,951.72,305.16,0.9953,955.19,296.01,0.9645,0.639554,0.223529,-0.153578,0.639111,0.211423,-0.141423,0.639093,0.210974,-0.141632,0.639215,0.210619,-0.141581,0.636439,0.211544,-0.155678,0.634365,0.211106,-0.155854,0.632215,0.210571,-0.155917,0.632175,0.211228,-0.070584,0.620704,0.212145,-0.127604,0.636181,0.235781,-0.124871,0.633234,0.236602,-0.145269,0.641929,0.266522,-0.029265,0.584628,0.268508,-0.105468,0.65707,0.306835,-0.097701,0.538526,0.306104,-0.131772,0.675077,0.327586,-0.29832,0.497493,0.27408,-0.186483,0.680673,0.335462,-0.333849,0.485868,0.260491,-0.210083,0.678763,0.327857,-0.348432,0.485964,0.251049,-0.225401,0.675737,0.326787,-0.309972,0.490937,0.256581,-0.195765,0.630538,0.440284,0.035922,0.597895,0.448082,-0.036068,0.658022,0.545423,0.075309,0.568356,0.567278,-0.041475,0.662561,0.646581,0.206468,0.514395,0.628999,0.093275,0.655506,0.662081,0.215142,0.503715,0.632909,0.10403,0.683919,0.68157,0.145384,0.506444,0.662123,0.02346
KG_Lat_1_6.18.26,181,982.32,372.99,0,982.32,372.99,0.9938,965.98,368.02,0.9669,0.64599,0.222301,-0.133716,0.645325,0.210355,-0.1203,0.645341,0.21015,-0.120505,0.645479,0.210009,-0.12045,0.642897,0.209802,-0.133794,0.640994,0.209173,-0.133983,0.638977,0.20847,-0.134062,0.638856,0.211912,-0.048612,0.629022,0.210403,-0.1092,0.642688,0.234419,-0.105505,0.639835,0.23404,-0.124552,0.647494,0.277158,0.003585,0.59278,0.277798,-0.095316,0.650974,0.335342,0.002524,0.55328,0.336331,-0.114471,0.674934,0.350395,-0.098772,0.503115,0.340762,-0.162762,0.681874,0.360027,-0.112388,0.494079,0.33491,-0.181143,0.682573,0.355517,-0.131449,0.493796,0.328793,-0.197399,0.67876,0.353496,-0.109348,0.498431,0.330803,-0.171794,0.63431,0.442962,0.038547,0.601936,0.450392,-0.038681,0.661604,0.546776,0.072783,0.572649,0.56831,-0.067801,0.663185,0.646501,0.184056,0.519589,0.628351,0.050386,0.655701,0.661325,0.190968,0.508217,0.630947,0.060668,0.685018,0.681354,0.131396,0.511887,0.662261,2e-06
KG_Lat_1_6.18.26,182,1029.35,429.91,0,1029.35,429.91,0.9946,1006.28,425.79,0.9691,0.650905,0.22088,-0.140213,0.651585,0.209029,-0.128004,0.652464,0.20913,-0.128225,0.653326,0.209259,-0.128174,0.647172,0.208016,-0.143384,0.644845,0.207435,-0.143576,0.642581,0.206788,-0.143656,0.647665,0.212654,-0.052478,0.633228,0.209361,-0.116462,0.648784,0.233401,-0.112249,0.644507,0.233112,-0.133374,0.650632,0.282009,0.01653,0.60325,0.280958,-0.10592,0.649557,0.355813,0.018294,0.57328,0.35789,-0.123709,0.674066,0.374722,-0.096029,0.524103,0.394248,-0.177207,0.68235,0.387282,-0.113098,0.507854,0.398886,-0.19927,0.683195,0.380749,-0.134765,0.500737,0.394102,-0.217043,0.679991,0.378259,-0.108306,0.510005,0.392532,-0.186683,0.636052,0.444362,0.04006,0.60494,0.449913,-0.040184,0.664244,0.544268,0.040588,0.579539,0.568883,-0.080222,0.663153,0.646778,0.150152,0.524528,0.627036,0.050586,0.655429,0.661545,0.156933,0.513367,0.628327,0.061936,0.685849,0.682394,0.090774,0.516978,0.661702,-0.002275
KG_Lat_1_6.18.26,183,1086.97,474.93,0,1086.97,474.93,0.9947,1074.72,475.55,0.9712,0.656567,0.219728,-0.143599,0.655839,0.208481,-0.130955,0.656181,0.208714,-0.131218,0.656676,0.208982,-0.131169,0.651867,0.207049,-0.146468,0.649734,0.206469,-0.146646,0.647696,0.205893,-0.146678,0.65056,0.212036,-0.053713,0.638913,0.208474,-0.119189,0.65296,0.232387,-0.11424,0.650129,0.23175,-0.135611,0.651891,0.280254,0.014528,0.610596,0.283961,-0.123171,0.645515,0.365958,0.048499,0.590354,0.366022,-0.160975,0.665306,0.425447,-0.006889,0.559749,0.440326,-0.2001,0.674369,0.437818,-0.013554,0.547961,0.455318,-0.224382,0.672967,0.433964,-0.036407,0.546071,0.458155,-0.236154,0.66959,0.429767,-0.017912,0.552121,0.454158,-0.206302,0.639477,0.444296,0.04234,0.609209,0.449735,-0.042467,0.665046,0.54372,0.064562,0.584203,0.567955,-0.079926,0.66283,0.646822,0.181843,0.531464,0.622804,0.051928,0.655899,0.661258,0.189283,0.519472,0.621263,0.065266,0.684971,0.6824,0.126782,0.525199,0.660356,0.020036
KG_Lat_1_6.18.26,184,1151.18,494.18,0,1151.18,494.18,0.9917,1146.93,508.78,0.9593,0.664797,0.217412,-0.149511,0.662962,0.206341,-0.137361,0.662827,0.206473,-0.137581,0.662827,0.206606,-0.137549,0.660325,0.205314,-0.15899,0.658319,0.204855,-0.159176,0.656187,0.204324,-0.159279,0.655841,0.209464,-0.067384,0.646679,0.207035,-0.165281,0.661246,0.229982,-0.122058,0.658848,0.229667,-0.151371,0.651494,0.277487,0.010672,0.621882,0.286229,-0.183757,0.647131,0.362209,0.069239,0.60435,0.385652,-0.213146,0.668685,0.409693,0.047399,0.597357,0.471088,-0.226268,0.67702,0.427247,0.046995,0.593179,0.494461,-0.255707,0.678368,0.426106,0.023093,0.599376,0.493977,-0.261998,0.675157,0.42034,0.03674,0.601929,0.487174,-0.231901,0.640897,0.443918,0.053482,0.613713,0.451474,-0.053572,0.66521,0.541399,0.116747,0.588972,0.568518,-0.021745,0.663137,0.645723,0.219343,0.537274,0.615287,0.140612,0.655268,0.660434,0.225093,0.524205,0.612864,0.155323,0.686299,0.682019,0.177422,0.531698,0.657283,0.106775
KG_Lat_1_6.18.26,185,1201.96,483.24,0,1201.96,483.24,0.994,1197.89,489.25,0.9618,0.667135,0.215813,-0.150744,0.664628,0.20478,-0.13929,0.664418,0.204863,-0.139488,0.664349,0.204947,-0.139457,0.66237,0.203989,-0.163736,0.660511,0.203591,-0.163919,0.658465,0.203098,-0.164033,0.656884,0.207883,-0.072529,0.648978,0.206021,-0.178036,0.663109,0.228574,-0.124369,0.661223,0.228338,-0.156793,0.65129,0.27537,0.014374,0.62867,0.279784,-0.206051,0.64764,0.36224,0.080655,0.615088,0.375277,-0.245717,0.667347,0.418493,0.055817,0.623902,0.453008,-0.257422,0.675057,0.440724,0.055885,0.628153,0.472625,-0.285834,0.677337,0.438471,0.02977,0.632581,0.469572,-0.286163,0.673703,0.431492,0.044367,0.632715,0.46483,-0.257887,0.640841,0.443959,0.064054,0.615527,0.449063,-0.064109,0.665194,0.539642,0.147054,0.595489,0.567556,-0.023265,0.662954,0.64506,0.258781,0.540926,0.606987,0.138058,0.654705,0.65974,0.266054,0.528046,0.602589,0.152951,0.684713,0.681047,0.224856,0.538125,0.65407,0.112215
KG_Lat_1_6.18.26,186,1259.24,465.36,0,1259.24,465.36,0.9911,1275.03,466.87,0.9641,0.671381,0.214394,-0.151082,0.667846,0.203218,-0.139586,0.667304,0.203232,-0.139783,0.666849,0.203288,-0.139748,0.666442,0.202638,-0.163648,0.664885,0.202335,-0.163833,0.663155,0.201925,-0.163949,0.657543,0.206286,-0.07478,0.65263,0.204887,-0.181723,0.666608,0.227478,-0.124502,0.665504,0.227387,-0.156609,0.650629,0.274684,0.013735,0.631548,0.281053,-0.211222,0.643692,0.371113,0.072752,0.630833,0.381997,-0.231711,0.664518,0.430948,0.035601,0.664076,0.432287,-0.215002,0.667697,0.457898,0.033655,0.671867,0.45382,-0.240972,0.676769,0.453429,0.010419,0.675417,0.445239,-0.23577,0.670668,0.447168,0.025159,0.672939,0.4395,-0.212194,0.641844,0.445199,0.06498,0.61765,0.447824,-0.065027,0.665245,0.539351,0.153104,0.600574,0.566969,-0.018845,0.663071,0.645227,0.276297,0.546367,0.595562,0.164043,0.654745,0.659865,0.285844,0.535852,0.589017,0.18261,0.6858,0.68185,0.257768,0.540147,0.648222,0.1618
KG_Lat_1_6.18.26,187,1288.74,438.67,0,1288.74,438.67,0.9784,1291.82,439.38,0.9663,0.673382,0.214056,-0.109251,0.670089,0.202611,-0.098094,0.669526,0.202533,-0.098264,0.669122,0.202497,-0.098205,0.668672,0.202318,-0.121632,0.66718,0.202113,-0.12183,0.665718,0.201823,-0.12196,0.659965,0.205307,-0.040941,0.65559,0.204756,-0.151959,0.66907,0.227412,-0.085017,0.667572,0.227538,-0.116853,0.65317,0.273389,0.045806,0.635895,0.278683,-0.189396,0.641156,0.361094,0.08671,0.643233,0.375904,-0.181898,0.657321,0.430115,0.030309,0.672825,0.406834,-0.117412,0.656591,0.4474,0.028871,0.67888,0.411188,-0.133937,0.665499,0.443444,0.008999,0.679233,0.403445,-0.127539,0.663417,0.436781,0.020826,0.677252,0.40178,-0.112999,0.641809,0.443682,0.066916,0.618082,0.446936,-0.066964,0.664903,0.538794,0.141767,0.605877,0.566471,-0.033597,0.662995,0.644594,0.263193,0.551195,0.589713,0.139532,0.654529,0.659301,0.266979,0.540775,0.582239,0.169129,0.686022,0.681451,0.223853,0.546313,0.645967,0.110625
KG_Lat_1_6.18.26,188,1317.59,417.49,0,1317.59,417.49,0.9778,1323.29,421.09,0.9674,0.675259,0.213314,-0.089994,0.671585,0.201773,-0.079343,0.670739,0.201695,-0.079509,0.669961,0.201672,-0.079441,0.670862,0.20148,-0.103116,0.669597,0.2013,-0.103322,0.668321,0.201053,-0.103446,0.660791,0.204336,-0.025223,0.659496,0.203909,-0.135371,0.670799,0.22669,-0.066633,0.670236,0.226704,-0.098762,0.650926,0.271483,0.058044,0.642157,0.275891,-0.180797,0.639764,0.359095,0.104013,0.655724,0.370282,-0.158079,0.654216,0.405328,0.064426,0.689213,0.389894,-0.070413,0.652754,0.422186,0.066118,0.694631,0.386951,-0.082811,0.65868,0.411809,0.047729,0.693712,0.378669,-0.074618,0.659625,0.409988,0.055824,0.692153,0.379409,-0.06484,0.642871,0.442334,0.066503,0.620013,0.446527,-0.066547,0.664214,0.538376,0.136861,0.611003,0.566376,-0.025393,0.66287,0.644296,0.257241,0.557752,0.581647,0.155422,0.654789,0.659084,0.260189,0.547965,0.571886,0.176168,0.684662,0.681123,0.220395,0.554001,0.63605,0.166569
KG_Lat_1_6.18.26,189,1343.69,400.04,0,1343.69,400.04,0.9902,1345.68,408.27,0.9676,0.676885,0.210998,-0.079882,0.673273,0.199689,-0.070505,0.672288,0.199503,-0.070695,0.671294,0.199309,-0.070647,0.672915,0.200303,-0.094574,0.671824,0.200552,-0.094771,0.670783,0.200673,-0.094901,0.661898,0.203278,-0.022635,0.662366,0.203609,-0.132957,0.672066,0.224457,-0.058445,0.671873,0.224988,-0.091154,0.645466,0.268725,0.060628,0.647229,0.274217,-0.176215,0.639385,0.348989,0.184277,0.664838,0.358651,-0.152353,0.64768,0.388172,0.266907,0.700874,0.378025,-0.053414,0.646094,0.400407,0.287787,0.708364,0.372117,-0.063676,0.649825,0.394237,0.267354,0.707064,0.364023,-0.050612,0.653292,0.392172,0.260885,0.704526,0.366347,-0.045842,0.641697,0.442207,0.066871,0.623499,0.446151,-0.066874,0.662407,0.538229,0.154448,0.615421,0.565217,0.003747,0.662341,0.6439,0.277434,0.564469,0.57656,0.215215,0.654635,0.65885,0.287375,0.553734,0.567595,0.238064,0.684587,0.681482,0.271963,0.564237,0.622018,0.239612
KG_Lat_1_6.18.26,190,1355.59,390.07,0,1355.59,390.07,0.9894,1365.42,395.73,0.9688,0.678258,0.203274,-0.076954,0.674161,0.191208,-0.066918,0.673291,0.19109,-0.067109,0.67242,0.190956,-0.067059,0.673777,0.192366,-0.090204,0.672738,0.193015,-0.0904,0.671765,0.193496,-0.090532,0.662878,0.19691,-0.018586,0.662901,0.198247,-0.125575,0.674416,0.21701,-0.055581,0.674198,0.217782,-0.087227,0.645472,0.26806,0.062749,0.648914,0.272591,-0.170389,0.640342,0.346528,0.16872,0.671452,0.351986,-0.147842,0.646206,0.384866,0.220675,0.711154,0.366414,-0.062853,0.644964,0.39942,0.236208,0.7186,0.359427,-0.075262,0.648797,0.394989,0.217777,0.716651,0.351888,-0.062656,0.651739,0.391262,0.214819,0.714107,0.353782,-0.055789,0.643434,0.440607,0.065373,0.626821,0.445069,-0.065383,0.661667,0.538663,0.147062,0.622594,0.564055,-0.004347,0.662723,0.644837,0.263153,0.570577,0.573075,0.208983,0.655306,0.659875,0.272487,0.560827,0.562494,0.232104,0.684733,0.681266,0.245275,0.57408,0.60996,0.234949
KG_Lat_1_6.18.26,191,1368.21,377.15,0,1368.21,377.15,0.9894,1373.98,386.59,0.9705,0.68017,0.195539,-0.075096,0.675919,0.182817,-0.064495,0.674902,0.182807,-0.064666,0.67389,0.182746,-0.064609,0.675742,0.183833,-0.089519,0.674653,0.184541,-0.089703,0.673555,0.185112,-0.089817,0.664032,0.189731,-0.012875,0.664406,0.191503,-0.126041,0.676475,0.209848,-0.052223,0.676165,0.21028,-0.085996,0.64636,0.264486,0.068407,0.652556,0.269276,-0.169482,0.63906,0.343922,0.1395,0.675734,0.34711,-0.151438,0.646185,0.401319,0.132989,0.715614,0.357956,-0.069535,0.644306,0.41468,0.138998,0.724051,0.35086,-0.084601,0.648389,0.411294,0.119636,0.722219,0.342468,-0.071793,0.651056,0.406251,0.125119,0.719371,0.343782,-0.062522,0.644473,0.43771,0.064887,0.630631,0.442623,-0.064908,0.660565,0.538473,0.142814,0.626416,0.561359,0.002999,0.662571,0.644537,0.257492,0.578798,0.568751,0.241139,0.655101,0.659574,0.266842,0.570701,0.557305,0.267141,0.685144,0.680759,0.247149,0.58197,0.600919,0.281107
KG_Lat_1_6.18.26,192,1372.92,368.93,0,1372.92,368.93,0.9924,1380.53,378.63,0.9725,0.679316,0.192758,-0.07869,0.675704,0.179699,-0.068876,0.674739,0.179666,-0.069049,0.67376,0.179595,-0.068985,0.675615,0.180531,-0.093439,0.674668,0.181056,-0.093623,0.67373,0.18141,-0.093734,0.664245,0.185375,-0.017684,0.664746,0.186794,-0.128533,0.675092,0.207038,-0.055823,0.675201,0.207383,-0.088981,0.646072,0.261271,0.064028,0.654494,0.264293,-0.169448,0.641107,0.347,0.111676,0.679141,0.343075,-0.159542,0.646889,0.420586,0.076696,0.719024,0.350579,-0.085296,0.646082,0.433687,0.078688,0.726376,0.343676,-0.103091,0.649312,0.431363,0.058413,0.724366,0.335961,-0.090041,0.651698,0.425865,0.067791,0.721986,0.337291,-0.078694,0.64494,0.435581,0.065549,0.633706,0.440477,-0.065583,0.660743,0.540203,0.150243,0.633927,0.559233,0.005528,0.662292,0.644102,0.257004,0.585297,0.561208,0.238634,0.654395,0.659105,0.265974,0.577585,0.551783,0.264212,0.684941,0.6804,0.249419,0.588324,0.595842,0.280166
KG_Lat_1_6.18.26,193,1374.79,367.8,0,1374.79,367.8,0.9925,1381.73,374.98,0.9745,0.679488,0.189466,-0.072924,0.675819,0.176857,-0.062868,0.674837,0.176822,-0.063042,0.673842,0.176774,-0.06297,0.675693,0.177596,-0.087728,0.674714,0.178035,-0.087918,0.673757,0.178293,-0.088026,0.664893,0.1821,-0.011883,0.665247,0.183329,-0.124426,0.675359,0.203822,-0.050025,0.675485,0.204156,-0.083514,0.646965,0.256564,0.07025,0.656622,0.259709,-0.169256,0.640578,0.346549,0.115127,0.68084,0.340285,-0.153828,0.647096,0.419076,0.074811,0.71965,0.347203,-0.07068,0.647161,0.432768,0.076265,0.72694,0.340256,-0.087283,0.649846,0.430687,0.055542,0.725314,0.332361,-0.075036,0.652157,0.424964,0.065525,0.723036,0.333727,-0.064071,0.646635,0.434136,0.065987,0.635629,0.438749,-0.066032,0.660979,0.540566,0.14591,0.640607,0.556035,0.01501,0.662406,0.644009,0.254573,0.593254,0.556628,0.259467,0.654219,0.658817,0.26264,0.584379,0.550076,0.286235,0.685133,0.680004,0.238556,0.597219,0.59068,0.305959
KG_Lat_1_6.18.26,194,1369.56,369.11,0,1369.56,369.11,0.9836,1379.74,371.2,0.9758,0.679632,0.183835,-0.074947,0.676117,0.171749,-0.065234,0.675191,0.171749,-0.065408,0.674258,0.171741,-0.06534,0.675836,0.172436,-0.089492,0.674839,0.172881,-0.089692,0.673864,0.173142,-0.089807,0.665431,0.177241,-0.015481,0.665134,0.178472,-0.125345,0.675699,0.198738,-0.052707,0.675677,0.199044,-0.085432,0.64844,0.251788,0.065888,0.656433,0.255007,-0.170054,0.641147,0.344606,0.105415,0.682475,0.33782,-0.155099,0.648083,0.416213,0.064557,0.718616,0.343707,-0.064727,0.647835,0.431082,0.066737,0.724069,0.337816,-0.07963,0.650634,0.429633,0.046983,0.722479,0.330117,-0.068317,0.653453,0.423403,0.055681,0.720337,0.331606,-0.058254,0.648132,0.432959,0.067157,0.638396,0.437498,-0.067204,0.661676,0.542656,0.158376,0.64837,0.554671,-0.000985,0.662757,0.644546,0.254207,0.599558,0.550865,0.234149,0.654313,0.659041,0.261997,0.590447,0.54447,0.261096,0.685732,0.680172,0.249115,0.603075,0.588723,0.288008
KG_Lat_1_6.18.26,195,1365.07,370.31,0,1365.07,370.31,0.9805,1371.29,372.04,0.9745,0.680045,0.182772,-0.069428,0.676379,0.170974,-0.059289,0.675333,0.170933,-0.059464,0.674297,0.170874,-0.059401,0.676057,0.171624,-0.083487,0.674984,0.171997,-0.083695,0.67393,0.172181,-0.083817,0.665711,0.175732,-0.010629,0.665328,0.176854,-0.120496,0.675838,0.197419,-0.047727,0.675662,0.197913,-0.080378,0.649216,0.249145,0.071105,0.657492,0.2521,-0.170014,0.645659,0.342392,0.120209,0.68129,0.336147,-0.146055,0.659791,0.403142,0.092849,0.714211,0.344484,-0.042617,0.661541,0.416996,0.097294,0.720346,0.34101,-0.053607,0.66561,0.413534,0.078499,0.719241,0.332651,-0.044342,0.666131,0.409343,0.084378,0.716779,0.333549,-0.036397,0.65008,0.431945,0.06732,0.640324,0.436414,-0.06737,0.662823,0.543537,0.153542,0.65207,0.553867,-0.007071,0.662848,0.64449,0.250156,0.605907,0.549548,0.24156,0.654753,0.658964,0.256711,0.596996,0.543207,0.269875,0.685789,0.679857,0.241317,0.607878,0.584309,0.30051
KG_Lat_1_6.18.26,196,1357.14,368.56,0,1357.14,368.56,0.9857,1365.31,373.96,0.9746,0.68015,0.180203,-0.068721,0.676522,0.168871,-0.057971,0.675489,0.168876,-0.058146,0.674464,0.168833,-0.058089,0.676165,0.169462,-0.082633,0.675065,0.169831,-0.082841,0.673944,0.170001,-0.082964,0.665994,0.173456,-0.007488,0.665361,0.174472,-0.11935,0.675975,0.19486,-0.046527,0.675712,0.195367,-0.079831,0.649186,0.247487,0.076724,0.65841,0.249254,-0.169309,0.648763,0.341095,0.135428,0.67896,0.335423,-0.142838,0.671454,0.392956,0.11659,0.711098,0.346263,-0.042599,0.674545,0.400453,0.122955,0.715898,0.342288,-0.053694,0.678931,0.398111,0.102614,0.714386,0.33461,-0.044131,0.678386,0.394516,0.107706,0.712507,0.336075,-0.036326,0.65153,0.429256,0.068155,0.642738,0.433813,-0.068191,0.662385,0.543331,0.148122,0.65615,0.553021,-0.021009,0.662748,0.645159,0.229276,0.611197,0.547315,0.217562,0.654727,0.659559,0.234546,0.602966,0.539997,0.244545,0.685492,0.680414,0.232671,0.611168,0.582054,0.273079
KG_Lat_1_6.18.26,197,1349.83,372.0,0,1349.83,372.0,0.9813,1358.44,377.7,0.97,0.679844,0.178551,-0.064336,0.67582,0.167743,-0.053392,0.674761,0.167762,-0.053556,0.673729,0.167752,-0.053496,0.675614,0.168323,-0.078111,0.67457,0.168689,-0.078307,0.673529,0.168847,-0.078415,0.665919,0.172267,-0.002902,0.66565,0.173148,-0.115214,0.676056,0.192761,-0.042233,0.675977,0.193161,-0.075637,0.649308,0.246768,0.081271,0.658718,0.247793,-0.165494,0.649475,0.338911,0.139431,0.677209,0.334306,-0.133123,0.670301,0.38977,0.121342,0.707521,0.349722,-0.021084,0.673618,0.396335,0.127816,0.712295,0.348352,-0.029344,0.676147,0.389834,0.108507,0.711152,0.340215,-0.021533,0.676838,0.391004,0.112956,0.709596,0.340964,-0.015111,0.650393,0.426582,0.069962,0.645048,0.430419,-0.069997,0.663272,0.542816,0.144966,0.657646,0.550298,-0.038273,0.663239,0.645728,0.213046,0.614883,0.544447,0.201455,0.655129,0.659868,0.217544,0.606675,0.536806,0.227041,0.68605,0.680436,0.21336,0.614831,0.579975,0.256677
KG_Lat_1_6.18.26,198,1348.0,379.0,0,1350.15,370.8,0.9829,1363.59,380.2,0.9612,0.680408,0.177227,-0.070432,0.676325,0.166267,-0.059107,0.675286,0.166299,-0.059271,0.674226,0.166325,-0.059215,0.675941,0.166852,-0.08389,0.67478,0.167223,-0.084081,0.673593,0.167393,-0.084183,0.666263,0.171144,-0.006158,0.665479,0.171951,-0.118314,0.676641,0.191788,-0.047331,0.67633,0.192134,-0.0808,0.649423,0.246485,0.079415,0.658633,0.247052,-0.165409,0.648616,0.338481,0.131277,0.675425,0.334053,-0.140067,0.671928,0.378428,0.101708,0.710204,0.352041,-0.037333,0.675663,0.390972,0.105238,0.71619,0.351432,-0.047712,0.679047,0.385473,0.08633,0.715007,0.341775,-0.039542,0.678703,0.385308,0.093083,0.712247,0.342672,-0.031581,0.650126,0.426169,0.071288,0.647255,0.429601,-0.071327,0.66365,0.542646,0.147388,0.660517,0.548607,-0.040449,0.663671,0.645789,0.219235,0.618241,0.544073,0.197631,0.655349,0.659834,0.224644,0.610529,0.536269,0.223847,0.686688,0.680377,0.21443,0.618688,0.572671,0.257231
KG_Lat_1_6.18.26,199,1358.82,388.45,0,1345.03,372.29,0.9794,1358.82,388.45,0.9617,0.68055,0.1757,-0.073745,0.676308,0.164615,-0.062056,0.675268,0.164632,-0.062227,0.67422,0.164648,-0.062177,0.6759,0.165141,-0.08708,0.674684,0.165465,-0.087271,0.673432,0.165591,-0.087382,0.666142,0.169432,-0.007032,0.664929,0.170214,-0.120226,0.676973,0.190032,-0.050061,0.676675,0.190302,-0.083859,0.652507,0.245522,0.08011,0.657752,0.245881,-0.167954,0.649125,0.338041,0.131727,0.673125,0.334621,-0.147124,0.676765,0.378389,0.094463,0.707721,0.359677,-0.074966,0.68201,0.390598,0.097489,0.712895,0.36295,-0.090459,0.68611,0.384966,0.075257,0.712976,0.353231,-0.082461,0.685268,0.384437,0.08445,0.710172,0.352213,-0.070124,0.6554,0.425266,0.073617,0.648066,0.428931,-0.073657,0.665376,0.542793,0.144638,0.664571,0.546196,-0.052822,0.664011,0.6459,0.220533,0.623329,0.541812,0.182386,0.655638,0.659804,0.226581,0.61367,0.534887,0.2121,0.686405,0.680653,0.214761,0.619988,0.570218,0.233805
KG_Lat_1_6.18.26,200,1352.95,392.36,0,1338.24,373.41,0.9793,1352.95,392.36,0.96,0.681233,0.174361,-0.081458,0.676852,0.163496,-0.069875,0.675811,0.163551,-0.070051,0.674791,0.16358,-0.070005,0.676358,0.163989,-0.094037,0.675096,0.164328,-0.094231,0.673814,0.164469,-0.094344,0.66657,0.168447,-0.013829,0.665189,0.169251,-0.120991,0.677732,0.18878,-0.057421,0.677335,0.188994,-0.089956,0.654626,0.244485,0.071159,0.656612,0.245045,-0.176157,0.654044,0.337672,0.125997,0.671324,0.33731,-0.148071,0.680644,0.376853,0.036233,0.704661,0.363294,-0.083871,0.687426,0.387827,0.031531,0.708968,0.370233,-0.099686,0.690859,0.381981,0.011191,0.707441,0.358788,-0.093891,0.687517,0.373456,0.025382,0.705765,0.355731,-0.079759,0.659527,0.424926,0.074277,0.649809,0.429232,-0.074313,0.666469,0.542866,0.168054,0.669774,0.54568,-0.051326,0.664092,0.645794,0.24541,0.623429,0.539621,0.160519,0.655834,0.659751,0.250509,0.61317,0.53233,0.185661,0.686324,0.680514,0.245238,0.622028,0.569504,0.222767
KG_Lat_1_6.18.26,201,1348.17,397.03,0,1335.39,380.17,0.9657,1348.17,397.03,0.9617,0.681089,0.173848,-0.083604,0.676902,0.163153,-0.071596,0.675995,0.163194,-0.071767,0.675137,0.163223,-0.071749,0.67612,0.163647,-0.096663,0.674765,0.163947,-0.096859,0.673393,0.164073,-0.096997,0.666942,0.167996,-0.014517,0.664492,0.168784,-0.125062,0.677766,0.188424,-0.059314,0.677139,0.188688,-0.09285,0.657497,0.243932,0.065981,0.655744,0.244939,-0.17915,0.657882,0.337198,0.101303,0.670766,0.338602,-0.166201,0.686848,0.375745,0.005771,0.702173,0.367623,-0.102547,0.692876,0.388054,-0.000863,0.707112,0.380406,-0.12116,0.696159,0.382422,-0.021669,0.706738,0.374743,-0.118306,0.693395,0.374846,-0.005277,0.704937,0.370559,-0.099138,0.663157,0.42448,0.07333,0.6521,0.429093,-0.073365,0.667373,0.542645,0.173403,0.673912,0.54584,-0.064733,0.663647,0.645594,0.256601,0.625627,0.539635,0.124124,0.655482,0.659672,0.261845,0.614101,0.534006,0.145502,0.686029,0.68046,0.254478,0.625076,0.574289,0.171178
KG_Lat_1_6.18.26,202,1346.23,404.09,0,1336.18,387.56,0.9635,1346.23,404.09,0.965,0.680508,0.175134,-0.112213,0.676365,0.164331,-0.099878,0.675434,0.164322,-0.100071,0.674564,0.164324,-0.100066,0.675564,0.164776,-0.124291,0.674184,0.165023,-0.124472,0.672798,0.165135,-0.124612,0.666332,0.169047,-0.038005,0.664094,0.169756,-0.14819,0.677097,0.189486,-0.086169,0.67638,0.189636,-0.119137,0.657977,0.244401,0.056705,0.655855,0.245655,-0.194793,0.661299,0.337904,0.101173,0.66999,0.3413,-0.207457,0.694273,0.378161,0.007463,0.701164,0.374158,-0.177349,0.702088,0.392597,0.001499,0.708262,0.391885,-0.202617,0.704982,0.390061,-0.009718,0.71069,0.38784,-0.19727,0.702452,0.382713,0.001287,0.707771,0.381609,-0.17455,0.663849,0.424303,0.073217,0.654436,0.428853,-0.073245,0.667195,0.5425,0.185984,0.678883,0.544148,-0.063227,0.663385,0.645454,0.286137,0.629608,0.539168,0.122544,0.655473,0.65959,0.293029,0.617379,0.532935,0.143151,0.686173,0.680342,0.282297,0.627256,0.573516,0.160805
KG_Lat_1_6.18.26,203,1331.85,394.33,0,1331.85,394.33,0.9699,1341.19,408.96,0.9681,0.68073,0.174782,-0.113545,0.676621,0.163445,-0.101422,0.675789,0.163469,-0.10161,0.674987,0.163507,-0.101598,0.675705,0.163804,-0.125433,0.674307,0.16409,-0.125613,0.672838,0.164285,-0.125749,0.666227,0.168774,-0.03991,0.663493,0.169527,-0.148757,0.677662,0.189055,-0.087616,0.67687,0.189106,-0.120091,0.658841,0.244032,0.054732,0.656254,0.244937,-0.190835,0.662349,0.337798,0.098498,0.668564,0.340418,-0.199815,0.691031,0.381882,0.013855,0.698539,0.378665,-0.162681,0.697152,0.404039,0.009225,0.70501,0.396408,-0.185669,0.700446,0.397856,-0.001953,0.708094,0.393421,-0.180152,0.698949,0.395558,0.008281,0.705421,0.386627,-0.159609,0.664564,0.423431,0.072454,0.654351,0.427463,-0.072481,0.667355,0.542474,0.180769,0.68063,0.541037,-0.067702,0.66326,0.645424,0.279582,0.630646,0.536429,0.109417,0.655491,0.659496,0.286489,0.618862,0.527597,0.129193,0.686245,0.680239,0.277998,0.624959,0.574884,0.148445
KG_Lat_1_6.18.26,204,1342.59,402.84,0,1342.59,402.84,0.9709,1343.83,411.9,0.9711,0.680062,0.174706,-0.127328,0.675828,0.163774,-0.114792,0.674888,0.163818,-0.114982,0.674025,0.163882,-0.11497,0.675182,0.164135,-0.138643,0.673877,0.164407,-0.138824,0.672538,0.164573,-0.138965,0.665721,0.168954,-0.050512,0.663635,0.169605,-0.158984,0.676978,0.189341,-0.100453,0.676303,0.189314,-0.132749,0.660872,0.244506,0.047448,0.656059,0.245142,-0.201447,0.662897,0.340144,0.096619,0.666818,0.340184,-0.220874,0.692116,0.387663,0.017402,0.699911,0.381393,-0.201345,0.697724,0.408082,0.011269,0.706925,0.40246,-0.228919,0.70408,0.403467,0.002243,0.711456,0.396902,-0.223409,0.700213,0.397935,0.009513,0.709043,0.390024,-0.198737,0.665537,0.422729,0.072412,0.65497,0.42627,-0.07243,0.667502,0.541505,0.180138,0.682359,0.538321,-0.076428,0.663193,0.645316,0.286969,0.633079,0.534414,0.113508,0.655494,0.659411,0.294523,0.622053,0.5261,0.134511,0.686403,0.680119,0.281559,0.627837,0.575629,0.148794
KG_Lat_1_6.18.26,205,1338.07,403.48,0,1338.07,403.48,0.9784,1342.83,412.18,0.9738,0.680303,0.174101,-0.120746,0.675833,0.163005,-0.108958,0.674795,0.163013,-0.109146,0.673837,0.163062,-0.109125,0.675458,0.163433,-0.132278,0.674269,0.163697,-0.132464,0.673061,0.163846,-0.132598,0.665721,0.168152,-0.048209,0.664568,0.168725,-0.15409,0.67725,0.18886,-0.095025,0.67679,0.188543,-0.126637,0.661351,0.24432,0.045315,0.656004,0.244431,-0.194155,0.66298,0.339959,0.087261,0.665827,0.340202,-0.20453,0.691782,0.386227,0.021698,0.699392,0.381644,-0.171145,0.698556,0.405631,0.017376,0.706898,0.40127,-0.19453,0.705357,0.401703,-0.000687,0.711536,0.396303,-0.189783,0.701393,0.398209,0.01195,0.70845,0.389306,-0.168429,0.666431,0.421604,0.072025,0.655339,0.42527,-0.07205,0.670671,0.540452,0.171901,0.684097,0.534537,-0.081,0.66322,0.64523,0.274085,0.635324,0.534662,0.105047,0.655494,0.659357,0.281643,0.624337,0.526653,0.125712,0.686827,0.680044,0.26451,0.635251,0.578935,0.139504
KG_Lat_1_6.18.26,206,1338.14,402.7,0,1338.14,402.7,0.98,1338.91,411.47,0.976,0.680581,0.17323,-0.116718,0.676073,0.162351,-0.105095,0.674977,0.162375,-0.105283,0.673963,0.162432,-0.105251,0.675822,0.162825,-0.128292,0.674656,0.163128,-0.128482,0.673487,0.163294,-0.128609,0.665943,0.167647,-0.045602,0.665178,0.168172,-0.150748,0.677569,0.18813,-0.091336,0.677175,0.187683,-0.122806,0.662213,0.243663,0.048503,0.656265,0.243099,-0.189657,0.662031,0.339542,0.088239,0.664733,0.339887,-0.198006,0.690653,0.38615,0.02481,0.69735,0.380988,-0.161267,0.696508,0.403141,0.021778,0.705038,0.398515,-0.183756,0.701323,0.399148,0.002557,0.709189,0.392778,-0.178762,0.698409,0.395506,0.015151,0.706245,0.386272,-0.158266,0.66673,0.420132,0.071871,0.655838,0.423579,-0.071894,0.670199,0.539101,0.169339,0.685769,0.532841,-0.081473,0.663392,0.645147,0.269713,0.636985,0.534211,0.094739,0.655577,0.659315,0.279113,0.626469,0.527247,0.114332,0.687002,0.679987,0.2571,0.63475,0.580664,0.130057
KG_Lat_1_6.18.26,207,1342.38,405.57,0,1342.38,405.57,0.9703,1340.52,411.03,0.9781,0.6814,0.171728,-0.103349,0.676696,0.160729,-0.091414,0.675615,0.160786,-0.091592,0.674567,0.160901,-0.091566,0.676346,0.161191,-0.11478,0.67514,0.161541,-0.114969,0.673885,0.16178,-0.115103,0.66629,0.166488,-0.032411,0.665209,0.167079,-0.138764,0.678615,0.186507,-0.07848,0.678179,0.186107,-0.110193,0.66256,0.242541,0.059792,0.656285,0.24228,-0.186384,0.659873,0.339188,0.108062,0.663897,0.339396,-0.194079,0.690263,0.394524,0.068302,0.698186,0.380587,-0.157716,0.694746,0.410845,0.068475,0.706544,0.398555,-0.180105,0.700657,0.407693,0.04679,0.710908,0.391801,-0.174464,0.697838,0.402027,0.058446,0.70781,0.385103,-0.154364,0.6671,0.418764,0.072211,0.656211,0.421323,-0.072233,0.672797,0.536799,0.166232,0.68642,0.531233,-0.09494,0.663673,0.645075,0.249964,0.637301,0.535129,0.064072,0.655707,0.659321,0.255051,0.625762,0.52791,0.082078,0.687366,0.68007,0.242625,0.635518,0.582338,0.095263
KG_Lat_1_6.18.26,208,1340.87,402.7,0,1340.87,402.7,0.9692,1336.72,409.63,0.98,0.681352,0.171063,-0.098652,0.676835,0.160276,-0.086216,0.675824,0.160348,-0.086385,0.674856,0.160454,-0.086356,0.676314,0.160683,-0.110397,0.675046,0.160982,-0.110592,0.673733,0.161156,-0.110733,0.666574,0.165839,-0.025422,0.664926,0.166315,-0.135634,0.678465,0.186071,-0.073164,0.677902,0.185521,-0.105949,0.66313,0.24132,0.069858,0.655997,0.241102,-0.184939,0.658816,0.338738,0.124087,0.663101,0.339043,-0.196047,0.687482,0.393457,0.087804,0.696208,0.379286,-0.15997,0.691135,0.408905,0.089112,0.703596,0.395951,-0.182562,0.697106,0.405675,0.066493,0.707205,0.388942,-0.176443,0.694655,0.399982,0.077577,0.704339,0.382741,-0.156238,0.667731,0.417445,0.074657,0.657076,0.419273,-0.07468,0.673419,0.535012,0.164916,0.686691,0.529996,-0.097401,0.663782,0.645028,0.244563,0.635933,0.537942,0.066027,0.655741,0.659282,0.248971,0.624007,0.531188,0.084535,0.687525,0.680197,0.237015,0.636094,0.582885,0.097112
KG_Lat_1_6.18.26,209,1331.16,395.92,0,1331.16,395.92,0.9791,1339.22,408.44,0.9818,0.681517,0.168943,-0.098707,0.676952,0.158666,-0.086684,0.676048,0.158879,-0.086858,0.675164,0.159095,-0.086825,0.676282,0.159012,-0.110443,0.67497,0.159425,-0.110639,0.673628,0.159692,-0.110787,0.666976,0.164779,-0.026562,0.664933,0.165197,-0.135971,0.678779,0.184056,-0.073569,0.678092,0.183555,-0.106162,0.664045,0.240706,0.067027,0.655896,0.240349,-0.185221,0.658399,0.338076,0.11931,0.66271,0.338716,-0.200543,0.685361,0.392479,0.081314,0.697508,0.378188,-0.170929,0.689418,0.407435,0.081548,0.705573,0.395503,-0.195073,0.694841,0.404337,0.058832,0.709888,0.388169,-0.188559,0.692485,0.39862,0.070982,0.706754,0.381768,-0.167194,0.668365,0.415575,0.074573,0.657183,0.41733,-0.074596,0.672942,0.534106,0.164192,0.687448,0.528969,-0.090683,0.663946,0.644971,0.238403,0.635201,0.539834,0.072478,0.655625,0.659287,0.242596,0.62317,0.533209,0.090714,0.687396,0.680219,0.228448,0.634993,0.586924,0.101151
KG_Lat_1_6.18.26,210,1334.31,395.14,0,1334.31,395.14,0.9809,1338.84,407.0,0.9834,0.681193,0.167328,-0.099081,0.676466,0.157724,-0.086868,0.675493,0.158028,-0.087047,0.674565,0.15831,-0.087009,0.675947,0.158128,-0.110923,0.674683,0.158641,-0.111122,0.673412,0.158985,-0.111275,0.666438,0.164378,-0.027281,0.664906,0.164747,-0.136576,0.678529,0.182941,-0.073773,0.678007,0.182321,-0.106682,0.66321,0.240355,0.067012,0.655626,0.240147,-0.185484,0.658289,0.336949,0.120935,0.662042,0.338459,-0.202337,0.683381,0.389105,0.081171,0.697311,0.376848,-0.175771,0.687616,0.400509,0.080889,0.705248,0.39377,-0.200052,0.692519,0.397079,0.058205,0.709015,0.386395,-0.193932,0.690333,0.391515,0.070729,0.705931,0.380022,-0.172221,0.668478,0.414379,0.074836,0.657407,0.415747,-0.07486,0.674618,0.533695,0.159395,0.687526,0.528002,-0.092898,0.663868,0.644926,0.230981,0.635449,0.541258,0.071469,0.6555,0.65927,0.235176,0.623385,0.534673,0.089947,0.687367,0.680187,0.219538,0.635123,0.591014,0.100405
KG_Lat_1_6.18.26,211,1331.66,389.08,0,1331.66,389.08,0.981,1337.04,405.18,0.9845,0.68126,0.16744,-0.085413,0.676591,0.157547,-0.073386,0.675595,0.157823,-0.073552,0.674626,0.158072,-0.073523,0.676101,0.157968,-0.098214,0.674836,0.158464,-0.098412,0.673541,0.158789,-0.098541,0.666287,0.163969,-0.014511,0.664851,0.164364,-0.127154,0.678445,0.182881,-0.060468,0.677951,0.182245,-0.094066,0.662391,0.239376,0.078638,0.655413,0.239778,-0.179187,0.657902,0.331208,0.123988,0.661591,0.338365,-0.197674,0.682369,0.367451,0.072789,0.696377,0.375171,-0.171073,0.686963,0.377072,0.071171,0.703802,0.390675,-0.192944,0.691175,0.370297,0.049238,0.706463,0.383146,-0.188624,0.689071,0.367238,0.062307,0.703925,0.377512,-0.167102,0.668588,0.412449,0.075449,0.658303,0.414137,-0.075482,0.676153,0.533101,0.142667,0.687767,0.527145,-0.09636,0.66401,0.644887,0.204234,0.634092,0.542205,0.068575,0.655398,0.659282,0.207369,0.623385,0.535684,0.087244,0.6872,0.68017,0.19035,0.633774,0.597629,0.100139
KG_Lat_1_6.18.26,212,1327.6,380.33,0,1327.6,380.33,0.9757,1335.21,404.75,0.9856,0.681371,0.167284,-0.083872,0.676634,0.157238,-0.071906,0.675682,0.157499,-0.072068,0.674748,0.157739,-0.072038,0.676122,0.157692,-0.096296,0.674862,0.158199,-0.096493,0.673555,0.158548,-0.096618,0.666294,0.163506,-0.013313,0.664836,0.163984,-0.124236,0.678424,0.182847,-0.059092,0.677967,0.182283,-0.092083,0.662764,0.238476,0.079083,0.654993,0.238806,-0.174438,0.657823,0.329636,0.122002,0.661172,0.33758,-0.193281,0.681816,0.360714,0.07022,0.695421,0.374769,-0.165826,0.68696,0.371486,0.068283,0.702498,0.388762,-0.187861,0.690157,0.366349,0.047245,0.704804,0.381689,-0.18313,0.688344,0.360681,0.059993,0.702212,0.376605,-0.162308,0.668213,0.411353,0.075519,0.658583,0.412938,-0.075558,0.676206,0.532569,0.144267,0.688439,0.526579,-0.09608,0.664079,0.644822,0.206893,0.633073,0.542691,0.058699,0.655327,0.659261,0.209979,0.62218,0.536048,0.076154,0.687148,0.680215,0.193131,0.632844,0.604363,0.086239
KG_Lat_1_6.18.26,213,1329.09,373.07,0,1329.09,373.07,0.977,1335.98,401.75,0.9865,0.681396,0.16702,-0.086739,0.676583,0.156965,-0.074952,0.675638,0.157217,-0.075115,0.674709,0.157456,-0.075084,0.676089,0.157477,-0.099259,0.674842,0.158011,-0.099454,0.67355,0.1584,-0.099579,0.666223,0.163243,-0.016097,0.664859,0.163775,-0.126511,0.678367,0.182574,-0.061764,0.677943,0.182251,-0.094665,0.66324,0.237932,0.076458,0.654823,0.237797,-0.174765,0.65888,0.328309,0.117324,0.660838,0.336815,-0.1927,0.681923,0.357947,0.064742,0.695822,0.37199,-0.160442,0.689055,0.371595,0.059646,0.703093,0.38799,-0.182179,0.691058,0.363795,0.039596,0.708343,0.381113,-0.176974,0.688602,0.355973,0.054259,0.702234,0.371186,-0.157,0.669058,0.40994,0.075634,0.658468,0.411977,-0.075674,0.676369,0.532545,0.145288,0.687209,0.527557,-0.096157,0.664052,0.644787,0.214765,0.632638,0.545235,0.068445,0.655281,0.659294,0.218606,0.621791,0.538339,0.086904,0.687116,0.680454,0.19971,0.632871,0.609953,0.094637
KG_Lat_1_6.18.26,214,1331.6,366.92,0,1331.6,366.92,0.9783,1335.09,388.95,0.9876,0.681081,0.167269,-0.084815,0.676425,0.157082,-0.073785,0.675505,0.157283,-0.073948,0.674618,0.157478,-0.073918,0.67589,0.157603,-0.097653,0.67462,0.158078,-0.097844,0.673306,0.158414,-0.09797,0.666158,0.162954,-0.017492,0.664524,0.163414,-0.125993,0.677944,0.182734,-0.060969,0.677511,0.182439,-0.093145,0.663991,0.238274,0.073993,0.654729,0.237728,-0.173124,0.659597,0.32765,0.115071,0.660589,0.336725,-0.17339,0.682253,0.354894,0.046246,0.695357,0.360137,-0.112994,0.690027,0.366333,0.041508,0.702602,0.36219,-0.1285,0.691552,0.352601,0.023286,0.706573,0.352184,-0.122507,0.688775,0.349627,0.03644,0.701262,0.349646,-0.108505,0.669158,0.409305,0.075391,0.658687,0.411574,-0.075429,0.676199,0.53258,0.146562,0.68658,0.527926,-0.089609,0.66409,0.64476,0.210723,0.63156,0.551047,0.068284,0.655273,0.659308,0.213579,0.620609,0.543925,0.085965,0.687027,0.68048,0.195944,0.631837,0.614706,0.096112
KG_Lat_1_6.18.26,215,1331.62,358.54,0,1331.62,358.54,0.9801,1335.77,376.96,0.9886,0.680981,0.16663,-0.087668,0.676366,0.156839,-0.07615,0.675438,0.157092,-0.076316,0.674551,0.157343,-0.076284,0.675902,0.157439,-0.10008,0.674674,0.157996,-0.100272,0.673399,0.158413,-0.1004,0.666111,0.163019,-0.019781,0.664532,0.163541,-0.126422,0.677797,0.182382,-0.063053,0.677476,0.18227,-0.095443,0.664121,0.238552,0.071152,0.654733,0.237842,-0.173528,0.660533,0.327745,0.098144,0.660402,0.336452,-0.165263,0.68605,0.355375,0.023979,0.695714,0.349039,-0.097447,0.692865,0.364895,0.019239,0.702759,0.341134,-0.111553,0.694098,0.357703,0.000551,0.705316,0.332677,-0.106262,0.690571,0.349198,0.014073,0.700585,0.333954,-0.09315,0.669478,0.408771,0.07525,0.658996,0.41135,-0.075288,0.675618,0.532649,0.150344,0.68594,0.528538,-0.085961,0.664141,0.644759,0.216807,0.630376,0.55804,0.065327,0.655275,0.659479,0.220035,0.619471,0.548832,0.082275,0.686948,0.680739,0.203102,0.629941,0.619583,0.09229
KG_Lat_1_6.18.26,216,1332.11,350.93,0,1332.11,350.93,0.9823,1338.51,363.37,0.9893,0.680773,0.166847,-0.088589,0.676245,0.15705,-0.078004,0.675329,0.157289,-0.078166,0.674453,0.157528,-0.078132,0.675795,0.157695,-0.101955,0.6746,0.158262,-0.10215,0.673376,0.158695,-0.102268,0.666033,0.163245,-0.023557,0.664651,0.163831,-0.130041,0.677635,0.182453,-0.064954,0.677366,0.182446,-0.097105,0.66368,0.23863,0.066795,0.654904,0.237995,-0.174189,0.662671,0.326554,0.067562,0.660502,0.336436,-0.15776,0.687551,0.346684,-0.036546,0.69714,0.336453,-0.077106,0.693804,0.342049,-0.04727,0.704456,0.324366,-0.08997,0.695939,0.329523,-0.063698,0.704726,0.316175,-0.085471,0.692304,0.331062,-0.046555,0.700955,0.319192,-0.072842,0.669842,0.40864,0.074999,0.659271,0.411472,-0.075037,0.675128,0.5327,0.159791,0.683583,0.529159,-0.086756,0.664117,0.644783,0.220074,0.628576,0.564677,0.061927,0.65526,0.65971,0.224997,0.617638,0.555729,0.078723,0.686923,0.680748,0.20802,0.628172,0.625699,0.083028
KG_Lat_1_6.18.26,217,1335.0,348.0,0,1332.25,344.75,0.9855,1340.84,353.08,0.9893,0.680626,0.167244,-0.089457,0.676179,0.157384,-0.078921,0.67526,0.157605,-0.079086,0.674377,0.157828,-0.079051,0.675755,0.158019,-0.102597,0.674584,0.158567,-0.10279,0.673394,0.158982,-0.102903,0.666001,0.163481,-0.023618,0.664798,0.164067,-0.130371,0.677463,0.182713,-0.065907,0.677219,0.182716,-0.09773,0.663315,0.23871,0.063503,0.654786,0.238236,-0.172875,0.662152,0.326499,0.056222,0.661623,0.336366,-0.145144,0.688672,0.343303,-0.051986,0.698355,0.32693,-0.052718,0.694147,0.337448,-0.063546,0.705569,0.315577,-0.062931,0.69681,0.321886,-0.079071,0.70454,0.307862,-0.059193,0.693363,0.324612,-0.06175,0.701382,0.310189,-0.048537,0.669645,0.409103,0.074911,0.659483,0.411949,-0.074951,0.674575,0.532755,0.161579,0.681679,0.529515,-0.085303,0.66407,0.644834,0.221665,0.627459,0.572387,0.060633,0.655228,0.65997,0.22529,0.616961,0.564501,0.076983,0.686903,0.680735,0.204822,0.626919,0.633441,0.079473
KG_Lat_1_6.18.26,218,1335.0,341.0,0,1332.96,339.81,0.9858,1343.51,345.35,0.9898,0.680949,0.167582,-0.088534,0.676524,0.15758,-0.078173,0.67563,0.157774,-0.078342,0.674767,0.157978,-0.078307,0.676015,0.158229,-0.101538,0.674794,0.158778,-0.10173,0.673549,0.159207,-0.101841,0.666185,0.163637,-0.023733,0.664836,0.164295,-0.129347,0.67777,0.18298,-0.065355,0.677416,0.183019,-0.096729,0.662857,0.238879,0.063429,0.654588,0.238445,-0.170438,0.661686,0.329304,0.062507,0.662554,0.336463,-0.144205,0.688629,0.348065,-0.039656,0.699744,0.31977,-0.058012,0.69461,0.348535,-0.050222,0.706565,0.3087,-0.069432,0.697583,0.337305,-0.066132,0.704656,0.299993,-0.064806,0.69441,0.336784,-0.049345,0.70183,0.302492,-0.053606,0.668893,0.409622,0.074484,0.659016,0.412489,-0.074528,0.674145,0.532873,0.160683,0.680379,0.529869,-0.086362,0.664029,0.645065,0.223267,0.627225,0.581352,0.046047,0.6552,0.660556,0.226855,0.616191,0.575161,0.06082,0.686959,0.680768,0.205049,0.626154,0.6422,0.0576
KG_Lat_1_6.18.26,219,1335.0,332.0,0,1335.05,332.87,0.9916,1344.29,337.75,0.99,0.68091,0.16784,-0.082595,0.676486,0.1577,-0.072786,0.675585,0.15787,-0.07295,0.674708,0.158057,-0.072915,0.676016,0.158354,-0.096382,0.674815,0.158891,-0.096576,0.673582,0.159315,-0.096682,0.666132,0.163638,-0.020717,0.664943,0.164366,-0.126927,0.677758,0.1831,-0.060091,0.677419,0.183157,-0.091723,0.66259,0.238379,0.065682,0.654439,0.23819,-0.170446,0.661807,0.329225,0.058502,0.663859,0.336406,-0.146862,0.690368,0.326587,-0.058462,0.700152,0.312729,-0.056635,0.695666,0.3339,-0.071332,0.707539,0.300166,-0.067859,0.698133,0.306001,-0.085667,0.705045,0.291667,-0.062972,0.695141,0.308654,-0.068134,0.702209,0.295334,-0.052059,0.668903,0.410031,0.074893,0.658814,0.412901,-0.07494,0.674012,0.533007,0.161474,0.679807,0.530484,-0.088762,0.663991,0.645161,0.224098,0.62641,0.590473,0.046634,0.655188,0.660932,0.227362,0.614512,0.587538,0.061824,0.68692,0.68076,0.202363,0.625847,0.653126,0.055916
KG_Lat_1_6.18.26,220,1338.0,332.0,0,1337.43,326.9,0.9842,1344.51,331.48,0.9881,0.680815,0.167927,-0.077002,0.67659,0.157836,-0.067279,0.675672,0.158041,-0.067441,0.674778,0.158238,-0.067401,0.676127,0.158473,-0.091073,0.674917,0.159038,-0.091266,0.673667,0.159472,-0.091366,0.666105,0.163628,-0.01533,0.664908,0.164408,-0.122566,0.67762,0.183263,-0.054377,0.677275,0.183265,-0.086328,0.662352,0.238227,0.069244,0.654337,0.237675,-0.167157,0.661917,0.329252,0.05363,0.665332,0.335187,-0.140138,0.691659,0.314441,-0.073073,0.700265,0.306928,-0.040811,0.697434,0.305868,-0.087528,0.706905,0.294323,-0.049942,0.697687,0.293492,-0.100359,0.704637,0.286246,-0.045382,0.695313,0.296477,-0.082495,0.701892,0.290585,-0.036203,0.669394,0.410139,0.075298,0.658803,0.413217,-0.075348,0.67397,0.533465,0.161594,0.677193,0.53263,-0.091159,0.663962,0.64515,0.225118,0.624738,0.599631,0.048128,0.655176,0.660949,0.228563,0.612712,0.599549,0.063598,0.686944,0.680644,0.201935,0.62534,0.661812,0.053612
KG_Lat_1_6.18.26,221,1338.0,326.0,0,1338.24,320.83,0.986,1344.85,325.16,0.9862,0.680694,0.168006,-0.06988,0.676525,0.157983,-0.060501,0.675604,0.158203,-0.060656,0.674707,0.158397,-0.060609,0.676064,0.158606,-0.084586,0.674854,0.159181,-0.084782,0.673603,0.159616,-0.084878,0.666016,0.163723,-0.010386,0.664826,0.164528,-0.118807,0.677493,0.183402,-0.04785,0.677142,0.183363,-0.080155,0.661512,0.238285,0.07154,0.654209,0.237676,-0.164744,0.662283,0.327875,0.051002,0.666187,0.333957,-0.134054,0.691794,0.301237,-0.076352,0.700445,0.301075,-0.024062,0.69776,0.293803,-0.090286,0.706492,0.288196,-0.030875,0.696986,0.284874,-0.102582,0.704293,0.280042,-0.025901,0.694871,0.28699,-0.085609,0.701574,0.284666,-0.018956,0.669417,0.41049,0.075215,0.658524,0.413372,-0.075267,0.673626,0.533796,0.151886,0.671887,0.535435,-0.089387,0.663936,0.645196,0.204729,0.622307,0.609529,0.057663,0.655304,0.661167,0.206912,0.610264,0.61124,0.073602,0.687084,0.680867,0.174115,0.624907,0.671152,0.062693
KG_Lat_1_6.18.26,222,1337.83,318.03,0,1337.83,318.03,0.9845,1344.0,313.86,0.9829,0.680623,0.16839,-0.069387,0.676603,0.158135,-0.060436,0.675675,0.158345,-0.060597,0.674768,0.158525,-0.060546,0.67613,0.158759,-0.084035,0.67491,0.159311,-0.084232,0.673641,0.159709,-0.084331,0.665938,0.163728,-0.01164,0.664737,0.164535,-0.118155,0.677399,0.183482,-0.047885,0.677049,0.18351,-0.079536,0.661411,0.238309,0.071355,0.654168,0.237621,-0.161549,0.663499,0.327901,0.042497,0.667226,0.331944,-0.128436,0.690503,0.293331,-0.082113,0.700002,0.290615,-0.014523,0.696373,0.284474,-0.095752,0.70584,0.279725,-0.019606,0.696747,0.280286,-0.106494,0.703094,0.272357,-0.014783,0.694309,0.281591,-0.090569,0.70085,0.276107,-0.009416,0.669407,0.410828,0.073898,0.658072,0.413613,-0.073967,0.672483,0.534656,0.14824,0.665679,0.53786,-0.06258,0.663893,0.645216,0.208236,0.619997,0.619566,0.064127,0.655292,0.661355,0.211273,0.608264,0.623877,0.080154,0.687061,0.680787,0.174854,0.624755,0.678602,0.05734
KG_Lat_1_6.18.26,223,1343.08,311.89,0,1335.73,322.27,0.9789,1343.08,311.89,0.9818,0.680581,0.168533,-0.073701,0.676532,0.158217,-0.064594,0.675603,0.158447,-0.06476,0.674698,0.158628,-0.064712,0.676066,0.158826,-0.087812,0.674853,0.159395,-0.088004,0.6736,0.159799,-0.088104,0.665874,0.163746,-0.012267,0.664671,0.164599,-0.120126,0.677376,0.183566,-0.051966,0.677015,0.183551,-0.083154,0.661245,0.238368,0.061551,0.654086,0.237665,-0.16171,0.663929,0.327911,0.036831,0.667492,0.330135,-0.126315,0.689708,0.310981,-0.083497,0.699521,0.288788,-0.015169,0.695514,0.304641,-0.096639,0.705416,0.278082,-0.021529,0.69613,0.297948,-0.109649,0.70187,0.26973,-0.017392,0.693764,0.297717,-0.092519,0.700053,0.273925,-0.010561,0.669281,0.411522,0.071091,0.657714,0.413778,-0.071169,0.670635,0.535391,0.149069,0.659564,0.540501,-0.048544,0.663837,0.645207,0.211759,0.617736,0.629212,0.065605,0.655306,0.661355,0.215872,0.607025,0.636265,0.083896,0.687013,0.680633,0.186635,0.624934,0.683754,0.057526
KG_Lat_1_6.18.26,224,1342.56,309.82,0,1334.17,318.3,0.9764,1342.56,309.82,0.9828,0.680506,0.169133,-0.071117,0.676577,0.158354,-0.062685,0.675654,0.158504,-0.062853,0.674757,0.158654,-0.062785,0.676096,0.158972,-0.085664,0.674873,0.159474,-0.085851,0.673604,0.159818,-0.085941,0.665891,0.163772,-0.014094,0.664631,0.164661,-0.119739,0.677303,0.183723,-0.050339,0.676938,0.183794,-0.081146,0.659936,0.238359,0.058918,0.65401,0.237684,-0.158026,0.658718,0.328772,0.051961,0.667129,0.329126,-0.118597,0.666211,0.369892,-0.067067,0.699248,0.286874,0.002384,0.666836,0.381559,-0.087036,0.704214,0.273369,-0.002449,0.668534,0.375435,-0.087255,0.698801,0.265979,0.004218,0.668137,0.369993,-0.090349,0.697328,0.270432,0.008409,0.669198,0.411765,0.066958,0.657638,0.413929,-0.067019,0.669918,0.535878,0.145406,0.655252,0.541155,-0.025481,0.663829,0.645201,0.226187,0.615432,0.631592,0.098549,0.655302,0.661349,0.233438,0.605765,0.640545,0.111966,0.686991,0.680624,0.195648,0.625036,0.684193,0.064839
KG_Lat_1_6.18.26,225,1341.97,312.95,0,1333.41,316.43,0.9768,1341.97,312.95,0.983,0.680415,0.169838,-0.072578,0.676552,0.158675,-0.064323,0.675644,0.158705,-0.064488,0.674737,0.158764,-0.064426,0.676053,0.159291,-0.0871,0.674823,0.159684,-0.087293,0.673544,0.15993,-0.087387,0.665783,0.163833,-0.015287,0.66457,0.164712,-0.120096,0.677151,0.18388,-0.051503,0.676844,0.183974,-0.081985,0.657853,0.238021,0.057582,0.653538,0.237259,-0.158291,0.657358,0.326271,0.044277,0.666879,0.327107,-0.12473,0.670476,0.34337,-0.069827,0.698944,0.289765,-0.01636,0.673133,0.345522,-0.08411,0.704067,0.27638,-0.02311,0.674749,0.336136,-0.09445,0.698605,0.269978,-0.018613,0.673664,0.334461,-0.080348,0.697158,0.274346,-0.01152,0.669061,0.412166,0.065845,0.657458,0.414069,-0.06592,0.668558,0.536308,0.144714,0.651796,0.54179,-0.026037,0.663819,0.645196,0.231289,0.613533,0.633036,0.1045,0.655317,0.661339,0.238575,0.604506,0.642941,0.11754,0.686971,0.680619,0.196307,0.624905,0.683227,0.073047
KG_Lat_1_6.18.26,226,1341.62,311.01,0,1330.61,314.24,0.9846,1341.62,311.01,0.9818,0.680358,0.169947,-0.071075,0.67654,0.158719,-0.062889,0.675621,0.158762,-0.063052,0.674709,0.158832,-0.062989,0.676037,0.159332,-0.085677,0.674802,0.15973,-0.08587,0.673525,0.159982,-0.08597,0.665741,0.16387,-0.014791,0.664527,0.164766,-0.118207,0.677091,0.183922,-0.049677,0.676785,0.184005,-0.080189,0.657097,0.237915,0.057926,0.653499,0.237284,-0.156844,0.656637,0.32339,0.043338,0.666911,0.32574,-0.123343,0.670847,0.317211,-0.076795,0.698763,0.287977,-0.010708,0.673676,0.295731,-0.09164,0.703958,0.275332,-0.016602,0.67564,0.284482,-0.102902,0.698411,0.268787,-0.012333,0.675343,0.286772,-0.085842,0.697021,0.272841,-0.005848,0.669138,0.41357,0.065859,0.657252,0.414275,-0.065938,0.667382,0.536451,0.145843,0.648689,0.541953,-0.019265,0.663802,0.645102,0.237712,0.612261,0.635012,0.103731,0.655369,0.661339,0.244918,0.603603,0.645872,0.115946,0.686922,0.680456,0.199497,0.624867,0.683524,0.074105
KG_Lat_1_6.18.26,227,1341.24,313.85,0,1332.48,314.17,0.9805,1341.24,313.85,0.9816,0.680318,0.1704,-0.071996,0.676489,0.158799,-0.06399,0.675573,0.158788,-0.06415,0.674672,0.158867,-0.064087,0.675989,0.159406,-0.086774,0.674756,0.159755,-0.086963,0.673481,0.160018,-0.087061,0.665547,0.163889,-0.015666,0.664494,0.164798,-0.119028,0.676851,0.184127,-0.050391,0.676604,0.184229,-0.080878,0.655422,0.237734,0.058328,0.653355,0.237168,-0.157382,0.656045,0.32169,0.046324,0.666639,0.32485,-0.12342,0.67311,0.318026,-0.069106,0.698562,0.290603,-0.009324,0.676597,0.310392,-0.083311,0.703844,0.277225,-0.015003,0.677035,0.287583,-0.094793,0.698146,0.270942,-0.010786,0.677363,0.288579,-0.077799,0.696841,0.275235,-0.004361,0.66902,0.414155,0.06593,0.657088,0.414381,-0.066014,0.666302,0.536873,0.14444,0.644243,0.542547,-0.012696,0.663759,0.644978,0.238316,0.611132,0.636823,0.110028,0.655393,0.661321,0.245427,0.60269,0.648389,0.121713,0.686854,0.680385,0.200565,0.624839,0.682996,0.077962
KG_Lat_1_6.18.26,228,1341.0,315.21,0,1332.8,314.75,0.9777,1341.0,315.21,0.9813,0.680246,0.170514,-0.073806,0.676447,0.15882,-0.064244,0.675528,0.158823,-0.06441,0.674628,0.158924,-0.064366,0.675947,0.159427,-0.087461,0.674714,0.159791,-0.08766,0.67344,0.160079,-0.087768,0.665511,0.163798,-0.019478,0.664476,0.164735,-0.120914,0.676678,0.184209,-0.051652,0.676406,0.18429,-0.082576,0.653665,0.236937,0.05699,0.653173,0.237034,-0.1587,0.656172,0.322078,0.046085,0.666433,0.324677,-0.128449,0.673692,0.305598,-0.067854,0.698437,0.291862,-0.013754,0.678496,0.298449,-0.081886,0.703726,0.279742,-0.019643,0.677586,0.284687,-0.094537,0.698174,0.272178,-0.014541,0.678866,0.285442,-0.077011,0.696822,0.276354,-0.008459,0.668896,0.414293,0.066171,0.657069,0.414471,-0.066253,0.665609,0.536886,0.14533,0.640733,0.542564,-0.001546,0.663741,0.644681,0.249524,0.610166,0.638481,0.128363,0.655587,0.661269,0.257664,0.601913,0.650399,0.140522,0.686841,0.680302,0.216867,0.624964,0.682812,0.095553
KG_Lat_1_6.18.26,229,1340.87,319.11,0,1334.38,318.74,0.983,1340.87,319.11,0.9825,0.680208,0.170568,-0.072674,0.676446,0.158893,-0.064625,0.675518,0.158873,-0.064788,0.67461,0.158928,-0.064734,0.675961,0.159495,-0.087519,0.674731,0.159832,-0.087711,0.673465,0.160072,-0.08781,0.665467,0.163442,-0.019549,0.664439,0.164434,-0.121408,0.676633,0.184222,-0.051152,0.676358,0.184314,-0.081746,0.651317,0.23597,0.057039,0.652912,0.236575,-0.159122,0.651612,0.320801,0.075356,0.665664,0.323592,-0.13021,0.673956,0.303391,0.012533,0.69837,0.295477,-0.018851,0.678687,0.296246,0.007139,0.703669,0.284398,-0.024818,0.680922,0.284072,-0.006988,0.698195,0.27655,-0.017622,0.679374,0.286581,0.00425,0.696825,0.28057,-0.012857,0.668476,0.414517,0.066295,0.657037,0.414543,-0.066373,0.664857,0.53711,0.144923,0.638251,0.542586,0.004271,0.663729,0.644675,0.251062,0.609295,0.639462,0.142333,0.655589,0.661236,0.259402,0.601504,0.65215,0.155405,0.68674,0.68029,0.223349,0.624931,0.682833,0.116006
KG_Lat_1_6.18.26,230,1340.69,322.38,0,1333.0,322.71,0.9842,1340.69,322.38,0.9838,0.680179,0.170326,-0.054888,0.676528,0.158654,-0.047049,0.675588,0.158548,-0.047213,0.674666,0.1585,-0.047138,0.676093,0.159238,-0.070474,0.674884,0.159479,-0.070641,0.673636,0.159604,-0.070741,0.665452,0.162319,-0.003725,0.664424,0.163328,-0.10916,0.676599,0.183724,-0.033944,0.676319,0.183756,-0.065538,0.649539,0.234602,0.073169,0.652626,0.235932,-0.14934,0.643471,0.321209,0.130285,0.664451,0.323329,-0.12097,0.637478,0.37301,0.115559,0.698275,0.298502,-0.002246,0.631526,0.388898,0.118878,0.703549,0.288886,-0.007479,0.633861,0.387697,0.10507,0.698381,0.280731,0.004125,0.635474,0.376427,0.109414,0.696902,0.284184,0.005906,0.667954,0.41468,0.066502,0.655731,0.414594,-0.066581,0.664501,0.537184,0.145506,0.634974,0.542695,0.002297,0.663715,0.644296,0.263893,0.608449,0.639381,0.142352,0.655615,0.660766,0.273807,0.601221,0.651249,0.155838,0.686715,0.680293,0.241622,0.625081,0.68249,0.117806
KG_Lat_1_6.18.26,231,1340.43,324.83,0,1331.7,327.89,0.9824,1340.43,324.83,0.9836,0.680147,0.170272,-0.057133,0.676629,0.15859,-0.047484,0.675693,0.158472,-0.047623,0.67476,0.158412,-0.047506,0.676242,0.159101,-0.072421,0.675073,0.159288,-0.072589,0.673827,0.159377,-0.072671,0.665434,0.162055,-0.004204,0.664441,0.162998,-0.113418,0.676583,0.183661,-0.037366,0.676307,0.183628,-0.067603,0.649619,0.233358,0.072668,0.652479,0.235054,-0.150715,0.645947,0.320143,0.088173,0.663855,0.32263,-0.125683,0.663448,0.329804,-0.022199,0.698141,0.300767,-0.02068,0.66655,0.329473,-0.036327,0.703458,0.292022,-0.028745,0.662623,0.322344,-0.051499,0.698449,0.284112,-0.019814,0.663311,0.319598,-0.032518,0.696909,0.286992,-0.01412,0.667334,0.414871,0.06667,0.652899,0.41461,-0.066747,0.663889,0.537315,0.145907,0.631876,0.542641,0.003031,0.663701,0.644268,0.259597,0.607927,0.640525,0.147073,0.655631,0.660513,0.26817,0.601058,0.653313,0.160619,0.686589,0.68029,0.232735,0.625248,0.682031,0.119991
KG_Lat_1_6.18.26,232,1328.47,336.58,0,1328.47,336.58,0.9839,1336.03,325.5,0.9849,0.680125,0.169478,-0.062741,0.676607,0.157937,-0.053816,0.675675,0.157737,-0.053968,0.674747,0.157598,-0.05388,0.676215,0.158503,-0.078043,0.675044,0.158665,-0.078221,0.6738,0.158737,-0.078313,0.665376,0.161039,-0.007697,0.664419,0.162138,-0.113505,0.676574,0.182667,-0.041836,0.676293,0.18265,-0.07289,0.649506,0.231556,0.071274,0.651817,0.232272,-0.152073,0.647084,0.317162,0.111433,0.660464,0.321653,-0.128192,0.667366,0.318839,0.069528,0.695848,0.301393,-0.0291,0.673775,0.31701,0.069265,0.702443,0.296099,-0.038426,0.674198,0.31123,0.051189,0.698245,0.286285,-0.03117,0.669661,0.311461,0.060312,0.696387,0.287936,-0.023609,0.665941,0.41507,0.067014,0.649836,0.414655,-0.067079,0.663966,0.537292,0.147319,0.629559,0.542582,0.015693,0.663646,0.644248,0.262842,0.607696,0.640175,0.159866,0.655641,0.660488,0.271484,0.600304,0.654214,0.173366,0.686627,0.680373,0.236985,0.625177,0.681476,0.135146
