video_id,frame_idx,true_wrist_x,true_wrist_y,occluded,yolo_wrist_x,yolo_wrist_y,yolo_conf,mp_wrist_x,mp_wrist_y,mp_wrist_vis,lm0_x,lm0_y,lm0_z,lm1_x,lm1_y,lm1_z,lm2_x,lm2_y,lm2_z,lm3_x,lm3_y,lm3_z,lm4_x,lm4_y,lm4_z,lm5_x,lm5_y,lm5_z,lm6_x,lm6_y,lm6_z,lm7_x,lm7_y,lm7_z,lm8_x,lm8_y,lm8_z,lm9_x,lm9_y,lm9_z,lm10_x,lm10_y,lm10_z,lm11_x,lm11_y,lm11_z,lm12_x,lm12_y,lm12_z,lm13_x,lm13_y,lm13_z,lm14_x,lm14_y,lm14_z,lm15_x,lm15_y,lm15_z,lm16_x,lm16_y,lm16_z,lm17_x,lm17_y,lm17_z,lm18_x,lm18_y,lm18_z,lm19_x,lm19_y,lm19_z,lm20_x,lm20_y,lm20_z,lm21_x,lm21_y,lm21_z,lm22_x,lm22_y,lm22_z,lm23_x,lm23_y,lm23_z,lm24_x,lm24_y,lm24_z,lm25_x,lm25_y,lm25_z,lm26_x,lm26_y,lm26_z,lm27_x,lm27_y,lm27_z,lm28_x,lm28_y,lm28_z,lm29_x,lm29_y,lm29_z,lm30_x,lm30_y,lm30_z,lm31_x,lm31_y,lm31_z,lm32_x,lm32_y,lm32_z
Zara_Lat_1_3.9.26,0,714.0,597.0,0,719.8,594.3,0.9896,716.4,606.22,0.9987,0.37829,0.282779,-0.102551,0.372248,0.271902,-0.091489,0.370988,0.272111,-0.091671,0.36974,0.272358,-0.091586,0.371632,0.271971,-0.118235,0.370076,0.272496,-0.118455,0.368381,0.273152,-0.118523,0.359874,0.278304,-0.036836,0.358252,0.280617,-0.15653,0.373302,0.299422,-0.07795,0.372771,0.300083,-0.113801,0.340763,0.351972,0.065663,0.345409,0.366284,-0.20801,0.342416,0.458468,0.116021,0.353661,0.476388,-0.239844,0.356105,0.54188,0.059494,0.373125,0.561313,-0.226239,0.360241,0.56649,0.058812,0.377257,0.583937,-0.254052,0.359367,0.567,0.031079,0.380364,0.581169,-0.248686,0.360369,0.559024,0.046798,0.378984,0.574021,-0.223071,0.31403,0.524501,0.082968,0.321683,0.529438,-0.08311,0.306974,0.653233,0.111478,0.351615,0.658351,0.0044,0.247721,0.751109,0.146212,0.342499,0.798038,0.07313,0.230369,0.756547,0.146317,0.326606,0.819242,0.077358,0.26169,0.811247,0.109364,0.373642,0.83028,0.031671
Zara_Lat_1_3.9.26,1,711.98,593.56,0,711.98,593.56,0.9884,715.37,607.07,0.9984,0.37836,0.289043,-0.090212,0.372249,0.275442,-0.080081,0.370977,0.275466,-0.080246,0.369686,0.275704,-0.080212,0.371752,0.27537,-0.105093,0.370255,0.27553,-0.105351,0.368593,0.275894,-0.105468,0.359867,0.282949,-0.028675,0.35834,0.284054,-0.141391,0.373341,0.303713,-0.066911,0.372857,0.303377,-0.100703,0.340254,0.351451,0.075217,0.34571,0.3678,-0.187475,0.337581,0.365867,0.236236,0.353379,0.476364,-0.216877,0.34189,0.378147,0.340055,0.372587,0.562098,-0.205763,0.340973,0.381158,0.363555,0.375943,0.58546,-0.227678,0.342263,0.381293,0.340952,0.379224,0.582107,-0.222628,0.344646,0.380659,0.334321,0.378492,0.575129,-0.202257,0.312041,0.524907,0.082736,0.320514,0.530268,-0.082889,0.306959,0.65354,0.098863,0.353027,0.658186,-0.023372,0.248215,0.752227,0.111898,0.342419,0.797543,0.032972,0.230598,0.757838,0.110552,0.32686,0.819242,0.037941,0.261718,0.812903,0.076685,0.37365,0.830121,0.007339
Zara_Lat_1_3.9.26,2,704.61,596.85,0,704.61,596.85,0.9864,711.75,607.11,0.9985,0.377748,0.288794,-0.091266,0.371909,0.275431,-0.08098,0.370625,0.275487,-0.081145,0.369341,0.275729,-0.081104,0.371587,0.275432,-0.106404,0.370153,0.275661,-0.106637,0.368551,0.276036,-0.106735,0.359397,0.282978,-0.029409,0.358287,0.284124,-0.143651,0.373044,0.303726,-0.068028,0.372606,0.303327,-0.10225,0.340696,0.354645,0.072776,0.345221,0.36829,-0.191078,0.338168,0.429639,0.133765,0.351614,0.476679,-0.2209,0.352521,0.500654,0.079362,0.370701,0.562135,-0.207123,0.35318,0.521625,0.078217,0.373597,0.585794,-0.232465,0.359949,0.523905,0.049948,0.377069,0.582568,-0.227456,0.35836,0.516815,0.066184,0.376624,0.575358,-0.204135,0.312048,0.526264,0.082644,0.31998,0.531884,-0.082786,0.306584,0.654554,0.135588,0.354459,0.658194,-0.017122,0.249034,0.754547,0.182385,0.342601,0.79736,0.035026,0.231494,0.760196,0.184123,0.326934,0.819213,0.041917,0.261729,0.814102,0.154973,0.373278,0.830052,0.026862
Zara_Lat_1_3.9.26,3,701.63,601.74,0,701.63,601.74,0.9795,707.41,607.37,0.9986,0.376392,0.288653,-0.083238,0.370713,0.275559,-0.073679,0.36949,0.275659,-0.073832,0.3682,0.275915,-0.07379,0.370608,0.275655,-0.098081,0.36936,0.275953,-0.098288,0.367922,0.27635,-0.098362,0.357822,0.283254,-0.025363,0.357775,0.2843,-0.134865,0.372278,0.303643,-0.061372,0.371951,0.30329,-0.094131,0.340441,0.356017,0.072264,0.344551,0.368767,-0.186313,0.337907,0.45204,0.11703,0.349253,0.476766,-0.211325,0.353022,0.534001,0.061909,0.368444,0.562377,-0.193984,0.353324,0.560263,0.060925,0.370239,0.586333,-0.220199,0.359787,0.557597,0.034137,0.373718,0.583344,-0.214576,0.358634,0.552074,0.049471,0.373735,0.575904,-0.190996,0.311378,0.528277,0.081809,0.319491,0.534118,-0.081931,0.306471,0.656668,0.138927,0.356081,0.658307,-0.013793,0.249134,0.756121,0.186091,0.342624,0.796981,0.036903,0.231692,0.76133,0.188021,0.326938,0.819073,0.044458,0.261221,0.814721,0.159422,0.373232,0.830081,0.034294
Zara_Lat_1_3.9.26,4,698.33,603.53,0,698.33,603.53,0.9816,703.24,608.22,0.9987,0.375808,0.29019,-0.084187,0.369863,0.277629,-0.074584,0.368478,0.277669,-0.074738,0.367061,0.277898,-0.07469,0.369992,0.277972,-0.098876,0.368739,0.278271,-0.099079,0.36731,0.278681,-0.099147,0.356875,0.284821,-0.025981,0.357296,0.28577,-0.134748,0.371556,0.305241,-0.062207,0.371317,0.304632,-0.094768,0.34047,0.359115,0.072007,0.343401,0.370507,-0.186311,0.33728,0.463,0.11087,0.346542,0.479286,-0.207747,0.353367,0.543028,0.054333,0.366269,0.563167,-0.190399,0.353824,0.569514,0.052487,0.368805,0.587039,-0.21649,0.359859,0.565403,0.026781,0.372504,0.58393,-0.212381,0.35913,0.558951,0.042271,0.372297,0.576414,-0.187934,0.311119,0.531456,0.081622,0.318959,0.537257,-0.081734,0.306527,0.659503,0.140203,0.35777,0.658307,-0.021832,0.249331,0.756994,0.185194,0.34268,0.796842,0.045922,0.231736,0.761939,0.186885,0.32698,0.818951,0.052329,0.261199,0.81542,0.15953,0.373132,0.83035,0.033713
Zara_Lat_1_3.9.26,5,700.01,603.85,0,700.01,603.85,0.9836,702.05,608.9,0.9988,0.374688,0.290778,-0.089656,0.368694,0.278363,-0.081317,0.367248,0.278589,-0.081465,0.365794,0.279024,-0.081438,0.368858,0.278756,-0.104507,0.367538,0.279256,-0.104687,0.366068,0.279842,-0.104752,0.355476,0.286461,-0.034765,0.35614,0.28732,-0.139211,0.370809,0.305717,-0.068676,0.370581,0.304995,-0.099696,0.34046,0.361996,0.060407,0.342106,0.372123,-0.187147,0.336756,0.470219,0.101066,0.343712,0.481779,-0.211982,0.353798,0.546479,0.047172,0.365651,0.563793,-0.1944,0.354901,0.571707,0.04492,0.368942,0.587989,-0.220724,0.361765,0.567973,0.019178,0.372648,0.584654,-0.217307,0.359945,0.56162,0.035126,0.372122,0.576785,-0.192198,0.310668,0.535082,0.081331,0.318685,0.540871,-0.081429,0.306593,0.662771,0.153002,0.359806,0.65832,-0.020656,0.249484,0.757481,0.21489,0.342855,0.796407,0.064965,0.23173,0.763285,0.218375,0.326981,0.818597,0.074742,0.261636,0.815912,0.193385,0.373067,0.830358,0.053687
Zara_Lat_1_3.9.26,6,699.25,600.72,0,699.25,600.72,0.9859,701.62,609.07,0.9987,0.373477,0.294372,-0.090353,0.367844,0.28155,-0.08256,0.366548,0.281587,-0.082706,0.365223,0.281819,-0.082706,0.367861,0.281871,-0.104707,0.366508,0.282177,-0.104879,0.364978,0.282658,-0.104926,0.354967,0.289082,-0.035988,0.355081,0.289765,-0.140742,0.369941,0.30793,-0.069845,0.369479,0.307156,-0.100281,0.340174,0.364193,0.060225,0.340202,0.374511,-0.186473,0.332509,0.420801,0.186959,0.340893,0.483929,-0.210286,0.342434,0.426662,0.263163,0.365425,0.563955,-0.197734,0.342092,0.427223,0.278569,0.369105,0.588672,-0.222391,0.345931,0.422347,0.258664,0.373091,0.585271,-0.21958,0.346722,0.422785,0.257425,0.372451,0.577129,-0.195615,0.310685,0.539416,0.081309,0.317355,0.543989,-0.081409,0.306634,0.666117,0.142784,0.361421,0.658312,-0.019301,0.249475,0.758537,0.190773,0.342927,0.796182,0.075285,0.231575,0.764833,0.192897,0.327112,0.818547,0.086231,0.261625,0.816903,0.165629,0.373067,0.830417,0.068627
Zara_Lat_1_3.9.26,7,702.39,601.42,0,702.39,601.42,0.987,702.15,611.66,0.9988,0.372622,0.297917,-0.099796,0.366977,0.285385,-0.090711,0.365685,0.285409,-0.090861,0.364357,0.285589,-0.090835,0.366963,0.285914,-0.114327,0.365575,0.286347,-0.114511,0.364013,0.286822,-0.114554,0.354019,0.292267,-0.040447,0.35408,0.293257,-0.148085,0.36912,0.311537,-0.077529,0.368604,0.310907,-0.109288,0.339713,0.36895,0.056582,0.33838,0.378734,-0.191656,0.332965,0.45577,0.114822,0.338512,0.489143,-0.214014,0.347596,0.517242,0.065837,0.365704,0.566354,-0.198184,0.350435,0.524842,0.062538,0.369614,0.589124,-0.223654,0.35741,0.516378,0.038199,0.373444,0.585392,-0.220354,0.353644,0.514317,0.054244,0.372698,0.577404,-0.195854,0.310346,0.544003,0.080896,0.317006,0.548536,-0.080991,0.306752,0.669821,0.13718,0.362963,0.659196,-0.017206,0.249465,0.759724,0.182857,0.342926,0.796184,0.08756,0.231383,0.765259,0.184114,0.327204,0.818344,0.098277,0.261354,0.817999,0.151105,0.373068,0.830409,0.079907
Zara_Lat_1_3.9.26,8,700.0,603.0,0,704.43,604.36,0.9874,702.83,611.98,0.9989,0.371946,0.303001,-0.100645,0.366305,0.290454,-0.091342,0.365077,0.290394,-0.091495,0.363836,0.290475,-0.091466,0.366177,0.290806,-0.11556,0.364827,0.291035,-0.115743,0.363266,0.291309,-0.115791,0.35348,0.296588,-0.04075,0.353137,0.297242,-0.150493,0.368164,0.316295,-0.078158,0.367587,0.315206,-0.110618,0.338931,0.372633,0.055765,0.336158,0.38185,-0.193766,0.333049,0.472799,0.102785,0.336639,0.492249,-0.215358,0.349764,0.536224,0.04727,0.366055,0.56665,-0.195947,0.35612,0.557415,0.04399,0.369774,0.589126,-0.221516,0.362772,0.551093,0.019479,0.37348,0.585375,-0.218354,0.360358,0.547543,0.035521,0.372792,0.577392,-0.193685,0.310258,0.547805,0.080912,0.315916,0.551466,-0.081008,0.306755,0.673211,0.143047,0.36406,0.660276,-0.030828,0.249441,0.761886,0.192398,0.342925,0.796189,0.084355,0.231137,0.766359,0.194791,0.32723,0.818292,0.090944,0.261176,0.819314,0.170993,0.373078,0.830415,0.066841
Zara_Lat_1_3.9.26,9,700.0,606.0,0,706.66,604.7,0.9851,703.36,611.9,0.999,0.370719,0.304695,-0.101739,0.364951,0.291931,-0.092464,0.363606,0.291968,-0.092619,0.362214,0.292128,-0.092589,0.364865,0.292338,-0.116933,0.363476,0.29265,-0.117117,0.361889,0.292947,-0.117168,0.35103,0.2995,-0.041987,0.351325,0.299816,-0.152474,0.366693,0.318403,-0.079216,0.366256,0.31768,-0.111974,0.337582,0.375934,0.053325,0.334009,0.385092,-0.194648,0.333342,0.48065,0.097131,0.335034,0.495047,-0.21536,0.352591,0.544244,0.042423,0.366331,0.566575,-0.194568,0.360642,0.56777,0.03937,0.370084,0.58908,-0.220186,0.367071,0.563678,0.014536,0.373653,0.584845,-0.216861,0.363681,0.557931,0.030612,0.372815,0.577134,-0.19231,0.310231,0.55236,0.080827,0.315183,0.555166,-0.08092,0.306755,0.676452,0.145132,0.365185,0.661398,-0.032822,0.249338,0.763918,0.198458,0.342854,0.796571,0.080951,0.231033,0.767231,0.201492,0.3273,0.81832,0.087161,0.260817,0.820021,0.180974,0.373079,0.830424,0.065529
Zara_Lat_1_3.9.26,10,700.0,606.0,0,706.6,604.81,0.987,703.79,612.77,0.999,0.369877,0.30881,-0.100728,0.364349,0.296114,-0.091536,0.362962,0.2961,-0.091692,0.361547,0.296184,-0.091669,0.364175,0.296647,-0.11575,0.362698,0.296958,-0.115933,0.361091,0.297191,-0.115972,0.350361,0.302956,-0.041716,0.350575,0.303372,-0.150793,0.365794,0.322403,-0.078518,0.365493,0.321855,-0.110882,0.336231,0.377963,0.055106,0.331621,0.387683,-0.194168,0.333726,0.476891,0.106863,0.33381,0.498583,-0.213961,0.354249,0.542848,0.063957,0.366557,0.567377,-0.193346,0.362057,0.564886,0.063103,0.370315,0.590612,-0.217773,0.36733,0.559731,0.038785,0.373785,0.585853,-0.215086,0.365193,0.556079,0.052762,0.372855,0.577727,-0.191175,0.309987,0.554383,0.080743,0.313883,0.557357,-0.080837,0.306737,0.679512,0.142124,0.366623,0.661542,-0.041845,0.248036,0.766346,0.182645,0.342854,0.796413,0.064532,0.229771,0.768023,0.185335,0.327399,0.817231,0.074362,0.259236,0.820007,0.165834,0.373078,0.830426,0.05915
Zara_Lat_1_3.9.26,11,705.0,613.0,0,706.29,607.83,0.9916,703.87,615.34,0.999,0.368672,0.311403,-0.100565,0.363314,0.298933,-0.091405,0.361851,0.298869,-0.091562,0.360359,0.298868,-0.091531,0.363184,0.299587,-0.115667,0.361706,0.299919,-0.115856,0.360151,0.300117,-0.115904,0.349076,0.305621,-0.041002,0.349686,0.305923,-0.150998,0.364579,0.324821,-0.078345,0.364456,0.324403,-0.11081,0.334337,0.380898,0.055287,0.329991,0.39066,-0.194305,0.334019,0.48147,0.100156,0.333498,0.50191,-0.214993,0.360195,0.551871,0.044967,0.366597,0.56976,-0.193489,0.367868,0.570583,0.041629,0.370494,0.59295,-0.217928,0.372418,0.569128,0.017652,0.374025,0.588289,-0.215433,0.370125,0.563886,0.033434,0.373082,0.579668,-0.19143,0.309592,0.556818,0.080747,0.313266,0.559567,-0.080842,0.306631,0.682059,0.13894,0.367764,0.661923,-0.040975,0.246397,0.768313,0.180564,0.342812,0.796375,0.064,0.227792,0.769727,0.182808,0.327341,0.817125,0.074122,0.258629,0.820062,0.163242,0.373064,0.830436,0.058397
Zara_Lat_1_3.9.26,12,702.0,612.0,0,706.13,610.22,0.9911,703.94,618.04,0.999,0.367503,0.313948,-0.100415,0.362494,0.30165,-0.09115,0.361113,0.301521,-0.091309,0.359684,0.301434,-0.091276,0.362218,0.302406,-0.115603,0.360743,0.302754,-0.115793,0.359121,0.302919,-0.115841,0.348577,0.307366,-0.040583,0.348653,0.307957,-0.151187,0.363349,0.327414,-0.078039,0.363212,0.327122,-0.110731,0.333808,0.383255,0.055027,0.328416,0.392827,-0.194665,0.333575,0.485216,0.097139,0.332955,0.504305,-0.215197,0.361148,0.552659,0.039521,0.366634,0.572263,-0.195243,0.368644,0.570302,0.035339,0.37048,0.595388,-0.220144,0.372371,0.569902,0.011597,0.374224,0.590859,-0.217504,0.370733,0.564435,0.027976,0.373253,0.58275,-0.193203,0.309246,0.558991,0.080637,0.312776,0.562238,-0.08073,0.306549,0.684468,0.137024,0.368407,0.662281,-0.039813,0.244539,0.769883,0.177994,0.34276,0.796513,0.060235,0.22619,0.771055,0.17988,0.32734,0.817211,0.07008,0.257581,0.820141,0.157468,0.373035,0.830456,0.058286
Zara_Lat_1_3.9.26,13,702.0,612.0,0,707.58,611.95,0.9908,703.52,619.66,0.9984,0.366374,0.31726,-0.100295,0.361255,0.304964,-0.090986,0.359927,0.304754,-0.091148,0.358583,0.304576,-0.091119,0.36085,0.305671,-0.115472,0.359343,0.305861,-0.115664,0.357746,0.305953,-0.115712,0.347918,0.310723,-0.040222,0.347702,0.311151,-0.149213,0.362355,0.33021,-0.077782,0.362226,0.32988,-0.110603,0.331577,0.38199,0.055741,0.32717,0.395927,-0.188781,0.332173,0.413082,0.192418,0.333255,0.506159,-0.215716,0.342189,0.427751,0.273827,0.366416,0.573761,-0.199848,0.342655,0.432349,0.28986,0.370408,0.596999,-0.220197,0.343267,0.430865,0.271717,0.374359,0.592755,-0.219438,0.344416,0.430326,0.269091,0.373363,0.584324,-0.198225,0.308583,0.560363,0.080649,0.312301,0.564357,-0.080743,0.306571,0.686596,0.110742,0.368874,0.662447,-0.047218,0.244107,0.770176,0.138217,0.342553,0.796945,0.035203,0.22589,0.771884,0.138851,0.32731,0.817386,0.043495,0.257347,0.820037,0.115898,0.372914,0.830439,0.028154
Zara_Lat_1_3.9.26,14,704.0,618.0,0,707.89,613.53,0.9902,703.52,623.49,0.9983,0.36552,0.319051,-0.09993,0.360566,0.307525,-0.090934,0.359264,0.30734,-0.091096,0.357939,0.307186,-0.091071,0.360148,0.308131,-0.115373,0.358676,0.30834,-0.11556,0.357096,0.308413,-0.115599,0.347376,0.312333,-0.039996,0.347025,0.312833,-0.149495,0.361484,0.332013,-0.077739,0.36136,0.331678,-0.110476,0.331286,0.385475,0.054585,0.32584,0.397273,-0.189283,0.333422,0.463891,0.115753,0.332902,0.50878,-0.216264,0.357592,0.529567,0.069163,0.366416,0.577301,-0.197862,0.360911,0.545628,0.066066,0.370434,0.600583,-0.219902,0.365005,0.546394,0.04301,0.374488,0.596054,-0.218728,0.363425,0.540135,0.058129,0.373485,0.587957,-0.196301,0.308185,0.561818,0.080578,0.311993,0.565625,-0.080673,0.306589,0.687701,0.1113,0.369297,0.662498,-0.041875,0.243771,0.770339,0.146918,0.342474,0.797331,0.04215,0.225503,0.771951,0.147972,0.32731,0.817612,0.05004,0.256503,0.820473,0.122033,0.372909,0.830566,0.029766
Zara_Lat_1_3.9.26,15,704.0,618.0,0,707.68,614.08,0.9909,703.69,625.69,0.9983,0.364979,0.320422,-0.09677,0.360146,0.309015,-0.087897,0.358931,0.308813,-0.088057,0.357668,0.308623,-0.088032,0.359662,0.30952,-0.112025,0.358235,0.309696,-0.11221,0.356686,0.309746,-0.112234,0.347275,0.313404,-0.038036,0.346663,0.313959,-0.146148,0.360922,0.333246,-0.074715,0.360803,0.332989,-0.10697,0.330547,0.387141,0.054785,0.324896,0.398091,-0.188776,0.334089,0.476545,0.115155,0.332933,0.509658,-0.212052,0.361248,0.551717,0.071846,0.366507,0.579342,-0.190595,0.365371,0.565776,0.070064,0.370522,0.603327,-0.212492,0.371097,0.567566,0.047133,0.374607,0.598943,-0.211608,0.367378,0.562909,0.061132,0.373561,0.590609,-0.189052,0.307737,0.562095,0.080393,0.311699,0.566031,-0.080494,0.306613,0.688818,0.109127,0.369376,0.662546,-0.045918,0.242652,0.771235,0.137182,0.34222,0.797815,0.028716,0.224875,0.772863,0.137562,0.327288,0.817832,0.035541,0.256395,0.820549,0.114106,0.372881,0.830564,0.014184
Zara_Lat_1_3.9.26,16,705.0,622.0,0,706.72,615.32,0.9904,703.63,626.72,0.9982,0.364414,0.322056,-0.092641,0.359571,0.310767,-0.084235,0.358362,0.310556,-0.084396,0.357118,0.310361,-0.084371,0.35904,0.311098,-0.108481,0.357607,0.311176,-0.108662,0.356088,0.311147,-0.108678,0.346868,0.314813,-0.036851,0.34623,0.315278,-0.145203,0.360253,0.334946,-0.071323,0.359996,0.334679,-0.103685,0.330087,0.388452,0.055369,0.324315,0.39896,-0.189383,0.334898,0.485301,0.103245,0.332656,0.509755,-0.210812,0.364621,0.562708,0.048687,0.366474,0.580296,-0.187185,0.368343,0.581672,0.045505,0.370527,0.604522,-0.209285,0.374366,0.582243,0.021815,0.374631,0.599861,-0.208178,0.371196,0.575596,0.037323,0.373645,0.591872,-0.185595,0.30751,0.562914,0.080102,0.311587,0.566441,-0.080206,0.306938,0.689343,0.109135,0.369224,0.662588,-0.045243,0.242633,0.771122,0.132542,0.342089,0.798111,0.033413,0.224666,0.773309,0.132378,0.327283,0.817936,0.040554,0.256062,0.821382,0.107286,0.372783,0.830574,0.018407
Zara_Lat_1_3.9.26,17,705.0,622.0,0,707.44,616.28,0.9901,703.31,627.15,0.9983,0.363907,0.321581,-0.095665,0.359172,0.31004,-0.087345,0.357996,0.309797,-0.087509,0.356793,0.309573,-0.087485,0.35868,0.310518,-0.112244,0.35729,0.31063,-0.112422,0.35581,0.310626,-0.112435,0.34636,0.314412,-0.039462,0.345764,0.314914,-0.151252,0.359814,0.334477,-0.074155,0.359692,0.334171,-0.107371,0.33062,0.39034,0.052448,0.323422,0.39873,-0.197097,0.335168,0.490437,0.093661,0.332189,0.509005,-0.221528,0.365654,0.56504,0.036407,0.366308,0.580693,-0.203236,0.369145,0.585223,0.032404,0.370272,0.605505,-0.227809,0.374748,0.585698,0.007808,0.374702,0.601238,-0.227664,0.372156,0.577842,0.024545,0.373681,0.592959,-0.202349,0.307499,0.562805,0.080109,0.310963,0.565777,-0.080211,0.307189,0.689347,0.111272,0.368955,0.662824,-0.053194,0.242678,0.771231,0.138943,0.341899,0.798114,0.02607,0.224821,0.77331,0.139121,0.32719,0.817926,0.033049,0.256149,0.821295,0.112014,0.372717,0.830785,0.006352
Zara_Lat_1_3.9.26,18,705.0,622.0,0,707.25,617.21,0.9896,703.4,627.09,0.9984,0.363607,0.321004,-0.100532,0.358732,0.309376,-0.091925,0.357567,0.309156,-0.092093,0.356398,0.308944,-0.09207,0.358084,0.30986,-0.116521,0.356615,0.309972,-0.116698,0.355049,0.309967,-0.116713,0.345926,0.314173,-0.043367,0.345188,0.314737,-0.153734,0.359622,0.333812,-0.078841,0.359327,0.333646,-0.11161,0.330482,0.388822,0.047448,0.323206,0.398886,-0.19773,0.335985,0.487929,0.091434,0.332472,0.509735,-0.219972,0.366653,0.564009,0.040018,0.366352,0.580637,-0.198533,0.370729,0.584625,0.037069,0.370321,0.60548,-0.222178,0.375506,0.584733,0.01248,0.374767,0.601188,-0.222761,0.374123,0.577606,0.028447,0.373706,0.59308,-0.197846,0.307477,0.561786,0.079196,0.310366,0.565395,-0.079301,0.307721,0.688591,0.110243,0.368775,0.662802,-0.049217,0.242702,0.770994,0.135307,0.3419,0.797984,0.0274,0.224953,0.77302,0.135304,0.327087,0.81769,0.0375,0.255902,0.821545,0.109261,0.372737,0.830813,0.025707
Zara_Lat_1_3.9.26,19,705.0,622.0,0,707.07,618.69,0.9902,703.37,627.98,0.9985,0.363052,0.319999,-0.102493,0.358152,0.308279,-0.093587,0.357035,0.308068,-0.093753,0.355879,0.307869,-0.093726,0.35752,0.308778,-0.11871,0.356125,0.308908,-0.118888,0.354566,0.30893,-0.118907,0.34545,0.31333,-0.044627,0.344675,0.313941,-0.157416,0.359218,0.33285,-0.08068,0.358916,0.332697,-0.114162,0.330766,0.388994,0.046666,0.322744,0.398739,-0.203514,0.337152,0.490004,0.089426,0.332876,0.508934,-0.229343,0.367005,0.565118,0.03547,0.366337,0.58146,-0.213497,0.371368,0.58527,0.032067,0.370373,0.606173,-0.239227,0.375899,0.585182,0.00672,0.374802,0.601885,-0.238935,0.37481,0.578142,0.023456,0.373762,0.593547,-0.21273,0.307541,0.560637,0.079193,0.309842,0.564292,-0.079297,0.308096,0.6879,0.103596,0.3685,0.662781,-0.052143,0.242785,0.770778,0.12355,0.34184,0.797961,0.035156,0.225102,0.772876,0.122806,0.326855,0.817626,0.044141,0.255634,0.821795,0.091293,0.372641,0.831113,0.025028
Zara_Lat_1_3.9.26,20,705.0,619.0,0,706.83,615.94,0.9894,703.26,628.52,0.9985,0.362807,0.319103,-0.102281,0.357799,0.307293,-0.093459,0.356616,0.30711,-0.093626,0.355405,0.306936,-0.0936,0.357232,0.307786,-0.118414,0.355798,0.307943,-0.118593,0.354234,0.307982,-0.118616,0.344842,0.312557,-0.045634,0.34436,0.313143,-0.157109,0.358882,0.332036,-0.080691,0.35856,0.331886,-0.11394,0.330754,0.388126,0.042951,0.322735,0.397948,-0.202922,0.338288,0.489468,0.084155,0.333032,0.508204,-0.22774,0.367725,0.565281,0.032058,0.366282,0.581963,-0.211242,0.371797,0.58523,0.028858,0.370288,0.606635,-0.23662,0.376161,0.585283,0.003831,0.374869,0.602384,-0.235695,0.375273,0.578078,0.020283,0.373806,0.593989,-0.210149,0.307601,0.559676,0.078449,0.309602,0.563514,-0.078549,0.308586,0.687593,0.106237,0.368197,0.662761,-0.050198,0.244586,0.770441,0.132021,0.341454,0.797986,0.039141,0.225659,0.772708,0.131988,0.326729,0.817667,0.047729,0.255032,0.821808,0.102659,0.372416,0.831258,0.026679
Zara_Lat_1_3.9.26,21,707.05,615.92,0,707.05,615.92,0.9893,703.1,628.07,0.9986,0.362791,0.318192,-0.10565,0.357764,0.306353,-0.096058,0.356569,0.30618,-0.096223,0.355326,0.30602,-0.096192,0.357171,0.306848,-0.121546,0.355714,0.30702,-0.121724,0.354083,0.307082,-0.121749,0.344785,0.311773,-0.045705,0.344113,0.312413,-0.159268,0.358771,0.331232,-0.083154,0.358408,0.331086,-0.117098,0.33095,0.38796,0.045032,0.322752,0.397284,-0.206374,0.338735,0.488487,0.08837,0.333412,0.507354,-0.235117,0.367465,0.563664,0.03363,0.366198,0.581544,-0.22386,0.371155,0.583688,0.030143,0.370235,0.606478,-0.250969,0.375854,0.584397,0.004376,0.37491,0.602348,-0.250371,0.374469,0.576347,0.021459,0.373816,0.59372,-0.223062,0.307628,0.558959,0.07851,0.309395,0.56289,-0.078611,0.308859,0.686937,0.102287,0.367998,0.662749,-0.055431,0.24524,0.770462,0.130467,0.341357,0.797887,0.038153,0.226066,0.772554,0.130629,0.32651,0.81743,0.046858,0.254934,0.822253,0.100891,0.372411,0.831527,0.024016
Zara_Lat_1_3.9.26,22,705.76,615.23,0,705.76,615.23,0.9887,702.14,627.74,0.9987,0.362964,0.317434,-0.10728,0.357894,0.305579,-0.098081,0.356691,0.305429,-0.098245,0.355478,0.305301,-0.098215,0.35725,0.306079,-0.12286,0.355712,0.306296,-0.123037,0.354078,0.306421,-0.123062,0.344878,0.311178,-0.048581,0.343984,0.311875,-0.159305,0.358862,0.330565,-0.085098,0.35835,0.330411,-0.118132,0.330934,0.386976,0.04212,0.322816,0.396651,-0.205247,0.339077,0.48636,0.087084,0.333582,0.506651,-0.234329,0.367429,0.563505,0.036565,0.365699,0.581243,-0.21968,0.371503,0.583092,0.033997,0.369531,0.606284,-0.244989,0.376095,0.583587,0.008224,0.374563,0.60222,-0.247719,0.374772,0.576338,0.024589,0.373507,0.593631,-0.220254,0.307675,0.558386,0.077995,0.309648,0.562331,-0.078099,0.309472,0.686331,0.1051,0.367975,0.662736,-0.050628,0.246444,0.770313,0.132119,0.341269,0.797945,0.040549,0.226825,0.771831,0.132142,0.326504,0.817961,0.048975,0.254926,0.822824,0.101603,0.372266,0.831537,0.025608
Zara_Lat_1_3.9.26,23,704.75,614.93,0,704.75,614.93,0.9887,701.98,627.53,0.9988,0.363051,0.317104,-0.107669,0.358095,0.305176,-0.098333,0.356874,0.305023,-0.098493,0.355659,0.304894,-0.098458,0.357489,0.30566,-0.123596,0.355951,0.305856,-0.12378,0.354331,0.305974,-0.123808,0.3451,0.31088,-0.048083,0.344235,0.311579,-0.161192,0.358953,0.33022,-0.08517,0.358497,0.330119,-0.118849,0.331088,0.386259,0.044384,0.323498,0.396252,-0.209211,0.339363,0.485874,0.090205,0.3338,0.506547,-0.237579,0.367963,0.56258,0.036113,0.365616,0.581046,-0.223698,0.372346,0.582366,0.033142,0.369465,0.606158,-0.250221,0.376542,0.582688,0.00684,0.374528,0.602204,-0.249988,0.375409,0.575471,0.023739,0.373463,0.593624,-0.222974,0.30766,0.558311,0.078627,0.3098,0.562187,-0.078728,0.309665,0.685834,0.103336,0.367864,0.662708,-0.059104,0.246931,0.770162,0.13114,0.341263,0.797984,0.030008,0.227128,0.771764,0.131206,0.326545,0.818115,0.038075,0.255031,0.822927,0.099664,0.372267,0.83191,0.010362
Zara_Lat_1_3.9.26,24,704.54,612.48,0,704.54,612.48,0.9885,701.89,627.17,0.9987,0.363257,0.316228,-0.108461,0.358288,0.303852,-0.098756,0.357074,0.303681,-0.098919,0.355869,0.303485,-0.098897,0.357652,0.304328,-0.123388,0.35607,0.304474,-0.123584,0.354416,0.304562,-0.123634,0.345277,0.309584,-0.047331,0.344101,0.310414,-0.16033,0.359212,0.328999,-0.085408,0.358723,0.328917,-0.118413,0.331198,0.383759,0.044939,0.323725,0.396082,-0.201916,0.33696,0.417262,0.179491,0.33398,0.506023,-0.236463,0.344048,0.433806,0.245656,0.365569,0.580711,-0.221097,0.343424,0.439591,0.259455,0.369377,0.605854,-0.24602,0.343596,0.436243,0.239123,0.374459,0.602017,-0.245048,0.345112,0.434989,0.239548,0.37342,0.593446,-0.219864,0.307669,0.557493,0.07862,0.309669,0.561387,-0.078728,0.309817,0.685572,0.087035,0.36749,0.662499,-0.054202,0.247934,0.769671,0.103284,0.341222,0.797796,0.027401,0.22783,0.771204,0.102399,0.326486,0.818116,0.034868,0.25511,0.822869,0.070368,0.372224,0.831916,0.010099
Zara_Lat_1_3.9.26,25,702.49,612.34,0,702.49,612.34,0.9877,701.72,628.09,0.9987,0.363354,0.314683,-0.108121,0.358423,0.302114,-0.098295,0.357187,0.301946,-0.098458,0.355969,0.30176,-0.098431,0.357821,0.302646,-0.12312,0.356227,0.302814,-0.123314,0.354552,0.302898,-0.12336,0.345407,0.307662,-0.046674,0.344193,0.308579,-0.159429,0.359319,0.327656,-0.085011,0.358874,0.327404,-0.118231,0.332024,0.383516,0.04612,0.323996,0.395542,-0.202811,0.338427,0.448721,0.114704,0.334087,0.505111,-0.233821,0.35615,0.514136,0.066639,0.365478,0.581561,-0.219651,0.359761,0.531987,0.063971,0.369114,0.606761,-0.245838,0.361138,0.533866,0.036914,0.374152,0.603231,-0.244877,0.361184,0.52733,0.054149,0.373186,0.594749,-0.218567,0.307676,0.556251,0.078656,0.309446,0.560226,-0.078759,0.309817,0.684919,0.102913,0.366579,0.662317,-0.053163,0.248723,0.768771,0.14035,0.341058,0.797913,0.029564,0.228983,0.769101,0.141215,0.32649,0.818647,0.036927,0.254975,0.822816,0.104941,0.372251,0.832132,0.007256
Zara_Lat_1_3.9.26,26,701.05,611.13,0,701.05,611.13,0.9874,700.6,627.82,0.9988,0.363477,0.313796,-0.111441,0.358524,0.301091,-0.101221,0.357302,0.300909,-0.101383,0.356106,0.300717,-0.101348,0.357882,0.301432,-0.126293,0.35627,0.301543,-0.12648,0.354565,0.301638,-0.126518,0.345568,0.306201,-0.04804,0.344141,0.307205,-0.160865,0.359419,0.327053,-0.087909,0.358752,0.32674,-0.121378,0.332454,0.383443,0.046337,0.324203,0.394772,-0.206484,0.339917,0.460527,0.09962,0.334209,0.503495,-0.235238,0.361969,0.542814,0.043126,0.364898,0.581316,-0.222665,0.36575,0.561412,0.040016,0.368716,0.606499,-0.249888,0.368568,0.563564,0.012369,0.373552,0.603385,-0.248938,0.367342,0.555817,0.030242,0.372532,0.59479,-0.22168,0.307721,0.554205,0.078694,0.309397,0.557968,-0.078794,0.309962,0.683463,0.10467,0.36568,0.661947,-0.051163,0.24903,0.768689,0.139002,0.341006,0.797543,0.032932,0.229344,0.768567,0.139393,0.326422,0.818472,0.040491,0.255007,0.82296,0.103977,0.371972,0.832099,0.01257
Zara_Lat_1_3.9.26,27,698.69,610.59,0,698.69,610.59,0.9892,699.42,627.88,0.9989,0.363619,0.311663,-0.112731,0.358648,0.299078,-0.102679,0.357423,0.298963,-0.102842,0.356225,0.298874,-0.102806,0.358018,0.299341,-0.127785,0.356414,0.29949,-0.127973,0.354716,0.29966,-0.128011,0.345694,0.304236,-0.050012,0.344307,0.305194,-0.162644,0.359556,0.325277,-0.089515,0.358904,0.324754,-0.123006,0.333143,0.382994,0.04465,0.324443,0.392828,-0.209451,0.341104,0.467384,0.092312,0.334236,0.501245,-0.23513,0.364588,0.552136,0.038186,0.364279,0.581372,-0.22069,0.368824,0.570487,0.035598,0.368008,0.606665,-0.247495,0.372268,0.572664,0.008216,0.37287,0.603538,-0.24655,0.370401,0.565052,0.025489,0.371843,0.594959,-0.219654,0.307745,0.552564,0.078707,0.30937,0.556382,-0.078809,0.310169,0.68163,0.106871,0.364495,0.661681,-0.050429,0.249381,0.768171,0.143486,0.340909,0.797364,0.043257,0.229663,0.767511,0.144104,0.326309,0.818417,0.052032,0.255066,0.823826,0.109388,0.3719,0.832215,0.02587
Zara_Lat_1_3.9.26,28,698.01,610.65,0,698.01,610.65,0.9888,698.81,627.78,0.9989,0.363679,0.311177,-0.11197,0.358722,0.298467,-0.102124,0.357475,0.298305,-0.10229,0.356237,0.298179,-0.102255,0.358104,0.298664,-0.127354,0.356492,0.298748,-0.127548,0.354816,0.298838,-0.127592,0.345858,0.302987,-0.049959,0.344445,0.303976,-0.161627,0.359655,0.324974,-0.088824,0.359036,0.324406,-0.122506,0.334592,0.382743,0.045204,0.324647,0.391525,-0.208698,0.342391,0.470995,0.092508,0.334407,0.499716,-0.233692,0.365968,0.557818,0.03758,0.363966,0.581273,-0.2189,0.369939,0.576929,0.034942,0.367822,0.606559,-0.245295,0.373343,0.578591,0.007894,0.372469,0.603606,-0.244183,0.371495,0.57075,0.025022,0.371362,0.595018,-0.217732,0.307786,0.550346,0.078729,0.309144,0.553919,-0.07883,0.310174,0.67961,0.103666,0.363582,0.661284,-0.055216,0.249423,0.767163,0.133043,0.340897,0.797268,0.025173,0.229784,0.766511,0.132844,0.326181,0.81848,0.032048,0.255092,0.82386,0.097737,0.371869,0.832217,0.001806
Zara_Lat_1_3.9.26,29,695.76,610.16,0,695.76,610.16,0.9881,698.1,627.63,0.999,0.363789,0.309668,-0.113213,0.358811,0.296262,-0.103601,0.35757,0.29606,-0.103761,0.356338,0.2959,-0.103727,0.358207,0.29657,-0.12853,0.356603,0.296628,-0.128717,0.354926,0.296754,-0.128757,0.345938,0.301388,-0.052343,0.344502,0.302546,-0.163163,0.359755,0.323114,-0.090433,0.359111,0.322593,-0.123674,0.335108,0.381322,0.042627,0.324783,0.38932,-0.209897,0.343083,0.472824,0.089177,0.335174,0.497899,-0.233787,0.366415,0.559311,0.03868,0.363595,0.581141,-0.218373,0.370866,0.578192,0.036589,0.367471,0.606474,-0.244877,0.374526,0.579018,0.009177,0.372234,0.603559,-0.243852,0.372721,0.571632,0.026088,0.371151,0.594942,-0.217305,0.307806,0.547514,0.078736,0.308987,0.551018,-0.078835,0.310455,0.676957,0.104884,0.362659,0.660374,-0.052848,0.24959,0.766216,0.13468,0.340885,0.797236,0.029331,0.230115,0.765755,0.13465,0.325857,0.818601,0.036032,0.255135,0.823792,0.10079,0.371552,0.832058,0.003326
Zara_Lat_1_3.9.26,30,695.79,609.13,0,695.79,609.13,0.9894,697.44,627.5,0.9991,0.363812,0.307145,-0.113462,0.358836,0.293654,-0.10361,0.357633,0.293596,-0.10377,0.35644,0.293612,-0.103734,0.358224,0.293777,-0.128431,0.356632,0.293855,-0.128617,0.354992,0.294115,-0.128655,0.346012,0.299756,-0.051632,0.344595,0.300659,-0.162354,0.359823,0.320418,-0.090406,0.35916,0.319807,-0.123471,0.335849,0.379885,0.043596,0.324814,0.387511,-0.208948,0.343617,0.474026,0.091366,0.335464,0.496266,-0.233426,0.366815,0.560399,0.040628,0.36325,0.581014,-0.218157,0.37123,0.579031,0.038244,0.366937,0.606345,-0.244375,0.374766,0.57988,0.010442,0.371729,0.603478,-0.242987,0.373114,0.572656,0.027844,0.370712,0.594799,-0.217103,0.307821,0.545608,0.078625,0.308903,0.548848,-0.078722,0.310678,0.674881,0.099463,0.361387,0.659719,-0.041407,0.249724,0.765723,0.122653,0.340877,0.797227,0.045396,0.230445,0.765702,0.121809,0.325624,0.818734,0.05256,0.255158,0.823961,0.083056,0.371289,0.831952,0.018295
Zara_Lat_1_3.9.26,31,693.77,609.16,0,693.77,609.16,0.9891,696.19,627.41,0.9991,0.364022,0.305317,-0.102959,0.359018,0.291992,-0.093322,0.357848,0.292027,-0.093481,0.356674,0.292166,-0.093448,0.358449,0.292069,-0.116657,0.356836,0.292264,-0.116839,0.355138,0.292673,-0.116873,0.346293,0.298278,-0.044573,0.344682,0.299194,-0.148414,0.360004,0.31884,-0.081453,0.35923,0.318099,-0.112505,0.335999,0.378323,0.045012,0.325033,0.386721,-0.195241,0.343846,0.474221,0.093251,0.335757,0.494774,-0.215109,0.366929,0.559951,0.044522,0.3626,0.580938,-0.198596,0.371584,0.579105,0.04281,0.366138,0.606228,-0.223565,0.374916,0.580258,0.015627,0.37087,0.603289,-0.223168,0.373302,0.572996,0.032109,0.36981,0.594635,-0.197936,0.307843,0.544282,0.077363,0.308756,0.547647,-0.077458,0.310788,0.672407,0.101314,0.360283,0.659006,-0.04142,0.249872,0.76506,0.122188,0.340927,0.796921,0.036775,0.230771,0.764305,0.121059,0.325211,0.818588,0.042862,0.255262,0.823924,0.084854,0.37098,0.832224,0.010919
Zara_Lat_1_3.9.26,32,692.49,608.48,0,692.49,608.48,0.9889,694.91,627.35,0.9992,0.364132,0.304029,-0.103085,0.359096,0.290538,-0.093472,0.357968,0.290485,-0.093633,0.356835,0.290504,-0.093599,0.358534,0.290763,-0.117003,0.35692,0.290958,-0.117187,0.355195,0.291408,-0.117222,0.346428,0.296948,-0.044446,0.344705,0.298112,-0.149512,0.36021,0.317368,-0.081495,0.359243,0.31673,-0.112756,0.336523,0.376998,0.045173,0.325824,0.385172,-0.196219,0.34404,0.474211,0.094185,0.336402,0.493114,-0.217072,0.366786,0.559389,0.044013,0.361931,0.580882,-0.200229,0.371659,0.577957,0.04206,0.365367,0.606108,-0.225725,0.374921,0.579307,0.014456,0.370013,0.603177,-0.225166,0.373143,0.572305,0.03136,0.36888,0.594503,-0.199462,0.30784,0.542737,0.077373,0.308638,0.546101,-0.077467,0.310857,0.670695,0.102533,0.359172,0.658638,-0.034737,0.249999,0.763983,0.12551,0.340893,0.796885,0.049132,0.231244,0.762662,0.124737,0.325001,0.818755,0.056051,0.255326,0.823889,0.089815,0.370969,0.832189,0.026875
Zara_Lat_1_3.9.26,33,692.27,609.45,0,692.27,609.45,0.9896,694.44,627.25,0.9992,0.364175,0.302939,-0.103973,0.359108,0.289614,-0.094325,0.357976,0.289607,-0.094484,0.356845,0.28975,-0.09445,0.358608,0.28976,-0.117899,0.357032,0.289981,-0.118078,0.355351,0.290474,-0.118111,0.346536,0.296239,-0.045187,0.344977,0.297324,-0.150197,0.360325,0.315978,-0.082345,0.359414,0.315064,-0.113703,0.336491,0.373272,0.044982,0.326226,0.383558,-0.197778,0.3439,0.473072,0.088424,0.337004,0.491779,-0.222116,0.36662,0.558953,0.033871,0.361686,0.580787,-0.209446,0.371408,0.577546,0.031131,0.364809,0.60601,-0.236696,0.374701,0.579309,0.003246,0.369427,0.603102,-0.235835,0.372963,0.572381,0.020965,0.368494,0.594456,-0.20881,0.307846,0.540916,0.077378,0.308449,0.544368,-0.077472,0.310853,0.669437,0.10319,0.358359,0.657892,-0.034701,0.249977,0.763347,0.127421,0.340874,0.796719,0.04827,0.231544,0.761362,0.126977,0.324724,0.818758,0.054406,0.255338,0.823696,0.093616,0.370881,0.832232,0.023171
Zara_Lat_1_3.9.26,34,691.86,608.77,0,691.86,608.77,0.9892,694.23,627.22,0.9993,0.364819,0.301376,-0.104705,0.359383,0.288817,-0.094735,0.358275,0.288865,-0.094892,0.357171,0.289021,-0.094854,0.358875,0.288978,-0.118468,0.357286,0.289263,-0.118648,0.355561,0.289767,-0.118677,0.347109,0.295175,-0.045097,0.345371,0.296252,-0.150701,0.360698,0.315072,-0.082625,0.359642,0.31429,-0.114178,0.33646,0.371118,0.045907,0.327244,0.383218,-0.197832,0.343854,0.473009,0.089534,0.337352,0.490852,-0.223198,0.366562,0.558118,0.032417,0.36158,0.580764,-0.211312,0.371349,0.576934,0.029396,0.364738,0.605959,-0.238903,0.37449,0.578505,0.001715,0.369361,0.60303,-0.237731,0.372825,0.571651,0.019516,0.36841,0.594362,-0.210506,0.307543,0.54028,0.077405,0.308482,0.544003,-0.077498,0.310939,0.668204,0.103839,0.356741,0.657433,-0.035592,0.249937,0.762576,0.12915,0.340859,0.796715,0.044781,0.231487,0.760652,0.128852,0.324479,0.8188,0.050489,0.255437,0.823514,0.095887,0.370669,0.832402,0.018598
Zara_Lat_1_3.9.26,35,691.03,607.67,0,691.03,607.67,0.9884,693.87,627.19,0.9993,0.364891,0.299505,-0.105768,0.359409,0.287007,-0.095884,0.358332,0.287067,-0.096039,0.357268,0.287244,-0.095997,0.358888,0.287217,-0.119509,0.357305,0.287621,-0.11969,0.355585,0.28826,-0.11972,0.347286,0.293989,-0.046218,0.345405,0.295175,-0.151146,0.360961,0.312983,-0.083694,0.359782,0.312269,-0.11516,0.33665,0.369792,0.045559,0.327683,0.38186,-0.19826,0.343719,0.473011,0.087847,0.337942,0.489619,-0.223355,0.366497,0.558129,0.032618,0.361388,0.580728,-0.211321,0.371111,0.57717,0.030058,0.364486,0.605892,-0.238831,0.374377,0.5789,0.002446,0.369147,0.602952,-0.237678,0.372807,0.571925,0.019855,0.368214,0.594292,-0.210511,0.307474,0.538702,0.077383,0.308344,0.542514,-0.077477,0.310988,0.666726,0.111543,0.354975,0.656909,-0.029029,0.250098,0.761918,0.146231,0.34086,0.796711,0.04969,0.231821,0.759979,0.146716,0.324449,0.818946,0.055646,0.255504,0.823446,0.113733,0.370612,0.832349,0.023381
Zara_Lat_1_3.9.26,36,691.64,607.43,0,691.64,607.43,0.9881,693.85,627.59,0.9994,0.364915,0.2978,-0.102438,0.359432,0.285453,-0.092743,0.358362,0.285569,-0.092899,0.35732,0.285834,-0.092857,0.358932,0.285826,-0.116284,0.357369,0.286392,-0.116468,0.355679,0.287135,-0.116502,0.347347,0.292947,-0.044549,0.34561,0.294281,-0.149241,0.361115,0.311297,-0.080975,0.359896,0.310809,-0.112314,0.336406,0.36841,0.046164,0.328208,0.381608,-0.197008,0.342621,0.472884,0.089625,0.338122,0.489212,-0.220387,0.365276,0.557538,0.037601,0.36138,0.581105,-0.207388,0.369952,0.576377,0.035352,0.364535,0.60587,-0.234547,0.374144,0.578014,0.008358,0.369229,0.602897,-0.232677,0.372289,0.571202,0.025147,0.368303,0.594343,-0.206259,0.306648,0.537834,0.077319,0.308345,0.542409,-0.077412,0.310977,0.665908,0.11902,0.353676,0.656949,-0.022196,0.250293,0.761311,0.154211,0.340711,0.796763,0.054448,0.232453,0.759595,0.154718,0.324162,0.819447,0.060549,0.255924,0.823429,0.12156,0.370402,0.832136,0.028397
Zara_Lat_1_3.9.26,37,692.99,608.6,0,692.99,608.6,0.9859,693.63,627.5,0.9994,0.365569,0.296607,-0.102587,0.359788,0.28399,-0.092783,0.35869,0.284176,-0.092936,0.357604,0.284493,-0.092892,0.359413,0.284204,-0.116548,0.357904,0.284702,-0.116733,0.356219,0.28538,-0.116768,0.347591,0.291696,-0.045453,0.346032,0.292801,-0.149613,0.361484,0.31019,-0.081142,0.360432,0.309434,-0.11248,0.336383,0.366013,0.044991,0.328696,0.380185,-0.197329,0.34186,0.472683,0.084909,0.338479,0.488493,-0.220772,0.364313,0.557253,0.031101,0.361263,0.581022,-0.206181,0.368607,0.57588,0.028613,0.364283,0.605777,-0.232967,0.373088,0.578111,0.001394,0.368948,0.602866,-0.231235,0.37133,0.57101,0.018512,0.368102,0.594307,-0.205023,0.305869,0.536659,0.077084,0.308177,0.541272,-0.07718,0.310966,0.66485,0.11806,0.352823,0.656499,-0.020691,0.250259,0.760531,0.151709,0.340595,0.796784,0.056233,0.232448,0.758963,0.152096,0.32391,0.819778,0.062433,0.255936,0.823194,0.119668,0.37025,0.832061,0.031104
Zara_Lat_1_3.9.26,38,690.62,608.28,0,690.62,608.28,0.9864,693.2,627.18,0.9994,0.365648,0.296759,-0.10945,0.359914,0.28425,-0.099564,0.358816,0.284367,-0.099721,0.357733,0.284587,-0.099672,0.359518,0.284491,-0.123995,0.35798,0.284892,-0.124184,0.356282,0.28546,-0.124223,0.347744,0.291109,-0.049903,0.346124,0.292197,-0.158035,0.361491,0.310621,-0.087069,0.360446,0.309825,-0.119499,0.335961,0.365118,0.043788,0.328888,0.379433,-0.20541,0.34015,0.471905,0.085329,0.338517,0.487265,-0.230843,0.362974,0.556876,0.031345,0.361043,0.580721,-0.217339,0.367131,0.57545,0.029035,0.364089,0.60495,-0.245068,0.371584,0.577502,0.001632,0.368704,0.602524,-0.242457,0.370187,0.570534,0.01865,0.36781,0.594046,-0.215793,0.305057,0.535634,0.077171,0.308101,0.540994,-0.077268,0.310954,0.664431,0.123342,0.351482,0.656514,-0.014582,0.250246,0.759996,0.16412,0.340473,0.796785,0.064855,0.232498,0.758909,0.165222,0.323823,0.819855,0.07124,0.25627,0.823059,0.13248,0.370244,0.832056,0.038536
Zara_Lat_1_3.9.26,39,688.45,607.41,0,688.45,607.41,0.9863,692.34,627.05,0.9994,0.365908,0.296456,-0.109222,0.360111,0.284079,-0.099453,0.358974,0.284091,-0.09961,0.357869,0.28422,-0.099563,0.359781,0.28434,-0.123819,0.358279,0.284652,-0.124008,0.356627,0.2851,-0.124046,0.347897,0.290019,-0.050431,0.346431,0.291232,-0.157953,0.3616,0.310327,-0.086863,0.360659,0.309517,-0.119297,0.3358,0.363971,0.042739,0.328996,0.378316,-0.205293,0.33807,0.471453,0.082788,0.338514,0.486911,-0.230563,0.361641,0.556557,0.028666,0.360593,0.580603,-0.217214,0.365993,0.575127,0.026249,0.363741,0.604609,-0.244697,0.370188,0.577293,-0.000805,0.368301,0.602162,-0.241889,0.369183,0.570293,0.016157,0.367464,0.593837,-0.215748,0.304871,0.534819,0.076973,0.308043,0.540188,-0.077075,0.310945,0.663646,0.119538,0.350361,0.656348,-0.019786,0.25023,0.759583,0.154572,0.340165,0.796921,0.062549,0.232449,0.758474,0.15499,0.323591,0.820249,0.067319,0.256257,0.822856,0.122493,0.370151,0.83204,0.032834
Zara_Lat_1_3.9.26,40,688.15,606.46,0,688.15,606.46,0.9866,691.12,626.6,0.9994,0.365994,0.296641,-0.105812,0.360165,0.28432,-0.096305,0.359042,0.284297,-0.096458,0.357946,0.284367,-0.096411,0.359825,0.284593,-0.120277,0.358314,0.28487,-0.120465,0.356638,0.285238,-0.120504,0.347992,0.289841,-0.048428,0.346435,0.29106,-0.154498,0.361614,0.310528,-0.083932,0.360673,0.309769,-0.115873,0.334845,0.362886,0.043857,0.32912,0.377743,-0.202307,0.337073,0.468122,0.083195,0.338513,0.486115,-0.225697,0.360103,0.55615,0.029404,0.359959,0.580186,-0.207305,0.365569,0.574222,0.026742,0.362754,0.603947,-0.232711,0.369529,0.576903,0.000256,0.367256,0.601826,-0.230317,0.368448,0.569979,0.016822,0.366534,0.593641,-0.205674,0.304063,0.534541,0.076954,0.30792,0.539984,-0.077058,0.310866,0.663039,0.120708,0.349722,0.65638,-0.01265,0.25021,0.759283,0.155382,0.339999,0.797119,0.061769,0.232473,0.758458,0.155902,0.323304,0.820593,0.067089,0.256222,0.82239,0.124388,0.370158,0.832038,0.034197
Zara_Lat_1_3.9.26,41,688.77,606.35,0,688.77,606.35,0.9862,690.73,626.23,0.9994,0.365996,0.29611,-0.108782,0.360173,0.283986,-0.099403,0.359056,0.283926,-0.099559,0.357963,0.283966,-0.09951,0.359832,0.284191,-0.123926,0.35832,0.284392,-0.124116,0.356644,0.284668,-0.124157,0.347998,0.288938,-0.050628,0.346444,0.28991,-0.159601,0.361591,0.310234,-0.086566,0.360662,0.309393,-0.119225,0.334773,0.36303,0.0434,0.329152,0.377466,-0.207256,0.336848,0.468247,0.082756,0.338523,0.485858,-0.231626,0.359886,0.555916,0.025982,0.359754,0.579843,-0.214222,0.365109,0.573996,0.023278,0.362674,0.603808,-0.240875,0.369254,0.576544,-0.003998,0.36709,0.601701,-0.238259,0.367874,0.569691,0.013199,0.366354,0.593498,-0.212547,0.303148,0.533997,0.077198,0.307619,0.539633,-0.077301,0.310836,0.662409,0.120852,0.349012,0.656095,-0.014128,0.250178,0.759246,0.156476,0.339903,0.79711,0.063535,0.232434,0.758382,0.157005,0.323291,0.820653,0.06946,0.256108,0.822293,0.123742,0.3698,0.832038,0.035801
Zara_Lat_1_3.9.26,42,687.39,606.11,0,687.39,606.11,0.9861,690.88,626.54,0.9995,0.366093,0.296135,-0.110917,0.360212,0.284064,-0.101538,0.359103,0.284002,-0.101696,0.358016,0.284018,-0.101649,0.359869,0.284287,-0.126224,0.358355,0.284483,-0.126414,0.356669,0.284729,-0.12645,0.348103,0.288881,-0.052346,0.346493,0.289848,-0.162267,0.361619,0.310273,-0.088608,0.360673,0.309474,-0.121511,0.334223,0.363044,0.041611,0.329136,0.377089,-0.209389,0.335596,0.468343,0.07967,0.33854,0.485902,-0.234537,0.359092,0.555712,0.021757,0.359833,0.580126,-0.219727,0.363832,0.573822,0.018446,0.362625,0.603868,-0.247068,0.368065,0.576275,-0.0085,0.367055,0.601721,-0.244777,0.36699,0.569512,0.009096,0.366395,0.59353,-0.218231,0.302353,0.533736,0.077212,0.307308,0.539618,-0.077314,0.310392,0.662478,0.122439,0.348346,0.655948,-0.016543,0.250021,0.759234,0.161756,0.339868,0.79721,0.061624,0.232391,0.758482,0.162797,0.322935,0.82091,0.067843,0.256165,0.822282,0.13222,0.36978,0.832722,0.035806
Zara_Lat_1_3.9.26,43,687.06,606.03,0,687.06,606.03,0.9856,690.31,626.5,0.9995,0.366042,0.2961,-0.115253,0.360204,0.284065,-0.105677,0.35909,0.283979,-0.105836,0.357987,0.283974,-0.105788,0.359869,0.284261,-0.130025,0.358364,0.28442,-0.130217,0.356679,0.284604,-0.130251,0.348093,0.288736,-0.055024,0.3465,0.289648,-0.163644,0.361588,0.310075,-0.092438,0.360667,0.309276,-0.124905,0.334185,0.361783,0.041074,0.328949,0.376807,-0.209785,0.335711,0.467197,0.080792,0.338537,0.486045,-0.233588,0.35873,0.554846,0.025188,0.359535,0.580089,-0.219132,0.363562,0.573636,0.022658,0.362102,0.603863,-0.246569,0.367548,0.576241,-0.004336,0.366622,0.601694,-0.244205,0.36649,0.569347,0.012724,0.366106,0.593502,-0.217713,0.302442,0.533749,0.07723,0.306659,0.53944,-0.077333,0.309947,0.662657,0.122288,0.348249,0.655974,-0.005967,0.249912,0.759152,0.161999,0.339568,0.797542,0.077869,0.232369,0.75858,0.163082,0.322693,0.82173,0.084759,0.256392,0.822177,0.132984,0.36953,0.83267,0.055581
Zara_Lat_1_3.9.26,44,685.16,604.37,0,685.16,604.37,0.986,689.17,626.26,0.9995,0.366048,0.296333,-0.115029,0.360219,0.284243,-0.105343,0.359111,0.284166,-0.105502,0.358014,0.284165,-0.105456,0.359875,0.284426,-0.129328,0.358373,0.284585,-0.129519,0.356689,0.284764,-0.129555,0.348113,0.288837,-0.054462,0.346504,0.289701,-0.163081,0.36151,0.310268,-0.092302,0.360555,0.309496,-0.124259,0.332587,0.361789,0.041147,0.328778,0.37648,-0.209972,0.334167,0.467333,0.082566,0.338402,0.485383,-0.234833,0.356926,0.554716,0.02613,0.358945,0.579868,-0.219242,0.362064,0.57349,0.023258,0.361706,0.603421,-0.246442,0.365975,0.576018,-0.003442,0.366207,0.601393,-0.244013,0.364883,0.569416,0.013609,0.365541,0.593173,-0.217696,0.301594,0.53386,0.077409,0.306268,0.539462,-0.077516,0.309411,0.662844,0.128153,0.348069,0.655898,-0.004034,0.249649,0.759194,0.172331,0.339497,0.797531,0.079681,0.232229,0.758818,0.173867,0.322592,0.821707,0.086562,0.256387,0.822185,0.143281,0.369531,0.832729,0.056005
Zara_Lat_1_3.9.26,45,684.0,610.0,0,685.86,605.17,0.9867,688.92,626.24,0.9995,0.36593,0.296294,-0.11449,0.360155,0.284344,-0.104564,0.358979,0.284255,-0.104723,0.357815,0.284251,-0.104677,0.359836,0.284532,-0.12864,0.358323,0.284679,-0.128831,0.356645,0.284865,-0.128867,0.347795,0.288931,-0.053947,0.346454,0.289816,-0.162818,0.361341,0.310354,-0.091555,0.360455,0.309574,-0.123635,0.332282,0.362171,0.040459,0.328529,0.376554,-0.209697,0.333915,0.467662,0.077787,0.338192,0.485544,-0.234702,0.356999,0.554638,0.018972,0.358813,0.57985,-0.219859,0.361583,0.574047,0.0153,0.361409,0.603437,-0.247009,0.365834,0.57646,-0.011462,0.365891,0.601373,-0.2449,0.364569,0.569663,0.006319,0.365366,0.593172,-0.218447,0.301329,0.534158,0.077408,0.30615,0.539666,-0.077514,0.308831,0.66306,0.126623,0.348147,0.655915,-0.006863,0.249232,0.759319,0.166731,0.339361,0.79822,0.073609,0.231697,0.759231,0.167769,0.322587,0.822641,0.080253,0.256421,0.822216,0.136801,0.369537,0.832724,0.049758
Zara_Lat_1_3.9.26,46,686.0,613.0,0,685.33,606.51,0.9871,688.89,625.62,0.9995,0.365725,0.296454,-0.107564,0.359949,0.284469,-0.097736,0.358749,0.284371,-0.097894,0.357533,0.284355,-0.09785,0.359669,0.284661,-0.122173,0.358177,0.284803,-0.122362,0.356494,0.284988,-0.122404,0.347502,0.289124,-0.048357,0.346336,0.290017,-0.158027,0.361034,0.310459,-0.085239,0.360233,0.30969,-0.117814,0.331365,0.362464,0.044157,0.327976,0.376636,-0.207081,0.33371,0.467017,0.079518,0.338034,0.485654,-0.230677,0.357228,0.554561,0.022862,0.358796,0.579275,-0.211312,0.361837,0.57365,0.019631,0.361502,0.603184,-0.237633,0.365985,0.576296,-0.007165,0.365995,0.60089,-0.235202,0.364732,0.569562,0.010419,0.365397,0.592959,-0.20959,0.300449,0.534417,0.077413,0.30535,0.539866,-0.077519,0.307541,0.663263,0.128409,0.348521,0.655895,-0.009946,0.248501,0.759814,0.169235,0.33933,0.797966,0.069918,0.231262,0.760492,0.170395,0.322595,0.821779,0.076561,0.256364,0.822325,0.140873,0.36954,0.832741,0.046465
Zara_Lat_1_3.9.26,47,686.0,613.0,0,685.97,608.8,0.9873,688.92,625.86,0.9995,0.365467,0.296476,-0.110466,0.359778,0.284598,-0.100919,0.358526,0.284483,-0.101081,0.357274,0.284457,-0.101037,0.359486,0.284765,-0.125821,0.357973,0.284887,-0.12601,0.356298,0.285073,-0.12605,0.347001,0.289251,-0.051313,0.346041,0.290125,-0.16281,0.360649,0.310611,-0.087955,0.359886,0.309852,-0.121137,0.330941,0.362542,0.042301,0.327183,0.376768,-0.210346,0.33246,0.468507,0.079865,0.337547,0.485799,-0.234483,0.357248,0.555092,0.023539,0.358812,0.579498,-0.21754,0.361507,0.573547,0.02028,0.361529,0.603801,-0.244718,0.36591,0.576165,-0.006473,0.36601,0.601371,-0.242285,0.36458,0.569708,0.011022,0.365449,0.593331,-0.215885,0.300323,0.534664,0.07742,0.304895,0.540224,-0.077527,0.306661,0.663578,0.132493,0.348865,0.656156,-0.004456,0.247736,0.76033,0.177643,0.33929,0.798056,0.082423,0.230743,0.761944,0.179294,0.322612,0.821774,0.089808,0.256294,0.822336,0.150191,0.369495,0.832751,0.061299
Zara_Lat_1_3.9.26,48,686.0,613.0,0,685.54,607.31,0.9876,688.53,626.29,0.9995,0.365016,0.29784,-0.110617,0.359486,0.286167,-0.100954,0.358215,0.286033,-0.101115,0.356976,0.285976,-0.101071,0.359162,0.286214,-0.126215,0.357624,0.286253,-0.126401,0.355948,0.286361,-0.126441,0.346732,0.290057,-0.0512,0.345658,0.290785,-0.163736,0.359977,0.311996,-0.087882,0.359241,0.311379,-0.121453,0.329949,0.363113,0.044263,0.326264,0.376821,-0.212502,0.331398,0.47017,0.081222,0.336946,0.485828,-0.239435,0.356975,0.555926,0.022449,0.358609,0.579901,-0.221837,0.360927,0.573656,0.018521,0.361195,0.604406,-0.24966,0.365652,0.576364,-0.008342,0.365768,0.601918,-0.246813,0.364203,0.570261,0.009641,0.365254,0.593827,-0.220002,0.299286,0.535504,0.078508,0.304014,0.540717,-0.078618,0.305992,0.664109,0.131398,0.349181,0.656168,-0.004805,0.247288,0.761175,0.175133,0.33915,0.798053,0.084122,0.230297,0.764293,0.176502,0.322577,0.821749,0.091504,0.256151,0.82266,0.144307,0.369372,0.832749,0.060441
Zara_Lat_1_3.9.26,49,686.0,613.0,0,686.3,608.68,0.9892,688.34,626.42,0.9995,0.364299,0.300262,-0.112016,0.358976,0.288675,-0.102336,0.357648,0.288467,-0.102496,0.356365,0.28836,-0.102449,0.358675,0.28867,-0.127863,0.357128,0.288621,-0.128049,0.355484,0.288679,-0.128089,0.346182,0.291678,-0.051676,0.345287,0.292436,-0.165345,0.359162,0.313851,-0.088921,0.358504,0.313226,-0.122873,0.329025,0.363755,0.044294,0.325722,0.377694,-0.213778,0.330203,0.471803,0.082245,0.336126,0.486612,-0.240459,0.355909,0.556384,0.023308,0.35851,0.58002,-0.222098,0.360117,0.573577,0.01958,0.361263,0.604455,-0.249671,0.364577,0.576237,-0.007262,0.365797,0.601899,-0.246737,0.363496,0.570425,0.010542,0.365195,0.593856,-0.220189,0.298439,0.536603,0.078851,0.303126,0.5419,-0.078963,0.305345,0.665471,0.12952,0.349338,0.656525,-0.007158,0.246506,0.762398,0.170731,0.339039,0.798194,0.082037,0.229353,0.766366,0.171864,0.322591,0.821737,0.089602,0.25551,0.822907,0.139826,0.369013,0.83229,0.05958
Zara_Lat_1_3.9.26,50,686.0,613.0,0,686.99,610.85,0.9892,688.16,626.81,0.9995,0.363439,0.303274,-0.106111,0.358265,0.291925,-0.096466,0.356869,0.291773,-0.096625,0.355537,0.291723,-0.096579,0.358045,0.291915,-0.121816,0.356503,0.291911,-0.121998,0.354884,0.292048,-0.122029,0.345387,0.294839,-0.046779,0.344722,0.29538,-0.159839,0.358123,0.316951,-0.083511,0.357581,0.316375,-0.117261,0.326462,0.365375,0.047706,0.325082,0.379316,-0.209644,0.329578,0.472442,0.086875,0.335523,0.487908,-0.23582,0.35572,0.558333,0.027683,0.358416,0.580383,-0.211794,0.35999,0.574213,0.02454,0.361306,0.604883,-0.237305,0.364697,0.576849,-0.001839,0.365871,0.602081,-0.233936,0.363444,0.571469,0.015116,0.365207,0.594148,-0.209472,0.297737,0.538885,0.078852,0.302846,0.543437,-0.078965,0.304578,0.668331,0.122198,0.349555,0.656996,-0.009073,0.24552,0.764067,0.154248,0.338863,0.798204,0.07832,0.228607,0.767825,0.154565,0.322589,0.821197,0.085688,0.254916,0.823169,0.122853,0.368737,0.832329,0.055069
Zara_Lat_1_3.9.26,51,688.0,618.0,0,687.28,613.89,0.9883,688.2,628.15,0.9994,0.362413,0.303623,-0.10488,0.357324,0.292577,-0.094838,0.356,0.292627,-0.094994,0.354737,0.292756,-0.094948,0.356948,0.2925,-0.120233,0.355314,0.292637,-0.120416,0.353532,0.292913,-0.120453,0.344533,0.296909,-0.043166,0.3431,0.297424,-0.156569,0.357523,0.317704,-0.08173,0.356866,0.317151,-0.115554,0.325648,0.369082,0.052667,0.324336,0.381877,-0.205576,0.328192,0.476563,0.09275,0.334801,0.490033,-0.228335,0.354454,0.559179,0.030931,0.358436,0.581618,-0.203814,0.359057,0.574776,0.027419,0.36137,0.605903,-0.229197,0.363426,0.577198,0.001292,0.365901,0.602849,-0.226076,0.362454,0.572413,0.018343,0.365214,0.59495,-0.201585,0.296759,0.542356,0.079068,0.30228,0.54654,-0.079178,0.304417,0.670355,0.121852,0.349881,0.657573,-0.012863,0.244762,0.765598,0.154451,0.338617,0.798344,0.076652,0.227904,0.769353,0.154862,0.32255,0.821206,0.083417,0.254252,0.823485,0.12316,0.36865,0.832329,0.052625
Zara_Lat_1_3.9.26,52,688.96,615.2,0,688.96,615.2,0.988,687.85,628.28,0.9994,0.362038,0.307189,-0.103968,0.357242,0.295366,-0.09404,0.355942,0.295269,-0.094196,0.354699,0.295238,-0.094155,0.356807,0.295277,-0.119508,0.355162,0.295245,-0.119687,0.353378,0.295298,-0.119721,0.34405,0.299242,-0.04284,0.342509,0.299873,-0.156441,0.357138,0.320892,-0.080987,0.356383,0.32038,-0.114915,0.325438,0.371541,0.051997,0.322958,0.383821,-0.205089,0.328426,0.479605,0.092479,0.333823,0.493437,-0.227447,0.354777,0.560367,0.03127,0.358257,0.581744,-0.204004,0.35916,0.576232,0.027932,0.361233,0.606369,-0.229507,0.363668,0.578659,0.001683,0.365859,0.603469,-0.227039,0.362565,0.573358,0.01869,0.365121,0.595458,-0.202107,0.29675,0.545138,0.079085,0.301569,0.548982,-0.079195,0.303837,0.673066,0.123582,0.350635,0.657757,-0.015923,0.244185,0.767233,0.16114,0.33858,0.798429,0.075047,0.227486,0.770479,0.162298,0.322541,0.821098,0.081534,0.25388,0.824106,0.134047,0.368638,0.832451,0.051965
Zara_Lat_1_3.9.26,53,689.41,616.56,0,689.41,616.56,0.9886,687.78,628.25,0.9994,0.361413,0.308779,-0.096096,0.356498,0.296773,-0.086807,0.35515,0.296707,-0.086965,0.353848,0.296691,-0.086924,0.356125,0.296824,-0.112212,0.354519,0.296901,-0.112391,0.352814,0.296996,-0.11242,0.343074,0.301113,-0.038687,0.342056,0.301796,-0.152192,0.356617,0.322453,-0.074372,0.355981,0.322098,-0.108231,0.324609,0.375045,0.053505,0.322053,0.386048,-0.202294,0.328613,0.482723,0.095014,0.333032,0.495979,-0.22353,0.355019,0.5621,0.037682,0.358219,0.58171,-0.199294,0.359182,0.57856,0.034969,0.361268,0.60649,-0.224301,0.363833,0.580675,0.0089,0.365892,0.603494,-0.22206,0.362597,0.574962,0.025292,0.365149,0.595423,-0.197493,0.296462,0.54833,0.079143,0.300662,0.552118,-0.079253,0.303881,0.675263,0.123622,0.351325,0.658395,-0.016413,0.243785,0.767754,0.160929,0.338227,0.798547,0.074955,0.226374,0.770511,0.162032,0.322142,0.821182,0.082609,0.253183,0.824292,0.134775,0.368643,0.832677,0.05977
Zara_Lat_1_3.9.26,54,689.05,619.26,0,689.05,619.26,0.988,687.63,628.64,0.9993,0.360846,0.310772,-0.096629,0.356116,0.29841,-0.087169,0.35484,0.298225,-0.087326,0.353598,0.298054,-0.087289,0.355545,0.298623,-0.113246,0.353854,0.298612,-0.113416,0.352088,0.298616,-0.113439,0.342678,0.302859,-0.039112,0.340989,0.303645,-0.154068,0.356292,0.323941,-0.074514,0.355529,0.323616,-0.109199,0.32399,0.376523,0.05331,0.321162,0.387711,-0.203238,0.328134,0.485312,0.094556,0.332213,0.497008,-0.22493,0.354867,0.562801,0.037289,0.358138,0.582078,-0.200687,0.358852,0.580073,0.034404,0.361254,0.607448,-0.226264,0.363703,0.582112,0.008548,0.36584,0.604615,-0.224023,0.362216,0.575492,0.024942,0.365066,0.596123,-0.198919,0.295641,0.549502,0.079172,0.300104,0.553753,-0.079281,0.303956,0.676784,0.123028,0.351756,0.658436,-0.01645,0.243696,0.768561,0.161051,0.338221,0.798591,0.075481,0.226335,0.770945,0.162301,0.322135,0.821057,0.083461,0.252798,0.824617,0.134607,0.368662,0.832897,0.059539
Zara_Lat_1_3.9.26,55,689.63,621.13,0,689.63,621.13,0.988,687.51,629.35,0.9991,0.360274,0.313029,-0.097555,0.355637,0.30024,-0.087842,0.354352,0.300028,-0.087993,0.353092,0.299815,-0.087932,0.355075,0.300513,-0.114052,0.353409,0.300489,-0.114213,0.351681,0.300411,-0.114218,0.341974,0.304546,-0.039354,0.34058,0.305206,-0.154311,0.355694,0.325924,-0.075126,0.355138,0.325621,-0.109872,0.322304,0.376333,0.052691,0.320411,0.389706,-0.203008,0.326416,0.428723,0.166127,0.331767,0.499211,-0.23124,0.336187,0.445944,0.215109,0.358078,0.582733,-0.221047,0.335878,0.450994,0.226571,0.361226,0.608686,-0.245345,0.336533,0.446669,0.206744,0.365806,0.606106,-0.242818,0.337957,0.445808,0.208617,0.365039,0.597753,-0.219175,0.29551,0.551269,0.079385,0.299453,0.555455,-0.079509,0.304081,0.677519,0.121732,0.352229,0.658436,-0.013761,0.243816,0.768966,0.158692,0.338166,0.798578,0.080986,0.226456,0.770806,0.16018,0.322092,0.820232,0.09017,0.25269,0.825172,0.134297,0.36867,0.833486,0.072507
Zara_Lat_1_3.9.26,56,689.4,622.31,0,689.4,622.31,0.988,687.09,630.86,0.9991,0.35994,0.314054,-0.097696,0.35538,0.301656,-0.088269,0.354081,0.301489,-0.088424,0.352814,0.301324,-0.088367,0.354842,0.302055,-0.114414,0.353189,0.302172,-0.114572,0.351478,0.302184,-0.114575,0.341747,0.306023,-0.040272,0.340495,0.306885,-0.155152,0.355418,0.32714,-0.075778,0.354924,0.327048,-0.110122,0.322532,0.380237,0.052571,0.320091,0.391632,-0.203812,0.326781,0.465971,0.147271,0.331143,0.501474,-0.230276,0.338076,0.514713,0.098118,0.357861,0.584125,-0.212083,0.338308,0.527854,0.095697,0.361104,0.610332,-0.237001,0.342611,0.529964,0.06983,0.365782,0.607498,-0.234734,0.341709,0.521678,0.085798,0.364944,0.599221,-0.210176,0.295554,0.552325,0.079663,0.299239,0.556563,-0.079782,0.304452,0.67829,0.121524,0.352624,0.658432,-0.022203,0.243918,0.769665,0.160361,0.337871,0.798904,0.07953,0.22655,0.770911,0.162117,0.321977,0.820467,0.087552,0.252459,0.825492,0.136323,0.368424,0.833288,0.065756
Zara_Lat_1_3.9.26,57,687.87,623.09,0,687.87,623.09,0.9877,686.96,631.43,0.9991,0.359529,0.315546,-0.097762,0.354902,0.302673,-0.088656,0.353632,0.302457,-0.088806,0.352398,0.30223,-0.088758,0.354324,0.303113,-0.114601,0.352676,0.303203,-0.114752,0.350997,0.303204,-0.11475,0.341455,0.307282,-0.041997,0.340206,0.308171,-0.1558,0.35514,0.328306,-0.076654,0.354641,0.328195,-0.110673,0.322675,0.381487,0.046276,0.319371,0.392535,-0.203835,0.326951,0.48123,0.098127,0.330986,0.502495,-0.230114,0.338181,0.545151,0.041464,0.357793,0.584659,-0.211655,0.342398,0.562646,0.037538,0.3611,0.61113,-0.236779,0.345664,0.564088,0.011802,0.365703,0.608345,-0.234476,0.345683,0.555825,0.029081,0.364902,0.599825,-0.209847,0.29529,0.552522,0.078782,0.298057,0.556695,-0.07889,0.30477,0.678627,0.119279,0.352695,0.65847,-0.021759,0.244139,0.769719,0.158246,0.337844,0.798901,0.077793,0.226784,0.770744,0.160127,0.321852,0.820288,0.085684,0.252179,0.825606,0.135908,0.368428,0.833403,0.063551
Zara_Lat_1_3.9.26,58,687.89,624.26,0,687.89,624.26,0.9876,686.83,632.6,0.999,0.359381,0.316964,-0.096447,0.354735,0.304045,-0.087075,0.35347,0.303733,-0.08723,0.352258,0.303413,-0.087199,0.354132,0.30428,-0.112528,0.352473,0.3042,-0.112712,0.350814,0.304076,-0.112749,0.341355,0.307892,-0.03883,0.340097,0.308718,-0.15193,0.354747,0.329537,-0.074674,0.354052,0.329253,-0.108432,0.321044,0.380865,0.055149,0.319253,0.393478,-0.201165,0.326053,0.440491,0.163548,0.330794,0.502928,-0.231636,0.335468,0.461813,0.194555,0.357722,0.58574,-0.220351,0.337003,0.46813,0.204096,0.360879,0.612736,-0.244589,0.338361,0.464181,0.183462,0.36555,0.610097,-0.241595,0.339152,0.462611,0.18709,0.364836,0.601345,-0.2182,0.295222,0.553343,0.079353,0.297629,0.557548,-0.079474,0.306485,0.678616,0.095032,0.35276,0.65874,-0.03244,0.244538,0.769567,0.116176,0.33773,0.798914,0.048163,0.22688,0.770597,0.11615,0.322012,0.820468,0.055696,0.252227,0.825811,0.088032,0.36843,0.833628,0.034971
Zara_Lat_1_3.9.26,59,686.92,623.47,0,686.92,623.47,0.9876,686.7,633.09,0.9991,0.359019,0.31673,-0.102232,0.354476,0.303961,-0.092701,0.353229,0.30367,-0.09286,0.351983,0.303357,-0.092819,0.353892,0.304303,-0.118461,0.352271,0.304313,-0.118639,0.350573,0.30423,-0.118664,0.340947,0.307974,-0.04352,0.339785,0.308881,-0.157795,0.354448,0.329397,-0.080239,0.35379,0.329096,-0.114335,0.321542,0.381276,0.050727,0.318915,0.393933,-0.206894,0.326413,0.468056,0.120128,0.330636,0.503356,-0.232631,0.340555,0.533069,0.077522,0.357657,0.586195,-0.218728,0.344553,0.550616,0.076295,0.36086,0.613018,-0.24311,0.347361,0.550675,0.048251,0.365546,0.610312,-0.240289,0.347567,0.543882,0.064647,0.364822,0.601587,-0.216598,0.295394,0.553206,0.079309,0.297178,0.557257,-0.079428,0.308776,0.678429,0.097101,0.352913,0.658688,-0.028332,0.245445,0.769448,0.126548,0.337623,0.798926,0.073303,0.228236,0.770311,0.127158,0.321893,0.820607,0.082912,0.251731,0.825853,0.099173,0.368223,0.833675,0.064865
Zara_Lat_1_3.9.26,60,686.57,623.38,0,686.57,623.38,0.9876,686.33,634.18,0.9991,0.358912,0.317398,-0.102379,0.354414,0.304498,-0.092814,0.353187,0.304146,-0.092974,0.351958,0.303759,-0.092932,0.353849,0.304889,-0.118488,0.352264,0.304849,-0.118668,0.350593,0.30469,-0.118695,0.341025,0.308132,-0.043937,0.339912,0.309018,-0.15835,0.354347,0.329875,-0.080286,0.353738,0.329626,-0.114447,0.321284,0.381151,0.048166,0.318971,0.393864,-0.207484,0.326483,0.479677,0.098732,0.33045,0.503963,-0.233562,0.344053,0.555163,0.047432,0.357463,0.587201,-0.218119,0.349804,0.572626,0.045496,0.360513,0.613774,-0.242791,0.353216,0.573919,0.018287,0.365399,0.610664,-0.2402,0.353012,0.567326,0.034697,0.364694,0.601911,-0.216103,0.294745,0.553128,0.079059,0.296946,0.557051,-0.079174,0.309776,0.678196,0.096717,0.352917,0.658883,-0.027512,0.246491,0.769312,0.12349,0.337629,0.798909,0.070841,0.229112,0.77022,0.12374,0.322338,0.820501,0.080472,0.25181,0.826111,0.094852,0.368207,0.834144,0.063608
Zara_Lat_1_3.9.26,61,687.03,623.44,0,687.03,623.44,0.9876,685.89,634.0,0.9991,0.358953,0.317383,-0.101011,0.354379,0.304645,-0.091576,0.353112,0.30431,-0.091733,0.351841,0.303941,-0.091697,0.35387,0.30497,-0.116634,0.352287,0.304932,-0.116824,0.350619,0.304781,-0.116865,0.340906,0.308202,-0.042786,0.339919,0.309053,-0.154308,0.354274,0.329891,-0.078978,0.353666,0.329686,-0.112354,0.321277,0.380789,0.050538,0.318997,0.393853,-0.202416,0.326595,0.455417,0.129047,0.330435,0.503693,-0.233425,0.341734,0.496271,0.123091,0.357235,0.587035,-0.220277,0.344936,0.506994,0.126888,0.360175,0.613781,-0.245115,0.346548,0.504508,0.104566,0.365042,0.610707,-0.242284,0.346599,0.501453,0.11383,0.36428,0.601966,-0.218268,0.294963,0.552987,0.078798,0.297046,0.557075,-0.078918,0.310796,0.678059,0.082263,0.352924,0.658882,-0.028269,0.247607,0.769243,0.098237,0.337566,0.798906,0.052614,0.229853,0.770116,0.097496,0.322475,0.820708,0.060089,0.251791,0.826734,0.065923,0.368211,0.834139,0.038369
Zara_Lat_1_3.9.26,62,686.57,623.59,0,686.57,623.59,0.9869,685.71,633.84,0.9991,0.359047,0.317302,-0.101156,0.35447,0.304872,-0.091679,0.353195,0.304556,-0.091836,0.351921,0.304173,-0.091795,0.353964,0.305189,-0.116828,0.352369,0.305172,-0.117019,0.350688,0.305005,-0.117055,0.341008,0.308022,-0.04285,0.340019,0.308936,-0.154472,0.354346,0.329845,-0.079048,0.353764,0.329714,-0.112505,0.321479,0.380442,0.050494,0.319119,0.393879,-0.202607,0.326794,0.4639,0.11876,0.330383,0.50379,-0.230753,0.344756,0.534159,0.075274,0.357141,0.586893,-0.209192,0.348664,0.542772,0.073498,0.360197,0.61355,-0.233051,0.349752,0.542832,0.049068,0.365062,0.610527,-0.230987,0.349808,0.542663,0.063978,0.364299,0.601902,-0.207136,0.29512,0.552775,0.078763,0.297281,0.557091,-0.078885,0.310838,0.678068,0.090099,0.352928,0.659228,-0.027235,0.24778,0.76916,0.115378,0.337455,0.799228,0.066365,0.230124,0.770054,0.11555,0.322,0.821736,0.075433,0.251718,0.826918,0.086388,0.368137,0.834079,0.058233
Zara_Lat_1_3.9.26,63,685.19,623.64,0,685.19,623.64,0.9864,685.74,633.74,0.9992,0.35899,0.316879,-0.101412,0.354458,0.304405,-0.092156,0.353201,0.304105,-0.092311,0.351946,0.303751,-0.092269,0.353931,0.30472,-0.11702,0.352333,0.304716,-0.117208,0.35064,0.304577,-0.117238,0.341062,0.307699,-0.043998,0.339998,0.308616,-0.154561,0.354317,0.329513,-0.079546,0.353763,0.329342,-0.112614,0.321647,0.380438,0.047599,0.319124,0.393643,-0.202323,0.326907,0.479041,0.09649,0.330461,0.503509,-0.224394,0.347668,0.556074,0.044432,0.357158,0.586797,-0.199596,0.351172,0.570273,0.041857,0.360224,0.613398,-0.22349,0.355283,0.572098,0.015944,0.365079,0.610333,-0.221717,0.35347,0.567213,0.032291,0.364318,0.601731,-0.197908,0.295074,0.552518,0.077791,0.297399,0.556844,-0.077907,0.310945,0.677941,0.094531,0.35291,0.659455,-0.027173,0.247914,0.769259,0.123171,0.337458,0.799261,0.068846,0.230364,0.769981,0.123663,0.321858,0.82171,0.077983,0.251741,0.826981,0.094963,0.368144,0.834199,0.059234
Zara_Lat_1_3.9.26,64,686.12,621.58,0,686.12,621.58,0.9876,685.52,633.72,0.9992,0.358987,0.316579,-0.106058,0.354475,0.304103,-0.096567,0.353219,0.303822,-0.096722,0.351973,0.303493,-0.096678,0.353932,0.30442,-0.121397,0.35231,0.304428,-0.121582,0.350607,0.304316,-0.121611,0.341114,0.307477,-0.046685,0.339984,0.308398,-0.157128,0.354289,0.329298,-0.08363,0.353724,0.329131,-0.116619,0.321856,0.380227,0.04573,0.318812,0.393391,-0.203513,0.327151,0.480433,0.091163,0.330538,0.503255,-0.224734,0.349789,0.560773,0.038343,0.357041,0.586774,-0.201526,0.353054,0.576073,0.035583,0.360079,0.613239,-0.226241,0.358332,0.578949,0.009072,0.365075,0.61017,-0.225547,0.355647,0.573359,0.025941,0.364315,0.601646,-0.200336,0.295293,0.552339,0.077381,0.297524,0.556654,-0.077496,0.31081,0.677821,0.08659,0.352709,0.659453,-0.028741,0.247896,0.769324,0.109817,0.337424,0.799272,0.060794,0.230349,0.769979,0.109621,0.321859,0.821892,0.068896,0.251418,0.827179,0.078533,0.368148,0.834195,0.04571
Zara_Lat_1_3.9.26,65,685.7,620.64,0,685.7,620.64,0.9878,685.16,633.64,0.9992,0.358991,0.3163,-0.106014,0.354509,0.303871,-0.096548,0.353256,0.303606,-0.096703,0.352011,0.303297,-0.09666,0.353972,0.304163,-0.121433,0.352358,0.304179,-0.121618,0.350653,0.304084,-0.121647,0.34118,0.307296,-0.047221,0.340032,0.308214,-0.158611,0.354305,0.32907,-0.083624,0.353781,0.328885,-0.116711,0.321873,0.380099,0.044881,0.318808,0.393207,-0.20545,0.327206,0.48399,0.086638,0.330592,0.50302,-0.225948,0.35097,0.564088,0.031218,0.356853,0.586699,-0.202382,0.354194,0.580293,0.028217,0.359963,0.61314,-0.227867,0.360248,0.582845,0.001787,0.365073,0.610059,-0.227567,0.357375,0.576842,0.018761,0.364262,0.601522,-0.201522,0.295541,0.552171,0.077388,0.297653,0.556496,-0.077501,0.310737,0.67775,0.096005,0.352655,0.659844,-0.02784,0.247898,0.769329,0.134147,0.337433,0.799477,0.061291,0.230386,0.769925,0.135516,0.321537,0.822256,0.06953,0.251442,0.827232,0.105961,0.368153,0.834351,0.046088
Zara_Lat_1_3.9.26,66,685.46,619.48,0,685.46,619.48,0.9882,685.14,633.55,0.9993,0.359053,0.31617,-0.101552,0.354546,0.303741,-0.091798,0.353295,0.303461,-0.091954,0.352056,0.303136,-0.09191,0.353998,0.304033,-0.116754,0.352375,0.304033,-0.116942,0.350668,0.303921,-0.116975,0.34124,0.307142,-0.042331,0.340069,0.308048,-0.153669,0.354365,0.328916,-0.079369,0.353839,0.328701,-0.112531,0.321934,0.379927,0.050115,0.318922,0.393072,-0.202062,0.327606,0.482532,0.095983,0.330657,0.502836,-0.22236,0.35188,0.561165,0.031667,0.356842,0.586619,-0.199381,0.356389,0.575606,0.029759,0.359983,0.613042,-0.22411,0.362615,0.577924,0.003935,0.365081,0.609696,-0.222678,0.358651,0.572772,0.019398,0.364274,0.601349,-0.197847,0.295853,0.552038,0.077407,0.297647,0.556412,-0.077521,0.310414,0.677666,0.094181,0.352411,0.660117,-0.027246,0.247935,0.769301,0.124456,0.337435,0.799622,0.060473,0.230471,0.769879,0.125047,0.321459,0.822248,0.068524,0.251467,0.827238,0.09794,0.368285,0.834473,0.046153
Zara_Lat_1_3.9.26,67,684.89,619.06,0,684.89,619.06,0.9886,684.6,633.55,0.9993,0.359068,0.316072,-0.1093,0.354581,0.303638,-0.09924,0.353358,0.303325,-0.099395,0.352172,0.30295,-0.099353,0.354032,0.303988,-0.124801,0.352418,0.30399,-0.124983,0.350712,0.303885,-0.125011,0.34139,0.307116,-0.047219,0.340114,0.307923,-0.16116,0.354439,0.32888,-0.086119,0.353857,0.328568,-0.120073,0.322212,0.379813,0.04668,0.319,0.392994,-0.207999,0.327907,0.484944,0.088691,0.330708,0.502762,-0.229631,0.35232,0.563561,0.02969,0.356564,0.586622,-0.205448,0.356509,0.581044,0.026853,0.359772,0.613004,-0.230798,0.362771,0.582963,0.000125,0.364926,0.609623,-0.229555,0.359209,0.576331,0.017072,0.364036,0.60135,-0.204102,0.296001,0.551742,0.077432,0.297727,0.556135,-0.077544,0.310355,0.67764,0.096356,0.352273,0.660191,-0.028078,0.248089,0.769297,0.125101,0.337517,0.799698,0.060534,0.23057,0.769837,0.126306,0.321916,0.822237,0.068992,0.251149,0.82744,0.098847,0.368388,0.83468,0.04662
Zara_Lat_1_3.9.26,68,684.6,618.92,0,684.6,618.92,0.9885,684.44,634.13,0.9993,0.359246,0.315908,-0.106469,0.354778,0.303436,-0.096449,0.353522,0.30313,-0.096603,0.352309,0.302774,-0.096566,0.354197,0.303807,-0.12089,0.352547,0.303821,-0.121085,0.350811,0.303727,-0.121131,0.341407,0.306976,-0.044661,0.340121,0.307802,-0.153343,0.354512,0.328719,-0.083355,0.353912,0.328416,-0.115912,0.322607,0.379736,0.050172,0.319089,0.392877,-0.199022,0.328092,0.447307,0.129427,0.330743,0.502672,-0.22787,0.345844,0.48519,0.128061,0.356477,0.587154,-0.210309,0.347842,0.495819,0.132281,0.359698,0.613491,-0.23542,0.349547,0.493174,0.110624,0.364861,0.610171,-0.233881,0.348889,0.49031,0.11932,0.363964,0.601822,-0.20891,0.296274,0.551586,0.077364,0.297806,0.555984,-0.07748,0.310325,0.677609,0.086688,0.352192,0.660405,-0.029125,0.248089,0.769351,0.101369,0.337592,0.799708,0.047968,0.230584,0.769836,0.100432,0.321938,0.822045,0.054942,0.251106,0.827599,0.068341,0.36839,0.834916,0.030548
Zara_Lat_1_3.9.26,69,684.22,618.34,0,684.22,618.34,0.9887,683.3,634.93,0.9993,0.359567,0.315587,-0.109424,0.35498,0.303337,-0.098915,0.353645,0.303088,-0.099074,0.352362,0.302727,-0.099031,0.354507,0.303641,-0.124679,0.352842,0.30369,-0.124865,0.351082,0.303663,-0.124906,0.341426,0.306947,-0.045264,0.340304,0.307778,-0.160175,0.354657,0.328696,-0.085583,0.354108,0.328349,-0.119924,0.323813,0.379636,0.050106,0.319166,0.392773,-0.209277,0.329821,0.463963,0.10747,0.330736,0.502568,-0.23919,0.349808,0.538252,0.051633,0.355883,0.587897,-0.222593,0.352703,0.557018,0.048904,0.359142,0.613878,-0.250142,0.356888,0.55636,0.021036,0.364414,0.610391,-0.247864,0.355142,0.54946,0.038583,0.363501,0.602004,-0.221074,0.296892,0.551122,0.079344,0.297841,0.555604,-0.079442,0.310249,0.676706,0.108544,0.351793,0.660527,-0.036762,0.248484,0.769332,0.15169,0.337569,0.800059,0.046355,0.230743,0.769921,0.1532,0.321967,0.82278,0.053681,0.251299,0.827777,0.12056,0.368393,0.834995,0.024934
Zara_Lat_1_3.9.26,70,683.45,618.02,0,683.45,618.02,0.9888,683.23,635.05,0.9993,0.359863,0.315558,-0.109145,0.355301,0.303266,-0.098731,0.353971,0.303008,-0.098888,0.352714,0.302641,-0.098845,0.35485,0.303605,-0.124556,0.353209,0.303665,-0.124743,0.351498,0.30363,-0.124784,0.341852,0.306852,-0.04382,0.340737,0.307619,-0.159373,0.355031,0.328677,-0.085332,0.354532,0.328211,-0.119829,0.32464,0.379618,0.05306,0.319221,0.392387,-0.208907,0.33186,0.4642,0.108865,0.330761,0.501775,-0.238779,0.349794,0.524215,0.054892,0.355851,0.588013,-0.220982,0.352555,0.541761,0.052799,0.359116,0.613788,-0.247732,0.357934,0.559294,0.026152,0.364357,0.610322,-0.245393,0.353932,0.535197,0.04246,0.363467,0.601947,-0.219401,0.297445,0.550609,0.079396,0.297905,0.554338,-0.079499,0.310022,0.676692,0.096336,0.351719,0.660574,-0.034602,0.248468,0.769471,0.125592,0.337623,0.800551,0.049968,0.230739,0.770164,0.125536,0.322028,0.823139,0.057374,0.251185,0.827767,0.089759,0.368541,0.835341,0.030046
Zara_Lat_1_3.9.26,71,683.5,619.37,0,683.5,619.37,0.9889,683.02,636.34,0.9993,0.360028,0.315437,-0.110254,0.355345,0.303128,-0.099977,0.353987,0.302867,-0.100136,0.352725,0.302512,-0.100094,0.354957,0.303474,-0.12568,0.353324,0.303522,-0.125865,0.351613,0.303474,-0.125904,0.341868,0.306729,-0.046243,0.340896,0.307507,-0.161364,0.355135,0.328592,-0.08678,0.354665,0.328121,-0.121099,0.325662,0.379589,0.049711,0.319228,0.392368,-0.210142,0.332631,0.472683,0.094024,0.330778,0.501572,-0.238436,0.352531,0.552402,0.037025,0.355738,0.589202,-0.221296,0.356691,0.571237,0.034655,0.358942,0.61446,-0.247956,0.361727,0.576672,0.007397,0.364259,0.610755,-0.245656,0.359023,0.565164,0.024303,0.363389,0.602391,-0.219727,0.298336,0.549879,0.079423,0.298221,0.553796,-0.079524,0.309978,0.676292,0.104617,0.35167,0.660941,-0.041738,0.248721,0.769849,0.137712,0.337625,0.800567,0.034431,0.231021,0.770489,0.137941,0.322034,0.823118,0.040875,0.251684,0.828113,0.102955,0.368548,0.835703,0.010366
Zara_Lat_1_3.9.26,72,683.04,620.21,0,683.04,620.21,0.989,682.91,636.55,0.9994,0.360382,0.315373,-0.11181,0.355765,0.303056,-0.101898,0.354374,0.30278,-0.102054,0.353066,0.302419,-0.10201,0.35543,0.303433,-0.127316,0.353803,0.303452,-0.1275,0.352081,0.303386,-0.127536,0.342232,0.306715,-0.049272,0.341306,0.307393,-0.163038,0.355412,0.328486,-0.088571,0.354955,0.328087,-0.122493,0.326642,0.379532,0.045764,0.3198,0.391774,-0.210987,0.333254,0.477858,0.083685,0.330803,0.501396,-0.238166,0.354458,0.562499,0.025204,0.355684,0.589401,-0.221254,0.358622,0.581572,0.021993,0.358919,0.614631,-0.247944,0.363764,0.583504,-0.005275,0.364242,0.61088,-0.2459,0.36146,0.575293,0.012369,0.36336,0.602432,-0.219778,0.298751,0.549509,0.079408,0.29839,0.553205,-0.079509,0.30995,0.676178,0.107356,0.351681,0.660901,-0.039348,0.248713,0.769828,0.140432,0.337718,0.8006,0.041235,0.231047,0.770481,0.1408,0.321971,0.8234,0.048287,0.25168,0.828111,0.108303,0.36859,0.835863,0.020518
Zara_Lat_1_3.9.26,73,682.49,620.72,0,682.49,620.72,0.99,682.52,637.25,0.9994,0.361174,0.314874,-0.1152,0.356608,0.302443,-0.105094,0.35524,0.302203,-0.105249,0.353962,0.3019,-0.105208,0.356164,0.302739,-0.130404,0.354449,0.302729,-0.130587,0.352624,0.302658,-0.130623,0.343172,0.30635,-0.051742,0.34167,0.306979,-0.164754,0.356317,0.328177,-0.091662,0.355744,0.327604,-0.125356,0.329752,0.380382,0.043734,0.32003,0.391901,-0.211327,0.335049,0.481021,0.08431,0.330815,0.501415,-0.237927,0.355927,0.566179,0.027516,0.355479,0.590047,-0.222718,0.360382,0.585391,0.024369,0.358754,0.614865,-0.249845,0.365066,0.586291,-0.003832,0.364156,0.611094,-0.248037,0.363158,0.579189,0.014363,0.363237,0.602725,-0.221437,0.299977,0.549118,0.079234,0.298607,0.552507,-0.079328,0.309915,0.675954,0.093495,0.351685,0.660889,-0.038881,0.248935,0.769953,0.115681,0.337779,0.801159,0.038234,0.231217,0.770735,0.114686,0.322088,0.824267,0.044587,0.251925,0.8282,0.074869,0.368738,0.836084,0.011742
Zara_Lat_1_3.9.26,74,682.35,620.86,0,682.35,620.86,0.9905,682.55,637.59,0.9994,0.362101,0.314814,-0.116687,0.357517,0.30237,-0.106455,0.356224,0.302127,-0.106615,0.355016,0.301827,-0.106576,0.356977,0.302698,-0.131957,0.35527,0.302685,-0.132138,0.353403,0.302601,-0.132175,0.344303,0.306297,-0.053057,0.34241,0.306951,-0.166857,0.357016,0.328086,-0.093139,0.356241,0.327538,-0.127091,0.330186,0.380497,0.042006,0.320433,0.391864,-0.212878,0.335546,0.48239,0.082585,0.330791,0.501164,-0.240063,0.357083,0.568676,0.025304,0.355492,0.59036,-0.225725,0.361003,0.587603,0.022085,0.358767,0.615392,-0.253345,0.366074,0.587979,-0.006051,0.364235,0.611623,-0.251051,0.364162,0.580921,0.01214,0.363267,0.603153,-0.224335,0.300175,0.54883,0.079141,0.298851,0.552077,-0.079232,0.309876,0.675628,0.093731,0.351545,0.660918,-0.037227,0.249254,0.770084,0.116242,0.33779,0.80116,0.04215,0.231452,0.770725,0.114859,0.322183,0.824232,0.048906,0.252045,0.82821,0.080785,0.368739,0.836105,0.018551
Zara_Lat_1_3.9.26,75,682.81,620.6,0,682.81,620.6,0.991,682.05,637.88,0.9994,0.36276,0.314476,-0.115418,0.357869,0.302057,-0.105309,0.356534,0.301903,-0.105467,0.355286,0.301694,-0.105428,0.357426,0.302311,-0.13078,0.355734,0.302365,-0.130962,0.353905,0.302355,-0.130998,0.34476,0.306185,-0.052403,0.343069,0.306833,-0.166268,0.357698,0.328028,-0.092041,0.35695,0.327328,-0.125956,0.330748,0.380428,0.042359,0.321055,0.391521,-0.212232,0.336714,0.483136,0.086388,0.330789,0.501104,-0.239611,0.357621,0.568463,0.033255,0.355233,0.590633,-0.224877,0.361917,0.587092,0.030962,0.358633,0.615557,-0.252692,0.366809,0.587076,0.003229,0.364178,0.61168,-0.249758,0.36486,0.58033,0.020396,0.363144,0.603196,-0.223328,0.300748,0.548226,0.079124,0.299238,0.551609,-0.079215,0.30953,0.675422,0.095,0.351527,0.661239,-0.036286,0.24987,0.770124,0.119872,0.337759,0.801141,0.044683,0.231966,0.770708,0.119129,0.322331,0.824224,0.051712,0.252083,0.828277,0.084876,0.368766,0.836111,0.022676
Zara_Lat_1_3.9.26,76,683.31,621.05,0,683.31,621.05,0.9908,682.09,638.9,0.9994,0.363674,0.314388,-0.115155,0.35886,0.301831,-0.105047,0.357547,0.301675,-0.105201,0.356361,0.301489,-0.105159,0.358254,0.302078,-0.130366,0.3565,0.302152,-0.130543,0.354599,0.302181,-0.130572,0.345612,0.306155,-0.05194,0.343534,0.306793,-0.163822,0.358713,0.327965,-0.09154,0.357828,0.327262,-0.125633,0.331389,0.380377,0.042209,0.321366,0.39151,-0.2082,0.337251,0.483956,0.085232,0.330797,0.5011,-0.232399,0.358238,0.568892,0.0316,0.355257,0.591574,-0.217208,0.362401,0.588076,0.028786,0.358601,0.616033,-0.243693,0.367118,0.588107,0.001115,0.364148,0.612176,-0.242192,0.365308,0.581305,0.018748,0.363117,0.603693,-0.216211,0.301166,0.548029,0.077284,0.299825,0.551564,-0.077378,0.309514,0.675333,0.091505,0.351538,0.661574,-0.023282,0.250049,0.770322,0.106362,0.337858,0.801172,0.058562,0.232123,0.771256,0.104678,0.32313,0.824197,0.065469,0.252262,0.828499,0.067652,0.368853,0.836141,0.036907
Zara_Lat_1_3.9.26,77,684.17,621.69,0,684.17,621.69,0.9897,682.11,639.47,0.9995,0.364469,0.31435,-0.11448,0.359604,0.301533,-0.104355,0.358285,0.30136,-0.104509,0.357095,0.301185,-0.104468,0.359037,0.301773,-0.129639,0.357316,0.301834,-0.129818,0.35544,0.301882,-0.129849,0.346237,0.306055,-0.051653,0.344135,0.306674,-0.16356,0.359471,0.327954,-0.090916,0.358718,0.327087,-0.124897,0.332113,0.380526,0.042299,0.321828,0.391499,-0.208859,0.338182,0.484491,0.086501,0.330987,0.501116,-0.233078,0.358962,0.569577,0.034328,0.355266,0.5921,-0.217592,0.363089,0.588664,0.031772,0.358616,0.616453,-0.244288,0.367631,0.588833,0.003824,0.364154,0.612708,-0.242711,0.365961,0.582066,0.021381,0.363123,0.604312,-0.216555,0.301849,0.547923,0.077296,0.300069,0.551268,-0.07739,0.309504,0.675325,0.094682,0.351563,0.661769,-0.019642,0.250127,0.770409,0.116928,0.337929,0.80118,0.064809,0.232272,0.771701,0.115979,0.323369,0.824197,0.071993,0.252492,0.828546,0.076754,0.368873,0.83612,0.043273
Zara_Lat_1_3.9.26,78,684.23,623.15,0,684.23,623.15,0.9884,682.33,639.94,0.9995,0.365093,0.314304,-0.115949,0.36009,0.301502,-0.105876,0.358793,0.301317,-0.106033,0.357615,0.301132,-0.105993,0.35954,0.301722,-0.131055,0.357822,0.301763,-0.131236,0.355938,0.301794,-0.131269,0.346837,0.305903,-0.053186,0.344715,0.306521,-0.165079,0.360016,0.327912,-0.092489,0.359157,0.327042,-0.126202,0.332339,0.380649,0.041825,0.322838,0.391486,-0.2104,0.338194,0.484638,0.085413,0.331361,0.501073,-0.234604,0.359211,0.568654,0.0298,0.355381,0.592536,-0.219923,0.36337,0.587656,0.026826,0.358678,0.616923,-0.24701,0.368046,0.588216,-0.001305,0.364253,0.613225,-0.245581,0.366167,0.581234,0.016725,0.36323,0.604804,-0.218896,0.301969,0.547548,0.077359,0.300439,0.550877,-0.077449,0.30958,0.675276,0.09516,0.351569,0.661776,-0.039408,0.250457,0.770756,0.119561,0.337947,0.801455,0.034225,0.23258,0.772027,0.118985,0.323277,0.824795,0.040152,0.253023,0.828546,0.082422,0.368897,0.836257,0.006988
Zara_Lat_1_3.9.26,79,685.3,623.74,0,685.3,623.74,0.9884,682.35,639.94,0.9995,0.365563,0.314245,-0.115292,0.360595,0.301487,-0.10517,0.359303,0.301318,-0.105327,0.358113,0.30116,-0.105286,0.360151,0.301686,-0.130309,0.358505,0.301732,-0.130492,0.356678,0.301775,-0.130525,0.347631,0.305833,-0.053057,0.345682,0.30646,-0.165273,0.360391,0.327915,-0.091811,0.359589,0.327013,-0.125461,0.332424,0.380717,0.04067,0.323715,0.391457,-0.211572,0.338161,0.484961,0.082029,0.332067,0.501061,-0.23576,0.35926,0.569132,0.026024,0.355389,0.592537,-0.219675,0.363372,0.588376,0.023381,0.358671,0.617087,-0.246643,0.368199,0.588742,-0.004541,0.364256,0.613497,-0.245135,0.366563,0.58209,0.013,0.363235,0.604982,-0.218579,0.302235,0.547288,0.07736,0.301219,0.550764,-0.077451,0.309573,0.675271,0.105774,0.351676,0.66195,-0.039295,0.250816,0.770935,0.137598,0.337991,0.801321,0.039483,0.232876,0.772292,0.137772,0.323864,0.824648,0.046051,0.25301,0.828827,0.103327,0.368946,0.836308,0.015453
Zara_Lat_1_3.9.26,80,685.81,623.67,0,685.81,623.67,0.9895,682.87,640.37,0.9995,0.36588,0.314211,-0.120852,0.360894,0.301474,-0.110717,0.35961,0.301302,-0.110873,0.358411,0.301148,-0.110834,0.360479,0.301661,-0.136254,0.35884,0.301699,-0.136437,0.357015,0.301739,-0.136474,0.347921,0.305776,-0.057746,0.346042,0.306411,-0.171631,0.360689,0.327941,-0.097265,0.359875,0.327032,-0.131309,0.333141,0.380746,0.037778,0.324313,0.391433,-0.217513,0.338575,0.485328,0.078655,0.332762,0.501034,-0.244944,0.359802,0.569899,0.020659,0.355663,0.592933,-0.231204,0.364151,0.588877,0.017585,0.358828,0.617512,-0.259028,0.368827,0.589124,-0.011095,0.364502,0.613886,-0.257067,0.367159,0.582458,0.007255,0.363435,0.605248,-0.229971,0.302861,0.547077,0.077367,0.301702,0.550385,-0.077456,0.309825,0.675102,0.096072,0.351857,0.662092,-0.039928,0.251352,0.770925,0.122612,0.338315,0.801318,0.037913,0.233553,0.772283,0.122081,0.324238,0.824628,0.044362,0.253174,0.828847,0.08448,0.369197,0.836499,0.01302
Zara_Lat_1_3.9.26,81,687.12,623.39,0,687.12,623.39,0.9894,683.45,640.24,0.9995,0.366034,0.314198,-0.114989,0.361079,0.301617,-0.104668,0.359864,0.301505,-0.104819,0.358721,0.301427,-0.104781,0.360588,0.301725,-0.1295,0.358941,0.301771,-0.12968,0.357088,0.301849,-0.129713,0.348597,0.306148,-0.052618,0.346337,0.306729,-0.163098,0.360908,0.328019,-0.092028,0.359943,0.327062,-0.125082,0.333334,0.38109,0.039271,0.324792,0.391551,-0.209854,0.338973,0.485635,0.081279,0.333409,0.500993,-0.235998,0.360519,0.570521,0.024267,0.355964,0.592818,-0.219783,0.36478,0.589769,0.021327,0.358926,0.617494,-0.246396,0.369513,0.589914,-0.006919,0.364712,0.61386,-0.244373,0.367862,0.583256,0.011062,0.363675,0.605207,-0.218543,0.30299,0.547161,0.076996,0.302037,0.550358,-0.077083,0.309948,0.675093,0.091192,0.352141,0.662459,-0.039027,0.251897,0.771002,0.111566,0.338562,0.801483,0.034919,0.234081,0.772259,0.110519,0.324383,0.82478,0.040986,0.25329,0.828919,0.0736,0.369364,0.836632,0.010556
Zara_Lat_1_3.9.26,82,692.0,631.0,0,687.93,624.06,0.9889,684.08,640.21,0.9994,0.366291,0.314346,-0.104775,0.361422,0.301739,-0.095192,0.360246,0.301632,-0.09535,0.359121,0.301565,-0.095318,0.360917,0.301781,-0.119341,0.359277,0.301805,-0.11952,0.357398,0.301867,-0.119551,0.349186,0.306134,-0.046954,0.346739,0.306694,-0.154526,0.361145,0.328179,-0.08333,0.360172,0.32715,-0.115489,0.333454,0.381106,0.041059,0.325383,0.391574,-0.201737,0.33931,0.485376,0.083006,0.334498,0.5009,-0.225374,0.360572,0.569911,0.028123,0.356291,0.592788,-0.206197,0.364834,0.589227,0.025567,0.359242,0.61746,-0.230925,0.369503,0.58975,-0.002083,0.364869,0.613812,-0.229326,0.367975,0.583061,0.015266,0.36395,0.605171,-0.205017,0.303021,0.547152,0.076716,0.302188,0.55036,-0.076803,0.310448,0.675023,0.092116,0.352326,0.662584,-0.040013,0.2521,0.770996,0.113627,0.338639,0.801624,0.025547,0.234414,0.77224,0.112507,0.324567,0.82488,0.030731,0.254201,0.82896,0.077029,0.369503,0.836671,0.000285
Zara_Lat_1_3.9.26,83,692.0,631.0,0,690.93,624.04,0.9854,685.85,640.18,0.9994,0.366525,0.314607,-0.105171,0.361723,0.302077,-0.095631,0.360599,0.301943,-0.095789,0.359531,0.301854,-0.095756,0.36118,0.302054,-0.119983,0.35956,0.30204,-0.120163,0.357694,0.302071,-0.120196,0.349694,0.306225,-0.046813,0.347127,0.306802,-0.154166,0.361589,0.328345,-0.083621,0.360414,0.327348,-0.115984,0.333897,0.381095,0.042501,0.325766,0.391759,-0.20128,0.339645,0.48509,0.084189,0.335425,0.500954,-0.224439,0.360842,0.569566,0.029485,0.357212,0.59276,-0.205996,0.365249,0.588953,0.026996,0.359816,0.617427,-0.231434,0.369813,0.589653,-5e-05,0.365273,0.613934,-0.229513,0.36832,0.582925,0.01689,0.364444,0.605397,-0.204634,0.303253,0.547279,0.076689,0.302259,0.550403,-0.076777,0.310775,0.675017,0.092962,0.352576,0.662891,-0.038883,0.252484,0.771098,0.115954,0.338659,0.801613,0.031945,0.23463,0.772068,0.115178,0.324744,0.824861,0.037877,0.254601,0.829031,0.080429,0.369509,0.836809,0.008419
Zara_Lat_1_3.9.26,84,694.0,630.0,0,691.79,624.78,0.9846,687.18,640.12,0.9994,0.366761,0.314822,-0.106178,0.361931,0.302204,-0.097144,0.360814,0.302073,-0.097305,0.359717,0.301989,-0.097276,0.361432,0.302162,-0.121225,0.359849,0.302144,-0.121401,0.357984,0.302164,-0.121438,0.349753,0.30627,-0.050024,0.347372,0.306843,-0.156786,0.361841,0.328455,-0.085178,0.360734,0.32747,-0.117265,0.334116,0.38116,0.038518,0.32604,0.391898,-0.202888,0.339554,0.485343,0.078272,0.336332,0.501068,-0.225097,0.361013,0.568923,0.024261,0.357906,0.592699,-0.207502,0.365444,0.587925,0.021828,0.360364,0.617509,-0.23301,0.369809,0.589125,-0.005076,0.365561,0.614208,-0.231072,0.368499,0.582692,0.011751,0.364869,0.605637,-0.206118,0.303584,0.547283,0.07656,0.303,0.551,-0.076646,0.311454,0.675104,0.108017,0.353197,0.663174,-0.037855,0.252772,0.771093,0.143454,0.338755,0.801672,0.034853,0.23522,0.771346,0.144143,0.325209,0.824944,0.041179,0.255024,0.829103,0.113523,0.369596,0.836864,0.011372
Zara_Lat_1_3.9.26,85,698.0,628.0,0,694.43,622.61,0.9877,689.39,640.16,0.9994,0.366971,0.314792,-0.109065,0.362136,0.302177,-0.099647,0.360941,0.302047,-0.099806,0.359798,0.301964,-0.099775,0.361657,0.302137,-0.124181,0.360039,0.302122,-0.124356,0.358152,0.302144,-0.124394,0.349685,0.306245,-0.050931,0.347341,0.306816,-0.159679,0.362003,0.328442,-0.087334,0.360951,0.327449,-0.119978,0.334193,0.38123,0.039109,0.326165,0.391906,-0.205672,0.339507,0.485514,0.079398,0.337146,0.501048,-0.227355,0.361215,0.568781,0.023193,0.359059,0.592736,-0.208879,0.36597,0.587312,0.02031,0.361735,0.617487,-0.234961,0.370471,0.588466,-0.007164,0.366789,0.614166,-0.233175,0.368999,0.582179,0.010346,0.366033,0.605636,-0.207579,0.303927,0.547342,0.07658,0.303324,0.551018,-0.076665,0.312219,0.675082,0.10675,0.353429,0.663207,-0.036983,0.252981,0.770971,0.139317,0.339273,0.802002,0.039005,0.235317,0.770797,0.139664,0.325214,0.825022,0.045526,0.255613,0.829138,0.107904,0.369862,0.836873,0.014596
Zara_Lat_1_3.9.26,86,698.0,628.0,0,695.82,623.8,0.9871,691.39,640.12,0.9995,0.367177,0.31483,-0.104752,0.362298,0.302187,-0.095663,0.361102,0.302049,-0.095821,0.359952,0.301965,-0.095789,0.361866,0.30214,-0.120049,0.36031,0.302117,-0.120228,0.358505,0.302134,-0.120265,0.349934,0.306231,-0.048461,0.347851,0.306805,-0.15681,0.36228,0.32845,-0.083498,0.361281,0.327444,-0.115971,0.33415,0.381253,0.040674,0.326642,0.391896,-0.203894,0.339434,0.485578,0.079865,0.337713,0.501035,-0.225035,0.361188,0.56837,0.025486,0.360099,0.592702,-0.204917,0.365789,0.586615,0.023368,0.362841,0.617425,-0.230465,0.370526,0.587915,-0.003555,0.367549,0.614156,-0.228352,0.369098,0.581694,0.012924,0.366887,0.605617,-0.203458,0.304004,0.547455,0.076595,0.303731,0.551243,-0.076681,0.312873,0.675058,0.110791,0.353751,0.663842,-0.032523,0.253877,0.770801,0.145871,0.339592,0.802467,0.044263,0.236068,0.770268,0.146689,0.325533,0.825374,0.051099,0.256436,0.829184,0.117539,0.369984,0.83735,0.024065
Zara_Lat_1_3.9.26,87,698.0,628.0,0,698.07,624.14,0.9867,693.21,638.71,0.9995,0.367267,0.314821,-0.108802,0.362301,0.302085,-0.099691,0.361147,0.301951,-0.099851,0.36002,0.301868,-0.099823,0.361878,0.302067,-0.123866,0.360361,0.302067,-0.124044,0.358578,0.302101,-0.124084,0.349976,0.306209,-0.052027,0.348005,0.306786,-0.159773,0.36261,0.328437,-0.08753,0.361554,0.327434,-0.119745,0.334768,0.381372,0.03693,0.326854,0.39185,-0.205674,0.339617,0.485687,0.075937,0.338656,0.50103,-0.225664,0.361602,0.567857,0.021012,0.361045,0.591401,-0.206562,0.366219,0.586435,0.018348,0.363651,0.61674,-0.232724,0.370732,0.587851,-0.009089,0.368453,0.61355,-0.231029,0.369542,0.58115,0.008272,0.36778,0.604994,-0.205421,0.304514,0.547461,0.076328,0.303915,0.551264,-0.076409,0.313325,0.675055,0.110279,0.354176,0.664033,-0.036598,0.254589,0.770619,0.141752,0.339896,0.802696,0.040653,0.236945,0.769849,0.142176,0.325699,0.825496,0.047495,0.256456,0.829271,0.111197,0.370277,0.83765,0.020537
Zara_Lat_1_3.9.26,88,699.0,627.0,0,699.41,622.54,0.9868,694.19,636.48,0.9995,0.3672,0.314827,-0.105619,0.362288,0.302134,-0.095547,0.361142,0.30203,-0.095704,0.360025,0.301987,-0.095668,0.361851,0.302093,-0.12008,0.360315,0.302092,-0.120264,0.358532,0.302153,-0.120304,0.350093,0.306271,-0.045371,0.34808,0.306843,-0.15467,0.362524,0.328576,-0.083653,0.361476,0.327574,-0.116283,0.334599,0.381405,0.044834,0.327376,0.392157,-0.203151,0.339576,0.485556,0.079604,0.339673,0.500675,-0.225882,0.361923,0.567621,0.024109,0.361555,0.589335,-0.207414,0.366919,0.585979,0.021532,0.363941,0.61535,-0.233577,0.371069,0.587418,-0.00585,0.368863,0.612716,-0.231572,0.36971,0.580736,0.011381,0.368197,0.604084,-0.206093,0.304956,0.547525,0.076298,0.304104,0.551263,-0.076381,0.314168,0.67505,0.088922,0.354488,0.664467,-0.043095,0.255574,0.770216,0.113077,0.339903,0.803244,0.027693,0.237518,0.768452,0.112837,0.325721,0.826038,0.033815,0.256374,0.829427,0.081084,0.370278,0.837762,0.005684
Zara_Lat_1_3.9.26,89,704.0,627.0,0,700.76,621.94,0.9877,695.81,635.32,0.9995,0.367141,0.314875,-0.105874,0.362233,0.302223,-0.095761,0.361084,0.302132,-0.095918,0.359965,0.302105,-0.095883,0.361787,0.302177,-0.120293,0.360244,0.302191,-0.120477,0.358459,0.302276,-0.120517,0.350025,0.306284,-0.04553,0.347998,0.306853,-0.155072,0.362459,0.328666,-0.083837,0.361436,0.327672,-0.116481,0.334475,0.381386,0.04473,0.327362,0.39216,-0.203647,0.339641,0.48576,0.080092,0.340358,0.500342,-0.226082,0.362119,0.567372,0.022187,0.362399,0.588262,-0.208197,0.36735,0.585849,0.019246,0.365506,0.614028,-0.234331,0.371629,0.587223,-0.007991,0.370082,0.611154,-0.232292,0.370249,0.580656,0.009395,0.369285,0.602866,-0.206844,0.305011,0.547662,0.076309,0.304363,0.551321,-0.076392,0.315111,0.675045,0.090672,0.354673,0.664557,-0.042357,0.255725,0.770112,0.115201,0.340052,0.803657,0.028899,0.237776,0.768301,0.114871,0.3257,0.826459,0.034952,0.256716,0.82944,0.082328,0.370542,0.838009,0.006047
Zara_Lat_1_3.9.26,90,704.0,625.0,0,701.64,621.4,0.9877,697.57,633.31,0.9995,0.367152,0.314857,-0.105242,0.362272,0.302246,-0.095234,0.361087,0.302152,-0.095388,0.359951,0.302124,-0.095349,0.361856,0.302192,-0.120102,0.360291,0.302198,-0.120286,0.358504,0.302274,-0.120324,0.349978,0.30627,-0.044665,0.348018,0.306842,-0.15548,0.362405,0.328651,-0.08289,0.361421,0.327666,-0.116024,0.334426,0.381435,0.047709,0.32749,0.392027,-0.203719,0.339905,0.485707,0.082802,0.340969,0.50004,-0.227448,0.362305,0.566496,0.024246,0.363316,0.586394,-0.209292,0.367228,0.585555,0.021487,0.366388,0.613042,-0.235907,0.3719,0.587166,-0.005746,0.371198,0.610405,-0.233532,0.370341,0.580298,0.011508,0.370359,0.601797,-0.207764,0.305114,0.547816,0.076629,0.304881,0.551483,-0.076718,0.316088,0.674896,0.09198,0.354798,0.664776,-0.032944,0.255742,0.769738,0.117603,0.340191,0.803966,0.046433,0.237924,0.767721,0.11726,0.325596,0.826861,0.053223,0.25733,0.829441,0.084726,0.370693,0.838536,0.023935
Zara_Lat_1_3.9.26,91,704.0,622.0,0,703.42,620.71,0.9881,700.64,632.9,0.9995,0.367103,0.314465,-0.111953,0.36223,0.30167,-0.102004,0.361038,0.301527,-0.102159,0.359908,0.301446,-0.102124,0.361832,0.301825,-0.126869,0.360254,0.301919,-0.127051,0.358484,0.302053,-0.127095,0.349907,0.305888,-0.05004,0.347984,0.306658,-0.160813,0.362375,0.328202,-0.088992,0.361365,0.327377,-0.122085,0.334931,0.381497,0.043213,0.327396,0.391568,-0.20692,0.340337,0.485737,0.08095,0.341665,0.499963,-0.22903,0.363452,0.56621,0.023561,0.364916,0.586018,-0.211592,0.368642,0.584221,0.020539,0.36808,0.612926,-0.238897,0.373122,0.585951,-0.006937,0.373094,0.610243,-0.237247,0.371761,0.580057,0.010695,0.372403,0.60159,-0.21042,0.305974,0.54785,0.07647,0.304883,0.551478,-0.076556,0.316839,0.67484,0.092038,0.354821,0.664961,-0.032657,0.256011,0.769595,0.124327,0.340301,0.80457,0.049922,0.238385,0.767469,0.124828,0.325319,0.827499,0.057131,0.257683,0.829444,0.09078,0.370977,0.839115,0.02717
Zara_Lat_1_3.9.26,92,706.0,622.0,0,703.82,620.65,0.9887,703.99,632.16,0.9995,0.367093,0.314279,-0.108609,0.362209,0.301609,-0.098698,0.361023,0.301478,-0.098849,0.359901,0.301401,-0.098808,0.361813,0.301737,-0.123179,0.360239,0.301821,-0.123365,0.358472,0.301945,-0.123406,0.349856,0.305677,-0.047382,0.347928,0.306431,-0.156403,0.362367,0.328022,-0.085862,0.361346,0.327135,-0.118449,0.334876,0.380752,0.04515,0.327455,0.391565,-0.202465,0.340396,0.484908,0.081645,0.342685,0.499514,-0.224313,0.363441,0.56487,0.024366,0.366663,0.585336,-0.204805,0.368457,0.581854,0.021377,0.3699,0.612153,-0.230988,0.373401,0.584942,-0.006245,0.37494,0.609434,-0.228065,0.372229,0.578822,0.011479,0.374256,0.600686,-0.203034,0.306124,0.547782,0.076012,0.305098,0.551457,-0.076104,0.317301,0.674406,0.084936,0.354815,0.665014,-0.03255,0.256671,0.768924,0.108669,0.340319,0.804612,0.048454,0.239163,0.766845,0.108394,0.3252,0.827548,0.055364,0.257941,0.829487,0.074098,0.371193,0.839213,0.025554
Zara_Lat_1_3.9.26,93,704.71,619.12,0,704.71,619.12,0.9885,705.91,631.58,0.9995,0.367054,0.313947,-0.108328,0.36219,0.301298,-0.098508,0.360997,0.301154,-0.098659,0.359863,0.301062,-0.098618,0.361803,0.301354,-0.122954,0.360214,0.30139,-0.123141,0.358434,0.301448,-0.123181,0.349822,0.305027,-0.047414,0.347874,0.305729,-0.156448,0.362282,0.327764,-0.085663,0.361305,0.326832,-0.118203,0.334144,0.379605,0.045149,0.327418,0.391188,-0.202623,0.340405,0.48393,0.082201,0.343089,0.498967,-0.223752,0.363754,0.563921,0.027191,0.36766,0.584795,-0.200215,0.368882,0.581696,0.025108,0.370951,0.611501,-0.225447,0.373843,0.584284,-0.002151,0.376086,0.608683,-0.221879,0.372845,0.578571,0.014501,0.375489,0.599588,-0.19802,0.306161,0.547784,0.075765,0.305371,0.551478,-0.075864,0.318066,0.674237,0.086532,0.354799,0.665025,-0.017858,0.257347,0.768472,0.112078,0.340506,0.804685,0.067382,0.239846,0.765769,0.112689,0.325169,0.82755,0.075096,0.258496,0.829522,0.083799,0.371461,0.839794,0.05118
Zara_Lat_1_3.9.26,94,706.56,615.95,0,706.56,615.95,0.9884,708.2,630.63,0.9995,0.366446,0.312738,-0.107809,0.36145,0.300343,-0.098159,0.360224,0.300159,-0.09831,0.359036,0.300026,-0.09827,0.361097,0.300379,-0.122514,0.35955,0.300361,-0.122701,0.357808,0.300338,-0.122743,0.348829,0.303746,-0.047374,0.347233,0.304487,-0.156127,0.361671,0.326763,-0.085257,0.360743,0.325981,-0.117671,0.333992,0.379133,0.045132,0.327363,0.390718,-0.201887,0.340336,0.483787,0.08253,0.343479,0.497722,-0.222422,0.363791,0.563167,0.027628,0.368852,0.583917,-0.199271,0.368729,0.580914,0.025961,0.372597,0.610041,-0.224585,0.374018,0.58317,-0.001438,0.377469,0.606495,-0.22102,0.373017,0.57796,0.01497,0.37674,0.597506,-0.197114,0.306348,0.547751,0.075531,0.30554,0.551461,-0.075631,0.318475,0.673626,0.085822,0.354214,0.665017,-0.026581,0.258316,0.767877,0.108886,0.340584,0.80467,0.053662,0.241344,0.765175,0.108864,0.325173,0.827561,0.060969,0.258611,0.829554,0.077122,0.3714,0.839918,0.035836
Zara_Lat_1_3.9.26,95,707.89,615.22,0,707.89,615.22,0.9869,711.25,628.66,0.9995,0.365947,0.311842,-0.102964,0.36076,0.299448,-0.093737,0.359539,0.299263,-0.093883,0.358366,0.299113,-0.093848,0.36043,0.299523,-0.117824,0.358908,0.299542,-0.11801,0.357193,0.299529,-0.118051,0.348249,0.302642,-0.044661,0.346719,0.303643,-0.152148,0.36115,0.326171,-0.081005,0.36024,0.325491,-0.113064,0.333464,0.378383,0.045498,0.327314,0.39036,-0.196818,0.340277,0.483758,0.082754,0.344002,0.496783,-0.217195,0.363827,0.561096,0.027988,0.370441,0.582094,-0.195498,0.369352,0.580101,0.02621,0.374418,0.608004,-0.220426,0.37423,0.581678,-0.001171,0.378831,0.604145,-0.216845,0.373229,0.576378,0.015333,0.378078,0.59514,-0.193395,0.306594,0.54759,0.074726,0.305802,0.551382,-0.074826,0.319245,0.672583,0.070969,0.353786,0.66497,-0.048182,0.258706,0.767324,0.080833,0.340606,0.805073,0.017358,0.242014,0.764331,0.079374,0.325094,0.828247,0.023191,0.258816,0.829564,0.045191,0.371368,0.839927,-0.005046
Zara_Lat_1_3.9.26,96,708.85,610.26,0,708.85,610.26,0.9881,712.57,624.22,0.9994,0.365328,0.309967,-0.096402,0.360344,0.297922,-0.086997,0.359143,0.297837,-0.087143,0.358014,0.297811,-0.087109,0.359839,0.297821,-0.110744,0.358223,0.297829,-0.11093,0.356424,0.297882,-0.110968,0.348039,0.301341,-0.038687,0.346125,0.302106,-0.144382,0.360336,0.324803,-0.074763,0.359413,0.324263,-0.106392,0.332749,0.377001,0.049147,0.327271,0.389704,-0.189919,0.340224,0.483356,0.084715,0.344101,0.495577,-0.212801,0.364775,0.558129,0.028503,0.371131,0.577986,-0.193771,0.370408,0.578761,0.02666,0.374844,0.605277,-0.218483,0.375131,0.579465,-0.000408,0.379681,0.601525,-0.21549,0.374345,0.573532,0.015956,0.378921,0.592488,-0.191918,0.306848,0.547,0.074186,0.305937,0.550761,-0.074291,0.319492,0.671087,0.071989,0.353299,0.664619,-0.048186,0.259139,0.766346,0.083677,0.340514,0.805573,0.010568,0.243239,0.762955,0.082217,0.325083,0.82906,0.01517,0.259469,0.829624,0.047071,0.371715,0.840206,-0.018147
Zara_Lat_1_3.9.26,97,710.84,611.08,0,710.84,611.08,0.9873,714.09,618.4,0.9994,0.364324,0.30894,-0.097905,0.359615,0.296944,-0.088495,0.358512,0.296954,-0.088644,0.357521,0.297021,-0.088608,0.358795,0.296672,-0.112313,0.357055,0.296683,-0.112497,0.355108,0.296774,-0.112535,0.347724,0.30047,-0.039815,0.344968,0.30107,-0.145664,0.359226,0.324038,-0.076075,0.358003,0.323402,-0.107778,0.331728,0.375665,0.048895,0.327007,0.388806,-0.191035,0.340183,0.482378,0.085439,0.344115,0.49317,-0.212869,0.364836,0.555795,0.029396,0.371922,0.57259,-0.191914,0.370443,0.578308,0.027518,0.37573,0.600478,-0.21639,0.375021,0.578394,0.000792,0.380625,0.59652,-0.213463,0.374369,0.572592,0.016993,0.379811,0.587727,-0.190044,0.306917,0.546671,0.074035,0.306454,0.550584,-0.074143,0.319578,0.67037,0.074549,0.352692,0.664606,-0.037863,0.259432,0.765878,0.088821,0.340463,0.805859,0.015778,0.243308,0.762618,0.087807,0.325038,0.829475,0.017871,0.259836,0.829753,0.050049,0.37189,0.840336,-0.006337
Zara_Lat_1_3.9.26,98,712.31,607.33,0,712.31,607.33,0.9878,715.79,615.06,0.9993,0.363142,0.306747,-0.109773,0.358229,0.294652,-0.099789,0.357059,0.294624,-0.099948,0.356018,0.294697,-0.099908,0.357438,0.294466,-0.124558,0.355721,0.294522,-0.124744,0.353886,0.294749,-0.124791,0.346368,0.298032,-0.046632,0.3438,0.29895,-0.156875,0.357936,0.322187,-0.086019,0.356842,0.321669,-0.119041,0.330434,0.373728,0.046396,0.326382,0.387653,-0.198777,0.340004,0.481155,0.085763,0.343946,0.491105,-0.216776,0.365081,0.55413,0.030947,0.372807,0.569502,-0.193423,0.370246,0.577425,0.029351,0.377074,0.59684,-0.217811,0.375104,0.576963,0.002178,0.381758,0.592525,-0.215852,0.374117,0.571095,0.018405,0.380843,0.583973,-0.191991,0.306942,0.546229,0.074269,0.306581,0.550419,-0.074377,0.320132,0.669399,0.104571,0.352057,0.664564,-0.023909,0.259817,0.765343,0.147909,0.34046,0.805898,0.058065,0.243909,0.76173,0.149763,0.325179,0.829445,0.064709,0.26015,0.829755,0.116811,0.371917,0.840627,0.033588
Zara_Lat_1_3.9.26,99,714.43,605.35,0,714.43,605.35,0.9867,717.08,611.92,0.9992,0.361796,0.305685,-0.112364,0.356828,0.29352,-0.102049,0.355613,0.293499,-0.102208,0.354534,0.293585,-0.10217,0.355992,0.293366,-0.126914,0.354233,0.293466,-0.127108,0.352422,0.293748,-0.127167,0.344801,0.296788,-0.047508,0.342202,0.297782,-0.158298,0.356311,0.321243,-0.088086,0.355255,0.320774,-0.121282,0.328604,0.372055,0.046527,0.325207,0.386279,-0.200075,0.339871,0.466212,0.10574,0.343888,0.488229,-0.221818,0.360771,0.500955,0.073824,0.373481,0.566591,-0.201543,0.365196,0.51323,0.074183,0.377778,0.594088,-0.226422,0.367477,0.512772,0.049815,0.382726,0.590176,-0.223718,0.3664,0.509283,0.062908,0.381774,0.581807,-0.199615,0.307031,0.545475,0.074415,0.306617,0.549942,-0.07453,0.320727,0.668544,0.105124,0.351581,0.664549,-0.012995,0.260288,0.764982,0.142865,0.340459,0.805994,0.066743,0.244837,0.761252,0.144016,0.325489,0.829405,0.073389,0.260549,0.829895,0.110349,0.372061,0.841247,0.040706
Zara_Lat_1_3.9.26,100,716.45,603.45,0,716.45,603.45,0.9876,717.67,609.76,0.9991,0.360181,0.304511,-0.110023,0.355199,0.292731,-0.099892,0.353978,0.292713,-0.100048,0.352863,0.292751,-0.100004,0.354371,0.292662,-0.124477,0.352581,0.292754,-0.124669,0.350791,0.292951,-0.124723,0.343229,0.29626,-0.045839,0.340836,0.297336,-0.15558,0.354648,0.320224,-0.085826,0.353724,0.319993,-0.118722,0.326847,0.371291,0.047544,0.324008,0.385108,-0.197898,0.339844,0.467358,0.105484,0.343766,0.486078,-0.220668,0.364139,0.516158,0.056425,0.373786,0.56459,-0.200543,0.368768,0.523274,0.055525,0.378114,0.591742,-0.225738,0.372204,0.527794,0.02947,0.383184,0.587797,-0.222562,0.371561,0.524597,0.04445,0.382254,0.579079,-0.198525,0.306974,0.544444,0.074457,0.306747,0.549231,-0.074572,0.320369,0.66828,0.104732,0.350174,0.664476,-0.017104,0.260712,0.765005,0.14047,0.340421,0.806194,0.053074,0.245051,0.761106,0.141328,0.325791,0.830146,0.057309,0.261331,0.830286,0.106305,0.372074,0.841709,0.014313
Zara_Lat_1_3.9.26,101,716.86,599.03,0,716.86,599.03,0.9868,718.75,607.88,0.9984,0.359067,0.303251,-0.105211,0.354156,0.291792,-0.09557,0.352922,0.291821,-0.095725,0.351812,0.291863,-0.095705,0.353298,0.291771,-0.119658,0.351471,0.291912,-0.11988,0.349661,0.292119,-0.119974,0.342119,0.29572,-0.043225,0.339751,0.296923,-0.151761,0.353482,0.319025,-0.08155,0.352553,0.318958,-0.114072,0.323659,0.36939,0.050198,0.323141,0.384293,-0.189236,0.325444,0.386639,0.186523,0.343777,0.484922,-0.214774,0.33198,0.378478,0.269157,0.374347,0.562856,-0.197998,0.331294,0.376446,0.285922,0.3784,0.589674,-0.220102,0.332222,0.373135,0.267653,0.383432,0.58584,-0.216516,0.33453,0.374297,0.264169,0.382486,0.576985,-0.195547,0.306931,0.544027,0.074491,0.306829,0.548999,-0.074604,0.320121,0.668218,0.104433,0.349549,0.664225,-0.018761,0.260969,0.764949,0.137458,0.34038,0.806425,0.051357,0.245348,0.760845,0.138324,0.326038,0.830178,0.055687,0.261643,0.830645,0.106118,0.372246,0.842664,0.015202
Zara_Lat_1_3.9.26,102,717.19,595.21,0,717.19,595.21,0.9872,719.52,605.76,0.9982,0.357966,0.303222,-0.105833,0.353037,0.291631,-0.095904,0.351757,0.29154,-0.09606,0.350583,0.291424,-0.096034,0.352157,0.291594,-0.120234,0.350303,0.291561,-0.120449,0.348394,0.291535,-0.120537,0.340738,0.295221,-0.043401,0.338264,0.296414,-0.151964,0.352537,0.318653,-0.081827,0.351592,0.318616,-0.114688,0.322861,0.367865,0.049933,0.321972,0.38272,-0.189529,0.327617,0.390558,0.111989,0.34378,0.48197,-0.221333,0.350469,0.443616,0.04853,0.37475,0.560889,-0.205072,0.353362,0.471845,0.045287,0.378846,0.586439,-0.229833,0.359043,0.466985,0.019442,0.383671,0.583093,-0.226064,0.355819,0.460413,0.036296,0.382654,0.574817,-0.202779,0.306919,0.542666,0.074524,0.306782,0.547901,-0.074637,0.3199,0.667661,0.106661,0.348115,0.663797,-0.028098,0.261123,0.764582,0.144124,0.340382,0.806217,0.036761,0.245618,0.760551,0.145075,0.326876,0.830141,0.040942,0.261481,0.830701,0.10885,0.372472,0.842994,-0.002796
Zara_Lat_1_3.9.26,103,716.42,589.51,0,716.42,589.51,0.9873,720.43,601.5,0.998,0.356185,0.303468,-0.094326,0.351582,0.291891,-0.08593,0.35025,0.291777,-0.086088,0.348999,0.291608,-0.086056,0.350886,0.291852,-0.109096,0.349149,0.291788,-0.10929,0.347347,0.291675,-0.109348,0.339175,0.295265,-0.039657,0.337435,0.29631,-0.143593,0.350684,0.318881,-0.073007,0.350002,0.318793,-0.104221,0.319879,0.366903,0.049708,0.320521,0.380841,-0.18573,0.32848,0.416474,0.101598,0.343657,0.479393,-0.213316,0.357586,0.469475,0.04266,0.375224,0.556949,-0.194082,0.361773,0.48314,0.040119,0.379006,0.58276,-0.2174,0.369592,0.472817,0.015816,0.383843,0.579411,-0.214233,0.36407,0.48167,0.031217,0.382819,0.571425,-0.191979,0.306884,0.541662,0.07307,0.306808,0.547277,-0.073202,0.319782,0.666892,0.105667,0.346578,0.663763,-0.023395,0.261205,0.764557,0.139531,0.340377,0.806281,0.036976,0.245577,0.760539,0.140175,0.327225,0.83016,0.040999,0.262457,0.831012,0.105033,0.372469,0.843192,-7.2e-05
Zara_Lat_1_3.9.26,104,718.51,589.62,0,718.51,589.62,0.9879,720.0,599.48,0.998,0.355014,0.30283,-0.096802,0.350949,0.291038,-0.088022,0.349747,0.290849,-0.088172,0.348642,0.290593,-0.088123,0.350105,0.291026,-0.112135,0.348342,0.290891,-0.112327,0.346601,0.290676,-0.112382,0.33828,0.294135,-0.039916,0.335967,0.295112,-0.14679,0.349817,0.31791,-0.073967,0.349191,0.317907,-0.106456,0.3194,0.366443,0.049596,0.319917,0.380317,-0.186059,0.328651,0.418506,0.09416,0.343641,0.477356,-0.216272,0.362015,0.479203,0.027555,0.375,0.555074,-0.198064,0.366501,0.503822,0.024713,0.378669,0.580961,-0.222521,0.374061,0.490354,-0.001135,0.383786,0.577787,-0.218348,0.369037,0.496385,0.015291,0.382553,0.569363,-0.195664,0.306782,0.541134,0.073166,0.306832,0.546798,-0.073305,0.319881,0.665616,0.111192,0.344962,0.663761,-0.02211,0.261523,0.764533,0.149641,0.340374,0.806409,0.038051,0.245601,0.76054,0.150611,0.327184,0.830723,0.041048,0.262569,0.83115,0.11119,0.372538,0.843404,0.001215
Zara_Lat_1_3.9.26,105,722.24,584.96,0,722.24,584.96,0.989,719.28,594.72,0.9979,0.354553,0.302613,-0.098221,0.350445,0.290452,-0.089088,0.349267,0.2902,-0.08924,0.348168,0.289894,-0.089192,0.349518,0.290421,-0.11342,0.347765,0.290212,-0.113611,0.346024,0.289903,-0.113664,0.337308,0.293335,-0.0377,0.334932,0.294317,-0.14791,0.34945,0.317461,-0.075221,0.348869,0.317439,-0.107971,0.319003,0.366773,0.054126,0.318904,0.379439,-0.188739,0.330197,0.420829,0.09422,0.343578,0.475242,-0.220332,0.366204,0.479617,0.027192,0.374627,0.550668,-0.20466,0.371617,0.510756,0.024786,0.378065,0.575597,-0.230315,0.377179,0.499705,-0.002083,0.383215,0.572755,-0.225209,0.374181,0.501251,0.01447,0.381992,0.56453,-0.202059,0.306763,0.540828,0.073282,0.306815,0.546417,-0.07343,0.319281,0.665408,0.11055,0.34228,0.663759,-0.022568,0.261476,0.764558,0.14213,0.340371,0.806402,0.031903,0.245586,0.760635,0.14187,0.327226,0.830749,0.034838,0.262383,0.831458,0.093805,0.37257,0.843875,-0.012128
Zara_Lat_1_3.9.26,106,722.58,583.28,0,722.58,583.28,0.9895,718.71,592.78,0.9979,0.353653,0.301486,-0.104594,0.349317,0.289253,-0.094225,0.3481,0.288942,-0.094385,0.346913,0.288604,-0.094331,0.348515,0.28931,-0.120085,0.346867,0.289113,-0.120269,0.345163,0.288798,-0.120318,0.335989,0.292263,-0.038557,0.334121,0.293174,-0.154728,0.348431,0.316231,-0.079898,0.348035,0.316313,-0.114635,0.31845,0.365451,0.053692,0.317434,0.377957,-0.196452,0.332227,0.432572,0.087127,0.343564,0.473832,-0.237298,0.368485,0.491557,0.01452,0.374326,0.548867,-0.229537,0.37522,0.51704,0.011016,0.377795,0.573536,-0.257455,0.379842,0.511046,-0.016318,0.382768,0.570553,-0.25273,0.377324,0.509152,0.00139,0.381564,0.562669,-0.227352,0.306753,0.539638,0.073349,0.306747,0.545516,-0.073503,0.318858,0.664496,0.101676,0.340575,0.663758,-0.022619,0.261817,0.764574,0.122938,0.34036,0.806395,0.031958,0.245775,0.760707,0.121577,0.32717,0.830982,0.034889,0.262238,0.831661,0.071406,0.372556,0.843776,-0.01568
Zara_Lat_1_3.9.26,107,722.51,581.94,0,722.51,581.94,0.9897,718.79,590.76,0.9976,0.352611,0.300974,-0.102742,0.348311,0.288539,-0.09208,0.347113,0.288177,-0.092231,0.345946,0.287787,-0.092181,0.347518,0.288544,-0.118345,0.345936,0.288276,-0.118529,0.344325,0.287895,-0.118577,0.334987,0.291247,-0.036595,0.333265,0.292165,-0.15409,0.347499,0.315385,-0.078137,0.347111,0.315522,-0.113323,0.318519,0.365802,0.05535,0.316391,0.377273,-0.196771,0.333466,0.438551,0.088081,0.343324,0.472222,-0.239383,0.370306,0.499097,0.017717,0.37437,0.546997,-0.230047,0.376992,0.522202,0.014586,0.377654,0.571989,-0.257219,0.382072,0.518662,-0.012895,0.382667,0.569122,-0.253059,0.379142,0.515507,0.004516,0.381331,0.560933,-0.228006,0.306736,0.538676,0.073695,0.306244,0.543795,-0.073847,0.319096,0.663714,0.073733,0.336868,0.663755,-0.059576,0.261972,0.764592,0.086223,0.340328,0.806449,-0.022209,0.245879,0.76076,0.084108,0.327065,0.831956,-0.020964,0.262172,0.83193,0.034953,0.372513,0.843737,-0.076585
Zara_Lat_1_3.9.26,108,723.13,581.61,0,723.13,581.61,0.99,718.61,587.96,0.9965,0.351507,0.301266,-0.094888,0.347049,0.288724,-0.084031,0.345772,0.288323,-0.084174,0.344533,0.28789,-0.084133,0.346357,0.28874,-0.110306,0.344763,0.288447,-0.110496,0.343115,0.288039,-0.110549,0.333813,0.291098,-0.029368,0.332287,0.291875,-0.14735,0.346055,0.315494,-0.070674,0.345794,0.315572,-0.105986,0.317785,0.365285,0.060374,0.315188,0.376641,-0.192898,0.333905,0.444651,0.092216,0.343158,0.469738,-0.237216,0.370799,0.505627,0.025967,0.374277,0.544407,-0.224373,0.377474,0.526646,0.023588,0.377658,0.569145,-0.250815,0.382864,0.525458,-0.003327,0.382644,0.56597,-0.246944,0.379761,0.521126,0.013217,0.381121,0.557664,-0.22233,0.306713,0.53793,0.073744,0.305495,0.542529,-0.073895,0.319149,0.663513,0.057531,0.332668,0.663685,-0.092347,0.262058,0.764747,0.070493,0.339363,0.806347,-0.049887,0.246098,0.761631,0.068272,0.326971,0.832168,-0.047852,0.262889,0.832206,0.016143,0.350275,0.852908,-0.103289
Zara_Lat_1_3.9.26,109,720.0,578.0,0,725.76,583.51,0.9844,718.26,586.07,0.9963,0.350508,0.300474,-0.095636,0.346226,0.288111,-0.084679,0.344928,0.2877,-0.084826,0.343639,0.287262,-0.084781,0.345672,0.288177,-0.111019,0.344109,0.287907,-0.111207,0.342524,0.287526,-0.111259,0.332525,0.290654,-0.029382,0.331411,0.291297,-0.147785,0.345208,0.314657,-0.07129,0.345095,0.314633,-0.106655,0.316474,0.363861,0.061141,0.31423,0.375666,-0.193187,0.334195,0.448765,0.092271,0.342532,0.467827,-0.236504,0.371045,0.511733,0.018967,0.374095,0.542653,-0.222555,0.378139,0.531769,0.015159,0.377482,0.567736,-0.249065,0.382381,0.531072,-0.011799,0.38241,0.564878,-0.245181,0.380139,0.526377,0.005747,0.380925,0.55688,-0.220489,0.306507,0.537281,0.07429,0.305309,0.542347,-0.074444,0.318289,0.66273,0.06468,0.332561,0.663934,-0.07346,0.262116,0.76478,0.09239,0.339364,0.806343,-0.017187,0.245972,0.7617,0.090934,0.326885,0.832716,-0.01081,0.26273,0.832524,0.02861,0.358901,0.848675,-0.052937
Zara_Lat_1_3.9.26,110,720.0,572.0,0,724.8,582.61,0.985,717.95,584.56,0.9962,0.348794,0.299714,-0.096679,0.344512,0.287594,-0.085887,0.343274,0.287155,-0.086035,0.342046,0.286702,-0.08599,0.344021,0.287785,-0.111977,0.342557,0.287556,-0.112165,0.341082,0.287216,-0.112216,0.331309,0.290278,-0.030809,0.330303,0.29107,-0.148192,0.343832,0.313742,-0.072486,0.343788,0.313757,-0.107519,0.315223,0.362432,0.060423,0.312781,0.374824,-0.194449,0.334417,0.450597,0.090162,0.341729,0.467383,-0.237284,0.37092,0.515403,0.010757,0.37393,0.541258,-0.222835,0.378057,0.534986,0.006458,0.377364,0.566741,-0.249747,0.382658,0.534523,-0.020693,0.382237,0.563585,-0.245502,0.37993,0.529465,-0.002617,0.380784,0.555652,-0.220669,0.306079,0.536989,0.074897,0.305048,0.542448,-0.075052,0.316718,0.662297,0.083348,0.332232,0.664453,-0.049923,0.262412,0.764852,0.115591,0.339162,0.806481,-0.011926,0.246103,0.762429,0.114848,0.326771,0.833627,-0.007906,0.262775,0.833038,0.051407,0.363556,0.843893,-0.036865
Zara_Lat_1_3.9.26,111,718.0,575.0,0,719.33,580.07,0.9857,717.76,582.99,0.9963,0.347784,0.298507,-0.096916,0.343901,0.286639,-0.086527,0.342805,0.286185,-0.086677,0.341775,0.285708,-0.086637,0.343205,0.286777,-0.112056,0.341651,0.286478,-0.112241,0.34013,0.286068,-0.112286,0.331057,0.28919,-0.032181,0.329126,0.289907,-0.148468,0.343103,0.31236,-0.073356,0.342847,0.312443,-0.10774,0.314344,0.361172,0.060606,0.312168,0.374044,-0.194496,0.334497,0.451955,0.091022,0.341132,0.467919,-0.235895,0.370499,0.517435,0.017688,0.373831,0.539803,-0.221259,0.37756,0.537055,0.014248,0.37735,0.564707,-0.247837,0.382427,0.536337,-0.012648,0.382288,0.561443,-0.24442,0.379497,0.531157,0.00464,0.38067,0.553352,-0.219383,0.305346,0.536393,0.075069,0.304223,0.542178,-0.075227,0.315045,0.661858,0.08362,0.330806,0.664815,-0.026644,0.262465,0.765244,0.115998,0.33863,0.806566,0.018007,0.246136,0.763273,0.115352,0.326639,0.834721,0.019647,0.262572,0.833796,0.060907,0.365873,0.838606,-0.03622
Zara_Lat_1_3.9.26,112,718.0,575.0,0,717.87,578.76,0.9846,717.58,581.76,0.996,0.34721,0.297378,-0.106021,0.343357,0.285527,-0.094693,0.342287,0.285075,-0.094849,0.341294,0.284596,-0.094799,0.342642,0.285702,-0.121667,0.341045,0.285401,-0.12185,0.339486,0.284994,-0.121899,0.33045,0.287997,-0.035799,0.328317,0.288772,-0.157825,0.342477,0.311349,-0.08045,0.342155,0.311476,-0.116735,0.314771,0.361238,0.059545,0.310983,0.373098,-0.203616,0.334485,0.452701,0.087297,0.340216,0.467932,-0.241801,0.370097,0.518102,0.007709,0.37374,0.538669,-0.226691,0.377012,0.53796,0.003051,0.377253,0.563661,-0.254519,0.38212,0.536969,-0.02463,0.382223,0.560195,-0.25074,0.379,0.531358,-0.005875,0.380605,0.55191,-0.224783,0.304761,0.536149,0.075952,0.303066,0.541989,-0.0761,0.313638,0.661665,0.108774,0.32949,0.665081,-0.023838,0.262376,0.765545,0.154774,0.338269,0.80656,0.034886,0.246068,0.763333,0.15582,0.326462,0.835136,0.037773,0.261872,0.834303,0.105785,0.367084,0.834016,-0.027733
Zara_Lat_1_3.9.26,113,716.9,579.98,0,716.9,579.98,0.9901,717.79,582.17,0.9957,0.346897,0.29689,-0.106855,0.343063,0.284895,-0.095672,0.342,0.284431,-0.095832,0.341012,0.28394,-0.095784,0.342306,0.285008,-0.122367,0.340734,0.284657,-0.12255,0.339229,0.284203,-0.1226,0.330116,0.28744,-0.036673,0.328025,0.288185,-0.157811,0.342136,0.310948,-0.081304,0.34178,0.311045,-0.117256,0.314797,0.361441,0.058229,0.309758,0.372123,-0.203355,0.334548,0.453482,0.084698,0.339543,0.46809,-0.240066,0.370018,0.518939,0.006941,0.373848,0.53905,-0.225464,0.376692,0.539006,0.002161,0.377479,0.563829,-0.25299,0.381906,0.538044,-0.025005,0.382423,0.560428,-0.249448,0.378668,0.532133,-0.006374,0.380754,0.552384,-0.223651,0.303889,0.535931,0.075905,0.301461,0.541688,-0.076051,0.310464,0.661752,0.10814,0.328279,0.665471,-0.024669,0.262164,0.767589,0.148388,0.337166,0.806557,0.034501,0.246019,0.76621,0.148864,0.326165,0.835716,0.037073,0.261852,0.835337,0.100351,0.367169,0.83084,-0.027472
Zara_Lat_1_3.9.26,114,711.34,576.71,0,711.34,576.71,0.9899,717.65,582.24,0.9952,0.346762,0.296606,-0.10792,0.342586,0.284609,-0.096759,0.341484,0.284192,-0.09692,0.340437,0.283756,-0.096877,0.34192,0.28473,-0.12341,0.340382,0.284426,-0.123593,0.338892,0.284031,-0.123648,0.329694,0.287492,-0.0374,0.328018,0.288211,-0.158475,0.342034,0.310775,-0.082303,0.341736,0.310892,-0.118206,0.315405,0.361734,0.056637,0.30807,0.371808,-0.204244,0.334637,0.453929,0.084451,0.338515,0.467951,-0.242595,0.37042,0.519857,0.009097,0.373774,0.539115,-0.233924,0.377034,0.539736,0.004509,0.377393,0.564389,-0.262892,0.382123,0.53896,-0.023589,0.382334,0.560632,-0.259599,0.379149,0.53299,-0.004545,0.380695,0.55242,-0.232477,0.303543,0.535857,0.07591,0.299141,0.541409,-0.076054,0.310285,0.661845,0.107571,0.325204,0.665492,-0.036065,0.262004,0.769473,0.141606,0.335843,0.806553,0.010967,0.245859,0.767663,0.141809,0.325766,0.835954,0.012243,0.261832,0.835898,0.096275,0.367426,0.827421,-0.054753
Zara_Lat_1_3.9.26,115,709.63,575.83,0,709.63,575.83,0.9896,717.04,581.93,0.995,0.347144,0.296172,-0.113461,0.34287,0.28412,-0.101606,0.34173,0.283762,-0.101771,0.340653,0.283376,-0.101728,0.342194,0.284245,-0.128747,0.340597,0.284017,-0.12893,0.339051,0.283706,-0.128987,0.329708,0.28736,-0.040085,0.327924,0.288195,-0.162949,0.342409,0.31051,-0.086958,0.342085,0.31068,-0.123506,0.315382,0.362015,0.055982,0.308245,0.371989,-0.208526,0.334628,0.454438,0.085353,0.337517,0.468325,-0.24987,0.370162,0.519881,0.010429,0.373458,0.538823,-0.245227,0.376959,0.54008,0.005782,0.377259,0.564438,-0.27542,0.381891,0.539154,-0.022857,0.382286,0.560041,-0.271818,0.379084,0.533307,-0.003446,0.380677,0.552069,-0.243763,0.301861,0.535636,0.076366,0.297483,0.541199,-0.076497,0.307683,0.66187,0.105851,0.323593,0.665721,-0.037468,0.261773,0.770707,0.14368,0.334622,0.806817,0.010496,0.24575,0.769956,0.143941,0.32519,0.836805,0.01205,0.262105,0.836515,0.094981,0.367607,0.824324,-0.051373
Zara_Lat_1_3.9.26,116,706.95,575.54,0,706.95,575.54,0.9904,716.98,582.61,0.9943,0.347193,0.296276,-0.112269,0.342589,0.28418,-0.100729,0.341399,0.283794,-0.100892,0.340229,0.28338,-0.100849,0.341942,0.284335,-0.127598,0.340383,0.284115,-0.127782,0.338772,0.2838,-0.127834,0.329336,0.287461,-0.040928,0.327787,0.28835,-0.162618,0.34247,0.310563,-0.086324,0.342158,0.310755,-0.122434,0.314894,0.362202,0.052134,0.308037,0.372315,-0.20676,0.334518,0.454836,0.082195,0.336348,0.468922,-0.247654,0.369924,0.520481,0.010173,0.373426,0.539455,-0.237219,0.376616,0.540452,0.006061,0.377212,0.565216,-0.265745,0.381518,0.539643,-0.022094,0.382206,0.560852,-0.262134,0.378783,0.533825,-0.003356,0.380627,0.552804,-0.235555,0.300531,0.535681,0.07565,0.295751,0.541188,-0.075767,0.306701,0.661957,0.09184,0.320642,0.666064,-0.062545,0.261207,0.772534,0.121409,0.333172,0.808049,-0.025717,0.244392,0.771179,0.120432,0.324931,0.838151,-0.024861,0.262073,0.836999,0.067098,0.366784,0.824872,-0.08703
Zara_Lat_1_3.9.26,117,705.08,575.75,0,705.08,575.75,0.9914,715.73,582.93,0.9935,0.347131,0.296326,-0.121473,0.34262,0.284275,-0.109622,0.341402,0.283907,-0.109797,0.340215,0.283519,-0.109757,0.341994,0.284387,-0.137139,0.340436,0.284147,-0.137325,0.338829,0.283823,-0.137391,0.329362,0.287669,-0.048122,0.327841,0.288541,-0.17226,0.342296,0.310719,-0.09475,0.342024,0.310884,-0.131756,0.31498,0.362347,0.047646,0.307675,0.372612,-0.216774,0.334178,0.454938,0.079796,0.334699,0.468827,-0.262871,0.369817,0.520737,0.00353,0.372776,0.539747,-0.260467,0.376353,0.542283,-0.001355,0.376839,0.565613,-0.291793,0.381289,0.540534,-0.030515,0.381811,0.56121,-0.287222,0.378538,0.533926,-0.010567,0.380089,0.553218,-0.258719,0.299146,0.53571,0.076,0.29395,0.541225,-0.076109,0.304058,0.662006,0.099667,0.319977,0.666075,-0.062205,0.260445,0.7741,0.140933,0.331728,0.808486,-0.009997,0.243689,0.773636,0.140906,0.324639,0.839013,-0.0066,0.26204,0.837946,0.085791,0.365834,0.820451,-0.059933
Zara_Lat_1_3.9.26,118,704.74,578.42,0,704.74,578.42,0.9882,712.57,582.85,0.9918,0.347299,0.296393,-0.128673,0.342859,0.284311,-0.116941,0.34164,0.283949,-0.117114,0.34047,0.283604,-0.117087,0.342225,0.284449,-0.143368,0.340649,0.284193,-0.143559,0.339031,0.283856,-0.143645,0.329608,0.287828,-0.055207,0.327926,0.288702,-0.174881,0.342344,0.310845,-0.101978,0.342049,0.310959,-0.137659,0.315291,0.362752,0.039902,0.306988,0.372839,-0.216563,0.333816,0.455363,0.076552,0.332615,0.46917,-0.260605,0.369671,0.520799,0.00434,0.371132,0.53968,-0.264344,0.376143,0.542651,2.8e-05,0.375611,0.565214,-0.295798,0.381151,0.540763,-0.029508,0.380686,0.56088,-0.292674,0.378375,0.534005,-0.00965,0.378959,0.552686,-0.263346,0.29806,0.535671,0.075979,0.290564,0.540745,-0.076081,0.303697,0.662029,0.092667,0.315993,0.665533,-0.110352,0.25921,0.776619,0.140789,0.330053,0.808464,-0.054119,0.242259,0.777773,0.140588,0.322576,0.83916,-0.051227,0.26201,0.838406,0.076254,0.339135,0.838257,-0.115244
Zara_Lat_1_3.9.26,119,702.2,578.58,0,702.2,578.58,0.9925,709.78,583.85,0.9909,0.347394,0.300074,-0.140063,0.343009,0.286508,-0.129132,0.341791,0.285933,-0.12932,0.340629,0.285465,-0.129298,0.342319,0.286733,-0.155591,0.340681,0.286316,-0.15578,0.339014,0.285886,-0.155865,0.329923,0.288683,-0.069821,0.328109,0.289626,-0.189077,0.34228,0.313022,-0.114019,0.34184,0.313221,-0.149723,0.315542,0.364201,0.025354,0.306362,0.372983,-0.228012,0.333765,0.456925,0.064237,0.3303,0.469416,-0.267749,0.369572,0.523953,-0.009214,0.369675,0.540603,-0.267953,0.375585,0.546973,-0.014147,0.373737,0.565879,-0.299624,0.380213,0.545564,-0.044826,0.378772,0.561669,-0.296865,0.377707,0.53805,-0.023668,0.3773,0.553686,-0.267031,0.295978,0.53562,0.075749,0.288555,0.540511,-0.07584,0.299062,0.662387,0.097534,0.317029,0.665539,-0.080316,0.257393,0.777727,0.149117,0.330489,0.808639,-0.028091,0.239949,0.779335,0.149483,0.322527,0.839903,-0.026016,0.2608,0.838525,0.091921,0.341162,0.825032,-0.086814
Zara_Lat_1_3.9.26,120,699.15,580.14,0,699.15,580.14,0.9914,706.26,584.24,0.9895,0.347537,0.301291,-0.13393,0.343054,0.287816,-0.123228,0.341813,0.287145,-0.123411,0.340644,0.286566,-0.12339,0.342356,0.288088,-0.148929,0.340684,0.287634,-0.149117,0.338982,0.287128,-0.149197,0.330003,0.289945,-0.06609,0.328193,0.291007,-0.181625,0.34235,0.314359,-0.108814,0.341919,0.314667,-0.143401,0.315703,0.365857,0.02547,0.305975,0.373918,-0.221946,0.333761,0.457887,0.063618,0.329197,0.470674,-0.259709,0.369179,0.527365,-0.005504,0.367842,0.540961,-0.255971,0.375151,0.550046,-0.010153,0.371161,0.566016,-0.286102,0.379466,0.549708,-0.040127,0.376306,0.561873,-0.283444,0.376283,0.541673,-0.019586,0.374923,0.553978,-0.25498,0.294231,0.535647,0.074282,0.286312,0.539996,-0.07435,0.298102,0.662417,0.089523,0.317491,0.665149,-0.072018,0.255961,0.779542,0.123613,0.330837,0.808917,-0.024911,0.238307,0.781475,0.121947,0.322571,0.839921,-0.023325,0.260522,0.838927,0.062485,0.345076,0.820658,-0.08251
Zara_Lat_1_3.9.26,121,693.43,581.95,0,693.43,581.95,0.993,702.08,584.85,0.9881,0.347752,0.303439,-0.140176,0.343256,0.289949,-0.12962,0.342023,0.289177,-0.129813,0.340867,0.288482,-0.129794,0.342549,0.290271,-0.154869,0.340872,0.289771,-0.155055,0.339173,0.289238,-0.155142,0.330239,0.291878,-0.072049,0.328422,0.293024,-0.185609,0.342561,0.316404,-0.114943,0.34212,0.316679,-0.148982,0.316387,0.367608,0.019362,0.305368,0.375519,-0.224379,0.333774,0.458414,0.058763,0.327147,0.473224,-0.264856,0.36884,0.529434,-0.00743,0.365666,0.541526,-0.268419,0.374992,0.552212,-0.011688,0.368344,0.568095,-0.299578,0.37917,0.552568,-0.041824,0.373653,0.562956,-0.297723,0.375987,0.544228,-0.021428,0.372629,0.554131,-0.267996,0.292669,0.535938,0.073896,0.284189,0.540057,-0.073953,0.296959,0.662656,0.089839,0.317948,0.664328,-0.081417,0.254405,0.780936,0.124076,0.33095,0.808992,-0.034201,0.236671,0.785842,0.122729,0.32262,0.840445,-0.032438,0.260461,0.839029,0.065672,0.346074,0.815284,-0.090864
Zara_Lat_1_3.9.26,122,692.0,585.0,0,686.47,586.27,0.9894,697.17,587.21,0.9879,0.347861,0.305371,-0.133881,0.34329,0.291855,-0.123237,0.34205,0.291155,-0.123424,0.340901,0.290525,-0.123401,0.342545,0.291995,-0.14858,0.340817,0.291439,-0.148766,0.339093,0.290936,-0.148843,0.330378,0.294038,-0.066406,0.328433,0.294928,-0.180367,0.342641,0.318685,-0.108984,0.342128,0.318956,-0.14304,0.316708,0.371675,0.024155,0.303929,0.377786,-0.2209,0.333695,0.460404,0.064681,0.323722,0.476893,-0.259649,0.36755,0.533173,-0.003708,0.363108,0.543709,-0.261535,0.3742,0.5559,-0.006998,0.365609,0.572391,-0.292874,0.378355,0.556602,-0.035357,0.371457,0.566179,-0.290934,0.374771,0.548289,-0.016962,0.370154,0.556755,-0.261153,0.290198,0.537661,0.07329,0.281469,0.540789,-0.073335,0.296892,0.663742,0.093704,0.31948,0.664321,-0.067869,0.25242,0.782896,0.128883,0.330763,0.809014,-0.011976,0.234853,0.788495,0.127386,0.32264,0.840568,-0.009431,0.260419,0.839273,0.068549,0.347216,0.813353,-0.062299
Zara_Lat_1_3.9.26,123,692.0,593.0,0,685.15,592.3,0.9903,695.01,595.42,0.9881,0.348002,0.308022,-0.130514,0.343432,0.295194,-0.119984,0.342197,0.294821,-0.120169,0.341052,0.294497,-0.120146,0.342689,0.295364,-0.145209,0.340966,0.295098,-0.145395,0.339236,0.294869,-0.145468,0.330532,0.298178,-0.064498,0.328586,0.299021,-0.177739,0.34279,0.32204,-0.106003,0.342269,0.322338,-0.139802,0.317854,0.375928,0.024496,0.303188,0.380147,-0.219674,0.333437,0.463838,0.067484,0.321329,0.482592,-0.257227,0.366561,0.538327,0.005593,0.361985,0.551318,-0.259526,0.372675,0.560904,0.002317,0.365905,0.578633,-0.291263,0.37709,0.561903,-0.027722,0.37155,0.571772,-0.289089,0.373337,0.552993,-0.007849,0.369478,0.563089,-0.259175,0.287975,0.538578,0.072743,0.279129,0.541213,-0.072775,0.294656,0.666219,0.095206,0.320285,0.664294,-0.065176,0.2501,0.784751,0.129394,0.330012,0.809208,-0.011809,0.23252,0.792496,0.127837,0.32246,0.84096,-0.009175,0.260356,0.839545,0.06986,0.352255,0.812578,-0.060641
Zara_Lat_1_3.9.26,124,692.0,599.0,0,683.89,600.27,0.9911,690.88,602.46,0.9885,0.348108,0.311316,-0.130837,0.343511,0.299054,-0.120758,0.342261,0.299053,-0.120948,0.341101,0.299101,-0.120934,0.342787,0.299178,-0.145414,0.341064,0.299264,-0.145598,0.339325,0.299348,-0.145666,0.330639,0.303441,-0.067501,0.328702,0.304009,-0.177559,0.342894,0.325816,-0.107238,0.342375,0.325901,-0.140213,0.31933,0.380716,0.020322,0.302975,0.382978,-0.21935,0.333255,0.467753,0.064873,0.318552,0.487687,-0.256917,0.365462,0.545098,0.00586,0.359833,0.557838,-0.261203,0.372072,0.567298,0.002378,0.364677,0.583831,-0.292876,0.376176,0.56793,-0.026652,0.36997,0.577254,-0.290621,0.372427,0.55875,-0.007403,0.367099,0.56923,-0.260868,0.286163,0.540793,0.072323,0.27743,0.542352,-0.07235,0.292179,0.671245,0.090478,0.321066,0.664789,-0.064975,0.246866,0.787798,0.113873,0.330177,0.809201,-0.0116,0.23037,0.795722,0.111455,0.322637,0.840892,-0.008675,0.260249,0.839706,0.057483,0.356921,0.813061,-0.053202
Zara_Lat_1_3.9.26,125,681.0,612.0,0,678.96,608.52,0.9932,685.45,609.18,0.989,0.348196,0.317596,-0.127137,0.343602,0.305421,-0.117446,0.342359,0.305446,-0.117654,0.341192,0.305492,-0.11766,0.342869,0.305195,-0.140481,0.341146,0.305167,-0.140657,0.339404,0.305159,-0.140715,0.330785,0.308724,-0.06694,0.328796,0.308754,-0.16949,0.34298,0.331572,-0.105207,0.342396,0.331474,-0.135779,0.320767,0.387833,0.024003,0.302264,0.388226,-0.211329,0.332237,0.47476,0.066581,0.315848,0.493049,-0.248351,0.363186,0.551817,0.008822,0.357006,0.564056,-0.259318,0.3702,0.574602,0.004564,0.362134,0.590452,-0.289129,0.3742,0.574944,-0.024953,0.367453,0.585327,-0.286054,0.370599,0.565294,-0.004569,0.364609,0.57705,-0.257768,0.284329,0.544006,0.071575,0.275487,0.544436,-0.071597,0.291171,0.67695,0.081011,0.321532,0.664973,-0.063822,0.244935,0.789774,0.096862,0.330408,0.809325,-0.009564,0.227696,0.799103,0.094307,0.322655,0.840827,-0.006735,0.260143,0.840442,0.04506,0.359123,0.81415,-0.048837
Zara_Lat_1_3.9.26,126,676.0,615.0,0,672.39,610.45,0.9945,677.71,614.59,0.9895,0.348767,0.324443,-0.114875,0.344465,0.311714,-0.105102,0.343302,0.311351,-0.105311,0.342268,0.311044,-0.105321,0.343626,0.31123,-0.12747,0.341921,0.310745,-0.12765,0.340176,0.310354,-0.127705,0.331865,0.312954,-0.054645,0.329431,0.312826,-0.153968,0.34352,0.337073,-0.093006,0.342624,0.336769,-0.122692,0.321674,0.39316,0.025408,0.301956,0.39263,-0.194319,0.331057,0.481339,0.069102,0.313181,0.499226,-0.231243,0.360847,0.557049,0.020659,0.352972,0.569065,-0.24967,0.368122,0.578814,0.015966,0.35754,0.595999,-0.280929,0.372115,0.580031,-0.013455,0.363321,0.591175,-0.279459,0.368592,0.570472,0.007229,0.360568,0.583246,-0.249814,0.283141,0.548348,0.070384,0.2736,0.546735,-0.070397,0.289966,0.68091,0.067247,0.321867,0.665457,-0.064639,0.242945,0.792501,0.068879,0.33059,0.809856,-0.015671,0.225751,0.802169,0.065015,0.322686,0.840816,-0.012686,0.260159,0.840682,0.016337,0.360499,0.814763,-0.051377
Zara_Lat_1_3.9.26,127,670.31,621.82,0,666.53,616.31,0.9942,670.31,621.82,0.9904,0.349709,0.329586,-0.113312,0.345481,0.316058,-0.103355,0.344307,0.315567,-0.103555,0.343256,0.315123,-0.103555,0.344579,0.316049,-0.126615,0.342845,0.315708,-0.126797,0.341057,0.315388,-0.126855,0.332415,0.317156,-0.051798,0.330168,0.317621,-0.155393,0.344619,0.34142,-0.090857,0.343451,0.34132,-0.121795,0.321981,0.396848,0.029513,0.302067,0.397374,-0.196754,0.329332,0.487036,0.077825,0.31064,0.507665,-0.232165,0.357318,0.560901,0.032593,0.349118,0.575762,-0.24946,0.365247,0.581057,0.028825,0.355267,0.601338,-0.279964,0.368749,0.581693,-0.001236,0.36074,0.595431,-0.278401,0.365342,0.572859,0.018936,0.357673,0.587685,-0.249717,0.281097,0.552224,0.070614,0.272653,0.551041,-0.070607,0.289454,0.683752,0.070137,0.322024,0.665971,-0.063041,0.241211,0.795019,0.08884,0.33064,0.811204,-0.013439,0.2243,0.806255,0.086646,0.322708,0.841082,-0.00837,0.260163,0.840877,0.031032,0.362614,0.814151,-0.040435
Zara_Lat_1_3.9.26,128,664.54,631.33,0,657.6,626.86,0.9939,664.54,631.33,0.9911,0.350882,0.335422,-0.11017,0.346686,0.321677,-0.100362,0.345463,0.321251,-0.100551,0.344332,0.320882,-0.100545,0.345952,0.321756,-0.124558,0.344276,0.321536,-0.124742,0.342509,0.321339,-0.1248,0.3332,0.323434,-0.049477,0.331423,0.32415,-0.156646,0.345655,0.347485,-0.087733,0.344406,0.347049,-0.119947,0.321918,0.401686,0.035499,0.302345,0.402875,-0.198899,0.327074,0.495202,0.084489,0.306491,0.515101,-0.233265,0.354676,0.570366,0.038148,0.346116,0.584564,-0.246015,0.361864,0.588394,0.034917,0.352414,0.610552,-0.277638,0.365551,0.589289,0.005372,0.357578,0.605536,-0.274199,0.362797,0.581379,0.024638,0.354971,0.597215,-0.245481,0.278717,0.556227,0.072205,0.271509,0.555252,-0.072189,0.288027,0.687514,0.07066,0.322641,0.666787,-0.06165,0.23927,0.798155,0.098517,0.330722,0.811844,-0.00385,0.222424,0.81033,0.096884,0.322775,0.841743,0.001873,0.260126,0.841002,0.033842,0.364532,0.814976,-0.029245
Zara_Lat_1_3.9.26,129,646.16,630.23,0,646.16,630.23,0.9962,654.44,639.92,0.9918,0.351962,0.341238,-0.116089,0.347726,0.326961,-0.106057,0.346514,0.326453,-0.106241,0.345383,0.326076,-0.106243,0.347142,0.327209,-0.130391,0.345538,0.327002,-0.130556,0.34378,0.326905,-0.130635,0.334008,0.329711,-0.054321,0.332381,0.330347,-0.163103,0.347033,0.353052,-0.093568,0.345803,0.35277,-0.126115,0.322036,0.407037,0.032584,0.302513,0.409074,-0.201999,0.324826,0.504873,0.084443,0.303138,0.521922,-0.234054,0.351288,0.581697,0.033939,0.340853,0.592523,-0.240092,0.358427,0.60297,0.031086,0.346014,0.61967,-0.272452,0.361957,0.604259,0.001065,0.351636,0.614784,-0.267989,0.359041,0.5959,0.020342,0.349787,0.606093,-0.23911,0.277521,0.55947,0.073246,0.270128,0.558507,-0.073216,0.288113,0.68971,0.110732,0.322929,0.667335,-0.073671,0.237708,0.799349,0.160135,0.314857,0.809784,0.008623,0.221466,0.813111,0.160931,0.304898,0.837235,0.017332,0.259774,0.840268,0.112306,0.343123,0.815891,-0.015784
Zara_Lat_1_3.9.26,130,642.0,649.0,0,637.98,643.16,0.9962,645.18,652.97,0.9925,0.35357,0.348054,-0.117321,0.349272,0.334063,-0.107217,0.348092,0.333399,-0.107406,0.347039,0.332812,-0.107404,0.348744,0.334694,-0.13136,0.347173,0.334604,-0.131525,0.345474,0.334514,-0.131605,0.335698,0.335564,-0.055138,0.333991,0.336874,-0.163281,0.34871,0.3599,-0.09465,0.347403,0.360009,-0.126931,0.322448,0.411554,0.032722,0.302653,0.415492,-0.202614,0.322467,0.510573,0.08497,0.300758,0.526834,-0.232627,0.347084,0.586993,0.03739,0.336034,0.604601,-0.238487,0.353957,0.609615,0.034384,0.341255,0.631062,-0.270615,0.357777,0.610024,0.004444,0.347137,0.625091,-0.266515,0.354885,0.600864,0.023803,0.345207,0.616835,-0.237492,0.275876,0.563473,0.073505,0.27171,0.564988,-0.07348,0.28628,0.695667,0.10678,0.325531,0.668054,-0.049897,0.236642,0.80172,0.145273,0.321104,0.809929,0.037437,0.219949,0.817209,0.145117,0.312646,0.837542,0.045347,0.259774,0.840244,0.100221,0.358443,0.816337,0.016808
Zara_Lat_1_3.9.26,131,624.0,664.0,0,624.39,657.26,0.9964,631.21,658.74,0.9932,0.355765,0.357328,-0.122365,0.351606,0.343487,-0.11242,0.350303,0.342693,-0.112606,0.349074,0.341926,-0.112591,0.351251,0.344007,-0.136399,0.34974,0.343727,-0.136559,0.3481,0.343426,-0.136614,0.337465,0.344037,-0.061568,0.336359,0.345413,-0.168802,0.350868,0.368603,-0.100172,0.350016,0.368104,-0.132177,0.323049,0.411171,0.026721,0.303239,0.419826,-0.207459,0.320403,0.51287,0.078992,0.297295,0.529745,-0.233723,0.342773,0.592388,0.033686,0.328755,0.609947,-0.239189,0.348911,0.617623,0.030423,0.332477,0.637159,-0.270836,0.35249,0.617152,0.000699,0.339997,0.6322,-0.267189,0.350002,0.608477,0.020033,0.338483,0.62235,-0.238307,0.276121,0.565506,0.073627,0.272629,0.567897,-0.073609,0.285413,0.699602,0.104554,0.328711,0.667763,-0.045861,0.235561,0.805244,0.13866,0.325709,0.810768,0.031911,0.218517,0.82152,0.138152,0.317624,0.838447,0.038506,0.259743,0.840377,0.093293,0.365376,0.818046,0.009932
Zara_Lat_1_3.9.26,132,607.73,671.37,0,608.43,668.04,0.996,607.73,671.37,0.9938,0.358496,0.363252,-0.116126,0.354177,0.350759,-0.106063,0.352945,0.350042,-0.106245,0.351806,0.349401,-0.106219,0.353785,0.351212,-0.128964,0.352307,0.351073,-0.129138,0.350675,0.351144,-0.129202,0.34089,0.351246,-0.056888,0.339741,0.353124,-0.158818,0.353705,0.374904,-0.094679,0.352623,0.374954,-0.125261,0.325383,0.419426,0.02691,0.304519,0.425428,-0.197017,0.316757,0.517673,0.078691,0.292729,0.533214,-0.219404,0.337304,0.593306,0.031352,0.316525,0.621637,-0.225897,0.341398,0.6156,0.028212,0.320824,0.648741,-0.255969,0.344863,0.61827,-0.001618,0.328843,0.645302,-0.254794,0.342307,0.610405,0.01768,0.327318,0.635462,-0.225743,0.2777,0.569146,0.07347,0.27332,0.570659,-0.073455,0.283212,0.705134,0.102795,0.331779,0.66724,-0.053315,0.234176,0.807352,0.13488,0.328296,0.810772,0.011735,0.217013,0.825974,0.134186,0.321208,0.838849,0.017509,0.258973,0.840201,0.090558,0.369559,0.820855,0.008524
Zara_Lat_1_3.9.26,133,586.0,674.0,0,589.37,674.45,0.9957,591.81,682.32,0.9936,0.360848,0.370656,-0.153732,0.35623,0.358641,-0.143852,0.355093,0.358108,-0.144013,0.354049,0.357662,-0.143995,0.355819,0.358999,-0.16624,0.354366,0.358981,-0.166394,0.352764,0.3591,-0.166465,0.343425,0.359199,-0.089309,0.342423,0.36082,-0.189912,0.356214,0.382847,-0.130537,0.355019,0.382415,-0.1607,0.328335,0.428234,-0.001038,0.305734,0.431968,-0.217449,0.314767,0.523309,0.048513,0.285936,0.53491,-0.233279,0.334001,0.596485,0.007872,0.308235,0.631776,-0.238236,0.338159,0.616383,0.003436,0.311279,0.660603,-0.268155,0.341684,0.619018,-0.024427,0.31821,0.656436,-0.26882,0.338489,0.61237,-0.004533,0.31763,0.646444,-0.239154,0.277876,0.57198,0.072652,0.270772,0.574327,-0.072615,0.326203,0.682683,0.073122,0.296534,0.694261,-0.089197,0.325299,0.807561,0.094342,0.238965,0.810773,-0.040924,0.316201,0.835181,0.091193,0.223273,0.833917,-0.03826,0.358944,0.833764,0.034733,0.267169,0.829174,-0.093491
Zara_Lat_1_3.9.26,134,569.57,680.65,0,569.57,680.65,0.995,574.61,687.49,0.994,0.363142,0.378213,-0.144951,0.358739,0.366262,-0.136226,0.357778,0.365692,-0.136391,0.356945,0.365232,-0.136385,0.358068,0.366313,-0.16233,0.35657,0.366086,-0.162458,0.354885,0.366109,-0.162483,0.346406,0.366293,-0.085249,0.344368,0.367803,-0.177591,0.358486,0.390236,-0.121692,0.35694,0.390076,-0.15628,0.33086,0.433437,0.007877,0.307915,0.439394,-0.207395,0.312369,0.527337,0.054859,0.283087,0.535899,-0.228307,0.329518,0.598857,0.015871,0.299275,0.63656,-0.235364,0.333915,0.61667,0.01103,0.297422,0.663661,-0.26492,0.336603,0.618051,-0.015609,0.305213,0.663989,-0.265494,0.333883,0.613028,0.003917,0.305275,0.655427,-0.236013,0.278306,0.57692,0.072715,0.271434,0.579353,-0.072681,0.300018,0.705613,0.093743,0.324462,0.691947,-0.078316,0.261166,0.81049,0.121383,0.297775,0.810478,-0.023996,0.244538,0.831588,0.120335,0.286228,0.834171,-0.02124,0.306732,0.835005,0.081779,0.333683,0.829613,-0.062539
Zara_Lat_1_3.9.26,135,550.17,680.0,0,550.17,680.0,0.9934,553.52,686.58,0.989,0.366196,0.381523,-0.143795,0.361829,0.368479,-0.133059,0.3608,0.368064,-0.133216,0.359863,0.367746,-0.133191,0.360986,0.369036,-0.157683,0.359374,0.369202,-0.157839,0.357681,0.369421,-0.15791,0.348789,0.37001,-0.077501,0.347434,0.371893,-0.179934,0.361982,0.393128,-0.119794,0.360528,0.393471,-0.152743,0.332631,0.441411,0.012191,0.310988,0.445435,-0.212447,0.308843,0.529217,0.048304,0.279515,0.538228,-0.233646,0.322458,0.599005,-0.005558,0.288292,0.635719,-0.23542,0.326612,0.615996,-0.011891,0.285523,0.663585,-0.265218,0.330773,0.615799,-0.037831,0.291956,0.663328,-0.265861,0.328101,0.610835,-0.017841,0.292606,0.656096,-0.236386,0.278584,0.583885,0.074032,0.270918,0.585644,-0.073976,0.31832,0.69551,0.09804,0.316592,0.686752,-0.096253,0.296274,0.816052,0.121661,0.265167,0.806066,-0.027374,0.28635,0.841234,0.120358,0.248766,0.823641,-0.022532,0.322738,0.835716,0.07035,0.267642,0.833014,-0.072679
Zara_Lat_1_3.9.26,136,528.99,676.41,0,528.99,676.41,0.9911,533.46,682.76,0.99,0.368761,0.38574,-0.131999,0.36414,0.372502,-0.120348,0.363207,0.372076,-0.120495,0.362347,0.371774,-0.120444,0.363109,0.373077,-0.143529,0.361446,0.373355,-0.143733,0.359666,0.373749,-0.143828,0.351344,0.375361,-0.064389,0.349262,0.377411,-0.16527,0.365237,0.396901,-0.108406,0.363769,0.397519,-0.139343,0.334846,0.446895,0.022587,0.31514,0.449295,-0.200552,0.306565,0.530553,0.057518,0.276323,0.534669,-0.218516,0.317968,0.598729,0.015122,0.277842,0.632189,-0.219873,0.320876,0.616682,0.009319,0.271319,0.657448,-0.247688,0.325713,0.615466,-0.015327,0.278144,0.659186,-0.24886,0.323403,0.610089,0.003321,0.279943,0.653024,-0.22035,0.277696,0.591082,0.0744,0.271794,0.59017,-0.074362,0.300013,0.716627,0.099772,0.334833,0.685167,-0.076217,0.250778,0.815766,0.121604,0.313806,0.806295,-0.003591,0.233678,0.836282,0.120229,0.300269,0.825498,0.002834,0.282691,0.836172,0.071774,0.342202,0.834135,-0.029158
Zara_Lat_1_3.9.26,137,514.71,672.97,0,514.71,672.97,0.9923,515.99,680.13,0.9909,0.371769,0.389484,-0.12701,0.366894,0.376836,-0.115496,0.365967,0.376429,-0.115628,0.365107,0.376142,-0.115555,0.365949,0.377229,-0.13854,0.364373,0.377289,-0.138757,0.362667,0.377566,-0.138844,0.354486,0.380097,-0.060456,0.352516,0.381719,-0.162667,0.368243,0.400664,-0.10381,0.367124,0.40114,-0.134547,0.337931,0.450306,0.024757,0.317829,0.452693,-0.198291,0.304181,0.530522,0.061028,0.272444,0.53081,-0.210454,0.308791,0.601785,0.014459,0.268745,0.629749,-0.201476,0.306686,0.622823,0.008413,0.260332,0.653541,-0.227575,0.310592,0.623808,-0.016178,0.267339,0.656708,-0.228931,0.310606,0.61809,0.002678,0.270797,0.65053,-0.201484,0.280321,0.599023,0.075275,0.274181,0.598607,-0.075258,0.293307,0.727349,0.122826,0.343763,0.683978,-0.073301,0.237243,0.817972,0.159988,0.328368,0.806851,3.9e-05,0.219496,0.836515,0.160306,0.316528,0.828828,0.007261,0.267055,0.836408,0.121595,0.363498,0.835322,-0.022089
Zara_Lat_1_3.9.26,138,494.07,661.45,0,494.07,661.45,0.9912,499.74,672.03,0.9806,0.375054,0.392718,-0.103402,0.369823,0.381916,-0.093877,0.368748,0.381738,-0.094022,0.367738,0.381565,-0.093996,0.369283,0.382414,-0.115999,0.367887,0.382693,-0.116236,0.366494,0.383054,-0.116352,0.35793,0.385757,-0.045179,0.357185,0.387929,-0.14555,0.371814,0.404463,-0.082053,0.371112,0.404984,-0.11212,0.340307,0.44746,0.033627,0.32166,0.456734,-0.174887,0.313945,0.425999,0.177345,0.270084,0.528086,-0.212257,0.31984,0.402979,0.292646,0.26028,0.622254,-0.20747,0.316895,0.402723,0.310584,0.252008,0.646482,-0.239048,0.317726,0.406535,0.290845,0.256218,0.648725,-0.230611,0.319074,0.408724,0.287612,0.260333,0.642293,-0.212244,0.284703,0.600508,0.075461,0.277032,0.600029,-0.075479,0.290329,0.727826,0.115078,0.349616,0.682094,-0.072777,0.232445,0.818342,0.15204,0.335669,0.807541,0.001713,0.21652,0.834911,0.152419,0.323537,0.830417,0.009458,0.262617,0.836495,0.113857,0.36935,0.835092,-0.017267
Zara_Lat_1_3.9.26,139,481.2,644.51,0,481.2,644.51,0.9844,486.69,671.64,0.982,0.377941,0.392929,-0.123653,0.372501,0.38263,-0.114816,0.371272,0.382529,-0.114958,0.370091,0.382315,-0.114882,0.372174,0.383488,-0.137218,0.370837,0.384096,-0.137453,0.369481,0.384828,-0.137546,0.360396,0.386792,-0.065545,0.360172,0.390212,-0.167182,0.374994,0.404885,-0.101994,0.374337,0.405927,-0.132316,0.343073,0.448559,0.018024,0.323836,0.458656,-0.189551,0.313987,0.430776,0.162003,0.268253,0.521594,-0.212792,0.317882,0.410574,0.123765,0.253487,0.621885,-0.211441,0.31541,0.429687,0.12543,0.244269,0.642897,-0.246547,0.317287,0.418297,0.099452,0.24771,0.644891,-0.232719,0.318149,0.429106,0.112848,0.251493,0.636752,-0.212475,0.289502,0.598862,0.075443,0.278662,0.599081,-0.075462,0.289861,0.728764,0.111665,0.353659,0.681245,-0.071816,0.230204,0.819006,0.144726,0.338052,0.807658,0.001959,0.214785,0.835471,0.144454,0.324976,0.830845,0.00932,0.26055,0.836568,0.102557,0.371247,0.835207,-0.019394
Zara_Lat_1_3.9.26,140,473.92,627.34,0,473.92,627.34,0.9825,477.59,652.88,0.9815,0.381165,0.394944,-0.109178,0.375817,0.384736,-0.099517,0.374623,0.384613,-0.099663,0.373479,0.384338,-0.099634,0.375365,0.38545,-0.122411,0.373937,0.385998,-0.122649,0.372445,0.386684,-0.122766,0.364212,0.388241,-0.05018,0.363049,0.391637,-0.154191,0.378102,0.406787,-0.087649,0.377118,0.407909,-0.118739,0.346011,0.44603,0.029342,0.326303,0.458358,-0.181314,0.325345,0.414402,0.193731,0.269173,0.50669,-0.21708,0.324202,0.393731,0.31622,0.248743,0.60452,-0.262668,0.323458,0.393499,0.336708,0.237252,0.6191,-0.289587,0.324309,0.396017,0.314359,0.240702,0.627583,-0.29159,0.325184,0.400124,0.310256,0.245575,0.623123,-0.265269,0.293018,0.599814,0.075525,0.281375,0.597975,-0.075569,0.289564,0.730346,0.10607,0.358561,0.680286,-0.071424,0.230371,0.818942,0.130951,0.340475,0.80769,0.006508,0.215178,0.834847,0.130268,0.32681,0.831343,0.014294,0.259895,0.836608,0.100528,0.37259,0.835125,-0.007106
Zara_Lat_1_3.9.26,141,472.32,611.47,0,472.32,611.47,0.9837,472.36,626.03,0.9816,0.384517,0.392788,-0.07555,0.379115,0.384433,-0.065064,0.377965,0.38458,-0.065208,0.376841,0.384627,-0.065182,0.378796,0.384892,-0.087756,0.377482,0.385634,-0.087987,0.376098,0.386549,-0.0881,0.368228,0.389328,-0.015471,0.367259,0.39329,-0.118558,0.381914,0.403832,-0.054413,0.381298,0.40463,-0.085283,0.351924,0.443061,0.05572,0.329519,0.454627,-0.153167,0.342232,0.402989,0.206632,0.270319,0.488161,-0.209508,0.325354,0.390066,0.326946,0.246019,0.57966,-0.255635,0.327917,0.391673,0.346649,0.235388,0.592466,-0.282943,0.328687,0.394459,0.324564,0.237631,0.602288,-0.285532,0.329455,0.396628,0.32094,0.24274,0.600704,-0.257807,0.298723,0.600861,0.07542,0.286015,0.596359,-0.075486,0.289107,0.729129,0.106095,0.363017,0.679348,-0.078892,0.230725,0.818988,0.13077,0.342699,0.807778,-0.010514,0.215237,0.835263,0.130061,0.328729,0.831718,-0.003229,0.260207,0.836675,0.096808,0.372193,0.835868,-0.007782
Zara_Lat_1_3.9.26,142,474.62,591.12,0,474.62,591.12,0.9826,473.68,598.6,0.9731,0.388587,0.390426,-0.085794,0.382675,0.381231,-0.074814,0.381567,0.38119,-0.074963,0.380525,0.381077,-0.07494,0.382358,0.381773,-0.09827,0.381047,0.382426,-0.098496,0.379643,0.383352,-0.098606,0.372324,0.385633,-0.021411,0.370725,0.389661,-0.127997,0.38591,0.401863,-0.063131,0.385114,0.40274,-0.094966,0.355232,0.439997,0.055754,0.333828,0.449901,-0.161867,0.345434,0.402201,0.213175,0.272514,0.470821,-0.216973,0.329478,0.386233,0.339972,0.246707,0.554261,-0.279595,0.330479,0.390089,0.361336,0.234456,0.569137,-0.306246,0.331868,0.391779,0.338721,0.236884,0.578796,-0.311242,0.332008,0.392871,0.333872,0.242167,0.577231,-0.282749,0.302371,0.598969,0.07584,0.291708,0.594348,-0.075941,0.289384,0.727932,0.094618,0.367872,0.679218,-0.091126,0.23183,0.818896,0.112129,0.343661,0.807808,-0.035666,0.215982,0.834697,0.110413,0.32904,0.831117,-0.03047,0.259797,0.837002,0.073178,0.373496,0.837711,-0.055027
Zara_Lat_1_3.9.26,143,476.16,569.06,0,476.16,569.06,0.9825,478.49,576.56,0.9724,0.392221,0.388717,-0.087264,0.386949,0.378856,-0.076775,0.385896,0.378677,-0.076927,0.384899,0.378499,-0.076894,0.386412,0.379234,-0.100283,0.384952,0.379701,-0.10052,0.383316,0.380445,-0.100635,0.37631,0.38233,-0.022886,0.373779,0.38632,-0.129985,0.388503,0.400624,-0.064161,0.38754,0.401528,-0.09618,0.360017,0.437317,0.054552,0.336811,0.445921,-0.160682,0.346114,0.399882,0.210484,0.275526,0.454296,-0.220029,0.334606,0.386844,0.334386,0.249215,0.533851,-0.276825,0.331073,0.387361,0.355527,0.237243,0.545939,-0.30346,0.333742,0.389832,0.331408,0.23919,0.554353,-0.307759,0.332629,0.390486,0.32763,0.244655,0.552957,-0.279674,0.310769,0.59796,0.075818,0.299844,0.593077,-0.075928,0.289086,0.729096,0.093574,0.372607,0.678681,-0.093316,0.231661,0.818604,0.113294,0.345442,0.807833,-0.047735,0.215213,0.834689,0.11184,0.330901,0.830429,-0.043593,0.259619,0.838036,0.07317,0.374483,0.841021,-0.073996
Zara_Lat_1_3.9.26,144,482.95,549.66,0,482.95,549.66,0.9851,482.23,556.11,0.9739,0.395574,0.385021,-0.072916,0.39027,0.374723,-0.062698,0.38916,0.374483,-0.062839,0.388075,0.374265,-0.062788,0.389813,0.375176,-0.086245,0.388383,0.37558,-0.086482,0.386733,0.376234,-0.086594,0.379294,0.378098,-0.009771,0.376963,0.38184,-0.117283,0.391419,0.397119,-0.050147,0.390594,0.397948,-0.082281,0.364446,0.435369,0.059764,0.340828,0.444535,-0.148369,0.351725,0.384154,0.202816,0.278377,0.435416,-0.21594,0.341923,0.378915,0.313308,0.251164,0.514917,-0.268484,0.335204,0.381129,0.332217,0.239493,0.524722,-0.294846,0.335325,0.386598,0.308043,0.242616,0.535178,-0.299083,0.336319,0.387076,0.306028,0.248207,0.534752,-0.27124,0.320529,0.596975,0.074164,0.309495,0.59203,-0.07431,0.288698,0.725164,0.091312,0.375553,0.678225,-0.091335,0.232116,0.817572,0.101193,0.347581,0.807782,-0.041815,0.216083,0.834153,0.098549,0.333564,0.829068,-0.03731,0.259838,0.838866,0.061392,0.37601,0.844222,-0.065518
Zara_Lat_1_3.9.26,145,495.68,529.56,0,495.68,529.56,0.9904,491.84,531.97,0.9749,0.398326,0.383547,-0.039216,0.394041,0.372498,-0.028424,0.393087,0.372223,-0.028553,0.392257,0.371981,-0.028496,0.393363,0.372898,-0.052775,0.391922,0.373162,-0.053003,0.390338,0.373617,-0.053104,0.383544,0.375627,0.026183,0.380177,0.37876,-0.085191,0.39352,0.395568,-0.015537,0.392694,0.396124,-0.048815,0.367983,0.433192,0.091696,0.344093,0.435169,-0.120249,0.355895,0.376937,0.230863,0.278662,0.418467,-0.196101,0.348435,0.373006,0.334784,0.256168,0.492561,-0.265532,0.341434,0.375917,0.352394,0.24531,0.505407,-0.287305,0.339312,0.381792,0.330236,0.248911,0.51493,-0.298481,0.34143,0.381845,0.327914,0.253952,0.514613,-0.26937,0.326475,0.594977,0.074007,0.31942,0.591233,-0.074161,0.288812,0.722204,0.096029,0.379282,0.677952,-0.092722,0.232861,0.816656,0.106192,0.349359,0.807807,-0.038213,0.216604,0.83327,0.10438,0.33417,0.827498,-0.033114,0.260401,0.839014,0.071172,0.376519,0.846548,-0.059927
Zara_Lat_1_3.9.26,146,504.0,517.0,0,505.97,516.35,0.9886,503.71,517.16,0.9751,0.402043,0.381328,-0.035039,0.398401,0.370192,-0.024603,0.39759,0.369918,-0.024738,0.396891,0.369678,-0.024691,0.397366,0.370588,-0.049075,0.395848,0.370847,-0.049297,0.39417,0.371308,-0.049388,0.38725,0.373429,0.027998,0.383058,0.376307,-0.083824,0.397622,0.393377,-0.012099,0.396535,0.393894,-0.045502,0.370216,0.425374,0.090786,0.350304,0.425851,-0.117273,0.359634,0.374176,0.222769,0.285337,0.40475,-0.193143,0.351829,0.369554,0.32351,0.262349,0.478849,-0.260695,0.345372,0.369904,0.340271,0.251804,0.492445,-0.278885,0.343504,0.373362,0.32047,0.255918,0.501056,-0.292706,0.345952,0.374056,0.317333,0.260764,0.500143,-0.268496,0.332499,0.593223,0.072698,0.328532,0.59045,-0.072875,0.28954,0.72181,0.10346,0.386496,0.67908,-0.072159,0.234275,0.813911,0.106281,0.35116,0.806982,-0.016745,0.218093,0.829621,0.105412,0.334964,0.825242,-0.011434,0.26093,0.839128,0.083182,0.3767,0.852047,-0.032144
Zara_Lat_1_3.9.26,147,518.04,503.88,0,518.04,503.88,0.9797,514.03,503.7,0.9752,0.406337,0.380731,-0.036646,0.40294,0.369892,-0.027279,0.402131,0.369479,-0.027418,0.40143,0.369064,-0.027382,0.402111,0.370017,-0.051428,0.400732,0.36983,-0.051644,0.399238,0.369756,-0.051731,0.391669,0.37124,0.022642,0.388482,0.373477,-0.087793,0.401809,0.392256,-0.014524,0.400937,0.391831,-0.047471,0.374291,0.414783,0.084561,0.355773,0.415449,-0.121346,0.359337,0.372887,0.212875,0.293695,0.391359,-0.203244,0.35561,0.359755,0.317785,0.267722,0.466393,-0.271895,0.3484,0.364929,0.334279,0.257471,0.480536,-0.293556,0.346771,0.367252,0.316647,0.261217,0.491509,-0.30291,0.349633,0.366796,0.312481,0.266163,0.489961,-0.277294,0.339675,0.591986,0.071413,0.338831,0.589791,-0.071613,0.295392,0.714953,0.108654,0.392714,0.682718,-0.038148,0.235275,0.806127,0.109987,0.352652,0.806937,0.032487,0.218283,0.819428,0.108464,0.336459,0.823209,0.039148,0.261284,0.839099,0.082973,0.377691,0.854725,0.017996
Zara_Lat_1_3.9.26,148,531.0,492.0,0,528.69,489.57,0.9872,521.24,492.31,0.9741,0.409725,0.372897,-0.030467,0.406216,0.36118,-0.02101,0.405254,0.360682,-0.021157,0.404405,0.360237,-0.021126,0.405593,0.361441,-0.04555,0.404142,0.361169,-0.045771,0.402529,0.360965,-0.045869,0.394228,0.363866,0.029357,0.390763,0.365421,-0.083277,0.405174,0.385065,-0.008244,0.404455,0.384146,-0.041846,0.37973,0.406498,0.089717,0.360673,0.405567,-0.117867,0.368443,0.370304,0.218856,0.301406,0.38148,-0.207341,0.359018,0.356991,0.323276,0.27148,0.455846,-0.292306,0.351868,0.36403,0.34086,0.262317,0.471589,-0.316465,0.350559,0.365461,0.323829,0.266131,0.48017,-0.323891,0.353994,0.365317,0.318469,0.270526,0.478484,-0.297233,0.347619,0.588927,0.070447,0.34606,0.588847,-0.070647,0.30512,0.70872,0.109092,0.39784,0.686472,-0.045017,0.241862,0.7979,0.118611,0.353606,0.806972,0.013028,0.223666,0.80549,0.117452,0.336148,0.82278,0.018584,0.261551,0.839109,0.092731,0.377758,0.856481,-0.008455
Zara_Lat_1_3.9.26,149,549.0,487.0,0,539.78,480.76,0.9888,522.74,488.57,0.9756,0.415609,0.3687,-0.033114,0.41209,0.356086,-0.024361,0.410941,0.355486,-0.024501,0.409938,0.354918,-0.02448,0.411935,0.356308,-0.048841,0.410571,0.355785,-0.049047,0.409058,0.355206,-0.049142,0.400183,0.357137,0.023606,0.397306,0.357875,-0.088332,0.409963,0.380345,-0.011707,0.40971,0.378887,-0.045097,0.384399,0.39937,0.087977,0.367089,0.395766,-0.124526,0.376018,0.386461,0.213615,0.309687,0.375941,-0.214469,0.37532,0.399538,0.30878,0.272262,0.452379,-0.300126,0.374341,0.407753,0.327068,0.265325,0.467229,-0.324688,0.374008,0.406354,0.306877,0.269463,0.476852,-0.330237,0.37508,0.405921,0.302625,0.272678,0.475425,-0.30443,0.355968,0.584654,0.068891,0.352456,0.586554,-0.069099,0.319584,0.706953,0.089515,0.385334,0.687978,-0.052764,0.253709,0.789968,0.095497,0.350223,0.807159,-0.006811,0.234623,0.789413,0.093256,0.334288,0.821358,-0.002591,0.261959,0.839113,0.058828,0.356686,0.865919,-0.039927
Zara_Lat_1_3.9.26,150,560.0,489.0,0,553.45,482.89,0.9859,536.85,485.81,0.9771,0.42068,0.362368,-0.033183,0.416434,0.349404,-0.024539,0.41529,0.348999,-0.024674,0.414309,0.348643,-0.024647,0.416246,0.349396,-0.050081,0.414902,0.348954,-0.050299,0.413464,0.348462,-0.050403,0.404505,0.351246,0.022891,0.401797,0.351454,-0.09344,0.415709,0.374578,-0.011969,0.415457,0.373019,-0.046681,0.387879,0.395709,0.086088,0.372902,0.390305,-0.132335,0.373053,0.383567,0.193662,0.317537,0.377734,-0.220085,0.376848,0.400279,0.262259,0.279607,0.449823,-0.295667,0.377067,0.406812,0.275909,0.268048,0.463423,-0.319807,0.37845,0.410929,0.254809,0.272529,0.473467,-0.324621,0.379087,0.409143,0.254686,0.277859,0.472564,-0.299317,0.362531,0.581222,0.069173,0.36028,0.584601,-0.069367,0.335058,0.706741,0.08577,0.400904,0.691802,-0.063177,0.264697,0.779253,0.089196,0.3518,0.807511,-0.02822,0.246685,0.772435,0.086573,0.335868,0.820647,-0.024885,0.263931,0.838994,0.051296,0.362546,0.86227,-0.064323
Zara_Lat_1_3.9.26,151,572.0,493.0,0,565.34,482.22,0.9891,554.32,489.81,0.9722,0.42614,0.358702,-0.010387,0.421928,0.345195,-0.002313,0.420661,0.344803,-0.002434,0.419574,0.344498,-0.002413,0.422028,0.345252,-0.028449,0.420788,0.344878,-0.028673,0.4195,0.344473,-0.028773,0.410419,0.346682,0.041575,0.408826,0.347175,-0.077393,0.420409,0.370613,0.009652,0.420334,0.369422,-0.025714,0.391459,0.386641,0.099745,0.379914,0.387967,-0.123247,0.373902,0.35193,0.201713,0.325006,0.380898,-0.22033,0.378577,0.339144,0.272359,0.288708,0.453527,-0.290872,0.374952,0.352322,0.286531,0.275858,0.46698,-0.314184,0.376673,0.359108,0.267848,0.280133,0.477553,-0.318196,0.377865,0.358752,0.265312,0.286101,0.476092,-0.293976,0.36878,0.577194,0.06956,0.367243,0.581833,-0.069787,0.353038,0.706741,0.069163,0.410047,0.695927,-0.063935,0.27767,0.769002,0.065832,0.354291,0.807921,-0.042867,0.262978,0.755389,0.062933,0.337534,0.821048,-0.041067,0.268719,0.834349,0.030721,0.36998,0.861456,-0.079728
Zara_Lat_1_3.9.26,152,579.0,507.0,0,578.01,501.94,0.9959,568.37,501.18,0.9734,0.434231,0.354038,-0.0224,0.429711,0.341461,-0.011748,0.428496,0.340867,-0.01187,0.427341,0.340316,-0.011829,0.429478,0.341646,-0.039093,0.428023,0.341142,-0.039301,0.426424,0.340535,-0.039379,0.417914,0.342793,0.042029,0.415158,0.343143,-0.082489,0.428371,0.365901,0.000851,0.42805,0.364921,-0.036024,0.394984,0.387362,0.109286,0.389025,0.388616,-0.132106,0.366842,0.37723,0.180452,0.331945,0.388874,-0.2171,0.371833,0.422184,0.15003,0.296024,0.464052,-0.261885,0.368676,0.439025,0.150437,0.284092,0.476699,-0.283717,0.369705,0.443045,0.129153,0.287195,0.486825,-0.286261,0.370528,0.436175,0.139325,0.292714,0.485458,-0.263723,0.377153,0.574347,0.077533,0.375305,0.579967,-0.077725,0.372145,0.706416,0.071418,0.411613,0.698197,-0.095606,0.296478,0.756397,0.082445,0.356797,0.807935,-0.079228,0.282532,0.742034,0.080372,0.340896,0.820176,-0.078569,0.282468,0.825226,0.042727,0.372058,0.860904,-0.129959
Zara_Lat_1_3.9.26,153,594.0,513.0,0,589.06,511.57,0.9964,585.53,511.75,0.9742,0.43966,0.353232,-0.010139,0.435652,0.340549,-0.001658,0.434353,0.339937,-0.001769,0.433199,0.339414,-0.001754,0.436006,0.340909,-0.028037,0.434972,0.340512,-0.028249,0.433916,0.340048,-0.028313,0.424976,0.341953,0.043273,0.424315,0.342736,-0.077205,0.433311,0.365127,0.010003,0.433782,0.364563,-0.025703,0.397573,0.385107,0.109278,0.397404,0.391573,-0.127467,0.372176,0.374898,0.221851,0.342202,0.400157,-0.216316,0.382439,0.367158,0.297211,0.304965,0.473841,-0.264557,0.389357,0.392081,0.316011,0.293192,0.48555,-0.284209,0.392988,0.398081,0.294358,0.296511,0.494681,-0.286857,0.392974,0.396542,0.28919,0.301847,0.494065,-0.267331,0.382276,0.572152,0.078667,0.380588,0.577973,-0.078857,0.395691,0.704751,0.051459,0.41081,0.700381,-0.103464,0.317119,0.74904,0.042193,0.356708,0.80798,-0.101209,0.302619,0.73487,0.038471,0.340412,0.820005,-0.101595,0.304803,0.813587,0.002992,0.374314,0.860519,-0.14718
Zara_Lat_1_3.9.26,154,614.0,526.0,0,609.24,525.53,0.9937,605.01,520.76,0.9737,0.444895,0.353117,-0.014308,0.441241,0.340295,-0.005638,0.439999,0.339724,-0.005758,0.438951,0.339259,-0.005745,0.441626,0.340569,-0.030446,0.440691,0.340175,-0.030647,0.439784,0.339735,-0.030709,0.431373,0.341316,0.040859,0.431435,0.342114,-0.07299,0.438669,0.364663,0.006425,0.439286,0.364236,-0.027376,0.403181,0.38261,0.110696,0.403715,0.392539,-0.121295,0.39292,0.376531,0.246956,0.351775,0.409056,-0.216362,0.397721,0.36441,0.352156,0.315109,0.482181,-0.293781,0.411643,0.39676,0.375701,0.302498,0.492669,-0.316457,0.414597,0.402613,0.35319,0.304652,0.50102,-0.322693,0.414446,0.401418,0.345251,0.310137,0.500109,-0.298728,0.388726,0.569511,0.079204,0.386584,0.574819,-0.079381,0.411298,0.699444,0.061667,0.414415,0.700312,-0.111141,0.342146,0.747882,0.067341,0.356842,0.807014,-0.104888,0.327828,0.743208,0.064799,0.342295,0.815616,-0.105127,0.339456,0.802479,0.027554,0.374555,0.859067,-0.155612
Zara_Lat_1_3.9.26,155,636.0,539.0,0,628.49,544.79,0.9954,627.25,523.56,0.9752,0.449226,0.351964,-0.013199,0.445808,0.338762,-0.004209,0.444708,0.338348,-0.004329,0.443832,0.338074,-0.004297,0.445952,0.338624,-0.028108,0.44494,0.338135,-0.028313,0.444018,0.337657,-0.028371,0.436507,0.339926,0.041254,0.435469,0.340099,-0.068542,0.443503,0.363214,0.006914,0.443506,0.362666,-0.02575,0.412193,0.385731,0.110018,0.411414,0.393509,-0.11739,0.4181,0.419658,0.227878,0.36455,0.418154,-0.212023,0.444939,0.446346,0.300216,0.32669,0.484777,-0.288012,0.453092,0.4422,0.318871,0.31482,0.50153,-0.31222,0.452627,0.449253,0.294906,0.316676,0.509295,-0.317851,0.451243,0.450187,0.291644,0.321611,0.506958,-0.292781,0.398523,0.56879,0.078746,0.391095,0.573211,-0.078919,0.434882,0.695626,0.065023,0.415131,0.703661,-0.112813,0.362497,0.743488,0.116902,0.357577,0.807049,-0.102651,0.348315,0.742806,0.121661,0.341333,0.816657,-0.102456,0.363566,0.793654,0.098512,0.377077,0.859101,-0.155349
Zara_Lat_1_3.9.26,156,669.0,560.0,0,660.4,565.86,0.9945,658.17,549.96,0.9776,0.452894,0.346918,-0.017852,0.449519,0.334563,-0.006744,0.448485,0.334442,-0.006853,0.447549,0.334367,-0.006795,0.449556,0.334352,-0.032727,0.448555,0.334167,-0.03293,0.447543,0.333985,-0.032988,0.438674,0.337559,0.048054,0.43762,0.338299,-0.071196,0.448481,0.359632,0.005342,0.448096,0.359145,-0.029956,0.419232,0.387357,0.11941,0.420602,0.394473,-0.12487,0.397925,0.446986,0.20012,0.380785,0.440686,-0.211661,0.407219,0.494371,0.166676,0.342795,0.509218,-0.282798,0.414128,0.513673,0.168181,0.331081,0.516278,-0.309688,0.41438,0.512156,0.146386,0.331841,0.520781,-0.31409,0.41251,0.507446,0.156627,0.3371,0.522631,-0.286705,0.406716,0.568545,0.083064,0.395223,0.572942,-0.083176,0.452124,0.683786,0.058699,0.416537,0.705062,-0.12059,0.385939,0.746479,0.131778,0.359821,0.807015,-0.128618,0.37036,0.743941,0.137999,0.342042,0.816476,-0.130567,0.392669,0.798257,0.113911,0.379025,0.859516,-0.192846
Zara_Lat_1_3.9.26,157,706.0,584.0,0,700.22,582.73,0.9934,695.52,578.69,0.9763,0.455516,0.345692,-0.026784,0.45259,0.334417,-0.015962,0.451564,0.334202,-0.016079,0.450628,0.333977,-0.016029,0.45274,0.334316,-0.042095,0.451869,0.334135,-0.042297,0.451004,0.333893,-0.042365,0.442007,0.33648,0.038683,0.442398,0.337376,-0.08098,0.451329,0.358023,-0.003479,0.45124,0.357927,-0.038985,0.422663,0.387176,0.111768,0.424729,0.395025,-0.126572,0.404393,0.456169,0.165843,0.397462,0.468009,-0.214432,0.39864,0.513054,0.121745,0.36225,0.535825,-0.280188,0.39866,0.530716,0.121743,0.35109,0.544957,-0.30665,0.40003,0.52861,0.10098,0.350762,0.544808,-0.310541,0.400548,0.522268,0.111868,0.35519,0.544595,-0.28406,0.414345,0.568467,0.083355,0.400918,0.573166,-0.083462,0.466197,0.664857,0.052915,0.418793,0.706998,-0.128223,0.413645,0.746751,0.124321,0.362051,0.806994,-0.110547,0.398785,0.750143,0.125526,0.344478,0.815584,-0.109752,0.426264,0.802358,0.096306,0.379868,0.86117,-0.166965
Zara_Lat_1_3.9.26,158,752.0,600.0,0,751.47,606.05,0.9961,748.99,598.0,0.9718,0.461221,0.344787,-0.00297,0.458911,0.333404,0.005592,0.457745,0.333149,0.00547,0.456561,0.332874,0.005495,0.458902,0.333189,-0.018398,0.457735,0.332935,-0.0186,0.456466,0.332635,-0.018652,0.447176,0.334971,0.048372,0.446867,0.335653,-0.062127,0.456642,0.356879,0.016108,0.456506,0.356879,-0.016752,0.42739,0.387006,0.118242,0.431332,0.39383,-0.114181,0.444147,0.449537,0.223106,0.417638,0.481592,-0.177442,0.481768,0.451955,0.277502,0.390097,0.553707,-0.203679,0.490556,0.434604,0.295348,0.379066,0.570498,-0.221523,0.491526,0.430634,0.274219,0.377688,0.568868,-0.226028,0.487867,0.434915,0.269653,0.381993,0.563375,-0.206802,0.419846,0.568814,0.082782,0.410274,0.573387,-0.082866,0.480748,0.642027,0.046628,0.419128,0.710247,-0.117553,0.438395,0.745551,0.097384,0.361582,0.807033,-0.087968,0.424437,0.754385,0.099722,0.344243,0.814601,-0.085798,0.459581,0.799889,0.067528,0.379867,0.861902,-0.134627
Zara_Lat_1_3.9.26,159,820.0,606.0,0,813.82,612.96,0.9942,807.41,615.58,0.964,0.465766,0.340702,-0.018257,0.463189,0.329433,-0.008921,0.462119,0.329159,-0.009043,0.461045,0.328865,-0.009012,0.463055,0.329169,-0.033428,0.461923,0.328805,-0.033629,0.460762,0.328373,-0.033693,0.451984,0.331693,0.039058,0.451374,0.33195,-0.073356,0.461193,0.353288,0.00267,0.460977,0.353097,-0.030803,0.434361,0.386223,0.114277,0.435573,0.390041,-0.122395,0.45767,0.444879,0.21534,0.439716,0.483261,-0.184816,0.495579,0.416266,0.197506,0.420529,0.569984,-0.209734,0.503274,0.400511,0.20443,0.410618,0.592829,-0.231692,0.504215,0.39359,0.187036,0.411839,0.593745,-0.235429,0.500789,0.400201,0.189748,0.415055,0.585345,-0.212405,0.42585,0.566793,0.082111,0.414143,0.571823,-0.082206,0.494671,0.622898,0.066795,0.418469,0.711686,-0.110284,0.466692,0.743464,0.140923,0.360789,0.807209,-0.068009,0.451036,0.756747,0.14438,0.343978,0.814764,-0.064371,0.494906,0.791385,0.099054,0.37986,0.861083,-0.121582
Zara_Lat_1_3.9.26,160,880.0,613.0,0,875.16,619.49,0.9969,866.4,621.25,0.8985,0.470024,0.338943,-0.039439,0.467715,0.32802,-0.029468,0.466854,0.327626,-0.029586,0.466014,0.327188,-0.029581,0.467459,0.327776,-0.053477,0.466443,0.327292,-0.053651,0.465476,0.326683,-0.053746,0.457361,0.329651,0.023363,0.456539,0.329476,-0.08783,0.465904,0.35124,-0.016596,0.465474,0.351173,-0.049905,0.440587,0.384844,0.110303,0.441831,0.389305,-0.137522,0.480254,0.433931,0.153337,0.46078,0.482096,-0.18904,0.518492,0.384802,0.120686,0.451248,0.575234,-0.189454,0.528916,0.368039,0.122746,0.447814,0.597513,-0.209817,0.530066,0.36191,0.106244,0.446899,0.599156,-0.213702,0.525034,0.370249,0.112557,0.448147,0.590311,-0.191604,0.433774,0.565211,0.08153,0.422556,0.571824,-0.081628,0.507817,0.60917,0.120282,0.419454,0.71216,-0.114657,0.497331,0.736261,0.207967,0.361712,0.807223,-0.075803,0.484305,0.755579,0.21264,0.34457,0.814999,-0.073384,0.529877,0.774347,0.166275,0.379824,0.861201,-0.143381
Zara_Lat_1_3.9.26,161,939.0,593.0,0,938.84,601.62,0.9934,935.08,607.7,0.8957,0.474799,0.337047,-0.048107,0.472743,0.326189,-0.038007,0.472127,0.325931,-0.038115,0.471557,0.325663,-0.038097,0.471902,0.325705,-0.061389,0.470697,0.32519,-0.061567,0.469455,0.324513,-0.061665,0.463362,0.327681,0.015982,0.460048,0.326697,-0.091715,0.471679,0.348907,-0.024853,0.470813,0.348758,-0.057342,0.450447,0.384425,0.109332,0.447944,0.386891,-0.144924,0.492598,0.419101,0.139935,0.479673,0.475528,-0.187571,0.530325,0.370078,0.10273,0.487022,0.562689,-0.176452,0.539337,0.355382,0.103226,0.48756,0.584606,-0.197964,0.541325,0.349934,0.085547,0.486104,0.586058,-0.199424,0.53734,0.357566,0.093885,0.485548,0.578582,-0.177477,0.444448,0.563006,0.081373,0.429736,0.570628,-0.081462,0.517439,0.5966,0.104143,0.419721,0.71058,-0.124447,0.525529,0.729282,0.171189,0.361547,0.80724,-0.089908,0.515302,0.752675,0.17391,0.344911,0.814777,-0.088221,0.561565,0.759093,0.124457,0.379838,0.861326,-0.16448
Zara_Lat_1_3.9.26,162,993.91,564.32,0,993.91,564.32,0.994,990.86,603.45,0.9005,0.481389,0.336042,-0.069592,0.479823,0.3247,-0.058475,0.479375,0.324512,-0.05859,0.479003,0.32437,-0.058564,0.478429,0.324026,-0.080858,0.476978,0.323327,-0.08105,0.475408,0.322462,-0.081152,0.471474,0.325472,0.001058,0.465857,0.322992,-0.101498,0.477697,0.346925,-0.044096,0.476363,0.346685,-0.075149,0.459211,0.381312,0.095525,0.454752,0.384494,-0.150715,0.50265,0.4072,0.127719,0.493648,0.474856,-0.191144,0.542498,0.360575,0.076693,0.516075,0.558753,-0.187099,0.554221,0.345925,0.072942,0.519104,0.576479,-0.211869,0.555063,0.339988,0.054472,0.520358,0.584585,-0.211268,0.550472,0.34739,0.066942,0.51854,0.573715,-0.18748,0.452929,0.55862,0.077356,0.436796,0.567167,-0.077459,0.527282,0.58971,0.097158,0.420293,0.708659,-0.117757,0.552617,0.717907,0.164027,0.362428,0.806919,-0.079976,0.545919,0.744715,0.166814,0.345604,0.812788,-0.076327,0.589206,0.740811,0.111193,0.379857,0.861226,-0.142988
Zara_Lat_1_3.9.26,163,1036.0,519.0,0,1041.37,519.29,0.994,1033.3,540.47,0.9099,0.489213,0.333996,-0.064323,0.486914,0.322416,-0.053815,0.486226,0.322203,-0.053948,0.48553,0.32205,-0.05392,0.485653,0.321858,-0.078284,0.484193,0.321256,-0.078476,0.48268,0.320547,-0.078573,0.476462,0.322695,0.002648,0.472888,0.320945,-0.110916,0.485218,0.344254,-0.04001,0.484114,0.344308,-0.073795,0.467705,0.376318,0.094209,0.458685,0.379096,-0.164878,0.511648,0.397767,0.146617,0.501747,0.446178,-0.213391,0.552434,0.357185,0.133898,0.538178,0.500439,-0.208822,0.565458,0.343948,0.138721,0.546204,0.515807,-0.218951,0.566703,0.340552,0.115777,0.547389,0.51256,-0.237529,0.561116,0.34639,0.123876,0.544392,0.50801,-0.212794,0.466548,0.554117,0.077422,0.445284,0.563961,-0.077513,0.539765,0.587613,0.10488,0.421129,0.707456,-0.132088,0.575293,0.704848,0.188621,0.364297,0.805515,-0.093042,0.570982,0.731214,0.192811,0.348535,0.810388,-0.090536,0.610737,0.72219,0.138751,0.38006,0.860841,-0.165748
Zara_Lat_1_3.9.26,164,1052.0,455.0,0,1078.15,459.33,0.9919,1062.79,470.37,0.9186,0.495842,0.331959,-0.059891,0.493164,0.320528,-0.049652,0.492329,0.320191,-0.049788,0.4915,0.319984,-0.049756,0.491856,0.32008,-0.074578,0.490052,0.319372,-0.074776,0.48824,0.318605,-0.074872,0.481796,0.320665,0.005063,0.477676,0.319698,-0.112148,0.491861,0.342101,-0.036262,0.490733,0.342645,-0.070621,0.475818,0.374366,0.094901,0.463692,0.375977,-0.171496,0.52429,0.385481,0.164084,0.514045,0.412285,-0.232125,0.56665,0.35409,0.150943,0.553537,0.435532,-0.232379,0.578473,0.340449,0.174688,0.562176,0.440286,-0.265082,0.579525,0.337999,0.128765,0.56284,0.435166,-0.245554,0.575071,0.342353,0.131232,0.559526,0.433832,-0.225074,0.479213,0.551911,0.080173,0.452442,0.562379,-0.080195,0.550254,0.591877,0.13852,0.42122,0.701234,-0.159495,0.596837,0.693813,0.240475,0.367582,0.801772,-0.132127,0.593209,0.720043,0.246508,0.351516,0.805006,-0.131102,0.632759,0.705861,0.195404,0.379915,0.860503,-0.211905
Zara_Lat_1_3.9.26,165,1060.0,394.0,0,1081.7,394.53,0.9931,1071.17,402.03,0.9219,0.503116,0.33072,-0.041091,0.500276,0.318856,-0.030433,0.499233,0.318294,-0.030584,0.498214,0.317858,-0.030537,0.4991,0.318293,-0.056782,0.497326,0.317389,-0.056972,0.495398,0.316476,-0.057072,0.487895,0.318625,0.022988,0.484124,0.318063,-0.099799,0.498917,0.340978,-0.018178,0.497579,0.341298,-0.054667,0.485488,0.373997,0.100832,0.465439,0.372168,-0.16436,0.531299,0.373213,0.151674,0.517607,0.382267,-0.231809,0.569794,0.354878,0.104525,0.557901,0.372248,-0.202792,0.580122,0.34619,0.109045,0.566932,0.367,-0.230192,0.580647,0.343532,0.085468,0.567948,0.361162,-0.217162,0.577468,0.347112,0.093051,0.565284,0.364142,-0.198459,0.492986,0.550463,0.080013,0.461778,0.561868,-0.08003,0.559971,0.599171,0.146061,0.425383,0.693952,-0.146327,0.614164,0.685065,0.246596,0.37062,0.797093,-0.113582,0.611556,0.710068,0.252518,0.354972,0.797609,-0.11198,0.646276,0.696381,0.204758,0.379721,0.860233,-0.188022
Zara_Lat_1_3.9.26,166,1048.0,338.0,0,1075.8,340.76,0.9875,1064.19,343.19,0.9287,0.506815,0.331554,-0.024857,0.505206,0.320097,-0.014697,0.504552,0.31986,-0.014857,0.503874,0.319646,-0.014809,0.504099,0.319563,-0.041611,0.502622,0.319272,-0.041809,0.501063,0.318774,-0.041903,0.495151,0.321177,0.039035,0.490504,0.321042,-0.08656,0.502645,0.3429,-0.001409,0.501325,0.343434,-0.038843,0.49628,0.376209,0.113776,0.46606,0.365695,-0.156955,0.542144,0.381988,0.165448,0.515668,0.346816,-0.228164,0.582056,0.362982,0.14491,0.554267,0.317771,-0.208394,0.594616,0.355644,0.152161,0.561141,0.303566,-0.249092,0.595248,0.349186,0.129322,0.560612,0.300107,-0.235052,0.590241,0.352537,0.134778,0.559201,0.306118,-0.208946,0.505096,0.55056,0.079921,0.471674,0.562762,-0.079945,0.570078,0.607356,0.140457,0.433113,0.690398,-0.144871,0.628899,0.679828,0.238013,0.375658,0.787671,-0.102734,0.628293,0.699325,0.244139,0.361204,0.787071,-0.100123,0.657349,0.691637,0.192942,0.379745,0.853638,-0.171067
Zara_Lat_1_3.9.26,167,1034.0,287.0,0,1036.44,278.63,0.9795,1047.1,290.08,0.9341,0.517295,0.330189,-0.008919,0.514817,0.318091,0.003399,0.513804,0.317872,0.003223,0.512707,0.317581,0.003254,0.513975,0.317954,-0.025221,0.512373,0.317753,-0.025421,0.510622,0.317314,-0.025508,0.503258,0.319508,0.059375,0.499097,0.318797,-0.074168,0.512763,0.342432,0.014585,0.511589,0.34245,-0.025149,0.505151,0.376979,0.12725,0.472365,0.359466,-0.1446,0.546786,0.384848,0.214895,0.509531,0.304468,-0.228192,0.588135,0.367708,0.234722,0.545363,0.268595,-0.223823,0.601425,0.365184,0.252302,0.553536,0.252461,-0.264548,0.601285,0.358685,0.223295,0.551611,0.250076,-0.243312,0.595943,0.360399,0.223318,0.55027,0.259096,-0.212825,0.517959,0.551666,0.079819,0.481676,0.563444,-0.079848,0.580694,0.615699,0.138868,0.441413,0.687841,-0.135403,0.638261,0.679805,0.239189,0.381691,0.778719,-0.086043,0.639907,0.692868,0.245683,0.369726,0.778603,-0.080637,0.662938,0.698019,0.197348,0.379628,0.838016,-0.15952
Zara_Lat_1_3.9.26,168,1008.0,241.0,0,1008.97,242.27,0.9858,1018.49,240.57,0.9401,0.521434,0.323113,-0.018446,0.51791,0.313681,-0.006003,0.516855,0.313702,-0.006184,0.515768,0.313615,-0.006161,0.516795,0.31383,-0.032656,0.514905,0.314019,-0.03286,0.512942,0.31403,-0.032947,0.50468,0.317432,0.049981,0.500716,0.317119,-0.073719,0.518049,0.337187,0.004841,0.516313,0.336517,-0.032198,0.513499,0.377964,0.116608,0.476858,0.358487,-0.130257,0.549313,0.386941,0.205859,0.504811,0.283743,-0.224666,0.589424,0.375714,0.232199,0.530464,0.22275,-0.22673,0.601457,0.374035,0.249438,0.536816,0.203929,-0.262999,0.602556,0.369442,0.220553,0.535152,0.199676,-0.241972,0.597183,0.371125,0.22112,0.533453,0.208101,-0.220099,0.527807,0.552128,0.071385,0.49224,0.563966,-0.071463,0.588262,0.621488,0.126633,0.450699,0.68674,-0.105866,0.644774,0.686547,0.231053,0.390177,0.772833,-0.023352,0.644824,0.695731,0.237986,0.38126,0.773772,-0.01724,0.666933,0.713152,0.191743,0.37936,0.824934,-0.079712
Zara_Lat_1_3.9.26,169,975.0,224.0,0,986.26,208.51,0.9903,981.91,219.52,0.9452,0.531865,0.326124,-0.125264,0.532201,0.315934,-0.106098,0.533104,0.315934,-0.106325,0.533907,0.315895,-0.10627,0.52797,0.31607,-0.123685,0.525574,0.316172,-0.123927,0.522767,0.31617,-0.124037,0.528267,0.319702,-0.017397,0.512991,0.318989,-0.098644,0.531345,0.339801,-0.091133,0.526354,0.339385,-0.116372,0.531444,0.380985,0.056416,0.488348,0.364915,-0.126808,0.56237,0.390198,0.140405,0.494798,0.272786,-0.205585,0.595104,0.377823,0.151995,0.51141,0.203262,-0.225622,0.605026,0.379668,0.162877,0.516139,0.181562,-0.259639,0.605882,0.37598,0.13348,0.517105,0.180759,-0.24248,0.601566,0.376865,0.141111,0.517112,0.190292,-0.221793,0.539748,0.553236,0.05459,0.50235,0.563999,-0.054731,0.6005,0.624556,0.098279,0.459537,0.686268,-0.086739,0.649964,0.698369,0.204691,0.401711,0.76997,0.016453,0.651397,0.709018,0.211338,0.393633,0.770385,0.023896,0.671112,0.730308,0.15841,0.383477,0.814879,-0.048354
Zara_Lat_1_3.9.26,170,944.0,218.0,0,938.02,216.02,0.9614,956.59,207.29,0.9496,0.546332,0.326496,-0.093679,0.543893,0.316377,-0.076411,0.544225,0.316436,-0.07661,0.544607,0.316509,-0.076555,0.540957,0.316541,-0.097784,0.539117,0.316661,-0.098013,0.53714,0.31667,-0.098114,0.536913,0.320925,-0.009392,0.526311,0.319852,-0.086256,0.545075,0.340734,-0.062753,0.542298,0.340206,-0.092688,0.541261,0.383089,0.066819,0.495485,0.367991,-0.096666,0.562284,0.391968,0.14529,0.483409,0.265613,-0.13044,0.601633,0.397142,0.15614,0.498223,0.191938,-0.105999,0.609972,0.402452,0.166013,0.499566,0.170692,-0.126212,0.610909,0.398028,0.140501,0.501666,0.17027,-0.11239,0.605885,0.397482,0.147141,0.502453,0.179179,-0.102561,0.55139,0.553942,0.054742,0.511778,0.564389,-0.054844,0.605075,0.626417,0.11076,0.47042,0.686156,-0.093944,0.651986,0.706334,0.255878,0.412766,0.769164,0.0135,0.650748,0.718018,0.266505,0.401822,0.771516,0.022882,0.669139,0.732416,0.201864,0.399017,0.820916,-0.054862
Zara_Lat_1_3.9.26,171,912.55,221.94,0,912.55,221.94,0.996,924.37,210.46,0.954,0.559308,0.327494,-0.154392,0.556592,0.316718,-0.133963,0.556425,0.316701,-0.134206,0.556365,0.316731,-0.134133,0.554031,0.316874,-0.15434,0.551586,0.316951,-0.154605,0.549047,0.316939,-0.154744,0.548127,0.321201,-0.040858,0.536868,0.32032,-0.130863,0.556736,0.341871,-0.117202,0.554026,0.341249,-0.146121,0.554859,0.384915,0.035928,0.501396,0.368073,-0.099375,0.571643,0.411303,0.119222,0.468789,0.281526,-0.136841,0.603817,0.424845,0.129937,0.481441,0.194869,-0.129142,0.611153,0.429468,0.140272,0.480867,0.169265,-0.159615,0.610725,0.424881,0.11388,0.484664,0.169249,-0.157065,0.607745,0.425951,0.120294,0.486016,0.181164,-0.104832,0.560404,0.554746,0.054111,0.52085,0.564447,-0.054199,0.61031,0.639235,0.10918,0.482509,0.686564,-0.102281,0.652424,0.719853,0.244776,0.427528,0.767978,0.002225,0.650755,0.736039,0.254299,0.416009,0.77211,0.011323,0.670817,0.761534,0.181247,0.419357,0.822965,-0.074232
Zara_Lat_1_3.9.26,172,884.0,253.0,0,891.25,269.68,0.9945,899.27,240.63,0.9579,0.567884,0.328689,-0.190366,0.564768,0.317779,-0.171127,0.564648,0.317687,-0.171375,0.56465,0.317633,-0.171292,0.562154,0.317941,-0.191477,0.560139,0.317949,-0.191725,0.557986,0.317866,-0.191848,0.556731,0.321572,-0.0749,0.546224,0.321036,-0.1675,0.565878,0.342806,-0.15224,0.563144,0.342237,-0.180891,0.562047,0.38507,-0.007871,0.508199,0.36962,-0.138292,0.578507,0.426013,0.008798,0.463675,0.31438,-0.21168,0.599248,0.444582,-0.080464,0.468368,0.222802,-0.280045,0.605528,0.454331,-0.092144,0.466602,0.195243,-0.316932,0.604703,0.449677,-0.115894,0.469886,0.191801,-0.309883,0.601452,0.447625,-0.092156,0.471837,0.203106,-0.278575,0.56921,0.55501,0.049086,0.53041,0.564523,-0.049194,0.615184,0.654998,0.099894,0.494013,0.686747,-0.101048,0.653158,0.74575,0.234196,0.441925,0.770635,0.034816,0.649372,0.765236,0.243281,0.430175,0.775358,0.04547,0.673814,0.796105,0.163689,0.439223,0.827077,-0.052497
Zara_Lat_1_3.9.26,173,868.0,289.0,0,874.49,314.99,0.9879,887.2,279.53,0.9616,0.580358,0.329787,-0.24334,0.577318,0.318792,-0.228952,0.576717,0.31866,-0.229244,0.576231,0.318566,-0.229197,0.574532,0.318911,-0.24828,0.572075,0.318836,-0.24855,0.569832,0.318678,-0.248737,0.56743,0.322278,-0.146761,0.557004,0.321814,-0.235803,0.57799,0.343652,-0.209083,0.574782,0.343135,-0.236309,0.574623,0.388802,-0.063961,0.515849,0.373332,-0.197135,0.584921,0.444051,0.081025,0.462652,0.334687,-0.259964,0.595979,0.478463,0.211489,0.462083,0.258822,-0.315201,0.599269,0.485782,0.240267,0.463755,0.236775,-0.342817,0.598667,0.483979,0.212569,0.465327,0.229727,-0.331303,0.596944,0.482596,0.20548,0.464482,0.238416,-0.313789,0.578095,0.555458,0.043584,0.541058,0.564605,-0.043628,0.618962,0.671754,0.074973,0.507421,0.687033,-0.066356,0.654818,0.771403,0.218336,0.4553,0.773137,0.081968,0.649893,0.788644,0.227167,0.443628,0.778234,0.093653,0.674376,0.821589,0.162376,0.452065,0.828471,0.00024
Zara_Lat_1_3.9.26,174,856.32,354.28,0,856.32,354.28,0.9932,883.04,321.72,0.9651,0.586302,0.330552,-0.16872,0.582896,0.3193,-0.154666,0.582077,0.319198,-0.154877,0.581464,0.319137,-0.15483,0.580749,0.319117,-0.177666,0.578747,0.318911,-0.177906,0.576249,0.318969,-0.178034,0.57188,0.322541,-0.081607,0.563293,0.322546,-0.190332,0.584118,0.344256,-0.138019,0.581369,0.343362,-0.169662,0.583189,0.390263,-0.009178,0.523435,0.38353,-0.148668,0.591958,0.456658,0.084448,0.466994,0.382135,-0.174126,0.602966,0.497279,0.228774,0.459916,0.297889,-0.191003,0.60649,0.510806,0.251528,0.452793,0.280116,-0.207169,0.606176,0.510199,0.227376,0.458636,0.274679,-0.199556,0.603835,0.507207,0.22247,0.464055,0.281933,-0.190297,0.585813,0.557846,0.043466,0.549833,0.56529,-0.043484,0.622522,0.683663,0.065082,0.520497,0.687236,-0.077937,0.65089,0.785985,0.211366,0.467866,0.775198,0.037898,0.646493,0.805955,0.225977,0.458106,0.778825,0.047714,0.675066,0.83281,0.148941,0.461671,0.829915,-0.029752
Zara_Lat_1_3.9.26,175,867.0,425.0,0,859.18,437.17,0.9928,876.73,389.64,0.957,0.596067,0.331603,-0.151156,0.591294,0.320709,-0.139748,0.590493,0.320403,-0.139982,0.589854,0.320018,-0.139928,0.589659,0.321227,-0.159448,0.587613,0.321552,-0.159681,0.585502,0.322031,-0.159829,0.58151,0.324502,-0.075346,0.574856,0.326978,-0.167017,0.593408,0.345723,-0.123649,0.591114,0.345631,-0.151121,0.591541,0.393275,-0.010817,0.53204,0.399963,-0.144807,0.596666,0.482121,0.052446,0.483032,0.443104,-0.17419,0.604909,0.563759,0.049935,0.45663,0.360777,-0.209746,0.606582,0.582711,0.05196,0.445084,0.338192,-0.230668,0.608146,0.578153,0.03159,0.446266,0.329388,-0.227022,0.606637,0.567169,0.041749,0.454952,0.33612,-0.210824,0.594522,0.561046,0.042993,0.559665,0.56613,-0.043024,0.62567,0.690522,0.088508,0.531447,0.688222,-0.080611,0.648884,0.79579,0.215334,0.481356,0.775806,0.044036,0.643179,0.815632,0.223753,0.471833,0.780651,0.054436,0.676028,0.837276,0.146152,0.472231,0.832022,-0.027843
Zara_Lat_1_3.9.26,176,891.0,502.0,0,891.45,504.09,0.993,885.04,489.15,0.9541,0.60616,0.332776,-0.093639,0.600191,0.322393,-0.083046,0.599086,0.322284,-0.083243,0.598113,0.322087,-0.083186,0.599109,0.323048,-0.101655,0.597503,0.323625,-0.101868,0.595822,0.324358,-0.102014,0.589164,0.328711,-0.026673,0.584763,0.331963,-0.111246,0.602844,0.347934,-0.069987,0.601589,0.347884,-0.095596,0.599243,0.397382,0.005198,0.541445,0.414483,-0.101193,0.59867,0.485787,0.067352,0.502186,0.483251,-0.12493,0.6061,0.558753,0.027104,0.460958,0.452914,-0.167058,0.607568,0.574861,0.023213,0.4469,0.443999,-0.186243,0.609645,0.570374,0.004199,0.447361,0.434308,-0.193693,0.608065,0.562913,0.017916,0.454739,0.437968,-0.172205,0.602392,0.565055,0.041013,0.567178,0.569842,-0.041066,0.630464,0.693152,0.084568,0.53969,0.692201,-0.067829,0.650593,0.799248,0.190128,0.494655,0.778202,0.049966,0.644492,0.817872,0.195835,0.486734,0.781518,0.059672,0.675321,0.83738,0.120667,0.482042,0.83323,-0.014285
Zara_Lat_1_3.9.26,177,939.0,579.0,0,942.66,578.13,0.9888,928.09,574.12,0.9423,0.6127,0.334102,-0.119677,0.606623,0.323469,-0.111689,0.605394,0.323488,-0.111876,0.604324,0.323439,-0.111834,0.60568,0.324054,-0.128813,0.604057,0.324713,-0.129013,0.602372,0.325519,-0.129145,0.595018,0.33211,-0.057535,0.591285,0.33505,-0.135871,0.608875,0.350231,-0.09701,0.607959,0.349841,-0.120298,0.606347,0.399518,-0.007723,0.549042,0.426788,-0.116407,0.601875,0.495232,0.018362,0.525791,0.511971,-0.142114,0.603343,0.57505,-0.043124,0.483381,0.531589,-0.170216,0.603091,0.5929,-0.05177,0.470832,0.533102,-0.188359,0.605899,0.588292,-0.071188,0.467641,0.525577,-0.200598,0.604864,0.580839,-0.052758,0.473505,0.524801,-0.176547,0.607322,0.567587,0.039542,0.572342,0.572694,-0.039628,0.636205,0.692969,0.057288,0.549092,0.694197,-0.054023,0.653052,0.799457,0.153634,0.509597,0.779193,0.066142,0.646027,0.818538,0.158525,0.503324,0.78497,0.07553,0.675184,0.838126,0.083091,0.493827,0.832055,0.001515
Zara_Lat_1_3.9.26,178,1016.0,636.0,0,1016.69,636.74,0.9886,1006.48,636.78,0.9376,0.616955,0.335504,-0.125318,0.611953,0.325769,-0.116329,0.610873,0.325744,-0.116501,0.609888,0.325653,-0.116463,0.61118,0.326399,-0.134495,0.609468,0.327079,-0.134693,0.607639,0.327928,-0.134813,0.599804,0.334672,-0.05858,0.595732,0.337761,-0.141336,0.614277,0.351919,-0.10137,0.613164,0.351362,-0.125919,0.61151,0.400512,-0.004824,0.557392,0.432092,-0.124546,0.606735,0.498138,0.005335,0.549144,0.522106,-0.136651,0.606531,0.580634,-0.077247,0.524208,0.589615,-0.146911,0.605559,0.600124,-0.090444,0.515159,0.601948,-0.16426,0.608108,0.59563,-0.10988,0.511298,0.599764,-0.178528,0.607361,0.587967,-0.087517,0.515744,0.596433,-0.153025,0.613595,0.568614,0.037753,0.578668,0.574896,-0.037861,0.641221,0.69044,0.026272,0.556696,0.695783,-0.051254,0.654803,0.79886,0.117021,0.519366,0.783507,0.066452,0.647224,0.818744,0.121607,0.515451,0.789908,0.075222,0.675062,0.83792,0.049102,0.502356,0.830779,0.002766
Zara_Lat_1_3.9.26,179,1105.13,651.4,0,1105.13,651.4,0.9888,1100.3,660.25,0.9429,0.621896,0.336061,-0.160037,0.617017,0.326812,-0.149882,0.615964,0.326752,-0.150056,0.614974,0.326623,-0.150013,0.616371,0.32735,-0.171008,0.614854,0.327914,-0.171214,0.613175,0.328663,-0.171339,0.605067,0.335357,-0.087139,0.601325,0.338249,-0.18262,0.619385,0.352425,-0.133476,0.618471,0.351835,-0.162012,0.61563,0.400404,-0.016138,0.563801,0.434114,-0.181808,0.616452,0.49106,0.015664,0.56505,0.528101,-0.167957,0.623644,0.562146,-0.043311,0.573071,0.611343,-0.181312,0.625418,0.582786,-0.052078,0.569116,0.637487,-0.202844,0.627818,0.583494,-0.074767,0.573303,0.638162,-0.206071,0.626349,0.575739,-0.05406,0.576141,0.629163,-0.184561,0.615928,0.568855,0.041231,0.580319,0.57571,-0.041326,0.644261,0.6886,0.0411,0.563192,0.696869,-0.039499,0.655017,0.799398,0.148689,0.52935,0.784359,0.096412,0.647345,0.81859,0.154624,0.525785,0.791749,0.106657,0.6759,0.838742,0.08385,0.516615,0.829459,0.031257
Zara_Lat_1_3.9.26,180,1176.43,643.17,0,1176.43,643.17,0.9929,1172.8,642.61,0.9468,0.628668,0.336573,-0.179227,0.62402,0.327532,-0.170543,0.622737,0.327423,-0.170746,0.621465,0.327271,-0.170716,0.623496,0.328155,-0.192908,0.621893,0.328713,-0.193099,0.620124,0.32946,-0.193221,0.610397,0.335857,-0.112896,0.607806,0.338827,-0.214161,0.62566,0.352623,-0.153994,0.624907,0.352061,-0.184259,0.617561,0.400318,-0.036709,0.570902,0.431233,-0.220624,0.620399,0.487124,-0.000535,0.573836,0.532526,-0.221934,0.631848,0.556081,-0.061774,0.610835,0.595013,-0.207546,0.633955,0.577545,-0.072118,0.619345,0.619855,-0.233535,0.634887,0.573918,-0.092506,0.625974,0.611578,-0.236195,0.63356,0.569502,-0.071414,0.624646,0.603892,-0.206991,0.618299,0.56881,0.041403,0.585451,0.575632,-0.041482,0.645361,0.687263,0.105473,0.570653,0.696755,-0.022252,0.654839,0.797793,0.216633,0.536509,0.784489,0.116417,0.646442,0.816706,0.222936,0.531321,0.791743,0.127386,0.675994,0.838266,0.157529,0.524559,0.82684,0.062032
Zara_Lat_1_3.9.26,181,1213.4,599.32,0,1213.4,599.32,0.9924,1210.66,602.89,0.9495,0.632074,0.336167,-0.176055,0.627541,0.32701,-0.166549,0.626398,0.326846,-0.166758,0.625355,0.326663,-0.166731,0.626736,0.327723,-0.189936,0.625181,0.328251,-0.190143,0.623435,0.328974,-0.190295,0.615148,0.334968,-0.104514,0.611733,0.338265,-0.210659,0.629368,0.351688,-0.149008,0.62842,0.351334,-0.180657,0.619977,0.396706,-0.024122,0.578688,0.424828,-0.21708,0.617071,0.48654,0.022667,0.582966,0.523506,-0.224121,0.62969,0.554834,-0.034802,0.630552,0.558235,-0.20764,0.632582,0.582362,-0.042686,0.64182,0.568793,-0.23481,0.635644,0.572215,-0.065065,0.644753,0.558871,-0.236288,0.635141,0.563609,-0.045164,0.641508,0.556032,-0.208765,0.622557,0.568256,0.041782,0.588937,0.574432,-0.041823,0.647349,0.688268,0.114771,0.575376,0.696665,-0.022272,0.65525,0.799013,0.229245,0.543179,0.783915,0.131076,0.646932,0.817289,0.236061,0.540118,0.790697,0.14395,0.674612,0.838127,0.170758,0.529412,0.825138,0.081432
Zara_Lat_1_3.9.26,182,1228.0,553.0,0,1238.34,555.02,0.9917,1229.03,563.55,0.9491,0.636006,0.332725,-0.172786,0.63197,0.32322,-0.163665,0.630731,0.322969,-0.163874,0.629649,0.322755,-0.16385,0.631291,0.3239,-0.186554,0.629747,0.324178,-0.186765,0.628167,0.324651,-0.186922,0.61944,0.330482,-0.103443,0.616424,0.333477,-0.206532,0.63323,0.346937,-0.146331,0.632437,0.346554,-0.177127,0.62672,0.394088,-0.021718,0.581936,0.421877,-0.209879,0.622237,0.491183,0.019817,0.59468,0.512569,-0.218387,0.638737,0.561673,-0.049838,0.640117,0.521802,-0.165194,0.641024,0.580801,-0.058178,0.649457,0.523686,-0.183698,0.643844,0.576152,-0.079568,0.649599,0.513907,-0.181399,0.641845,0.569717,-0.060136,0.646491,0.512879,-0.16252,0.624767,0.565296,0.043632,0.591416,0.569596,-0.043684,0.647295,0.686809,0.109286,0.580473,0.695549,-0.024605,0.655554,0.798139,0.197638,0.549903,0.780077,0.128535,0.647883,0.816235,0.2016,0.546593,0.786112,0.142132,0.67495,0.838923,0.139121,0.53755,0.822706,0.087498
Zara_Lat_1_3.9.26,183,1244.0,520.0,0,1246.68,510.55,0.9916,1245.47,535.56,0.9519,0.637898,0.329984,-0.160213,0.633633,0.320131,-0.150059,0.632884,0.319868,-0.150267,0.632223,0.319638,-0.150234,0.632617,0.321062,-0.172432,0.631082,0.321569,-0.172645,0.629451,0.322309,-0.172794,0.623107,0.326667,-0.088308,0.619685,0.33044,-0.189162,0.635656,0.344337,-0.133495,0.634439,0.344186,-0.163688,0.628606,0.389756,-0.010695,0.58875,0.419668,-0.194512,0.627316,0.488558,0.03747,0.610467,0.499197,-0.180336,0.64485,0.556866,-0.024188,0.648682,0.495893,-0.110662,0.648547,0.577596,-0.029087,0.658627,0.496332,-0.124795,0.650432,0.574896,-0.05102,0.657995,0.49007,-0.120209,0.647887,0.569375,-0.034485,0.654721,0.48954,-0.106598,0.626074,0.562362,0.044719,0.593607,0.565899,-0.044784,0.648723,0.685783,0.105384,0.584445,0.693342,-0.034068,0.6569,0.796461,0.192248,0.555143,0.776601,0.121365,0.647709,0.813626,0.196956,0.551364,0.782875,0.135693,0.674699,0.839323,0.136581,0.546301,0.821456,0.087152
Zara_Lat_1_3.9.26,184,1250.0,499.0,0,1261.45,489.38,0.9914,1264.26,526.11,0.9518,0.641226,0.325929,-0.153307,0.637318,0.315804,-0.142523,0.636591,0.315493,-0.142729,0.635933,0.315245,-0.142692,0.636369,0.316949,-0.164548,0.63499,0.317613,-0.164761,0.633573,0.318525,-0.164901,0.627302,0.32196,-0.080417,0.624461,0.326339,-0.182136,0.63852,0.340507,-0.126369,0.637404,0.340537,-0.156339,0.63077,0.382781,-0.008193,0.594606,0.4129,-0.1904,0.631783,0.485249,0.049042,0.623997,0.489086,-0.161641,0.650958,0.553956,0.002085,0.65847,0.487139,-0.070854,0.654181,0.577645,0.000555,0.66798,0.484939,-0.081247,0.656612,0.578566,-0.022248,0.665815,0.472308,-0.075353,0.653784,0.569016,-0.008187,0.662783,0.471644,-0.065964,0.628202,0.55716,0.046822,0.596294,0.559683,-0.046845,0.649284,0.685464,0.082392,0.589231,0.689067,-0.043256,0.657974,0.794215,0.170211,0.560119,0.771537,0.120323,0.648638,0.811125,0.17552,0.555654,0.778225,0.136217,0.674068,0.839718,0.121353,0.552611,0.821006,0.095036
Zara_Lat_1_3.9.26,185,1264.0,496.0,0,1273.1,485.41,0.994,1282.43,509.41,0.9499,0.645145,0.319095,-0.151003,0.64113,0.308102,-0.14002,0.640334,0.307752,-0.14023,0.639581,0.307477,-0.140192,0.640533,0.309339,-0.163042,0.63934,0.309906,-0.163243,0.638078,0.310569,-0.163385,0.630644,0.313977,-0.078043,0.628546,0.317464,-0.183989,0.642238,0.334062,-0.124255,0.64157,0.333863,-0.155511,0.632968,0.378015,-0.006886,0.600171,0.403308,-0.195483,0.636943,0.482756,0.053293,0.629411,0.483734,-0.167753,0.656547,0.553493,-0.002504,0.667931,0.47168,-0.08354,0.659527,0.578353,-0.004423,0.677027,0.467976,-0.096423,0.663588,0.58119,-0.028791,0.675279,0.452879,-0.089297,0.659667,0.57096,-0.013573,0.671518,0.4532,-0.078484,0.630689,0.552757,0.050402,0.598244,0.55385,-0.050387,0.649997,0.683033,0.084761,0.594215,0.68372,-0.0418,0.659611,0.792264,0.193198,0.565954,0.766949,0.128897,0.651051,0.809922,0.20079,0.558744,0.772758,0.144889,0.673071,0.838812,0.145446,0.561852,0.820626,0.098098
Zara_Lat_1_3.9.26,186,1275.0,501.0,0,1280.02,488.98,0.9931,1283.05,506.78,0.9529,0.648213,0.313417,-0.096561,0.644261,0.302443,-0.086063,0.643255,0.301986,-0.086248,0.642266,0.301582,-0.086189,0.643855,0.303667,-0.110553,0.642642,0.304009,-0.110744,0.641396,0.304332,-0.110854,0.632809,0.307111,-0.032437,0.632041,0.309481,-0.143065,0.644786,0.327424,-0.073152,0.644608,0.327199,-0.106029,0.631152,0.371808,0.044663,0.603736,0.394438,-0.174167,0.634737,0.475541,0.074299,0.631145,0.480787,-0.131626,0.650682,0.544678,0.005845,0.668255,0.469243,-0.031039,0.652695,0.57627,0.002687,0.680437,0.467012,-0.040501,0.655326,0.578733,-0.018583,0.679602,0.451623,-0.033331,0.653214,0.569552,-0.004386,0.675003,0.451984,-0.025342,0.632074,0.546617,0.053467,0.600316,0.548117,-0.053476,0.650199,0.677145,0.081402,0.597606,0.678083,-0.04724,0.661275,0.791443,0.169734,0.570691,0.763245,0.113823,0.652316,0.809138,0.175058,0.560765,0.767909,0.129792,0.673678,0.838277,0.128729,0.573296,0.820309,0.095207
Zara_Lat_1_3.9.26,187,1288.0,510.0,0,1286.4,510.43,0.9933,1294.02,505.5,0.9528,0.652538,0.304879,-0.109403,0.647923,0.29377,-0.098452,0.646817,0.293519,-0.098635,0.645738,0.293308,-0.098588,0.647518,0.294669,-0.122426,0.64625,0.29509,-0.122629,0.644983,0.295511,-0.122754,0.636321,0.299245,-0.040129,0.635809,0.301267,-0.148064,0.649484,0.319032,-0.084299,0.649012,0.319115,-0.116597,0.634044,0.369664,0.037897,0.606976,0.387523,-0.177234,0.63783,0.473783,0.060274,0.63223,0.477665,-0.144478,0.666405,0.499441,-0.041922,0.673967,0.468057,-0.111771,0.677678,0.499994,-0.052766,0.687829,0.469091,-0.128173,0.683332,0.490388,-0.074041,0.688469,0.456342,-0.125692,0.677974,0.490144,-0.05359,0.683307,0.455084,-0.11018,0.633901,0.543059,0.054355,0.602646,0.544039,-0.054373,0.651209,0.671109,0.074804,0.601571,0.672755,-0.050339,0.662676,0.790869,0.151747,0.575334,0.760732,0.114327,0.653497,0.807421,0.155652,0.564385,0.765807,0.130533,0.674334,0.839155,0.09742,0.582732,0.819612,0.088482
Zara_Lat_1_3.9.26,188,1293.0,519.0,0,1300.64,520.22,0.9923,1301.87,515.36,0.9553,0.656009,0.300945,-0.115324,0.65114,0.289612,-0.104949,0.650114,0.289291,-0.105146,0.649133,0.28902,-0.105103,0.650688,0.290662,-0.127766,0.649464,0.291193,-0.127974,0.64812,0.291769,-0.128092,0.639631,0.294736,-0.045525,0.63813,0.297588,-0.149726,0.652739,0.314517,-0.089843,0.6521,0.314733,-0.120642,0.637122,0.363867,0.031628,0.61097,0.382239,-0.179724,0.636262,0.467166,0.061978,0.633732,0.475449,-0.161658,0.645782,0.511872,-0.00845,0.678056,0.477189,-0.125828,0.649895,0.52458,-0.013622,0.689167,0.483653,-0.131113,0.653682,0.518092,-0.035628,0.691488,0.472924,-0.139264,0.651404,0.511287,-0.01886,0.687809,0.469705,-0.128461,0.636562,0.538229,0.05579,0.604786,0.539396,-0.055816,0.650876,0.666595,0.055018,0.606551,0.667594,-0.117277,0.662257,0.790179,0.135751,0.581013,0.756877,0.048811,0.652833,0.803096,0.140148,0.569543,0.763354,0.065856,0.674593,0.839338,0.079176,0.593002,0.818403,0.026273
Zara_Lat_1_3.9.26,189,1298.0,530.0,0,1304.37,532.6,0.9921,1305.6,528.59,0.958,0.659371,0.296357,-0.143792,0.654832,0.284885,-0.13209,0.653848,0.284595,-0.132294,0.652805,0.28431,-0.13226,0.654474,0.285643,-0.157151,0.653289,0.285962,-0.157355,0.651904,0.286258,-0.157495,0.643233,0.289743,-0.067309,0.641949,0.292272,-0.180656,0.656334,0.309631,-0.116327,0.655869,0.309769,-0.150153,0.641076,0.35921,0.022224,0.613336,0.377243,-0.205439,0.640198,0.463273,0.061121,0.633438,0.474222,-0.218431,0.655692,0.51302,-0.006175,0.68,0.489433,-0.208958,0.659611,0.536351,-0.011711,0.690249,0.501848,-0.23581,0.664038,0.531261,-0.037306,0.693263,0.491568,-0.231621,0.662104,0.523501,-0.017883,0.689644,0.48659,-0.206934,0.639349,0.533283,0.057902,0.607807,0.534387,-0.057931,0.651615,0.664581,0.062685,0.611295,0.664674,-0.096159,0.663042,0.789937,0.14686,0.585307,0.755685,0.059723,0.654682,0.801793,0.150723,0.574968,0.76278,0.076889,0.67455,0.839315,0.085607,0.600906,0.817327,0.031174
Zara_Lat_1_3.9.26,190,1298.05,540.06,0,1300.94,541.59,0.9917,1298.05,540.06,0.9614,0.661803,0.2943,-0.142148,0.657257,0.282951,-0.130499,0.656262,0.282594,-0.130701,0.655247,0.282256,-0.130663,0.657037,0.283645,-0.155003,0.655924,0.283922,-0.155211,0.654624,0.284196,-0.155348,0.646169,0.287198,-0.066592,0.644999,0.289353,-0.17681,0.658565,0.307221,-0.114842,0.658175,0.307234,-0.147887,0.642884,0.355225,0.025115,0.616598,0.372698,-0.198961,0.641099,0.457396,0.064299,0.633619,0.473593,-0.210596,0.654395,0.504515,-0.005654,0.676065,0.500051,-0.197009,0.657675,0.532006,-0.013225,0.687472,0.511934,-0.222888,0.661567,0.526785,-0.037982,0.690805,0.502662,-0.218837,0.659986,0.519304,-0.017442,0.688109,0.497685,-0.194816,0.641396,0.531463,0.059294,0.611642,0.531342,-0.059343,0.651002,0.663264,0.061668,0.615905,0.661904,-0.080349,0.661777,0.789446,0.130939,0.589229,0.756365,0.079539,0.65225,0.801613,0.133421,0.57754,0.763718,0.09427,0.674608,0.839579,0.066041,0.607298,0.814932,0.042554
Zara_Lat_1_3.9.26,191,1299.85,549.89,0,1297.8,549.09,0.9898,1299.85,549.89,0.9636,0.665025,0.296763,-0.11137,0.660656,0.284699,-0.100783,0.659553,0.284296,-0.100973,0.658568,0.283953,-0.100937,0.660524,0.285271,-0.125298,0.659377,0.285406,-0.125545,0.658223,0.28552,-0.125712,0.649581,0.28762,-0.043964,0.649004,0.289378,-0.155871,0.660938,0.309142,-0.086111,0.66072,0.308938,-0.119483,0.643122,0.351197,0.04389,0.619667,0.370554,-0.181471,0.631826,0.371138,0.168893,0.633557,0.472609,-0.1769,0.650548,0.364314,0.241716,0.677006,0.509155,-0.138533,0.642514,0.366846,0.255603,0.688273,0.523259,-0.156789,0.645127,0.362943,0.237653,0.692106,0.514778,-0.149412,0.654403,0.362066,0.236523,0.689348,0.509352,-0.133549,0.642116,0.528593,0.059584,0.613809,0.527588,-0.059639,0.651188,0.660495,0.024194,0.620301,0.658462,-0.080135,0.660695,0.789212,0.069396,0.593599,0.756446,0.054804,0.651032,0.801481,0.070703,0.581392,0.764939,0.065745,0.673554,0.840246,0.007556,0.612029,0.813067,0.014444
Zara_Lat_1_3.9.26,192,1292.94,550.02,0,1294.81,554.43,0.9907,1292.94,550.02,0.9636,0.664919,0.295952,-0.080764,0.660162,0.283604,-0.070107,0.659302,0.283341,-0.070286,0.65809,0.283059,-0.070254,0.660054,0.284074,-0.093488,0.658753,0.284061,-0.093739,0.657891,0.284083,-0.093901,0.649594,0.287935,-0.017372,0.648985,0.288665,-0.124745,0.661677,0.30858,-0.057481,0.661645,0.308032,-0.089586,0.645982,0.349064,0.062137,0.622191,0.368543,-0.152859,0.632902,0.328183,0.20033,0.630994,0.472013,-0.162104,0.645879,0.2901,0.301659,0.673409,0.509277,-0.140419,0.627755,0.295688,0.319356,0.685702,0.524275,-0.159512,0.629273,0.287199,0.304789,0.690675,0.515338,-0.151742,0.637619,0.28792,0.298633,0.687492,0.51027,-0.135734,0.643662,0.526106,0.061514,0.616126,0.525069,-0.061575,0.652136,0.657975,0.02292,0.625372,0.654935,-0.086842,0.659359,0.788904,0.044814,0.597324,0.756809,0.001098,0.650147,0.801266,0.043556,0.586187,0.765957,0.008464,0.672829,0.840135,-0.021085,0.617799,0.813023,-0.048012
Zara_Lat_1_3.9.26,193,1296.17,552.2,0,1297.07,558.07,0.9912,1296.17,552.2,0.9665,0.669341,0.29553,-0.125627,0.664805,0.282769,-0.115529,0.663844,0.282552,-0.115723,0.662913,0.282399,-0.115678,0.664452,0.283203,-0.140999,0.663234,0.28334,-0.141239,0.662094,0.283496,-0.14138,0.654159,0.287076,-0.057635,0.653273,0.288245,-0.171776,0.666113,0.30823,-0.099923,0.665647,0.307725,-0.134367,0.650176,0.352258,0.040521,0.625665,0.36705,-0.198572,0.640621,0.366944,0.105152,0.630621,0.471392,-0.210504,0.656188,0.464915,0.041417,0.675089,0.511299,-0.201262,0.654496,0.481963,0.03487,0.686538,0.526889,-0.228092,0.658737,0.477584,0.008964,0.691637,0.517827,-0.224281,0.659174,0.469684,0.029454,0.689,0.514265,-0.198779,0.646285,0.52693,0.061966,0.619732,0.526091,-0.062034,0.652848,0.657824,0.04189,0.629363,0.65446,-0.082434,0.658554,0.788311,0.093373,0.60321,0.758315,0.030325,0.649983,0.801887,0.093986,0.591742,0.767254,0.040511,0.672382,0.841266,0.028518,0.62348,0.813397,-0.016981
Zara_Lat_1_3.9.26,194,1295.97,554.23,0,1297.36,558.74,0.9904,1295.97,554.23,0.9654,0.666218,0.296712,-0.072684,0.661879,0.284623,-0.062038,0.660996,0.284476,-0.062216,0.660193,0.284432,-0.062185,0.66146,0.285016,-0.084855,0.660318,0.285179,-0.085103,0.658313,0.2852,-0.085252,0.650781,0.289505,-0.009902,0.650128,0.290343,-0.114234,0.663384,0.308638,-0.049623,0.662894,0.308045,-0.080945,0.64943,0.348432,0.068146,0.625975,0.366635,-0.145827,0.645887,0.293763,0.202819,0.63277,0.470942,-0.166711,0.650332,0.297269,0.301894,0.674983,0.513174,-0.160941,0.634462,0.302728,0.319514,0.686329,0.531809,-0.181987,0.63394,0.304287,0.305723,0.690947,0.522774,-0.173236,0.638007,0.303385,0.299382,0.688069,0.518453,-0.155748,0.648657,0.52645,0.062572,0.622129,0.526446,-0.062655,0.654907,0.657515,0.019387,0.633582,0.654931,-0.084249,0.657423,0.787878,0.031031,0.608283,0.75901,-0.028411,0.648506,0.801988,0.028528,0.597043,0.769781,-0.024885,0.67105,0.841365,-0.039338,0.628763,0.814295,-0.090971
Zara_Lat_1_3.9.26,195,1297.58,554.57,0,1301.19,560.94,0.9892,1297.58,554.57,0.9643,0.66955,0.297262,-0.063934,0.665138,0.285054,-0.053526,0.664408,0.284859,-0.0537,0.663849,0.284795,-0.053668,0.664693,0.285422,-0.07602,0.663717,0.285521,-0.076271,0.662141,0.285423,-0.076426,0.654838,0.289189,-0.002025,0.653879,0.289955,-0.104997,0.666512,0.309431,-0.04117,0.666208,0.308839,-0.072059,0.653056,0.347656,0.073474,0.628571,0.366151,-0.1357,0.647029,0.288087,0.209345,0.635084,0.470605,-0.15658,0.644703,0.283729,0.309946,0.675823,0.513494,-0.151117,0.629643,0.287836,0.32728,0.685856,0.533815,-0.171414,0.62772,0.289649,0.312692,0.690742,0.524227,-0.163889,0.632881,0.290064,0.30687,0.688124,0.518586,-0.146494,0.651564,0.527934,0.062556,0.625296,0.527952,-0.062648,0.656709,0.658481,0.023757,0.63677,0.656601,-0.082282,0.657231,0.787741,0.045748,0.613602,0.760421,-0.00495,0.647686,0.802627,0.044488,0.602175,0.774307,0.000607,0.669783,0.841602,-0.021033,0.632992,0.815046,-0.062558
Zara_Lat_1_3.9.26,196,1302.13,553.84,0,1304.97,562.41,0.9853,1302.13,553.84,0.9637,0.674584,0.298082,-0.067368,0.670043,0.285558,-0.05704,0.669133,0.285345,-0.057214,0.668398,0.285255,-0.05718,0.669558,0.285905,-0.080195,0.668393,0.286018,-0.080438,0.667195,0.286014,-0.080588,0.659991,0.289629,-0.004353,0.658902,0.290511,-0.109872,0.670737,0.310242,-0.043803,0.670306,0.309596,-0.07548,0.654919,0.34816,0.072616,0.630229,0.366187,-0.1376,0.650324,0.28918,0.207551,0.637418,0.470295,-0.153837,0.640292,0.280019,0.303667,0.678193,0.512815,-0.140678,0.626628,0.285357,0.31985,0.688379,0.534634,-0.160054,0.624374,0.28745,0.305492,0.693265,0.525979,-0.152513,0.630191,0.286951,0.300502,0.690475,0.519531,-0.135927,0.654138,0.528749,0.062848,0.627425,0.529424,-0.062939,0.658643,0.659273,0.026649,0.640422,0.658416,-0.062158,0.656625,0.787546,0.05425,0.6185,0.767365,0.015933,0.646771,0.80258,0.053488,0.607797,0.782802,0.022572,0.668872,0.841197,-0.013521,0.640445,0.818884,-0.042006
Zara_Lat_1_3.9.26,197,1302.0,556.0,0,1310.72,561.37,0.9883,1306.23,554.28,0.9623,0.677341,0.298705,-0.060894,0.672838,0.286002,-0.050745,0.671965,0.285834,-0.050916,0.671274,0.285783,-0.050883,0.672505,0.286261,-0.073794,0.671439,0.28635,-0.074036,0.670427,0.286347,-0.074182,0.662902,0.290474,0.001408,0.661949,0.291143,-0.103772,0.673033,0.310562,-0.037496,0.672652,0.309944,-0.069063,0.657747,0.349172,0.07837,0.632047,0.366057,-0.134097,0.653458,0.290945,0.209614,0.63883,0.470263,-0.154279,0.636947,0.281754,0.300405,0.680328,0.513223,-0.144481,0.626583,0.286346,0.315556,0.690402,0.534274,-0.164603,0.624553,0.287789,0.301593,0.69554,0.526337,-0.157807,0.629917,0.287481,0.297194,0.69276,0.520157,-0.140272,0.655939,0.529603,0.063671,0.630069,0.530338,-0.063771,0.659673,0.659759,0.027778,0.643836,0.660041,-0.059672,0.656089,0.788019,0.047332,0.623486,0.774775,0.013821,0.64688,0.803696,0.045515,0.613279,0.791349,0.018983,0.668563,0.840894,-0.023394,0.647992,0.824127,-0.048766
Zara_Lat_1_3.9.26,198,1305.0,556.0,0,1312.07,558.87,0.9885,1310.77,554.2,0.9616,0.68073,0.299585,-0.068642,0.676609,0.286856,-0.058312,0.67576,0.286702,-0.058485,0.675127,0.286676,-0.058454,0.676105,0.287164,-0.081071,0.674864,0.287304,-0.081316,0.67368,0.287391,-0.081467,0.666557,0.291538,-0.004755,0.664284,0.292368,-0.108604,0.676242,0.311656,-0.044707,0.675651,0.31109,-0.075885,0.661271,0.350846,0.072335,0.633679,0.367689,-0.134732,0.648939,0.319037,0.203113,0.640194,0.470071,-0.153022,0.635625,0.289941,0.295307,0.682693,0.513148,-0.146019,0.627117,0.293242,0.310057,0.692281,0.535034,-0.166347,0.625174,0.29104,0.295884,0.698042,0.526947,-0.15983,0.630111,0.291112,0.29196,0.695779,0.520314,-0.14203,0.658367,0.530416,0.06341,0.631912,0.531269,-0.063501,0.661624,0.659857,0.028038,0.646684,0.661061,-0.060788,0.655511,0.789073,0.049212,0.629362,0.780813,0.00318,0.647002,0.805617,0.047521,0.620228,0.79831,0.007159,0.668733,0.840538,-0.021367,0.65315,0.828873,-0.064593
Zara_Lat_1_3.9.26,199,1311.0,556.0,0,1318.88,558.37,0.9887,1314.02,553.62,0.961,0.681507,0.300553,-0.056151,0.676737,0.287893,-0.046299,0.675928,0.287719,-0.046461,0.67532,0.287676,-0.046438,0.676408,0.288243,-0.068936,0.67541,0.288381,-0.069181,0.674535,0.288473,-0.069323,0.667119,0.292588,0.004156,0.66605,0.293477,-0.098871,0.677544,0.312756,-0.033336,0.677323,0.312198,-0.064283,0.662039,0.35248,0.077468,0.635634,0.368255,-0.125863,0.649429,0.327542,0.208312,0.642622,0.470012,-0.143017,0.636504,0.289207,0.30227,0.684384,0.512611,-0.134205,0.628641,0.291753,0.317609,0.693393,0.534936,-0.152995,0.626946,0.291697,0.304879,0.699429,0.52645,-0.146698,0.631288,0.292813,0.299505,0.697089,0.52024,-0.130274,0.660753,0.531365,0.063025,0.634802,0.532417,-0.063111,0.663389,0.66001,0.030428,0.651646,0.661493,-0.058323,0.655266,0.789876,0.052926,0.633164,0.784723,0.007414,0.646686,0.806638,0.051676,0.624489,0.802549,0.011844,0.66905,0.840133,-0.010791,0.656726,0.831416,-0.054218
Zara_Lat_1_3.9.26,200,1318.0,554.0,0,1321.96,558.06,0.9817,1318.99,553.54,0.9596,0.685799,0.301259,-0.057653,0.68167,0.288688,-0.04862,0.680602,0.288512,-0.048784,0.679638,0.288458,-0.048765,0.681411,0.289052,-0.071451,0.68018,0.289196,-0.071684,0.678866,0.289303,-0.071817,0.670275,0.293326,2.2e-05,0.66909,0.294281,-0.103624,0.681722,0.313559,-0.035459,0.681379,0.313043,-0.066583,0.66253,0.351595,0.076194,0.637847,0.36852,-0.13313,0.652061,0.314512,0.20382,0.645786,0.470424,-0.146956,0.63818,0.290822,0.290506,0.686974,0.512541,-0.130807,0.6306,0.296314,0.305151,0.696361,0.534239,-0.149226,0.629163,0.299178,0.291205,0.702068,0.525375,-0.143192,0.633126,0.298588,0.287047,0.69978,0.51884,-0.126663,0.6611,0.532063,0.064456,0.637475,0.532562,-0.064557,0.663784,0.660648,0.033856,0.656476,0.6644,-0.059383,0.655078,0.790801,0.043419,0.642478,0.792716,-0.008066,0.646458,0.807226,0.040828,0.632966,0.810829,-0.004769,0.668617,0.839882,-0.017252,0.665205,0.836806,-0.066242
Zara_Lat_1_3.9.26,201,1318.0,554.0,0,1324.65,556.12,0.9828,1322.91,552.65,0.9633,0.687937,0.300114,-0.117065,0.683324,0.287235,-0.108299,0.682221,0.287079,-0.108482,0.681216,0.287011,-0.108429,0.682981,0.287782,-0.132912,0.681564,0.288107,-0.133142,0.680019,0.288471,-0.133244,0.67174,0.29242,-0.052035,0.669995,0.294168,-0.162261,0.684193,0.313264,-0.091365,0.683617,0.312909,-0.124478,0.666234,0.351099,0.039222,0.639588,0.36936,-0.189823,0.655812,0.408476,0.089411,0.648811,0.470301,-0.197859,0.664812,0.456567,0.031472,0.689014,0.511717,-0.176122,0.666887,0.475106,0.026426,0.698138,0.53263,-0.199265,0.668428,0.466358,0.003455,0.703686,0.523823,-0.196207,0.665966,0.462359,0.020733,0.701129,0.517151,-0.173446,0.663321,0.531702,0.065706,0.639232,0.533225,-0.0658,0.667838,0.660862,0.065941,0.659659,0.664757,-0.059798,0.655123,0.790635,0.097417,0.646044,0.795987,-0.000124,0.646712,0.807337,0.096254,0.635859,0.817654,0.003788,0.671101,0.838593,0.04713,0.670065,0.83952,-0.059075
Zara_Lat_1_3.9.26,202,1329.0,553.0,0,1328.06,556.08,0.9812,1326.93,552.13,0.9641,0.688525,0.300701,-0.102506,0.684316,0.28788,-0.096301,0.683274,0.287704,-0.096483,0.68245,0.287621,-0.096442,0.683822,0.288474,-0.119211,0.682383,0.28879,-0.119454,0.680969,0.289127,-0.11957,0.673974,0.292898,-0.051844,0.671813,0.29474,-0.154625,0.684489,0.313668,-0.07911,0.684018,0.313366,-0.110318,0.667065,0.351113,0.044017,0.642088,0.369558,-0.175308,0.652072,0.362023,0.162381,0.651143,0.470466,-0.161703,0.654007,0.357195,0.238535,0.691112,0.511234,-0.123407,0.653246,0.334546,0.252363,0.699973,0.531616,-0.139123,0.655221,0.355729,0.236615,0.705218,0.522968,-0.133945,0.655222,0.355808,0.234279,0.702921,0.5163,-0.119279,0.665748,0.532201,0.066457,0.642202,0.53351,-0.066521,0.670322,0.661179,0.077187,0.663098,0.666591,-0.070735,0.655794,0.790407,0.130823,0.651972,0.80019,-0.015255,0.647231,0.807245,0.133105,0.641382,0.822385,-0.010692,0.676536,0.836877,0.091266,0.681529,0.843031,-0.06739
Zara_Lat_1_3.9.26,203,1329.07,551.47,0,1336.47,557.66,0.9827,1329.07,551.47,0.9674,0.691248,0.29937,-0.105716,0.686231,0.286185,-0.097682,0.685087,0.286127,-0.097861,0.684083,0.286166,-0.097805,0.685926,0.286781,-0.121953,0.684539,0.287295,-0.122182,0.683082,0.287867,-0.122269,0.675182,0.29228,-0.046251,0.673825,0.29423,-0.154088,0.687519,0.313374,-0.080821,0.68704,0.312981,-0.113659,0.66887,0.351892,0.044344,0.644573,0.368896,-0.183768,0.661019,0.424171,0.084862,0.653179,0.47034,-0.188338,0.672669,0.471314,-0.001334,0.692223,0.510623,-0.164536,0.67474,0.483108,-0.011114,0.701743,0.530772,-0.187885,0.67746,0.482065,-0.032528,0.706073,0.522518,-0.186047,0.675976,0.475501,-0.012351,0.703449,0.515923,-0.16233,0.668173,0.532605,0.069936,0.644653,0.533848,-0.069998,0.674412,0.661367,0.095039,0.666431,0.667849,-0.07496,0.656109,0.78999,0.154611,0.657818,0.802804,-0.023291,0.647088,0.80702,0.156911,0.648001,0.825985,-0.020154,0.679253,0.831786,0.116398,0.690558,0.845665,-0.079921
Zara_Lat_1_3.9.26,204,1335.95,553.05,0,1337.06,556.47,0.9844,1335.95,553.05,0.9703,0.693148,0.298703,-0.105041,0.688527,0.285745,-0.097153,0.687326,0.285637,-0.097319,0.68622,0.285641,-0.097239,0.688175,0.286331,-0.120451,0.686697,0.286814,-0.120684,0.685132,0.287391,-0.12081,0.676768,0.291513,-0.042976,0.675458,0.293514,-0.150106,0.689846,0.312529,-0.079134,0.689414,0.312333,-0.112977,0.669192,0.35247,0.051471,0.64701,0.367465,-0.182948,0.664092,0.434418,0.081307,0.655717,0.470437,-0.19664,0.679296,0.484778,-0.010336,0.695806,0.512079,-0.178644,0.682914,0.494193,-0.020746,0.704613,0.532883,-0.202884,0.685358,0.490324,-0.041228,0.708882,0.525519,-0.200791,0.683635,0.484027,-0.021292,0.706391,0.518986,-0.17652,0.669052,0.532903,0.072259,0.647262,0.534413,-0.072325,0.677368,0.661533,0.090523,0.66932,0.669304,-0.081324,0.657205,0.787765,0.141052,0.663761,0.807113,-0.040532,0.647572,0.80585,0.142477,0.653844,0.82967,-0.038711,0.682312,0.827343,0.100201,0.696584,0.846974,-0.099703
Zara_Lat_1_3.9.26,205,1338.19,553.27,0,1337.26,556.2,0.9706,1338.19,553.27,0.9655,0.692673,0.298789,-0.057628,0.687943,0.285962,-0.050639,0.686876,0.285916,-0.050804,0.685914,0.28596,-0.05077,0.687824,0.286526,-0.07294,0.686689,0.287043,-0.073162,0.685508,0.287598,-0.073269,0.677222,0.291846,-0.007532,0.676781,0.293536,-0.109591,0.689186,0.312685,-0.03646,0.68902,0.31251,-0.067503,0.669421,0.351982,0.068885,0.649186,0.366315,-0.142028,0.664113,0.346658,0.173598,0.659758,0.470077,-0.15419,0.665522,0.310833,0.23499,0.696974,0.512283,-0.143722,0.67272,0.316162,0.245199,0.705556,0.53388,-0.164077,0.679281,0.315885,0.233339,0.709668,0.526941,-0.162593,0.673221,0.315239,0.231918,0.707264,0.52012,-0.141926,0.668799,0.533158,0.071826,0.649567,0.534912,-0.071885,0.679367,0.661645,0.097933,0.672701,0.669905,-0.092066,0.658194,0.784798,0.159777,0.670629,0.811486,-0.064054,0.647818,0.80444,0.162943,0.659978,0.831638,-0.062883,0.685122,0.819876,0.127764,0.703208,0.847049,-0.123121
Zara_Lat_1_3.9.26,206,1339.76,552.5,0,1340.99,558.09,0.9764,1339.76,552.5,0.9619,0.695172,0.298866,-0.051293,0.690687,0.286423,-0.043936,0.689583,0.286366,-0.044102,0.688609,0.286399,-0.044071,0.69067,0.286996,-0.06656,0.689538,0.287498,-0.066789,0.688374,0.288024,-0.066896,0.679399,0.292202,0.000401,0.678992,0.29381,-0.10293,0.691076,0.312944,-0.029757,0.690944,0.312739,-0.060963,0.670106,0.351362,0.07679,0.65087,0.366341,-0.134893,0.662235,0.325623,0.197231,0.660439,0.469998,-0.152445,0.65851,0.289234,0.272026,0.69779,0.511572,-0.145298,0.664071,0.293791,0.28455,0.706661,0.533047,-0.165607,0.673437,0.294774,0.271419,0.710086,0.526791,-0.162802,0.663964,0.295024,0.268775,0.707286,0.519563,-0.143034,0.669682,0.533317,0.072473,0.651538,0.53521,-0.072538,0.682053,0.661754,0.085992,0.675385,0.67069,-0.104758,0.658789,0.784135,0.140809,0.675415,0.81235,-0.086434,0.647893,0.803649,0.143091,0.66514,0.833786,-0.085779,0.682141,0.820273,0.103546,0.709097,0.849312,-0.144395
Zara_Lat_1_3.9.26,207,1342.93,552.39,0,1347.01,559.33,0.9866,1342.93,552.39,0.9606,0.696237,0.298962,-0.049888,0.691723,0.286535,-0.04273,0.690757,0.28646,-0.042899,0.689806,0.286489,-0.042868,0.691574,0.287132,-0.066545,0.690536,0.28765,-0.066787,0.689465,0.288204,-0.066902,0.680961,0.292454,0.001502,0.68063,0.294077,-0.106976,0.692349,0.313044,-0.028313,0.692326,0.31296,-0.061124,0.671395,0.351644,0.078632,0.653414,0.366259,-0.139606,0.659613,0.334968,0.205394,0.663266,0.469606,-0.156717,0.654896,0.289739,0.287827,0.699445,0.511472,-0.150925,0.658562,0.289978,0.301665,0.708149,0.532719,-0.172307,0.667683,0.291133,0.287407,0.71147,0.527207,-0.168764,0.659088,0.291399,0.284119,0.708813,0.520691,-0.148692,0.671827,0.533437,0.07467,0.654842,0.535595,-0.07471,0.68466,0.662169,0.092176,0.680075,0.671716,-0.105394,0.659196,0.784136,0.153238,0.679029,0.814854,-0.100761,0.648677,0.803641,0.156631,0.667312,0.836936,-0.101792,0.681019,0.820019,0.121784,0.712092,0.850055,-0.166591
Zara_Lat_1_3.9.26,208,1347.0,554.0,0,1348.76,562.22,0.9825,1345.77,552.94,0.9574,0.697607,0.303386,-0.030476,0.692811,0.290007,-0.023927,0.691786,0.289651,-0.024081,0.690873,0.28944,-0.024051,0.692864,0.29052,-0.047663,0.691935,0.290625,-0.0479,0.691063,0.290744,-0.048011,0.681618,0.293478,0.01618,0.681911,0.294786,-0.092193,0.693146,0.315072,-0.010327,0.693303,0.31495,-0.04292,0.669476,0.351963,0.090841,0.656023,0.366561,-0.129658,0.65837,0.331522,0.215675,0.665156,0.469641,-0.153406,0.652802,0.28788,0.296235,0.70092,0.51198,-0.149771,0.654081,0.291088,0.31003,0.709154,0.534651,-0.170031,0.662038,0.291638,0.297606,0.71286,0.52889,-0.166154,0.655428,0.291821,0.293177,0.710143,0.522645,-0.147252,0.671748,0.533535,0.074603,0.656783,0.536051,-0.074664,0.687061,0.662515,0.084323,0.683648,0.672595,-0.104043,0.66008,0.784148,0.149695,0.681479,0.81609,-0.088613,0.649546,0.803539,0.152598,0.669198,0.836542,-0.088249,0.679877,0.820926,0.097793,0.713145,0.85119,-0.149045
Zara_Lat_1_3.9.26,209,1353.0,560.0,0,1355.09,563.0,0.9878,1351.58,554.98,0.9588,0.699117,0.303442,-0.052099,0.694075,0.290076,-0.043943,0.692916,0.289711,-0.04411,0.691866,0.289479,-0.044077,0.693858,0.290583,-0.066936,0.69258,0.290669,-0.067161,0.691262,0.290784,-0.06728,0.682089,0.293658,0.003507,0.681511,0.295122,-0.099856,0.695403,0.315155,-0.029846,0.695238,0.315007,-0.06133,0.674114,0.354216,0.079916,0.658649,0.367058,-0.153285,0.659858,0.355254,0.188589,0.66836,0.469938,-0.171102,0.656354,0.296595,0.238846,0.70395,0.513875,-0.155318,0.655257,0.317888,0.248465,0.711149,0.53885,-0.175356,0.659449,0.323877,0.232796,0.714593,0.534346,-0.172827,0.658578,0.322378,0.234074,0.712692,0.526471,-0.153069,0.674474,0.533898,0.075978,0.659187,0.537273,-0.076032,0.692078,0.662884,0.087287,0.687937,0.674456,-0.101318,0.66024,0.783372,0.155688,0.680069,0.818543,-0.080542,0.650237,0.802416,0.159749,0.668728,0.838464,-0.079634,0.678918,0.819191,0.124137,0.713036,0.85229,-0.140057
Zara_Lat_1_3.9.26,210,1353.0,560.0,0,1359.47,561.9,0.9867,1354.08,556.33,0.9623,0.700355,0.303812,-0.060685,0.694698,0.290411,-0.052102,0.693505,0.290136,-0.052272,0.69237,0.29,-0.052234,0.694472,0.290898,-0.075169,0.693177,0.291052,-0.075398,0.691842,0.291256,-0.075529,0.682316,0.294289,-0.002433,0.681993,0.295713,-0.100364,0.696312,0.316085,-0.037788,0.696136,0.315842,-0.069309,0.673924,0.358277,0.077754,0.659618,0.368399,-0.162498,0.666879,0.44566,0.127555,0.671236,0.470745,-0.183756,0.681285,0.496249,0.062159,0.705248,0.515123,-0.168341,0.684917,0.512175,0.05817,0.71232,0.540419,-0.190668,0.689877,0.510281,0.036339,0.71577,0.536326,-0.188236,0.688278,0.503575,0.051389,0.7137,0.527996,-0.166281,0.676469,0.535998,0.076099,0.662155,0.541272,-0.076159,0.694857,0.665421,0.10202,0.692468,0.677299,-0.096419,0.661043,0.783247,0.167837,0.680259,0.820489,-0.061755,0.65004,0.801234,0.171407,0.669781,0.840497,-0.059994,0.678348,0.819976,0.13834,0.712673,0.853251,-0.120346
Zara_Lat_1_3.9.26,211,1356.0,566.0,0,1363.85,563.35,0.9869,1357.33,559.39,0.9616,0.702738,0.309847,-0.029578,0.697555,0.295744,-0.022045,0.696184,0.295358,-0.022194,0.694934,0.295166,-0.022163,0.697643,0.296172,-0.045977,0.696327,0.296124,-0.046217,0.694991,0.296157,-0.046338,0.685077,0.298805,0.020873,0.685185,0.29977,-0.087017,0.697998,0.321442,-0.00882,0.698034,0.321033,-0.041596,0.674542,0.36178,0.095034,0.660532,0.371959,-0.132408,0.663746,0.390107,0.211822,0.672112,0.474554,-0.156493,0.671395,0.337976,0.285148,0.706944,0.517953,-0.14648,0.678544,0.342197,0.298859,0.714186,0.543203,-0.165435,0.687865,0.337131,0.285808,0.717456,0.539848,-0.161741,0.679876,0.33702,0.281515,0.715534,0.531544,-0.14374,0.67908,0.539644,0.075285,0.663301,0.54536,-0.075346,0.699115,0.668811,0.099485,0.695826,0.680856,-0.108627,0.661015,0.783241,0.151397,0.67941,0.820932,-0.075252,0.649666,0.798383,0.153805,0.669601,0.841407,-0.072495,0.678311,0.82005,0.115495,0.712316,0.855039,-0.129015
Zara_Lat_1_3.9.26,212,1359.0,567.0,0,1368.8,566.75,0.9866,1362.17,563.52,0.9645,0.701891,0.313407,-0.046398,0.696728,0.300158,-0.03798,0.695439,0.299845,-0.038141,0.694223,0.29966,-0.038098,0.696714,0.300567,-0.062187,0.695461,0.300588,-0.062425,0.694221,0.300602,-0.062546,0.684767,0.30279,0.009759,0.684731,0.30377,-0.091698,0.697432,0.324992,-0.024072,0.697483,0.324567,-0.057043,0.675323,0.368473,0.087093,0.66183,0.375365,-0.154312,0.672086,0.462734,0.122347,0.675304,0.477225,-0.182166,0.68609,0.517445,0.043454,0.709465,0.521775,-0.162542,0.691775,0.541998,0.037984,0.716208,0.547002,-0.18379,0.696931,0.538753,0.017081,0.719221,0.544032,-0.180291,0.694355,0.531371,0.032625,0.71713,0.535713,-0.159927,0.681627,0.545216,0.075638,0.66537,0.551064,-0.075703,0.702732,0.671757,0.095453,0.699082,0.684147,-0.10361,0.661456,0.782029,0.153022,0.679788,0.822538,-0.058825,0.649401,0.793651,0.156295,0.669763,0.84205,-0.055696,0.677077,0.82072,0.124285,0.713057,0.857548,-0.113912
Zara_Lat_1_3.9.26,213,1365.0,575.0,0,1372.43,565.25,0.9847,1363.81,566.81,0.9667,0.703353,0.319079,-0.033058,0.698334,0.304582,-0.026203,0.696905,0.304118,-0.026346,0.695593,0.303817,-0.026296,0.698561,0.305036,-0.050718,0.6973,0.304857,-0.050953,0.696028,0.304682,-0.051038,0.686123,0.307101,0.015778,0.686436,0.307808,-0.09293,0.697809,0.32971,-0.012476,0.697925,0.329485,-0.045748,0.674442,0.373184,0.091288,0.663735,0.37951,-0.146538,0.669287,0.436959,0.146496,0.676566,0.479354,-0.177106,0.676468,0.45813,0.096022,0.710319,0.524823,-0.153653,0.677895,0.469184,0.102089,0.717836,0.548812,-0.17229,0.680661,0.465738,0.075281,0.721148,0.545901,-0.169116,0.680527,0.461543,0.087176,0.718751,0.538326,-0.151085,0.682846,0.548609,0.074968,0.667613,0.554441,-0.075035,0.706763,0.67437,0.081053,0.701599,0.686925,-0.101926,0.661667,0.781785,0.138336,0.679141,0.825328,-0.060659,0.649172,0.791297,0.143238,0.66763,0.845144,-0.0583,0.67698,0.821087,0.111492,0.712768,0.857724,-0.108599
Zara_Lat_1_3.9.26,214,1367.07,569.05,0,1376.01,569.94,0.9854,1367.07,569.05,0.9692,0.704666,0.322174,-0.036707,0.700248,0.307811,-0.028937,0.698738,0.307339,-0.02908,0.697405,0.306988,-0.02902,0.700649,0.308229,-0.054383,0.699342,0.308039,-0.054604,0.698097,0.307856,-0.054668,0.687389,0.30985,0.016588,0.687596,0.310804,-0.097587,0.699207,0.33392,-0.014891,0.699337,0.333655,-0.049328,0.677515,0.3802,0.094993,0.665338,0.383952,-0.147139,0.67606,0.479504,0.130443,0.678552,0.480643,-0.173873,0.692421,0.555565,0.056651,0.712018,0.5269,-0.144341,0.696128,0.574494,0.052022,0.719466,0.551034,-0.163498,0.699912,0.569921,0.031815,0.722604,0.548584,-0.160697,0.69827,0.561993,0.046547,0.72033,0.540951,-0.141781,0.684846,0.552194,0.075755,0.668989,0.55799,-0.075828,0.709845,0.67715,0.086237,0.704791,0.689645,-0.09928,0.662565,0.781819,0.148424,0.679395,0.828797,-0.055464,0.648988,0.789759,0.153027,0.666961,0.847472,-0.052375,0.67689,0.821397,0.127721,0.712455,0.858728,-0.104681
Zara_Lat_1_3.9.26,215,1369.95,572.19,0,1377.94,571.54,0.9897,1369.95,572.19,0.9712,0.703986,0.324147,-0.028704,0.69922,0.309634,-0.019837,0.697773,0.309338,-0.019972,0.696456,0.309185,-0.019906,0.699499,0.309993,-0.045894,0.698215,0.309921,-0.046101,0.696958,0.309853,-0.046145,0.686685,0.313028,0.028241,0.687014,0.313631,-0.089481,0.698634,0.336396,-0.006273,0.698731,0.336161,-0.041493,0.67711,0.383873,0.106452,0.666087,0.387445,-0.142639,0.67946,0.484051,0.135145,0.681619,0.482902,-0.169578,0.698046,0.54238,0.061303,0.713515,0.529804,-0.142934,0.706941,0.570697,0.056182,0.721177,0.554601,-0.162941,0.70973,0.565012,0.035608,0.724017,0.552209,-0.159526,0.705419,0.557214,0.05068,0.721642,0.545407,-0.140306,0.685961,0.554158,0.076617,0.670577,0.56026,-0.076692,0.712017,0.679225,0.086672,0.706161,0.69199,-0.097115,0.663503,0.781512,0.152675,0.679983,0.827743,-0.052606,0.648973,0.787166,0.157446,0.667418,0.846973,-0.049391,0.676576,0.821584,0.132133,0.711793,0.858704,-0.102437
Zara_Lat_1_3.9.26,216,1370.42,573.98,0,1382.51,575.99,0.9854,1370.42,573.98,0.9727,0.704249,0.323421,-0.036267,0.699466,0.309689,-0.027046,0.698014,0.30945,-0.02719,0.696586,0.309337,-0.027135,0.699734,0.310078,-0.053171,0.698432,0.310104,-0.053377,0.696995,0.310157,-0.05343,0.687009,0.313928,0.02275,0.687192,0.314397,-0.095329,0.699105,0.336742,-0.0134,0.699151,0.336326,-0.048656,0.677146,0.386816,0.101924,0.666427,0.389081,-0.142992,0.683394,0.483549,0.126236,0.682287,0.483543,-0.170665,0.706979,0.539572,0.04178,0.713763,0.531464,-0.144408,0.713377,0.56577,0.034932,0.720815,0.55687,-0.164499,0.716765,0.561694,0.01379,0.723855,0.554339,-0.160837,0.714502,0.556888,0.030477,0.72156,0.547659,-0.141751,0.686213,0.558218,0.077239,0.672448,0.564042,-0.07732,0.712871,0.681233,0.09468,0.70876,0.693597,-0.095825,0.664527,0.780757,0.162341,0.681766,0.826847,-0.050967,0.648914,0.784853,0.167043,0.668087,0.845678,-0.046537,0.676387,0.821896,0.141856,0.711595,0.859579,-0.090298
Zara_Lat_1_3.9.26,217,1375.48,577.35,0,1386.47,580.31,0.9905,1375.48,577.35,0.9734,0.704018,0.32444,-0.033572,0.699838,0.311334,-0.023596,0.698594,0.311178,-0.023734,0.697366,0.311117,-0.023675,0.699809,0.311666,-0.049774,0.698487,0.311782,-0.049979,0.697007,0.311914,-0.050027,0.687978,0.316175,0.028664,0.68734,0.316459,-0.089631,0.699476,0.338746,-0.010042,0.699376,0.338336,-0.045323,0.680463,0.390437,0.107634,0.666894,0.392056,-0.141121,0.684952,0.486832,0.130711,0.684439,0.483947,-0.167338,0.70925,0.540179,0.047932,0.716397,0.534582,-0.141659,0.715108,0.562473,0.041149,0.723157,0.559112,-0.161896,0.718558,0.561604,0.019937,0.725585,0.556936,-0.158886,0.71657,0.554729,0.036607,0.72353,0.550606,-0.139287,0.687662,0.56117,0.07709,0.672399,0.566456,-0.077166,0.715999,0.683377,0.090811,0.710239,0.694872,-0.096662,0.665824,0.780165,0.157327,0.681786,0.826602,-0.04896,0.649512,0.783482,0.161998,0.668333,0.846067,-0.044732,0.676481,0.822076,0.136174,0.711377,0.859114,-0.089216
Zara_Lat_1_3.9.26,218,1379.41,580.32,0,1389.52,581.29,0.9886,1379.41,580.32,0.9753,0.70429,0.324424,-0.032849,0.700075,0.312471,-0.023006,0.698917,0.312404,-0.023142,0.697789,0.312426,-0.023087,0.699845,0.312929,-0.049177,0.698542,0.313218,-0.049379,0.697159,0.31353,-0.049429,0.68846,0.318264,0.028362,0.687978,0.318771,-0.089736,0.70036,0.339226,-0.009688,0.700176,0.339,-0.044925,0.681727,0.392095,0.105053,0.667616,0.394004,-0.141546,0.686261,0.486022,0.129871,0.685807,0.484559,-0.166959,0.706405,0.5438,0.051586,0.718444,0.537338,-0.143008,0.714045,0.573615,0.045376,0.725254,0.561699,-0.16338,0.715183,0.566134,0.024388,0.727522,0.560174,-0.160154,0.713732,0.561964,0.04054,0.725457,0.553948,-0.140618,0.6888,0.564408,0.076653,0.673211,0.570056,-0.076728,0.717637,0.684762,0.088812,0.711577,0.696225,-0.095784,0.666282,0.779924,0.158238,0.681084,0.827226,-0.046972,0.64978,0.782533,0.163387,0.667822,0.846002,-0.041894,0.676293,0.822113,0.139363,0.7111,0.859556,-0.083072
Zara_Lat_1_3.9.26,219,1382.72,582.89,0,1391.16,580.58,0.9863,1382.72,582.89,0.9773,0.704247,0.32786,-0.029058,0.700084,0.316489,-0.020784,0.698982,0.316334,-0.020921,0.697934,0.316244,-0.020868,0.699993,0.316988,-0.045383,0.698871,0.317182,-0.045595,0.697764,0.31737,-0.04565,0.688911,0.321224,0.025748,0.689035,0.321985,-0.086122,0.700428,0.342022,-0.007495,0.700418,0.341792,-0.040821,0.680498,0.391525,0.103346,0.668965,0.395217,-0.136989,0.689225,0.476565,0.166495,0.68863,0.484764,-0.165245,0.707899,0.535772,0.155531,0.720168,0.539716,-0.143758,0.710639,0.541656,0.162381,0.726546,0.564259,-0.163771,0.712819,0.538216,0.141483,0.728806,0.562991,-0.160064,0.71184,0.533116,0.146765,0.726854,0.555535,-0.141272,0.689032,0.564714,0.076363,0.674786,0.570891,-0.076441,0.718083,0.685293,0.088405,0.712011,0.697042,-0.091865,0.667429,0.779261,0.153763,0.681429,0.827155,-0.046168,0.651289,0.782085,0.158334,0.667684,0.846285,-0.041381,0.676614,0.821473,0.133922,0.711825,0.859446,-0.082882
Zara_Lat_1_3.9.26,220,1383.85,582.94,0,1392.82,581.04,0.9873,1383.85,582.94,0.9787,0.704879,0.326827,-0.034895,0.700983,0.31551,-0.025874,0.699952,0.315346,-0.026016,0.698962,0.315255,-0.025961,0.700599,0.316019,-0.050834,0.699325,0.316228,-0.051045,0.698054,0.316446,-0.051105,0.68971,0.320794,0.02398,0.689276,0.321546,-0.089445,0.701382,0.340985,-0.012413,0.701015,0.34079,-0.046156,0.683448,0.391944,0.100646,0.669557,0.39602,-0.138737,0.691236,0.480799,0.136492,0.689053,0.485279,-0.165224,0.710245,0.541583,0.062857,0.720756,0.539764,-0.143972,0.715559,0.562752,0.057967,0.72709,0.564534,-0.164165,0.716942,0.563025,0.036903,0.729513,0.563247,-0.160778,0.715865,0.55424,0.052049,0.727556,0.556264,-0.141636,0.691018,0.565612,0.07627,0.675178,0.571704,-0.076342,0.720129,0.68544,0.087101,0.712343,0.697538,-0.092758,0.668644,0.778954,0.155811,0.681457,0.825949,-0.044303,0.652441,0.782239,0.160899,0.66788,0.845672,-0.038988,0.676898,0.821394,0.137394,0.711316,0.859429,-0.079632
Zara_Lat_1_3.9.26,221,1388.31,583.88,0,1392.77,581.55,0.986,1388.31,583.88,0.9801,0.705483,0.327006,-0.037973,0.701529,0.315792,-0.028837,0.70054,0.315595,-0.028979,0.699619,0.315435,-0.028925,0.701001,0.316318,-0.053882,0.699734,0.3165,-0.054092,0.698508,0.316663,-0.054154,0.690352,0.320831,0.021926,0.689769,0.321557,-0.091735,0.701892,0.340966,-0.015053,0.701525,0.340848,-0.048912,0.684138,0.392039,0.099775,0.669582,0.396575,-0.139964,0.690134,0.481775,0.131561,0.689475,0.48557,-0.167934,0.706636,0.539751,0.058501,0.723077,0.540632,-0.150412,0.713952,0.567798,0.052842,0.729334,0.565869,-0.17247,0.711944,0.559754,0.032186,0.732101,0.564789,-0.169715,0.711834,0.555511,0.047832,0.729924,0.556921,-0.148396,0.691328,0.566527,0.076061,0.675761,0.572227,-0.076134,0.720232,0.68558,0.086605,0.712398,0.697554,-0.095039,0.669236,0.778653,0.160167,0.68132,0.826791,-0.043811,0.653373,0.78183,0.166123,0.667621,0.846472,-0.038144,0.6766,0.821489,0.142638,0.710814,0.860664,-0.080173
Zara_Lat_1_3.9.26,222,1389.56,584.12,0,1395.28,579.63,0.9875,1389.56,584.12,0.9814,0.705766,0.327002,-0.032824,0.701753,0.315942,-0.023494,0.700755,0.315745,-0.023631,0.699844,0.315604,-0.023572,0.701311,0.316381,-0.048114,0.700091,0.316514,-0.048322,0.698881,0.31664,-0.048375,0.690922,0.320949,0.027643,0.690214,0.32149,-0.083576,0.702214,0.340909,-0.009677,0.701924,0.340699,-0.042929,0.685165,0.391842,0.103173,0.670188,0.396609,-0.13273,0.691623,0.480862,0.13291,0.690766,0.48541,-0.159782,0.708478,0.538564,0.064105,0.723729,0.54085,-0.144317,0.715767,0.56661,0.059029,0.729986,0.565168,-0.16599,0.714825,0.55912,0.038978,0.733039,0.563858,-0.163191,0.714168,0.555488,0.05386,0.730816,0.556439,-0.142282,0.691807,0.566998,0.074857,0.675779,0.572591,-0.074922,0.722281,0.686081,0.075726,0.71208,0.698139,-0.095565,0.669633,0.778702,0.155586,0.681288,0.826465,-0.043798,0.653888,0.78245,0.16344,0.667598,0.846481,-0.038384,0.677613,0.821442,0.13443,0.710746,0.86068,-0.081339
Zara_Lat_1_3.9.26,223,1392.45,584.0,0,1397.48,579.43,0.9877,1392.45,584.0,0.9826,0.706566,0.32704,-0.035176,0.702489,0.315602,-0.026206,0.701392,0.315327,-0.026343,0.700383,0.315107,-0.026285,0.701973,0.316063,-0.05104,0.700647,0.316149,-0.051248,0.699368,0.316225,-0.051303,0.691128,0.320203,0.024203,0.690606,0.32084,-0.088015,0.702788,0.340763,-0.012113,0.702391,0.340594,-0.045686,0.684117,0.3909,0.101124,0.671463,0.395797,-0.135296,0.690782,0.480983,0.134015,0.691107,0.485479,-0.160691,0.708321,0.536296,0.072357,0.725233,0.540744,-0.147272,0.713584,0.562584,0.068386,0.731149,0.565473,-0.16981,0.715085,0.558326,0.048212,0.734368,0.564371,-0.16655,0.713971,0.55201,0.062282,0.732206,0.556685,-0.14516,0.691854,0.567203,0.074764,0.67658,0.572466,-0.07483,0.722821,0.686053,0.075843,0.712164,0.698712,-0.09517,0.669842,0.778755,0.15716,0.681164,0.826971,-0.041832,0.654257,0.782603,0.16393,0.667364,0.847183,-0.036324,0.677825,0.821325,0.138424,0.710667,0.861231,-0.08008
Zara_Lat_1_3.9.26,224,1394.04,583.34,0,1398.64,577.05,0.9886,1394.04,583.34,0.9836,0.706874,0.327215,-0.033609,0.702757,0.315678,-0.024539,0.701638,0.315385,-0.02467,0.700646,0.315156,-0.024608,0.702374,0.316126,-0.04936,0.70109,0.31618,-0.049572,0.699866,0.316228,-0.049628,0.691488,0.320231,0.026047,0.69106,0.320782,-0.086087,0.70296,0.340812,-0.010452,0.702707,0.340603,-0.043982,0.684961,0.390795,0.10281,0.67103,0.395785,-0.135061,0.69154,0.476009,0.135423,0.6918,0.485408,-0.159811,0.706029,0.531196,0.07405,0.726063,0.540131,-0.143642,0.710017,0.550242,0.069814,0.73198,0.564101,-0.165082,0.711696,0.546279,0.051227,0.735103,0.563007,-0.162097,0.710575,0.539568,0.064525,0.732926,0.555627,-0.141392,0.692204,0.56649,0.074402,0.676549,0.571906,-0.074466,0.722698,0.685441,0.073295,0.710542,0.698362,-0.097073,0.670446,0.778755,0.149805,0.68141,0.826466,-0.045442,0.655084,0.78289,0.156252,0.667611,0.84655,-0.040528,0.678961,0.821287,0.136535,0.710418,0.86096,-0.085066
Zara_Lat_1_3.9.26,225,1395.15,583.05,0,1400.98,575.66,0.988,1395.15,583.05,0.9839,0.70774,0.326714,-0.034684,0.703539,0.315075,-0.025858,0.702344,0.314789,-0.025992,0.70127,0.314567,-0.025934,0.703241,0.315524,-0.050724,0.701903,0.315587,-0.050931,0.700603,0.315647,-0.050985,0.692144,0.319606,0.024003,0.691751,0.320204,-0.088359,0.703756,0.340317,-0.011774,0.703511,0.340095,-0.045366,0.685153,0.390076,0.100878,0.671338,0.395103,-0.136375,0.692577,0.477522,0.130409,0.692612,0.485141,-0.160209,0.708657,0.534526,0.060135,0.726638,0.539864,-0.143046,0.714439,0.563265,0.054365,0.732406,0.564207,-0.164374,0.716615,0.559926,0.034815,0.735442,0.56346,-0.161791,0.714226,0.550997,0.050051,0.733285,0.555812,-0.140978,0.692904,0.566009,0.074172,0.676981,0.571278,-0.074236,0.72248,0.685235,0.073458,0.710203,0.698492,-0.096802,0.670366,0.77878,0.156628,0.681214,0.827043,-0.039322,0.655112,0.783137,0.163237,0.667421,0.846185,-0.034045,0.67937,0.820972,0.140658,0.710401,0.861384,-0.079167
Zara_Lat_1_3.9.26,226,1395.68,582.47,0,1399.58,575.81,0.9841,1395.68,582.47,0.9843,0.707994,0.326349,-0.035222,0.703562,0.314583,-0.026114,0.702431,0.314302,-0.02625,0.701406,0.31409,-0.026192,0.703218,0.315048,-0.051168,0.701937,0.315128,-0.051375,0.700667,0.315196,-0.051427,0.692383,0.319144,0.024872,0.691759,0.31973,-0.088388,0.704131,0.339907,-0.011965,0.703844,0.339689,-0.045794,0.686777,0.389748,0.102441,0.671608,0.394558,-0.136967,0.693491,0.478331,0.131305,0.69282,0.484931,-0.1609,0.711414,0.536038,0.059005,0.726919,0.539326,-0.143614,0.71916,0.565211,0.053307,0.732432,0.563411,-0.164802,0.718189,0.557686,0.03308,0.735635,0.562393,-0.162085,0.716916,0.552323,0.048548,0.733563,0.55497,-0.141469,0.693413,0.565444,0.074138,0.677248,0.570708,-0.074204,0.722754,0.685141,0.072834,0.710455,0.69835,-0.09684,0.670811,0.778789,0.156302,0.68123,0.82658,-0.039351,0.655557,0.783402,0.161874,0.667615,0.845714,-0.03415,0.681121,0.821004,0.135539,0.709867,0.861465,-0.079625
Zara_Lat_1_3.9.26,227,1396.0,576.0,0,1399.4,576.97,0.9823,1397.65,582.01,0.9852,0.707822,0.326005,-0.035587,0.703431,0.314316,-0.026871,0.702346,0.314039,-0.027014,0.701369,0.313829,-0.026959,0.703135,0.314777,-0.051843,0.701929,0.314854,-0.052055,0.700761,0.314919,-0.052119,0.692521,0.318828,0.0232,0.691958,0.319437,-0.089965,0.704008,0.339568,-0.012961,0.703782,0.339342,-0.046742,0.686373,0.389071,0.101017,0.672462,0.394137,-0.137182,0.6925,0.477115,0.13071,0.693707,0.484894,-0.1633,0.711037,0.53353,0.061511,0.72794,0.538898,-0.147139,0.716742,0.561378,0.05644,0.733152,0.563588,-0.169077,0.717858,0.557057,0.036161,0.736535,0.562708,-0.166451,0.714255,0.546672,0.051172,0.734638,0.554887,-0.145106,0.6937,0.564976,0.074094,0.678063,0.570337,-0.07416,0.72222,0.684848,0.073832,0.71014,0.698181,-0.096481,0.670859,0.778594,0.1563,0.680912,0.827528,-0.042055,0.655632,0.782916,0.16189,0.667336,0.845915,-0.037503,0.680683,0.821088,0.136184,0.710264,0.861996,-0.084076
Zara_Lat_1_3.9.26,228,1396.0,575.0,0,1400.4,576.72,0.9829,1399.98,581.56,0.9861,0.708218,0.325844,-0.034134,0.703733,0.314216,-0.024752,0.702667,0.313917,-0.024892,0.701707,0.31368,-0.024832,0.70342,0.314751,-0.050118,0.702218,0.31481,-0.050328,0.701033,0.314865,-0.050386,0.692887,0.318632,0.026717,0.692131,0.319409,-0.088189,0.704365,0.339521,-0.010967,0.704114,0.339307,-0.045241,0.68697,0.388701,0.103459,0.672547,0.393885,-0.137601,0.692572,0.4802,0.13212,0.694164,0.48465,-0.163621,0.709003,0.541285,0.069879,0.729156,0.538478,-0.14834,0.71528,0.572683,0.065811,0.734335,0.56321,-0.170699,0.717328,0.569234,0.045448,0.737288,0.562445,-0.16787,0.71421,0.558143,0.059673,0.735411,0.554489,-0.146289,0.694318,0.564882,0.074059,0.678436,0.57013,-0.074125,0.723084,0.684635,0.07409,0.710469,0.698581,-0.096271,0.671383,0.778613,0.155413,0.681305,0.828437,-0.042475,0.656019,0.782979,0.16076,0.667428,0.845894,-0.038003,0.681952,0.821152,0.133724,0.710097,0.862229,-0.084635
Zara_Lat_1_3.9.26,229,1396.0,575.0,0,1402.94,575.52,0.9822,1401.03,581.07,0.9871,0.70827,0.325647,-0.033642,0.703809,0.314129,-0.024413,0.702794,0.313822,-0.024557,0.701901,0.313579,-0.024496,0.703408,0.314674,-0.049767,0.702193,0.314731,-0.049972,0.701002,0.314779,-0.050029,0.6931,0.318423,0.026618,0.692043,0.31923,-0.08816,0.704436,0.339341,-0.010475,0.704143,0.339118,-0.044757,0.687277,0.388289,0.103482,0.672696,0.393463,-0.138162,0.693252,0.482531,0.133293,0.694173,0.483345,-0.166378,0.710446,0.574421,0.076962,0.729701,0.538025,-0.155078,0.714348,0.596854,0.07383,0.735056,0.562772,-0.179207,0.717025,0.594669,0.053341,0.737943,0.562096,-0.174243,0.715211,0.585602,0.066985,0.736172,0.554116,-0.152459,0.694766,0.564673,0.074009,0.678714,0.569857,-0.074075,0.723183,0.684571,0.074845,0.710386,0.699869,-0.093406,0.671061,0.778619,0.160594,0.68053,0.829578,-0.038555,0.656124,0.783186,0.166967,0.666868,0.846761,-0.033861,0.682266,0.820583,0.142683,0.710143,0.863053,-0.079759
Zara_Lat_1_3.9.26,230,1396.0,575.0,0,1403.34,575.17,0.9825,1401.97,580.72,0.988,0.70868,0.323875,-0.037552,0.704145,0.312934,-0.02734,0.703158,0.312671,-0.027486,0.70228,0.312487,-0.02742,0.703709,0.313382,-0.053305,0.702492,0.313437,-0.053509,0.701269,0.313527,-0.053564,0.693449,0.317699,0.025823,0.692151,0.318361,-0.090049,0.704993,0.337979,-0.013142,0.704645,0.337722,-0.04819,0.687965,0.387981,0.102324,0.673208,0.393431,-0.142337,0.693078,0.482754,0.134223,0.694818,0.482881,-0.173614,0.709321,0.55506,0.076656,0.730192,0.537708,-0.164768,0.715549,0.585285,0.073413,0.735505,0.56236,-0.189728,0.716253,0.579591,0.05146,0.738452,0.561747,-0.185095,0.715265,0.569496,0.066037,0.736645,0.554086,-0.162333,0.695303,0.564455,0.074031,0.678952,0.569596,-0.074095,0.723263,0.684663,0.078489,0.710403,0.700578,-0.092999,0.670983,0.778805,0.164114,0.680095,0.829219,-0.036247,0.655953,0.783702,0.170408,0.666727,0.846739,-0.031408,0.682603,0.820652,0.145325,0.70991,0.863578,-0.078269
Zara_Lat_1_3.9.26,231,1396.0,575.0,0,1403.54,575.0,0.9824,1401.93,580.41,0.9888,0.708543,0.323742,-0.037775,0.704139,0.312864,-0.027824,0.703177,0.312603,-0.027969,0.70232,0.312437,-0.027905,0.703637,0.313308,-0.053557,0.702387,0.313362,-0.053762,0.70113,0.313456,-0.053817,0.693482,0.317614,0.024916,0.691994,0.318331,-0.090214,0.704701,0.337734,-0.013557,0.70433,0.337535,-0.048295,0.687096,0.38788,0.10263,0.673616,0.392821,-0.141976,0.693248,0.482617,0.136513,0.69573,0.4819,-0.17297,0.708296,0.547565,0.079667,0.730173,0.537417,-0.163144,0.715664,0.580521,0.076759,0.735376,0.56205,-0.187133,0.715486,0.574876,0.055929,0.73835,0.56158,-0.182654,0.714965,0.563976,0.06958,0.736548,0.553825,-0.160738,0.695177,0.564563,0.07405,0.679508,0.569487,-0.074114,0.723083,0.684942,0.081589,0.709874,0.701036,-0.091026,0.670806,0.778955,0.164318,0.679698,0.830839,-0.036539,0.65589,0.783894,0.170476,0.666359,0.847373,-0.031986,0.682934,0.820756,0.145115,0.709783,0.865023,-0.079334
Zara_Lat_1_3.9.26,232,1400.0,575.0,0,1404.85,575.03,0.9824,1403.16,580.15,0.9895,0.708686,0.321903,-0.038244,0.704144,0.310849,-0.028123,0.7032,0.310599,-0.028269,0.702359,0.310477,-0.028212,0.703603,0.311169,-0.054159,0.702344,0.311197,-0.054371,0.701043,0.311327,-0.054429,0.69353,0.316329,0.025933,0.691748,0.316961,-0.090715,0.705014,0.336391,-0.014009,0.704516,0.336286,-0.04874,0.687771,0.387627,0.108087,0.673774,0.392793,-0.144179,0.692605,0.482589,0.14348,0.695896,0.481651,-0.173129,0.707262,0.556749,0.08144,0.730811,0.537175,-0.161224,0.713548,0.578752,0.078337,0.736201,0.561785,-0.185119,0.713656,0.574505,0.056871,0.739285,0.561315,-0.180499,0.713,0.565669,0.071102,0.737338,0.553506,-0.158692,0.69539,0.564709,0.075546,0.679024,0.56945,-0.075599,0.723256,0.685849,0.081199,0.708945,0.700645,-0.099113,0.670583,0.77912,0.163437,0.679383,0.830485,-0.042939,0.655744,0.784019,0.169743,0.666232,0.848937,-0.038103,0.682632,0.820816,0.143655,0.710311,0.865079,-0.088011
Zara_Lat_1_3.9.26,233,1401.0,569.0,0,1404.76,573.94,0.9835,1403.85,580.11,0.9903,0.708733,0.321872,-0.037086,0.704171,0.310815,-0.027042,0.703195,0.310565,-0.027185,0.702313,0.310443,-0.027123,0.703688,0.311136,-0.053209,0.702438,0.311167,-0.053419,0.701168,0.311296,-0.053476,0.69333,0.316251,0.026752,0.691928,0.316932,-0.090745,0.70496,0.336361,-0.012859,0.704544,0.336275,-0.047959,0.687102,0.387472,0.107191,0.673819,0.392671,-0.144127,0.691932,0.483707,0.144006,0.69647,0.480909,-0.173187,0.706985,0.568279,0.081727,0.731174,0.537142,-0.160025,0.710393,0.588599,0.07854,0.736481,0.561694,-0.18352,0.712085,0.585735,0.057649,0.739723,0.561227,-0.178872,0.712223,0.577026,0.071648,0.737976,0.553606,-0.157405,0.695219,0.564756,0.075447,0.679053,0.569514,-0.075501,0.722591,0.685992,0.081355,0.70856,0.700673,-0.098382,0.670686,0.778978,0.16232,0.679106,0.832436,-0.04643,0.655962,0.784128,0.16853,0.665975,0.849108,-0.042181,0.682322,0.820743,0.144556,0.709839,0.866061,-0.089911
Zara_Lat_1_3.9.26,234,1401.0,569.0,0,1406.73,574.76,0.9832,1405.23,579.98,0.9909,0.708668,0.320648,-0.039782,0.704138,0.309671,-0.029128,0.703163,0.309465,-0.029271,0.70226,0.309404,-0.029195,0.70367,0.310026,-0.055959,0.702456,0.310114,-0.056175,0.701197,0.310321,-0.056237,0.693289,0.315589,0.026143,0.692049,0.316218,-0.093581,0.705042,0.335551,-0.014683,0.704577,0.335416,-0.050732,0.687528,0.387297,0.105858,0.674187,0.392547,-0.147282,0.692629,0.482543,0.143387,0.697059,0.480564,-0.174164,0.707305,0.565737,0.077502,0.73189,0.537018,-0.159107,0.710087,0.585562,0.074083,0.737227,0.561745,-0.182473,0.712261,0.583122,0.051865,0.740399,0.561412,-0.177828,0.712056,0.574701,0.066744,0.738697,0.553958,-0.156481,0.69539,0.565124,0.07546,0.678956,0.569678,-0.075513,0.723061,0.686978,0.081146,0.708376,0.700624,-0.097814,0.670839,0.779041,0.1641,0.678876,0.832044,-0.041183,0.656087,0.784041,0.170755,0.665889,0.850311,-0.035889,0.681737,0.821289,0.14603,0.709972,0.866281,-0.083607
Zara_Lat_1_3.9.26,235,1406.0,570.0,0,1408.02,574.74,0.9831,1406.43,580.02,0.9915,0.708747,0.320614,-0.042373,0.704224,0.309698,-0.031758,0.703273,0.309504,-0.031903,0.702398,0.309443,-0.031832,0.703706,0.310061,-0.058178,0.702458,0.310161,-0.058392,0.701182,0.310365,-0.058448,0.693509,0.315539,0.024664,0.692143,0.316172,-0.094582,0.705039,0.335542,-0.017108,0.704586,0.335394,-0.052735,0.687151,0.387145,0.10557,0.674003,0.392453,-0.147823,0.692084,0.484959,0.142454,0.697323,0.480314,-0.176751,0.706927,0.574006,0.079235,0.732517,0.537051,-0.163648,0.709153,0.595021,0.076111,0.73759,0.561978,-0.187314,0.709901,0.587992,0.054435,0.74087,0.56164,-0.183277,0.711952,0.583687,0.068758,0.739322,0.554128,-0.161179,0.695345,0.565259,0.075402,0.679076,0.569692,-0.075457,0.722354,0.688014,0.080778,0.708138,0.701062,-0.09773,0.670701,0.779219,0.162008,0.678723,0.834531,-0.050979,0.65605,0.784171,0.1684,0.665779,0.851501,-0.047545,0.682047,0.821725,0.14465,0.709678,0.866792,-0.099388
Zara_Lat_1_3.9.26,236,1404.0,575.0,0,1409.51,575.96,0.9721,1407.18,579.97,0.9921,0.708688,0.320625,-0.034925,0.704153,0.3097,-0.023342,0.703201,0.309506,-0.023483,0.702321,0.309444,-0.023403,0.703665,0.310057,-0.050533,0.702448,0.310159,-0.050754,0.701207,0.310353,-0.050821,0.69362,0.315501,0.035288,0.692348,0.316083,-0.087704,0.704978,0.335521,-0.009034,0.70455,0.335372,-0.045771,0.687089,0.387566,0.116544,0.673964,0.392298,-0.144569,0.691698,0.48726,0.154836,0.697071,0.480011,-0.175482,0.706121,0.580461,0.08911,0.732904,0.537006,-0.162363,0.708931,0.600448,0.086477,0.73826,0.561969,-0.186708,0.709563,0.596873,0.062959,0.741434,0.561623,-0.181513,0.711041,0.589309,0.077842,0.739693,0.554225,-0.158909,0.695382,0.566221,0.075827,0.679073,0.569972,-0.075886,0.722906,0.689434,0.07274,0.707866,0.701025,-0.106457,0.670751,0.779787,0.151483,0.678677,0.834105,-0.055583,0.656045,0.78438,0.15779,0.665622,0.852135,-0.051294,0.681502,0.822959,0.132491,0.709658,0.866967,-0.101223
Zara_Lat_1_3.9.26,237,1404.0,575.0,0,1409.31,574.92,0.9808,1407.37,580.03,0.9925,0.708732,0.320667,-0.037599,0.704243,0.309756,-0.026264,0.70329,0.309557,-0.026413,0.702419,0.30948,-0.026334,0.703737,0.310106,-0.053597,0.702513,0.310194,-0.053811,0.701264,0.31037,-0.05387,0.693646,0.315461,0.033483,0.692334,0.316053,-0.091342,0.704964,0.335501,-0.011605,0.704542,0.33535,-0.048559,0.686838,0.387763,0.113844,0.673791,0.392162,-0.14785,0.691439,0.48998,0.152475,0.697097,0.480005,-0.178592,0.706636,0.588486,0.089087,0.733003,0.537066,-0.165472,0.709239,0.609168,0.086477,0.738458,0.561847,-0.189972,0.709762,0.600189,0.06295,0.741576,0.561455,-0.184776,0.710469,0.591678,0.077795,0.739863,0.554104,-0.162371,0.695399,0.566718,0.076229,0.679092,0.570621,-0.07629,0.722609,0.689841,0.074962,0.707795,0.702101,-0.101254,0.670703,0.781148,0.153901,0.678451,0.836044,-0.054259,0.65599,0.785083,0.160136,0.665501,0.854283,-0.050402,0.682153,0.822993,0.134358,0.709529,0.867441,-0.100101
Zara_Lat_1_3.9.26,238,1404.0,575.0,0,1412.06,575.56,0.9677,1407.56,580.13,0.993,0.708599,0.321033,-0.040545,0.70412,0.310109,-0.029957,0.703161,0.309899,-0.030109,0.702286,0.309809,-0.030032,0.703624,0.310456,-0.056595,0.7024,0.310524,-0.056805,0.701157,0.310657,-0.056863,0.693516,0.315704,0.027029,0.692213,0.316187,-0.09422,0.704834,0.335669,-0.015363,0.704429,0.335466,-0.0514,0.68672,0.388235,0.107076,0.673619,0.392106,-0.148625,0.692118,0.490932,0.145483,0.697112,0.480023,-0.178123,0.707358,0.592674,0.0843,0.733104,0.537155,-0.164892,0.709826,0.614281,0.082023,0.738487,0.561753,-0.188973,0.711891,0.610559,0.058259,0.741734,0.561336,-0.184005,0.71171,0.601694,0.073077,0.740074,0.554052,-0.161946,0.695471,0.567393,0.076005,0.679214,0.571172,-0.076065,0.722572,0.69037,0.074916,0.707671,0.702471,-0.100372,0.67066,0.78177,0.153904,0.678227,0.835768,-0.052392,0.656031,0.785525,0.160155,0.665486,0.854307,-0.048437,0.681606,0.823364,0.134454,0.709457,0.867326,-0.098013
Zara_Lat_1_3.9.26,239,1404.0,575.0,0,1413.25,575.7,0.9666,1407.13,580.14,0.9933,0.708497,0.322052,-0.036873,0.704068,0.311043,-0.026757,0.7031,0.310798,-0.026912,0.702225,0.310643,-0.02685,0.703594,0.311379,-0.052643,0.702377,0.311402,-0.052844,0.701158,0.31145,-0.052899,0.693433,0.316182,0.027392,0.692236,0.316489,-0.090658,0.704697,0.336637,-0.012872,0.704306,0.336366,-0.04797,0.686816,0.388881,0.106358,0.673464,0.392149,-0.145279,0.692862,0.492194,0.145322,0.697412,0.480037,-0.177572,0.710539,0.60277,0.084693,0.73288,0.537164,-0.168229,0.713834,0.625809,0.082419,0.738512,0.561679,-0.192592,0.715134,0.618857,0.058945,0.741718,0.56122,-0.187923,0.715171,0.615531,0.073135,0.740014,0.553977,-0.16567,0.69558,0.567991,0.075368,0.679168,0.571727,-0.075437,0.722417,0.692482,0.067634,0.707587,0.702764,-0.099797,0.670586,0.782551,0.152395,0.678205,0.835882,-0.05158,0.655988,0.786036,0.159159,0.665155,0.854687,-0.047612,0.68117,0.824559,0.134431,0.709338,0.867997,-0.096746
Zara_Lat_1_3.9.26,240,1404.0,575.0,0,1412.84,576.35,0.9807,1407.61,580.46,0.9934,0.70845,0.322564,-0.03434,0.704022,0.31161,-0.024101,0.703029,0.311346,-0.024252,0.702137,0.311187,-0.024185,0.703555,0.311942,-0.049884,0.70232,0.311945,-0.050095,0.701093,0.311967,-0.050157,0.693307,0.316666,0.030094,0.692124,0.316874,-0.087103,0.704575,0.337115,-0.010129,0.704188,0.336811,-0.045078,0.687231,0.389219,0.109284,0.673415,0.392616,-0.141262,0.69297,0.491825,0.151789,0.697461,0.480336,-0.173994,0.709536,0.588238,0.096023,0.733132,0.537459,-0.167927,0.713434,0.610174,0.094168,0.738916,0.562014,-0.191827,0.714232,0.604854,0.071968,0.742179,0.56156,-0.187666,0.71418,0.59884,0.085347,0.740345,0.554387,-0.165215,0.69575,0.56868,0.075273,0.679085,0.572552,-0.075341,0.722107,0.693373,0.068697,0.707401,0.704094,-0.093136,0.67052,0.784546,0.155233,0.677876,0.835552,-0.037112,0.655938,0.787674,0.161933,0.665046,0.854976,-0.032411,0.681013,0.825927,0.136885,0.709223,0.868185,-0.081513
Zara_Lat_1_3.9.26,241,1404.0,575.0,0,1412.56,576.27,0.9848,1407.36,580.56,0.9937,0.708434,0.323787,-0.034425,0.703968,0.312883,-0.024459,0.702978,0.312567,-0.02461,0.702097,0.312342,-0.024545,0.703471,0.313333,-0.050258,0.702226,0.313348,-0.050467,0.700994,0.313366,-0.050525,0.693228,0.31746,0.029051,0.692034,0.317907,-0.087876,0.704528,0.337986,-0.010469,0.704136,0.337696,-0.045413,0.687127,0.389439,0.10821,0.673271,0.39312,-0.14145,0.693379,0.492977,0.150715,0.697368,0.48061,-0.174209,0.709057,0.596402,0.095501,0.732998,0.53756,-0.166333,0.712623,0.619033,0.09374,0.738813,0.561942,-0.189965,0.714075,0.616702,0.0713,0.741967,0.561461,-0.185774,0.713616,0.60831,0.084829,0.740112,0.554332,-0.163636,0.695654,0.569361,0.075238,0.679022,0.573372,-0.075305,0.721879,0.693911,0.06951,0.707224,0.705228,-0.093029,0.670472,0.784852,0.148858,0.67781,0.836997,-0.03942,0.655919,0.787908,0.154781,0.664511,0.856404,-0.035376,0.680708,0.826062,0.129035,0.709227,0.868803,-0.084905
Zara_Lat_1_3.9.26,242,1404.0,575.0,0,1412.7,577.05,0.9707,1407.74,580.61,0.9941,0.708336,0.323749,-0.046579,0.703944,0.312838,-0.036071,0.702944,0.312525,-0.036229,0.702057,0.312298,-0.036161,0.703446,0.31328,-0.061992,0.702194,0.313296,-0.062207,0.700966,0.313321,-0.062275,0.693134,0.317475,0.021436,0.691988,0.317998,-0.095969,0.704436,0.337981,-0.020968,0.704056,0.337711,-0.056036,0.687568,0.389556,0.105358,0.67315,0.393835,-0.14704,0.693437,0.491527,0.146869,0.697252,0.480829,-0.182282,0.711962,0.58775,0.086134,0.7332,0.537602,-0.180525,0.715315,0.613361,0.083052,0.738782,0.56189,-0.206753,0.714436,0.611862,0.059515,0.742042,0.561397,-0.201997,0.714534,0.601844,0.074853,0.740297,0.554357,-0.178062,0.695647,0.569758,0.07521,0.678864,0.574123,-0.075277,0.721717,0.695138,0.075259,0.70708,0.706129,-0.092409,0.670485,0.786357,0.166848,0.677104,0.836673,-0.029936,0.655891,0.789965,0.173875,0.664341,0.856767,-0.024717,0.681566,0.828309,0.145956,0.708775,0.868937,-0.075715
Zara_Lat_1_3.9.26,243,1404.0,575.0,0,1413.05,576.88,0.971,1407.62,580.82,0.9943,0.708285,0.324497,-0.030283,0.703858,0.313556,-0.020349,0.702856,0.313246,-0.020502,0.701969,0.313015,-0.020442,0.703364,0.314083,-0.046601,0.702116,0.314142,-0.046807,0.700892,0.314211,-0.046861,0.693057,0.318123,0.032223,0.691933,0.318833,-0.086655,0.704412,0.338502,-0.006572,0.70401,0.338263,-0.042088,0.687537,0.389725,0.11044,0.673043,0.39433,-0.141367,0.693209,0.493144,0.152948,0.697273,0.481253,-0.177253,0.711231,0.591118,0.097111,0.733134,0.537792,-0.173807,0.713622,0.614345,0.095318,0.738792,0.56185,-0.199402,0.714209,0.61233,0.072581,0.741991,0.561336,-0.193482,0.714084,0.602953,0.086385,0.740188,0.554341,-0.170928,0.695522,0.570137,0.075188,0.678868,0.574517,-0.075256,0.721639,0.695393,0.074623,0.706416,0.706843,-0.092273,0.670456,0.786927,0.159056,0.676827,0.838196,-0.038776,0.655862,0.790261,0.165569,0.663971,0.858307,-0.035126,0.681433,0.828169,0.141943,0.708774,0.869136,-0.084306
Zara_Lat_1_3.9.26,244,1404.0,575.0,0,1412.1,577.18,0.971,1407.61,580.92,0.9946,0.708267,0.324468,-0.031433,0.703695,0.313521,-0.021276,0.702723,0.313209,-0.021427,0.701855,0.312973,-0.021362,0.703185,0.314035,-0.047397,0.701945,0.314088,-0.047608,0.70071,0.31415,-0.047666,0.693008,0.318083,0.033414,0.691829,0.31881,-0.08484,0.704339,0.338454,-0.007291,0.703954,0.338223,-0.04263,0.687783,0.39062,0.11251,0.672967,0.395102,-0.138426,0.693074,0.49331,0.154824,0.697088,0.481798,-0.173222,0.709828,0.589221,0.098727,0.733129,0.537886,-0.17328,0.710597,0.610733,0.096841,0.738702,0.561815,-0.196906,0.712736,0.608221,0.074109,0.741939,0.561308,-0.19289,0.712795,0.599236,0.088034,0.740215,0.554402,-0.170535,0.695533,0.570766,0.074995,0.678751,0.57494,-0.075059,0.721666,0.698045,0.063436,0.704278,0.707738,-0.093977,0.670443,0.788185,0.147248,0.676232,0.837852,-0.040189,0.655741,0.791024,0.154031,0.663899,0.858552,-0.036249,0.681342,0.82982,0.129937,0.708625,0.869164,-0.085511
Zara_Lat_1_3.9.26,245,1404.0,575.0,0,1410.06,575.24,0.9705,1407.19,581.19,0.9946,0.707786,0.326345,-0.026398,0.703464,0.315287,-0.016675,0.702504,0.314905,-0.016824,0.701637,0.31461,-0.016764,0.703023,0.315899,-0.042421,0.701832,0.315902,-0.042631,0.700644,0.315892,-0.042689,0.692859,0.319312,0.035609,0.691815,0.320113,-0.081185,0.70388,0.339878,-0.002885,0.703641,0.339663,-0.037749,0.687371,0.390899,0.112647,0.672725,0.395763,-0.135205,0.692913,0.492656,0.155165,0.696927,0.482133,-0.170696,0.708183,0.588372,0.102139,0.732912,0.538138,-0.168389,0.708738,0.610281,0.10058,0.738489,0.561864,-0.191566,0.71131,0.607904,0.078982,0.741752,0.561346,-0.186753,0.711155,0.598735,0.091963,0.739999,0.5545,-0.165406,0.695439,0.571078,0.074601,0.678675,0.575304,-0.074671,0.721539,0.699024,0.062954,0.704025,0.708175,-0.093994,0.670414,0.788628,0.145337,0.67602,0.839008,-0.044218,0.655723,0.791111,0.152032,0.663725,0.859485,-0.040717,0.681254,0.83046,0.128886,0.708594,0.869564,-0.089389
Zara_Lat_1_3.9.26,246,1404.0,575.0,0,1408.71,574.93,0.9714,1407.51,581.42,0.9947,0.707689,0.326173,-0.028166,0.703349,0.315081,-0.01814,0.702404,0.314725,-0.018287,0.70155,0.314469,-0.018224,0.702803,0.315644,-0.044004,0.701601,0.315652,-0.044218,0.700395,0.31568,-0.044279,0.692712,0.319237,0.036563,0.691591,0.32005,-0.081341,0.703843,0.339828,-0.004139,0.703578,0.339624,-0.039173,0.687424,0.391114,0.114358,0.672474,0.396153,-0.134418,0.692766,0.491928,0.155746,0.696868,0.482756,-0.164807,0.706525,0.584793,0.100513,0.733079,0.538355,-0.152952,0.706739,0.60667,0.098793,0.738743,0.562068,-0.175799,0.709701,0.603761,0.077093,0.742096,0.561633,-0.171091,0.709546,0.594951,0.090275,0.740309,0.554873,-0.149864,0.695748,0.571511,0.07453,0.678645,0.575853,-0.0746,0.721459,0.7009,0.05539,0.703894,0.708579,-0.104354,0.670339,0.78845,0.145929,0.675691,0.838759,-0.047923,0.655623,0.791065,0.152731,0.663472,0.860222,-0.04337,0.681098,0.831818,0.129818,0.708092,0.869714,-0.09077
Zara_Lat_1_3.9.26,247,1404.0,575.0,0,1409.5,575.49,0.9705,1407.14,581.66,0.9949,0.707536,0.326615,-0.029018,0.703158,0.315352,-0.019124,0.702202,0.314978,-0.019273,0.701329,0.314707,-0.019211,0.702642,0.315952,-0.04497,0.701438,0.315974,-0.045181,0.700224,0.316031,-0.045241,0.692414,0.3195,0.034985,0.691267,0.32042,-0.082607,0.703629,0.340225,-0.005167,0.703424,0.340014,-0.040166,0.687376,0.39114,0.113083,0.672116,0.396865,-0.135322,0.692461,0.49154,0.154559,0.696732,0.483455,-0.165543,0.702351,0.582678,0.099881,0.732885,0.538571,-0.153626,0.702327,0.604497,0.098084,0.738592,0.562138,-0.176583,0.705088,0.601405,0.076806,0.74191,0.561694,-0.171909,0.705056,0.592639,0.08981,0.74013,0.555089,-0.15063,0.695661,0.571838,0.07431,0.678567,0.576132,-0.074382,0.72137,0.701188,0.054851,0.703538,0.708453,-0.104165,0.670293,0.788338,0.146509,0.675652,0.838569,-0.049636,0.655605,0.790731,0.153171,0.663168,0.860354,-0.045046,0.680567,0.831685,0.132145,0.708059,0.869976,-0.092
Zara_Lat_1_3.9.26,248,1402.0,579.0,0,1408.81,576.41,0.9708,1406.8,581.7,0.9951,0.707008,0.326543,-0.029145,0.702579,0.315266,-0.018714,0.701655,0.314897,-0.018863,0.700807,0.314629,-0.018796,0.702063,0.315857,-0.044382,0.70086,0.31588,-0.044598,0.699631,0.315939,-0.044663,0.692146,0.319473,0.036778,0.690764,0.320387,-0.079462,0.70331,0.340151,-0.004817,0.703106,0.339944,-0.039585,0.687261,0.391854,0.113857,0.671937,0.397355,-0.131493,0.692361,0.491638,0.154689,0.696622,0.483652,-0.162005,0.700371,0.582905,0.100886,0.732706,0.538609,-0.151703,0.699761,0.604097,0.099189,0.738415,0.562153,-0.174968,0.702572,0.601167,0.078311,0.741727,0.561684,-0.169595,0.702902,0.592331,0.091058,0.73995,0.555107,-0.148551,0.695616,0.572046,0.073776,0.678442,0.576284,-0.073843,0.721359,0.701302,0.053834,0.702828,0.708353,-0.106569,0.670269,0.788901,0.135226,0.67526,0.838398,-0.059801,0.655534,0.791107,0.141542,0.663094,0.860905,-0.055778,0.681198,0.833454,0.120127,0.707308,0.870276,-0.102089
Zara_Lat_1_3.9.26,249,1400.0,578.0,0,1408.38,576.7,0.9714,1406.51,582.05,0.9952,0.706636,0.326781,-0.031315,0.702283,0.315495,-0.02101,0.701378,0.315135,-0.021161,0.70053,0.314866,-0.021102,0.701758,0.31609,-0.046208,0.700541,0.316124,-0.046419,0.699271,0.316197,-0.046482,0.691901,0.31966,0.034002,0.690361,0.320627,-0.079534,0.70293,0.340343,-0.007066,0.702732,0.340127,-0.041173,0.687191,0.391903,0.109978,0.671472,0.397599,-0.132609,0.692463,0.491394,0.149898,0.696558,0.484192,-0.163448,0.700565,0.584206,0.095209,0.732556,0.538938,-0.157568,0.69985,0.606025,0.093,0.738276,0.562196,-0.181271,0.702896,0.60363,0.071913,0.741567,0.561675,-0.176392,0.703004,0.594598,0.085305,0.739785,0.555153,-0.154772,0.695527,0.572141,0.073013,0.678138,0.576254,-0.073082,0.720955,0.70159,0.05122,0.700831,0.708415,-0.105059,0.670121,0.78922,0.131715,0.675183,0.840953,-0.060538,0.655529,0.791105,0.138034,0.663028,0.862635,-0.057112,0.679802,0.834205,0.114269,0.707378,0.870723,-0.106855
Zara_Lat_1_3.9.26,250,1406.29,582.21,0,1407.84,577.77,0.9729,1406.29,582.21,0.9953,0.706523,0.326747,-0.038887,0.70203,0.315431,-0.027605,0.701128,0.315082,-0.027761,0.700257,0.314841,-0.027694,0.701499,0.316028,-0.053509,0.700264,0.316085,-0.053722,0.698918,0.316176,-0.053788,0.691496,0.319612,0.030749,0.689796,0.320567,-0.086044,0.702826,0.340285,-0.01339,0.702605,0.340074,-0.048439,0.687098,0.392695,0.108431,0.671023,0.397967,-0.136569,0.692393,0.492135,0.148517,0.69643,0.484871,-0.163642,0.700857,0.586449,0.089049,0.73244,0.539081,-0.15757,0.699928,0.60833,0.086212,0.738155,0.562317,-0.181285,0.703397,0.605954,0.064253,0.741443,0.56185,-0.176409,0.703392,0.596896,0.078695,0.739656,0.555381,-0.154779,0.695481,0.572458,0.073071,0.677904,0.576442,-0.073137,0.720472,0.702236,0.053461,0.700283,0.708266,-0.110973,0.670074,0.789632,0.133777,0.67511,0.840853,-0.058582,0.655477,0.791497,0.142121,0.663023,0.862454,-0.054648,0.680018,0.83459,0.116368,0.707382,0.870969,-0.104848
Zara_Lat_1_3.9.26,251,1396.0,575.0,0,1407.2,577.19,0.9714,1406.15,582.29,0.9954,0.706059,0.326755,-0.032326,0.70163,0.315467,-0.021154,0.700775,0.315132,-0.021302,0.699944,0.314907,-0.021236,0.70105,0.316048,-0.046756,0.69981,0.316109,-0.046974,0.698455,0.316205,-0.04704,0.691274,0.319771,0.035752,0.689331,0.320679,-0.080009,0.702383,0.340273,-0.007228,0.702157,0.340057,-0.041887,0.686942,0.392651,0.111167,0.670339,0.398085,-0.130657,0.691782,0.491845,0.151187,0.69623,0.485029,-0.159126,0.699435,0.585207,0.094715,0.732372,0.539154,-0.149303,0.699044,0.607004,0.092505,0.738095,0.562363,-0.172067,0.702077,0.60456,0.071677,0.741381,0.561903,-0.16709,0.702062,0.595524,0.084875,0.739567,0.555479,-0.146346,0.69545,0.572667,0.072353,0.677407,0.576482,-0.072423,0.720315,0.702613,0.046482,0.698827,0.708157,-0.110392,0.669977,0.789638,0.127833,0.675068,0.841206,-0.066401,0.655423,0.791551,0.135159,0.662731,0.86265,-0.063015,0.679248,0.835121,0.112307,0.707386,0.871295,-0.112229
Zara_Lat_1_3.9.26,252,1394.0,579.0,0,1407.04,577.56,0.9674,1406.09,582.84,0.9952,0.705934,0.326819,-0.035391,0.701416,0.315508,-0.024338,0.700552,0.31518,-0.024489,0.699695,0.314965,-0.024424,0.700852,0.316065,-0.049685,0.699615,0.316128,-0.049909,0.698231,0.316233,-0.049976,0.691018,0.319929,0.033714,0.689082,0.3208,-0.080688,0.702256,0.340455,-0.009809,0.702021,0.340263,-0.044161,0.686892,0.393185,0.1098,0.669778,0.398241,-0.1319,0.691745,0.491579,0.147938,0.695664,0.485754,-0.160467,0.699465,0.578196,0.086408,0.732338,0.539668,-0.15052,0.699305,0.598369,0.082481,0.738032,0.562963,-0.173465,0.702238,0.595526,0.062479,0.741321,0.562598,-0.168319,0.702263,0.586676,0.076651,0.739525,0.55618,-0.14756,0.695424,0.572815,0.072,0.676939,0.576586,-0.072069,0.719868,0.703591,0.048638,0.697808,0.708424,-0.109941,0.66967,0.789894,0.132468,0.674828,0.842299,-0.063688,0.65537,0.792001,0.139456,0.662366,0.863082,-0.060097,0.679335,0.835754,0.115776,0.70735,0.871656,-0.111918
Zara_Lat_1_3.9.26,253,1394.0,579.0,0,1405.87,576.94,0.9663,1406.02,582.96,0.9951,0.7056,0.327144,-0.035333,0.701034,0.315878,-0.024322,0.700157,0.315559,-0.024473,0.699287,0.31535,-0.024408,0.700534,0.316382,-0.049691,0.699343,0.316423,-0.049914,0.698016,0.316497,-0.049982,0.690687,0.320212,0.033199,0.688981,0.320984,-0.081628,0.702052,0.340877,-0.009814,0.701818,0.340661,-0.044202,0.686734,0.39358,0.109711,0.66902,0.398626,-0.132584,0.690744,0.4917,0.149001,0.694608,0.48617,-0.161558,0.698288,0.579095,0.088181,0.732301,0.539777,-0.151341,0.698706,0.600058,0.083903,0.737979,0.563114,-0.174382,0.701488,0.597276,0.064643,0.741275,0.562741,-0.169353,0.70125,0.588018,0.078666,0.739511,0.556406,-0.148404,0.695223,0.573034,0.071949,0.67629,0.57675,-0.07202,0.719455,0.704044,0.04555,0.697042,0.708425,-0.109722,0.669498,0.789776,0.135028,0.674721,0.842663,-0.061406,0.655226,0.791982,0.141429,0.66213,0.864096,-0.057774,0.678401,0.835724,0.116589,0.707351,0.872047,-0.108632
Zara_Lat_1_3.9.26,254,1394.0,579.0,0,1402.58,577.56,0.9767,1405.94,583.49,0.9951,0.705162,0.327126,-0.040573,0.700481,0.315837,-0.028753,0.699608,0.315518,-0.028903,0.698742,0.315311,-0.028833,0.699986,0.316335,-0.054559,0.698797,0.316378,-0.054787,0.697484,0.316457,-0.054858,0.690227,0.320204,0.031955,0.688562,0.320995,-0.084573,0.701708,0.340862,-0.013954,0.701441,0.340659,-0.048914,0.686682,0.393541,0.10955,0.668669,0.398824,-0.133708,0.690506,0.491555,0.149036,0.694373,0.486736,-0.162296,0.697695,0.577782,0.087157,0.732261,0.540271,-0.151568,0.698425,0.598909,0.082863,0.737956,0.563753,-0.174702,0.701055,0.596039,0.063111,0.741231,0.563428,-0.170044,0.700676,0.586604,0.077436,0.739363,0.557027,-0.148774,0.694998,0.573003,0.072152,0.675677,0.576725,-0.07222,0.718915,0.703795,0.048518,0.696247,0.708345,-0.115312,0.66936,0.790165,0.136579,0.674241,0.843052,-0.065426,0.655121,0.79245,0.143097,0.661954,0.864749,-0.061703,0.679092,0.836031,0.117317,0.70729,0.872082,-0.117484
Zara_Lat_1_3.9.26,255,1394.0,579.0,0,1401.79,577.83,0.9769,1404.33,583.51,0.9952,0.704444,0.327971,-0.042889,0.7,0.3168,-0.031805,0.699146,0.316419,-0.031955,0.698307,0.316137,-0.031889,0.699554,0.31729,-0.057424,0.698423,0.317259,-0.057646,0.697191,0.317236,-0.057712,0.689971,0.320632,0.027311,0.68844,0.32137,-0.088449,0.701129,0.341453,-0.016765,0.700943,0.341256,-0.051461,0.686283,0.393673,0.10775,0.668164,0.399114,-0.136412,0.69048,0.491417,0.146533,0.693141,0.486726,-0.166495,0.697806,0.577191,0.081669,0.73142,0.540291,-0.158593,0.699075,0.598198,0.077111,0.737145,0.563792,-0.181974,0.70162,0.595334,0.056623,0.740498,0.563405,-0.178489,0.700814,0.585992,0.07155,0.73868,0.557034,-0.156212,0.694309,0.573113,0.072157,0.6753,0.576715,-0.072225,0.717751,0.703737,0.048252,0.695137,0.708277,-0.112724,0.669121,0.790832,0.131562,0.674157,0.844775,-0.063841,0.654967,0.792609,0.137777,0.661953,0.8658,-0.060257,0.67947,0.837549,0.109149,0.707169,0.872364,-0.116035
Zara_Lat_1_3.9.26,256,1394.0,581.0,0,1401.13,577.26,0.9783,1403.46,583.85,0.9952,0.7037,0.327955,-0.03279,0.699249,0.316837,-0.021209,0.698336,0.316481,-0.021357,0.697414,0.31621,-0.021284,0.698911,0.317326,-0.047819,0.697811,0.317328,-0.048044,0.696615,0.317324,-0.048111,0.689245,0.320768,0.036839,0.688085,0.321437,-0.083376,0.700384,0.341544,-0.007155,0.700234,0.34135,-0.043196,0.685431,0.393887,0.115863,0.66748,0.39923,-0.135168,0.689148,0.492961,0.15589,0.692072,0.486813,-0.163924,0.696089,0.581562,0.090926,0.73097,0.540605,-0.152355,0.697117,0.602699,0.086999,0.736972,0.564186,-0.175622,0.699768,0.599549,0.066465,0.740224,0.563761,-0.171337,0.699205,0.590073,0.08079,0.738324,0.557402,-0.149452,0.693818,0.573082,0.072758,0.674718,0.576688,-0.072829,0.717557,0.703511,0.050031,0.694656,0.708207,-0.111971,0.668672,0.790949,0.130386,0.673649,0.844722,-0.066142,0.654337,0.792921,0.136452,0.661609,0.866504,-0.062678,0.679376,0.837458,0.108621,0.707065,0.872509,-0.117204
Zara_Lat_1_3.9.26,257,1394.0,581.0,0,1400.08,576.92,0.9797,1402.78,584.24,0.9954,0.703379,0.328208,-0.037095,0.698824,0.317019,-0.025695,0.697898,0.316692,-0.025846,0.696985,0.316445,-0.025776,0.698484,0.317493,-0.051897,0.697368,0.317525,-0.052118,0.696191,0.317549,-0.05218,0.688833,0.321049,0.032485,0.68767,0.321774,-0.086331,0.699976,0.341931,-0.011484,0.69979,0.341691,-0.046983,0.685124,0.394161,0.112185,0.666847,0.399493,-0.137355,0.689093,0.493878,0.152251,0.691697,0.486974,-0.164802,0.696449,0.588713,0.086936,0.730617,0.540966,-0.152509,0.697235,0.611508,0.083191,0.736596,0.56456,-0.175749,0.70034,0.608862,0.061822,0.739844,0.56409,-0.171739,0.699237,0.599254,0.076526,0.73793,0.557639,-0.149733,0.693421,0.573195,0.072762,0.674224,0.576696,-0.072833,0.716881,0.70353,0.049779,0.694124,0.708158,-0.113493,0.668433,0.790977,0.130321,0.673485,0.844971,-0.068079,0.65426,0.79303,0.136526,0.66136,0.866996,-0.064597,0.679343,0.837746,0.109352,0.707066,0.872765,-0.118765
Zara_Lat_1_3.9.26,258,1394.0,581.0,0,1398.69,577.18,0.9801,1402.42,584.67,0.9955,0.703067,0.328605,-0.041497,0.698467,0.31726,-0.029883,0.697552,0.316953,-0.030034,0.696671,0.316718,-0.029961,0.698064,0.317717,-0.05569,0.696915,0.317772,-0.055912,0.695723,0.317814,-0.055975,0.688548,0.321354,0.02996,0.687182,0.322067,-0.087562,0.699608,0.342386,-0.015308,0.699346,0.34212,-0.050294,0.684802,0.394769,0.111555,0.666386,0.399943,-0.137904,0.688968,0.494514,0.151976,0.691469,0.487294,-0.164941,0.696848,0.590185,0.087291,0.730428,0.541366,-0.151808,0.697841,0.613218,0.083674,0.736338,0.564969,-0.174638,0.700721,0.610949,0.062383,0.739536,0.564515,-0.170856,0.699776,0.601423,0.076928,0.737652,0.558194,-0.149033,0.692884,0.573519,0.072763,0.673706,0.576842,-0.072835,0.716501,0.703951,0.047305,0.692117,0.708253,-0.113546,0.668272,0.790896,0.129247,0.673303,0.844966,-0.066048,0.654178,0.792998,0.135721,0.66113,0.867078,-0.062631,0.678327,0.837494,0.108775,0.706874,0.872759,-0.115672
Zara_Lat_1_3.9.26,259,1395.0,581.0,0,1397.67,578.65,0.9787,1401.33,585.0,0.9955,0.702221,0.328715,-0.040154,0.697742,0.317505,-0.028691,0.696853,0.317194,-0.028838,0.69602,0.316952,-0.028763,0.697352,0.31795,-0.054525,0.696232,0.317985,-0.054747,0.695102,0.318,-0.054811,0.687987,0.321528,0.030149,0.686638,0.322223,-0.087322,0.698902,0.342597,-0.014306,0.698656,0.342369,-0.049334,0.68411,0.395174,0.111227,0.666026,0.400187,-0.137828,0.688655,0.494912,0.15272,0.691353,0.487418,-0.164111,0.696277,0.589543,0.091518,0.729861,0.541667,-0.147864,0.697443,0.612455,0.088938,0.735668,0.565242,-0.170015,0.700209,0.609977,0.067838,0.738769,0.564784,-0.166009,0.69939,0.600504,0.081387,0.736877,0.558455,-0.144921,0.691944,0.573734,0.072752,0.673001,0.576956,-0.072824,0.716002,0.703758,0.047858,0.691903,0.708213,-0.11242,0.668148,0.790894,0.129728,0.673199,0.845121,-0.064929,0.654072,0.792968,0.136259,0.661077,0.867139,-0.06148,0.677008,0.837285,0.110206,0.706839,0.872876,-0.114314
Zara_Lat_1_3.9.26,260,1386.0,582.0,0,1396.65,581.53,0.9866,1400.4,585.47,0.9956,0.701919,0.328878,-0.040104,0.697289,0.317575,-0.028621,0.696378,0.317285,-0.028768,0.695521,0.31706,-0.028695,0.696919,0.318007,-0.054515,0.695795,0.318058,-0.054736,0.694676,0.318081,-0.054801,0.687471,0.32177,0.03024,0.686246,0.322401,-0.087406,0.698555,0.342758,-0.014279,0.698285,0.342531,-0.049409,0.683841,0.395801,0.111287,0.665595,0.400537,-0.138385,0.688557,0.495515,0.153374,0.690741,0.487925,-0.16535,0.696529,0.590866,0.091519,0.729377,0.542101,-0.150907,0.697868,0.614279,0.088927,0.73504,0.565686,-0.173761,0.700583,0.611812,0.067697,0.73806,0.565242,-0.169905,0.699769,0.602154,0.081372,0.736257,0.558858,-0.147984,0.691557,0.574035,0.072885,0.672317,0.577179,-0.072958,0.715792,0.703827,0.047432,0.691744,0.708325,-0.114206,0.667866,0.790862,0.129939,0.673009,0.845419,-0.06392,0.653773,0.792958,0.136488,0.661003,0.867815,-0.060519,0.676776,0.83789,0.109527,0.706111,0.872954,-0.112816
Zara_Lat_1_3.9.26,261,1395.69,580.33,0,1395.69,580.33,0.9854,1399.53,585.82,0.9955,0.701451,0.329525,-0.035393,0.696973,0.318401,-0.024213,0.696102,0.318102,-0.024362,0.695301,0.317854,-0.024295,0.696535,0.318792,-0.048999,0.695404,0.318796,-0.049218,0.694292,0.318755,-0.049277,0.687279,0.322346,0.032994,0.685896,0.32291,-0.079627,0.698122,0.343515,-0.010218,0.697813,0.343319,-0.043872,0.683443,0.396612,0.111325,0.665175,0.400822,-0.12963,0.68828,0.496247,0.153327,0.690611,0.488282,-0.155887,0.696371,0.590468,0.091181,0.728922,0.542427,-0.142152,0.698049,0.613787,0.088387,0.734565,0.565909,-0.163492,0.700756,0.611346,0.067495,0.737361,0.565475,-0.16049,0.698844,0.600889,0.08115,0.735589,0.559126,-0.139672,0.69114,0.574448,0.072093,0.671667,0.577425,-0.072171,0.715474,0.703834,0.04197,0.69131,0.708712,-0.113492,0.667678,0.790835,0.122473,0.672356,0.845703,-0.067266,0.653656,0.792934,0.129041,0.660737,0.867868,-0.063908,0.676823,0.837775,0.105624,0.705878,0.873043,-0.114649
Zara_Lat_1_3.9.26,262,1395.78,582.23,0,1395.78,582.23,0.9847,1397.81,586.05,0.9952,0.70082,0.330394,-0.030996,0.696524,0.319414,-0.020193,0.695683,0.319105,-0.02034,0.694919,0.318834,-0.020277,0.696073,0.319781,-0.04442,0.694962,0.319756,-0.044639,0.693884,0.31967,-0.044702,0.686939,0.323047,0.035274,0.685521,0.323535,-0.07502,0.697524,0.344323,-0.006484,0.697241,0.344121,-0.039401,0.68282,0.39715,0.111215,0.664424,0.40115,-0.123719,0.688087,0.496014,0.152219,0.689996,0.488573,-0.150947,0.695383,0.589878,0.090211,0.728024,0.542635,-0.139365,0.697071,0.61294,0.086993,0.733755,0.566086,-0.160635,0.699599,0.610418,0.066947,0.736537,0.565661,-0.157321,0.698153,0.600151,0.080493,0.734766,0.559355,-0.13684,0.690602,0.57471,0.070593,0.671088,0.577668,-0.070677,0.71522,0.703785,0.039331,0.691046,0.708713,-0.112923,0.667598,0.790793,0.120385,0.672061,0.845596,-0.068014,0.653541,0.792978,0.127011,0.660629,0.867748,-0.064637,0.676864,0.83857,0.10369,0.705674,0.87329,-0.11539
Zara_Lat_1_3.9.26,263,1396.81,586.41,0,1395.89,583.66,0.9845,1396.81,586.41,0.9952,0.700728,0.330384,-0.044471,0.696272,0.319342,-0.032694,0.695404,0.319045,-0.032849,0.694614,0.318793,-0.032784,0.695775,0.319709,-0.05833,0.694594,0.319693,-0.058552,0.693408,0.319624,-0.058623,0.686372,0.323179,0.026908,0.684621,0.323622,-0.08929,0.697277,0.344393,-0.018421,0.696923,0.344201,-0.05318,0.682611,0.398081,0.107135,0.663869,0.401907,-0.137557,0.687826,0.496997,0.14961,0.689348,0.489438,-0.163741,0.695456,0.590074,0.085879,0.727504,0.542977,-0.153209,0.697111,0.613033,0.082177,0.733313,0.566618,-0.176822,0.699696,0.610231,0.061118,0.736164,0.566248,-0.17334,0.697597,0.599563,0.075723,0.734317,0.559746,-0.150641,0.690108,0.575008,0.071184,0.670581,0.578089,-0.071262,0.714828,0.703766,0.040374,0.691046,0.709027,-0.114812,0.66726,0.790793,0.134585,0.671841,0.845637,-0.06699,0.653314,0.792971,0.142484,0.66052,0.867943,-0.062708,0.676704,0.838429,0.116844,0.705263,0.87336,-0.114924
Zara_Lat_1_3.9.26,264,1395.56,586.99,0,1395.3,584.92,0.9846,1395.56,586.99,0.9951,0.700284,0.330352,-0.043573,0.695836,0.319284,-0.032206,0.694953,0.318991,-0.03236,0.694158,0.318746,-0.032297,0.695359,0.319664,-0.057667,0.694177,0.319662,-0.057887,0.693006,0.319615,-0.057956,0.685847,0.323208,0.025832,0.684225,0.323752,-0.089277,0.696784,0.344417,-0.018001,0.696471,0.344229,-0.052511,0.68225,0.398306,0.104032,0.663323,0.402413,-0.137545,0.687589,0.496788,0.144358,0.689092,0.489818,-0.163355,0.69553,0.587249,0.081172,0.726854,0.543508,-0.152475,0.697167,0.609989,0.077118,0.732619,0.567213,-0.175714,0.699638,0.607042,0.056778,0.73549,0.566788,-0.172698,0.69789,0.596911,0.071296,0.73365,0.560201,-0.15008,0.689884,0.575289,0.070826,0.670143,0.578493,-0.070905,0.713987,0.703803,0.041058,0.690762,0.709311,-0.111305,0.667232,0.790719,0.140926,0.671697,0.847129,-0.05558,0.653302,0.792956,0.149098,0.660376,0.86831,-0.050815,0.67625,0.838488,0.12439,0.704814,0.873802,-0.103087
Zara_Lat_1_3.9.26,265,1395.06,587.62,0,1393.91,585.98,0.984,1395.06,587.62,0.995,0.699622,0.330707,-0.044226,0.695093,0.319565,-0.032452,0.694243,0.319305,-0.032605,0.693471,0.319085,-0.032537,0.694482,0.319929,-0.057997,0.693233,0.319977,-0.058218,0.691988,0.319975,-0.058287,0.685255,0.323767,0.026054,0.683275,0.324308,-0.089074,0.696194,0.344735,-0.01815,0.695763,0.344572,-0.052759,0.681912,0.398713,0.104651,0.662994,0.403204,-0.137513,0.687087,0.497755,0.144774,0.688592,0.490828,-0.163381,0.6914,0.586663,0.082367,0.726593,0.544088,-0.152478,0.693954,0.607423,0.07858,0.732397,0.567912,-0.175713,0.697371,0.606742,0.058069,0.735187,0.567464,-0.172637,0.696151,0.596553,0.072436,0.733282,0.560769,-0.150074,0.689281,0.575617,0.070885,0.669479,0.578762,-0.070963,0.713833,0.703901,0.042941,0.690464,0.709495,-0.113309,0.667049,0.790695,0.137731,0.671521,0.846966,-0.059265,0.653013,0.793209,0.145432,0.660335,0.868205,-0.054761,0.676231,0.838543,0.118851,0.704526,0.873942,-0.108947
Zara_Lat_1_3.9.26,266,1393.88,587.99,0,1394.14,586.33,0.983,1393.88,587.99,0.9951,0.699586,0.330814,-0.0473,0.694959,0.319606,-0.036294,0.694099,0.31935,-0.036447,0.693317,0.319147,-0.036385,0.694391,0.319982,-0.061538,0.693168,0.320044,-0.061758,0.691938,0.320076,-0.061825,0.685069,0.323923,0.02064,0.683233,0.324617,-0.093423,0.696099,0.344986,-0.021882,0.695693,0.344834,-0.056101,0.681812,0.399452,0.099476,0.662473,0.40363,-0.140293,0.686846,0.497572,0.141072,0.688069,0.491262,-0.165594,0.691984,0.586404,0.081325,0.725981,0.544439,-0.154616,0.694272,0.607397,0.07775,0.73171,0.56821,-0.177665,0.697405,0.606393,0.057164,0.734625,0.567721,-0.174799,0.696312,0.596302,0.071421,0.732721,0.561054,-0.152343,0.688729,0.575959,0.070886,0.669019,0.579099,-0.070963,0.71287,0.703855,0.044103,0.689823,0.709897,-0.113173,0.667006,0.790684,0.137745,0.671366,0.848435,-0.059395,0.652789,0.793399,0.145354,0.660102,0.86961,-0.055023,0.676092,0.838844,0.119147,0.70455,0.874091,-0.109468
Zara_Lat_1_3.9.26,267,1393.73,588.76,0,1392.25,587.07,0.9835,1393.73,588.76,0.9951,0.699693,0.330769,-0.05889,0.694993,0.319562,-0.047195,0.694095,0.319302,-0.047357,0.693247,0.319103,-0.04729,0.694469,0.319948,-0.073191,0.693243,0.320002,-0.073414,0.691982,0.320038,-0.073486,0.684784,0.323978,0.013132,0.683129,0.324658,-0.104534,0.696145,0.345065,-0.032389,0.695722,0.344863,-0.067617,0.681654,0.399724,0.093992,0.662104,0.404126,-0.149323,0.68611,0.498461,0.135219,0.687421,0.492258,-0.17276,0.688794,0.583518,0.071643,0.725902,0.545152,-0.159507,0.691916,0.605848,0.06735,0.731637,0.568822,-0.182918,0.695593,0.606245,0.046698,0.73446,0.568329,-0.180095,0.694744,0.596071,0.061656,0.732557,0.561634,-0.157162,0.688319,0.576287,0.070915,0.668505,0.579407,-0.070991,0.712705,0.704226,0.050599,0.689422,0.709945,-0.11283,0.667011,0.790761,0.142359,0.67135,0.848243,-0.057999,0.652676,0.793631,0.149547,0.660017,0.869638,-0.053742,0.67636,0.839135,0.121399,0.704433,0.874861,-0.109341
Zara_Lat_1_3.9.26,268,1392.09,589.23,0,1391.03,586.3,0.984,1392.09,589.23,0.9951,0.699526,0.331865,-0.058499,0.694832,0.320277,-0.046081,0.693892,0.31998,-0.046246,0.693001,0.319759,-0.046178,0.694391,0.32068,-0.072136,0.693187,0.320719,-0.072353,0.691961,0.320751,-0.072415,0.684451,0.32442,0.015769,0.683096,0.325133,-0.101382,0.695832,0.345967,-0.031297,0.695488,0.345697,-0.066491,0.680457,0.399602,0.096101,0.661819,0.404178,-0.147294,0.684328,0.498266,0.136438,0.686966,0.492581,-0.171815,0.688273,0.58437,0.079336,0.725048,0.545586,-0.159332,0.690141,0.607243,0.07695,0.730979,0.569145,-0.182726,0.693191,0.606635,0.05741,0.733842,0.568647,-0.179787,0.692701,0.596538,0.070114,0.731839,0.561981,-0.157086,0.687425,0.576375,0.07095,0.668154,0.579641,-0.071027,0.712345,0.704176,0.050616,0.688924,0.710258,-0.113132,0.66698,0.790868,0.141977,0.671282,0.848463,-0.064381,0.652601,0.793899,0.149154,0.659929,0.870073,-0.060802,0.676579,0.839259,0.121356,0.704429,0.874963,-0.116246
Zara_Lat_1_3.9.26,269,1391.35,589.83,0,1390.19,587.0,0.9834,1391.35,589.83,0.9953,0.698536,0.332235,-0.054913,0.693979,0.320597,-0.043027,0.693111,0.320307,-0.043184,0.692297,0.320074,-0.043114,0.693406,0.320999,-0.068921,0.692166,0.321063,-0.069141,0.690912,0.321099,-0.069207,0.683808,0.324857,0.01747,0.682015,0.325566,-0.09946,0.694956,0.346303,-0.028288,0.694508,0.34609,-0.063331,0.679879,0.399827,0.096258,0.66163,0.404429,-0.146488,0.684031,0.498788,0.141044,0.686526,0.493027,-0.172367,0.687805,0.585018,0.084502,0.724661,0.546135,-0.162396,0.688941,0.607946,0.082015,0.730639,0.569635,-0.186591,0.69025,0.605247,0.061861,0.7335,0.569146,-0.18292,0.690284,0.595546,0.075013,0.731423,0.562423,-0.159858,0.686774,0.57647,0.071552,0.667845,0.579767,-0.071625,0.712275,0.704164,0.050626,0.688375,0.710636,-0.113091,0.666677,0.791192,0.139538,0.671188,0.848468,-0.068978,0.652247,0.794277,0.14621,0.659788,0.87011,-0.06605,0.675856,0.839197,0.11705,0.704438,0.875122,-0.124289
Zara_Lat_1_3.9.26,270,1389.94,590.08,0,1388.96,587.87,0.984,1389.94,590.08,0.9954,0.698321,0.332583,-0.054044,0.693634,0.320918,-0.042552,0.692702,0.320654,-0.042711,0.691844,0.320453,-0.042646,0.693127,0.321286,-0.068538,0.691882,0.321359,-0.068754,0.690647,0.321407,-0.068817,0.683221,0.325325,0.018261,0.681742,0.325939,-0.098391,0.694553,0.346767,-0.027932,0.694137,0.346553,-0.063026,0.679004,0.400196,0.097507,0.661278,0.404716,-0.145587,0.682238,0.499314,0.143028,0.686124,0.493036,-0.170766,0.687538,0.585363,0.086891,0.723929,0.546372,-0.158613,0.687581,0.605232,0.084451,0.729863,0.570104,-0.18194,0.688513,0.60434,0.064357,0.732872,0.569528,-0.178533,0.688826,0.59511,0.077397,0.730859,0.562701,-0.156049,0.686396,0.576708,0.071556,0.667559,0.580018,-0.071629,0.711639,0.704062,0.050788,0.687966,0.710799,-0.113383,0.666495,0.791183,0.139321,0.671083,0.849558,-0.06857,0.652052,0.794327,0.145922,0.659653,0.870494,-0.065376,0.675619,0.83914,0.116862,0.704426,0.875115,-0.122111
Zara_Lat_1_3.9.26,271,1389.14,590.66,0,1387.17,587.62,0.984,1389.14,590.66,0.9955,0.698197,0.332654,-0.053423,0.693461,0.321053,-0.042283,0.692492,0.320801,-0.042437,0.691603,0.320617,-0.042369,0.692971,0.321382,-0.068008,0.691713,0.321446,-0.068228,0.690459,0.321493,-0.068295,0.682796,0.325557,0.016961,0.681457,0.326081,-0.099204,0.694442,0.346858,-0.027516,0.694044,0.346648,-0.062346,0.678482,0.40032,0.097219,0.660676,0.405011,-0.146129,0.681853,0.499133,0.142474,0.68566,0.493166,-0.171431,0.687063,0.585354,0.086716,0.723509,0.54691,-0.159418,0.686926,0.603453,0.084226,0.729588,0.57061,-0.182774,0.687807,0.603306,0.064139,0.732511,0.569884,-0.179261,0.688182,0.59433,0.077217,0.730454,0.563039,-0.156807,0.686064,0.576793,0.071567,0.666838,0.580125,-0.07164,0.711472,0.704082,0.049607,0.687723,0.711054,-0.113351,0.666223,0.791198,0.138697,0.671087,0.849719,-0.067641,0.651832,0.794366,0.145448,0.659655,0.87108,-0.06433,0.675483,0.839206,0.116345,0.704333,0.875126,-0.120051
Zara_Lat_1_3.9.26,272,1387.86,590.85,0,1386.34,587.38,0.9843,1387.86,590.85,0.9955,0.697995,0.332718,-0.051731,0.69319,0.321122,-0.040632,0.692202,0.320882,-0.040786,0.691307,0.320716,-0.040719,0.692705,0.321432,-0.066507,0.691434,0.321496,-0.066725,0.690174,0.321549,-0.066791,0.682418,0.325733,0.018061,0.681096,0.326187,-0.098933,0.694237,0.346934,-0.025982,0.693846,0.346728,-0.061027,0.677993,0.400286,0.097999,0.660275,0.405111,-0.143848,0.681661,0.499108,0.141873,0.6852,0.493157,-0.169266,0.687623,0.584352,0.086335,0.722844,0.547081,-0.158279,0.687982,0.603348,0.083778,0.72883,0.570875,-0.181236,0.689281,0.602923,0.06391,0.73189,0.570138,-0.177907,0.68936,0.593858,0.076905,0.729889,0.563216,-0.155753,0.685754,0.576866,0.071241,0.666468,0.580173,-0.071312,0.710933,0.703955,0.049659,0.687379,0.711025,-0.115672,0.666208,0.791224,0.13865,0.671088,0.849734,-0.068995,0.651775,0.79457,0.14547,0.659601,0.871093,-0.065492,0.676132,0.839487,0.117122,0.704299,0.875157,-0.121128
Zara_Lat_1_3.9.26,273,1387.16,590.8,0,1384.5,586.86,0.9848,1387.16,590.8,0.9955,0.697792,0.33306,-0.053985,0.692959,0.321249,-0.042645,0.691955,0.321048,-0.042798,0.691043,0.320923,-0.042726,0.692475,0.321527,-0.068666,0.69118,0.321616,-0.06889,0.689886,0.3217,-0.068961,0.682084,0.325925,0.017081,0.680699,0.326298,-0.100854,0.693842,0.347388,-0.027637,0.693422,0.347178,-0.062932,0.677491,0.400238,0.098475,0.659555,0.405167,-0.147082,0.680245,0.499598,0.142166,0.684666,0.493371,-0.171712,0.684275,0.580701,0.085621,0.722479,0.54704,-0.158369,0.684336,0.601434,0.082759,0.728531,0.570805,-0.181404,0.687418,0.601901,0.062836,0.731471,0.570087,-0.177843,0.687722,0.593179,0.076105,0.729434,0.563203,-0.155709,0.685257,0.576862,0.071779,0.666025,0.580171,-0.071855,0.710836,0.703921,0.051735,0.687122,0.711059,-0.114419,0.666117,0.791696,0.143576,0.671093,0.849616,-0.063865,0.651674,0.795389,0.150909,0.659579,0.870995,-0.059935,0.675182,0.839682,0.123539,0.704158,0.875301,-0.11681
Zara_Lat_1_3.9.26,274,1386.02,590.88,0,1384.17,587.57,0.9853,1386.02,590.88,0.9954,0.696598,0.33341,-0.052815,0.692015,0.321598,-0.04145,0.691067,0.321394,-0.041602,0.690211,0.32125,-0.041532,0.691434,0.321848,-0.067708,0.690124,0.321917,-0.067929,0.68882,0.321966,-0.067995,0.68123,0.32619,0.017927,0.679498,0.326544,-0.100159,0.69267,0.347726,-0.026577,0.692207,0.347519,-0.062196,0.677108,0.400445,0.09888,0.658924,0.40536,-0.144806,0.680343,0.499489,0.141702,0.684088,0.493401,-0.168327,0.683156,0.577843,0.08488,0.721884,0.54711,-0.154316,0.684502,0.600026,0.081962,0.72803,0.570884,-0.176523,0.686498,0.600936,0.062361,0.730913,0.5702,-0.17324,0.686873,0.592257,0.075503,0.728821,0.563238,-0.151718,0.684993,0.576849,0.071568,0.665641,0.58016,-0.071643,0.710374,0.70389,0.052095,0.68694,0.711082,-0.113816,0.665809,0.79173,0.142083,0.671044,0.850248,-0.067421,0.65144,0.795683,0.148902,0.659404,0.871224,-0.064391,0.675411,0.839642,0.121319,0.704127,0.875319,-0.121548
Zara_Lat_1_3.9.26,275,1385.25,591.03,0,1383.57,587.5,0.986,1385.25,591.03,0.9953,0.695864,0.333617,-0.051177,0.6913,0.321791,-0.040098,0.690342,0.321572,-0.040244,0.689464,0.321408,-0.040172,0.690783,0.322058,-0.06649,0.689514,0.322118,-0.066712,0.688262,0.322144,-0.066781,0.680325,0.326304,0.018465,0.678829,0.326714,-0.099702,0.692005,0.347905,-0.025178,0.69158,0.347698,-0.061002,0.675654,0.400569,0.098979,0.65841,0.405476,-0.144732,0.680247,0.499417,0.141873,0.683679,0.493566,-0.16755,0.684148,0.5779,0.083436,0.721486,0.54725,-0.151498,0.685456,0.600084,0.080237,0.72758,0.571188,-0.173488,0.68621,0.596869,0.06074,0.730511,0.57053,-0.169968,0.687662,0.59208,0.073993,0.728424,0.563597,-0.148739,0.684809,0.57691,0.071568,0.665437,0.580214,-0.071644,0.710047,0.70388,0.053246,0.68649,0.711574,-0.11321,0.66572,0.791706,0.143397,0.671022,0.850712,-0.064557,0.651422,0.795689,0.150479,0.659261,0.871226,-0.061061,0.675145,0.83971,0.124091,0.70405,0.875477,-0.117258
Zara_Lat_1_3.9.26,276,1383.93,591.02,0,1383.43,587.88,0.9871,1383.93,591.02,0.9953,0.695592,0.333574,-0.033583,0.690788,0.321771,-0.022362,0.68976,0.321564,-0.022508,0.688811,0.321389,-0.022439,0.690411,0.322034,-0.048729,0.689165,0.322106,-0.048951,0.687932,0.322132,-0.049018,0.679697,0.326297,0.034031,0.678578,0.326739,-0.08513,0.691712,0.347897,-0.008618,0.691354,0.347679,-0.044372,0.675648,0.400835,0.110794,0.658227,0.405433,-0.135721,0.680299,0.49969,0.15268,0.68286,0.493554,-0.160261,0.684655,0.584213,0.092061,0.720799,0.547239,-0.144243,0.686756,0.606274,0.089354,0.727041,0.571157,-0.165869,0.688783,0.603354,0.068461,0.730042,0.570495,-0.162148,0.68904,0.596469,0.081962,0.727957,0.563596,-0.141426,0.684765,0.577031,0.071609,0.665155,0.580211,-0.071685,0.710004,0.704584,0.045252,0.686092,0.711552,-0.114705,0.665435,0.791765,0.127582,0.670787,0.850555,-0.069658,0.651095,0.795704,0.134172,0.659162,0.871163,-0.066293,0.674926,0.839966,0.108368,0.703848,0.875492,-0.120709
Zara_Lat_1_3.9.26,277,1381.67,587.35,0,1381.67,587.35,0.9859,1383.34,591.02,0.9951,0.695367,0.333507,-0.034673,0.690594,0.321744,-0.023256,0.689549,0.321533,-0.023404,0.68858,0.321363,-0.023335,0.690197,0.322006,-0.049576,0.688926,0.322068,-0.0498,0.687625,0.322096,-0.049868,0.679285,0.326275,0.033471,0.678123,0.326726,-0.085231,0.691444,0.347858,-0.009388,0.691092,0.347641,-0.045098,0.67559,0.40082,0.108093,0.657526,0.405509,-0.136064,0.679936,0.499605,0.146896,0.682597,0.493783,-0.159413,0.68535,0.584798,0.084695,0.720492,0.547243,-0.140044,0.686153,0.604714,0.081494,0.72678,0.571161,-0.161051,0.689041,0.603209,0.061324,0.729795,0.570513,-0.157488,0.689258,0.595579,0.074891,0.7277,0.563577,-0.137199,0.684567,0.577043,0.071171,0.664751,0.580215,-0.07125,0.709475,0.704615,0.045981,0.684494,0.711555,-0.112501,0.665374,0.791787,0.130904,0.670672,0.8505,-0.058458,0.650969,0.795734,0.138378,0.659134,0.871244,-0.053917,0.67497,0.840189,0.114824,0.703699,0.875548,-0.105553
Zara_Lat_1_3.9.26,278,1380.73,587.56,0,1380.73,587.56,0.9865,1383.04,591.08,0.9952,0.694606,0.333536,-0.035518,0.689543,0.321739,-0.024304,0.688466,0.321531,-0.024453,0.687458,0.321371,-0.024386,0.689345,0.322022,-0.050348,0.688173,0.322105,-0.050568,0.68701,0.322153,-0.050636,0.678466,0.326284,0.032112,0.677727,0.326791,-0.085645,0.690713,0.347944,-0.010441,0.690456,0.347708,-0.045788,0.674292,0.400791,0.10799,0.65668,0.405846,-0.13632,0.678559,0.49931,0.149369,0.682412,0.49388,-0.160083,0.684116,0.571582,0.088197,0.720333,0.547301,-0.141204,0.686321,0.60122,0.084984,0.726648,0.571157,-0.162355,0.688428,0.595569,0.064699,0.729554,0.570537,-0.15838,0.688839,0.585802,0.078337,0.727412,0.563591,-0.138287,0.684401,0.577053,0.071243,0.664528,0.580221,-0.071324,0.709234,0.704583,0.045211,0.684467,0.711521,-0.113161,0.665214,0.79209,0.130121,0.67057,0.850434,-0.064229,0.650873,0.795868,0.137293,0.659086,0.871202,-0.060542,0.674817,0.84,0.111733,0.703698,0.875833,-0.116044
Zara_Lat_1_3.9.26,279,1380.58,588.72,0,1380.58,588.72,0.9864,1382.63,591.07,0.9952,0.694206,0.33352,-0.035973,0.689267,0.321622,-0.024938,0.688128,0.32143,-0.025083,0.687075,0.321288,-0.025016,0.689113,0.3219,-0.050532,0.68791,0.322001,-0.050751,0.686716,0.322074,-0.050815,0.677926,0.326285,0.0315,0.677381,0.326802,-0.087131,0.690349,0.347913,-0.010798,0.690156,0.347677,-0.046148,0.674469,0.401257,0.107867,0.656198,0.406076,-0.137636,0.678871,0.499576,0.149296,0.681851,0.494031,-0.160719,0.684682,0.576433,0.086261,0.720122,0.547284,-0.141969,0.686663,0.601071,0.082806,0.726345,0.571142,-0.163434,0.688868,0.595796,0.061977,0.729171,0.570518,-0.160423,0.689125,0.58607,0.076138,0.727091,0.563586,-0.139375,0.684215,0.577167,0.071264,0.664073,0.580275,-0.071344,0.709093,0.704565,0.047262,0.684518,0.711538,-0.113191,0.665152,0.792098,0.1393,0.670374,0.850362,-0.061087,0.650865,0.795857,0.147031,0.658934,0.871184,-0.056741,0.674849,0.840076,0.121684,0.70353,0.875858,-0.111155
Zara_Lat_1_3.9.26,280,1379.86,588.22,0,1379.86,588.22,0.9862,1381.09,591.08,0.9952,0.693979,0.333495,-0.035424,0.689002,0.321611,-0.02407,0.687865,0.321432,-0.024216,0.686795,0.321315,-0.024148,0.688789,0.321889,-0.049914,0.687557,0.322,-0.050138,0.686309,0.32209,-0.050206,0.677544,0.3265,0.033742,0.676868,0.326958,-0.084997,0.690207,0.347887,-0.00988,0.689984,0.347649,-0.045275,0.674342,0.401517,0.110677,0.655601,0.406076,-0.134441,0.678677,0.499682,0.153896,0.681071,0.494131,-0.15829,0.685192,0.577643,0.093648,0.719319,0.5473,-0.141902,0.687028,0.601567,0.090624,0.72569,0.571117,-0.163742,0.689173,0.596469,0.069835,0.728506,0.570502,-0.160187,0.689398,0.586801,0.083579,0.726392,0.563568,-0.139151,0.684211,0.577284,0.071265,0.66375,0.580302,-0.071344,0.708661,0.704899,0.044269,0.68321,0.711568,-0.114536,0.66488,0.792116,0.138425,0.670365,0.850522,-0.061129,0.650612,0.795941,0.146469,0.65893,0.871538,-0.056804,0.674713,0.840836,0.121287,0.703475,0.876033,-0.111212
Zara_Lat_1_3.9.26,281,1378.92,587.86,0,1378.92,587.86,0.9867,1380.36,591.14,0.995,0.693437,0.333472,-0.033814,0.68845,0.321636,-0.02267,0.687332,0.321467,-0.022816,0.686269,0.32137,-0.022751,0.688192,0.321915,-0.047932,0.686954,0.322033,-0.048155,0.68569,0.322136,-0.048224,0.67695,0.326641,0.034207,0.676208,0.327042,-0.080977,0.689755,0.34788,-0.008637,0.689518,0.347632,-0.04309,0.673754,0.401515,0.110066,0.654867,0.406125,-0.127745,0.678264,0.499186,0.153116,0.680682,0.494165,-0.15143,0.684924,0.576666,0.09159,0.71894,0.547347,-0.137314,0.685153,0.595518,0.087832,0.725342,0.571121,-0.158536,0.686611,0.59295,0.068462,0.728147,0.570516,-0.155521,0.688692,0.585876,0.082038,0.726057,0.563567,-0.134815,0.68383,0.577316,0.069994,0.663332,0.5803,-0.070075,0.708292,0.704874,0.038844,0.6822,0.711528,-0.114589,0.66447,0.792425,0.125733,0.67016,0.850497,-0.067249,0.650507,0.796241,0.132847,0.658878,0.871504,-0.063867,0.674736,0.840805,0.107365,0.703413,0.876129,-0.118847
Zara_Lat_1_3.9.26,282,1379.07,588.28,0,1379.07,588.28,0.9867,1379.75,591.13,0.9951,0.692902,0.333455,-0.034148,0.688207,0.321638,-0.022809,0.687115,0.321463,-0.022955,0.686079,0.321362,-0.022891,0.687906,0.321926,-0.048099,0.68667,0.322045,-0.048321,0.685419,0.322147,-0.048391,0.676808,0.326628,0.032927,0.676133,0.327038,-0.082597,0.68928,0.347857,-0.008697,0.689047,0.347608,-0.043204,0.67359,0.401517,0.109072,0.654809,0.406133,-0.129645,0.678407,0.498671,0.151809,0.680574,0.494143,-0.153091,0.685381,0.576813,0.089865,0.718618,0.547342,-0.138794,0.685641,0.595897,0.086241,0.724889,0.571106,-0.160488,0.686997,0.592474,0.065928,0.727716,0.570503,-0.157068,0.689337,0.585977,0.079957,0.725712,0.563559,-0.136233,0.68371,0.577363,0.070006,0.663242,0.580348,-0.070087,0.708049,0.704856,0.040484,0.68173,0.711679,-0.114261,0.664423,0.79242,0.128365,0.670054,0.851199,-0.063988,0.650427,0.796232,0.136049,0.658744,0.872266,-0.06012,0.674132,0.841003,0.109268,0.703275,0.87613,-0.115186
Zara_Lat_1_3.9.26,283,1378.61,587.73,0,1378.61,587.73,0.9875,1379.49,591.13,0.9952,0.692456,0.334104,-0.034505,0.687643,0.322088,-0.023206,0.686578,0.32197,-0.023352,0.685558,0.321918,-0.023284,0.687309,0.322332,-0.048514,0.686082,0.32247,-0.048739,0.684843,0.322583,-0.04881,0.676452,0.327269,0.033696,0.675566,0.327457,-0.081414,0.688871,0.348433,-0.008904,0.688601,0.34808,-0.043356,0.673393,0.401566,0.110507,0.65434,0.406177,-0.128596,0.676536,0.498605,0.152019,0.680022,0.494166,-0.15198,0.682764,0.570381,0.090226,0.718483,0.547338,-0.137431,0.683953,0.5929,0.086583,0.724852,0.571094,-0.159171,0.685113,0.590855,0.066571,0.727711,0.570492,-0.155536,0.686495,0.582786,0.080452,0.725711,0.563547,-0.134679,0.683346,0.577476,0.070024,0.662909,0.580397,-0.070105,0.70796,0.704851,0.037589,0.681284,0.711762,-0.114463,0.663891,0.792816,0.124574,0.669771,0.851159,-0.071766,0.649989,0.79674,0.131918,0.658658,0.872237,-0.068874,0.674138,0.840986,0.1062,0.703092,0.876129,-0.124561
Zara_Lat_1_3.9.26,284,1378.26,587.35,0,1378.26,587.35,0.9875,1379.18,591.24,0.9953,0.692223,0.333874,-0.045011,0.687445,0.321994,-0.034091,0.686336,0.321864,-0.034235,0.685275,0.321812,-0.034166,0.687135,0.322272,-0.059932,0.68588,0.322416,-0.060155,0.684601,0.322539,-0.060223,0.676027,0.327186,0.023934,0.675243,0.327421,-0.093472,0.688532,0.348181,-0.018953,0.688299,0.347842,-0.054048,0.673036,0.401552,0.104471,0.654196,0.40635,-0.138948,0.67665,0.497921,0.146781,0.679796,0.494337,-0.162837,0.683215,0.57062,0.083694,0.718323,0.547445,-0.149689,0.684037,0.592704,0.079577,0.724525,0.571191,-0.173113,0.685342,0.590266,0.058783,0.72745,0.570583,-0.169467,0.686884,0.581856,0.073557,0.725464,0.563576,-0.147028,0.682957,0.57749,0.070138,0.662749,0.580431,-0.070218,0.707642,0.704934,0.045736,0.680969,0.712035,-0.111307,0.663588,0.792874,0.143692,0.669712,0.851845,-0.059283,0.64988,0.796769,0.15175,0.658521,0.872684,-0.055487,0.673775,0.841331,0.123567,0.703098,0.876283,-0.114001
Zara_Lat_1_3.9.26,285,1377.31,586.94,0,1377.31,586.94,0.9859,1378.86,591.23,0.9953,0.691785,0.333872,-0.044914,0.686818,0.321978,-0.0339,0.685722,0.321851,-0.034045,0.684681,0.3218,-0.033974,0.686546,0.322256,-0.059819,0.685316,0.322401,-0.060043,0.684065,0.322525,-0.060112,0.675531,0.327167,0.025307,0.674654,0.327409,-0.092435,0.688103,0.348184,-0.018736,0.687808,0.347826,-0.053925,0.672763,0.401534,0.106033,0.653765,0.406413,-0.138025,0.676794,0.498084,0.149545,0.679477,0.494345,-0.162495,0.682104,0.571125,0.088268,0.718156,0.547437,-0.149686,0.683722,0.593231,0.084756,0.724529,0.571179,-0.173067,0.685802,0.590746,0.06395,0.727427,0.570571,-0.169416,0.686822,0.582202,0.078198,0.725378,0.56357,-0.147011,0.682699,0.577486,0.070154,0.662379,0.580368,-0.070234,0.707603,0.70498,0.046475,0.680707,0.712026,-0.10954,0.663472,0.793527,0.143312,0.669561,0.851778,-0.059646,0.649754,0.797174,0.151081,0.658492,0.872654,-0.056205,0.673693,0.841621,0.122314,0.702854,0.876347,-0.114747
Zara_Lat_1_3.9.26,286,1375.17,586.9,0,1375.17,586.9,0.9862,1378.37,591.22,0.9954,0.691,0.333558,-0.044707,0.686071,0.321807,-0.033688,0.684982,0.321698,-0.033833,0.683918,0.321653,-0.033762,0.68586,0.322086,-0.059574,0.684668,0.322254,-0.059797,0.683441,0.322388,-0.059867,0.674638,0.327092,0.025231,0.673898,0.327368,-0.093096,0.687486,0.348098,-0.018609,0.687204,0.347718,-0.053822,0.672339,0.401538,0.105775,0.653672,0.406611,-0.139809,0.676386,0.49908,0.148643,0.6792,0.494469,-0.165585,0.682695,0.572819,0.086928,0.717902,0.54743,-0.153837,0.6839,0.593898,0.083605,0.72445,0.571169,-0.177622,0.686273,0.592423,0.061861,0.727315,0.570563,-0.172986,0.687199,0.586184,0.076482,0.725211,0.563562,-0.150887,0.682346,0.577472,0.070247,0.662165,0.580268,-0.070325,0.70741,0.70514,0.046501,0.680352,0.711923,-0.109323,0.663239,0.793669,0.138928,0.669503,0.852026,-0.059769,0.649533,0.79718,0.146046,0.658457,0.873081,-0.05624,0.67369,0.842722,0.115886,0.702842,0.876387,-0.114067
